global_step,update,phase,episodes,success,lava,ball,timeout,pg_loss,v_loss,entropy,sps,sub_navigate_n,sub_navigate_success,sub_hazard_n,sub_hazard_success,sub_key_door_n,sub_key_door_success,choose_navigate,choose_hazard,choose_key_door,success_under_navigate,lava_under_navigate,ball_under_navigate,timeout_under_navigate,success_under_hazard,lava_under_hazard,ball_under_hazard,timeout_under_hazard,success_under_key_door,lava_under_key_door,ball_under_key_door,timeout_under_key_door
2048,1,1,0,0,0,0,0,-0.00048,0.00015,1.9459,3001,0,0,2,0,0,0,0,0,0,0,0,0,0,0,0,0,0,0,0,0,0
4096,2,1,0,0,0,0,0,-0.00098,0.00156,1.9452,3111,5,0,7,0,5,1,0,0,0,0,0,0,0,0,0,0,0,0,0,0,0
6144,3,1,0,0,0,0,0,-0.00011,0.00024,1.9427,3105,0,0,4,0,1,1,0,0,0,0,0,0,0,0,0,0,0,0,0,0,0
8192,4,1,0,0,0,0,0,-0.00018,0.00011,1.945,2977,4,0,3,0,5,0,0,0,0,0,0,0,0,0,0,0,0,0,0,0,0
10240,5,1,0,0,0,0,0,-0.0003,9e-05,1.9456,3088,6,0,6,1,3,0,0,0,0,0,0,0,0,0,0,0,0,0,0,0,0
12288,6,1,0,0,0,0,0,-7e-05,9e-05,1.9458,3003,1,0,2,0,1,0,0,0,0,0,0,0,0,0,0,0,0,0,0,0,0
14336,7,1,0,0,0,0,0,-5e-05,0.00027,1.9458,2780,4,0,3,0,6,0,0,0,0,0,0,0,0,0,0,0,0,0,0,0,0
16384,8,1,0,0,0,0,0,-2e-05,0.00026,1.9458,2973,7,1,4,0,4,0,0,0,0,0,0,0,0,0,0,0,0,0,0,0,0
18432,9,1,0,0,0,0,0,-5e-05,0.00016,1.9458,2933,1,0,1,0,2,0,0,0,0,0,0,0,0,0,0,0,0,0,0,0,0
20480,10,1,0,0,0,0,0,-0.00021,0.0003,1.9458,2963,3,0,5,0,5,0,0,0,0,0,0,0,0,0,0,0,0,0,0,0,0
22528,11,1,0,0,0,0,0,-0.00075,0.00062,1.9451,2726,7,1,3,0,5,0,0,0,0,0,0,0,0,0,0,0,0,0,0,0,0
24576,12,1,0,0,0,0,0,-6e-05,0.00015,1.9431,2519,3,0,1,0,1,0,0,0,0,0,0,0,0,0,0,0,0,0,0,0,0
26624,13,1,0,0,0,0,0,1e-05,0.00017,1.945,2747,2,0,4,0,6,0,0,0,0,0,0,0,0,0,0,0,0,0,0,0,0
28672,14,1,0,0,0,0,0,-0.00026,0.00014,1.945,2945,5,0,7,0,4,0,0,0,0,0,0,0,0,0,0,0,0,0,0,0,0
30720,15,1,0,0,0,0,0,-0.00125,0.00016,1.9421,2893,3,0,2,0,0,0,0,0,0,0,0,0,0,0,0,0,0,0,0,0,0
32768,16,1,0,0,0,0,0,-0.00022,0.00026,1.9348,2739,2,1,5,0,6,0,0,0,0,0,0,0,0,0,0,0,0,0,0,0,0
34816,17,1,0,0,0,0,0,9e-05,0.0001,1.937,2405,6,0,7,0,3,0,0,0,0,0,0,0,0,0,0,0,0,0,0,0,0
36864,18,1,0,0,0,0,0,-0.00096,0.00049,1.9241,2737,3,1,4,0,1,0,0,0,0,0,0,0,0,0,0,0,0,0,0,0,0
38912,19,1,0,0,0,0,0,-0.00034,0.00038,1.9151,2874,1,0,6,0,6,0,0,0,0,0,0,0,0,0,0,0,0,0,0,0,0
40960,20,1,0,0,0,0,0,-0.00179,0.00183,1.9225,2930,4,0,4,0,7,1,0,0,0,0,0,0,0,0,0,0,0,0,0,0,0
43008,21,1,0,0,0,0,0,-0.00011,0.00027,1.9338,2760,5,0,0,0,1,0,0,0,0,0,0,0,0,0,0,0,0,0,0,0,0
45056,22,1,0,0,0,0,0,-0.00111,0.00019,1.9196,2652,2,0,6,0,6,0,0,0,0,0,0,0,0,0,0,0,0,0,0,0,0
47104,23,1,0,0,0,0,0,-0.00272,0.0004,1.8656,2526,3,0,2,0,8,0,0,0,0,0,0,0,0,0,0,0,0,0,0,0,0
49152,24,1,0,0,0,0,0,-2e-05,0.00083,1.8733,2719,2,1,5,0,3,0,0,0,0,0,0,0,0,0,0,0,0,0,0,0,0
51200,25,1,0,0,0,0,0,-0.00294,0.00184,1.8965,2725,3,1,7,0,6,2,0,0,0,0,0,0,0,0,0,0,0,0,0,0,0
53248,26,1,0,0,0,0,0,-0.00414,0.00032,1.8701,2837,3,0,1,0,3,0,0,0,0,0,0,0,0,0,0,0,0,0,0,0,0
55296,27,1,0,0,0,0,0,-0.00127,0.00072,1.8544,2824,8,1,0,0,3,1,0,0,0,0,0,0,0,0,0,0,0,0,0,0,0
57344,28,1,0,0,0,0,0,-0.00201,0.00286,1.7812,2597,4,0,5,2,6,1,0,0,0,0,0,0,0,0,0,0,0,0,0,0,0
59392,29,1,0,0,0,0,0,-0.00085,0.00088,1.8175,2678,4,2,3,0,2,0,0,0,0,0,0,0,0,0,0,0,0,0,0,0,0
61440,30,1,0,0,0,0,0,-0.00252,0.00321,1.7626,2608,4,2,2,1,9,1,0,0,0,0,0,0,0,0,0,0,0,0,0,0,0
63488,31,1,0,0,0,0,0,-0.00027,0.00037,1.7646,2835,3,0,2,0,5,0,0,0,0,0,0,0,0,0,0,0,0,0,0,0,0
65536,32,1,0,0,0,0,0,-0.00146,0.00164,1.7434,2711,3,1,6,1,4,2,0,0,0,0,0,0,0,0,0,0,0,0,0,0,0
67584,33,1,0,0,0,0,0,0.00013,0.00226,1.7399,2964,5,0,4,0,5,2,0,0,0,0,0,0,0,0,0,0,0,0,0,0,0
69632,34,1,0,0,0,0,0,-8e-05,0.00087,1.7777,2860,5,1,3,0,5,0,0,0,0,0,0,0,0,0,0,0,0,0,0,0,0
71680,35,1,0,0,0,0,0,-6e-05,0.00022,1.7867,2972,4,1,3,0,3,0,0,0,0,0,0,0,0,0,0,0,0,0,0,0,0
73728,36,1,0,0,0,0,0,-0.00099,0.00067,1.7811,2682,7,1,1,0,4,0,0,0,0,0,0,0,0,0,0,0,0,0,0,0,0
75776,37,1,0,0,0,0,0,-0.0013,0.00174,1.7611,2686,3,1,7,0,6,1,0,0,0,0,0,0,0,0,0,0,0,0,0,0,0
77824,38,1,0,0,0,0,0,-0.00056,0.00151,1.7596,2922,3,0,7,1,6,2,0,0,0,0,0,0,0,0,0,0,0,0,0,0,0
79872,39,1,0,0,0,0,0,-0.00115,0.00034,1.7379,2767,4,1,4,0,1,0,0,0,0,0,0,0,0,0,0,0,0,0,0,0,0
81920,40,1,0,0,0,0,0,-0.00343,0.00054,1.7957,2880,2,1,4,0,7,1,0,0,0,0,0,0,0,0,0,0,0,0,0,0,0
83968,41,1,0,0,0,0,0,-0.00294,0.00027,1.7772,2834,6,0,5,0,3,0,0,0,0,0,0,0,0,0,0,0,0,0,0,0,0
86016,42,1,0,0,0,0,0,0.00012,0.0011,1.8146,2757,2,0,4,0,6,2,0,0,0,0,0,0,0,0,0,0,0,0,0,0,0
88064,43,1,0,0,0,0,0,-0.00159,0.00051,1.8319,2905,6,1,4,0,3,0,0,0,0,0,0,0,0,0,0,0,0,0,0,0,0
90112,44,1,0,0,0,0,0,-0.00131,0.0002,1.8305,2732,3,0,2,0,3,0,0,0,0,0,0,0,0,0,0,0,0,0,0,0,0
92160,45,1,0,0,0,0,0,-0.00209,0.0023,1.7932,3060,5,0,9,0,6,2,0,0,0,0,0,0,0,0,0,0,0,0,0,0,0
94208,46,1,0,0,0,0,0,-0.00014,0.00147,1.7443,3021,3,1,4,0,4,0,0,0,0,0,0,0,0,0,0,0,0,0,0,0,0
96256,47,1,0,0,0,0,0,-0.00219,0.00128,1.6724,3095,2,0,5,0,4,3,0,0,0,0,0,0,0,0,0,0,0,0,0,0,0
98304,48,1,0,0,0,0,0,-1e-05,0.00043,1.7142,3040,2,1,1,0,8,0,0,0,0,0,0,0,0,0,0,0,0,0,0,0,0
100352,49,1,0,0,0,0,0,-3e-05,0.00039,1.7167,2819,6,1,5,0,3,1,0,0,0,0,0,0,0,0,0,0,0,0,0,0,0
102400,50,1,0,0,0,0,0,-0.00115,0.00088,1.7043,2918,2,0,3,0,5,2,0,0,0,0,0,0,0,0,0,0,0,0,0,0,0
104448,51,1,0,0,0,0,0,-0.001,0.00041,1.6122,2877,3,0,8,0,2,0,0,0,0,0,0,0,0,0,0,0,0,0,0,0,0
106496,52,1,0,0,0,0,0,-0.00016,0.00028,1.6344,2966,3,0,3,0,7,2,0,0,0,0,0,0,0,0,0,0,0,0,0,0,0
108544,53,1,0,0,0,0,0,-0.00289,0.00015,1.6773,2993,3,0,2,0,5,0,0,0,0,0,0,0,0,0,0,0,0,0,0,0,0
110592,54,1,0,0,0,0,0,-0.00259,0.00042,1.6148,2890,5,0,4,0,2,0,0,0,0,0,0,0,0,0,0,0,0,0,0,0,0
112640,55,1,0,0,0,0,0,-0.00113,0.0025,1.6285,2810,4,1,4,1,7,1,0,0,0,0,0,0,0,0,0,0,0,0,0,0,0
114688,56,1,0,0,0,0,0,-0.0023,0.00037,1.7088,2985,1,0,3,0,5,0,0,0,0,0,0,0,0,0,0,0,0,0,0,0,0
116736,57,1,0,0,0,0,0,-0.00041,0.00056,1.7353,3053,5,1,5,0,3,1,0,0,0,0,0,0,0,0,0,0,0,0,0,0,0
118784,58,1,0,0,0,0,0,-0.00117,0.00016,1.7681,3087,4,0,5,0,4,0,0,0,0,0,0,0,0,0,0,0,0,0,0,0,0
120832,59,1,0,0,0,0,0,-0.00261,0.00024,1.7959,2812,3,1,6,1,2,0,0,0,0,0,0,0,0,0,0,0,0,0,0,0,0
122880,60,1,0,0,0,0,0,-0.0001,0.0024,1.7692,2813,7,1,6,0,3,1,0,0,0,0,0,0,0,0,0,0,0,0,0,0,0
124928,61,1,0,0,0,0,0,-0.00064,0.00016,1.764,2644,2,0,5,0,3,1,0,0,0,0,0,0,0,0,0,0,0,0,0,0,0
126976,62,1,0,0,0,0,0,-0.00356,0.00148,1.6857,2986,3,0,8,1,3,1,0,0,0,0,0,0,0,0,0,0,0,0,0,0,0
129024,63,1,0,0,0,0,0,-0.00285,0.00025,1.6591,2784,5,0,2,0,3,0,0,0,0,0,0,0,0,0,0,0,0,0,0,0,0
131072,64,1,0,0,0,0,0,-0.00666,0.0019,1.5832,2817,4,0,5,1,3,1,0,0,0,0,0,0,0,0,0,0,0,0,0,0,0
133120,65,1,0,0,0,0,0,-0.00295,0.00026,1.6293,2994,4,2,7,0,3,0,0,0,0,0,0,0,0,0,0,0,0,0,0,0,0
135168,66,1,0,0,0,0,0,-0.00103,0.00041,1.5671,2918,4,0,2,0,2,0,0,0,0,0,0,0,0,0,0,0,0,0,0,0,0
137216,67,1,0,0,0,0,0,-0.00415,0.00081,1.5978,2923,6,1,5,0,5,1,0,0,0,0,0,0,0,0,0,0,0,0,0,0,0
139264,68,1,0,0,0,0,0,-0.00206,0.0015,1.6393,2897,2,0,6,1,7,1,0,0,0,0,0,0,0,0,0,0,0,0,0,0,0
141312,69,1,0,0,0,0,0,-0.00037,0.00033,1.64,2704,3,0,2,0,2,0,0,0,0,0,0,0,0,0,0,0,0,0,0,0,0
143360,70,1,0,0,0,0,0,-0.00122,0.00168,1.6251,2976,6,2,7,1,4,0,0,0,0,0,0,0,0,0,0,0,0,0,0,0,0
145408,71,1,0,0,0,0,0,-0.00151,0.00035,1.5889,2671,5,0,7,0,2,2,0,0,0,0,0,0,0,0,0,0,0,0,0,0,0
147456,72,1,0,0,0,0,0,-0.00075,0.00016,1.6208,2410,2,0,8,0,0,0,0,0,0,0,0,0,0,0,0,0,0,0,0,0,0
149504,73,1,0,0,0,0,0,-0.00342,0.00271,1.5579,2893,5,1,5,1,5,2,0,0,0,0,0,0,0,0,0,0,0,0,0,0,0
151552,74,1,0,0,0,0,0,-0.00229,0.00082,1.6171,2539,5,1,5,1,6,0,0,0,0,0,0,0,0,0,0,0,0,0,0,0,0
153600,75,1,0,0,0,0,0,-0.00287,0.00142,1.5427,2866,1,0,5,1,5,2,0,0,0,0,0,0,0,0,0,0,0,0,0,0,0
155648,76,1,0,0,0,0,0,-0.00288,0.00179,1.5315,3006,4,2,5,1,1,0,0,0,0,0,0,0,0,0,0,0,0,0,0,0,0
157696,77,1,0,0,0,0,0,-0.00219,0.00077,1.4168,2860,3,0,2,0,11,2,0,0,0,0,0,0,0,0,0,0,0,0,0,0,0
159744,78,1,0,0,0,0,0,7e-05,0.00047,1.5053,2713,2,0,1,0,4,1,0,0,0,0,0,0,0,0,0,0,0,0,0,0,0
161792,79,1,0,0,0,0,0,-0.0004,0.00226,1.5206,2716,2,0,7,2,5,0,0,0,0,0,0,0,0,0,0,0,0,0,0,0,0
163840,80,1,0,0,0,0,0,-0.00098,0.00112,1.4685,2662,4,0,2,1,9,0,0,0,0,0,0,0,0,0,0,0,0,0,0,0,0
165888,81,1,0,0,0,0,0,-0.00298,0.00069,1.5675,2698,3,1,2,0,4,1,0,0,0,0,0,0,0,0,0,0,0,0,0,0,0
167936,82,1,0,0,0,0,0,-0.0007,0.00198,1.5421,2603,4,1,5,1,4,0,0,0,0,0,0,0,0,0,0,0,0,0,0,0,0
169984,83,1,0,0,0,0,0,-0.00176,0.0004,1.5537,2735,5,1,4,0,4,1,0,0,0,0,0,0,0,0,0,0,0,0,0,0,0
172032,84,1,0,0,0,0,0,-0.00091,0.00051,1.5998,2948,5,0,5,0,2,1,0,0,0,0,0,0,0,0,0,0,0,0,0,0,0
174080,85,1,0,0,0,0,0,-0.00205,0.0013,1.5988,2986,2,1,4,0,6,1,0,0,0,0,0,0,0,0,0,0,0,0,0,0,0
176128,86,1,0,0,0,0,0,-0.00116,0.00086,1.6735,2647,2,0,7,1,4,1,0,0,0,0,0,0,0,0,0,0,0,0,0,0,0
178176,87,1,0,0,0,0,0,-0.00182,0.00135,1.7005,2975,7,1,0,0,4,1,0,0,0,0,0,0,0,0,0,0,0,0,0,0,0
180224,88,1,0,0,0,0,0,-0.00114,0.00239,1.7486,2734,5,1,5,0,6,3,0,0,0,0,0,0,0,0,0,0,0,0,0,0,0
182272,89,1,0,0,0,0,0,-0.00097,0.00147,1.7578,2742,5,2,3,0,3,0,0,0,0,0,0,0,0,0,0,0,0,0,0,0,0
184320,90,1,0,0,0,0,0,-0.00197,0.00053,1.671,2818,8,1,4,0,3,0,0,0,0,0,0,0,0,0,0,0,0,0,0,0,0
186368,91,1,0,0,0,0,0,-0.00152,0.00103,1.7044,2999,2,0,3,0,5,1,0,0,0,0,0,0,0,0,0,0,0,0,0,0,0
188416,92,1,0,0,0,0,0,-0.00389,0.00317,1.6232,2732,9,2,6,1,1,1,0,0,0,0,0,0,0,0,0,0,0,0,0,0,0
190464,93,1,0,0,0,0,0,-0.00433,0.0003,1.5712,2735,5,0,7,0,4,0,0,0,0,0,0,0,0,0,0,0,0,0,0,0,0
192512,94,1,0,0,0,0,0,-0.00101,0.00286,1.6421,2949,4,1,7,2,2,1,0,0,0,0,0,0,0,0,0,0,0,0,0,0,0
194560,95,1,0,0,0,0,0,-0.00122,0.00033,1.5665,2733,2,0,7,0,5,0,0,0,0,0,0,0,0,0,0,0,0,0,0,0,0
196608,96,1,0,0,0,0,0,-0.00094,0.00219,1.6042,2847,5,2,3,0,4,2,0,0,0,0,0,0,0,0,0,0,0,0,0,0,0
198656,97,1,0,0,0,0,0,-0.00237,0.00037,1.5376,2770,7,2,4,0,1,0,0,0,0,0,0,0,0,0,0,0,0,0,0,0,0
200704,98,1,0,0,0,0,0,-0.00153,0.00213,1.4587,3044,8,2,5,0,1,1,0,0,0,0,0,0,0,0,0,0,0,0,0,0,0
202752,99,1,0,0,0,0,0,-0.00392,0.00123,1.5227,2975,4,1,1,0,9,2,0,0,0,0,0,0,0,0,0,0,0,0,0,0,0
204800,100,1,0,0,0,0,0,-0.00215,0.0006,1.4792,2697,5,2,2,0,5,1,0,0,0,0,0,0,0,0,0,0,0,0,0,0,0
206848,101,1,0,0,0,0,0,-0.00147,0.00205,1.4333,2401,7,1,3,0,5,2,0,0,0,0,0,0,0,0,0,0,0,0,0,0,0
208896,102,1,0,0,0,0,0,-0.00153,0.001,1.3926,2770,3,0,2,0,7,2,0,0,0,0,0,0,0,0,0,0,0,0,0,0,0
210944,103,1,0,0,0,0,0,-0.00032,0.00172,1.3917,2752,5,1,2,0,4,1,0,0,0,0,0,0,0,0,0,0,0,0,0,0,0
212992,104,1,0,0,0,0,0,-0.00051,0.00176,1.4302,2703,6,2,5,1,3,0,0,0,0,0,0,0,0,0,0,0,0,0,0,0,0
215040,105,1,0,0,0,0,0,-0.00296,0.00062,1.3947,2795,4,1,6,0,5,1,0,0,0,0,0,0,0,0,0,0,0,0,0,0,0
217088,106,1,0,0,0,0,0,-0.00559,0.00087,1.2852,2901,2,0,9,1,3,0,0,0,0,0,0,0,0,0,0,0,0,0,0,0,0
219136,107,1,0,0,0,0,0,-0.00158,0.00039,1.4662,2760,3,0,3,0,4,0,0,0,0,0,0,0,0,0,0,0,0,0,0,0,0
221184,108,1,0,0,0,0,0,-0.00411,0.00118,1.2421,2786,4,1,8,2,7,1,0,0,0,0,0,0,0,0,0,0,0,0,0,0,0
223232,109,1,0,0,0,0,0,-0.00321,0.0015,1.2931,2758,4,3,10,1,4,1,0,0,0,0,0,0,0,0,0,0,0,0,0,0,0
225280,110,1,0,0,0,0,0,-0.00179,0.00089,1.3539,2991,2,0,9,1,3,1,0,0,0,0,0,0,0,0,0,0,0,0,0,0,0
227328,111,1,0,0,0,0,0,-0.00233,0.00199,1.3087,2770,4,2,2,1,4,1,0,0,0,0,0,0,0,0,0,0,0,0,0,0,0
229376,112,1,0,0,0,0,0,-0.00142,0.00177,1.4803,2831,3,0,6,0,6,1,0,0,0,0,0,0,0,0,0,0,0,0,0,0,0
231424,113,1,0,0,0,0,0,-0.00386,0.00166,1.5482,2636,3,1,2,0,6,1,0,0,0,0,0,0,0,0,0,0,0,0,0,0,0
233472,114,1,0,0,0,0,0,-0.00304,0.00369,1.491,2838,7,3,3,2,5,2,0,0,0,0,0,0,0,0,0,0,0,0,0,0,0
235520,115,1,0,0,0,0,0,-0.00269,0.00341,1.5607,2907,4,1,3,0,9,3,0,0,0,0,0,0,0,0,0,0,0,0,0,0,0
237568,116,1,0,0,0,0,0,-0.00277,0.00291,1.5253,2665,0,0,4,2,7,3,0,0,0,0,0,0,0,0,0,0,0,0,0,0,0
239616,117,1,0,0,0,0,0,-0.00361,0.00144,1.5676,2932,3,0,6,1,5,0,0,0,0,0,0,0,0,0,0,0,0,0,0,0,0
241664,118,1,0,0,0,0,0,-0.00192,0.00068,1.6162,2853,4,2,3,0,4,1,0,0,0,0,0,0,0,0,0,0,0,0,0,0,0
243712,119,1,0,0,0,0,0,-0.00364,0.0009,1.5169,2775,5,0,6,0,3,2,0,0,0,0,0,0,0,0,0,0,0,0,0,0,0
245760,120,1,0,0,0,0,0,-0.00284,0.00105,1.482,2886,7,3,3,0,1,0,0,0,0,0,0,0,0,0,0,0,0,0,0,0,0
247808,121,1,0,0,0,0,0,-0.00294,0.00065,1.4797,2842,2,0,7,1,7,2,0,0,0,0,0,0,0,0,0,0,0,0,0,0,0
249856,122,1,0,0,0,0,0,-0.00319,0.00256,1.4304,2693,6,3,5,0,5,1,0,0,0,0,0,0,0,0,0,0,0,0,0,0,0
251904,123,1,0,0,0,0,0,-0.00345,0.00189,1.4706,2593,4,3,6,0,2,0,0,0,0,0,0,0,0,0,0,0,0,0,0,0,0
253952,124,1,0,0,0,0,0,-0.00305,0.003,1.3889,2722,7,2,2,0,8,2,0,0,0,0,0,0,0,0,0,0,0,0,0,0,0
256000,125,1,0,0,0,0,0,-0.00256,0.00277,1.3693,2726,7,3,5,0,2,1,0,0,0,0,0,0,0,0,0,0,0,0,0,0,0
258048,126,1,0,0,0,0,0,-0.00451,0.00048,1.4825,2832,2,0,5,0,5,1,0,0,0,0,0,0,0,0,0,0,0,0,0,0,0
260096,127,1,0,0,0,0,0,-0.00504,0.00197,1.4576,2879,6,0,5,1,2,0,0,0,0,0,0,0,0,0,0,0,0,0,0,0,0
262144,128,1,0,0,0,0,0,-0.00257,0.00203,1.3954,2910,3,0,3,0,7,2,0,0,0,0,0,0,0,0,0,0,0,0,0,0,0
264192,129,1,0,0,0,0,0,-0.00072,0.00111,1.3365,3051,6,2,4,0,3,0,0,0,0,0,0,0,0,0,0,0,0,0,0,0,0
266240,130,1,0,0,0,0,0,-0.00283,0.00239,1.4126,3099,6,3,2,0,7,5,0,0,0,0,0,0,0,0,0,0,0,0,0,0,0
268288,131,1,0,0,0,0,0,-0.00098,0.00122,1.4831,3190,4,2,4,0,3,1,0,0,0,0,0,0,0,0,0,0,0,0,0,0,0
270336,132,1,0,0,0,0,0,-0.00343,0.0019,1.5047,2877,4,0,4,1,4,1,0,0,0,0,0,0,0,0,0,0,0,0,0,0,0
272384,133,1,0,0,0,0,0,-0.00233,0.00233,1.5196,2846,5,1,7,0,4,2,0,0,0,0,0,0,0,0,0,0,0,0,0,0,0
274432,134,1,0,0,0,0,0,-0.00203,0.00082,1.4272,3027,5,1,5,0,5,2,0,0,0,0,0,0,0,0,0,0,0,0,0,0,0
276480,135,1,0,0,0,0,0,-0.00369,0.00052,1.5194,3143,1,1,4,0,4,0,0,0,0,0,0,0,0,0,0,0,0,0,0,0,0
278528,136,1,0,0,0,0,0,-0.00303,0.00151,1.4869,2986,5,0,5,0,5,2,0,0,0,0,0,0,0,0,0,0,0,0,0,0,0
280576,137,1,0,0,0,0,0,-0.00322,0.00258,1.4647,3048,2,1,8,1,3,1,0,0,0,0,0,0,0,0,0,0,0,0,0,0,0
282624,138,1,0,0,0,0,0,-0.00581,0.00126,1.3918,2873,4,3,6,0,5,1,0,0,0,0,0,0,0,0,0,0,0,0,0,0,0
284672,139,1,0,0,0,0,0,-0.00226,0.00194,1.3934,2897,4,0,5,1,5,3,0,0,0,0,0,0,0,0,0,0,0,0,0,0,0
286720,140,1,0,0,0,0,0,-0.00338,0.00104,1.4071,3122,4,0,4,0,4,1,0,0,0,0,0,0,0,0,0,0,0,0,0,0,0
288768,141,1,0,0,0,0,0,-0.00408,0.00204,1.446,2906,1,1,8,0,6,4,0,0,0,0,0,0,0,0,0,0,0,0,0,0,0
290816,142,1,0,0,0,0,0,-0.00469,0.00095,1.4749,2967,7,3,3,0,3,0,0,0,0,0,0,0,0,0,0,0,0,0,0,0,0
292864,143,1,0,0,0,0,0,-0.00374,0.00144,1.487,2819,1,0,5,0,5,2,0,0,0,0,0,0,0,0,0,0,0,0,0,0,0
294912,144,1,0,0,0,0,0,-0.0042,0.00139,1.4399,2959,6,2,4,0,4,1,0,0,0,0,0,0,0,0,0,0,0,0,0,0,0
296960,145,1,0,0,0,0,0,-0.00609,0.00103,1.4685,3099,3,0,4,1,4,1,0,0,0,0,0,0,0,0,0,0,0,0,0,0,0
299008,146,1,0,0,0,0,0,-0.00222,0.00112,1.5097,2764,7,2,6,1,2,1,0,0,0,0,0,0,0,0,0,0,0,0,0,0,0
301056,147,1,0,0,0,0,0,-0.00354,0.00221,1.4786,2843,3,0,2,0,5,2,0,0,0,0,0,0,0,0,0,0,0,0,0,0,0
303104,148,1,0,0,0,0,0,-0.00552,0.00218,1.5446,3271,5,1,4,1,6,3,0,0,0,0,0,0,0,0,0,0,0,0,0,0,0
305152,149,1,0,0,0,0,0,-0.00261,0.00362,1.5836,2995,8,4,6,1,6,1,0,0,0,0,0,0,0,0,0,0,0,0,0,0,0
307200,150,1,0,0,0,0,0,-0.00398,0.0009,1.5844,2828,2,0,5,0,3,1,0,0,0,0,0,0,0,0,0,0,0,0,0,0,0
309248,151,1,0,0,0,0,0,-0.00652,0.00089,1.5252,2803,4,1,5,0,7,1,0,0,0,0,0,0,0,0,0,0,0,0,0,0,0
311296,152,1,0,0,0,0,0,-0.00264,0.0017,1.5429,2900,7,4,3,0,1,0,0,0,0,0,0,0,0,0,0,0,0,0,0,0,0
313344,153,1,0,0,0,0,0,-0.00228,0.0037,1.5176,2859,6,2,8,1,6,3,0,0,0,0,0,0,0,0,0,0,0,0,0,0,0
315392,154,1,0,0,0,0,0,-0.00439,0.00145,1.58,2749,2,0,2,0,8,3,0,0,0,0,0,0,0,0,0,0,0,0,0,0,0
317440,155,1,0,0,0,0,0,-0.00556,0.00332,1.5956,2705,6,2,6,2,5,3,0,0,0,0,0,0,0,0,0,0,0,0,0,0,0
319488,156,1,0,0,0,0,0,-0.00333,0.00292,1.6209,2886,6,3,4,0,5,4,0,0,0,0,0,0,0,0,0,0,0,0,0,0,0
321536,157,1,0,0,0,0,0,-0.00601,0.00128,1.6293,2794,6,1,3,1,3,2,0,0,0,0,0,0,0,0,0,0,0,0,0,0,0
323584,158,1,0,0,0,0,0,-0.00559,0.0024,1.6106,2478,7,4,2,0,6,2,0,0,0,0,0,0,0,0,0,0,0,0,0,0,0
325632,159,1,0,0,0,0,0,-0.00172,0.00132,1.6467,3150,5,1,2,0,5,2,0,0,0,0,0,0,0,0,0,0,0,0,0,0,0
327680,160,1,0,0,0,0,0,-0.0028,0.00145,1.6009,3032,6,1,2,1,3,0,0,0,0,0,0,0,0,0,0,0,0,0,0,0,0
329728,161,1,0,0,0,0,0,-0.00539,0.00073,1.5557,2765,6,2,2,0,3,2,0,0,0,0,0,0,0,0,0,0,0,0,0,0,0
331776,162,1,0,0,0,0,0,-0.0029,0.00052,1.6483,3013,1,0,6,0,6,1,0,0,0,0,0,0,0,0,0,0,0,0,0,0,0
333824,163,1,0,0,0,0,0,-0.00534,0.00201,1.636,2753,3,0,6,1,3,2,0,0,0,0,0,0,0,0,0,0,0,0,0,0,0
335872,164,1,0,0,0,0,0,-0.00243,0.00068,1.6389,3062,5,0,4,0,5,2,0,0,0,0,0,0,0,0,0,0,0,0,0,0,0
337920,165,1,0,0,0,0,0,-0.0025,0.00209,1.637,3026,4,1,1,0,7,2,0,0,0,0,0,0,0,0,0,0,0,0,0,0,0
339968,166,1,0,0,0,0,0,-0.00406,0.00368,1.6444,2854,7,2,6,0,2,1,0,0,0,0,0,0,0,0,0,0,0,0,0,0,0
342016,167,1,0,0,0,0,0,-0.00441,0.00248,1.6451,2844,4,0,2,0,7,3,0,0,0,0,0,0,0,0,0,0,0,0,0,0,0
344064,168,1,0,0,0,0,0,-0.0015,0.00091,1.6176,2767,4,1,1,0,5,2,0,0,0,0,0,0,0,0,0,0,0,0,0,0,0
346112,169,1,0,0,0,0,0,-0.00475,0.00151,1.5568,3002,4,1,5,0,7,3,0,0,0,0,0,0,0,0,0,0,0,0,0,0,0
348160,170,1,0,0,0,0,0,-0.0032,0.0015,1.5901,2875,2,0,5,0,5,4,0,0,0,0,0,0,0,0,0,0,0,0,0,0,0
350208,171,1,0,0,0,0,0,-0.00275,0.00286,1.5913,2820,5,4,6,0,8,3,0,0,0,0,0,0,0,0,0,0,0,0,0,0,0
352256,172,1,0,0,0,0,0,-0.00626,0.00098,1.5673,2771,6,1,1,0,2,2,0,0,0,0,0,0,0,0,0,0,0,0,0,0,0
354304,173,1,0,0,0,0,0,-0.0047,0.00353,1.5059,2868,7,4,3,2,4,2,0,0,0,0,0,0,0,0,0,0,0,0,0,0,0
356352,174,1,0,0,0,0,0,-0.006,0.00139,1.5469,2886,6,0,4,1,3,2,0,0,0,0,0,0,0,0,0,0,0,0,0,0,0
358400,175,1,0,0,0,0,0,-0.0043,0.00182,1.5615,2908,3,2,3,0,6,3,0,0,0,0,0,0,0,0,0,0,0,0,0,0,0
360448,176,1,0,0,0,0,0,-0.00394,0.00324,1.5005,2648,5,2,6,0,6,4,0,0,0,0,0,0,0,0,0,0,0,0,0,0,0
362496,177,1,0,0,0,0,0,-0.00156,0.00107,1.4465,2979,4,2,5,0,1,0,0,0,0,0,0,0,0,0,0,0,0,0,0,0,0
364544,178,1,0,0,0,0,0,-0.00585,0.00169,1.5122,2795,5,1,7,0,5,2,0,0,0,0,0,0,0,0,0,0,0,0,0,0,0
366592,179,1,0,0,0,0,0,-0.0016,0.00362,1.4721,2906,6,3,3,0,8,5,0,0,0,0,0,0,0,0,0,0,0,0,0,0,0
368640,180,1,0,0,0,0,0,-0.00446,0.0053,1.4987,2955,4,1,5,3,5,4,0,0,0,0,0,0,0,0,0,0,0,0,0,0,0
370688,181,1,0,0,0,0,0,-0.00466,0.0008,1.5332,2805,3,2,10,0,4,0,0,0,0,0,0,0,0,0,0,0,0,0,0,0,0
372736,182,1,0,0,0,0,0,-0.0042,0.00416,1.5358,2798,3,0,5,1,5,4,0,0,0,0,0,0,0,0,0,0,0,0,0,0,0
374784,183,1,0,0,0,0,0,-0.00358,0.00187,1.5424,2780,4,2,4,0,4,2,0,0,0,0,0,0,0,0,0,0,0,0,0,0,0
376832,184,1,0,0,0,0,0,-0.00563,0.00139,1.5142,2933,4,0,5,1,6,4,0,0,0,0,0,0,0,0,0,0,0,0,0,0,0
378880,185,1,0,0,0,0,0,-0.0061,0.00364,1.5073,2777,4,3,8,1,8,5,0,0,0,0,0,0,0,0,0,0,0,0,0,0,0
380928,186,1,0,0,0,0,0,-0.00685,0.0031,1.4998,2812,2,2,3,0,7,5,0,0,0,0,0,0,0,0,0,0,0,0,0,0,0
382976,187,1,0,0,0,0,0,-0.00457,0.00329,1.4513,2868,7,5,6,0,6,4,0,0,0,0,0,0,0,0,0,0,0,0,0,0,0
385024,188,1,0,0,0,0,0,-0.00164,0.00528,1.4425,2713,5,3,8,3,3,2,0,0,0,0,0,0,0,0,0,0,0,0,0,0,0
387072,189,1,0,0,0,0,0,-0.00192,0.00404,1.4161,2692,6,4,4,0,9,8,0,0,0,0,0,0,0,0,0,0,0,0,0,0,0
389120,190,1,0,0,0,0,0,-0.00318,0.00379,1.3419,2714,5,4,5,2,3,2,0,0,0,0,0,0,0,0,0,0,0,0,0,0,0
391168,191,1,0,0,0,0,0,-0.00525,0.00637,1.2823,2919,6,5,4,1,9,9,0,0,0,0,0,0,0,0,0,0,0,0,0,0,0
393216,192,1,0,0,0,0,0,-0.00558,0.0033,1.3171,2620,8,7,3,0,5,4,0,0,0,0,0,0,0,0,0,0,0,0,0,0,0
395264,193,1,0,0,0,0,0,-0.00035,0.00313,1.2723,2732,2,0,8,0,7,3,0,0,0,0,0,0,0,0,0,0,0,0,0,0,0
397312,194,1,0,0,0,0,0,-0.00214,0.00361,1.2711,2867,5,4,7,1,6,3,0,0,0,0,0,0,0,0,0,0,0,0,0,0,0
399360,195,1,0,0,0,0,0,-0.00356,0.00676,1.2755,2695,9,8,2,0,10,8,0,0,0,0,0,0,0,0,0,0,0,0,0,0,0
401408,196,1,0,0,0,0,0,-0.0037,0.00235,1.2421,2613,7,6,4,0,4,4,0,0,0,0,0,0,0,0,0,0,0,0,0,0,0
403456,197,1,0,0,0,0,0,-0.00313,0.00474,1.2247,2494,5,4,5,1,8,4,0,0,0,0,0,0,0,0,0,0,0,0,0,0,0
405504,198,1,0,0,0,0,0,-0.00325,0.00372,1.1971,2729,3,1,3,2,8,7,0,0,0,0,0,0,0,0,0,0,0,0,0,0,0
407552,199,1,0,0,0,0,0,-0.00508,0.00361,1.2023,2919,7,3,0,0,10,5,0,0,0,0,0,0,0,0,0,0,0,0,0,0,0
409600,200,1,0,0,0,0,0,-0.00551,0.00836,1.2343,2715,7,7,7,3,8,7,0,0,0,0,0,0,0,0,0,0,0,0,0,0,0
411648,201,1,0,0,0,0,0,-0.00348,0.00652,1.2506,2767,7,7,11,2,9,8,0,0,0,0,0,0,0,0,0,0,0,0,0,0,0
413696,202,1,0,0,0,0,0,-0.00098,0.005,1.2145,2908,3,1,9,2,4,3,0,0,0,0,0,0,0,0,0,0,0,0,0,0,0
415744,203,1,0,0,0,0,0,-0.00589,0.00342,1.1644,2687,8,7,7,1,3,2,0,0,0,0,0,0,0,0,0,0,0,0,0,0,0
417792,204,1,0,0,0,0,0,-0.00208,0.00506,1.0677,2675,5,4,13,4,5,4,0,0,0,0,0,0,0,0,0,0,0,0,0,0,0
419840,205,1,0,0,0,0,0,0.00066,0.00324,1.0702,2666,2,2,8,0,8,5,0,0,0,0,0,0,0,0,0,0,0,0,0,0,0
421888,206,1,0,0,0,0,0,-0.00639,0.00558,1.0787,2654,5,5,8,1,9,8,0,0,0,0,0,0,0,0,0,0,0,0,0,0,0
423936,207,1,0,0,0,0,0,-0.00411,0.00606,1.1043,2822,7,7,6,1,6,5,0,0,0,0,0,0,0,0,0,0,0,0,0,0,0
425984,208,1,0,0,0,0,0,-0.00398,0.00874,1.1199,2621,12,12,9,1,13,10,0,0,0,0,0,0,0,0,0,0,0,0,0,0,0
428032,209,1,0,0,0,0,0,-0.00216,0.00594,1.117,2719,11,11,7,0,9,8,0,0,0,0,0,0,0,0,0,0,0,0,0,0,0
430080,210,1,0,0,0,0,0,-0.00437,0.00413,1.1968,2573,6,6,5,0,9,7,0,0,0,0,0,0,0,0,0,0,0,0,0,0,0
432128,211,1,0,0,0,0,0,-0.00462,0.00713,1.1468,2764,5,5,6,2,12,12,0,0,0,0,0,0,0,0,0,0,0,0,0,0,0
434176,212,1,0,0,0,0,0,-0.00602,0.00589,1.1231,2415,6,6,9,1,8,7,0,0,0,0,0,0,0,0,0,0,0,0,0,0,0
436224,213,1,0,0,0,0,0,-0.00533,0.00943,1.1415,2681,6,5,10,3,14,11,0,0,0,0,0,0,0,0,0,0,0,0,0,0,0
438272,214,1,0,0,0,0,0,-0.00401,0.00487,1.1461,3081,3,3,8,2,10,6,0,0,0,0,0,0,0,0,0,0,0,0,0,0,0
440320,215,1,0,0,0,0,0,-0.0054,0.007,1.1302,2783,5,5,11,3,9,6,0,0,0,0,0,0,0,0,0,0,0,0,0,0,0
442368,216,1,0,0,0,0,0,-0.0035,0.00642,1.0498,2604,8,8,12,5,8,7,0,0,0,0,0,0,0,0,0,0,0,0,0,0,0
444416,217,1,0,0,0,0,0,-0.00329,0.00409,0.982,2660,10,10,11,2,2,2,0,0,0,0,0,0,0,0,0,0,0,0,0,0,0
446464,218,1,0,0,0,0,0,-0.00027,0.00517,1.0184,2712,16,16,9,3,5,5,0,0,0,0,0,0,0,0,0,0,0,0,0,0,0
448512,219,1,0,0,0,0,0,-0.00553,0.00721,1.0415,2882,9,9,11,2,13,12,0,0,0,0,0,0,0,0,0,0,0,0,0,0,0
450560,220,1,0,0,0,0,0,-0.00622,0.0058,1.0426,2818,12,12,8,1,15,13,0,0,0,0,0,0,0,0,0,0,0,0,0,0,0
452608,221,1,0,0,0,0,0,-0.00595,0.00851,1.0498,2768,11,11,15,4,13,13,0,0,0,0,0,0,0,0,0,0,0,0,0,0,0
454656,222,1,0,0,0,0,0,0.0013,0.00908,0.9792,2868,15,15,9,3,12,8,0,0,0,0,0,0,0,0,0,0,0,0,0,0,0
456704,223,1,0,0,0,0,0,-0.00142,0.00425,0.9722,2880,9,9,8,2,8,7,0,0,0,0,0,0,0,0,0,0,0,0,0,0,0
458752,224,1,0,0,0,0,0,0.00349,0.00901,0.9845,2603,7,7,14,6,14,11,0,0,0,0,0,0,0,0,0,0,0,0,0,0,0
460800,225,1,0,0,0,0,0,-0.00693,0.00458,0.9082,2599,6,6,11,2,11,11,0,0,0,0,0,0,0,0,0,0,0,0,0,0,0
462848,226,1,0,0,0,0,0,-0.00212,0.00778,0.8548,2763,11,11,22,6,12,11,0,0,0,0,0,0,0,0,0,0,0,0,0,0,0
464896,227,1,0,0,0,0,0,-0.00481,0.00579,0.8353,2766,15,15,15,2,10,10,0,0,0,0,0,0,0,0,0,0,0,0,0,0,0
466944,228,1,0,0,0,0,0,-0.00461,0.00449,0.874,2522,14,12,5,1,9,8,0,0,0,0,0,0,0,0,0,0,0,0,0,0,0
468992,229,1,0,0,0,0,0,-0.00394,0.00385,0.8907,2606,9,9,15,2,5,5,0,0,0,0,0,0,0,0,0,0,0,0,0,0,0
471040,230,1,0,0,0,0,0,-0.00253,0.00611,0.8151,2826,9,9,14,2,6,6,0,0,0,0,0,0,0,0,0,0,0,0,0,0,0
473088,231,1,0,0,0,0,0,-0.00294,0.00791,0.8699,2854,11,11,13,3,10,10,0,0,0,0,0,0,0,0,0,0,0,0,0,0,0
475136,232,1,0,0,0,0,0,-0.00496,0.00415,0.9254,2584,12,12,12,0,7,6,0,0,0,0,0,0,0,0,0,0,0,0,0,0,0
477184,233,1,0,0,0,0,0,-0.00707,0.01001,0.841,2787,16,16,18,3,18,17,0,0,0,0,0,0,0,0,0,0,0,0,0,0,0
479232,234,1,0,0,0,0,0,0.00185,0.00884,0.8048,2523,14,14,12,2,14,11,0,0,0,0,0,0,0,0,0,0,0,0,0,0,0
481280,235,1,0,0,0,0,0,-0.00108,0.0068,0.792,2656,18,18,23,1,14,14,0,0,0,0,0,0,0,0,0,0,0,0,0,0,0
483328,236,1,0,0,0,0,0,-0.00582,0.00983,0.8009,2505,14,14,16,3,24,23,0,0,0,0,0,0,0,0,0,0,0,0,0,0,0
485376,237,1,0,0,0,0,0,-0.00407,0.00569,0.8697,2585,19,19,11,2,10,9,0,0,0,0,0,0,0,0,0,0,0,0,0,0,0
487424,238,1,0,0,0,0,0,-0.00376,0.00661,0.8016,2672,10,10,15,0,18,18,0,0,0,0,0,0,0,0,0,0,0,0,0,0,0
489472,239,1,0,0,0,0,0,-0.00626,0.01001,0.7537,2810,20,20,19,4,18,18,0,0,0,0,0,0,0,0,0,0,0,0,0,0,0
491520,240,1,0,0,0,0,0,-0.00357,0.00928,0.7508,2871,18,18,18,3,12,11,0,0,0,0,0,0,0,0,0,0,0,0,0,0,0
493568,241,1,0,0,0,0,0,-0.00345,0.00854,0.7758,2938,27,26,16,1,21,20,0,0,0,0,0,0,0,0,0,0,0,0,0,0,0
495616,242,1,0,0,0,0,0,-0.00386,0.01055,0.7571,2970,20,20,17,4,21,21,0,0,0,0,0,0,0,0,0,0,0,0,0,0,0
497664,243,1,0,0,0,0,0,-0.00489,0.01306,0.705,2745,23,23,24,6,22,22,0,0,0,0,0,0,0,0,0,0,0,0,0,0,0
499712,244,1,0,0,0,0,0,-0.0023,0.01566,0.6476,2744,25,25,25,9,22,22,0,0,0,0,0,0,0,0,0,0,0,0,0,0,0
501760,245,1,0,0,0,0,0,-0.00438,0.00917,0.707,2785,15,15,10,1,28,28,0,0,0,0,0,0,0,0,0,0,0,0,0,0,0
503808,246,1,0,0,0,0,0,-0.00503,0.01301,0.8003,2491,23,23,22,6,19,19,0,0,0,0,0,0,0,0,0,0,0,0,0,0,0
505856,247,1,0,0,0,0,0,-0.002,0.0148,0.6609,2425,32,32,18,5,19,17,0,0,0,0,0,0,0,0,0,0,0,0,0,0,0
507904,248,1,0,0,0,0,0,-0.00348,0.01372,0.6648,2644,26,26,28,7,16,16,0,0,0,0,0,0,0,0,0,0,0,0,0,0,0
509952,249,1,0,0,0,0,0,-0.0008,0.01215,0.6953,2765,17,17,17,4,15,14,0,0,0,0,0,0,0,0,0,0,0,0,0,0,0
512000,250,1,0,0,0,0,0,-0.00406,0.01067,0.6345,2621,19,19,35,5,23,23,0,0,0,0,0,0,0,0,0,0,0,0,0,0,0
514048,251,1,0,0,0,0,0,-0.00521,0.01195,0.6597,2508,33,33,21,8,20,20,0,0,0,0,0,0,0,0,0,0,0,0,0,0,0
516096,252,1,0,0,0,0,0,-0.00444,0.00986,0.6474,2696,21,21,18,6,20,19,0,0,0,0,0,0,0,0,0,0,0,0,0,0,0
518144,253,1,0,0,0,0,0,-0.00411,0.00927,0.6828,2618,32,32,27,6,26,26,0,0,0,0,0,0,0,0,0,0,0,0,0,0,0
520192,254,1,0,0,0,0,0,-0.00478,0.00658,0.7168,2701,25,25,17,5,18,18,0,0,0,0,0,0,0,0,0,0,0,0,0,0,0
522240,255,1,0,0,0,0,0,-0.00497,0.00949,0.7187,2734,22,22,22,5,24,24,0,0,0,0,0,0,0,0,0,0,0,0,0,0,0
524288,256,1,0,0,0,0,0,-0.00013,0.00794,0.7247,2727,23,23,27,5,28,28,0,0,0,0,0,0,0,0,0,0,0,0,0,0,0
526336,257,1,0,0,0,0,0,-0.00618,0.00914,0.7027,2784,20,20,16,6,33,33,0,0,0,0,0,0,0,0,0,0,0,0,0,0,0
528384,258,1,0,0,0,0,0,0.00018,0.01084,0.6809,2623,21,21,32,9,27,27,0,0,0,0,0,0,0,0,0,0,0,0,0,0,0
530432,259,1,0,0,0,0,0,-0.00378,0.00692,0.6354,2784,31,31,19,4,18,18,0,0,0,0,0,0,0,0,0,0,0,0,0,0,0
532480,260,1,0,0,0,0,0,-0.00338,0.01196,0.6949,2948,20,20,19,8,20,19,0,0,0,0,0,0,0,0,0,0,0,0,0,0,0
534528,261,1,0,0,0,0,0,0.00012,0.01329,0.6291,2531,29,29,38,8,20,18,0,0,0,0,0,0,0,0,0,0,0,0,0,0,0
536576,262,1,0,0,0,0,0,-0.00377,0.01044,0.5914,2640,31,31,24,6,30,30,0,0,0,0,0,0,0,0,0,0,0,0,0,0,0
538624,263,1,0,0,0,0,0,-0.00717,0.00834,0.6576,2715,18,18,22,5,16,16,0,0,0,0,0,0,0,0,0,0,0,0,0,0,0
540672,264,1,0,0,0,0,0,0.00085,0.00874,0.6269,2868,14,14,23,5,25,23,0,0,0,0,0,0,0,0,0,0,0,0,0,0,0
542720,265,1,0,0,0,0,0,-0.00074,0.00967,0.5938,2543,14,14,25,8,23,23,0,0,0,0,0,0,0,0,0,0,0,0,0,0,0
544768,266,1,0,0,0,0,0,-0.00221,0.00907,0.5819,2621,27,27,22,6,25,25,0,0,0,0,0,0,0,0,0,0,0,0,0,0,0
546816,267,1,0,0,0,0,0,-0.00706,0.01201,0.6037,2385,26,26,26,6,31,30,0,0,0,0,0,0,0,0,0,0,0,0,0,0,0
548864,268,1,0,0,0,0,0,-0.00478,0.00935,0.5938,2793,15,15,20,6,22,22,0,0,0,0,0,0,0,0,0,0,0,0,0,0,0
550912,269,1,0,0,0,0,0,-0.00213,0.01326,0.5388,2637,20,20,32,12,23,22,0,0,0,0,0,0,0,0,0,0,0,0,0,0,0
552960,270,1,0,0,0,0,0,-0.00691,0.01057,0.4577,2847,24,24,22,6,22,21,0,0,0,0,0,0,0,0,0,0,0,0,0,0,0
555008,271,1,0,0,0,0,0,0.00017,0.01102,0.5068,2715,30,30,21,6,25,25,0,0,0,0,0,0,0,0,0,0,0,0,0,0,0
557056,272,1,0,0,0,0,0,0.00219,0.01079,0.4621,2473,25,25,32,8,27,27,0,0,0,0,0,0,0,0,0,0,0,0,0,0,0
559104,273,1,0,0,0,0,0,0.00075,0.01038,0.4194,2685,26,26,26,9,24,24,0,0,0,0,0,0,0,0,0,0,0,0,0,0,0
561152,274,1,0,0,0,0,0,0.00264,0.00816,0.4723,2617,26,26,27,6,27,27,0,0,0,0,0,0,0,0,0,0,0,0,0,0,0
563200,275,1,0,0,0,0,0,-0.00472,0.00913,0.532,2489,25,25,28,9,39,39,0,0,0,0,0,0,0,0,0,0,0,0,0,0,0
565248,276,1,0,0,0,0,0,-0.00487,0.00832,0.4746,2690,35,35,22,8,31,31,0,0,0,0,0,0,0,0,0,0,0,0,0,0,0
567296,277,1,0,0,0,0,0,-0.00241,0.01223,0.4539,2553,32,32,37,14,26,26,0,0,0,0,0,0,0,0,0,0,0,0,0,0,0
569344,278,1,0,0,0,0,0,-0.00327,0.00644,0.4731,2670,26,26,22,3,26,26,0,0,0,0,0,0,0,0,0,0,0,0,0,0,0
571392,279,1,0,0,0,0,0,-0.00428,0.01106,0.5009,2708,30,30,19,6,21,20,0,0,0,0,0,0,0,0,0,0,0,0,0,0,0
573440,280,1,0,0,0,0,0,-0.00027,0.01089,0.4808,2745,28,28,27,9,30,30,0,0,0,0,0,0,0,0,0,0,0,0,0,0,0
575488,281,1,0,0,0,0,0,-0.00513,0.00755,0.5154,2720,20,20,20,7,27,27,0,0,0,0,0,0,0,0,0,0,0,0,0,0,0
577536,282,1,0,0,0,0,0,0.00283,0.01391,0.5394,2695,28,28,26,7,30,30,0,0,0,0,0,0,0,0,0,0,0,0,0,0,0
579584,283,1,0,0,0,0,0,-0.00137,0.01315,0.4964,2850,26,26,30,11,30,30,0,0,0,0,0,0,0,0,0,0,0,0,0,0,0
581632,284,1,0,0,0,0,0,-0.00563,0.00711,0.5043,2570,33,33,20,8,24,24,0,0,0,0,0,0,0,0,0,0,0,0,0,0,0
583680,285,1,0,0,0,0,0,-0.00303,0.01035,0.51,2753,25,25,31,8,37,37,0,0,0,0,0,0,0,0,0,0,0,0,0,0,0
585728,286,1,0,0,0,0,0,-0.00535,0.01309,0.4656,2848,29,29,38,16,27,27,0,0,0,0,0,0,0,0,0,0,0,0,0,0,0
587776,287,1,0,0,0,0,0,-0.00477,0.0112,0.5368,2908,22,22,21,11,31,31,0,0,0,0,0,0,0,0,0,0,0,0,0,0,0
589824,288,1,0,0,0,0,0,-0.00245,0.01196,0.4653,2789,36,36,26,6,30,29,0,0,0,0,0,0,0,0,0,0,0,0,0,0,0
591872,289,1,0,0,0,0,0,-0.00215,0.00941,0.4089,2755,34,34,26,11,31,31,0,0,0,0,0,0,0,0,0,0,0,0,0,0,0
593920,290,1,0,0,0,0,0,-0.00236,0.01009,0.3979,2759,33,33,24,11,22,22,0,0,0,0,0,0,0,0,0,0,0,0,0,0,0
595968,291,1,0,0,0,0,0,0.00242,0.00704,0.4966,2398,30,30,20,5,26,26,0,0,0,0,0,0,0,0,0,0,0,0,0,0,0
598016,292,1,0,0,0,0,0,-0.00235,0.01042,0.5339,2854,19,19,28,12,26,26,0,0,0,0,0,0,0,0,0,0,0,0,0,0,0
600064,293,1,0,0,0,0,0,0.00722,0.00981,0.4663,2783,32,32,20,4,30,30,0,0,0,0,0,0,0,0,0,0,0,0,0,0,0
602112,294,1,0,0,0,0,0,-0.0019,0.00887,0.4602,2801,30,30,27,7,33,33,0,0,0,0,0,0,0,0,0,0,0,0,0,0,0
604160,295,1,0,0,0,0,0,-0.0008,0.01093,0.4771,2871,29,29,26,14,32,32,0,0,0,0,0,0,0,0,0,0,0,0,0,0,0
606208,296,1,0,0,0,0,0,-0.00519,0.00783,0.5024,2620,25,25,24,8,30,30,0,0,0,0,0,0,0,0,0,0,0,0,0,0,0
608256,297,1,0,0,0,0,0,-0.00184,0.0135,0.467,2663,29,29,36,13,29,29,0,0,0,0,0,0,0,0,0,0,0,0,0,0,0
610304,298,1,0,0,0,0,0,-0.00495,0.01355,0.5005,2730,29,29,31,18,29,29,0,0,0,0,0,0,0,0,0,0,0,0,0,0,0
612352,299,1,0,0,0,0,0,-0.00356,0.01288,0.5085,2755,22,22,30,12,30,30,0,0,0,0,0,0,0,0,0,0,0,0,0,0,0
614400,300,1,0,0,0,0,0,-0.00416,0.01252,0.4174,2631,35,35,36,12,29,29,0,0,0,0,0,0,0,0,0,0,0,0,0,0,0
616448,301,1,0,0,0,0,0,-0.00061,0.01152,0.4543,2664,32,32,35,14,28,28,0,0,0,0,0,0,0,0,0,0,0,0,0,0,0
618496,302,1,0,0,0,0,0,0.00522,0.01063,0.4295,2678,29,29,26,9,28,28,0,0,0,0,0,0,0,0,0,0,0,0,0,0,0
620544,303,1,0,0,0,0,0,-0.00231,0.00974,0.4304,2795,27,27,23,8,16,16,0,0,0,0,0,0,0,0,0,0,0,0,0,0,0
622592,304,1,0,0,0,0,0,-0.00186,0.01304,0.4617,2524,20,20,33,16,31,31,0,0,0,0,0,0,0,0,0,0,0,0,0,0,0
624640,305,1,0,0,0,0,0,-0.0003,0.0159,0.5116,2739,21,20,38,17,20,20,0,0,0,0,0,0,0,0,0,0,0,0,0,0,0
626688,306,1,0,0,0,0,0,0.0011,0.01343,0.4793,2725,30,30,31,16,32,32,0,0,0,0,0,0,0,0,0,0,0,0,0,0,0
628736,307,1,0,0,0,0,0,-0.0016,0.00832,0.4959,2602,33,33,22,7,29,29,0,0,0,0,0,0,0,0,0,0,0,0,0,0,0
630784,308,1,0,0,0,0,0,-0.00223,0.01127,0.4397,2673,31,31,28,15,24,24,0,0,0,0,0,0,0,0,0,0,0,0,0,0,0
632832,309,1,0,0,0,0,0,-0.00187,0.01304,0.5074,2873,30,30,27,17,31,31,0,0,0,0,0,0,0,0,0,0,0,0,0,0,0
634880,310,1,0,0,0,0,0,0.00092,0.01038,0.5325,2629,34,34,29,13,25,25,0,0,0,0,0,0,0,0,0,0,0,0,0,0,0
636928,311,1,0,0,0,0,0,-0.00396,0.01209,0.5099,2747,27,27,35,18,34,34,0,0,0,0,0,0,0,0,0,0,0,0,0,0,0
638976,312,1,0,0,0,0,0,-0.00462,0.00915,0.4628,2758,20,20,28,16,24,24,0,0,0,0,0,0,0,0,0,0,0,0,0,0,0
641024,313,1,0,0,0,0,0,-0.00179,0.01264,0.4947,2703,29,29,28,13,20,19,0,0,0,0,0,0,0,0,0,0,0,0,0,0,0
643072,314,1,0,0,0,0,0,0.00266,0.01006,0.5406,2759,17,17,22,13,39,38,0,0,0,0,0,0,0,0,0,0,0,0,0,0,0
645120,315,1,0,0,0,0,0,-0.0007,0.01237,0.4583,2526,34,34,29,17,31,31,0,0,0,0,0,0,0,0,0,0,0,0,0,0,0
647168,316,1,0,0,0,0,0,-0.00549,0.01232,0.4274,2640,31,31,33,20,28,28,0,0,0,0,0,0,0,0,0,0,0,0,0,0,0
649216,317,1,0,0,0,0,0,0.00497,0.01031,0.4982,2494,36,36,26,13,28,28,0,0,0,0,0,0,0,0,0,0,0,0,0,0,0
651264,318,1,0,0,0,0,0,-0.00169,0.01389,0.4912,2648,28,28,37,21,32,32,0,0,0,0,0,0,0,0,0,0,0,0,0,0,0
653312,319,1,0,0,0,0,0,-0.0056,0.01012,0.4753,2598,38,38,23,15,30,30,0,0,0,0,0,0,0,0,0,0,0,0,0,0,0
655360,320,1,0,0,0,0,0,-0.00701,0.01099,0.5134,2434,27,27,29,14,37,37,0,0,0,0,0,0,0,0,0,0,0,0,0,0,0
657408,321,1,0,0,0,0,0,-0.00235,0.01351,0.4835,2479,29,29,37,21,25,25,0,0,0,0,0,0,0,0,0,0,0,0,0,0,0
659456,322,1,0,0,0,0,0,-0.00587,0.0137,0.469,2224,32,32,38,25,30,30,0,0,0,0,0,0,0,0,0,0,0,0,0,0,0
661504,323,1,0,0,0,0,0,-0.0072,0.00938,0.475,2733,27,27,25,16,27,27,0,0,0,0,0,0,0,0,0,0,0,0,0,0,0
663552,324,1,0,0,0,0,0,-0.00514,0.0144,0.5081,2839,21,21,40,28,32,31,0,0,0,0,0,0,0,0,0,0,0,0,0,0,0
665600,325,1,0,0,0,0,0,-0.00374,0.01302,0.4812,2577,30,30,34,16,38,38,0,0,0,0,0,0,0,0,0,0,0,0,0,0,0
667648,326,1,0,0,0,0,0,-0.00296,0.01142,0.4278,2508,44,44,36,19,26,26,0,0,0,0,0,0,0,0,0,0,0,0,0,0,0
669696,327,1,0,0,0,0,0,-0.00374,0.01458,0.405,2403,28,28,45,29,39,39,0,0,0,0,0,0,0,0,0,0,0,0,0,0,0
671744,328,1,0,0,0,0,0,-0.00408,0.01245,0.4131,2676,31,31,38,27,32,32,0,0,0,0,0,0,0,0,0,0,0,0,0,0,0
673792,329,1,0,0,0,0,0,-0.0021,0.01212,0.4036,2464,33,33,34,22,27,27,0,0,0,0,0,0,0,0,0,0,0,0,0,0,0
675840,330,1,0,0,0,0,0,-0.00227,0.01095,0.4118,2545,24,24,31,22,26,26,0,0,0,0,0,0,0,0,0,0,0,0,0,0,0
677888,331,1,0,0,0,0,0,-0.00099,0.01263,0.3907,2292,35,35,37,26,30,29,0,0,0,0,0,0,0,0,0,0,0,0,0,0,0
679936,332,1,0,0,0,0,0,-0.00399,0.01335,0.3764,2361,33,33,36,18,27,27,0,0,0,0,0,0,0,0,0,0,0,0,0,0,0
681984,333,1,0,0,0,0,0,0.00356,0.01077,0.34,2530,34,34,36,25,40,40,0,0,0,0,0,0,0,0,0,0,0,0,0,0,0
684032,334,1,0,0,0,0,0,-0.00219,0.00986,0.3468,2523,31,31,24,19,31,31,0,0,0,0,0,0,0,0,0,0,0,0,0,0,0
686080,335,1,0,0,0,0,0,-0.00443,0.01097,0.3859,2512,28,28,29,19,43,43,0,0,0,0,0,0,0,0,0,0,0,0,0,0,0
688128,336,1,0,0,0,0,0,-0.00313,0.00991,0.3998,2756,18,18,29,21,23,23,0,0,0,0,0,0,0,0,0,0,0,0,0,0,0
690176,337,1,0,0,0,0,0,-0.00027,0.00853,0.4038,2487,34,34,25,21,38,38,0,0,0,0,0,0,0,0,0,0,0,0,0,0,0
692224,338,1,0,0,0,0,0,0.00098,0.00886,0.4253,2214,31,31,23,15,28,28,0,0,0,0,0,0,0,0,0,0,0,0,0,0,0
694272,339,1,0,0,0,0,0,-0.00115,0.01004,0.395,2691,34,34,33,25,44,44,0,0,0,0,0,0,0,0,0,0,0,0,0,0,0
696320,340,1,0,0,0,0,0,-0.00252,0.00984,0.3262,2712,34,34,28,19,27,27,0,0,0,0,0,0,0,0,0,0,0,0,0,0,0
698368,341,1,0,0,0,0,0,-0.00173,0.0115,0.323,2564,36,36,40,30,28,28,0,0,0,0,0,0,0,0,0,0,0,0,0,0,0
700416,342,1,0,0,0,0,0,0.00653,0.01228,0.3864,2492,28,28,36,25,38,38,0,0,0,0,0,0,0,0,0,0,0,0,0,0,0
702464,343,1,0,0,0,0,0,-0.00479,0.01266,0.3558,2625,23,23,35,20,45,45,0,0,0,0,0,0,0,0,0,0,0,0,0,0,0
704512,344,1,0,0,0,0,0,-0.00308,0.01018,0.361,2644,29,29,26,15,40,40,0,0,0,0,0,0,0,0,0,0,0,0,0,0,0
706560,345,1,0,0,0,0,0,-0.00451,0.01411,0.2861,2572,43,43,40,28,29,29,0,0,0,0,0,0,0,0,0,0,0,0,0,0,0
708608,346,1,0,0,0,0,0,-0.00331,0.01176,0.318,2569,39,39,32,26,32,32,0,0,0,0,0,0,0,0,0,0,0,0,0,0,0
710656,347,1,0,0,0,0,0,-0.00082,0.01032,0.3599,2638,28,28,29,26,37,37,0,0,0,0,0,0,0,0,0,0,0,0,0,0,0
712704,348,1,0,0,0,0,0,-0.00435,0.0095,0.3088,2647,23,23,26,20,30,30,0,0,0,0,0,0,0,0,0,0,0,0,0,0,0
714752,349,1,0,0,0,0,0,-0.00088,0.00976,0.2799,2816,35,35,28,21,31,31,0,0,0,0,0,0,0,0,0,0,0,0,0,0,0
716800,350,1,0,0,0,0,0,-0.00328,0.01256,0.2819,2923,20,20,39,28,25,25,0,0,0,0,0,0,0,0,0,0,0,0,0,0,0
718848,351,1,0,0,0,0,0,-0.00477,0.01142,0.3034,2631,24,24,31,20,28,28,0,0,0,0,0,0,0,0,0,0,0,0,0,0,0
720896,352,1,0,0,0,0,0,-0.00075,0.01113,0.3177,2470,31,31,32,26,39,39,0,0,0,0,0,0,0,0,0,0,0,0,0,0,0
722944,353,1,0,0,0,0,0,-0.00433,0.01097,0.3318,2381,37,37,32,25,30,30,0,0,0,0,0,0,0,0,0,0,0,0,0,0,0
724992,354,1,0,0,0,0,0,-0.0019,0.00885,0.3093,2658,23,23,32,27,28,28,0,0,0,0,0,0,0,0,0,0,0,0,0,0,0
727040,355,1,0,0,0,0,0,-0.0041,0.00865,0.3499,2431,24,23,30,26,43,43,0,0,0,0,0,0,0,0,0,0,0,0,0,0,0
729088,356,1,0,0,0,0,0,-0.00254,0.00832,0.2946,2668,39,39,33,28,34,34,0,0,0,0,0,0,0,0,0,0,0,0,0,0,0
731136,357,1,0,0,0,0,0,0.00071,0.00982,0.3405,2752,32,32,26,18,33,33,0,0,0,0,0,0,0,0,0,0,0,0,0,0,0
733184,358,1,0,0,0,0,0,-0.00455,0.01323,0.3552,2568,32,32,34,23,40,39,0,0,0,0,0,0,0,0,0,0,0,0,0,0,0
735232,359,1,0,0,0,0,0,-0.00506,0.00744,0.3143,2620,34,34,30,27,41,41,0,0,0,0,0,0,0,0,0,0,0,0,0,0,0
737280,360,1,0,0,0,0,0,-0.00483,0.01004,0.325,2734,33,33,35,24,39,39,0,0,0,0,0,0,0,0,0,0,0,0,0,0,0
739328,361,1,0,0,0,0,0,-0.00475,0.00899,0.3437,2359,33,33,28,24,37,37,0,0,0,0,0,0,0,0,0,0,0,0,0,0,0
741376,362,1,0,0,0,0,0,-0.00558,0.00703,0.3118,2715,47,47,31,27,44,44,0,0,0,0,0,0,0,0,0,0,0,0,0,0,0
743424,363,1,0,0,0,0,0,-0.0051,0.01187,0.312,2568,43,43,37,27,37,37,0,0,0,0,0,0,0,0,0,0,0,0,0,0,0
745472,364,1,0,0,0,0,0,-0.00136,0.0136,0.3385,2797,37,37,35,27,39,39,0,0,0,0,0,0,0,0,0,0,0,0,0,0,0
747520,365,1,0,0,0,0,0,-0.00569,0.00936,0.3601,2574,34,34,32,24,33,33,0,0,0,0,0,0,0,0,0,0,0,0,0,0,0
749568,366,1,0,0,0,0,0,-0.00342,0.00739,0.4078,2891,29,29,28,21,33,33,0,0,0,0,0,0,0,0,0,0,0,0,0,0,0
751616,367,1,0,0,0,0,0,-0.00485,0.00885,0.3632,2749,38,37,31,27,32,32,0,0,0,0,0,0,0,0,0,0,0,0,0,0,0
753664,368,1,0,0,0,0,0,-0.00291,0.005,0.4079,2715,30,30,23,21,32,32,0,0,0,0,0,0,0,0,0,0,0,0,0,0,0
755712,369,1,0,0,0,0,0,-0.01082,0.00661,0.3824,2827,35,35,28,24,34,34,0,0,0,0,0,0,0,0,0,0,0,0,0,0,0
757760,370,1,0,0,0,0,0,-0.00365,0.00694,0.3462,2509,32,32,29,26,44,44,0,0,0,0,0,0,0,0,0,0,0,0,0,0,0
759808,371,1,0,0,0,0,0,-0.00379,0.00883,0.3021,2580,39,39,31,25,25,25,0,0,0,0,0,0,0,0,0,0,0,0,0,0,0
761856,372,1,0,0,0,0,0,-0.00596,0.00983,0.3777,2751,32,32,34,27,25,25,0,0,0,0,0,0,0,0,0,0,0,0,0,0,0
763904,373,1,0,0,0,0,0,-0.00689,0.00804,0.3404,2725,39,39,38,35,37,37,0,0,0,0,0,0,0,0,0,0,0,0,0,0,0
765952,374,1,0,0,0,0,0,-0.00311,0.00944,0.3279,2369,29,29,46,40,36,36,0,0,0,0,0,0,0,0,0,0,0,0,0,0,0
768000,375,1,0,0,0,0,0,-0.00661,0.0053,0.2853,2718,48,48,22,20,28,28,0,0,0,0,0,0,0,0,0,0,0,0,0,0,0
770048,376,1,0,0,0,0,0,-0.00299,0.01247,0.3565,2553,34,34,32,19,26,26,0,0,0,0,0,0,0,0,0,0,0,0,0,0,0
772096,377,1,0,0,0,0,0,-5e-05,0.00981,0.3187,2675,37,37,30,23,44,44,0,0,0,0,0,0,0,0,0,0,0,0,0,0,0
774144,378,1,0,0,0,0,0,0.00251,0.00795,0.3464,2634,41,41,31,26,39,39,0,0,0,0,0,0,0,0,0,0,0,0,0,0,0
776192,379,1,0,0,0,0,0,-0.00519,0.00882,0.3508,2656,39,39,36,28,31,31,0,0,0,0,0,0,0,0,0,0,0,0,0,0,0
778240,380,1,0,0,0,0,0,-0.0055,0.01193,0.3787,2544,27,27,39,29,28,28,0,0,0,0,0,0,0,0,0,0,0,0,0,0,0
780288,381,1,0,0,0,0,0,-0.00139,0.01086,0.3538,2331,37,37,39,30,31,31,0,0,0,0,0,0,0,0,0,0,0,0,0,0,0
782336,382,1,0,0,0,0,0,0.00902,0.00834,0.375,2390,30,30,34,30,42,42,0,0,0,0,0,0,0,0,0,0,0,0,0,0,0
784384,383,1,0,0,0,0,0,-0.00232,0.00942,0.3589,2460,43,43,29,21,40,40,0,0,0,0,0,0,0,0,0,0,0,0,0,0,0
786432,384,1,0,0,0,0,0,-0.00631,0.00723,0.3748,2634,38,38,31,26,38,38,0,0,0,0,0,0,0,0,0,0,0,0,0,0,0
788480,385,1,0,0,0,0,0,-0.00434,0.01167,0.3057,2642,41,41,40,29,27,27,0,0,0,0,0,0,0,0,0,0,0,0,0,0,0
790528,386,1,0,0,0,0,0,-0.00418,0.00975,0.3145,2478,43,43,35,27,34,34,0,0,0,0,0,0,0,0,0,0,0,0,0,0,0
792576,387,1,0,0,0,0,0,-0.0057,0.00842,0.2734,2709,39,39,34,29,39,39,0,0,0,0,0,0,0,0,0,0,0,0,0,0,0
794624,388,1,0,0,0,0,0,-0.0028,0.01028,0.3053,2575,36,36,34,23,37,37,0,0,0,0,0,0,0,0,0,0,0,0,0,0,0
796672,389,1,0,0,0,0,0,-0.00437,0.01148,0.2627,2063,45,45,45,35,40,40,0,0,0,0,0,0,0,0,0,0,0,0,0,0,0
798720,390,1,0,0,0,0,0,-0.00609,0.00913,0.2851,2141,47,47,39,32,36,36,0,0,0,0,0,0,0,0,0,0,0,0,0,0,0
800768,391,1,0,0,0,0,0,-0.00683,0.0139,0.2811,2399,33,33,47,34,32,32,0,0,0,0,0,0,0,0,0,0,0,0,0,0,0
802816,392,1,0,0,0,0,0,-0.00604,0.00872,0.264,2542,43,43,33,26,43,43,0,0,0,0,0,0,0,0,0,0,0,0,0,0,0
804864,393,1,0,0,0,0,0,-0.00478,0.00845,0.2554,2613,41,41,27,20,42,42,0,0,0,0,0,0,0,0,0,0,0,0,0,0,0
806912,394,1,0,0,0,0,0,-0.00408,0.00943,0.2998,2418,29,29,38,29,29,29,0,0,0,0,0,0,0,0,0,0,0,0,0,0,0
808960,395,1,0,0,0,0,0,-0.00695,0.0112,0.3366,2700,32,32,39,27,33,33,0,0,0,0,0,0,0,0,0,0,0,0,0,0,0
811008,396,1,0,0,0,0,0,-0.00677,0.01167,0.3139,2540,40,40,33,22,40,40,0,0,0,0,0,0,0,0,0,0,0,0,0,0,0
813056,397,1,0,0,0,0,0,-0.00336,0.00949,0.3143,2624,37,37,38,32,40,40,0,0,0,0,0,0,0,0,0,0,0,0,0,0,0
815104,398,1,0,0,0,0,0,-0.0034,0.00924,0.322,2501,32,32,38,30,36,36,0,0,0,0,0,0,0,0,0,0,0,0,0,0,0
817152,399,1,0,0,0,0,0,0.00161,0.00952,0.2892,2479,43,43,34,21,39,39,0,0,0,0,0,0,0,0,0,0,0,0,0,0,0
819200,400,1,0,0,0,0,0,-0.00411,0.00662,0.28,2310,38,38,40,37,28,28,0,0,0,0,0,0,0,0,0,0,0,0,0,0,0
821248,401,1,0,0,0,0,0,-0.0027,0.00554,0.2953,2609,48,48,28,25,29,29,0,0,0,0,0,0,0,0,0,0,0,0,0,0,0
823296,402,1,0,0,0,0,0,-0.00579,0.0079,0.3253,2494,34,34,32,25,34,34,0,0,0,0,0,0,0,0,0,0,0,0,0,0,0
825344,403,1,0,0,0,0,0,-0.00447,0.00753,0.3211,2488,35,35,34,28,29,29,0,0,0,0,0,0,0,0,0,0,0,0,0,0,0
827392,404,1,0,0,0,0,0,-0.00534,0.00782,0.2985,2493,41,41,30,23,40,40,0,0,0,0,0,0,0,0,0,0,0,0,0,0,0
829440,405,1,0,0,0,0,0,-0.00462,0.00703,0.4221,2504,34,34,24,21,20,20,0,0,0,0,0,0,0,0,0,0,0,0,0,0,0
831488,406,1,0,0,0,0,0,-0.00086,0.00915,0.3188,2632,30,30,39,34,37,37,0,0,0,0,0,0,0,0,0,0,0,0,0,0,0
833536,407,1,0,0,0,0,0,-0.00307,0.0086,0.2941,2632,46,46,34,28,39,39,0,0,0,0,0,0,0,0,0,0,0,0,0,0,0
835584,408,1,0,0,0,0,0,-0.00107,0.01037,0.2994,2712,44,44,42,34,30,30,0,0,0,0,0,0,0,0,0,0,0,0,0,0,0
837632,409,1,0,0,0,0,0,-0.00333,0.00944,0.2671,2770,37,37,45,38,42,42,0,0,0,0,0,0,0,0,0,0,0,0,0,0,0
839680,410,1,0,0,0,0,0,-0.0044,0.00659,0.2933,2732,41,41,29,26,28,28,0,0,0,0,0,0,0,0,0,0,0,0,0,0,0
841728,411,1,0,0,0,0,0,0.00617,0.00768,0.3128,2580,29,29,23,18,28,28,0,0,0,0,0,0,0,0,0,0,0,0,0,0,0
843776,412,1,0,0,0,0,0,-0.00465,0.00934,0.3224,2732,25,25,34,28,26,26,0,0,0,0,0,0,0,0,0,0,0,0,0,0,0
845824,413,1,0,0,0,0,0,0.0043,0.00822,0.2615,2417,30,30,37,33,34,34,0,0,0,0,0,0,0,0,0,0,0,0,0,0,0
847872,414,1,0,0,0,0,0,-0.00348,0.00809,0.2957,2360,21,21,38,35,28,28,0,0,0,0,0,0,0,0,0,0,0,0,0,0,0
855827,415,2,178,66,41,71,0,-0.0,0.03559,1.0986,4231,0,0,0,0,0,0,672,699,677,31,10,35,0,23,1,0,0,12,30,36,0
863746,416,2,175,69,37,65,4,-0.00013,0.03159,1.0986,3945,0,0,0,0,0,0,732,632,684,34,17,31,0,19,0,0,4,16,20,34,0
871733,417,2,133,48,30,51,4,-0.00022,0.0218,1.0984,4099,0,0,0,0,0,0,722,661,665,16,8,24,2,19,1,2,0,13,21,25,2
879683,418,2,175,66,40,67,2,-0.00046,0.0303,1.0981,3951,0,0,0,0,0,0,656,661,731,19,11,33,2,37,0,0,0,10,29,34,0
887583,419,2,203,71,58,73,1,-0.00041,0.03206,1.0971,4263,0,0,0,0,0,0,640,668,740,30,17,37,1,24,1,1,0,17,40,35,0
895543,420,2,168,59,40,63,6,-0.00039,0.02937,1.0948,4190,0,0,0,0,0,0,633,685,730,22,11,28,1,24,2,4,2,13,27,31,3
903471,421,2,183,57,33,89,4,-0.00016,0.02788,1.0904,3752,0,0,0,0,0,0,591,698,759,22,7,31,1,20,2,2,1,15,24,56,2
911402,422,2,187,67,47,72,1,-0.00074,0.03114,1.0856,4072,0,0,0,0,0,0,602,676,770,19,13,26,1,33,2,0,0,15,32,46,0
919343,423,2,188,78,31,77,2,-0.00087,0.03388,1.0739,4173,0,0,0,0,0,0,533,808,707,20,8,28,0,37,6,4,2,21,17,45,0
927279,424,2,188,55,45,85,3,7e-05,0.02711,1.0662,3789,0,0,0,0,0,0,391,882,775,12,11,26,2,24,0,3,0,19,34,56,1
935233,425,2,170,81,28,57,4,-9e-05,0.03242,1.058,4182,0,0,0,0,0,0,438,895,715,21,3,19,0,39,2,2,2,21,23,36,2
943197,426,2,164,59,33,69,3,-0.00062,0.02551,1.0542,3971,0,0,0,0,0,0,450,862,736,15,7,21,2,28,2,1,0,16,24,47,1
951176,427,2,176,66,42,62,6,-0.00613,0.02942,1.0021,4011,0,0,0,0,0,0,355,910,783,8,6,24,0,44,3,2,2,14,33,36,4
959065,428,2,219,96,40,82,1,-0.0018,0.03595,0.9755,3904,0,0,0,0,0,0,259,890,899,12,6,14,0,55,2,3,0,29,32,65,1
966992,429,2,175,72,39,62,2,-0.00347,0.03042,0.956,3666,0,0,0,0,0,0,230,1052,766,11,4,7,0,51,1,2,1,10,34,53,1
974980,430,2,162,64,43,50,5,-0.00285,0.02679,0.9707,3912,0,0,0,0,0,0,236,1162,650,12,6,10,0,44,9,2,2,8,28,38,3
982918,431,2,191,75,43,72,1,-0.00405,0.03054,0.9622,3920,0,0,0,0,0,0,257,1010,781,7,4,15,0,54,1,3,1,14,38,54,0
990888,432,2,177,75,41,57,4,-0.00666,0.0337,0.9801,4094,0,0,0,0,0,0,276,1081,691,7,6,14,1,51,4,1,2,17,31,42,1
998821,433,2,200,83,43,73,1,-0.01075,0.0388,0.9496,4108,0,0,0,0,0,0,277,930,841,9,8,20,0,59,3,2,1,15,32,51,0
1006662,434,2,241,119,46,76,0,-0.0074,0.04274,0.887,4064,0,0,0,0,0,0,225,883,940,15,5,8,0,85,1,8,0,19,40,60,0
1014521,435,2,253,130,52,71,0,-0.00595,0.04123,0.833,4051,0,0,0,0,0,0,204,867,977,8,4,7,0,103,3,7,0,19,45,57,0
1022341,436,2,273,149,65,59,0,-0.00958,0.04238,0.7221,3959,0,0,0,0,0,0,204,920,924,4,9,14,0,136,5,6,0,9,51,39,0
1030199,437,2,257,153,53,49,2,-0.00535,0.04429,0.6552,3944,0,0,0,0,0,0,157,910,981,5,7,8,0,140,7,3,2,8,39,38,0
1038029,438,2,253,162,44,46,1,-0.00592,0.0401,0.5987,3941,0,0,0,0,0,0,177,933,938,4,9,9,0,154,5,6,0,4,30,31,1
1045827,439,2,278,174,51,50,3,-0.00175,0.04162,0.5599,3874,0,0,0,0,0,0,118,971,959,3,5,4,0,164,4,9,3,7,42,37,0
1053657,440,2,279,162,65,51,1,-0.00454,0.04136,0.5081,3746,0,0,0,0,0,0,148,1006,894,3,16,13,0,157,6,7,1,2,43,31,0
1061446,441,2,287,182,63,42,0,-0.0036,0.04157,0.5231,4005,0,0,0,0,0,0,178,860,1010,5,9,5,0,172,11,11,0,5,43,26,0
1069264,442,2,268,180,42,45,1,-0.00228,0.03894,0.4744,4305,0,0,0,0,0,0,156,944,948,2,4,4,0,176,5,10,1,2,33,31,0
1077066,443,2,276,184,46,46,0,-0.0031,0.03977,0.4746,4059,0,0,0,0,0,0,162,916,970,3,7,11,0,179,3,12,0,2,36,23,0
1084904,444,2,250,166,40,42,2,-0.00315,0.03598,0.4917,3965,0,0,0,0,0,0,141,976,931,4,3,4,0,160,5,11,2,2,32,27,0
1092724,445,2,258,166,48,40,4,-0.00291,0.03566,0.4511,4020,0,0,0,0,0,0,152,1051,845,6,10,7,0,159,5,11,4,1,33,22,0
1100520,446,2,269,160,66,41,2,-0.00325,0.0394,0.4464,4271,0,0,0,0,0,0,215,915,918,4,13,6,0,155,8,13,2,1,45,22,0
1108366,447,2,263,184,45,32,2,-0.00423,0.03226,0.3768,4250,0,0,0,0,0,0,144,1001,903,3,7,3,0,177,3,9,1,4,35,20,1
1116152,448,2,271,165,53,52,1,-0.00135,0.03677,0.3889,4019,0,0,0,0,0,0,142,1004,902,1,7,6,0,163,5,18,1,1,41,28,0
1123989,449,2,268,176,61,27,4,-0.00158,0.0345,0.3835,3979,0,0,0,0,0,0,122,1046,880,4,7,1,1,169,11,6,3,3,43,20,0
1131771,450,2,276,181,52,39,4,-0.00204,0.03289,0.3503,4139,0,0,0,0,0,0,131,994,923,4,6,4,0,175,5,11,4,2,41,24,0
1139612,451,2,252,161,49,39,3,-0.00273,0.03219,0.3707,3857,0,0,0,0,0,0,146,1010,892,1,6,5,1,160,8,10,2,0,35,24,0
1147439,452,2,267,191,42,31,3,-0.00329,0.02992,0.3231,4194,0,0,0,0,0,0,123,1038,887,4,7,3,0,184,7,12,3,3,28,16,0
1155272,453,2,257,185,37,33,2,-0.00309,0.03245,0.2814,3916,0,0,0,0,0,0,109,1057,882,0,5,1,0,182,6,11,2,3,26,21,0
1163111,454,2,254,174,46,32,2,-0.0034,0.03159,0.2783,4132,0,0,0,0,0,0,125,1076,847,1,7,5,0,173,13,10,2,0,26,17,0
1170966,455,2,261,176,45,36,4,0.00049,0.031,0.2869,4038,0,0,0,0,0,0,140,1012,896,3,3,4,0,169,4,12,4,4,38,20,0
1178809,456,2,253,179,44,26,4,-0.00097,0.0304,0.2234,4175,0,0,0,0,0,0,93,1116,839,1,4,3,0,178,7,9,4,0,33,14,0
1186619,457,2,271,194,37,34,6,-0.00334,0.03167,0.2378,3865,0,0,0,0,0,0,78,1036,934,0,2,2,0,191,5,11,6,3,30,21,0
1194461,458,2,262,171,48,39,4,-0.00172,0.0352,0.2084,3791,0,0,0,0,0,0,103,1049,896,2,7,5,0,168,6,18,4,1,35,16,0
1202229,459,2,307,211,55,40,1,-0.00017,0.03748,0.2478,3869,0,0,0,0,0,0,70,956,1022,3,2,3,0,205,9,15,1,3,44,22,0
1209982,460,2,292,196,53,43,0,-0.00247,0.0356,0.2097,3757,0,0,0,0,0,0,72,988,988,1,5,6,0,194,10,18,0,1,38,19,0
1217796,461,2,263,186,40,33,4,-0.00196,0.03209,0.2105,3904,0,0,0,0,0,0,82,1057,909,3,1,5,0,180,5,13,4,3,34,15,0
1225580,462,2,278,176,64,35,3,-0.00156,0.03303,0.1846,4140,0,0,0,0,0,0,64,1036,948,2,9,3,0,173,9,14,3,1,46,18,0
1233432,463,2,240,167,41,27,5,-0.00038,0.02485,0.1808,4039,0,0,0,0,0,0,54,1149,845,0,3,3,0,165,10,7,5,2,28,17,0
1241269,464,2,260,161,52,39,8,-0.00255,0.03044,0.177,3884,0,0,0,0,0,0,58,1139,851,1,5,3,0,160,7,8,8,0,40,28,0
1249079,465,2,271,185,54,29,3,-0.00131,0.03153,0.2001,3947,0,0,0,0,0,0,75,1066,907,0,5,3,0,184,8,8,3,1,41,18,0
1256911,466,2,284,194,48,37,5,-0.00074,0.03025,0.1902,4127,0,0,0,0,0,0,77,1022,949,2,4,4,0,188,7,8,5,4,37,25,0
1264694,467,2,276,187,45,40,4,-0.0026,0.03126,0.1756,3967,0,0,0,0,0,0,71,1044,933,0,1,3,0,185,7,13,4,2,37,24,0
1272526,468,2,286,187,57,39,3,-0.00148,0.03113,0.2107,3898,0,0,0,0,0,0,93,963,992,2,3,7,0,181,7,8,3,4,47,24,0
1280378,469,2,256,180,42,29,5,-0.00171,0.02767,0.1629,4003,0,0,0,0,0,0,90,1101,857,0,6,8,0,177,8,6,5,3,28,15,0
1288170,470,2,267,175,53,37,2,-0.00258,0.03238,0.1929,3967,0,0,0,0,0,0,89,1037,922,3,2,6,0,172,13,15,2,0,38,16,0
1295945,471,2,277,199,45,28,5,-0.00154,0.03091,0.163,4084,0,0,0,0,0,0,87,1060,901,0,3,3,0,198,7,8,4,1,35,17,1
1303770,472,2,282,193,46,38,5,-0.00158,0.03145,0.1679,3984,0,0,0,0,0,0,92,1030,926,2,6,8,0,190,7,13,5,1,33,17,0
1311594,473,2,275,189,38,46,2,-0.00141,0.03261,0.172,3581,0,0,0,0,0,0,70,1046,932,0,3,3,1,187,5,18,1,2,30,25,0
1319420,474,2,266,189,40,33,4,-0.00161,0.03195,0.1828,3902,0,0,0,0,0,0,76,1060,912,1,5,2,0,186,9,8,4,2,26,23,0
1327229,475,2,273,185,54,29,5,-0.00064,0.03063,0.1553,4069,0,0,0,0,0,0,70,1054,924,0,4,1,0,184,7,13,4,1,43,15,1
1335038,476,2,272,196,45,26,5,-0.00099,0.02786,0.1726,3986,0,0,0,0,0,0,86,1045,917,1,3,3,0,193,4,11,5,2,38,12,0
1342887,477,2,237,160,39,31,7,-0.0001,0.02864,0.1537,4051,0,0,0,0,0,0,63,1189,796,1,3,3,0,158,9,15,7,1,27,13,0
1350692,478,2,250,165,50,28,7,-0.00229,0.02906,0.1728,4438,0,0,0,0,0,0,73,1105,870,0,2,3,0,164,15,6,7,1,33,19,0
1358488,479,2,276,197,40,35,4,-0.00071,0.0261,0.1971,4046,0,0,0,0,0,0,100,1035,913,1,4,6,0,194,8,10,4,2,28,19,0
1366309,480,2,272,186,53,28,5,-0.00129,0.03053,0.1875,3934,0,0,0,0,0,0,89,1054,905,2,6,4,0,183,8,11,5,1,39,13,0
1374143,481,2,268,181,52,28,7,-0.00128,0.02971,0.1874,3999,0,0,0,0,0,0,87,1063,898,3,2,0,0,175,14,11,7,3,36,17,0
1381978,482,2,245,166,42,34,3,-0.00128,0.03057,0.197,4291,0,0,0,0,0,0,100,1090,858,1,5,8,0,164,8,15,3,1,29,11,0
1389767,483,2,282,184,56,38,4,-0.00163,0.03259,0.2045,4177,0,0,0,0,0,0,102,1047,899,1,4,7,0,180,6,16,4,3,46,15,0
1397542,484,2,271,180,50,39,2,-0.0015,0.03279,0.1861,4233,0,0,0,0,0,0,85,1035,928,1,1,4,0,177,7,18,2,2,42,17,0
1405363,485,2,264,175,53,30,6,0.00048,0.0294,0.1974,4144,0,0,0,0,0,0,99,1089,860,0,6,5,0,174,10,8,6,1,37,17,0
1413192,486,2,249,168,43,33,5,-0.00349,0.0292,0.1853,4051,0,0,0,0,0,0,88,1131,829,0,2,8,0,168,7,10,5,0,34,15,0
1421004,487,2,295,194,54,43,4,-0.00123,0.03334,0.2102,4109,0,0,0,0,0,0,103,969,976,2,2,4,0,190,9,12,4,2,43,27,0
1428832,488,2,292,191,58,41,2,-0.00158,0.03135,0.1823,3859,0,0,0,0,0,0,84,1002,962,1,5,3,0,190,6,11,2,0,47,27,0
1436689,489,2,257,170,43,39,5,-0.00205,0.02997,0.1873,3919,0,0,0,0,0,0,104,1067,877,0,2,4,0,170,11,13,5,0,30,22,0
1444516,490,2,259,174,41,36,8,-0.00071,0.02695,0.1658,4090,0,0,0,0,0,0,78,1082,888,1,1,5,0,172,11,13,8,1,29,18,0
1452294,491,2,289,188,61,35,5,-0.00352,0.0299,0.1892,4289,0,0,0,0,0,0,128,1028,892,0,8,5,0,188,6,12,5,0,47,18,0
1460117,492,2,268,179,50,37,2,-0.00149,0.02906,0.1807,4388,0,0,0,0,0,0,104,1064,880,1,5,8,0,175,7,11,2,3,38,18,0
1467898,493,2,292,203,48,36,5,-0.00053,0.03304,0.1734,3865,0,0,0,0,0,0,117,1023,908,2,2,6,0,200,7,17,5,1,39,13,0
1475656,494,2,298,209,45,41,3,-0.00253,0.03123,0.1712,4022,0,0,0,0,0,0,92,965,991,2,1,2,0,204,4,17,3,3,40,22,0
1483464,495,2,271,184,54,30,3,-0.00116,0.0274,0.1629,4134,0,0,0,0,0,0,92,1073,883,1,4,3,0,182,14,10,3,1,36,17,0
1491293,496,2,255,170,48,27,10,-0.00176,0.02398,0.1365,4262,0,0,0,0,0,0,91,1160,797,2,3,6,0,166,8,6,10,2,37,15,0
1499091,497,2,282,204,45,28,5,-0.00152,0.02562,0.1649,4256,0,0,0,0,0,0,77,1032,939,2,6,2,0,202,7,8,5,0,32,18,0
1506881,498,2,296,195,56,43,2,-0.00041,0.03286,0.1685,4348,0,0,0,0,0,0,96,994,958,0,4,5,0,191,11,16,2,4,41,22,0
1514695,499,2,269,188,47,30,4,-0.00119,0.02716,0.158,4300,0,0,0,0,0,0,89,1024,935,2,2,2,0,185,2,15,4,1,43,13,0
1522481,500,2,281,208,39,31,3,4e-05,0.02761,0.1498,3900,0,0,0,0,0,0,91,1028,929,1,1,5,0,204,7,8,3,3,31,18,0
1530329,501,2,267,190,39,31,7,-0.00076,0.02637,0.1365,4048,0,0,0,0,0,0,69,1064,915,0,1,2,0,186,10,12,7,4,28,17,0
1538136,502,2,286,185,66,34,1,-0.00163,0.03287,0.1549,3999,0,0,0,0,0,0,105,1030,913,1,5,3,0,184,16,13,1,0,45,18,0
1545955,503,2,267,182,47,32,6,-0.00225,0.03116,0.173,3917,0,0,0,0,0,0,82,1097,869,1,2,5,0,179,10,9,6,2,35,18,0
1553799,504,2,248,174,39,31,4,-0.00336,0.02986,0.1561,3817,0,0,0,0,0,0,79,1139,830,1,3,5,0,172,12,10,4,1,24,16,0
1561632,505,2,277,180,54,36,7,-0.00121,0.02859,0.1568,4041,0,0,0,0,0,0,79,1115,854,2,2,8,0,175,9,15,7,3,43,13,0
1569421,506,2,282,196,45,37,4,-0.00199,0.024,0.1891,4099,0,0,0,0,0,0,103,1025,920,2,4,2,0,192,5,13,4,2,36,22,0
1577223,507,2,267,180,52,30,5,-0.00063,0.0285,0.1711,4317,0,0,0,0,0,0,110,1082,856,1,1,14,0,177,10,7,5,2,41,9,0
1585036,508,2,268,187,41,31,9,-0.00245,0.02699,0.1747,4261,0,0,0,0,0,0,98,1097,853,2,7,3,0,184,7,12,9,1,27,16,0
1592833,509,2,297,195,59,40,3,-0.00268,0.03168,0.1845,4173,0,0,0,0,0,0,100,994,954,2,6,8,0,192,10,11,3,1,43,21,0
1600687,510,2,250,173,44,27,6,-0.0015,0.02304,0.166,4297,0,0,0,0,0,0,85,1141,822,1,4,7,1,172,7,11,5,0,33,9,0
1608520,511,2,251,184,39,25,3,-0.0016,0.0234,0.1738,4361,0,0,0,0,0,0,74,1088,886,0,2,7,0,181,10,8,3,3,27,10,0
1616361,512,2,259,180,40,34,5,-0.00331,0.02748,0.1587,4477,0,0,0,0,0,0,74,1153,821,4,5,6,0,175,4,13,5,1,31,15,0
1624177,513,2,282,184,55,36,7,-0.00294,0.03043,0.1559,4318,0,0,0,0,0,0,76,1042,930,1,3,7,0,181,11,13,7,2,41,16,0
1632011,514,2,273,185,49,34,5,-0.00183,0.02524,0.1355,4277,0,0,0,0,0,0,54,1119,875,0,1,9,0,185,5,11,5,0,43,14,0
1639849,515,2,253,168,46,34,5,-0.00312,0.02787,0.1535,4371,0,0,0,0,0,0,61,1164,823,0,3,3,0,166,10,15,5,2,33,16,0
1647666,516,2,267,195,35,35,2,-0.00266,0.02962,0.1529,4394,0,0,0,0,0,0,67,1086,895,0,2,4,0,193,8,9,2,2,25,22,0
1655508,517,2,256,172,45,34,5,-0.00113,0.0265,0.1573,2840,0,0,0,0,0,0,54,1184,810,1,1,5,0,169,8,13,5,2,36,16,0
1663346,518,2,250,162,50,31,7,-0.00116,0.02752,0.1532,4284,0,0,0,0,0,0,72,1180,796,2,3,2,0,160,17,13,7,0,30,16,0
1671259,519,2,206,143,36,19,8,-0.0011,0.02375,0.1617,4425,0,0,0,0,0,0,66,1310,672,0,4,3,0,143,6,5,8,0,26,11,0
1679081,520,2,260,186,39,29,6,-0.00252,0.02158,0.1872,3894,0,0,0,0,0,0,100,1104,844,3,3,3,0,182,7,13,6,1,29,13,0
1686947,521,2,252,183,44,22,3,-0.00243,0.02446,0.2074,3912,0,0,0,0,0,0,123,1119,806,3,8,3,0,180,8,9,3,0,28,10,0
1694764,522,2,262,186,39,31,6,-0.00048,0.03024,0.1908,4186,0,0,0,0,0,0,102,1081,865,1,0,5,0,185,4,11,6,0,35,15,0
1702616,523,2,255,189,40,20,6,-0.00271,0.02692,0.2113,4034,0,0,0,0,0,0,141,1068,839,1,7,9,0,187,6,5,5,1,27,6,1
1710465,524,2,252,177,40,31,4,-0.00271,0.02684,0.1957,4337,0,0,0,0,0,0,125,1099,824,3,3,5,0,173,8,14,4,1,29,12,0
1718286,525,2,273,188,43,40,2,-0.00239,0.02931,0.2048,3982,0,0,0,0,0,0,157,1012,879,2,3,15,0,184,7,13,2,2,33,12,0
1726110,526,2,254,179,44,26,5,-0.00094,0.02188,0.2093,3929,0,0,0,0,0,0,129,1135,784,6,5,5,1,173,7,12,4,0,32,9,0
1733929,527,2,279,180,57,35,7,-0.00285,0.02801,0.2011,3760,0,0,0,0,0,0,126,1070,852,1,7,10,0,175,9,10,7,4,41,15,0
1741776,528,2,263,169,52,36,6,-0.00221,0.02713,0.1645,4204,0,0,0,0,0,0,107,1077,864,0,5,6,0,167,7,11,6,2,40,19,0
1749570,529,2,260,176,47,32,5,-0.00217,0.02654,0.1724,4241,0,0,0,0,0,0,128,1128,792,0,8,6,0,175,11,10,5,1,28,16,0
1757344,530,2,286,191,60,32,3,-0.00272,0.02764,0.1624,4022,0,0,0,0,0,0,95,1047,906,4,2,8,0,186,5,7,2,1,53,17,1
1765217,531,2,247,167,44,32,4,-0.00196,0.02253,0.169,4074,0,0,0,0,0,0,85,1159,804,1,5,6,0,163,10,13,4,3,29,13,0
1773034,532,2,275,189,48,36,2,-0.00135,0.0284,0.1687,4155,0,0,0,0,0,0,107,1074,867,3,11,10,0,186,4,11,2,0,33,15,0
1780859,533,2,254,178,45,25,6,-0.00132,0.02313,0.1717,4309,0,0,0,0,0,0,90,1097,861,1,4,4,0,176,11,11,6,1,30,10,0
1788689,534,2,253,171,41,37,4,-0.00224,0.02396,0.1928,4394,0,0,0,0,0,0,107,1109,832,0,3,8,0,169,4,11,4,2,34,18,0
1796543,535,2,236,170,37,22,7,-0.00279,0.02108,0.1653,4350,0,0,0,0,0,0,87,1216,745,1,1,2,0,166,9,8,7,3,27,12,0
1804332,536,2,269,188,50,28,3,-0.00102,0.02393,0.1711,3977,0,0,0,0,0,0,131,1058,859,3,7,7,0,185,8,10,3,0,35,11,0
1812147,537,2,266,191,45,26,4,-8e-05,0.02499,0.1734,4288,0,0,0,0,0,0,90,1084,874,0,6,4,0,190,12,9,4,1,27,13,0
1819924,538,2,284,198,45,36,5,-0.00235,0.02647,0.1551,4387,0,0,0,0,0,0,80,1043,925,1,3,5,0,193,5,17,5,4,37,14,0
1827729,539,2,276,195,39,36,6,-0.00162,0.02746,0.1544,3855,0,0,0,0,0,0,87,1066,895,3,0,5,1,191,6,12,5,1,33,19,0
1835493,540,2,307,225,57,24,1,-0.00189,0.02341,0.1757,3997,0,0,0,0,0,0,86,947,1015,0,7,5,0,224,7,4,1,1,43,15,0
1843291,541,2,282,207,40,31,4,-0.002,0.02287,0.116,3650,0,0,0,0,0,0,44,1076,928,0,2,4,0,207,3,14,4,0,35,13,0
1851113,542,2,260,183,48,23,6,-0.00204,0.02633,0.1467,3849,0,0,0,0,0,0,55,1060,933,0,2,0,0,182,3,10,6,1,43,13,0
1858950,543,2,258,181,51,23,3,-0.00222,0.02362,0.1885,4118,0,0,0,0,0,0,96,1117,835,1,3,4,1,179,6,5,2,1,42,14,0
1866836,544,2,250,171,45,28,6,-0.00263,0.02351,0.1411,4277,0,0,0,0,0,0,79,1103,866,1,3,7,0,168,11,7,6,2,31,14,0
1874681,545,2,244,168,45,23,8,-0.00155,0.02644,0.1424,4273,0,0,0,0,0,0,71,1127,850,4,4,4,0,160,4,13,7,4,37,6,1
1882482,546,2,268,183,52,29,4,-0.00081,0.02325,0.1322,3905,0,0,0,0,0,0,65,1076,907,1,3,3,0,180,8,12,4,2,41,14,0
1890312,547,2,254,179,52,19,4,-0.00195,0.01962,0.1319,3995,0,0,0,0,0,0,73,1171,804,3,5,1,0,175,8,8,4,1,39,10,0
1898150,548,2,277,176,60,37,4,-0.00166,0.02745,0.1393,4119,0,0,0,0,0,0,73,1066,909,0,8,7,1,176,17,12,3,0,35,18,0
1905930,549,2,296,201,50,42,3,-0.00036,0.02704,0.1134,3713,0,0,0,0,0,0,57,1046,945,0,4,6,1,201,10,17,2,0,36,19,0
1913788,550,2,256,174,42,34,6,-0.00113,0.02178,0.0948,3909,0,0,0,0,0,0,45,1152,851,2,4,6,0,168,7,12,6,4,31,16,0
1921557,551,2,295,211,50,32,2,-0.00097,0.02733,0.124,4025,0,0,0,0,0,0,59,1040,949,1,4,7,0,209,7,11,2,1,39,14,0
1929408,552,2,251,172,43,31,5,-0.0026,0.02507,0.1289,4250,0,0,0,0,0,0,62,1140,846,1,3,8,0,170,7,10,5,1,33,13,0
1937307,553,2,232,156,45,22,9,-0.00574,0.02222,0.1204,4197,0,0,0,0,0,0,62,1191,795,0,4,4,0,155,12,7,9,1,29,11,0
1945111,554,2,265,189,44,27,5,-0.00212,0.02081,0.1197,4264,0,0,0,0,0,0,51,1109,888,0,5,3,0,188,6,12,5,1,33,12,0
1952904,555,2,274,194,50,27,3,-0.00167,0.02453,0.1479,3852,0,0,0,0,0,0,62,1096,890,0,2,2,0,193,14,11,3,1,34,14,0
1960666,556,2,313,218,55,39,1,-0.00318,0.02757,0.1587,3890,0,0,0,0,0,0,74,899,1075,3,2,4,0,212,5,12,1,3,48,23,0
1968447,557,2,271,185,46,34,6,-0.00141,0.02403,0.102,4069,0,0,0,0,0,0,51,1137,860,3,4,6,0,182,10,17,6,0,32,11,0
1976222,558,2,286,200,42,40,4,-0.00153,0.02727,0.1276,4154,0,0,0,0,0,0,68,1052,928,3,0,9,0,197,9,12,4,0,33,19,0
1984044,559,2,277,186,52,37,2,-0.00085,0.02589,0.1202,4265,0,0,0,0,0,0,57,1051,940,2,1,7,0,183,11,10,2,1,40,20,0
1991926,560,2,242,163,38,32,9,-0.00312,0.02306,0.1105,4348,0,0,0,0,0,0,63,1201,784,1,2,2,0,162,9,11,9,0,27,19,0
1999775,561,2,252,175,43,29,5,-0.00408,0.02424,0.1062,4443,0,0,0,0,0,0,51,1139,858,2,3,6,0,171,8,13,5,2,32,10,0
2007563,562,2,280,187,56,33,4,-0.00151,0.02557,0.1138,4290,0,0,0,0,0,0,55,1069,924,0,4,6,0,185,2,13,4,2,50,14,0
2015352,563,2,282,198,48,32,4,0.00202,0.02314,0.1217,4245,0,0,0,0,0,0,41,1126,881,2,1,3,1,192,5,11,3,4,42,18,0
2023096,564,2,308,207,63,37,1,-0.00196,0.02851,0.1246,4123,0,0,0,0,0,0,59,1015,974,1,6,15,0,205,15,10,1,1,42,12,0
2030886,565,2,270,203,44,22,1,-0.00119,0.02176,0.1154,4233,0,0,0,0,0,0,38,1059,951,0,4,0,0,202,4,11,1,1,36,11,0
2038641,566,2,291,190,63,33,5,-0.00205,0.02672,0.1244,4388,0,0,0,0,0,0,72,1042,934,1,6,8,0,188,9,13,5,1,48,12,0
2046428,567,2,273,182,50,36,5,-0.00198,0.0228,0.1349,4204,0,0,0,0,0,0,63,1111,874,2,3,3,0,179,6,15,5,1,41,18,0
2054224,568,2,275,180,50,40,5,-0.00198,0.02497,0.1265,4272,0,0,0,0,0,0,84,1050,914,1,2,7,0,177,10,17,5,2,38,16,0
2062063,569,2,250,175,47,22,6,-0.00215,0.0205,0.1232,4321,0,0,0,0,0,0,60,1169,819,0,3,4,0,173,7,10,6,2,37,8,0
2069861,570,2,281,190,53,35,3,-0.00188,0.023,0.1199,3952,0,0,0,0,0,0,65,1125,858,2,3,4,0,188,5,10,3,0,45,21,0
2077677,571,2,270,189,41,34,6,-0.00273,0.02359,0.1039,4115,0,0,0,0,0,0,67,1078,903,2,2,9,0,186,5,13,6,1,34,12,0
2085475,572,2,283,182,57,40,4,-0.00235,0.02701,0.1357,4233,0,0,0,0,0,0,66,1068,914,0,3,8,1,180,9,17,3,2,45,15,0
2093312,573,2,263,172,46,40,5,-0.00177,0.02612,0.1387,4107,0,0,0,0,0,0,90,1152,806,4,4,7,0,168,10,17,5,0,32,16,0
2101117,574,2,278,188,49,35,6,-0.00203,0.02584,0.1481,4225,0,0,0,0,0,0,73,1084,891,0,6,2,0,186,5,8,6,2,38,25,0
2108913,575,2,290,195,59,30,6,-0.00171,0.02775,0.166,3988,0,0,0,0,0,0,114,1036,898,2,3,6,0,188,10,12,6,5,46,12,0
2116749,576,2,260,179,47,30,4,-0.0027,0.02177,0.1323,3900,0,0,0,0,0,0,72,1117,859,0,5,3,0,175,6,11,4,4,36,16,0
2124591,577,2,274,203,37,30,4,7e-05,0.02137,0.1242,3844,0,0,0,0,0,0,84,1078,886,1,4,7,1,200,6,10,3,2,27,13,0
2132392,578,2,273,191,49,28,5,-0.00159,0.02348,0.1214,4028,0,0,0,0,0,0,72,1079,897,1,1,9,0,188,9,7,5,2,39,12,0
2140221,579,2,254,168,47,33,6,-0.0004,0.0224,0.1287,3938,0,0,0,0,0,0,69,1121,858,0,3,4,1,168,8,12,5,0,36,17,0
2148043,580,2,258,180,42,29,7,-0.00105,0.02503,0.1302,3659,0,0,0,0,0,0,81,1134,833,0,5,5,0,180,6,7,7,0,31,17,0
2155846,581,2,285,199,47,32,7,-0.00116,0.02362,0.1318,3806,0,0,0,0,0,0,93,1055,900,1,3,8,0,197,3,9,7,1,41,15,0
2163667,582,2,284,192,44,43,5,-0.00204,0.02862,0.1598,4505,0,0,0,0,0,0,96,1001,951,1,1,7,0,188,8,11,5,3,35,25,0
2171507,583,2,262,164,43,48,7,-0.00154,0.029,0.1484,4323,0,0,0,0,0,0,94,1082,872,1,3,10,0,161,8,14,7,2,32,24,0
2179296,584,2,290,187,65,34,4,-0.00184,0.02719,0.1673,4095,0,0,0,0,0,0,130,1023,895,0,5,7,0,185,8,13,4,2,52,14,0
2187106,585,2,259,172,51,32,4,-0.0027,0.02404,0.1307,4244,0,0,0,0,0,0,80,1124,844,1,5,10,0,171,6,13,4,0,40,9,0
2194967,586,2,231,156,45,26,4,-0.00187,0.02146,0.1146,4163,0,0,0,0,0,0,85,1194,769,0,2,6,0,156,7,11,4,0,36,9,0
2202791,587,2,259,184,48,22,5,-0.00099,0.02048,0.144,4066,0,0,0,0,0,0,99,1089,860,2,9,5,1,181,9,8,4,1,30,9,0
2210599,588,2,272,183,51,33,5,-0.0016,0.02291,0.1406,4266,0,0,0,0,0,0,111,1084,853,4,2,7,0,178,11,12,5,1,38,14,0
2218393,589,2,274,178,57,34,5,-0.00201,0.02538,0.1708,4509,0,0,0,0,0,0,108,1086,854,0,5,9,0,175,16,15,5,3,36,10,0
2226246,590,2,254,172,48,24,10,-2e-05,0.02194,0.1586,4218,0,0,0,0,0,0,106,1169,773,1,4,9,0,169,5,9,10,2,39,6,0
2234128,591,2,262,167,47,44,4,-0.00144,0.02693,0.1527,4325,0,0,0,0,0,0,109,1103,836,3,4,7,0,163,12,18,4,1,31,19,0
2241941,592,2,262,179,42,36,5,-0.00221,0.02396,0.1497,4190,0,0,0,0,0,0,110,1102,836,3,5,12,0,176,9,12,5,0,28,12,0
2249755,593,2,272,180,55,32,5,-0.00093,0.02462,0.1263,4161,0,0,0,0,0,0,97,1082,869,2,3,5,0,178,6,17,5,0,46,10,0
2257578,594,2,263,181,40,36,6,-0.00196,0.02487,0.1207,3600,0,0,0,0,0,0,113,1067,868,2,4,9,1,179,6,13,5,0,30,14,0
2265418,595,2,265,169,56,32,8,-0.00034,0.02352,0.1194,4053,0,0,0,0,0,0,95,1149,804,5,3,8,0,163,6,9,8,1,47,15,0
2273183,596,2,298,192,62,41,3,-0.00242,0.02342,0.1199,3855,0,0,0,0,0,0,104,1007,937,0,4,11,0,191,7,9,3,1,51,21,0
2281044,597,2,255,174,42,34,5,-0.00176,0.02277,0.1052,3998,0,0,0,0,0,0,103,1113,832,5,5,7,0,169,10,13,5,0,27,14,0
2288856,598,2,259,174,50,30,5,-0.00134,0.02286,0.125,4067,0,0,0,0,0,0,111,1107,830,1,6,2,0,172,10,13,5,1,34,15,0
2296675,599,2,275,192,40,37,6,-0.00392,0.0254,0.1198,3985,0,0,0,0,0,0,101,1039,908,2,5,9,0,189,6,14,6,1,29,14,0
2304492,600,2,283,192,55,33,3,-0.00299,0.0221,0.1446,4169,0,0,0,0,0,0,109,1034,905,3,4,5,0,186,5,13,3,3,46,15,0
2312308,601,2,279,187,56,33,3,-0.00183,0.0236,0.1429,4115,0,0,0,0,0,0,118,1067,863,1,1,6,0,185,9,14,3,1,46,13,0
2320130,602,2,272,183,48,37,4,-0.00235,0.02422,0.1413,3933,0,0,0,0,0,0,108,1080,860,1,4,8,0,181,7,17,4,1,37,12,0
2327925,603,2,283,189,55,35,4,-0.00324,0.02285,0.1383,3894,0,0,0,0,0,0,103,1040,905,2,7,4,0,186,7,16,4,1,41,15,0
2335697,604,2,300,204,57,38,1,0.00042,0.02538,0.1416,3777,0,0,0,0,0,0,124,984,940,2,7,8,0,200,8,12,1,2,42,18,0
2343499,605,2,285,181,51,50,3,-0.00218,0.02821,0.1587,4069,0,0,0,0,0,0,118,976,954,3,12,10,0,177,7,15,3,1,32,25,0
2351311,606,2,283,194,49,38,2,-0.00241,0.02626,0.1717,4385,0,0,0,0,0,0,117,975,956,3,7,12,0,188,11,13,2,3,31,13,0
2359139,607,2,269,191,36,36,6,-0.0022,0.02311,0.1782,4264,0,0,0,0,0,0,128,1026,894,6,1,6,1,182,6,16,5,3,29,14,0
2366946,608,2,287,183,53,48,3,-0.00218,0.0245,0.1618,4090,0,0,0,0,0,0,135,983,930,2,7,17,0,181,8,13,3,0,38,18,0
2374744,609,2,276,191,46,36,3,-0.00166,0.02609,0.1543,3990,0,0,0,0,0,0,119,1010,919,2,2,8,0,188,8,12,3,1,36,16,0
2382572,610,2,259,180,37,38,4,-0.00042,0.02114,0.1239,4035,0,0,0,0,0,0,104,1090,854,4,5,7,0,176,5,13,3,0,27,18,1
2390317,611,2,290,206,47,30,7,-0.00218,0.02198,0.1418,4038,0,0,0,0,0,0,126,990,932,1,3,9,0,205,9,9,6,0,35,12,1
2398125,612,2,276,181,54,36,5,-0.00307,0.02533,0.1506,4004,0,0,0,0,0,0,158,1001,889,2,7,12,0,179,7,8,5,0,40,16,0
2405932,613,2,285,193,50,38,4,-0.00126,0.02455,0.1435,4154,0,0,0,0,0,0,145,1011,892,2,9,11,0,189,5,8,4,2,36,19,0
2413791,614,2,264,187,32,40,5,-0.00212,0.02246,0.1353,4046,0,0,0,0,0,0,130,1078,840,4,3,16,0,182,6,11,5,1,23,13,0
2421626,615,2,261,169,46,39,7,-0.00153,0.02456,0.1422,3748,0,0,0,0,0,0,115,1093,840,1,4,9,0,168,8,10,7,0,34,20,0
2429451,616,2,275,177,47,46,5,-0.00364,0.02642,0.1436,4216,0,0,0,0,0,0,104,1082,862,3,3,10,0,173,8,12,5,1,36,24,0
2437264,617,2,261,173,51,33,4,-0.00133,0.02548,0.1317,3975,0,0,0,0,0,0,132,1075,841,0,4,8,0,172,11,13,4,1,36,12,0
2445017,618,2,301,213,51,35,2,-0.00128,0.02357,0.1343,3898,0,0,0,0,0,0,99,1004,945,2,5,5,0,211,13,15,2,0,33,15,0
2452806,619,2,301,207,55,36,3,-0.00072,0.02241,0.1556,3968,0,0,0,0,0,0,113,980,955,1,3,7,0,206,8,10,3,0,44,19,0
2460648,620,2,262,168,50,37,7,-0.00293,0.02334,0.1506,4148,0,0,0,0,0,0,123,1097,828,2,4,14,0,164,8,9,7,2,38,14,0
2468427,621,2,287,211,38,33,5,-0.00202,0.02306,0.1627,4030,0,0,0,0,0,0,119,1030,899,1,6,7,0,209,7,11,5,1,25,15,0
2476256,622,2,268,178,39,44,7,-0.00363,0.02713,0.1582,4050,0,0,0,0,0,0,90,1086,872,0,4,11,0,178,8,14,6,0,27,19,1
2484050,623,2,281,185,64,26,6,-0.00244,0.02203,0.1636,4231,0,0,0,0,0,0,78,1091,879,1,6,3,1,183,8,11,5,1,50,12,0
2491907,624,2,245,159,48,30,8,-0.00131,0.02068,0.1358,4161,0,0,0,0,0,0,98,1171,779,1,4,3,1,155,6,15,7,3,38,12,0
2499678,625,2,299,200,55,41,3,-0.00121,0.02481,0.1606,3789,0,0,0,0,0,0,109,961,978,0,5,8,0,199,11,16,3,1,39,17,0
2507448,626,2,291,204,55,30,2,-0.00093,0.02386,0.1571,4007,0,0,0,0,0,0,99,1005,944,2,8,6,0,200,10,10,2,2,37,14,0
2515220,627,2,287,191,60,29,7,-0.00294,0.02403,0.1631,4132,0,0,0,0,0,0,98,1061,889,5,2,3,0,185,8,8,7,1,50,18,0
2523034,628,2,262,190,43,24,5,-0.00145,0.01984,0.1468,4194,0,0,0,0,0,0,86,1084,878,3,1,4,0,186,17,12,5,1,25,8,0
2530830,629,2,282,184,56,34,8,-0.00185,0.02366,0.1638,3987,0,0,0,0,0,0,129,1059,860,4,5,9,0,180,8,11,7,0,43,14,1
2538688,630,2,245,170,47,23,5,-0.00163,0.0209,0.1484,3838,0,0,0,0,0,0,102,1106,840,1,4,5,0,168,12,8,5,1,31,10,0
2546506,631,2,260,179,46,28,7,-9e-05,0.02146,0.1523,4066,0,0,0,0,0,0,103,1073,872,2,6,7,0,177,8,5,7,0,32,16,0
2554340,632,2,243,158,41,39,5,-0.00279,0.02343,0.174,4158,0,0,0,0,0,0,112,1126,810,5,4,12,0,152,7,12,5,1,30,15,0
2562145,633,2,285,198,58,28,1,-0.00217,0.02402,0.1697,3942,0,0,0,0,0,0,152,952,944,4,9,9,0,192,14,11,1,2,35,8,0
2569965,634,2,284,180,58,43,3,-0.00299,0.02671,0.1716,3921,0,0,0,0,0,0,111,1001,936,1,4,7,0,179,13,11,2,0,41,25,1
2577775,635,2,287,193,58,32,4,-0.00191,0.02236,0.1821,3945,0,0,0,0,0,0,155,988,905,2,8,9,0,190,11,8,4,1,39,15,0
2585541,636,2,289,200,49,36,4,-0.00267,0.02426,0.1829,4015,0,0,0,0,0,0,135,960,953,4,9,3,0,196,4,12,4,0,36,21,0
2593361,637,2,277,176,59,37,5,-0.00335,0.02191,0.1833,4317,0,0,0,0,0,0,159,1013,876,1,6,9,0,174,7,13,5,1,46,15,0
2601222,638,2,233,161,43,19,10,-0.00212,0.01484,0.1386,4150,0,0,0,0,0,0,131,1204,713,1,3,5,0,160,3,11,10,0,37,3,0
2609005,639,2,275,189,46,37,3,-0.00076,0.02432,0.1685,4291,0,0,0,0,0,0,138,995,915,2,3,10,0,187,7,14,3,0,36,13,0
2616857,640,2,253,157,48,42,6,-0.00281,0.02569,0.1753,3576,0,0,0,0,0,0,155,1088,805,2,4,15,0,155,9,15,6,0,35,12,0
2624680,641,2,268,185,47,31,5,-0.00305,0.02328,0.1688,4176,0,0,0,0,0,0,172,1060,816,3,5,13,1,181,5,10,4,1,37,8,0
2632473,642,2,280,197,45,34,4,-0.00236,0.02487,0.1778,4448,0,0,0,0,0,0,162,980,906,4,5,9,0,193,8,13,4,0,32,12,0
2640322,643,2,267,190,44,31,2,-0.00391,0.02536,0.1624,3965,0,0,0,0,0,0,160,1018,870,3,6,9,0,185,12,11,2,2,26,11,0
2648156,644,2,268,186,41,36,5,-0.00282,0.02441,0.1624,4169,0,0,0,0,0,0,137,1070,841,2,6,10,1,183,4,9,3,1,31,17,1
2656001,645,2,253,169,38,39,7,-0.00167,0.02724,0.1574,3421,0,0,0,0,0,0,140,1051,857,3,2,6,1,165,5,13,6,1,31,20,0
2663850,646,2,263,176,53,30,4,-0.00235,0.02415,0.164,3982,0,0,0,0,0,0,116,1030,902,3,10,5,0,173,11,8,4,0,32,17,0
2671628,647,2,287,195,50,39,3,-0.00222,0.0239,0.1656,4080,0,0,0,0,0,0,125,1010,913,2,6,9,0,190,9,13,3,3,35,17,0
2679494,648,2,244,166,44,28,6,0.00023,0.01732,0.138,4277,0,0,0,0,0,0,117,1153,778,1,5,6,0,164,9,12,6,1,30,10,0
2687293,649,2,279,194,47,31,7,-0.00143,0.0202,0.1533,4004,0,0,0,0,0,0,136,1000,912,1,6,6,0,193,4,13,6,0,37,12,1
2695100,650,2,284,189,53,37,5,-0.00276,0.02674,0.163,4326,0,0,0,0,0,0,139,960,949,4,8,11,0,184,5,7,5,1,40,19,0
2702882,651,2,299,208,47,42,2,-0.00276,0.02468,0.1723,4316,0,0,0,0,0,0,154,950,944,4,1,13,0,204,6,12,2,0,40,17,0
2710680,652,2,272,195,43,31,3,-0.00197,0.02412,0.1505,4463,0,0,0,0,0,0,132,990,926,4,5,6,0,191,5,10,3,0,33,15,0
2718492,653,2,295,201,59,34,1,-0.00286,0.02403,0.1556,4363,0,0,0,0,0,0,141,958,949,5,7,9,0,196,6,11,1,0,46,14,0
2726302,654,2,278,192,53,33,0,-0.00169,0.01869,0.1349,4031,0,0,0,0,0,0,126,995,927,4,4,9,0,187,9,11,0,1,40,13,0
2734139,655,2,290,183,61,43,3,-0.00224,0.02616,0.1695,4190,0,0,0,0,0,0,147,959,942,4,4,11,0,179,9,14,3,0,48,18,0
2741907,656,2,298,201,55,39,3,-0.00172,0.02788,0.1492,4055,0,0,0,0,0,0,121,1009,918,0,2,11,0,199,9,12,3,2,44,16,0
2749695,657,2,285,199,46,36,4,-0.00182,0.02284,0.1085,4067,0,0,0,0,0,0,77,998,973,3,4,6,0,194,10,12,4,2,32,18,0
2757450,658,2,293,195,63,32,3,-0.0025,0.02341,0.143,4335,0,0,0,0,0,0,67,976,1005,1,2,3,0,192,11,11,3,2,50,18,0
2765310,659,2,261,180,43,34,4,-0.00339,0.02172,0.1787,4271,0,0,0,0,0,0,116,1032,900,3,4,4,0,176,10,8,3,1,29,22,1
2773100,660,2,274,169,63,37,5,-0.00169,0.02269,0.1421,4314,0,0,0,0,0,0,94,1040,914,2,6,3,1,167,9,20,4,0,48,14,0
2780872,661,2,293,195,64,31,3,-0.00029,0.02092,0.1568,3851,0,0,0,0,0,0,100,988,960,3,3,7,0,191,12,9,3,1,49,15,0
2788673,662,2,290,222,38,26,4,-0.00216,0.01991,0.136,3966,0,0,0,0,0,0,91,1019,938,5,2,5,0,215,4,10,4,2,32,11,0
2796489,663,2,272,179,53,33,7,-0.00129,0.0239,0.1395,4209,0,0,0,0,0,0,117,1042,889,2,5,5,0,177,14,12,7,0,34,16,0
2804239,664,2,296,202,62,30,2,-0.00196,0.02176,0.1703,4171,0,0,0,0,0,0,138,1016,894,1,2,13,0,201,11,10,2,0,49,7,0
2812062,665,2,267,184,42,35,6,-0.00257,0.02246,0.1325,4162,0,0,0,0,0,0,122,1077,849,1,3,15,1,182,6,15,5,1,33,5,0
2819834,666,2,289,196,57,35,1,-0.00352,0.0234,0.13,3942,0,0,0,0,0,0,96,988,964,3,6,5,0,192,8,11,1,1,43,19,0
2827656,667,2,270,186,43,32,9,-0.00325,0.01923,0.125,4189,0,0,0,0,0,0,134,1038,876,2,8,8,1,183,3,11,8,1,32,13,0
2835477,668,2,274,199,36,36,3,-0.00193,0.02138,0.1487,4309,0,0,0,0,0,0,145,995,908,3,3,7,1,195,6,12,2,1,27,17,0
2843276,669,2,291,213,47,30,1,-0.00231,0.01989,0.1065,4380,0,0,0,0,0,0,98,971,979,4,5,9,0,208,5,8,1,1,37,13,0
2851080,670,2,277,192,56,27,2,-0.00306,0.02082,0.1263,4173,0,0,0,0,0,0,111,1047,890,3,7,3,0,188,7,16,2,1,42,8,0
2858817,671,2,294,187,68,37,2,-0.0032,0.0266,0.1494,4379,0,0,0,0,0,0,161,968,919,4,9,11,0,183,17,15,2,0,42,11,0
2866660,672,2,257,177,46,27,7,-0.00129,0.0198,0.1315,4332,0,0,0,0,0,0,110,1170,768,3,5,10,1,174,6,12,6,0,35,5,0
2874465,673,2,278,183,54,39,2,-0.00212,0.02505,0.1669,4279,0,0,0,0,0,0,194,1032,822,3,11,14,0,178,7,14,2,2,36,11,0
2882261,674,2,265,192,37,31,5,-0.00394,0.02433,0.1715,4356,0,0,0,0,0,0,195,1039,814,1,5,15,1,190,7,8,4,1,25,8,0
2890101,675,2,255,165,48,36,6,-0.00225,0.02227,0.1562,4239,0,0,0,0,0,0,155,1105,788,3,6,13,0,162,7,14,6,0,35,9,0
2897932,676,2,246,161,45,32,8,-0.00174,0.02303,0.1538,4391,0,0,0,0,0,0,185,1135,728,0,12,9,0,161,4,16,8,0,29,7,0
2905697,677,2,292,196,66,27,3,-0.00318,0.02209,0.1504,4268,0,0,0,0,0,0,177,1026,845,4,6,10,0,192,7,9,3,0,53,8,0
2913529,678,2,276,175,53,40,8,-0.00364,0.02363,0.1452,4149,0,0,0,0,0,0,168,1020,860,5,8,16,0,168,7,12,8,2,38,12,0
2921334,679,2,281,188,53,34,6,-0.00401,0.02347,0.1415,4216,0,0,0,0,0,0,168,1015,865,0,2,13,0,187,8,11,6,1,43,10,0
2929127,680,2,267,187,45,34,1,-0.00107,0.0211,0.1539,4371,0,0,0,0,0,0,204,1025,819,4,6,14,0,183,5,10,1,0,34,10,0
2936931,681,2,276,186,53,32,5,-0.00246,0.02152,0.1538,4213,0,0,0,0,0,0,222,997,829,5,6,14,1,180,8,8,4,1,39,10,0
2944739,682,2,282,181,61,36,4,-0.00176,0.02109,0.1496,3667,0,0,0,0,0,0,201,1006,841,4,7,13,0,176,5,12,4,1,49,11,0
2952529,683,2,271,193,40,35,3,-0.00388,0.02413,0.1282,4281,0,0,0,0,0,0,187,989,872,1,3,13,0,192,5,17,3,0,32,5,0
2960398,684,2,248,170,41,32,5,-0.00203,0.02463,0.1087,4069,0,0,0,0,0,0,160,1065,823,1,8,8,0,169,5,13,5,0,28,11,0
2968222,685,2,248,172,41,30,5,-0.00327,0.01827,0.1068,4406,0,0,0,0,0,0,167,1130,751,1,8,12,0,171,5,11,5,0,28,7,0
2976005,686,2,280,198,46,31,5,-0.00171,0.02136,0.1028,4384,0,0,0,0,0,0,159,1038,851,0,6,9,0,198,2,10,5,0,38,12,0
2983857,687,2,247,170,40,30,7,-0.00238,0.0208,0.109,4346,0,0,0,0,0,0,129,1112,807,5,3,7,0,165,7,14,7,0,30,9,0
2991684,688,2,265,181,53,26,5,-0.00239,0.01926,0.1171,4023,0,0,0,0,0,0,144,1024,880,1,6,8,0,180,10,6,5,0,37,12,0
2999455,689,2,293,214,41,37,1,-0.00276,0.02254,0.1199,4117,0,0,0,0,0,0,188,951,909,2,5,15,0,212,5,9,1,0,31,13,0
3007268,690,2,267,186,43,33,5,-0.00428,0.01978,0.1225,4103,0,0,0,0,0,0,163,1001,884,0,5,8,2,186,5,7,3,0,33,18,0
3015033,691,2,296,192,57,40,7,-0.00133,0.02466,0.1265,3984,0,0,0,0,0,0,144,1003,901,5,8,15,0,185,7,9,6,2,42,16,1
3022860,692,2,260,182,43,33,2,-0.00324,0.02138,0.1237,3974,0,0,0,0,0,0,164,1039,845,3,3,11,0,179,9,10,2,0,31,12,0
3030688,693,2,280,186,49,40,5,-0.00375,0.02547,0.1247,3944,0,0,0,0,0,0,148,1006,894,3,7,10,0,183,6,12,5,0,36,18,0
3038447,694,2,306,205,71,28,2,-0.00197,0.0248,0.1377,3745,0,0,0,0,0,0,164,944,940,1,11,7,0,203,7,7,2,1,53,14,0
3046257,695,2,257,168,52,33,4,-0.00032,0.023,0.1005,4244,0,0,0,0,0,0,115,1078,855,1,9,8,1,167,8,14,3,0,35,11,0
3054048,696,2,283,202,45,32,4,-0.00312,0.02219,0.0994,4365,0,0,0,0,0,0,117,999,932,1,9,7,0,199,3,12,4,2,33,13,0
3061814,697,2,284,203,52,27,2,-0.00238,0.01832,0.1052,4294,0,0,0,0,0,0,127,994,927,5,6,8,0,198,4,9,2,0,42,10,0
3069570,698,2,283,203,55,21,4,-0.00215,0.01719,0.1029,4483,0,0,0,0,0,0,114,997,937,3,3,10,0,200,6,4,4,0,46,7,0
3077369,699,2,291,206,50,34,1,-0.00235,0.023,0.1199,4517,0,0,0,0,0,0,133,985,930,2,6,10,0,203,12,12,1,1,32,12,0
3085207,700,2,252,176,31,37,8,-0.00176,0.02283,0.1052,4388,0,0,0,0,0,0,121,1107,820,2,2,9,0,174,5,14,8,0,24,14,0
3093011,701,2,266,193,42,29,2,-0.00203,0.02114,0.1377,4631,0,0,0,0,0,0,134,1026,888,3,5,7,0,190,7,9,2,0,30,13,0
3100842,702,2,279,185,57,33,4,-0.00199,0.0237,0.1489,4425,0,0,0,0,0,0,149,1025,874,1,11,9,0,184,9,10,4,0,37,14,0
3108634,703,2,281,195,55,27,4,-0.00237,0.02198,0.125,4460,0,0,0,0,0,0,151,1015,882,2,10,4,0,192,11,14,4,1,34,9,0
3116423,704,2,275,184,54,35,2,-0.00153,0.02034,0.1175,4482,0,0,0,0,0,0,111,1024,913,5,6,10,0,178,10,15,2,1,38,10,0
3124204,705,2,296,203,57,33,3,-0.00206,0.02347,0.1249,4496,0,0,0,0,0,0,117,969,962,2,7,7,0,200,6,10,3,1,44,16,0
3132045,706,2,270,188,49,31,2,-0.00211,0.02183,0.138,4338,0,0,0,0,0,0,144,1026,878,3,10,8,0,184,8,14,2,1,31,9,0
3139845,707,2,267,180,62,22,3,-0.00216,0.01796,0.1356,4103,0,0,0,0,0,0,146,1055,847,0,9,5,0,178,13,8,3,2,40,9,0
3147606,708,2,290,202,54,30,4,-0.00278,0.02048,0.1353,4127,0,0,0,0,0,0,186,951,911,3,6,10,0,199,8,6,4,0,40,14,0
3155370,709,2,295,195,65,32,3,-0.00249,0.02216,0.1579,4201,0,0,0,0,0,0,204,949,895,3,5,9,1,192,8,9,2,0,52,14,0
3163154,710,2,280,201,52,24,3,-0.00263,0.01924,0.1363,4146,0,0,0,0,0,0,148,991,909,2,5,3,0,199,6,10,3,0,41,11,0
3170974,711,2,258,172,53,31,2,-0.00253,0.01933,0.1214,4173,0,0,0,0,0,0,136,1031,881,3,8,6,0,168,7,11,2,1,38,14,0
3178748,712,2,292,199,46,40,7,-0.00042,0.02273,0.1203,4317,0,0,0,0,0,0,141,1004,903,0,4,14,0,198,6,13,7,1,36,13,0
3186590,713,2,249,156,56,28,9,-0.00189,0.01782,0.1313,4337,0,0,0,0,0,0,132,1144,772,4,2,12,0,152,10,9,9,0,44,7,0
3194406,714,2,273,189,46,32,6,-0.0012,0.01929,0.1374,4387,0,0,0,0,0,0,157,1029,862,3,6,11,0,186,6,16,6,0,34,5,0
3202248,715,2,252,186,32,28,6,-0.00245,0.02028,0.1714,4299,0,0,0,0,0,0,194,1033,821,2,3,6,2,183,6,13,4,1,23,9,0
3210039,716,2,297,199,55,38,5,-0.0024,0.02562,0.175,4058,0,0,0,0,0,0,194,934,920,2,5,13,0,195,11,11,4,2,39,14,1
3217846,717,2,283,199,49,30,5,-0.00216,0.01961,0.1725,3754,0,0,0,0,0,0,181,1002,865,5,5,9,1,194,3,9,4,0,41,12,0
3225641,718,2,289,199,58,29,3,-0.00294,0.02006,0.1937,3928,0,0,0,0,0,0,170,994,884,5,8,2,0,192,6,13,3,2,44,14,0
3233478,719,2,245,174,39,29,3,-0.00286,0.01914,0.1773,4368,0,0,0,0,0,0,202,1101,745,2,7,10,0,170,10,11,3,2,22,8,0
3241303,720,2,276,186,50,39,1,-0.0023,0.02356,0.2086,4085,0,0,0,0,0,0,237,987,824,0,6,15,0,186,13,8,1,0,31,16,0
3249115,721,2,278,189,52,35,2,-0.00284,0.024,0.1837,4472,0,0,0,0,0,0,249,971,828,0,7,14,0,188,10,9,2,1,35,12,0
3256905,722,2,289,207,46,31,5,-0.00386,0.01858,0.1722,4544,0,0,0,0,0,0,191,956,901,0,3,14,1,206,4,10,4,1,39,7,0
3264726,723,2,259,166,52,33,8,-0.00254,0.02078,0.1467,4564,0,0,0,0,0,0,184,1074,790,0,5,9,0,166,12,9,8,0,35,15,0
3272526,724,2,271,188,54,26,3,-0.00164,0.02277,0.1483,4485,0,0,0,0,0,0,163,1025,860,2,3,5,0,186,6,5,3,0,45,16,0
3280332,725,2,277,183,51,38,5,-0.00299,0.02254,0.1422,4151,0,0,0,0,0,0,166,1013,869,1,3,10,1,178,14,10,4,4,34,18,0
3288168,726,2,252,182,41,21,8,0.00062,0.01763,0.1496,4014,0,0,0,0,0,0,181,1079,788,2,2,5,1,180,6,7,7,0,33,9,0
3295982,727,2,278,193,37,44,4,-0.00315,0.02329,0.152,4001,0,0,0,0,0,0,193,1006,849,6,4,18,0,187,7,13,4,0,26,13,0
3303827,728,2,248,168,42,33,5,-0.0021,0.01993,0.1513,4487,0,0,0,0,0,0,160,1106,782,2,2,10,0,166,6,9,5,0,34,14,0
3311621,729,2,293,192,54,43,4,-0.00282,0.02287,0.1637,4154,0,0,0,0,0,0,148,1004,896,1,11,10,0,191,9,18,4,0,34,15,0
3319502,730,2,230,155,38,30,7,-0.0017,0.02018,0.153,4082,0,0,0,0,0,0,181,1130,737,2,3,4,0,153,7,15,7,0,28,11,0
3327335,731,2,265,171,51,38,5,-0.00137,0.02401,0.1535,4165,0,0,0,0,0,0,176,1071,801,1,8,8,0,169,8,12,5,1,35,18,0
3335220,732,2,229,159,37,25,8,-0.00366,0.01797,0.1368,4069,0,0,0,0,0,0,158,1170,720,3,7,3,0,156,7,13,8,0,23,9,0
3343032,733,2,281,188,49,41,3,-0.00304,0.02272,0.1458,3985,0,0,0,0,0,0,213,1004,831,2,5,12,0,186,6,14,3,0,38,15,0
3350857,734,2,255,187,34,23,11,-0.00242,0.01721,0.1385,4466,0,0,0,0,0,0,142,1135,771,1,2,7,0,186,3,11,11,0,29,5,0
3358713,735,2,265,187,47,28,3,-0.00329,0.01895,0.1406,4390,0,0,0,0,0,0,154,1065,829,2,4,7,0,184,10,11,3,1,33,10,0
3366569,736,2,261,186,41,28,6,-0.00418,0.01821,0.134,4307,0,0,0,0,0,0,146,1095,807,3,4,8,0,182,10,11,6,1,27,9,0
3374369,737,2,268,182,48,31,7,-0.00058,0.02318,0.1336,4050,0,0,0,0,0,0,139,1100,809,0,2,5,0,182,7,11,7,0,39,15,0
3382204,738,2,247,173,39,31,4,-0.00155,0.02119,0.117,4429,0,0,0,0,0,0,131,1147,770,1,6,9,0,172,6,15,4,0,27,7,0
3390020,739,2,265,183,50,27,5,-0.00268,0.01656,0.1372,4437,0,0,0,0,0,0,160,1085,803,2,8,8,0,180,10,13,5,1,32,6,0
3397862,740,2,259,180,43,32,4,-0.00335,0.02004,0.1325,4352,0,0,0,0,0,0,159,1092,797,2,5,6,0,177,7,9,4,1,31,17,0
3405658,741,2,264,187,42,27,8,-0.00324,0.01972,0.1308,4152,0,0,0,0,0,0,161,1073,814,2,2,9,0,185,11,7,8,0,29,11,0
3413505,742,2,251,185,37,24,5,-0.00361,0.01773,0.1381,4034,0,0,0,0,0,0,178,1084,786,6,3,9,0,178,5,12,5,1,29,3,0
3421345,743,2,257,172,49,29,7,-0.00381,0.0218,0.1268,3609,0,0,0,0,0,0,170,1095,783,5,6,13,0,167,9,7,7,0,34,9,0
3429138,744,2,278,188,45,42,3,-0.00324,0.02547,0.1163,3854,0,0,0,0,0,0,176,1078,794,2,8,19,0,186,8,15,3,0,29,8,0
3436973,745,2,255,179,36,33,7,-0.00198,0.0199,0.1204,3947,0,0,0,0,0,0,160,1129,759,1,2,10,0,178,5,20,7,0,29,3,0
3444847,746,2,249,167,35,37,10,-0.00301,0.02221,0.1354,4262,0,0,0,0,0,0,175,1110,763,3,3,14,0,163,5,13,10,1,27,10,0
3452662,747,2,280,203,40,33,4,-0.00237,0.02186,0.1441,4069,0,0,0,0,0,0,180,1055,813,2,5,11,0,200,6,12,4,1,29,10,0
3460502,748,2,246,175,46,20,5,-0.00376,0.01815,0.1188,4301,0,0,0,0,0,0,173,1152,723,5,7,11,0,170,8,7,5,0,31,2,0
3468284,749,2,292,206,36,46,4,-0.00371,0.02358,0.133,4353,0,0,0,0,0,0,190,979,879,5,1,21,0,201,5,12,4,0,30,13,0
3476095,750,2,273,179,52,37,5,-0.00113,0.02305,0.1245,4608,0,0,0,0,0,0,160,1061,827,4,4,13,0,174,11,13,5,1,37,11,0
3483878,751,2,293,213,42,35,3,-0.00398,0.02093,0.1349,4414,0,0,0,0,0,0,170,935,943,7,5,15,0,206,7,9,3,0,30,11,0
3491668,752,2,275,195,41,35,4,-0.00356,0.02029,0.1112,4504,0,0,0,0,0,0,159,1032,857,3,5,9,0,192,4,16,4,0,32,10,0
3499546,753,2,223,148,36,30,9,-0.00228,0.02088,0.0871,4283,0,0,0,0,0,0,137,1245,666,1,3,10,0,147,9,13,9,0,24,7,0
3507345,754,2,281,193,54,28,6,-0.00189,0.02111,0.1017,4118,0,0,0,0,0,0,146,1041,861,7,6,11,0,186,11,8,6,0,37,9,0
3515144,755,2,265,196,50,14,5,-0.0019,0.01569,0.094,4397,0,0,0,0,0,0,109,1081,858,1,3,5,0,195,12,8,5,0,35,1,0
3522990,756,2,273,200,48,21,4,-0.00253,0.01798,0.0857,4234,0,0,0,0,0,0,119,1083,846,2,6,8,0,197,12,6,4,1,30,7,0
3530810,757,2,286,193,45,43,5,-0.0033,0.02591,0.1254,4035,0,0,0,0,0,0,153,1015,880,2,5,10,0,191,11,17,5,0,29,16,0
3538625,758,2,276,194,49,29,4,-0.00243,0.01939,0.0992,4118,0,0,0,0,0,0,129,1075,844,3,6,6,0,191,10,13,4,0,33,10,0
3546463,759,2,247,180,30,32,5,-0.00179,0.02169,0.1074,4136,0,0,0,0,0,0,142,1123,783,3,2,10,0,177,7,13,5,0,21,9,0
3554267,760,2,270,169,53,41,7,-0.00226,0.02353,0.1058,4120,0,0,0,0,0,0,132,1081,835,2,5,8,0,166,9,17,7,1,39,16,0
3562128,761,2,247,154,46,41,6,-0.00188,0.02214,0.1008,4448,0,0,0,0,0,0,135,1169,744,1,2,8,0,153,16,24,6,0,28,9,0
3569962,762,2,260,180,44,29,7,-0.00378,0.02059,0.0953,4019,0,0,0,0,0,0,124,1120,804,2,3,10,0,176,10,11,7,2,31,8,0
3577780,763,2,262,178,44,34,6,-0.00151,0.02228,0.1129,3740,0,0,0,0,0,0,116,1065,867,0,4,7,0,177,9,8,6,1,31,19,0
3585565,764,2,289,201,44,36,8,-0.00168,0.02087,0.1155,3702,0,0,0,0,0,0,127,993,928,2,4,10,1,199,4,6,7,0,36,20,0
3593395,765,2,277,189,49,33,6,-0.00178,0.01882,0.1202,4096,0,0,0,0,0,0,105,1070,873,5,8,6,0,184,7,13,6,0,34,14,0
3601203,766,2,269,186,51,24,8,-0.00265,0.01715,0.1092,4411,0,0,0,0,0,0,126,1121,801,2,5,8,0,184,7,6,8,0,39,10,0
3608987,767,2,266,174,56,30,6,-0.00181,0.01984,0.1261,3948,0,0,0,0,0,0,151,1080,817,1,8,11,0,173,13,10,6,0,35,9,0
3616851,768,2,238,161,34,33,10,-0.00246,0.02019,0.1402,4286,0,0,0,0,0,0,149,1165,734,2,6,10,0,157,3,9,10,2,25,14,0
3624665,769,2,271,183,45,37,6,-0.00299,0.02562,0.1312,4164,0,0,0,0,0,0,133,1085,830,3,9,9,0,180,8,12,6,0,28,16,0
3632431,770,2,288,209,43,35,1,-0.00174,0.02587,0.1496,4128,0,0,0,0,0,0,204,925,919,4,4,12,0,205,10,12,1,0,29,11,0
3640283,771,2,256,179,38,35,4,-0.00562,0.02219,0.1372,4358,0,0,0,0,0,0,156,1069,823,3,4,8,0,175,11,12,4,1,23,15,0
3648054,772,2,282,200,49,31,2,-0.00252,0.02035,0.1498,4015,0,0,0,0,0,0,173,1013,862,0,5,5,0,200,8,17,2,0,36,9,0
3655880,773,2,279,177,46,50,6,-0.00221,0.02415,0.1354,3853,0,0,0,0,0,0,166,1002,880,1,7,18,0,176,9,15,6,0,30,17,0
3663691,774,2,276,203,42,25,6,-0.00338,0.01866,0.1507,3878,0,0,0,0,0,0,169,1076,803,4,7,4,0,199,6,12,6,0,29,9,0
3671497,775,2,259,191,39,24,5,-0.00503,0.0157,0.1568,3877,0,0,0,0,0,0,200,1068,780,3,9,8,0,187,3,11,5,1,27,5,0
3679305,776,2,280,193,42,40,5,-0.00215,0.02365,0.1559,4253,0,0,0,0,0,0,213,1033,802,3,7,18,1,190,4,10,4,0,31,12,0
3687110,777,2,275,179,53,40,3,-0.00369,0.0223,0.1484,4179,0,0,0,0,0,0,217,1038,793,2,6,13,0,177,13,16,3,0,34,11,0
3694907,778,2,270,194,48,25,3,-0.00178,0.02055,0.1392,3990,0,0,0,0,0,0,219,1045,784,8,3,9,0,186,8,10,3,0,37,6,0
3702726,779,2,273,182,54,32,5,-0.00455,0.01867,0.1249,4061,0,0,0,0,0,0,208,1095,745,3,11,15,0,178,9,9,5,1,34,8,0
3710562,780,2,272,200,33,32,7,-0.00316,0.01942,0.1189,3590,0,0,0,0,0,0,169,1091,788,3,1,10,0,197,6,15,7,0,26,7,0
3718353,781,2,261,178,50,31,2,-0.00329,0.01867,0.146,3967,0,0,0,0,0,0,199,1023,826,0,9,11,0,177,6,15,2,1,35,5,0
3726178,782,2,254,183,45,18,8,-0.00252,0.01618,0.1707,4398,0,0,0,0,0,0,220,1090,738,2,6,8,0,181,8,7,8,0,31,3,0
3734044,783,2,243,170,42,26,5,-0.00224,0.01776,0.1578,4331,0,0,0,0,0,0,174,1112,762,0,7,8,0,169,9,9,5,1,26,9,0
3741842,784,2,274,179,54,38,3,-0.00366,0.02135,0.1779,4180,0,0,0,0,0,0,219,1077,752,1,10,10,0,178,6,16,3,0,38,12,0
3749658,785,2,269,182,56,28,3,-0.00413,0.02081,0.1829,3840,0,0,0,0,0,0,271,1021,756,5,8,12,0,177,11,10,3,0,37,6,0
3757451,786,2,270,182,52,34,2,-0.00491,0.02228,0.195,4114,0,0,0,0,0,0,249,1056,743,1,8,12,0,181,13,12,2,0,31,10,0
3765248,787,2,273,194,47,29,3,-0.00128,0.01986,0.1962,4213,0,0,0,0,0,0,251,1015,782,6,7,9,0,188,6,11,3,0,34,9,0
3773095,788,2,245,168,39,34,4,-0.00325,0.02168,0.1771,4581,0,0,0,0,0,0,261,1137,650,3,5,14,0,165,7,16,4,0,27,4,0
3780995,789,2,220,156,35,22,7,-0.00273,0.0145,0.1766,4155,0,0,0,0,0,0,199,1180,669,6,3,7,0,150,12,10,7,0,20,5,0
3788836,790,2,249,177,34,32,6,-0.00426,0.02178,0.1788,4156,0,0,0,0,0,0,234,1144,670,2,7,17,0,175,9,6,6,0,18,9,0
3796696,791,2,248,164,48,30,6,-0.0029,0.01891,0.1736,3978,0,0,0,0,0,0,241,1128,679,4,8,11,0,160,11,13,6,0,29,6,0
3804572,792,2,250,180,34,32,4,-0.00406,0.0221,0.1688,4550,0,0,0,0,0,0,229,1066,753,3,10,10,0,177,7,14,4,0,17,8,0
3812446,793,2,233,173,31,24,5,-6e-05,0.01715,0.1619,4344,0,0,0,0,0,0,282,1075,691,1,5,11,1,172,11,5,4,0,15,8,0
3820291,794,2,236,173,35,22,6,-0.00344,0.01681,0.1513,4598,0,0,0,0,0,0,190,1103,755,2,4,8,0,170,7,5,6,1,24,9,0
3828139,795,2,268,176,43,44,5,-0.00326,0.02249,0.1887,4615,0,0,0,0,0,0,249,986,813,5,8,14,0,171,9,17,5,0,26,13,0
3835945,796,2,271,188,45,36,2,-0.00394,0.02259,0.1532,4125,0,0,0,0,0,0,232,1038,778,1,9,15,0,187,9,11,2,0,27,10,0
3843775,797,2,259,178,38,39,4,-0.00239,0.02275,0.1528,4291,0,0,0,0,0,0,216,1077,755,4,3,15,0,174,6,14,4,0,29,10,0
3851592,798,2,264,190,42,30,2,-0.00322,0.01994,0.1815,4505,0,0,0,0,0,0,251,1031,766,1,5,9,0,189,9,9,2,0,28,12,0
3859481,799,2,233,157,35,36,5,-0.00373,0.02097,0.1646,3779,0,0,0,0,0,0,205,1154,689,2,4,13,0,154,11,14,5,1,20,9,0
3867323,800,2,250,173,36,36,5,-0.0022,0.02168,0.1812,4312,0,0,0,0,0,0,203,1105,740,1,9,16,0,171,5,7,5,1,22,13,0
3875180,801,2,240,171,38,28,3,-0.00358,0.01925,0.1973,4332,0,0,0,0,0,0,212,1191,645,2,12,13,0,168,5,8,3,1,21,7,0
3882969,802,2,272,205,43,21,3,-0.00078,0.02033,0.2302,4154,0,0,0,0,0,0,307,1006,735,3,14,8,0,202,9,9,3,0,20,4,0
3890776,803,2,262,182,49,27,4,-0.00413,0.02114,0.2154,3866,0,0,0,0,0,0,258,1072,718,5,12,15,0,177,7,9,4,0,30,3,0
3898574,804,2,273,176,50,41,6,-0.00325,0.02604,0.2415,4215,0,0,0,0,0,0,243,1060,745,3,6,14,0,172,8,18,6,1,36,9,0
3906428,805,2,248,165,49,30,4,-0.00336,0.019,0.2453,3626,0,0,0,0,0,0,252,1092,704,4,9,12,0,161,9,8,4,0,31,10,0
3914253,806,2,262,183,40,35,4,-0.00462,0.01997,0.2396,3695,0,0,0,0,0,0,223,1095,730,2,10,12,0,181,6,13,4,0,24,10,0
3922026,807,2,290,210,39,40,1,-0.00294,0.02395,0.2665,3873,0,0,0,0,0,0,253,940,855,1,6,14,0,209,10,12,1,0,23,14,0
3929850,808,2,251,169,45,32,5,-0.0039,0.01797,0.2545,4324,0,0,0,0,0,0,213,1105,730,2,6,5,0,166,7,16,5,1,32,11,0
3937669,809,2,270,187,48,31,4,-0.00389,0.02137,0.2686,4111,0,0,0,0,0,0,266,1041,741,3,8,12,0,184,3,11,3,0,37,8,1
3945458,810,2,275,188,48,37,2,-0.00377,0.02433,0.2654,4092,0,0,0,0,0,0,252,984,812,4,8,19,0,184,9,12,2,0,31,6,0
3953232,811,2,294,207,59,28,0,-0.00452,0.02336,0.2452,4094,0,0,0,0,0,0,223,983,842,5,10,16,0,201,9,9,0,1,40,3,0
3961004,812,2,305,201,58,46,0,-0.0036,0.02598,0.2374,4132,0,0,0,0,0,0,236,938,874,4,10,14,0,197,6,17,0,0,42,15,0
3968835,813,2,263,186,42,30,5,-0.00334,0.01923,0.2195,4378,0,0,0,0,0,0,232,1069,747,3,6,10,0,183,7,9,5,0,29,11,0
3976718,814,2,239,165,39,25,10,-0.00283,0.01507,0.1865,4190,0,0,0,0,0,0,184,1169,695,2,6,10,0,163,7,7,10,0,26,8,0
3984561,815,2,251,169,43,31,8,-0.00355,0.0211,0.1943,4219,0,0,0,0,0,0,232,1113,703,2,12,7,0,167,6,14,8,0,25,10,0
3992369,816,2,272,204,42,22,4,-0.00156,0.01699,0.1957,4011,0,0,0,0,0,0,278,1062,708,2,6,13,0,201,6,5,4,1,30,4,0
4000199,817,2,268,179,49,34,6,-0.00128,0.02289,0.1713,4275,0,0,0,0,0,0,282,1019,747,5,11,15,0,173,12,9,6,1,26,10,0
4008018,818,2,268,172,49,45,2,-0.00321,0.02379,0.1822,4155,0,0,0,0,0,0,281,1075,692,3,9,20,0,169,11,21,2,0,29,4,0
4015835,819,2,262,188,42,26,6,-0.00274,0.01963,0.1661,3550,0,0,0,0,0,0,229,1096,723,2,4,12,0,186,8,9,6,0,30,5,0
4023729,820,2,228,149,45,27,7,-0.00278,0.01917,0.1505,3820,0,0,0,0,0,0,245,1160,643,6,6,12,0,143,15,11,7,0,24,4,0
4031508,821,2,287,206,44,31,6,-0.00293,0.02093,0.1708,4168,0,0,0,0,0,0,258,1041,749,4,5,16,0,202,5,10,6,0,34,5,0
4039361,822,2,253,166,57,25,5,-0.00613,0.01763,0.1665,4217,0,0,0,0,0,0,236,1089,723,7,11,18,0,159,12,4,5,0,34,3,0
4047176,823,2,280,203,46,29,2,-0.00474,0.01965,0.19,4314,0,0,0,0,0,0,262,997,789,3,7,12,0,200,4,8,2,0,35,9,0
4054993,824,2,272,186,40,41,5,-0.00323,0.02362,0.2018,4194,0,0,0,0,0,0,303,1015,730,0,9,19,0,186,5,16,5,0,26,6,0
4062748,825,2,301,204,60,35,2,-0.00425,0.02383,0.2177,3523,0,0,0,0,0,0,298,951,799,2,6,17,0,202,12,8,2,0,42,10,0
4070624,826,2,255,165,48,39,3,-0.0051,0.0237,0.2112,4014,0,0,0,0,0,0,246,1106,696,4,5,18,0,161,8,14,3,0,35,7,0
4078396,827,2,284,204,53,25,2,-0.00216,0.02118,0.212,4202,0,0,0,0,0,0,262,1064,722,6,5,10,0,198,10,13,2,0,38,2,0
4086195,828,2,271,185,56,27,3,-0.003,0.02056,0.2203,4295,0,0,0,0,0,0,255,1066,727,2,10,10,0,183,9,10,3,0,37,7,0
4094014,829,2,273,188,41,37,7,-0.0025,0.02283,0.2078,4519,0,0,0,0,0,0,268,1035,745,4,8,12,0,184,3,13,7,0,30,12,0
4101825,830,2,256,179,43,31,3,-0.00296,0.01944,0.1887,3322,0,0,0,0,0,0,264,1075,709,2,8,11,0,177,9,13,3,0,26,7,0
4109624,831,2,290,211,46,32,1,-0.0031,0.01962,0.1876,3817,0,0,0,0,0,0,281,963,804,7,9,10,0,204,7,20,1,0,30,2,0
4117454,832,2,246,185,28,22,11,-0.00253,0.01665,0.1403,4423,0,0,0,0,0,0,241,1118,689,4,6,11,1,181,5,9,10,0,17,2,0
4125260,833,2,259,188,43,22,6,-0.00387,0.01843,0.1637,4431,0,0,0,0,0,0,244,1085,719,4,2,13,0,184,7,5,6,0,34,4,0
4133099,834,2,261,184,46,26,5,-0.00514,0.01611,0.1724,4305,0,0,0,0,0,0,262,1040,746,2,6,13,0,182,5,8,5,0,35,5,0
4140951,835,2,267,197,34,31,5,-0.0033,0.01672,0.1662,4675,0,0,0,0,0,0,282,1053,713,5,7,17,0,192,0,11,5,0,27,3,0
4148792,836,2,264,170,52,37,5,-0.00324,0.02332,0.1798,4388,0,0,0,0,0,0,306,1037,705,2,15,17,0,168,11,11,5,0,26,9,0
4156613,837,2,263,184,39,39,1,-0.00383,0.02216,0.1738,3794,0,0,0,0,0,0,292,1082,674,0,9,18,0,184,7,15,1,0,23,6,0
4164453,838,2,271,190,48,33,0,-0.00321,0.01917,0.1839,4138,0,0,0,0,0,0,242,1073,733,3,11,17,0,187,16,11,0,0,21,5,0
4172297,839,2,260,177,40,37,6,-0.00346,0.02295,0.2076,4284,0,0,0,0,0,0,259,1063,726,3,7,17,0,174,9,12,6,0,24,8,0
4180149,840,2,245,166,45,26,8,-0.00288,0.01666,0.1825,3917,0,0,0,0,0,0,244,1163,641,2,8,13,0,164,8,9,8,0,29,4,0
4187947,841,2,300,209,54,36,1,-0.0031,0.02356,0.1771,4027,0,0,0,0,0,0,259,1004,785,6,11,21,0,203,7,10,1,0,36,5,0
4195790,842,2,272,190,41,37,4,-0.00311,0.01898,0.1898,3949,0,0,0,0,0,0,274,1027,747,3,7,14,0,187,6,15,4,0,28,8,0
4203600,843,2,271,192,48,27,4,-0.00356,0.01785,0.1558,3609,0,0,0,0,0,0,231,1070,747,5,11,6,0,187,4,14,4,0,33,7,0
4211455,844,2,254,171,49,30,4,-0.00351,0.02262,0.1592,4188,0,0,0,0,0,0,245,1099,704,3,12,12,0,168,4,11,4,0,33,7,0
4219259,845,2,273,178,50,39,6,-0.00226,0.02188,0.1678,4130,0,0,0,0,0,0,260,1050,738,3,9,22,0,175,7,7,6,0,34,10,0
4227071,846,2,279,197,45,34,3,-0.00402,0.02123,0.1598,3951,0,0,0,0,0,0,225,1023,800,2,8,12,1,195,10,9,2,0,27,13,0
4234841,847,2,302,216,50,35,1,-0.00347,0.02516,0.1914,4347,0,0,0,0,0,0,300,893,855,7,13,14,0,209,6,11,1,0,31,10,0
4242649,848,2,274,198,44,28,4,-0.00218,0.01823,0.1567,3841,0,0,0,0,0,0,245,1036,767,6,6,12,0,192,7,12,4,0,31,4,0
4250464,849,2,286,208,41,36,1,-0.00369,0.02349,0.1797,4355,0,0,0,0,0,0,234,966,848,3,12,11,0,205,6,15,1,0,23,10,0
4258258,850,2,279,189,51,36,3,-0.00314,0.02302,0.1622,4192,0,0,0,0,0,0,217,1068,763,1,10,16,0,188,10,12,3,0,31,8,0
4266061,851,2,268,186,56,24,2,-0.00134,0.02029,0.1595,4460,0,0,0,0,0,0,231,1065,752,6,8,9,0,180,13,12,2,0,35,3,0
4273875,852,2,263,187,41,32,3,-0.00494,0.01882,0.1672,4077,0,0,0,0,0,0,229,1084,735,3,11,12,0,184,9,12,3,0,21,8,0
4281622,853,2,275,206,38,29,2,-0.00349,0.01882,0.1462,3953,0,0,0,0,0,0,219,1056,773,3,8,9,0,203,10,15,2,0,20,5,0
4289453,854,2,256,161,49,40,6,-0.00451,0.02363,0.1329,3947,0,0,0,0,0,0,200,1146,702,3,8,22,0,158,5,14,6,0,36,4,0
4297262,855,2,273,187,51,32,3,-0.00324,0.02358,0.1379,4522,0,0,0,0,0,0,188,1079,781,2,6,10,0,185,8,13,3,0,37,9,0
4305096,856,2,257,173,52,24,8,-0.00346,0.01963,0.1488,4632,0,0,0,0,0,0,202,1112,734,4,12,9,1,169,6,6,7,0,34,9,0
4312897,857,2,273,190,50,31,2,-0.00409,0.02216,0.1505,4018,0,0,0,0,0,0,236,1033,779,4,8,8,0,186,7,13,2,0,35,10,0
4320706,858,2,284,196,49,32,7,-0.00305,0.02106,0.1302,4098,0,0,0,0,0,0,184,1048,816,3,6,13,0,193,8,10,7,0,35,9,0
4328542,859,2,260,189,36,32,3,-0.00348,0.01956,0.1446,4010,0,0,0,0,0,0,193,1062,793,6,5,11,0,182,8,12,3,1,23,9,0
4336320,860,2,277,207,32,34,4,-0.00321,0.02051,0.1634,4218,0,0,0,0,0,0,240,1037,771,4,5,12,0,203,2,15,4,0,25,7,0
4344137,861,2,261,183,42,31,5,-0.00334,0.01917,0.1673,4445,0,0,0,0,0,0,230,1083,735,5,6,9,0,178,6,19,5,0,30,3,0
4351947,862,2,271,185,48,36,2,-0.00317,0.02376,0.1735,3908,0,0,0,0,0,0,229,977,842,1,16,13,0,184,10,12,2,0,22,11,0
4359735,863,2,288,211,46,30,1,-0.00379,0.01647,0.1704,4258,0,0,0,0,0,0,229,1019,800,9,10,17,0,201,6,4,1,1,30,9,0
4367510,864,2,284,202,49,31,2,-0.00423,0.021,0.1637,4048,0,0,0,0,0,0,275,956,817,0,15,13,0,201,9,10,2,1,25,8,0
4375256,865,2,293,195,59,37,2,-0.00358,0.02295,0.1564,3831,0,0,0,0,0,0,237,953,858,6,13,22,0,188,7,9,2,1,39,6,0
4383015,866,2,302,195,64,41,2,-0.00334,0.02336,0.1736,4310,0,0,0,0,0,0,221,981,846,6,9,15,0,189,6,21,2,0,49,5,0
4390812,867,2,298,204,54,38,2,-0.00343,0.02491,0.1552,4537,0,0,0,0,0,0,218,956,874,5,5,18,0,197,8,10,2,2,41,10,0
4398620,868,2,300,219,44,35,2,-0.00162,0.02437,0.1471,4288,0,0,0,0,0,0,234,939,875,1,5,16,0,218,7,11,2,0,32,8,0
4406374,869,2,310,207,64,38,1,-0.00408,0.02267,0.1463,4160,0,0,0,0,0,0,213,941,894,7,12,13,0,199,7,16,1,1,45,9,0
4414199,870,2,267,177,41,46,3,-0.0023,0.02199,0.1368,3977,0,0,0,0,0,0,207,1083,758,4,9,17,1,173,3,18,2,0,29,11,0
4421943,871,2,285,199,55,31,0,-0.00486,0.01948,0.1544,4359,0,0,0,0,0,0,226,992,830,3,16,5,0,195,5,13,0,1,34,13,0
4429726,872,2,270,197,44,26,3,-0.00293,0.01722,0.1279,4367,0,0,0,0,0,0,175,1072,801,3,6,13,0,194,10,8,3,0,28,5,0
4437566,873,2,264,190,34,36,4,-0.00296,0.01903,0.1451,4277,0,0,0,0,0,0,206,1031,811,5,6,16,1,185,7,11,3,0,21,9,0
4445411,874,2,269,186,34,44,5,-0.00369,0.02414,0.1592,4337,0,0,0,0,0,0,201,1077,770,3,8,19,0,183,6,16,5,0,20,9,0
4453208,875,2,279,191,54,32,2,-0.00384,0.02272,0.1717,4239,0,0,0,0,0,0,226,1045,777,2,8,21,0,189,10,8,2,0,36,3,0
4461045,876,2,259,179,39,40,1,-0.00163,0.02469,0.1732,4469,0,0,0,0,0,0,189,1064,795,2,9,15,0,177,9,16,1,0,21,9,0
4468882,877,2,248,166,39,38,5,-0.00308,0.02362,0.1585,4027,0,0,0,0,0,0,183,1107,758,3,4,15,0,163,10,13,5,0,25,10,0
4476730,878,2,243,166,41,33,3,-0.00245,0.02306,0.1612,4097,0,0,0,0,0,0,212,1130,706,5,13,13,1,160,9,8,2,1,19,12,0
4484560,879,2,274,190,53,29,2,-0.00293,0.02214,0.1431,4267,0,0,0,0,0,0,206,1045,797,3,7,7,0,187,8,14,2,0,38,8,0
4492383,880,2,277,190,51,33,3,-0.0044,0.01771,0.1468,4170,0,0,0,0,0,0,208,1065,775,1,6,14,0,188,10,12,3,1,35,7,0
4500178,881,2,289,181,68,38,2,-0.00207,0.02462,0.1577,4261,0,0,0,0,0,0,202,1033,813,5,12,12,0,176,8,21,2,0,48,5,0
4508019,882,2,261,178,53,26,4,-0.0035,0.01713,0.1641,4504,0,0,0,0,0,0,235,1089,724,4,9,11,1,172,7,11,3,2,37,4,0
4515812,883,2,272,177,62,32,1,-0.00171,0.02088,0.1566,4369,0,0,0,0,0,0,215,1065,768,3,9,14,0,174,13,13,1,0,40,5,0
4523682,884,2,254,178,35,36,5,-0.00271,0.0221,0.1807,4341,0,0,0,0,0,0,187,1100,761,5,6,10,1,173,4,12,4,0,25,14,0
4531496,885,2,265,186,45,34,0,-0.00263,0.02046,0.1436,4285,0,0,0,0,0,0,155,1063,830,5,9,11,0,180,7,12,0,1,29,11,0
4539297,886,2,286,199,50,34,3,-0.00404,0.02466,0.1755,4395,0,0,0,0,0,0,214,962,872,5,5,11,0,192,11,12,3,2,34,11,0
4547111,887,2,253,173,45,29,6,-0.00389,0.0216,0.1744,4344,0,0,0,0,0,0,212,1076,760,7,3,9,0,166,9,11,6,0,33,9,0
4554918,888,2,271,178,56,33,4,-0.00307,0.02368,0.1858,4464,0,0,0,0,0,0,282,1010,756,4,7,13,0,174,10,12,4,0,39,8,0
4562730,889,2,268,190,41,34,3,-0.00443,0.02289,0.1861,4604,0,0,0,0,0,0,233,1043,772,2,10,15,0,188,3,11,3,0,28,8,0
4570518,890,2,299,209,66,23,1,-0.00082,0.02093,0.2093,4250,0,0,0,0,0,0,333,845,870,5,9,13,0,204,11,4,1,0,46,6,0
4578308,891,2,261,172,50,37,2,-0.00523,0.02231,0.1801,4239,0,0,0,0,0,0,297,1020,731,3,8,18,0,169,5,13,2,0,37,6,0
4586079,892,2,293,205,58,28,2,-0.00379,0.02054,0.1604,4300,0,0,0,0,0,0,206,984,858,2,7,10,0,203,8,12,2,0,43,6,0
4593837,893,2,279,186,60,31,2,-0.00384,0.01868,0.1414,4344,0,0,0,0,0,0,183,1048,817,3,8,5,0,183,7,12,2,0,45,14,0
4601635,894,2,280,200,46,30,4,-0.00265,0.02111,0.1513,3943,0,0,0,0,0,0,229,1037,782,4,10,14,0,196,7,11,4,0,29,5,0
4609395,895,2,275,201,49,25,0,-0.00244,0.01925,0.1708,4100,0,0,0,0,0,0,260,950,838,3,14,7,0,197,3,14,0,1,32,4,0
4617221,896,2,268,185,46,35,2,-0.00329,0.02253,0.1741,3996,0,0,0,0,0,0,204,1070,774,3,10,17,0,181,4,9,2,1,32,9,0
4625012,897,2,287,205,47,34,1,-0.00466,0.02212,0.1958,4192,0,0,0,0,0,0,294,973,781,6,11,11,1,198,3,15,0,1,33,8,0
4632831,898,2,286,189,62,35,0,-0.00407,0.02176,0.1989,4542,0,0,0,0,0,0,322,914,812,2,11,17,0,186,7,12,0,1,44,6,0
4640623,899,2,282,205,44,30,3,-0.0046,0.0189,0.1895,4421,0,0,0,0,0,0,292,989,767,2,10,14,0,203,5,11,3,0,29,5,0
4648432,900,2,266,194,34,36,2,-0.00388,0.02172,0.1794,4456,0,0,0,0,0,0,260,1014,774,1,5,18,0,193,5,12,2,0,24,6,0
4656243,901,2,265,188,46,30,1,-0.0049,0.02019,0.2015,4128,0,0,0,0,0,0,276,992,780,3,9,12,0,183,11,8,1,2,26,10,0
4664050,902,2,265,180,48,35,2,-0.00339,0.01956,0.1971,3927,0,0,0,0,0,0,266,1018,764,4,12,15,0,176,10,16,2,0,26,4,0
4671733,903,2,322,215,75,32,0,-0.00239,0.02312,0.191,3970,0,0,0,0,0,0,272,878,898,3,12,12,0,212,9,14,0,0,54,6,0
4679554,904,2,274,184,48,39,3,-0.004,0.02346,0.1804,4012,0,0,0,0,0,0,255,1006,787,5,8,18,0,177,11,12,3,2,29,9,0
4687326,905,2,289,210,54,22,3,-0.00268,0.01808,0.1546,3912,0,0,0,0,0,0,214,1007,827,3,2,11,0,207,11,7,3,0,41,4,0
4695114,906,2,288,211,52,24,1,-0.0047,0.01631,0.2034,4107,0,0,0,0,0,0,249,985,814,3,9,7,0,207,7,9,1,1,36,8,0
4702926,907,2,264,166,53,39,6,-0.00415,0.02252,0.1879,4236,0,0,0,0,0,0,331,990,727,3,11,19,1,163,6,13,5,0,36,7,0
4710721,908,2,283,210,45,27,1,-0.00332,0.01913,0.1877,3838,0,0,0,0,0,0,254,1001,793,1,3,14,0,209,2,9,1,0,40,4,0
4718496,909,2,297,210,48,39,0,-0.0039,0.02094,0.1836,4066,0,0,0,0,0,0,272,998,778,3,7,23,0,207,6,11,0,0,35,5,0
4726311,910,2,278,204,43,28,3,-0.00398,0.01889,0.1851,4154,0,0,0,0,0,0,243,993,812,1,11,12,0,203,7,14,3,0,25,2,0
4734116,911,2,294,211,49,31,3,-0.00504,0.02086,0.208,4206,0,0,0,0,0,0,264,980,804,2,7,16,0,208,8,8,3,1,34,7,0
4741953,912,2,242,179,44,17,2,-0.0036,0.01548,0.2219,4082,0,0,0,0,0,0,275,1073,700,2,6,6,0,176,10,7,2,1,28,4,0
4749799,913,2,248,164,46,32,6,-0.0044,0.01983,0.2298,4241,0,0,0,0,0,0,271,1099,678,1,7,17,0,163,7,11,6,0,32,4,0
4757619,914,2,284,205,52,26,1,-0.00571,0.02068,0.2341,4186,0,0,0,0,0,0,295,958,795,6,8,15,1,198,5,6,0,1,39,5,0
4765404,915,2,281,199,55,25,2,-0.00468,0.02074,0.209,4067,0,0,0,0,0,0,241,1007,800,1,5,6,0,198,11,11,2,0,39,8,0
4773246,916,2,247,174,39,27,7,-0.00335,0.01658,0.1943,3996,0,0,0,0,0,0,231,1159,658,3,4,14,1,171,2,10,6,0,33,3,0
4781049,917,2,280,168,68,43,1,-0.00336,0.02446,0.2514,4006,0,0,0,0,0,0,344,928,776,6,13,21,0,161,9,14,1,1,46,8,0
4788820,918,2,297,222,54,20,1,-0.00393,0.02075,0.2112,3923,0,0,0,0,0,0,268,927,853,7,7,8,0,214,7,5,1,1,40,7,0
4796612,919,2,298,204,49,45,0,-0.00218,0.02255,0.2188,4155,0,0,0,0,0,0,285,898,865,8,14,22,0,194,5,16,0,2,30,7,0
4804440,920,2,291,188,59,42,2,-0.00411,0.02227,0.2271,3942,0,0,0,0,0,0,306,933,809,4,11,23,1,183,10,7,1,1,38,12,0
4812276,921,2,250,174,49,22,5,-0.00376,0.01743,0.1918,3853,0,0,0,0,0,0,229,1121,698,3,11,8,1,171,7,7,4,0,31,7,0
4820100,922,2,264,180,55,25,4,-0.00425,0.01829,0.2119,3625,0,0,0,0,0,0,291,1052,705,0,10,15,0,180,13,6,4,0,32,4,0
4827887,923,2,280,194,44,41,1,-0.00364,0.02069,0.2012,3773,0,0,0,0,0,0,242,985,821,3,9,13,1,190,7,13,0,1,28,15,0
4835745,924,2,252,176,38,35,3,-0.00288,0.0221,0.21,3737,0,0,0,0,0,0,242,1026,780,3,7,22,0,171,13,6,3,2,18,7,0
4843570,925,2,266,185,43,33,5,-0.00368,0.02173,0.2172,3789,0,0,0,0,0,0,254,1021,773,1,6,12,1,181,8,13,4,3,29,8,0
4851385,926,2,281,186,52,43,0,-0.00379,0.02579,0.2003,3900,0,0,0,0,0,0,238,984,826,5,9,12,0,177,9,18,0,4,34,13,0
4859183,927,2,278,181,69,27,1,-0.0051,0.02066,0.2126,3817,0,0,0,0,0,0,261,961,826,1,15,12,0,179,16,10,1,1,38,5,0
4867008,928,2,270,190,45,33,2,-0.00344,0.02119,0.2259,3721,0,0,0,0,0,0,258,1049,741,2,8,13,0,187,8,13,2,1,29,7,0
4874847,929,2,264,173,51,34,6,-0.00258,0.02178,0.2048,3912,0,0,0,0,0,0,253,1036,759,0,7,15,1,173,5,11,5,0,39,8,0
4882660,930,2,291,184,58,46,3,-0.00372,0.02647,0.2529,3893,0,0,0,0,0,0,318,894,836,1,11,23,2,182,5,12,1,1,42,11,0
4890476,931,2,259,199,37,21,2,-0.00266,0.01681,0.2406,4087,0,0,0,0,0,0,258,1021,769,2,10,10,0,197,3,7,2,0,24,4,0
4898268,932,2,279,191,51,34,3,-0.00374,0.0227,0.2594,4065,0,0,0,0,0,0,313,922,813,4,10,8,1,186,8,12,2,1,33,14,0
4906022,933,2,284,203,51,30,0,-0.00394,0.02263,0.2564,3561,0,0,0,0,0,0,296,924,828,3,14,11,0,200,7,10,0,0,30,9,0
4913859,934,2,257,168,49,39,1,-0.00357,0.02506,0.2787,3828,0,0,0,0,0,0,360,942,746,4,15,22,1,164,6,8,0,0,28,9,0
4921685,935,2,264,189,42,31,2,-0.0034,0.01884,0.2654,4024,0,0,0,0,0,0,294,953,801,5,13,10,2,183,4,14,0,1,25,7,0
4929511,936,2,274,202,43,28,1,-0.00435,0.02188,0.2667,3891,0,0,0,0,0,0,356,961,731,5,8,12,0,196,10,9,1,1,25,7,0
4937375,937,2,251,180,34,32,5,-0.00458,0.01918,0.3144,3980,0,0,0,0,0,0,472,879,697,5,11,14,3,173,4,12,0,2,19,6,2
4945207,938,2,265,188,46,29,2,-0.00564,0.01971,0.2702,3679,0,0,0,0,0,0,298,1055,695,3,15,10,0,183,6,13,2,2,25,6,0
4953018,939,2,260,189,38,31,2,-0.00455,0.02113,0.2417,3828,0,0,0,0,0,0,366,995,687,6,13,14,1,183,4,11,1,0,21,6,0
4960800,940,2,286,198,54,31,3,-0.00409,0.02252,0.2432,4046,0,0,0,0,0,0,331,972,745,6,11,17,0,192,5,8,3,0,38,6,0
4968621,941,2,274,194,50,29,1,-0.00394,0.01816,0.2287,3899,0,0,0,0,0,0,317,991,740,4,14,13,1,190,7,11,0,0,29,5,0
4976396,942,2,276,185,49,40,2,-0.00395,0.02312,0.2195,3670,0,0,0,0,0,0,344,1000,704,4,10,25,1,180,11,9,1,1,28,6,0
4984252,943,2,254,173,42,35,4,-0.00382,0.02167,0.2305,3950,0,0,0,0,0,0,302,1004,742,4,5,21,0,167,7,9,4,2,30,5,0
4992045,944,2,262,187,46,25,4,-0.0033,0.01845,0.2324,3925,0,0,0,0,0,0,295,1024,729,1,9,6,1,185,6,16,3,1,31,3,0
4999858,945,2,263,177,49,35,2,-0.00466,0.0203,0.231,4023,0,0,0,0,0,0,328,949,771,5,18,16,1,172,9,14,1,0,22,5,0
5007659,946,2,265,186,48,29,2,-0.00522,0.01981,0.2237,3798,0,0,0,0,0,0,351,959,738,2,11,18,0,183,5,11,2,1,32,0,0
