global_step,update,phase,episodes,success,lava,ball,timeout,pg_loss,v_loss,entropy,sps,sub_navigate_n,sub_navigate_success,sub_hazard_n,sub_hazard_success,sub_key_door_n,sub_key_door_success,choose_navigate,choose_hazard,choose_key_door,success_under_navigate,lava_under_navigate,ball_under_navigate,timeout_under_navigate,success_under_hazard,lava_under_hazard,ball_under_hazard,timeout_under_hazard,success_under_key_door,lava_under_key_door,ball_under_key_door,timeout_under_key_door
2048,1,0,9,0,9,0,0,-0.00014,5e-05,1.9459,2424,0,0,0,0,0,0,0,0,0,0,0,0,0,0,0,0,0,0,0,0,0
4096,2,0,3,0,3,0,0,-0.00114,0.0,1.9455,2372,0,0,0,0,0,0,0,0,0,0,0,0,0,0,0,0,0,0,0,0,0
6144,3,0,19,0,9,0,10,-0.00223,2e-05,1.9378,2141,0,0,0,0,0,0,0,0,0,0,0,0,0,0,0,0,0,0,0,0,0
8192,4,0,7,0,7,0,0,-0.00197,5e-05,1.9304,2213,0,0,0,0,0,0,0,0,0,0,0,0,0,0,0,0,0,0,0,0,0
10240,5,0,8,0,8,0,0,-0.00244,7e-05,1.9124,2214,0,0,0,0,0,0,0,0,0,0,0,0,0,0,0,0,0,0,0,0,0
12288,6,0,14,0,5,0,9,-0.00224,2e-05,1.9072,2224,0,0,0,0,0,0,0,0,0,0,0,0,0,0,0,0,0,0,0,0,0
14336,7,0,11,0,10,0,1,-0.00648,3e-05,1.8803,2191,0,0,0,0,0,0,0,0,0,0,0,0,0,0,0,0,0,0,0,0,0
16384,8,0,18,0,13,0,5,-0.00161,4e-05,1.8951,2192,0,0,0,0,0,0,0,0,0,0,0,0,0,0,0,0,0,0,0,0,0
18432,9,0,17,0,16,0,1,-0.0013,4e-05,1.835,2300,0,0,0,0,0,0,0,0,0,0,0,0,0,0,0,0,0,0,0,0,0
20480,10,0,15,0,12,0,3,-0.00409,3e-05,1.8065,2149,0,0,0,0,0,0,0,0,0,0,0,0,0,0,0,0,0,0,0,0,0
22528,11,0,16,0,13,0,3,-0.00137,1e-05,1.7876,2386,0,0,0,0,0,0,0,0,0,0,0,0,0,0,0,0,0,0,0,0,0
24576,12,0,13,0,8,1,4,-0.0006,2e-05,1.7727,2477,0,0,0,0,0,0,0,0,0,0,0,0,0,0,0,0,0,0,0,0,0
26624,13,0,14,1,8,0,5,-0.00172,0.00076,1.8286,2430,0,0,0,0,0,0,0,0,0,0,0,0,0,0,0,0,0,0,0,0,0
28672,14,0,26,0,22,0,4,-0.00041,1e-05,1.8363,2475,0,0,0,0,0,0,0,0,0,0,0,0,0,0,0,0,0,0,0,0,0
30720,15,0,12,0,10,0,2,-0.00197,1e-05,1.8679,2360,0,0,0,0,0,0,0,0,0,0,0,0,0,0,0,0,0,0,0,0,0
32768,16,0,8,0,3,0,5,-0.00371,0.0,1.8665,2506,0,0,0,0,0,0,0,0,0,0,0,0,0,0,0,0,0,0,0,0,0
34816,17,0,23,0,18,0,5,-0.00256,0.0,1.8192,2359,0,0,0,0,0,0,0,0,0,0,0,0,0,0,0,0,0,0,0,0,0
36864,18,0,10,0,7,0,3,0.00037,0.0,1.8288,2419,0,0,0,0,0,0,0,0,0,0,0,0,0,0,0,0,0,0,0,0,0
38912,19,0,16,0,13,0,3,-0.00058,0.0,1.8506,2430,0,0,0,0,0,0,0,0,0,0,0,0,0,0,0,0,0,0,0,0,0
40960,20,0,18,0,15,0,3,-0.00166,1e-05,1.7703,2197,0,0,0,0,0,0,0,0,0,0,0,0,0,0,0,0,0,0,0,0,0
43008,21,0,11,0,11,0,0,-0.00387,2e-05,1.8477,2054,0,0,0,0,0,0,0,0,0,0,0,0,0,0,0,0,0,0,0,0,0
45056,22,0,17,0,10,0,7,-0.00076,1e-05,1.8318,2327,0,0,0,0,0,0,0,0,0,0,0,0,0,0,0,0,0,0,0,0,0
47104,23,0,18,0,17,0,1,-0.00039,0.0,1.8319,2454,0,0,0,0,0,0,0,0,0,0,0,0,0,0,0,0,0,0,0,0,0
49152,24,0,17,0,14,0,3,-0.00161,1e-05,1.9124,2567,0,0,0,0,0,0,0,0,0,0,0,0,0,0,0,0,0,0,0,0,0
51200,25,0,12,0,10,0,2,-0.00039,1e-05,1.9157,2387,0,0,0,0,0,0,0,0,0,0,0,0,0,0,0,0,0,0,0,0,0
53248,26,0,8,0,5,0,3,-0.00032,0.0,1.916,2467,0,0,0,0,0,0,0,0,0,0,0,0,0,0,0,0,0,0,0,0,0
55296,27,0,23,0,14,0,9,0.00014,0.0,1.9244,2389,0,0,0,0,0,0,0,0,0,0,0,0,0,0,0,0,0,0,0,0,0
57344,28,0,5,0,3,0,2,-0.00048,0.0,1.9219,2407,0,0,0,0,0,0,0,0,0,0,0,0,0,0,0,0,0,0,0,0,0
59392,29,0,16,0,9,0,7,-0.00087,0.0,1.919,2314,0,0,0,0,0,0,0,0,0,0,0,0,0,0,0,0,0,0,0,0,0
61440,30,0,15,0,12,0,3,0.00025,0.0,1.9343,2500,0,0,0,0,0,0,0,0,0,0,0,0,0,0,0,0,0,0,0,0,0
63488,31,0,7,0,7,0,0,-0.00015,0.0,1.9341,2592,0,0,0,0,0,0,0,0,0,0,0,0,0,0,0,0,0,0,0,0,0
65536,32,0,11,0,7,0,4,-0.00035,0.0,1.933,2593,0,0,0,0,0,0,0,0,0,0,0,0,0,0,0,0,0,0,0,0,0
67584,33,0,11,0,5,0,6,4e-05,0.0,1.9375,2400,0,0,0,0,0,0,0,0,0,0,0,0,0,0,0,0,0,0,0,0,0
69632,34,0,7,0,5,0,2,-0.00032,0.0,1.9366,2377,0,0,0,0,0,0,0,0,0,0,0,0,0,0,0,0,0,0,0,0,0
71680,35,0,17,0,9,0,8,-0.00016,0.0,1.9399,2136,0,0,0,0,0,0,0,0,0,0,0,0,0,0,0,0,0,0,0,0,0
73728,36,0,13,0,12,0,1,-0.00012,0.0,1.94,2406,0,0,0,0,0,0,0,0,0,0,0,0,0,0,0,0,0,0,0,0,0
75776,37,0,6,0,2,0,4,-0.00108,0.0,1.9353,2291,0,0,0,0,0,0,0,0,0,0,0,0,0,0,0,0,0,0,0,0,0
77824,38,0,15,0,10,0,5,-0.00084,0.0,1.9132,2544,0,0,0,0,0,0,0,0,0,0,0,0,0,0,0,0,0,0,0,0,0
79872,39,0,8,0,6,0,2,-0.00165,0.0,1.8998,2482,0,0,0,0,0,0,0,0,0,0,0,0,0,0,0,0,0,0,0,0,0
81920,40,0,22,0,16,0,6,-0.00648,1e-05,1.8042,2490,0,0,0,0,0,0,0,0,0,0,0,0,0,0,0,0,0,0,0,0,0
83968,41,0,19,0,17,1,1,-0.00075,0.0,1.8493,2362,0,0,0,0,0,0,0,0,0,0,0,0,0,0,0,0,0,0,0,0,0
86016,42,0,15,0,13,0,2,-0.00035,0.0,1.8364,2173,0,0,0,0,0,0,0,0,0,0,0,0,0,0,0,0,0,0,0,0,0
88064,43,0,13,0,12,0,1,-0.00172,0.0,1.854,2085,0,0,0,0,0,0,0,0,0,0,0,0,0,0,0,0,0,0,0,0,0
90112,44,0,13,0,7,1,5,-0.0017,2e-05,1.8926,2210,0,0,0,0,0,0,0,0,0,0,0,0,0,0,0,0,0,0,0,0,0
92160,45,0,19,0,14,0,5,-0.00245,1e-05,1.8908,2057,0,0,0,0,0,0,0,0,0,0,0,0,0,0,0,0,0,0,0,0,0
94208,46,0,13,0,12,0,1,-0.00096,0.0,1.9056,2232,0,0,0,0,0,0,0,0,0,0,0,0,0,0,0,0,0,0,0,0,0
96256,47,0,9,0,4,1,4,-0.00211,1e-05,1.9005,2215,0,0,0,0,0,0,0,0,0,0,0,0,0,0,0,0,0,0,0,0,0
98304,48,0,11,0,8,0,3,-0.00086,0.0,1.8968,2419,0,0,0,0,0,0,0,0,0,0,0,0,0,0,0,0,0,0,0,0,0
100352,49,0,6,0,4,0,2,-0.0004,1e-05,1.9189,2429,0,0,0,0,0,0,0,0,0,0,0,0,0,0,0,0,0,0,0,0,0
102400,50,0,15,0,8,0,7,-0.00302,1e-05,1.9091,2131,0,0,0,0,0,0,0,0,0,0,0,0,0,0,0,0,0,0,0,0,0
104448,51,0,14,0,10,0,4,-0.00078,0.0,1.9002,2279,0,0,0,0,0,0,0,0,0,0,0,0,0,0,0,0,0,0,0,0,0
106496,52,0,2,0,2,0,0,-0.00154,0.0,1.8719,2106,0,0,0,0,0,0,0,0,0,0,0,0,0,0,0,0,0,0,0,0,0
108544,53,0,18,0,13,0,5,-0.00259,0.0,1.847,2120,0,0,0,0,0,0,0,0,0,0,0,0,0,0,0,0,0,0,0,0,0
110592,54,0,10,0,5,0,5,-0.00242,0.0,1.8427,2293,0,0,0,0,0,0,0,0,0,0,0,0,0,0,0,0,0,0,0,0,0
112640,55,0,16,0,10,0,6,-0.00259,1e-05,1.896,2215,0,0,0,0,0,0,0,0,0,0,0,0,0,0,0,0,0,0,0,0,0
114688,56,0,17,0,14,0,3,-0.00034,1e-05,1.9178,2365,0,0,0,0,0,0,0,0,0,0,0,0,0,0,0,0,0,0,0,0,0
116736,57,0,13,0,11,0,2,-0.00045,0.0,1.9368,2410,0,0,0,0,0,0,0,0,0,0,0,0,0,0,0,0,0,0,0,0,0
118784,58,0,8,0,3,0,5,-0.00084,0.0,1.942,2292,0,0,0,0,0,0,0,0,0,0,0,0,0,0,0,0,0,0,0,0,0
120832,59,0,16,0,11,0,5,-0.00039,0.0,1.9438,2322,0,0,0,0,0,0,0,0,0,0,0,0,0,0,0,0,0,0,0,0,0
122880,60,0,14,0,10,0,4,-0.00033,0.0,1.9429,2414,0,0,0,0,0,0,0,0,0,0,0,0,0,0,0,0,0,0,0,0,0
124928,61,0,7,0,6,0,1,-0.00141,0.0,1.9378,2482,0,0,0,0,0,0,0,0,0,0,0,0,0,0,0,0,0,0,0,0,0
126976,62,0,19,0,14,0,5,-0.00054,0.0,1.9327,2422,0,0,0,0,0,0,0,0,0,0,0,0,0,0,0,0,0,0,0,0,0
129024,63,0,9,0,6,0,3,-0.00154,0.0,1.9387,2375,0,0,0,0,0,0,0,0,0,0,0,0,0,0,0,0,0,0,0,0,0
131072,64,0,11,0,8,0,3,-0.0048,1e-05,1.9238,2237,0,0,0,0,0,0,0,0,0,0,0,0,0,0,0,0,0,0,0,0,0
133120,65,0,9,0,1,0,8,-0.002,0.0,1.8963,2306,0,0,0,0,0,0,0,0,0,0,0,0,0,0,0,0,0,0,0,0,0
135168,66,0,7,1,5,0,1,-0.00031,0.00039,1.9135,2589,0,0,0,0,0,0,0,0,0,0,0,0,0,0,0,0,0,0,0,0,0
137216,67,0,7,0,2,0,5,-0.00056,0.0,1.9232,2257,0,0,0,0,0,0,0,0,0,0,0,0,0,0,0,0,0,0,0,0,0
139264,68,0,12,0,5,0,7,-0.00029,0.0,1.9275,2455,0,0,0,0,0,0,0,0,0,0,0,0,0,0,0,0,0,0,0,0,0
141312,69,0,11,0,8,0,3,-0.00138,1e-05,1.9356,2319,0,0,0,0,0,0,0,0,0,0,0,0,0,0,0,0,0,0,0,0,0
143360,70,0,11,0,7,0,4,-0.00142,2e-05,1.9424,2399,0,0,0,0,0,0,0,0,0,0,0,0,0,0,0,0,0,0,0,0,0
145408,71,0,4,0,3,0,1,-0.00261,2e-05,1.9216,2580,0,0,0,0,0,0,0,0,0,0,0,0,0,0,0,0,0,0,0,0,0
147456,72,0,7,0,3,0,4,-0.00267,3e-05,1.8948,2256,0,0,0,0,0,0,0,0,0,0,0,0,0,0,0,0,0,0,0,0,0
149504,73,0,8,0,2,0,6,-0.00024,3e-05,1.8931,2395,0,0,0,0,0,0,0,0,0,0,0,0,0,0,0,0,0,0,0,0,0
151552,74,0,13,0,8,0,5,-0.00528,0.00022,1.8804,2339,0,0,0,0,0,0,0,0,0,0,0,0,0,0,0,0,0,0,0,0,0
153600,75,0,10,0,5,0,5,-0.00049,7e-05,1.8962,2402,0,0,0,0,0,0,0,0,0,0,0,0,0,0,0,0,0,0,0,0,0
155648,76,0,6,0,3,0,3,-0.00039,1e-05,1.8926,2349,0,0,0,0,0,0,0,0,0,0,0,0,0,0,0,0,0,0,0,0,0
157696,77,0,14,0,10,0,4,-0.00313,1e-05,1.9283,2213,0,0,0,0,0,0,0,0,0,0,0,0,0,0,0,0,0,0,0,0,0
159744,78,0,10,0,7,0,3,-0.00211,0.0,1.9284,2180,0,0,0,0,0,0,0,0,0,0,0,0,0,0,0,0,0,0,0,0,0
161792,79,0,16,0,10,0,6,-0.00332,1e-05,1.89,2209,0,0,0,0,0,0,0,0,0,0,0,0,0,0,0,0,0,0,0,0,0
163840,80,0,14,0,11,0,3,-0.0013,1e-05,1.8837,2238,0,0,0,0,0,0,0,0,0,0,0,0,0,0,0,0,0,0,0,0,0
165888,81,0,8,0,7,0,1,-0.00152,1e-05,1.8496,2307,0,0,0,0,0,0,0,0,0,0,0,0,0,0,0,0,0,0,0,0,0
167936,82,0,11,0,6,0,5,-0.00045,2e-05,1.8684,2445,0,0,0,0,0,0,0,0,0,0,0,0,0,0,0,0,0,0,0,0,0
169984,83,0,13,0,8,0,5,-0.00238,2e-05,1.8532,2426,0,0,0,0,0,0,0,0,0,0,0,0,0,0,0,0,0,0,0,0,0
172032,84,0,3,0,2,0,1,-0.0027,1e-05,1.8891,2453,0,0,0,0,0,0,0,0,0,0,0,0,0,0,0,0,0,0,0,0,0
174080,85,0,12,0,5,0,7,-0.00142,2e-05,1.8826,2528,0,0,0,0,0,0,0,0,0,0,0,0,0,0,0,0,0,0,0,0,0
176128,86,0,11,0,8,0,3,-0.002,1e-05,1.8461,2580,0,0,0,0,0,0,0,0,0,0,0,0,0,0,0,0,0,0,0,0,0
178176,87,0,10,0,7,0,3,-0.00022,1e-05,1.8479,2398,0,0,0,0,0,0,0,0,0,0,0,0,0,0,0,0,0,0,0,0,0
180224,88,0,11,0,6,0,5,-0.00106,2e-05,1.8468,2332,0,0,0,0,0,0,0,0,0,0,0,0,0,0,0,0,0,0,0,0,0
182272,89,0,16,0,13,0,3,-0.00542,2e-05,1.8535,2239,0,0,0,0,0,0,0,0,0,0,0,0,0,0,0,0,0,0,0,0,0
184320,90,0,8,0,4,0,4,-0.00185,1e-05,1.8844,2385,0,0,0,0,0,0,0,0,0,0,0,0,0,0,0,0,0,0,0,0,0
186368,91,0,10,0,6,0,4,-0.00114,1e-05,1.8704,2253,0,0,0,0,0,0,0,0,0,0,0,0,0,0,0,0,0,0,0,0,0
188416,92,0,15,0,11,0,4,-0.00338,1e-05,1.8304,2514,0,0,0,0,0,0,0,0,0,0,0,0,0,0,0,0,0,0,0,0,0
190464,93,0,9,0,7,0,2,-0.00274,2e-05,1.803,2428,0,0,0,0,0,0,0,0,0,0,0,0,0,0,0,0,0,0,0,0,0
192512,94,0,14,0,10,1,3,-0.00319,3e-05,1.799,2416,0,0,0,0,0,0,0,0,0,0,0,0,0,0,0,0,0,0,0,0,0
194560,95,0,9,0,6,0,3,-0.00278,2e-05,1.7997,2457,0,0,0,0,0,0,0,0,0,0,0,0,0,0,0,0,0,0,0,0,0
196608,96,0,9,0,2,0,7,-0.00316,3e-05,1.7491,2568,0,0,0,0,0,0,0,0,0,0,0,0,0,0,0,0,0,0,0,0,0
198656,97,0,9,0,4,0,5,-0.0015,3e-05,1.7739,2511,0,0,0,0,0,0,0,0,0,0,0,0,0,0,0,0,0,0,0,0,0
200704,98,0,8,0,5,0,3,-0.00285,4e-05,1.7703,2467,0,0,0,0,0,0,0,0,0,0,0,0,0,0,0,0,0,0,0,0,0
202752,99,0,13,0,6,0,7,-0.00511,5e-05,1.7777,2319,0,0,0,0,0,0,0,0,0,0,0,0,0,0,0,0,0,0,0,0,0
204800,100,0,7,0,3,0,4,-0.00361,2e-05,1.7997,2392,0,0,0,0,0,0,0,0,0,0,0,0,0,0,0,0,0,0,0,0,0
206848,101,0,12,0,6,0,6,-0.00413,2e-05,1.8135,2492,0,0,0,0,0,0,0,0,0,0,0,0,0,0,0,0,0,0,0,0,0
208896,102,0,10,0,4,0,6,-0.00732,3e-05,1.7652,2471,0,0,0,0,0,0,0,0,0,0,0,0,0,0,0,0,0,0,0,0,0
210944,103,0,4,0,3,0,1,-0.00348,4e-05,1.7547,2187,0,0,0,0,0,0,0,0,0,0,0,0,0,0,0,0,0,0,0,0,0
212992,104,0,10,0,2,0,8,-0.00188,2e-05,1.7657,2456,0,0,0,0,0,0,0,0,0,0,0,0,0,0,0,0,0,0,0,0,0
215040,105,0,8,0,3,0,5,-0.00307,3e-05,1.7194,2073,0,0,0,0,0,0,0,0,0,0,0,0,0,0,0,0,0,0,0,0,0
217088,106,0,10,0,4,0,6,-0.00528,2e-05,1.6857,2157,0,0,0,0,0,0,0,0,0,0,0,0,0,0,0,0,0,0,0,0,0
219136,107,0,7,0,3,0,4,-0.00518,2e-05,1.6903,2255,0,0,0,0,0,0,0,0,0,0,0,0,0,0,0,0,0,0,0,0,0
221184,108,0,7,0,4,0,3,-0.0039,3e-05,1.6784,2306,0,0,0,0,0,0,0,0,0,0,0,0,0,0,0,0,0,0,0,0,0
223232,109,0,12,0,4,0,8,-0.00418,2e-05,1.7003,2334,0,0,0,0,0,0,0,0,0,0,0,0,0,0,0,0,0,0,0,0,0
225280,110,0,6,0,3,0,3,-0.00403,4e-05,1.6496,2459,0,0,0,0,0,0,0,0,0,0,0,0,0,0,0,0,0,0,0,0,0
227328,111,0,11,0,3,0,8,-0.00215,3e-05,1.6699,2255,0,0,0,0,0,0,0,0,0,0,0,0,0,0,0,0,0,0,0,0,0
229376,112,0,5,0,2,0,3,-0.00345,4e-05,1.6627,2312,0,0,0,0,0,0,0,0,0,0,0,0,0,0,0,0,0,0,0,0,0
231424,113,0,9,0,5,0,4,-0.00279,3e-05,1.659,2086,0,0,0,0,0,0,0,0,0,0,0,0,0,0,0,0,0,0,0,0,0
233472,114,0,11,0,4,0,7,-0.00326,4e-05,1.6123,2276,0,0,0,0,0,0,0,0,0,0,0,0,0,0,0,0,0,0,0,0,0
235520,115,0,9,0,5,0,4,-0.00636,4e-05,1.5334,2362,0,0,0,0,0,0,0,0,0,0,0,0,0,0,0,0,0,0,0,0,0
237568,116,0,9,0,2,0,7,-0.00506,7e-05,1.5949,2315,0,0,0,0,0,0,0,0,0,0,0,0,0,0,0,0,0,0,0,0,0
239616,117,0,2,0,0,0,2,-0.00458,6e-05,1.5489,2088,0,0,0,0,0,0,0,0,0,0,0,0,0,0,0,0,0,0,0,0,0
241664,118,0,8,0,1,0,7,-0.00389,8e-05,1.5979,2346,0,0,0,0,0,0,0,0,0,0,0,0,0,0,0,0,0,0,0,0,0
243712,119,0,10,0,2,0,8,-0.00459,9e-05,1.535,2327,0,0,0,0,0,0,0,0,0,0,0,0,0,0,0,0,0,0,0,0,0
245760,120,0,8,0,3,0,5,-0.00227,6e-05,1.481,2219,0,0,0,0,0,0,0,0,0,0,0,0,0,0,0,0,0,0,0,0,0
247808,121,0,4,0,0,0,4,-0.00198,4e-05,1.5715,2257,0,0,0,0,0,0,0,0,0,0,0,0,0,0,0,0,0,0,0,0,0
249856,122,0,9,0,3,0,6,-0.0038,3e-05,1.4852,2206,0,0,0,0,0,0,0,0,0,0,0,0,0,0,0,0,0,0,0,0,0
251904,123,0,9,0,2,0,7,-0.00455,3e-05,1.502,1941,0,0,0,0,0,0,0,0,0,0,0,0,0,0,0,0,0,0,0,0,0
253952,124,0,4,0,1,0,3,-0.00256,4e-05,1.5205,2127,0,0,0,0,0,0,0,0,0,0,0,0,0,0,0,0,0,0,0,0,0
256000,125,0,8,0,0,0,8,-0.00271,5e-05,1.5171,2285,0,0,0,0,0,0,0,0,0,0,0,0,0,0,0,0,0,0,0,0,0
258048,126,0,6,0,1,0,5,-0.00601,6e-05,1.545,2396,0,0,0,0,0,0,0,0,0,0,0,0,0,0,0,0,0,0,0,0,0
260096,127,0,7,0,1,0,6,-0.00373,4e-05,1.5436,2445,0,0,0,0,0,0,0,0,0,0,0,0,0,0,0,0,0,0,0,0,0
262144,128,0,11,0,4,0,7,-0.00143,3e-05,1.5495,2526,0,0,0,0,0,0,0,0,0,0,0,0,0,0,0,0,0,0,0,0,0
264192,129,0,1,0,0,0,1,-0.00303,5e-05,1.5234,2423,0,0,0,0,0,0,0,0,0,0,0,0,0,0,0,0,0,0,0,0,0
266240,130,0,9,0,1,0,8,-0.00603,6e-05,1.4324,2296,0,0,0,0,0,0,0,0,0,0,0,0,0,0,0,0,0,0,0,0,0
268288,131,0,9,0,3,0,6,-0.00265,4e-05,1.4835,2288,0,0,0,0,0,0,0,0,0,0,0,0,0,0,0,0,0,0,0,0,0
270336,132,0,8,0,2,0,6,-0.00539,3e-05,1.5382,2263,0,0,0,0,0,0,0,0,0,0,0,0,0,0,0,0,0,0,0,0,0
272384,133,0,14,0,5,0,9,-0.00391,4e-05,1.4952,2012,0,0,0,0,0,0,0,0,0,0,0,0,0,0,0,0,0,0,0,0,0
274432,134,0,4,0,3,0,1,-0.00362,4e-05,1.4576,2051,0,0,0,0,0,0,0,0,0,0,0,0,0,0,0,0,0,0,0,0,0
276480,135,0,8,0,4,0,4,-0.00425,4e-05,1.3982,2199,0,0,0,0,0,0,0,0,0,0,0,0,0,0,0,0,0,0,0,0,0
278528,136,0,11,0,3,0,8,-0.00387,2e-05,1.4879,2271,0,0,0,0,0,0,0,0,0,0,0,0,0,0,0,0,0,0,0,0,0
280576,137,0,7,0,2,0,5,-0.00292,3e-05,1.5165,2253,0,0,0,0,0,0,0,0,0,0,0,0,0,0,0,0,0,0,0,0,0
282624,138,0,8,0,2,0,6,-0.00625,4e-05,1.4286,2431,0,0,0,0,0,0,0,0,0,0,0,0,0,0,0,0,0,0,0,0,0
284672,139,0,6,0,1,0,5,-0.00498,3e-05,1.4241,2485,0,0,0,0,0,0,0,0,0,0,0,0,0,0,0,0,0,0,0,0,0
286720,140,0,7,0,3,0,4,-0.00339,3e-05,1.4925,2471,0,0,0,0,0,0,0,0,0,0,0,0,0,0,0,0,0,0,0,0,0
288768,141,0,6,0,1,0,5,-0.00191,3e-05,1.4774,2152,0,0,0,0,0,0,0,0,0,0,0,0,0,0,0,0,0,0,0,0,0
290816,142,0,10,0,3,0,7,-0.00214,4e-05,1.417,2349,0,0,0,0,0,0,0,0,0,0,0,0,0,0,0,0,0,0,0,0,0
292864,143,0,9,0,3,0,6,-0.00112,4e-05,1.499,2501,0,0,0,0,0,0,0,0,0,0,0,0,0,0,0,0,0,0,0,0,0
294912,144,0,8,0,2,0,6,-0.00202,4e-05,1.4923,2535,0,0,0,0,0,0,0,0,0,0,0,0,0,0,0,0,0,0,0,0,0
296960,145,0,6,0,1,0,5,-0.00467,3e-05,1.4207,2343,0,0,0,0,0,0,0,0,0,0,0,0,0,0,0,0,0,0,0,0,0
299008,146,0,4,0,0,0,4,-0.0029,3e-05,1.4568,2443,0,0,0,0,0,0,0,0,0,0,0,0,0,0,0,0,0,0,0,0,0
301056,147,0,10,0,3,0,7,-0.00286,3e-05,1.545,2422,0,0,0,0,0,0,0,0,0,0,0,0,0,0,0,0,0,0,0,0,0
303104,148,0,7,0,0,0,7,-0.00347,3e-05,1.5212,2395,0,0,0,0,0,0,0,0,0,0,0,0,0,0,0,0,0,0,0,0,0
305152,149,0,6,0,1,0,5,-0.00294,3e-05,1.4803,2543,0,0,0,0,0,0,0,0,0,0,0,0,0,0,0,0,0,0,0,0,0
307200,150,0,9,0,2,0,7,-0.00244,4e-05,1.3587,2381,0,0,0,0,0,0,0,0,0,0,0,0,0,0,0,0,0,0,0,0,0
309248,151,0,5,0,1,0,4,-0.00313,3e-05,1.3925,2031,0,0,0,0,0,0,0,0,0,0,0,0,0,0,0,0,0,0,0,0,0
311296,152,0,6,0,0,0,6,-0.00224,3e-05,1.4617,2352,0,0,0,0,0,0,0,0,0,0,0,0,0,0,0,0,0,0,0,0,0
313344,153,0,7,0,1,0,6,-0.00354,3e-05,1.3427,2295,0,0,0,0,0,0,0,0,0,0,0,0,0,0,0,0,0,0,0,0,0
315392,154,0,8,0,1,0,7,-0.00243,3e-05,1.3063,2117,0,0,0,0,0,0,0,0,0,0,0,0,0,0,0,0,0,0,0,0,0
317440,155,0,7,0,1,0,6,-0.0031,2e-05,1.3009,2325,0,0,0,0,0,0,0,0,0,0,0,0,0,0,0,0,0,0,0,0,0
319488,156,0,6,0,2,0,4,-0.00327,2e-05,1.3634,2246,0,0,0,0,0,0,0,0,0,0,0,0,0,0,0,0,0,0,0,0,0
321536,157,0,12,0,6,0,6,-0.00205,2e-05,1.4207,2160,0,0,0,0,0,0,0,0,0,0,0,0,0,0,0,0,0,0,0,0,0
323584,158,0,6,0,1,0,5,-0.00243,2e-05,1.3235,2321,0,0,0,0,0,0,0,0,0,0,0,0,0,0,0,0,0,0,0,0,0
325632,159,0,9,0,3,0,6,-0.0042,3e-05,1.2942,2110,0,0,0,0,0,0,0,0,0,0,0,0,0,0,0,0,0,0,0,0,0
327680,160,0,6,0,1,0,5,-0.0032,4e-05,1.4027,2354,0,0,0,0,0,0,0,0,0,0,0,0,0,0,0,0,0,0,0,0,0
329728,161,0,8,0,2,0,6,-0.00306,3e-05,1.5102,2359,0,0,0,0,0,0,0,0,0,0,0,0,0,0,0,0,0,0,0,0,0
331776,162,0,12,0,5,0,7,-0.00363,2e-05,1.4256,2081,0,0,0,0,0,0,0,0,0,0,0,0,0,0,0,0,0,0,0,0,0
333824,163,0,6,0,3,0,3,-0.00177,2e-05,1.3225,2332,0,0,0,0,0,0,0,0,0,0,0,0,0,0,0,0,0,0,0,0,0
335872,164,0,5,0,0,0,5,-0.00267,3e-05,1.2862,2401,0,0,0,0,0,0,0,0,0,0,0,0,0,0,0,0,0,0,0,0,0
337920,165,0,7,0,0,0,7,-0.0045,3e-05,1.3527,2489,0,0,0,0,0,0,0,0,0,0,0,0,0,0,0,0,0,0,0,0,0
339968,166,0,10,0,4,0,6,-0.00302,3e-05,1.3631,2549,0,0,0,0,0,0,0,0,0,0,0,0,0,0,0,0,0,0,0,0,0
342016,167,0,7,0,1,0,6,-0.00343,3e-05,1.3708,2379,0,0,0,0,0,0,0,0,0,0,0,0,0,0,0,0,0,0,0,0,0
344064,168,0,7,0,2,0,5,-0.00241,3e-05,1.3485,2375,0,0,0,0,0,0,0,0,0,0,0,0,0,0,0,0,0,0,0,0,0
346112,169,0,6,0,0,0,6,-0.00327,2e-05,1.2289,2290,0,0,0,0,0,0,0,0,0,0,0,0,0,0,0,0,0,0,0,0,0
348160,170,0,8,0,2,0,6,-0.00362,4e-05,1.2888,2513,0,0,0,0,0,0,0,0,0,0,0,0,0,0,0,0,0,0,0,0,0
350208,171,0,7,0,1,0,6,-0.0035,4e-05,1.356,2329,0,0,0,0,0,0,0,0,0,0,0,0,0,0,0,0,0,0,0,0,0
352256,172,0,8,0,4,0,4,-0.00476,7e-05,1.3542,2419,0,0,0,0,0,0,0,0,0,0,0,0,0,0,0,0,0,0,0,0,0
354304,173,0,7,0,1,0,6,-0.00372,0.00014,1.3317,2352,0,0,0,0,0,0,0,0,0,0,0,0,0,0,0,0,0,0,0,0,0
356352,174,0,5,0,2,0,3,-0.00343,5e-05,1.339,2265,0,0,0,0,0,0,0,0,0,0,0,0,0,0,0,0,0,0,0,0,0
358400,175,0,8,0,0,0,8,-0.00564,5e-05,1.3,2357,0,0,0,0,0,0,0,0,0,0,0,0,0,0,0,0,0,0,0,0,0
360448,176,0,8,0,1,0,7,-0.00588,9e-05,1.3166,2281,0,0,0,0,0,0,0,0,0,0,0,0,0,0,0,0,0,0,0,0,0
362496,177,0,5,0,0,0,5,-0.00495,5e-05,1.3482,2179,0,0,0,0,0,0,0,0,0,0,0,0,0,0,0,0,0,0,0,0,0
364544,178,0,11,0,5,0,6,-0.00294,6e-05,1.4075,2258,0,0,0,0,0,0,0,0,0,0,0,0,0,0,0,0,0,0,0,0,0
366592,179,0,4,0,1,0,3,-0.00184,8e-05,1.3851,2463,0,0,0,0,0,0,0,0,0,0,0,0,0,0,0,0,0,0,0,0,0
368640,180,0,11,0,6,0,5,-0.0029,8e-05,1.4239,2409,0,0,0,0,0,0,0,0,0,0,0,0,0,0,0,0,0,0,0,0,0
370688,181,0,7,0,1,0,6,-0.00317,3e-05,1.4086,2208,0,0,0,0,0,0,0,0,0,0,0,0,0,0,0,0,0,0,0,0,0
372736,182,0,4,0,1,0,3,-0.00564,3e-05,1.4638,2311,0,0,0,0,0,0,0,0,0,0,0,0,0,0,0,0,0,0,0,0,0
374784,183,0,12,0,2,0,10,-0.00208,4e-05,1.4223,2363,0,0,0,0,0,0,0,0,0,0,0,0,0,0,0,0,0,0,0,0,0
376832,184,0,6,0,4,0,2,-0.00428,3e-05,1.468,2276,0,0,0,0,0,0,0,0,0,0,0,0,0,0,0,0,0,0,0,0,0
378880,185,0,9,0,5,0,4,-0.00548,3e-05,1.4825,2252,0,0,0,0,0,0,0,0,0,0,0,0,0,0,0,0,0,0,0,0,0
380928,186,0,7,0,1,0,6,-0.00236,3e-05,1.5135,2121,0,0,0,0,0,0,0,0,0,0,0,0,0,0,0,0,0,0,0,0,0
382976,187,0,7,0,2,0,5,-0.00269,3e-05,1.3929,2334,0,0,0,0,0,0,0,0,0,0,0,0,0,0,0,0,0,0,0,0,0
385024,188,0,10,0,3,0,7,-0.00408,5e-05,1.4018,2124,0,0,0,0,0,0,0,0,0,0,0,0,0,0,0,0,0,0,0,0,0
387072,189,0,4,0,1,0,3,-0.0059,7e-05,1.438,2193,0,0,0,0,0,0,0,0,0,0,0,0,0,0,0,0,0,0,0,0,0
389120,190,0,8,0,1,0,7,-0.00502,9e-05,1.4616,1948,0,0,0,0,0,0,0,0,0,0,0,0,0,0,0,0,0,0,0,0,0
391168,191,0,7,0,1,0,6,-0.00501,0.00014,1.4953,1975,0,0,0,0,0,0,0,0,0,0,0,0,0,0,0,0,0,0,0,0,0
393216,192,0,8,0,3,0,5,-0.00425,0.00011,1.5113,1947,0,0,0,0,0,0,0,0,0,0,0,0,0,0,0,0,0,0,0,0,0
395264,193,0,8,0,0,0,8,-0.0068,0.00011,1.5081,1906,0,0,0,0,0,0,0,0,0,0,0,0,0,0,0,0,0,0,0,0,0
397312,194,0,6,0,2,0,4,-0.00508,0.00011,1.4734,2205,0,0,0,0,0,0,0,0,0,0,0,0,0,0,0,0,0,0,0,0,0
399360,195,0,6,0,1,0,5,-0.00429,8e-05,1.4207,2257,0,0,0,0,0,0,0,0,0,0,0,0,0,0,0,0,0,0,0,0,0
401408,196,0,7,0,0,0,7,-0.00194,6e-05,1.4908,2109,0,0,0,0,0,0,0,0,0,0,0,0,0,0,0,0,0,0,0,0,0
403456,197,0,7,0,1,0,6,-0.00419,7e-05,1.436,2126,0,0,0,0,0,0,0,0,0,0,0,0,0,0,0,0,0,0,0,0,0
405504,198,0,7,0,1,0,6,-0.00343,5e-05,1.3583,2239,0,0,0,0,0,0,0,0,0,0,0,0,0,0,0,0,0,0,0,0,0
407552,199,0,6,0,1,0,5,-0.0016,5e-05,1.3548,2113,0,0,0,0,0,0,0,0,0,0,0,0,0,0,0,0,0,0,0,0,0
409600,200,0,10,0,4,0,6,-0.00372,4e-05,1.3587,2511,0,0,0,0,0,0,0,0,0,0,0,0,0,0,0,0,0,0,0,0,0
411648,201,0,9,0,4,0,5,-0.00041,5e-05,1.4312,2447,0,0,0,0,0,0,0,0,0,0,0,0,0,0,0,0,0,0,0,0,0
413696,202,0,7,0,2,0,5,-0.00239,4e-05,1.4407,2266,0,0,0,0,0,0,0,0,0,0,0,0,0,0,0,0,0,0,0,0,0
415744,203,0,8,0,3,0,5,-0.00205,5e-05,1.437,2249,0,0,0,0,0,0,0,0,0,0,0,0,0,0,0,0,0,0,0,0,0
417792,204,0,7,0,3,0,4,-0.00523,5e-05,1.4948,2408,0,0,0,0,0,0,0,0,0,0,0,0,0,0,0,0,0,0,0,0,0
419840,205,0,10,0,1,0,9,-0.00404,6e-05,1.4645,2324,0,0,0,0,0,0,0,0,0,0,0,0,0,0,0,0,0,0,0,0,0
421888,206,0,4,0,2,0,2,-0.00447,5e-05,1.4817,2431,0,0,0,0,0,0,0,0,0,0,0,0,0,0,0,0,0,0,0,0,0
423936,207,0,8,0,1,0,7,-0.00416,6e-05,1.5094,2468,0,0,0,0,0,0,0,0,0,0,0,0,0,0,0,0,0,0,0,0,0
425984,208,0,10,0,4,0,6,-0.00347,5e-05,1.5766,2139,0,0,0,0,0,0,0,0,0,0,0,0,0,0,0,0,0,0,0,0,0
428032,209,0,10,0,5,0,5,-0.00593,6e-05,1.5833,2224,0,0,0,0,0,0,0,0,0,0,0,0,0,0,0,0,0,0,0,0,0
430080,210,0,8,0,2,0,6,-0.00583,5e-05,1.5144,2226,0,0,0,0,0,0,0,0,0,0,0,0,0,0,0,0,0,0,0,0,0
432128,211,0,10,0,4,0,6,-0.00362,4e-05,1.4688,2181,0,0,0,0,0,0,0,0,0,0,0,0,0,0,0,0,0,0,0,0,0
434176,212,0,6,0,2,0,4,-0.00314,3e-05,1.4566,2238,0,0,0,0,0,0,0,0,0,0,0,0,0,0,0,0,0,0,0,0,0
436224,213,0,11,0,4,0,7,-0.00488,2e-05,1.5249,2302,0,0,0,0,0,0,0,0,0,0,0,0,0,0,0,0,0,0,0,0,0
438272,214,0,5,0,0,0,5,-0.00248,3e-05,1.5054,2317,0,0,0,0,0,0,0,0,0,0,0,0,0,0,0,0,0,0,0,0,0
440320,215,0,8,0,3,0,5,-0.0028,3e-05,1.5073,2204,0,0,0,0,0,0,0,0,0,0,0,0,0,0,0,0,0,0,0,0,0
442368,216,0,8,0,2,0,6,-0.00294,2e-05,1.5106,2346,0,0,0,0,0,0,0,0,0,0,0,0,0,0,0,0,0,0,0,0,0
444416,217,0,9,0,3,0,6,-0.00363,3e-05,1.4092,2397,0,0,0,0,0,0,0,0,0,0,0,0,0,0,0,0,0,0,0,0,0
446464,218,0,8,0,2,0,6,-0.00439,2e-05,1.4444,2434,0,0,0,0,0,0,0,0,0,0,0,0,0,0,0,0,0,0,0,0,0
448512,219,0,6,0,3,0,3,-0.0049,2e-05,1.5256,2264,0,0,0,0,0,0,0,0,0,0,0,0,0,0,0,0,0,0,0,0,0
450560,220,0,7,0,3,0,4,-0.00338,2e-05,1.4677,2447,0,0,0,0,0,0,0,0,0,0,0,0,0,0,0,0,0,0,0,0,0
452608,221,0,10,0,3,0,7,-0.00328,2e-05,1.5014,2106,0,0,0,0,0,0,0,0,0,0,0,0,0,0,0,0,0,0,0,0,0
454656,222,0,8,0,1,0,7,-0.00441,2e-05,1.493,2002,0,0,0,0,0,0,0,0,0,0,0,0,0,0,0,0,0,0,0,0,0
456704,223,0,7,0,1,0,6,-0.00448,3e-05,1.4872,1896,0,0,0,0,0,0,0,0,0,0,0,0,0,0,0,0,0,0,0,0,0
458752,224,0,5,0,0,0,5,-0.00348,3e-05,1.496,2136,0,0,0,0,0,0,0,0,0,0,0,0,0,0,0,0,0,0,0,0,0
460800,225,0,7,0,1,0,6,-0.00379,4e-05,1.5119,1941,0,0,0,0,0,0,0,0,0,0,0,0,0,0,0,0,0,0,0,0,0
462848,226,0,8,0,2,0,6,-0.00096,4e-05,1.5094,2122,0,0,0,0,0,0,0,0,0,0,0,0,0,0,0,0,0,0,0,0,0
464896,227,0,7,0,0,0,7,-0.00295,3e-05,1.5003,2215,0,0,0,0,0,0,0,0,0,0,0,0,0,0,0,0,0,0,0,0,0
466944,228,0,10,0,2,0,8,-0.00373,2e-05,1.4711,2311,0,0,0,0,0,0,0,0,0,0,0,0,0,0,0,0,0,0,0,0,0
468992,229,0,3,0,1,0,2,-0.00521,2e-05,1.4324,2315,0,0,0,0,0,0,0,0,0,0,0,0,0,0,0,0,0,0,0,0,0
471040,230,0,5,0,0,0,5,-0.00197,2e-05,1.4214,2454,0,0,0,0,0,0,0,0,0,0,0,0,0,0,0,0,0,0,0,0,0
473088,231,0,10,0,0,0,10,-0.00382,2e-05,1.4331,2382,0,0,0,0,0,0,0,0,0,0,0,0,0,0,0,0,0,0,0,0,0
475136,232,0,5,0,1,0,4,-0.00485,2e-05,1.4272,2295,0,0,0,0,0,0,0,0,0,0,0,0,0,0,0,0,0,0,0,0,0
477184,233,0,11,0,0,0,11,-0.00443,2e-05,1.4026,2222,0,0,0,0,0,0,0,0,0,0,0,0,0,0,0,0,0,0,0,0,0
479232,234,0,1,0,0,0,1,-0.00451,2e-05,1.4955,2158,0,0,0,0,0,0,0,0,0,0,0,0,0,0,0,0,0,0,0,0,0
481280,235,0,9,0,3,0,6,-0.0045,3e-05,1.4474,2185,0,0,0,0,0,0,0,0,0,0,0,0,0,0,0,0,0,0,0,0,0
483328,236,0,8,0,1,0,7,-0.00269,4e-05,1.464,2183,0,0,0,0,0,0,0,0,0,0,0,0,0,0,0,0,0,0,0,0,0
485376,237,0,6,0,1,0,5,-0.00349,4e-05,1.4052,2389,0,0,0,0,0,0,0,0,0,0,0,0,0,0,0,0,0,0,0,0,0
487424,238,0,8,0,1,0,7,-0.00195,8e-05,1.379,2295,0,0,0,0,0,0,0,0,0,0,0,0,0,0,0,0,0,0,0,0,0
489472,239,0,3,0,0,0,3,-0.00345,4e-05,1.3246,2419,0,0,0,0,0,0,0,0,0,0,0,0,0,0,0,0,0,0,0,0,0
491520,240,0,8,0,0,0,8,-0.00301,4e-05,1.3958,2401,0,0,0,0,0,0,0,0,0,0,0,0,0,0,0,0,0,0,0,0,0
493568,241,0,7,0,0,0,7,-0.00382,3e-05,1.4235,2463,0,0,0,0,0,0,0,0,0,0,0,0,0,0,0,0,0,0,0,0,0
495616,242,0,8,0,3,0,5,-0.00402,5e-05,1.3533,2101,0,0,0,0,0,0,0,0,0,0,0,0,0,0,0,0,0,0,0,0,0
497664,243,0,9,0,1,0,8,-0.00232,3e-05,1.3728,2237,0,0,0,0,0,0,0,0,0,0,0,0,0,0,0,0,0,0,0,0,0
499712,244,0,3,0,1,0,2,-0.00447,3e-05,1.3505,2348,0,0,0,0,0,0,0,0,0,0,0,0,0,0,0,0,0,0,0,0,0
501760,245,0,9,0,2,0,7,-0.00447,5e-05,1.4199,2440,0,0,0,0,0,0,0,0,0,0,0,0,0,0,0,0,0,0,0,0,0
503808,246,0,6,0,0,0,6,-0.00341,3e-05,1.5042,2402,0,0,0,0,0,0,0,0,0,0,0,0,0,0,0,0,0,0,0,0,0
505856,247,0,7,0,0,0,7,-0.00211,2e-05,1.478,2314,0,0,0,0,0,0,0,0,0,0,0,0,0,0,0,0,0,0,0,0,0
507904,248,0,6,0,1,0,5,-0.00491,2e-05,1.5087,2336,0,0,0,0,0,0,0,0,0,0,0,0,0,0,0,0,0,0,0,0,0
509952,249,0,4,0,1,0,3,-0.00315,2e-05,1.4542,2457,0,0,0,0,0,0,0,0,0,0,0,0,0,0,0,0,0,0,0,0,0
512000,250,0,10,0,0,0,10,-0.00289,2e-05,1.5465,2534,0,0,0,0,0,0,0,0,0,0,0,0,0,0,0,0,0,0,0,0,0
514048,251,0,8,0,3,0,5,-0.00257,2e-05,1.5538,2423,0,0,0,0,0,0,0,0,0,0,0,0,0,0,0,0,0,0,0,0,0
516096,252,0,6,0,2,0,4,-0.00446,3e-05,1.5953,2202,0,0,0,0,0,0,0,0,0,0,0,0,0,0,0,0,0,0,0,0,0
518144,253,0,6,0,0,0,6,-0.00312,2e-05,1.5786,2132,0,0,0,0,0,0,0,0,0,0,0,0,0,0,0,0,0,0,0,0,0
520192,254,0,7,0,1,0,6,-0.00431,2e-05,1.5891,2176,0,0,0,0,0,0,0,0,0,0,0,0,0,0,0,0,0,0,0,0,0
522240,255,0,7,0,0,0,7,-0.00338,2e-05,1.5458,2108,0,0,0,0,0,0,0,0,0,0,0,0,0,0,0,0,0,0,0,0,0
524288,256,0,11,0,3,0,8,-0.00596,3e-05,1.4997,2112,0,0,0,0,0,0,0,0,0,0,0,0,0,0,0,0,0,0,0,0,0
526336,257,0,7,0,4,0,3,-0.00327,3e-05,1.5477,2291,0,0,0,0,0,0,0,0,0,0,0,0,0,0,0,0,0,0,0,0,0
528384,258,0,6,0,2,0,4,-0.00627,5e-05,1.5221,2175,0,0,0,0,0,0,0,0,0,0,0,0,0,0,0,0,0,0,0,0,0
530432,259,0,8,0,2,0,6,-0.00293,4e-05,1.5813,2533,0,0,0,0,0,0,0,0,0,0,0,0,0,0,0,0,0,0,0,0,0
532480,260,0,7,0,0,0,7,-0.00343,5e-05,1.5289,2303,0,0,0,0,0,0,0,0,0,0,0,0,0,0,0,0,0,0,0,0,0
534528,261,0,9,0,2,0,7,-0.00469,6e-05,1.4941,2319,0,0,0,0,0,0,0,0,0,0,0,0,0,0,0,0,0,0,0,0,0
536576,262,0,7,0,3,0,4,-0.00697,4e-05,1.5381,2175,0,0,0,0,0,0,0,0,0,0,0,0,0,0,0,0,0,0,0,0,0
538624,263,0,5,0,1,0,4,-0.00633,5e-05,1.5104,2174,0,0,0,0,0,0,0,0,0,0,0,0,0,0,0,0,0,0,0,0,0
540672,264,0,11,0,3,0,8,-0.00391,8e-05,1.441,2475,0,0,0,0,0,0,0,0,0,0,0,0,0,0,0,0,0,0,0,0,0
542720,265,0,8,0,2,0,6,-0.00332,7e-05,1.4137,2364,0,0,0,0,0,0,0,0,0,0,0,0,0,0,0,0,0,0,0,0,0
544768,266,0,4,0,0,0,4,-0.00304,7e-05,1.4165,2262,0,0,0,0,0,0,0,0,0,0,0,0,0,0,0,0,0,0,0,0,0
546816,267,0,11,0,2,0,9,-0.00549,0.00012,1.4135,2312,0,0,0,0,0,0,0,0,0,0,0,0,0,0,0,0,0,0,0,0,0
548864,268,0,3,0,0,0,3,-0.00549,9e-05,1.4192,2511,0,0,0,0,0,0,0,0,0,0,0,0,0,0,0,0,0,0,0,0,0
550912,269,0,7,0,1,0,6,-0.00374,0.00012,1.4808,2137,0,0,0,0,0,0,0,0,0,0,0,0,0,0,0,0,0,0,0,0,0
552960,270,0,11,0,3,0,8,-0.00682,0.00014,1.4833,2217,0,0,0,0,0,0,0,0,0,0,0,0,0,0,0,0,0,0,0,0,0
555008,271,0,6,0,3,0,3,-0.00624,0.00013,1.3854,2406,0,0,0,0,0,0,0,0,0,0,0,0,0,0,0,0,0,0,0,0,0
557056,272,0,8,0,1,0,7,-0.0057,0.00011,1.234,2354,0,0,0,0,0,0,0,0,0,0,0,0,0,0,0,0,0,0,0,0,0
559104,273,0,4,0,0,0,4,-0.00457,0.00014,1.2998,2399,0,0,0,0,0,0,0,0,0,0,0,0,0,0,0,0,0,0,0,0,0
561152,274,0,5,0,0,0,5,-0.00535,0.00012,1.4248,2179,0,0,0,0,0,0,0,0,0,0,0,0,0,0,0,0,0,0,0,0,0
563200,275,0,12,0,2,0,10,-0.00628,0.0001,1.4569,2274,0,0,0,0,0,0,0,0,0,0,0,0,0,0,0,0,0,0,0,0,0
565248,276,0,9,0,4,0,5,-0.0038,9e-05,1.4548,2504,0,0,0,0,0,0,0,0,0,0,0,0,0,0,0,0,0,0,0,0,0
567296,277,0,5,0,1,0,4,-0.00514,9e-05,1.3512,2539,0,0,0,0,0,0,0,0,0,0,0,0,0,0,0,0,0,0,0,0,0
569344,278,0,8,0,3,0,5,-0.00665,6e-05,1.358,2242,0,0,0,0,0,0,0,0,0,0,0,0,0,0,0,0,0,0,0,0,0
571392,279,0,5,0,0,0,5,-0.00716,0.0001,1.3581,2060,0,0,0,0,0,0,0,0,0,0,0,0,0,0,0,0,0,0,0,0,0
573440,280,0,11,0,3,0,8,-0.00309,9e-05,1.383,2427,0,0,0,0,0,0,0,0,0,0,0,0,0,0,0,0,0,0,0,0,0
575488,281,0,7,0,1,0,6,-0.00426,7e-05,1.3806,2239,0,0,0,0,0,0,0,0,0,0,0,0,0,0,0,0,0,0,0,0,0
577536,282,0,2,0,0,0,2,-0.00492,5e-05,1.5005,2336,0,0,0,0,0,0,0,0,0,0,0,0,0,0,0,0,0,0,0,0,0
579584,283,0,10,0,0,0,10,-0.00548,4e-05,1.4339,2252,0,0,0,0,0,0,0,0,0,0,0,0,0,0,0,0,0,0,0,0,0
581632,284,0,6,0,1,0,5,-0.0042,4e-05,1.3844,2460,0,0,0,0,0,0,0,0,0,0,0,0,0,0,0,0,0,0,0,0,0
583680,285,0,9,0,2,0,7,-0.00305,6e-05,1.3627,2503,0,0,0,0,0,0,0,0,0,0,0,0,0,0,0,0,0,0,0,0,0
585728,286,0,5,0,1,0,4,-0.00506,5e-05,1.3979,2463,0,0,0,0,0,0,0,0,0,0,0,0,0,0,0,0,0,0,0,0,0
587776,287,0,5,0,0,0,5,-0.00225,5e-05,1.4214,2369,0,0,0,0,0,0,0,0,0,0,0,0,0,0,0,0,0,0,0,0,0
589824,288,0,8,0,0,0,8,-0.00403,5e-05,1.4339,2238,0,0,0,0,0,0,0,0,0,0,0,0,0,0,0,0,0,0,0,0,0
591872,289,0,8,0,2,0,6,-0.00409,5e-05,1.484,2465,0,0,0,0,0,0,0,0,0,0,0,0,0,0,0,0,0,0,0,0,0
593920,290,0,7,0,1,0,6,-0.00737,4e-05,1.4737,2401,0,0,0,0,0,0,0,0,0,0,0,0,0,0,0,0,0,0,0,0,0
595968,291,0,8,0,3,0,5,-0.00436,5e-05,1.4435,2345,0,0,0,0,0,0,0,0,0,0,0,0,0,0,0,0,0,0,0,0,0
598016,292,0,6,0,1,0,5,-0.00753,6e-05,1.4386,2463,0,0,0,0,0,0,0,0,0,0,0,0,0,0,0,0,0,0,0,0,0
600064,293,0,6,0,2,0,4,-0.0066,5e-05,1.4682,2163,0,0,0,0,0,0,0,0,0,0,0,0,0,0,0,0,0,0,0,0,0
602112,294,0,10,0,2,0,8,-0.00521,7e-05,1.5314,2334,0,0,0,0,0,0,0,0,0,0,0,0,0,0,0,0,0,0,0,0,0
604160,295,0,11,0,6,0,5,-0.00428,9e-05,1.5019,2364,0,0,0,0,0,0,0,0,0,0,0,0,0,0,0,0,0,0,0,0,0
606208,296,0,8,0,4,0,4,-0.00519,8e-05,1.5007,2369,0,0,0,0,0,0,0,0,0,0,0,0,0,0,0,0,0,0,0,0,0
608256,297,0,6,0,2,0,4,-0.00709,0.0001,1.4831,2259,0,0,0,0,0,0,0,0,0,0,0,0,0,0,0,0,0,0,0,0,0
610304,298,0,7,0,1,0,6,-0.0053,8e-05,1.5672,2179,0,0,0,0,0,0,0,0,0,0,0,0,0,0,0,0,0,0,0,0,0
612352,299,0,9,0,1,0,8,-0.00497,9e-05,1.4831,2201,0,0,0,0,0,0,0,0,0,0,0,0,0,0,0,0,0,0,0,0,0
614400,300,0,7,0,3,0,4,-0.00554,8e-05,1.4789,2327,0,0,0,0,0,0,0,0,0,0,0,0,0,0,0,0,0,0,0,0,0
616448,301,0,4,0,1,0,3,-0.0062,8e-05,1.4442,2625,0,0,0,0,0,0,0,0,0,0,0,0,0,0,0,0,0,0,0,0,0
618496,302,0,7,0,0,0,7,-0.00469,8e-05,1.4447,2481,0,0,0,0,0,0,0,0,0,0,0,0,0,0,0,0,0,0,0,0,0
620544,303,0,16,0,7,0,9,-0.00862,0.0001,1.3979,2273,0,0,0,0,0,0,0,0,0,0,0,0,0,0,0,0,0,0,0,0,0
622592,304,0,5,0,3,0,2,-0.00573,0.00011,1.391,2318,0,0,0,0,0,0,0,0,0,0,0,0,0,0,0,0,0,0,0,0,0
624640,305,0,4,0,0,0,4,-0.0044,0.0001,1.4417,2448,0,0,0,0,0,0,0,0,0,0,0,0,0,0,0,0,0,0,0,0,0
626688,306,0,9,0,0,0,9,-0.00709,0.00011,1.4401,2342,0,0,0,0,0,0,0,0,0,0,0,0,0,0,0,0,0,0,0,0,0
628736,307,0,7,0,4,0,3,-0.00775,0.00012,1.4207,2488,0,0,0,0,0,0,0,0,0,0,0,0,0,0,0,0,0,0,0,0,0
630784,308,0,9,0,2,0,7,-0.00752,0.00014,1.3811,2325,0,0,0,0,0,0,0,0,0,0,0,0,0,0,0,0,0,0,0,0,0
632832,309,0,8,0,2,0,6,-0.00895,0.00013,1.3626,2622,0,0,0,0,0,0,0,0,0,0,0,0,0,0,0,0,0,0,0,0,0
634880,310,0,4,0,0,0,4,-0.00539,0.00012,1.276,2543,0,0,0,0,0,0,0,0,0,0,0,0,0,0,0,0,0,0,0,0,0
636928,311,0,8,0,0,0,8,-0.00853,0.00013,1.3106,2433,0,0,0,0,0,0,0,0,0,0,0,0,0,0,0,0,0,0,0,0,0
638976,312,0,8,0,4,0,4,-0.00612,0.0001,1.2437,2435,0,0,0,0,0,0,0,0,0,0,0,0,0,0,0,0,0,0,0,0,0
641024,313,0,10,0,3,0,7,-0.00646,8e-05,1.2972,2443,0,0,0,0,0,0,0,0,0,0,0,0,0,0,0,0,0,0,0,0,0
643072,314,0,9,0,1,0,8,-0.00855,0.0001,1.31,2134,0,0,0,0,0,0,0,0,0,0,0,0,0,0,0,0,0,0,0,0,0
645120,315,0,4,0,0,0,4,-0.00523,7e-05,1.2101,2213,0,0,0,0,0,0,0,0,0,0,0,0,0,0,0,0,0,0,0,0,0
647168,316,0,8,0,3,0,5,-0.00822,8e-05,1.2755,2359,0,0,0,0,0,0,0,0,0,0,0,0,0,0,0,0,0,0,0,0,0
649216,317,0,7,0,1,0,6,-0.00557,0.0001,1.3008,2059,0,0,0,0,0,0,0,0,0,0,0,0,0,0,0,0,0,0,0,0,0
651264,318,0,5,0,0,0,5,-0.00683,0.0001,1.266,2149,0,0,0,0,0,0,0,0,0,0,0,0,0,0,0,0,0,0,0,0,0
653312,319,0,12,0,4,0,8,-0.00512,0.00014,1.3626,2464,0,0,0,0,0,0,0,0,0,0,0,0,0,0,0,0,0,0,0,0,0
655360,320,0,10,0,5,0,5,-0.00811,0.00011,1.2405,2356,0,0,0,0,0,0,0,0,0,0,0,0,0,0,0,0,0,0,0,0,0
657408,321,0,6,0,2,0,4,-0.00651,0.00012,1.3488,2427,0,0,0,0,0,0,0,0,0,0,0,0,0,0,0,0,0,0,0,0,0
659456,322,0,12,0,5,0,7,-0.0077,0.00014,1.393,2245,0,0,0,0,0,0,0,0,0,0,0,0,0,0,0,0,0,0,0,0,0
661504,323,0,12,0,6,0,6,-0.00755,0.00011,1.4347,2461,0,0,0,0,0,0,0,0,0,0,0,0,0,0,0,0,0,0,0,0,0
663552,324,0,7,0,3,0,4,-0.00863,0.00011,1.3637,2430,0,0,0,0,0,0,0,0,0,0,0,0,0,0,0,0,0,0,0,0,0
665600,325,0,8,0,1,0,7,-0.00578,0.00014,1.3221,2291,0,0,0,0,0,0,0,0,0,0,0,0,0,0,0,0,0,0,0,0,0
667648,326,0,9,0,4,0,5,-0.00687,0.00018,1.3308,2183,0,0,0,0,0,0,0,0,0,0,0,0,0,0,0,0,0,0,0,0,0
669696,327,0,9,0,3,0,6,-0.00549,0.00011,1.3273,2104,0,0,0,0,0,0,0,0,0,0,0,0,0,0,0,0,0,0,0,0,0
671744,328,0,10,0,5,0,5,-0.00567,0.0001,1.3397,2269,0,0,0,0,0,0,0,0,0,0,0,0,0,0,0,0,0,0,0,0,0
673792,329,0,5,0,1,0,4,-0.00621,8e-05,1.3085,1963,0,0,0,0,0,0,0,0,0,0,0,0,0,0,0,0,0,0,0,0,0
675840,330,0,8,0,2,0,6,-0.00529,8e-05,1.3481,2290,0,0,0,0,0,0,0,0,0,0,0,0,0,0,0,0,0,0,0,0,0
677888,331,0,7,0,0,0,7,-0.00558,8e-05,1.1759,2358,0,0,0,0,0,0,0,0,0,0,0,0,0,0,0,0,0,0,0,0,0
679936,332,0,6,0,1,0,5,-0.00834,9e-05,1.1144,1957,0,0,0,0,0,0,0,0,0,0,0,0,0,0,0,0,0,0,0,0,0
681984,333,0,11,0,4,0,7,-0.00714,0.00012,1.293,2035,0,0,0,0,0,0,0,0,0,0,0,0,0,0,0,0,0,0,0,0,0
684032,334,0,6,0,2,0,4,-0.00499,7e-05,1.3177,1946,0,0,0,0,0,0,0,0,0,0,0,0,0,0,0,0,0,0,0,0,0
686080,335,0,4,0,0,0,4,-0.00521,7e-05,1.2703,2235,0,0,0,0,0,0,0,0,0,0,0,0,0,0,0,0,0,0,0,0,0
688128,336,0,11,0,0,0,11,-0.00666,9e-05,1.3814,2168,0,0,0,0,0,0,0,0,0,0,0,0,0,0,0,0,0,0,0,0,0
690176,337,0,5,0,2,0,3,-0.00708,7e-05,1.3008,2280,0,0,0,0,0,0,0,0,0,0,0,0,0,0,0,0,0,0,0,0,0
692224,338,0,8,0,1,0,7,-0.00345,9e-05,1.2177,2405,0,0,0,0,0,0,0,0,0,0,0,0,0,0,0,0,0,0,0,0,0
694272,339,0,7,0,2,0,5,-0.00474,6e-05,1.2871,2224,0,0,0,0,0,0,0,0,0,0,0,0,0,0,0,0,0,0,0,0,0
696320,340,0,7,0,1,0,6,-0.00724,7e-05,1.3306,2330,0,0,0,0,0,0,0,0,0,0,0,0,0,0,0,0,0,0,0,0,0
698368,341,0,10,0,3,0,7,-0.00754,7e-05,1.231,2376,0,0,0,0,0,0,0,0,0,0,0,0,0,0,0,0,0,0,0,0,0
700416,342,0,8,0,2,0,6,-0.00444,7e-05,1.2342,2299,0,0,0,0,0,0,0,0,0,0,0,0,0,0,0,0,0,0,0,0,0
702464,343,0,5,0,2,0,3,-0.00528,6e-05,1.3873,2352,0,0,0,0,0,0,0,0,0,0,0,0,0,0,0,0,0,0,0,0,0
704512,344,0,7,0,1,0,6,-0.00499,8e-05,1.4123,2273,0,0,0,0,0,0,0,0,0,0,0,0,0,0,0,0,0,0,0,0,0
706560,345,0,7,0,2,0,5,-0.00594,5e-05,1.3989,2126,0,0,0,0,0,0,0,0,0,0,0,0,0,0,0,0,0,0,0,0,0
708608,346,0,12,0,5,0,7,-0.00586,7e-05,1.4302,2460,0,0,0,0,0,0,0,0,0,0,0,0,0,0,0,0,0,0,0,0,0
710656,347,0,9,0,4,0,5,-0.00752,7e-05,1.4096,2327,0,0,0,0,0,0,0,0,0,0,0,0,0,0,0,0,0,0,0,0,0
712704,348,0,6,0,2,0,4,-0.0071,6e-05,1.4407,2392,0,0,0,0,0,0,0,0,0,0,0,0,0,0,0,0,0,0,0,0,0
714752,349,0,11,0,2,0,9,-0.00695,6e-05,1.3972,2206,0,0,0,0,0,0,0,0,0,0,0,0,0,0,0,0,0,0,0,0,0
716800,350,0,3,0,0,0,3,-0.00411,6e-05,1.3455,2230,0,0,0,0,0,0,0,0,0,0,0,0,0,0,0,0,0,0,0,0,0
718848,351,0,10,0,2,0,8,-0.00543,7e-05,1.3943,2332,0,0,0,0,0,0,0,0,0,0,0,0,0,0,0,0,0,0,0,0,0
720896,352,0,5,0,2,0,3,-0.00836,8e-05,1.4039,2277,0,0,0,0,0,0,0,0,0,0,0,0,0,0,0,0,0,0,0,0,0
722944,353,0,8,0,2,0,6,-0.00647,8e-05,1.2706,2213,0,0,0,0,0,0,0,0,0,0,0,0,0,0,0,0,0,0,0,0,0
724992,354,0,8,0,1,0,7,-0.00626,0.0001,1.2652,2147,0,0,0,0,0,0,0,0,0,0,0,0,0,0,0,0,0,0,0,0,0
727040,355,0,9,0,4,0,5,-0.00675,7e-05,1.2549,2258,0,0,0,0,0,0,0,0,0,0,0,0,0,0,0,0,0,0,0,0,0
729088,356,0,6,0,2,0,4,-0.00702,7e-05,1.2955,1993,0,0,0,0,0,0,0,0,0,0,0,0,0,0,0,0,0,0,0,0,0
731136,357,0,8,0,3,0,5,-0.01065,9e-05,1.2589,1952,0,0,0,0,0,0,0,0,0,0,0,0,0,0,0,0,0,0,0,0,0
733184,358,0,6,0,1,0,5,-0.0063,0.0001,1.2894,2229,0,0,0,0,0,0,0,0,0,0,0,0,0,0,0,0,0,0,0,0,0
735232,359,0,10,0,3,0,7,-0.00559,0.0001,1.3369,2264,0,0,0,0,0,0,0,0,0,0,0,0,0,0,0,0,0,0,0,0,0
737280,360,0,7,0,2,0,5,-0.00717,9e-05,1.3393,2482,0,0,0,0,0,0,0,0,0,0,0,0,0,0,0,0,0,0,0,0,0
739328,361,0,8,0,3,0,5,-0.00927,0.00012,1.3199,2348,0,0,0,0,0,0,0,0,0,0,0,0,0,0,0,0,0,0,0,0,0
741376,362,0,9,0,2,0,7,-0.00515,9e-05,1.353,2081,0,0,0,0,0,0,0,0,0,0,0,0,0,0,0,0,0,0,0,0,0
743424,363,0,7,0,2,0,5,-0.0065,8e-05,1.3968,2253,0,0,0,0,0,0,0,0,0,0,0,0,0,0,0,0,0,0,0,0,0
745472,364,0,9,0,4,0,5,-0.00678,8e-05,1.4458,2232,0,0,0,0,0,0,0,0,0,0,0,0,0,0,0,0,0,0,0,0,0
747520,365,0,14,0,7,0,7,-0.00733,7e-05,1.3646,2211,0,0,0,0,0,0,0,0,0,0,0,0,0,0,0,0,0,0,0,0,0
749568,366,0,5,0,3,0,2,-0.00714,5e-05,1.2505,2223,0,0,0,0,0,0,0,0,0,0,0,0,0,0,0,0,0,0,0,0,0
751616,367,0,7,0,1,0,6,-0.00676,7e-05,1.2843,2202,0,0,0,0,0,0,0,0,0,0,0,0,0,0,0,0,0,0,0,0,0
753664,368,0,9,0,1,0,8,-0.00621,8e-05,1.4287,2314,0,0,0,0,0,0,0,0,0,0,0,0,0,0,0,0,0,0,0,0,0
755712,369,0,7,0,3,0,4,-0.00694,8e-05,1.3703,2107,0,0,0,0,0,0,0,0,0,0,0,0,0,0,0,0,0,0,0,0,0
757760,370,0,9,0,3,0,6,-0.00937,7e-05,1.4458,2079,0,0,0,0,0,0,0,0,0,0,0,0,0,0,0,0,0,0,0,0,0
759808,371,0,9,0,4,0,5,-0.00677,7e-05,1.4257,2223,0,0,0,0,0,0,0,0,0,0,0,0,0,0,0,0,0,0,0,0,0
761856,372,0,7,0,2,0,5,-0.00677,6e-05,1.416,2310,0,0,0,0,0,0,0,0,0,0,0,0,0,0,0,0,0,0,0,0,0
763904,373,0,8,0,3,0,5,-0.00589,0.00011,1.4101,2233,0,0,0,0,0,0,0,0,0,0,0,0,0,0,0,0,0,0,0,0,0
765952,374,0,10,0,5,0,5,-0.00689,0.0001,1.4852,2429,0,0,0,0,0,0,0,0,0,0,0,0,0,0,0,0,0,0,0,0,0
768000,375,0,8,0,3,0,5,-0.00393,8e-05,1.4275,2423,0,0,0,0,0,0,0,0,0,0,0,0,0,0,0,0,0,0,0,0,0
770048,376,0,11,0,3,0,8,-0.00617,9e-05,1.4356,2386,0,0,0,0,0,0,0,0,0,0,0,0,0,0,0,0,0,0,0,0,0
772096,377,0,6,0,3,0,3,-0.00657,6e-05,1.4216,2509,0,0,0,0,0,0,0,0,0,0,0,0,0,0,0,0,0,0,0,0,0
774144,378,0,10,0,4,0,6,-0.00782,7e-05,1.3952,2452,0,0,0,0,0,0,0,0,0,0,0,0,0,0,0,0,0,0,0,0,0
776192,379,0,6,0,2,0,4,-0.00419,8e-05,1.3265,2293,0,0,0,0,0,0,0,0,0,0,0,0,0,0,0,0,0,0,0,0,0
778240,380,0,12,0,3,0,9,-0.00664,6e-05,1.2554,2148,0,0,0,0,0,0,0,0,0,0,0,0,0,0,0,0,0,0,0,0,0
780288,381,0,4,0,0,0,4,-0.0058,8e-05,1.3078,2308,0,0,0,0,0,0,0,0,0,0,0,0,0,0,0,0,0,0,0,0,0
782336,382,0,8,0,3,0,5,-0.00714,0.00011,1.4257,2236,0,0,0,0,0,0,0,0,0,0,0,0,0,0,0,0,0,0,0,0,0
784384,383,0,8,0,1,0,7,-0.00694,7e-05,1.4112,2376,0,0,0,0,0,0,0,0,0,0,0,0,0,0,0,0,0,0,0,0,0
786432,384,0,10,0,5,0,5,-0.00601,6e-05,1.3339,2004,0,0,0,0,0,0,0,0,0,0,0,0,0,0,0,0,0,0,0,0,0
788480,385,0,9,0,4,0,5,-0.00552,8e-05,1.3311,2537,0,0,0,0,0,0,0,0,0,0,0,0,0,0,0,0,0,0,0,0,0
790528,386,0,6,0,2,0,4,-0.00636,5e-05,1.2365,2465,0,0,0,0,0,0,0,0,0,0,0,0,0,0,0,0,0,0,0,0,0
792576,387,0,6,0,1,0,5,-0.00682,6e-05,1.2191,2488,0,0,0,0,0,0,0,0,0,0,0,0,0,0,0,0,0,0,0,0,0
794624,388,0,7,0,1,0,6,-0.00529,6e-05,1.3344,2256,0,0,0,0,0,0,0,0,0,0,0,0,0,0,0,0,0,0,0,0,0
796672,389,0,6,0,1,0,5,-0.00798,0.0001,1.3133,2259,0,0,0,0,0,0,0,0,0,0,0,0,0,0,0,0,0,0,0,0,0
798720,390,0,15,0,8,0,7,-0.00525,8e-05,1.2859,2110,0,0,0,0,0,0,0,0,0,0,0,0,0,0,0,0,0,0,0,0,0
800768,391,0,3,0,0,0,3,-0.00489,7e-05,1.1833,2225,0,0,0,0,0,0,0,0,0,0,0,0,0,0,0,0,0,0,0,0,0
802816,392,0,6,0,1,0,5,-0.0073,5e-05,1.1476,2404,0,0,0,0,0,0,0,0,0,0,0,0,0,0,0,0,0,0,0,0,0
804864,393,0,11,0,1,0,10,-0.00762,7e-05,1.2943,2249,0,0,0,0,0,0,0,0,0,0,0,0,0,0,0,0,0,0,0,0,0
806912,394,0,7,0,3,0,4,-0.00684,7e-05,1.3398,2453,0,0,0,0,0,0,0,0,0,0,0,0,0,0,0,0,0,0,0,0,0
808960,395,0,8,0,1,1,6,-0.00655,7e-05,1.3099,2308,0,0,0,0,0,0,0,0,0,0,0,0,0,0,0,0,0,0,0,0,0
811008,396,0,7,0,2,0,5,-0.00342,0.0001,1.1886,2369,0,0,0,0,0,0,0,0,0,0,0,0,0,0,0,0,0,0,0,0,0
813056,397,0,8,0,2,0,6,-0.00538,0.0001,1.198,2321,0,0,0,0,0,0,0,0,0,0,0,0,0,0,0,0,0,0,0,0,0
815104,398,0,13,0,5,0,8,-0.00751,6e-05,1.212,1951,0,0,0,0,0,0,0,0,0,0,0,0,0,0,0,0,0,0,0,0,0
817152,399,0,6,0,2,0,4,-0.0077,6e-05,1.214,2125,0,0,0,0,0,0,0,0,0,0,0,0,0,0,0,0,0,0,0,0,0
819200,400,0,8,0,3,0,5,-0.00798,0.0001,1.1917,2117,0,0,0,0,0,0,0,0,0,0,0,0,0,0,0,0,0,0,0,0,0
821248,401,0,8,0,1,0,7,-0.00485,0.00011,1.2932,2006,0,0,0,0,0,0,0,0,0,0,0,0,0,0,0,0,0,0,0,0,0
823296,402,0,11,0,7,0,4,-0.00563,0.00012,1.285,2096,0,0,0,0,0,0,0,0,0,0,0,0,0,0,0,0,0,0,0,0,0
825344,403,0,9,0,3,0,6,-0.00505,0.0002,1.3823,2218,0,0,0,0,0,0,0,0,0,0,0,0,0,0,0,0,0,0,0,0,0
827392,404,0,6,0,1,0,5,-0.00746,0.00012,1.3163,2307,0,0,0,0,0,0,0,0,0,0,0,0,0,0,0,0,0,0,0,0,0
829440,405,0,9,0,3,0,6,-0.00711,9e-05,1.2859,2240,0,0,0,0,0,0,0,0,0,0,0,0,0,0,0,0,0,0,0,0,0
831488,406,0,11,0,3,0,8,-0.00441,9e-05,1.277,2205,0,0,0,0,0,0,0,0,0,0,0,0,0,0,0,0,0,0,0,0,0
833536,407,0,8,0,3,0,5,-0.00722,0.0001,1.2974,2412,0,0,0,0,0,0,0,0,0,0,0,0,0,0,0,0,0,0,0,0,0
835584,408,0,7,0,3,0,4,-0.00626,9e-05,1.192,2404,0,0,0,0,0,0,0,0,0,0,0,0,0,0,0,0,0,0,0,0,0
837632,409,0,6,0,1,0,5,-0.007,8e-05,1.0966,2077,0,0,0,0,0,0,0,0,0,0,0,0,0,0,0,0,0,0,0,0,0
839680,410,0,10,0,4,0,6,-0.00521,0.0001,1.0543,2073,0,0,0,0,0,0,0,0,0,0,0,0,0,0,0,0,0,0,0,0,0
841728,411,0,9,0,1,0,8,-0.00632,0.00017,1.0524,2157,0,0,0,0,0,0,0,0,0,0,0,0,0,0,0,0,0,0,0,0,0
843776,412,0,7,0,2,0,5,-0.006,0.00011,1.0813,2432,0,0,0,0,0,0,0,0,0,0,0,0,0,0,0,0,0,0,0,0,0
845824,413,0,10,0,6,0,4,-0.0078,0.00015,1.0976,2398,0,0,0,0,0,0,0,0,0,0,0,0,0,0,0,0,0,0,0,0,0
847872,414,0,10,0,4,0,6,-0.00501,0.0001,1.1083,2278,0,0,0,0,0,0,0,0,0,0,0,0,0,0,0,0,0,0,0,0,0
849920,415,0,4,0,0,0,4,-0.00775,8e-05,1.1451,2422,0,0,0,0,0,0,0,0,0,0,0,0,0,0,0,0,0,0,0,0,0
851968,416,0,9,0,1,0,8,-0.00779,7e-05,1.0385,2530,0,0,0,0,0,0,0,0,0,0,0,0,0,0,0,0,0,0,0,0,0
854016,417,0,8,0,1,0,7,-0.00833,7e-05,1.0545,2345,0,0,0,0,0,0,0,0,0,0,0,0,0,0,0,0,0,0,0,0,0
856064,418,0,6,0,2,0,4,-0.0064,8e-05,1.1915,2339,0,0,0,0,0,0,0,0,0,0,0,0,0,0,0,0,0,0,0,0,0
858112,419,0,10,0,4,0,6,-0.00503,8e-05,1.2186,2231,0,0,0,0,0,0,0,0,0,0,0,0,0,0,0,0,0,0,0,0,0
860160,420,0,5,0,1,0,4,-0.0065,8e-05,1.1424,2189,0,0,0,0,0,0,0,0,0,0,0,0,0,0,0,0,0,0,0,0,0
862208,421,0,9,0,2,0,7,-0.00531,6e-05,1.1659,2340,0,0,0,0,0,0,0,0,0,0,0,0,0,0,0,0,0,0,0,0,0
864256,422,0,10,0,2,0,8,-0.00866,7e-05,1.2019,2316,0,0,0,0,0,0,0,0,0,0,0,0,0,0,0,0,0,0,0,0,0
866304,423,0,6,0,2,0,4,-0.00609,8e-05,1.1747,2264,0,0,0,0,0,0,0,0,0,0,0,0,0,0,0,0,0,0,0,0,0
868352,424,0,7,0,1,0,6,-0.00707,7e-05,1.232,2260,0,0,0,0,0,0,0,0,0,0,0,0,0,0,0,0,0,0,0,0,0
870400,425,0,10,0,3,0,7,-0.00755,6e-05,1.2316,2181,0,0,0,0,0,0,0,0,0,0,0,0,0,0,0,0,0,0,0,0,0
872448,426,0,6,0,4,0,2,-0.00666,4e-05,1.2007,2237,0,0,0,0,0,0,0,0,0,0,0,0,0,0,0,0,0,0,0,0,0
874496,427,0,8,0,1,0,7,-0.00919,6e-05,1.2907,2394,0,0,0,0,0,0,0,0,0,0,0,0,0,0,0,0,0,0,0,0,0
876544,428,0,5,0,0,0,5,-0.00696,8e-05,1.2715,2258,0,0,0,0,0,0,0,0,0,0,0,0,0,0,0,0,0,0,0,0,0
878592,429,0,8,0,1,0,7,-0.00928,7e-05,1.3296,2066,0,0,0,0,0,0,0,0,0,0,0,0,0,0,0,0,0,0,0,0,0
880640,430,0,6,0,1,0,5,-0.00454,8e-05,1.2546,2401,0,0,0,0,0,0,0,0,0,0,0,0,0,0,0,0,0,0,0,0,0
882688,431,0,10,0,3,0,7,-0.01087,0.00011,1.239,2403,0,0,0,0,0,0,0,0,0,0,0,0,0,0,0,0,0,0,0,0,0
884736,432,0,6,0,1,0,5,-0.00547,0.00013,1.2781,2357,0,0,0,0,0,0,0,0,0,0,0,0,0,0,0,0,0,0,0,0,0
886784,433,0,6,0,1,0,5,-0.00836,9e-05,1.2658,2302,0,0,0,0,0,0,0,0,0,0,0,0,0,0,0,0,0,0,0,0,0
888832,434,0,9,0,1,0,8,-0.00806,8e-05,1.2106,2212,0,0,0,0,0,0,0,0,0,0,0,0,0,0,0,0,0,0,0,0,0
890880,435,0,5,0,1,0,4,-0.00488,8e-05,1.2337,2354,0,0,0,0,0,0,0,0,0,0,0,0,0,0,0,0,0,0,0,0,0
892928,436,0,7,0,0,0,7,-0.00858,0.0001,1.2741,2159,0,0,0,0,0,0,0,0,0,0,0,0,0,0,0,0,0,0,0,0,0
894976,437,0,9,0,3,0,6,-0.00671,0.00014,1.3134,2004,0,0,0,0,0,0,0,0,0,0,0,0,0,0,0,0,0,0,0,0,0
897024,438,0,9,0,5,0,4,-0.00933,9e-05,1.2596,2002,0,0,0,0,0,0,0,0,0,0,0,0,0,0,0,0,0,0,0,0,0
899072,439,0,9,0,2,0,7,-0.00854,8e-05,1.2262,2253,0,0,0,0,0,0,0,0,0,0,0,0,0,0,0,0,0,0,0,0,0
901120,440,0,11,0,5,0,6,-0.00818,8e-05,1.32,2214,0,0,0,0,0,0,0,0,0,0,0,0,0,0,0,0,0,0,0,0,0
903168,441,0,9,0,5,0,4,-0.00743,8e-05,1.2674,2249,0,0,0,0,0,0,0,0,0,0,0,0,0,0,0,0,0,0,0,0,0
905216,442,0,8,0,1,0,7,-0.00287,0.0001,1.1723,2287,0,0,0,0,0,0,0,0,0,0,0,0,0,0,0,0,0,0,0,0,0
907264,443,0,9,0,5,0,4,-0.01112,9e-05,1.2799,2434,0,0,0,0,0,0,0,0,0,0,0,0,0,0,0,0,0,0,0,0,0
909312,444,0,5,0,0,0,5,-0.00705,8e-05,1.2875,2411,0,0,0,0,0,0,0,0,0,0,0,0,0,0,0,0,0,0,0,0,0
911360,445,0,12,0,4,0,8,-0.00643,0.0001,1.2324,2406,0,0,0,0,0,0,0,0,0,0,0,0,0,0,0,0,0,0,0,0,0
913408,446,0,7,0,2,0,5,-0.00864,8e-05,1.1645,2214,0,0,0,0,0,0,0,0,0,0,0,0,0,0,0,0,0,0,0,0,0
915456,447,0,7,0,1,0,6,-0.00957,0.0001,1.0637,2298,0,0,0,0,0,0,0,0,0,0,0,0,0,0,0,0,0,0,0,0,0
917504,448,0,6,0,2,0,4,-0.0075,0.00011,1.036,2082,0,0,0,0,0,0,0,0,0,0,0,0,0,0,0,0,0,0,0,0,0
919552,449,0,10,0,4,0,6,-0.00848,9e-05,1.0867,2462,0,0,0,0,0,0,0,0,0,0,0,0,0,0,0,0,0,0,0,0,0
921600,450,0,8,0,4,0,4,-0.00867,8e-05,1.1345,2389,0,0,0,0,0,0,0,0,0,0,0,0,0,0,0,0,0,0,0,0,0
923648,451,0,6,0,1,0,5,-0.00807,5e-05,1.1391,2321,0,0,0,0,0,0,0,0,0,0,0,0,0,0,0,0,0,0,0,0,0
925696,452,0,11,0,2,0,9,-0.00939,8e-05,1.1096,2234,0,0,0,0,0,0,0,0,0,0,0,0,0,0,0,0,0,0,0,0,0
927744,453,0,3,0,0,0,3,-0.00569,0.00011,1.0149,2312,0,0,0,0,0,0,0,0,0,0,0,0,0,0,0,0,0,0,0,0,0
929792,454,0,8,0,0,0,8,-0.00682,8e-05,0.9829,2321,0,0,0,0,0,0,0,0,0,0,0,0,0,0,0,0,0,0,0,0,0
931840,455,0,9,0,4,0,5,-0.00648,7e-05,0.9906,2125,0,0,0,0,0,0,0,0,0,0,0,0,0,0,0,0,0,0,0,0,0
933888,456,0,7,0,1,0,6,-0.00758,0.00012,0.9481,1989,0,0,0,0,0,0,0,0,0,0,0,0,0,0,0,0,0,0,0,0,0
935936,457,0,10,0,2,0,8,-0.0061,0.00012,1.0391,2219,0,0,0,0,0,0,0,0,0,0,0,0,0,0,0,0,0,0,0,0,0
937984,458,0,6,0,2,0,4,-0.00513,0.00012,1.0534,2036,0,0,0,0,0,0,0,0,0,0,0,0,0,0,0,0,0,0,0,0,0
940032,459,0,8,0,2,0,6,-0.0078,0.0001,1.0213,2157,0,0,0,0,0,0,0,0,0,0,0,0,0,0,0,0,0,0,0,0,0
942080,460,0,9,0,4,0,5,-0.00767,7e-05,1.1134,2410,0,0,0,0,0,0,0,0,0,0,0,0,0,0,0,0,0,0,0,0,0
944128,461,0,8,0,2,0,6,-0.00675,8e-05,1.0353,2387,0,0,0,0,0,0,0,0,0,0,0,0,0,0,0,0,0,0,0,0,0
946176,462,0,5,0,0,0,5,-0.00569,8e-05,0.9325,2352,0,0,0,0,0,0,0,0,0,0,0,0,0,0,0,0,0,0,0,0,0
948224,463,0,11,0,3,0,8,-0.00646,7e-05,0.9228,2386,0,0,0,0,0,0,0,0,0,0,0,0,0,0,0,0,0,0,0,0,0
950272,464,0,5,0,1,0,4,-0.00666,7e-05,0.8749,2350,0,0,0,0,0,0,0,0,0,0,0,0,0,0,0,0,0,0,0,0,0
952320,465,0,7,0,2,0,5,-0.00747,0.0001,0.9577,2353,0,0,0,0,0,0,0,0,0,0,0,0,0,0,0,0,0,0,0,0,0
954368,466,0,7,0,1,0,6,-0.00634,8e-05,1.0511,2211,0,0,0,0,0,0,0,0,0,0,0,0,0,0,0,0,0,0,0,0,0
956416,467,0,11,0,4,0,7,-0.00779,0.00011,0.9694,2332,0,0,0,0,0,0,0,0,0,0,0,0,0,0,0,0,0,0,0,0,0
958464,468,0,7,0,3,0,4,-0.00646,0.00015,0.9994,2216,0,0,0,0,0,0,0,0,0,0,0,0,0,0,0,0,0,0,0,0,0
960512,469,0,8,0,3,0,5,-0.00771,0.00014,1.0108,2188,0,0,0,0,0,0,0,0,0,0,0,0,0,0,0,0,0,0,0,0,0
962560,470,0,5,0,1,0,4,-0.00744,0.00016,1.1021,2260,0,0,0,0,0,0,0,0,0,0,0,0,0,0,0,0,0,0,0,0,0
964608,471,0,7,0,0,0,7,-0.00656,0.00013,1.0126,2066,0,0,0,0,0,0,0,0,0,0,0,0,0,0,0,0,0,0,0,0,0
966656,472,0,8,0,1,0,7,-0.00678,0.00012,0.9456,2164,0,0,0,0,0,0,0,0,0,0,0,0,0,0,0,0,0,0,0,0,0
968704,473,0,5,0,0,0,5,-0.00572,0.00014,0.9145,2182,0,0,0,0,0,0,0,0,0,0,0,0,0,0,0,0,0,0,0,0,0
970752,474,0,10,0,2,0,8,-0.00671,9e-05,0.941,2158,0,0,0,0,0,0,0,0,0,0,0,0,0,0,0,0,0,0,0,0,0
972800,475,0,5,0,0,0,5,-0.007,7e-05,0.9918,2229,0,0,0,0,0,0,0,0,0,0,0,0,0,0,0,0,0,0,0,0,0
974848,476,0,4,0,0,0,4,-0.00727,8e-05,1.031,2362,0,0,0,0,0,0,0,0,0,0,0,0,0,0,0,0,0,0,0,0,0
976896,477,0,10,0,0,0,10,-0.01096,9e-05,0.9462,2171,0,0,0,0,0,0,0,0,0,0,0,0,0,0,0,0,0,0,0,0,0
978944,478,0,4,0,0,0,4,-0.00741,8e-05,0.9919,2213,0,0,0,0,0,0,0,0,0,0,0,0,0,0,0,0,0,0,0,0,0
980992,479,0,11,0,2,0,9,-0.00771,8e-05,1.0056,2067,0,0,0,0,0,0,0,0,0,0,0,0,0,0,0,0,0,0,0,0,0
983040,480,0,6,0,2,0,4,-0.0045,8e-05,1.0822,2310,0,0,0,0,0,0,0,0,0,0,0,0,0,0,0,0,0,0,0,0,0
985088,481,0,5,0,1,0,4,-0.00699,7e-05,1.0229,2237,0,0,0,0,0,0,0,0,0,0,0,0,0,0,0,0,0,0,0,0,0
987136,482,0,11,0,1,0,10,-0.00862,6e-05,1.0057,2296,0,0,0,0,0,0,0,0,0,0,0,0,0,0,0,0,0,0,0,0,0
989184,483,0,4,0,1,0,3,-0.00408,5e-05,1.012,2228,0,0,0,0,0,0,0,0,0,0,0,0,0,0,0,0,0,0,0,0,0
991232,484,0,10,0,4,0,6,-0.00878,6e-05,0.9739,2366,0,0,0,0,0,0,0,0,0,0,0,0,0,0,0,0,0,0,0,0,0
993280,485,0,8,0,1,0,7,-0.00578,7e-05,0.9094,2225,0,0,0,0,0,0,0,0,0,0,0,0,0,0,0,0,0,0,0,0,0
995328,486,0,5,0,2,0,3,-0.00587,8e-05,0.8976,2350,0,0,0,0,0,0,0,0,0,0,0,0,0,0,0,0,0,0,0,0,0
997376,487,0,12,0,1,0,11,-0.0087,8e-05,1.0161,2228,0,0,0,0,0,0,0,0,0,0,0,0,0,0,0,0,0,0,0,0,0
999424,488,0,6,0,3,0,3,-0.00665,8e-05,0.977,2249,0,0,0,0,0,0,0,0,0,0,0,0,0,0,0,0,0,0,0,0,0
1001472,489,0,5,0,1,0,4,-0.00826,7e-05,0.9741,2004,0,0,0,0,0,0,0,0,0,0,0,0,0,0,0,0,0,0,0,0,0
1003520,490,0,10,0,3,0,7,-0.00727,9e-05,0.8917,2337,0,0,0,0,0,0,0,0,0,0,0,0,0,0,0,0,0,0,0,0,0
1005568,491,0,5,0,1,0,4,-0.00508,0.00017,0.8524,2206,0,0,0,0,0,0,0,0,0,0,0,0,0,0,0,0,0,0,0,0,0
1007616,492,0,9,0,2,0,7,-0.00859,8e-05,0.9481,2373,0,0,0,0,0,0,0,0,0,0,0,0,0,0,0,0,0,0,0,0,0
1009664,493,0,9,0,2,0,7,-0.00766,6e-05,1.0256,2388,0,0,0,0,0,0,0,0,0,0,0,0,0,0,0,0,0,0,0,0,0
1011712,494,0,3,0,0,0,3,-0.00437,8e-05,0.9659,2448,0,0,0,0,0,0,0,0,0,0,0,0,0,0,0,0,0,0,0,0,0
1013760,495,0,10,0,1,0,9,-0.00598,0.00011,0.8983,2420,0,0,0,0,0,0,0,0,0,0,0,0,0,0,0,0,0,0,0,0,0
1015808,496,0,5,0,0,0,5,-0.00521,8e-05,0.9482,2501,0,0,0,0,0,0,0,0,0,0,0,0,0,0,0,0,0,0,0,0,0
1017856,497,0,6,0,0,0,6,-0.00505,7e-05,0.9083,2434,0,0,0,0,0,0,0,0,0,0,0,0,0,0,0,0,0,0,0,0,0
1019904,498,0,10,0,2,0,8,-0.00761,5e-05,0.9979,2449,0,0,0,0,0,0,0,0,0,0,0,0,0,0,0,0,0,0,0,0,0
1021952,499,0,4,0,0,0,4,-0.00684,5e-05,1.2185,2377,0,0,0,0,0,0,0,0,0,0,0,0,0,0,0,0,0,0,0,0,0
1024000,500,0,6,0,0,0,6,-0.00669,6e-05,1.1762,2385,0,0,0,0,0,0,0,0,0,0,0,0,0,0,0,0,0,0,0,0,0
1026048,501,0,8,0,0,0,8,-0.01037,5e-05,1.0704,2224,0,0,0,0,0,0,0,0,0,0,0,0,0,0,0,0,0,0,0,0,0
1028096,502,0,10,0,5,0,5,-0.00596,4e-05,1.0725,2271,0,0,0,0,0,0,0,0,0,0,0,0,0,0,0,0,0,0,0,0,0
1030144,503,0,6,0,0,0,6,-0.00783,5e-05,1.094,2460,0,0,0,0,0,0,0,0,0,0,0,0,0,0,0,0,0,0,0,0,0
1032192,504,0,5,0,1,0,4,-0.00809,4e-05,1.0592,2162,0,0,0,0,0,0,0,0,0,0,0,0,0,0,0,0,0,0,0,0,0
1034240,505,0,10,0,3,0,7,-0.00719,4e-05,1.1278,2567,0,0,0,0,0,0,0,0,0,0,0,0,0,0,0,0,0,0,0,0,0
1036288,506,0,8,0,3,0,5,-0.00606,5e-05,1.1577,2466,0,0,0,0,0,0,0,0,0,0,0,0,0,0,0,0,0,0,0,0,0
1038336,507,0,6,0,0,0,6,-0.00754,4e-05,1.1912,2227,0,0,0,0,0,0,0,0,0,0,0,0,0,0,0,0,0,0,0,0,0
1040384,508,0,12,0,5,0,7,-0.00929,6e-05,1.1431,2314,0,0,0,0,0,0,0,0,0,0,0,0,0,0,0,0,0,0,0,0,0
1042432,509,0,7,0,4,0,3,-0.00527,5e-05,1.1784,2361,0,0,0,0,0,0,0,0,0,0,0,0,0,0,0,0,0,0,0,0,0
1044480,510,0,8,0,2,0,6,-0.00614,6e-05,1.1508,2483,0,0,0,0,0,0,0,0,0,0,0,0,0,0,0,0,0,0,0,0,0
1046528,511,0,5,0,0,0,5,-0.00813,9e-05,1.235,2204,0,0,0,0,0,0,0,0,0,0,0,0,0,0,0,0,0,0,0,0,0
1048576,512,0,7,0,3,0,4,-0.00651,7e-05,1.1912,2212,0,0,0,0,0,0,0,0,0,0,0,0,0,0,0,0,0,0,0,0,0
1050624,513,0,11,0,2,0,9,-0.00763,5e-05,1.3235,2339,0,0,0,0,0,0,0,0,0,0,0,0,0,0,0,0,0,0,0,0,0
1052672,514,0,5,0,0,0,5,-0.00639,5e-05,1.2334,2436,0,0,0,0,0,0,0,0,0,0,0,0,0,0,0,0,0,0,0,0,0
1054720,515,0,8,0,1,0,7,-0.00724,5e-05,1.2121,2292,0,0,0,0,0,0,0,0,0,0,0,0,0,0,0,0,0,0,0,0,0
1056768,516,0,7,0,1,0,6,-0.00817,6e-05,1.1718,2411,0,0,0,0,0,0,0,0,0,0,0,0,0,0,0,0,0,0,0,0,0
1058816,517,0,5,0,2,0,3,-0.00627,5e-05,1.1259,2365,0,0,0,0,0,0,0,0,0,0,0,0,0,0,0,0,0,0,0,0,0
1060864,518,0,11,0,2,0,9,-0.00855,5e-05,1.1246,2294,0,0,0,0,0,0,0,0,0,0,0,0,0,0,0,0,0,0,0,0,0
1062912,519,0,9,0,4,0,5,-0.00831,5e-05,1.1518,2071,0,0,0,0,0,0,0,0,0,0,0,0,0,0,0,0,0,0,0,0,0
1064960,520,0,4,0,0,0,4,-0.00832,4e-05,1.0154,2273,0,0,0,0,0,0,0,0,0,0,0,0,0,0,0,0,0,0,0,0,0
1067008,521,0,10,0,1,0,9,-0.00747,4e-05,1.0275,2245,0,0,0,0,0,0,0,0,0,0,0,0,0,0,0,0,0,0,0,0,0
1069056,522,0,8,0,3,0,5,-0.00699,5e-05,1.0518,2020,0,0,0,0,0,0,0,0,0,0,0,0,0,0,0,0,0,0,0,0,0
1071104,523,0,9,0,4,0,5,-0.00871,6e-05,1.0346,1991,0,0,0,0,0,0,0,0,0,0,0,0,0,0,0,0,0,0,0,0,0
1073152,524,0,8,0,2,0,6,-0.00588,5e-05,1.1739,2094,0,0,0,0,0,0,0,0,0,0,0,0,0,0,0,0,0,0,0,0,0
1075200,525,0,7,0,1,0,6,-0.00929,5e-05,1.1849,2074,0,0,0,0,0,0,0,0,0,0,0,0,0,0,0,0,0,0,0,0,0
1077248,526,0,6,0,0,0,6,-0.00863,5e-05,1.0926,2322,0,0,0,0,0,0,0,0,0,0,0,0,0,0,0,0,0,0,0,0,0
1079296,527,0,7,0,2,0,5,-0.00688,6e-05,1.0668,2068,0,0,0,0,0,0,0,0,0,0,0,0,0,0,0,0,0,0,0,0,0
1081344,528,0,8,0,2,0,6,-0.00653,5e-05,1.0439,2272,0,0,0,0,0,0,0,0,0,0,0,0,0,0,0,0,0,0,0,0,0
1083392,529,0,9,0,4,0,5,-0.01001,5e-05,1.0173,2153,0,0,0,0,0,0,0,0,0,0,0,0,0,0,0,0,0,0,0,0,0
1085440,530,0,11,0,3,0,8,-0.01017,5e-05,0.9915,2201,0,0,0,0,0,0,0,0,0,0,0,0,0,0,0,0,0,0,0,0,0
1087488,531,0,5,0,2,0,3,-0.00671,5e-05,0.9894,2246,0,0,0,0,0,0,0,0,0,0,0,0,0,0,0,0,0,0,0,0,0
1089536,532,0,9,0,4,0,5,-0.0084,5e-05,1.0916,2340,0,0,0,0,0,0,0,0,0,0,0,0,0,0,0,0,0,0,0,0,0
1091584,533,0,9,0,2,0,7,-0.00755,5e-05,1.0978,2367,0,0,0,0,0,0,0,0,0,0,0,0,0,0,0,0,0,0,0,0,0
1093632,534,0,5,0,0,0,5,-0.01084,4e-05,1.1221,2407,0,0,0,0,0,0,0,0,0,0,0,0,0,0,0,0,0,0,0,0,0
1095680,535,0,10,0,3,0,7,-0.0061,4e-05,1.0798,2261,0,0,0,0,0,0,0,0,0,0,0,0,0,0,0,0,0,0,0,0,0
1097728,536,0,4,0,0,0,4,-0.00942,5e-05,1.1124,2410,0,0,0,0,0,0,0,0,0,0,0,0,0,0,0,0,0,0,0,0,0
1099776,537,0,8,0,2,0,6,-0.00999,5e-05,1.1838,2418,0,0,0,0,0,0,0,0,0,0,0,0,0,0,0,0,0,0,0,0,0
1101824,538,0,8,0,0,0,8,-0.01154,4e-05,1.2155,2504,0,0,0,0,0,0,0,0,0,0,0,0,0,0,0,0,0,0,0,0,0
1103872,539,0,4,0,0,0,4,-0.00645,4e-05,1.1003,2441,0,0,0,0,0,0,0,0,0,0,0,0,0,0,0,0,0,0,0,0,0
1105920,540,0,11,0,2,0,9,-0.00622,4e-05,1.0849,2353,0,0,0,0,0,0,0,0,0,0,0,0,0,0,0,0,0,0,0,0,0
1107968,541,0,7,0,3,0,4,-0.0074,3e-05,1.0689,2348,0,0,0,0,0,0,0,0,0,0,0,0,0,0,0,0,0,0,0,0,0
1110016,542,0,6,0,0,0,6,-0.00602,3e-05,1.0312,2326,0,0,0,0,0,0,0,0,0,0,0,0,0,0,0,0,0,0,0,0,0
1112064,543,0,11,0,3,0,8,-0.01048,4e-05,1.1322,2390,0,0,0,0,0,0,0,0,0,0,0,0,0,0,0,0,0,0,0,0,0
1114112,544,0,5,0,2,0,3,-0.00993,3e-05,1.1214,2285,0,0,0,0,0,0,0,0,0,0,0,0,0,0,0,0,0,0,0,0,0
1116160,545,0,4,0,0,0,4,-0.011,3e-05,1.0287,2449,0,0,0,0,0,0,0,0,0,0,0,0,0,0,0,0,0,0,0,0,0
1118208,546,0,10,0,0,0,10,-0.00803,4e-05,0.9707,2313,0,0,0,0,0,0,0,0,0,0,0,0,0,0,0,0,0,0,0,0,0
1120256,547,0,6,0,1,0,5,-0.00978,4e-05,1.0136,2243,0,0,0,0,0,0,0,0,0,0,0,0,0,0,0,0,0,0,0,0,0
1122304,548,0,7,0,0,0,7,-0.0082,3e-05,0.9229,2264,0,0,0,0,0,0,0,0,0,0,0,0,0,0,0,0,0,0,0,0,0
1124352,549,0,5,0,0,0,5,-0.00757,3e-05,0.955,2177,0,0,0,0,0,0,0,0,0,0,0,0,0,0,0,0,0,0,0,0,0
1126400,550,0,6,0,1,0,5,-0.00542,3e-05,0.9107,2125,0,0,0,0,0,0,0,0,0,0,0,0,0,0,0,0,0,0,0,0,0
1128448,551,0,12,0,3,0,9,-0.00706,3e-05,1.0088,2225,0,0,0,0,0,0,0,0,0,0,0,0,0,0,0,0,0,0,0,0,0
1130496,552,0,5,0,1,0,4,-0.00543,4e-05,0.9362,2200,0,0,0,0,0,0,0,0,0,0,0,0,0,0,0,0,0,0,0,0,0
1132544,553,0,9,0,2,0,7,-0.00684,4e-05,0.9566,2127,0,0,0,0,0,0,0,0,0,0,0,0,0,0,0,0,0,0,0,0,0
1134592,554,0,6,0,2,0,4,-0.00698,3e-05,0.9068,2088,0,0,0,0,0,0,0,0,0,0,0,0,0,0,0,0,0,0,0,0,0
1136640,555,0,5,0,1,0,4,-0.00737,4e-05,0.9955,2038,0,0,0,0,0,0,0,0,0,0,0,0,0,0,0,0,0,0,0,0,0
1138688,556,0,13,0,3,0,10,-0.00807,5e-05,1.1385,2144,0,0,0,0,0,0,0,0,0,0,0,0,0,0,0,0,0,0,0,0,0
1140736,557,0,4,0,1,0,3,-0.0074,4e-05,1.1615,2235,0,0,0,0,0,0,0,0,0,0,0,0,0,0,0,0,0,0,0,0,0
1142784,558,0,6,0,1,0,5,-0.00825,3e-05,1.1047,2282,0,0,0,0,0,0,0,0,0,0,0,0,0,0,0,0,0,0,0,0,0
1144832,559,0,11,0,5,0,6,-0.00994,4e-05,1.1038,2349,0,0,0,0,0,0,0,0,0,0,0,0,0,0,0,0,0,0,0,0,0
1146880,560,0,7,0,3,0,4,-0.00715,4e-05,1.0053,2347,0,0,0,0,0,0,0,0,0,0,0,0,0,0,0,0,0,0,0,0,0
1148928,561,0,8,0,0,0,8,-0.0092,4e-05,0.9454,2471,0,0,0,0,0,0,0,0,0,0,0,0,0,0,0,0,0,0,0,0,0
1150976,562,0,8,0,2,0,6,-0.00613,5e-05,0.9046,2358,0,0,0,0,0,0,0,0,0,0,0,0,0,0,0,0,0,0,0,0,0
1153024,563,0,5,0,1,0,4,-0.00739,4e-05,0.9655,2212,0,0,0,0,0,0,0,0,0,0,0,0,0,0,0,0,0,0,0,0,0
1155072,564,0,7,0,3,0,4,-0.00709,3e-05,1.0413,2222,0,0,0,0,0,0,0,0,0,0,0,0,0,0,0,0,0,0,0,0,0
1157120,565,0,8,0,1,0,7,-0.00547,4e-05,1.0542,2379,0,0,0,0,0,0,0,0,0,0,0,0,0,0,0,0,0,0,0,0,0
1159168,566,0,7,0,0,0,7,-0.00931,3e-05,1.0343,2363,0,0,0,0,0,0,0,0,0,0,0,0,0,0,0,0,0,0,0,0,0
1161216,567,0,7,0,0,0,7,-0.00749,2e-05,1.045,2169,0,0,0,0,0,0,0,0,0,0,0,0,0,0,0,0,0,0,0,0,0
1163264,568,0,5,0,1,0,4,-0.00765,3e-05,1.0335,2147,0,0,0,0,0,0,0,0,0,0,0,0,0,0,0,0,0,0,0,0,0
1165312,569,0,7,0,1,0,6,-0.00682,3e-05,1.1149,2274,0,0,0,0,0,0,0,0,0,0,0,0,0,0,0,0,0,0,0,0,0
1167360,570,0,13,0,5,0,8,-0.00922,3e-05,1.1083,2210,0,0,0,0,0,0,0,0,0,0,0,0,0,0,0,0,0,0,0,0,0
1169408,571,0,6,0,3,0,3,-0.0072,2e-05,1.0406,2540,0,0,0,0,0,0,0,0,0,0,0,0,0,0,0,0,0,0,0,0,0
1171456,572,0,8,0,3,0,5,-0.00621,2e-05,1.0031,2462,0,0,0,0,0,0,0,0,0,0,0,0,0,0,0,0,0,0,0,0,0
1173504,573,0,6,0,0,0,6,-0.00719,2e-05,1.1024,2518,0,0,0,0,0,0,0,0,0,0,0,0,0,0,0,0,0,0,0,0,0
1175552,574,0,4,0,0,0,4,-0.00791,3e-05,1.0099,2023,0,0,0,0,0,0,0,0,0,0,0,0,0,0,0,0,0,0,0,0,0
1177600,575,0,13,0,3,0,10,-0.00652,3e-05,1.0257,2332,0,0,0,0,0,0,0,0,0,0,0,0,0,0,0,0,0,0,0,0,0
1179648,576,0,4,0,1,0,3,-0.00692,2e-05,1.0157,2388,0,0,0,0,0,0,0,0,0,0,0,0,0,0,0,0,0,0,0,0,0
1181696,577,0,7,0,0,0,7,-0.00712,2e-05,1.1305,2374,0,0,0,0,0,0,0,0,0,0,0,0,0,0,0,0,0,0,0,0,0
1183744,578,0,7,0,1,0,6,-0.00694,2e-05,1.1538,2287,0,0,0,0,0,0,0,0,0,0,0,0,0,0,0,0,0,0,0,0,0
1185792,579,0,6,0,2,0,4,-0.00346,2e-05,0.9827,2101,0,0,0,0,0,0,0,0,0,0,0,0,0,0,0,0,0,0,0,0,0
1187840,580,0,12,0,2,0,10,-0.00685,2e-05,0.9596,2117,0,0,0,0,0,0,0,0,0,0,0,0,0,0,0,0,0,0,0,0,0
1189888,581,0,8,0,3,0,5,-0.00632,2e-05,1.0224,2067,0,0,0,0,0,0,0,0,0,0,0,0,0,0,0,0,0,0,0,0,0
1191936,582,0,5,0,0,0,5,-0.00878,2e-05,1.0788,2078,0,0,0,0,0,0,0,0,0,0,0,0,0,0,0,0,0,0,0,0,0
1193984,583,0,7,0,1,0,6,-0.00799,2e-05,1.1376,1921,0,0,0,0,0,0,0,0,0,0,0,0,0,0,0,0,0,0,0,0,0
1196032,584,0,7,0,2,0,5,-0.00865,2e-05,1.1159,2063,0,0,0,0,0,0,0,0,0,0,0,0,0,0,0,0,0,0,0,0,0
1198080,585,0,11,0,2,0,9,-0.00821,2e-05,1.1009,2197,0,0,0,0,0,0,0,0,0,0,0,0,0,0,0,0,0,0,0,0,0
1200128,586,0,11,0,6,0,5,-0.00774,3e-05,1.1078,2038,0,0,0,0,0,0,0,0,0,0,0,0,0,0,0,0,0,0,0,0,0
1202176,587,0,8,0,3,0,5,-0.00618,2e-05,1.0577,2153,0,0,0,0,0,0,0,0,0,0,0,0,0,0,0,0,0,0,0,0,0
1204224,588,0,6,0,0,1,5,-0.01062,2e-05,1.0176,2137,0,0,0,0,0,0,0,0,0,0,0,0,0,0,0,0,0,0,0,0,0
1206272,589,0,8,0,1,0,7,-0.00538,2e-05,1.0429,2164,0,0,0,0,0,0,0,0,0,0,0,0,0,0,0,0,0,0,0,0,0
1208320,590,0,8,0,3,0,5,-0.00684,1e-05,1.0345,2234,0,0,0,0,0,0,0,0,0,0,0,0,0,0,0,0,0,0,0,0,0
1210368,591,0,10,0,3,0,7,-0.00564,1e-05,1.018,2149,0,0,0,0,0,0,0,0,0,0,0,0,0,0,0,0,0,0,0,0,0
1212416,592,0,6,0,1,0,5,-0.00702,1e-05,1.0576,2407,0,0,0,0,0,0,0,0,0,0,0,0,0,0,0,0,0,0,0,0,0
1214464,593,0,8,0,2,0,6,-0.00553,2e-05,1.138,2308,0,0,0,0,0,0,0,0,0,0,0,0,0,0,0,0,0,0,0,0,0
1216512,594,0,10,0,4,0,6,-0.00748,2e-05,1.0345,2330,0,0,0,0,0,0,0,0,0,0,0,0,0,0,0,0,0,0,0,0,0
1218560,595,0,7,0,4,0,3,-0.00598,2e-05,0.9624,2292,0,0,0,0,0,0,0,0,0,0,0,0,0,0,0,0,0,0,0,0,0
1220608,596,0,5,0,1,0,4,-0.01021,2e-05,0.9851,2309,0,0,0,0,0,0,0,0,0,0,0,0,0,0,0,0,0,0,0,0,0
1222656,597,0,9,0,0,0,9,-0.00951,3e-05,1.0894,2343,0,0,0,0,0,0,0,0,0,0,0,0,0,0,0,0,0,0,0,0,0
1224704,598,0,6,0,1,0,5,-0.00664,2e-05,1.13,2200,0,0,0,0,0,0,0,0,0,0,0,0,0,0,0,0,0,0,0,0,0
1226752,599,0,8,0,1,0,7,-0.00561,2e-05,1.0683,2240,0,0,0,0,0,0,0,0,0,0,0,0,0,0,0,0,0,0,0,0,0
1228800,600,0,5,0,0,0,5,-0.00502,2e-05,1.0409,2380,0,0,0,0,0,0,0,0,0,0,0,0,0,0,0,0,0,0,0,0,0
1230848,601,0,7,0,2,0,5,-0.00638,2e-05,0.9772,2267,0,0,0,0,0,0,0,0,0,0,0,0,0,0,0,0,0,0,0,0,0
1232896,602,0,8,0,0,0,8,-0.00661,2e-05,1.0271,2239,0,0,0,0,0,0,0,0,0,0,0,0,0,0,0,0,0,0,0,0,0
1234944,603,0,6,0,0,0,6,-0.00712,3e-05,1.0758,2227,0,0,0,0,0,0,0,0,0,0,0,0,0,0,0,0,0,0,0,0,0
1236992,604,0,10,0,2,0,8,-0.00696,3e-05,1.0637,2335,0,0,0,0,0,0,0,0,0,0,0,0,0,0,0,0,0,0,0,0,0
1239040,605,0,5,0,2,0,3,-0.00756,2e-05,0.9783,2345,0,0,0,0,0,0,0,0,0,0,0,0,0,0,0,0,0,0,0,0,0
1241088,606,0,7,0,2,0,5,-0.00643,2e-05,0.9882,2328,0,0,0,0,0,0,0,0,0,0,0,0,0,0,0,0,0,0,0,0,0
1243136,607,0,8,0,1,0,7,-0.00488,2e-05,1.0068,2273,0,0,0,0,0,0,0,0,0,0,0,0,0,0,0,0,0,0,0,0,0
1245184,608,0,8,0,3,0,5,-0.00594,1e-05,1.0691,2171,0,0,0,0,0,0,0,0,0,0,0,0,0,0,0,0,0,0,0,0,0
1247232,609,0,11,0,4,0,7,-0.00718,2e-05,1.1321,2255,0,0,0,0,0,0,0,0,0,0,0,0,0,0,0,0,0,0,0,0,0
1249280,610,0,7,0,1,0,6,-0.00516,2e-05,1.0726,2099,0,0,0,0,0,0,0,0,0,0,0,0,0,0,0,0,0,0,0,0,0
1251328,611,0,9,0,3,0,6,-0.0064,2e-05,0.9954,2066,0,0,0,0,0,0,0,0,0,0,0,0,0,0,0,0,0,0,0,0,0
1253376,612,0,8,0,2,0,6,-0.00684,1e-05,0.8963,2309,0,0,0,0,0,0,0,0,0,0,0,0,0,0,0,0,0,0,0,0,0
1255424,613,0,5,0,1,0,4,-0.00533,2e-05,0.8697,2350,0,0,0,0,0,0,0,0,0,0,0,0,0,0,0,0,0,0,0,0,0
1257472,614,0,9,0,1,0,8,-0.00693,1e-05,0.9119,2179,0,0,0,0,0,0,0,0,0,0,0,0,0,0,0,0,0,0,0,0,0
1259520,615,0,9,0,4,0,5,-0.00616,1e-05,0.9565,2266,0,0,0,0,0,0,0,0,0,0,0,0,0,0,0,0,0,0,0,0,0
1261568,616,0,9,0,2,0,7,-0.00642,2e-05,0.9136,2277,0,0,0,0,0,0,0,0,0,0,0,0,0,0,0,0,0,0,0,0,0
1263616,617,0,8,0,2,0,6,-0.00599,2e-05,0.934,2393,0,0,0,0,0,0,0,0,0,0,0,0,0,0,0,0,0,0,0,0,0
1265664,618,0,5,0,1,0,4,-0.00456,1e-05,0.9302,2189,0,0,0,0,0,0,0,0,0,0,0,0,0,0,0,0,0,0,0,0,0
1267712,619,0,8,0,1,0,7,-0.00538,1e-05,1.0368,2235,0,0,0,0,0,0,0,0,0,0,0,0,0,0,0,0,0,0,0,0,0
1269760,620,0,7,0,1,0,6,-0.00719,1e-05,1.0564,2217,0,0,0,0,0,0,0,0,0,0,0,0,0,0,0,0,0,0,0,0,0
1271808,621,0,8,0,0,0,8,-0.00782,1e-05,1.0435,2120,0,0,0,0,0,0,0,0,0,0,0,0,0,0,0,0,0,0,0,0,0
1273856,622,0,7,0,2,0,5,-0.00537,1e-05,0.9193,2162,0,0,0,0,0,0,0,0,0,0,0,0,0,0,0,0,0,0,0,0,0
1275904,623,0,7,0,1,0,6,-0.00744,1e-05,0.9156,2270,0,0,0,0,0,0,0,0,0,0,0,0,0,0,0,0,0,0,0,0,0
1277952,624,0,8,0,2,0,6,-0.00824,1e-05,0.9444,2232,0,0,0,0,0,0,0,0,0,0,0,0,0,0,0,0,0,0,0,0,0
1280000,625,0,7,0,2,0,5,-0.00632,1e-05,1.0225,2441,0,0,0,0,0,0,0,0,0,0,0,0,0,0,0,0,0,0,0,0,0
1282048,626,0,10,0,2,0,8,-0.00788,1e-05,0.9806,2383,0,0,0,0,0,0,0,0,0,0,0,0,0,0,0,0,0,0,0,0,0
1284096,627,0,10,0,4,0,6,-0.0089,1e-05,0.9558,2222,0,0,0,0,0,0,0,0,0,0,0,0,0,0,0,0,0,0,0,0,0
1286144,628,0,5,0,2,0,3,-0.00614,1e-05,1.017,2227,0,0,0,0,0,0,0,0,0,0,0,0,0,0,0,0,0,0,0,0,0
1288192,629,0,8,0,1,0,7,-0.00414,1e-05,0.938,2277,0,0,0,0,0,0,0,0,0,0,0,0,0,0,0,0,0,0,0,0,0
1290240,630,0,5,0,0,0,5,-0.00551,1e-05,0.8776,2195,0,0,0,0,0,0,0,0,0,0,0,0,0,0,0,0,0,0,0,0,0
1292288,631,0,7,0,0,0,7,-0.00364,1e-05,0.8923,2044,0,0,0,0,0,0,0,0,0,0,0,0,0,0,0,0,0,0,0,0,0
1294336,632,0,9,0,1,0,8,-0.0066,1e-05,0.9162,2219,0,0,0,0,0,0,0,0,0,0,0,0,0,0,0,0,0,0,0,0,0
1296384,633,0,10,0,6,0,4,-0.00709,1e-05,0.9991,2124,0,0,0,0,0,0,0,0,0,0,0,0,0,0,0,0,0,0,0,0,0
1298432,634,0,9,0,2,0,7,-0.00557,1e-05,0.9298,2240,0,0,0,0,0,0,0,0,0,0,0,0,0,0,0,0,0,0,0,0,0
1300480,635,0,4,0,0,0,4,-0.00369,1e-05,0.8631,2315,0,0,0,0,0,0,0,0,0,0,0,0,0,0,0,0,0,0,0,0,0
1302528,636,0,12,0,3,0,9,-0.00554,1e-05,0.8088,2289,0,0,0,0,0,0,0,0,0,0,0,0,0,0,0,0,0,0,0,0,0
1304576,637,0,5,0,0,0,5,-0.00573,1e-05,0.9799,2360,0,0,0,0,0,0,0,0,0,0,0,0,0,0,0,0,0,0,0,0,0
1306624,638,0,4,0,2,0,2,-0.00499,1e-05,1.0904,2203,0,0,0,0,0,0,0,0,0,0,0,0,0,0,0,0,0,0,0,0,0
1308672,639,0,11,0,2,0,9,-0.00907,1e-05,1.0764,2132,0,0,0,0,0,0,0,0,0,0,0,0,0,0,0,0,0,0,0,0,0
1310720,640,0,8,0,2,0,6,-0.00549,1e-05,0.9421,2341,0,0,0,0,0,0,0,0,0,0,0,0,0,0,0,0,0,0,0,0,0
1312768,641,0,9,0,3,0,6,-0.00809,1e-05,0.9093,2377,0,0,0,0,0,0,0,0,0,0,0,0,0,0,0,0,0,0,0,0,0
1314816,642,0,6,0,1,0,5,-0.00619,1e-05,0.9572,2374,0,0,0,0,0,0,0,0,0,0,0,0,0,0,0,0,0,0,0,0,0
1316864,643,0,5,0,1,0,4,-0.00902,1e-05,0.9235,2319,0,0,0,0,0,0,0,0,0,0,0,0,0,0,0,0,0,0,0,0,0
1318912,644,0,12,0,3,0,9,-0.00755,1e-05,0.939,2277,0,0,0,0,0,0,0,0,0,0,0,0,0,0,0,0,0,0,0,0,0
1320960,645,0,6,0,2,0,4,-0.00589,1e-05,0.8836,2148,0,0,0,0,0,0,0,0,0,0,0,0,0,0,0,0,0,0,0,0,0
1323008,646,0,10,0,3,0,7,-0.0065,1e-05,0.8941,2309,0,0,0,0,0,0,0,0,0,0,0,0,0,0,0,0,0,0,0,0,0
1325056,647,0,7,0,2,0,5,-0.00512,1e-05,0.9459,2316,0,0,0,0,0,0,0,0,0,0,0,0,0,0,0,0,0,0,0,0,0
1327104,648,0,4,0,1,0,3,-0.00603,1e-05,0.9702,2398,0,0,0,0,0,0,0,0,0,0,0,0,0,0,0,0,0,0,0,0,0
1329152,649,0,11,0,2,0,9,-0.00823,1e-05,1.1399,2232,0,0,0,0,0,0,0,0,0,0,0,0,0,0,0,0,0,0,0,0,0
1331200,650,0,6,0,1,0,5,-0.00755,1e-05,1.1395,2311,0,0,0,0,0,0,0,0,0,0,0,0,0,0,0,0,0,0,0,0,0
1333248,651,0,8,0,1,0,7,-0.00764,1e-05,1.1562,2474,0,0,0,0,0,0,0,0,0,0,0,0,0,0,0,0,0,0,0,0,0
1335296,652,0,8,0,2,0,6,-0.0069,1e-05,1.06,2451,0,0,0,0,0,0,0,0,0,0,0,0,0,0,0,0,0,0,0,0,0
1337344,653,0,9,0,6,0,3,-0.00702,1e-05,1.0023,2435,0,0,0,0,0,0,0,0,0,0,0,0,0,0,0,0,0,0,0,0,0
1339392,654,0,8,0,3,0,5,-0.0082,1e-05,0.9582,2328,0,0,0,0,0,0,0,0,0,0,0,0,0,0,0,0,0,0,0,0,0
1341440,655,0,9,0,2,0,7,-0.00772,1e-05,0.9091,2111,0,0,0,0,0,0,0,0,0,0,0,0,0,0,0,0,0,0,0,0,0
1343488,656,0,9,0,1,0,8,-0.01018,1e-05,1.1346,2356,0,0,0,0,0,0,0,0,0,0,0,0,0,0,0,0,0,0,0,0,0
1345536,657,0,5,0,2,0,3,-0.00649,1e-05,1.391,2231,0,0,0,0,0,0,0,0,0,0,0,0,0,0,0,0,0,0,0,0,0
1347584,658,0,10,0,7,0,3,-0.00689,1e-05,1.2999,2314,0,0,0,0,0,0,0,0,0,0,0,0,0,0,0,0,0,0,0,0,0
1349632,659,0,9,0,2,0,7,-0.00737,1e-05,1.2203,2417,0,0,0,0,0,0,0,0,0,0,0,0,0,0,0,0,0,0,0,0,0
1351680,660,0,10,0,5,0,5,-0.00799,2e-05,1.2126,2210,0,0,0,0,0,0,0,0,0,0,0,0,0,0,0,0,0,0,0,0,0
1353728,661,0,10,0,3,0,7,-0.00592,2e-05,1.1416,2191,0,0,0,0,0,0,0,0,0,0,0,0,0,0,0,0,0,0,0,0,0
1355776,662,0,5,0,2,0,3,-0.0059,2e-05,0.9758,2119,0,0,0,0,0,0,0,0,0,0,0,0,0,0,0,0,0,0,0,0,0
1357824,663,0,9,0,3,0,6,-0.00711,2e-05,0.9702,2203,0,0,0,0,0,0,0,0,0,0,0,0,0,0,0,0,0,0,0,0,0
1359872,664,0,10,0,4,0,6,-0.00533,1e-05,1.1462,2128,0,0,0,0,0,0,0,0,0,0,0,0,0,0,0,0,0,0,0,0,0
1361920,665,0,8,0,3,0,5,-0.00638,2e-05,1.1644,2291,0,0,0,0,0,0,0,0,0,0,0,0,0,0,0,0,0,0,0,0,0
1363968,666,0,13,0,5,0,8,-0.00841,1e-05,1.1734,2239,0,0,0,0,0,0,0,0,0,0,0,0,0,0,0,0,0,0,0,0,0
1366016,667,0,6,0,5,0,1,-0.00697,1e-05,0.9816,2245,0,0,0,0,0,0,0,0,0,0,0,0,0,0,0,0,0,0,0,0,0
1368064,668,0,7,0,3,0,4,-0.00484,1e-05,0.8478,2272,0,0,0,0,0,0,0,0,0,0,0,0,0,0,0,0,0,0,0,0,0
1370112,669,0,11,0,3,0,8,-0.00759,1e-05,1.0072,2259,0,0,0,0,0,0,0,0,0,0,0,0,0,0,0,0,0,0,0,0,0
1372160,670,0,5,0,1,0,4,-0.00508,1e-05,0.9655,2237,0,0,0,0,0,0,0,0,0,0,0,0,0,0,0,0,0,0,0,0,0
1374208,671,0,9,0,3,0,6,-0.00599,2e-05,0.9954,2283,0,0,0,0,0,0,0,0,0,0,0,0,0,0,0,0,0,0,0,0,0
1376256,672,0,12,0,6,0,6,-0.00727,1e-05,0.8852,2438,0,0,0,0,0,0,0,0,0,0,0,0,0,0,0,0,0,0,0,0,0
1378304,673,0,2,0,0,0,2,-0.00889,1e-05,1.0082,2454,0,0,0,0,0,0,0,0,0,0,0,0,0,0,0,0,0,0,0,0,0
1380352,674,0,12,0,4,0,8,-0.00707,1e-05,1.0727,2265,0,0,0,0,0,0,0,0,0,0,0,0,0,0,0,0,0,0,0,0,0
1382400,675,0,8,0,2,0,6,-0.00943,1e-05,1.245,2348,0,0,0,0,0,0,0,0,0,0,0,0,0,0,0,0,0,0,0,0,0
1384448,676,0,6,0,2,0,4,-0.00708,1e-05,1.2009,2172,0,0,0,0,0,0,0,0,0,0,0,0,0,0,0,0,0,0,0,0,0
1386496,677,0,8,0,1,0,7,-0.00628,2e-05,1.162,2300,0,0,0,0,0,0,0,0,0,0,0,0,0,0,0,0,0,0,0,0,0
1388544,678,0,7,0,1,0,6,-0.00946,1e-05,1.221,2205,0,0,0,0,0,0,0,0,0,0,0,0,0,0,0,0,0,0,0,0,0
1390592,679,0,8,0,3,0,5,-0.01161,1e-05,1.1966,2229,0,0,0,0,0,0,0,0,0,0,0,0,0,0,0,0,0,0,0,0,0
1392640,680,0,9,0,1,0,8,-0.00741,1e-05,1.2319,2108,0,0,0,0,0,0,0,0,0,0,0,0,0,0,0,0,0,0,0,0,0
1394688,681,0,5,0,2,0,3,-0.00959,1e-05,1.2392,2361,0,0,0,0,0,0,0,0,0,0,0,0,0,0,0,0,0,0,0,0,0
1396736,682,0,9,0,3,0,6,-0.0102,1e-05,1.1121,2322,0,0,0,0,0,0,0,0,0,0,0,0,0,0,0,0,0,0,0,0,0
1398784,683,0,5,0,0,0,5,-0.00896,1e-05,0.9866,2309,0,0,0,0,0,0,0,0,0,0,0,0,0,0,0,0,0,0,0,0,0
1400832,684,0,5,0,0,0,5,-0.00768,2e-05,1.0243,2077,0,0,0,0,0,0,0,0,0,0,0,0,0,0,0,0,0,0,0,0,0
1402880,685,0,13,0,2,0,11,-0.00941,2e-05,1.0547,2073,0,0,0,0,0,0,0,0,0,0,0,0,0,0,0,0,0,0,0,0,0
1404928,686,0,5,0,1,0,4,-0.00993,1e-05,1.1664,2426,0,0,0,0,0,0,0,0,0,0,0,0,0,0,0,0,0,0,0,0,0
1406976,687,0,8,0,2,0,6,-0.00643,1e-05,1.09,2378,0,0,0,0,0,0,0,0,0,0,0,0,0,0,0,0,0,0,0,0,0
1409024,688,0,5,0,0,0,5,-0.00936,1e-05,1.1606,2353,0,0,0,0,0,0,0,0,0,0,0,0,0,0,0,0,0,0,0,0,0
1411072,689,0,7,0,1,0,6,-0.00877,1e-05,1.1693,2145,0,0,0,0,0,0,0,0,0,0,0,0,0,0,0,0,0,0,0,0,0
1413120,690,0,12,0,3,0,9,-0.00904,1e-05,1.2693,1936,0,0,0,0,0,0,0,0,0,0,0,0,0,0,0,0,0,0,0,0,0
1415168,691,0,3,0,0,0,3,-0.00751,1e-05,1.2118,1605,0,0,0,0,0,0,0,0,0,0,0,0,0,0,0,0,0,0,0,0,0
1417216,692,0,12,0,4,0,8,-0.00839,1e-05,1.2417,2317,0,0,0,0,0,0,0,0,0,0,0,0,0,0,0,0,0,0,0,0,0
1419264,693,0,8,0,3,0,5,-0.0101,1e-05,1.2417,2387,0,0,0,0,0,0,0,0,0,0,0,0,0,0,0,0,0,0,0,0,0
1421312,694,0,4,0,1,0,3,-0.00756,0.0,1.155,2307,0,0,0,0,0,0,0,0,0,0,0,0,0,0,0,0,0,0,0,0,0
1423360,695,0,14,0,2,0,12,-0.00783,1e-05,1.2152,2348,0,0,0,0,0,0,0,0,0,0,0,0,0,0,0,0,0,0,0,0,0
1425408,696,0,8,0,6,0,2,-0.00574,1e-05,1.198,2375,0,0,0,0,0,0,0,0,0,0,0,0,0,0,0,0,0,0,0,0,0
1427456,697,0,7,0,1,0,6,-0.00849,1e-05,1.2411,2313,0,0,0,0,0,0,0,0,0,0,0,0,0,0,0,0,0,0,0,0,0
1429504,698,0,9,0,3,0,6,-0.0091,1e-05,1.2706,2309,0,0,0,0,0,0,0,0,0,0,0,0,0,0,0,0,0,0,0,0,0
1431552,699,0,7,0,3,0,4,-0.00676,1e-05,1.2772,2049,0,0,0,0,0,0,0,0,0,0,0,0,0,0,0,0,0,0,0,0,0
1433600,700,0,8,0,2,0,6,-0.00792,1e-05,1.2262,1440,0,0,0,0,0,0,0,0,0,0,0,0,0,0,0,0,0,0,0,0,0
1435648,701,0,13,0,6,0,7,-0.00842,1e-05,1.2246,1600,0,0,0,0,0,0,0,0,0,0,0,0,0,0,0,0,0,0,0,0,0
1437696,702,0,4,0,2,0,2,-0.00829,1e-05,1.1584,2094,0,0,0,0,0,0,0,0,0,0,0,0,0,0,0,0,0,0,0,0,0
1439744,703,0,9,0,1,0,8,-0.00809,0.0,1.29,2002,0,0,0,0,0,0,0,0,0,0,0,0,0,0,0,0,0,0,0,0,0
1441792,704,0,9,0,4,0,5,-0.00918,0.0,1.2187,2006,0,0,0,0,0,0,0,0,0,0,0,0,0,0,0,0,0,0,0,0,0
1443840,705,0,5,0,0,0,5,-0.00733,0.0,1.2052,2075,0,0,0,0,0,0,0,0,0,0,0,0,0,0,0,0,0,0,0,0,0
1445888,706,0,10,0,0,0,10,-0.0071,1e-05,1.2331,2141,0,0,0,0,0,0,0,0,0,0,0,0,0,0,0,0,0,0,0,0,0
1447936,707,0,4,0,1,0,3,-0.00816,1e-05,1.248,2118,0,0,0,0,0,0,0,0,0,0,0,0,0,0,0,0,0,0,0,0,0
1449984,708,0,6,0,0,0,6,-0.00942,1e-05,1.2073,2380,0,0,0,0,0,0,0,0,0,0,0,0,0,0,0,0,0,0,0,0,0
1452032,709,0,8,0,1,0,7,-0.01044,1e-05,1.1422,2189,0,0,0,0,0,0,0,0,0,0,0,0,0,0,0,0,0,0,0,0,0
1454080,710,0,5,0,0,0,5,-0.0075,1e-05,1.2235,2313,0,0,0,0,0,0,0,0,0,0,0,0,0,0,0,0,0,0,0,0,0
1456128,711,0,14,1,3,0,10,-0.00619,0.0011,1.1709,2337,0,0,0,0,0,0,0,0,0,0,0,0,0,0,0,0,0,0,0,0,0
1458176,712,0,2,0,0,0,2,-0.00824,3e-05,1.2182,2406,0,0,0,0,0,0,0,0,0,0,0,0,0,0,0,0,0,0,0,0,0
1460224,713,0,10,0,3,0,7,-0.00673,3e-05,1.2261,2415,0,0,0,0,0,0,0,0,0,0,0,0,0,0,0,0,0,0,0,0,0
1462272,714,0,14,0,8,0,6,-0.01218,1e-05,1.2327,2366,0,0,0,0,0,0,0,0,0,0,0,0,0,0,0,0,0,0,0,0,0
1464320,715,0,12,0,7,0,5,-0.00972,1e-05,1.2468,2299,0,0,0,0,0,0,0,0,0,0,0,0,0,0,0,0,0,0,0,0,0
1466368,716,0,4,0,1,0,3,-0.00851,0.0,1.2177,2233,0,0,0,0,0,0,0,0,0,0,0,0,0,0,0,0,0,0,0,0,0
1468416,717,0,8,0,1,0,7,-0.00886,0.0,1.2106,2280,0,0,0,0,0,0,0,0,0,0,0,0,0,0,0,0,0,0,0,0,0
1470464,718,0,11,0,4,0,7,-0.0083,0.0,1.2107,2125,0,0,0,0,0,0,0,0,0,0,0,0,0,0,0,0,0,0,0,0,0
1472512,719,0,5,0,1,0,4,-0.0087,1e-05,1.174,1917,0,0,0,0,0,0,0,0,0,0,0,0,0,0,0,0,0,0,0,0,0
1474560,720,0,9,0,3,0,6,-0.0078,0.0,1.2474,2122,0,0,0,0,0,0,0,0,0,0,0,0,0,0,0,0,0,0,0,0,0
1476608,721,0,4,0,0,0,4,-0.00773,0.0,1.2183,2129,0,0,0,0,0,0,0,0,0,0,0,0,0,0,0,0,0,0,0,0,0
1478656,722,0,10,0,5,0,5,-0.00687,0.0,1.324,2115,0,0,0,0,0,0,0,0,0,0,0,0,0,0,0,0,0,0,0,0,0
1480704,723,0,8,0,1,0,7,-0.00822,0.0,1.3496,2380,0,0,0,0,0,0,0,0,0,0,0,0,0,0,0,0,0,0,0,0,0
1482752,724,0,8,0,4,0,4,-0.00802,0.0,1.358,2491,0,0,0,0,0,0,0,0,0,0,0,0,0,0,0,0,0,0,0,0,0
1484800,725,0,9,0,4,0,5,-0.00941,0.0,1.3096,2244,0,0,0,0,0,0,0,0,0,0,0,0,0,0,0,0,0,0,0,0,0
1486848,726,0,7,0,2,1,4,-0.00791,0.0,1.1885,2200,0,0,0,0,0,0,0,0,0,0,0,0,0,0,0,0,0,0,0,0,0
1488896,727,0,7,0,3,0,4,-0.00685,0.0,1.1051,1993,0,0,0,0,0,0,0,0,0,0,0,0,0,0,0,0,0,0,0,0,0
1490944,728,0,10,0,2,0,8,-0.00764,0.0,1.0464,2331,0,0,0,0,0,0,0,0,0,0,0,0,0,0,0,0,0,0,0,0,0
1492992,729,0,6,0,2,0,4,-0.00754,1e-05,1.0479,2074,0,0,0,0,0,0,0,0,0,0,0,0,0,0,0,0,0,0,0,0,0
1495040,730,0,10,0,3,0,7,-0.00945,0.0,1.0644,2214,0,0,0,0,0,0,0,0,0,0,0,0,0,0,0,0,0,0,0,0,0
1497088,731,0,7,0,2,0,5,-0.00966,0.0,1.1518,2145,0,0,0,0,0,0,0,0,0,0,0,0,0,0,0,0,0,0,0,0,0
1499136,732,0,9,0,4,0,5,-0.01234,0.0,1.1267,2183,0,0,0,0,0,0,0,0,0,0,0,0,0,0,0,0,0,0,0,0,0
1501184,733,0,7,0,1,0,6,-0.00699,0.0,1.1143,2421,0,0,0,0,0,0,0,0,0,0,0,0,0,0,0,0,0,0,0,0,0
1503232,734,0,4,0,1,0,3,-0.00794,0.0,1.1235,2395,0,0,0,0,0,0,0,0,0,0,0,0,0,0,0,0,0,0,0,0,0
1505280,735,0,12,0,4,0,8,-0.0117,0.0,1.1361,2415,0,0,0,0,0,0,0,0,0,0,0,0,0,0,0,0,0,0,0,0,0
1507328,736,0,6,0,2,0,4,-0.00656,0.0,1.0721,2363,0,0,0,0,0,0,0,0,0,0,0,0,0,0,0,0,0,0,0,0,0
1509376,737,0,7,0,1,0,6,-0.01132,0.0,1.0958,2518,0,0,0,0,0,0,0,0,0,0,0,0,0,0,0,0,0,0,0,0,0
1511424,738,0,11,0,1,0,10,-0.00793,2e-05,1.0415,2349,0,0,0,0,0,0,0,0,0,0,0,0,0,0,0,0,0,0,0,0,0
1513472,739,0,2,0,0,0,2,-0.00545,3e-05,0.9898,2260,0,0,0,0,0,0,0,0,0,0,0,0,0,0,0,0,0,0,0,0,0
1515520,740,0,9,0,1,0,8,-0.00512,2e-05,1.0003,2151,0,0,0,0,0,0,0,0,0,0,0,0,0,0,0,0,0,0,0,0,0
1517568,741,0,8,0,2,0,6,-0.00887,2e-05,1.0432,2298,0,0,0,0,0,0,0,0,0,0,0,0,0,0,0,0,0,0,0,0,0
1519616,742,0,5,0,0,0,5,-0.00823,1e-05,0.9857,2424,0,0,0,0,0,0,0,0,0,0,0,0,0,0,0,0,0,0,0,0,0
1521664,743,0,10,0,0,0,10,-0.00988,1e-05,1.032,2141,0,0,0,0,0,0,0,0,0,0,0,0,0,0,0,0,0,0,0,0,0
1523712,744,0,3,0,0,0,3,-0.0116,0.0,1.0843,2232,0,0,0,0,0,0,0,0,0,0,0,0,0,0,0,0,0,0,0,0,0
1525760,745,0,8,0,1,0,7,-0.0084,0.0,1.0436,2211,0,0,0,0,0,0,0,0,0,0,0,0,0,0,0,0,0,0,0,0,0
1527808,746,0,8,0,1,0,7,-0.00773,1e-05,1.0309,2138,0,0,0,0,0,0,0,0,0,0,0,0,0,0,0,0,0,0,0,0,0
1529856,747,0,4,0,0,0,4,-0.00894,0.0,1.0022,2392,0,0,0,0,0,0,0,0,0,0,0,0,0,0,0,0,0,0,0,0,0
1531904,748,0,13,0,2,0,11,-0.00884,1e-05,1.0014,2507,0,0,0,0,0,0,0,0,0,0,0,0,0,0,0,0,0,0,0,0,0
1533952,749,0,3,0,0,0,3,-0.00507,1e-05,0.904,2176,0,0,0,0,0,0,0,0,0,0,0,0,0,0,0,0,0,0,0,0,0
1536000,750,0,7,0,2,0,5,-0.00827,0.0,0.8656,2324,0,0,0,0,0,0,0,0,0,0,0,0,0,0,0,0,0,0,0,0,0
1538048,751,0,10,0,2,0,8,-0.01076,0.0,1.0754,2043,0,0,0,0,0,0,0,0,0,0,0,0,0,0,0,0,0,0,0,0,0
1540096,752,0,5,0,2,0,3,-0.00674,0.0,1.0966,2172,0,0,0,0,0,0,0,0,0,0,0,0,0,0,0,0,0,0,0,0,0
1542144,753,0,12,0,1,0,11,-0.00792,0.0,0.9796,2176,0,0,0,0,0,0,0,0,0,0,0,0,0,0,0,0,0,0,0,0,0
1544192,754,0,4,0,1,0,3,-0.00779,0.0,0.9469,2144,0,0,0,0,0,0,0,0,0,0,0,0,0,0,0,0,0,0,0,0,0
1546240,755,0,6,0,3,0,3,-0.00894,1e-05,0.9946,2356,0,0,0,0,0,0,0,0,0,0,0,0,0,0,0,0,0,0,0,0,0
1548288,756,0,6,0,0,0,6,-0.00726,0.0,1.0436,2188,0,0,0,0,0,0,0,0,0,0,0,0,0,0,0,0,0,0,0,0,0
1550336,757,0,8,0,2,0,6,-0.01128,0.0,1.0124,2366,0,0,0,0,0,0,0,0,0,0,0,0,0,0,0,0,0,0,0,0,0
1552384,758,0,10,0,1,0,9,-0.00809,0.0,1.0642,2182,0,0,0,0,0,0,0,0,0,0,0,0,0,0,0,0,0,0,0,0,0
1554432,759,0,4,0,1,0,3,-0.00858,0.0,0.9927,2310,0,0,0,0,0,0,0,0,0,0,0,0,0,0,0,0,0,0,0,0,0
1556480,760,0,9,0,1,0,8,-0.00658,0.0,0.9855,2197,0,0,0,0,0,0,0,0,0,0,0,0,0,0,0,0,0,0,0,0,0
1558528,761,0,5,0,0,0,5,-0.01016,0.0,1.0636,2210,0,0,0,0,0,0,0,0,0,0,0,0,0,0,0,0,0,0,0,0,0
1560576,762,0,7,0,0,0,7,-0.00803,0.0,1.114,2255,0,0,0,0,0,0,0,0,0,0,0,0,0,0,0,0,0,0,0,0,0
1562624,763,0,8,0,1,0,7,-0.00881,0.0,1.0761,1920,0,0,0,0,0,0,0,0,0,0,0,0,0,0,0,0,0,0,0,0,0
1564672,764,0,3,0,1,0,2,-0.00801,0.0,1.0832,2275,0,0,0,0,0,0,0,0,0,0,0,0,0,0,0,0,0,0,0,0,0
1566720,765,0,10,0,0,0,10,-0.00652,0.0,1.0578,2262,0,0,0,0,0,0,0,0,0,0,0,0,0,0,0,0,0,0,0,0,0
1568768,766,0,5,0,0,0,5,-0.00666,0.0,1.0318,2417,0,0,0,0,0,0,0,0,0,0,0,0,0,0,0,0,0,0,0,0,0
1570816,767,0,5,0,0,0,5,-0.0061,0.0,1.026,2250,0,0,0,0,0,0,0,0,0,0,0,0,0,0,0,0,0,0,0,0,0
1572864,768,0,10,0,2,0,8,-0.0061,0.0,1.0824,2117,0,0,0,0,0,0,0,0,0,0,0,0,0,0,0,0,0,0,0,0,0
1574912,769,0,4,0,1,0,3,-0.01097,0.0,1.0216,2404,0,0,0,0,0,0,0,0,0,0,0,0,0,0,0,0,0,0,0,0,0
1576960,770,0,12,0,1,0,11,-0.01034,0.0,1.0374,2333,0,0,0,0,0,0,0,0,0,0,0,0,0,0,0,0,0,0,0,0,0
1579008,771,0,5,0,2,0,3,-0.00751,0.0,1.1105,2279,0,0,0,0,0,0,0,0,0,0,0,0,0,0,0,0,0,0,0,0,0
1581056,772,0,4,0,1,0,3,-0.00652,0.0,1.0555,2348,0,0,0,0,0,0,0,0,0,0,0,0,0,0,0,0,0,0,0,0,0
1583104,773,0,11,0,2,0,9,-0.00633,2e-05,0.9546,2435,0,0,0,0,0,0,0,0,0,0,0,0,0,0,0,0,0,0,0,0,0
1585152,774,0,8,0,3,0,5,-0.00757,3e-05,0.9332,2055,0,0,0,0,0,0,0,0,0,0,0,0,0,0,0,0,0,0,0,0,0
1587200,775,0,10,0,2,0,8,-0.00888,1e-05,0.9079,2117,0,0,0,0,0,0,0,0,0,0,0,0,0,0,0,0,0,0,0,0,0
1589248,776,0,6,0,1,0,5,-0.00612,0.0,1.0328,2242,0,0,0,0,0,0,0,0,0,0,0,0,0,0,0,0,0,0,0,0,0
1591296,777,0,4,0,0,0,4,-0.00904,0.0,1.1072,2323,0,0,0,0,0,0,0,0,0,0,0,0,0,0,0,0,0,0,0,0,0
1593344,778,0,11,0,2,0,9,-0.00782,0.0,1.0456,2250,0,0,0,0,0,0,0,0,0,0,0,0,0,0,0,0,0,0,0,0,0
1595392,779,0,7,0,2,0,5,-0.00366,0.0,0.9814,2432,0,0,0,0,0,0,0,0,0,0,0,0,0,0,0,0,0,0,0,0,0
1597440,780,0,5,0,0,0,5,-0.00429,0.0,1.0026,2480,0,0,0,0,0,0,0,0,0,0,0,0,0,0,0,0,0,0,0,0,0
1599488,781,0,7,0,0,0,7,-0.01002,0.0,1.0951,2386,0,0,0,0,0,0,0,0,0,0,0,0,0,0,0,0,0,0,0,0,0
1601536,782,0,7,0,2,0,5,-0.00933,0.0,1.1488,2141,0,0,0,0,0,0,0,0,0,0,0,0,0,0,0,0,0,0,0,0,0
1603584,783,0,9,0,1,0,8,-0.00898,0.0,1.1364,2324,0,0,0,0,0,0,0,0,0,0,0,0,0,0,0,0,0,0,0,0,0
1605632,784,0,7,0,0,0,7,-0.00689,0.0,1.1878,2381,0,0,0,0,0,0,0,0,0,0,0,0,0,0,0,0,0,0,0,0,0
1607680,785,0,4,0,0,0,4,-0.00602,0.0,1.0991,2154,0,0,0,0,0,0,0,0,0,0,0,0,0,0,0,0,0,0,0,0,0
1609728,786,0,9,0,2,0,7,-0.00691,0.0,1.1535,2041,0,0,0,0,0,0,0,0,0,0,0,0,0,0,0,0,0,0,0,0,0
1611776,787,0,9,0,4,0,5,-0.01187,0.0,1.2064,2264,0,0,0,0,0,0,0,0,0,0,0,0,0,0,0,0,0,0,0,0,0
1613824,788,0,7,0,1,0,6,-0.00579,0.0,1.1515,2156,0,0,0,0,0,0,0,0,0,0,0,0,0,0,0,0,0,0,0,0,0
1615872,789,0,7,0,1,0,6,-0.0094,0.0,1.1897,2294,0,0,0,0,0,0,0,0,0,0,0,0,0,0,0,0,0,0,0,0,0
1617920,790,0,6,0,1,0,5,-0.0066,0.0,1.2088,2395,0,0,0,0,0,0,0,0,0,0,0,0,0,0,0,0,0,0,0,0,0
1619968,791,0,6,0,0,0,6,-0.00614,0.0,1.153,2276,0,0,0,0,0,0,0,0,0,0,0,0,0,0,0,0,0,0,0,0,0
1622016,792,0,7,0,0,0,7,-0.009,0.0,1.112,2146,0,0,0,0,0,0,0,0,0,0,0,0,0,0,0,0,0,0,0,0,0
1624064,793,0,9,0,2,0,7,-0.0079,0.0,1.0865,2210,0,0,0,0,0,0,0,0,0,0,0,0,0,0,0,0,0,0,0,0,0
1626112,794,0,5,0,0,0,5,-0.00807,0.0,1.0556,2459,0,0,0,0,0,0,0,0,0,0,0,0,0,0,0,0,0,0,0,0,0
1628160,795,0,8,0,2,0,6,-0.00604,0.0,1.105,2196,0,0,0,0,0,0,0,0,0,0,0,0,0,0,0,0,0,0,0,0,0
1630208,796,0,7,0,1,0,6,-0.0093,0.0,1.137,2370,0,0,0,0,0,0,0,0,0,0,0,0,0,0,0,0,0,0,0,0,0
1632256,797,0,6,0,2,0,4,-0.00882,0.0,1.1353,2243,0,0,0,0,0,0,0,0,0,0,0,0,0,0,0,0,0,0,0,0,0
1634304,798,0,7,0,0,0,7,-0.00954,0.0,1.0974,2174,0,0,0,0,0,0,0,0,0,0,0,0,0,0,0,0,0,0,0,0,0
1636352,799,0,7,0,1,0,6,-0.01044,0.0,1.1398,2253,0,0,0,0,0,0,0,0,0,0,0,0,0,0,0,0,0,0,0,0,0
1638400,800,0,7,0,2,0,5,-0.00927,0.0,1.1054,2377,0,0,0,0,0,0,0,0,0,0,0,0,0,0,0,0,0,0,0,0,0
1640448,801,0,10,0,3,0,7,-0.01072,0.0,1.1186,2273,0,0,0,0,0,0,0,0,0,0,0,0,0,0,0,0,0,0,0,0,0
1642496,802,0,5,0,1,0,4,-0.00881,0.0,1.0107,2398,0,0,0,0,0,0,0,0,0,0,0,0,0,0,0,0,0,0,0,0,0
1644544,803,0,9,0,3,0,6,-0.01093,0.0,1.0227,2245,0,0,0,0,0,0,0,0,0,0,0,0,0,0,0,0,0,0,0,0,0
1646592,804,0,7,0,0,0,7,-0.00824,0.0,1.0131,2004,0,0,0,0,0,0,0,0,0,0,0,0,0,0,0,0,0,0,0,0,0
1648640,805,0,5,0,1,0,4,-0.00867,0.0,0.9726,2154,0,0,0,0,0,0,0,0,0,0,0,0,0,0,0,0,0,0,0,0,0
1650688,806,0,9,0,1,0,8,-0.0098,0.0,0.9536,2087,0,0,0,0,0,0,0,0,0,0,0,0,0,0,0,0,0,0,0,0,0
1652736,807,0,4,0,0,0,4,-0.0056,0.0,0.9892,2278,0,0,0,0,0,0,0,0,0,0,0,0,0,0,0,0,0,0,0,0,0
1654784,808,0,9,0,1,0,8,-0.00683,0.0,1.0291,2275,0,0,0,0,0,0,0,0,0,0,0,0,0,0,0,0,0,0,0,0,0
1656832,809,0,7,0,2,0,5,-0.00804,0.0,1.0742,2403,0,0,0,0,0,0,0,0,0,0,0,0,0,0,0,0,0,0,0,0,0
1658880,810,0,6,0,0,0,6,-0.0106,0.0,1.0924,2211,0,0,0,0,0,0,0,0,0,0,0,0,0,0,0,0,0,0,0,0,0
1660928,811,0,11,0,2,0,9,-0.01127,0.0,1.0678,2403,0,0,0,0,0,0,0,0,0,0,0,0,0,0,0,0,0,0,0,0,0
1662976,812,0,5,0,2,0,3,-0.00632,0.0,1.0567,2189,0,0,0,0,0,0,0,0,0,0,0,0,0,0,0,0,0,0,0,0,0
1665024,813,0,5,0,0,0,5,-0.00878,0.0,1.0327,2398,0,0,0,0,0,0,0,0,0,0,0,0,0,0,0,0,0,0,0,0,0
1667072,814,0,9,0,1,0,8,-0.00818,0.0,1.0983,2304,0,0,0,0,0,0,0,0,0,0,0,0,0,0,0,0,0,0,0,0,0
1669120,815,0,8,0,3,0,5,-0.01051,0.0,1.2149,2095,0,0,0,0,0,0,0,0,0,0,0,0,0,0,0,0,0,0,0,0,0
1671168,816,0,8,0,1,0,7,-0.01244,0.0,1.1819,2286,0,0,0,0,0,0,0,0,0,0,0,0,0,0,0,0,0,0,0,0,0
1673216,817,0,8,0,3,0,5,-0.0087,0.0,1.1475,2111,0,0,0,0,0,0,0,0,0,0,0,0,0,0,0,0,0,0,0,0,0
1675264,818,0,3,0,0,0,3,-0.0098,0.0,1.0913,2070,0,0,0,0,0,0,0,0,0,0,0,0,0,0,0,0,0,0,0,0,0
1677312,819,0,10,0,2,0,8,-0.01103,0.0,1.0887,2093,0,0,0,0,0,0,0,0,0,0,0,0,0,0,0,0,0,0,0,0,0
1679360,820,0,8,0,2,0,6,-0.00757,0.0,1.0888,2218,0,0,0,0,0,0,0,0,0,0,0,0,0,0,0,0,0,0,0,0,0
1681408,821,0,7,0,3,0,4,-0.00622,0.0,1.0701,2431,0,0,0,0,0,0,0,0,0,0,0,0,0,0,0,0,0,0,0,0,0
1683456,822,0,13,0,4,0,9,-0.00771,0.0,1.0986,2406,0,0,0,0,0,0,0,0,0,0,0,0,0,0,0,0,0,0,0,0,0
1685504,823,0,3,0,1,0,2,-0.00935,0.0,1.163,2371,0,0,0,0,0,0,0,0,0,0,0,0,0,0,0,0,0,0,0,0,0
1687552,824,0,8,0,2,0,6,-0.00861,0.0,1.1237,2246,0,0,0,0,0,0,0,0,0,0,0,0,0,0,0,0,0,0,0,0,0
1689600,825,0,10,0,3,0,7,-0.00766,0.0,1.0928,2362,0,0,0,0,0,0,0,0,0,0,0,0,0,0,0,0,0,0,0,0,0
1691648,826,0,5,0,1,0,4,-0.00876,0.0,1.0506,2276,0,0,0,0,0,0,0,0,0,0,0,0,0,0,0,0,0,0,0,0,0
1693696,827,0,15,0,7,0,8,-0.01226,0.0,1.0726,2280,0,0,0,0,0,0,0,0,0,0,0,0,0,0,0,0,0,0,0,0,0
1695744,828,0,4,0,1,0,3,-0.01057,0.0,1.104,2108,0,0,0,0,0,0,0,0,0,0,0,0,0,0,0,0,0,0,0,0,0
1697792,829,0,7,0,2,0,5,-0.00986,0.0,1.0913,2196,0,0,0,0,0,0,0,0,0,0,0,0,0,0,0,0,0,0,0,0,0
1699840,830,0,13,0,4,0,9,-0.00833,0.0,1.0904,2158,0,0,0,0,0,0,0,0,0,0,0,0,0,0,0,0,0,0,0,0,0
1701888,831,0,3,0,1,0,2,-0.00664,0.0,1.1696,2171,0,0,0,0,0,0,0,0,0,0,0,0,0,0,0,0,0,0,0,0,0
1703936,832,0,9,0,0,0,9,-0.00845,0.0,1.1343,2467,0,0,0,0,0,0,0,0,0,0,0,0,0,0,0,0,0,0,0,0,0
1705984,833,0,7,0,1,0,6,-0.01067,0.0,1.1031,2271,0,0,0,0,0,0,0,0,0,0,0,0,0,0,0,0,0,0,0,0,0
1708032,834,0,6,0,2,0,4,-0.00817,0.0,1.1081,2251,0,0,0,0,0,0,0,0,0,0,0,0,0,0,0,0,0,0,0,0,0
1710080,835,0,14,0,5,0,9,-0.00937,0.0,1.1067,2432,0,0,0,0,0,0,0,0,0,0,0,0,0,0,0,0,0,0,0,0,0
1712128,836,0,4,0,0,0,4,-0.01324,0.0,1.1634,2375,0,0,0,0,0,0,0,0,0,0,0,0,0,0,0,0,0,0,0,0,0
1714176,837,0,6,0,1,0,5,-0.00846,0.0,1.1346,2239,0,0,0,0,0,0,0,0,0,0,0,0,0,0,0,0,0,0,0,0,0
1716224,838,0,9,0,2,0,7,-0.01043,0.0,1.1388,2441,0,0,0,0,0,0,0,0,0,0,0,0,0,0,0,0,0,0,0,0,0
1718272,839,0,5,0,1,0,4,-0.00998,0.0,1.0773,2261,0,0,0,0,0,0,0,0,0,0,0,0,0,0,0,0,0,0,0,0,0
1720320,840,0,11,0,0,0,11,-0.0088,0.0,1.0079,2495,0,0,0,0,0,0,0,0,0,0,0,0,0,0,0,0,0,0,0,0,0
1722368,841,0,3,0,0,0,3,-0.00833,0.0,1.0702,2486,0,0,0,0,0,0,0,0,0,0,0,0,0,0,0,0,0,0,0,0,0
1724416,842,0,5,0,0,0,5,-0.00773,0.0,1.076,2237,0,0,0,0,0,0,0,0,0,0,0,0,0,0,0,0,0,0,0,0,0
1726464,843,0,9,0,1,0,8,-0.01201,1e-05,1.0436,2188,0,0,0,0,0,0,0,0,0,0,0,0,0,0,0,0,0,0,0,0,0
1728512,844,0,5,0,0,0,5,-0.00723,0.0,1.0126,2411,0,0,0,0,0,0,0,0,0,0,0,0,0,0,0,0,0,0,0,0,0
1730560,845,0,10,0,1,0,9,-0.00669,0.0,1.0504,2330,0,0,0,0,0,0,0,0,0,0,0,0,0,0,0,0,0,0,0,0,0
1732608,846,0,5,0,0,0,5,-0.0081,0.0,1.0393,2418,0,0,0,0,0,0,0,0,0,0,0,0,0,0,0,0,0,0,0,0,0
1734656,847,0,5,0,0,0,5,-0.00887,0.0,1.0644,2393,0,0,0,0,0,0,0,0,0,0,0,0,0,0,0,0,0,0,0,0,0
1736704,848,0,8,0,0,0,8,-0.01157,0.0,0.9575,2419,0,0,0,0,0,0,0,0,0,0,0,0,0,0,0,0,0,0,0,0,0
1738752,849,0,5,0,1,0,4,-0.00845,0.0,0.961,2363,0,0,0,0,0,0,0,0,0,0,0,0,0,0,0,0,0,0,0,0,0
1740800,850,0,11,0,1,0,10,-0.00882,2e-05,0.9136,2339,0,0,0,0,0,0,0,0,0,0,0,0,0,0,0,0,0,0,0,0,0
1742848,851,0,3,0,0,0,3,-0.00661,1e-05,0.9512,2271,0,0,0,0,0,0,0,0,0,0,0,0,0,0,0,0,0,0,0,0,0
1744896,852,0,7,0,0,0,7,-0.00707,0.0,0.9585,2220,0,0,0,0,0,0,0,0,0,0,0,0,0,0,0,0,0,0,0,0,0
1746944,853,0,9,0,1,0,8,-0.0074,0.0,0.9358,2439,0,0,0,0,0,0,0,0,0,0,0,0,0,0,0,0,0,0,0,0,0
1748992,854,0,6,0,3,0,3,-0.00685,2e-05,0.9647,2173,0,0,0,0,0,0,0,0,0,0,0,0,0,0,0,0,0,0,0,0,0
1751040,855,0,8,0,1,0,7,-0.00681,8e-05,0.9343,2310,0,0,0,0,0,0,0,0,0,0,0,0,0,0,0,0,0,0,0,0,0
1753088,856,0,4,0,0,0,4,-0.0073,4e-05,0.9,2252,0,0,0,0,0,0,0,0,0,0,0,0,0,0,0,0,0,0,0,0,0
1755136,857,0,8,0,2,0,6,-0.00719,1e-05,0.885,2243,0,0,0,0,0,0,0,0,0,0,0,0,0,0,0,0,0,0,0,0,0
1757184,858,0,10,0,1,0,9,-0.0061,1e-05,0.9711,2170,0,0,0,0,0,0,0,0,0,0,0,0,0,0,0,0,0,0,0,0,0
1759232,859,0,6,0,2,0,4,-0.00569,0.0,0.8359,2136,0,0,0,0,0,0,0,0,0,0,0,0,0,0,0,0,0,0,0,0,0
1761280,860,0,10,0,4,0,6,-0.0082,0.0,0.9519,2176,0,0,0,0,0,0,0,0,0,0,0,0,0,0,0,0,0,0,0,0,0
1763328,861,0,10,0,5,0,5,-0.00912,0.0,0.9081,2049,0,0,0,0,0,0,0,0,0,0,0,0,0,0,0,0,0,0,0,0,0
1765376,862,0,7,0,1,0,6,-0.01079,0.0,0.8848,2424,0,0,0,0,0,0,0,0,0,0,0,0,0,0,0,0,0,0,0,0,0
1767424,863,0,10,0,3,0,7,-0.00726,0.0,0.8433,2297,0,0,0,0,0,0,0,0,0,0,0,0,0,0,0,0,0,0,0,0,0
1769472,864,0,6,0,2,0,4,-0.00717,0.0,0.7799,2094,0,0,0,0,0,0,0,0,0,0,0,0,0,0,0,0,0,0,0,0,0
1771520,865,0,8,0,0,0,8,-0.00806,0.0,0.8134,2187,0,0,0,0,0,0,0,0,0,0,0,0,0,0,0,0,0,0,0,0,0
1773568,866,0,5,0,1,0,4,-0.00721,0.0,0.8452,2333,0,0,0,0,0,0,0,0,0,0,0,0,0,0,0,0,0,0,0,0,0
1775616,867,0,7,0,0,0,7,-0.00839,0.0,0.7812,2386,0,0,0,0,0,0,0,0,0,0,0,0,0,0,0,0,0,0,0,0,0
1777664,868,0,12,0,4,0,8,-0.01124,0.0,0.9343,2039,0,0,0,0,0,0,0,0,0,0,0,0,0,0,0,0,0,0,0,0,0
1779712,869,0,6,0,2,0,4,-0.00848,0.0,0.8804,2095,0,0,0,0,0,0,0,0,0,0,0,0,0,0,0,0,0,0,0,0,0
1781760,870,0,7,0,1,0,6,-0.00797,0.0,0.916,2164,0,0,0,0,0,0,0,0,0,0,0,0,0,0,0,0,0,0,0,0,0
1783808,871,0,8,0,2,0,6,-0.01059,0.0,0.8738,2178,0,0,0,0,0,0,0,0,0,0,0,0,0,0,0,0,0,0,0,0,0
1785856,872,0,6,0,2,0,4,-0.00792,0.0,0.9093,2104,0,0,0,0,0,0,0,0,0,0,0,0,0,0,0,0,0,0,0,0,0
1787904,873,0,10,0,4,0,6,-0.00948,0.0,0.8275,2305,0,0,0,0,0,0,0,0,0,0,0,0,0,0,0,0,0,0,0,0,0
1789952,874,0,11,0,4,0,7,-0.00823,0.0,0.798,2234,0,0,0,0,0,0,0,0,0,0,0,0,0,0,0,0,0,0,0,0,0
1792000,875,0,4,0,2,0,2,-0.00917,0.0,0.804,2322,0,0,0,0,0,0,0,0,0,0,0,0,0,0,0,0,0,0,0,0,0
1794048,876,0,11,0,3,0,8,-0.00664,0.0,0.7468,2215,0,0,0,0,0,0,0,0,0,0,0,0,0,0,0,0,0,0,0,0,0
1796096,877,0,11,0,6,0,5,-0.00658,0.0,0.7531,2448,0,0,0,0,0,0,0,0,0,0,0,0,0,0,0,0,0,0,0,0,0
1798144,878,0,7,0,3,0,4,-0.00569,0.0,0.772,2392,0,0,0,0,0,0,0,0,0,0,0,0,0,0,0,0,0,0,0,0,0
1800192,879,0,8,0,0,0,8,-0.00831,0.0,0.7129,2378,0,0,0,0,0,0,0,0,0,0,0,0,0,0,0,0,0,0,0,0,0
1802240,880,0,3,0,0,0,3,-0.00746,0.0,0.6728,2161,0,0,0,0,0,0,0,0,0,0,0,0,0,0,0,0,0,0,0,0,0
1804288,881,0,7,0,2,0,5,-0.0057,0.0,0.678,2358,0,0,0,0,0,0,0,0,0,0,0,0,0,0,0,0,0,0,0,0,0
1806336,882,0,10,0,2,0,8,-0.00978,0.0,0.7475,2344,0,0,0,0,0,0,0,0,0,0,0,0,0,0,0,0,0,0,0,0,0
1808384,883,0,7,0,1,0,6,-0.00727,0.0,0.772,2441,0,0,0,0,0,0,0,0,0,0,0,0,0,0,0,0,0,0,0,0,0
1810432,884,0,8,0,4,0,4,-0.00791,0.0,0.7598,2062,0,0,0,0,0,0,0,0,0,0,0,0,0,0,0,0,0,0,0,0,0
1812480,885,0,8,0,1,0,7,-0.00856,0.0,0.8505,2154,0,0,0,0,0,0,0,0,0,0,0,0,0,0,0,0,0,0,0,0,0
1814528,886,0,8,0,2,0,6,-0.00768,0.0,0.8607,2214,0,0,0,0,0,0,0,0,0,0,0,0,0,0,0,0,0,0,0,0,0
1816576,887,0,8,0,1,0,7,-0.00719,0.0,0.7801,2168,0,0,0,0,0,0,0,0,0,0,0,0,0,0,0,0,0,0,0,0,0
1818624,888,0,4,0,0,0,4,-0.00607,0.0,0.7202,2205,0,0,0,0,0,0,0,0,0,0,0,0,0,0,0,0,0,0,0,0,0
1820672,889,0,9,0,4,0,5,-0.00678,0.0,0.7688,2312,0,0,0,0,0,0,0,0,0,0,0,0,0,0,0,0,0,0,0,0,0
1822720,890,0,13,0,5,0,8,-0.00947,0.0,0.821,2323,0,0,0,0,0,0,0,0,0,0,0,0,0,0,0,0,0,0,0,0,0
1824768,891,0,4,0,1,0,3,-0.01004,0.0,0.8049,2271,0,0,0,0,0,0,0,0,0,0,0,0,0,0,0,0,0,0,0,0,0
1826816,892,0,10,0,1,0,9,-0.00803,0.0,0.7842,2281,0,0,0,0,0,0,0,0,0,0,0,0,0,0,0,0,0,0,0,0,0
1828864,893,0,4,0,0,0,4,-0.0085,0.0,0.7231,2341,0,0,0,0,0,0,0,0,0,0,0,0,0,0,0,0,0,0,0,0,0
1830912,894,0,7,0,3,0,4,-0.00724,0.0,0.6634,2133,0,0,0,0,0,0,0,0,0,0,0,0,0,0,0,0,0,0,0,0,0
1832960,895,0,11,0,1,0,10,-0.0082,0.0,0.641,2179,0,0,0,0,0,0,0,0,0,0,0,0,0,0,0,0,0,0,0,0,0
1835008,896,0,5,0,0,0,5,-0.0099,0.0,0.7377,2190,0,0,0,0,0,0,0,0,0,0,0,0,0,0,0,0,0,0,0,0,0
1837056,897,0,6,0,0,0,6,-0.00921,0.0,0.7721,2216,0,0,0,0,0,0,0,0,0,0,0,0,0,0,0,0,0,0,0,0,0
1839104,898,0,6,0,0,0,6,-0.00853,0.0,0.7402,2123,0,0,0,0,0,0,0,0,0,0,0,0,0,0,0,0,0,0,0,0,0
1841152,899,0,5,0,0,0,5,-0.0095,0.0,0.754,2208,0,0,0,0,0,0,0,0,0,0,0,0,0,0,0,0,0,0,0,0,0
1843200,900,0,13,0,3,0,10,-0.01148,0.0,0.7627,2222,0,0,0,0,0,0,0,0,0,0,0,0,0,0,0,0,0,0,0,0,0
1845248,901,0,5,0,1,0,4,-0.00716,0.0,0.7916,2429,0,0,0,0,0,0,0,0,0,0,0,0,0,0,0,0,0,0,0,0,0
1847296,902,0,10,0,5,0,5,-0.0099,0.0,0.7384,2475,0,0,0,0,0,0,0,0,0,0,0,0,0,0,0,0,0,0,0,0,0
1849344,903,0,7,0,1,0,6,-0.00799,0.0,0.754,2417,0,0,0,0,0,0,0,0,0,0,0,0,0,0,0,0,0,0,0,0,0
1851392,904,0,4,0,0,0,4,-0.00521,0.0,0.6669,2337,0,0,0,0,0,0,0,0,0,0,0,0,0,0,0,0,0,0,0,0,0
1853440,905,0,13,0,3,0,10,-0.00649,0.00013,0.5895,2438,0,0,0,0,0,0,0,0,0,0,0,0,0,0,0,0,0,0,0,0,0
1855488,906,0,2,0,0,0,2,-0.00781,2e-05,0.5513,2338,0,0,0,0,0,0,0,0,0,0,0,0,0,0,0,0,0,0,0,0,0
1857536,907,0,11,0,3,0,8,-0.00831,2e-05,0.6656,2331,0,0,0,0,0,0,0,0,0,0,0,0,0,0,0,0,0,0,0,0,0
1859584,908,0,9,0,2,0,7,-0.0074,1e-05,0.8005,2213,0,0,0,0,0,0,0,0,0,0,0,0,0,0,0,0,0,0,0,0,0
1861632,909,0,3,0,1,0,2,-0.00947,0.0,0.8208,2170,0,0,0,0,0,0,0,0,0,0,0,0,0,0,0,0,0,0,0,0,0
1863680,910,0,13,0,2,0,11,-0.00904,0.0,0.8636,2219,0,0,0,0,0,0,0,0,0,0,0,0,0,0,0,0,0,0,0,0,0
1865728,911,0,6,0,3,0,3,-0.00876,0.0,0.9438,2257,0,0,0,0,0,0,0,0,0,0,0,0,0,0,0,0,0,0,0,0,0
1867776,912,0,5,0,1,0,4,-0.00967,0.0,0.9258,2086,0,0,0,0,0,0,0,0,0,0,0,0,0,0,0,0,0,0,0,0,0
1869824,913,0,12,0,3,0,9,-0.00904,0.0,0.8385,2143,0,0,0,0,0,0,0,0,0,0,0,0,0,0,0,0,0,0,0,0,0
1871872,914,0,7,0,4,0,3,-0.01041,0.0,0.8111,2269,0,0,0,0,0,0,0,0,0,0,0,0,0,0,0,0,0,0,0,0,0
1873920,915,0,8,0,2,0,6,-0.00406,0.0,0.7401,2211,0,0,0,0,0,0,0,0,0,0,0,0,0,0,0,0,0,0,0,0,0
1875968,916,0,9,0,2,0,7,-0.00934,0.0,0.8739,2200,0,0,0,0,0,0,0,0,0,0,0,0,0,0,0,0,0,0,0,0,0
1878016,917,0,3,0,0,0,3,-0.00881,0.0,0.9686,2089,0,0,0,0,0,0,0,0,0,0,0,0,0,0,0,0,0,0,0,0,0
1880064,918,0,11,0,2,0,9,-0.00929,1e-05,1.0202,1865,0,0,0,0,0,0,0,0,0,0,0,0,0,0,0,0,0,0,0,0,0
1882112,919,0,10,0,5,0,5,-0.00834,1e-05,0.8747,2189,0,0,0,0,0,0,0,0,0,0,0,0,0,0,0,0,0,0,0,0,0
1884160,920,0,3,0,0,0,3,-0.01064,0.0,0.8181,2120,0,0,0,0,0,0,0,0,0,0,0,0,0,0,0,0,0,0,0,0,0
1886208,921,0,16,0,6,0,10,-0.00737,0.0,0.9694,2237,0,0,0,0,0,0,0,0,0,0,0,0,0,0,0,0,0,0,0,0,0
1888256,922,0,5,0,3,0,2,-0.00805,1e-05,0.9145,2359,0,0,0,0,0,0,0,0,0,0,0,0,0,0,0,0,0,0,0,0,0
1890304,923,0,9,0,2,0,7,-0.007,0.0,0.8517,2273,0,0,0,0,0,0,0,0,0,0,0,0,0,0,0,0,0,0,0,0,0
1892352,924,0,7,0,1,0,6,-0.01077,0.0,0.8349,2192,0,0,0,0,0,0,0,0,0,0,0,0,0,0,0,0,0,0,0,0,0
1894400,925,0,8,0,4,0,4,-0.00627,0.0,0.9129,2064,0,0,0,0,0,0,0,0,0,0,0,0,0,0,0,0,0,0,0,0,0
1896448,926,0,7,0,1,0,6,-0.01159,0.0,0.9359,1950,0,0,0,0,0,0,0,0,0,0,0,0,0,0,0,0,0,0,0,0,0
1898496,927,0,10,0,4,0,6,-0.00989,0.0,0.933,2097,0,0,0,0,0,0,0,0,0,0,0,0,0,0,0,0,0,0,0,0,0
1900544,928,0,10,0,4,0,6,-0.0087,1e-05,0.899,2245,0,0,0,0,0,0,0,0,0,0,0,0,0,0,0,0,0,0,0,0,0
1902592,929,0,3,0,2,0,1,-0.01259,2e-05,0.897,2106,0,0,0,0,0,0,0,0,0,0,0,0,0,0,0,0,0,0,0,0,0
1904640,930,0,11,0,3,0,8,-0.00588,2e-05,0.8703,2178,0,0,0,0,0,0,0,0,0,0,0,0,0,0,0,0,0,0,0,0,0
1906688,931,0,9,0,3,0,6,-0.00717,1e-05,0.8654,2260,0,0,0,0,0,0,0,0,0,0,0,0,0,0,0,0,0,0,0,0,0
1908736,932,0,8,0,3,0,5,-0.01118,1e-05,0.8707,2311,0,0,0,0,0,0,0,0,0,0,0,0,0,0,0,0,0,0,0,0,0
1910784,933,0,12,0,5,0,7,-0.00689,1e-05,0.8992,2277,0,0,0,0,0,0,0,0,0,0,0,0,0,0,0,0,0,0,0,0,0
1912832,934,0,8,0,4,0,4,-0.00765,0.0,0.8703,2361,0,0,0,0,0,0,0,0,0,0,0,0,0,0,0,0,0,0,0,0,0
1914880,935,0,9,0,5,0,4,-0.0105,0.0,0.8708,2359,0,0,0,0,0,0,0,0,0,0,0,0,0,0,0,0,0,0,0,0,0
1916928,936,0,8,0,1,0,7,-0.00876,0.0,0.8319,2181,0,0,0,0,0,0,0,0,0,0,0,0,0,0,0,0,0,0,0,0,0
1918976,937,0,4,0,0,0,4,-0.0115,0.0,0.7692,2324,0,0,0,0,0,0,0,0,0,0,0,0,0,0,0,0,0,0,0,0,0
1921024,938,0,10,0,3,0,7,-0.01289,0.0,0.8633,2189,0,0,0,0,0,0,0,0,0,0,0,0,0,0,0,0,0,0,0,0,0
1923072,939,0,7,0,3,0,4,-0.01191,0.0,0.8816,2072,0,0,0,0,0,0,0,0,0,0,0,0,0,0,0,0,0,0,0,0,0
1925120,940,0,6,0,2,0,4,-0.01035,0.0,0.9273,2245,0,0,0,0,0,0,0,0,0,0,0,0,0,0,0,0,0,0,0,0,0
1927168,941,0,15,0,5,0,10,-0.00794,0.0,0.7943,2192,0,0,0,0,0,0,0,0,0,0,0,0,0,0,0,0,0,0,0,0,0
1929216,942,0,7,0,5,0,2,-0.00785,0.0,0.8011,2108,0,0,0,0,0,0,0,0,0,0,0,0,0,0,0,0,0,0,0,0,0
1931264,943,0,9,0,3,0,6,-0.01254,0.0,0.9243,2152,0,0,0,0,0,0,0,0,0,0,0,0,0,0,0,0,0,0,0,0,0
1933312,944,0,12,0,6,0,6,-0.00924,0.0,0.99,2456,0,0,0,0,0,0,0,0,0,0,0,0,0,0,0,0,0,0,0,0,0
1935360,945,0,9,0,6,0,3,-0.01261,0.0,0.9555,2289,0,0,0,0,0,0,0,0,0,0,0,0,0,0,0,0,0,0,0,0,0
1937408,946,0,11,0,3,0,8,-0.01197,0.0,0.8932,2383,0,0,0,0,0,0,0,0,0,0,0,0,0,0,0,0,0,0,0,0,0
1939456,947,0,7,0,4,0,3,-0.01121,0.0,0.9092,2293,0,0,0,0,0,0,0,0,0,0,0,0,0,0,0,0,0,0,0,0,0
1941504,948,0,9,0,4,0,5,-0.0088,0.0,0.8892,2289,0,0,0,0,0,0,0,0,0,0,0,0,0,0,0,0,0,0,0,0,0
1943552,949,0,10,0,4,0,6,-0.01053,0.0,0.8789,2363,0,0,0,0,0,0,0,0,0,0,0,0,0,0,0,0,0,0,0,0,0
1945600,950,0,6,0,2,0,4,-0.00926,0.0,0.8864,2382,0,0,0,0,0,0,0,0,0,0,0,0,0,0,0,0,0,0,0,0,0
1947648,951,0,8,0,3,0,5,-0.00832,0.0,0.7804,2317,0,0,0,0,0,0,0,0,0,0,0,0,0,0,0,0,0,0,0,0,0
1949696,952,0,14,0,6,0,8,-0.0099,0.0,0.7682,2101,0,0,0,0,0,0,0,0,0,0,0,0,0,0,0,0,0,0,0,0,0
1951744,953,0,4,0,2,0,2,-0.01185,1e-05,0.8357,2235,0,0,0,0,0,0,0,0,0,0,0,0,0,0,0,0,0,0,0,0,0
1953792,954,0,5,0,0,0,5,-0.01039,0.0,0.7933,2141,0,0,0,0,0,0,0,0,0,0,0,0,0,0,0,0,0,0,0,0,0
1955840,955,0,9,0,1,0,8,-0.01014,0.0,0.8563,2163,0,0,0,0,0,0,0,0,0,0,0,0,0,0,0,0,0,0,0,0,0
1957888,956,0,9,0,3,0,6,-0.01089,0.0,0.8269,2238,0,0,0,0,0,0,0,0,0,0,0,0,0,0,0,0,0,0,0,0,0
1959936,957,0,9,0,1,0,8,-0.01089,0.0,0.8008,2056,0,0,0,0,0,0,0,0,0,0,0,0,0,0,0,0,0,0,0,0,0
1961984,958,0,7,0,5,0,2,-0.01078,0.0,0.8308,2136,0,0,0,0,0,0,0,0,0,0,0,0,0,0,0,0,0,0,0,0,0
1964032,959,0,8,0,3,0,5,-0.01044,0.0,0.8229,2017,0,0,0,0,0,0,0,0,0,0,0,0,0,0,0,0,0,0,0,0,0
1966080,960,0,8,0,1,0,7,-0.00781,0.0,0.8802,2193,0,0,0,0,0,0,0,0,0,0,0,0,0,0,0,0,0,0,0,0,0
1968128,961,0,8,0,2,0,6,-0.00967,0.0,0.8465,2100,0,0,0,0,0,0,0,0,0,0,0,0,0,0,0,0,0,0,0,0,0
1970176,962,0,8,0,2,0,6,-0.01122,0.0,0.9073,2145,0,0,0,0,0,0,0,0,0,0,0,0,0,0,0,0,0,0,0,0,0
1972224,963,0,5,0,0,0,5,-0.01043,0.0,0.8438,2152,0,0,0,0,0,0,0,0,0,0,0,0,0,0,0,0,0,0,0,0,0
1974272,964,0,11,0,4,0,7,-0.00901,0.0,0.9468,2214,0,0,0,0,0,0,0,0,0,0,0,0,0,0,0,0,0,0,0,0,0
1976320,965,0,7,0,3,0,4,-0.00968,0.0,0.8709,2145,0,0,0,0,0,0,0,0,0,0,0,0,0,0,0,0,0,0,0,0,0
1978368,966,0,9,0,3,0,6,-0.01046,0.0,0.8866,2320,0,0,0,0,0,0,0,0,0,0,0,0,0,0,0,0,0,0,0,0,0
1980416,967,0,11,0,3,0,8,-0.01105,0.0,0.9661,2139,0,0,0,0,0,0,0,0,0,0,0,0,0,0,0,0,0,0,0,0,0
1982464,968,0,5,0,1,0,4,-0.01104,0.0,0.9593,2232,0,0,0,0,0,0,0,0,0,0,0,0,0,0,0,0,0,0,0,0,0
1984512,969,0,7,0,2,0,5,-0.01257,0.0,0.9539,2394,0,0,0,0,0,0,0,0,0,0,0,0,0,0,0,0,0,0,0,0,0
1986560,970,0,10,0,2,0,8,-0.01133,0.0,1.0027,2133,0,0,0,0,0,0,0,0,0,0,0,0,0,0,0,0,0,0,0,0,0
1988608,971,0,7,0,4,0,3,-0.01025,0.0,0.9966,2295,0,0,0,0,0,0,0,0,0,0,0,0,0,0,0,0,0,0,0,0,0
1990656,972,0,10,0,1,0,9,-0.00969,1e-05,0.8988,2201,0,0,0,0,0,0,0,0,0,0,0,0,0,0,0,0,0,0,0,0,0
1992704,973,0,6,0,2,0,4,-0.0106,0.0,0.8839,2142,0,0,0,0,0,0,0,0,0,0,0,0,0,0,0,0,0,0,0,0,0
1994752,974,0,9,0,5,0,4,-0.00871,1e-05,0.9095,2159,0,0,0,0,0,0,0,0,0,0,0,0,0,0,0,0,0,0,0,0,0
1996800,975,0,11,0,5,0,6,-0.00965,0.0,0.8863,2028,0,0,0,0,0,0,0,0,0,0,0,0,0,0,0,0,0,0,0,0,0
1998848,976,0,10,0,3,0,7,-0.01006,0.0,0.956,2273,0,0,0,0,0,0,0,0,0,0,0,0,0,0,0,0,0,0,0,0,0
2000896,977,0,5,0,1,0,4,-0.01197,0.0,0.9167,2388,0,0,0,0,0,0,0,0,0,0,0,0,0,0,0,0,0,0,0,0,0
2002944,978,0,9,0,4,0,5,-0.01098,0.0,0.8726,2368,0,0,0,0,0,0,0,0,0,0,0,0,0,0,0,0,0,0,0,0,0
2004992,979,0,8,0,3,0,5,-0.01069,0.0,0.9151,2157,0,0,0,0,0,0,0,0,0,0,0,0,0,0,0,0,0,0,0,0,0
2007040,980,0,7,0,2,0,5,-0.00927,0.0,0.9475,2016,0,0,0,0,0,0,0,0,0,0,0,0,0,0,0,0,0,0,0,0,0
2009088,981,0,13,0,5,0,8,-0.01173,0.0,1.0068,1971,0,0,0,0,0,0,0,0,0,0,0,0,0,0,0,0,0,0,0,0,0
2011136,982,0,3,0,2,0,1,-0.01186,0.0,1.0293,2007,0,0,0,0,0,0,0,0,0,0,0,0,0,0,0,0,0,0,0,0,0
2013184,983,0,8,0,1,0,7,-0.01082,0.0,1.0386,2170,0,0,0,0,0,0,0,0,0,0,0,0,0,0,0,0,0,0,0,0,0
2015232,984,0,10,0,3,0,7,-0.01212,0.0,1.0832,2270,0,0,0,0,0,0,0,0,0,0,0,0,0,0,0,0,0,0,0,0,0
2017280,985,0,6,0,2,0,4,-0.00952,0.0,1.0518,2344,0,0,0,0,0,0,0,0,0,0,0,0,0,0,0,0,0,0,0,0,0
2019328,986,0,9,0,3,0,6,-0.01041,0.0,1.0542,2125,0,0,0,0,0,0,0,0,0,0,0,0,0,0,0,0,0,0,0,0,0
2021376,987,0,7,0,3,0,4,-0.01214,0.0,1.0749,2306,0,0,0,0,0,0,0,0,0,0,0,0,0,0,0,0,0,0,0,0,0
2023424,988,0,11,0,4,0,7,-0.0126,0.0,1.0635,2163,0,0,0,0,0,0,0,0,0,0,0,0,0,0,0,0,0,0,0,0,0
2025472,989,0,6,0,2,0,4,-0.01052,0.0,1.0198,2359,0,0,0,0,0,0,0,0,0,0,0,0,0,0,0,0,0,0,0,0,0
2027520,990,0,10,0,3,0,7,-0.01165,0.0,1.0038,2308,0,0,0,0,0,0,0,0,0,0,0,0,0,0,0,0,0,0,0,0,0
2029568,991,0,12,0,7,0,5,-0.01212,0.0,1.0486,2197,0,0,0,0,0,0,0,0,0,0,0,0,0,0,0,0,0,0,0,0,0
2031616,992,0,8,0,5,0,3,-0.00992,0.0,1.0258,2365,0,0,0,0,0,0,0,0,0,0,0,0,0,0,0,0,0,0,0,0,0
2033664,993,0,5,0,2,0,3,-0.01004,0.0,1.0087,2205,0,0,0,0,0,0,0,0,0,0,0,0,0,0,0,0,0,0,0,0,0
2035712,994,0,12,0,4,0,8,-0.01117,0.0,1.0079,2198,0,0,0,0,0,0,0,0,0,0,0,0,0,0,0,0,0,0,0,0,0
2037760,995,0,8,0,4,0,4,-0.01381,0.0,1.0915,2273,0,0,0,0,0,0,0,0,0,0,0,0,0,0,0,0,0,0,0,0,0
2039808,996,0,6,0,1,0,5,-0.01062,0.0,1.0708,2240,0,0,0,0,0,0,0,0,0,0,0,0,0,0,0,0,0,0,0,0,0
2041856,997,0,8,0,3,0,5,-0.01196,0.0,1.1104,2255,0,0,0,0,0,0,0,0,0,0,0,0,0,0,0,0,0,0,0,0,0
2043904,998,0,9,0,4,0,5,-0.01307,0.0,1.1599,2388,0,0,0,0,0,0,0,0,0,0,0,0,0,0,0,0,0,0,0,0,0
2045952,999,0,10,0,5,0,5,-0.00757,0.0,1.1465,2208,0,0,0,0,0,0,0,0,0,0,0,0,0,0,0,0,0,0,0,0,0
2048000,1000,0,8,0,2,0,6,-0.0097,0.0,1.0915,2302,0,0,0,0,0,0,0,0,0,0,0,0,0,0,0,0,0,0,0,0,0
2050048,1001,0,11,0,4,0,7,-0.01161,0.0,1.2159,2553,0,0,0,0,0,0,0,0,0,0,0,0,0,0,0,0,0,0,0,0,0
2052096,1002,0,8,0,4,0,4,-0.00861,0.0,1.2134,2497,0,0,0,0,0,0,0,0,0,0,0,0,0,0,0,0,0,0,0,0,0
2054144,1003,0,8,0,4,0,4,-0.0074,0.0,1.1943,2347,0,0,0,0,0,0,0,0,0,0,0,0,0,0,0,0,0,0,0,0,0
2056192,1004,0,10,0,3,0,7,-0.01063,0.0,1.1377,2364,0,0,0,0,0,0,0,0,0,0,0,0,0,0,0,0,0,0,0,0,0
2058240,1005,0,6,0,3,0,3,-0.00864,0.0,1.1493,2321,0,0,0,0,0,0,0,0,0,0,0,0,0,0,0,0,0,0,0,0,0
2060288,1006,0,12,0,5,0,7,-0.00671,0.0,1.1819,2220,0,0,0,0,0,0,0,0,0,0,0,0,0,0,0,0,0,0,0,0,0
2062336,1007,0,2,0,0,0,2,-0.00928,0.0,1.102,2304,0,0,0,0,0,0,0,0,0,0,0,0,0,0,0,0,0,0,0,0,0
2064384,1008,0,11,0,1,0,10,-0.00938,0.0,1.1226,2322,0,0,0,0,0,0,0,0,0,0,0,0,0,0,0,0,0,0,0,0,0
2066432,1009,0,13,0,7,0,6,-0.00603,0.0,1.2055,2441,0,0,0,0,0,0,0,0,0,0,0,0,0,0,0,0,0,0,0,0,0
2068480,1010,0,6,0,5,0,1,-0.01093,0.0,1.2081,2471,0,0,0,0,0,0,0,0,0,0,0,0,0,0,0,0,0,0,0,0,0
2070528,1011,0,7,0,2,0,5,-0.01047,0.0,1.145,2348,0,0,0,0,0,0,0,0,0,0,0,0,0,0,0,0,0,0,0,0,0
2072576,1012,0,9,0,2,0,7,-0.00736,0.0,1.0798,2165,0,0,0,0,0,0,0,0,0,0,0,0,0,0,0,0,0,0,0,0,0
2074624,1013,0,6,0,1,0,5,-0.01091,0.0,1.1751,2127,0,0,0,0,0,0,0,0,0,0,0,0,0,0,0,0,0,0,0,0,0
2076672,1014,0,9,0,2,0,7,-0.01486,0.0,1.228,2144,0,0,0,0,0,0,0,0,0,0,0,0,0,0,0,0,0,0,0,0,0
2078720,1015,0,7,0,3,0,4,-0.01179,0.0,1.1685,2147,0,0,0,0,0,0,0,0,0,0,0,0,0,0,0,0,0,0,0,0,0
2080768,1016,0,10,0,4,0,6,-0.01295,0.0,1.1704,2174,0,0,0,0,0,0,0,0,0,0,0,0,0,0,0,0,0,0,0,0,0
2082816,1017,0,9,0,1,0,8,-0.01519,0.0,1.3123,2277,0,0,0,0,0,0,0,0,0,0,0,0,0,0,0,0,0,0,0,0,0
2084864,1018,0,5,0,2,0,3,-0.01265,0.0,1.2301,2379,0,0,0,0,0,0,0,0,0,0,0,0,0,0,0,0,0,0,0,0,0
2086912,1019,0,9,0,2,0,7,-0.01153,0.0,1.1925,2256,0,0,0,0,0,0,0,0,0,0,0,0,0,0,0,0,0,0,0,0,0
2088960,1020,0,9,0,4,0,5,-0.01017,0.0,1.1704,2262,0,0,0,0,0,0,0,0,0,0,0,0,0,0,0,0,0,0,0,0,0
2091008,1021,0,6,0,2,0,4,-0.01026,0.0,1.2327,2330,0,0,0,0,0,0,0,0,0,0,0,0,0,0,0,0,0,0,0,0,0
2093056,1022,0,9,0,0,0,9,-0.01299,0.0,1.1687,2463,0,0,0,0,0,0,0,0,0,0,0,0,0,0,0,0,0,0,0,0,0
2095104,1023,0,5,0,2,0,3,-0.01027,0.0,1.0585,2281,0,0,0,0,0,0,0,0,0,0,0,0,0,0,0,0,0,0,0,0,0
2097152,1024,0,9,0,2,0,7,-0.00961,0.0,1.1495,2348,0,0,0,0,0,0,0,0,0,0,0,0,0,0,0,0,0,0,0,0,0
2099200,1025,0,9,0,3,0,6,-0.01037,0.0,1.1563,2397,0,0,0,0,0,0,0,0,0,0,0,0,0,0,0,0,0,0,0,0,0
2101248,1026,0,3,0,1,0,2,-0.012,0.0,1.1073,2358,0,0,0,0,0,0,0,0,0,0,0,0,0,0,0,0,0,0,0,0,0
2103296,1027,0,9,0,2,0,7,-0.01179,0.0,1.0152,2240,0,0,0,0,0,0,0,0,0,0,0,0,0,0,0,0,0,0,0,0,0
2105344,1028,0,7,0,0,0,7,-0.01284,0.0,1.211,2202,0,0,0,0,0,0,0,0,0,0,0,0,0,0,0,0,0,0,0,0,0
2107392,1029,0,7,0,1,0,6,-0.01131,0.0,1.1913,2212,0,0,0,0,0,0,0,0,0,0,0,0,0,0,0,0,0,0,0,0,0
2109440,1030,0,9,0,1,0,8,-0.01,0.0,1.2056,2047,0,0,0,0,0,0,0,0,0,0,0,0,0,0,0,0,0,0,0,0,0
2111488,1031,0,4,0,1,0,3,-0.01624,0.0,1.3019,2371,0,0,0,0,0,0,0,0,0,0,0,0,0,0,0,0,0,0,0,0,0
2113536,1032,0,12,0,4,0,8,-0.01106,0.0,1.1253,2380,0,0,0,0,0,0,0,0,0,0,0,0,0,0,0,0,0,0,0,0,0
2115584,1033,0,8,0,4,0,4,-0.01206,0.0,1.114,2206,0,0,0,0,0,0,0,0,0,0,0,0,0,0,0,0,0,0,0,0,0
2117632,1034,0,4,0,0,0,4,-0.01166,0.0,1.1681,2314,0,0,0,0,0,0,0,0,0,0,0,0,0,0,0,0,0,0,0,0,0
2119680,1035,0,14,0,4,0,10,-0.01019,0.0,1.1148,2403,0,0,0,0,0,0,0,0,0,0,0,0,0,0,0,0,0,0,0,0,0
2121728,1036,0,4,0,2,0,2,-0.01286,0.0,1.2379,2523,0,0,0,0,0,0,0,0,0,0,0,0,0,0,0,0,0,0,0,0,0
2123776,1037,0,6,0,3,0,3,-0.012,0.0,1.2607,2457,0,0,0,0,0,0,0,0,0,0,0,0,0,0,0,0,0,0,0,0,0
2125824,1038,0,13,0,4,0,9,-0.0104,0.0,1.2507,2339,0,0,0,0,0,0,0,0,0,0,0,0,0,0,0,0,0,0,0,0,0
2127872,1039,0,3,0,0,0,3,-0.01031,0.0,1.1655,2402,0,0,0,0,0,0,0,0,0,0,0,0,0,0,0,0,0,0,0,0,0
2129920,1040,0,10,0,0,0,10,-0.01175,0.0,1.1594,2338,0,0,0,0,0,0,0,0,0,0,0,0,0,0,0,0,0,0,0,0,0
2131968,1041,0,5,0,1,0,4,-0.00794,2e-05,1.3137,2365,0,0,0,0,0,0,0,0,0,0,0,0,0,0,0,0,0,0,0,0,0
2134016,1042,0,5,0,2,0,3,-0.0117,3e-05,1.3612,2482,0,0,0,0,0,0,0,0,0,0,0,0,0,0,0,0,0,0,0,0,0
2136064,1043,0,11,0,1,0,10,-0.0123,2e-05,1.2794,2402,0,0,0,0,0,0,0,0,0,0,0,0,0,0,0,0,0,0,0,0,0
2138112,1044,0,5,0,1,0,4,-0.01023,1e-05,1.2986,2397,0,0,0,0,0,0,0,0,0,0,0,0,0,0,0,0,0,0,0,0,0
2140160,1045,0,9,0,1,0,8,-0.01162,1e-05,1.328,2275,0,0,0,0,0,0,0,0,0,0,0,0,0,0,0,0,0,0,0,0,0
2142208,1046,0,7,0,3,0,4,-0.0107,0.0,1.4086,2147,0,0,0,0,0,0,0,0,0,0,0,0,0,0,0,0,0,0,0,0,0
2144256,1047,0,6,0,1,0,5,-0.00953,0.0,1.3516,2196,0,0,0,0,0,0,0,0,0,0,0,0,0,0,0,0,0,0,0,0,0
2146304,1048,0,10,0,2,0,8,-0.01209,0.0,1.3998,2003,0,0,0,0,0,0,0,0,0,0,0,0,0,0,0,0,0,0,0,0,0
2148352,1049,0,6,0,0,0,6,-0.01243,0.0,1.4218,2110,0,0,0,0,0,0,0,0,0,0,0,0,0,0,0,0,0,0,0,0,0
2150400,1050,0,11,0,5,0,6,-0.01269,0.0,1.3841,2096,0,0,0,0,0,0,0,0,0,0,0,0,0,0,0,0,0,0,0,0,0
2152448,1051,0,6,0,1,0,5,-0.01295,0.0,1.4378,2188,0,0,0,0,0,0,0,0,0,0,0,0,0,0,0,0,0,0,0,0,0
2154496,1052,0,6,0,2,0,4,-0.01011,0.0,1.392,2329,0,0,0,0,0,0,0,0,0,0,0,0,0,0,0,0,0,0,0,0,0
2156544,1053,0,13,0,4,0,9,-0.01268,0.0,1.3942,2259,0,0,0,0,0,0,0,0,0,0,0,0,0,0,0,0,0,0,0,0,0
2158592,1054,0,4,0,0,0,4,-0.01412,0.0,1.3678,2423,0,0,0,0,0,0,0,0,0,0,0,0,0,0,0,0,0,0,0,0,0
2160640,1055,0,10,0,5,0,5,-0.01274,0.0,1.4738,2191,0,0,0,0,0,0,0,0,0,0,0,0,0,0,0,0,0,0,0,0,0
2162688,1056,0,7,0,2,0,5,-0.01119,0.0,1.3752,2239,0,0,0,0,0,0,0,0,0,0,0,0,0,0,0,0,0,0,0,0,0
2164736,1057,0,8,0,3,0,5,-0.01309,0.0,1.3512,2327,0,0,0,0,0,0,0,0,0,0,0,0,0,0,0,0,0,0,0,0,0
2166784,1058,0,9,0,1,0,8,-0.01384,0.0,1.3833,2278,0,0,0,0,0,0,0,0,0,0,0,0,0,0,0,0,0,0,0,0,0
2168832,1059,0,4,0,0,0,4,-0.01142,0.0,1.3804,2005,0,0,0,0,0,0,0,0,0,0,0,0,0,0,0,0,0,0,0,0,0
2170880,1060,0,11,0,4,0,7,-0.0142,0.0,1.3999,2328,0,0,0,0,0,0,0,0,0,0,0,0,0,0,0,0,0,0,0,0,0
2172928,1061,0,4,0,1,0,3,-0.0119,0.0,1.3539,2250,0,0,0,0,0,0,0,0,0,0,0,0,0,0,0,0,0,0,0,0,0
2174976,1062,0,11,0,2,0,9,-0.01221,0.0,1.3476,2097,0,0,0,0,0,0,0,0,0,0,0,0,0,0,0,0,0,0,0,0,0
2177024,1063,0,5,0,1,0,4,-0.01315,0.0,1.2059,2208,0,0,0,0,0,0,0,0,0,0,0,0,0,0,0,0,0,0,0,0,0
2179072,1064,0,8,0,2,0,6,-0.0101,0.0,1.1657,2175,0,0,0,0,0,0,0,0,0,0,0,0,0,0,0,0,0,0,0,0,0
2181120,1065,0,8,0,2,0,6,-0.01253,0.0,1.2811,2245,0,0,0,0,0,0,0,0,0,0,0,0,0,0,0,0,0,0,0,0,0
2183168,1066,0,8,0,4,0,4,-0.0165,0.0,1.3361,2204,0,0,0,0,0,0,0,0,0,0,0,0,0,0,0,0,0,0,0,0,0
2185216,1067,0,12,0,5,0,7,-0.01295,0.0,1.3638,2176,0,0,0,0,0,0,0,0,0,0,0,0,0,0,0,0,0,0,0,0,0
2187264,1068,0,5,0,3,0,2,-0.01295,0.0,1.3481,2147,0,0,0,0,0,0,0,0,0,0,0,0,0,0,0,0,0,0,0,0,0
2189312,1069,0,10,0,5,0,5,-0.01496,0.0,1.3474,2102,0,0,0,0,0,0,0,0,0,0,0,0,0,0,0,0,0,0,0,0,0
2191360,1070,0,8,0,2,0,6,-0.01077,0.0,1.2921,2062,0,0,0,0,0,0,0,0,0,0,0,0,0,0,0,0,0,0,0,0,0
2193408,1071,0,7,0,0,0,7,-0.01224,0.0,1.3065,2191,0,0,0,0,0,0,0,0,0,0,0,0,0,0,0,0,0,0,0,0,0
2195456,1072,0,7,0,0,0,7,-0.01003,0.0,1.2751,2477,0,0,0,0,0,0,0,0,0,0,0,0,0,0,0,0,0,0,0,0,0
2197504,1073,0,6,0,2,0,4,-0.01086,0.0,1.3516,2262,0,0,0,0,0,0,0,0,0,0,0,0,0,0,0,0,0,0,0,0,0
2199552,1074,0,7,0,2,0,5,-0.01235,0.0,1.3654,2342,0,0,0,0,0,0,0,0,0,0,0,0,0,0,0,0,0,0,0,0,0
2201600,1075,0,9,0,2,0,7,-0.0144,0.0,1.3277,2131,0,0,0,0,0,0,0,0,0,0,0,0,0,0,0,0,0,0,0,0,0
2203648,1076,0,6,0,3,0,3,-0.01242,1e-05,1.3176,2309,0,0,0,0,0,0,0,0,0,0,0,0,0,0,0,0,0,0,0,0,0
2205696,1077,0,9,0,3,0,6,-0.01195,0.0,1.2966,2422,0,0,0,0,0,0,0,0,0,0,0,0,0,0,0,0,0,0,0,0,0
2207744,1078,0,10,0,3,0,7,-0.01141,0.0,1.3201,2447,0,0,0,0,0,0,0,0,0,0,0,0,0,0,0,0,0,0,0,0,0
2209792,1079,0,5,0,3,0,2,-0.01341,0.0,1.2867,2311,0,0,0,0,0,0,0,0,0,0,0,0,0,0,0,0,0,0,0,0,0
2211840,1080,0,13,0,6,0,7,-0.01199,0.0,1.2577,2274,0,0,0,0,0,0,0,0,0,0,0,0,0,0,0,0,0,0,0,0,0
2213888,1081,0,6,0,2,0,4,-0.01294,0.0,1.3234,2418,0,0,0,0,0,0,0,0,0,0,0,0,0,0,0,0,0,0,0,0,0
2215936,1082,0,10,0,4,0,6,-0.0149,0.0,1.3594,2421,0,0,0,0,0,0,0,0,0,0,0,0,0,0,0,0,0,0,0,0,0
2217984,1083,0,8,0,4,0,4,-0.01127,0.0,1.2899,2373,0,0,0,0,0,0,0,0,0,0,0,0,0,0,0,0,0,0,0,0,0
2220032,1084,0,4,0,1,0,3,-0.01318,0.0,1.2481,2351,0,0,0,0,0,0,0,0,0,0,0,0,0,0,0,0,0,0,0,0,0
2222080,1085,0,13,0,4,0,9,-0.0134,0.0,1.2153,2280,0,0,0,0,0,0,0,0,0,0,0,0,0,0,0,0,0,0,0,0,0
2224128,1086,0,4,0,2,0,2,-0.01183,0.0,1.2496,2322,0,0,0,0,0,0,0,0,0,0,0,0,0,0,0,0,0,0,0,0,0
2226176,1087,0,10,0,2,0,8,-0.012,0.0,1.2505,2293,0,0,0,0,0,0,0,0,0,0,0,0,0,0,0,0,0,0,0,0,0
2228224,1088,0,7,0,3,0,4,-0.01312,0.0,1.3137,2106,0,0,0,0,0,0,0,0,0,0,0,0,0,0,0,0,0,0,0,0,0
2230272,1089,0,7,0,2,0,5,-0.01134,0.0,1.3065,2015,0,0,0,0,0,0,0,0,0,0,0,0,0,0,0,0,0,0,0,0,0
2232320,1090,0,10,0,3,0,7,-0.01442,0.0,1.3273,2030,0,0,0,0,0,0,0,0,0,0,0,0,0,0,0,0,0,0,0,0,0
2234368,1091,0,7,0,2,0,5,-0.01167,0.0,1.2398,2217,0,0,0,0,0,0,0,0,0,0,0,0,0,0,0,0,0,0,0,0,0
2236416,1092,0,11,0,4,0,7,-0.01484,0.0,1.2256,2127,0,0,0,0,0,0,0,0,0,0,0,0,0,0,0,0,0,0,0,0,0
2238464,1093,0,6,0,2,0,4,-0.01433,0.0,1.2781,2129,0,0,0,0,0,0,0,0,0,0,0,0,0,0,0,0,0,0,0,0,0
2240512,1094,0,7,0,2,0,5,-0.01183,0.0,1.2324,2076,0,0,0,0,0,0,0,0,0,0,0,0,0,0,0,0,0,0,0,0,0
2242560,1095,0,14,0,8,0,6,-0.01234,0.0,1.2756,2251,0,0,0,0,0,0,0,0,0,0,0,0,0,0,0,0,0,0,0,0,0
2244608,1096,0,5,0,1,0,4,-0.01145,0.0,1.2806,2375,0,0,0,0,0,0,0,0,0,0,0,0,0,0,0,0,0,0,0,0,0
2246656,1097,0,7,0,1,0,6,-0.01475,0.0,1.2392,2166,0,0,0,0,0,0,0,0,0,0,0,0,0,0,0,0,0,0,0,0,0
2248704,1098,0,7,0,0,0,7,-0.01191,0.0,1.2467,2377,0,0,0,0,0,0,0,0,0,0,0,0,0,0,0,0,0,0,0,0,0
2250752,1099,0,4,0,2,0,2,-0.00872,0.0,1.2325,2232,0,0,0,0,0,0,0,0,0,0,0,0,0,0,0,0,0,0,0,0,0
2252800,1100,0,11,0,2,0,9,-0.01246,1e-05,1.2237,2361,0,0,0,0,0,0,0,0,0,0,0,0,0,0,0,0,0,0,0,0,0
2254848,1101,0,5,0,2,0,3,-0.01155,0.0,1.2748,2071,0,0,0,0,0,0,0,0,0,0,0,0,0,0,0,0,0,0,0,0,0
2256896,1102,0,10,0,2,0,8,-0.01306,0.0,1.2373,2212,0,0,0,0,0,0,0,0,0,0,0,0,0,0,0,0,0,0,0,0,0
2258944,1103,0,11,0,7,0,4,-0.01194,0.0,1.2447,2220,0,0,0,0,0,0,0,0,0,0,0,0,0,0,0,0,0,0,0,0,0
2260992,1104,0,4,0,0,0,4,-0.01128,0.0,1.2397,2324,0,0,0,0,0,0,0,0,0,0,0,0,0,0,0,0,0,0,0,0,0
2263040,1105,0,7,0,0,0,7,-0.01439,0.0,1.2289,2321,0,0,0,0,0,0,0,0,0,0,0,0,0,0,0,0,0,0,0,0,0
2265088,1106,0,9,0,3,0,6,-0.01136,0.0,1.2802,2076,0,0,0,0,0,0,0,0,0,0,0,0,0,0,0,0,0,0,0,0,0
2267136,1107,0,7,0,2,0,5,-0.01285,0.0,1.2808,2366,0,0,0,0,0,0,0,0,0,0,0,0,0,0,0,0,0,0,0,0,0
2269184,1108,0,9,0,2,0,7,-0.01246,0.0,1.323,2142,0,0,0,0,0,0,0,0,0,0,0,0,0,0,0,0,0,0,0,0,0
2271232,1109,0,10,0,5,0,5,-0.01293,0.0,1.2971,2319,0,0,0,0,0,0,0,0,0,0,0,0,0,0,0,0,0,0,0,0,0
2273280,1110,0,4,0,1,0,3,-0.01051,0.0,1.2256,2360,0,0,0,0,0,0,0,0,0,0,0,0,0,0,0,0,0,0,0,0,0
2275328,1111,0,11,0,4,0,7,-0.01202,0.0,1.2038,2300,0,0,0,0,0,0,0,0,0,0,0,0,0,0,0,0,0,0,0,0,0
2277376,1112,0,7,0,2,0,5,-0.0136,0.0,1.2551,2268,0,0,0,0,0,0,0,0,0,0,0,0,0,0,0,0,0,0,0,0,0
2279424,1113,0,5,0,1,0,4,-0.01285,0.0,1.2543,2306,0,0,0,0,0,0,0,0,0,0,0,0,0,0,0,0,0,0,0,0,0
2281472,1114,0,9,0,1,0,8,-0.01302,0.0,1.2405,2024,0,0,0,0,0,0,0,0,0,0,0,0,0,0,0,0,0,0,0,0,0
2283520,1115,0,10,0,5,0,5,-0.01283,0.0,1.2703,2295,0,0,0,0,0,0,0,0,0,0,0,0,0,0,0,0,0,0,0,0,0
2285568,1116,0,13,0,7,0,6,-0.00915,0.0,1.2643,2140,0,0,0,0,0,0,0,0,0,0,0,0,0,0,0,0,0,0,0,0,0
2287616,1117,0,9,0,6,0,3,-0.01429,0.0,1.269,2225,0,0,0,0,0,0,0,0,0,0,0,0,0,0,0,0,0,0,0,0,0
2289664,1118,0,5,0,2,0,3,-0.0132,0.0,1.1478,2248,0,0,0,0,0,0,0,0,0,0,0,0,0,0,0,0,0,0,0,0,0
2291712,1119,0,11,0,3,0,8,-0.01045,3e-05,1.1375,2114,0,0,0,0,0,0,0,0,0,0,0,0,0,0,0,0,0,0,0,0,0
2293760,1120,0,11,0,6,0,5,-0.01192,0.0,1.115,2268,0,0,0,0,0,0,0,0,0,0,0,0,0,0,0,0,0,0,0,0,0
2295808,1121,0,8,0,4,0,4,-0.01341,0.0,1.1956,2277,0,0,0,0,0,0,0,0,0,0,0,0,0,0,0,0,0,0,0,0,0
2297856,1122,0,6,0,1,0,5,-0.01093,0.0,1.2214,2146,0,0,0,0,0,0,0,0,0,0,0,0,0,0,0,0,0,0,0,0,0
2299904,1123,0,8,0,1,0,7,-0.01396,0.0,1.204,2091,0,0,0,0,0,0,0,0,0,0,0,0,0,0,0,0,0,0,0,0,0
2301952,1124,0,6,0,1,0,5,-0.01172,0.0,1.1824,2228,0,0,0,0,0,0,0,0,0,0,0,0,0,0,0,0,0,0,0,0,0
2304000,1125,0,10,0,3,0,7,-0.01304,0.0,1.207,2356,0,0,0,0,0,0,0,0,0,0,0,0,0,0,0,0,0,0,0,0,0
2306048,1126,0,12,0,7,0,5,-0.01418,0.0,1.2578,2284,0,0,0,0,0,0,0,0,0,0,0,0,0,0,0,0,0,0,0,0,0
2308096,1127,0,8,0,4,0,4,-0.01421,0.0,1.1811,2360,0,0,0,0,0,0,0,0,0,0,0,0,0,0,0,0,0,0,0,0,0
2310144,1128,0,8,0,4,0,4,-0.00997,0.0,1.215,2417,0,0,0,0,0,0,0,0,0,0,0,0,0,0,0,0,0,0,0,0,0
2312192,1129,0,9,0,2,0,7,-0.014,0.0,1.2389,2325,0,0,0,0,0,0,0,0,0,0,0,0,0,0,0,0,0,0,0,0,0
2314240,1130,0,5,0,3,0,2,-0.01281,0.0,1.2908,2198,0,0,0,0,0,0,0,0,0,0,0,0,0,0,0,0,0,0,0,0,0
2316288,1131,0,14,0,7,0,7,-0.01302,0.0,1.3082,2272,0,0,0,0,0,0,0,0,0,0,0,0,0,0,0,0,0,0,0,0,0
2318336,1132,0,7,0,5,0,2,-0.01135,0.0,1.236,2289,0,0,0,0,0,0,0,0,0,0,0,0,0,0,0,0,0,0,0,0,0
2320384,1133,0,8,0,2,0,6,-0.01416,0.0,1.2557,2160,0,0,0,0,0,0,0,0,0,0,0,0,0,0,0,0,0,0,0,0,0
2322432,1134,0,7,0,1,0,6,-0.01107,0.0,1.2782,2409,0,0,0,0,0,0,0,0,0,0,0,0,0,0,0,0,0,0,0,0,0
2324480,1135,0,4,0,0,0,4,-0.01123,0.0,1.2813,2271,0,0,0,0,0,0,0,0,0,0,0,0,0,0,0,0,0,0,0,0,0
2326528,1136,0,10,0,2,0,8,-0.0135,0.0,1.2903,2099,0,0,0,0,0,0,0,0,0,0,0,0,0,0,0,0,0,0,0,0,0
2328576,1137,0,5,0,1,0,4,-0.01073,0.0,1.3238,2108,0,0,0,0,0,0,0,0,0,0,0,0,0,0,0,0,0,0,0,0,0
2330624,1138,0,6,0,1,0,5,-0.01375,0.0,1.2462,2168,0,0,0,0,0,0,0,0,0,0,0,0,0,0,0,0,0,0,0,0,0
2332672,1139,0,10,0,3,0,7,-0.00958,0.0,1.1969,2169,0,0,0,0,0,0,0,0,0,0,0,0,0,0,0,0,0,0,0,0,0
2334720,1140,0,5,0,0,0,5,-0.01176,0.0,1.2698,2222,0,0,0,0,0,0,0,0,0,0,0,0,0,0,0,0,0,0,0,0,0
2336768,1141,0,8,0,2,0,6,-0.01313,0.0,1.2028,2228,0,0,0,0,0,0,0,0,0,0,0,0,0,0,0,0,0,0,0,0,0
2338816,1142,0,8,0,2,0,6,-0.0109,0.0,1.2269,2309,0,0,0,0,0,0,0,0,0,0,0,0,0,0,0,0,0,0,0,0,0
2340864,1143,0,7,0,3,0,4,-0.012,0.0,1.1781,2313,0,0,0,0,0,0,0,0,0,0,0,0,0,0,0,0,0,0,0,0,0
2342912,1144,0,8,0,2,0,6,-0.01127,6e-05,1.1918,2117,0,0,0,0,0,0,0,0,0,0,0,0,0,0,0,0,0,0,0,0,0
2344960,1145,0,4,0,0,0,4,-0.01008,1e-05,1.1532,2319,0,0,0,0,0,0,0,0,0,0,0,0,0,0,0,0,0,0,0,0,0
2347008,1146,0,7,0,0,0,7,-0.01147,0.0,1.1515,2220,0,0,0,0,0,0,0,0,0,0,0,0,0,0,0,0,0,0,0,0,0
2349056,1147,0,8,0,1,0,7,-0.01177,0.0,1.2043,2122,0,0,0,0,0,0,0,0,0,0,0,0,0,0,0,0,0,0,0,0,0
2351104,1148,0,5,0,0,0,5,-0.01093,0.0,1.2086,2171,0,0,0,0,0,0,0,0,0,0,0,0,0,0,0,0,0,0,0,0,0
2353152,1149,0,9,0,0,0,9,-0.01197,0.0,1.1977,2030,0,0,0,0,0,0,0,0,0,0,0,0,0,0,0,0,0,0,0,0,0
2355200,1150,0,5,0,2,0,3,-0.01244,0.0,1.1824,2428,0,0,0,0,0,0,0,0,0,0,0,0,0,0,0,0,0,0,0,0,0
2357248,1151,0,7,0,0,0,7,-0.01124,0.0,1.1257,2312,0,0,0,0,0,0,0,0,0,0,0,0,0,0,0,0,0,0,0,0,0
2359296,1152,0,7,0,1,0,6,-0.01295,0.0,1.1192,2261,0,0,0,0,0,0,0,0,0,0,0,0,0,0,0,0,0,0,0,0,0
2361344,1153,0,6,0,0,0,6,-0.00933,0.0,1.0743,2333,0,0,0,0,0,0,0,0,0,0,0,0,0,0,0,0,0,0,0,0,0
2363392,1154,0,8,0,1,0,7,-0.01022,0.0,1.0978,2308,0,0,0,0,0,0,0,0,0,0,0,0,0,0,0,0,0,0,0,0,0
2365440,1155,0,4,0,0,0,4,-0.01223,0.0,1.1765,2346,0,0,0,0,0,0,0,0,0,0,0,0,0,0,0,0,0,0,0,0,0
2367488,1156,0,7,0,1,0,6,-0.01459,0.0,1.1297,2227,0,0,0,0,0,0,0,0,0,0,0,0,0,0,0,0,0,0,0,0,0
2369536,1157,0,9,0,2,0,7,-0.01284,0.0,1.0337,2147,0,0,0,0,0,0,0,0,0,0,0,0,0,0,0,0,0,0,0,0,0
2371584,1158,0,7,0,1,0,6,-0.01263,0.0,0.9845,2279,0,0,0,0,0,0,0,0,0,0,0,0,0,0,0,0,0,0,0,0,0
2373632,1159,0,8,0,2,0,6,-0.01166,1e-05,0.9718,2127,0,0,0,0,0,0,0,0,0,0,0,0,0,0,0,0,0,0,0,0,0
2375680,1160,0,6,0,1,0,5,-0.00876,0.0,1.0232,2022,0,0,0,0,0,0,0,0,0,0,0,0,0,0,0,0,0,0,0,0,0
2377728,1161,0,5,0,0,0,5,-0.01185,0.0,1.0335,2291,0,0,0,0,0,0,0,0,0,0,0,0,0,0,0,0,0,0,0,0,0
2379776,1162,0,9,0,0,0,9,-0.01392,0.0,1.0806,2407,0,0,0,0,0,0,0,0,0,0,0,0,0,0,0,0,0,0,0,0,0
2381824,1163,0,6,0,1,0,5,-0.01303,0.0,1.03,2315,0,0,0,0,0,0,0,0,0,0,0,0,0,0,0,0,0,0,0,0,0
2383872,1164,0,8,0,1,0,7,-0.01036,0.0,1.0096,2304,0,0,0,0,0,0,0,0,0,0,0,0,0,0,0,0,0,0,0,0,0
2385920,1165,0,5,0,0,0,5,-0.01104,0.0,1.0201,2345,0,0,0,0,0,0,0,0,0,0,0,0,0,0,0,0,0,0,0,0,0
2387968,1166,0,8,0,3,0,5,-0.01122,0.0,0.9832,2251,0,0,0,0,0,0,0,0,0,0,0,0,0,0,0,0,0,0,0,0,0
2390016,1167,0,8,0,2,0,6,-0.01081,1e-05,0.9643,2259,0,0,0,0,0,0,0,0,0,0,0,0,0,0,0,0,0,0,0,0,0
2392064,1168,0,6,0,1,0,5,-0.01141,3e-05,0.8739,2385,0,0,0,0,0,0,0,0,0,0,0,0,0,0,0,0,0,0,0,0,0
2394112,1169,0,10,0,3,0,7,-0.009,1e-05,0.8966,2385,0,0,0,0,0,0,0,0,0,0,0,0,0,0,0,0,0,0,0,0,0
2396160,1170,0,6,0,1,0,5,-0.01261,0.0,0.9731,2367,0,0,0,0,0,0,0,0,0,0,0,0,0,0,0,0,0,0,0,0,0
2398208,1171,0,7,0,0,0,7,-0.01265,0.0,0.9143,2352,0,0,0,0,0,0,0,0,0,0,0,0,0,0,0,0,0,0,0,0,0
2400256,1172,0,5,0,1,0,4,-0.00877,1e-05,0.8425,2262,0,0,0,0,0,0,0,0,0,0,0,0,0,0,0,0,0,0,0,0,0
2402304,1173,0,6,0,0,0,6,-0.01163,0.0,0.8391,2104,0,0,0,0,0,0,0,0,0,0,0,0,0,0,0,0,0,0,0,0,0
2404352,1174,0,8,0,0,0,8,-0.01023,0.0,0.8783,2101,0,0,0,0,0,0,0,0,0,0,0,0,0,0,0,0,0,0,0,0,0
2406400,1175,0,8,0,1,0,7,-0.012,0.0,0.928,2320,0,0,0,0,0,0,0,0,0,0,0,0,0,0,0,0,0,0,0,0,0
2408448,1176,0,6,0,0,0,6,-0.01152,0.0,1.0249,2250,0,0,0,0,0,0,0,0,0,0,0,0,0,0,0,0,0,0,0,0,0
2410496,1177,0,6,0,2,0,4,-0.01049,0.0,0.9931,2191,0,0,0,0,0,0,0,0,0,0,0,0,0,0,0,0,0,0,0,0,0
2412544,1178,0,7,0,1,0,6,-0.01338,0.0,1.009,2151,0,0,0,0,0,0,0,0,0,0,0,0,0,0,0,0,0,0,0,0,0
2414592,1179,0,8,0,1,0,7,-0.01037,0.0,0.9917,2041,0,0,0,0,0,0,0,0,0,0,0,0,0,0,0,0,0,0,0,0,0
2416640,1180,0,7,0,2,0,5,-0.01117,0.0,0.9669,1991,0,0,0,0,0,0,0,0,0,0,0,0,0,0,0,0,0,0,0,0,0
2418688,1181,0,9,0,3,0,6,-0.01384,0.0,0.9521,2264,0,0,0,0,0,0,0,0,0,0,0,0,0,0,0,0,0,0,0,0,0
2420736,1182,0,6,0,1,0,5,-0.01063,0.0,0.9963,2188,0,0,0,0,0,0,0,0,0,0,0,0,0,0,0,0,0,0,0,0,0
2422784,1183,0,6,0,1,0,5,-0.01172,0.0,1.0203,2246,0,0,0,0,0,0,0,0,0,0,0,0,0,0,0,0,0,0,0,0,0
2424832,1184,0,7,0,1,0,6,-0.01125,0.0,0.9645,2233,0,0,0,0,0,0,0,0,0,0,0,0,0,0,0,0,0,0,0,0,0
2426880,1185,0,5,0,0,0,5,-0.0103,0.0,0.9106,2362,0,0,0,0,0,0,0,0,0,0,0,0,0,0,0,0,0,0,0,0,0
2428928,1186,0,10,0,2,0,8,-0.01184,0.0,0.9424,2061,0,0,0,0,0,0,0,0,0,0,0,0,0,0,0,0,0,0,0,0,0
2430976,1187,0,8,0,3,0,5,-0.01354,0.0,1.032,2027,0,0,0,0,0,0,0,0,0,0,0,0,0,0,0,0,0,0,0,0,0
2433024,1188,0,6,0,3,0,3,-0.01179,0.0,1.0174,2213,0,0,0,0,0,0,0,0,0,0,0,0,0,0,0,0,0,0,0,0,0
2435072,1189,0,8,0,2,0,6,-0.01454,0.0,0.9446,2000,0,0,0,0,0,0,0,0,0,0,0,0,0,0,0,0,0,0,0,0,0
2437120,1190,0,6,0,2,0,4,-0.01229,0.0,0.9865,2253,0,0,0,0,0,0,0,0,0,0,0,0,0,0,0,0,0,0,0,0,0
2439168,1191,0,10,0,2,0,8,-0.01254,0.0,0.9219,2344,0,0,0,0,0,0,0,0,0,0,0,0,0,0,0,0,0,0,0,0,0
2441216,1192,0,10,0,4,0,6,-0.01215,0.0,0.9217,2306,0,0,0,0,0,0,0,0,0,0,0,0,0,0,0,0,0,0,0,0,0
2443264,1193,0,5,0,1,0,4,-0.01277,0.0,0.9881,2296,0,0,0,0,0,0,0,0,0,0,0,0,0,0,0,0,0,0,0,0,0
2445312,1194,0,8,0,2,0,6,-0.01127,0.0,0.9812,2341,0,0,0,0,0,0,0,0,0,0,0,0,0,0,0,0,0,0,0,0,0
2447360,1195,0,8,0,3,0,5,-0.01403,0.0,1.0009,2347,0,0,0,0,0,0,0,0,0,0,0,0,0,0,0,0,0,0,0,0,0
2449408,1196,0,9,0,5,0,4,-0.01202,0.0,0.9837,2188,0,0,0,0,0,0,0,0,0,0,0,0,0,0,0,0,0,0,0,0,0
2451456,1197,0,9,0,3,0,6,-0.01194,0.0,0.9856,2241,0,0,0,0,0,0,0,0,0,0,0,0,0,0,0,0,0,0,0,0,0
2453504,1198,0,5,0,0,0,5,-0.01259,0.0,1.0025,2378,0,0,0,0,0,0,0,0,0,0,0,0,0,0,0,0,0,0,0,0,0
2455552,1199,0,13,0,7,0,6,-0.00957,0.0,1.0029,2176,0,0,0,0,0,0,0,0,0,0,0,0,0,0,0,0,0,0,0,0,0
2457600,1200,0,5,0,1,0,4,-0.01323,0.0,0.9806,2140,0,0,0,0,0,0,0,0,0,0,0,0,0,0,0,0,0,0,0,0,0
2459648,1201,0,9,0,3,0,6,-0.01123,0.0,0.938,2337,0,0,0,0,0,0,0,0,0,0,0,0,0,0,0,0,0,0,0,0,0
2461696,1202,0,10,0,5,0,5,-0.01327,1e-05,0.9351,2309,0,0,0,0,0,0,0,0,0,0,0,0,0,0,0,0,0,0,0,0,0
2463744,1203,0,7,0,3,0,4,-0.01359,0.0,0.9795,2322,0,0,0,0,0,0,0,0,0,0,0,0,0,0,0,0,0,0,0,0,0
2465792,1204,0,6,0,0,0,6,-0.01105,0.0,1.0258,2241,0,0,0,0,0,0,0,0,0,0,0,0,0,0,0,0,0,0,0,0,0
2467840,1205,0,13,0,6,0,7,-0.01362,0.0,1.0194,2476,0,0,0,0,0,0,0,0,0,0,0,0,0,0,0,0,0,0,0,0,0
2469888,1206,0,4,0,0,0,4,-0.01135,0.0,0.9932,2256,0,0,0,0,0,0,0,0,0,0,0,0,0,0,0,0,0,0,0,0,0
2471936,1207,0,10,0,2,0,8,-0.0118,0.0,1.0063,2350,0,0,0,0,0,0,0,0,0,0,0,0,0,0,0,0,0,0,0,0,0
2473984,1208,0,6,0,2,0,4,-0.01291,0.0,0.9436,2391,0,0,0,0,0,0,0,0,0,0,0,0,0,0,0,0,0,0,0,0,0
2476032,1209,0,8,0,4,0,4,-0.00881,0.0,0.9423,2292,0,0,0,0,0,0,0,0,0,0,0,0,0,0,0,0,0,0,0,0,0
2478080,1210,0,11,0,2,0,9,-0.01168,0.0,0.8956,2438,0,0,0,0,0,0,0,0,0,0,0,0,0,0,0,0,0,0,0,0,0
2480128,1211,0,3,0,1,0,2,-0.01082,0.0,0.9559,2392,0,0,0,0,0,0,0,0,0,0,0,0,0,0,0,0,0,0,0,0,0
2482176,1212,0,10,0,0,0,10,-0.01331,0.0,1.0215,2238,0,0,0,0,0,0,0,0,0,0,0,0,0,0,0,0,0,0,0,0,0
2484224,1213,0,10,0,5,0,5,-0.01157,0.0,0.9116,2211,0,0,0,0,0,0,0,0,0,0,0,0,0,0,0,0,0,0,0,0,0
2486272,1214,0,4,0,1,0,3,-0.013,0.0,0.9991,2303,0,0,0,0,0,0,0,0,0,0,0,0,0,0,0,0,0,0,0,0,0
2488320,1215,0,11,0,3,0,8,-0.01364,0.0,0.997,2357,0,0,0,0,0,0,0,0,0,0,0,0,0,0,0,0,0,0,0,0,0
2490368,1216,0,8,0,3,0,5,-0.01358,0.0,0.9524,2379,0,0,0,0,0,0,0,0,0,0,0,0,0,0,0,0,0,0,0,0,0
2492416,1217,0,8,0,2,0,6,-0.01227,0.0,0.9714,2107,0,0,0,0,0,0,0,0,0,0,0,0,0,0,0,0,0,0,0,0,0
2494464,1218,0,8,0,4,0,4,-0.01494,0.0,0.9734,2133,0,0,0,0,0,0,0,0,0,0,0,0,0,0,0,0,0,0,0,0,0
2496512,1219,0,4,0,3,0,1,-0.01203,0.0,0.9912,2062,0,0,0,0,0,0,0,0,0,0,0,0,0,0,0,0,0,0,0,0,0
2498560,1220,0,13,0,3,0,10,-0.01103,0.0,0.8788,2242,0,0,0,0,0,0,0,0,0,0,0,0,0,0,0,0,0,0,0,0,0
2500608,1221,0,6,0,2,0,4,-0.013,0.0,0.8338,2147,0,0,0,0,0,0,0,0,0,0,0,0,0,0,0,0,0,0,0,0,0
2502656,1222,0,9,0,4,0,5,-0.00774,1e-05,0.8533,2234,0,0,0,0,0,0,0,0,0,0,0,0,0,0,0,0,0,0,0,0,0
2504704,1223,0,11,0,5,0,6,-0.01257,3e-05,0.8926,2262,0,0,0,0,0,0,0,0,0,0,0,0,0,0,0,0,0,0,0,0,0
2506752,1224,0,5,0,2,0,3,-0.01538,1e-05,0.9236,2377,0,0,0,0,0,0,0,0,0,0,0,0,0,0,0,0,0,0,0,0,0
2508800,1225,0,6,0,0,0,6,-0.01276,0.0,0.8901,2364,0,0,0,0,0,0,0,0,0,0,0,0,0,0,0,0,0,0,0,0,0
2510848,1226,0,10,0,3,0,7,-0.01286,2e-05,0.8871,2249,0,0,0,0,0,0,0,0,0,0,0,0,0,0,0,0,0,0,0,0,0
2512896,1227,0,9,0,3,0,6,-0.01052,6e-05,0.8633,2200,0,0,0,0,0,0,0,0,0,0,0,0,0,0,0,0,0,0,0,0,0
2514944,1228,0,4,0,2,0,2,-0.01574,0.0,0.8564,2236,0,0,0,0,0,0,0,0,0,0,0,0,0,0,0,0,0,0,0,0,0
2516992,1229,0,10,0,3,0,7,-0.0147,0.0,0.9098,2216,0,0,0,0,0,0,0,0,0,0,0,0,0,0,0,0,0,0,0,0,0
2519040,1230,0,12,0,5,0,7,-0.01211,0.0,0.8907,2273,0,0,0,0,0,0,0,0,0,0,0,0,0,0,0,0,0,0,0,0,0
2521088,1231,0,4,0,2,0,2,-0.01215,0.0,0.8742,2457,0,0,0,0,0,0,0,0,0,0,0,0,0,0,0,0,0,0,0,0,0
2523136,1232,0,14,0,6,0,8,-0.01534,0.0,0.8484,2327,0,0,0,0,0,0,0,0,0,0,0,0,0,0,0,0,0,0,0,0,0
2525184,1233,0,7,0,3,0,4,-0.01127,0.0,0.8529,2162,0,0,0,0,0,0,0,0,0,0,0,0,0,0,0,0,0,0,0,0,0
2527232,1234,0,8,0,1,0,7,-0.0105,0.0,0.8864,2271,0,0,0,0,0,0,0,0,0,0,0,0,0,0,0,0,0,0,0,0,0
2529280,1235,0,8,0,3,0,5,-0.01258,0.0,0.9375,2199,0,0,0,0,0,0,0,0,0,0,0,0,0,0,0,0,0,0,0,0,0
2531328,1236,0,5,0,3,0,2,-0.0119,0.0,0.866,2195,0,0,0,0,0,0,0,0,0,0,0,0,0,0,0,0,0,0,0,0,0
2533376,1237,0,10,0,2,0,8,-0.00995,0.0,0.8272,2178,0,0,0,0,0,0,0,0,0,0,0,0,0,0,0,0,0,0,0,0,0
2535424,1238,0,6,0,2,0,4,-0.01297,0.0,0.8299,2427,0,0,0,0,0,0,0,0,0,0,0,0,0,0,0,0,0,0,0,0,0
2537472,1239,0,8,0,2,0,6,-0.01263,0.0,0.885,2220,0,0,0,0,0,0,0,0,0,0,0,0,0,0,0,0,0,0,0,0,0
2539520,1240,0,13,0,8,0,5,-0.01629,0.0,0.8708,2319,0,0,0,0,0,0,0,0,0,0,0,0,0,0,0,0,0,0,0,0,0
2541568,1241,0,7,0,1,0,6,-0.01381,0.0,0.894,2161,0,0,0,0,0,0,0,0,0,0,0,0,0,0,0,0,0,0,0,0,0
2543616,1242,0,6,0,1,0,5,-0.01403,0.0,0.8891,2203,0,0,0,0,0,0,0,0,0,0,0,0,0,0,0,0,0,0,0,0,0
2545664,1243,0,13,0,5,0,8,-0.01286,0.0,0.8802,2272,0,0,0,0,0,0,0,0,0,0,0,0,0,0,0,0,0,0,0,0,0
2547712,1244,0,3,0,0,0,3,-0.01293,0.0,0.8947,2215,0,0,0,0,0,0,0,0,0,0,0,0,0,0,0,0,0,0,0,0,0
2549760,1245,0,6,0,1,0,5,-0.01154,0.0,0.863,2134,0,0,0,0,0,0,0,0,0,0,0,0,0,0,0,0,0,0,0,0,0
2551808,1246,0,14,0,7,0,7,-0.01405,0.0,0.8987,2138,0,0,0,0,0,0,0,0,0,0,0,0,0,0,0,0,0,0,0,0,0
2553856,1247,0,6,0,2,0,4,-0.01695,0.0,0.8969,2118,0,0,0,0,0,0,0,0,0,0,0,0,0,0,0,0,0,0,0,0,0
2555904,1248,0,6,0,1,0,5,-0.01268,0.0,0.8671,2235,0,0,0,0,0,0,0,0,0,0,0,0,0,0,0,0,0,0,0,0,0
2557952,1249,0,11,0,5,0,6,-0.01313,0.0,0.8313,2272,0,0,0,0,0,0,0,0,0,0,0,0,0,0,0,0,0,0,0,0,0
2560000,1250,0,4,0,1,0,3,-0.01428,0.0,0.8909,2281,0,0,0,0,0,0,0,0,0,0,0,0,0,0,0,0,0,0,0,0,0
2562048,1251,0,8,0,1,0,7,-0.01166,0.0,0.8453,2193,0,0,0,0,0,0,0,0,0,0,0,0,0,0,0,0,0,0,0,0,0
2564096,1252,0,8,0,0,0,8,-0.01429,0.0,0.8866,2137,0,0,0,0,0,0,0,0,0,0,0,0,0,0,0,0,0,0,0,0,0
2566144,1253,0,4,0,0,0,4,-0.01363,0.0,0.8583,2181,0,0,0,0,0,0,0,0,0,0,0,0,0,0,0,0,0,0,0,0,0
2568192,1254,0,10,0,3,0,7,-0.01372,0.0,0.9036,2126,0,0,0,0,0,0,0,0,0,0,0,0,0,0,0,0,0,0,0,0,0
2570240,1255,0,5,0,1,0,4,-0.0141,0.0,0.9173,2222,0,0,0,0,0,0,0,0,0,0,0,0,0,0,0,0,0,0,0,0,0
2572288,1256,0,7,0,1,0,6,-0.01213,0.0,0.9064,2258,0,0,0,0,0,0,0,0,0,0,0,0,0,0,0,0,0,0,0,0,0
2574336,1257,0,9,0,1,0,8,-0.01301,0.0,0.9055,2425,0,0,0,0,0,0,0,0,0,0,0,0,0,0,0,0,0,0,0,0,0
2576384,1258,0,3,0,1,0,2,-0.01162,0.0,0.9927,2442,0,0,0,0,0,0,0,0,0,0,0,0,0,0,0,0,0,0,0,0,0
2578432,1259,0,9,0,2,0,7,-0.01146,0.0,0.9766,2357,0,0,0,0,0,0,0,0,0,0,0,0,0,0,0,0,0,0,0,0,0
2580480,1260,0,5,0,0,0,5,-0.00714,0.0,0.945,2378,0,0,0,0,0,0,0,0,0,0,0,0,0,0,0,0,0,0,0,0,0
2582528,1261,0,10,0,2,0,8,-0.01171,0.0,0.9662,2361,0,0,0,0,0,0,0,0,0,0,0,0,0,0,0,0,0,0,0,0,0
2584576,1262,0,5,0,1,0,4,-0.01254,0.0,0.9648,2381,0,0,0,0,0,0,0,0,0,0,0,0,0,0,0,0,0,0,0,0,0
2586624,1263,0,9,0,4,0,5,-0.01227,0.0,0.943,2520,0,0,0,0,0,0,0,0,0,0,0,0,0,0,0,0,0,0,0,0,0
2588672,1264,0,7,0,2,0,5,-0.01089,0.0,0.8833,2347,0,0,0,0,0,0,0,0,0,0,0,0,0,0,0,0,0,0,0,0,0
2590720,1265,0,6,0,3,0,3,-0.0129,0.0,0.893,2416,0,0,0,0,0,0,0,0,0,0,0,0,0,0,0,0,0,0,0,0,0
2592768,1266,0,9,0,0,0,9,-0.01333,0.0,0.8702,2486,0,0,0,0,0,0,0,0,0,0,0,0,0,0,0,0,0,0,0,0,0
2594816,1267,0,6,0,4,0,2,-0.0142,0.0,0.9155,2335,0,0,0,0,0,0,0,0,0,0,0,0,0,0,0,0,0,0,0,0,0
2596864,1268,0,11,0,3,0,8,-0.01445,0.0,0.9199,2338,0,0,0,0,0,0,0,0,0,0,0,0,0,0,0,0,0,0,0,0,0
2598912,1269,0,8,0,3,0,5,-0.01466,0.0,0.9333,2253,0,0,0,0,0,0,0,0,0,0,0,0,0,0,0,0,0,0,0,0,0
2600960,1270,0,8,0,3,0,5,-0.01426,0.0,0.9501,2291,0,0,0,0,0,0,0,0,0,0,0,0,0,0,0,0,0,0,0,0,0
2603008,1271,0,7,0,1,0,6,-0.01266,0.0,0.9066,2199,0,0,0,0,0,0,0,0,0,0,0,0,0,0,0,0,0,0,0,0,0
2605056,1272,0,4,0,0,0,4,-0.01212,0.0,0.94,2295,0,0,0,0,0,0,0,0,0,0,0,0,0,0,0,0,0,0,0,0,0
2607104,1273,0,9,0,1,0,8,-0.01191,0.0,0.9257,2431,0,0,0,0,0,0,0,0,0,0,0,0,0,0,0,0,0,0,0,0,0
2609152,1274,0,7,0,0,0,7,-0.01407,0.0,0.9876,2315,0,0,0,0,0,0,0,0,0,0,0,0,0,0,0,0,0,0,0,0,0
2611200,1275,0,6,0,2,0,4,-0.01392,0.0,0.9923,2395,0,0,0,0,0,0,0,0,0,0,0,0,0,0,0,0,0,0,0,0,0
2613248,1276,0,11,0,3,0,8,-0.01318,0.0,0.9678,2293,0,0,0,0,0,0,0,0,0,0,0,0,0,0,0,0,0,0,0,0,0
2615296,1277,0,7,0,3,0,4,-0.01469,0.0,0.9899,2247,0,0,0,0,0,0,0,0,0,0,0,0,0,0,0,0,0,0,0,0,0
2617344,1278,0,6,0,0,0,6,-0.01447,0.0,1.0085,1984,0,0,0,0,0,0,0,0,0,0,0,0,0,0,0,0,0,0,0,0,0
2619392,1279,0,6,0,1,0,5,-0.01201,0.0,0.9848,2190,0,0,0,0,0,0,0,0,0,0,0,0,0,0,0,0,0,0,0,0,0
2621440,1280,0,12,0,5,0,7,-0.01441,0.0,0.9666,2229,0,0,0,0,0,0,0,0,0,0,0,0,0,0,0,0,0,0,0,0,0
2623488,1281,0,7,0,1,0,6,-0.01236,0.0,0.9089,1916,0,0,0,0,0,0,0,0,0,0,0,0,0,0,0,0,0,0,0,0,0
2625536,1282,0,8,0,2,0,6,-0.0127,0.0,0.952,2314,0,0,0,0,0,0,0,0,0,0,0,0,0,0,0,0,0,0,0,0,0
2627584,1283,0,7,0,2,0,5,-0.01313,0.0,0.922,2217,0,0,0,0,0,0,0,0,0,0,0,0,0,0,0,0,0,0,0,0,0
2629632,1284,0,7,0,2,0,5,-0.0138,0.0,0.9408,2426,0,0,0,0,0,0,0,0,0,0,0,0,0,0,0,0,0,0,0,0,0
2631680,1285,0,7,0,1,0,6,-0.01277,0.0,0.9746,2344,0,0,0,0,0,0,0,0,0,0,0,0,0,0,0,0,0,0,0,0,0
2633728,1286,0,7,0,2,0,5,-0.01304,0.0,1.0615,2443,0,0,0,0,0,0,0,0,0,0,0,0,0,0,0,0,0,0,0,0,0
2635776,1287,0,9,0,2,0,7,-0.01311,0.0,1.0224,2341,0,0,0,0,0,0,0,0,0,0,0,0,0,0,0,0,0,0,0,0,0
2637824,1288,0,7,0,3,0,4,-0.01211,0.0,0.9141,2354,0,0,0,0,0,0,0,0,0,0,0,0,0,0,0,0,0,0,0,0,0
2639872,1289,0,7,0,2,0,5,-0.01521,0.0,0.9218,2364,0,0,0,0,0,0,0,0,0,0,0,0,0,0,0,0,0,0,0,0,0
2641920,1290,0,7,0,0,0,7,-0.01405,0.0,0.949,2306,0,0,0,0,0,0,0,0,0,0,0,0,0,0,0,0,0,0,0,0,0
2643968,1291,0,6,0,2,0,4,-0.00899,0.0,0.9788,2355,0,0,0,0,0,0,0,0,0,0,0,0,0,0,0,0,0,0,0,0,0
2646016,1292,0,9,0,1,0,8,-0.01261,0.0,0.9061,2231,0,0,0,0,0,0,0,0,0,0,0,0,0,0,0,0,0,0,0,0,0
2648064,1293,0,6,0,1,0,5,-0.01225,0.0,0.8909,2161,0,0,0,0,0,0,0,0,0,0,0,0,0,0,0,0,0,0,0,0,0
2650112,1294,0,7,0,1,0,6,-0.01158,0.0,0.9022,2341,0,0,0,0,0,0,0,0,0,0,0,0,0,0,0,0,0,0,0,0,0
2652160,1295,0,9,0,1,0,8,-0.0126,0.0,0.9281,2309,0,0,0,0,0,0,0,0,0,0,0,0,0,0,0,0,0,0,0,0,0
2654208,1296,0,3,0,2,0,1,-0.01281,0.0,0.9328,2066,0,0,0,0,0,0,0,0,0,0,0,0,0,0,0,0,0,0,0,0,0
2656256,1297,0,11,0,1,0,10,-0.01242,0.0,0.9144,2267,0,0,0,0,0,0,0,0,0,0,0,0,0,0,0,0,0,0,0,0,0
2658304,1298,0,5,0,0,0,5,-0.01448,0.0,0.9651,2375,0,0,0,0,0,0,0,0,0,0,0,0,0,0,0,0,0,0,0,0,0
2660352,1299,0,10,0,4,0,6,-0.011,0.0,1.0026,2394,0,0,0,0,0,0,0,0,0,0,0,0,0,0,0,0,0,0,0,0,0
2662400,1300,0,7,0,2,0,5,-0.0138,0.0,0.9991,2345,0,0,0,0,0,0,0,0,0,0,0,0,0,0,0,0,0,0,0,0,0
2664448,1301,0,4,0,1,0,3,-0.01376,0.0,0.9416,2342,0,0,0,0,0,0,0,0,0,0,0,0,0,0,0,0,0,0,0,0,0
2666496,1302,0,9,0,1,0,8,-0.01216,0.0,0.9276,2114,0,0,0,0,0,0,0,0,0,0,0,0,0,0,0,0,0,0,0,0,0
2668544,1303,0,7,0,1,0,6,-0.01122,0.0,0.9429,1981,0,0,0,0,0,0,0,0,0,0,0,0,0,0,0,0,0,0,0,0,0
2670592,1304,0,6,0,0,0,6,-0.00894,1e-05,0.9293,2215,0,0,0,0,0,0,0,0,0,0,0,0,0,0,0,0,0,0,0,0,0
2672640,1305,0,9,0,1,0,8,-0.01281,0.0,0.8993,2329,0,0,0,0,0,0,0,0,0,0,0,0,0,0,0,0,0,0,0,0,0
2674688,1306,0,7,0,4,0,3,-0.01228,0.0,0.8617,2407,0,0,0,0,0,0,0,0,0,0,0,0,0,0,0,0,0,0,0,0,0
2676736,1307,0,10,0,2,0,8,-0.01356,0.0,0.9856,2387,0,0,0,0,0,0,0,0,0,0,0,0,0,0,0,0,0,0,0,0,0
2678784,1308,0,4,0,2,0,2,-0.01358,0.0,1.03,2340,0,0,0,0,0,0,0,0,0,0,0,0,0,0,0,0,0,0,0,0,0
2680832,1309,0,9,0,0,0,9,-0.01739,0.0,1.0187,2192,0,0,0,0,0,0,0,0,0,0,0,0,0,0,0,0,0,0,0,0,0
2682880,1310,0,9,0,3,0,6,-0.01471,0.0,1.1201,2136,0,0,0,0,0,0,0,0,0,0,0,0,0,0,0,0,0,0,0,0,0
2684928,1311,0,5,0,0,0,5,-0.01074,0.0,1.0259,2039,0,0,0,0,0,0,0,0,0,0,0,0,0,0,0,0,0,0,0,0,0
2686976,1312,0,10,0,2,0,8,-0.01501,0.0,1.064,2046,0,0,0,0,0,0,0,0,0,0,0,0,0,0,0,0,0,0,0,0,0
2689024,1313,0,3,0,0,0,3,-0.01086,0.0,1.0794,2129,0,0,0,0,0,0,0,0,0,0,0,0,0,0,0,0,0,0,0,0,0
2691072,1314,0,8,0,1,0,7,-0.01435,0.0,1.0959,2039,0,0,0,0,0,0,0,0,0,0,0,0,0,0,0,0,0,0,0,0,0
2693120,1315,0,9,0,1,0,8,-0.01505,0.0,1.0919,2285,0,0,0,0,0,0,0,0,0,0,0,0,0,0,0,0,0,0,0,0,0
2695168,1316,0,5,0,2,0,3,-0.01395,0.0,0.9938,2206,0,0,0,0,0,0,0,0,0,0,0,0,0,0,0,0,0,0,0,0,0
2697216,1317,0,10,0,1,0,9,-0.00497,0.0,0.9711,2302,0,0,0,0,0,0,0,0,0,0,0,0,0,0,0,0,0,0,0,0,0
2699264,1318,0,5,0,1,0,4,-0.00381,0.0,1.0234,2184,0,0,0,0,0,0,0,0,0,0,0,0,0,0,0,0,0,0,0,0,0
2701312,1319,0,7,0,3,0,4,-0.01271,0.0,1.0218,2192,0,0,0,0,0,0,0,0,0,0,0,0,0,0,0,0,0,0,0,0,0
2703360,1320,0,8,0,1,0,7,-0.01303,0.0,1.1056,2248,0,0,0,0,0,0,0,0,0,0,0,0,0,0,0,0,0,0,0,0,0
2705408,1321,0,6,0,2,0,4,-0.01338,0.0,1.1227,2245,0,0,0,0,0,0,0,0,0,0,0,0,0,0,0,0,0,0,0,0,0
2707456,1322,0,9,0,0,0,9,-0.01332,0.0,1.0738,2264,0,0,0,0,0,0,0,0,0,0,0,0,0,0,0,0,0,0,0,0,0
2709504,1323,0,4,0,1,0,3,-0.0109,0.0,1.0071,2247,0,0,0,0,0,0,0,0,0,0,0,0,0,0,0,0,0,0,0,0,0
2711552,1324,0,8,0,1,0,7,-0.01438,0.0,1.0232,2073,0,0,0,0,0,0,0,0,0,0,0,0,0,0,0,0,0,0,0,0,0
2713600,1325,0,8,0,2,0,6,-0.01413,0.0,1.0078,2257,0,0,0,0,0,0,0,0,0,0,0,0,0,0,0,0,0,0,0,0,0
2715648,1326,0,5,0,1,0,4,-0.01359,0.0,0.9716,2378,0,0,0,0,0,0,0,0,0,0,0,0,0,0,0,0,0,0,0,0,0
2717696,1327,0,9,0,2,0,7,-0.01333,0.0,0.9646,2383,0,0,0,0,0,0,0,0,0,0,0,0,0,0,0,0,0,0,0,0,0
2719744,1328,0,12,0,6,0,6,-0.01493,0.0,1.0126,2329,0,0,0,0,0,0,0,0,0,0,0,0,0,0,0,0,0,0,0,0,0
2721792,1329,0,7,0,4,0,3,-0.01339,0.0,1.0345,2372,0,0,0,0,0,0,0,0,0,0,0,0,0,0,0,0,0,0,0,0,0
2723840,1330,0,10,0,4,0,6,-0.01013,0.0,1.0461,2297,0,0,0,0,0,0,0,0,0,0,0,0,0,0,0,0,0,0,0,0,0
2725888,1331,0,9,0,6,0,3,-0.01244,0.0,0.9917,2313,0,0,0,0,0,0,0,0,0,0,0,0,0,0,0,0,0,0,0,0,0
2727936,1332,0,8,0,3,0,5,-0.01431,0.0,1.0314,2383,0,0,0,0,0,0,0,0,0,0,0,0,0,0,0,0,0,0,0,0,0
2729984,1333,0,7,0,1,0,6,-0.01234,0.0,0.9732,2242,0,0,0,0,0,0,0,0,0,0,0,0,0,0,0,0,0,0,0,0,0
2732032,1334,0,9,0,3,0,6,-0.00745,0.0,0.9808,2317,0,0,0,0,0,0,0,0,0,0,0,0,0,0,0,0,0,0,0,0,0
2734080,1335,0,10,0,3,0,7,-0.01196,0.0,1.0115,2327,0,0,0,0,0,0,0,0,0,0,0,0,0,0,0,0,0,0,0,0,0
2736128,1336,0,7,0,4,0,3,-0.00957,0.0,1.0303,2138,0,0,0,0,0,0,0,0,0,0,0,0,0,0,0,0,0,0,0,0,0
2738176,1337,0,5,0,0,0,5,-0.01535,0.0,1.0307,1793,0,0,0,0,0,0,0,0,0,0,0,0,0,0,0,0,0,0,0,0,0
2740224,1338,0,8,0,1,0,7,-0.0148,0.0,1.0813,1241,0,0,0,0,0,0,0,0,0,0,0,0,0,0,0,0,0,0,0,0,0
2742272,1339,0,8,0,1,0,7,-0.01296,0.0,1.0031,2454,0,0,0,0,0,0,0,0,0,0,0,0,0,0,0,0,0,0,0,0,0
2744320,1340,0,9,0,6,0,3,-0.01289,0.0,0.9785,2389,0,0,0,0,0,0,0,0,0,0,0,0,0,0,0,0,0,0,0,0,0
2746368,1341,0,8,0,2,0,6,-0.01128,2e-05,0.9242,2347,0,0,0,0,0,0,0,0,0,0,0,0,0,0,0,0,0,0,0,0,0
2748416,1342,0,7,0,3,0,4,-0.01277,1e-05,0.9552,2250,0,0,0,0,0,0,0,0,0,0,0,0,0,0,0,0,0,0,0,0,0
2750464,1343,0,6,0,0,0,6,-0.01305,0.0,0.9668,2089,0,0,0,0,0,0,0,0,0,0,0,0,0,0,0,0,0,0,0,0,0
2752512,1344,0,10,0,5,0,5,-0.01634,1e-05,0.8449,2167,0,0,0,0,0,0,0,0,0,0,0,0,0,0,0,0,0,0,0,0,0
2754560,1345,0,9,0,4,0,5,-0.01292,0.0,0.9433,2204,0,0,0,0,0,0,0,0,0,0,0,0,0,0,0,0,0,0,0,0,0
2756608,1346,0,9,0,4,0,5,-0.01513,0.0,0.9357,2115,0,0,0,0,0,0,0,0,0,0,0,0,0,0,0,0,0,0,0,0,0
2758656,1347,0,8,0,3,0,5,-0.01547,0.0,0.9426,2206,0,0,0,0,0,0,0,0,0,0,0,0,0,0,0,0,0,0,0,0,0
2760704,1348,0,10,0,5,0,5,-0.01526,0.0,0.8997,2291,0,0,0,0,0,0,0,0,0,0,0,0,0,0,0,0,0,0,0,0,0
2762752,1349,0,8,0,3,0,5,-0.01436,0.0,0.9357,2350,0,0,0,0,0,0,0,0,0,0,0,0,0,0,0,0,0,0,0,0,0
2764800,1350,0,7,0,3,0,4,-0.00881,0.0,1.0356,2263,0,0,0,0,0,0,0,0,0,0,0,0,0,0,0,0,0,0,0,0,0
2766848,1351,0,5,0,2,0,3,-0.01576,0.0,0.9674,2282,0,0,0,0,0,0,0,0,0,0,0,0,0,0,0,0,0,0,0,0,0
2768896,1352,0,14,0,6,0,8,-0.0157,0.0,0.8541,2310,0,0,0,0,0,0,0,0,0,0,0,0,0,0,0,0,0,0,0,0,0
2770944,1353,0,5,0,1,0,4,-0.01369,0.0,0.9176,2241,0,0,0,0,0,0,0,0,0,0,0,0,0,0,0,0,0,0,0,0,0
2772992,1354,0,5,0,2,0,3,-0.00985,0.0,0.9624,2147,0,0,0,0,0,0,0,0,0,0,0,0,0,0,0,0,0,0,0,0,0
2775040,1355,0,9,0,1,0,8,-0.01156,0.0,1.0374,2110,0,0,0,0,0,0,0,0,0,0,0,0,0,0,0,0,0,0,0,0,0
2777088,1356,0,9,0,5,0,4,-0.0061,0.0,1.0598,2293,0,0,0,0,0,0,0,0,0,0,0,0,0,0,0,0,0,0,0,0,0
2779136,1357,0,9,0,2,0,7,-0.01517,0.0,1.0696,1895,0,0,0,0,0,0,0,0,0,0,0,0,0,0,0,0,0,0,0,0,0
2781184,1358,0,6,0,1,0,5,-0.01075,0.0,1.1093,2146,0,0,0,0,0,0,0,0,0,0,0,0,0,0,0,0,0,0,0,0,0
2783232,1359,0,8,0,4,0,4,-0.01144,0.0,1.1409,2301,0,0,0,0,0,0,0,0,0,0,0,0,0,0,0,0,0,0,0,0,0
2785280,1360,0,9,0,4,0,5,-0.01202,0.0,1.0779,2199,0,0,0,0,0,0,0,0,0,0,0,0,0,0,0,0,0,0,0,0,0
