global_step,update,phase,episodes,success,lava,ball,timeout,pg_loss,v_loss,entropy,sps,sub_navigate_n,sub_navigate_success,sub_hazard_n,sub_hazard_success,sub_key_door_n,sub_key_door_success,choose_navigate,choose_hazard,choose_key_door,success_under_navigate,lava_under_navigate,ball_under_navigate,timeout_under_navigate,success_under_hazard,lava_under_hazard,ball_under_hazard,timeout_under_hazard,success_under_key_door,lava_under_key_door,ball_under_key_door,timeout_under_key_door
2048,1,0,3,0,3,0,0,-7e-05,3e-05,1.9459,2761,0,0,0,0,0,0,0,0,0,0,0,0,0,0,0,0,0,0,0,0,0
4096,2,0,17,0,4,0,13,-0.00067,6e-05,1.9458,3047,0,0,0,0,0,0,0,0,0,0,0,0,0,0,0,0,0,0,0,0,0
6144,3,0,5,0,3,0,2,-0.00011,3e-05,1.9436,3118,0,0,0,0,0,0,0,0,0,0,0,0,0,0,0,0,0,0,0,0,0
8192,4,0,20,0,7,0,13,-0.00031,3e-05,1.9419,2956,0,0,0,0,0,0,0,0,0,0,0,0,0,0,0,0,0,0,0,0,0
10240,5,0,14,0,1,0,13,-0.00117,3e-05,1.9379,3139,0,0,0,0,0,0,0,0,0,0,0,0,0,0,0,0,0,0,0,0,0
12288,6,0,6,0,3,0,3,-0.00094,0.00022,1.9044,3118,0,0,0,0,0,0,0,0,0,0,0,0,0,0,0,0,0,0,0,0,0
14336,7,0,15,0,3,0,12,-0.00344,9e-05,1.876,3265,0,0,0,0,0,0,0,0,0,0,0,0,0,0,0,0,0,0,0,0,0
16384,8,0,14,0,1,0,13,-0.00199,3e-05,1.8491,3249,0,0,0,0,0,0,0,0,0,0,0,0,0,0,0,0,0,0,0,0,0
18432,9,0,10,0,4,0,6,-0.00091,4e-05,1.836,2902,0,0,0,0,0,0,0,0,0,0,0,0,0,0,0,0,0,0,0,0,0
20480,10,0,11,0,0,0,11,-0.00229,3e-05,1.8631,3027,0,0,0,0,0,0,0,0,0,0,0,0,0,0,0,0,0,0,0,0,0
22528,11,0,16,0,4,0,12,-0.00022,1e-05,1.8375,2958,0,0,0,0,0,0,0,0,0,0,0,0,0,0,0,0,0,0,0,0,0
24576,12,0,14,0,8,0,6,-0.00102,2e-05,1.8417,2915,0,0,0,0,0,0,0,0,0,0,0,0,0,0,0,0,0,0,0,0,0
26624,13,0,17,0,7,0,10,-0.00048,1e-05,1.8546,2915,0,0,0,0,0,0,0,0,0,0,0,0,0,0,0,0,0,0,0,0,0
28672,14,0,11,0,6,0,5,-0.00248,2e-05,1.8289,3316,0,0,0,0,0,0,0,0,0,0,0,0,0,0,0,0,0,0,0,0,0
30720,15,0,13,0,1,0,12,-0.00358,7e-05,1.7731,2986,0,0,0,0,0,0,0,0,0,0,0,0,0,0,0,0,0,0,0,0,0
32768,16,0,10,0,2,0,8,-0.00179,4e-05,1.7909,3040,0,0,0,0,0,0,0,0,0,0,0,0,0,0,0,0,0,0,0,0,0
34816,17,0,13,0,4,0,9,3e-05,1e-05,1.8479,3104,0,0,0,0,0,0,0,0,0,0,0,0,0,0,0,0,0,0,0,0,0
36864,18,0,11,0,3,0,8,-0.0016,1e-05,1.8438,2752,0,0,0,0,0,0,0,0,0,0,0,0,0,0,0,0,0,0,0,0,0
38912,19,0,16,0,3,0,13,-3e-05,1e-05,1.8368,2999,0,0,0,0,0,0,0,0,0,0,0,0,0,0,0,0,0,0,0,0,0
40960,20,0,14,0,6,0,8,-0.00382,2e-05,1.8453,3065,0,0,0,0,0,0,0,0,0,0,0,0,0,0,0,0,0,0,0,0,0
43008,21,0,10,0,2,0,8,0.00026,1e-05,1.8483,3078,0,0,0,0,0,0,0,0,0,0,0,0,0,0,0,0,0,0,0,0,0
45056,22,0,13,0,3,0,10,-0.00105,1e-05,1.8684,2621,0,0,0,0,0,0,0,0,0,0,0,0,0,0,0,0,0,0,0,0,0
47104,23,0,14,0,2,0,12,-0.00067,0.0,1.8777,2753,0,0,0,0,0,0,0,0,0,0,0,0,0,0,0,0,0,0,0,0,0
49152,24,0,8,0,3,0,5,0.00013,0.0,1.8461,3002,0,0,0,0,0,0,0,0,0,0,0,0,0,0,0,0,0,0,0,0,0
51200,25,0,15,0,5,0,10,-5e-05,1e-05,1.8529,3033,0,0,0,0,0,0,0,0,0,0,0,0,0,0,0,0,0,0,0,0,0
53248,26,0,12,0,2,0,10,-0.00164,1e-05,1.8241,2877,0,0,0,0,0,0,0,0,0,0,0,0,0,0,0,0,0,0,0,0,0
55296,27,0,11,0,4,0,7,-0.00022,1e-05,1.8445,3000,0,0,0,0,0,0,0,0,0,0,0,0,0,0,0,0,0,0,0,0,0
57344,28,0,15,0,4,0,11,-0.00141,2e-05,1.8337,3082,0,0,0,0,0,0,0,0,0,0,0,0,0,0,0,0,0,0,0,0,0
59392,29,0,11,0,4,0,7,-0.00288,3e-05,1.774,3193,0,0,0,0,0,0,0,0,0,0,0,0,0,0,0,0,0,0,0,0,0
61440,30,0,15,0,6,1,8,-0.00156,1e-05,1.7828,2795,0,0,0,0,0,0,0,0,0,0,0,0,0,0,0,0,0,0,0,0,0
63488,31,0,15,0,7,0,8,-0.00162,2e-05,1.7975,3078,0,0,0,0,0,0,0,0,0,0,0,0,0,0,0,0,0,0,0,0,0
65536,32,0,13,0,6,0,7,-0.00238,1e-05,1.7458,3190,0,0,0,0,0,0,0,0,0,0,0,0,0,0,0,0,0,0,0,0,0
67584,33,0,12,1,1,0,10,-0.00127,7e-05,1.7853,3148,0,0,0,0,0,0,0,0,0,0,0,0,0,0,0,0,0,0,0,0,0
69632,34,0,16,0,5,0,11,-0.00026,1e-05,1.7986,2988,0,0,0,0,0,0,0,0,0,0,0,0,0,0,0,0,0,0,0,0,0
71680,35,0,9,0,3,0,6,-0.00078,1e-05,1.7608,3099,0,0,0,0,0,0,0,0,0,0,0,0,0,0,0,0,0,0,0,0,0
73728,36,0,12,0,2,0,10,-0.00142,1e-05,1.811,3227,0,0,0,0,0,0,0,0,0,0,0,0,0,0,0,0,0,0,0,0,0
75776,37,0,11,0,1,0,10,-0.00044,0.0,1.7994,3139,0,0,0,0,0,0,0,0,0,0,0,0,0,0,0,0,0,0,0,0,0
77824,38,0,14,0,4,0,10,0.00015,0.0,1.7791,2951,0,0,0,0,0,0,0,0,0,0,0,0,0,0,0,0,0,0,0,0,0
79872,39,0,12,0,3,0,9,-0.00317,1e-05,1.7594,2950,0,0,0,0,0,0,0,0,0,0,0,0,0,0,0,0,0,0,0,0,0
81920,40,0,12,0,4,0,8,-0.00115,1e-05,1.7449,2676,0,0,0,0,0,0,0,0,0,0,0,0,0,0,0,0,0,0,0,0,0
83968,41,0,11,0,2,0,9,-0.00137,4e-05,1.6998,2456,0,0,0,0,0,0,0,0,0,0,0,0,0,0,0,0,0,0,0,0,0
86016,42,0,19,0,7,0,12,0.00024,1e-05,1.6304,2904,0,0,0,0,0,0,0,0,0,0,0,0,0,0,0,0,0,0,0,0,0
88064,43,0,7,0,1,1,5,-0.00117,1e-05,1.6882,2700,0,0,0,0,0,0,0,0,0,0,0,0,0,0,0,0,0,0,0,0,0
90112,44,0,14,0,3,0,11,-0.0002,5e-05,1.6756,2860,0,0,0,0,0,0,0,0,0,0,0,0,0,0,0,0,0,0,0,0,0
92160,45,0,14,0,5,0,9,-4e-05,1e-05,1.6757,2872,0,0,0,0,0,0,0,0,0,0,0,0,0,0,0,0,0,0,0,0,0
94208,46,0,12,0,3,0,9,-0.00018,2e-05,1.6639,2868,0,0,0,0,0,0,0,0,0,0,0,0,0,0,0,0,0,0,0,0,0
96256,47,0,9,0,0,0,9,-0.00184,2e-05,1.7197,3017,0,0,0,0,0,0,0,0,0,0,0,0,0,0,0,0,0,0,0,0,0
98304,48,0,16,0,6,0,10,-0.00014,2e-05,1.7772,2926,0,0,0,0,0,0,0,0,0,0,0,0,0,0,0,0,0,0,0,0,0
100352,49,0,9,0,2,0,7,-0.00083,1e-05,1.8193,2907,0,0,0,0,0,0,0,0,0,0,0,0,0,0,0,0,0,0,0,0,0
102400,50,0,13,0,3,1,9,-0.00051,1e-05,1.8113,2678,0,0,0,0,0,0,0,0,0,0,0,0,0,0,0,0,0,0,0,0,0
104448,51,0,13,0,4,0,9,-0.0007,1e-05,1.7867,3042,0,0,0,0,0,0,0,0,0,0,0,0,0,0,0,0,0,0,0,0,0
106496,52,0,12,0,4,0,8,-0.001,1e-05,1.7816,2657,0,0,0,0,0,0,0,0,0,0,0,0,0,0,0,0,0,0,0,0,0
108544,53,0,13,0,4,0,9,0.00016,1e-05,1.786,2823,0,0,0,0,0,0,0,0,0,0,0,0,0,0,0,0,0,0,0,0,0
110592,54,0,14,0,7,0,7,-0.00065,0.0,1.8174,2869,0,0,0,0,0,0,0,0,0,0,0,0,0,0,0,0,0,0,0,0,0
112640,55,0,14,0,3,0,11,-0.00153,0.0,1.8293,3030,0,0,0,0,0,0,0,0,0,0,0,0,0,0,0,0,0,0,0,0,0
114688,56,0,17,0,11,0,6,-0.0008,0.0,1.8376,2858,0,0,0,0,0,0,0,0,0,0,0,0,0,0,0,0,0,0,0,0,0
116736,57,0,13,0,6,0,7,-0.00177,0.0,1.8775,2980,0,0,0,0,0,0,0,0,0,0,0,0,0,0,0,0,0,0,0,0,0
118784,58,0,13,0,2,0,11,-0.00037,1e-05,1.8901,2917,0,0,0,0,0,0,0,0,0,0,0,0,0,0,0,0,0,0,0,0,0
120832,59,0,12,0,2,0,10,-0.0028,1e-05,1.8843,3030,0,0,0,0,0,0,0,0,0,0,0,0,0,0,0,0,0,0,0,0,0
122880,60,0,10,0,4,0,6,-0.00127,1e-05,1.8684,2999,0,0,0,0,0,0,0,0,0,0,0,0,0,0,0,0,0,0,0,0,0
124928,61,0,16,0,2,0,14,-0.00054,1e-05,1.8615,2653,0,0,0,0,0,0,0,0,0,0,0,0,0,0,0,0,0,0,0,0,0
126976,62,0,15,0,6,0,9,-0.00045,1e-05,1.8435,2583,0,0,0,0,0,0,0,0,0,0,0,0,0,0,0,0,0,0,0,0,0
129024,63,0,11,0,5,0,6,-0.00033,1e-05,1.8491,2756,0,0,0,0,0,0,0,0,0,0,0,0,0,0,0,0,0,0,0,0,0
131072,64,0,15,0,6,0,9,-0.00238,1e-05,1.8296,3021,0,0,0,0,0,0,0,0,0,0,0,0,0,0,0,0,0,0,0,0,0
133120,65,0,14,0,3,0,11,-0.00184,0.0,1.8343,2919,0,0,0,0,0,0,0,0,0,0,0,0,0,0,0,0,0,0,0,0,0
135168,66,0,14,0,7,1,6,0.0001,1e-05,1.8131,2827,0,0,0,0,0,0,0,0,0,0,0,0,0,0,0,0,0,0,0,0,0
137216,67,0,15,0,6,0,9,-0.0006,1e-05,1.8326,2895,0,0,0,0,0,0,0,0,0,0,0,0,0,0,0,0,0,0,0,0,0
139264,68,0,13,0,3,0,10,-0.00048,0.0,1.764,2918,0,0,0,0,0,0,0,0,0,0,0,0,0,0,0,0,0,0,0,0,0
141312,69,0,8,0,3,0,5,-0.0016,1e-05,1.7333,2894,0,0,0,0,0,0,0,0,0,0,0,0,0,0,0,0,0,0,0,0,0
143360,70,0,20,0,8,0,12,-0.0032,5e-05,1.6906,2896,0,0,0,0,0,0,0,0,0,0,0,0,0,0,0,0,0,0,0,0,0
145408,71,0,16,0,6,1,9,-0.0002,3e-05,1.7084,2921,0,0,0,0,0,0,0,0,0,0,0,0,0,0,0,0,0,0,0,0,0
147456,72,0,8,0,2,0,6,-0.00312,1e-05,1.6993,2879,0,0,0,0,0,0,0,0,0,0,0,0,0,0,0,0,0,0,0,0,0
149504,73,0,19,0,5,0,14,0.0004,5e-05,1.6134,2725,0,0,0,0,0,0,0,0,0,0,0,0,0,0,0,0,0,0,0,0,0
151552,74,0,15,0,8,0,7,-0.00109,5e-05,1.6965,2853,0,0,0,0,0,0,0,0,0,0,0,0,0,0,0,0,0,0,0,0,0
153600,75,0,14,0,7,0,7,0.00041,4e-05,1.6466,3117,0,0,0,0,0,0,0,0,0,0,0,0,0,0,0,0,0,0,0,0,0
155648,76,0,15,1,5,0,9,-0.00109,0.00044,1.6256,2931,0,0,0,0,0,0,0,0,0,0,0,0,0,0,0,0,0,0,0,0,0
157696,77,0,13,0,2,0,11,-0.00162,0.0,1.6779,3046,0,0,0,0,0,0,0,0,0,0,0,0,0,0,0,0,0,0,0,0,0
159744,78,0,17,0,9,0,8,-0.00107,5e-05,1.6089,3059,0,0,0,0,0,0,0,0,0,0,0,0,0,0,0,0,0,0,0,0,0
161792,79,0,9,0,2,0,7,-0.00138,1e-05,1.7189,3063,0,0,0,0,0,0,0,0,0,0,0,0,0,0,0,0,0,0,0,0,0
163840,80,0,21,0,9,0,12,-0.00044,0.0,1.7586,2790,0,0,0,0,0,0,0,0,0,0,0,0,0,0,0,0,0,0,0,0,0
165888,81,0,15,1,7,0,7,-0.00071,4e-05,1.8154,2688,0,0,0,0,0,0,0,0,0,0,0,0,0,0,0,0,0,0,0,0,0
167936,82,0,12,0,5,0,7,-0.00019,1e-05,1.8628,2839,0,0,0,0,0,0,0,0,0,0,0,0,0,0,0,0,0,0,0,0,0
169984,83,0,16,0,8,0,8,-0.00047,1e-05,1.8575,2492,0,0,0,0,0,0,0,0,0,0,0,0,0,0,0,0,0,0,0,0,0
172032,84,0,10,0,4,0,6,-0.00031,1e-05,1.847,3003,0,0,0,0,0,0,0,0,0,0,0,0,0,0,0,0,0,0,0,0,0
174080,85,0,13,0,4,0,9,-0.00023,1e-05,1.8694,3068,0,0,0,0,0,0,0,0,0,0,0,0,0,0,0,0,0,0,0,0,0
176128,86,0,15,0,5,0,10,-0.00034,1e-05,1.8789,3102,0,0,0,0,0,0,0,0,0,0,0,0,0,0,0,0,0,0,0,0,0
178176,87,0,11,0,3,0,8,-0.00015,1e-05,1.8572,2831,0,0,0,0,0,0,0,0,0,0,0,0,0,0,0,0,0,0,0,0,0
180224,88,0,16,0,5,0,11,-0.00033,2e-05,1.8678,2954,0,0,0,0,0,0,0,0,0,0,0,0,0,0,0,0,0,0,0,0,0
182272,89,0,9,1,4,0,4,-0.00149,0.0003,1.8437,3073,0,0,0,0,0,0,0,0,0,0,0,0,0,0,0,0,0,0,0,0,0
184320,90,0,14,0,4,0,10,-0.00026,2e-05,1.8302,2946,0,0,0,0,0,0,0,0,0,0,0,0,0,0,0,0,0,0,0,0,0
186368,91,0,14,0,4,0,10,-0.00065,1e-05,1.8554,3135,0,0,0,0,0,0,0,0,0,0,0,0,0,0,0,0,0,0,0,0,0
188416,92,0,11,0,2,0,9,-0.00243,2e-05,1.8348,3031,0,0,0,0,0,0,0,0,0,0,0,0,0,0,0,0,0,0,0,0,0
190464,93,0,15,0,3,2,10,-0.0007,3e-05,1.8482,2538,0,0,0,0,0,0,0,0,0,0,0,0,0,0,0,0,0,0,0,0,0
192512,94,0,13,0,6,0,7,1e-05,2e-05,1.8537,3084,0,0,0,0,0,0,0,0,0,0,0,0,0,0,0,0,0,0,0,0,0
194560,95,0,18,0,6,0,12,-0.00303,3e-05,1.8533,3150,0,0,0,0,0,0,0,0,0,0,0,0,0,0,0,0,0,0,0,0,0
196608,96,0,12,0,5,2,5,-0.00241,4e-05,1.8248,2978,0,0,0,0,0,0,0,0,0,0,0,0,0,0,0,0,0,0,0,0,0
198656,97,0,11,0,4,0,7,0.00092,4e-05,1.853,2990,0,0,0,0,0,0,0,0,0,0,0,0,0,0,0,0,0,0,0,0,0
200704,98,0,15,0,5,0,10,-0.0031,8e-05,1.8351,3115,0,0,0,0,0,0,0,0,0,0,0,0,0,0,0,0,0,0,0,0,0
202752,99,0,12,0,3,0,9,-0.0042,0.00013,1.8325,3131,0,0,0,0,0,0,0,0,0,0,0,0,0,0,0,0,0,0,0,0,0
204800,100,0,10,0,3,0,7,-0.00184,8e-05,1.8155,3162,0,0,0,0,0,0,0,0,0,0,0,0,0,0,0,0,0,0,0,0,0
206848,101,0,16,0,5,0,11,-0.00438,8e-05,1.8011,2982,0,0,0,0,0,0,0,0,0,0,0,0,0,0,0,0,0,0,0,0,0
208896,102,0,14,0,8,0,6,-0.00519,0.0001,1.8409,3063,0,0,0,0,0,0,0,0,0,0,0,0,0,0,0,0,0,0,0,0,0
210944,103,0,22,0,13,0,9,-0.005,7e-05,1.8126,2599,0,0,0,0,0,0,0,0,0,0,0,0,0,0,0,0,0,0,0,0,0
212992,104,0,11,0,4,0,7,-0.00587,6e-05,1.8189,3077,0,0,0,0,0,0,0,0,0,0,0,0,0,0,0,0,0,0,0,0,0
215040,105,0,17,0,9,0,8,-0.00036,0.00011,1.8449,3033,0,0,0,0,0,0,0,0,0,0,0,0,0,0,0,0,0,0,0,0,0
217088,106,0,16,0,3,1,12,-0.00442,9e-05,1.8388,3165,0,0,0,0,0,0,0,0,0,0,0,0,0,0,0,0,0,0,0,0,0
219136,107,0,10,0,4,0,6,-0.00274,7e-05,1.8334,3087,0,0,0,0,0,0,0,0,0,0,0,0,0,0,0,0,0,0,0,0,0
221184,108,0,17,0,8,0,9,-0.00481,9e-05,1.8591,2951,0,0,0,0,0,0,0,0,0,0,0,0,0,0,0,0,0,0,0,0,0
223232,109,0,17,0,7,0,10,-0.00349,6e-05,1.8327,3052,0,0,0,0,0,0,0,0,0,0,0,0,0,0,0,0,0,0,0,0,0
225280,110,0,15,0,10,0,5,-0.00576,6e-05,1.8092,2575,0,0,0,0,0,0,0,0,0,0,0,0,0,0,0,0,0,0,0,0,0
227328,111,0,12,0,5,0,7,-0.00341,4e-05,1.8713,2941,0,0,0,0,0,0,0,0,0,0,0,0,0,0,0,0,0,0,0,0,0
229376,112,0,15,0,5,0,10,-0.00278,5e-05,1.8904,3185,0,0,0,0,0,0,0,0,0,0,0,0,0,0,0,0,0,0,0,0,0
231424,113,0,15,0,5,0,10,-0.00167,6e-05,1.8805,3137,0,0,0,0,0,0,0,0,0,0,0,0,0,0,0,0,0,0,0,0,0
233472,114,0,18,0,10,0,8,-0.00553,6e-05,1.8893,2943,0,0,0,0,0,0,0,0,0,0,0,0,0,0,0,0,0,0,0,0,0
235520,115,0,15,0,6,0,9,-0.00233,4e-05,1.8632,2967,0,0,0,0,0,0,0,0,0,0,0,0,0,0,0,0,0,0,0,0,0
237568,116,0,11,0,6,0,5,-0.00313,3e-05,1.908,3023,0,0,0,0,0,0,0,0,0,0,0,0,0,0,0,0,0,0,0,0,0
239616,117,0,15,0,2,0,13,-0.00065,3e-05,1.9015,3049,0,0,0,0,0,0,0,0,0,0,0,0,0,0,0,0,0,0,0,0,0
241664,118,0,10,0,2,0,8,-0.00292,3e-05,1.8992,2989,0,0,0,0,0,0,0,0,0,0,0,0,0,0,0,0,0,0,0,0,0
243712,119,0,13,0,4,0,9,-0.00286,2e-05,1.8751,3000,0,0,0,0,0,0,0,0,0,0,0,0,0,0,0,0,0,0,0,0,0
245760,120,0,15,1,4,0,10,-0.00613,0.00024,1.8459,3032,0,0,0,0,0,0,0,0,0,0,0,0,0,0,0,0,0,0,0,0,0
247808,121,0,13,0,6,0,7,-0.00435,5e-05,1.813,3100,0,0,0,0,0,0,0,0,0,0,0,0,0,0,0,0,0,0,0,0,0
249856,122,0,18,0,10,0,8,-0.00158,4e-05,1.8294,2978,0,0,0,0,0,0,0,0,0,0,0,0,0,0,0,0,0,0,0,0,0
251904,123,0,11,0,2,0,9,-0.00316,3e-05,1.8422,2594,0,0,0,0,0,0,0,0,0,0,0,0,0,0,0,0,0,0,0,0,0
253952,124,0,14,0,5,0,9,-0.00312,5e-05,1.8504,2631,0,0,0,0,0,0,0,0,0,0,0,0,0,0,0,0,0,0,0,0,0
256000,125,0,16,0,7,0,9,-0.00425,4e-05,1.8246,2983,0,0,0,0,0,0,0,0,0,0,0,0,0,0,0,0,0,0,0,0,0
258048,126,0,17,0,10,0,7,-0.00303,4e-05,1.8085,3075,0,0,0,0,0,0,0,0,0,0,0,0,0,0,0,0,0,0,0,0,0
260096,127,0,13,0,5,0,8,-0.00504,7e-05,1.8363,3000,0,0,0,0,0,0,0,0,0,0,0,0,0,0,0,0,0,0,0,0,0
262144,128,0,18,0,7,0,11,-0.00433,5e-05,1.8513,3167,0,0,0,0,0,0,0,0,0,0,0,0,0,0,0,0,0,0,0,0,0
264192,129,0,15,0,8,0,7,-0.00238,4e-05,1.8357,3066,0,0,0,0,0,0,0,0,0,0,0,0,0,0,0,0,0,0,0,0,0
266240,130,0,14,0,6,0,8,-0.00452,4e-05,1.8669,3099,0,0,0,0,0,0,0,0,0,0,0,0,0,0,0,0,0,0,0,0,0
268288,131,0,13,0,3,0,10,-0.00546,6e-05,1.844,3164,0,0,0,0,0,0,0,0,0,0,0,0,0,0,0,0,0,0,0,0,0
270336,132,0,12,0,7,0,5,-0.00317,7e-05,1.8642,2971,0,0,0,0,0,0,0,0,0,0,0,0,0,0,0,0,0,0,0,0,0
272384,133,0,15,0,2,0,13,-0.00291,5e-05,1.8496,2932,0,0,0,0,0,0,0,0,0,0,0,0,0,0,0,0,0,0,0,0,0
274432,134,0,10,0,0,0,10,-0.0031,5e-05,1.8508,2687,0,0,0,0,0,0,0,0,0,0,0,0,0,0,0,0,0,0,0,0,0
276480,135,0,13,0,4,0,9,-0.00281,6e-05,1.8319,2861,0,0,0,0,0,0,0,0,0,0,0,0,0,0,0,0,0,0,0,0,0
278528,136,0,17,0,9,0,8,-0.00596,5e-05,1.8529,3029,0,0,0,0,0,0,0,0,0,0,0,0,0,0,0,0,0,0,0,0,0
280576,137,0,13,0,4,0,9,-0.00374,5e-05,1.8495,2936,0,0,0,0,0,0,0,0,0,0,0,0,0,0,0,0,0,0,0,0,0
282624,138,0,14,0,3,0,11,-0.00443,7e-05,1.8139,3010,0,0,0,0,0,0,0,0,0,0,0,0,0,0,0,0,0,0,0,0,0
284672,139,0,9,0,0,0,9,-0.0029,7e-05,1.8278,2993,0,0,0,0,0,0,0,0,0,0,0,0,0,0,0,0,0,0,0,0,0
286720,140,0,13,0,2,0,11,-0.00523,5e-05,1.7964,3081,0,0,0,0,0,0,0,0,0,0,0,0,0,0,0,0,0,0,0,0,0
288768,141,0,11,0,4,0,7,-0.00533,4e-05,1.8533,2989,0,0,0,0,0,0,0,0,0,0,0,0,0,0,0,0,0,0,0,0,0
290816,142,0,13,0,5,0,8,-0.00346,8e-05,1.7974,2900,0,0,0,0,0,0,0,0,0,0,0,0,0,0,0,0,0,0,0,0,0
292864,143,0,14,0,6,0,8,-0.00508,7e-05,1.784,2979,0,0,0,0,0,0,0,0,0,0,0,0,0,0,0,0,0,0,0,0,0
294912,144,0,14,0,5,0,9,-0.00506,7e-05,1.813,3042,0,0,0,0,0,0,0,0,0,0,0,0,0,0,0,0,0,0,0,0,0
296960,145,0,13,0,4,0,9,-0.0034,7e-05,1.8309,2807,0,0,0,0,0,0,0,0,0,0,0,0,0,0,0,0,0,0,0,0,0
299008,146,0,11,0,2,0,9,-0.00394,8e-05,1.8588,3076,0,0,0,0,0,0,0,0,0,0,0,0,0,0,0,0,0,0,0,0,0
301056,147,0,18,0,9,0,9,-0.00361,8e-05,1.8861,3017,0,0,0,0,0,0,0,0,0,0,0,0,0,0,0,0,0,0,0,0,0
303104,148,0,12,0,2,0,10,-0.00246,6e-05,1.8903,3257,0,0,0,0,0,0,0,0,0,0,0,0,0,0,0,0,0,0,0,0,0
305152,149,0,13,0,4,0,9,-0.00288,7e-05,1.8883,3339,0,0,0,0,0,0,0,0,0,0,0,0,0,0,0,0,0,0,0,0,0
307200,150,0,9,0,2,0,7,-0.00361,7e-05,1.8893,3341,0,0,0,0,0,0,0,0,0,0,0,0,0,0,0,0,0,0,0,0,0
309248,151,0,12,0,0,0,12,-0.00314,6e-05,1.9047,3443,0,0,0,0,0,0,0,0,0,0,0,0,0,0,0,0,0,0,0,0,0
311296,152,0,17,0,5,0,12,-0.00463,7e-05,1.9029,3249,0,0,0,0,0,0,0,0,0,0,0,0,0,0,0,0,0,0,0,0,0
313344,153,0,5,0,0,0,5,-0.0031,6e-05,1.8971,3120,0,0,0,0,0,0,0,0,0,0,0,0,0,0,0,0,0,0,0,0,0
315392,154,0,15,0,3,0,12,-0.0041,7e-05,1.8887,3194,0,0,0,0,0,0,0,0,0,0,0,0,0,0,0,0,0,0,0,0,0
317440,155,0,14,0,3,1,10,-0.00287,4e-05,1.8833,3216,0,0,0,0,0,0,0,0,0,0,0,0,0,0,0,0,0,0,0,0,0
319488,156,0,9,0,4,0,5,-0.00385,5e-05,1.8832,3239,0,0,0,0,0,0,0,0,0,0,0,0,0,0,0,0,0,0,0,0,0
321536,157,0,13,0,2,0,11,-0.00418,6e-05,1.8875,3115,0,0,0,0,0,0,0,0,0,0,0,0,0,0,0,0,0,0,0,0,0
323584,158,0,13,0,3,0,10,-0.00319,6e-05,1.8531,2797,0,0,0,0,0,0,0,0,0,0,0,0,0,0,0,0,0,0,0,0,0
325632,159,0,10,0,4,0,6,-0.00609,8e-05,1.809,3349,0,0,0,0,0,0,0,0,0,0,0,0,0,0,0,0,0,0,0,0,0
327680,160,0,18,0,5,0,13,-0.00532,0.00013,1.7937,3127,0,0,0,0,0,0,0,0,0,0,0,0,0,0,0,0,0,0,0,0,0
329728,161,0,10,0,3,0,7,-0.00536,0.00011,1.7823,3088,0,0,0,0,0,0,0,0,0,0,0,0,0,0,0,0,0,0,0,0,0
331776,162,0,14,0,4,0,10,-0.00337,0.00016,1.7717,2825,0,0,0,0,0,0,0,0,0,0,0,0,0,0,0,0,0,0,0,0,0
333824,163,0,13,0,6,0,7,-0.00543,0.00016,1.7228,2926,0,0,0,0,0,0,0,0,0,0,0,0,0,0,0,0,0,0,0,0,0
335872,164,0,10,0,2,0,8,-0.00568,0.00013,1.7382,2835,0,0,0,0,0,0,0,0,0,0,0,0,0,0,0,0,0,0,0,0,0
337920,165,0,15,0,4,0,11,-0.00391,0.00011,1.7235,2930,0,0,0,0,0,0,0,0,0,0,0,0,0,0,0,0,0,0,0,0,0
339968,166,0,11,0,4,0,7,-0.00619,0.0001,1.6876,2541,0,0,0,0,0,0,0,0,0,0,0,0,0,0,0,0,0,0,0,0,0
342016,167,0,13,0,3,0,10,-0.00675,8e-05,1.6941,2882,0,0,0,0,0,0,0,0,0,0,0,0,0,0,0,0,0,0,0,0,0
344064,168,0,15,0,7,0,8,-0.00489,0.0001,1.6733,2745,0,0,0,0,0,0,0,0,0,0,0,0,0,0,0,0,0,0,0,0,0
346112,169,0,9,0,3,0,6,-0.00638,0.00013,1.6044,2618,0,0,0,0,0,0,0,0,0,0,0,0,0,0,0,0,0,0,0,0,0
348160,170,0,14,0,3,0,11,-0.00459,0.00015,1.5604,2990,0,0,0,0,0,0,0,0,0,0,0,0,0,0,0,0,0,0,0,0,0
350208,171,0,9,0,0,0,9,-0.0059,0.00012,1.613,3032,0,0,0,0,0,0,0,0,0,0,0,0,0,0,0,0,0,0,0,0,0
352256,172,0,15,0,4,0,11,-0.00881,0.0001,1.691,3310,0,0,0,0,0,0,0,0,0,0,0,0,0,0,0,0,0,0,0,0,0
354304,173,0,12,0,5,1,6,-0.00629,8e-05,1.6838,2912,0,0,0,0,0,0,0,0,0,0,0,0,0,0,0,0,0,0,0,0,0
356352,174,0,14,0,4,1,9,-0.00355,7e-05,1.7078,3108,0,0,0,0,0,0,0,0,0,0,0,0,0,0,0,0,0,0,0,0,0
358400,175,0,11,0,2,1,8,-0.00712,8e-05,1.6609,3285,0,0,0,0,0,0,0,0,0,0,0,0,0,0,0,0,0,0,0,0,0
360448,176,0,12,0,4,0,8,-0.00249,6e-05,1.6771,2808,0,0,0,0,0,0,0,0,0,0,0,0,0,0,0,0,0,0,0,0,0
362496,177,0,15,0,5,0,10,-0.0055,7e-05,1.6231,3309,0,0,0,0,0,0,0,0,0,0,0,0,0,0,0,0,0,0,0,0,0
364544,178,0,12,0,3,0,9,-0.00495,7e-05,1.6651,3177,0,0,0,0,0,0,0,0,0,0,0,0,0,0,0,0,0,0,0,0,0
366592,179,0,11,0,3,1,7,-0.00519,0.0001,1.6876,3283,0,0,0,0,0,0,0,0,0,0,0,0,0,0,0,0,0,0,0,0,0
368640,180,0,12,0,1,0,11,-0.00472,8e-05,1.692,3180,0,0,0,0,0,0,0,0,0,0,0,0,0,0,0,0,0,0,0,0,0
370688,181,0,12,0,5,0,7,-0.00601,6e-05,1.662,2981,0,0,0,0,0,0,0,0,0,0,0,0,0,0,0,0,0,0,0,0,0
372736,182,0,16,0,3,0,13,-0.00435,7e-05,1.7646,2838,0,0,0,0,0,0,0,0,0,0,0,0,0,0,0,0,0,0,0,0,0
374784,183,0,10,0,3,0,7,-0.00527,7e-05,1.6805,2829,0,0,0,0,0,0,0,0,0,0,0,0,0,0,0,0,0,0,0,0,0
376832,184,0,18,0,12,0,6,-0.00759,6e-05,1.7139,2819,0,0,0,0,0,0,0,0,0,0,0,0,0,0,0,0,0,0,0,0,0
378880,185,0,15,1,5,0,9,-0.00223,0.00042,1.619,2957,0,0,0,0,0,0,0,0,0,0,0,0,0,0,0,0,0,0,0,0,0
380928,186,0,10,0,3,1,6,-0.00699,9e-05,1.7075,2837,0,0,0,0,0,0,0,0,0,0,0,0,0,0,0,0,0,0,0,0,0
382976,187,0,13,0,2,0,11,-0.00574,7e-05,1.6484,2965,0,0,0,0,0,0,0,0,0,0,0,0,0,0,0,0,0,0,0,0,0
385024,188,0,14,0,3,0,11,-0.00351,6e-05,1.6681,3050,0,0,0,0,0,0,0,0,0,0,0,0,0,0,0,0,0,0,0,0,0
387072,189,0,11,0,2,0,9,-0.00341,6e-05,1.6942,3105,0,0,0,0,0,0,0,0,0,0,0,0,0,0,0,0,0,0,0,0,0
389120,190,0,12,1,3,0,8,-0.00599,0.0002,1.6778,3116,0,0,0,0,0,0,0,0,0,0,0,0,0,0,0,0,0,0,0,0,0
391168,191,0,11,0,0,0,11,-0.00382,7e-05,1.6143,2500,0,0,0,0,0,0,0,0,0,0,0,0,0,0,0,0,0,0,0,0,0
393216,192,0,13,0,4,0,9,-0.00255,5e-05,1.6356,2779,0,0,0,0,0,0,0,0,0,0,0,0,0,0,0,0,0,0,0,0,0
395264,193,0,10,0,1,0,9,-0.00397,6e-05,1.627,3127,0,0,0,0,0,0,0,0,0,0,0,0,0,0,0,0,0,0,0,0,0
397312,194,0,15,0,4,2,9,-0.00594,9e-05,1.5668,3081,0,0,0,0,0,0,0,0,0,0,0,0,0,0,0,0,0,0,0,0,0
399360,195,0,15,1,5,0,9,-0.00277,0.00041,1.567,3164,0,0,0,0,0,0,0,0,0,0,0,0,0,0,0,0,0,0,0,0,0
401408,196,0,10,0,2,0,8,-0.00207,5e-05,1.5036,2750,0,0,0,0,0,0,0,0,0,0,0,0,0,0,0,0,0,0,0,0,0
403456,197,0,14,0,3,0,11,-0.00723,8e-05,1.3915,2574,0,0,0,0,0,0,0,0,0,0,0,0,0,0,0,0,0,0,0,0,0
405504,198,0,12,0,3,0,9,-0.00216,8e-05,1.458,2814,0,0,0,0,0,0,0,0,0,0,0,0,0,0,0,0,0,0,0,0,0
407552,199,0,8,1,1,0,6,-0.00359,0.00017,1.4791,3082,0,0,0,0,0,0,0,0,0,0,0,0,0,0,0,0,0,0,0,0,0
409600,200,0,18,0,4,0,14,-0.0025,7e-05,1.434,3059,0,0,0,0,0,0,0,0,0,0,0,0,0,0,0,0,0,0,0,0,0
411648,201,0,9,0,4,0,5,-0.00778,5e-05,1.4092,2690,0,0,0,0,0,0,0,0,0,0,0,0,0,0,0,0,0,0,0,0,0
413696,202,0,16,0,6,0,10,-0.00571,5e-05,1.4529,2748,0,0,0,0,0,0,0,0,0,0,0,0,0,0,0,0,0,0,0,0,0
415744,203,0,14,0,3,0,11,-0.00522,5e-05,1.4982,2848,0,0,0,0,0,0,0,0,0,0,0,0,0,0,0,0,0,0,0,0,0
417792,204,0,11,0,5,1,5,-0.004,3e-05,1.4891,2963,0,0,0,0,0,0,0,0,0,0,0,0,0,0,0,0,0,0,0,0,0
419840,205,0,18,0,7,0,11,-0.00212,5e-05,1.5441,2544,0,0,0,0,0,0,0,0,0,0,0,0,0,0,0,0,0,0,0,0,0
421888,206,0,11,0,1,0,10,-0.00329,6e-05,1.6174,2736,0,0,0,0,0,0,0,0,0,0,0,0,0,0,0,0,0,0,0,0,0
423936,207,0,16,0,8,1,7,-0.00499,5e-05,1.5017,2983,0,0,0,0,0,0,0,0,0,0,0,0,0,0,0,0,0,0,0,0,0
425984,208,0,15,0,4,0,11,-0.00606,6e-05,1.5379,2937,0,0,0,0,0,0,0,0,0,0,0,0,0,0,0,0,0,0,0,0,0
428032,209,0,10,0,2,0,8,-0.00395,6e-05,1.5794,2835,0,0,0,0,0,0,0,0,0,0,0,0,0,0,0,0,0,0,0,0,0
430080,210,0,16,0,4,1,11,-0.00558,6e-05,1.5634,2968,0,0,0,0,0,0,0,0,0,0,0,0,0,0,0,0,0,0,0,0,0
432128,211,0,12,0,1,1,10,-0.00387,4e-05,1.5876,2848,0,0,0,0,0,0,0,0,0,0,0,0,0,0,0,0,0,0,0,0,0
434176,212,0,12,0,4,0,8,-0.0048,5e-05,1.628,2841,0,0,0,0,0,0,0,0,0,0,0,0,0,0,0,0,0,0,0,0,0
436224,213,0,11,0,1,0,10,-0.00175,4e-05,1.649,2785,0,0,0,0,0,0,0,0,0,0,0,0,0,0,0,0,0,0,0,0,0
438272,214,0,12,0,2,0,10,-0.00455,4e-05,1.5949,3004,0,0,0,0,0,0,0,0,0,0,0,0,0,0,0,0,0,0,0,0,0
440320,215,0,11,0,3,0,8,-0.00491,5e-05,1.5505,3037,0,0,0,0,0,0,0,0,0,0,0,0,0,0,0,0,0,0,0,0,0
442368,216,0,14,0,3,1,10,-0.005,5e-05,1.3977,2946,0,0,0,0,0,0,0,0,0,0,0,0,0,0,0,0,0,0,0,0,0
444416,217,0,10,0,1,0,9,-0.00431,4e-05,1.3875,3077,0,0,0,0,0,0,0,0,0,0,0,0,0,0,0,0,0,0,0,0,0
446464,218,0,14,0,4,0,10,-0.00346,5e-05,1.3981,3022,0,0,0,0,0,0,0,0,0,0,0,0,0,0,0,0,0,0,0,0,0
448512,219,0,10,0,2,0,8,-0.00525,6e-05,1.5029,2865,0,0,0,0,0,0,0,0,0,0,0,0,0,0,0,0,0,0,0,0,0
450560,220,0,13,0,2,0,11,-0.00489,5e-05,1.4301,2938,0,0,0,0,0,0,0,0,0,0,0,0,0,0,0,0,0,0,0,0,0
452608,221,0,14,0,3,0,11,-0.00609,5e-05,1.5145,2925,0,0,0,0,0,0,0,0,0,0,0,0,0,0,0,0,0,0,0,0,0
454656,222,0,9,0,1,0,8,-0.00479,8e-05,1.4419,3000,0,0,0,0,0,0,0,0,0,0,0,0,0,0,0,0,0,0,0,0,0
456704,223,0,17,1,6,0,10,-0.00385,0.00012,1.4853,3076,0,0,0,0,0,0,0,0,0,0,0,0,0,0,0,0,0,0,0,0,0
458752,224,0,8,0,0,0,8,-0.00361,5e-05,1.4972,3190,0,0,0,0,0,0,0,0,0,0,0,0,0,0,0,0,0,0,0,0,0
460800,225,0,9,0,0,0,9,-0.00373,5e-05,1.538,3178,0,0,0,0,0,0,0,0,0,0,0,0,0,0,0,0,0,0,0,0,0
462848,226,0,17,0,2,0,15,-0.00343,5e-05,1.4454,2836,0,0,0,0,0,0,0,0,0,0,0,0,0,0,0,0,0,0,0,0,0
464896,227,0,9,0,2,0,7,-0.00549,7e-05,1.399,2707,0,0,0,0,0,0,0,0,0,0,0,0,0,0,0,0,0,0,0,0,0
466944,228,0,9,0,1,0,8,-0.0057,7e-05,1.4574,2783,0,0,0,0,0,0,0,0,0,0,0,0,0,0,0,0,0,0,0,0,0
468992,229,0,15,0,2,0,13,-0.00397,7e-05,1.3809,3050,0,0,0,0,0,0,0,0,0,0,0,0,0,0,0,0,0,0,0,0,0
471040,230,0,10,0,3,0,7,-0.00446,7e-05,1.4197,3291,0,0,0,0,0,0,0,0,0,0,0,0,0,0,0,0,0,0,0,0,0
473088,231,0,13,0,2,0,11,-0.00659,8e-05,1.6212,3232,0,0,0,0,0,0,0,0,0,0,0,0,0,0,0,0,0,0,0,0,0
475136,232,0,10,0,2,0,8,-0.00679,0.00011,1.4549,3042,0,0,0,0,0,0,0,0,0,0,0,0,0,0,0,0,0,0,0,0,0
477184,233,0,13,0,1,0,12,-0.006,9e-05,1.4694,3225,0,0,0,0,0,0,0,0,0,0,0,0,0,0,0,0,0,0,0,0,0
479232,234,0,12,0,3,0,9,-0.00613,6e-05,1.5116,3156,0,0,0,0,0,0,0,0,0,0,0,0,0,0,0,0,0,0,0,0,0
481280,235,0,10,0,2,0,8,-0.00371,7e-05,1.5787,3079,0,0,0,0,0,0,0,0,0,0,0,0,0,0,0,0,0,0,0,0,0
483328,236,0,13,0,5,0,8,-0.0048,7e-05,1.7351,3286,0,0,0,0,0,0,0,0,0,0,0,0,0,0,0,0,0,0,0,0,0
485376,237,0,15,0,5,0,10,-0.00698,6e-05,1.4528,3236,0,0,0,0,0,0,0,0,0,0,0,0,0,0,0,0,0,0,0,0,0
487424,238,0,7,0,0,0,7,-0.00336,7e-05,1.573,2991,0,0,0,0,0,0,0,0,0,0,0,0,0,0,0,0,0,0,0,0,0
489472,239,0,14,0,4,0,10,-0.00631,5e-05,1.5939,3239,0,0,0,0,0,0,0,0,0,0,0,0,0,0,0,0,0,0,0,0,0
491520,240,0,17,0,6,0,11,-0.00344,5e-05,1.6311,2926,0,0,0,0,0,0,0,0,0,0,0,0,0,0,0,0,0,0,0,0,0
493568,241,0,12,0,5,0,7,-0.00665,9e-05,1.6603,3075,0,0,0,0,0,0,0,0,0,0,0,0,0,0,0,0,0,0,0,0,0
495616,242,0,13,0,4,0,9,-0.00398,8e-05,1.6001,2979,0,0,0,0,0,0,0,0,0,0,0,0,0,0,0,0,0,0,0,0,0
497664,243,0,17,0,6,0,11,-0.0052,7e-05,1.5385,2914,0,0,0,0,0,0,0,0,0,0,0,0,0,0,0,0,0,0,0,0,0
499712,244,0,11,0,5,1,5,-0.00481,6e-05,1.5312,2883,0,0,0,0,0,0,0,0,0,0,0,0,0,0,0,0,0,0,0,0,0
501760,245,0,11,0,4,0,7,-0.00535,6e-05,1.4815,3023,0,0,0,0,0,0,0,0,0,0,0,0,0,0,0,0,0,0,0,0,0
503808,246,0,16,0,4,0,12,-0.00699,5e-05,1.4675,2620,0,0,0,0,0,0,0,0,0,0,0,0,0,0,0,0,0,0,0,0,0
505856,247,0,10,0,5,0,5,-0.00381,4e-05,1.5341,3106,0,0,0,0,0,0,0,0,0,0,0,0,0,0,0,0,0,0,0,0,0
507904,248,0,13,0,2,0,11,-0.00768,4e-05,1.5461,3101,0,0,0,0,0,0,0,0,0,0,0,0,0,0,0,0,0,0,0,0,0
509952,249,0,13,0,1,1,11,-0.005,4e-05,1.4882,2765,0,0,0,0,0,0,0,0,0,0,0,0,0,0,0,0,0,0,0,0,0
512000,250,0,11,0,2,0,9,-0.00661,4e-05,1.556,2824,0,0,0,0,0,0,0,0,0,0,0,0,0,0,0,0,0,0,0,0,0
514048,251,0,15,0,5,0,10,-0.00464,6e-05,1.5697,3007,0,0,0,0,0,0,0,0,0,0,0,0,0,0,0,0,0,0,0,0,0
516096,252,0,14,0,2,0,12,-0.00723,5e-05,1.6831,2864,0,0,0,0,0,0,0,0,0,0,0,0,0,0,0,0,0,0,0,0,0
518144,253,0,11,0,3,0,8,-0.00634,5e-05,1.6302,2905,0,0,0,0,0,0,0,0,0,0,0,0,0,0,0,0,0,0,0,0,0
520192,254,0,15,0,6,0,9,-0.00626,5e-05,1.6487,2669,0,0,0,0,0,0,0,0,0,0,0,0,0,0,0,0,0,0,0,0,0
522240,255,0,13,0,3,0,10,-0.00698,7e-05,1.624,2771,0,0,0,0,0,0,0,0,0,0,0,0,0,0,0,0,0,0,0,0,0
524288,256,0,11,0,5,0,6,-0.00512,7e-05,1.5633,3005,0,0,0,0,0,0,0,0,0,0,0,0,0,0,0,0,0,0,0,0,0
526336,257,0,12,0,2,0,10,-0.00497,7e-05,1.4988,2832,0,0,0,0,0,0,0,0,0,0,0,0,0,0,0,0,0,0,0,0,0
528384,258,0,11,0,1,0,10,-0.00613,6e-05,1.6238,2769,0,0,0,0,0,0,0,0,0,0,0,0,0,0,0,0,0,0,0,0,0
530432,259,0,12,0,3,0,9,-0.00259,7e-05,1.6154,2998,0,0,0,0,0,0,0,0,0,0,0,0,0,0,0,0,0,0,0,0,0
532480,260,0,14,0,6,0,8,-0.00332,7e-05,1.5823,3120,0,0,0,0,0,0,0,0,0,0,0,0,0,0,0,0,0,0,0,0,0
534528,261,0,11,0,2,1,8,-0.00581,6e-05,1.5203,3107,0,0,0,0,0,0,0,0,0,0,0,0,0,0,0,0,0,0,0,0,0
536576,262,0,13,0,2,0,11,-0.00642,8e-05,1.5805,2996,0,0,0,0,0,0,0,0,0,0,0,0,0,0,0,0,0,0,0,0,0
538624,263,0,12,0,1,1,10,-0.00708,0.00011,1.4148,2946,0,0,0,0,0,0,0,0,0,0,0,0,0,0,0,0,0,0,0,0,0
540672,264,0,9,0,1,0,8,-0.00439,0.0001,1.3825,3106,0,0,0,0,0,0,0,0,0,0,0,0,0,0,0,0,0,0,0,0,0
542720,265,0,16,0,3,0,13,-0.00785,9e-05,1.3203,3105,0,0,0,0,0,0,0,0,0,0,0,0,0,0,0,0,0,0,0,0,0
544768,266,0,9,0,2,0,7,-0.00758,8e-05,1.3847,2888,0,0,0,0,0,0,0,0,0,0,0,0,0,0,0,0,0,0,0,0,0
546816,267,0,11,0,2,0,9,-0.00488,9e-05,1.5121,2990,0,0,0,0,0,0,0,0,0,0,0,0,0,0,0,0,0,0,0,0,0
548864,268,0,16,0,3,0,13,-0.00817,8e-05,1.5466,3146,0,0,0,0,0,0,0,0,0,0,0,0,0,0,0,0,0,0,0,0,0
550912,269,0,8,0,3,0,5,-0.0039,7e-05,1.3626,2781,0,0,0,0,0,0,0,0,0,0,0,0,0,0,0,0,0,0,0,0,0
552960,270,0,13,0,2,0,11,-0.0054,7e-05,1.5035,3131,0,0,0,0,0,0,0,0,0,0,0,0,0,0,0,0,0,0,0,0,0
555008,271,0,16,0,7,0,9,-0.00671,5e-05,1.4737,3040,0,0,0,0,0,0,0,0,0,0,0,0,0,0,0,0,0,0,0,0,0
557056,272,0,13,0,5,0,8,-0.00609,4e-05,1.6512,2792,0,0,0,0,0,0,0,0,0,0,0,0,0,0,0,0,0,0,0,0,0
559104,273,0,9,0,1,0,8,-0.00619,5e-05,1.5132,3018,0,0,0,0,0,0,0,0,0,0,0,0,0,0,0,0,0,0,0,0,0
561152,274,0,17,0,6,0,11,-0.00582,5e-05,1.5382,3064,0,0,0,0,0,0,0,0,0,0,0,0,0,0,0,0,0,0,0,0,0
563200,275,0,10,0,2,0,8,-0.00569,5e-05,1.5742,2910,0,0,0,0,0,0,0,0,0,0,0,0,0,0,0,0,0,0,0,0,0
565248,276,0,11,0,2,0,9,-0.0052,5e-05,1.4671,3217,0,0,0,0,0,0,0,0,0,0,0,0,0,0,0,0,0,0,0,0,0
567296,277,0,17,0,6,0,11,-0.00534,4e-05,1.5129,3203,0,0,0,0,0,0,0,0,0,0,0,0,0,0,0,0,0,0,0,0,0
569344,278,0,10,0,3,0,7,-0.00688,4e-05,1.4488,3124,0,0,0,0,0,0,0,0,0,0,0,0,0,0,0,0,0,0,0,0,0
571392,279,0,13,0,5,0,8,-0.00491,4e-05,1.5075,3194,0,0,0,0,0,0,0,0,0,0,0,0,0,0,0,0,0,0,0,0,0
573440,280,0,13,0,1,0,12,-0.00462,5e-05,1.5185,3271,0,0,0,0,0,0,0,0,0,0,0,0,0,0,0,0,0,0,0,0,0
575488,281,0,10,0,2,0,8,-0.00346,5e-05,1.5226,3253,0,0,0,0,0,0,0,0,0,0,0,0,0,0,0,0,0,0,0,0,0
577536,282,0,10,0,1,0,9,-0.00585,5e-05,1.499,3237,0,0,0,0,0,0,0,0,0,0,0,0,0,0,0,0,0,0,0,0,0
579584,283,0,16,0,4,0,12,-0.00584,8e-05,1.4604,2946,0,0,0,0,0,0,0,0,0,0,0,0,0,0,0,0,0,0,0,0,0
581632,284,0,8,0,2,0,6,-0.00514,7e-05,1.4448,3031,0,0,0,0,0,0,0,0,0,0,0,0,0,0,0,0,0,0,0,0,0
583680,285,0,13,0,3,0,10,-0.00337,7e-05,1.4352,3298,0,0,0,0,0,0,0,0,0,0,0,0,0,0,0,0,0,0,0,0,0
585728,286,0,16,0,4,0,12,-0.00791,9e-05,1.4413,3277,0,0,0,0,0,0,0,0,0,0,0,0,0,0,0,0,0,0,0,0,0
587776,287,0,10,0,2,0,8,-0.0068,0.0001,1.475,3165,0,0,0,0,0,0,0,0,0,0,0,0,0,0,0,0,0,0,0,0,0
589824,288,0,8,0,1,0,7,-0.00434,0.00011,1.4208,3147,0,0,0,0,0,0,0,0,0,0,0,0,0,0,0,0,0,0,0,0,0
591872,289,0,16,0,3,0,13,-0.00487,9e-05,1.4227,3333,0,0,0,0,0,0,0,0,0,0,0,0,0,0,0,0,0,0,0,0,0
593920,290,0,11,0,3,0,8,-0.00557,9e-05,1.322,3144,0,0,0,0,0,0,0,0,0,0,0,0,0,0,0,0,0,0,0,0,0
595968,291,0,11,0,2,0,9,-0.00749,0.00011,1.3511,3150,0,0,0,0,0,0,0,0,0,0,0,0,0,0,0,0,0,0,0,0,0
598016,292,0,12,0,2,0,10,-0.0058,0.0001,1.4352,3347,0,0,0,0,0,0,0,0,0,0,0,0,0,0,0,0,0,0,0,0,0
600064,293,0,13,0,3,0,10,-0.00741,7e-05,1.4185,2852,0,0,0,0,0,0,0,0,0,0,0,0,0,0,0,0,0,0,0,0,0
602112,294,0,14,0,5,0,9,-0.00742,9e-05,1.4209,2874,0,0,0,0,0,0,0,0,0,0,0,0,0,0,0,0,0,0,0,0,0
604160,295,0,12,0,3,0,9,-0.00577,9e-05,1.3173,3011,0,0,0,0,0,0,0,0,0,0,0,0,0,0,0,0,0,0,0,0,0
606208,296,0,13,0,3,0,10,-0.00567,8e-05,1.3202,3157,0,0,0,0,0,0,0,0,0,0,0,0,0,0,0,0,0,0,0,0,0
608256,297,0,10,0,0,0,10,-0.00679,9e-05,1.3378,3202,0,0,0,0,0,0,0,0,0,0,0,0,0,0,0,0,0,0,0,0,0
610304,298,0,12,0,1,0,11,-0.00492,7e-05,1.3933,3057,0,0,0,0,0,0,0,0,0,0,0,0,0,0,0,0,0,0,0,0,0
612352,299,0,13,0,2,0,11,-0.00813,8e-05,1.4209,2793,0,0,0,0,0,0,0,0,0,0,0,0,0,0,0,0,0,0,0,0,0
614400,300,0,13,0,5,0,8,-0.00605,8e-05,1.464,2966,0,0,0,0,0,0,0,0,0,0,0,0,0,0,0,0,0,0,0,0,0
616448,301,0,10,0,2,0,8,-0.0062,6e-05,1.4657,3006,0,0,0,0,0,0,0,0,0,0,0,0,0,0,0,0,0,0,0,0,0
618496,302,0,14,0,3,0,11,-0.00518,7e-05,1.3234,2989,0,0,0,0,0,0,0,0,0,0,0,0,0,0,0,0,0,0,0,0,0
620544,303,0,13,0,5,0,8,-0.00402,5e-05,1.3811,3069,0,0,0,0,0,0,0,0,0,0,0,0,0,0,0,0,0,0,0,0,0
622592,304,0,10,0,2,0,8,-0.00681,6e-05,1.4137,3070,0,0,0,0,0,0,0,0,0,0,0,0,0,0,0,0,0,0,0,0,0
624640,305,0,11,0,2,0,9,-0.00674,6e-05,1.2668,2708,0,0,0,0,0,0,0,0,0,0,0,0,0,0,0,0,0,0,0,0,0
626688,306,0,13,0,1,0,12,-0.0044,6e-05,1.2278,2872,0,0,0,0,0,0,0,0,0,0,0,0,0,0,0,0,0,0,0,0,0
628736,307,0,11,0,2,0,9,-0.00518,6e-05,1.2841,3037,0,0,0,0,0,0,0,0,0,0,0,0,0,0,0,0,0,0,0,0,0
630784,308,0,10,0,1,0,9,-0.00479,7e-05,1.3742,3244,0,0,0,0,0,0,0,0,0,0,0,0,0,0,0,0,0,0,0,0,0
632832,309,0,12,0,0,0,12,-0.00608,6e-05,1.2942,2994,0,0,0,0,0,0,0,0,0,0,0,0,0,0,0,0,0,0,0,0,0
634880,310,0,15,0,6,0,9,-0.00599,7e-05,1.2782,3175,0,0,0,0,0,0,0,0,0,0,0,0,0,0,0,0,0,0,0,0,0
636928,311,0,9,0,2,0,7,-0.00679,6e-05,1.3553,2902,0,0,0,0,0,0,0,0,0,0,0,0,0,0,0,0,0,0,0,0,0
638976,312,0,11,0,1,0,10,-0.00697,7e-05,1.3101,3127,0,0,0,0,0,0,0,0,0,0,0,0,0,0,0,0,0,0,0,0,0
641024,313,0,14,0,1,0,13,-0.00687,6e-05,1.3267,2940,0,0,0,0,0,0,0,0,0,0,0,0,0,0,0,0,0,0,0,0,0
643072,314,0,10,0,4,0,6,-0.00577,5e-05,1.3458,2783,0,0,0,0,0,0,0,0,0,0,0,0,0,0,0,0,0,0,0,0,0
645120,315,0,10,0,1,0,9,-0.00593,5e-05,1.3264,3037,0,0,0,0,0,0,0,0,0,0,0,0,0,0,0,0,0,0,0,0,0
647168,316,0,13,0,1,0,12,-0.01058,5e-05,1.3107,2595,0,0,0,0,0,0,0,0,0,0,0,0,0,0,0,0,0,0,0,0,0
649216,317,0,13,0,5,0,8,-0.00554,6e-05,1.2771,2940,0,0,0,0,0,0,0,0,0,0,0,0,0,0,0,0,0,0,0,0,0
651264,318,0,11,0,2,0,9,-0.00452,5e-05,1.3198,2911,0,0,0,0,0,0,0,0,0,0,0,0,0,0,0,0,0,0,0,0,0
653312,319,0,17,0,6,0,11,-0.00504,4e-05,1.3008,3023,0,0,0,0,0,0,0,0,0,0,0,0,0,0,0,0,0,0,0,0,0
655360,320,0,10,0,2,0,8,-0.00535,4e-05,1.3251,3070,0,0,0,0,0,0,0,0,0,0,0,0,0,0,0,0,0,0,0,0,0
657408,321,0,15,0,4,0,11,-0.00655,4e-05,1.4273,3208,0,0,0,0,0,0,0,0,0,0,0,0,0,0,0,0,0,0,0,0,0
659456,322,0,13,0,3,0,10,-0.00647,3e-05,1.4145,3016,0,0,0,0,0,0,0,0,0,0,0,0,0,0,0,0,0,0,0,0,0
661504,323,0,12,0,4,0,8,-0.00682,4e-05,1.2904,3142,0,0,0,0,0,0,0,0,0,0,0,0,0,0,0,0,0,0,0,0,0
663552,324,0,14,0,2,0,12,-0.00534,4e-05,1.2985,2913,0,0,0,0,0,0,0,0,0,0,0,0,0,0,0,0,0,0,0,0,0
665600,325,0,10,0,3,0,7,-0.00636,4e-05,1.3091,3035,0,0,0,0,0,0,0,0,0,0,0,0,0,0,0,0,0,0,0,0,0
667648,326,0,13,0,1,0,12,-0.00668,4e-05,1.2465,3041,0,0,0,0,0,0,0,0,0,0,0,0,0,0,0,0,0,0,0,0,0
669696,327,0,11,0,1,0,10,-0.00767,4e-05,1.2085,3091,0,0,0,0,0,0,0,0,0,0,0,0,0,0,0,0,0,0,0,0,0
671744,328,0,10,0,1,0,9,-0.00577,5e-05,1.2663,3307,0,0,0,0,0,0,0,0,0,0,0,0,0,0,0,0,0,0,0,0,0
673792,329,0,13,0,2,0,11,-0.00665,5e-05,1.1685,3210,0,0,0,0,0,0,0,0,0,0,0,0,0,0,0,0,0,0,0,0,0
675840,330,0,14,0,4,0,10,-0.0066,5e-05,1.25,2997,0,0,0,0,0,0,0,0,0,0,0,0,0,0,0,0,0,0,0,0,0
677888,331,0,9,0,1,0,8,-0.00819,5e-05,1.2846,2857,0,0,0,0,0,0,0,0,0,0,0,0,0,0,0,0,0,0,0,0,0
679936,332,0,14,0,1,0,13,-0.00592,4e-05,1.2554,2894,0,0,0,0,0,0,0,0,0,0,0,0,0,0,0,0,0,0,0,0,0
681984,333,0,10,0,2,0,8,-0.00577,5e-05,1.2576,2808,0,0,0,0,0,0,0,0,0,0,0,0,0,0,0,0,0,0,0,0,0
684032,334,0,14,0,4,0,10,-0.00528,4e-05,1.2741,2912,0,0,0,0,0,0,0,0,0,0,0,0,0,0,0,0,0,0,0,0,0
686080,335,0,11,0,2,0,9,-0.00704,4e-05,1.3585,3166,0,0,0,0,0,0,0,0,0,0,0,0,0,0,0,0,0,0,0,0,0
688128,336,0,11,0,1,0,10,-0.00638,4e-05,1.4673,3112,0,0,0,0,0,0,0,0,0,0,0,0,0,0,0,0,0,0,0,0,0
690176,337,0,16,0,5,0,11,-0.00791,3e-05,1.4536,3268,0,0,0,0,0,0,0,0,0,0,0,0,0,0,0,0,0,0,0,0,0
692224,338,0,11,0,5,1,5,-0.00637,4e-05,1.4607,2927,0,0,0,0,0,0,0,0,0,0,0,0,0,0,0,0,0,0,0,0,0
694272,339,0,12,0,4,0,8,-0.0092,5e-05,1.3373,2867,0,0,0,0,0,0,0,0,0,0,0,0,0,0,0,0,0,0,0,0,0
696320,340,0,16,0,3,0,13,-0.00698,3e-05,1.4112,2791,0,0,0,0,0,0,0,0,0,0,0,0,0,0,0,0,0,0,0,0,0
698368,341,0,10,0,3,0,7,-0.00768,4e-05,1.3122,2864,0,0,0,0,0,0,0,0,0,0,0,0,0,0,0,0,0,0,0,0,0
700416,342,0,12,1,2,0,9,-0.008,7e-05,1.2536,3214,0,0,0,0,0,0,0,0,0,0,0,0,0,0,0,0,0,0,0,0,0
702464,343,0,14,1,3,0,10,-0.00203,0.00097,1.3322,2844,0,0,0,0,0,0,0,0,0,0,0,0,0,0,0,0,0,0,0,0,0
704512,344,0,12,0,3,0,9,-0.00733,0.00014,1.2943,2674,0,0,0,0,0,0,0,0,0,0,0,0,0,0,0,0,0,0,0,0,0
706560,345,0,10,0,1,0,9,-0.00603,8e-05,1.3,2666,0,0,0,0,0,0,0,0,0,0,0,0,0,0,0,0,0,0,0,0,0
708608,346,0,12,0,3,0,9,-0.00796,7e-05,1.1789,2838,0,0,0,0,0,0,0,0,0,0,0,0,0,0,0,0,0,0,0,0,0
710656,347,0,15,0,2,0,13,-0.0063,8e-05,1.2156,2766,0,0,0,0,0,0,0,0,0,0,0,0,0,0,0,0,0,0,0,0,0
712704,348,0,11,0,4,0,7,-0.00705,6e-05,1.194,3137,0,0,0,0,0,0,0,0,0,0,0,0,0,0,0,0,0,0,0,0,0
714752,349,0,14,0,6,0,8,-0.00612,4e-05,1.281,3083,0,0,0,0,0,0,0,0,0,0,0,0,0,0,0,0,0,0,0,0,0
716800,350,0,13,0,3,0,10,-0.00418,5e-05,1.2527,3017,0,0,0,0,0,0,0,0,0,0,0,0,0,0,0,0,0,0,0,0,0
718848,351,0,13,0,2,1,10,-0.00738,3e-05,1.2754,2947,0,0,0,0,0,0,0,0,0,0,0,0,0,0,0,0,0,0,0,0,0
720896,352,0,11,0,4,0,7,-0.00867,4e-05,1.3618,2997,0,0,0,0,0,0,0,0,0,0,0,0,0,0,0,0,0,0,0,0,0
722944,353,0,14,0,5,0,9,-0.00942,3e-05,1.2634,2726,0,0,0,0,0,0,0,0,0,0,0,0,0,0,0,0,0,0,0,0,0
724992,354,0,11,0,1,0,10,-0.00786,4e-05,1.1662,2822,0,0,0,0,0,0,0,0,0,0,0,0,0,0,0,0,0,0,0,0,0
727040,355,0,13,0,4,0,9,-0.00639,4e-05,1.2459,2935,0,0,0,0,0,0,0,0,0,0,0,0,0,0,0,0,0,0,0,0,0
729088,356,0,12,0,4,0,8,-0.00433,4e-05,1.131,3087,0,0,0,0,0,0,0,0,0,0,0,0,0,0,0,0,0,0,0,0,0
731136,357,0,17,0,5,0,12,-0.00434,3e-05,1.1178,3117,0,0,0,0,0,0,0,0,0,0,0,0,0,0,0,0,0,0,0,0,0
733184,358,0,12,0,3,0,9,-0.00507,4e-05,0.952,3010,0,0,0,0,0,0,0,0,0,0,0,0,0,0,0,0,0,0,0,0,0
735232,359,0,10,0,2,0,8,-0.00498,4e-05,1.0115,3060,0,0,0,0,0,0,0,0,0,0,0,0,0,0,0,0,0,0,0,0,0
737280,360,0,15,0,3,0,12,-0.00714,4e-05,0.958,2854,0,0,0,0,0,0,0,0,0,0,0,0,0,0,0,0,0,0,0,0,0
739328,361,0,10,0,2,0,8,-0.00391,4e-05,1.1134,3001,0,0,0,0,0,0,0,0,0,0,0,0,0,0,0,0,0,0,0,0,0
741376,362,0,13,0,4,0,9,-0.00754,4e-05,1.16,3122,0,0,0,0,0,0,0,0,0,0,0,0,0,0,0,0,0,0,0,0,0
743424,363,0,12,0,0,0,12,-0.00745,3e-05,1.0619,3067,0,0,0,0,0,0,0,0,0,0,0,0,0,0,0,0,0,0,0,0,0
745472,364,0,11,0,4,0,7,-0.00797,4e-05,1.1287,3219,0,0,0,0,0,0,0,0,0,0,0,0,0,0,0,0,0,0,0,0,0
747520,365,0,12,0,1,0,11,-0.005,3e-05,1.0381,3331,0,0,0,0,0,0,0,0,0,0,0,0,0,0,0,0,0,0,0,0,0
749568,366,0,14,0,3,0,11,-0.00614,4e-05,1.0272,3019,0,0,0,0,0,0,0,0,0,0,0,0,0,0,0,0,0,0,0,0,0
751616,367,0,10,0,3,0,7,-0.00569,3e-05,0.9574,2895,0,0,0,0,0,0,0,0,0,0,0,0,0,0,0,0,0,0,0,0,0
753664,368,0,12,0,1,0,11,-0.00568,3e-05,1.0292,3088,0,0,0,0,0,0,0,0,0,0,0,0,0,0,0,0,0,0,0,0,0
755712,369,0,14,0,4,0,10,-0.00377,3e-05,1.1544,3262,0,0,0,0,0,0,0,0,0,0,0,0,0,0,0,0,0,0,0,0,0
757760,370,0,14,0,5,0,9,-0.00515,3e-05,1.2409,3239,0,0,0,0,0,0,0,0,0,0,0,0,0,0,0,0,0,0,0,0,0
759808,371,0,13,0,4,0,9,-0.00423,3e-05,1.2017,2827,0,0,0,0,0,0,0,0,0,0,0,0,0,0,0,0,0,0,0,0,0
761856,372,0,14,0,4,0,10,-0.00731,3e-05,1.2912,3321,0,0,0,0,0,0,0,0,0,0,0,0,0,0,0,0,0,0,0,0,0
763904,373,0,18,0,9,0,9,-0.00498,4e-05,1.2496,2948,0,0,0,0,0,0,0,0,0,0,0,0,0,0,0,0,0,0,0,0,0
765952,374,0,10,0,2,0,8,-0.00504,4e-05,1.1819,3234,0,0,0,0,0,0,0,0,0,0,0,0,0,0,0,0,0,0,0,0,0
768000,375,0,12,0,1,0,11,-0.00491,4e-05,1.2203,2993,0,0,0,0,0,0,0,0,0,0,0,0,0,0,0,0,0,0,0,0,0
770048,376,0,12,0,3,0,9,-0.00448,3e-05,1.1922,3167,0,0,0,0,0,0,0,0,0,0,0,0,0,0,0,0,0,0,0,0,0
772096,377,0,10,0,1,0,9,-0.00771,3e-05,1.142,3082,0,0,0,0,0,0,0,0,0,0,0,0,0,0,0,0,0,0,0,0,0
774144,378,0,16,0,3,0,13,-0.00596,3e-05,1.2477,2874,0,0,0,0,0,0,0,0,0,0,0,0,0,0,0,0,0,0,0,0,0
776192,379,0,13,0,4,1,8,-0.00621,3e-05,1.3022,3240,0,0,0,0,0,0,0,0,0,0,0,0,0,0,0,0,0,0,0,0,0
778240,380,0,13,0,4,0,9,-0.00525,2e-05,1.2968,2975,0,0,0,0,0,0,0,0,0,0,0,0,0,0,0,0,0,0,0,0,0
780288,381,0,12,0,2,0,10,-0.00692,2e-05,1.3945,3040,0,0,0,0,0,0,0,0,0,0,0,0,0,0,0,0,0,0,0,0,0
782336,382,0,14,0,3,0,11,-0.00451,2e-05,1.3033,3040,0,0,0,0,0,0,0,0,0,0,0,0,0,0,0,0,0,0,0,0,0
784384,383,0,13,0,2,1,10,-0.00425,2e-05,1.2567,2959,0,0,0,0,0,0,0,0,0,0,0,0,0,0,0,0,0,0,0,0,0
786432,384,0,8,0,1,0,7,-0.00581,2e-05,1.2826,2889,0,0,0,0,0,0,0,0,0,0,0,0,0,0,0,0,0,0,0,0,0
788480,385,0,15,0,5,0,10,-0.00642,3e-05,1.214,3087,0,0,0,0,0,0,0,0,0,0,0,0,0,0,0,0,0,0,0,0,0
790528,386,0,13,0,2,0,11,-0.00617,3e-05,1.1169,2691,0,0,0,0,0,0,0,0,0,0,0,0,0,0,0,0,0,0,0,0,0
792576,387,0,15,0,6,0,9,-0.00679,2e-05,1.116,2958,0,0,0,0,0,0,0,0,0,0,0,0,0,0,0,0,0,0,0,0,0
794624,388,0,11,0,1,0,10,-0.00521,2e-05,1.1661,3015,0,0,0,0,0,0,0,0,0,0,0,0,0,0,0,0,0,0,0,0,0
796672,389,0,9,0,3,0,6,-0.00623,2e-05,1.1956,2667,0,0,0,0,0,0,0,0,0,0,0,0,0,0,0,0,0,0,0,0,0
798720,390,0,16,0,3,0,13,-0.0051,2e-05,1.1287,2877,0,0,0,0,0,0,0,0,0,0,0,0,0,0,0,0,0,0,0,0,0
800768,391,0,14,0,2,0,12,-0.00657,2e-05,1.109,2929,0,0,0,0,0,0,0,0,0,0,0,0,0,0,0,0,0,0,0,0,0
802816,392,0,8,0,3,0,5,-0.00591,3e-05,1.1322,2817,0,0,0,0,0,0,0,0,0,0,0,0,0,0,0,0,0,0,0,0,0
804864,393,0,20,0,9,0,11,-0.00611,3e-05,1.1085,2597,0,0,0,0,0,0,0,0,0,0,0,0,0,0,0,0,0,0,0,0,0
806912,394,0,11,0,1,0,10,-0.00888,3e-05,1.0701,2799,0,0,0,0,0,0,0,0,0,0,0,0,0,0,0,0,0,0,0,0,0
808960,395,0,8,0,0,0,8,-0.00351,3e-05,1.1174,2916,0,0,0,0,0,0,0,0,0,0,0,0,0,0,0,0,0,0,0,0,0
811008,396,0,15,0,3,0,12,-0.00644,3e-05,0.9825,2951,0,0,0,0,0,0,0,0,0,0,0,0,0,0,0,0,0,0,0,0,0
813056,397,0,16,0,6,1,9,-0.00436,4e-05,0.907,2779,0,0,0,0,0,0,0,0,0,0,0,0,0,0,0,0,0,0,0,0,0
815104,398,0,8,0,2,0,6,-0.00451,3e-05,1.0323,2691,0,0,0,0,0,0,0,0,0,0,0,0,0,0,0,0,0,0,0,0,0
817152,399,0,14,0,3,0,11,-0.00446,4e-05,1.0529,2979,0,0,0,0,0,0,0,0,0,0,0,0,0,0,0,0,0,0,0,0,0
819200,400,0,13,0,3,0,10,-0.00451,3e-05,1.0976,2883,0,0,0,0,0,0,0,0,0,0,0,0,0,0,0,0,0,0,0,0,0
821248,401,0,14,0,7,0,7,-0.0065,3e-05,1.0119,2933,0,0,0,0,0,0,0,0,0,0,0,0,0,0,0,0,0,0,0,0,0
823296,402,0,13,0,2,0,11,-0.00228,3e-05,0.9896,2875,0,0,0,0,0,0,0,0,0,0,0,0,0,0,0,0,0,0,0,0,0
825344,403,0,11,0,2,1,8,-0.00441,3e-05,1.0782,2859,0,0,0,0,0,0,0,0,0,0,0,0,0,0,0,0,0,0,0,0,0
827392,404,0,12,0,2,0,10,-0.00718,2e-05,1.1364,2696,0,0,0,0,0,0,0,0,0,0,0,0,0,0,0,0,0,0,0,0,0
829440,405,0,11,0,0,0,11,-0.00538,3e-05,0.8948,2733,0,0,0,0,0,0,0,0,0,0,0,0,0,0,0,0,0,0,0,0,0
831488,406,0,10,0,3,0,7,-0.00371,2e-05,1.0173,2724,0,0,0,0,0,0,0,0,0,0,0,0,0,0,0,0,0,0,0,0,0
833536,407,0,17,1,2,0,14,-0.00185,0.00043,1.0746,2513,0,0,0,0,0,0,0,0,0,0,0,0,0,0,0,0,0,0,0,0,0
835584,408,0,9,1,1,0,7,-0.00246,0.00011,1.1341,2618,0,0,0,0,0,0,0,0,0,0,0,0,0,0,0,0,0,0,0,0,0
837632,409,0,9,0,1,0,8,-0.00611,2e-05,1.2158,2755,0,0,0,0,0,0,0,0,0,0,0,0,0,0,0,0,0,0,0,0,0
839680,410,0,13,0,1,1,11,-0.00628,3e-05,1.1621,2893,0,0,0,0,0,0,0,0,0,0,0,0,0,0,0,0,0,0,0,0,0
841728,411,0,15,0,5,2,8,-0.00596,3e-05,1.1235,2850,0,0,0,0,0,0,0,0,0,0,0,0,0,0,0,0,0,0,0,0,0
843776,412,0,13,0,4,0,9,-0.00535,2e-05,1.0426,2791,0,0,0,0,0,0,0,0,0,0,0,0,0,0,0,0,0,0,0,0,0
845824,413,0,12,0,4,0,8,-0.00572,2e-05,1.0259,2903,0,0,0,0,0,0,0,0,0,0,0,0,0,0,0,0,0,0,0,0,0
847872,414,0,14,0,2,0,12,-0.00383,2e-05,1.092,2991,0,0,0,0,0,0,0,0,0,0,0,0,0,0,0,0,0,0,0,0,0
849920,415,0,9,0,2,0,7,-0.00482,1e-05,1.1474,2935,0,0,0,0,0,0,0,0,0,0,0,0,0,0,0,0,0,0,0,0,0
851968,416,0,13,0,1,0,12,-0.00633,2e-05,1.0803,2967,0,0,0,0,0,0,0,0,0,0,0,0,0,0,0,0,0,0,0,0,0
854016,417,0,11,0,1,0,10,-0.00599,2e-05,1.0591,2941,0,0,0,0,0,0,0,0,0,0,0,0,0,0,0,0,0,0,0,0,0
856064,418,0,13,0,4,0,9,-0.00491,2e-05,1.1714,2887,0,0,0,0,0,0,0,0,0,0,0,0,0,0,0,0,0,0,0,0,0
858112,419,0,12,0,1,0,11,-0.00578,2e-05,1.0926,2771,0,0,0,0,0,0,0,0,0,0,0,0,0,0,0,0,0,0,0,0,0
860160,420,0,12,0,2,0,10,-0.00527,2e-05,1.0647,2895,0,0,0,0,0,0,0,0,0,0,0,0,0,0,0,0,0,0,0,0,0
862208,421,0,10,0,1,0,9,-0.00391,2e-05,1.0523,2922,0,0,0,0,0,0,0,0,0,0,0,0,0,0,0,0,0,0,0,0,0
864256,422,0,15,0,3,0,12,-0.004,2e-05,1.1841,2859,0,0,0,0,0,0,0,0,0,0,0,0,0,0,0,0,0,0,0,0,0
866304,423,0,11,0,4,0,7,-0.00408,2e-05,1.2071,2800,0,0,0,0,0,0,0,0,0,0,0,0,0,0,0,0,0,0,0,0,0
868352,424,0,13,0,5,0,8,-0.00414,1e-05,1.1367,2811,0,0,0,0,0,0,0,0,0,0,0,0,0,0,0,0,0,0,0,0,0
870400,425,0,11,0,1,0,10,-0.00543,2e-05,1.0853,2917,0,0,0,0,0,0,0,0,0,0,0,0,0,0,0,0,0,0,0,0,0
872448,426,0,12,0,2,0,10,-0.0054,2e-05,1.1614,2999,0,0,0,0,0,0,0,0,0,0,0,0,0,0,0,0,0,0,0,0,0
874496,427,0,13,0,5,0,8,-0.00472,3e-05,1.2313,2637,0,0,0,0,0,0,0,0,0,0,0,0,0,0,0,0,0,0,0,0,0
876544,428,0,14,0,6,0,8,-0.0049,4e-05,1.1876,2362,0,0,0,0,0,0,0,0,0,0,0,0,0,0,0,0,0,0,0,0,0
878592,429,0,11,0,1,0,10,-0.006,3e-05,1.1419,2877,0,0,0,0,0,0,0,0,0,0,0,0,0,0,0,0,0,0,0,0,0
880640,430,0,14,0,3,0,11,-0.00532,5e-05,1.1465,2900,0,0,0,0,0,0,0,0,0,0,0,0,0,0,0,0,0,0,0,0,0
882688,431,0,13,0,3,0,10,-0.00714,3e-05,1.321,3005,0,0,0,0,0,0,0,0,0,0,0,0,0,0,0,0,0,0,0,0,0
884736,432,0,13,0,3,0,10,-0.00541,2e-05,1.3493,2888,0,0,0,0,0,0,0,0,0,0,0,0,0,0,0,0,0,0,0,0,0
886784,433,0,12,0,7,0,5,-0.00951,2e-05,1.3347,2715,0,0,0,0,0,0,0,0,0,0,0,0,0,0,0,0,0,0,0,0,0
888832,434,0,15,0,3,0,12,-0.0057,2e-05,1.3169,2647,0,0,0,0,0,0,0,0,0,0,0,0,0,0,0,0,0,0,0,0,0
890880,435,0,9,0,2,0,7,-0.00652,2e-05,1.2786,2810,0,0,0,0,0,0,0,0,0,0,0,0,0,0,0,0,0,0,0,0,0
892928,436,0,15,0,4,0,11,-0.00563,2e-05,1.2575,2864,0,0,0,0,0,0,0,0,0,0,0,0,0,0,0,0,0,0,0,0,0
894976,437,0,13,0,2,0,11,-0.00522,2e-05,1.2858,1589,0,0,0,0,0,0,0,0,0,0,0,0,0,0,0,0,0,0,0,0,0
897024,438,0,10,0,1,0,9,-0.00624,3e-05,1.3194,1984,0,0,0,0,0,0,0,0,0,0,0,0,0,0,0,0,0,0,0,0,0
899072,439,0,15,0,3,0,12,-0.00764,3e-05,1.2604,2168,0,0,0,0,0,0,0,0,0,0,0,0,0,0,0,0,0,0,0,0,0
901120,440,0,9,0,1,0,8,-0.00526,3e-05,1.2365,2859,0,0,0,0,0,0,0,0,0,0,0,0,0,0,0,0,0,0,0,0,0
903168,441,0,12,0,4,0,8,-0.00736,2e-05,1.3168,2384,0,0,0,0,0,0,0,0,0,0,0,0,0,0,0,0,0,0,0,0,0
905216,442,0,17,0,4,0,13,-0.00611,3e-05,1.2534,3016,0,0,0,0,0,0,0,0,0,0,0,0,0,0,0,0,0,0,0,0,0
907264,443,0,8,0,2,0,6,-0.00593,2e-05,1.1882,2919,0,0,0,0,0,0,0,0,0,0,0,0,0,0,0,0,0,0,0,0,0
909312,444,0,16,0,4,0,12,-0.00688,2e-05,1.1308,3003,0,0,0,0,0,0,0,0,0,0,0,0,0,0,0,0,0,0,0,0,0
911360,445,0,12,0,2,0,10,-0.00504,3e-05,1.1783,3019,0,0,0,0,0,0,0,0,0,0,0,0,0,0,0,0,0,0,0,0,0
913408,446,0,8,0,1,0,7,-0.00717,2e-05,1.2602,2794,0,0,0,0,0,0,0,0,0,0,0,0,0,0,0,0,0,0,0,0,0
915456,447,0,13,0,2,0,11,-0.00597,2e-05,1.099,2833,0,0,0,0,0,0,0,0,0,0,0,0,0,0,0,0,0,0,0,0,0
917504,448,0,14,0,2,0,12,-0.00683,2e-05,1.0808,2996,0,0,0,0,0,0,0,0,0,0,0,0,0,0,0,0,0,0,0,0,0
919552,449,0,7,0,1,0,6,-0.0056,2e-05,1.035,2800,0,0,0,0,0,0,0,0,0,0,0,0,0,0,0,0,0,0,0,0,0
921600,450,0,16,0,3,0,13,-0.00682,2e-05,1.1868,2921,0,0,0,0,0,0,0,0,0,0,0,0,0,0,0,0,0,0,0,0,0
923648,451,0,13,0,1,0,12,-0.00602,2e-05,1.2088,2934,0,0,0,0,0,0,0,0,0,0,0,0,0,0,0,0,0,0,0,0,0
925696,452,0,8,0,4,0,4,-0.00768,2e-05,1.2799,2939,0,0,0,0,0,0,0,0,0,0,0,0,0,0,0,0,0,0,0,0,0
927744,453,0,13,0,1,0,12,-0.0074,1e-05,1.222,2933,0,0,0,0,0,0,0,0,0,0,0,0,0,0,0,0,0,0,0,0,0
929792,454,0,10,0,2,0,8,-0.00771,2e-05,1.1967,2748,0,0,0,0,0,0,0,0,0,0,0,0,0,0,0,0,0,0,0,0,0
931840,455,0,13,0,3,0,10,-0.00867,2e-05,1.3017,2665,0,0,0,0,0,0,0,0,0,0,0,0,0,0,0,0,0,0,0,0,0
933888,456,0,11,0,1,1,9,-0.00555,2e-05,1.3196,2865,0,0,0,0,0,0,0,0,0,0,0,0,0,0,0,0,0,0,0,0,0
935936,457,0,12,0,3,0,9,-0.00665,2e-05,1.3239,2879,0,0,0,0,0,0,0,0,0,0,0,0,0,0,0,0,0,0,0,0,0
937984,458,0,14,0,3,0,11,-0.00607,2e-05,1.4021,2609,0,0,0,0,0,0,0,0,0,0,0,0,0,0,0,0,0,0,0,0,0
940032,459,0,10,0,2,0,8,-0.00769,2e-05,1.3959,3066,0,0,0,0,0,0,0,0,0,0,0,0,0,0,0,0,0,0,0,0,0
942080,460,0,12,0,2,0,10,-0.00604,2e-05,1.4331,2888,0,0,0,0,0,0,0,0,0,0,0,0,0,0,0,0,0,0,0,0,0
944128,461,0,15,0,5,0,10,-0.00779,2e-05,1.4007,2918,0,0,0,0,0,0,0,0,0,0,0,0,0,0,0,0,0,0,0,0,0
946176,462,0,10,0,1,0,9,-0.00613,2e-05,1.4075,2876,0,0,0,0,0,0,0,0,0,0,0,0,0,0,0,0,0,0,0,0,0
948224,463,0,11,1,1,0,9,-0.00368,0.00053,1.4451,2844,0,0,0,0,0,0,0,0,0,0,0,0,0,0,0,0,0,0,0,0,0
950272,464,0,14,0,3,0,11,-0.00804,4e-05,1.3909,2580,0,0,0,0,0,0,0,0,0,0,0,0,0,0,0,0,0,0,0,0,0
952320,465,0,16,0,11,0,5,-0.00704,3e-05,1.2876,2903,0,0,0,0,0,0,0,0,0,0,0,0,0,0,0,0,0,0,0,0,0
954368,466,0,14,0,2,0,12,-0.00716,3e-05,1.3538,2261,0,0,0,0,0,0,0,0,0,0,0,0,0,0,0,0,0,0,0,0,0
956416,467,0,10,0,2,0,8,-0.00693,3e-05,1.3592,2325,0,0,0,0,0,0,0,0,0,0,0,0,0,0,0,0,0,0,0,0,0
958464,468,0,12,0,4,0,8,-0.00854,2e-05,1.3777,2293,0,0,0,0,0,0,0,0,0,0,0,0,0,0,0,0,0,0,0,0,0
960512,469,0,17,0,5,0,12,-0.00537,2e-05,1.3567,2463,0,0,0,0,0,0,0,0,0,0,0,0,0,0,0,0,0,0,0,0,0
962560,470,0,10,0,4,0,6,-0.00803,1e-05,1.3983,2438,0,0,0,0,0,0,0,0,0,0,0,0,0,0,0,0,0,0,0,0,0
964608,471,0,14,0,3,0,11,-0.00845,2e-05,1.4633,2731,0,0,0,0,0,0,0,0,0,0,0,0,0,0,0,0,0,0,0,0,0
966656,472,0,15,0,2,0,13,-0.00604,2e-05,1.3618,2766,0,0,0,0,0,0,0,0,0,0,0,0,0,0,0,0,0,0,0,0,0
968704,473,0,12,0,4,0,8,-0.00445,2e-05,1.2786,2631,0,0,0,0,0,0,0,0,0,0,0,0,0,0,0,0,0,0,0,0,0
970752,474,0,15,0,5,0,10,-0.00709,2e-05,1.3245,2698,0,0,0,0,0,0,0,0,0,0,0,0,0,0,0,0,0,0,0,0,0
972800,475,0,11,0,3,1,7,-0.01238,2e-05,1.3483,2566,0,0,0,0,0,0,0,0,0,0,0,0,0,0,0,0,0,0,0,0,0
974848,476,0,17,0,8,0,9,-0.00964,2e-05,1.3695,2586,0,0,0,0,0,0,0,0,0,0,0,0,0,0,0,0,0,0,0,0,0
976896,477,0,11,0,2,0,9,-0.00718,2e-05,1.3065,2647,0,0,0,0,0,0,0,0,0,0,0,0,0,0,0,0,0,0,0,0,0
978944,478,0,8,0,2,0,6,-0.0072,2e-05,1.2991,2762,0,0,0,0,0,0,0,0,0,0,0,0,0,0,0,0,0,0,0,0,0
980992,479,0,17,0,2,0,15,-0.00755,1e-05,1.2752,2666,0,0,0,0,0,0,0,0,0,0,0,0,0,0,0,0,0,0,0,0,0
983040,480,0,12,0,6,0,6,-0.00644,1e-05,1.2954,2522,0,0,0,0,0,0,0,0,0,0,0,0,0,0,0,0,0,0,0,0,0
985088,481,0,18,0,9,0,9,-0.00762,2e-05,1.2824,2583,0,0,0,0,0,0,0,0,0,0,0,0,0,0,0,0,0,0,0,0,0
987136,482,0,8,0,1,0,7,-0.0049,1e-05,1.3382,2778,0,0,0,0,0,0,0,0,0,0,0,0,0,0,0,0,0,0,0,0,0
989184,483,0,11,0,1,0,10,-0.00864,1e-05,1.3007,2772,0,0,0,0,0,0,0,0,0,0,0,0,0,0,0,0,0,0,0,0,0
991232,484,0,17,0,3,0,14,-0.00702,2e-05,1.2493,2835,0,0,0,0,0,0,0,0,0,0,0,0,0,0,0,0,0,0,0,0,0
993280,485,0,8,0,2,0,6,-0.00359,2e-05,1.2425,2857,0,0,0,0,0,0,0,0,0,0,0,0,0,0,0,0,0,0,0,0,0
995328,486,0,13,0,4,0,9,-0.00607,3e-05,1.2106,2717,0,0,0,0,0,0,0,0,0,0,0,0,0,0,0,0,0,0,0,0,0
997376,487,0,13,0,3,0,10,-0.00688,2e-05,1.2464,2942,0,0,0,0,0,0,0,0,0,0,0,0,0,0,0,0,0,0,0,0,0
999424,488,0,11,0,1,0,10,-0.0133,3e-05,1.1771,2820,0,0,0,0,0,0,0,0,0,0,0,0,0,0,0,0,0,0,0,0,0
1001472,489,0,13,0,2,0,11,-0.0073,4e-05,1.1594,2782,0,0,0,0,0,0,0,0,0,0,0,0,0,0,0,0,0,0,0,0,0
1003520,490,0,17,0,10,0,7,-0.01001,3e-05,1.2143,2336,0,0,0,0,0,0,0,0,0,0,0,0,0,0,0,0,0,0,0,0,0
1005568,491,0,11,0,2,0,9,-0.00696,3e-05,1.0725,2726,0,0,0,0,0,0,0,0,0,0,0,0,0,0,0,0,0,0,0,0,0
1007616,492,0,11,0,1,0,10,-0.00613,3e-05,1.1868,2722,0,0,0,0,0,0,0,0,0,0,0,0,0,0,0,0,0,0,0,0,0
1009664,493,0,11,0,2,0,9,-0.00964,3e-05,1.1415,2491,0,0,0,0,0,0,0,0,0,0,0,0,0,0,0,0,0,0,0,0,0
1011712,494,0,12,0,3,0,9,-0.00717,2e-05,1.132,2777,0,0,0,0,0,0,0,0,0,0,0,0,0,0,0,0,0,0,0,0,0
1013760,495,0,12,0,2,0,10,-0.00702,2e-05,1.0594,2784,0,0,0,0,0,0,0,0,0,0,0,0,0,0,0,0,0,0,0,0,0
1015808,496,0,12,0,2,0,10,-0.00877,3e-05,1.0579,2707,0,0,0,0,0,0,0,0,0,0,0,0,0,0,0,0,0,0,0,0,0
1017856,497,0,12,0,2,0,10,-0.0048,3e-05,1.0232,2688,0,0,0,0,0,0,0,0,0,0,0,0,0,0,0,0,0,0,0,0,0
1019904,498,0,11,0,3,0,8,-0.00607,2e-05,1.0231,2555,0,0,0,0,0,0,0,0,0,0,0,0,0,0,0,0,0,0,0,0,0
1021952,499,0,15,0,4,0,11,-0.00828,2e-05,1.0742,2430,0,0,0,0,0,0,0,0,0,0,0,0,0,0,0,0,0,0,0,0,0
1024000,500,0,13,0,4,0,9,-0.0056,2e-05,1.1415,2616,0,0,0,0,0,0,0,0,0,0,0,0,0,0,0,0,0,0,0,0,0
1026048,501,0,14,0,6,0,8,-0.00784,2e-05,1.1257,2815,0,0,0,0,0,0,0,0,0,0,0,0,0,0,0,0,0,0,0,0,0
1028096,502,0,15,0,3,0,12,-0.00607,2e-05,1.1593,2811,0,0,0,0,0,0,0,0,0,0,0,0,0,0,0,0,0,0,0,0,0
1030144,503,0,11,0,5,0,6,-0.00836,2e-05,1.1762,2815,0,0,0,0,0,0,0,0,0,0,0,0,0,0,0,0,0,0,0,0,0
1032192,504,0,12,0,1,0,11,-0.00742,2e-05,1.1953,2881,0,0,0,0,0,0,0,0,0,0,0,0,0,0,0,0,0,0,0,0,0
1034240,505,0,12,0,4,0,8,-0.0078,2e-05,1.2599,2758,0,0,0,0,0,0,0,0,0,0,0,0,0,0,0,0,0,0,0,0,0
1036288,506,0,11,0,1,0,10,-0.00674,2e-05,1.1499,2782,0,0,0,0,0,0,0,0,0,0,0,0,0,0,0,0,0,0,0,0,0
1038336,507,0,13,0,3,0,10,-0.00594,2e-05,1.1791,2703,0,0,0,0,0,0,0,0,0,0,0,0,0,0,0,0,0,0,0,0,0
1040384,508,0,12,0,1,0,11,-0.00787,2e-05,1.2188,2561,0,0,0,0,0,0,0,0,0,0,0,0,0,0,0,0,0,0,0,0,0
1042432,509,0,14,0,3,0,11,-0.00893,2e-05,1.0965,2639,0,0,0,0,0,0,0,0,0,0,0,0,0,0,0,0,0,0,0,0,0
1044480,510,0,11,0,6,0,5,-0.00665,1e-05,1.0492,2799,0,0,0,0,0,0,0,0,0,0,0,0,0,0,0,0,0,0,0,0,0
1046528,511,0,16,0,5,0,11,-0.00665,2e-05,1.1624,2823,0,0,0,0,0,0,0,0,0,0,0,0,0,0,0,0,0,0,0,0,0
1048576,512,0,12,0,6,0,6,-0.00615,2e-05,1.1682,2636,0,0,0,0,0,0,0,0,0,0,0,0,0,0,0,0,0,0,0,0,0
1050624,513,0,9,0,0,0,9,-0.00751,1e-05,1.1655,2772,0,0,0,0,0,0,0,0,0,0,0,0,0,0,0,0,0,0,0,0,0
1052672,514,0,14,0,4,0,10,-0.00803,2e-05,1.1895,2775,0,0,0,0,0,0,0,0,0,0,0,0,0,0,0,0,0,0,0,0,0
1054720,515,0,11,0,2,0,9,-0.0069,2e-05,1.1819,2622,0,0,0,0,0,0,0,0,0,0,0,0,0,0,0,0,0,0,0,0,0
1056768,516,0,14,0,6,0,8,-0.00748,1e-05,1.1851,2562,0,0,0,0,0,0,0,0,0,0,0,0,0,0,0,0,0,0,0,0,0
1058816,517,0,11,0,2,0,9,-0.00808,1e-05,1.2274,2752,0,0,0,0,0,0,0,0,0,0,0,0,0,0,0,0,0,0,0,0,0
1060864,518,0,14,0,5,0,9,-0.0078,1e-05,1.1698,2727,0,0,0,0,0,0,0,0,0,0,0,0,0,0,0,0,0,0,0,0,0
1062912,519,0,14,0,4,0,10,-0.00709,1e-05,1.2235,2869,0,0,0,0,0,0,0,0,0,0,0,0,0,0,0,0,0,0,0,0,0
1064960,520,0,10,0,0,0,10,-0.00465,1e-05,1.1457,2853,0,0,0,0,0,0,0,0,0,0,0,0,0,0,0,0,0,0,0,0,0
1067008,521,0,9,0,0,0,9,-0.0085,1e-05,1.1001,2215,0,0,0,0,0,0,0,0,0,0,0,0,0,0,0,0,0,0,0,0,0
1069056,522,0,20,0,8,0,12,-0.00703,1e-05,1.1746,2580,0,0,0,0,0,0,0,0,0,0,0,0,0,0,0,0,0,0,0,0,0
1071104,523,0,13,0,6,0,7,-0.00819,1e-05,1.2344,2605,0,0,0,0,0,0,0,0,0,0,0,0,0,0,0,0,0,0,0,0,0
1073152,524,0,12,0,3,0,9,-0.00913,1e-05,1.2353,2775,0,0,0,0,0,0,0,0,0,0,0,0,0,0,0,0,0,0,0,0,0
1075200,525,0,15,0,4,0,11,-0.00795,1e-05,1.2124,2791,0,0,0,0,0,0,0,0,0,0,0,0,0,0,0,0,0,0,0,0,0
1077248,526,0,10,0,2,0,8,-0.01256,2e-05,1.2329,2909,0,0,0,0,0,0,0,0,0,0,0,0,0,0,0,0,0,0,0,0,0
1079296,527,0,10,0,1,0,9,-0.00789,2e-05,1.2537,2974,0,0,0,0,0,0,0,0,0,0,0,0,0,0,0,0,0,0,0,0,0
1081344,528,0,16,0,5,0,11,-0.01011,2e-05,1.242,2800,0,0,0,0,0,0,0,0,0,0,0,0,0,0,0,0,0,0,0,0,0
1083392,529,0,10,0,2,0,8,-0.00778,1e-05,1.1976,2419,0,0,0,0,0,0,0,0,0,0,0,0,0,0,0,0,0,0,0,0,0
1085440,530,0,16,0,7,0,9,-0.00987,1e-05,1.2717,2802,0,0,0,0,0,0,0,0,0,0,0,0,0,0,0,0,0,0,0,0,0
1087488,531,0,18,0,7,0,11,-0.00965,1e-05,1.2766,2780,0,0,0,0,0,0,0,0,0,0,0,0,0,0,0,0,0,0,0,0,0
1089536,532,0,8,0,3,0,5,-0.00905,1e-05,1.1988,2789,0,0,0,0,0,0,0,0,0,0,0,0,0,0,0,0,0,0,0,0,0
1091584,533,0,13,0,1,0,12,-0.00847,1e-05,1.2326,2998,0,0,0,0,0,0,0,0,0,0,0,0,0,0,0,0,0,0,0,0,0
1093632,534,0,19,0,7,1,11,-0.00831,1e-05,1.2464,3151,0,0,0,0,0,0,0,0,0,0,0,0,0,0,0,0,0,0,0,0,0
1095680,535,0,10,0,5,0,5,-0.00599,1e-05,1.2314,3151,0,0,0,0,0,0,0,0,0,0,0,0,0,0,0,0,0,0,0,0,0
1097728,536,0,10,0,2,0,8,-0.00945,1e-05,1.2595,3119,0,0,0,0,0,0,0,0,0,0,0,0,0,0,0,0,0,0,0,0,0
1099776,537,0,17,0,4,0,13,-0.00718,1e-05,1.1859,2957,0,0,0,0,0,0,0,0,0,0,0,0,0,0,0,0,0,0,0,0,0
1101824,538,0,9,0,3,0,6,-0.00863,1e-05,1.223,2737,0,0,0,0,0,0,0,0,0,0,0,0,0,0,0,0,0,0,0,0,0
1103872,539,0,11,0,1,0,10,-0.00633,1e-05,1.3141,3045,0,0,0,0,0,0,0,0,0,0,0,0,0,0,0,0,0,0,0,0,0
1105920,540,0,11,1,1,0,9,-0.00475,0.00044,1.2545,2940,0,0,0,0,0,0,0,0,0,0,0,0,0,0,0,0,0,0,0,0,0
1107968,541,0,12,0,4,0,8,-0.00834,2e-05,1.2728,2952,0,0,0,0,0,0,0,0,0,0,0,0,0,0,0,0,0,0,0,0,0
1110016,542,0,12,0,1,0,11,-0.00812,1e-05,1.2961,3104,0,0,0,0,0,0,0,0,0,0,0,0,0,0,0,0,0,0,0,0,0
1112064,543,0,12,0,4,0,8,-0.00754,1e-05,1.2549,2896,0,0,0,0,0,0,0,0,0,0,0,0,0,0,0,0,0,0,0,0,0
1114112,544,0,13,0,2,0,11,-0.00829,1e-05,1.1868,2678,0,0,0,0,0,0,0,0,0,0,0,0,0,0,0,0,0,0,0,0,0
1116160,545,0,13,0,4,0,9,-0.01161,1e-05,1.189,2967,0,0,0,0,0,0,0,0,0,0,0,0,0,0,0,0,0,0,0,0,0
1118208,546,0,11,0,1,0,10,-0.00808,1e-05,1.2302,2984,0,0,0,0,0,0,0,0,0,0,0,0,0,0,0,0,0,0,0,0,0
1120256,547,0,17,0,7,0,10,-0.00698,1e-05,1.1997,2446,0,0,0,0,0,0,0,0,0,0,0,0,0,0,0,0,0,0,0,0,0
1122304,548,0,12,0,3,0,9,-0.00711,1e-05,1.3104,2637,0,0,0,0,0,0,0,0,0,0,0,0,0,0,0,0,0,0,0,0,0
1124352,549,0,11,0,1,0,10,-0.00892,1e-05,1.2488,2663,0,0,0,0,0,0,0,0,0,0,0,0,0,0,0,0,0,0,0,0,0
1126400,550,0,12,0,3,0,9,-0.00652,1e-05,1.2676,3016,0,0,0,0,0,0,0,0,0,0,0,0,0,0,0,0,0,0,0,0,0
1128448,551,0,15,0,5,0,10,-0.00907,1e-05,1.1816,3025,0,0,0,0,0,0,0,0,0,0,0,0,0,0,0,0,0,0,0,0,0
1130496,552,0,12,0,4,0,8,-0.00598,0.0,1.2221,3084,0,0,0,0,0,0,0,0,0,0,0,0,0,0,0,0,0,0,0,0,0
1132544,553,0,11,0,1,0,10,-0.0085,0.0,1.2831,2834,0,0,0,0,0,0,0,0,0,0,0,0,0,0,0,0,0,0,0,0,0
1134592,554,0,14,0,5,0,9,-0.00795,1e-05,1.3222,3078,0,0,0,0,0,0,0,0,0,0,0,0,0,0,0,0,0,0,0,0,0
1136640,555,0,13,0,4,0,9,-0.00855,1e-05,1.2921,3084,0,0,0,0,0,0,0,0,0,0,0,0,0,0,0,0,0,0,0,0,0
1138688,556,0,14,0,7,0,7,-0.00827,0.0,1.3177,2844,0,0,0,0,0,0,0,0,0,0,0,0,0,0,0,0,0,0,0,0,0
1140736,557,0,19,0,9,0,10,-0.00666,0.0,1.2783,2960,0,0,0,0,0,0,0,0,0,0,0,0,0,0,0,0,0,0,0,0,0
1142784,558,0,13,0,6,0,7,-0.00802,0.0,1.2835,2754,0,0,0,0,0,0,0,0,0,0,0,0,0,0,0,0,0,0,0,0,0
1144832,559,0,11,0,2,1,8,-0.00757,0.0,1.3347,2824,0,0,0,0,0,0,0,0,0,0,0,0,0,0,0,0,0,0,0,0,0
1146880,560,0,11,0,2,0,9,-0.00863,0.0,1.323,2943,0,0,0,0,0,0,0,0,0,0,0,0,0,0,0,0,0,0,0,0,0
1148928,561,0,15,0,4,0,11,-0.00823,0.0,1.3092,2972,0,0,0,0,0,0,0,0,0,0,0,0,0,0,0,0,0,0,0,0,0
1150976,562,0,16,0,6,0,10,-0.00943,0.0,1.2759,2922,0,0,0,0,0,0,0,0,0,0,0,0,0,0,0,0,0,0,0,0,0
1153024,563,0,14,0,6,0,8,-0.00846,0.0,1.3271,2884,0,0,0,0,0,0,0,0,0,0,0,0,0,0,0,0,0,0,0,0,0
1155072,564,0,11,0,3,0,8,-0.00539,0.0,1.3327,2976,0,0,0,0,0,0,0,0,0,0,0,0,0,0,0,0,0,0,0,0,0
1157120,565,0,17,0,5,0,12,-0.00855,0.0,1.2294,3006,0,0,0,0,0,0,0,0,0,0,0,0,0,0,0,0,0,0,0,0,0
1159168,566,0,17,0,11,0,6,-0.01034,1e-05,1.2179,2919,0,0,0,0,0,0,0,0,0,0,0,0,0,0,0,0,0,0,0,0,0
1161216,567,0,12,0,5,0,7,-0.0081,0.0,1.2537,3020,0,0,0,0,0,0,0,0,0,0,0,0,0,0,0,0,0,0,0,0,0
1163264,568,0,12,0,2,0,10,-0.00858,0.0,1.3165,2913,0,0,0,0,0,0,0,0,0,0,0,0,0,0,0,0,0,0,0,0,0
1165312,569,0,14,0,6,0,8,-0.00838,0.0,1.3636,2952,0,0,0,0,0,0,0,0,0,0,0,0,0,0,0,0,0,0,0,0,0
1167360,570,0,13,0,4,0,9,-0.00867,0.0,1.3554,2852,0,0,0,0,0,0,0,0,0,0,0,0,0,0,0,0,0,0,0,0,0
1169408,571,0,14,0,5,0,9,-0.00826,0.0,1.3311,2955,0,0,0,0,0,0,0,0,0,0,0,0,0,0,0,0,0,0,0,0,0
1171456,572,0,14,0,6,0,8,-0.00674,0.0,1.3242,2873,0,0,0,0,0,0,0,0,0,0,0,0,0,0,0,0,0,0,0,0,0
1173504,573,0,14,0,2,0,12,-0.00823,0.0,1.288,2914,0,0,0,0,0,0,0,0,0,0,0,0,0,0,0,0,0,0,0,0,0
1175552,574,0,12,0,3,0,9,-0.00915,0.0,1.3671,2759,0,0,0,0,0,0,0,0,0,0,0,0,0,0,0,0,0,0,0,0,0
1177600,575,0,13,0,4,0,9,-0.00625,0.0,1.3528,2825,0,0,0,0,0,0,0,0,0,0,0,0,0,0,0,0,0,0,0,0,0
1179648,576,0,10,0,2,0,8,-0.00709,0.0,1.3538,2843,0,0,0,0,0,0,0,0,0,0,0,0,0,0,0,0,0,0,0,0,0
1181696,577,0,11,0,0,0,11,-0.00717,0.0,1.3001,2700,0,0,0,0,0,0,0,0,0,0,0,0,0,0,0,0,0,0,0,0,0
1183744,578,0,17,0,7,0,10,-0.00618,0.0,1.1969,2789,0,0,0,0,0,0,0,0,0,0,0,0,0,0,0,0,0,0,0,0,0
1185792,579,0,11,0,5,0,6,-0.0067,0.0,1.2259,2825,0,0,0,0,0,0,0,0,0,0,0,0,0,0,0,0,0,0,0,0,0
1187840,580,0,12,0,1,0,11,-0.00864,0.0,1.2349,2924,0,0,0,0,0,0,0,0,0,0,0,0,0,0,0,0,0,0,0,0,0
1189888,581,0,14,0,2,0,12,-0.00682,0.0,1.1486,2907,0,0,0,0,0,0,0,0,0,0,0,0,0,0,0,0,0,0,0,0,0
1191936,582,0,12,0,4,0,8,-0.00764,0.0,1.1825,2942,0,0,0,0,0,0,0,0,0,0,0,0,0,0,0,0,0,0,0,0,0
1193984,583,0,12,0,4,0,8,-0.00637,0.0,1.1633,2832,0,0,0,0,0,0,0,0,0,0,0,0,0,0,0,0,0,0,0,0,0
1196032,584,0,15,0,2,0,13,-0.0078,0.0,1.0772,3010,0,0,0,0,0,0,0,0,0,0,0,0,0,0,0,0,0,0,0,0,0
1198080,585,0,11,0,4,0,7,-0.0079,1e-05,1.1138,2985,0,0,0,0,0,0,0,0,0,0,0,0,0,0,0,0,0,0,0,0,0
1200128,586,0,10,0,1,0,9,-0.00752,0.0,1.1618,2824,0,0,0,0,0,0,0,0,0,0,0,0,0,0,0,0,0,0,0,0,0
1202176,587,0,16,0,4,0,12,-0.00886,1e-05,1.0671,2790,0,0,0,0,0,0,0,0,0,0,0,0,0,0,0,0,0,0,0,0,0
1204224,588,0,11,0,3,1,7,-0.00753,0.0,1.1937,2741,0,0,0,0,0,0,0,0,0,0,0,0,0,0,0,0,0,0,0,0,0
1206272,589,0,12,0,2,0,10,-0.0092,1e-05,1.1056,2610,0,0,0,0,0,0,0,0,0,0,0,0,0,0,0,0,0,0,0,0,0
1208320,590,0,11,0,3,0,8,-0.00633,0.0,1.0345,2493,0,0,0,0,0,0,0,0,0,0,0,0,0,0,0,0,0,0,0,0,0
1210368,591,0,13,0,5,0,8,-0.0094,0.0,1.1705,2935,0,0,0,0,0,0,0,0,0,0,0,0,0,0,0,0,0,0,0,0,0
1212416,592,0,14,0,4,0,10,-0.00824,0.0,1.069,2865,0,0,0,0,0,0,0,0,0,0,0,0,0,0,0,0,0,0,0,0,0
1214464,593,0,11,0,1,0,10,-0.00682,0.0,1.0582,2981,0,0,0,0,0,0,0,0,0,0,0,0,0,0,0,0,0,0,0,0,0
1216512,594,0,12,0,3,0,9,-0.0078,0.0,1.1324,2817,0,0,0,0,0,0,0,0,0,0,0,0,0,0,0,0,0,0,0,0,0
1218560,595,0,17,0,7,0,10,-0.00899,0.0,1.1316,2998,0,0,0,0,0,0,0,0,0,0,0,0,0,0,0,0,0,0,0,0,0
1220608,596,0,14,0,4,0,10,-0.00818,0.0,1.0134,3084,0,0,0,0,0,0,0,0,0,0,0,0,0,0,0,0,0,0,0,0,0
1222656,597,0,9,0,2,0,7,-0.0072,1e-05,1.0359,2874,0,0,0,0,0,0,0,0,0,0,0,0,0,0,0,0,0,0,0,0,0
1224704,598,0,11,0,2,0,9,-0.00678,0.0,1.0591,2663,0,0,0,0,0,0,0,0,0,0,0,0,0,0,0,0,0,0,0,0,0
1226752,599,0,12,0,0,0,12,-0.0065,0.0,1.2697,2787,0,0,0,0,0,0,0,0,0,0,0,0,0,0,0,0,0,0,0,0,0
1228800,600,0,10,0,1,0,9,-0.00997,0.0,1.1527,3004,0,0,0,0,0,0,0,0,0,0,0,0,0,0,0,0,0,0,0,0,0
1230848,601,0,12,0,2,0,10,-0.00748,0.0,1.152,2658,0,0,0,0,0,0,0,0,0,0,0,0,0,0,0,0,0,0,0,0,0
1232896,602,0,12,0,4,0,8,-0.00736,0.0,1.2351,2718,0,0,0,0,0,0,0,0,0,0,0,0,0,0,0,0,0,0,0,0,0
1234944,603,0,16,0,3,0,13,-0.00827,0.0,1.1738,3004,0,0,0,0,0,0,0,0,0,0,0,0,0,0,0,0,0,0,0,0,0
1236992,604,0,10,0,6,0,4,-0.00661,0.0,1.2085,2975,0,0,0,0,0,0,0,0,0,0,0,0,0,0,0,0,0,0,0,0,0
1239040,605,0,15,0,6,0,9,-0.00813,0.0,1.1797,2770,0,0,0,0,0,0,0,0,0,0,0,0,0,0,0,0,0,0,0,0,0
1241088,606,0,11,0,3,0,8,-0.00743,0.0,1.0677,2866,0,0,0,0,0,0,0,0,0,0,0,0,0,0,0,0,0,0,0,0,0
1243136,607,0,13,0,3,0,10,-0.00904,0.0,1.0617,3039,0,0,0,0,0,0,0,0,0,0,0,0,0,0,0,0,0,0,0,0,0
1245184,608,0,15,0,7,0,8,-0.00876,0.0,1.1522,3045,0,0,0,0,0,0,0,0,0,0,0,0,0,0,0,0,0,0,0,0,0
1247232,609,0,18,0,8,0,10,-0.0096,0.0,1.1252,3008,0,0,0,0,0,0,0,0,0,0,0,0,0,0,0,0,0,0,0,0,0
1249280,610,0,11,0,5,0,6,-0.00705,0.0,1.0278,2942,0,0,0,0,0,0,0,0,0,0,0,0,0,0,0,0,0,0,0,0,0
1251328,611,0,14,0,3,0,11,-0.00642,0.0,1.034,3000,0,0,0,0,0,0,0,0,0,0,0,0,0,0,0,0,0,0,0,0,0
1253376,612,0,14,0,4,0,10,-0.00701,0.0,1.0674,2472,0,0,0,0,0,0,0,0,0,0,0,0,0,0,0,0,0,0,0,0,0
1255424,613,0,13,0,5,0,8,-0.00813,0.0,1.209,2853,0,0,0,0,0,0,0,0,0,0,0,0,0,0,0,0,0,0,0,0,0
1257472,614,0,15,0,4,0,11,-0.00748,0.0,1.1767,2817,0,0,0,0,0,0,0,0,0,0,0,0,0,0,0,0,0,0,0,0,0
1259520,615,0,8,0,0,0,8,-0.00671,0.0,1.0686,2865,0,0,0,0,0,0,0,0,0,0,0,0,0,0,0,0,0,0,0,0,0
1261568,616,0,13,0,2,0,11,-0.00433,0.0,1.0462,2585,0,0,0,0,0,0,0,0,0,0,0,0,0,0,0,0,0,0,0,0,0
1263616,617,0,14,0,1,0,13,-0.0062,0.0,1.073,2740,0,0,0,0,0,0,0,0,0,0,0,0,0,0,0,0,0,0,0,0,0
1265664,618,0,12,0,5,0,7,-0.00484,2e-05,1.0216,2842,0,0,0,0,0,0,0,0,0,0,0,0,0,0,0,0,0,0,0,0,0
1267712,619,0,13,0,2,0,11,-0.00953,4e-05,1.0604,2753,0,0,0,0,0,0,0,0,0,0,0,0,0,0,0,0,0,0,0,0,0
1269760,620,0,10,0,0,0,10,-0.00592,6e-05,0.8329,2879,0,0,0,0,0,0,0,0,0,0,0,0,0,0,0,0,0,0,0,0,0
1271808,621,0,10,0,0,0,10,-0.00782,3e-05,0.8419,2819,0,0,0,0,0,0,0,0,0,0,0,0,0,0,0,0,0,0,0,0,0
1273856,622,0,12,0,3,0,9,-0.00742,2e-05,1.0107,3038,0,0,0,0,0,0,0,0,0,0,0,0,0,0,0,0,0,0,0,0,0
1275904,623,0,11,0,0,0,11,-0.00755,1e-05,1.003,2957,0,0,0,0,0,0,0,0,0,0,0,0,0,0,0,0,0,0,0,0,0
1277952,624,0,11,0,0,0,11,-0.00838,1e-05,0.9032,2855,0,0,0,0,0,0,0,0,0,0,0,0,0,0,0,0,0,0,0,0,0
1280000,625,0,10,0,2,0,8,-0.00736,1e-05,0.9295,2678,0,0,0,0,0,0,0,0,0,0,0,0,0,0,0,0,0,0,0,0,0
1282048,626,0,11,0,1,0,10,-0.00611,0.0,0.9666,2760,0,0,0,0,0,0,0,0,0,0,0,0,0,0,0,0,0,0,0,0,0
1284096,627,0,13,0,2,0,11,-0.01213,0.0,1.1386,2896,0,0,0,0,0,0,0,0,0,0,0,0,0,0,0,0,0,0,0,0,0
1286144,628,0,12,0,2,0,10,-0.00706,0.0,1.0644,2683,0,0,0,0,0,0,0,0,0,0,0,0,0,0,0,0,0,0,0,0,0
1288192,629,0,12,0,2,0,10,-0.00841,0.0,0.9769,2999,0,0,0,0,0,0,0,0,0,0,0,0,0,0,0,0,0,0,0,0,0
1290240,630,0,9,0,0,0,9,-0.00953,0.0,1.0598,2857,0,0,0,0,0,0,0,0,0,0,0,0,0,0,0,0,0,0,0,0,0
1292288,631,0,13,0,0,0,13,-0.00729,0.0,0.9612,2780,0,0,0,0,0,0,0,0,0,0,0,0,0,0,0,0,0,0,0,0,0
1294336,632,0,11,0,2,0,9,-0.00757,0.0,0.9241,2824,0,0,0,0,0,0,0,0,0,0,0,0,0,0,0,0,0,0,0,0,0
1296384,633,0,10,0,0,0,10,-0.00937,0.0,1.1104,2968,0,0,0,0,0,0,0,0,0,0,0,0,0,0,0,0,0,0,0,0,0
1298432,634,0,13,0,2,0,11,-0.00752,0.0,1.0368,2917,0,0,0,0,0,0,0,0,0,0,0,0,0,0,0,0,0,0,0,0,0
1300480,635,0,9,0,0,0,9,-0.00914,0.0,1.1323,3070,0,0,0,0,0,0,0,0,0,0,0,0,0,0,0,0,0,0,0,0,0
1302528,636,0,16,0,5,0,11,-0.00658,0.0,1.0249,2848,0,0,0,0,0,0,0,0,0,0,0,0,0,0,0,0,0,0,0,0,0
1304576,637,0,11,0,2,0,9,-0.00645,0.0,0.9805,2977,0,0,0,0,0,0,0,0,0,0,0,0,0,0,0,0,0,0,0,0,0
1306624,638,0,11,0,1,0,10,-0.0054,0.0,1.0413,2955,0,0,0,0,0,0,0,0,0,0,0,0,0,0,0,0,0,0,0,0,0
1308672,639,0,15,0,4,0,11,-0.00324,0.0,0.9194,2918,0,0,0,0,0,0,0,0,0,0,0,0,0,0,0,0,0,0,0,0,0
1310720,640,0,8,0,2,0,6,-0.00862,0.0,1.0089,2650,0,0,0,0,0,0,0,0,0,0,0,0,0,0,0,0,0,0,0,0,0
1312768,641,0,14,0,3,0,11,-0.0074,0.0,1.0603,2751,0,0,0,0,0,0,0,0,0,0,0,0,0,0,0,0,0,0,0,0,0
1314816,642,0,11,0,2,0,9,-0.00755,0.0,1.221,2808,0,0,0,0,0,0,0,0,0,0,0,0,0,0,0,0,0,0,0,0,0
1316864,643,0,9,0,1,0,8,-0.00598,0.0,1.2314,2883,0,0,0,0,0,0,0,0,0,0,0,0,0,0,0,0,0,0,0,0,0
1318912,644,0,18,0,6,0,12,-0.00598,0.0,1.1798,2694,0,0,0,0,0,0,0,0,0,0,0,0,0,0,0,0,0,0,0,0,0
1320960,645,0,12,0,4,0,8,-0.00517,0.0,1.1695,2891,0,0,0,0,0,0,0,0,0,0,0,0,0,0,0,0,0,0,0,0,0
1323008,646,0,9,0,1,0,8,-0.00853,0.0,1.1842,2749,0,0,0,0,0,0,0,0,0,0,0,0,0,0,0,0,0,0,0,0,0
1325056,647,0,17,0,6,0,11,-0.00984,0.0,1.2786,2906,0,0,0,0,0,0,0,0,0,0,0,0,0,0,0,0,0,0,0,0,0
1327104,648,0,11,0,4,0,7,-0.00906,0.0,1.2138,2816,0,0,0,0,0,0,0,0,0,0,0,0,0,0,0,0,0,0,0,0,0
1329152,649,0,12,0,2,0,10,-0.00662,0.0,1.191,2878,0,0,0,0,0,0,0,0,0,0,0,0,0,0,0,0,0,0,0,0,0
1331200,650,0,13,0,2,0,11,-0.00888,0.0,1.2027,3110,0,0,0,0,0,0,0,0,0,0,0,0,0,0,0,0,0,0,0,0,0
1333248,651,0,10,0,1,0,9,-0.00773,0.0,1.217,2983,0,0,0,0,0,0,0,0,0,0,0,0,0,0,0,0,0,0,0,0,0
1335296,652,0,15,0,4,0,11,-0.00985,0.0,1.1755,2791,0,0,0,0,0,0,0,0,0,0,0,0,0,0,0,0,0,0,0,0,0
1337344,653,0,14,0,2,1,11,-0.00806,0.0,1.162,3056,0,0,0,0,0,0,0,0,0,0,0,0,0,0,0,0,0,0,0,0,0
1339392,654,0,10,0,1,0,9,-0.00653,0.0,1.1664,2934,0,0,0,0,0,0,0,0,0,0,0,0,0,0,0,0,0,0,0,0,0
1341440,655,0,9,0,0,0,9,-0.0079,0.0,1.1047,3105,0,0,0,0,0,0,0,0,0,0,0,0,0,0,0,0,0,0,0,0,0
1343488,656,0,12,0,1,0,11,-0.00898,0.0,1.1826,3363,0,0,0,0,0,0,0,0,0,0,0,0,0,0,0,0,0,0,0,0,0
1345536,657,0,9,0,1,0,8,-0.00755,0.0,1.1547,3342,0,0,0,0,0,0,0,0,0,0,0,0,0,0,0,0,0,0,0,0,0
1347584,658,0,12,0,1,0,11,-0.00705,0.0,1.166,3000,0,0,0,0,0,0,0,0,0,0,0,0,0,0,0,0,0,0,0,0,0
1349632,659,0,16,0,4,0,12,-0.00784,0.0,1.2782,3151,0,0,0,0,0,0,0,0,0,0,0,0,0,0,0,0,0,0,0,0,0
1351680,660,0,12,0,4,0,8,-0.00928,0.0,1.212,3151,0,0,0,0,0,0,0,0,0,0,0,0,0,0,0,0,0,0,0,0,0
1353728,661,0,12,0,2,0,10,-0.00565,0.0,1.1325,2870,0,0,0,0,0,0,0,0,0,0,0,0,0,0,0,0,0,0,0,0,0
1355776,662,0,14,0,4,0,10,-0.00666,0.0,1.1114,3002,0,0,0,0,0,0,0,0,0,0,0,0,0,0,0,0,0,0,0,0,0
1357824,663,0,10,0,2,0,8,-0.00886,0.0,1.2485,2734,0,0,0,0,0,0,0,0,0,0,0,0,0,0,0,0,0,0,0,0,0
1359872,664,0,13,0,1,0,12,-0.00877,0.0,1.1581,2977,0,0,0,0,0,0,0,0,0,0,0,0,0,0,0,0,0,0,0,0,0
1361920,665,0,8,0,0,0,8,-0.00862,0.0,1.0974,2925,0,0,0,0,0,0,0,0,0,0,0,0,0,0,0,0,0,0,0,0,0
1363968,666,0,15,0,3,0,12,-0.00597,0.0,1.0284,2787,0,0,0,0,0,0,0,0,0,0,0,0,0,0,0,0,0,0,0,0,0
1366016,667,0,11,0,1,0,10,-0.00552,0.0,1.1329,3064,0,0,0,0,0,0,0,0,0,0,0,0,0,0,0,0,0,0,0,0,0
1368064,668,0,8,0,1,0,7,-0.00875,0.0,1.1258,3123,0,0,0,0,0,0,0,0,0,0,0,0,0,0,0,0,0,0,0,0,0
1370112,669,0,17,0,2,0,15,-0.00701,0.0,1.1783,3089,0,0,0,0,0,0,0,0,0,0,0,0,0,0,0,0,0,0,0,0,0
1372160,670,0,8,0,0,0,8,-0.00761,0.0,1.1497,2943,0,0,0,0,0,0,0,0,0,0,0,0,0,0,0,0,0,0,0,0,0
1374208,671,0,13,0,4,0,9,-0.0089,0.0,1.1263,2929,0,0,0,0,0,0,0,0,0,0,0,0,0,0,0,0,0,0,0,0,0
1376256,672,0,15,0,2,0,13,-0.00802,0.0,1.2398,2846,0,0,0,0,0,0,0,0,0,0,0,0,0,0,0,0,0,0,0,0,0
1378304,673,0,11,0,3,0,8,-0.00862,0.0,1.1839,2662,0,0,0,0,0,0,0,0,0,0,0,0,0,0,0,0,0,0,0,0,0
1380352,674,0,9,0,0,0,9,-0.00676,0.0,1.1157,2719,0,0,0,0,0,0,0,0,0,0,0,0,0,0,0,0,0,0,0,0,0
1382400,675,0,14,0,1,0,13,-0.00694,0.0,1.1911,2576,0,0,0,0,0,0,0,0,0,0,0,0,0,0,0,0,0,0,0,0,0
1384448,676,0,8,0,1,0,7,-0.00646,0.0,1.1711,2649,0,0,0,0,0,0,0,0,0,0,0,0,0,0,0,0,0,0,0,0,0
1386496,677,0,13,0,2,0,11,-0.00658,0.0,1.1556,2946,0,0,0,0,0,0,0,0,0,0,0,0,0,0,0,0,0,0,0,0,0
1388544,678,0,13,0,1,0,12,-0.00638,0.0,1.2093,2965,0,0,0,0,0,0,0,0,0,0,0,0,0,0,0,0,0,0,0,0,0
1390592,679,0,9,0,2,0,7,-0.0073,0.0,1.1945,3096,0,0,0,0,0,0,0,0,0,0,0,0,0,0,0,0,0,0,0,0,0
1392640,680,0,12,0,1,0,11,-0.00767,0.0,1.1869,2947,0,0,0,0,0,0,0,0,0,0,0,0,0,0,0,0,0,0,0,0,0
1394688,681,0,12,0,1,0,11,-0.00632,0.0,1.1624,3040,0,0,0,0,0,0,0,0,0,0,0,0,0,0,0,0,0,0,0,0,0
1396736,682,0,11,0,2,0,9,-0.00933,0.0,1.3254,2814,0,0,0,0,0,0,0,0,0,0,0,0,0,0,0,0,0,0,0,0,0
1398784,683,0,13,0,3,0,10,-0.00897,0.0,1.2389,2948,0,0,0,0,0,0,0,0,0,0,0,0,0,0,0,0,0,0,0,0,0
1400832,684,0,12,0,3,0,9,-0.00866,0.0,1.1902,2892,0,0,0,0,0,0,0,0,0,0,0,0,0,0,0,0,0,0,0,0,0
1402880,685,0,10,0,1,0,9,-0.00922,0.0,1.2274,2988,0,0,0,0,0,0,0,0,0,0,0,0,0,0,0,0,0,0,0,0,0
1404928,686,0,14,0,2,0,12,-0.00692,0.0,1.2726,2654,0,0,0,0,0,0,0,0,0,0,0,0,0,0,0,0,0,0,0,0,0
1406976,687,0,9,0,0,0,9,-0.00836,0.0,1.2436,2888,0,0,0,0,0,0,0,0,0,0,0,0,0,0,0,0,0,0,0,0,0
1409024,688,0,8,0,0,0,8,-0.00817,0.0,1.1868,2998,0,0,0,0,0,0,0,0,0,0,0,0,0,0,0,0,0,0,0,0,0
1411072,689,0,15,0,2,0,13,-0.00806,0.0,1.2445,2918,0,0,0,0,0,0,0,0,0,0,0,0,0,0,0,0,0,0,0,0,0
1413120,690,0,12,0,4,0,8,-0.00451,0.0,1.2109,2943,0,0,0,0,0,0,0,0,0,0,0,0,0,0,0,0,0,0,0,0,0
1415168,691,0,11,0,1,0,10,-0.0085,1e-05,1.1668,2943,0,0,0,0,0,0,0,0,0,0,0,0,0,0,0,0,0,0,0,0,0
1417216,692,0,12,0,2,0,10,-0.0084,0.0,1.288,2868,0,0,0,0,0,0,0,0,0,0,0,0,0,0,0,0,0,0,0,0,0
1419264,693,0,11,0,0,0,11,-0.00701,0.0,1.3313,3049,0,0,0,0,0,0,0,0,0,0,0,0,0,0,0,0,0,0,0,0,0
1421312,694,0,10,0,0,0,10,-0.00602,0.0,1.2285,3117,0,0,0,0,0,0,0,0,0,0,0,0,0,0,0,0,0,0,0,0,0
1423360,695,0,11,0,0,0,11,-0.00861,0.0,1.3156,2817,0,0,0,0,0,0,0,0,0,0,0,0,0,0,0,0,0,0,0,0,0
1425408,696,0,12,0,1,0,11,-0.00709,0.0,1.2407,3113,0,0,0,0,0,0,0,0,0,0,0,0,0,0,0,0,0,0,0,0,0
1427456,697,0,11,0,2,0,9,-0.00521,0.0,1.3503,2848,0,0,0,0,0,0,0,0,0,0,0,0,0,0,0,0,0,0,0,0,0
1429504,698,0,12,0,2,0,10,-0.00768,0.0,1.3266,3083,0,0,0,0,0,0,0,0,0,0,0,0,0,0,0,0,0,0,0,0,0
1431552,699,0,12,0,1,0,11,-0.00664,0.0,1.3125,3260,0,0,0,0,0,0,0,0,0,0,0,0,0,0,0,0,0,0,0,0,0
1433600,700,0,10,0,0,0,10,-0.00585,0.0,1.3133,3147,0,0,0,0,0,0,0,0,0,0,0,0,0,0,0,0,0,0,0,0,0
1435648,701,0,12,0,3,0,9,-0.00737,0.0,1.3666,3013,0,0,0,0,0,0,0,0,0,0,0,0,0,0,0,0,0,0,0,0,0
1437696,702,0,12,0,2,0,10,-0.0074,0.0,1.4323,2954,0,0,0,0,0,0,0,0,0,0,0,0,0,0,0,0,0,0,0,0,0
1439744,703,0,10,0,1,0,9,-0.009,0.0,1.4627,2908,0,0,0,0,0,0,0,0,0,0,0,0,0,0,0,0,0,0,0,0,0
1441792,704,0,14,0,2,1,11,-0.00787,0.0,1.4655,2987,0,0,0,0,0,0,0,0,0,0,0,0,0,0,0,0,0,0,0,0,0
1443840,705,0,10,0,3,0,7,-0.00686,0.0,1.5156,3088,0,0,0,0,0,0,0,0,0,0,0,0,0,0,0,0,0,0,0,0,0
1445888,706,0,11,0,1,0,10,-0.00677,1e-05,1.4592,3104,0,0,0,0,0,0,0,0,0,0,0,0,0,0,0,0,0,0,0,0,0
1447936,707,0,13,0,1,0,12,-0.00652,1e-05,1.5038,3370,0,0,0,0,0,0,0,0,0,0,0,0,0,0,0,0,0,0,0,0,0
1449984,708,0,9,0,1,0,8,-0.00837,1e-05,1.4254,3207,0,0,0,0,0,0,0,0,0,0,0,0,0,0,0,0,0,0,0,0,0
1452032,709,0,15,0,4,0,11,-0.00522,0.0,1.483,2895,0,0,0,0,0,0,0,0,0,0,0,0,0,0,0,0,0,0,0,0,0
1454080,710,0,11,0,0,0,11,-0.00774,0.0,1.4544,2954,0,0,0,0,0,0,0,0,0,0,0,0,0,0,0,0,0,0,0,0,0
1456128,711,0,9,0,2,0,7,-0.00905,0.0,1.4293,3105,0,0,0,0,0,0,0,0,0,0,0,0,0,0,0,0,0,0,0,0,0
1458176,712,0,12,0,1,0,11,-0.00688,0.0,1.4388,2886,0,0,0,0,0,0,0,0,0,0,0,0,0,0,0,0,0,0,0,0,0
1460224,713,0,12,0,0,0,12,-0.0072,0.0,1.4565,2952,0,0,0,0,0,0,0,0,0,0,0,0,0,0,0,0,0,0,0,0,0
1462272,714,0,12,0,3,0,9,-0.00724,0.0,1.3862,3045,0,0,0,0,0,0,0,0,0,0,0,0,0,0,0,0,0,0,0,0,0
1464320,715,0,11,0,3,0,8,-0.00838,0.0,1.402,2720,0,0,0,0,0,0,0,0,0,0,0,0,0,0,0,0,0,0,0,0,0
1466368,716,0,15,0,2,0,13,-0.00636,0.0,1.4149,2989,0,0,0,0,0,0,0,0,0,0,0,0,0,0,0,0,0,0,0,0,0
1468416,717,0,12,0,6,0,6,-0.00831,0.0,1.424,3076,0,0,0,0,0,0,0,0,0,0,0,0,0,0,0,0,0,0,0,0,0
1470464,718,0,14,0,5,0,9,-0.00886,0.0,1.4373,3089,0,0,0,0,0,0,0,0,0,0,0,0,0,0,0,0,0,0,0,0,0
1472512,719,0,9,0,2,0,7,-0.01022,0.0,1.358,3126,0,0,0,0,0,0,0,0,0,0,0,0,0,0,0,0,0,0,0,0,0
1474560,720,0,11,0,0,0,11,-0.00599,0.0,1.3089,2814,0,0,0,0,0,0,0,0,0,0,0,0,0,0,0,0,0,0,0,0,0
1476608,721,0,11,0,3,0,8,-0.00769,0.0,1.4886,2641,0,0,0,0,0,0,0,0,0,0,0,0,0,0,0,0,0,0,0,0,0
1478656,722,0,14,0,2,0,12,-0.00672,0.0,1.5623,2858,0,0,0,0,0,0,0,0,0,0,0,0,0,0,0,0,0,0,0,0,0
1480704,723,0,11,0,3,0,8,-0.00788,0.0,1.5145,2908,0,0,0,0,0,0,0,0,0,0,0,0,0,0,0,0,0,0,0,0,0
1482752,724,0,13,1,3,0,9,-0.00566,0.00071,1.5248,3052,0,0,0,0,0,0,0,0,0,0,0,0,0,0,0,0,0,0,0,0,0
1484800,725,0,11,0,0,0,11,-0.00663,3e-05,1.4232,3066,0,0,0,0,0,0,0,0,0,0,0,0,0,0,0,0,0,0,0,0,0
1486848,726,0,9,0,0,0,9,-0.00911,1e-05,1.3996,3250,0,0,0,0,0,0,0,0,0,0,0,0,0,0,0,0,0,0,0,0,0
1488896,727,0,13,0,2,0,11,-0.00603,1e-05,1.4268,3238,0,0,0,0,0,0,0,0,0,0,0,0,0,0,0,0,0,0,0,0,0
1490944,728,0,12,0,1,0,11,-0.00777,0.0,1.443,3150,0,0,0,0,0,0,0,0,0,0,0,0,0,0,0,0,0,0,0,0,0
1492992,729,0,9,0,1,0,8,-0.00724,0.0,1.5482,3168,0,0,0,0,0,0,0,0,0,0,0,0,0,0,0,0,0,0,0,0,0
1495040,730,0,14,0,3,0,11,-0.0075,1e-05,1.4632,3159,0,0,0,0,0,0,0,0,0,0,0,0,0,0,0,0,0,0,0,0,0
1497088,731,0,15,0,3,0,12,-0.00693,1e-05,1.476,3196,0,0,0,0,0,0,0,0,0,0,0,0,0,0,0,0,0,0,0,0,0
1499136,732,0,8,0,2,0,6,-0.00622,1e-05,1.5937,2848,0,0,0,0,0,0,0,0,0,0,0,0,0,0,0,0,0,0,0,0,0
1501184,733,0,12,0,2,0,10,-0.00633,0.0,1.5733,3068,0,0,0,0,0,0,0,0,0,0,0,0,0,0,0,0,0,0,0,0,0
1503232,734,0,12,0,2,0,10,-0.00705,0.0,1.5876,2958,0,0,0,0,0,0,0,0,0,0,0,0,0,0,0,0,0,0,0,0,0
1505280,735,0,9,0,0,0,9,-0.00741,0.0,1.4784,2924,0,0,0,0,0,0,0,0,0,0,0,0,0,0,0,0,0,0,0,0,0
1507328,736,0,11,0,0,0,11,-0.00528,0.0,1.4192,2834,0,0,0,0,0,0,0,0,0,0,0,0,0,0,0,0,0,0,0,0,0
1509376,737,0,10,0,1,0,9,-0.0074,0.0,1.5307,2888,0,0,0,0,0,0,0,0,0,0,0,0,0,0,0,0,0,0,0,0,0
1511424,738,0,12,0,1,0,11,-0.00534,0.0,1.576,3037,0,0,0,0,0,0,0,0,0,0,0,0,0,0,0,0,0,0,0,0,0
1513472,739,0,13,0,3,0,10,-0.00535,0.0,1.5254,3048,0,0,0,0,0,0,0,0,0,0,0,0,0,0,0,0,0,0,0,0,0
1515520,740,0,12,1,2,0,9,-0.00608,0.00047,1.5905,3099,0,0,0,0,0,0,0,0,0,0,0,0,0,0,0,0,0,0,0,0,0
1517568,741,0,12,0,3,0,9,-0.00755,1e-05,1.5898,3070,0,0,0,0,0,0,0,0,0,0,0,0,0,0,0,0,0,0,0,0,0
1519616,742,0,14,0,6,1,7,-0.00932,0.0,1.4886,3222,0,0,0,0,0,0,0,0,0,0,0,0,0,0,0,0,0,0,0,0,0
1521664,743,0,14,0,3,0,11,-0.00794,0.0,1.4624,3245,0,0,0,0,0,0,0,0,0,0,0,0,0,0,0,0,0,0,0,0,0
1523712,744,0,8,0,1,0,7,-0.00674,0.0,1.5011,3255,0,0,0,0,0,0,0,0,0,0,0,0,0,0,0,0,0,0,0,0,0
1525760,745,0,16,0,3,0,13,-0.0104,0.0,1.4573,3388,0,0,0,0,0,0,0,0,0,0,0,0,0,0,0,0,0,0,0,0,0
1527808,746,0,10,0,1,0,9,-0.00823,0.0,1.4461,2999,0,0,0,0,0,0,0,0,0,0,0,0,0,0,0,0,0,0,0,0,0
1529856,747,0,11,0,1,0,10,-0.00893,0.0,1.4811,3102,0,0,0,0,0,0,0,0,0,0,0,0,0,0,0,0,0,0,0,0,0
1531904,748,0,11,0,1,0,10,-0.00849,0.0,1.3737,3204,0,0,0,0,0,0,0,0,0,0,0,0,0,0,0,0,0,0,0,0,0
1533952,749,0,11,0,2,0,9,-0.0069,0.0,1.3261,3087,0,0,0,0,0,0,0,0,0,0,0,0,0,0,0,0,0,0,0,0,0
1536000,750,0,11,0,1,0,10,-0.00657,0.0,1.2796,3037,0,0,0,0,0,0,0,0,0,0,0,0,0,0,0,0,0,0,0,0,0
1538048,751,0,12,0,0,0,12,-0.00704,0.0,1.3051,3092,0,0,0,0,0,0,0,0,0,0,0,0,0,0,0,0,0,0,0,0,0
1540096,752,0,9,0,0,0,9,-0.00661,0.0,1.3299,2825,0,0,0,0,0,0,0,0,0,0,0,0,0,0,0,0,0,0,0,0,0
1542144,753,0,11,0,1,0,10,-0.00855,0.0,1.2752,2778,0,0,0,0,0,0,0,0,0,0,0,0,0,0,0,0,0,0,0,0,0
1544192,754,0,14,0,3,1,10,-0.00571,0.0,1.2102,2935,0,0,0,0,0,0,0,0,0,0,0,0,0,0,0,0,0,0,0,0,0
1546240,755,0,12,0,3,0,9,-0.00821,0.0,1.2522,2688,0,0,0,0,0,0,0,0,0,0,0,0,0,0,0,0,0,0,0,0,0
1548288,756,0,11,0,2,0,9,-0.00824,2e-05,1.2571,2663,0,0,0,0,0,0,0,0,0,0,0,0,0,0,0,0,0,0,0,0,0
1550336,757,0,15,0,4,0,11,-0.00921,1e-05,1.2364,2467,0,0,0,0,0,0,0,0,0,0,0,0,0,0,0,0,0,0,0,0,0
1552384,758,0,13,0,2,0,11,-0.00789,0.0,1.2534,2865,0,0,0,0,0,0,0,0,0,0,0,0,0,0,0,0,0,0,0,0,0
1554432,759,0,9,0,2,0,7,-0.00555,0.0,1.227,2787,0,0,0,0,0,0,0,0,0,0,0,0,0,0,0,0,0,0,0,0,0
1556480,760,0,13,0,1,0,12,-0.00755,0.0,1.2238,2759,0,0,0,0,0,0,0,0,0,0,0,0,0,0,0,0,0,0,0,0,0
1558528,761,0,9,0,1,0,8,-0.0103,0.0,1.2346,2649,0,0,0,0,0,0,0,0,0,0,0,0,0,0,0,0,0,0,0,0,0
1560576,762,0,10,0,1,0,9,-0.00742,0.0,1.1742,2617,0,0,0,0,0,0,0,0,0,0,0,0,0,0,0,0,0,0,0,0,0
1562624,763,0,14,0,2,0,12,-0.00812,0.0,1.0389,2906,0,0,0,0,0,0,0,0,0,0,0,0,0,0,0,0,0,0,0,0,0
1564672,764,0,10,0,0,0,10,-0.00669,0.0,1.0769,2501,0,0,0,0,0,0,0,0,0,0,0,0,0,0,0,0,0,0,0,0,0
1566720,765,0,11,0,3,0,8,-0.00919,0.0,1.1471,2828,0,0,0,0,0,0,0,0,0,0,0,0,0,0,0,0,0,0,0,0,0
1568768,766,0,16,0,5,0,11,-0.00589,1e-05,1.1154,2855,0,0,0,0,0,0,0,0,0,0,0,0,0,0,0,0,0,0,0,0,0
1570816,767,0,8,0,0,0,8,-0.00371,0.0,1.0685,2916,0,0,0,0,0,0,0,0,0,0,0,0,0,0,0,0,0,0,0,0,0
1572864,768,0,12,0,0,0,12,-0.0082,0.0,1.0287,2806,0,0,0,0,0,0,0,0,0,0,0,0,0,0,0,0,0,0,0,0,0
1574912,769,0,12,0,1,0,11,-0.00827,0.0,1.0569,2732,0,0,0,0,0,0,0,0,0,0,0,0,0,0,0,0,0,0,0,0,0
1576960,770,0,10,0,2,0,8,-0.00618,0.0,1.0183,2750,0,0,0,0,0,0,0,0,0,0,0,0,0,0,0,0,0,0,0,0,0
1579008,771,0,13,0,1,0,12,-0.00674,0.0,1.0032,2720,0,0,0,0,0,0,0,0,0,0,0,0,0,0,0,0,0,0,0,0,0
1581056,772,0,10,0,0,0,10,-0.00847,0.0,1.0608,2645,0,0,0,0,0,0,0,0,0,0,0,0,0,0,0,0,0,0,0,0,0
1583104,773,0,8,0,0,0,8,-0.00738,0.0,1.0689,2819,0,0,0,0,0,0,0,0,0,0,0,0,0,0,0,0,0,0,0,0,0
1585152,774,0,13,0,2,0,11,-0.00579,0.0,1.0256,2937,0,0,0,0,0,0,0,0,0,0,0,0,0,0,0,0,0,0,0,0,0
1587200,775,0,12,0,0,0,12,-0.00693,0.0,1.0041,2767,0,0,0,0,0,0,0,0,0,0,0,0,0,0,0,0,0,0,0,0,0
1589248,776,0,8,0,0,0,8,-0.00606,0.0,1.0309,2713,0,0,0,0,0,0,0,0,0,0,0,0,0,0,0,0,0,0,0,0,0
1591296,777,0,13,0,1,0,12,-0.0045,0.0,1.0851,2978,0,0,0,0,0,0,0,0,0,0,0,0,0,0,0,0,0,0,0,0,0
1593344,778,0,9,0,1,0,8,-0.00671,0.0,1.0681,2768,0,0,0,0,0,0,0,0,0,0,0,0,0,0,0,0,0,0,0,0,0
1595392,779,0,10,0,1,0,9,-0.00831,0.0,1.1014,2913,0,0,0,0,0,0,0,0,0,0,0,0,0,0,0,0,0,0,0,0,0
1597440,780,0,14,0,1,0,13,-0.00697,0.0,1.1271,2779,0,0,0,0,0,0,0,0,0,0,0,0,0,0,0,0,0,0,0,0,0
1599488,781,0,7,0,2,0,5,-0.00562,0.0,1.1949,2847,0,0,0,0,0,0,0,0,0,0,0,0,0,0,0,0,0,0,0,0,0
1601536,782,0,13,0,1,0,12,-0.00884,0.0,1.1062,2741,0,0,0,0,0,0,0,0,0,0,0,0,0,0,0,0,0,0,0,0,0
1603584,783,0,12,0,0,0,12,-0.00693,0.0,1.0252,2726,0,0,0,0,0,0,0,0,0,0,0,0,0,0,0,0,0,0,0,0,0
1605632,784,0,11,0,3,0,8,-0.00868,1e-05,1.1194,2556,0,0,0,0,0,0,0,0,0,0,0,0,0,0,0,0,0,0,0,0,0
1607680,785,0,11,0,1,0,10,-0.00717,1e-05,1.0225,2639,0,0,0,0,0,0,0,0,0,0,0,0,0,0,0,0,0,0,0,0,0
1609728,786,0,12,0,1,0,11,-0.00677,2e-05,1.0592,2496,0,0,0,0,0,0,0,0,0,0,0,0,0,0,0,0,0,0,0,0,0
1611776,787,0,9,0,1,0,8,-0.008,3e-05,1.1155,2607,0,0,0,0,0,0,0,0,0,0,0,0,0,0,0,0,0,0,0,0,0
1613824,788,0,15,0,4,0,11,-0.00715,1e-05,1.0893,2701,0,0,0,0,0,0,0,0,0,0,0,0,0,0,0,0,0,0,0,0,0
1615872,789,0,10,0,1,0,9,-0.00578,0.0,0.9984,2779,0,0,0,0,0,0,0,0,0,0,0,0,0,0,0,0,0,0,0,0,0
1617920,790,0,9,0,0,0,9,-0.00737,0.0,1.0355,2717,0,0,0,0,0,0,0,0,0,0,0,0,0,0,0,0,0,0,0,0,0
1619968,791,0,13,0,1,0,12,-0.00797,0.0,0.9732,2852,0,0,0,0,0,0,0,0,0,0,0,0,0,0,0,0,0,0,0,0,0
1622016,792,0,9,0,1,0,8,-0.0058,0.0,0.9191,3005,0,0,0,0,0,0,0,0,0,0,0,0,0,0,0,0,0,0,0,0,0
1624064,793,0,9,0,0,0,9,-0.00832,0.0,0.9939,2988,0,0,0,0,0,0,0,0,0,0,0,0,0,0,0,0,0,0,0,0,0
1626112,794,0,14,0,0,0,14,-0.00439,0.0,1.0087,2769,0,0,0,0,0,0,0,0,0,0,0,0,0,0,0,0,0,0,0,0,0
1628160,795,0,9,0,1,0,8,-0.00495,0.0,1.0861,2811,0,0,0,0,0,0,0,0,0,0,0,0,0,0,0,0,0,0,0,0,0
1630208,796,0,11,0,1,0,10,-0.00804,0.0,0.9791,2737,0,0,0,0,0,0,0,0,0,0,0,0,0,0,0,0,0,0,0,0,0
1632256,797,0,11,0,0,0,11,-0.00572,0.0,0.969,2688,0,0,0,0,0,0,0,0,0,0,0,0,0,0,0,0,0,0,0,0,0
1634304,798,0,10,0,2,0,8,-0.00757,0.0,0.9853,3090,0,0,0,0,0,0,0,0,0,0,0,0,0,0,0,0,0,0,0,0,0
1636352,799,0,11,0,0,0,11,-0.00734,0.0,1.0259,2807,0,0,0,0,0,0,0,0,0,0,0,0,0,0,0,0,0,0,0,0,0
1638400,800,0,11,0,2,0,9,-0.00971,0.0,1.0087,2957,0,0,0,0,0,0,0,0,0,0,0,0,0,0,0,0,0,0,0,0,0
1640448,801,0,9,0,0,0,9,-0.00644,0.0,1.0627,2954,0,0,0,0,0,0,0,0,0,0,0,0,0,0,0,0,0,0,0,0,0
1642496,802,0,12,0,0,0,12,-0.00566,0.0,1.0454,2647,0,0,0,0,0,0,0,0,0,0,0,0,0,0,0,0,0,0,0,0,0
1644544,803,0,11,0,0,0,11,-0.00861,0.0,1.0899,2905,0,0,0,0,0,0,0,0,0,0,0,0,0,0,0,0,0,0,0,0,0
1646592,804,0,10,0,1,0,9,-0.00696,0.0,1.0789,2765,0,0,0,0,0,0,0,0,0,0,0,0,0,0,0,0,0,0,0,0,0
1648640,805,0,15,0,3,0,12,-0.00935,0.0,0.9816,3057,0,0,0,0,0,0,0,0,0,0,0,0,0,0,0,0,0,0,0,0,0
1650688,806,0,12,0,1,0,11,-0.00764,0.0,0.9832,2970,0,0,0,0,0,0,0,0,0,0,0,0,0,0,0,0,0,0,0,0,0
1652736,807,0,9,0,2,0,7,-0.00708,0.0,1.0676,2840,0,0,0,0,0,0,0,0,0,0,0,0,0,0,0,0,0,0,0,0,0
1654784,808,0,12,0,0,0,12,-0.00741,0.0,1.051,2967,0,0,0,0,0,0,0,0,0,0,0,0,0,0,0,0,0,0,0,0,0
1656832,809,0,12,0,1,0,11,-0.00802,0.0,1.0276,3045,0,0,0,0,0,0,0,0,0,0,0,0,0,0,0,0,0,0,0,0,0
1658880,810,0,9,0,1,0,8,-0.00803,0.0,1.0173,3052,0,0,0,0,0,0,0,0,0,0,0,0,0,0,0,0,0,0,0,0,0
1660928,811,0,12,0,0,0,12,-0.00544,0.0,0.9229,3017,0,0,0,0,0,0,0,0,0,0,0,0,0,0,0,0,0,0,0,0,0
1662976,812,0,10,0,1,0,9,-0.00883,0.0,0.9267,2913,0,0,0,0,0,0,0,0,0,0,0,0,0,0,0,0,0,0,0,0,0
1665024,813,0,14,0,4,0,10,-0.00621,0.0,1.0372,2911,0,0,0,0,0,0,0,0,0,0,0,0,0,0,0,0,0,0,0,0,0
1667072,814,0,11,0,2,0,9,-0.00713,0.0,1.0274,2833,0,0,0,0,0,0,0,0,0,0,0,0,0,0,0,0,0,0,0,0,0
1669120,815,0,11,0,2,0,9,-0.00675,0.0,1.0174,2846,0,0,0,0,0,0,0,0,0,0,0,0,0,0,0,0,0,0,0,0,0
1671168,816,0,11,0,1,0,10,-0.00869,0.0,1.0132,2877,0,0,0,0,0,0,0,0,0,0,0,0,0,0,0,0,0,0,0,0,0
1673216,817,0,11,0,1,0,10,-0.00624,0.0,1.0426,2847,0,0,0,0,0,0,0,0,0,0,0,0,0,0,0,0,0,0,0,0,0
1675264,818,0,12,0,1,0,11,-0.00804,0.0,1.091,2701,0,0,0,0,0,0,0,0,0,0,0,0,0,0,0,0,0,0,0,0,0
1677312,819,0,9,0,0,0,9,-0.00852,0.0,1.0455,2867,0,0,0,0,0,0,0,0,0,0,0,0,0,0,0,0,0,0,0,0,0
1679360,820,0,14,0,2,0,12,-0.00783,0.0,1.0428,3085,0,0,0,0,0,0,0,0,0,0,0,0,0,0,0,0,0,0,0,0,0
1681408,821,0,9,0,0,0,9,-0.00749,0.0,1.0554,2977,0,0,0,0,0,0,0,0,0,0,0,0,0,0,0,0,0,0,0,0,0
1683456,822,0,11,0,0,0,11,-0.00722,0.0,1.0767,2977,0,0,0,0,0,0,0,0,0,0,0,0,0,0,0,0,0,0,0,0,0
1685504,823,0,12,0,1,0,11,-0.00738,0.0,1.1374,2892,0,0,0,0,0,0,0,0,0,0,0,0,0,0,0,0,0,0,0,0,0
1687552,824,0,9,0,2,0,7,-0.0065,0.0,1.0747,2914,0,0,0,0,0,0,0,0,0,0,0,0,0,0,0,0,0,0,0,0,0
1689600,825,0,12,0,0,0,12,-0.00596,0.0,0.9691,3126,0,0,0,0,0,0,0,0,0,0,0,0,0,0,0,0,0,0,0,0,0
1691648,826,0,11,0,1,0,10,-0.00685,0.0,1.0089,2888,0,0,0,0,0,0,0,0,0,0,0,0,0,0,0,0,0,0,0,0,0
1693696,827,0,13,0,3,0,10,-0.00659,0.0,1.1234,2920,0,0,0,0,0,0,0,0,0,0,0,0,0,0,0,0,0,0,0,0,0
1695744,828,0,11,0,1,0,10,-0.0064,0.0,1.105,3026,0,0,0,0,0,0,0,0,0,0,0,0,0,0,0,0,0,0,0,0,0
1697792,829,0,12,0,2,0,10,-0.0064,0.0,1.048,2975,0,0,0,0,0,0,0,0,0,0,0,0,0,0,0,0,0,0,0,0,0
1699840,830,0,11,0,0,0,11,-0.00839,0.0,1.0805,3033,0,0,0,0,0,0,0,0,0,0,0,0,0,0,0,0,0,0,0,0,0
1701888,831,0,12,0,2,0,10,-0.008,0.0,1.0147,2939,0,0,0,0,0,0,0,0,0,0,0,0,0,0,0,0,0,0,0,0,0
1703936,832,0,9,0,1,0,8,-0.00697,0.0,1.0312,3015,0,0,0,0,0,0,0,0,0,0,0,0,0,0,0,0,0,0,0,0,0
1705984,833,0,13,0,3,0,10,-0.00689,0.0,1.0398,2863,0,0,0,0,0,0,0,0,0,0,0,0,0,0,0,0,0,0,0,0,0
1708032,834,0,12,0,3,0,9,-0.00708,0.0,0.9753,2982,0,0,0,0,0,0,0,0,0,0,0,0,0,0,0,0,0,0,0,0,0
1710080,835,0,11,0,1,0,10,-0.0077,0.0,0.9139,3111,0,0,0,0,0,0,0,0,0,0,0,0,0,0,0,0,0,0,0,0,0
1712128,836,0,13,0,2,0,11,-0.00524,3e-05,0.8851,3058,0,0,0,0,0,0,0,0,0,0,0,0,0,0,0,0,0,0,0,0,0
1714176,837,0,14,0,4,0,10,-0.00522,1e-05,0.9624,3154,0,0,0,0,0,0,0,0,0,0,0,0,0,0,0,0,0,0,0,0,0
1716224,838,0,8,0,1,0,7,-0.00528,0.0,0.9206,2924,0,0,0,0,0,0,0,0,0,0,0,0,0,0,0,0,0,0,0,0,0
1718272,839,0,13,0,0,0,13,-0.00685,0.0,1.0289,2566,0,0,0,0,0,0,0,0,0,0,0,0,0,0,0,0,0,0,0,0,0
1720320,840,0,12,0,2,0,10,-0.00538,0.0,1.0698,2591,0,0,0,0,0,0,0,0,0,0,0,0,0,0,0,0,0,0,0,0,0
1722368,841,0,8,0,0,0,8,-0.00782,0.0,0.8832,3003,0,0,0,0,0,0,0,0,0,0,0,0,0,0,0,0,0,0,0,0,0
1724416,842,0,13,0,0,0,13,-0.00666,0.0,0.811,2929,0,0,0,0,0,0,0,0,0,0,0,0,0,0,0,0,0,0,0,0,0
1726464,843,0,11,0,2,0,9,-0.00972,0.0,0.9644,3040,0,0,0,0,0,0,0,0,0,0,0,0,0,0,0,0,0,0,0,0,0
1728512,844,0,9,0,0,0,9,-0.00831,0.0,1.0185,2704,0,0,0,0,0,0,0,0,0,0,0,0,0,0,0,0,0,0,0,0,0
1730560,845,0,12,0,1,0,11,-0.00907,0.0,0.9472,2675,0,0,0,0,0,0,0,0,0,0,0,0,0,0,0,0,0,0,0,0,0
1732608,846,0,12,0,1,0,11,-0.0113,0.0,1.0673,2746,0,0,0,0,0,0,0,0,0,0,0,0,0,0,0,0,0,0,0,0,0
1734656,847,0,9,0,1,0,8,-0.00921,0.0,1.1043,2457,0,0,0,0,0,0,0,0,0,0,0,0,0,0,0,0,0,0,0,0,0
1736704,848,0,14,0,2,0,12,-0.00851,0.0,1.0134,2776,0,0,0,0,0,0,0,0,0,0,0,0,0,0,0,0,0,0,0,0,0
1738752,849,0,10,0,1,0,9,-0.0054,0.0,0.9468,2875,0,0,0,0,0,0,0,0,0,0,0,0,0,0,0,0,0,0,0,0,0
1740800,850,0,10,0,1,0,9,-0.00571,0.0,1.0604,2977,0,0,0,0,0,0,0,0,0,0,0,0,0,0,0,0,0,0,0,0,0
1742848,851,0,12,0,2,0,10,-0.00376,0.0,0.9418,2803,0,0,0,0,0,0,0,0,0,0,0,0,0,0,0,0,0,0,0,0,0
1744896,852,0,11,0,1,0,10,-0.00695,0.0,0.8633,2900,0,0,0,0,0,0,0,0,0,0,0,0,0,0,0,0,0,0,0,0,0
1746944,853,0,12,0,0,0,12,-0.00824,0.0,0.9361,2428,0,0,0,0,0,0,0,0,0,0,0,0,0,0,0,0,0,0,0,0,0
1748992,854,0,7,0,0,0,7,-0.00726,0.0,0.9584,2539,0,0,0,0,0,0,0,0,0,0,0,0,0,0,0,0,0,0,0,0,0
1751040,855,0,11,0,0,0,11,-0.00839,0.0,0.8613,2858,0,0,0,0,0,0,0,0,0,0,0,0,0,0,0,0,0,0,0,0,0
1753088,856,0,16,0,3,0,13,-0.00892,0.0,0.9111,2904,0,0,0,0,0,0,0,0,0,0,0,0,0,0,0,0,0,0,0,0,0
1755136,857,0,8,0,0,0,8,-0.00696,0.0,0.8676,2877,0,0,0,0,0,0,0,0,0,0,0,0,0,0,0,0,0,0,0,0,0
1757184,858,0,15,0,5,0,10,-0.00814,0.0,0.9036,2645,0,0,0,0,0,0,0,0,0,0,0,0,0,0,0,0,0,0,0,0,0
1759232,859,0,14,0,4,0,10,-0.00585,0.0,0.9527,2767,0,0,0,0,0,0,0,0,0,0,0,0,0,0,0,0,0,0,0,0,0
1761280,860,0,8,0,0,0,8,-0.00841,0.0,0.9866,2500,0,0,0,0,0,0,0,0,0,0,0,0,0,0,0,0,0,0,0,0,0
1763328,861,0,13,0,1,0,12,-0.00669,0.0,0.9272,2474,0,0,0,0,0,0,0,0,0,0,0,0,0,0,0,0,0,0,0,0,0
1765376,862,0,10,0,0,0,10,-0.00561,0.0,0.9676,2664,0,0,0,0,0,0,0,0,0,0,0,0,0,0,0,0,0,0,0,0,0
1767424,863,0,14,0,4,1,9,-0.00789,0.0,1.1139,2846,0,0,0,0,0,0,0,0,0,0,0,0,0,0,0,0,0,0,0,0,0
1769472,864,0,12,0,1,0,11,-0.00894,0.0,1.1288,2947,0,0,0,0,0,0,0,0,0,0,0,0,0,0,0,0,0,0,0,0,0
1771520,865,0,12,0,3,0,9,-0.00719,0.0,1.0744,2944,0,0,0,0,0,0,0,0,0,0,0,0,0,0,0,0,0,0,0,0,0
1773568,866,0,10,0,0,0,10,-0.00913,0.0,1.1577,2794,0,0,0,0,0,0,0,0,0,0,0,0,0,0,0,0,0,0,0,0,0
1775616,867,0,12,0,2,0,10,-0.00771,0.0,1.17,2814,0,0,0,0,0,0,0,0,0,0,0,0,0,0,0,0,0,0,0,0,0
1777664,868,0,12,0,2,0,10,-0.00881,0.0,1.1489,3061,0,0,0,0,0,0,0,0,0,0,0,0,0,0,0,0,0,0,0,0,0
1779712,869,0,10,0,1,0,9,-0.00811,0.0,1.1275,2729,0,0,0,0,0,0,0,0,0,0,0,0,0,0,0,0,0,0,0,0,0
1781760,870,0,14,0,2,0,12,-0.0092,0.0,1.1499,2854,0,0,0,0,0,0,0,0,0,0,0,0,0,0,0,0,0,0,0,0,0
1783808,871,0,10,0,3,0,7,-0.00663,0.0,1.1157,2826,0,0,0,0,0,0,0,0,0,0,0,0,0,0,0,0,0,0,0,0,0
1785856,872,0,13,0,4,0,9,-0.01065,0.0,1.1696,2815,0,0,0,0,0,0,0,0,0,0,0,0,0,0,0,0,0,0,0,0,0
1787904,873,0,15,0,3,0,12,-0.00834,0.0,1.1931,2980,0,0,0,0,0,0,0,0,0,0,0,0,0,0,0,0,0,0,0,0,0
1789952,874,0,12,0,4,0,8,-0.00928,0.0,1.2063,2666,0,0,0,0,0,0,0,0,0,0,0,0,0,0,0,0,0,0,0,0,0
1792000,875,0,9,0,0,0,9,-0.00826,0.0,1.1112,2919,0,0,0,0,0,0,0,0,0,0,0,0,0,0,0,0,0,0,0,0,0
1794048,876,0,15,0,2,0,13,-0.00902,0.0,1.049,3018,0,0,0,0,0,0,0,0,0,0,0,0,0,0,0,0,0,0,0,0,0
1796096,877,0,10,0,0,0,10,-0.00945,0.0,1.1169,2872,0,0,0,0,0,0,0,0,0,0,0,0,0,0,0,0,0,0,0,0,0
1798144,878,0,9,0,0,0,9,-0.00867,0.0,1.1443,2705,0,0,0,0,0,0,0,0,0,0,0,0,0,0,0,0,0,0,0,0,0
1800192,879,0,13,0,1,0,12,-0.00396,0.0,1.1783,2529,0,0,0,0,0,0,0,0,0,0,0,0,0,0,0,0,0,0,0,0,0
1802240,880,0,12,0,2,0,10,-0.0086,0.0,1.187,2723,0,0,0,0,0,0,0,0,0,0,0,0,0,0,0,0,0,0,0,0,0
1804288,881,0,12,0,4,0,8,-0.00889,0.0,1.1669,2674,0,0,0,0,0,0,0,0,0,0,0,0,0,0,0,0,0,0,0,0,0
1806336,882,0,15,0,4,0,11,-0.00966,0.0,1.1753,2844,0,0,0,0,0,0,0,0,0,0,0,0,0,0,0,0,0,0,0,0,0
1808384,883,0,12,0,5,0,7,-0.00774,0.0,1.252,2565,0,0,0,0,0,0,0,0,0,0,0,0,0,0,0,0,0,0,0,0,0
1810432,884,0,13,0,1,0,12,-0.0107,0.0,1.2115,2666,0,0,0,0,0,0,0,0,0,0,0,0,0,0,0,0,0,0,0,0,0
1812480,885,0,12,0,2,0,10,-0.00749,0.0,1.2957,2677,0,0,0,0,0,0,0,0,0,0,0,0,0,0,0,0,0,0,0,0,0
1814528,886,0,10,0,2,0,8,-0.00632,0.0,1.2381,2903,0,0,0,0,0,0,0,0,0,0,0,0,0,0,0,0,0,0,0,0,0
1816576,887,0,13,0,2,0,11,-0.00921,0.0,1.2966,2674,0,0,0,0,0,0,0,0,0,0,0,0,0,0,0,0,0,0,0,0,0
1818624,888,0,11,0,1,0,10,-0.00706,0.0,1.3004,2858,0,0,0,0,0,0,0,0,0,0,0,0,0,0,0,0,0,0,0,0,0
1820672,889,0,11,0,1,0,10,-0.00861,0.0,1.354,2726,0,0,0,0,0,0,0,0,0,0,0,0,0,0,0,0,0,0,0,0,0
1822720,890,0,14,0,3,0,11,-0.00868,0.0,1.3377,3040,0,0,0,0,0,0,0,0,0,0,0,0,0,0,0,0,0,0,0,0,0
1824768,891,0,10,0,2,0,8,-0.00937,0.0,1.3523,2967,0,0,0,0,0,0,0,0,0,0,0,0,0,0,0,0,0,0,0,0,0
1826816,892,0,15,0,4,0,11,-0.00833,0.0,1.3602,2895,0,0,0,0,0,0,0,0,0,0,0,0,0,0,0,0,0,0,0,0,0
1828864,893,0,9,0,3,0,6,-0.0113,0.0,1.4318,2894,0,0,0,0,0,0,0,0,0,0,0,0,0,0,0,0,0,0,0,0,0
1830912,894,0,13,0,3,0,10,-0.01048,0.0,1.311,2674,0,0,0,0,0,0,0,0,0,0,0,0,0,0,0,0,0,0,0,0,0
1832960,895,0,13,0,1,1,11,-0.00837,0.0,1.2942,2893,0,0,0,0,0,0,0,0,0,0,0,0,0,0,0,0,0,0,0,0,0
1835008,896,0,11,0,3,0,8,-0.00788,0.0,1.3058,2892,0,0,0,0,0,0,0,0,0,0,0,0,0,0,0,0,0,0,0,0,0
1837056,897,0,9,0,1,0,8,-0.00772,0.0,1.2964,3141,0,0,0,0,0,0,0,0,0,0,0,0,0,0,0,0,0,0,0,0,0
1839104,898,0,14,0,1,0,13,-0.0083,0.0,1.2883,2992,0,0,0,0,0,0,0,0,0,0,0,0,0,0,0,0,0,0,0,0,0
1841152,899,0,10,0,1,0,9,-0.0103,0.0,1.285,2610,0,0,0,0,0,0,0,0,0,0,0,0,0,0,0,0,0,0,0,0,0
1843200,900,0,11,0,1,0,10,-0.00852,0.0,1.3439,2928,0,0,0,0,0,0,0,0,0,0,0,0,0,0,0,0,0,0,0,0,0
1845248,901,0,11,0,2,0,9,-0.00854,0.0,1.3961,2729,0,0,0,0,0,0,0,0,0,0,0,0,0,0,0,0,0,0,0,0,0
1847296,902,0,12,0,2,0,10,-0.01004,0.0,1.3864,2934,0,0,0,0,0,0,0,0,0,0,0,0,0,0,0,0,0,0,0,0,0
1849344,903,0,13,0,3,0,10,-0.01033,0.0,1.3426,3008,0,0,0,0,0,0,0,0,0,0,0,0,0,0,0,0,0,0,0,0,0
1851392,904,0,10,0,2,0,8,-0.01108,0.0,1.417,2850,0,0,0,0,0,0,0,0,0,0,0,0,0,0,0,0,0,0,0,0,0
1853440,905,0,11,0,1,0,10,-0.00918,0.0,1.3397,2883,0,0,0,0,0,0,0,0,0,0,0,0,0,0,0,0,0,0,0,0,0
1855488,906,0,11,0,0,0,11,-0.00901,0.0,1.3332,2976,0,0,0,0,0,0,0,0,0,0,0,0,0,0,0,0,0,0,0,0,0
1857536,907,0,12,0,4,0,8,-0.01041,0.0,1.3008,2982,0,0,0,0,0,0,0,0,0,0,0,0,0,0,0,0,0,0,0,0,0
1859584,908,0,11,0,2,0,9,-0.00987,0.0,1.3086,2934,0,0,0,0,0,0,0,0,0,0,0,0,0,0,0,0,0,0,0,0,0
1861632,909,0,11,0,2,0,9,-0.00862,0.0,1.3767,2737,0,0,0,0,0,0,0,0,0,0,0,0,0,0,0,0,0,0,0,0,0
1863680,910,0,14,0,2,0,12,-0.00994,0.0,1.3182,2866,0,0,0,0,0,0,0,0,0,0,0,0,0,0,0,0,0,0,0,0,0
1865728,911,0,8,0,0,0,8,-0.01038,0.0,1.3348,2886,0,0,0,0,0,0,0,0,0,0,0,0,0,0,0,0,0,0,0,0,0
1867776,912,0,18,0,7,0,11,-0.01031,0.0,1.3825,2742,0,0,0,0,0,0,0,0,0,0,0,0,0,0,0,0,0,0,0,0,0
1869824,913,0,11,0,0,0,11,-0.01073,0.0,1.2898,2991,0,0,0,0,0,0,0,0,0,0,0,0,0,0,0,0,0,0,0,0,0
1871872,914,0,10,0,1,0,9,-0.00747,0.0,1.3142,2966,0,0,0,0,0,0,0,0,0,0,0,0,0,0,0,0,0,0,0,0,0
1873920,915,0,12,0,0,0,12,-0.00977,0.0,1.3117,3086,0,0,0,0,0,0,0,0,0,0,0,0,0,0,0,0,0,0,0,0,0
1875968,916,0,11,1,4,0,6,-0.00679,0.00099,1.3054,2963,0,0,0,0,0,0,0,0,0,0,0,0,0,0,0,0,0,0,0,0,0
1878016,917,0,12,0,1,0,11,-0.00918,4e-05,1.3303,3095,0,0,0,0,0,0,0,0,0,0,0,0,0,0,0,0,0,0,0,0,0
1880064,918,0,11,0,4,0,7,-0.00806,2e-05,1.2523,2987,0,0,0,0,0,0,0,0,0,0,0,0,0,0,0,0,0,0,0,0,0
1882112,919,0,11,0,1,0,10,-0.00975,1e-05,1.268,2800,0,0,0,0,0,0,0,0,0,0,0,0,0,0,0,0,0,0,0,0,0
1884160,920,0,14,0,3,0,11,-0.00863,0.0,1.289,2822,0,0,0,0,0,0,0,0,0,0,0,0,0,0,0,0,0,0,0,0,0
1886208,921,0,8,0,0,0,8,-0.0109,0.0,1.3717,2933,0,0,0,0,0,0,0,0,0,0,0,0,0,0,0,0,0,0,0,0,0
1888256,922,0,13,0,1,0,12,-0.01091,0.0,1.3439,2876,0,0,0,0,0,0,0,0,0,0,0,0,0,0,0,0,0,0,0,0,0
1890304,923,0,13,0,3,0,10,-0.00915,0.0,1.3506,2719,0,0,0,0,0,0,0,0,0,0,0,0,0,0,0,0,0,0,0,0,0
1892352,924,0,7,0,1,0,6,-0.00835,0.0,1.3101,2643,0,0,0,0,0,0,0,0,0,0,0,0,0,0,0,0,0,0,0,0,0
1894400,925,0,14,0,1,0,13,-0.00963,0.0,1.2906,2904,0,0,0,0,0,0,0,0,0,0,0,0,0,0,0,0,0,0,0,0,0
1896448,926,0,12,0,3,0,9,-0.01092,0.0,1.2689,2728,0,0,0,0,0,0,0,0,0,0,0,0,0,0,0,0,0,0,0,0,0
1898496,927,0,12,0,3,0,9,-0.00596,0.0,1.1967,2863,0,0,0,0,0,0,0,0,0,0,0,0,0,0,0,0,0,0,0,0,0
1900544,928,0,11,0,0,0,11,-0.00765,0.0,1.1795,2911,0,0,0,0,0,0,0,0,0,0,0,0,0,0,0,0,0,0,0,0,0
1902592,929,0,12,0,2,0,10,-0.00795,0.0,1.1446,2713,0,0,0,0,0,0,0,0,0,0,0,0,0,0,0,0,0,0,0,0,0
1904640,930,0,10,0,0,1,9,-0.01014,0.0,1.1508,3035,0,0,0,0,0,0,0,0,0,0,0,0,0,0,0,0,0,0,0,0,0
1906688,931,0,14,0,2,0,12,-0.00857,0.0,1.1845,3003,0,0,0,0,0,0,0,0,0,0,0,0,0,0,0,0,0,0,0,0,0
1908736,932,0,8,0,0,0,8,-0.00836,0.0,1.1346,2886,0,0,0,0,0,0,0,0,0,0,0,0,0,0,0,0,0,0,0,0,0
1910784,933,0,11,0,1,0,10,-0.00917,0.0,1.1946,2901,0,0,0,0,0,0,0,0,0,0,0,0,0,0,0,0,0,0,0,0,0
1912832,934,0,16,0,3,0,13,-0.0106,0.0,1.1803,2908,0,0,0,0,0,0,0,0,0,0,0,0,0,0,0,0,0,0,0,0,0
1914880,935,0,7,0,0,0,7,-0.00771,0.0,1.1356,2902,0,0,0,0,0,0,0,0,0,0,0,0,0,0,0,0,0,0,0,0,0
1916928,936,0,13,0,2,0,11,-0.01023,0.0,1.2096,2951,0,0,0,0,0,0,0,0,0,0,0,0,0,0,0,0,0,0,0,0,0
1918976,937,0,11,0,1,0,10,-0.00974,0.0,1.1438,2861,0,0,0,0,0,0,0,0,0,0,0,0,0,0,0,0,0,0,0,0,0
1921024,938,0,8,0,0,0,8,-0.00786,0.0,1.1865,2995,0,0,0,0,0,0,0,0,0,0,0,0,0,0,0,0,0,0,0,0,0
1923072,939,0,14,0,3,0,11,-0.00782,0.0,1.0752,2688,0,0,0,0,0,0,0,0,0,0,0,0,0,0,0,0,0,0,0,0,0
1925120,940,0,12,0,0,0,12,-0.0087,0.0,1.0414,2983,0,0,0,0,0,0,0,0,0,0,0,0,0,0,0,0,0,0,0,0,0
1927168,941,0,5,0,0,0,5,-0.0076,0.0,1.1137,2831,0,0,0,0,0,0,0,0,0,0,0,0,0,0,0,0,0,0,0,0,0
1929216,942,0,15,0,0,0,15,-0.00826,0.0,1.0975,2802,0,0,0,0,0,0,0,0,0,0,0,0,0,0,0,0,0,0,0,0,0
1931264,943,0,13,0,2,0,11,-0.01017,0.0,1.0992,2837,0,0,0,0,0,0,0,0,0,0,0,0,0,0,0,0,0,0,0,0,0
1933312,944,0,7,0,2,0,5,-0.00796,0.0,1.1775,2713,0,0,0,0,0,0,0,0,0,0,0,0,0,0,0,0,0,0,0,0,0
1935360,945,0,14,0,1,0,13,-0.00882,0.0,1.087,2632,0,0,0,0,0,0,0,0,0,0,0,0,0,0,0,0,0,0,0,0,0
1937408,946,0,13,0,2,0,11,-0.00761,0.0,1.0661,2948,0,0,0,0,0,0,0,0,0,0,0,0,0,0,0,0,0,0,0,0,0
1939456,947,0,8,0,1,0,7,-0.00877,2e-05,1.0395,2975,0,0,0,0,0,0,0,0,0,0,0,0,0,0,0,0,0,0,0,0,0
1941504,948,0,13,0,0,0,13,-0.00617,5e-05,1.1091,2996,0,0,0,0,0,0,0,0,0,0,0,0,0,0,0,0,0,0,0,0,0
1943552,949,0,12,0,3,0,9,-0.00996,2e-05,1.1075,2669,0,0,0,0,0,0,0,0,0,0,0,0,0,0,0,0,0,0,0,0,0
1945600,950,0,11,0,2,0,9,-0.01023,1e-05,1.0237,2957,0,0,0,0,0,0,0,0,0,0,0,0,0,0,0,0,0,0,0,0,0
1947648,951,0,10,0,1,0,9,-0.00843,1e-05,1.043,2878,0,0,0,0,0,0,0,0,0,0,0,0,0,0,0,0,0,0,0,0,0
1949696,952,0,14,0,2,0,12,-0.00829,0.0,1.0937,2981,0,0,0,0,0,0,0,0,0,0,0,0,0,0,0,0,0,0,0,0,0
1951744,953,0,10,0,1,0,9,-0.00979,0.0,1.1397,2468,0,0,0,0,0,0,0,0,0,0,0,0,0,0,0,0,0,0,0,0,0
1953792,954,0,13,0,3,0,10,-0.00932,0.0,1.1558,2669,0,0,0,0,0,0,0,0,0,0,0,0,0,0,0,0,0,0,0,0,0
1955840,955,0,12,0,2,0,10,-0.00768,0.0,1.0951,3009,0,0,0,0,0,0,0,0,0,0,0,0,0,0,0,0,0,0,0,0,0
1957888,956,0,11,0,1,0,10,-0.00783,0.0,1.141,2940,0,0,0,0,0,0,0,0,0,0,0,0,0,0,0,0,0,0,0,0,0
1959936,957,0,11,0,1,0,10,-0.00761,0.0,1.1548,3104,0,0,0,0,0,0,0,0,0,0,0,0,0,0,0,0,0,0,0,0,0
1961984,958,0,10,0,0,0,10,-0.00902,0.0,1.1463,2849,0,0,0,0,0,0,0,0,0,0,0,0,0,0,0,0,0,0,0,0,0
1964032,959,0,15,0,3,0,12,-0.0067,0.0,1.1057,2669,0,0,0,0,0,0,0,0,0,0,0,0,0,0,0,0,0,0,0,0,0
1966080,960,0,10,0,1,0,9,-0.00885,0.0,1.0386,2676,0,0,0,0,0,0,0,0,0,0,0,0,0,0,0,0,0,0,0,0,0
1968128,961,0,11,0,2,0,9,-0.00821,0.0,1.0766,2856,0,0,0,0,0,0,0,0,0,0,0,0,0,0,0,0,0,0,0,0,0
1970176,962,0,12,0,0,0,12,-0.00798,0.0,1.0642,3073,0,0,0,0,0,0,0,0,0,0,0,0,0,0,0,0,0,0,0,0,0
1972224,963,0,8,0,0,0,8,-0.00661,0.0,0.9446,2957,0,0,0,0,0,0,0,0,0,0,0,0,0,0,0,0,0,0,0,0,0
1974272,964,0,11,0,0,0,11,-0.00815,0.0,1.0563,2996,0,0,0,0,0,0,0,0,0,0,0,0,0,0,0,0,0,0,0,0,0
1976320,965,0,13,0,2,0,11,-0.0065,0.0,1.1227,2719,0,0,0,0,0,0,0,0,0,0,0,0,0,0,0,0,0,0,0,0,0
1978368,966,0,10,0,0,0,10,-0.00727,0.0,0.9299,2543,0,0,0,0,0,0,0,0,0,0,0,0,0,0,0,0,0,0,0,0,0
1980416,967,0,9,0,0,0,9,-0.00933,0.0,1.049,2693,0,0,0,0,0,0,0,0,0,0,0,0,0,0,0,0,0,0,0,0,0
1982464,968,0,14,0,2,0,12,-0.00933,0.0,1.0805,2854,0,0,0,0,0,0,0,0,0,0,0,0,0,0,0,0,0,0,0,0,0
1984512,969,0,10,0,1,0,9,-0.00703,0.0,0.9924,2630,0,0,0,0,0,0,0,0,0,0,0,0,0,0,0,0,0,0,0,0,0
1986560,970,0,10,0,0,0,10,-0.00858,0.0,1.0438,2690,0,0,0,0,0,0,0,0,0,0,0,0,0,0,0,0,0,0,0,0,0
1988608,971,0,14,0,1,0,13,-0.00774,0.0,1.0785,2827,0,0,0,0,0,0,0,0,0,0,0,0,0,0,0,0,0,0,0,0,0
1990656,972,0,8,0,0,0,8,-0.00799,0.0,1.1027,2819,0,0,0,0,0,0,0,0,0,0,0,0,0,0,0,0,0,0,0,0,0
1992704,973,0,10,0,1,0,9,-0.00832,0.0,1.0995,2855,0,0,0,0,0,0,0,0,0,0,0,0,0,0,0,0,0,0,0,0,0
1994752,974,0,14,0,3,0,11,-0.00745,0.0,1.1098,2725,0,0,0,0,0,0,0,0,0,0,0,0,0,0,0,0,0,0,0,0,0
1996800,975,0,12,0,2,0,10,-0.00918,0.0,1.0582,2705,0,0,0,0,0,0,0,0,0,0,0,0,0,0,0,0,0,0,0,0,0
1998848,976,0,10,0,2,0,8,-0.01005,0.0,1.1204,2914,0,0,0,0,0,0,0,0,0,0,0,0,0,0,0,0,0,0,0,0,0
2000896,977,0,12,0,2,0,10,-0.01133,0.0,1.0438,2790,0,0,0,0,0,0,0,0,0,0,0,0,0,0,0,0,0,0,0,0,0
2002944,978,0,12,0,1,0,11,-0.00815,0.0,1.1091,2717,0,0,0,0,0,0,0,0,0,0,0,0,0,0,0,0,0,0,0,0,0
2004992,979,0,8,0,0,0,8,-0.0096,0.0,1.1167,2704,0,0,0,0,0,0,0,0,0,0,0,0,0,0,0,0,0,0,0,0,0
2007040,980,0,15,0,3,0,12,-0.00836,0.0,1.0142,2619,0,0,0,0,0,0,0,0,0,0,0,0,0,0,0,0,0,0,0,0,0
2009088,981,0,12,0,2,0,10,-0.00949,0.0,1.1549,2744,0,0,0,0,0,0,0,0,0,0,0,0,0,0,0,0,0,0,0,0,0
2011136,982,0,10,0,1,0,9,-0.00645,0.0,1.0163,2384,0,0,0,0,0,0,0,0,0,0,0,0,0,0,0,0,0,0,0,0,0
2013184,983,0,13,0,1,0,12,-0.0097,0.0,1.0472,2923,0,0,0,0,0,0,0,0,0,0,0,0,0,0,0,0,0,0,0,0,0
2015232,984,0,9,0,0,0,9,-0.00878,0.0,1.0274,2837,0,0,0,0,0,0,0,0,0,0,0,0,0,0,0,0,0,0,0,0,0
2017280,985,0,12,0,2,0,10,-0.01237,0.0,1.1018,2859,0,0,0,0,0,0,0,0,0,0,0,0,0,0,0,0,0,0,0,0,0
2019328,986,0,13,0,2,0,11,-0.00996,0.0,1.0141,2934,0,0,0,0,0,0,0,0,0,0,0,0,0,0,0,0,0,0,0,0,0
2021376,987,0,9,0,0,0,9,-0.0077,0.0,0.9677,2950,0,0,0,0,0,0,0,0,0,0,0,0,0,0,0,0,0,0,0,0,0
2023424,988,0,11,0,2,0,9,-0.00872,0.0,1.0132,2925,0,0,0,0,0,0,0,0,0,0,0,0,0,0,0,0,0,0,0,0,0
2025472,989,0,15,0,1,0,14,-0.00993,0.0,0.9517,2930,0,0,0,0,0,0,0,0,0,0,0,0,0,0,0,0,0,0,0,0,0
2027520,990,0,8,0,2,0,6,-0.00764,0.0,0.9104,2851,0,0,0,0,0,0,0,0,0,0,0,0,0,0,0,0,0,0,0,0,0
2029568,991,0,12,0,1,0,11,-0.00886,0.0,0.8287,3017,0,0,0,0,0,0,0,0,0,0,0,0,0,0,0,0,0,0,0,0,0
2031616,992,0,12,0,2,0,10,-0.00758,0.0,0.9942,2774,0,0,0,0,0,0,0,0,0,0,0,0,0,0,0,0,0,0,0,0,0
2033664,993,0,9,0,1,0,8,-0.00744,0.0,0.9374,2980,0,0,0,0,0,0,0,0,0,0,0,0,0,0,0,0,0,0,0,0,0
2035712,994,0,14,0,1,0,13,-0.00593,0.0,0.9975,2792,0,0,0,0,0,0,0,0,0,0,0,0,0,0,0,0,0,0,0,0,0
2037760,995,0,8,0,1,0,7,-0.00595,0.0,0.9704,2721,0,0,0,0,0,0,0,0,0,0,0,0,0,0,0,0,0,0,0,0,0
2039808,996,0,13,0,2,0,11,-0.00797,0.0,1.0108,2945,0,0,0,0,0,0,0,0,0,0,0,0,0,0,0,0,0,0,0,0,0
2041856,997,0,14,0,4,0,10,-0.00714,0.0,0.9906,2926,0,0,0,0,0,0,0,0,0,0,0,0,0,0,0,0,0,0,0,0,0
2043904,998,0,8,0,0,0,8,-0.00946,0.0,0.9899,2842,0,0,0,0,0,0,0,0,0,0,0,0,0,0,0,0,0,0,0,0,0
2045952,999,0,14,0,4,0,10,-0.00967,0.0,0.8727,2804,0,0,0,0,0,0,0,0,0,0,0,0,0,0,0,0,0,0,0,0,0
2048000,1000,0,14,0,1,0,13,-0.00826,0.0,0.888,3048,0,0,0,0,0,0,0,0,0,0,0,0,0,0,0,0,0,0,0,0,0
2050048,1001,0,7,0,1,0,6,-0.00787,0.0,0.9212,3111,0,0,0,0,0,0,0,0,0,0,0,0,0,0,0,0,0,0,0,0,0
2052096,1002,0,13,0,1,0,12,-0.00752,0.0,1.0668,2872,0,0,0,0,0,0,0,0,0,0,0,0,0,0,0,0,0,0,0,0,0
2054144,1003,0,15,0,4,0,11,-0.00924,0.0,1.092,3064,0,0,0,0,0,0,0,0,0,0,0,0,0,0,0,0,0,0,0,0,0
2056192,1004,0,8,0,1,0,7,-0.00821,0.0,1.0258,2975,0,0,0,0,0,0,0,0,0,0,0,0,0,0,0,0,0,0,0,0,0
2058240,1005,0,13,0,2,0,11,-0.01038,0.0,1.0592,2938,0,0,0,0,0,0,0,0,0,0,0,0,0,0,0,0,0,0,0,0,0
2060288,1006,0,12,0,1,0,11,-0.00947,0.0,1.1363,3134,0,0,0,0,0,0,0,0,0,0,0,0,0,0,0,0,0,0,0,0,0
2062336,1007,0,11,0,2,0,9,-0.00851,0.0,1.0266,3131,0,0,0,0,0,0,0,0,0,0,0,0,0,0,0,0,0,0,0,0,0
2064384,1008,0,12,0,2,0,10,-0.00881,0.0,1.0716,3042,0,0,0,0,0,0,0,0,0,0,0,0,0,0,0,0,0,0,0,0,0
2066432,1009,0,12,0,2,0,10,-0.0089,0.0,1.0782,3025,0,0,0,0,0,0,0,0,0,0,0,0,0,0,0,0,0,0,0,0,0
2068480,1010,0,10,0,2,0,8,-0.00758,1e-05,0.9181,2912,0,0,0,0,0,0,0,0,0,0,0,0,0,0,0,0,0,0,0,0,0
2070528,1011,0,16,0,4,0,12,-0.00712,0.0,0.9601,2958,0,0,0,0,0,0,0,0,0,0,0,0,0,0,0,0,0,0,0,0,0
2072576,1012,0,11,0,2,0,9,-0.00632,0.0,1.0698,3173,0,0,0,0,0,0,0,0,0,0,0,0,0,0,0,0,0,0,0,0,0
2074624,1013,0,8,0,0,0,8,-0.00968,0.0,1.1254,2969,0,0,0,0,0,0,0,0,0,0,0,0,0,0,0,0,0,0,0,0,0
2076672,1014,0,15,0,2,0,13,-0.00867,0.0,1.0513,2990,0,0,0,0,0,0,0,0,0,0,0,0,0,0,0,0,0,0,0,0,0
2078720,1015,0,11,0,3,0,8,-0.0116,0.0,1.069,3034,0,0,0,0,0,0,0,0,0,0,0,0,0,0,0,0,0,0,0,0,0
2080768,1016,0,12,0,3,0,9,-0.00945,0.0,1.0292,2996,0,0,0,0,0,0,0,0,0,0,0,0,0,0,0,0,0,0,0,0,0
2082816,1017,0,10,0,1,0,9,-0.00744,0.0,1.0179,3142,0,0,0,0,0,0,0,0,0,0,0,0,0,0,0,0,0,0,0,0,0
2084864,1018,0,12,0,0,0,12,-0.00892,0.0,1.0322,3174,0,0,0,0,0,0,0,0,0,0,0,0,0,0,0,0,0,0,0,0,0
2086912,1019,0,10,0,1,0,9,-0.00722,0.0,1.0619,3027,0,0,0,0,0,0,0,0,0,0,0,0,0,0,0,0,0,0,0,0,0
2088960,1020,0,11,0,3,0,8,-0.0097,0.0,1.0125,3080,0,0,0,0,0,0,0,0,0,0,0,0,0,0,0,0,0,0,0,0,0
2091008,1021,0,14,0,2,0,12,-0.00976,0.0,1.0143,2901,0,0,0,0,0,0,0,0,0,0,0,0,0,0,0,0,0,0,0,0,0
2093056,1022,0,7,0,2,0,5,-0.00832,0.0,0.9422,3130,0,0,0,0,0,0,0,0,0,0,0,0,0,0,0,0,0,0,0,0,0
2095104,1023,0,12,0,0,0,12,-0.00809,0.0,1.0177,3189,0,0,0,0,0,0,0,0,0,0,0,0,0,0,0,0,0,0,0,0,0
2097152,1024,0,14,0,1,0,13,-0.00813,0.0,1.0771,3312,0,0,0,0,0,0,0,0,0,0,0,0,0,0,0,0,0,0,0,0,0
2099200,1025,0,7,0,1,0,6,-0.00596,0.0,1.0918,3151,0,0,0,0,0,0,0,0,0,0,0,0,0,0,0,0,0,0,0,0,0
2101248,1026,0,14,0,2,0,12,-0.00851,0.0,1.1321,3104,0,0,0,0,0,0,0,0,0,0,0,0,0,0,0,0,0,0,0,0,0
2103296,1027,0,12,0,2,0,10,-0.00997,0.0,1.1166,3129,0,0,0,0,0,0,0,0,0,0,0,0,0,0,0,0,0,0,0,0,0
2105344,1028,0,9,0,1,0,8,-0.00836,0.0,1.0244,2968,0,0,0,0,0,0,0,0,0,0,0,0,0,0,0,0,0,0,0,0,0
2107392,1029,0,13,0,0,0,13,-0.00904,0.0,1.145,3347,0,0,0,0,0,0,0,0,0,0,0,0,0,0,0,0,0,0,0,0,0
2109440,1030,0,10,0,2,0,8,-0.00991,0.0,1.0853,3421,0,0,0,0,0,0,0,0,0,0,0,0,0,0,0,0,0,0,0,0,0
2111488,1031,0,10,0,1,0,9,-0.01188,0.0,1.1008,3374,0,0,0,0,0,0,0,0,0,0,0,0,0,0,0,0,0,0,0,0,0
2113536,1032,0,14,0,3,0,11,-0.00974,0.0,1.1794,3395,0,0,0,0,0,0,0,0,0,0,0,0,0,0,0,0,0,0,0,0,0
2115584,1033,0,11,0,0,0,11,-0.00739,0.0,1.1853,3317,0,0,0,0,0,0,0,0,0,0,0,0,0,0,0,0,0,0,0,0,0
2117632,1034,0,9,0,1,0,8,-0.00892,0.0,1.0788,3505,0,0,0,0,0,0,0,0,0,0,0,0,0,0,0,0,0,0,0,0,0
2119680,1035,0,13,0,1,0,12,-0.0111,0.0,1.1243,3297,0,0,0,0,0,0,0,0,0,0,0,0,0,0,0,0,0,0,0,0,0
2121728,1036,0,10,0,1,0,9,-0.00922,0.0,1.1939,3174,0,0,0,0,0,0,0,0,0,0,0,0,0,0,0,0,0,0,0,0,0
2123776,1037,0,13,0,2,0,11,-0.00762,0.0,1.1496,3414,0,0,0,0,0,0,0,0,0,0,0,0,0,0,0,0,0,0,0,0,0
2125824,1038,0,9,0,0,0,9,-0.00875,0.0,1.2066,3413,0,0,0,0,0,0,0,0,0,0,0,0,0,0,0,0,0,0,0,0,0
2127872,1039,0,11,0,0,0,11,-0.00707,0.0,1.2405,3483,0,0,0,0,0,0,0,0,0,0,0,0,0,0,0,0,0,0,0,0,0
2129920,1040,0,13,0,3,0,10,-0.00915,0.0,1.2481,3162,0,0,0,0,0,0,0,0,0,0,0,0,0,0,0,0,0,0,0,0,0
2131968,1041,0,9,0,1,0,8,-0.00991,0.0,1.2678,3353,0,0,0,0,0,0,0,0,0,0,0,0,0,0,0,0,0,0,0,0,0
2134016,1042,0,11,0,1,0,10,-0.00787,0.0,1.1442,3093,0,0,0,0,0,0,0,0,0,0,0,0,0,0,0,0,0,0,0,0,0
2136064,1043,0,12,0,0,0,12,-0.00823,0.0,1.1466,3146,0,0,0,0,0,0,0,0,0,0,0,0,0,0,0,0,0,0,0,0,0
2138112,1044,0,11,0,2,0,9,-0.00998,0.0,1.1623,3108,0,0,0,0,0,0,0,0,0,0,0,0,0,0,0,0,0,0,0,0,0
2140160,1045,0,10,0,2,0,8,-0.00854,0.0,1.2358,3024,0,0,0,0,0,0,0,0,0,0,0,0,0,0,0,0,0,0,0,0,0
2142208,1046,0,16,0,2,0,14,-0.00856,0.0,1.2738,3095,0,0,0,0,0,0,0,0,0,0,0,0,0,0,0,0,0,0,0,0,0
2144256,1047,0,9,0,2,0,7,-0.00964,0.0,1.3155,3300,0,0,0,0,0,0,0,0,0,0,0,0,0,0,0,0,0,0,0,0,0
2146304,1048,0,10,0,1,0,9,-0.00956,0.0,1.3247,2964,0,0,0,0,0,0,0,0,0,0,0,0,0,0,0,0,0,0,0,0,0
2148352,1049,0,14,0,2,0,12,-0.00906,0.0,1.2702,3274,0,0,0,0,0,0,0,0,0,0,0,0,0,0,0,0,0,0,0,0,0
2150400,1050,0,10,0,0,0,10,-0.00793,0.0,1.2193,3136,0,0,0,0,0,0,0,0,0,0,0,0,0,0,0,0,0,0,0,0,0
2152448,1051,0,12,0,2,0,10,-0.00952,0.0,1.305,3104,0,0,0,0,0,0,0,0,0,0,0,0,0,0,0,0,0,0,0,0,0
2154496,1052,0,11,0,1,0,10,-0.00826,0.0,1.1943,3077,0,0,0,0,0,0,0,0,0,0,0,0,0,0,0,0,0,0,0,0,0
2156544,1053,0,10,0,0,0,10,-0.00678,0.0,1.1723,3358,0,0,0,0,0,0,0,0,0,0,0,0,0,0,0,0,0,0,0,0,0
2158592,1054,0,10,0,1,0,9,-0.01079,0.0,1.2965,3266,0,0,0,0,0,0,0,0,0,0,0,0,0,0,0,0,0,0,0,0,0
2160640,1055,0,11,0,1,0,10,-0.00671,0.0,1.2073,3077,0,0,0,0,0,0,0,0,0,0,0,0,0,0,0,0,0,0,0,0,0
2162688,1056,0,12,0,1,0,11,-0.00983,0.0,1.2319,3081,0,0,0,0,0,0,0,0,0,0,0,0,0,0,0,0,0,0,0,0,0
2164736,1057,0,9,0,0,0,9,-0.01061,0.0,1.2832,2947,0,0,0,0,0,0,0,0,0,0,0,0,0,0,0,0,0,0,0,0,0
2166784,1058,0,12,0,1,0,11,-0.00931,0.0,1.2591,3206,0,0,0,0,0,0,0,0,0,0,0,0,0,0,0,0,0,0,0,0,0
2168832,1059,0,13,0,1,0,12,-0.0119,0.0,1.3206,3050,0,0,0,0,0,0,0,0,0,0,0,0,0,0,0,0,0,0,0,0,0
2170880,1060,0,10,0,2,0,8,-0.0071,0.0,1.2759,3159,0,0,0,0,0,0,0,0,0,0,0,0,0,0,0,0,0,0,0,0,0
2172928,1061,0,12,0,2,0,10,-0.00837,0.0,1.3248,3172,0,0,0,0,0,0,0,0,0,0,0,0,0,0,0,0,0,0,0,0,0
2174976,1062,0,10,0,0,0,10,-0.0084,0.0,1.3203,3173,0,0,0,0,0,0,0,0,0,0,0,0,0,0,0,0,0,0,0,0,0
2177024,1063,0,11,0,2,0,9,-0.00852,0.0,1.3129,3008,0,0,0,0,0,0,0,0,0,0,0,0,0,0,0,0,0,0,0,0,0
2179072,1064,0,13,0,2,0,11,-0.00696,0.0,1.3488,3156,0,0,0,0,0,0,0,0,0,0,0,0,0,0,0,0,0,0,0,0,0
2181120,1065,0,10,0,1,0,9,-0.00722,0.0,1.346,3284,0,0,0,0,0,0,0,0,0,0,0,0,0,0,0,0,0,0,0,0,0
2183168,1066,0,9,0,1,0,8,-0.00633,0.0,1.2595,3424,0,0,0,0,0,0,0,0,0,0,0,0,0,0,0,0,0,0,0,0,0
2185216,1067,0,16,0,2,0,14,-0.00908,0.0,1.2619,3336,0,0,0,0,0,0,0,0,0,0,0,0,0,0,0,0,0,0,0,0,0
2187264,1068,0,10,0,3,0,7,-0.01138,0.0,1.2162,3267,0,0,0,0,0,0,0,0,0,0,0,0,0,0,0,0,0,0,0,0,0
2189312,1069,0,11,0,0,0,11,-0.0064,1e-05,1.2829,3270,0,0,0,0,0,0,0,0,0,0,0,0,0,0,0,0,0,0,0,0,0
2191360,1070,0,12,0,1,0,11,-0.00852,2e-05,1.2228,3292,0,0,0,0,0,0,0,0,0,0,0,0,0,0,0,0,0,0,0,0,0
2193408,1071,0,8,0,0,0,8,-0.01135,1e-05,1.1691,3078,0,0,0,0,0,0,0,0,0,0,0,0,0,0,0,0,0,0,0,0,0
2195456,1072,0,12,1,1,0,10,-0.00213,0.00034,1.2891,3210,0,0,0,0,0,0,0,0,0,0,0,0,0,0,0,0,0,0,0,0,0
2197504,1073,0,14,0,0,0,14,-0.00724,2e-05,1.2925,2995,0,0,0,0,0,0,0,0,0,0,0,0,0,0,0,0,0,0,0,0,0
2199552,1074,0,8,0,2,0,6,-0.00816,1e-05,1.2662,2725,0,0,0,0,0,0,0,0,0,0,0,0,0,0,0,0,0,0,0,0,0
2201600,1075,0,11,0,1,0,10,-0.00897,0.0,1.3102,2911,0,0,0,0,0,0,0,0,0,0,0,0,0,0,0,0,0,0,0,0,0
2203648,1076,0,14,0,1,0,13,-0.00903,0.0,1.2586,3099,0,0,0,0,0,0,0,0,0,0,0,0,0,0,0,0,0,0,0,0,0
2205696,1077,0,9,0,2,0,7,-0.01187,0.0,1.196,3145,0,0,0,0,0,0,0,0,0,0,0,0,0,0,0,0,0,0,0,0,0
2207744,1078,0,10,0,2,0,8,-0.00866,0.0,1.2126,3037,0,0,0,0,0,0,0,0,0,0,0,0,0,0,0,0,0,0,0,0,0
2209792,1079,0,16,0,6,0,10,-0.00969,0.0,1.2285,3057,0,0,0,0,0,0,0,0,0,0,0,0,0,0,0,0,0,0,0,0,0
2211840,1080,0,8,0,0,0,8,-0.00837,0.0,1.2091,3084,0,0,0,0,0,0,0,0,0,0,0,0,0,0,0,0,0,0,0,0,0
2213888,1081,0,15,0,3,0,12,-0.01032,0.0,1.1531,3065,0,0,0,0,0,0,0,0,0,0,0,0,0,0,0,0,0,0,0,0,0
2215936,1082,0,9,0,0,0,9,-0.00711,0.0,1.1686,2986,0,0,0,0,0,0,0,0,0,0,0,0,0,0,0,0,0,0,0,0,0
2217984,1083,0,12,0,2,0,10,-0.0068,0.0,1.1744,3322,0,0,0,0,0,0,0,0,0,0,0,0,0,0,0,0,0,0,0,0,0
2220032,1084,0,12,0,0,0,12,-0.00805,0.0,1.173,3042,0,0,0,0,0,0,0,0,0,0,0,0,0,0,0,0,0,0,0,0,0
2222080,1085,0,11,0,3,0,8,-0.00753,0.0,1.1884,3172,0,0,0,0,0,0,0,0,0,0,0,0,0,0,0,0,0,0,0,0,0
2224128,1086,0,12,0,2,0,10,-0.00872,0.0,1.2481,2832,0,0,0,0,0,0,0,0,0,0,0,0,0,0,0,0,0,0,0,0,0
2226176,1087,0,11,0,2,0,9,-0.00832,0.0,1.294,3035,0,0,0,0,0,0,0,0,0,0,0,0,0,0,0,0,0,0,0,0,0
2228224,1088,0,13,0,3,0,10,-0.00908,0.0,1.2401,3055,0,0,0,0,0,0,0,0,0,0,0,0,0,0,0,0,0,0,0,0,0
2230272,1089,0,10,0,0,0,10,-0.01064,0.0,1.1459,3129,0,0,0,0,0,0,0,0,0,0,0,0,0,0,0,0,0,0,0,0,0
2232320,1090,0,12,0,1,0,11,-0.00808,0.0,1.1039,2988,0,0,0,0,0,0,0,0,0,0,0,0,0,0,0,0,0,0,0,0,0
2234368,1091,0,10,0,2,0,8,-0.00822,0.0,1.2879,3083,0,0,0,0,0,0,0,0,0,0,0,0,0,0,0,0,0,0,0,0,0
2236416,1092,0,13,0,1,0,12,-0.0076,0.0,1.289,2924,0,0,0,0,0,0,0,0,0,0,0,0,0,0,0,0,0,0,0,0,0
2238464,1093,0,11,0,1,0,10,-0.00838,0.0,1.3452,2967,0,0,0,0,0,0,0,0,0,0,0,0,0,0,0,0,0,0,0,0,0
2240512,1094,0,8,0,1,0,7,-0.00935,0.0,1.2918,2946,0,0,0,0,0,0,0,0,0,0,0,0,0,0,0,0,0,0,0,0,0
2242560,1095,0,13,0,0,0,13,-0.00872,0.0,1.2852,2937,0,0,0,0,0,0,0,0,0,0,0,0,0,0,0,0,0,0,0,0,0
2244608,1096,0,13,0,2,0,11,-0.01072,0.0,1.3153,3147,0,0,0,0,0,0,0,0,0,0,0,0,0,0,0,0,0,0,0,0,0
2246656,1097,0,11,0,3,0,8,-0.00718,0.0,1.2301,2761,0,0,0,0,0,0,0,0,0,0,0,0,0,0,0,0,0,0,0,0,0
2248704,1098,0,15,0,5,0,10,-0.01033,0.0,1.3106,3196,0,0,0,0,0,0,0,0,0,0,0,0,0,0,0,0,0,0,0,0,0
2250752,1099,0,12,0,2,0,10,-0.00995,0.0,1.2387,2904,0,0,0,0,0,0,0,0,0,0,0,0,0,0,0,0,0,0,0,0,0
2252800,1100,0,9,0,2,0,7,-0.00989,0.0,1.2853,2526,0,0,0,0,0,0,0,0,0,0,0,0,0,0,0,0,0,0,0,0,0
2254848,1101,0,14,0,1,0,13,-0.01083,0.0,1.2916,2461,0,0,0,0,0,0,0,0,0,0,0,0,0,0,0,0,0,0,0,0,0
2256896,1102,0,11,0,2,0,9,-0.00806,0.0,1.2973,2888,0,0,0,0,0,0,0,0,0,0,0,0,0,0,0,0,0,0,0,0,0
2258944,1103,0,9,0,0,1,8,-0.01131,0.0,1.2442,2571,0,0,0,0,0,0,0,0,0,0,0,0,0,0,0,0,0,0,0,0,0
2260992,1104,0,12,0,1,0,11,-0.00707,0.0,1.2448,2854,0,0,0,0,0,0,0,0,0,0,0,0,0,0,0,0,0,0,0,0,0
2263040,1105,0,11,0,1,1,9,-0.00836,0.0,1.1938,3017,0,0,0,0,0,0,0,0,0,0,0,0,0,0,0,0,0,0,0,0,0
2265088,1106,0,10,0,1,0,9,-0.00938,0.0,1.2589,3091,0,0,0,0,0,0,0,0,0,0,0,0,0,0,0,0,0,0,0,0,0
2267136,1107,0,11,0,2,0,9,-0.00832,0.0,1.1597,3096,0,0,0,0,0,0,0,0,0,0,0,0,0,0,0,0,0,0,0,0,0
2269184,1108,0,13,0,2,0,11,-0.00936,0.0,1.2405,2965,0,0,0,0,0,0,0,0,0,0,0,0,0,0,0,0,0,0,0,0,0
2271232,1109,0,10,0,3,0,7,-0.00966,0.0,1.1549,3049,0,0,0,0,0,0,0,0,0,0,0,0,0,0,0,0,0,0,0,0,0
2273280,1110,0,11,0,1,0,10,-0.00887,0.0,1.0976,3009,0,0,0,0,0,0,0,0,0,0,0,0,0,0,0,0,0,0,0,0,0
2275328,1111,0,13,0,1,0,12,-0.00524,1e-05,1.1921,2884,0,0,0,0,0,0,0,0,0,0,0,0,0,0,0,0,0,0,0,0,0
2277376,1112,0,8,0,0,0,8,-0.0054,2e-05,1.1329,3115,0,0,0,0,0,0,0,0,0,0,0,0,0,0,0,0,0,0,0,0,0
2279424,1113,0,13,0,3,0,10,-0.00709,0.0,1.1344,3224,0,0,0,0,0,0,0,0,0,0,0,0,0,0,0,0,0,0,0,0,0
2281472,1114,0,13,0,3,0,10,-0.00767,0.0,1.209,2999,0,0,0,0,0,0,0,0,0,0,0,0,0,0,0,0,0,0,0,0,0
2283520,1115,0,13,0,4,1,8,-0.0073,0.0,1.1766,2906,0,0,0,0,0,0,0,0,0,0,0,0,0,0,0,0,0,0,0,0,0
2285568,1116,0,11,0,3,0,8,-0.00852,0.0,1.22,2950,0,0,0,0,0,0,0,0,0,0,0,0,0,0,0,0,0,0,0,0,0
2287616,1117,0,13,0,3,0,10,-0.00958,0.0,1.091,2775,0,0,0,0,0,0,0,0,0,0,0,0,0,0,0,0,0,0,0,0,0
2289664,1118,0,10,0,2,0,8,-0.00875,0.0,1.1166,2845,0,0,0,0,0,0,0,0,0,0,0,0,0,0,0,0,0,0,0,0,0
2291712,1119,0,13,0,1,0,12,-0.00903,0.0,1.0891,2909,0,0,0,0,0,0,0,0,0,0,0,0,0,0,0,0,0,0,0,0,0
2293760,1120,0,15,0,4,0,11,-0.00953,0.0,1.1321,2948,0,0,0,0,0,0,0,0,0,0,0,0,0,0,0,0,0,0,0,0,0
2295808,1121,0,9,0,0,0,9,-0.00781,0.0,1.1664,2969,0,0,0,0,0,0,0,0,0,0,0,0,0,0,0,0,0,0,0,0,0
2297856,1122,0,11,0,1,1,9,-0.0109,0.0,1.0977,3121,0,0,0,0,0,0,0,0,0,0,0,0,0,0,0,0,0,0,0,0,0
2299904,1123,0,12,0,1,0,11,-0.0066,0.0,1.0039,2977,0,0,0,0,0,0,0,0,0,0,0,0,0,0,0,0,0,0,0,0,0
2301952,1124,0,11,0,3,0,8,-0.00866,0.0,1.0308,2992,0,0,0,0,0,0,0,0,0,0,0,0,0,0,0,0,0,0,0,0,0
2304000,1125,0,13,0,1,0,12,-0.00927,0.0,1.0279,3072,0,0,0,0,0,0,0,0,0,0,0,0,0,0,0,0,0,0,0,0,0
2306048,1126,0,14,0,5,1,8,-0.01041,0.0,1.1156,2826,0,0,0,0,0,0,0,0,0,0,0,0,0,0,0,0,0,0,0,0,0
2308096,1127,0,8,0,1,0,7,-0.00773,0.0,1.1128,3174,0,0,0,0,0,0,0,0,0,0,0,0,0,0,0,0,0,0,0,0,0
2310144,1128,0,13,0,2,0,11,-0.00768,0.0,1.0297,2724,0,0,0,0,0,0,0,0,0,0,0,0,0,0,0,0,0,0,0,0,0
2312192,1129,0,13,0,3,0,10,-0.00661,0.0,1.036,2486,0,0,0,0,0,0,0,0,0,0,0,0,0,0,0,0,0,0,0,0,0
2314240,1130,0,11,0,3,0,8,-0.00749,0.0,1.0934,2533,0,0,0,0,0,0,0,0,0,0,0,0,0,0,0,0,0,0,0,0,0
2316288,1131,0,13,0,3,0,10,-0.00958,0.0,1.123,2875,0,0,0,0,0,0,0,0,0,0,0,0,0,0,0,0,0,0,0,0,0
2318336,1132,0,17,0,7,0,10,-0.00786,0.0,1.0824,2667,0,0,0,0,0,0,0,0,0,0,0,0,0,0,0,0,0,0,0,0,0
2320384,1133,0,10,0,3,0,7,-0.00853,0.0,1.1102,2814,0,0,0,0,0,0,0,0,0,0,0,0,0,0,0,0,0,0,0,0,0
2322432,1134,0,13,0,1,0,12,-0.00991,0.0,1.1761,2880,0,0,0,0,0,0,0,0,0,0,0,0,0,0,0,0,0,0,0,0,0
2324480,1135,0,11,0,0,0,11,-0.00565,0.0,1.2133,2738,0,0,0,0,0,0,0,0,0,0,0,0,0,0,0,0,0,0,0,0,0
2326528,1136,0,9,0,0,0,9,-0.00552,0.0,1.1388,2835,0,0,0,0,0,0,0,0,0,0,0,0,0,0,0,0,0,0,0,0,0
2328576,1137,0,12,0,2,0,10,-0.00919,0.0,1.1741,2888,0,0,0,0,0,0,0,0,0,0,0,0,0,0,0,0,0,0,0,0,0
2330624,1138,0,14,0,2,0,12,-0.00771,0.0,1.0128,2858,0,0,0,0,0,0,0,0,0,0,0,0,0,0,0,0,0,0,0,0,0
2332672,1139,0,7,0,2,0,5,-0.00932,0.0,1.1271,3054,0,0,0,0,0,0,0,0,0,0,0,0,0,0,0,0,0,0,0,0,0
2334720,1140,0,15,0,1,0,14,-0.00851,0.0,1.1686,2959,0,0,0,0,0,0,0,0,0,0,0,0,0,0,0,0,0,0,0,0,0
2336768,1141,0,11,0,3,0,8,-0.00997,0.0,1.2144,2702,0,0,0,0,0,0,0,0,0,0,0,0,0,0,0,0,0,0,0,0,0
2338816,1142,0,14,0,4,0,10,-0.00741,0.0,1.1819,2631,0,0,0,0,0,0,0,0,0,0,0,0,0,0,0,0,0,0,0,0,0
2340864,1143,0,11,0,3,0,8,-0.00552,0.0,1.0438,2797,0,0,0,0,0,0,0,0,0,0,0,0,0,0,0,0,0,0,0,0,0
2342912,1144,0,14,0,5,0,9,-0.00785,0.0,1.0391,2646,0,0,0,0,0,0,0,0,0,0,0,0,0,0,0,0,0,0,0,0,0
2344960,1145,0,11,0,4,0,7,-0.01057,0.0,1.0861,2828,0,0,0,0,0,0,0,0,0,0,0,0,0,0,0,0,0,0,0,0,0
2347008,1146,0,12,0,0,0,12,-0.00865,0.0,1.1913,2870,0,0,0,0,0,0,0,0,0,0,0,0,0,0,0,0,0,0,0,0,0
2349056,1147,0,13,0,2,0,11,-0.00929,0.0,1.1407,2909,0,0,0,0,0,0,0,0,0,0,0,0,0,0,0,0,0,0,0,0,0
2351104,1148,0,5,0,0,0,5,-0.00769,0.0,1.1414,3007,0,0,0,0,0,0,0,0,0,0,0,0,0,0,0,0,0,0,0,0,0
2353152,1149,0,14,0,2,0,12,-0.00592,0.0,1.055,2683,0,0,0,0,0,0,0,0,0,0,0,0,0,0,0,0,0,0,0,0,0
2355200,1150,0,18,0,3,0,15,-0.0079,0.0,1.1086,2740,0,0,0,0,0,0,0,0,0,0,0,0,0,0,0,0,0,0,0,0,0
2357248,1151,0,8,0,4,0,4,-0.00661,0.0,1.1572,2939,0,0,0,0,0,0,0,0,0,0,0,0,0,0,0,0,0,0,0,0,0
2359296,1152,0,13,0,1,0,12,-0.00692,0.0,1.1514,2821,0,0,0,0,0,0,0,0,0,0,0,0,0,0,0,0,0,0,0,0,0
2361344,1153,0,13,0,1,1,11,-0.00733,0.0,1.1881,2654,0,0,0,0,0,0,0,0,0,0,0,0,0,0,0,0,0,0,0,0,0
2363392,1154,0,11,0,3,1,7,-0.00604,0.0,1.0206,2907,0,0,0,0,0,0,0,0,0,0,0,0,0,0,0,0,0,0,0,0,0
2365440,1155,0,14,0,2,0,12,-0.00719,0.0,1.0637,2806,0,0,0,0,0,0,0,0,0,0,0,0,0,0,0,0,0,0,0,0,0
2367488,1156,0,10,0,1,0,9,-0.00582,0.0,1.0578,2579,0,0,0,0,0,0,0,0,0,0,0,0,0,0,0,0,0,0,0,0,0
2369536,1157,0,12,0,1,0,11,-0.0101,0.0,1.0977,2713,0,0,0,0,0,0,0,0,0,0,0,0,0,0,0,0,0,0,0,0,0
2371584,1158,0,14,0,4,0,10,-0.00932,0.0,1.1303,2828,0,0,0,0,0,0,0,0,0,0,0,0,0,0,0,0,0,0,0,0,0
2373632,1159,0,10,0,3,0,7,-0.00724,0.0,1.0415,2869,0,0,0,0,0,0,0,0,0,0,0,0,0,0,0,0,0,0,0,0,0
2375680,1160,0,14,0,2,0,12,-0.00798,0.0,1.1145,2795,0,0,0,0,0,0,0,0,0,0,0,0,0,0,0,0,0,0,0,0,0
2377728,1161,0,11,0,2,0,9,-0.00899,0.0,1.1389,2776,0,0,0,0,0,0,0,0,0,0,0,0,0,0,0,0,0,0,0,0,0
2379776,1162,0,11,0,1,0,10,-0.01021,0.0,1.1034,2966,0,0,0,0,0,0,0,0,0,0,0,0,0,0,0,0,0,0,0,0,0
2381824,1163,0,13,0,1,0,12,-0.00926,0.0,1.0781,2876,0,0,0,0,0,0,0,0,0,0,0,0,0,0,0,0,0,0,0,0,0
2383872,1164,0,10,0,1,0,9,-0.00727,4e-05,1.0815,2876,0,0,0,0,0,0,0,0,0,0,0,0,0,0,0,0,0,0,0,0,0
2385920,1165,0,11,0,1,0,10,-0.01032,6e-05,1.1564,2705,0,0,0,0,0,0,0,0,0,0,0,0,0,0,0,0,0,0,0,0,0
2387968,1166,0,12,0,3,0,9,-0.00768,3e-05,1.2297,2888,0,0,0,0,0,0,0,0,0,0,0,0,0,0,0,0,0,0,0,0,0
2390016,1167,0,11,0,1,0,10,-0.00687,1e-05,1.3081,2640,0,0,0,0,0,0,0,0,0,0,0,0,0,0,0,0,0,0,0,0,0
2392064,1168,0,11,0,1,0,10,-0.00794,1e-05,1.2378,3008,0,0,0,0,0,0,0,0,0,0,0,0,0,0,0,0,0,0,0,0,0
2394112,1169,0,12,0,1,0,11,-0.00737,0.0,1.1896,3032,0,0,0,0,0,0,0,0,0,0,0,0,0,0,0,0,0,0,0,0,0
2396160,1170,0,12,0,2,0,10,-0.00964,0.0,1.2527,2974,0,0,0,0,0,0,0,0,0,0,0,0,0,0,0,0,0,0,0,0,0
2398208,1171,0,10,0,1,0,9,-0.00803,0.0,1.0775,3043,0,0,0,0,0,0,0,0,0,0,0,0,0,0,0,0,0,0,0,0,0
2400256,1172,0,13,0,2,0,11,-0.00826,0.0,1.0741,3062,0,0,0,0,0,0,0,0,0,0,0,0,0,0,0,0,0,0,0,0,0
2402304,1173,0,10,0,2,0,8,-0.00879,0.0,1.1583,3017,0,0,0,0,0,0,0,0,0,0,0,0,0,0,0,0,0,0,0,0,0
2404352,1174,0,16,0,4,0,12,-0.0079,0.0,1.2079,2790,0,0,0,0,0,0,0,0,0,0,0,0,0,0,0,0,0,0,0,0,0
2406400,1175,0,11,0,2,0,9,-0.00735,0.0,1.2226,2726,0,0,0,0,0,0,0,0,0,0,0,0,0,0,0,0,0,0,0,0,0
2408448,1176,0,13,0,3,0,10,-0.00987,0.0,1.2564,2758,0,0,0,0,0,0,0,0,0,0,0,0,0,0,0,0,0,0,0,0,0
2410496,1177,0,11,0,0,0,11,-0.00983,0.0,1.2654,2932,0,0,0,0,0,0,0,0,0,0,0,0,0,0,0,0,0,0,0,0,0
2412544,1178,0,10,0,2,0,8,-0.00984,0.0,1.2553,2950,0,0,0,0,0,0,0,0,0,0,0,0,0,0,0,0,0,0,0,0,0
2414592,1179,0,12,0,1,0,11,-0.00812,0.0,1.1822,2914,0,0,0,0,0,0,0,0,0,0,0,0,0,0,0,0,0,0,0,0,0
2416640,1180,0,10,0,2,0,8,-0.00897,0.0,1.1655,2817,0,0,0,0,0,0,0,0,0,0,0,0,0,0,0,0,0,0,0,0,0
2418688,1181,0,12,0,2,0,10,-0.00727,0.0,1.1029,2493,0,0,0,0,0,0,0,0,0,0,0,0,0,0,0,0,0,0,0,0,0
2420736,1182,0,11,0,0,0,11,-0.00833,0.0,1.0638,2786,0,0,0,0,0,0,0,0,0,0,0,0,0,0,0,0,0,0,0,0,0
2422784,1183,0,10,0,1,0,9,-0.00649,0.0,1.081,2743,0,0,0,0,0,0,0,0,0,0,0,0,0,0,0,0,0,0,0,0,0
2424832,1184,0,11,0,0,0,11,-0.00844,0.0,1.1105,2942,0,0,0,0,0,0,0,0,0,0,0,0,0,0,0,0,0,0,0,0,0
2426880,1185,0,11,0,1,0,10,-0.00956,0.0,1.1745,2901,0,0,0,0,0,0,0,0,0,0,0,0,0,0,0,0,0,0,0,0,0
2428928,1186,0,10,0,1,0,9,-0.00817,0.0,1.1819,2737,0,0,0,0,0,0,0,0,0,0,0,0,0,0,0,0,0,0,0,0,0
2430976,1187,0,18,0,6,1,11,-0.01013,0.0,1.1645,2832,0,0,0,0,0,0,0,0,0,0,0,0,0,0,0,0,0,0,0,0,0
2433024,1188,0,9,0,1,0,8,-0.00905,0.0,1.1337,2867,0,0,0,0,0,0,0,0,0,0,0,0,0,0,0,0,0,0,0,0,0
2435072,1189,0,11,0,3,0,8,-0.00892,0.0,1.1191,2892,0,0,0,0,0,0,0,0,0,0,0,0,0,0,0,0,0,0,0,0,0
2437120,1190,0,13,0,1,0,12,-0.00851,0.0,1.1803,2889,0,0,0,0,0,0,0,0,0,0,0,0,0,0,0,0,0,0,0,0,0
2439168,1191,0,10,0,0,1,9,-0.00773,0.0,1.2146,2656,0,0,0,0,0,0,0,0,0,0,0,0,0,0,0,0,0,0,0,0,0
2441216,1192,0,10,0,2,0,8,-0.00905,0.0,1.1542,2806,0,0,0,0,0,0,0,0,0,0,0,0,0,0,0,0,0,0,0,0,0
2443264,1193,0,11,0,0,0,11,-0.00766,0.0,1.187,2611,0,0,0,0,0,0,0,0,0,0,0,0,0,0,0,0,0,0,0,0,0
2445312,1194,0,15,1,3,0,11,-0.00492,0.0001,1.2578,2439,0,0,0,0,0,0,0,0,0,0,0,0,0,0,0,0,0,0,0,0,0
2447360,1195,0,12,0,4,0,8,-0.00767,0.0,1.2248,2818,0,0,0,0,0,0,0,0,0,0,0,0,0,0,0,0,0,0,0,0,0
2449408,1196,0,11,0,2,0,9,-0.00632,0.0,1.2382,2710,0,0,0,0,0,0,0,0,0,0,0,0,0,0,0,0,0,0,0,0,0
2451456,1197,0,15,0,5,1,9,-0.01136,0.0,1.2969,2828,0,0,0,0,0,0,0,0,0,0,0,0,0,0,0,0,0,0,0,0,0
2453504,1198,0,11,0,1,0,10,-0.01288,0.0,1.3446,2707,0,0,0,0,0,0,0,0,0,0,0,0,0,0,0,0,0,0,0,0,0
2455552,1199,0,9,0,1,0,8,-0.00832,0.0,1.3399,2799,0,0,0,0,0,0,0,0,0,0,0,0,0,0,0,0,0,0,0,0,0
2457600,1200,0,11,0,2,0,9,-0.00739,0.0,1.314,2160,0,0,0,0,0,0,0,0,0,0,0,0,0,0,0,0,0,0,0,0,0
2459648,1201,0,13,0,2,0,11,-0.00758,0.0,1.3182,2858,0,0,0,0,0,0,0,0,0,0,0,0,0,0,0,0,0,0,0,0,0
2461696,1202,0,10,0,1,0,9,-0.00718,0.0,1.3345,2956,0,0,0,0,0,0,0,0,0,0,0,0,0,0,0,0,0,0,0,0,0
2463744,1203,0,11,0,2,0,9,-0.0074,0.0,1.2351,2752,0,0,0,0,0,0,0,0,0,0,0,0,0,0,0,0,0,0,0,0,0
2465792,1204,0,11,0,2,0,9,-0.00793,0.0,1.26,2904,0,0,0,0,0,0,0,0,0,0,0,0,0,0,0,0,0,0,0,0,0
2467840,1205,0,13,0,2,0,11,-0.00729,0.0,1.272,2902,0,0,0,0,0,0,0,0,0,0,0,0,0,0,0,0,0,0,0,0,0
2469888,1206,0,12,0,3,0,9,-0.00861,0.0,1.3394,2873,0,0,0,0,0,0,0,0,0,0,0,0,0,0,0,0,0,0,0,0,0
2471936,1207,0,11,0,1,0,10,-0.00995,0.0,1.2182,2769,0,0,0,0,0,0,0,0,0,0,0,0,0,0,0,0,0,0,0,0,0
2473984,1208,0,11,0,1,0,10,-0.00838,0.0,1.1417,2784,0,0,0,0,0,0,0,0,0,0,0,0,0,0,0,0,0,0,0,0,0
2476032,1209,0,14,0,4,0,10,-0.00962,0.0,1.1452,2847,0,0,0,0,0,0,0,0,0,0,0,0,0,0,0,0,0,0,0,0,0
2478080,1210,0,11,0,2,0,9,-0.00864,0.0,1.1359,3074,0,0,0,0,0,0,0,0,0,0,0,0,0,0,0,0,0,0,0,0,0
2480128,1211,0,13,1,0,0,12,-0.00038,0.00014,1.1068,2574,0,0,0,0,0,0,0,0,0,0,0,0,0,0,0,0,0,0,0,0,0
2482176,1212,0,12,0,3,1,8,-0.00862,2e-05,1.0594,2759,0,0,0,0,0,0,0,0,0,0,0,0,0,0,0,0,0,0,0,0,0
2484224,1213,0,12,0,2,0,10,-0.00936,1e-05,1.1431,2984,0,0,0,0,0,0,0,0,0,0,0,0,0,0,0,0,0,0,0,0,0
2486272,1214,0,11,0,3,0,8,-0.00681,0.0,1.1408,2878,0,0,0,0,0,0,0,0,0,0,0,0,0,0,0,0,0,0,0,0,0
2488320,1215,0,10,0,0,0,10,-0.01057,0.0,1.1267,2778,0,0,0,0,0,0,0,0,0,0,0,0,0,0,0,0,0,0,0,0,0
2490368,1216,0,13,0,2,0,11,-0.00846,0.0,1.1596,2708,0,0,0,0,0,0,0,0,0,0,0,0,0,0,0,0,0,0,0,0,0
2492416,1217,0,11,0,2,1,8,-0.0093,0.0,1.0967,2898,0,0,0,0,0,0,0,0,0,0,0,0,0,0,0,0,0,0,0,0,0
2494464,1218,0,10,0,1,0,9,-0.00769,0.0,1.1654,2937,0,0,0,0,0,0,0,0,0,0,0,0,0,0,0,0,0,0,0,0,0
2496512,1219,0,11,0,1,2,8,-0.00848,0.0,1.2083,2893,0,0,0,0,0,0,0,0,0,0,0,0,0,0,0,0,0,0,0,0,0
2498560,1220,0,11,0,0,0,11,-0.0068,0.0,1.2342,2750,0,0,0,0,0,0,0,0,0,0,0,0,0,0,0,0,0,0,0,0,0
2500608,1221,0,13,0,2,0,11,-0.00748,0.0,1.2869,2863,0,0,0,0,0,0,0,0,0,0,0,0,0,0,0,0,0,0,0,0,0
2502656,1222,0,12,0,3,0,9,-0.00994,0.0,1.2421,2730,0,0,0,0,0,0,0,0,0,0,0,0,0,0,0,0,0,0,0,0,0
2504704,1223,0,9,0,0,0,9,-0.0079,0.0,1.1714,2801,0,0,0,0,0,0,0,0,0,0,0,0,0,0,0,0,0,0,0,0,0
2506752,1224,0,15,0,4,0,11,-0.0089,0.0,1.1561,2711,0,0,0,0,0,0,0,0,0,0,0,0,0,0,0,0,0,0,0,0,0
2508800,1225,0,10,1,3,0,6,-0.00237,0.00037,1.1115,2507,0,0,0,0,0,0,0,0,0,0,0,0,0,0,0,0,0,0,0,0,0
2510848,1226,0,14,0,3,0,11,-0.00965,1e-05,1.1288,2677,0,0,0,0,0,0,0,0,0,0,0,0,0,0,0,0,0,0,0,0,0
2512896,1227,0,12,1,3,0,8,-0.00461,0.0011,1.1108,2694,0,0,0,0,0,0,0,0,0,0,0,0,0,0,0,0,0,0,0,0,0
2514944,1228,0,12,0,2,0,10,-0.0087,3e-05,1.1571,1904,0,0,0,0,0,0,0,0,0,0,0,0,0,0,0,0,0,0,0,0,0
2516992,1229,0,11,0,0,0,11,-0.0086,2e-05,1.0814,2080,0,0,0,0,0,0,0,0,0,0,0,0,0,0,0,0,0,0,0,0,0
2519040,1230,0,10,0,1,0,9,-0.00978,1e-05,1.0247,2038,0,0,0,0,0,0,0,0,0,0,0,0,0,0,0,0,0,0,0,0,0
2521088,1231,0,13,0,2,0,11,-0.00863,1e-05,1.0321,2848,0,0,0,0,0,0,0,0,0,0,0,0,0,0,0,0,0,0,0,0,0
2523136,1232,0,11,0,1,1,9,-0.00948,0.0,0.9683,2880,0,0,0,0,0,0,0,0,0,0,0,0,0,0,0,0,0,0,0,0,0
2525184,1233,0,12,0,3,0,9,-0.00661,0.0,0.9532,2927,0,0,0,0,0,0,0,0,0,0,0,0,0,0,0,0,0,0,0,0,0
2527232,1234,0,10,0,1,0,9,-0.00701,0.0,0.8621,2794,0,0,0,0,0,0,0,0,0,0,0,0,0,0,0,0,0,0,0,0,0
2529280,1235,0,10,0,0,1,9,-0.00572,0.0,0.9131,2827,0,0,0,0,0,0,0,0,0,0,0,0,0,0,0,0,0,0,0,0,0
2531328,1236,0,16,0,2,0,14,-0.00737,0.0,0.8857,2887,0,0,0,0,0,0,0,0,0,0,0,0,0,0,0,0,0,0,0,0,0
2533376,1237,0,8,0,2,1,5,-0.00853,0.0,0.9471,2738,0,0,0,0,0,0,0,0,0,0,0,0,0,0,0,0,0,0,0,0,0
2535424,1238,0,14,0,3,0,11,-0.0079,0.0,1.0146,2682,0,0,0,0,0,0,0,0,0,0,0,0,0,0,0,0,0,0,0,0,0
2537472,1239,0,14,0,4,0,10,-0.00669,0.0,0.8689,2546,0,0,0,0,0,0,0,0,0,0,0,0,0,0,0,0,0,0,0,0,0
2539520,1240,0,8,0,2,0,6,-0.00708,0.0,0.8688,2879,0,0,0,0,0,0,0,0,0,0,0,0,0,0,0,0,0,0,0,0,0
2541568,1241,0,14,0,2,0,12,-0.00795,0.0,0.9711,2698,0,0,0,0,0,0,0,0,0,0,0,0,0,0,0,0,0,0,0,0,0
2543616,1242,0,14,0,5,0,9,-0.00794,0.0,0.9517,2919,0,0,0,0,0,0,0,0,0,0,0,0,0,0,0,0,0,0,0,0,0
2545664,1243,0,7,0,2,0,5,-0.00757,0.0,0.9002,2987,0,0,0,0,0,0,0,0,0,0,0,0,0,0,0,0,0,0,0,0,0
2547712,1244,0,14,0,1,0,13,-0.00611,0.0,1.0212,2996,0,0,0,0,0,0,0,0,0,0,0,0,0,0,0,0,0,0,0,0,0
2549760,1245,0,12,0,0,0,12,-0.00901,0.0,0.9123,2879,0,0,0,0,0,0,0,0,0,0,0,0,0,0,0,0,0,0,0,0,0
2551808,1246,0,8,0,1,0,7,-0.00805,0.0,0.922,2893,0,0,0,0,0,0,0,0,0,0,0,0,0,0,0,0,0,0,0,0,0
2553856,1247,0,12,0,1,0,11,-0.00725,0.0,0.9988,3070,0,0,0,0,0,0,0,0,0,0,0,0,0,0,0,0,0,0,0,0,0
2555904,1248,0,14,0,2,0,12,-0.00674,0.0,0.9074,2747,0,0,0,0,0,0,0,0,0,0,0,0,0,0,0,0,0,0,0,0,0
2557952,1249,0,8,0,1,0,7,-0.00604,0.0,0.9069,2725,0,0,0,0,0,0,0,0,0,0,0,0,0,0,0,0,0,0,0,0,0
2560000,1250,0,12,0,1,0,11,-0.00635,0.0,0.946,2881,0,0,0,0,0,0,0,0,0,0,0,0,0,0,0,0,0,0,0,0,0
2562048,1251,0,14,0,2,0,12,-0.00564,0.0,0.8675,2881,0,0,0,0,0,0,0,0,0,0,0,0,0,0,0,0,0,0,0,0,0
2564096,1252,0,9,0,1,0,8,-0.00878,0.0,0.9199,2887,0,0,0,0,0,0,0,0,0,0,0,0,0,0,0,0,0,0,0,0,0
2566144,1253,0,13,0,1,0,12,-0.0082,0.0,0.8563,2799,0,0,0,0,0,0,0,0,0,0,0,0,0,0,0,0,0,0,0,0,0
2568192,1254,0,10,0,1,0,9,-0.00618,0.0,0.7975,3091,0,0,0,0,0,0,0,0,0,0,0,0,0,0,0,0,0,0,0,0,0
2570240,1255,0,10,0,0,0,10,-0.00629,0.0,0.8257,2771,0,0,0,0,0,0,0,0,0,0,0,0,0,0,0,0,0,0,0,0,0
2572288,1256,0,12,0,0,0,12,-0.00627,0.0,0.8192,2865,0,0,0,0,0,0,0,0,0,0,0,0,0,0,0,0,0,0,0,0,0
2574336,1257,0,11,0,3,0,8,-0.00622,0.0,0.775,2765,0,0,0,0,0,0,0,0,0,0,0,0,0,0,0,0,0,0,0,0,0
2576384,1258,0,11,0,1,0,10,-0.0058,0.0,0.8503,3048,0,0,0,0,0,0,0,0,0,0,0,0,0,0,0,0,0,0,0,0,0
2578432,1259,0,13,0,0,0,13,-0.00732,0.0,0.8062,2915,0,0,0,0,0,0,0,0,0,0,0,0,0,0,0,0,0,0,0,0,0
2580480,1260,0,10,0,1,0,9,-0.00754,0.0,0.8127,2809,0,0,0,0,0,0,0,0,0,0,0,0,0,0,0,0,0,0,0,0,0
2582528,1261,0,9,0,0,0,9,-0.00685,0.0,0.7854,2809,0,0,0,0,0,0,0,0,0,0,0,0,0,0,0,0,0,0,0,0,0
2584576,1262,0,11,0,0,0,11,-0.00755,0.0,0.8574,2806,0,0,0,0,0,0,0,0,0,0,0,0,0,0,0,0,0,0,0,0,0
2586624,1263,0,11,0,1,0,10,-0.00734,0.0,0.911,2608,0,0,0,0,0,0,0,0,0,0,0,0,0,0,0,0,0,0,0,0,0
2588672,1264,0,13,0,2,0,11,-0.00737,0.0,0.8459,2946,0,0,0,0,0,0,0,0,0,0,0,0,0,0,0,0,0,0,0,0,0
2590720,1265,0,8,0,0,0,8,-0.0066,0.0,0.7353,2766,0,0,0,0,0,0,0,0,0,0,0,0,0,0,0,0,0,0,0,0,0
2592768,1266,0,11,0,0,0,11,-0.00708,0.0,0.8435,2480,0,0,0,0,0,0,0,0,0,0,0,0,0,0,0,0,0,0,0,0,0
2594816,1267,0,11,0,1,0,10,-0.00655,0.0,0.9296,2689,0,0,0,0,0,0,0,0,0,0,0,0,0,0,0,0,0,0,0,0,0
2596864,1268,0,12,0,1,0,11,-0.01014,0.0,0.9104,2854,0,0,0,0,0,0,0,0,0,0,0,0,0,0,0,0,0,0,0,0,0
2598912,1269,0,10,0,2,0,8,-0.00936,0.0,0.9494,2801,0,0,0,0,0,0,0,0,0,0,0,0,0,0,0,0,0,0,0,0,0
2600960,1270,0,14,0,2,0,12,-0.00851,0.0,0.9542,2735,0,0,0,0,0,0,0,0,0,0,0,0,0,0,0,0,0,0,0,0,0
2603008,1271,0,11,0,3,0,8,-0.00857,0.0,0.9633,2796,0,0,0,0,0,0,0,0,0,0,0,0,0,0,0,0,0,0,0,0,0
2605056,1272,0,11,0,0,0,11,-0.00823,0.0,0.8567,3016,0,0,0,0,0,0,0,0,0,0,0,0,0,0,0,0,0,0,0,0,0
2607104,1273,0,13,0,2,0,11,-0.00711,0.0,0.9315,3087,0,0,0,0,0,0,0,0,0,0,0,0,0,0,0,0,0,0,0,0,0
2609152,1274,0,9,0,0,0,9,-0.00858,0.0,0.9484,3091,0,0,0,0,0,0,0,0,0,0,0,0,0,0,0,0,0,0,0,0,0
2611200,1275,0,10,0,1,0,9,-0.00832,0.0,0.9618,2796,0,0,0,0,0,0,0,0,0,0,0,0,0,0,0,0,0,0,0,0,0
2613248,1276,0,15,0,1,0,14,-0.00881,0.0,0.9942,3189,0,0,0,0,0,0,0,0,0,0,0,0,0,0,0,0,0,0,0,0,0
2615296,1277,0,7,0,0,0,7,-0.00584,0.0,0.9733,2982,0,0,0,0,0,0,0,0,0,0,0,0,0,0,0,0,0,0,0,0,0
2617344,1278,0,12,0,1,0,11,-0.00874,0.0,0.8944,2933,0,0,0,0,0,0,0,0,0,0,0,0,0,0,0,0,0,0,0,0,0
2619392,1279,0,13,0,1,0,12,-0.00805,0.0,0.9087,3023,0,0,0,0,0,0,0,0,0,0,0,0,0,0,0,0,0,0,0,0,0
2621440,1280,0,7,0,0,0,7,-0.00769,0.0,0.9534,2958,0,0,0,0,0,0,0,0,0,0,0,0,0,0,0,0,0,0,0,0,0
2623488,1281,0,11,0,1,0,10,-0.00859,0.0,0.9904,2721,0,0,0,0,0,0,0,0,0,0,0,0,0,0,0,0,0,0,0,0,0
2625536,1282,0,15,0,0,0,15,-0.00964,0.0,0.9803,2763,0,0,0,0,0,0,0,0,0,0,0,0,0,0,0,0,0,0,0,0,0
2627584,1283,0,7,0,0,0,7,-0.00567,0.0,0.9997,2897,0,0,0,0,0,0,0,0,0,0,0,0,0,0,0,0,0,0,0,0,0
2629632,1284,0,11,0,1,0,10,-0.00661,0.0,0.9794,2962,0,0,0,0,0,0,0,0,0,0,0,0,0,0,0,0,0,0,0,0,0
2631680,1285,0,13,0,1,0,12,-0.00799,0.0,0.9738,2847,0,0,0,0,0,0,0,0,0,0,0,0,0,0,0,0,0,0,0,0,0
2633728,1286,0,10,0,1,0,9,-0.00687,0.0,1.0489,3051,0,0,0,0,0,0,0,0,0,0,0,0,0,0,0,0,0,0,0,0,0
2635776,1287,0,10,0,0,0,10,-0.00769,0.0,1.1262,2933,0,0,0,0,0,0,0,0,0,0,0,0,0,0,0,0,0,0,0,0,0
2637824,1288,0,10,0,0,0,10,-0.01002,0.0,1.1826,2988,0,0,0,0,0,0,0,0,0,0,0,0,0,0,0,0,0,0,0,0,0
2639872,1289,0,10,0,1,0,9,-0.00858,0.0,1.1686,3097,0,0,0,0,0,0,0,0,0,0,0,0,0,0,0,0,0,0,0,0,0
2641920,1290,0,14,0,1,0,13,-0.00947,0.0,1.1322,3147,0,0,0,0,0,0,0,0,0,0,0,0,0,0,0,0,0,0,0,0,0
2643968,1291,0,9,0,1,0,8,-0.00749,0.0,1.0989,3172,0,0,0,0,0,0,0,0,0,0,0,0,0,0,0,0,0,0,0,0,0
2646016,1292,0,10,0,1,0,9,-0.00783,0.0,1.1368,3133,0,0,0,0,0,0,0,0,0,0,0,0,0,0,0,0,0,0,0,0,0
2648064,1293,0,15,0,1,0,14,-0.00904,0.0,1.138,2735,0,0,0,0,0,0,0,0,0,0,0,0,0,0,0,0,0,0,0,0,0
2650112,1294,0,8,0,0,0,8,-0.00547,0.0,1.0104,2976,0,0,0,0,0,0,0,0,0,0,0,0,0,0,0,0,0,0,0,0,0
2652160,1295,0,11,0,1,0,10,-0.00893,0.0,1.1389,3009,0,0,0,0,0,0,0,0,0,0,0,0,0,0,0,0,0,0,0,0,0
2654208,1296,0,13,0,1,0,12,-0.00847,0.0,1.0538,3103,0,0,0,0,0,0,0,0,0,0,0,0,0,0,0,0,0,0,0,0,0
2656256,1297,0,9,0,0,0,9,-0.00821,0.0,1.0857,3078,0,0,0,0,0,0,0,0,0,0,0,0,0,0,0,0,0,0,0,0,0
2658304,1298,0,10,0,1,0,9,-0.00881,0.0,1.1023,2997,0,0,0,0,0,0,0,0,0,0,0,0,0,0,0,0,0,0,0,0,0
2660352,1299,0,14,0,0,0,14,-0.007,1e-05,0.925,3206,0,0,0,0,0,0,0,0,0,0,0,0,0,0,0,0,0,0,0,0,0
2662400,1300,0,8,0,0,0,8,-0.00687,0.0,1.111,3369,0,0,0,0,0,0,0,0,0,0,0,0,0,0,0,0,0,0,0,0,0
2664448,1301,0,10,0,0,0,10,-0.01181,0.0,1.1606,2969,0,0,0,0,0,0,0,0,0,0,0,0,0,0,0,0,0,0,0,0,0
2666496,1302,0,13,0,0,0,13,-0.00748,0.0,1.1191,3072,0,0,0,0,0,0,0,0,0,0,0,0,0,0,0,0,0,0,0,0,0
2668544,1303,0,8,0,0,0,8,-0.00661,0.0,1.1628,2685,0,0,0,0,0,0,0,0,0,0,0,0,0,0,0,0,0,0,0,0,0
2670592,1304,0,10,0,0,0,10,-0.00741,0.0,1.1744,2825,0,0,0,0,0,0,0,0,0,0,0,0,0,0,0,0,0,0,0,0,0
2672640,1305,0,13,0,0,0,13,-0.00773,0.0,1.1693,2671,0,0,0,0,0,0,0,0,0,0,0,0,0,0,0,0,0,0,0,0,0
2674688,1306,0,10,0,2,0,8,-0.00671,0.0,1.152,2819,0,0,0,0,0,0,0,0,0,0,0,0,0,0,0,0,0,0,0,0,0
2676736,1307,0,12,0,2,0,10,-0.00689,0.0,1.1663,2768,0,0,0,0,0,0,0,0,0,0,0,0,0,0,0,0,0,0,0,0,0
2678784,1308,0,10,0,0,0,10,-0.01022,0.0,1.1854,2827,0,0,0,0,0,0,0,0,0,0,0,0,0,0,0,0,0,0,0,0,0
2680832,1309,0,11,0,1,0,10,-0.00749,0.0,1.1647,2717,0,0,0,0,0,0,0,0,0,0,0,0,0,0,0,0,0,0,0,0,0
2682880,1310,0,12,0,0,0,12,-0.00839,0.0,1.2658,2913,0,0,0,0,0,0,0,0,0,0,0,0,0,0,0,0,0,0,0,0,0
2684928,1311,0,9,0,0,0,9,-0.00517,0.0,1.2109,2981,0,0,0,0,0,0,0,0,0,0,0,0,0,0,0,0,0,0,0,0,0
2686976,1312,0,11,0,0,0,11,-0.00656,0.0,1.2046,3093,0,0,0,0,0,0,0,0,0,0,0,0,0,0,0,0,0,0,0,0,0
2689024,1313,0,12,0,0,0,12,-0.00751,0.0,1.1887,2828,0,0,0,0,0,0,0,0,0,0,0,0,0,0,0,0,0,0,0,0,0
2691072,1314,0,9,0,0,0,9,-0.00432,0.0,1.2233,3128,0,0,0,0,0,0,0,0,0,0,0,0,0,0,0,0,0,0,0,0,0
2693120,1315,0,11,0,2,0,9,-0.00841,0.0,1.2433,3224,0,0,0,0,0,0,0,0,0,0,0,0,0,0,0,0,0,0,0,0,0
2695168,1316,0,15,0,3,0,12,-0.00802,0.0,1.2453,2940,0,0,0,0,0,0,0,0,0,0,0,0,0,0,0,0,0,0,0,0,0
2697216,1317,0,9,0,1,0,8,-0.00696,0.0,1.2863,2720,0,0,0,0,0,0,0,0,0,0,0,0,0,0,0,0,0,0,0,0,0
2699264,1318,0,9,0,0,0,9,-0.0084,0.0,1.3467,2764,0,0,0,0,0,0,0,0,0,0,0,0,0,0,0,0,0,0,0,0,0
2701312,1319,0,14,0,1,0,13,-0.00703,0.0,1.2363,2774,0,0,0,0,0,0,0,0,0,0,0,0,0,0,0,0,0,0,0,0,0
2703360,1320,0,10,0,1,0,9,-0.00955,0.0,1.2318,2925,0,0,0,0,0,0,0,0,0,0,0,0,0,0,0,0,0,0,0,0,0
2705408,1321,0,10,0,1,0,9,-0.00868,0.0,1.2918,3134,0,0,0,0,0,0,0,0,0,0,0,0,0,0,0,0,0,0,0,0,0
2707456,1322,0,14,0,0,0,14,-0.00942,0.0,1.2252,3188,0,0,0,0,0,0,0,0,0,0,0,0,0,0,0,0,0,0,0,0,0
2709504,1323,0,8,0,1,0,7,-0.00661,0.0,1.1995,2807,0,0,0,0,0,0,0,0,0,0,0,0,0,0,0,0,0,0,0,0,0
2711552,1324,0,10,0,0,0,10,-0.00771,0.0,1.188,2882,0,0,0,0,0,0,0,0,0,0,0,0,0,0,0,0,0,0,0,0,0
2713600,1325,0,12,0,0,0,12,-0.00904,0.0,1.2295,2708,0,0,0,0,0,0,0,0,0,0,0,0,0,0,0,0,0,0,0,0,0
2715648,1326,0,11,0,2,0,9,-0.00684,0.0,1.2139,2950,0,0,0,0,0,0,0,0,0,0,0,0,0,0,0,0,0,0,0,0,0
2717696,1327,0,9,0,0,0,9,-0.00749,0.0,1.1992,3124,0,0,0,0,0,0,0,0,0,0,0,0,0,0,0,0,0,0,0,0,0
2719744,1328,0,12,0,2,0,10,-0.00721,0.0,1.218,2943,0,0,0,0,0,0,0,0,0,0,0,0,0,0,0,0,0,0,0,0,0
2721792,1329,0,14,0,1,0,13,-0.00782,0.0,1.2796,2781,0,0,0,0,0,0,0,0,0,0,0,0,0,0,0,0,0,0,0,0,0
2723840,1330,0,6,0,0,0,6,-0.00906,0.0,1.3003,2854,0,0,0,0,0,0,0,0,0,0,0,0,0,0,0,0,0,0,0,0,0
2725888,1331,0,15,0,3,0,12,-0.01014,0.0,1.2993,2781,0,0,0,0,0,0,0,0,0,0,0,0,0,0,0,0,0,0,0,0,0
2727936,1332,0,10,0,0,0,10,-0.00712,0.0,1.2167,3223,0,0,0,0,0,0,0,0,0,0,0,0,0,0,0,0,0,0,0,0,0
2729984,1333,0,10,0,0,0,10,-0.00751,0.0,1.1488,2759,0,0,0,0,0,0,0,0,0,0,0,0,0,0,0,0,0,0,0,0,0
2732032,1334,0,12,0,0,0,12,-0.01082,0.0,1.1971,3051,0,0,0,0,0,0,0,0,0,0,0,0,0,0,0,0,0,0,0,0,0
2734080,1335,0,10,0,1,0,9,-0.00765,0.0,1.2079,2744,0,0,0,0,0,0,0,0,0,0,0,0,0,0,0,0,0,0,0,0,0
2736128,1336,0,10,0,0,0,10,-0.0079,0.0,1.1899,3119,0,0,0,0,0,0,0,0,0,0,0,0,0,0,0,0,0,0,0,0,0
2738176,1337,0,12,0,1,0,11,-0.00926,0.0,1.1467,3138,0,0,0,0,0,0,0,0,0,0,0,0,0,0,0,0,0,0,0,0,0
2740224,1338,0,10,0,1,0,9,-0.00989,0.0,1.1723,3206,0,0,0,0,0,0,0,0,0,0,0,0,0,0,0,0,0,0,0,0,0
2742272,1339,0,10,0,0,0,10,-0.00825,0.0,1.2131,3092,0,0,0,0,0,0,0,0,0,0,0,0,0,0,0,0,0,0,0,0,0
2744320,1340,0,12,0,1,0,11,-0.00836,0.0,1.2733,2959,0,0,0,0,0,0,0,0,0,0,0,0,0,0,0,0,0,0,0,0,0
2746368,1341,0,10,0,1,0,9,-0.00706,0.0,1.2821,3046,0,0,0,0,0,0,0,0,0,0,0,0,0,0,0,0,0,0,0,0,0
2748416,1342,0,12,0,1,0,11,-0.00805,0.0,1.2927,2962,0,0,0,0,0,0,0,0,0,0,0,0,0,0,0,0,0,0,0,0,0
2750464,1343,0,12,0,2,0,10,-0.007,0.0,1.2985,3098,0,0,0,0,0,0,0,0,0,0,0,0,0,0,0,0,0,0,0,0,0
2752512,1344,0,9,0,1,0,8,-0.00826,0.0,1.2812,3100,0,0,0,0,0,0,0,0,0,0,0,0,0,0,0,0,0,0,0,0,0
2754560,1345,0,11,0,0,0,11,-0.00612,0.0,1.2257,3074,0,0,0,0,0,0,0,0,0,0,0,0,0,0,0,0,0,0,0,0,0
2756608,1346,0,13,0,2,0,11,-0.00642,0.0,1.2845,2896,0,0,0,0,0,0,0,0,0,0,0,0,0,0,0,0,0,0,0,0,0
2758656,1347,0,9,0,0,0,9,-0.00891,0.0,1.2068,3163,0,0,0,0,0,0,0,0,0,0,0,0,0,0,0,0,0,0,0,0,0
2760704,1348,0,11,0,0,0,11,-0.00528,0.0,1.2766,2966,0,0,0,0,0,0,0,0,0,0,0,0,0,0,0,0,0,0,0,0,0
2762752,1349,0,12,0,1,0,11,-0.01035,0.0,1.2345,3031,0,0,0,0,0,0,0,0,0,0,0,0,0,0,0,0,0,0,0,0,0
2764800,1350,0,8,0,0,0,8,-0.00593,0.0,1.2573,2819,0,0,0,0,0,0,0,0,0,0,0,0,0,0,0,0,0,0,0,0,0
2766848,1351,0,13,0,0,0,13,-0.00807,0.0,1.1965,2921,0,0,0,0,0,0,0,0,0,0,0,0,0,0,0,0,0,0,0,0,0
2768896,1352,0,9,0,0,0,9,-0.00887,0.0,1.1895,2497,0,0,0,0,0,0,0,0,0,0,0,0,0,0,0,0,0,0,0,0,0
2770944,1353,0,11,0,2,0,9,-0.0085,0.0,1.0926,2934,0,0,0,0,0,0,0,0,0,0,0,0,0,0,0,0,0,0,0,0,0
2772992,1354,0,15,0,3,0,12,-0.00896,4e-05,1.0607,2833,0,0,0,0,0,0,0,0,0,0,0,0,0,0,0,0,0,0,0,0,0
2775040,1355,0,8,0,0,0,8,-0.00735,2e-05,1.0961,3113,0,0,0,0,0,0,0,0,0,0,0,0,0,0,0,0,0,0,0,0,0
2777088,1356,0,10,0,0,0,10,-0.00951,0.0,1.1607,3096,0,0,0,0,0,0,0,0,0,0,0,0,0,0,0,0,0,0,0,0,0
2779136,1357,0,15,0,1,0,14,-0.00649,0.0,1.1884,3069,0,0,0,0,0,0,0,0,0,0,0,0,0,0,0,0,0,0,0,0,0
2781184,1358,0,9,0,1,0,8,-0.0085,0.0,1.1644,3049,0,0,0,0,0,0,0,0,0,0,0,0,0,0,0,0,0,0,0,0,0
2783232,1359,0,11,0,1,0,10,-0.01068,0.0,1.1902,2967,0,0,0,0,0,0,0,0,0,0,0,0,0,0,0,0,0,0,0,0,0
2785280,1360,0,12,0,1,0,11,-0.00736,0.0,1.2168,2841,0,0,0,0,0,0,0,0,0,0,0,0,0,0,0,0,0,0,0,0,0
2787328,1361,0,10,0,2,0,8,-0.00755,0.0,1.2183,3035,0,0,0,0,0,0,0,0,0,0,0,0,0,0,0,0,0,0,0,0,0
2789376,1362,0,11,0,1,0,10,-0.00623,0.0,1.2116,2956,0,0,0,0,0,0,0,0,0,0,0,0,0,0,0,0,0,0,0,0,0
2791424,1363,0,15,0,2,0,13,-0.00872,0.0,1.2446,2634,0,0,0,0,0,0,0,0,0,0,0,0,0,0,0,0,0,0,0,0,0
2793472,1364,0,8,0,1,0,7,-0.00748,0.0,1.0787,2708,0,0,0,0,0,0,0,0,0,0,0,0,0,0,0,0,0,0,0,0,0
2795520,1365,0,9,0,0,0,9,-0.00761,0.0,1.1485,2944,0,0,0,0,0,0,0,0,0,0,0,0,0,0,0,0,0,0,0,0,0
2797568,1366,0,15,0,0,0,15,-0.01075,0.0,1.2077,2625,0,0,0,0,0,0,0,0,0,0,0,0,0,0,0,0,0,0,0,0,0
2799616,1367,0,4,0,1,0,3,-0.00982,0.0,1.2046,2732,0,0,0,0,0,0,0,0,0,0,0,0,0,0,0,0,0,0,0,0,0
2801664,1368,0,13,0,0,0,13,-0.00852,0.0,1.1276,2996,0,0,0,0,0,0,0,0,0,0,0,0,0,0,0,0,0,0,0,0,0
2803712,1369,0,15,0,0,0,15,-0.00975,0.0,1.1168,2783,0,0,0,0,0,0,0,0,0,0,0,0,0,0,0,0,0,0,0,0,0
2805760,1370,0,6,0,2,0,4,-0.00857,0.0,1.1076,3014,0,0,0,0,0,0,0,0,0,0,0,0,0,0,0,0,0,0,0,0,0
2807808,1371,0,13,0,0,0,13,-0.01056,0.0,1.1009,2982,0,0,0,0,0,0,0,0,0,0,0,0,0,0,0,0,0,0,0,0,0
2809856,1372,0,13,0,0,0,13,-0.00794,0.0,1.1029,2856,0,0,0,0,0,0,0,0,0,0,0,0,0,0,0,0,0,0,0,0,0
2811904,1373,0,6,0,0,0,6,-0.00868,0.0,1.1,2929,0,0,0,0,0,0,0,0,0,0,0,0,0,0,0,0,0,0,0,0,0
2813952,1374,0,14,0,1,0,13,-0.00908,0.0,1.0786,3005,0,0,0,0,0,0,0,0,0,0,0,0,0,0,0,0,0,0,0,0,0
2816000,1375,0,11,0,0,0,11,-0.00737,0.0,1.0735,3225,0,0,0,0,0,0,0,0,0,0,0,0,0,0,0,0,0,0,0,0,0
2818048,1376,0,8,0,0,0,8,-0.00884,0.0,1.0024,3078,0,0,0,0,0,0,0,0,0,0,0,0,0,0,0,0,0,0,0,0,0
2820096,1377,0,13,0,0,0,13,-0.00931,0.0,1.0975,2887,0,0,0,0,0,0,0,0,0,0,0,0,0,0,0,0,0,0,0,0,0
2822144,1378,0,11,0,0,0,11,-0.00939,0.0,1.183,3125,0,0,0,0,0,0,0,0,0,0,0,0,0,0,0,0,0,0,0,0,0
2824192,1379,0,9,0,1,0,8,-0.00829,0.0,1.1584,3171,0,0,0,0,0,0,0,0,0,0,0,0,0,0,0,0,0,0,0,0,0
2826240,1380,0,11,0,0,0,11,-0.01039,0.0,1.1207,3193,0,0,0,0,0,0,0,0,0,0,0,0,0,0,0,0,0,0,0,0,0
2828288,1381,0,12,0,1,0,11,-0.00691,0.0,1.0451,2969,0,0,0,0,0,0,0,0,0,0,0,0,0,0,0,0,0,0,0,0,0
2830336,1382,0,8,0,2,0,6,-0.00832,0.0,1.0919,3114,0,0,0,0,0,0,0,0,0,0,0,0,0,0,0,0,0,0,0,0,0
2832384,1383,0,15,0,1,0,14,-0.00965,0.0,1.0999,3200,0,0,0,0,0,0,0,0,0,0,0,0,0,0,0,0,0,0,0,0,0
2834432,1384,0,7,0,0,0,7,-0.00832,0.0,1.0478,3076,0,0,0,0,0,0,0,0,0,0,0,0,0,0,0,0,0,0,0,0,0
2836480,1385,0,11,0,0,0,11,-0.00783,0.0,1.1196,2997,0,0,0,0,0,0,0,0,0,0,0,0,0,0,0,0,0,0,0,0,0
2838528,1386,0,12,0,0,0,12,-0.00847,0.0,1.1375,2894,0,0,0,0,0,0,0,0,0,0,0,0,0,0,0,0,0,0,0,0,0
2840576,1387,0,11,0,3,0,8,-0.00783,0.0,1.125,2750,0,0,0,0,0,0,0,0,0,0,0,0,0,0,0,0,0,0,0,0,0
2842624,1388,0,11,0,2,0,9,-0.00685,0.0,1.1524,2669,0,0,0,0,0,0,0,0,0,0,0,0,0,0,0,0,0,0,0,0,0
2844672,1389,0,12,0,1,0,11,-0.00764,0.0,1.1196,2814,0,0,0,0,0,0,0,0,0,0,0,0,0,0,0,0,0,0,0,0,0
2846720,1390,0,12,0,1,0,11,-0.0104,0.0,1.1408,2760,0,0,0,0,0,0,0,0,0,0,0,0,0,0,0,0,0,0,0,0,0
2848768,1391,0,11,0,2,0,9,-0.00403,0.0,1.1724,3007,0,0,0,0,0,0,0,0,0,0,0,0,0,0,0,0,0,0,0,0,0
2850816,1392,0,12,0,1,0,11,-0.00777,0.0,1.1627,2972,0,0,0,0,0,0,0,0,0,0,0,0,0,0,0,0,0,0,0,0,0
2852864,1393,0,10,0,0,0,10,-0.00619,0.0,1.1058,2818,0,0,0,0,0,0,0,0,0,0,0,0,0,0,0,0,0,0,0,0,0
2854912,1394,0,12,0,1,0,11,-0.00585,0.0,1.2093,2765,0,0,0,0,0,0,0,0,0,0,0,0,0,0,0,0,0,0,0,0,0
2856960,1395,0,11,0,0,0,11,-0.01054,0.0,1.1545,2434,0,0,0,0,0,0,0,0,0,0,0,0,0,0,0,0,0,0,0,0,0
2859008,1396,0,10,0,2,0,8,-0.00697,0.0,1.2032,2574,0,0,0,0,0,0,0,0,0,0,0,0,0,0,0,0,0,0,0,0,0
2861056,1397,0,13,0,0,0,13,-0.00797,0.0,1.2197,2925,0,0,0,0,0,0,0,0,0,0,0,0,0,0,0,0,0,0,0,0,0
2863104,1398,0,8,0,1,0,7,-0.00578,0.0,1.1921,2968,0,0,0,0,0,0,0,0,0,0,0,0,0,0,0,0,0,0,0,0,0
2865152,1399,0,14,0,2,0,12,-0.01186,0.0,1.2452,2947,0,0,0,0,0,0,0,0,0,0,0,0,0,0,0,0,0,0,0,0,0
2867200,1400,0,11,0,0,0,11,-0.00798,0.0,1.3195,3146,0,0,0,0,0,0,0,0,0,0,0,0,0,0,0,0,0,0,0,0,0
2869248,1401,0,10,0,3,0,7,-0.00824,0.0,1.2246,3155,0,0,0,0,0,0,0,0,0,0,0,0,0,0,0,0,0,0,0,0,0
2871296,1402,0,11,0,3,0,8,-0.00755,0.0,1.1421,2669,0,0,0,0,0,0,0,0,0,0,0,0,0,0,0,0,0,0,0,0,0
2873344,1403,0,15,0,2,0,13,-0.0088,0.0,1.1472,3083,0,0,0,0,0,0,0,0,0,0,0,0,0,0,0,0,0,0,0,0,0
2875392,1404,0,8,0,1,0,7,-0.00931,0.0,1.1456,3018,0,0,0,0,0,0,0,0,0,0,0,0,0,0,0,0,0,0,0,0,0
2877440,1405,0,11,1,1,0,9,-0.00794,0.00012,1.1013,3170,0,0,0,0,0,0,0,0,0,0,0,0,0,0,0,0,0,0,0,0,0
2879488,1406,0,12,0,0,0,12,-0.0104,1e-05,1.0788,2935,0,0,0,0,0,0,0,0,0,0,0,0,0,0,0,0,0,0,0,0,0
2881536,1407,0,10,0,2,0,8,-0.00871,1e-05,1.0644,2983,0,0,0,0,0,0,0,0,0,0,0,0,0,0,0,0,0,0,0,0,0
2883584,1408,0,11,0,0,0,11,-0.00928,0.0,1.126,3271,0,0,0,0,0,0,0,0,0,0,0,0,0,0,0,0,0,0,0,0,0
2885632,1409,0,11,0,0,0,11,-0.00867,0.0,1.1311,2828,0,0,0,0,0,0,0,0,0,0,0,0,0,0,0,0,0,0,0,0,0
2887680,1410,0,10,0,0,0,10,-0.00818,0.0,1.1196,2843,0,0,0,0,0,0,0,0,0,0,0,0,0,0,0,0,0,0,0,0,0
2889728,1411,0,9,0,0,0,9,-0.00875,0.0,1.1137,3128,0,0,0,0,0,0,0,0,0,0,0,0,0,0,0,0,0,0,0,0,0
2891776,1412,0,14,0,1,0,13,-0.00954,0.0,1.0743,2967,0,0,0,0,0,0,0,0,0,0,0,0,0,0,0,0,0,0,0,0,0
2893824,1413,0,12,0,2,0,10,-0.00881,0.0,1.0281,3012,0,0,0,0,0,0,0,0,0,0,0,0,0,0,0,0,0,0,0,0,0
2895872,1414,0,8,0,2,0,6,-0.00803,0.0,1.1268,2975,0,0,0,0,0,0,0,0,0,0,0,0,0,0,0,0,0,0,0,0,0
2897920,1415,0,13,0,0,0,13,-0.00901,0.0,1.1326,3169,0,0,0,0,0,0,0,0,0,0,0,0,0,0,0,0,0,0,0,0,0
2899968,1416,0,13,0,3,0,10,-0.0071,0.0,1.1308,3095,0,0,0,0,0,0,0,0,0,0,0,0,0,0,0,0,0,0,0,0,0
2902016,1417,0,11,0,3,0,8,-0.00663,0.0,1.058,3163,0,0,0,0,0,0,0,0,0,0,0,0,0,0,0,0,0,0,0,0,0
2904064,1418,0,13,0,2,0,11,-0.00812,0.0,1.0607,2918,0,0,0,0,0,0,0,0,0,0,0,0,0,0,0,0,0,0,0,0,0
2906112,1419,0,11,0,1,1,9,-0.0095,0.0,1.0526,3012,0,0,0,0,0,0,0,0,0,0,0,0,0,0,0,0,0,0,0,0,0
2908160,1420,0,10,0,1,0,9,-0.00855,0.0,1.0857,3110,0,0,0,0,0,0,0,0,0,0,0,0,0,0,0,0,0,0,0,0,0
2910208,1421,0,14,0,4,0,10,-0.0072,0.0,1.1269,2808,0,0,0,0,0,0,0,0,0,0,0,0,0,0,0,0,0,0,0,0,0
2912256,1422,0,12,0,0,0,12,-0.00841,0.0,1.0526,3147,0,0,0,0,0,0,0,0,0,0,0,0,0,0,0,0,0,0,0,0,0
2914304,1423,0,11,0,3,0,8,-0.00852,1e-05,0.9974,3315,0,0,0,0,0,0,0,0,0,0,0,0,0,0,0,0,0,0,0,0,0
2916352,1424,0,9,0,0,0,9,-0.00711,2e-05,1.0065,3270,0,0,0,0,0,0,0,0,0,0,0,0,0,0,0,0,0,0,0,0,0
2918400,1425,0,13,0,1,0,12,-0.00797,1e-05,1.0004,3048,0,0,0,0,0,0,0,0,0,0,0,0,0,0,0,0,0,0,0,0,0
2920448,1426,0,12,0,2,0,10,-0.00678,0.0,1.0005,3219,0,0,0,0,0,0,0,0,0,0,0,0,0,0,0,0,0,0,0,0,0
2922496,1427,0,9,0,0,0,9,-0.0103,0.0,0.994,3017,0,0,0,0,0,0,0,0,0,0,0,0,0,0,0,0,0,0,0,0,0
2924544,1428,0,11,0,1,0,10,-0.0102,0.0,1.0651,3099,0,0,0,0,0,0,0,0,0,0,0,0,0,0,0,0,0,0,0,0,0
2926592,1429,0,11,0,1,0,10,-0.00941,0.0,1.0184,3235,0,0,0,0,0,0,0,0,0,0,0,0,0,0,0,0,0,0,0,0,0
2928640,1430,0,10,0,0,0,10,-0.00934,0.0,0.968,2843,0,0,0,0,0,0,0,0,0,0,0,0,0,0,0,0,0,0,0,0,0
2930688,1431,0,10,0,0,0,10,-0.00913,0.0,0.9778,2928,0,0,0,0,0,0,0,0,0,0,0,0,0,0,0,0,0,0,0,0,0
2932736,1432,0,12,0,2,0,10,-0.00933,0.0,1.0065,3065,0,0,0,0,0,0,0,0,0,0,0,0,0,0,0,0,0,0,0,0,0
2934784,1433,0,12,0,4,0,8,-0.00887,0.0,1.0186,2938,0,0,0,0,0,0,0,0,0,0,0,0,0,0,0,0,0,0,0,0,0
2936832,1434,0,12,0,3,0,9,-0.00977,0.0,1.1004,2804,0,0,0,0,0,0,0,0,0,0,0,0,0,0,0,0,0,0,0,0,0
2938880,1435,0,12,0,0,0,12,-0.00807,0.0,1.009,3016,0,0,0,0,0,0,0,0,0,0,0,0,0,0,0,0,0,0,0,0,0
2940928,1436,0,11,0,1,0,10,-0.00692,0.0,0.9476,2600,0,0,0,0,0,0,0,0,0,0,0,0,0,0,0,0,0,0,0,0,0
2942976,1437,0,10,0,0,0,10,-0.00843,0.0,0.9801,2946,0,0,0,0,0,0,0,0,0,0,0,0,0,0,0,0,0,0,0,0,0
2945024,1438,0,12,0,3,0,9,-0.00824,0.0,0.9426,2974,0,0,0,0,0,0,0,0,0,0,0,0,0,0,0,0,0,0,0,0,0
2947072,1439,0,11,0,2,0,9,-0.00718,0.0,0.9547,2757,0,0,0,0,0,0,0,0,0,0,0,0,0,0,0,0,0,0,0,0,0
2949120,1440,0,14,0,2,0,12,-0.00739,0.0,0.95,3067,0,0,0,0,0,0,0,0,0,0,0,0,0,0,0,0,0,0,0,0,0
2951168,1441,0,9,0,1,0,8,-0.00803,0.0,0.9573,2949,0,0,0,0,0,0,0,0,0,0,0,0,0,0,0,0,0,0,0,0,0
2953216,1442,0,10,0,0,0,10,-0.011,0.0,1.029,2857,0,0,0,0,0,0,0,0,0,0,0,0,0,0,0,0,0,0,0,0,0
2955264,1443,0,14,0,2,0,12,-0.00803,0.0,1.0232,2631,0,0,0,0,0,0,0,0,0,0,0,0,0,0,0,0,0,0,0,0,0
2957312,1444,0,9,0,0,0,9,-0.0067,1e-05,0.9255,2865,0,0,0,0,0,0,0,0,0,0,0,0,0,0,0,0,0,0,0,0,0
2959360,1445,0,14,0,3,0,11,-0.00925,1e-05,1.0508,2837,0,0,0,0,0,0,0,0,0,0,0,0,0,0,0,0,0,0,0,0,0
2961408,1446,0,13,0,2,0,11,-0.00803,0.0,1.0653,3134,0,0,0,0,0,0,0,0,0,0,0,0,0,0,0,0,0,0,0,0,0
2963456,1447,0,11,0,2,0,9,-0.00826,0.0,1.0418,2815,0,0,0,0,0,0,0,0,0,0,0,0,0,0,0,0,0,0,0,0,0
2965504,1448,0,12,0,2,0,10,-0.00918,0.0,1.0525,2787,0,0,0,0,0,0,0,0,0,0,0,0,0,0,0,0,0,0,0,0,0
2967552,1449,0,11,0,1,0,10,-0.00945,0.0,1.0369,3135,0,0,0,0,0,0,0,0,0,0,0,0,0,0,0,0,0,0,0,0,0
2969600,1450,0,11,0,2,0,9,-0.00896,0.0,1.0686,2752,0,0,0,0,0,0,0,0,0,0,0,0,0,0,0,0,0,0,0,0,0
2971648,1451,0,11,0,0,0,11,-0.00796,0.0,1.0278,2917,0,0,0,0,0,0,0,0,0,0,0,0,0,0,0,0,0,0,0,0,0
2973696,1452,0,7,0,0,0,7,-0.00857,0.0,0.9672,2960,0,0,0,0,0,0,0,0,0,0,0,0,0,0,0,0,0,0,0,0,0
2975744,1453,0,16,0,4,0,12,-0.00816,0.0,1.072,3038,0,0,0,0,0,0,0,0,0,0,0,0,0,0,0,0,0,0,0,0,0
2977792,1454,0,14,0,3,0,11,-0.00974,0.0,1.0983,2923,0,0,0,0,0,0,0,0,0,0,0,0,0,0,0,0,0,0,0,0,0
2979840,1455,0,10,0,4,0,6,-0.01105,0.0,1.1163,2777,0,0,0,0,0,0,0,0,0,0,0,0,0,0,0,0,0,0,0,0,0
2981888,1456,0,14,0,3,0,11,-0.00956,0.0,1.0302,3187,0,0,0,0,0,0,0,0,0,0,0,0,0,0,0,0,0,0,0,0,0
2983936,1457,0,10,0,1,0,9,-0.00922,0.0,1.0772,3204,0,0,0,0,0,0,0,0,0,0,0,0,0,0,0,0,0,0,0,0,0
2985984,1458,0,12,0,4,0,8,-0.01113,0.0,1.0558,3017,0,0,0,0,0,0,0,0,0,0,0,0,0,0,0,0,0,0,0,0,0
2988032,1459,0,13,0,3,0,10,-0.00935,0.0,1.1082,2865,0,0,0,0,0,0,0,0,0,0,0,0,0,0,0,0,0,0,0,0,0
2990080,1460,0,9,0,2,0,7,-0.01054,0.0,0.9882,3018,0,0,0,0,0,0,0,0,0,0,0,0,0,0,0,0,0,0,0,0,0
2992128,1461,0,16,0,5,0,11,-0.01169,0.0,1.0988,2798,0,0,0,0,0,0,0,0,0,0,0,0,0,0,0,0,0,0,0,0,0
2994176,1462,0,10,0,1,0,9,-0.01185,0.0,0.9734,2781,0,0,0,0,0,0,0,0,0,0,0,0,0,0,0,0,0,0,0,0,0
2996224,1463,0,11,0,2,0,9,-0.00997,0.0,0.9662,2860,0,0,0,0,0,0,0,0,0,0,0,0,0,0,0,0,0,0,0,0,0
2998272,1464,0,14,0,2,0,12,-0.00828,0.0,0.9621,2844,0,0,0,0,0,0,0,0,0,0,0,0,0,0,0,0,0,0,0,0,0
3000320,1465,0,8,0,2,0,6,-0.007,0.0,1.0008,2752,0,0,0,0,0,0,0,0,0,0,0,0,0,0,0,0,0,0,0,0,0
3002368,1466,0,16,0,5,0,11,-0.00887,0.0,0.9989,2843,0,0,0,0,0,0,0,0,0,0,0,0,0,0,0,0,0,0,0,0,0
3004416,1467,0,16,0,4,0,12,-0.01019,2e-05,1.0019,2911,0,0,0,0,0,0,0,0,0,0,0,0,0,0,0,0,0,0,0,0,0
3006464,1468,0,6,0,0,0,6,-0.00729,2e-05,0.9256,2845,0,0,0,0,0,0,0,0,0,0,0,0,0,0,0,0,0,0,0,0,0
3008512,1469,0,16,0,4,0,12,-0.00794,1e-05,0.9716,2802,0,0,0,0,0,0,0,0,0,0,0,0,0,0,0,0,0,0,0,0,0
3010560,1470,0,16,0,5,1,10,-0.00626,0.0,1.0293,2968,0,0,0,0,0,0,0,0,0,0,0,0,0,0,0,0,0,0,0,0,0
3012608,1471,0,10,0,3,0,7,-0.00966,0.0,1.0777,2983,0,0,0,0,0,0,0,0,0,0,0,0,0,0,0,0,0,0,0,0,0
3014656,1472,0,14,0,3,0,11,-0.00823,0.0,0.953,3132,0,0,0,0,0,0,0,0,0,0,0,0,0,0,0,0,0,0,0,0,0
3016704,1473,0,14,0,4,0,10,-0.00856,0.0,0.8854,2912,0,0,0,0,0,0,0,0,0,0,0,0,0,0,0,0,0,0,0,0,0
3018752,1474,0,11,0,5,0,6,-0.00786,0.0,0.8442,2974,0,0,0,0,0,0,0,0,0,0,0,0,0,0,0,0,0,0,0,0,0
3020800,1475,0,15,0,4,0,11,-0.00724,0.0,0.9521,3013,0,0,0,0,0,0,0,0,0,0,0,0,0,0,0,0,0,0,0,0,0
3022848,1476,0,16,0,6,0,10,-0.00502,0.0,0.9463,2690,0,0,0,0,0,0,0,0,0,0,0,0,0,0,0,0,0,0,0,0,0
3024896,1477,0,11,0,3,1,7,-0.00604,0.0,0.9687,2729,0,0,0,0,0,0,0,0,0,0,0,0,0,0,0,0,0,0,0,0,0
3026944,1478,0,15,0,5,0,10,-0.00602,0.0,0.9533,2860,0,0,0,0,0,0,0,0,0,0,0,0,0,0,0,0,0,0,0,0,0
3028992,1479,0,10,0,2,0,8,-0.00667,0.0,0.8736,2974,0,0,0,0,0,0,0,0,0,0,0,0,0,0,0,0,0,0,0,0,0
3031040,1480,0,12,0,1,0,11,-0.00991,0.0,1.092,2883,0,0,0,0,0,0,0,0,0,0,0,0,0,0,0,0,0,0,0,0,0
3033088,1481,0,15,0,3,0,12,-0.01001,0.0,1.106,2883,0,0,0,0,0,0,0,0,0,0,0,0,0,0,0,0,0,0,0,0,0
3035136,1482,0,9,0,1,0,8,-0.01093,0.0,1.1037,2746,0,0,0,0,0,0,0,0,0,0,0,0,0,0,0,0,0,0,0,0,0
3037184,1483,0,10,0,0,0,10,-0.00749,0.0,0.9751,2738,0,0,0,0,0,0,0,0,0,0,0,0,0,0,0,0,0,0,0,0,0
3039232,1484,0,16,0,5,0,11,-0.01023,0.0,0.9617,2755,0,0,0,0,0,0,0,0,0,0,0,0,0,0,0,0,0,0,0,0,0
3041280,1485,0,12,0,5,0,7,-0.00867,0.0,1.0022,2836,0,0,0,0,0,0,0,0,0,0,0,0,0,0,0,0,0,0,0,0,0
3043328,1486,0,13,0,3,0,10,-0.00844,0.0,1.0668,2719,0,0,0,0,0,0,0,0,0,0,0,0,0,0,0,0,0,0,0,0,0
3045376,1487,0,14,0,4,0,10,-0.00882,0.0,1.149,2797,0,0,0,0,0,0,0,0,0,0,0,0,0,0,0,0,0,0,0,0,0
3047424,1488,0,11,0,3,0,8,-0.00862,0.0,1.1345,2954,0,0,0,0,0,0,0,0,0,0,0,0,0,0,0,0,0,0,0,0,0
3049472,1489,0,15,0,2,0,13,-0.01031,0.0,1.1817,2917,0,0,0,0,0,0,0,0,0,0,0,0,0,0,0,0,0,0,0,0,0
3051520,1490,0,10,0,1,0,9,-0.00952,0.0,1.1087,3033,0,0,0,0,0,0,0,0,0,0,0,0,0,0,0,0,0,0,0,0,0
3053568,1491,0,15,0,6,0,9,-0.00783,0.0,1.1021,2843,0,0,0,0,0,0,0,0,0,0,0,0,0,0,0,0,0,0,0,0,0
3055616,1492,0,15,0,5,0,10,-0.00565,0.0,1.0843,2611,0,0,0,0,0,0,0,0,0,0,0,0,0,0,0,0,0,0,0,0,0
3057664,1493,0,12,0,2,0,10,-0.00871,0.0,1.1192,2830,0,0,0,0,0,0,0,0,0,0,0,0,0,0,0,0,0,0,0,0,0
3059712,1494,0,15,0,8,0,7,-0.01054,0.0,1.0341,2818,0,0,0,0,0,0,0,0,0,0,0,0,0,0,0,0,0,0,0,0,0
3061760,1495,0,13,0,4,0,9,-0.00919,0.0,0.9648,2594,0,0,0,0,0,0,0,0,0,0,0,0,0,0,0,0,0,0,0,0,0
3063808,1496,0,12,0,4,0,8,-0.0087,0.0,0.9824,2728,0,0,0,0,0,0,0,0,0,0,0,0,0,0,0,0,0,0,0,0,0
3065856,1497,0,14,0,4,0,10,-0.00646,0.0,1.0435,2682,0,0,0,0,0,0,0,0,0,0,0,0,0,0,0,0,0,0,0,0,0
3067904,1498,0,11,0,2,0,9,-0.01166,0.0,1.1351,2973,0,0,0,0,0,0,0,0,0,0,0,0,0,0,0,0,0,0,0,0,0
3069952,1499,0,16,1,4,0,11,-0.00584,9e-05,1.1612,2875,0,0,0,0,0,0,0,0,0,0,0,0,0,0,0,0,0,0,0,0,0
3072000,1500,0,11,0,5,0,6,-0.00923,1e-05,1.0594,2813,0,0,0,0,0,0,0,0,0,0,0,0,0,0,0,0,0,0,0,0,0
3074048,1501,0,9,0,0,0,9,-0.00976,0.0,0.8997,2539,0,0,0,0,0,0,0,0,0,0,0,0,0,0,0,0,0,0,0,0,0
3076096,1502,0,15,0,3,0,12,-0.00719,0.0,1.0109,3019,0,0,0,0,0,0,0,0,0,0,0,0,0,0,0,0,0,0,0,0,0
3078144,1503,0,11,0,2,0,9,-0.00895,0.0,1.0328,2745,0,0,0,0,0,0,0,0,0,0,0,0,0,0,0,0,0,0,0,0,0
3080192,1504,0,13,0,4,0,9,-0.0117,1e-05,1.0142,2606,0,0,0,0,0,0,0,0,0,0,0,0,0,0,0,0,0,0,0,0,0
3082240,1505,0,10,0,1,0,9,-0.00825,0.0,1.0322,2800,0,0,0,0,0,0,0,0,0,0,0,0,0,0,0,0,0,0,0,0,0
3084288,1506,0,11,0,1,0,10,-0.0094,0.0,1.0094,2901,0,0,0,0,0,0,0,0,0,0,0,0,0,0,0,0,0,0,0,0,0
3086336,1507,0,15,0,4,0,11,-0.01072,0.0,0.9991,2777,0,0,0,0,0,0,0,0,0,0,0,0,0,0,0,0,0,0,0,0,0
3088384,1508,0,9,0,1,0,8,-0.00995,0.0,0.9906,2978,0,0,0,0,0,0,0,0,0,0,0,0,0,0,0,0,0,0,0,0,0
3090432,1509,0,11,0,1,0,10,-0.01165,0.0,1.0796,2853,0,0,0,0,0,0,0,0,0,0,0,0,0,0,0,0,0,0,0,0,0
3092480,1510,0,12,0,1,1,10,-0.00853,0.0,1.0876,2793,0,0,0,0,0,0,0,0,0,0,0,0,0,0,0,0,0,0,0,0,0
3094528,1511,0,14,0,6,0,8,-0.01072,0.0,1.1067,2818,0,0,0,0,0,0,0,0,0,0,0,0,0,0,0,0,0,0,0,0,0
3096576,1512,0,8,0,0,0,8,-0.00985,0.0,1.1016,2749,0,0,0,0,0,0,0,0,0,0,0,0,0,0,0,0,0,0,0,0,0
3098624,1513,0,14,0,3,0,11,-0.01042,0.0,1.1282,2866,0,0,0,0,0,0,0,0,0,0,0,0,0,0,0,0,0,0,0,0,0
3100672,1514,0,14,0,2,0,12,-0.00853,0.0,1.1526,2743,0,0,0,0,0,0,0,0,0,0,0,0,0,0,0,0,0,0,0,0,0
3102720,1515,0,9,0,5,0,4,-0.00917,0.0,1.2532,2993,0,0,0,0,0,0,0,0,0,0,0,0,0,0,0,0,0,0,0,0,0
3104768,1516,0,17,0,3,0,14,-0.00841,0.0,1.1751,2906,0,0,0,0,0,0,0,0,0,0,0,0,0,0,0,0,0,0,0,0,0
3106816,1517,0,9,0,0,0,9,-0.00689,0.0,1.1272,2572,0,0,0,0,0,0,0,0,0,0,0,0,0,0,0,0,0,0,0,0,0
3108864,1518,0,11,0,2,0,9,-0.00565,0.0,1.2505,2793,0,0,0,0,0,0,0,0,0,0,0,0,0,0,0,0,0,0,0,0,0
3110912,1519,0,15,0,3,0,12,-0.00847,0.0,1.3414,2771,0,0,0,0,0,0,0,0,0,0,0,0,0,0,0,0,0,0,0,0,0
3112960,1520,0,8,0,1,0,7,-0.01157,0.0,1.3063,2194,0,0,0,0,0,0,0,0,0,0,0,0,0,0,0,0,0,0,0,0,0
3115008,1521,0,16,0,4,0,12,-0.00848,0.0,1.2217,2718,0,0,0,0,0,0,0,0,0,0,0,0,0,0,0,0,0,0,0,0,0
3117056,1522,0,11,0,2,1,8,-0.00703,0.0,1.1799,2743,0,0,0,0,0,0,0,0,0,0,0,0,0,0,0,0,0,0,0,0,0
3119104,1523,0,9,0,0,0,9,-0.00948,0.0,1.1802,2762,0,0,0,0,0,0,0,0,0,0,0,0,0,0,0,0,0,0,0,0,0
3121152,1524,0,14,0,3,0,11,-0.01153,0.0,1.1774,2595,0,0,0,0,0,0,0,0,0,0,0,0,0,0,0,0,0,0,0,0,0
3123200,1525,0,15,0,6,0,9,-0.00927,0.0,1.2282,2672,0,0,0,0,0,0,0,0,0,0,0,0,0,0,0,0,0,0,0,0,0
3125248,1526,0,11,0,4,0,7,-0.00705,0.0,1.1549,2907,0,0,0,0,0,0,0,0,0,0,0,0,0,0,0,0,0,0,0,0,0
3127296,1527,0,12,0,0,0,12,-0.01208,0.0,1.1628,3120,0,0,0,0,0,0,0,0,0,0,0,0,0,0,0,0,0,0,0,0,0
3129344,1528,0,12,0,2,0,10,-0.01092,0.0,1.1589,2819,0,0,0,0,0,0,0,0,0,0,0,0,0,0,0,0,0,0,0,0,0
3131392,1529,0,11,0,3,0,8,-0.00784,0.0,1.1608,2887,0,0,0,0,0,0,0,0,0,0,0,0,0,0,0,0,0,0,0,0,0
3133440,1530,0,12,0,1,0,11,-0.00815,0.0,1.1766,2550,0,0,0,0,0,0,0,0,0,0,0,0,0,0,0,0,0,0,0,0,0
3135488,1531,0,9,0,0,0,9,-0.00989,0.0,1.2049,2921,0,0,0,0,0,0,0,0,0,0,0,0,0,0,0,0,0,0,0,0,0
3137536,1532,0,10,0,0,0,10,-0.00852,0.0,1.1295,2963,0,0,0,0,0,0,0,0,0,0,0,0,0,0,0,0,0,0,0,0,0
3139584,1533,0,14,0,2,0,12,-0.00986,0.0,1.0494,3078,0,0,0,0,0,0,0,0,0,0,0,0,0,0,0,0,0,0,0,0,0
3141632,1534,0,11,0,3,0,8,-0.00935,0.0,1.0481,2918,0,0,0,0,0,0,0,0,0,0,0,0,0,0,0,0,0,0,0,0,0
3143680,1535,0,9,0,1,0,8,-0.01229,0.0,1.178,2834,0,0,0,0,0,0,0,0,0,0,0,0,0,0,0,0,0,0,0,0,0
3145728,1536,0,18,0,5,0,13,-0.00718,0.0,1.0939,2848,0,0,0,0,0,0,0,0,0,0,0,0,0,0,0,0,0,0,0,0,0
3147776,1537,0,9,0,5,0,4,-0.00971,0.0,1.0369,2780,0,0,0,0,0,0,0,0,0,0,0,0,0,0,0,0,0,0,0,0,0
3149824,1538,0,17,0,2,1,14,-0.00967,0.0,1.1741,3008,0,0,0,0,0,0,0,0,0,0,0,0,0,0,0,0,0,0,0,0,0
3151872,1539,0,12,0,5,0,7,-0.00987,0.0,1.1452,2859,0,0,0,0,0,0,0,0,0,0,0,0,0,0,0,0,0,0,0,0,0
3153920,1540,0,11,0,5,0,6,-0.00833,0.0,1.1961,2842,0,0,0,0,0,0,0,0,0,0,0,0,0,0,0,0,0,0,0,0,0
3155968,1541,0,14,0,2,0,12,-0.01295,0.0,1.1998,2812,0,0,0,0,0,0,0,0,0,0,0,0,0,0,0,0,0,0,0,0,0
3158016,1542,0,11,0,2,0,9,-0.01027,0.0,1.2454,2782,0,0,0,0,0,0,0,0,0,0,0,0,0,0,0,0,0,0,0,0,0
3160064,1543,0,9,0,1,0,8,-0.01198,0.0,1.2713,3166,0,0,0,0,0,0,0,0,0,0,0,0,0,0,0,0,0,0,0,0,0
3162112,1544,0,14,0,0,0,14,-0.00618,0.0,1.2425,3054,0,0,0,0,0,0,0,0,0,0,0,0,0,0,0,0,0,0,0,0,0
3164160,1545,0,9,0,1,0,8,-0.01121,0.0,1.1699,2826,0,0,0,0,0,0,0,0,0,0,0,0,0,0,0,0,0,0,0,0,0
3166208,1546,0,11,0,2,0,9,-0.00902,0.0,1.231,2938,0,0,0,0,0,0,0,0,0,0,0,0,0,0,0,0,0,0,0,0,0
3168256,1547,0,13,0,1,0,12,-0.00898,0.0,1.1447,3120,0,0,0,0,0,0,0,0,0,0,0,0,0,0,0,0,0,0,0,0,0
3170304,1548,0,15,0,6,0,9,-0.01196,0.0,1.2335,2613,0,0,0,0,0,0,0,0,0,0,0,0,0,0,0,0,0,0,0,0,0
3172352,1549,0,11,0,4,0,7,-0.01287,0.0,1.1839,2869,0,0,0,0,0,0,0,0,0,0,0,0,0,0,0,0,0,0,0,0,0
3174400,1550,0,14,0,5,0,9,-0.00891,0.0,1.1397,2942,0,0,0,0,0,0,0,0,0,0,0,0,0,0,0,0,0,0,0,0,0
3176448,1551,0,14,0,2,0,12,-0.01045,0.0,1.0257,2737,0,0,0,0,0,0,0,0,0,0,0,0,0,0,0,0,0,0,0,0,0
3178496,1552,0,10,0,1,0,9,-0.00768,0.0,1.0633,2686,0,0,0,0,0,0,0,0,0,0,0,0,0,0,0,0,0,0,0,0,0
3180544,1553,0,10,0,1,0,9,-0.01235,0.0,1.1448,2854,0,0,0,0,0,0,0,0,0,0,0,0,0,0,0,0,0,0,0,0,0
3182592,1554,0,14,0,2,0,12,-0.00827,0.0,1.1021,2714,0,0,0,0,0,0,0,0,0,0,0,0,0,0,0,0,0,0,0,0,0
3184640,1555,0,14,0,7,0,7,-0.00499,0.0,1.0122,2900,0,0,0,0,0,0,0,0,0,0,0,0,0,0,0,0,0,0,0,0,0
3186688,1556,0,8,0,0,0,8,-0.00879,0.0,1.0739,2859,0,0,0,0,0,0,0,0,0,0,0,0,0,0,0,0,0,0,0,0,0
3188736,1557,0,13,0,1,0,12,-0.00844,0.0,1.1439,2601,0,0,0,0,0,0,0,0,0,0,0,0,0,0,0,0,0,0,0,0,0
3190784,1558,0,14,0,2,0,12,-0.01124,0.0,1.1153,2738,0,0,0,0,0,0,0,0,0,0,0,0,0,0,0,0,0,0,0,0,0
3192832,1559,0,6,0,1,0,5,-0.0086,0.0,0.9885,2655,0,0,0,0,0,0,0,0,0,0,0,0,0,0,0,0,0,0,0,0,0
3194880,1560,0,19,0,8,0,11,-0.00694,0.0,1.0146,2866,0,0,0,0,0,0,0,0,0,0,0,0,0,0,0,0,0,0,0,0,0
3196928,1561,0,13,0,3,0,10,-0.00869,0.0,1.1383,2835,0,0,0,0,0,0,0,0,0,0,0,0,0,0,0,0,0,0,0,0,0
3198976,1562,0,13,0,5,0,8,-0.01108,0.0,1.098,2874,0,0,0,0,0,0,0,0,0,0,0,0,0,0,0,0,0,0,0,0,0
3201024,1563,0,13,0,3,0,10,-0.01156,0.0,1.1,2657,0,0,0,0,0,0,0,0,0,0,0,0,0,0,0,0,0,0,0,0,0
3203072,1564,0,13,0,1,0,12,-0.0101,0.0,1.0161,2617,0,0,0,0,0,0,0,0,0,0,0,0,0,0,0,0,0,0,0,0,0
3205120,1565,0,11,0,2,0,9,-0.01023,0.0,1.092,2792,0,0,0,0,0,0,0,0,0,0,0,0,0,0,0,0,0,0,0,0,0
3207168,1566,0,8,0,1,0,7,-0.00394,0.0,1.1331,2742,0,0,0,0,0,0,0,0,0,0,0,0,0,0,0,0,0,0,0,0,0
3209216,1567,0,13,0,0,0,13,-0.00682,0.0,1.0655,2941,0,0,0,0,0,0,0,0,0,0,0,0,0,0,0,0,0,0,0,0,0
3211264,1568,0,12,0,1,0,11,-0.00866,4e-05,0.9613,2665,0,0,0,0,0,0,0,0,0,0,0,0,0,0,0,0,0,0,0,0,0
3213312,1569,0,9,0,1,0,8,-0.00911,1e-05,1.1058,2898,0,0,0,0,0,0,0,0,0,0,0,0,0,0,0,0,0,0,0,0,0
3215360,1570,0,13,0,3,0,10,-0.01004,0.0,1.2334,2673,0,0,0,0,0,0,0,0,0,0,0,0,0,0,0,0,0,0,0,0,0
3217408,1571,0,11,0,2,0,9,-0.01122,0.0,1.1798,2746,0,0,0,0,0,0,0,0,0,0,0,0,0,0,0,0,0,0,0,0,0
3219456,1572,0,13,0,1,0,12,-0.0117,0.0,1.1469,2733,0,0,0,0,0,0,0,0,0,0,0,0,0,0,0,0,0,0,0,0,0
3221504,1573,0,11,0,3,0,8,-0.00728,0.0,1.0073,2640,0,0,0,0,0,0,0,0,0,0,0,0,0,0,0,0,0,0,0,0,0
3223552,1574,0,10,0,0,0,10,-0.00783,0.0,1.0811,2625,0,0,0,0,0,0,0,0,0,0,0,0,0,0,0,0,0,0,0,0,0
3225600,1575,0,15,0,3,0,12,-0.00852,0.0,1.0424,2762,0,0,0,0,0,0,0,0,0,0,0,0,0,0,0,0,0,0,0,0,0
3227648,1576,0,11,0,3,0,8,-0.00974,0.0,0.9554,2588,0,0,0,0,0,0,0,0,0,0,0,0,0,0,0,0,0,0,0,0,0
3229696,1577,0,11,0,1,0,10,-0.00798,0.0,0.9712,2392,0,0,0,0,0,0,0,0,0,0,0,0,0,0,0,0,0,0,0,0,0
3231744,1578,0,14,0,1,0,13,-0.01107,0.0,1.0401,2825,0,0,0,0,0,0,0,0,0,0,0,0,0,0,0,0,0,0,0,0,0
3233792,1579,0,7,0,0,0,7,-0.00975,0.0,0.9433,2576,0,0,0,0,0,0,0,0,0,0,0,0,0,0,0,0,0,0,0,0,0
3235840,1580,0,14,0,3,0,11,-0.01101,0.0,0.9423,2736,0,0,0,0,0,0,0,0,0,0,0,0,0,0,0,0,0,0,0,0,0
3237888,1581,0,14,0,3,0,11,-0.00849,0.0,1.0302,2724,0,0,0,0,0,0,0,0,0,0,0,0,0,0,0,0,0,0,0,0,0
3239936,1582,0,11,0,3,0,8,-0.01022,0.0,0.9793,3064,0,0,0,0,0,0,0,0,0,0,0,0,0,0,0,0,0,0,0,0,0
3241984,1583,0,12,0,2,0,10,-0.00865,0.0,0.8565,3018,0,0,0,0,0,0,0,0,0,0,0,0,0,0,0,0,0,0,0,0,0
3244032,1584,0,12,0,3,0,9,-0.00853,0.0,1.0183,3137,0,0,0,0,0,0,0,0,0,0,0,0,0,0,0,0,0,0,0,0,0
3246080,1585,0,13,0,2,0,11,-0.01054,0.0,1.1323,3158,0,0,0,0,0,0,0,0,0,0,0,0,0,0,0,0,0,0,0,0,0
3248128,1586,0,11,0,0,0,11,-0.00965,0.0,0.9391,2635,0,0,0,0,0,0,0,0,0,0,0,0,0,0,0,0,0,0,0,0,0
3250176,1587,0,9,0,0,0,9,-0.00932,0.0,0.8439,2876,0,0,0,0,0,0,0,0,0,0,0,0,0,0,0,0,0,0,0,0,0
3252224,1588,0,12,0,0,0,12,-0.01028,0.0,0.8906,2649,0,0,0,0,0,0,0,0,0,0,0,0,0,0,0,0,0,0,0,0,0
3254272,1589,0,12,0,1,0,11,-0.00912,0.0,0.9703,2879,0,0,0,0,0,0,0,0,0,0,0,0,0,0,0,0,0,0,0,0,0
3256320,1590,0,9,0,0,0,9,-0.00801,0.0,0.9583,2747,0,0,0,0,0,0,0,0,0,0,0,0,0,0,0,0,0,0,0,0,0
3258368,1591,0,11,0,1,0,10,-0.0082,0.0,0.9156,2962,0,0,0,0,0,0,0,0,0,0,0,0,0,0,0,0,0,0,0,0,0
3260416,1592,0,13,0,3,0,10,-0.00725,0.0,0.9853,2641,0,0,0,0,0,0,0,0,0,0,0,0,0,0,0,0,0,0,0,0,0
3262464,1593,0,8,0,0,0,8,-0.00845,0.0,1.0289,2764,0,0,0,0,0,0,0,0,0,0,0,0,0,0,0,0,0,0,0,0,0
3264512,1594,0,12,0,1,0,11,-0.00876,0.0,0.9248,2995,0,0,0,0,0,0,0,0,0,0,0,0,0,0,0,0,0,0,0,0,0
3266560,1595,0,14,0,3,0,11,-0.01101,0.0,0.9718,3069,0,0,0,0,0,0,0,0,0,0,0,0,0,0,0,0,0,0,0,0,0
3268608,1596,0,11,0,3,0,8,-0.00917,0.0,1.0065,2664,0,0,0,0,0,0,0,0,0,0,0,0,0,0,0,0,0,0,0,0,0
3270656,1597,0,12,0,2,0,10,-0.00905,0.0,1.1248,2779,0,0,0,0,0,0,0,0,0,0,0,0,0,0,0,0,0,0,0,0,0
3272704,1598,0,11,0,0,0,11,-0.01068,0.0,1.0448,2931,0,0,0,0,0,0,0,0,0,0,0,0,0,0,0,0,0,0,0,0,0
3274752,1599,0,13,0,3,0,10,-0.01004,0.0,0.924,2860,0,0,0,0,0,0,0,0,0,0,0,0,0,0,0,0,0,0,0,0,0
3276800,1600,0,10,0,2,0,8,-0.00804,0.0,1.0038,2936,0,0,0,0,0,0,0,0,0,0,0,0,0,0,0,0,0,0,0,0,0
3278848,1601,0,11,0,1,0,10,-0.00749,0.0,0.9514,2821,0,0,0,0,0,0,0,0,0,0,0,0,0,0,0,0,0,0,0,0,0
3280896,1602,0,15,0,5,0,10,-0.00988,0.0,0.9288,2639,0,0,0,0,0,0,0,0,0,0,0,0,0,0,0,0,0,0,0,0,0
3282944,1603,0,9,0,0,0,9,-0.00731,0.0,0.9755,2482,0,0,0,0,0,0,0,0,0,0,0,0,0,0,0,0,0,0,0,0,0
3284992,1604,0,10,0,0,0,10,-0.01026,0.0,0.8793,2462,0,0,0,0,0,0,0,0,0,0,0,0,0,0,0,0,0,0,0,0,0
3287040,1605,0,13,0,4,0,9,-0.0099,0.0,0.9025,2691,0,0,0,0,0,0,0,0,0,0,0,0,0,0,0,0,0,0,0,0,0
3289088,1606,0,12,0,2,0,10,-0.00728,1e-05,0.9768,2601,0,0,0,0,0,0,0,0,0,0,0,0,0,0,0,0,0,0,0,0,0
3291136,1607,0,9,0,1,0,8,-0.00887,0.0,0.9212,2860,0,0,0,0,0,0,0,0,0,0,0,0,0,0,0,0,0,0,0,0,0
3293184,1608,0,13,0,1,0,12,-0.00835,0.0,0.8848,2891,0,0,0,0,0,0,0,0,0,0,0,0,0,0,0,0,0,0,0,0,0
3295232,1609,0,10,0,2,0,8,-0.00892,1e-05,0.926,2686,0,0,0,0,0,0,0,0,0,0,0,0,0,0,0,0,0,0,0,0,0
3297280,1610,0,11,0,1,0,10,-0.00997,1e-05,0.8657,2747,0,0,0,0,0,0,0,0,0,0,0,0,0,0,0,0,0,0,0,0,0
3299328,1611,0,11,0,2,0,9,-0.01137,0.0,0.8845,2902,0,0,0,0,0,0,0,0,0,0,0,0,0,0,0,0,0,0,0,0,0
3301376,1612,0,14,0,2,0,12,-0.0075,0.0,0.8378,2993,0,0,0,0,0,0,0,0,0,0,0,0,0,0,0,0,0,0,0,0,0
3303424,1613,0,9,0,1,0,8,-0.00838,0.0,0.9045,2394,0,0,0,0,0,0,0,0,0,0,0,0,0,0,0,0,0,0,0,0,0
3305472,1614,0,11,0,0,0,11,-0.00983,0.0,0.9599,2773,0,0,0,0,0,0,0,0,0,0,0,0,0,0,0,0,0,0,0,0,0
3307520,1615,0,14,0,3,0,11,-0.00852,0.0,0.9133,2756,0,0,0,0,0,0,0,0,0,0,0,0,0,0,0,0,0,0,0,0,0
3309568,1616,0,10,0,1,0,9,-0.00847,0.0,0.915,2593,0,0,0,0,0,0,0,0,0,0,0,0,0,0,0,0,0,0,0,0,0
3311616,1617,0,10,0,2,0,8,-0.00812,2e-05,0.9156,2898,0,0,0,0,0,0,0,0,0,0,0,0,0,0,0,0,0,0,0,0,0
3313664,1618,0,14,0,0,0,14,-0.00875,9e-05,0.8729,2803,0,0,0,0,0,0,0,0,0,0,0,0,0,0,0,0,0,0,0,0,0
3315712,1619,0,8,0,0,0,8,-0.01035,1e-05,0.9313,2713,0,0,0,0,0,0,0,0,0,0,0,0,0,0,0,0,0,0,0,0,0
3317760,1620,0,10,0,1,0,9,-0.00928,0.0,0.9264,2808,0,0,0,0,0,0,0,0,0,0,0,0,0,0,0,0,0,0,0,0,0
3319808,1621,0,14,0,0,0,14,-0.00744,0.0,0.9212,2876,0,0,0,0,0,0,0,0,0,0,0,0,0,0,0,0,0,0,0,0,0
3321856,1622,0,10,0,3,0,7,-0.00926,0.0,0.9493,2785,0,0,0,0,0,0,0,0,0,0,0,0,0,0,0,0,0,0,0,0,0
3323904,1623,0,12,0,2,0,10,-0.01032,0.0,1.0354,2788,0,0,0,0,0,0,0,0,0,0,0,0,0,0,0,0,0,0,0,0,0
3325952,1624,0,14,0,1,0,13,-0.00799,0.0,1.0081,2757,0,0,0,0,0,0,0,0,0,0,0,0,0,0,0,0,0,0,0,0,0
3328000,1625,0,7,0,0,0,7,-0.00933,0.0,0.9986,2747,0,0,0,0,0,0,0,0,0,0,0,0,0,0,0,0,0,0,0,0,0
3330048,1626,0,13,0,1,0,12,-0.00959,0.0,0.9751,2630,0,0,0,0,0,0,0,0,0,0,0,0,0,0,0,0,0,0,0,0,0
3332096,1627,0,9,0,0,0,9,-0.00942,0.0,1.0136,2785,0,0,0,0,0,0,0,0,0,0,0,0,0,0,0,0,0,0,0,0,0
3334144,1628,0,10,0,1,0,9,-0.0092,0.0,0.9522,2597,0,0,0,0,0,0,0,0,0,0,0,0,0,0,0,0,0,0,0,0,0
3336192,1629,0,14,0,0,0,14,-0.01229,0.0,0.8944,2561,0,0,0,0,0,0,0,0,0,0,0,0,0,0,0,0,0,0,0,0,0
3338240,1630,0,8,0,2,0,6,-0.00879,0.0,0.8733,2443,0,0,0,0,0,0,0,0,0,0,0,0,0,0,0,0,0,0,0,0,0
3340288,1631,0,12,0,1,0,11,-0.00968,0.0,0.9598,2660,0,0,0,0,0,0,0,0,0,0,0,0,0,0,0,0,0,0,0,0,0
3342336,1632,0,14,0,1,0,13,-0.00739,0.0,0.9772,2896,0,0,0,0,0,0,0,0,0,0,0,0,0,0,0,0,0,0,0,0,0
3344384,1633,0,8,0,0,0,8,-0.00644,0.0,0.9359,2789,0,0,0,0,0,0,0,0,0,0,0,0,0,0,0,0,0,0,0,0,0
3346432,1634,0,9,0,0,0,9,-0.00879,0.0,0.9346,2882,0,0,0,0,0,0,0,0,0,0,0,0,0,0,0,0,0,0,0,0,0
3348480,1635,0,15,0,0,0,15,-0.00917,0.0,0.9567,2743,0,0,0,0,0,0,0,0,0,0,0,0,0,0,0,0,0,0,0,0,0
3350528,1636,0,10,0,2,0,8,-0.01069,0.0,0.9804,2880,0,0,0,0,0,0,0,0,0,0,0,0,0,0,0,0,0,0,0,0,0
3352576,1637,0,11,0,2,0,9,-0.00983,0.0,0.9386,2681,0,0,0,0,0,0,0,0,0,0,0,0,0,0,0,0,0,0,0,0,0
3354624,1638,0,13,0,1,0,12,-0.00706,0.0,0.8527,2679,0,0,0,0,0,0,0,0,0,0,0,0,0,0,0,0,0,0,0,0,0
3356672,1639,0,10,0,0,0,10,-0.00974,0.0,1.0088,2827,0,0,0,0,0,0,0,0,0,0,0,0,0,0,0,0,0,0,0,0,0
3358720,1640,0,11,0,1,0,10,-0.00989,0.0,0.9087,2859,0,0,0,0,0,0,0,0,0,0,0,0,0,0,0,0,0,0,0,0,0
3360768,1641,0,11,0,0,0,11,-0.01076,0.0,1.014,2701,0,0,0,0,0,0,0,0,0,0,0,0,0,0,0,0,0,0,0,0,0
3362816,1642,0,10,0,2,0,8,-0.00984,0.0,0.9425,2681,0,0,0,0,0,0,0,0,0,0,0,0,0,0,0,0,0,0,0,0,0
3364864,1643,0,15,0,2,0,13,-0.0108,0.0,0.9184,2716,0,0,0,0,0,0,0,0,0,0,0,0,0,0,0,0,0,0,0,0,0
3366912,1644,0,13,0,5,0,8,-0.00928,0.0,0.9974,2607,0,0,0,0,0,0,0,0,0,0,0,0,0,0,0,0,0,0,0,0,0
3368960,1645,0,10,0,1,0,9,-0.0094,0.0,1.0579,2618,0,0,0,0,0,0,0,0,0,0,0,0,0,0,0,0,0,0,0,0,0
3371008,1646,0,12,0,3,0,9,-0.00922,0.0,0.8825,2654,0,0,0,0,0,0,0,0,0,0,0,0,0,0,0,0,0,0,0,0,0
3373056,1647,0,11,0,0,0,11,-0.01078,0.0,0.9665,3002,0,0,0,0,0,0,0,0,0,0,0,0,0,0,0,0,0,0,0,0,0
3375104,1648,0,14,0,3,0,11,-0.00925,0.0,0.9389,3021,0,0,0,0,0,0,0,0,0,0,0,0,0,0,0,0,0,0,0,0,0
3377152,1649,0,7,0,0,0,7,-0.00941,0.0,1.0144,2627,0,0,0,0,0,0,0,0,0,0,0,0,0,0,0,0,0,0,0,0,0
3379200,1650,0,15,0,3,0,12,-0.01023,0.0,0.9025,2795,0,0,0,0,0,0,0,0,0,0,0,0,0,0,0,0,0,0,0,0,0
3381248,1651,0,10,0,0,0,10,-0.00983,0.0,0.9163,2594,0,0,0,0,0,0,0,0,0,0,0,0,0,0,0,0,0,0,0,0,0
3383296,1652,0,9,0,0,0,9,-0.00818,0.0,0.8726,2991,0,0,0,0,0,0,0,0,0,0,0,0,0,0,0,0,0,0,0,0,0
3385344,1653,0,12,0,1,0,11,-0.00717,0.0,0.9588,2672,0,0,0,0,0,0,0,0,0,0,0,0,0,0,0,0,0,0,0,0,0
3387392,1654,0,14,0,6,0,8,-0.00883,0.0,1.0685,2685,0,0,0,0,0,0,0,0,0,0,0,0,0,0,0,0,0,0,0,0,0
3389440,1655,0,11,0,3,0,8,-0.00897,0.0,1.0179,2837,0,0,0,0,0,0,0,0,0,0,0,0,0,0,0,0,0,0,0,0,0
3391488,1656,0,9,0,0,0,9,-0.00936,0.0,1.0527,2749,0,0,0,0,0,0,0,0,0,0,0,0,0,0,0,0,0,0,0,0,0
3393536,1657,0,13,0,1,0,12,-0.00886,0.0,1.0128,2648,0,0,0,0,0,0,0,0,0,0,0,0,0,0,0,0,0,0,0,0,0
3395584,1658,0,11,0,1,0,10,-0.01013,0.0,1.0885,2951,0,0,0,0,0,0,0,0,0,0,0,0,0,0,0,0,0,0,0,0,0
3397632,1659,0,9,0,0,0,9,-0.00938,0.0,1.0086,2802,0,0,0,0,0,0,0,0,0,0,0,0,0,0,0,0,0,0,0,0,0
3399680,1660,0,12,1,1,0,10,-0.00359,0.00015,1.082,2835,0,0,0,0,0,0,0,0,0,0,0,0,0,0,0,0,0,0,0,0,0
3401728,1661,0,11,0,2,0,9,-0.00899,1e-05,1.0729,2941,0,0,0,0,0,0,0,0,0,0,0,0,0,0,0,0,0,0,0,0,0
3403776,1662,0,12,0,1,0,11,-0.01087,0.0,1.0665,2924,0,0,0,0,0,0,0,0,0,0,0,0,0,0,0,0,0,0,0,0,0
3405824,1663,0,10,0,2,0,8,-0.00708,0.0,1.1065,2954,0,0,0,0,0,0,0,0,0,0,0,0,0,0,0,0,0,0,0,0,0
3407872,1664,0,15,0,3,0,12,-0.00839,0.0,1.013,2791,0,0,0,0,0,0,0,0,0,0,0,0,0,0,0,0,0,0,0,0,0
3409920,1665,0,9,0,0,0,9,-0.00854,0.0,0.8501,2842,0,0,0,0,0,0,0,0,0,0,0,0,0,0,0,0,0,0,0,0,0
3411968,1666,0,13,0,3,0,10,-0.0077,0.0,1.0123,2999,0,0,0,0,0,0,0,0,0,0,0,0,0,0,0,0,0,0,0,0,0
3414016,1667,0,10,0,0,0,10,-0.01059,0.0,1.0275,2797,0,0,0,0,0,0,0,0,0,0,0,0,0,0,0,0,0,0,0,0,0
3416064,1668,0,11,1,0,0,10,-0.00671,4e-05,0.995,2803,0,0,0,0,0,0,0,0,0,0,0,0,0,0,0,0,0,0,0,0,0
3418112,1669,0,12,0,1,0,11,-0.01112,0.0,1.0677,2825,0,0,0,0,0,0,0,0,0,0,0,0,0,0,0,0,0,0,0,0,0
3420160,1670,0,10,0,1,0,9,-0.00985,0.0,1.1261,2738,0,0,0,0,0,0,0,0,0,0,0,0,0,0,0,0,0,0,0,0,0
3422208,1671,0,15,0,4,0,11,-0.00956,0.0,1.0218,2557,0,0,0,0,0,0,0,0,0,0,0,0,0,0,0,0,0,0,0,0,0
3424256,1672,0,12,0,2,0,10,-0.00985,0.0,0.9414,2665,0,0,0,0,0,0,0,0,0,0,0,0,0,0,0,0,0,0,0,0,0
3426304,1673,0,10,0,1,0,9,-0.01258,0.0,0.8876,2923,0,0,0,0,0,0,0,0,0,0,0,0,0,0,0,0,0,0,0,0,0
3428352,1674,0,14,0,2,0,12,-0.00913,0.0,1.0172,2827,0,0,0,0,0,0,0,0,0,0,0,0,0,0,0,0,0,0,0,0,0
3430400,1675,0,8,0,0,0,8,-0.00724,0.0,0.9006,2809,0,0,0,0,0,0,0,0,0,0,0,0,0,0,0,0,0,0,0,0,0
3432448,1676,0,10,0,1,0,9,-0.01039,0.0,0.962,2894,0,0,0,0,0,0,0,0,0,0,0,0,0,0,0,0,0,0,0,0,0
3434496,1677,0,15,0,3,0,12,-0.0121,0.0,1.1757,2891,0,0,0,0,0,0,0,0,0,0,0,0,0,0,0,0,0,0,0,0,0
3436544,1678,0,9,0,0,0,9,-0.00741,0.0,1.0354,2939,0,0,0,0,0,0,0,0,0,0,0,0,0,0,0,0,0,0,0,0,0
3438592,1679,0,9,0,1,0,8,-0.01019,0.0,0.9657,2983,0,0,0,0,0,0,0,0,0,0,0,0,0,0,0,0,0,0,0,0,0
3440640,1680,0,14,0,2,0,12,-0.00809,0.0,1.0079,2592,0,0,0,0,0,0,0,0,0,0,0,0,0,0,0,0,0,0,0,0,0
3442688,1681,0,10,0,0,0,10,-0.00829,0.0,1.0557,2861,0,0,0,0,0,0,0,0,0,0,0,0,0,0,0,0,0,0,0,0,0
3444736,1682,0,10,0,1,0,9,-0.00694,0.0,0.9856,2672,0,0,0,0,0,0,0,0,0,0,0,0,0,0,0,0,0,0,0,0,0
3446784,1683,0,11,0,1,0,10,-0.00932,0.0,1.0538,2535,0,0,0,0,0,0,0,0,0,0,0,0,0,0,0,0,0,0,0,0,0
3448832,1684,0,12,0,3,0,9,-0.01112,0.0,1.0205,2796,0,0,0,0,0,0,0,0,0,0,0,0,0,0,0,0,0,0,0,0,0
3450880,1685,0,11,0,0,0,11,-0.00821,0.0,0.9517,2806,0,0,0,0,0,0,0,0,0,0,0,0,0,0,0,0,0,0,0,0,0
3452928,1686,0,13,0,2,0,11,-0.01303,0.0,0.9748,2499,0,0,0,0,0,0,0,0,0,0,0,0,0,0,0,0,0,0,0,0,0
3454976,1687,0,10,0,1,0,9,-0.00854,0.0,0.9813,2817,0,0,0,0,0,0,0,0,0,0,0,0,0,0,0,0,0,0,0,0,0
3457024,1688,0,14,0,2,0,12,-0.00892,0.0,0.8758,2887,0,0,0,0,0,0,0,0,0,0,0,0,0,0,0,0,0,0,0,0,0
3459072,1689,0,10,0,2,0,8,-0.01103,1e-05,0.8595,2936,0,0,0,0,0,0,0,0,0,0,0,0,0,0,0,0,0,0,0,0,0
3461120,1690,0,12,0,3,0,9,-0.00855,0.0,1.0331,2836,0,0,0,0,0,0,0,0,0,0,0,0,0,0,0,0,0,0,0,0,0
3463168,1691,0,13,0,0,0,13,-0.00961,0.0,1.0744,2684,0,0,0,0,0,0,0,0,0,0,0,0,0,0,0,0,0,0,0,0,0
3465216,1692,0,9,0,1,0,8,-0.00821,0.0,1.0949,2818,0,0,0,0,0,0,0,0,0,0,0,0,0,0,0,0,0,0,0,0,0
3467264,1693,0,9,0,0,0,9,-0.01093,0.0,1.0769,2954,0,0,0,0,0,0,0,0,0,0,0,0,0,0,0,0,0,0,0,0,0
3469312,1694,0,15,0,0,0,15,-0.01041,0.0,0.9952,2749,0,0,0,0,0,0,0,0,0,0,0,0,0,0,0,0,0,0,0,0,0
3471360,1695,0,7,0,2,0,5,-0.01019,0.0,1.0673,2795,0,0,0,0,0,0,0,0,0,0,0,0,0,0,0,0,0,0,0,0,0
3473408,1696,0,11,0,1,0,10,-0.01078,0.0,1.0558,2970,0,0,0,0,0,0,0,0,0,0,0,0,0,0,0,0,0,0,0,0,0
3475456,1697,0,17,0,3,0,14,-0.00921,0.0,0.988,2903,0,0,0,0,0,0,0,0,0,0,0,0,0,0,0,0,0,0,0,0,0
3477504,1698,0,8,0,2,0,6,-0.00923,0.0,0.9772,2989,0,0,0,0,0,0,0,0,0,0,0,0,0,0,0,0,0,0,0,0,0
3479552,1699,0,13,0,3,0,10,-0.01106,0.0,0.9543,2597,0,0,0,0,0,0,0,0,0,0,0,0,0,0,0,0,0,0,0,0,0
3481600,1700,0,10,0,0,0,10,-0.01016,0.0,0.9514,2777,0,0,0,0,0,0,0,0,0,0,0,0,0,0,0,0,0,0,0,0,0
3483648,1701,0,11,0,0,0,11,-0.00946,0.0,0.9354,2768,0,0,0,0,0,0,0,0,0,0,0,0,0,0,0,0,0,0,0,0,0
3485696,1702,0,10,0,0,0,10,-0.00953,0.0,0.9138,2592,0,0,0,0,0,0,0,0,0,0,0,0,0,0,0,0,0,0,0,0,0
3487744,1703,0,12,0,3,0,9,-0.00561,0.0,0.8528,2684,0,0,0,0,0,0,0,0,0,0,0,0,0,0,0,0,0,0,0,0,0
3489792,1704,0,14,0,2,0,12,-0.00786,0.0,0.9796,2835,0,0,0,0,0,0,0,0,0,0,0,0,0,0,0,0,0,0,0,0,0
3491840,1705,0,11,0,2,0,9,-0.00932,0.0,0.9998,3008,0,0,0,0,0,0,0,0,0,0,0,0,0,0,0,0,0,0,0,0,0
3493888,1706,0,10,0,2,0,8,-0.011,0.0,0.9407,2800,0,0,0,0,0,0,0,0,0,0,0,0,0,0,0,0,0,0,0,0,0
3495936,1707,0,13,0,1,0,12,-0.00966,0.0,0.9966,2771,0,0,0,0,0,0,0,0,0,0,0,0,0,0,0,0,0,0,0,0,0
3497984,1708,0,10,0,0,0,10,-0.01,0.0,1.0311,2701,0,0,0,0,0,0,0,0,0,0,0,0,0,0,0,0,0,0,0,0,0
3500032,1709,0,8,0,0,0,8,-0.00985,0.0,1.0159,2780,0,0,0,0,0,0,0,0,0,0,0,0,0,0,0,0,0,0,0,0,0
3502080,1710,0,14,0,1,0,13,-0.00985,0.0,0.9592,2819,0,0,0,0,0,0,0,0,0,0,0,0,0,0,0,0,0,0,0,0,0
3504128,1711,0,10,0,3,0,7,-0.01167,0.0,1.0356,2707,0,0,0,0,0,0,0,0,0,0,0,0,0,0,0,0,0,0,0,0,0
3506176,1712,0,13,0,1,0,12,-0.00745,1e-05,0.9128,2775,0,0,0,0,0,0,0,0,0,0,0,0,0,0,0,0,0,0,0,0,0
3508224,1713,0,9,0,0,0,9,-0.01184,1e-05,0.9461,3004,0,0,0,0,0,0,0,0,0,0,0,0,0,0,0,0,0,0,0,0,0
3510272,1714,0,15,0,4,0,11,-0.00944,3e-05,0.8796,2751,0,0,0,0,0,0,0,0,0,0,0,0,0,0,0,0,0,0,0,0,0
3512320,1715,0,10,0,0,0,10,-0.00789,6e-05,0.9007,2830,0,0,0,0,0,0,0,0,0,0,0,0,0,0,0,0,0,0,0,0,0
3514368,1716,0,11,0,1,0,10,-0.00769,1e-05,1.0116,2589,0,0,0,0,0,0,0,0,0,0,0,0,0,0,0,0,0,0,0,0,0
3516416,1717,0,11,0,0,0,11,-0.00944,0.0,1.0381,2872,0,0,0,0,0,0,0,0,0,0,0,0,0,0,0,0,0,0,0,0,0
3518464,1718,0,8,0,1,0,7,-0.00978,0.0,0.944,2868,0,0,0,0,0,0,0,0,0,0,0,0,0,0,0,0,0,0,0,0,0
3520512,1719,0,14,0,1,0,13,-0.01077,0.0,0.9969,2949,0,0,0,0,0,0,0,0,0,0,0,0,0,0,0,0,0,0,0,0,0
3522560,1720,0,14,0,3,0,11,-0.01198,0.0,0.9809,2827,0,0,0,0,0,0,0,0,0,0,0,0,0,0,0,0,0,0,0,0,0
3524608,1721,0,7,0,0,0,7,-0.00994,0.0,1.0671,2780,0,0,0,0,0,0,0,0,0,0,0,0,0,0,0,0,0,0,0,0,0
3526656,1722,0,13,0,1,0,12,-0.01039,0.0,1.0007,2880,0,0,0,0,0,0,0,0,0,0,0,0,0,0,0,0,0,0,0,0,0
3528704,1723,0,10,0,1,0,9,-0.00926,0.0,0.9003,2770,0,0,0,0,0,0,0,0,0,0,0,0,0,0,0,0,0,0,0,0,0
3530752,1724,0,11,0,2,0,9,-0.00936,0.0,0.9182,2968,0,0,0,0,0,0,0,0,0,0,0,0,0,0,0,0,0,0,0,0,0
3532800,1725,0,14,0,2,0,12,-0.01092,0.0,0.9007,2684,0,0,0,0,0,0,0,0,0,0,0,0,0,0,0,0,0,0,0,0,0
3534848,1726,0,10,0,1,0,9,-0.0112,0.0,0.9962,2795,0,0,0,0,0,0,0,0,0,0,0,0,0,0,0,0,0,0,0,0,0
3536896,1727,0,12,0,2,0,10,-0.00832,0.0,1.0212,2954,0,0,0,0,0,0,0,0,0,0,0,0,0,0,0,0,0,0,0,0,0
3538944,1728,0,13,0,1,0,12,-0.01032,0.0,0.9398,2816,0,0,0,0,0,0,0,0,0,0,0,0,0,0,0,0,0,0,0,0,0
3540992,1729,0,11,0,4,0,7,-0.00988,0.0,1.0551,2695,0,0,0,0,0,0,0,0,0,0,0,0,0,0,0,0,0,0,0,0,0
3543040,1730,0,11,0,0,0,11,-0.00992,0.0,1.0568,3037,0,0,0,0,0,0,0,0,0,0,0,0,0,0,0,0,0,0,0,0,0
3545088,1731,0,10,0,0,0,10,-0.01057,0.0,1.0454,3043,0,0,0,0,0,0,0,0,0,0,0,0,0,0,0,0,0,0,0,0,0
3547136,1732,0,13,0,2,0,11,-0.00932,0.0,1.0717,3038,0,0,0,0,0,0,0,0,0,0,0,0,0,0,0,0,0,0,0,0,0
3549184,1733,0,10,0,2,0,8,-0.00883,0.0,0.998,2990,0,0,0,0,0,0,0,0,0,0,0,0,0,0,0,0,0,0,0,0,0
3551232,1734,0,12,0,1,0,11,-0.01366,0.0,0.9932,2776,0,0,0,0,0,0,0,0,0,0,0,0,0,0,0,0,0,0,0,0,0
3553280,1735,0,16,0,4,0,12,-0.01408,0.0,1.1359,2972,0,0,0,0,0,0,0,0,0,0,0,0,0,0,0,0,0,0,0,0,0
3555328,1736,0,9,0,1,0,8,-0.01126,0.0,1.1704,2808,0,0,0,0,0,0,0,0,0,0,0,0,0,0,0,0,0,0,0,0,0
3557376,1737,0,12,0,2,0,10,-0.00804,0.0,1.0945,2824,0,0,0,0,0,0,0,0,0,0,0,0,0,0,0,0,0,0,0,0,0
3559424,1738,0,12,0,2,0,10,-0.00784,0.0,1.0333,2676,0,0,0,0,0,0,0,0,0,0,0,0,0,0,0,0,0,0,0,0,0
3561472,1739,0,13,0,4,1,8,-0.00929,0.0,1.06,2585,0,0,0,0,0,0,0,0,0,0,0,0,0,0,0,0,0,0,0,0,0
3563520,1740,0,11,0,1,0,10,-0.01214,0.0,1.1909,2734,0,0,0,0,0,0,0,0,0,0,0,0,0,0,0,0,0,0,0,0,0
3565568,1741,0,12,0,4,0,8,-0.01294,0.0,1.2034,3084,0,0,0,0,0,0,0,0,0,0,0,0,0,0,0,0,0,0,0,0,0
3567616,1742,0,14,0,5,0,9,-0.01017,0.0,1.1945,2691,0,0,0,0,0,0,0,0,0,0,0,0,0,0,0,0,0,0,0,0,0
3569664,1743,0,8,0,0,0,8,-0.00893,0.0,1.1543,2931,0,0,0,0,0,0,0,0,0,0,0,0,0,0,0,0,0,0,0,0,0
3571712,1744,0,17,0,4,0,13,-0.0094,0.0,1.1256,3068,0,0,0,0,0,0,0,0,0,0,0,0,0,0,0,0,0,0,0,0,0
3573760,1745,0,12,0,3,0,9,-0.0092,0.0,1.0589,2859,0,0,0,0,0,0,0,0,0,0,0,0,0,0,0,0,0,0,0,0,0
3575808,1746,0,11,0,3,0,8,-0.00987,0.0,1.1492,2902,0,0,0,0,0,0,0,0,0,0,0,0,0,0,0,0,0,0,0,0,0
3577856,1747,0,12,0,2,0,10,-0.01017,0.0,1.1257,3067,0,0,0,0,0,0,0,0,0,0,0,0,0,0,0,0,0,0,0,0,0
3579904,1748,0,10,0,1,0,9,-0.01297,0.0,1.012,3111,0,0,0,0,0,0,0,0,0,0,0,0,0,0,0,0,0,0,0,0,0
3581952,1749,0,14,0,4,0,10,-0.00883,0.0,1.2076,2847,0,0,0,0,0,0,0,0,0,0,0,0,0,0,0,0,0,0,0,0,0
3584000,1750,0,10,0,0,0,10,-0.01089,0.0,1.2044,2886,0,0,0,0,0,0,0,0,0,0,0,0,0,0,0,0,0,0,0,0,0
3586048,1751,0,12,0,2,0,10,-0.01055,0.0,1.1914,3009,0,0,0,0,0,0,0,0,0,0,0,0,0,0,0,0,0,0,0,0,0
3588096,1752,0,14,0,4,0,10,-0.00633,0.0,1.2312,3068,0,0,0,0,0,0,0,0,0,0,0,0,0,0,0,0,0,0,0,0,0
3590144,1753,0,12,0,3,0,9,-0.00782,0.0,1.1469,3077,0,0,0,0,0,0,0,0,0,0,0,0,0,0,0,0,0,0,0,0,0
3592192,1754,0,9,0,1,0,8,-0.00288,0.0,1.0513,2877,0,0,0,0,0,0,0,0,0,0,0,0,0,0,0,0,0,0,0,0,0
3594240,1755,0,14,0,2,0,12,-0.0075,0.0,1.1994,2982,0,0,0,0,0,0,0,0,0,0,0,0,0,0,0,0,0,0,0,0,0
3596288,1756,0,12,0,4,0,8,-0.00681,0.0,1.1874,2768,0,0,0,0,0,0,0,0,0,0,0,0,0,0,0,0,0,0,0,0,0
3598336,1757,0,14,0,4,0,10,-0.01016,0.0,1.2931,2988,0,0,0,0,0,0,0,0,0,0,0,0,0,0,0,0,0,0,0,0,0
3600384,1758,0,10,0,0,0,10,-0.00889,0.0,1.2012,3017,0,0,0,0,0,0,0,0,0,0,0,0,0,0,0,0,0,0,0,0,0
3602432,1759,0,11,0,1,0,10,-0.00765,0.0,1.2318,2980,0,0,0,0,0,0,0,0,0,0,0,0,0,0,0,0,0,0,0,0,0
3604480,1760,0,12,0,1,0,11,-0.00807,0.0,1.0696,2809,0,0,0,0,0,0,0,0,0,0,0,0,0,0,0,0,0,0,0,0,0
3606528,1761,0,9,0,0,0,9,-0.00782,0.0,0.9815,3078,0,0,0,0,0,0,0,0,0,0,0,0,0,0,0,0,0,0,0,0,0
3608576,1762,0,13,0,2,0,11,-0.01041,0.0,1.0981,2837,0,0,0,0,0,0,0,0,0,0,0,0,0,0,0,0,0,0,0,0,0
3610624,1763,0,12,0,1,0,11,-0.0056,0.0,1.1288,2814,0,0,0,0,0,0,0,0,0,0,0,0,0,0,0,0,0,0,0,0,0
3612672,1764,0,10,0,1,0,9,-0.0074,0.0,1.1974,2895,0,0,0,0,0,0,0,0,0,0,0,0,0,0,0,0,0,0,0,0,0
3614720,1765,0,9,0,2,0,7,-0.01178,0.0,1.1259,2608,0,0,0,0,0,0,0,0,0,0,0,0,0,0,0,0,0,0,0,0,0
3616768,1766,0,16,0,3,0,13,-0.00326,0.0,1.0896,2693,0,0,0,0,0,0,0,0,0,0,0,0,0,0,0,0,0,0,0,0,0
3618816,1767,0,12,0,4,0,8,-0.00532,0.0,1.1723,3007,0,0,0,0,0,0,0,0,0,0,0,0,0,0,0,0,0,0,0,0,0
3620864,1768,0,9,0,0,0,9,-0.00858,0.0,1.2064,2423,0,0,0,0,0,0,0,0,0,0,0,0,0,0,0,0,0,0,0,0,0
3622912,1769,0,13,0,1,0,12,-0.00882,0.0,1.1175,2767,0,0,0,0,0,0,0,0,0,0,0,0,0,0,0,0,0,0,0,0,0
3624960,1770,0,9,0,1,0,8,-0.00618,0.0,1.1375,2463,0,0,0,0,0,0,0,0,0,0,0,0,0,0,0,0,0,0,0,0,0
3627008,1771,0,12,0,2,0,10,-0.00929,0.0,1.214,2823,0,0,0,0,0,0,0,0,0,0,0,0,0,0,0,0,0,0,0,0,0
3629056,1772,0,13,0,2,0,11,-0.00988,0.0,1.1898,2950,0,0,0,0,0,0,0,0,0,0,0,0,0,0,0,0,0,0,0,0,0
3631104,1773,0,11,0,1,0,10,-0.00908,0.0,1.2131,3026,0,0,0,0,0,0,0,0,0,0,0,0,0,0,0,0,0,0,0,0,0
3633152,1774,0,8,0,0,0,8,-0.0076,0.0,1.1474,2984,0,0,0,0,0,0,0,0,0,0,0,0,0,0,0,0,0,0,0,0,0
3635200,1775,0,14,0,3,0,11,-0.00843,0.0,1.1494,3065,0,0,0,0,0,0,0,0,0,0,0,0,0,0,0,0,0,0,0,0,0
3637248,1776,0,12,0,2,0,10,-0.00955,0.0,1.1748,3063,0,0,0,0,0,0,0,0,0,0,0,0,0,0,0,0,0,0,0,0,0
3639296,1777,0,16,0,7,0,9,-0.00942,0.0,1.1817,2964,0,0,0,0,0,0,0,0,0,0,0,0,0,0,0,0,0,0,0,0,0
3641344,1778,0,9,0,1,0,8,-0.00904,0.0,1.2053,2652,0,0,0,0,0,0,0,0,0,0,0,0,0,0,0,0,0,0,0,0,0
3643392,1779,0,12,0,1,0,11,-0.0086,0.0,1.1163,2904,0,0,0,0,0,0,0,0,0,0,0,0,0,0,0,0,0,0,0,0,0
3645440,1780,0,13,0,1,0,12,-0.00819,0.0,1.1148,2954,0,0,0,0,0,0,0,0,0,0,0,0,0,0,0,0,0,0,0,0,0
3647488,1781,0,9,0,1,0,8,-0.00836,0.0,1.0557,2778,0,0,0,0,0,0,0,0,0,0,0,0,0,0,0,0,0,0,0,0,0
3649536,1782,0,13,0,2,0,11,-0.00664,0.0,1.1347,2948,0,0,0,0,0,0,0,0,0,0,0,0,0,0,0,0,0,0,0,0,0
3651584,1783,0,12,0,3,0,9,-0.00767,0.0,1.1268,2824,0,0,0,0,0,0,0,0,0,0,0,0,0,0,0,0,0,0,0,0,0
3653632,1784,0,13,0,2,0,11,-0.00856,0.0,1.0977,2755,0,0,0,0,0,0,0,0,0,0,0,0,0,0,0,0,0,0,0,0,0
3655680,1785,0,11,0,4,0,7,-0.0081,0.0,1.0349,2798,0,0,0,0,0,0,0,0,0,0,0,0,0,0,0,0,0,0,0,0,0
3657728,1786,0,15,0,5,1,9,-0.00819,0.0,1.2191,2706,0,0,0,0,0,0,0,0,0,0,0,0,0,0,0,0,0,0,0,0,0
3659776,1787,0,11,0,3,0,8,-0.008,0.0,1.0773,2818,0,0,0,0,0,0,0,0,0,0,0,0,0,0,0,0,0,0,0,0,0
3661824,1788,0,10,0,1,0,9,-0.00655,0.0,1.0279,2841,0,0,0,0,0,0,0,0,0,0,0,0,0,0,0,0,0,0,0,0,0
3663872,1789,0,14,0,1,0,13,-0.00725,0.0,1.0053,2750,0,0,0,0,0,0,0,0,0,0,0,0,0,0,0,0,0,0,0,0,0
3665920,1790,0,14,0,5,0,9,-0.00889,0.0,1.0134,2924,0,0,0,0,0,0,0,0,0,0,0,0,0,0,0,0,0,0,0,0,0
3667968,1791,0,9,0,2,0,7,-0.01018,0.0,1.1634,2840,0,0,0,0,0,0,0,0,0,0,0,0,0,0,0,0,0,0,0,0,0
3670016,1792,0,13,0,3,0,10,-0.00826,0.0,1.2015,2834,0,0,0,0,0,0,0,0,0,0,0,0,0,0,0,0,0,0,0,0,0
3672064,1793,0,11,0,2,0,9,-0.00963,0.0,1.1272,2960,0,0,0,0,0,0,0,0,0,0,0,0,0,0,0,0,0,0,0,0,0
3674112,1794,0,10,0,1,0,9,-0.00919,0.0,1.1669,2801,0,0,0,0,0,0,0,0,0,0,0,0,0,0,0,0,0,0,0,0,0
3676160,1795,0,18,0,7,0,11,-0.00967,0.0,1.2013,2875,0,0,0,0,0,0,0,0,0,0,0,0,0,0,0,0,0,0,0,0,0
3678208,1796,0,11,0,3,0,8,-0.00701,0.0,1.119,2672,0,0,0,0,0,0,0,0,0,0,0,0,0,0,0,0,0,0,0,0,0
3680256,1797,0,12,0,3,0,9,-0.00815,0.0,1.2375,3006,0,0,0,0,0,0,0,0,0,0,0,0,0,0,0,0,0,0,0,0,0
3682304,1798,0,11,0,1,0,10,-0.00948,0.0,1.1655,3101,0,0,0,0,0,0,0,0,0,0,0,0,0,0,0,0,0,0,0,0,0
3684352,1799,0,9,0,0,0,9,-0.00805,0.0,1.221,3054,0,0,0,0,0,0,0,0,0,0,0,0,0,0,0,0,0,0,0,0,0
3686400,1800,0,14,0,1,0,13,-0.00887,0.0,1.2583,3011,0,0,0,0,0,0,0,0,0,0,0,0,0,0,0,0,0,0,0,0,0
3688448,1801,0,8,0,0,0,8,-0.01072,0.0,1.1512,3172,0,0,0,0,0,0,0,0,0,0,0,0,0,0,0,0,0,0,0,0,0
3690496,1802,0,12,0,4,0,8,-0.01179,0.0,1.2262,3200,0,0,0,0,0,0,0,0,0,0,0,0,0,0,0,0,0,0,0,0,0
3692544,1803,0,14,0,1,0,13,-0.01171,0.0,1.3002,3034,0,0,0,0,0,0,0,0,0,0,0,0,0,0,0,0,0,0,0,0,0
3694592,1804,0,9,0,1,0,8,-0.0087,0.0,1.2241,2976,0,0,0,0,0,0,0,0,0,0,0,0,0,0,0,0,0,0,0,0,0
3696640,1805,0,13,0,3,0,10,-0.01002,0.0,1.2467,2999,0,0,0,0,0,0,0,0,0,0,0,0,0,0,0,0,0,0,0,0,0
3698688,1806,0,16,0,3,0,13,-0.00963,0.0,1.2061,3124,0,0,0,0,0,0,0,0,0,0,0,0,0,0,0,0,0,0,0,0,0
3700736,1807,0,9,0,3,0,6,-0.00818,0.0,1.3189,2517,0,0,0,0,0,0,0,0,0,0,0,0,0,0,0,0,0,0,0,0,0
3702784,1808,0,14,0,5,0,9,-0.00966,0.0,1.2955,2935,0,0,0,0,0,0,0,0,0,0,0,0,0,0,0,0,0,0,0,0,0
3704832,1809,0,16,0,5,0,11,-0.00545,0.0,1.2717,2971,0,0,0,0,0,0,0,0,0,0,0,0,0,0,0,0,0,0,0,0,0
3706880,1810,0,13,0,6,0,7,-0.00793,0.0,1.1305,2791,0,0,0,0,0,0,0,0,0,0,0,0,0,0,0,0,0,0,0,0,0
3708928,1811,0,13,1,6,0,6,-0.00741,0.00061,1.2635,3013,0,0,0,0,0,0,0,0,0,0,0,0,0,0,0,0,0,0,0,0,0
3710976,1812,0,13,0,3,0,10,-0.01204,4e-05,1.3025,2915,0,0,0,0,0,0,0,0,0,0,0,0,0,0,0,0,0,0,0,0,0
3713024,1813,0,11,0,3,1,7,-0.01062,2e-05,1.3205,2941,0,0,0,0,0,0,0,0,0,0,0,0,0,0,0,0,0,0,0,0,0
3715072,1814,0,10,0,0,0,10,-0.01031,1e-05,1.3454,3157,0,0,0,0,0,0,0,0,0,0,0,0,0,0,0,0,0,0,0,0,0
3717120,1815,0,14,0,2,0,12,-0.01266,0.0,1.2385,3058,0,0,0,0,0,0,0,0,0,0,0,0,0,0,0,0,0,0,0,0,0
3719168,1816,0,10,0,2,0,8,-0.01018,0.0,1.2282,3077,0,0,0,0,0,0,0,0,0,0,0,0,0,0,0,0,0,0,0,0,0
3721216,1817,0,10,0,1,0,9,-0.01086,0.0,1.2736,3000,0,0,0,0,0,0,0,0,0,0,0,0,0,0,0,0,0,0,0,0,0
3723264,1818,0,17,0,4,0,13,-0.00911,0.0,1.2048,3033,0,0,0,0,0,0,0,0,0,0,0,0,0,0,0,0,0,0,0,0,0
3725312,1819,0,7,0,2,0,5,-0.01009,0.0,1.2064,3132,0,0,0,0,0,0,0,0,0,0,0,0,0,0,0,0,0,0,0,0,0
3727360,1820,0,14,0,2,0,12,-0.01091,0.0,1.1073,3073,0,0,0,0,0,0,0,0,0,0,0,0,0,0,0,0,0,0,0,0,0
3729408,1821,0,14,0,2,0,12,-0.00953,0.0,0.9944,2753,0,0,0,0,0,0,0,0,0,0,0,0,0,0,0,0,0,0,0,0,0
3731456,1822,0,9,0,3,0,6,-0.01033,0.0,1.034,3014,0,0,0,0,0,0,0,0,0,0,0,0,0,0,0,0,0,0,0,0,0
3733504,1823,0,14,0,1,0,13,-0.00806,0.0,1.0174,3139,0,0,0,0,0,0,0,0,0,0,0,0,0,0,0,0,0,0,0,0,0
3735552,1824,0,13,0,3,0,10,-0.00806,0.0,1.0056,3046,0,0,0,0,0,0,0,0,0,0,0,0,0,0,0,0,0,0,0,0,0
3737600,1825,0,12,0,4,0,8,-0.00807,0.0,1.0431,3028,0,0,0,0,0,0,0,0,0,0,0,0,0,0,0,0,0,0,0,0,0
3739648,1826,0,15,0,3,0,12,-0.00994,0.0,1.1025,3129,0,0,0,0,0,0,0,0,0,0,0,0,0,0,0,0,0,0,0,0,0
3741696,1827,0,9,0,0,0,9,-0.01127,0.0,1.1184,3162,0,0,0,0,0,0,0,0,0,0,0,0,0,0,0,0,0,0,0,0,0
3743744,1828,0,12,0,4,0,8,-0.01053,0.0,1.1361,3246,0,0,0,0,0,0,0,0,0,0,0,0,0,0,0,0,0,0,0,0,0
3745792,1829,0,13,0,3,0,10,-0.00814,0.0,1.0667,2883,0,0,0,0,0,0,0,0,0,0,0,0,0,0,0,0,0,0,0,0,0
3747840,1830,0,12,0,1,0,11,-0.00893,0.0,1.1631,3135,0,0,0,0,0,0,0,0,0,0,0,0,0,0,0,0,0,0,0,0,0
3749888,1831,0,9,0,2,0,7,-0.01054,0.0,1.1571,3037,0,0,0,0,0,0,0,0,0,0,0,0,0,0,0,0,0,0,0,0,0
3751936,1832,0,13,0,1,0,12,-0.01136,0.0,1.1312,2766,0,0,0,0,0,0,0,0,0,0,0,0,0,0,0,0,0,0,0,0,0
3753984,1833,0,12,0,2,0,10,-0.01104,0.0,1.1069,2627,0,0,0,0,0,0,0,0,0,0,0,0,0,0,0,0,0,0,0,0,0
3756032,1834,0,10,0,2,0,8,-0.00824,0.0,1.0132,2982,0,0,0,0,0,0,0,0,0,0,0,0,0,0,0,0,0,0,0,0,0
3758080,1835,0,16,0,5,0,11,-0.0094,0.0,1.0919,2937,0,0,0,0,0,0,0,0,0,0,0,0,0,0,0,0,0,0,0,0,0
3760128,1836,0,8,0,2,0,6,-0.01126,0.0,1.1487,2818,0,0,0,0,0,0,0,0,0,0,0,0,0,0,0,0,0,0,0,0,0
3762176,1837,0,17,0,4,0,13,-0.01241,0.0,1.0687,2782,0,0,0,0,0,0,0,0,0,0,0,0,0,0,0,0,0,0,0,0,0
3764224,1838,0,10,0,1,0,9,-0.00796,0.0,1.0848,2817,0,0,0,0,0,0,0,0,0,0,0,0,0,0,0,0,0,0,0,0,0
3766272,1839,0,13,0,5,0,8,-0.00982,0.0,1.1407,2709,0,0,0,0,0,0,0,0,0,0,0,0,0,0,0,0,0,0,0,0,0
3768320,1840,0,9,0,0,0,9,-0.00997,0.0,1.1055,2827,0,0,0,0,0,0,0,0,0,0,0,0,0,0,0,0,0,0,0,0,0
3770368,1841,0,13,0,2,0,11,-0.01196,0.0,1.0399,2935,0,0,0,0,0,0,0,0,0,0,0,0,0,0,0,0,0,0,0,0,0
3772416,1842,0,12,0,3,0,9,-0.01162,0.0,1.0601,2844,0,0,0,0,0,0,0,0,0,0,0,0,0,0,0,0,0,0,0,0,0
3774464,1843,0,9,0,1,0,8,-0.00931,0.0,1.0803,3011,0,0,0,0,0,0,0,0,0,0,0,0,0,0,0,0,0,0,0,0,0
3776512,1844,0,16,0,3,0,13,-0.00945,0.0,1.0419,3145,0,0,0,0,0,0,0,0,0,0,0,0,0,0,0,0,0,0,0,0,0
3778560,1845,0,8,0,1,0,7,-0.00953,0.0,0.981,2915,0,0,0,0,0,0,0,0,0,0,0,0,0,0,0,0,0,0,0,0,0
3780608,1846,0,12,0,3,0,9,-0.01028,0.0,1.0604,2967,0,0,0,0,0,0,0,0,0,0,0,0,0,0,0,0,0,0,0,0,0
3782656,1847,0,14,0,1,0,13,-0.00359,0.0,1.0708,2918,0,0,0,0,0,0,0,0,0,0,0,0,0,0,0,0,0,0,0,0,0
3784704,1848,0,12,0,3,0,9,-0.00812,0.0,1.1393,3035,0,0,0,0,0,0,0,0,0,0,0,0,0,0,0,0,0,0,0,0,0
3786752,1849,0,10,0,0,0,10,-0.00984,0.0,1.1491,2777,0,0,0,0,0,0,0,0,0,0,0,0,0,0,0,0,0,0,0,0,0
3788800,1850,0,14,0,3,0,11,-0.0109,0.0,1.0137,2742,0,0,0,0,0,0,0,0,0,0,0,0,0,0,0,0,0,0,0,0,0
3790848,1851,0,10,0,1,0,9,-0.00554,0.0,0.9934,2800,0,0,0,0,0,0,0,0,0,0,0,0,0,0,0,0,0,0,0,0,0
3792896,1852,0,9,0,0,0,9,-0.01041,0.0,0.9829,2800,0,0,0,0,0,0,0,0,0,0,0,0,0,0,0,0,0,0,0,0,0
3794944,1853,0,12,0,1,0,11,-0.00947,0.0,1.0409,2898,0,0,0,0,0,0,0,0,0,0,0,0,0,0,0,0,0,0,0,0,0
3796992,1854,0,11,0,2,0,9,-0.00934,0.0,0.9606,2952,0,0,0,0,0,0,0,0,0,0,0,0,0,0,0,0,0,0,0,0,0
3799040,1855,0,11,0,0,0,11,-0.01119,0.0,1.0746,2758,0,0,0,0,0,0,0,0,0,0,0,0,0,0,0,0,0,0,0,0,0
3801088,1856,0,12,0,3,0,9,-0.0115,0.0,1.0973,2767,0,0,0,0,0,0,0,0,0,0,0,0,0,0,0,0,0,0,0,0,0
3803136,1857,0,14,0,3,0,11,-0.01053,0.0,1.0395,2671,0,0,0,0,0,0,0,0,0,0,0,0,0,0,0,0,0,0,0,0,0
3805184,1858,0,13,0,3,0,10,-0.00912,0.0,1.1467,2667,0,0,0,0,0,0,0,0,0,0,0,0,0,0,0,0,0,0,0,0,0
3807232,1859,0,13,0,5,0,8,-0.01317,0.0,1.0895,2912,0,0,0,0,0,0,0,0,0,0,0,0,0,0,0,0,0,0,0,0,0
3809280,1860,0,12,0,3,0,9,-0.00848,0.0,1.1134,2754,0,0,0,0,0,0,0,0,0,0,0,0,0,0,0,0,0,0,0,0,0
3811328,1861,0,14,0,3,0,11,-0.01255,0.0,1.1462,2823,0,0,0,0,0,0,0,0,0,0,0,0,0,0,0,0,0,0,0,0,0
3813376,1862,0,8,0,2,0,6,-0.00844,0.0,0.9823,2900,0,0,0,0,0,0,0,0,0,0,0,0,0,0,0,0,0,0,0,0,0
3815424,1863,0,16,0,3,0,13,-0.01006,0.0,1.0152,2857,0,0,0,0,0,0,0,0,0,0,0,0,0,0,0,0,0,0,0,0,0
3817472,1864,0,10,0,1,0,9,-0.00791,0.0,1.0349,2947,0,0,0,0,0,0,0,0,0,0,0,0,0,0,0,0,0,0,0,0,0
3819520,1865,0,10,0,2,0,8,-0.00978,0.0,1.0926,3074,0,0,0,0,0,0,0,0,0,0,0,0,0,0,0,0,0,0,0,0,0
3821568,1866,0,15,0,4,0,11,-0.01102,0.0,1.0292,3177,0,0,0,0,0,0,0,0,0,0,0,0,0,0,0,0,0,0,0,0,0
3823616,1867,0,14,0,4,0,10,-0.01059,0.0,1.0096,3091,0,0,0,0,0,0,0,0,0,0,0,0,0,0,0,0,0,0,0,0,0
3825664,1868,0,12,0,6,0,6,-0.01061,0.0,0.9062,2582,0,0,0,0,0,0,0,0,0,0,0,0,0,0,0,0,0,0,0,0,0
3827712,1869,0,12,0,2,0,10,-0.0104,1e-05,0.8883,2911,0,0,0,0,0,0,0,0,0,0,0,0,0,0,0,0,0,0,0,0,0
3829760,1870,0,13,0,4,0,9,-0.00849,1e-05,0.9722,2967,0,0,0,0,0,0,0,0,0,0,0,0,0,0,0,0,0,0,0,0,0
3831808,1871,0,8,0,0,0,8,-0.00871,0.0,0.898,3063,0,0,0,0,0,0,0,0,0,0,0,0,0,0,0,0,0,0,0,0,0
3833856,1872,0,13,0,1,0,12,-0.00885,0.0,0.998,3177,0,0,0,0,0,0,0,0,0,0,0,0,0,0,0,0,0,0,0,0,0
3835904,1873,0,12,0,2,0,10,-0.00931,0.0,1.0093,3142,0,0,0,0,0,0,0,0,0,0,0,0,0,0,0,0,0,0,0,0,0
3837952,1874,0,12,0,2,0,10,-0.00933,0.0,1.0026,3068,0,0,0,0,0,0,0,0,0,0,0,0,0,0,0,0,0,0,0,0,0
3840000,1875,0,10,0,2,0,8,-0.01161,0.0,1.0824,2915,0,0,0,0,0,0,0,0,0,0,0,0,0,0,0,0,0,0,0,0,0
3842048,1876,0,15,0,2,0,13,-0.01015,0.0,0.9591,2611,0,0,0,0,0,0,0,0,0,0,0,0,0,0,0,0,0,0,0,0,0
3844096,1877,0,11,0,2,0,9,-0.01177,0.0,0.9143,2823,0,0,0,0,0,0,0,0,0,0,0,0,0,0,0,0,0,0,0,0,0
3846144,1878,0,10,0,2,0,8,-0.00929,0.0,0.9116,3199,0,0,0,0,0,0,0,0,0,0,0,0,0,0,0,0,0,0,0,0,0
3848192,1879,0,15,0,4,0,11,-0.00997,0.0,0.946,3210,0,0,0,0,0,0,0,0,0,0,0,0,0,0,0,0,0,0,0,0,0
3850240,1880,0,10,0,1,0,9,-0.01062,0.0,0.9235,2724,0,0,0,0,0,0,0,0,0,0,0,0,0,0,0,0,0,0,0,0,0
3852288,1881,0,10,0,1,0,9,-0.00923,0.0,0.9907,2993,0,0,0,0,0,0,0,0,0,0,0,0,0,0,0,0,0,0,0,0,0
3854336,1882,0,13,0,0,0,13,-0.00989,0.0,0.9917,2800,0,0,0,0,0,0,0,0,0,0,0,0,0,0,0,0,0,0,0,0,0
3856384,1883,0,11,0,4,0,7,-0.0105,0.0,0.9311,3335,0,0,0,0,0,0,0,0,0,0,0,0,0,0,0,0,0,0,0,0,0
3858432,1884,0,12,0,2,0,10,-0.01288,0.0,0.9733,3183,0,0,0,0,0,0,0,0,0,0,0,0,0,0,0,0,0,0,0,0,0
3860480,1885,0,11,0,0,0,11,-0.0088,0.0,0.8251,3221,0,0,0,0,0,0,0,0,0,0,0,0,0,0,0,0,0,0,0,0,0
3862528,1886,0,10,0,0,0,10,-0.00819,0.0,1.0082,3234,0,0,0,0,0,0,0,0,0,0,0,0,0,0,0,0,0,0,0,0,0
3864576,1887,0,12,0,2,0,10,-0.00986,0.0,1.0674,3187,0,0,0,0,0,0,0,0,0,0,0,0,0,0,0,0,0,0,0,0,0
3866624,1888,0,12,0,3,0,9,-0.01196,0.0,1.1235,2767,0,0,0,0,0,0,0,0,0,0,0,0,0,0,0,0,0,0,0,0,0
3868672,1889,0,14,0,3,0,11,-0.01087,0.0,0.993,3055,0,0,0,0,0,0,0,0,0,0,0,0,0,0,0,0,0,0,0,0,0
3870720,1890,0,10,0,3,0,7,-0.00944,0.0,1.0165,3099,0,0,0,0,0,0,0,0,0,0,0,0,0,0,0,0,0,0,0,0,0
3872768,1891,0,13,0,1,0,12,-0.01056,0.0,1.0874,3380,0,0,0,0,0,0,0,0,0,0,0,0,0,0,0,0,0,0,0,0,0
3874816,1892,0,11,0,0,0,11,-0.00753,0.0,0.9689,2911,0,0,0,0,0,0,0,0,0,0,0,0,0,0,0,0,0,0,0,0,0
3876864,1893,0,10,0,1,0,9,-0.00878,0.0,0.9239,3201,0,0,0,0,0,0,0,0,0,0,0,0,0,0,0,0,0,0,0,0,0
3878912,1894,0,11,0,1,0,10,-0.00839,0.0,1.0206,3182,0,0,0,0,0,0,0,0,0,0,0,0,0,0,0,0,0,0,0,0,0
3880960,1895,0,11,0,0,0,11,-0.01161,0.0,1.0874,3025,0,0,0,0,0,0,0,0,0,0,0,0,0,0,0,0,0,0,0,0,0
3883008,1896,0,11,0,1,0,10,-0.00906,0.0,0.9263,2956,0,0,0,0,0,0,0,0,0,0,0,0,0,0,0,0,0,0,0,0,0
3885056,1897,0,9,0,0,0,9,-0.01095,0.0,1.0023,3322,0,0,0,0,0,0,0,0,0,0,0,0,0,0,0,0,0,0,0,0,0
3887104,1898,0,13,0,3,0,10,-0.00868,0.0,1.0087,3093,0,0,0,0,0,0,0,0,0,0,0,0,0,0,0,0,0,0,0,0,0
3889152,1899,0,13,0,0,0,13,-0.00927,2e-05,0.9898,3019,0,0,0,0,0,0,0,0,0,0,0,0,0,0,0,0,0,0,0,0,0
3891200,1900,0,8,0,1,0,7,-0.01053,0.0,1.0601,3115,0,0,0,0,0,0,0,0,0,0,0,0,0,0,0,0,0,0,0,0,0
3893248,1901,0,12,0,0,0,12,-0.00958,0.0,0.9374,2901,0,0,0,0,0,0,0,0,0,0,0,0,0,0,0,0,0,0,0,0,0
3895296,1902,0,10,0,1,0,9,-0.01037,0.0,0.9168,2912,0,0,0,0,0,0,0,0,0,0,0,0,0,0,0,0,0,0,0,0,0
3897344,1903,0,13,0,3,0,10,-0.00861,0.0,0.8307,3363,0,0,0,0,0,0,0,0,0,0,0,0,0,0,0,0,0,0,0,0,0
3899392,1904,0,13,0,2,0,11,-0.00859,0.0,0.8576,3119,0,0,0,0,0,0,0,0,0,0,0,0,0,0,0,0,0,0,0,0,0
3901440,1905,0,12,0,4,0,8,-0.0099,0.0,0.8176,3128,0,0,0,0,0,0,0,0,0,0,0,0,0,0,0,0,0,0,0,0,0
3903488,1906,0,13,0,1,0,12,-0.00816,0.0,0.8972,3302,0,0,0,0,0,0,0,0,0,0,0,0,0,0,0,0,0,0,0,0,0
3905536,1907,0,7,0,1,0,6,-0.01291,0.0,0.8873,3062,0,0,0,0,0,0,0,0,0,0,0,0,0,0,0,0,0,0,0,0,0
3907584,1908,0,15,0,3,0,12,-0.00992,0.0,0.9461,2949,0,0,0,0,0,0,0,0,0,0,0,0,0,0,0,0,0,0,0,0,0
3909632,1909,0,15,0,3,0,12,-0.00909,0.0,0.9361,2767,0,0,0,0,0,0,0,0,0,0,0,0,0,0,0,0,0,0,0,0,0
3911680,1910,0,9,0,3,0,6,-0.01344,0.0,0.9546,3064,0,0,0,0,0,0,0,0,0,0,0,0,0,0,0,0,0,0,0,0,0
3913728,1911,0,12,0,1,0,11,-0.00805,0.0,0.8831,3083,0,0,0,0,0,0,0,0,0,0,0,0,0,0,0,0,0,0,0,0,0
3915776,1912,0,14,0,4,0,10,-0.00952,0.0,0.9001,2907,0,0,0,0,0,0,0,0,0,0,0,0,0,0,0,0,0,0,0,0,0
3917824,1913,0,11,0,2,0,9,-0.01164,0.0,0.9022,2943,0,0,0,0,0,0,0,0,0,0,0,0,0,0,0,0,0,0,0,0,0
3919872,1914,0,13,0,3,0,10,-0.01255,0.0,1.0155,2889,0,0,0,0,0,0,0,0,0,0,0,0,0,0,0,0,0,0,0,0,0
3921920,1915,0,10,0,0,0,10,-0.0107,0.0,0.8328,2960,0,0,0,0,0,0,0,0,0,0,0,0,0,0,0,0,0,0,0,0,0
3923968,1916,0,12,0,1,0,11,-0.00869,0.0,0.8844,2820,0,0,0,0,0,0,0,0,0,0,0,0,0,0,0,0,0,0,0,0,0
3926016,1917,0,12,0,3,0,9,-0.01113,0.0,0.9636,2931,0,0,0,0,0,0,0,0,0,0,0,0,0,0,0,0,0,0,0,0,0
3928064,1918,0,9,0,0,0,9,-0.0108,0.0,0.9612,2963,0,0,0,0,0,0,0,0,0,0,0,0,0,0,0,0,0,0,0,0,0
3930112,1919,0,15,0,6,0,9,-0.00987,0.0,0.9787,3125,0,0,0,0,0,0,0,0,0,0,0,0,0,0,0,0,0,0,0,0,0
3932160,1920,0,12,0,2,0,10,-0.01235,0.0,0.8924,2941,0,0,0,0,0,0,0,0,0,0,0,0,0,0,0,0,0,0,0,0,0
3934208,1921,0,12,0,4,0,8,-0.01035,0.0,0.9171,2872,0,0,0,0,0,0,0,0,0,0,0,0,0,0,0,0,0,0,0,0,0
3936256,1922,0,11,0,0,0,11,-0.00812,0.0,0.902,2876,0,0,0,0,0,0,0,0,0,0,0,0,0,0,0,0,0,0,0,0,0
3938304,1923,0,11,0,1,0,10,-0.01166,0.0,0.9272,2808,0,0,0,0,0,0,0,0,0,0,0,0,0,0,0,0,0,0,0,0,0
3940352,1924,0,11,0,2,0,9,-0.01095,0.0,1.0207,2926,0,0,0,0,0,0,0,0,0,0,0,0,0,0,0,0,0,0,0,0,0
3942400,1925,0,12,0,5,0,7,-0.00988,0.0,0.9062,2973,0,0,0,0,0,0,0,0,0,0,0,0,0,0,0,0,0,0,0,0,0
3944448,1926,0,14,0,2,0,12,-0.01163,0.0,0.9723,3068,0,0,0,0,0,0,0,0,0,0,0,0,0,0,0,0,0,0,0,0,0
3946496,1927,0,11,0,4,0,7,-0.00951,0.0,0.9707,2578,0,0,0,0,0,0,0,0,0,0,0,0,0,0,0,0,0,0,0,0,0
3948544,1928,0,13,0,3,0,10,-0.01139,0.0,0.9959,2951,0,0,0,0,0,0,0,0,0,0,0,0,0,0,0,0,0,0,0,0,0
3950592,1929,0,7,0,1,0,6,-0.01141,0.0,1.0565,2940,0,0,0,0,0,0,0,0,0,0,0,0,0,0,0,0,0,0,0,0,0
3952640,1930,0,17,0,5,0,12,-0.0124,0.0,1.0433,3022,0,0,0,0,0,0,0,0,0,0,0,0,0,0,0,0,0,0,0,0,0
3954688,1931,0,7,0,0,0,7,-0.01465,0.0,0.9697,2923,0,0,0,0,0,0,0,0,0,0,0,0,0,0,0,0,0,0,0,0,0
3956736,1932,0,11,0,1,0,10,-0.00999,0.0,0.9628,2752,0,0,0,0,0,0,0,0,0,0,0,0,0,0,0,0,0,0,0,0,0
3958784,1933,0,16,0,2,0,14,-0.01124,0.0,0.9537,2575,0,0,0,0,0,0,0,0,0,0,0,0,0,0,0,0,0,0,0,0,0
3960832,1934,0,7,0,1,0,6,-0.0099,0.0,1.0306,2433,0,0,0,0,0,0,0,0,0,0,0,0,0,0,0,0,0,0,0,0,0
3962880,1935,0,13,0,2,0,11,-0.01027,0.0,0.9175,2689,0,0,0,0,0,0,0,0,0,0,0,0,0,0,0,0,0,0,0,0,0
3964928,1936,0,15,0,3,0,12,-0.0087,0.0,0.9331,2830,0,0,0,0,0,0,0,0,0,0,0,0,0,0,0,0,0,0,0,0,0
3966976,1937,0,6,0,0,0,6,-0.00956,0.0,1.0209,2933,0,0,0,0,0,0,0,0,0,0,0,0,0,0,0,0,0,0,0,0,0
3969024,1938,0,12,0,1,0,11,-0.01062,0.0,0.9699,2412,0,0,0,0,0,0,0,0,0,0,0,0,0,0,0,0,0,0,0,0,0
3971072,1939,0,16,0,1,0,15,-0.01037,0.0,0.9369,2602,0,0,0,0,0,0,0,0,0,0,0,0,0,0,0,0,0,0,0,0,0
3973120,1940,0,5,0,0,0,5,-0.01046,0.0,0.9947,3038,0,0,0,0,0,0,0,0,0,0,0,0,0,0,0,0,0,0,0,0,0
3975168,1941,0,17,0,5,0,12,-0.01199,0.0,0.9968,3001,0,0,0,0,0,0,0,0,0,0,0,0,0,0,0,0,0,0,0,0,0
3977216,1942,0,12,0,4,0,8,-0.00683,0.0,0.9419,2957,0,0,0,0,0,0,0,0,0,0,0,0,0,0,0,0,0,0,0,0,0
3979264,1943,0,10,0,2,0,8,-0.01144,0.0,0.9941,2524,0,0,0,0,0,0,0,0,0,0,0,0,0,0,0,0,0,0,0,0,0
3981312,1944,0,13,0,2,0,11,-0.00804,0.0,0.9126,2840,0,0,0,0,0,0,0,0,0,0,0,0,0,0,0,0,0,0,0,0,0
3983360,1945,0,13,0,3,0,10,-0.0091,0.0,0.9154,3013,0,0,0,0,0,0,0,0,0,0,0,0,0,0,0,0,0,0,0,0,0
3985408,1946,0,10,0,3,0,7,-0.00618,0.0,0.9471,2805,0,0,0,0,0,0,0,0,0,0,0,0,0,0,0,0,0,0,0,0,0
3987456,1947,0,18,0,6,0,12,-0.00924,0.0,0.9555,2741,0,0,0,0,0,0,0,0,0,0,0,0,0,0,0,0,0,0,0,0,0
3989504,1948,0,11,0,3,0,8,-0.01141,0.0,0.9664,3128,0,0,0,0,0,0,0,0,0,0,0,0,0,0,0,0,0,0,0,0,0
3991552,1949,0,11,0,3,0,8,-0.01036,0.0,0.9693,2702,0,0,0,0,0,0,0,0,0,0,0,0,0,0,0,0,0,0,0,0,0
3993600,1950,0,17,0,8,0,9,-0.01098,0.0,0.9341,2820,0,0,0,0,0,0,0,0,0,0,0,0,0,0,0,0,0,0,0,0,0
3995648,1951,0,11,0,0,0,11,-0.01328,0.0,0.9155,2751,0,0,0,0,0,0,0,0,0,0,0,0,0,0,0,0,0,0,0,0,0
3997696,1952,0,11,0,4,0,7,-0.01134,0.0,0.9236,2892,0,0,0,0,0,0,0,0,0,0,0,0,0,0,0,0,0,0,0,0,0
3999744,1953,0,15,0,2,0,13,-0.01297,1e-05,0.9145,3022,0,0,0,0,0,0,0,0,0,0,0,0,0,0,0,0,0,0,0,0,0
4001792,1954,0,14,0,4,0,10,-0.0094,2e-05,0.8713,2682,0,0,0,0,0,0,0,0,0,0,0,0,0,0,0,0,0,0,0,0,0
4003840,1955,0,11,0,5,0,6,-0.01055,1e-05,0.8885,2842,0,0,0,0,0,0,0,0,0,0,0,0,0,0,0,0,0,0,0,0,0
4005888,1956,0,14,0,1,0,13,-0.00812,1e-05,0.8334,2769,0,0,0,0,0,0,0,0,0,0,0,0,0,0,0,0,0,0,0,0,0
4007936,1957,0,12,0,3,0,9,-0.01046,0.0,0.8872,3115,0,0,0,0,0,0,0,0,0,0,0,0,0,0,0,0,0,0,0,0,0
4009984,1958,0,10,0,2,0,8,-0.01016,0.0,0.9205,2981,0,0,0,0,0,0,0,0,0,0,0,0,0,0,0,0,0,0,0,0,0
4012032,1959,0,15,0,2,0,13,-0.01139,0.0,0.8454,3112,0,0,0,0,0,0,0,0,0,0,0,0,0,0,0,0,0,0,0,0,0
4014080,1960,0,10,0,3,0,7,-0.01065,0.0,0.818,3106,0,0,0,0,0,0,0,0,0,0,0,0,0,0,0,0,0,0,0,0,0
4016128,1961,0,13,0,2,0,11,-0.01033,0.0,0.7998,2835,0,0,0,0,0,0,0,0,0,0,0,0,0,0,0,0,0,0,0,0,0
4018176,1962,0,13,0,2,0,11,-0.01003,0.0,0.7916,2852,0,0,0,0,0,0,0,0,0,0,0,0,0,0,0,0,0,0,0,0,0
4020224,1963,0,10,0,3,0,7,-0.01134,0.0,0.762,2883,0,0,0,0,0,0,0,0,0,0,0,0,0,0,0,0,0,0,0,0,0
4022272,1964,0,13,0,4,0,9,-0.01164,0.0,0.8147,2724,0,0,0,0,0,0,0,0,0,0,0,0,0,0,0,0,0,0,0,0,0
4024320,1965,0,12,0,1,0,11,-0.01135,0.0,0.8703,2839,0,0,0,0,0,0,0,0,0,0,0,0,0,0,0,0,0,0,0,0,0
4026368,1966,0,13,0,5,0,8,-0.01101,0.0,0.9396,2642,0,0,0,0,0,0,0,0,0,0,0,0,0,0,0,0,0,0,0,0,0
4028416,1967,0,17,0,7,0,10,-0.01326,0.0,0.8886,2862,0,0,0,0,0,0,0,0,0,0,0,0,0,0,0,0,0,0,0,0,0
4030464,1968,0,10,0,2,0,8,-0.01116,0.0,0.7533,2896,0,0,0,0,0,0,0,0,0,0,0,0,0,0,0,0,0,0,0,0,0
4032512,1969,0,11,0,1,0,10,-0.01085,0.0,0.8021,2807,0,0,0,0,0,0,0,0,0,0,0,0,0,0,0,0,0,0,0,0,0
4034560,1970,0,16,0,4,0,12,-0.01095,0.0,0.7815,2515,0,0,0,0,0,0,0,0,0,0,0,0,0,0,0,0,0,0,0,0,0
4036608,1971,0,9,0,0,0,9,-0.0094,0.0,0.7427,3020,0,0,0,0,0,0,0,0,0,0,0,0,0,0,0,0,0,0,0,0,0
4038656,1972,0,9,0,1,0,8,-0.01013,0.0,0.7881,2856,0,0,0,0,0,0,0,0,0,0,0,0,0,0,0,0,0,0,0,0,0
4040704,1973,0,17,0,4,0,13,-0.01032,0.0,0.8036,2801,0,0,0,0,0,0,0,0,0,0,0,0,0,0,0,0,0,0,0,0,0
4042752,1974,0,11,0,1,0,10,-0.01008,0.0,0.8052,2916,0,0,0,0,0,0,0,0,0,0,0,0,0,0,0,0,0,0,0,0,0
4044800,1975,0,15,0,8,0,7,-0.01303,0.0,0.717,2762,0,0,0,0,0,0,0,0,0,0,0,0,0,0,0,0,0,0,0,0,0
4046848,1976,0,16,0,3,0,13,-0.01154,0.0,0.7216,2882,0,0,0,0,0,0,0,0,0,0,0,0,0,0,0,0,0,0,0,0,0
4048896,1977,0,11,0,5,0,6,-0.01218,0.0,0.7654,2872,0,0,0,0,0,0,0,0,0,0,0,0,0,0,0,0,0,0,0,0,0
4050944,1978,0,14,0,3,0,11,-0.01262,1e-05,0.7634,2977,0,0,0,0,0,0,0,0,0,0,0,0,0,0,0,0,0,0,0,0,0
4052992,1979,0,10,0,4,0,6,-0.00887,5e-05,0.7887,3016,0,0,0,0,0,0,0,0,0,0,0,0,0,0,0,0,0,0,0,0,0
4055040,1980,0,11,0,0,0,11,-0.00926,9e-05,0.7449,3032,0,0,0,0,0,0,0,0,0,0,0,0,0,0,0,0,0,0,0,0,0
4057088,1981,0,14,0,2,0,12,-0.00913,2e-05,0.7121,2860,0,0,0,0,0,0,0,0,0,0,0,0,0,0,0,0,0,0,0,0,0
4059136,1982,0,12,0,3,0,9,-0.00702,1e-05,0.7101,2705,0,0,0,0,0,0,0,0,0,0,0,0,0,0,0,0,0,0,0,0,0
4061184,1983,0,11,0,3,0,8,-0.00663,0.0,0.6992,2746,0,0,0,0,0,0,0,0,0,0,0,0,0,0,0,0,0,0,0,0,0
4063232,1984,0,12,0,2,0,10,-0.00804,0.0,0.6941,2833,0,0,0,0,0,0,0,0,0,0,0,0,0,0,0,0,0,0,0,0,0
4065280,1985,0,13,0,4,0,9,-0.0105,0.0,0.7555,2710,0,0,0,0,0,0,0,0,0,0,0,0,0,0,0,0,0,0,0,0,0
4067328,1986,0,15,0,5,0,10,-0.01168,0.0,0.7514,2780,0,0,0,0,0,0,0,0,0,0,0,0,0,0,0,0,0,0,0,0,0
4069376,1987,0,11,0,1,0,10,-0.00881,0.0,0.7664,2625,0,0,0,0,0,0,0,0,0,0,0,0,0,0,0,0,0,0,0,0,0
4071424,1988,0,12,0,2,0,10,-0.01217,0.0,0.8128,2736,0,0,0,0,0,0,0,0,0,0,0,0,0,0,0,0,0,0,0,0,0
4073472,1989,0,14,0,3,0,11,-0.00852,0.0,0.7548,2877,0,0,0,0,0,0,0,0,0,0,0,0,0,0,0,0,0,0,0,0,0
4075520,1990,0,10,0,0,0,10,-0.00851,0.0,0.6952,2800,0,0,0,0,0,0,0,0,0,0,0,0,0,0,0,0,0,0,0,0,0
4077568,1991,0,12,0,2,0,10,-0.00905,0.0,0.7704,2853,0,0,0,0,0,0,0,0,0,0,0,0,0,0,0,0,0,0,0,0,0
4079616,1992,0,12,0,2,0,10,-0.01075,0.0,0.7477,2931,0,0,0,0,0,0,0,0,0,0,0,0,0,0,0,0,0,0,0,0,0
4081664,1993,0,12,0,3,0,9,-0.01212,0.0,0.7398,2998,0,0,0,0,0,0,0,0,0,0,0,0,0,0,0,0,0,0,0,0,0
4083712,1994,0,17,0,6,0,11,-0.00971,0.0,0.7595,3073,0,0,0,0,0,0,0,0,0,0,0,0,0,0,0,0,0,0,0,0,0
4085760,1995,0,11,0,4,0,7,-0.009,0.0,0.739,3121,0,0,0,0,0,0,0,0,0,0,0,0,0,0,0,0,0,0,0,0,0
4087808,1996,0,13,0,2,0,11,-0.00754,0.0,0.7695,2827,0,0,0,0,0,0,0,0,0,0,0,0,0,0,0,0,0,0,0,0,0
4089856,1997,0,13,0,2,0,11,-0.01181,0.0,0.7539,2973,0,0,0,0,0,0,0,0,0,0,0,0,0,0,0,0,0,0,0,0,0
4091904,1998,0,7,0,2,0,5,-0.01081,0.0,0.7354,3003,0,0,0,0,0,0,0,0,0,0,0,0,0,0,0,0,0,0,0,0,0
4093952,1999,0,14,0,2,0,12,-0.01234,0.0,0.7698,3059,0,0,0,0,0,0,0,0,0,0,0,0,0,0,0,0,0,0,0,0,0
4096000,2000,0,11,0,1,0,10,-0.00881,0.0,0.7647,2952,0,0,0,0,0,0,0,0,0,0,0,0,0,0,0,0,0,0,0,0,0
4098048,2001,0,10,0,3,0,7,-0.01019,0.0,0.8012,3053,0,0,0,0,0,0,0,0,0,0,0,0,0,0,0,0,0,0,0,0,0
4100096,2002,0,14,0,1,0,13,-0.01072,0.0,0.7514,3094,0,0,0,0,0,0,0,0,0,0,0,0,0,0,0,0,0,0,0,0,0
4102144,2003,0,14,0,5,0,9,-0.00985,0.0,0.7741,3110,0,0,0,0,0,0,0,0,0,0,0,0,0,0,0,0,0,0,0,0,0
4104192,2004,0,16,0,8,0,8,-0.01267,0.0,0.7564,2941,0,0,0,0,0,0,0,0,0,0,0,0,0,0,0,0,0,0,0,0,0
4106240,2005,0,10,0,2,0,8,-0.0088,0.0,0.741,2838,0,0,0,0,0,0,0,0,0,0,0,0,0,0,0,0,0,0,0,0,0
4108288,2006,0,12,0,1,0,11,-0.00909,0.0,0.7428,2954,0,0,0,0,0,0,0,0,0,0,0,0,0,0,0,0,0,0,0,0,0
4110336,2007,0,15,0,3,0,12,-0.01349,0.0,0.7474,3014,0,0,0,0,0,0,0,0,0,0,0,0,0,0,0,0,0,0,0,0,0
4112384,2008,0,11,0,2,0,9,-0.01044,0.0,0.7904,2694,0,0,0,0,0,0,0,0,0,0,0,0,0,0,0,0,0,0,0,0,0
4114432,2009,0,12,0,2,0,10,-0.01068,0.0,0.808,2979,0,0,0,0,0,0,0,0,0,0,0,0,0,0,0,0,0,0,0,0,0
4116480,2010,0,12,0,2,0,10,-0.01343,0.0,0.7873,3150,0,0,0,0,0,0,0,0,0,0,0,0,0,0,0,0,0,0,0,0,0
4118528,2011,0,10,0,1,0,9,-0.00973,0.0,0.7974,2872,0,0,0,0,0,0,0,0,0,0,0,0,0,0,0,0,0,0,0,0,0
4120576,2012,0,13,0,4,0,9,-0.01245,0.0,0.7551,2973,0,0,0,0,0,0,0,0,0,0,0,0,0,0,0,0,0,0,0,0,0
4122624,2013,0,14,0,3,0,11,-0.01123,0.0,0.7678,2865,0,0,0,0,0,0,0,0,0,0,0,0,0,0,0,0,0,0,0,0,0
4124672,2014,0,9,0,3,0,6,-0.00998,0.0,0.7909,3017,0,0,0,0,0,0,0,0,0,0,0,0,0,0,0,0,0,0,0,0,0
4126720,2015,0,12,0,2,0,10,-0.0103,0.0,0.7567,2725,0,0,0,0,0,0,0,0,0,0,0,0,0,0,0,0,0,0,0,0,0
4128768,2016,0,13,0,2,0,11,-0.01034,0.0,0.8218,2770,0,0,0,0,0,0,0,0,0,0,0,0,0,0,0,0,0,0,0,0,0
4130816,2017,0,10,0,2,0,8,-0.00968,0.0,0.8014,2977,0,0,0,0,0,0,0,0,0,0,0,0,0,0,0,0,0,0,0,0,0
4132864,2018,0,14,0,5,0,9,-0.01223,0.0,0.8267,3032,0,0,0,0,0,0,0,0,0,0,0,0,0,0,0,0,0,0,0,0,0
4134912,2019,0,14,0,3,0,11,-0.01055,0.0,0.8197,2835,0,0,0,0,0,0,0,0,0,0,0,0,0,0,0,0,0,0,0,0,0
4136960,2020,0,10,0,1,0,9,-0.01068,0.0,0.8066,2977,0,0,0,0,0,0,0,0,0,0,0,0,0,0,0,0,0,0,0,0,0
4139008,2021,0,14,0,3,0,11,-0.01076,0.0,0.8379,3037,0,0,0,0,0,0,0,0,0,0,0,0,0,0,0,0,0,0,0,0,0
4141056,2022,0,16,1,7,0,8,-0.0045,0.00153,0.8682,2946,0,0,0,0,0,0,0,0,0,0,0,0,0,0,0,0,0,0,0,0,0
4143104,2023,0,9,0,1,0,8,-0.00959,0.00014,0.85,2654,0,0,0,0,0,0,0,0,0,0,0,0,0,0,0,0,0,0,0,0,0
4145152,2024,0,15,0,3,0,12,-0.0125,3e-05,0.8237,2619,0,0,0,0,0,0,0,0,0,0,0,0,0,0,0,0,0,0,0,0,0
4147200,2025,0,14,0,3,0,11,-0.01389,1e-05,0.7842,2754,0,0,0,0,0,0,0,0,0,0,0,0,0,0,0,0,0,0,0,0,0
4149248,2026,0,8,0,2,0,6,-0.0099,1e-05,0.8368,2576,0,0,0,0,0,0,0,0,0,0,0,0,0,0,0,0,0,0,0,0,0
4151296,2027,0,12,0,0,0,12,-0.01056,0.0,0.8426,2863,0,0,0,0,0,0,0,0,0,0,0,0,0,0,0,0,0,0,0,0,0
4153344,2028,0,12,0,2,0,10,-0.01038,0.0,0.8242,3039,0,0,0,0,0,0,0,0,0,0,0,0,0,0,0,0,0,0,0,0,0
4155392,2029,0,9,0,1,0,8,-0.01091,0.0,0.8457,2803,0,0,0,0,0,0,0,0,0,0,0,0,0,0,0,0,0,0,0,0,0
4157440,2030,0,20,0,7,0,13,-0.01014,0.0,0.8358,3000,0,0,0,0,0,0,0,0,0,0,0,0,0,0,0,0,0,0,0,0,0
4159488,2031,0,10,0,2,0,8,-0.00877,0.0,0.8342,2879,0,0,0,0,0,0,0,0,0,0,0,0,0,0,0,0,0,0,0,0,0
4161536,2032,0,14,0,6,0,8,-0.01185,0.0,0.8103,2923,0,0,0,0,0,0,0,0,0,0,0,0,0,0,0,0,0,0,0,0,0
4163584,2033,0,13,0,3,0,10,-0.0096,0.0,0.9768,2715,0,0,0,0,0,0,0,0,0,0,0,0,0,0,0,0,0,0,0,0,0
4165632,2034,0,14,0,4,0,10,-0.0111,0.0,0.8747,2779,0,0,0,0,0,0,0,0,0,0,0,0,0,0,0,0,0,0,0,0,0
4167680,2035,0,12,0,3,0,9,-0.00963,0.0,0.8608,3062,0,0,0,0,0,0,0,0,0,0,0,0,0,0,0,0,0,0,0,0,0
4169728,2036,0,11,0,1,0,10,-0.01215,0.0,0.9172,2997,0,0,0,0,0,0,0,0,0,0,0,0,0,0,0,0,0,0,0,0,0
4171776,2037,0,11,0,3,0,8,-0.01147,0.0,0.8376,2994,0,0,0,0,0,0,0,0,0,0,0,0,0,0,0,0,0,0,0,0,0
4173824,2038,0,14,0,1,0,13,-0.0106,0.0,0.8222,3210,0,0,0,0,0,0,0,0,0,0,0,0,0,0,0,0,0,0,0,0,0
4175872,2039,0,12,0,3,0,9,-0.01246,0.0,0.8935,2091,0,0,0,0,0,0,0,0,0,0,0,0,0,0,0,0,0,0,0,0,0
4177920,2040,0,9,0,1,0,8,-0.01007,0.0,0.8748,2709,0,0,0,0,0,0,0,0,0,0,0,0,0,0,0,0,0,0,0,0,0
4179968,2041,0,13,0,1,0,12,-0.01158,0.0,0.9433,2562,0,0,0,0,0,0,0,0,0,0,0,0,0,0,0,0,0,0,0,0,0
4182016,2042,0,12,0,3,0,9,-0.01187,0.0,0.9022,2986,0,0,0,0,0,0,0,0,0,0,0,0,0,0,0,0,0,0,0,0,0
4184064,2043,0,9,0,0,0,9,-0.01219,0.0,0.8877,3192,0,0,0,0,0,0,0,0,0,0,0,0,0,0,0,0,0,0,0,0,0
4186112,2044,0,15,0,3,0,12,-0.00968,0.0,0.9234,3132,0,0,0,0,0,0,0,0,0,0,0,0,0,0,0,0,0,0,0,0,0
4188160,2045,0,14,1,4,0,9,-0.00385,8e-05,0.9625,3151,0,0,0,0,0,0,0,0,0,0,0,0,0,0,0,0,0,0,0,0,0
4190208,2046,0,10,0,1,0,9,-0.00973,1e-05,0.9884,3125,0,0,0,0,0,0,0,0,0,0,0,0,0,0,0,0,0,0,0,0,0
4192256,2047,0,18,0,5,0,13,-0.01112,0.0,0.9816,2990,0,0,0,0,0,0,0,0,0,0,0,0,0,0,0,0,0,0,0,0,0
4194304,2048,0,8,0,1,0,7,-0.01021,0.0,0.9167,2969,0,0,0,0,0,0,0,0,0,0,0,0,0,0,0,0,0,0,0,0,0
4196352,2049,0,13,0,2,0,11,-0.00954,0.0,0.9025,2686,0,0,0,0,0,0,0,0,0,0,0,0,0,0,0,0,0,0,0,0,0
4198400,2050,0,16,0,6,0,10,-0.01013,0.0,0.8952,2523,0,0,0,0,0,0,0,0,0,0,0,0,0,0,0,0,0,0,0,0,0
4200448,2051,0,11,0,3,0,8,-0.01081,0.0,0.8787,2329,0,0,0,0,0,0,0,0,0,0,0,0,0,0,0,0,0,0,0,0,0
4202496,2052,0,13,0,2,0,11,-0.01054,0.0,0.9484,3013,0,0,0,0,0,0,0,0,0,0,0,0,0,0,0,0,0,0,0,0,0
4204544,2053,0,15,0,4,0,11,-0.01021,0.0,0.9336,3055,0,0,0,0,0,0,0,0,0,0,0,0,0,0,0,0,0,0,0,0,0
4206592,2054,0,11,0,2,0,9,-0.01009,0.0,0.9116,3104,0,0,0,0,0,0,0,0,0,0,0,0,0,0,0,0,0,0,0,0,0
4208640,2055,0,16,0,6,0,10,-0.01126,0.0,0.9076,3148,0,0,0,0,0,0,0,0,0,0,0,0,0,0,0,0,0,0,0,0,0
4210688,2056,0,11,0,1,0,10,-0.01343,0.0,0.8681,2730,0,0,0,0,0,0,0,0,0,0,0,0,0,0,0,0,0,0,0,0,0
4212736,2057,0,11,0,3,0,8,-0.01146,0.0,0.856,2763,0,0,0,0,0,0,0,0,0,0,0,0,0,0,0,0,0,0,0,0,0
4214784,2058,0,15,0,3,0,12,-0.01268,0.0,0.783,2876,0,0,0,0,0,0,0,0,0,0,0,0,0,0,0,0,0,0,0,0,0
4216832,2059,0,10,0,1,0,9,-0.00807,0.0,0.8758,2910,0,0,0,0,0,0,0,0,0,0,0,0,0,0,0,0,0,0,0,0,0
4218880,2060,0,10,0,0,0,10,-0.00997,0.0,0.802,2704,0,0,0,0,0,0,0,0,0,0,0,0,0,0,0,0,0,0,0,0,0
4220928,2061,0,22,0,10,0,12,-0.00761,0.0,0.7833,2845,0,0,0,0,0,0,0,0,0,0,0,0,0,0,0,0,0,0,0,0,0
4222976,2062,0,5,0,0,0,5,-0.01015,0.0,0.8414,2678,0,0,0,0,0,0,0,0,0,0,0,0,0,0,0,0,0,0,0,0,0
4225024,2063,0,11,0,0,0,11,-0.00804,0.0,0.8998,2917,0,0,0,0,0,0,0,0,0,0,0,0,0,0,0,0,0,0,0,0,0
4227072,2064,0,19,0,4,0,15,-0.00782,0.0,0.911,3013,0,0,0,0,0,0,0,0,0,0,0,0,0,0,0,0,0,0,0,0,0
4229120,2065,0,9,0,5,0,4,-0.01108,0.0,0.8427,2764,0,0,0,0,0,0,0,0,0,0,0,0,0,0,0,0,0,0,0,0,0
4231168,2066,0,15,0,4,0,11,-0.00986,0.0,0.8548,2887,0,0,0,0,0,0,0,0,0,0,0,0,0,0,0,0,0,0,0,0,0
4233216,2067,0,11,0,1,0,10,-0.0104,0.0,0.9049,2731,0,0,0,0,0,0,0,0,0,0,0,0,0,0,0,0,0,0,0,0,0
4235264,2068,0,11,0,1,0,10,-0.01062,0.0,0.8509,2994,0,0,0,0,0,0,0,0,0,0,0,0,0,0,0,0,0,0,0,0,0
4237312,2069,0,12,0,2,0,10,-0.0113,0.0,0.9241,2907,0,0,0,0,0,0,0,0,0,0,0,0,0,0,0,0,0,0,0,0,0
4239360,2070,0,15,0,4,0,11,-0.01041,0.0,0.9265,3014,0,0,0,0,0,0,0,0,0,0,0,0,0,0,0,0,0,0,0,0,0
4241408,2071,0,11,0,2,0,9,-0.01124,0.0,0.9239,2978,0,0,0,0,0,0,0,0,0,0,0,0,0,0,0,0,0,0,0,0,0
4243456,2072,0,12,0,1,0,11,-0.01087,0.0,0.9217,3170,0,0,0,0,0,0,0,0,0,0,0,0,0,0,0,0,0,0,0,0,0
4245504,2073,0,12,0,2,0,10,-0.00813,0.0,0.9421,2885,0,0,0,0,0,0,0,0,0,0,0,0,0,0,0,0,0,0,0,0,0
4247552,2074,0,13,0,3,0,10,-0.00802,0.0,1.0133,3129,0,0,0,0,0,0,0,0,0,0,0,0,0,0,0,0,0,0,0,0,0
4249600,2075,0,9,0,1,0,8,-0.00787,0.0,0.9834,2612,0,0,0,0,0,0,0,0,0,0,0,0,0,0,0,0,0,0,0,0,0
4251648,2076,0,11,0,2,0,9,-0.0106,0.0,0.9718,2934,0,0,0,0,0,0,0,0,0,0,0,0,0,0,0,0,0,0,0,0,0
4253696,2077,0,15,0,2,0,13,-0.00671,0.0,0.9611,2861,0,0,0,0,0,0,0,0,0,0,0,0,0,0,0,0,0,0,0,0,0
4255744,2078,0,14,0,5,0,9,-0.01108,0.0,0.9481,2607,0,0,0,0,0,0,0,0,0,0,0,0,0,0,0,0,0,0,0,0,0
4257792,2079,0,7,0,0,0,7,-0.01067,0.0,0.9989,2835,0,0,0,0,0,0,0,0,0,0,0,0,0,0,0,0,0,0,0,0,0
4259840,2080,0,17,0,6,0,11,-0.01028,0.0,0.9539,2818,0,0,0,0,0,0,0,0,0,0,0,0,0,0,0,0,0,0,0,0,0
4261888,2081,0,18,0,9,0,9,-0.01068,0.0,1.0042,2567,0,0,0,0,0,0,0,0,0,0,0,0,0,0,0,0,0,0,0,0,0
4263936,2082,0,10,0,1,0,9,-0.00887,0.0,1.0281,2928,0,0,0,0,0,0,0,0,0,0,0,0,0,0,0,0,0,0,0,0,0
4265984,2083,0,14,0,4,0,10,-0.01041,0.0,0.9628,2914,0,0,0,0,0,0,0,0,0,0,0,0,0,0,0,0,0,0,0,0,0
4268032,2084,0,11,0,2,0,9,-0.01018,0.0,0.9342,2604,0,0,0,0,0,0,0,0,0,0,0,0,0,0,0,0,0,0,0,0,0
4270080,2085,0,14,0,4,0,10,-0.00537,0.0,0.933,2667,0,0,0,0,0,0,0,0,0,0,0,0,0,0,0,0,0,0,0,0,0
4272128,2086,0,11,0,1,0,10,-0.01046,0.0,0.8634,2934,0,0,0,0,0,0,0,0,0,0,0,0,0,0,0,0,0,0,0,0,0
4274176,2087,0,13,0,4,0,9,-0.01027,0.0,0.8931,2956,0,0,0,0,0,0,0,0,0,0,0,0,0,0,0,0,0,0,0,0,0
4276224,2088,0,15,0,4,0,11,-0.00927,0.0,0.9067,3014,0,0,0,0,0,0,0,0,0,0,0,0,0,0,0,0,0,0,0,0,0
4278272,2089,0,12,0,2,0,10,-0.00971,0.0,0.865,2748,0,0,0,0,0,0,0,0,0,0,0,0,0,0,0,0,0,0,0,0,0
4280320,2090,0,12,0,4,0,8,-0.00422,0.0,0.8549,2829,0,0,0,0,0,0,0,0,0,0,0,0,0,0,0,0,0,0,0,0,0
4282368,2091,0,11,0,1,0,10,-0.00702,0.0,0.8601,2961,0,0,0,0,0,0,0,0,0,0,0,0,0,0,0,0,0,0,0,0,0
4284416,2092,0,16,0,7,0,9,-0.01039,0.0,0.9482,3033,0,0,0,0,0,0,0,0,0,0,0,0,0,0,0,0,0,0,0,0,0
4286464,2093,0,14,0,6,0,8,-0.00753,0.0,0.9708,3136,0,0,0,0,0,0,0,0,0,0,0,0,0,0,0,0,0,0,0,0,0
4288512,2094,0,14,0,5,0,9,-0.01179,0.0,1.0048,3057,0,0,0,0,0,0,0,0,0,0,0,0,0,0,0,0,0,0,0,0,0
4290560,2095,0,12,0,1,0,11,-0.00533,0.0,0.9326,2915,0,0,0,0,0,0,0,0,0,0,0,0,0,0,0,0,0,0,0,0,0
4292608,2096,0,11,0,3,0,8,-0.00828,0.0,0.8711,2945,0,0,0,0,0,0,0,0,0,0,0,0,0,0,0,0,0,0,0,0,0
4294656,2097,0,14,0,3,0,11,-0.00849,0.0,0.8501,2955,0,0,0,0,0,0,0,0,0,0,0,0,0,0,0,0,0,0,0,0,0
4296704,2098,0,12,0,2,0,10,-0.00967,0.0,0.9163,3231,0,0,0,0,0,0,0,0,0,0,0,0,0,0,0,0,0,0,0,0,0
4298752,2099,0,12,0,2,0,10,-0.01138,0.0,0.9529,2997,0,0,0,0,0,0,0,0,0,0,0,0,0,0,0,0,0,0,0,0,0
4300800,2100,0,11,0,1,0,10,-0.01119,0.0,0.9737,3096,0,0,0,0,0,0,0,0,0,0,0,0,0,0,0,0,0,0,0,0,0
4302848,2101,0,14,0,3,0,11,-0.00932,0.0,0.9475,3121,0,0,0,0,0,0,0,0,0,0,0,0,0,0,0,0,0,0,0,0,0
4304896,2102,0,11,0,2,0,9,-0.00958,0.0,0.865,2973,0,0,0,0,0,0,0,0,0,0,0,0,0,0,0,0,0,0,0,0,0
4306944,2103,0,15,1,5,0,9,-0.00612,0.00088,0.8868,3002,0,0,0,0,0,0,0,0,0,0,0,0,0,0,0,0,0,0,0,0,0
4308992,2104,0,17,0,4,1,12,-0.01024,2e-05,0.9101,3114,0,0,0,0,0,0,0,0,0,0,0,0,0,0,0,0,0,0,0,0,0
4311040,2105,0,6,0,2,0,4,-0.00945,1e-05,0.9462,3030,0,0,0,0,0,0,0,0,0,0,0,0,0,0,0,0,0,0,0,0,0
4313088,2106,0,16,0,4,0,12,-0.01376,1e-05,0.9582,3024,0,0,0,0,0,0,0,0,0,0,0,0,0,0,0,0,0,0,0,0,0
4315136,2107,0,16,0,4,0,12,-0.01212,0.0,0.9653,2739,0,0,0,0,0,0,0,0,0,0,0,0,0,0,0,0,0,0,0,0,0
4317184,2108,0,10,0,4,0,6,-0.00906,0.0,0.8895,2854,0,0,0,0,0,0,0,0,0,0,0,0,0,0,0,0,0,0,0,0,0
4319232,2109,0,14,0,3,0,11,-0.00795,0.0,0.9188,2718,0,0,0,0,0,0,0,0,0,0,0,0,0,0,0,0,0,0,0,0,0
4321280,2110,0,13,0,2,0,11,-0.01107,0.0,0.9076,2702,0,0,0,0,0,0,0,0,0,0,0,0,0,0,0,0,0,0,0,0,0
4323328,2111,0,9,0,1,0,8,-0.01462,0.0,0.9554,2915,0,0,0,0,0,0,0,0,0,0,0,0,0,0,0,0,0,0,0,0,0
4325376,2112,0,17,0,5,0,12,-0.01433,0.0,1.0208,2885,0,0,0,0,0,0,0,0,0,0,0,0,0,0,0,0,0,0,0,0,0
4327424,2113,0,11,0,4,0,7,-0.01036,0.0,1.0497,2902,0,0,0,0,0,0,0,0,0,0,0,0,0,0,0,0,0,0,0,0,0
4329472,2114,0,13,0,2,0,11,-0.011,0.0,1.0142,2812,0,0,0,0,0,0,0,0,0,0,0,0,0,0,0,0,0,0,0,0,0
4331520,2115,0,15,0,4,0,11,-0.00704,0.0,1.0186,3088,0,0,0,0,0,0,0,0,0,0,0,0,0,0,0,0,0,0,0,0,0
4333568,2116,0,8,0,2,0,6,-0.00899,0.0,1.0278,3079,0,0,0,0,0,0,0,0,0,0,0,0,0,0,0,0,0,0,0,0,0
4335616,2117,0,13,0,2,0,11,-0.01303,0.0,0.9994,2772,0,0,0,0,0,0,0,0,0,0,0,0,0,0,0,0,0,0,0,0,0
4337664,2118,0,12,0,1,0,11,-0.01148,0.0,0.9453,3245,0,0,0,0,0,0,0,0,0,0,0,0,0,0,0,0,0,0,0,0,0
4339712,2119,0,15,0,6,0,9,-0.01108,0.0,0.9512,2845,0,0,0,0,0,0,0,0,0,0,0,0,0,0,0,0,0,0,0,0,0
4341760,2120,0,16,0,6,0,10,-0.01305,0.0,0.9603,2721,0,0,0,0,0,0,0,0,0,0,0,0,0,0,0,0,0,0,0,0,0
4343808,2121,0,17,0,6,0,11,-0.01075,0.0,0.9825,2779,0,0,0,0,0,0,0,0,0,0,0,0,0,0,0,0,0,0,0,0,0
4345856,2122,0,5,0,0,0,5,-0.01002,0.0,1.0249,2879,0,0,0,0,0,0,0,0,0,0,0,0,0,0,0,0,0,0,0,0,0
4347904,2123,0,15,0,1,0,14,-0.00943,0.0,0.9451,2637,0,0,0,0,0,0,0,0,0,0,0,0,0,0,0,0,0,0,0,0,0
4349952,2124,0,13,0,4,0,9,-0.00957,0.0,0.96,2923,0,0,0,0,0,0,0,0,0,0,0,0,0,0,0,0,0,0,0,0,0
4352000,2125,0,9,0,1,0,8,-0.0098,0.0,0.9736,2925,0,0,0,0,0,0,0,0,0,0,0,0,0,0,0,0,0,0,0,0,0
4354048,2126,0,16,0,3,0,13,-0.01161,0.0,0.91,2944,0,0,0,0,0,0,0,0,0,0,0,0,0,0,0,0,0,0,0,0,0
4356096,2127,0,8,0,0,0,8,-0.00865,0.0,0.8841,2850,0,0,0,0,0,0,0,0,0,0,0,0,0,0,0,0,0,0,0,0,0
4358144,2128,0,12,0,3,0,9,-0.01276,0.0,0.873,3005,0,0,0,0,0,0,0,0,0,0,0,0,0,0,0,0,0,0,0,0,0
4360192,2129,0,14,0,2,0,12,-0.01195,0.0,0.9387,2783,0,0,0,0,0,0,0,0,0,0,0,0,0,0,0,0,0,0,0,0,0
4362240,2130,0,11,0,2,0,9,-0.01147,0.0,0.9164,2609,0,0,0,0,0,0,0,0,0,0,0,0,0,0,0,0,0,0,0,0,0
4364288,2131,0,15,0,5,0,10,-0.00954,1e-05,0.8179,2476,0,0,0,0,0,0,0,0,0,0,0,0,0,0,0,0,0,0,0,0,0
4366336,2132,0,12,0,3,0,9,-0.00783,0.0,0.8068,2844,0,0,0,0,0,0,0,0,0,0,0,0,0,0,0,0,0,0,0,0,0
4368384,2133,0,12,0,4,0,8,-0.01044,0.0,0.8529,2943,0,0,0,0,0,0,0,0,0,0,0,0,0,0,0,0,0,0,0,0,0
4370432,2134,0,13,0,4,0,9,-0.01076,0.0,0.791,2621,0,0,0,0,0,0,0,0,0,0,0,0,0,0,0,0,0,0,0,0,0
4372480,2135,0,14,0,2,0,12,-0.00968,0.0,0.8686,2954,0,0,0,0,0,0,0,0,0,0,0,0,0,0,0,0,0,0,0,0,0
4374528,2136,0,13,0,5,0,8,-0.00644,0.0,0.8123,2654,0,0,0,0,0,0,0,0,0,0,0,0,0,0,0,0,0,0,0,0,0
4376576,2137,0,11,0,1,0,10,-0.01169,0.0,0.8232,2778,0,0,0,0,0,0,0,0,0,0,0,0,0,0,0,0,0,0,0,0,0
4378624,2138,0,13,0,3,0,10,-0.00952,0.0,0.8008,3017,0,0,0,0,0,0,0,0,0,0,0,0,0,0,0,0,0,0,0,0,0
4380672,2139,0,9,0,2,0,7,-0.00835,0.0,0.8249,3034,0,0,0,0,0,0,0,0,0,0,0,0,0,0,0,0,0,0,0,0,0
4382720,2140,0,17,0,5,0,12,-0.0112,0.0,0.8326,2962,0,0,0,0,0,0,0,0,0,0,0,0,0,0,0,0,0,0,0,0,0
4384768,2141,0,15,0,4,0,11,-0.0102,0.0,0.861,2966,0,0,0,0,0,0,0,0,0,0,0,0,0,0,0,0,0,0,0,0,0
4386816,2142,0,8,0,0,0,8,-0.01173,0.0,0.8317,2834,0,0,0,0,0,0,0,0,0,0,0,0,0,0,0,0,0,0,0,0,0
4388864,2143,0,12,0,2,0,10,-0.0089,0.0,0.7418,2900,0,0,0,0,0,0,0,0,0,0,0,0,0,0,0,0,0,0,0,0,0
4390912,2144,0,16,0,4,0,12,-0.00762,0.0,0.7469,2883,0,0,0,0,0,0,0,0,0,0,0,0,0,0,0,0,0,0,0,0,0
4392960,2145,0,10,0,1,0,9,-0.01113,0.0,0.8035,3095,0,0,0,0,0,0,0,0,0,0,0,0,0,0,0,0,0,0,0,0,0
4395008,2146,0,11,0,2,0,9,-0.00967,8e-05,0.7458,2932,0,0,0,0,0,0,0,0,0,0,0,0,0,0,0,0,0,0,0,0,0
4397056,2147,0,16,0,5,0,11,-0.01057,0.00012,0.7672,2664,0,0,0,0,0,0,0,0,0,0,0,0,0,0,0,0,0,0,0,0,0
4399104,2148,0,12,0,3,0,9,-0.01076,4e-05,0.719,2637,0,0,0,0,0,0,0,0,0,0,0,0,0,0,0,0,0,0,0,0,0
4401152,2149,0,9,0,2,0,7,-0.0076,0.0,0.7331,2517,0,0,0,0,0,0,0,0,0,0,0,0,0,0,0,0,0,0,0,0,0
4403200,2150,0,16,0,2,0,14,-0.00879,0.0,0.7991,2447,0,0,0,0,0,0,0,0,0,0,0,0,0,0,0,0,0,0,0,0,0
4405248,2151,0,10,0,1,0,9,-0.00816,0.0,0.7765,2829,0,0,0,0,0,0,0,0,0,0,0,0,0,0,0,0,0,0,0,0,0
4407296,2152,0,9,0,0,0,9,-0.01044,0.0,0.7509,2981,0,0,0,0,0,0,0,0,0,0,0,0,0,0,0,0,0,0,0,0,0
4409344,2153,0,15,0,3,0,12,-0.00822,0.0,0.6361,2981,0,0,0,0,0,0,0,0,0,0,0,0,0,0,0,0,0,0,0,0,0
4411392,2154,0,8,0,1,0,7,-0.00956,0.0,0.7794,2990,0,0,0,0,0,0,0,0,0,0,0,0,0,0,0,0,0,0,0,0,0
4413440,2155,0,14,0,4,0,10,-0.00748,0.0,0.8151,2984,0,0,0,0,0,0,0,0,0,0,0,0,0,0,0,0,0,0,0,0,0
4415488,2156,0,14,0,1,0,13,-0.00703,0.0,0.8275,2845,0,0,0,0,0,0,0,0,0,0,0,0,0,0,0,0,0,0,0,0,0
4417536,2157,0,8,0,1,0,7,-0.00697,0.0,0.9139,2677,0,0,0,0,0,0,0,0,0,0,0,0,0,0,0,0,0,0,0,0,0
4419584,2158,0,14,0,2,0,12,-0.00937,0.0,0.8658,3155,0,0,0,0,0,0,0,0,0,0,0,0,0,0,0,0,0,0,0,0,0
4421632,2159,0,13,0,2,0,11,-0.00821,0.0,0.8223,2791,0,0,0,0,0,0,0,0,0,0,0,0,0,0,0,0,0,0,0,0,0
4423680,2160,0,9,0,2,0,7,-0.00889,0.0,0.7912,2935,0,0,0,0,0,0,0,0,0,0,0,0,0,0,0,0,0,0,0,0,0
4425728,2161,0,13,0,0,0,13,-0.00605,0.0,0.7387,2750,0,0,0,0,0,0,0,0,0,0,0,0,0,0,0,0,0,0,0,0,0
4427776,2162,0,10,0,1,0,9,-0.00716,0.0,0.7085,2892,0,0,0,0,0,0,0,0,0,0,0,0,0,0,0,0,0,0,0,0,0
4429824,2163,0,12,0,3,0,9,-0.01052,0.0,0.7261,2988,0,0,0,0,0,0,0,0,0,0,0,0,0,0,0,0,0,0,0,0,0
4431872,2164,0,14,0,1,0,13,-0.00927,0.0,0.8,3015,0,0,0,0,0,0,0,0,0,0,0,0,0,0,0,0,0,0,0,0,0
4433920,2165,0,7,0,1,0,6,-0.00631,0.0,0.7371,3058,0,0,0,0,0,0,0,0,0,0,0,0,0,0,0,0,0,0,0,0,0
4435968,2166,0,11,0,0,0,11,-0.00965,0.0,0.684,3038,0,0,0,0,0,0,0,0,0,0,0,0,0,0,0,0,0,0,0,0,0
4438016,2167,0,16,0,1,0,15,-0.00856,0.0,0.7217,3033,0,0,0,0,0,0,0,0,0,0,0,0,0,0,0,0,0,0,0,0,0
4440064,2168,0,6,0,0,0,6,-0.008,0.0,0.7178,3002,0,0,0,0,0,0,0,0,0,0,0,0,0,0,0,0,0,0,0,0,0
4442112,2169,0,12,0,1,0,11,-0.00818,0.0,0.7504,3100,0,0,0,0,0,0,0,0,0,0,0,0,0,0,0,0,0,0,0,0,0
4444160,2170,0,13,0,0,0,13,-0.0101,0.0,0.8121,3192,0,0,0,0,0,0,0,0,0,0,0,0,0,0,0,0,0,0,0,0,0
4446208,2171,0,8,0,2,0,6,-0.00812,0.0,0.8457,3124,0,0,0,0,0,0,0,0,0,0,0,0,0,0,0,0,0,0,0,0,0
4448256,2172,0,14,0,2,0,12,-0.01028,0.0,0.8278,3005,0,0,0,0,0,0,0,0,0,0,0,0,0,0,0,0,0,0,0,0,0
4450304,2173,0,11,0,1,0,10,-0.00787,0.0,0.7651,3177,0,0,0,0,0,0,0,0,0,0,0,0,0,0,0,0,0,0,0,0,0
4452352,2174,0,8,0,1,0,7,-0.01074,0.0,0.7368,3160,0,0,0,0,0,0,0,0,0,0,0,0,0,0,0,0,0,0,0,0,0
4454400,2175,0,15,0,2,0,13,-0.01035,0.0,0.6495,2946,0,0,0,0,0,0,0,0,0,0,0,0,0,0,0,0,0,0,0,0,0
4456448,2176,0,13,0,3,0,10,-0.01203,0.0,0.8376,3078,0,0,0,0,0,0,0,0,0,0,0,0,0,0,0,0,0,0,0,0,0
4458496,2177,0,11,0,2,0,9,-0.01071,0.0,0.8296,3293,0,0,0,0,0,0,0,0,0,0,0,0,0,0,0,0,0,0,0,0,0
4460544,2178,0,14,0,2,0,12,-0.00816,0.0,0.7809,3240,0,0,0,0,0,0,0,0,0,0,0,0,0,0,0,0,0,0,0,0,0
4462592,2179,0,8,0,1,0,7,-0.01042,0.0,0.8415,2993,0,0,0,0,0,0,0,0,0,0,0,0,0,0,0,0,0,0,0,0,0
4464640,2180,0,13,0,1,0,12,-0.00719,0.0,0.7412,2812,0,0,0,0,0,0,0,0,0,0,0,0,0,0,0,0,0,0,0,0,0
4466688,2181,0,12,0,1,0,11,-0.00789,0.0,0.8255,3036,0,0,0,0,0,0,0,0,0,0,0,0,0,0,0,0,0,0,0,0,0
4468736,2182,0,10,0,1,0,9,-0.01007,0.0,0.8643,2854,0,0,0,0,0,0,0,0,0,0,0,0,0,0,0,0,0,0,0,0,0
4470784,2183,0,13,0,1,0,12,-0.00939,0.0,0.8848,2872,0,0,0,0,0,0,0,0,0,0,0,0,0,0,0,0,0,0,0,0,0
4472832,2184,0,10,0,1,0,9,-0.00804,0.0,0.8236,2891,0,0,0,0,0,0,0,0,0,0,0,0,0,0,0,0,0,0,0,0,0
4474880,2185,0,11,0,1,0,10,-0.01169,0.0,0.8668,2903,0,0,0,0,0,0,0,0,0,0,0,0,0,0,0,0,0,0,0,0,0
4476928,2186,0,12,0,1,0,11,-0.00887,0.0,0.7563,2952,0,0,0,0,0,0,0,0,0,0,0,0,0,0,0,0,0,0,0,0,0
4478976,2187,0,11,0,1,0,10,-0.0088,0.0,0.7152,2739,0,0,0,0,0,0,0,0,0,0,0,0,0,0,0,0,0,0,0,0,0
4481024,2188,0,10,0,1,0,9,-0.00951,0.0,0.8194,2966,0,0,0,0,0,0,0,0,0,0,0,0,0,0,0,0,0,0,0,0,0
4483072,2189,0,12,0,1,0,11,-0.01199,0.0,0.8743,3075,0,0,0,0,0,0,0,0,0,0,0,0,0,0,0,0,0,0,0,0,0
4485120,2190,0,10,0,0,0,10,-0.01003,0.0,0.8956,2839,0,0,0,0,0,0,0,0,0,0,0,0,0,0,0,0,0,0,0,0,0
4487168,2191,0,10,0,0,0,10,-0.00992,0.0,0.9202,2913,0,0,0,0,0,0,0,0,0,0,0,0,0,0,0,0,0,0,0,0,0
4489216,2192,0,12,0,0,0,12,-0.00908,0.0,0.8143,2540,0,0,0,0,0,0,0,0,0,0,0,0,0,0,0,0,0,0,0,0,0
4491264,2193,0,11,0,2,0,9,-0.00931,0.0,0.857,2802,0,0,0,0,0,0,0,0,0,0,0,0,0,0,0,0,0,0,0,0,0
4493312,2194,0,15,0,4,0,11,-0.00943,0.0,0.8726,2936,0,0,0,0,0,0,0,0,0,0,0,0,0,0,0,0,0,0,0,0,0
4495360,2195,0,13,0,3,0,10,-0.00854,0.0,0.8479,2795,0,0,0,0,0,0,0,0,0,0,0,0,0,0,0,0,0,0,0,0,0
4497408,2196,0,9,0,1,0,8,-0.01005,0.0,0.8651,3063,0,0,0,0,0,0,0,0,0,0,0,0,0,0,0,0,0,0,0,0,0
4499456,2197,0,15,0,2,0,13,-0.00909,0.0,0.8749,3018,0,0,0,0,0,0,0,0,0,0,0,0,0,0,0,0,0,0,0,0,0
4501504,2198,0,14,0,3,0,11,-0.00754,0.0,0.8929,2676,0,0,0,0,0,0,0,0,0,0,0,0,0,0,0,0,0,0,0,0,0
4503552,2199,0,9,0,2,0,7,-0.00959,0.0,0.8911,2915,0,0,0,0,0,0,0,0,0,0,0,0,0,0,0,0,0,0,0,0,0
4505600,2200,0,14,0,1,0,13,-0.00971,0.0,0.8911,2953,0,0,0,0,0,0,0,0,0,0,0,0,0,0,0,0,0,0,0,0,0
4507648,2201,0,11,0,2,0,9,-0.00726,0.0,0.917,2660,0,0,0,0,0,0,0,0,0,0,0,0,0,0,0,0,0,0,0,0,0
4509696,2202,0,8,0,1,0,7,-0.00926,0.0,0.9259,2550,0,0,0,0,0,0,0,0,0,0,0,0,0,0,0,0,0,0,0,0,0
4511744,2203,0,15,0,2,0,13,-0.00886,0.0,0.8946,2795,0,0,0,0,0,0,0,0,0,0,0,0,0,0,0,0,0,0,0,0,0
4513792,2204,0,12,0,3,0,9,-0.00565,0.0,0.929,3017,0,0,0,0,0,0,0,0,0,0,0,0,0,0,0,0,0,0,0,0,0
4515840,2205,0,8,0,1,0,7,-0.00972,0.0,0.8889,3081,0,0,0,0,0,0,0,0,0,0,0,0,0,0,0,0,0,0,0,0,0
4517888,2206,0,14,0,0,0,14,-0.01069,0.0,0.8975,3150,0,0,0,0,0,0,0,0,0,0,0,0,0,0,0,0,0,0,0,0,0
4519936,2207,0,10,0,2,0,8,-0.00923,0.0,0.9581,3023,0,0,0,0,0,0,0,0,0,0,0,0,0,0,0,0,0,0,0,0,0
4521984,2208,0,8,0,0,0,8,-0.01271,0.0,0.8968,3001,0,0,0,0,0,0,0,0,0,0,0,0,0,0,0,0,0,0,0,0,0
4524032,2209,0,11,0,1,0,10,-0.01127,0.0,0.9121,2831,0,0,0,0,0,0,0,0,0,0,0,0,0,0,0,0,0,0,0,0,0
4526080,2210,0,12,0,1,0,11,-0.00797,0.0,0.9008,2946,0,0,0,0,0,0,0,0,0,0,0,0,0,0,0,0,0,0,0,0,0
4528128,2211,0,11,0,1,0,10,-0.01003,0.0,0.8927,3129,0,0,0,0,0,0,0,0,0,0,0,0,0,0,0,0,0,0,0,0,0
4530176,2212,0,11,0,1,0,10,-0.01011,0.0,0.9063,3239,0,0,0,0,0,0,0,0,0,0,0,0,0,0,0,0,0,0,0,0,0
4532224,2213,0,14,0,5,0,9,-0.00923,0.0,1.0014,3146,0,0,0,0,0,0,0,0,0,0,0,0,0,0,0,0,0,0,0,0,0
4534272,2214,0,14,0,4,0,10,-0.00953,0.0,0.9859,2783,0,0,0,0,0,0,0,0,0,0,0,0,0,0,0,0,0,0,0,0,0
4536320,2215,0,13,0,3,0,10,-0.00974,0.0,0.9647,3212,0,0,0,0,0,0,0,0,0,0,0,0,0,0,0,0,0,0,0,0,0
4538368,2216,0,10,0,1,1,8,-0.01076,0.0,1.0078,3208,0,0,0,0,0,0,0,0,0,0,0,0,0,0,0,0,0,0,0,0,0
4540416,2217,0,11,0,1,0,10,-0.011,0.0,1.028,2967,0,0,0,0,0,0,0,0,0,0,0,0,0,0,0,0,0,0,0,0,0
4542464,2218,0,13,0,2,0,11,-0.015,0.0,0.9932,2889,0,0,0,0,0,0,0,0,0,0,0,0,0,0,0,0,0,0,0,0,0
4544512,2219,0,8,0,2,0,6,-0.01172,0.0,0.9519,3048,0,0,0,0,0,0,0,0,0,0,0,0,0,0,0,0,0,0,0,0,0
4546560,2220,0,17,0,4,0,13,-0.00668,0.0,0.9956,2835,0,0,0,0,0,0,0,0,0,0,0,0,0,0,0,0,0,0,0,0,0
4548608,2221,0,13,0,2,0,11,-0.01228,0.0,0.9439,3002,0,0,0,0,0,0,0,0,0,0,0,0,0,0,0,0,0,0,0,0,0
4550656,2222,0,10,0,3,0,7,-0.00834,0.0,0.9254,2904,0,0,0,0,0,0,0,0,0,0,0,0,0,0,0,0,0,0,0,0,0
4552704,2223,0,13,0,0,0,13,-0.00796,0.0,1.0003,2584,0,0,0,0,0,0,0,0,0,0,0,0,0,0,0,0,0,0,0,0,0
4554752,2224,0,11,0,1,0,10,-0.01167,0.0,1.0057,2807,0,0,0,0,0,0,0,0,0,0,0,0,0,0,0,0,0,0,0,0,0
4556800,2225,0,12,0,3,0,9,-0.0109,0.0,0.926,2899,0,0,0,0,0,0,0,0,0,0,0,0,0,0,0,0,0,0,0,0,0
4558848,2226,0,14,0,4,0,10,-0.01236,0.0,0.9999,2885,0,0,0,0,0,0,0,0,0,0,0,0,0,0,0,0,0,0,0,0,0
4560896,2227,0,13,0,4,0,9,-0.01342,0.0,0.9854,2894,0,0,0,0,0,0,0,0,0,0,0,0,0,0,0,0,0,0,0,0,0
4562944,2228,0,9,0,1,0,8,-0.00936,0.0,0.904,3075,0,0,0,0,0,0,0,0,0,0,0,0,0,0,0,0,0,0,0,0,0
4564992,2229,0,10,0,0,0,10,-0.00599,0.0,0.8493,2986,0,0,0,0,0,0,0,0,0,0,0,0,0,0,0,0,0,0,0,0,0
4567040,2230,0,13,0,1,0,12,-0.01224,0.0,0.8896,2778,0,0,0,0,0,0,0,0,0,0,0,0,0,0,0,0,0,0,0,0,0
4569088,2231,0,10,0,2,1,7,-0.0104,0.0,0.9111,2938,0,0,0,0,0,0,0,0,0,0,0,0,0,0,0,0,0,0,0,0,0
4571136,2232,0,13,0,3,0,10,-0.01198,0.0,0.9166,3046,0,0,0,0,0,0,0,0,0,0,0,0,0,0,0,0,0,0,0,0,0
4573184,2233,0,13,0,2,0,11,-0.01094,0.0,0.9277,3089,0,0,0,0,0,0,0,0,0,0,0,0,0,0,0,0,0,0,0,0,0
4575232,2234,0,11,0,2,0,9,-0.01002,0.0,0.8974,3208,0,0,0,0,0,0,0,0,0,0,0,0,0,0,0,0,0,0,0,0,0
4577280,2235,0,12,0,1,0,11,-0.01233,0.0,0.9554,3047,0,0,0,0,0,0,0,0,0,0,0,0,0,0,0,0,0,0,0,0,0
4579328,2236,0,11,0,0,0,11,-0.01263,0.0,0.8975,2776,0,0,0,0,0,0,0,0,0,0,0,0,0,0,0,0,0,0,0,0,0
4581376,2237,0,13,0,3,0,10,-0.01255,0.0,0.9039,3305,0,0,0,0,0,0,0,0,0,0,0,0,0,0,0,0,0,0,0,0,0
4583424,2238,0,11,0,2,0,9,-0.01019,0.0,0.8672,2977,0,0,0,0,0,0,0,0,0,0,0,0,0,0,0,0,0,0,0,0,0
4585472,2239,0,13,0,1,0,12,-0.01132,0.0,0.906,2804,0,0,0,0,0,0,0,0,0,0,0,0,0,0,0,0,0,0,0,0,0
4587520,2240,0,10,0,2,0,8,-0.01218,0.0,0.7936,3006,0,0,0,0,0,0,0,0,0,0,0,0,0,0,0,0,0,0,0,0,0
4589568,2241,0,13,0,4,0,9,-0.00916,0.0,0.7918,2937,0,0,0,0,0,0,0,0,0,0,0,0,0,0,0,0,0,0,0,0,0
4591616,2242,0,13,0,2,0,11,-0.01238,0.0,0.849,2955,0,0,0,0,0,0,0,0,0,0,0,0,0,0,0,0,0,0,0,0,0
4593664,2243,0,8,0,0,0,8,-0.00974,0.0,0.8245,3009,0,0,0,0,0,0,0,0,0,0,0,0,0,0,0,0,0,0,0,0,0
4595712,2244,0,14,0,3,0,11,-0.01202,0.0,0.898,3243,0,0,0,0,0,0,0,0,0,0,0,0,0,0,0,0,0,0,0,0,0
4597760,2245,0,12,0,3,0,9,-0.00878,0.0,0.8189,2835,0,0,0,0,0,0,0,0,0,0,0,0,0,0,0,0,0,0,0,0,0
4599808,2246,0,11,0,1,0,10,-0.0105,0.0,0.8067,2849,0,0,0,0,0,0,0,0,0,0,0,0,0,0,0,0,0,0,0,0,0
4601856,2247,0,9,0,0,0,9,-0.0064,0.0,0.8009,2674,0,0,0,0,0,0,0,0,0,0,0,0,0,0,0,0,0,0,0,0,0
4603904,2248,0,11,0,1,0,10,-0.00929,0.0,0.8643,2737,0,0,0,0,0,0,0,0,0,0,0,0,0,0,0,0,0,0,0,0,0
4605952,2249,0,14,0,2,0,12,-0.01217,0.0,0.9399,2968,0,0,0,0,0,0,0,0,0,0,0,0,0,0,0,0,0,0,0,0,0
4608000,2250,0,9,0,1,0,8,-0.00881,0.0,0.8959,3081,0,0,0,0,0,0,0,0,0,0,0,0,0,0,0,0,0,0,0,0,0
4610048,2251,0,13,0,3,0,10,-0.01231,0.0,0.8969,2929,0,0,0,0,0,0,0,0,0,0,0,0,0,0,0,0,0,0,0,0,0
4612096,2252,0,11,0,2,0,9,-0.00791,0.0,0.8681,2964,0,0,0,0,0,0,0,0,0,0,0,0,0,0,0,0,0,0,0,0,0
4614144,2253,0,12,0,2,0,10,-0.01032,0.0,0.8285,2918,0,0,0,0,0,0,0,0,0,0,0,0,0,0,0,0,0,0,0,0,0
4616192,2254,0,12,0,1,0,11,-0.00927,0.0,0.8757,3157,0,0,0,0,0,0,0,0,0,0,0,0,0,0,0,0,0,0,0,0,0
4618240,2255,0,9,0,0,0,9,-0.0094,0.0,0.911,3091,0,0,0,0,0,0,0,0,0,0,0,0,0,0,0,0,0,0,0,0,0
4620288,2256,0,12,0,1,0,11,-0.00929,0.0,0.901,2858,0,0,0,0,0,0,0,0,0,0,0,0,0,0,0,0,0,0,0,0,0
4622336,2257,0,10,0,2,0,8,-0.00993,0.0,0.9415,3028,0,0,0,0,0,0,0,0,0,0,0,0,0,0,0,0,0,0,0,0,0
4624384,2258,0,15,0,4,1,10,-0.01063,0.0,0.8955,2927,0,0,0,0,0,0,0,0,0,0,0,0,0,0,0,0,0,0,0,0,0
4626432,2259,0,9,0,2,0,7,-0.0072,0.0,0.8314,3058,0,0,0,0,0,0,0,0,0,0,0,0,0,0,0,0,0,0,0,0,0
4628480,2260,0,12,0,1,0,11,-0.01035,0.0,0.8291,2924,0,0,0,0,0,0,0,0,0,0,0,0,0,0,0,0,0,0,0,0,0
4630528,2261,0,9,0,0,0,9,-0.00789,0.0,0.9255,3127,0,0,0,0,0,0,0,0,0,0,0,0,0,0,0,0,0,0,0,0,0
4632576,2262,0,12,0,2,0,10,-0.00739,0.0,0.9069,2903,0,0,0,0,0,0,0,0,0,0,0,0,0,0,0,0,0,0,0,0,0
4634624,2263,0,15,0,3,0,12,-0.00704,0.0,0.9375,3154,0,0,0,0,0,0,0,0,0,0,0,0,0,0,0,0,0,0,0,0,0
4636672,2264,0,9,0,1,0,8,-0.01078,0.0,1.0024,3198,0,0,0,0,0,0,0,0,0,0,0,0,0,0,0,0,0,0,0,0,0
4638720,2265,0,11,0,2,0,9,-0.01621,0.0,1.0288,3063,0,0,0,0,0,0,0,0,0,0,0,0,0,0,0,0,0,0,0,0,0
4640768,2266,0,15,0,3,0,12,-0.00861,0.0,0.9859,2925,0,0,0,0,0,0,0,0,0,0,0,0,0,0,0,0,0,0,0,0,0
4642816,2267,0,9,0,0,0,9,-0.0073,0.0,0.9173,2819,0,0,0,0,0,0,0,0,0,0,0,0,0,0,0,0,0,0,0,0,0
4644864,2268,0,11,0,0,0,11,-0.00851,0.0,0.942,3099,0,0,0,0,0,0,0,0,0,0,0,0,0,0,0,0,0,0,0,0,0
4646912,2269,0,13,0,1,0,12,-0.00916,0.0,1.0084,3279,0,0,0,0,0,0,0,0,0,0,0,0,0,0,0,0,0,0,0,0,0
4648960,2270,0,9,0,1,0,8,-0.00943,0.0,0.976,2814,0,0,0,0,0,0,0,0,0,0,0,0,0,0,0,0,0,0,0,0,0
4651008,2271,0,11,1,1,0,9,-0.00369,0.00015,0.8977,2923,0,0,0,0,0,0,0,0,0,0,0,0,0,0,0,0,0,0,0,0,0
4653056,2272,0,16,0,5,0,11,-0.0105,3e-05,0.9387,3305,0,0,0,0,0,0,0,0,0,0,0,0,0,0,0,0,0,0,0,0,0
4655104,2273,0,12,0,4,0,8,-0.01159,1e-05,0.9493,2879,0,0,0,0,0,0,0,0,0,0,0,0,0,0,0,0,0,0,0,0,0
4657152,2274,0,10,0,3,0,7,-0.00926,0.0,0.9432,2858,0,0,0,0,0,0,0,0,0,0,0,0,0,0,0,0,0,0,0,0,0
4659200,2275,0,12,0,2,0,10,-0.00896,0.0,0.8754,3042,0,0,0,0,0,0,0,0,0,0,0,0,0,0,0,0,0,0,0,0,0
4661248,2276,0,12,0,1,0,11,-0.00852,0.0,0.8589,3041,0,0,0,0,0,0,0,0,0,0,0,0,0,0,0,0,0,0,0,0,0
4663296,2277,0,10,0,1,0,9,-0.0069,1e-05,0.9188,2995,0,0,0,0,0,0,0,0,0,0,0,0,0,0,0,0,0,0,0,0,0
4665344,2278,0,13,0,2,0,11,-0.00752,0.0,0.9211,2963,0,0,0,0,0,0,0,0,0,0,0,0,0,0,0,0,0,0,0,0,0
4667392,2279,0,12,0,4,0,8,-0.0109,0.0,0.9943,2734,0,0,0,0,0,0,0,0,0,0,0,0,0,0,0,0,0,0,0,0,0
4669440,2280,0,13,0,1,0,12,-0.00899,0.0,0.9701,2947,0,0,0,0,0,0,0,0,0,0,0,0,0,0,0,0,0,0,0,0,0
4671488,2281,0,15,0,5,0,10,-0.00902,0.0,0.9291,2926,0,0,0,0,0,0,0,0,0,0,0,0,0,0,0,0,0,0,0,0,0
4673536,2282,0,11,0,4,0,7,-0.00996,0.0,0.9432,2947,0,0,0,0,0,0,0,0,0,0,0,0,0,0,0,0,0,0,0,0,0
4675584,2283,0,9,0,0,0,9,-0.00984,0.0,0.9885,3200,0,0,0,0,0,0,0,0,0,0,0,0,0,0,0,0,0,0,0,0,0
4677632,2284,0,13,0,1,0,12,-0.01106,0.0,0.8651,3283,0,0,0,0,0,0,0,0,0,0,0,0,0,0,0,0,0,0,0,0,0
4679680,2285,0,11,0,1,0,10,-0.00929,0.0,0.9849,3022,0,0,0,0,0,0,0,0,0,0,0,0,0,0,0,0,0,0,0,0,0
4681728,2286,0,11,0,3,0,8,-0.01034,0.0,0.9887,3055,0,0,0,0,0,0,0,0,0,0,0,0,0,0,0,0,0,0,0,0,0
4683776,2287,0,17,0,6,0,11,-0.01073,0.0,0.9677,3030,0,0,0,0,0,0,0,0,0,0,0,0,0,0,0,0,0,0,0,0,0
4685824,2288,0,11,0,0,0,11,-0.01129,0.0,0.972,3104,0,0,0,0,0,0,0,0,0,0,0,0,0,0,0,0,0,0,0,0,0
4687872,2289,0,10,0,2,0,8,-0.01162,0.0,1.0538,2771,0,0,0,0,0,0,0,0,0,0,0,0,0,0,0,0,0,0,0,0,0
4689920,2290,0,12,0,1,0,11,-0.01159,0.0,0.9787,2896,0,0,0,0,0,0,0,0,0,0,0,0,0,0,0,0,0,0,0,0,0
4691968,2291,0,12,0,2,0,10,-0.00847,0.0,0.9571,2864,0,0,0,0,0,0,0,0,0,0,0,0,0,0,0,0,0,0,0,0,0
4694016,2292,0,12,0,2,0,10,-0.00932,0.0,0.885,3007,0,0,0,0,0,0,0,0,0,0,0,0,0,0,0,0,0,0,0,0,0
4696064,2293,0,9,0,0,0,9,-0.00837,0.0,0.8832,3188,0,0,0,0,0,0,0,0,0,0,0,0,0,0,0,0,0,0,0,0,0
4698112,2294,0,11,0,0,0,11,-0.00975,0.0,0.9525,3096,0,0,0,0,0,0,0,0,0,0,0,0,0,0,0,0,0,0,0,0,0
4700160,2295,0,12,0,0,0,12,-0.00974,0.0,0.9879,2799,0,0,0,0,0,0,0,0,0,0,0,0,0,0,0,0,0,0,0,0,0
4702208,2296,0,11,0,2,0,9,-0.01164,0.0,0.9049,2882,0,0,0,0,0,0,0,0,0,0,0,0,0,0,0,0,0,0,0,0,0
4704256,2297,0,11,0,2,0,9,-0.01079,0.0,0.8852,3070,0,0,0,0,0,0,0,0,0,0,0,0,0,0,0,0,0,0,0,0,0
4706304,2298,0,18,0,5,0,13,-0.00886,0.0,0.8322,3213,0,0,0,0,0,0,0,0,0,0,0,0,0,0,0,0,0,0,0,0,0
4708352,2299,0,7,0,0,0,7,-0.01149,0.0,0.8912,3213,0,0,0,0,0,0,0,0,0,0,0,0,0,0,0,0,0,0,0,0,0
4710400,2300,0,14,0,2,0,12,-0.00908,0.0,0.9056,2874,0,0,0,0,0,0,0,0,0,0,0,0,0,0,0,0,0,0,0,0,0
4712448,2301,0,12,0,2,0,10,-0.01138,0.0,0.9227,3010,0,0,0,0,0,0,0,0,0,0,0,0,0,0,0,0,0,0,0,0,0
4714496,2302,0,9,0,0,0,9,-0.01135,0.0,0.8227,3119,0,0,0,0,0,0,0,0,0,0,0,0,0,0,0,0,0,0,0,0,0
4716544,2303,0,13,0,2,0,11,-0.00931,0.0,0.82,3063,0,0,0,0,0,0,0,0,0,0,0,0,0,0,0,0,0,0,0,0,0
4718592,2304,0,11,0,1,0,10,-0.00814,0.0,0.8176,2859,0,0,0,0,0,0,0,0,0,0,0,0,0,0,0,0,0,0,0,0,0
4720640,2305,0,10,0,1,0,9,-0.00992,0.0,0.8708,2915,0,0,0,0,0,0,0,0,0,0,0,0,0,0,0,0,0,0,0,0,0
4722688,2306,0,12,0,3,0,9,-0.00737,3e-05,0.8092,2985,0,0,0,0,0,0,0,0,0,0,0,0,0,0,0,0,0,0,0,0,0
4724736,2307,0,11,0,0,0,11,-0.00882,1e-05,0.754,2705,0,0,0,0,0,0,0,0,0,0,0,0,0,0,0,0,0,0,0,0,0
4726784,2308,0,12,0,1,0,11,-0.00532,4e-05,0.8443,2707,0,0,0,0,0,0,0,0,0,0,0,0,0,0,0,0,0,0,0,0,0
4728832,2309,0,9,0,0,0,9,-0.00913,3e-05,0.8561,2649,0,0,0,0,0,0,0,0,0,0,0,0,0,0,0,0,0,0,0,0,0
4730880,2310,0,12,0,0,0,12,-0.00821,2e-05,0.823,2873,0,0,0,0,0,0,0,0,0,0,0,0,0,0,0,0,0,0,0,0,0
4732928,2311,0,11,0,0,0,11,-0.0089,2e-05,0.8275,2835,0,0,0,0,0,0,0,0,0,0,0,0,0,0,0,0,0,0,0,0,0
4734976,2312,0,9,0,0,0,9,-0.00548,1e-05,0.7849,2652,0,0,0,0,0,0,0,0,0,0,0,0,0,0,0,0,0,0,0,0,0
4737024,2313,0,12,0,1,0,11,-0.01203,1e-05,0.7887,2758,0,0,0,0,0,0,0,0,0,0,0,0,0,0,0,0,0,0,0,0,0
4739072,2314,0,12,0,2,0,10,-0.01062,0.0,0.8631,2664,0,0,0,0,0,0,0,0,0,0,0,0,0,0,0,0,0,0,0,0,0
4741120,2315,0,10,0,0,0,10,-0.01158,0.0,0.8347,2875,0,0,0,0,0,0,0,0,0,0,0,0,0,0,0,0,0,0,0,0,0
4743168,2316,0,10,0,1,0,9,-0.01237,0.0,0.8417,2975,0,0,0,0,0,0,0,0,0,0,0,0,0,0,0,0,0,0,0,0,0
4745216,2317,0,15,0,3,0,12,-0.01078,0.0,0.8659,2819,0,0,0,0,0,0,0,0,0,0,0,0,0,0,0,0,0,0,0,0,0
4747264,2318,0,7,0,0,0,7,-0.00942,0.0,0.8419,2995,0,0,0,0,0,0,0,0,0,0,0,0,0,0,0,0,0,0,0,0,0
4749312,2319,0,13,0,1,0,12,-0.00819,0.0,0.7843,2846,0,0,0,0,0,0,0,0,0,0,0,0,0,0,0,0,0,0,0,0,0
4751360,2320,0,15,0,4,0,11,-0.00975,0.0,0.744,3044,0,0,0,0,0,0,0,0,0,0,0,0,0,0,0,0,0,0,0,0,0
4753408,2321,0,8,0,0,0,8,-0.01052,0.0,0.8668,2867,0,0,0,0,0,0,0,0,0,0,0,0,0,0,0,0,0,0,0,0,0
4755456,2322,0,11,0,0,0,11,-0.01332,0.0,0.8928,2837,0,0,0,0,0,0,0,0,0,0,0,0,0,0,0,0,0,0,0,0,0
4757504,2323,0,13,0,0,0,13,-0.01133,0.0,0.973,2854,0,0,0,0,0,0,0,0,0,0,0,0,0,0,0,0,0,0,0,0,0
4759552,2324,0,10,0,2,0,8,-0.00699,0.0,0.8382,2713,0,0,0,0,0,0,0,0,0,0,0,0,0,0,0,0,0,0,0,0,0
4761600,2325,0,12,0,2,0,10,-0.00636,0.0,0.826,2775,0,0,0,0,0,0,0,0,0,0,0,0,0,0,0,0,0,0,0,0,0
4763648,2326,0,11,0,0,0,11,-0.00473,0.0,0.7916,2880,0,0,0,0,0,0,0,0,0,0,0,0,0,0,0,0,0,0,0,0,0
4765696,2327,0,13,0,4,0,9,-0.0091,0.0,0.9044,2816,0,0,0,0,0,0,0,0,0,0,0,0,0,0,0,0,0,0,0,0,0
4767744,2328,0,10,0,0,0,10,-0.00783,0.0,0.8546,3030,0,0,0,0,0,0,0,0,0,0,0,0,0,0,0,0,0,0,0,0,0
4769792,2329,0,12,0,1,0,11,-0.01095,0.0,0.8369,3005,0,0,0,0,0,0,0,0,0,0,0,0,0,0,0,0,0,0,0,0,0
4771840,2330,0,13,0,4,0,9,-0.01035,0.0,0.8005,2858,0,0,0,0,0,0,0,0,0,0,0,0,0,0,0,0,0,0,0,0,0
4773888,2331,0,12,0,2,0,10,-0.00937,0.0,0.7726,2884,0,0,0,0,0,0,0,0,0,0,0,0,0,0,0,0,0,0,0,0,0
4775936,2332,0,12,0,3,0,9,-0.01051,0.0,0.835,2794,0,0,0,0,0,0,0,0,0,0,0,0,0,0,0,0,0,0,0,0,0
4777984,2333,0,11,0,0,0,11,-0.0083,0.0,0.8665,2972,0,0,0,0,0,0,0,0,0,0,0,0,0,0,0,0,0,0,0,0,0
4780032,2334,0,11,0,1,0,10,-0.00974,0.0,0.8012,2983,0,0,0,0,0,0,0,0,0,0,0,0,0,0,0,0,0,0,0,0,0
4782080,2335,0,11,0,1,0,10,-0.01166,0.0,0.778,2758,0,0,0,0,0,0,0,0,0,0,0,0,0,0,0,0,0,0,0,0,0
4784128,2336,0,11,0,0,0,11,-0.00974,0.0,0.7467,2737,0,0,0,0,0,0,0,0,0,0,0,0,0,0,0,0,0,0,0,0,0
4786176,2337,0,12,0,3,0,9,-0.00949,0.0,0.8317,2838,0,0,0,0,0,0,0,0,0,0,0,0,0,0,0,0,0,0,0,0,0
4788224,2338,0,11,0,0,0,11,-0.00998,0.0,0.8345,2989,0,0,0,0,0,0,0,0,0,0,0,0,0,0,0,0,0,0,0,0,0
4790272,2339,0,14,0,6,0,8,-0.01026,0.0,0.8004,3006,0,0,0,0,0,0,0,0,0,0,0,0,0,0,0,0,0,0,0,0,0
4792320,2340,0,14,0,2,0,12,-0.00972,0.0,0.7826,2943,0,0,0,0,0,0,0,0,0,0,0,0,0,0,0,0,0,0,0,0,0
4794368,2341,0,11,0,2,0,9,-0.01009,0.0,0.8062,3059,0,0,0,0,0,0,0,0,0,0,0,0,0,0,0,0,0,0,0,0,0
4796416,2342,0,11,0,1,0,10,-0.00961,0.0,0.8323,3094,0,0,0,0,0,0,0,0,0,0,0,0,0,0,0,0,0,0,0,0,0
4798464,2343,0,13,0,2,0,11,-0.00957,0.0,0.7783,2973,0,0,0,0,0,0,0,0,0,0,0,0,0,0,0,0,0,0,0,0,0
4800512,2344,0,12,0,1,0,11,-0.00881,0.0,0.7759,2875,0,0,0,0,0,0,0,0,0,0,0,0,0,0,0,0,0,0,0,0,0
4802560,2345,0,9,0,0,0,9,-0.00893,0.0,0.8137,2809,0,0,0,0,0,0,0,0,0,0,0,0,0,0,0,0,0,0,0,0,0
4804608,2346,0,12,0,1,0,11,-0.01592,0.0,0.8429,2891,0,0,0,0,0,0,0,0,0,0,0,0,0,0,0,0,0,0,0,0,0
4806656,2347,0,13,0,2,0,11,-0.0073,0.0,0.8234,2798,0,0,0,0,0,0,0,0,0,0,0,0,0,0,0,0,0,0,0,0,0
4808704,2348,0,10,0,0,0,10,-0.0098,0.0,0.7829,2768,0,0,0,0,0,0,0,0,0,0,0,0,0,0,0,0,0,0,0,0,0
4810752,2349,0,11,0,1,0,10,-0.01028,0.0,0.7793,3054,0,0,0,0,0,0,0,0,0,0,0,0,0,0,0,0,0,0,0,0,0
4812800,2350,0,11,0,2,0,9,-0.01053,0.0,0.8115,3047,0,0,0,0,0,0,0,0,0,0,0,0,0,0,0,0,0,0,0,0,0
4814848,2351,0,12,0,0,0,12,-0.00969,0.0,0.8584,2855,0,0,0,0,0,0,0,0,0,0,0,0,0,0,0,0,0,0,0,0,0
4816896,2352,0,10,0,1,0,9,-0.00834,0.0,0.8056,2972,0,0,0,0,0,0,0,0,0,0,0,0,0,0,0,0,0,0,0,0,0
4818944,2353,0,12,0,1,0,11,-0.00963,0.0,0.7558,2926,0,0,0,0,0,0,0,0,0,0,0,0,0,0,0,0,0,0,0,0,0
4820992,2354,0,11,0,0,0,11,-0.00735,0.0,0.7853,2918,0,0,0,0,0,0,0,0,0,0,0,0,0,0,0,0,0,0,0,0,0
4823040,2355,0,11,0,2,0,9,-0.01038,0.0,0.8027,2799,0,0,0,0,0,0,0,0,0,0,0,0,0,0,0,0,0,0,0,0,0
4825088,2356,0,12,0,3,0,9,-0.00993,0.0,0.8481,2951,0,0,0,0,0,0,0,0,0,0,0,0,0,0,0,0,0,0,0,0,0
4827136,2357,0,14,0,2,0,12,-0.00957,0.0,0.8959,3081,0,0,0,0,0,0,0,0,0,0,0,0,0,0,0,0,0,0,0,0,0
4829184,2358,0,9,0,0,0,9,-0.00895,0.0,0.8879,3105,0,0,0,0,0,0,0,0,0,0,0,0,0,0,0,0,0,0,0,0,0
4831232,2359,0,10,0,1,0,9,-0.01126,0.0,0.8669,2995,0,0,0,0,0,0,0,0,0,0,0,0,0,0,0,0,0,0,0,0,0
4833280,2360,0,13,0,0,0,13,-0.01107,0.0,0.8383,3004,0,0,0,0,0,0,0,0,0,0,0,0,0,0,0,0,0,0,0,0,0
4835328,2361,0,11,0,3,0,8,-0.01194,0.0,0.8926,3060,0,0,0,0,0,0,0,0,0,0,0,0,0,0,0,0,0,0,0,0,0
4837376,2362,0,13,0,2,0,11,-0.0115,0.0,0.8765,2766,0,0,0,0,0,0,0,0,0,0,0,0,0,0,0,0,0,0,0,0,0
4839424,2363,0,9,0,2,0,7,-0.01221,0.0,0.9039,2908,0,0,0,0,0,0,0,0,0,0,0,0,0,0,0,0,0,0,0,0,0
4841472,2364,0,14,0,2,1,11,-0.01033,0.0,0.9002,2747,0,0,0,0,0,0,0,0,0,0,0,0,0,0,0,0,0,0,0,0,0
4843520,2365,0,9,0,2,0,7,-0.01098,0.0,0.837,2482,0,0,0,0,0,0,0,0,0,0,0,0,0,0,0,0,0,0,0,0,0
4845568,2366,0,11,0,2,0,9,-0.00859,0.0,0.9142,2647,0,0,0,0,0,0,0,0,0,0,0,0,0,0,0,0,0,0,0,0,0
4847616,2367,0,17,0,1,0,16,-0.01068,0.0,0.9022,2743,0,0,0,0,0,0,0,0,0,0,0,0,0,0,0,0,0,0,0,0,0
4849664,2368,0,13,0,6,0,7,-0.00793,0.0,0.8643,3073,0,0,0,0,0,0,0,0,0,0,0,0,0,0,0,0,0,0,0,0,0
4851712,2369,0,8,0,2,0,6,-0.0102,0.0,0.8242,2920,0,0,0,0,0,0,0,0,0,0,0,0,0,0,0,0,0,0,0,0,0
4853760,2370,0,14,0,1,1,12,-0.00878,0.0,0.8687,2929,0,0,0,0,0,0,0,0,0,0,0,0,0,0,0,0,0,0,0,0,0
4855808,2371,0,13,0,2,0,11,-0.0075,0.0,0.8899,2839,0,0,0,0,0,0,0,0,0,0,0,0,0,0,0,0,0,0,0,0,0
4857856,2372,0,11,0,4,0,7,-0.01098,0.0,0.8763,2712,0,0,0,0,0,0,0,0,0,0,0,0,0,0,0,0,0,0,0,0,0
4859904,2373,0,17,0,4,0,13,-0.0092,0.0,0.9107,2806,0,0,0,0,0,0,0,0,0,0,0,0,0,0,0,0,0,0,0,0,0
4861952,2374,0,10,0,0,0,10,-0.01214,0.0,0.8748,2867,0,0,0,0,0,0,0,0,0,0,0,0,0,0,0,0,0,0,0,0,0
4864000,2375,0,9,0,3,0,6,-0.01236,0.0,0.8287,2743,0,0,0,0,0,0,0,0,0,0,0,0,0,0,0,0,0,0,0,0,0
4866048,2376,0,18,0,4,0,14,-0.01,0.0,0.837,2821,0,0,0,0,0,0,0,0,0,0,0,0,0,0,0,0,0,0,0,0,0
4868096,2377,0,10,0,2,0,8,-0.01157,0.0,0.842,2877,0,0,0,0,0,0,0,0,0,0,0,0,0,0,0,0,0,0,0,0,0
4870144,2378,0,9,0,1,0,8,-0.01233,0.0,0.8523,2909,0,0,0,0,0,0,0,0,0,0,0,0,0,0,0,0,0,0,0,0,0
4872192,2379,0,15,0,2,0,13,-0.01057,0.0,0.8432,2897,0,0,0,0,0,0,0,0,0,0,0,0,0,0,0,0,0,0,0,0,0
4874240,2380,0,10,0,0,0,10,-0.01033,0.0,0.8344,2784,0,0,0,0,0,0,0,0,0,0,0,0,0,0,0,0,0,0,0,0,0
4876288,2381,0,8,0,0,0,8,-0.00755,0.0,0.8257,2804,0,0,0,0,0,0,0,0,0,0,0,0,0,0,0,0,0,0,0,0,0
4878336,2382,0,15,0,1,0,14,-0.00983,0.0,0.8606,2747,0,0,0,0,0,0,0,0,0,0,0,0,0,0,0,0,0,0,0,0,0
4880384,2383,0,8,0,0,0,8,-0.00913,0.0,0.8228,2921,0,0,0,0,0,0,0,0,0,0,0,0,0,0,0,0,0,0,0,0,0
4882432,2384,0,11,0,3,0,8,-0.00799,0.0,0.7872,2823,0,0,0,0,0,0,0,0,0,0,0,0,0,0,0,0,0,0,0,0,0
4884480,2385,0,13,0,2,0,11,-0.00988,0.0,0.9024,3012,0,0,0,0,0,0,0,0,0,0,0,0,0,0,0,0,0,0,0,0,0
4886528,2386,0,14,0,4,0,10,-0.01111,0.0,0.843,2843,0,0,0,0,0,0,0,0,0,0,0,0,0,0,0,0,0,0,0,0,0
4888576,2387,0,10,0,4,0,6,-0.01161,0.0,0.8444,3029,0,0,0,0,0,0,0,0,0,0,0,0,0,0,0,0,0,0,0,0,0
4890624,2388,0,11,0,0,0,11,-0.0111,0.0,0.8294,2985,0,0,0,0,0,0,0,0,0,0,0,0,0,0,0,0,0,0,0,0,0
4892672,2389,0,16,0,5,0,11,-0.01175,0.0,0.8075,2956,0,0,0,0,0,0,0,0,0,0,0,0,0,0,0,0,0,0,0,0,0
4894720,2390,0,9,0,0,0,9,-0.01068,0.0,0.77,2934,0,0,0,0,0,0,0,0,0,0,0,0,0,0,0,0,0,0,0,0,0
4896768,2391,0,9,0,0,0,9,-0.00941,0.0,0.7713,3030,0,0,0,0,0,0,0,0,0,0,0,0,0,0,0,0,0,0,0,0,0
4898816,2392,0,13,0,3,0,10,-0.00948,2e-05,0.7878,2831,0,0,0,0,0,0,0,0,0,0,0,0,0,0,0,0,0,0,0,0,0
4900864,2393,0,14,0,2,0,12,-0.00874,0.0,0.8199,2948,0,0,0,0,0,0,0,0,0,0,0,0,0,0,0,0,0,0,0,0,0
4902912,2394,0,9,0,1,0,8,-0.00896,0.0,0.8179,2899,0,0,0,0,0,0,0,0,0,0,0,0,0,0,0,0,0,0,0,0,0
4904960,2395,0,11,0,2,0,9,-0.00822,0.0,0.8005,2670,0,0,0,0,0,0,0,0,0,0,0,0,0,0,0,0,0,0,0,0,0
4907008,2396,0,14,0,1,0,13,-0.00882,0.0,0.8561,2754,0,0,0,0,0,0,0,0,0,0,0,0,0,0,0,0,0,0,0,0,0
4909056,2397,0,8,0,0,0,8,-0.01008,0.0,0.8878,2898,0,0,0,0,0,0,0,0,0,0,0,0,0,0,0,0,0,0,0,0,0
4911104,2398,0,13,0,2,0,11,-0.01036,0.0,0.836,2904,0,0,0,0,0,0,0,0,0,0,0,0,0,0,0,0,0,0,0,0,0
4913152,2399,0,16,0,5,0,11,-0.00821,0.0,0.9055,3016,0,0,0,0,0,0,0,0,0,0,0,0,0,0,0,0,0,0,0,0,0
4915200,2400,0,10,0,1,0,9,-0.01006,0.0,0.9474,2768,0,0,0,0,0,0,0,0,0,0,0,0,0,0,0,0,0,0,0,0,0
4917248,2401,0,13,0,3,0,10,-0.01113,0.0,0.9092,2778,0,0,0,0,0,0,0,0,0,0,0,0,0,0,0,0,0,0,0,0,0
4919296,2402,0,10,0,1,0,9,-0.00933,0.0,0.8775,2985,0,0,0,0,0,0,0,0,0,0,0,0,0,0,0,0,0,0,0,0,0
4921344,2403,0,16,0,5,0,11,-0.01138,0.0,0.9115,2734,0,0,0,0,0,0,0,0,0,0,0,0,0,0,0,0,0,0,0,0,0
4923392,2404,0,14,0,4,0,10,-0.01023,0.0,0.9648,2784,0,0,0,0,0,0,0,0,0,0,0,0,0,0,0,0,0,0,0,0,0
4925440,2405,0,9,0,0,0,9,-0.01314,0.0,1.0046,2954,0,0,0,0,0,0,0,0,0,0,0,0,0,0,0,0,0,0,0,0,0
4927488,2406,0,16,0,4,0,12,-0.0128,0.0,0.8897,2707,0,0,0,0,0,0,0,0,0,0,0,0,0,0,0,0,0,0,0,0,0
4929536,2407,0,11,0,2,0,9,-0.01025,0.0,0.8739,2896,0,0,0,0,0,0,0,0,0,0,0,0,0,0,0,0,0,0,0,0,0
4931584,2408,0,11,0,2,0,9,-0.00906,0.0,0.8181,2762,0,0,0,0,0,0,0,0,0,0,0,0,0,0,0,0,0,0,0,0,0
4933632,2409,0,15,0,3,0,12,-0.00869,0.0,0.8034,3023,0,0,0,0,0,0,0,0,0,0,0,0,0,0,0,0,0,0,0,0,0
4935680,2410,0,9,0,0,0,9,-0.01085,0.0,0.8829,3193,0,0,0,0,0,0,0,0,0,0,0,0,0,0,0,0,0,0,0,0,0
4937728,2411,0,11,0,1,0,10,-0.00762,0.0,0.8511,3070,0,0,0,0,0,0,0,0,0,0,0,0,0,0,0,0,0,0,0,0,0
4939776,2412,0,11,0,1,0,10,-0.00825,0.0,0.8765,3004,0,0,0,0,0,0,0,0,0,0,0,0,0,0,0,0,0,0,0,0,0
4941824,2413,0,10,0,1,0,9,-0.0099,0.0,0.8702,2905,0,0,0,0,0,0,0,0,0,0,0,0,0,0,0,0,0,0,0,0,0
4943872,2414,0,17,0,7,0,10,-0.0094,0.0,0.8898,2812,0,0,0,0,0,0,0,0,0,0,0,0,0,0,0,0,0,0,0,0,0
4945920,2415,0,12,0,2,0,10,-0.00985,0.0,0.8669,2833,0,0,0,0,0,0,0,0,0,0,0,0,0,0,0,0,0,0,0,0,0
4947968,2416,0,9,0,1,0,8,-0.00917,0.0,0.8419,2892,0,0,0,0,0,0,0,0,0,0,0,0,0,0,0,0,0,0,0,0,0
4950016,2417,0,13,0,1,0,12,-0.01284,0.0,0.8624,2888,0,0,0,0,0,0,0,0,0,0,0,0,0,0,0,0,0,0,0,0,0
4952064,2418,0,10,0,0,0,10,-0.01241,0.0,0.8943,2970,0,0,0,0,0,0,0,0,0,0,0,0,0,0,0,0,0,0,0,0,0
4954112,2419,0,11,0,3,0,8,-0.01142,0.0,0.8814,2877,0,0,0,0,0,0,0,0,0,0,0,0,0,0,0,0,0,0,0,0,0
4956160,2420,0,14,0,1,0,13,-0.01034,0.0,0.8897,2893,0,0,0,0,0,0,0,0,0,0,0,0,0,0,0,0,0,0,0,0,0
4958208,2421,0,8,0,0,0,8,-0.01072,0.0,0.8241,2947,0,0,0,0,0,0,0,0,0,0,0,0,0,0,0,0,0,0,0,0,0
4960256,2422,0,15,0,4,0,11,-0.01232,0.0,0.8723,2916,0,0,0,0,0,0,0,0,0,0,0,0,0,0,0,0,0,0,0,0,0
4962304,2423,0,12,0,2,0,10,-0.01116,0.0,0.8671,2760,0,0,0,0,0,0,0,0,0,0,0,0,0,0,0,0,0,0,0,0,0
4964352,2424,0,9,0,0,0,9,-0.00932,0.0,0.8597,2752,0,0,0,0,0,0,0,0,0,0,0,0,0,0,0,0,0,0,0,0,0
4966400,2425,0,16,0,4,0,12,-0.01172,0.0,0.8478,2814,0,0,0,0,0,0,0,0,0,0,0,0,0,0,0,0,0,0,0,0,0
4968448,2426,0,11,0,2,0,9,-0.0109,0.0,0.7618,2657,0,0,0,0,0,0,0,0,0,0,0,0,0,0,0,0,0,0,0,0,0
4970496,2427,0,10,0,0,0,10,-0.01022,0.0,0.8444,2818,0,0,0,0,0,0,0,0,0,0,0,0,0,0,0,0,0,0,0,0,0
4972544,2428,0,17,0,4,0,13,-0.0116,0.0,0.8427,2712,0,0,0,0,0,0,0,0,0,0,0,0,0,0,0,0,0,0,0,0,0
4974592,2429,0,7,0,1,0,6,-0.00852,0.0,0.8838,2913,0,0,0,0,0,0,0,0,0,0,0,0,0,0,0,0,0,0,0,0,0
4976640,2430,0,13,0,2,0,11,-0.00959,0.0,0.8859,2931,0,0,0,0,0,0,0,0,0,0,0,0,0,0,0,0,0,0,0,0,0
4978688,2431,0,16,0,4,0,12,-0.00987,0.0,0.8709,2691,0,0,0,0,0,0,0,0,0,0,0,0,0,0,0,0,0,0,0,0,0
4980736,2432,0,8,0,2,0,6,-0.00965,0.0,0.8876,2980,0,0,0,0,0,0,0,0,0,0,0,0,0,0,0,0,0,0,0,0,0
4982784,2433,0,12,0,3,0,9,-0.01044,4e-05,0.8338,2982,0,0,0,0,0,0,0,0,0,0,0,0,0,0,0,0,0,0,0,0,0
4984832,2434,0,14,0,2,0,12,-0.00906,2e-05,0.8539,2867,0,0,0,0,0,0,0,0,0,0,0,0,0,0,0,0,0,0,0,0,0
4986880,2435,0,11,0,1,0,10,-0.01085,0.0,0.9017,3061,0,0,0,0,0,0,0,0,0,0,0,0,0,0,0,0,0,0,0,0,0
4988928,2436,0,10,0,3,0,7,-0.01194,1e-05,0.9071,3027,0,0,0,0,0,0,0,0,0,0,0,0,0,0,0,0,0,0,0,0,0
4990976,2437,0,13,0,3,0,10,-0.00993,0.0,0.8716,2835,0,0,0,0,0,0,0,0,0,0,0,0,0,0,0,0,0,0,0,0,0
4993024,2438,0,15,0,5,0,10,-0.00973,0.0,0.8665,3086,0,0,0,0,0,0,0,0,0,0,0,0,0,0,0,0,0,0,0,0,0
4995072,2439,0,11,0,3,0,8,-0.01186,0.0,0.8641,3163,0,0,0,0,0,0,0,0,0,0,0,0,0,0,0,0,0,0,0,0,0
4997120,2440,0,15,0,5,0,10,-0.01001,0.0,0.918,2436,0,0,0,0,0,0,0,0,0,0,0,0,0,0,0,0,0,0,0,0,0
4999168,2441,0,13,0,4,0,9,-0.01056,0.0,0.9294,2978,0,0,0,0,0,0,0,0,0,0,0,0,0,0,0,0,0,0,0,0,0
5001216,2442,0,9,0,2,0,7,-0.01406,0.0,1.0032,2943,0,0,0,0,0,0,0,0,0,0,0,0,0,0,0,0,0,0,0,0,0
