global_step,update,phase,episodes,success,lava,ball,timeout,pg_loss,v_loss,entropy,sps,sub_navigate_n,sub_navigate_success,sub_hazard_n,sub_hazard_success,sub_key_door_n,sub_key_door_success,choose_navigate,choose_hazard,choose_key_door,success_under_navigate,lava_under_navigate,ball_under_navigate,timeout_under_navigate,success_under_hazard,lava_under_hazard,ball_under_hazard,timeout_under_hazard,success_under_key_door,lava_under_key_door,ball_under_key_door,timeout_under_key_door
2048,1,1,0,0,0,0,0,-0.00048,0.00015,1.9459,2815,0,0,2,0,0,0,0,0,0,0,0,0,0,0,0,0,0,0,0,0,0
4096,2,1,0,0,0,0,0,-0.00098,0.00156,1.9453,2893,5,0,7,0,5,1,0,0,0,0,0,0,0,0,0,0,0,0,0,0,0
6144,3,1,0,0,0,0,0,-0.0001,0.00024,1.9427,2490,0,0,4,0,1,1,0,0,0,0,0,0,0,0,0,0,0,0,0,0,0
8192,4,1,0,0,0,0,0,-0.0002,0.00011,1.9449,3096,4,0,3,0,5,0,0,0,0,0,0,0,0,0,0,0,0,0,0,0,0
10240,5,1,0,0,0,0,0,-0.00031,9e-05,1.9456,2645,6,0,6,1,3,0,0,0,0,0,0,0,0,0,0,0,0,0,0,0,0
12288,6,1,0,0,0,0,0,-8e-05,9e-05,1.9458,2882,1,0,2,0,1,0,0,0,0,0,0,0,0,0,0,0,0,0,0,0,0
14336,7,1,0,0,0,0,0,-6e-05,0.00027,1.9458,2625,4,0,3,0,6,0,0,0,0,0,0,0,0,0,0,0,0,0,0,0,0
16384,8,1,0,0,0,0,0,-2e-05,0.00026,1.9458,2632,7,1,4,0,4,0,0,0,0,0,0,0,0,0,0,0,0,0,0,0,0
18432,9,1,0,0,0,0,0,-5e-05,0.00016,1.9458,3224,1,0,1,0,2,0,0,0,0,0,0,0,0,0,0,0,0,0,0,0,0
20480,10,1,0,0,0,0,0,-0.0001,0.00023,1.9458,3212,3,0,5,0,5,0,0,0,0,0,0,0,0,0,0,0,0,0,0,0,0
22528,11,1,0,0,0,0,0,-0.00042,0.00061,1.9456,3202,7,1,3,0,5,0,0,0,0,0,0,0,0,0,0,0,0,0,0,0,0
24576,12,1,0,0,0,0,0,-0.0004,5e-05,1.9447,2912,3,0,1,0,1,0,0,0,0,0,0,0,0,0,0,0,0,0,0,0,0
26624,13,1,0,0,0,0,0,-2e-05,0.00017,1.9442,3094,2,0,5,0,6,0,0,0,0,0,0,0,0,0,0,0,0,0,0,0,0
28672,14,1,0,0,0,0,0,-0.00188,0.0003,1.9396,3000,5,0,9,0,4,0,0,0,0,0,0,0,0,0,0,0,0,0,0,0,0
30720,15,1,0,0,0,0,0,-0.00198,0.00052,1.9303,2687,3,0,4,1,1,0,0,0,0,0,0,0,0,0,0,0,0,0,0,0,0
32768,16,1,0,0,0,0,0,-0.00156,0.0001,1.9147,2832,2,0,4,0,6,0,0,0,0,0,0,0,0,0,0,0,0,0,0,0,0
34816,17,1,0,0,0,0,0,-8e-05,0.00141,1.9338,2793,8,0,7,1,3,0,0,0,0,0,0,0,0,0,0,0,0,0,0,0,0
36864,18,1,0,0,0,0,0,-0.0026,0.00051,1.916,3225,1,0,4,1,3,0,0,0,0,0,0,0,0,0,0,0,0,0,0,0,0
38912,19,1,0,0,0,0,0,-0.00253,0.0004,1.9013,2811,3,0,3,0,5,0,0,0,0,0,0,0,0,0,0,0,0,0,0,0,0
40960,20,1,0,0,0,0,0,-0.00254,0.00101,1.8564,2834,5,1,6,0,6,1,0,0,0,0,0,0,0,0,0,0,0,0,0,0,0
43008,21,1,0,0,0,0,0,-0.00249,0.00239,1.7898,3007,3,2,1,0,5,2,0,0,0,0,0,0,0,0,0,0,0,0,0,0,0
45056,22,1,0,0,0,0,0,-0.00207,0.00214,1.8051,2840,3,0,3,0,8,3,0,0,0,0,0,0,0,0,0,0,0,0,0,0,0
47104,23,1,0,0,0,0,0,-0.00179,0.00065,1.7582,2975,2,0,4,0,7,3,0,0,0,0,0,0,0,0,0,0,0,0,0,0,0
49152,24,1,0,0,0,0,0,-0.00015,0.00014,1.6945,2948,2,0,5,0,1,0,0,0,0,0,0,0,0,0,0,0,0,0,0,0,0
51200,25,1,0,0,0,0,0,-0.00464,0.00015,1.6186,2987,4,1,5,0,2,0,0,0,0,0,0,0,0,0,0,0,0,0,0,0,0
53248,26,1,0,0,0,0,0,-0.00268,0.00196,1.6704,2865,6,1,1,1,5,0,0,0,0,0,0,0,0,0,0,0,0,0,0,0,0
55296,27,1,0,0,0,0,0,-0.00221,0.00045,1.6495,2918,5,0,2,0,3,0,0,0,0,0,0,0,0,0,0,0,0,0,0,0,0
57344,28,1,0,0,0,0,0,-0.00207,0.00045,1.7413,2963,4,0,4,1,6,0,0,0,0,0,0,0,0,0,0,0,0,0,0,0,0
59392,29,1,0,0,0,0,0,-0.00183,0.00051,1.7356,3044,3,0,5,0,5,0,0,0,0,0,0,0,0,0,0,0,0,0,0,0,0
61440,30,1,0,0,0,0,0,-0.0008,0.00208,1.8185,2932,4,2,0,0,5,0,0,0,0,0,0,0,0,0,0,0,0,0,0,0,0
63488,31,1,0,0,0,0,0,-0.00257,0.00029,1.8094,3031,4,0,4,0,7,1,0,0,0,0,0,0,0,0,0,0,0,0,0,0,0
65536,32,1,0,0,0,0,0,-7e-05,0.00042,1.8022,2956,3,1,4,1,4,0,0,0,0,0,0,0,0,0,0,0,0,0,0,0,0
67584,33,1,0,0,0,0,0,-0.00033,0.00494,1.7882,3152,7,3,5,1,4,2,0,0,0,0,0,0,0,0,0,0,0,0,0,0,0
69632,34,1,0,0,0,0,0,-0.00234,0.00095,1.7727,3024,4,0,3,0,6,1,0,0,0,0,0,0,0,0,0,0,0,0,0,0,0
71680,35,1,0,0,0,0,0,-0.00175,0.00194,1.6806,3080,8,3,1,0,4,2,0,0,0,0,0,0,0,0,0,0,0,0,0,0,0
73728,36,1,0,0,0,0,0,-0.00163,0.00212,1.6544,3264,2,1,7,2,5,0,0,0,0,0,0,0,0,0,0,0,0,0,0,0,0
75776,37,1,0,0,0,0,0,-0.00255,0.00236,1.7032,3247,3,1,5,1,5,1,0,0,0,0,0,0,0,0,0,0,0,0,0,0,0
77824,38,1,0,0,0,0,0,-0.00207,0.00189,1.7004,3236,6,1,4,0,4,1,0,0,0,0,0,0,0,0,0,0,0,0,0,0,0
79872,39,1,0,0,0,0,0,-0.00309,0.00037,1.7182,3211,1,0,5,0,5,1,0,0,0,0,0,0,0,0,0,0,0,0,0,0,0
81920,40,1,0,0,0,0,0,-0.00262,0.00063,1.699,3048,5,0,3,0,4,1,0,0,0,0,0,0,0,0,0,0,0,0,0,0,0
83968,41,1,0,0,0,0,0,-0.00118,0.00163,1.647,2958,3,0,6,2,5,2,0,0,0,0,0,0,0,0,0,0,0,0,0,0,0
86016,42,1,0,0,0,0,0,-0.00284,0.00071,1.6504,2925,4,1,2,0,2,0,0,0,0,0,0,0,0,0,0,0,0,0,0,0,0
88064,43,1,0,0,0,0,0,-0.00054,0.00024,1.6643,3002,5,1,2,0,5,1,0,0,0,0,0,0,0,0,0,0,0,0,0,0,0
90112,44,1,0,0,0,0,0,-0.00075,0.00025,1.6326,3127,4,0,7,0,2,0,0,0,0,0,0,0,0,0,0,0,0,0,0,0,0
92160,45,1,0,0,0,0,0,-0.00123,0.00158,1.6634,3125,2,0,3,2,3,0,0,0,0,0,0,0,0,0,0,0,0,0,0,0,0
94208,46,1,0,0,0,0,0,-0.00213,0.00041,1.6936,2921,2,0,8,0,6,0,0,0,0,0,0,0,0,0,0,0,0,0,0,0,0
96256,47,1,0,0,0,0,0,-0.00029,0.00155,1.6758,2981,2,0,6,0,7,3,0,0,0,0,0,0,0,0,0,0,0,0,0,0,0
98304,48,1,0,0,0,0,0,-0.00083,0.00076,1.7309,3030,3,2,0,0,5,0,0,0,0,0,0,0,0,0,0,0,0,0,0,0,0
100352,49,1,0,0,0,0,0,-0.00216,0.00254,1.6598,2927,8,1,5,1,3,0,0,0,0,0,0,0,0,0,0,0,0,0,0,0,0
102400,50,1,0,0,0,0,0,-0.00227,0.00022,1.6966,3202,0,0,6,0,5,1,0,0,0,0,0,0,0,0,0,0,0,0,0,0,0
104448,51,1,0,0,0,0,0,-0.00157,0.00056,1.7461,3278,3,0,5,1,3,1,0,0,0,0,0,0,0,0,0,0,0,0,0,0,0
106496,52,1,0,0,0,0,0,-0.00066,0.00213,1.7741,3024,5,2,1,0,8,1,0,0,0,0,0,0,0,0,0,0,0,0,0,0,0
108544,53,1,0,0,0,0,0,-5e-05,0.00101,1.7505,2980,3,1,5,1,3,1,0,0,0,0,0,0,0,0,0,0,0,0,0,0,0
110592,54,1,0,0,0,0,0,-0.00119,0.00049,1.8137,3209,3,0,3,0,6,1,0,0,0,0,0,0,0,0,0,0,0,0,0,0,0
112640,55,1,0,0,0,0,0,-0.00163,0.00036,1.8566,3165,2,0,6,0,5,0,0,0,0,0,0,0,0,0,0,0,0,0,0,0,0
114688,56,1,0,0,0,0,0,-0.00093,0.00013,1.8989,3095,3,0,4,0,3,0,0,0,0,0,0,0,0,0,0,0,0,0,0,0,0
116736,57,1,0,0,0,0,0,5e-05,0.0003,1.9161,2982,7,0,2,0,4,0,0,0,0,0,0,0,0,0,0,0,0,0,0,0,0
118784,58,1,0,0,0,0,0,-0.00129,0.00015,1.9065,3083,3,1,4,0,3,0,0,0,0,0,0,0,0,0,0,0,0,0,0,0,0
120832,59,1,0,0,0,0,0,-0.00148,0.00017,1.8736,2920,4,0,6,1,2,0,0,0,0,0,0,0,0,0,0,0,0,0,0,0,0
122880,60,1,0,0,0,0,0,-0.00082,0.0007,1.8549,3015,3,0,9,2,2,0,0,0,0,0,0,0,0,0,0,0,0,0,0,0,0
124928,61,1,0,0,0,0,0,-0.00138,0.00016,1.8899,2815,4,0,5,0,3,0,0,0,0,0,0,0,0,0,0,0,0,0,0,0,0
126976,62,1,0,0,0,0,0,-0.0003,0.00017,1.907,2993,3,0,5,0,2,0,0,0,0,0,0,0,0,0,0,0,0,0,0,0,0
129024,63,1,0,0,0,0,0,-0.0003,0.00025,1.9109,2977,5,0,4,0,6,0,0,0,0,0,0,0,0,0,0,0,0,0,0,0,0
131072,64,1,0,0,0,0,0,-0.00044,0.00031,1.92,2974,4,0,5,0,3,0,0,0,0,0,0,0,0,0,0,0,0,0,0,0,0
133120,65,1,0,0,0,0,0,-0.00023,0.00024,1.9128,2722,3,0,5,0,2,0,0,0,0,0,0,0,0,0,0,0,0,0,0,0,0
135168,66,1,0,0,0,0,0,3e-05,0.00083,1.9107,2614,7,0,3,0,4,1,0,0,0,0,0,0,0,0,0,0,0,0,0,0,0
137216,67,1,0,0,0,0,0,-0.00041,0.00035,1.9076,2699,3,0,4,1,4,0,0,0,0,0,0,0,0,0,0,0,0,0,0,0,0
139264,68,1,0,0,0,0,0,-0.00182,0.00109,1.904,2950,2,0,5,2,5,0,0,0,0,0,0,0,0,0,0,0,0,0,0,0,0
141312,69,1,0,0,0,0,0,-0.0011,0.00057,1.8748,2893,6,0,5,1,4,1,0,0,0,0,0,0,0,0,0,0,0,0,0,0,0
143360,70,1,0,0,0,0,0,-0.00082,0.00011,1.8392,2736,3,0,5,0,2,0,0,0,0,0,0,0,0,0,0,0,0,0,0,0,0
145408,71,1,0,0,0,0,0,-0.00169,0.00158,1.8151,2887,6,1,6,0,2,0,0,0,0,0,0,0,0,0,0,0,0,0,0,0,0
147456,72,1,0,0,0,0,0,-0.00028,0.00165,1.7551,2809,4,0,7,0,4,1,0,0,0,0,0,0,0,0,0,0,0,0,0,0,0
149504,73,1,0,0,0,0,0,7e-05,0.00018,1.7691,2820,2,0,4,0,2,0,0,0,0,0,0,0,0,0,0,0,0,0,0,0,0
151552,74,1,0,0,0,0,0,-0.00128,0.00258,1.7245,2772,5,0,5,1,6,1,0,0,0,0,0,0,0,0,0,0,0,0,0,0,0
153600,75,1,0,0,0,0,0,0.00012,0.00174,1.668,2678,3,0,6,0,4,1,0,0,0,0,0,0,0,0,0,0,0,0,0,0,0
155648,76,1,0,0,0,0,0,-0.00312,0.001,1.7067,2738,1,0,4,0,3,2,0,0,0,0,0,0,0,0,0,0,0,0,0,0,0
157696,77,1,0,0,0,0,0,-0.00124,0.00032,1.7042,2829,4,0,2,0,6,0,0,0,0,0,0,0,0,0,0,0,0,0,0,0,0
159744,78,1,0,0,0,0,0,-0.0017,0.00066,1.7611,2975,2,0,2,0,7,1,0,0,0,0,0,0,0,0,0,0,0,0,0,0,0
161792,79,1,0,0,0,0,0,-0.00168,0.00157,1.7747,2605,2,0,5,0,6,2,0,0,0,0,0,0,0,0,0,0,0,0,0,0,0
163840,80,1,0,0,0,0,0,-0.0021,0.00052,1.7526,2970,3,0,2,1,5,0,0,0,0,0,0,0,0,0,0,0,0,0,0,0,0
165888,81,1,0,0,0,0,0,-0.00048,0.00049,1.7098,3036,2,0,6,1,5,0,0,0,0,0,0,0,0,0,0,0,0,0,0,0,0
167936,82,1,0,0,0,0,0,-0.00179,0.00047,1.6746,2917,4,1,0,0,4,0,0,0,0,0,0,0,0,0,0,0,0,0,0,0,0
169984,83,1,0,0,0,0,0,-0.00256,0.00032,1.7595,2910,5,0,4,1,4,0,0,0,0,0,0,0,0,0,0,0,0,0,0,0,0
172032,84,1,0,0,0,0,0,-0.00359,0.0003,1.6752,2957,6,0,6,0,2,0,0,0,0,0,0,0,0,0,0,0,0,0,0,0,0
174080,85,1,0,0,0,0,0,-0.00138,0.00179,1.6754,2926,1,0,4,1,5,2,0,0,0,0,0,0,0,0,0,0,0,0,0,0,0
176128,86,1,0,0,0,0,0,-0.00179,0.00091,1.7219,2866,2,0,7,1,6,1,0,0,0,0,0,0,0,0,0,0,0,0,0,0,0
178176,87,1,0,0,0,0,0,-0.00202,0.00057,1.7057,2919,7,1,2,0,2,0,0,0,0,0,0,0,0,0,0,0,0,0,0,0,0
180224,88,1,0,0,0,0,0,-0.00079,0.00134,1.6435,2740,2,0,4,0,4,1,0,0,0,0,0,0,0,0,0,0,0,0,0,0,0
182272,89,1,0,0,0,0,0,-0.00154,0.00375,1.5958,2742,7,0,4,1,8,3,0,0,0,0,0,0,0,0,0,0,0,0,0,0,0
184320,90,1,0,0,0,0,0,-0.00144,0.00022,1.6142,2886,5,0,2,0,2,0,0,0,0,0,0,0,0,0,0,0,0,0,0,0,0
186368,91,1,0,0,0,0,0,-0.00058,0.00027,1.5748,2781,6,0,4,0,2,0,0,0,0,0,0,0,0,0,0,0,0,0,0,0,0
188416,92,1,0,0,0,0,0,-0.00026,0.00162,1.5701,2562,7,2,4,1,3,0,0,0,0,0,0,0,0,0,0,0,0,0,0,0,0
190464,93,1,0,0,0,0,0,-0.00304,0.00189,1.5189,2993,6,1,2,1,3,0,0,0,0,0,0,0,0,0,0,0,0,0,0,0,0
192512,94,1,0,0,0,0,0,-0.00037,0.00049,1.559,2934,3,0,11,1,3,0,0,0,0,0,0,0,0,0,0,0,0,0,0,0,0
194560,95,1,0,0,0,0,0,-0.00139,0.00045,1.4059,2953,3,0,10,0,2,0,0,0,0,0,0,0,0,0,0,0,0,0,0,0,0
196608,96,1,0,0,0,0,0,-0.0016,0.00068,1.4741,3267,4,1,5,0,5,2,0,0,0,0,0,0,0,0,0,0,0,0,0,0,0
198656,97,1,0,0,0,0,0,-0.00089,0.00131,1.3996,3240,5,1,3,1,3,0,0,0,0,0,0,0,0,0,0,0,0,0,0,0,0
200704,98,1,0,0,0,0,0,-0.00146,0.00079,1.4762,2962,9,0,1,0,3,1,0,0,0,0,0,0,0,0,0,0,0,0,0,0,0
202752,99,1,0,0,0,0,0,-0.00188,0.00037,1.5451,3016,4,0,2,0,3,0,0,0,0,0,0,0,0,0,0,0,0,0,0,0,0
204800,100,1,0,0,0,0,0,-0.00069,0.00148,1.6129,3063,4,0,3,0,6,1,0,0,0,0,0,0,0,0,0,0,0,0,0,0,0
206848,101,1,0,0,0,0,0,-0.00135,0.00053,1.5743,3141,5,0,1,0,6,2,0,0,0,0,0,0,0,0,0,0,0,0,0,0,0
208896,102,1,0,0,0,0,0,-0.00137,0.00071,1.5525,3058,5,1,2,0,2,0,0,0,0,0,0,0,0,0,0,0,0,0,0,0,0
210944,103,1,0,0,0,0,0,-0.00253,0.00043,1.4704,3128,4,0,4,0,6,1,0,0,0,0,0,0,0,0,0,0,0,0,0,0,0
212992,104,1,0,0,0,0,0,-0.00316,0.00031,1.5299,2995,5,0,3,0,3,0,0,0,0,0,0,0,0,0,0,0,0,0,0,0,0
215040,105,1,0,0,0,0,0,-1e-05,0.00061,1.5635,2913,5,0,6,0,5,2,0,0,0,0,0,0,0,0,0,0,0,0,0,0,0
217088,106,1,0,0,0,0,0,-0.00018,0.00081,1.5721,2958,6,1,2,0,3,0,0,0,0,0,0,0,0,0,0,0,0,0,0,0,0
219136,107,1,0,0,0,0,0,-0.00023,0.001,1.5368,2995,2,2,8,1,5,1,0,0,0,0,0,0,0,0,0,0,0,0,0,0,0
221184,108,1,0,0,0,0,0,-0.00252,0.00273,1.4324,3052,5,1,6,1,4,0,0,0,0,0,0,0,0,0,0,0,0,0,0,0,0
223232,109,1,0,0,0,0,0,-0.00027,0.0025,1.4472,2998,1,1,5,0,7,1,0,0,0,0,0,0,0,0,0,0,0,0,0,0,0
225280,110,1,0,0,0,0,0,-0.00109,0.003,1.3616,3067,4,0,10,3,5,1,0,0,0,0,0,0,0,0,0,0,0,0,0,0,0
227328,111,1,0,0,0,0,0,0.00015,0.00108,1.3557,2963,3,1,10,1,3,0,0,0,0,0,0,0,0,0,0,0,0,0,0,0,0
229376,112,1,0,0,0,0,0,-0.0013,0.00098,1.3754,3014,4,1,7,0,3,0,0,0,0,0,0,0,0,0,0,0,0,0,0,0,0
231424,113,1,0,0,0,0,0,-0.00093,0.0005,1.3274,3222,1,0,4,0,5,0,0,0,0,0,0,0,0,0,0,0,0,0,0,0,0
233472,114,1,0,0,0,0,0,-0.00103,0.0019,1.4218,3380,5,1,2,0,9,2,0,0,0,0,0,0,0,0,0,0,0,0,0,0,0
235520,115,1,0,0,0,0,0,6e-05,0.00099,1.4058,2820,6,1,1,0,3,1,0,0,0,0,0,0,0,0,0,0,0,0,0,0,0
237568,116,1,0,0,0,0,0,-0.00137,0.00112,1.392,2987,2,0,7,1,7,2,0,0,0,0,0,0,0,0,0,0,0,0,0,0,0
239616,117,1,0,0,0,0,0,9e-05,0.00045,1.4216,3200,4,0,1,0,6,1,0,0,0,0,0,0,0,0,0,0,0,0,0,0,0
241664,118,1,0,0,0,0,0,-0.00178,0.00139,1.507,2916,2,0,3,1,7,3,0,0,0,0,0,0,0,0,0,0,0,0,0,0,0
243712,119,1,0,0,0,0,0,-0.00078,0.00031,1.4969,2855,3,0,4,0,4,0,0,0,0,0,0,0,0,0,0,0,0,0,0,0,0
245760,120,1,0,0,0,0,0,-0.00041,0.00042,1.5491,2968,4,1,3,0,3,1,0,0,0,0,0,0,0,0,0,0,0,0,0,0,0
247808,121,1,0,0,0,0,0,-0.00112,0.00138,1.5061,3158,4,1,6,2,3,1,0,0,0,0,0,0,0,0,0,0,0,0,0,0,0
249856,122,1,0,0,0,0,0,-0.00451,0.00139,1.451,3135,8,2,3,0,2,0,0,0,0,0,0,0,0,0,0,0,0,0,0,0,0
251904,123,1,0,0,0,0,0,-0.00275,0.00153,1.5619,3149,0,0,7,0,8,2,0,0,0,0,0,0,0,0,0,0,0,0,0,0,0
253952,124,1,0,0,0,0,0,-0.00136,0.00157,1.5124,3088,5,2,7,0,3,0,0,0,0,0,0,0,0,0,0,0,0,0,0,0,0
256000,125,1,0,0,0,0,0,-0.00209,0.00224,1.5302,3115,7,2,3,0,4,2,0,0,0,0,0,0,0,0,0,0,0,0,0,0,0
258048,126,1,0,0,0,0,0,-0.00403,0.00068,1.4391,3215,5,1,3,0,4,1,0,0,0,0,0,0,0,0,0,0,0,0,0,0,0
260096,127,1,0,0,0,0,0,-0.00011,0.00172,1.4523,3008,6,0,3,0,5,3,0,0,0,0,0,0,0,0,0,0,0,0,0,0,0
262144,128,1,0,0,0,0,0,-0.00345,0.00078,1.5022,2613,3,0,5,0,4,2,0,0,0,0,0,0,0,0,0,0,0,0,0,0,0
264192,129,1,0,0,0,0,0,-0.0011,0.0016,1.4933,3198,6,2,8,1,2,0,0,0,0,0,0,0,0,0,0,0,0,0,0,0,0
266240,130,1,0,0,0,0,0,-0.00398,0.00116,1.4508,2914,4,1,2,0,6,2,0,0,0,0,0,0,0,0,0,0,0,0,0,0,0
268288,131,1,0,0,0,0,0,0.00023,0.00121,1.4739,2909,5,2,3,0,5,2,0,0,0,0,0,0,0,0,0,0,0,0,0,0,0
270336,132,1,0,0,0,0,0,-0.00065,0.00152,1.3928,3255,6,1,3,0,3,1,0,0,0,0,0,0,0,0,0,0,0,0,0,0,0
272384,133,1,0,0,0,0,0,-0.00125,0.00088,1.3768,2846,4,1,6,0,5,0,0,0,0,0,0,0,0,0,0,0,0,0,0,0,0
274432,134,1,0,0,0,0,0,-0.00184,0.00112,1.364,2967,5,1,3,0,4,1,0,0,0,0,0,0,0,0,0,0,0,0,0,0,0
276480,135,1,0,0,0,0,0,-0.00234,0.00147,1.4143,2869,5,2,3,0,4,0,0,0,0,0,0,0,0,0,0,0,0,0,0,0,0
278528,136,1,0,0,0,0,0,-0.00216,0.00136,1.3879,2988,3,0,7,1,6,2,0,0,0,0,0,0,0,0,0,0,0,0,0,0,0
280576,137,1,0,0,0,0,0,-0.00445,0.0029,1.3618,2851,2,1,6,2,5,1,0,0,0,0,0,0,0,0,0,0,0,0,0,0,0
282624,138,1,0,0,0,0,0,-0.00223,0.00211,1.4621,2994,6,2,8,1,3,0,0,0,0,0,0,0,0,0,0,0,0,0,0,0,0
284672,139,1,0,0,0,0,0,-0.00318,0.00185,1.4869,2969,1,1,4,0,7,3,0,0,0,0,0,0,0,0,0,0,0,0,0,0,0
286720,140,1,0,0,0,0,0,-0.00195,0.0012,1.4355,3116,5,0,7,0,3,2,0,0,0,0,0,0,0,0,0,0,0,0,0,0,0
288768,141,1,0,0,0,0,0,-0.00297,0.002,1.427,2994,4,2,6,1,5,2,0,0,0,0,0,0,0,0,0,0,0,0,0,0,0
290816,142,1,0,0,0,0,0,-0.00451,0.00285,1.4311,2976,3,0,7,1,4,1,0,0,0,0,0,0,0,0,0,0,0,0,0,0,0
292864,143,1,0,0,0,0,0,-0.00371,0.00111,1.4566,2917,4,2,4,0,5,0,0,0,0,0,0,0,0,0,0,0,0,0,0,0,0
294912,144,1,0,0,0,0,0,-0.0048,0.00219,1.4038,3080,4,2,5,0,5,2,0,0,0,0,0,0,0,0,0,0,0,0,0,0,0
296960,145,1,0,0,0,0,0,-0.002,0.00083,1.3962,3135,3,0,4,1,5,3,0,0,0,0,0,0,0,0,0,0,0,0,0,0,0
299008,146,1,0,0,0,0,0,-0.0014,0.00123,1.3574,3090,5,2,6,1,4,1,0,0,0,0,0,0,0,0,0,0,0,0,0,0,0
301056,147,1,0,0,0,0,0,-0.00612,0.00137,1.3792,2974,5,2,3,0,3,2,0,0,0,0,0,0,0,0,0,0,0,0,0,0,0
303104,148,1,0,0,0,0,0,-0.00244,0.00427,1.3728,2936,8,4,4,1,6,3,0,0,0,0,0,0,0,0,0,0,0,0,0,0,0
305152,149,1,0,0,0,0,0,-0.00065,0.0014,1.3728,3241,3,1,2,0,3,3,0,0,0,0,0,0,0,0,0,0,0,0,0,0,0
307200,150,1,0,0,0,0,0,-0.00507,0.00222,1.4475,2710,6,1,4,0,8,3,0,0,0,0,0,0,0,0,0,0,0,0,0,0,0
309248,151,1,0,0,0,0,0,-0.00261,0.00112,1.4001,2919,5,1,8,0,4,3,0,0,0,0,0,0,0,0,0,0,0,0,0,0,0
311296,152,1,0,0,0,0,0,-0.00247,0.0031,1.3291,3051,3,1,7,3,5,4,0,0,0,0,0,0,0,0,0,0,0,0,0,0,0
313344,153,1,0,0,0,0,0,-0.00087,0.00198,1.2846,2991,4,1,5,0,4,2,0,0,0,0,0,0,0,0,0,0,0,0,0,0,0
315392,154,1,0,0,0,0,0,-0.0018,0.00365,1.3287,3107,9,2,4,1,6,3,0,0,0,0,0,0,0,0,0,0,0,0,0,0,0
317440,155,1,0,0,0,0,0,-0.00187,0.0013,1.3791,2963,4,1,4,0,4,2,0,0,0,0,0,0,0,0,0,0,0,0,0,0,0
319488,156,1,0,0,0,0,0,-0.00224,0.00335,1.425,3005,5,2,7,0,8,3,0,0,0,0,0,0,0,0,0,0,0,0,0,0,0
321536,157,1,0,0,0,0,0,-0.00346,0.00262,1.3367,2712,5,3,2,0,3,3,0,0,0,0,0,0,0,0,0,0,0,0,0,0,0
323584,158,1,0,0,0,0,0,-0.00489,0.00513,1.3959,2391,10,5,4,0,8,5,0,0,0,0,0,0,0,0,0,0,0,0,0,0,0
325632,159,1,0,0,0,0,0,-0.00373,0.00184,1.4537,3040,4,2,1,0,5,3,0,0,0,0,0,0,0,0,0,0,0,0,0,0,0
327680,160,1,0,0,0,0,0,-0.00368,0.00134,1.4284,3300,6,3,2,0,4,3,0,0,0,0,0,0,0,0,0,0,0,0,0,0,0
329728,161,1,0,0,0,0,0,-0.00327,0.00355,1.466,2687,9,3,4,1,6,4,0,0,0,0,0,0,0,0,0,0,0,0,0,0,0
331776,162,1,0,0,0,0,0,-0.0052,0.00298,1.3251,2988,4,2,7,2,1,1,0,0,0,0,0,0,0,0,0,0,0,0,0,0,0
333824,163,1,0,0,0,0,0,-0.00185,0.00368,1.3394,3014,4,3,6,0,8,4,0,0,0,0,0,0,0,0,0,0,0,0,0,0,0
335872,164,1,0,0,0,0,0,-0.00653,0.00355,1.3603,2990,4,2,5,2,7,2,0,0,0,0,0,0,0,0,0,0,0,0,0,0,0
337920,165,1,0,0,0,0,0,-0.00412,0.00387,1.3164,2796,4,3,2,1,6,5,0,0,0,0,0,0,0,0,0,0,0,0,0,0,0
339968,166,1,0,0,0,0,0,-0.00282,0.00381,1.4077,2714,8,3,4,1,3,1,0,0,0,0,0,0,0,0,0,0,0,0,0,0,0
342016,167,1,0,0,0,0,0,-0.00193,0.0053,1.3916,3055,6,2,6,1,9,4,0,0,0,0,0,0,0,0,0,0,0,0,0,0,0
344064,168,1,0,0,0,0,0,-0.00513,0.00252,1.2978,3176,4,2,1,0,5,3,0,0,0,0,0,0,0,0,0,0,0,0,0,0,0
346112,169,1,0,0,0,0,0,-0.00076,0.00289,1.3438,2991,3,2,5,1,9,5,0,0,0,0,0,0,0,0,0,0,0,0,0,0,0
348160,170,1,0,0,0,0,0,-0.00554,0.00261,1.4185,2905,6,4,4,1,4,0,0,0,0,0,0,0,0,0,0,0,0,0,0,0,0
350208,171,1,0,0,0,0,0,-0.00498,0.00366,1.3907,3015,5,4,2,1,6,5,0,0,0,0,0,0,0,0,0,0,0,0,0,0,0
352256,172,1,0,0,0,0,0,-0.00262,0.0043,1.3869,3145,8,6,6,0,5,4,0,0,0,0,0,0,0,0,0,0,0,0,0,0,0
354304,173,1,0,0,0,0,0,-0.00589,0.00416,1.383,3028,6,6,5,1,7,7,0,0,0,0,0,0,0,0,0,0,0,0,0,0,0
356352,174,1,0,0,0,0,0,-0.00338,0.00171,1.405,3018,3,1,7,0,2,2,0,0,0,0,0,0,0,0,0,0,0,0,0,0,0
358400,175,1,0,0,0,0,0,-0.00503,0.00369,1.3594,2894,6,5,5,3,7,5,0,0,0,0,0,0,0,0,0,0,0,0,0,0,0
360448,176,1,0,0,0,0,0,-0.00379,0.0017,1.3264,3079,6,4,7,0,1,1,0,0,0,0,0,0,0,0,0,0,0,0,0,0,0
362496,177,1,0,0,0,0,0,-0.00499,0.0055,1.3604,2986,6,3,4,1,8,6,0,0,0,0,0,0,0,0,0,0,0,0,0,0,0
364544,178,1,0,0,0,0,0,-0.00565,0.00296,1.2428,3053,2,0,10,1,8,5,0,0,0,0,0,0,0,0,0,0,0,0,0,0,0
366592,179,1,0,0,0,0,0,-0.00578,0.00711,1.212,2712,8,6,10,3,6,4,0,0,0,0,0,0,0,0,0,0,0,0,0,0,0
368640,180,1,0,0,0,0,0,-0.00375,0.00503,1.1292,3079,4,2,8,2,6,5,0,0,0,0,0,0,0,0,0,0,0,0,0,0,0
370688,181,1,0,0,0,0,0,-0.00316,0.00266,1.2077,3007,6,2,3,1,6,4,0,0,0,0,0,0,0,0,0,0,0,0,0,0,0
372736,182,1,0,0,0,0,0,-0.00094,0.00491,1.2172,2732,2,2,10,1,10,7,0,0,0,0,0,0,0,0,0,0,0,0,0,0,0
374784,183,1,0,0,0,0,0,-0.00293,0.0051,1.2271,3002,10,9,8,2,9,5,0,0,0,0,0,0,0,0,0,0,0,0,0,0,0
376832,184,1,0,0,0,0,0,-0.00094,0.00504,1.1478,2879,7,7,7,1,4,4,0,0,0,0,0,0,0,0,0,0,0,0,0,0,0
378880,185,1,0,0,0,0,0,-0.00574,0.01205,1.1805,3084,10,10,9,3,16,14,0,0,0,0,0,0,0,0,0,0,0,0,0,0,0
380928,186,1,0,0,0,0,0,-0.0055,0.00489,1.2083,2710,9,6,6,1,6,5,0,0,0,0,0,0,0,0,0,0,0,0,0,0,0
382976,187,1,0,0,0,0,0,-0.00574,0.00531,1.1334,3123,7,6,7,1,11,8,0,0,0,0,0,0,0,0,0,0,0,0,0,0,0
385024,188,1,0,0,0,0,0,-0.00515,0.00556,1.08,2934,6,6,8,1,10,9,0,0,0,0,0,0,0,0,0,0,0,0,0,0,0
387072,189,1,0,0,0,0,0,-0.0026,0.00803,1.1651,2574,8,7,5,1,12,9,0,0,0,0,0,0,0,0,0,0,0,0,0,0,0
389120,190,1,0,0,0,0,0,-0.0047,0.00817,1.0994,2985,14,13,6,1,11,11,0,0,0,0,0,0,0,0,0,0,0,0,0,0,0
391168,191,1,0,0,0,0,0,-0.00849,0.0088,1.1703,2844,7,6,5,4,10,8,0,0,0,0,0,0,0,0,0,0,0,0,0,0,0
393216,192,1,0,0,0,0,0,-0.00369,0.00822,1.1759,2956,8,8,13,4,15,11,0,0,0,0,0,0,0,0,0,0,0,0,0,0,0
395264,193,1,0,0,0,0,0,-0.00478,0.00639,1.1659,2888,11,11,15,2,9,9,0,0,0,0,0,0,0,0,0,0,0,0,0,0,0
397312,194,1,0,0,0,0,0,-0.00498,0.00607,1.1974,2904,7,7,14,4,7,7,0,0,0,0,0,0,0,0,0,0,0,0,0,0,0
399360,195,1,0,0,0,0,0,-0.00447,0.00527,1.213,2968,6,5,11,0,13,11,0,0,0,0,0,0,0,0,0,0,0,0,0,0,0
401408,196,1,0,0,0,0,0,-0.00535,0.00564,1.1959,2937,7,7,12,3,6,5,0,0,0,0,0,0,0,0,0,0,0,0,0,0,0
403456,197,1,0,0,0,0,0,-0.00333,0.00502,1.1914,2938,9,9,6,1,11,9,0,0,0,0,0,0,0,0,0,0,0,0,0,0,0
405504,198,1,0,0,0,0,0,-0.00614,0.00533,1.1792,2915,8,8,7,1,10,7,0,0,0,0,0,0,0,0,0,0,0,0,0,0,0
407552,199,1,0,0,0,0,0,-0.00481,0.00819,1.185,3008,12,11,10,4,11,10,0,0,0,0,0,0,0,0,0,0,0,0,0,0,0
409600,200,1,0,0,0,0,0,-0.00355,0.00726,1.1249,2724,6,5,8,1,14,13,0,0,0,0,0,0,0,0,0,0,0,0,0,0,0
411648,201,1,0,0,0,0,0,-0.00614,0.0094,1.1485,3031,10,9,14,3,14,14,0,0,0,0,0,0,0,0,0,0,0,0,0,0,0
413696,202,1,0,0,0,0,0,-0.00351,0.00846,1.1968,2893,6,6,11,3,16,15,0,0,0,0,0,0,0,0,0,0,0,0,0,0,0
415744,203,1,0,0,0,0,0,-0.00556,0.00832,1.1155,3022,7,7,15,4,17,14,0,0,0,0,0,0,0,0,0,0,0,0,0,0,0
417792,204,1,0,0,0,0,0,-0.00141,0.00874,1.1134,3045,17,17,20,3,8,8,0,0,0,0,0,0,0,0,0,0,0,0,0,0,0
419840,205,1,0,0,0,0,0,-0.00602,0.0064,1.1327,2985,15,14,12,3,4,4,0,0,0,0,0,0,0,0,0,0,0,0,0,0,0
421888,206,1,0,0,0,0,0,-0.00251,0.00996,1.1227,2840,14,13,8,2,18,16,0,0,0,0,0,0,0,0,0,0,0,0,0,0,0
423936,207,1,0,0,0,0,0,-0.00423,0.00607,1.1411,2874,11,10,6,1,7,7,0,0,0,0,0,0,0,0,0,0,0,0,0,0,0
425984,208,1,0,0,0,0,0,-0.00409,0.00799,1.1574,2904,7,7,12,2,18,16,0,0,0,0,0,0,0,0,0,0,0,0,0,0,0
428032,209,1,0,0,0,0,0,-0.00275,0.00822,1.0671,2597,17,17,14,7,15,15,0,0,0,0,0,0,0,0,0,0,0,0,0,0,0
430080,210,1,0,0,0,0,0,-0.00129,0.00805,1.0878,2850,11,11,12,3,11,11,0,0,0,0,0,0,0,0,0,0,0,0,0,0,0
432128,211,1,0,0,0,0,0,-0.00788,0.00897,1.0909,2919,7,7,22,8,14,13,0,0,0,0,0,0,0,0,0,0,0,0,0,0,0
434176,212,1,0,0,0,0,0,-0.00576,0.00833,1.0577,3001,10,10,16,5,17,17,0,0,0,0,0,0,0,0,0,0,0,0,0,0,0
436224,213,1,0,0,0,0,0,-0.00559,0.00703,1.0777,2913,16,16,16,6,8,8,0,0,0,0,0,0,0,0,0,0,0,0,0,0,0
438272,214,1,0,0,0,0,0,-0.00339,0.0084,1.0416,2928,18,18,18,6,9,9,0,0,0,0,0,0,0,0,0,0,0,0,0,0,0
440320,215,1,0,0,0,0,0,-0.00492,0.00825,0.9886,2984,15,15,16,5,9,9,0,0,0,0,0,0,0,0,0,0,0,0,0,0,0
442368,216,1,0,0,0,0,0,-0.00514,0.00728,0.973,2835,12,12,14,6,6,6,0,0,0,0,0,0,0,0,0,0,0,0,0,0,0
444416,217,1,0,0,0,0,0,-0.00745,0.00786,1.0267,3057,12,12,14,4,12,9,0,0,0,0,0,0,0,0,0,0,0,0,0,0,0
446464,218,1,0,0,0,0,0,-0.00541,0.00941,0.9704,2740,19,19,18,4,19,18,0,0,0,0,0,0,0,0,0,0,0,0,0,0,0
448512,219,1,0,0,0,0,0,-0.00488,0.00766,0.9736,2756,10,10,11,6,12,11,0,0,0,0,0,0,0,0,0,0,0,0,0,0,0
450560,220,1,0,0,0,0,0,-0.00017,0.01069,0.9304,2936,19,19,17,8,11,9,0,0,0,0,0,0,0,0,0,0,0,0,0,0,0
452608,221,1,0,0,0,0,0,-0.00578,0.00919,0.9792,2899,11,11,18,5,22,22,0,0,0,0,0,0,0,0,0,0,0,0,0,0,0
454656,222,1,0,0,0,0,0,-0.00202,0.00929,0.9269,3131,17,17,12,7,15,15,0,0,0,0,0,0,0,0,0,0,0,0,0,0,0
456704,223,1,0,0,0,0,0,-0.00408,0.01011,0.9328,3164,18,18,19,5,21,21,0,0,0,0,0,0,0,0,0,0,0,0,0,0,0
458752,224,1,0,0,0,0,0,-0.00635,0.01019,0.9632,3027,19,19,20,9,15,15,0,0,0,0,0,0,0,0,0,0,0,0,0,0,0
460800,225,1,0,0,0,0,0,-0.00474,0.00804,0.9665,2976,19,19,15,3,14,12,0,0,0,0,0,0,0,0,0,0,0,0,0,0,0
462848,226,1,0,0,0,0,0,-0.00519,0.00938,0.9261,2874,25,25,19,5,16,15,0,0,0,0,0,0,0,0,0,0,0,0,0,0,0
464896,227,1,0,0,0,0,0,0.00056,0.00667,0.962,3061,21,21,14,2,23,23,0,0,0,0,0,0,0,0,0,0,0,0,0,0,0
466944,228,1,0,0,0,0,0,-0.00394,0.00962,0.9425,2708,15,15,19,6,13,11,0,0,0,0,0,0,0,0,0,0,0,0,0,0,0
468992,229,1,0,0,0,0,0,-0.00365,0.00675,0.9411,3021,19,19,13,2,20,18,0,0,0,0,0,0,0,0,0,0,0,0,0,0,0
471040,230,1,0,0,0,0,0,-0.00184,0.00894,0.9165,3073,17,17,21,6,16,16,0,0,0,0,0,0,0,0,0,0,0,0,0,0,0
473088,231,1,0,0,0,0,0,-0.00671,0.00789,0.9057,2785,18,18,9,3,30,27,0,0,0,0,0,0,0,0,0,0,0,0,0,0,0
475136,232,1,0,0,0,0,0,-0.00346,0.01049,0.8293,2771,24,24,20,8,20,19,0,0,0,0,0,0,0,0,0,0,0,0,0,0,0
477184,233,1,0,0,0,0,0,-0.00582,0.00918,0.8007,3033,28,28,22,5,15,15,0,0,0,0,0,0,0,0,0,0,0,0,0,0,0
479232,234,1,0,0,0,0,0,-0.00345,0.01094,0.7808,2900,25,25,28,7,16,16,0,0,0,0,0,0,0,0,0,0,0,0,0,0,0
481280,235,1,0,0,0,0,0,-0.0036,0.00788,0.8884,2926,19,19,25,5,15,15,0,0,0,0,0,0,0,0,0,0,0,0,0,0,0
483328,236,1,0,0,0,0,0,-0.00462,0.00707,0.7943,2717,13,13,18,6,22,22,0,0,0,0,0,0,0,0,0,0,0,0,0,0,0
485376,237,1,0,0,0,0,0,-0.00373,0.00879,0.7977,3001,26,26,22,8,13,13,0,0,0,0,0,0,0,0,0,0,0,0,0,0,0
487424,238,1,0,0,0,0,0,-0.00256,0.00674,0.776,3059,25,25,19,4,19,19,0,0,0,0,0,0,0,0,0,0,0,0,0,0,0
489472,239,1,0,0,0,0,0,0.00227,0.00827,0.817,2733,23,23,19,7,20,20,0,0,0,0,0,0,0,0,0,0,0,0,0,0,0
491520,240,1,0,0,0,0,0,-0.00428,0.00896,0.8563,2796,21,20,16,8,16,16,0,0,0,0,0,0,0,0,0,0,0,0,0,0,0
493568,241,1,0,0,0,0,0,-0.00323,0.01142,0.8261,2665,24,24,23,12,20,20,0,0,0,0,0,0,0,0,0,0,0,0,0,0,0
495616,242,1,0,0,0,0,0,-0.00413,0.00721,0.8655,2946,19,19,13,4,29,29,0,0,0,0,0,0,0,0,0,0,0,0,0,0,0
497664,243,1,0,0,0,0,0,-0.00429,0.00769,0.8236,3002,20,20,24,3,20,20,0,0,0,0,0,0,0,0,0,0,0,0,0,0,0
499712,244,1,0,0,0,0,0,-0.00531,0.00737,0.823,2596,19,18,15,4,30,30,0,0,0,0,0,0,0,0,0,0,0,0,0,0,0
501760,245,1,0,0,0,0,0,-0.00456,0.00725,0.7557,2835,19,19,23,5,21,21,0,0,0,0,0,0,0,0,0,0,0,0,0,0,0
503808,246,1,0,0,0,0,0,-0.00422,0.00904,0.7988,2864,24,24,24,7,22,22,0,0,0,0,0,0,0,0,0,0,0,0,0,0,0
505856,247,1,0,0,0,0,0,-0.00529,0.00717,0.8327,2906,21,21,17,5,16,16,0,0,0,0,0,0,0,0,0,0,0,0,0,0,0
507904,248,1,0,0,0,0,0,-0.00317,0.00661,0.7511,2912,24,23,22,2,19,19,0,0,0,0,0,0,0,0,0,0,0,0,0,0,0
509952,249,1,0,0,0,0,0,-0.00637,0.0082,0.7449,2687,26,26,30,5,21,21,0,0,0,0,0,0,0,0,0,0,0,0,0,0,0
512000,250,1,0,0,0,0,0,-0.00326,0.00925,0.7308,2699,26,26,25,11,25,25,0,0,0,0,0,0,0,0,0,0,0,0,0,0,0
514048,251,1,0,0,0,0,0,-0.00745,0.00987,0.7849,2872,21,21,32,11,26,26,0,0,0,0,0,0,0,0,0,0,0,0,0,0,0
516096,252,1,0,0,0,0,0,-0.00566,0.01009,0.7689,2829,11,11,24,10,24,24,0,0,0,0,0,0,0,0,0,0,0,0,0,0,0
518144,253,1,0,0,0,0,0,-0.00345,0.00901,0.7489,3033,26,26,23,10,26,26,0,0,0,0,0,0,0,0,0,0,0,0,0,0,0
520192,254,1,0,0,0,0,0,-0.00387,0.0075,0.7289,2766,26,26,19,6,21,21,0,0,0,0,0,0,0,0,0,0,0,0,0,0,0
522240,255,1,0,0,0,0,0,-0.00559,0.00928,0.7366,3033,12,12,24,8,28,28,0,0,0,0,0,0,0,0,0,0,0,0,0,0,0
524288,256,1,0,0,0,0,0,-0.00508,0.00975,0.706,2826,23,23,23,7,27,26,0,0,0,0,0,0,0,0,0,0,0,0,0,0,0
526336,257,1,0,0,0,0,0,-0.00309,0.01208,0.6424,2806,27,27,32,10,25,25,0,0,0,0,0,0,0,0,0,0,0,0,0,0,0
528384,258,1,0,0,0,0,0,0.00029,0.01087,0.6465,2484,33,33,25,10,21,21,0,0,0,0,0,0,0,0,0,0,0,0,0,0,0
530432,259,1,0,0,0,0,0,-0.00611,0.01423,0.6737,2835,19,19,27,12,21,21,0,0,0,0,0,0,0,0,0,0,0,0,0,0,0
532480,260,1,0,0,0,0,0,-0.00221,0.01156,0.6407,2940,22,22,22,10,26,25,0,0,0,0,0,0,0,0,0,0,0,0,0,0,0
534528,261,1,0,0,0,0,0,-0.00469,0.01083,0.6019,2853,25,25,33,9,30,30,0,0,0,0,0,0,0,0,0,0,0,0,0,0,0
536576,262,1,0,0,0,0,0,-0.00401,0.00859,0.6156,2642,22,22,17,8,21,21,0,0,0,0,0,0,0,0,0,0,0,0,0,0,0
538624,263,1,0,0,0,0,0,-0.00102,0.01314,0.5819,2748,34,34,26,12,35,34,0,0,0,0,0,0,0,0,0,0,0,0,0,0,0
540672,264,1,0,0,0,0,0,-0.00565,0.00875,0.5754,2844,33,33,22,7,28,28,0,0,0,0,0,0,0,0,0,0,0,0,0,0,0
542720,265,1,0,0,0,0,0,-0.00267,0.01092,0.536,2991,23,23,33,12,23,23,0,0,0,0,0,0,0,0,0,0,0,0,0,0,0
544768,266,1,0,0,0,0,0,-0.00171,0.00845,0.62,2927,21,21,20,9,21,21,0,0,0,0,0,0,0,0,0,0,0,0,0,0,0
546816,267,1,0,0,0,0,0,-0.00429,0.01087,0.4912,2789,32,32,26,9,26,25,0,0,0,0,0,0,0,0,0,0,0,0,0,0,0
548864,268,1,0,0,0,0,0,-0.00224,0.00771,0.5018,2909,24,24,20,8,27,27,0,0,0,0,0,0,0,0,0,0,0,0,0,0,0
550912,269,1,0,0,0,0,0,-0.00433,0.01085,0.5538,2795,27,26,26,11,35,35,0,0,0,0,0,0,0,0,0,0,0,0,0,0,0
552960,270,1,0,0,0,0,0,-0.0005,0.00919,0.583,2846,26,26,22,11,28,28,0,0,0,0,0,0,0,0,0,0,0,0,0,0,0
555008,271,1,0,0,0,0,0,-0.00524,0.01315,0.576,3090,24,23,31,13,23,23,0,0,0,0,0,0,0,0,0,0,0,0,0,0,0
557056,272,1,0,0,0,0,0,-0.00728,0.00756,0.5799,2930,32,32,18,9,28,28,0,0,0,0,0,0,0,0,0,0,0,0,0,0,0
559104,273,1,0,0,0,0,0,-0.00459,0.00925,0.5788,2647,19,19,25,6,31,31,0,0,0,0,0,0,0,0,0,0,0,0,0,0,0
561152,274,1,0,0,0,0,0,-0.00321,0.00989,0.5868,2808,22,22,27,11,24,24,0,0,0,0,0,0,0,0,0,0,0,0,0,0,0
563200,275,1,0,0,0,0,0,-0.00602,0.00903,0.5767,2840,26,26,24,8,23,23,0,0,0,0,0,0,0,0,0,0,0,0,0,0,0
565248,276,1,0,0,0,0,0,-0.00075,0.00773,0.56,2885,21,21,20,8,28,28,0,0,0,0,0,0,0,0,0,0,0,0,0,0,0
567296,277,1,0,0,0,0,0,-0.00049,0.01068,0.5258,2744,33,33,25,11,25,25,0,0,0,0,0,0,0,0,0,0,0,0,0,0,0
569344,278,1,0,0,0,0,0,0.00055,0.00877,0.4997,2922,30,30,24,10,25,25,0,0,0,0,0,0,0,0,0,0,0,0,0,0,0
571392,279,1,0,0,0,0,0,-0.00583,0.01078,0.5176,3046,40,39,23,13,27,27,0,0,0,0,0,0,0,0,0,0,0,0,0,0,0
573440,280,1,0,0,0,0,0,-0.00532,0.01171,0.5539,3164,19,19,26,10,28,28,0,0,0,0,0,0,0,0,0,0,0,0,0,0,0
575488,281,1,0,0,0,0,0,-0.00358,0.00851,0.4928,3291,32,32,25,12,29,29,0,0,0,0,0,0,0,0,0,0,0,0,0,0,0
577536,282,1,0,0,0,0,0,-0.00417,0.01072,0.4959,3060,33,33,27,9,27,27,0,0,0,0,0,0,0,0,0,0,0,0,0,0,0
579584,283,1,0,0,0,0,0,-0.0017,0.01103,0.4989,2976,23,23,21,16,38,38,0,0,0,0,0,0,0,0,0,0,0,0,0,0,0
581632,284,1,0,0,0,0,0,-0.00458,0.00915,0.4907,2948,25,25,25,10,27,27,0,0,0,0,0,0,0,0,0,0,0,0,0,0,0
583680,285,1,0,0,0,0,0,-0.00427,0.00527,0.5009,3009,21,21,15,6,22,22,0,0,0,0,0,0,0,0,0,0,0,0,0,0,0
585728,286,1,0,0,0,0,0,0.00279,0.00941,0.4841,2641,17,17,24,11,18,18,0,0,0,0,0,0,0,0,0,0,0,0,0,0,0
587776,287,1,0,0,0,0,0,-0.00234,0.01034,0.5411,2844,20,20,28,12,18,18,0,0,0,0,0,0,0,0,0,0,0,0,0,0,0
589824,288,1,0,0,0,0,0,-0.00289,0.00901,0.5374,2614,27,27,19,11,24,24,0,0,0,0,0,0,0,0,0,0,0,0,0,0,0
591872,289,1,0,0,0,0,0,-0.00523,0.01162,0.515,2702,17,17,29,12,27,27,0,0,0,0,0,0,0,0,0,0,0,0,0,0,0
593920,290,1,0,0,0,0,0,-0.00374,0.0066,0.532,2717,29,29,18,1,19,19,0,0,0,0,0,0,0,0,0,0,0,0,0,0,0
595968,291,1,0,0,0,0,0,-0.00495,0.0112,0.5153,2691,20,20,36,15,22,22,0,0,0,0,0,0,0,0,0,0,0,0,0,0,0
598016,292,1,0,0,0,0,0,-0.00062,0.00742,0.4944,2965,27,27,18,10,22,22,0,0,0,0,0,0,0,0,0,0,0,0,0,0,0
600064,293,1,0,0,0,0,0,-0.00674,0.00869,0.4726,2860,22,22,24,12,23,23,0,0,0,0,0,0,0,0,0,0,0,0,0,0,0
602112,294,1,0,0,0,0,0,-0.00455,0.00804,0.4764,3042,27,27,24,9,14,14,0,0,0,0,0,0,0,0,0,0,0,0,0,0,0
604160,295,1,0,0,0,0,0,-0.00515,0.00867,0.4748,3033,16,16,27,13,30,30,0,0,0,0,0,0,0,0,0,0,0,0,0,0,0
606208,296,1,0,0,0,0,0,-0.00523,0.00983,0.493,2869,18,18,36,8,19,19,0,0,0,0,0,0,0,0,0,0,0,0,0,0,0
608256,297,1,0,0,0,0,0,-0.00744,0.00807,0.4848,2944,23,23,23,9,20,20,0,0,0,0,0,0,0,0,0,0,0,0,0,0,0
610304,298,1,0,0,0,0,0,0.00102,0.00798,0.4659,2819,30,30,20,10,26,26,0,0,0,0,0,0,0,0,0,0,0,0,0,0,0
612352,299,1,0,0,0,0,0,-0.00172,0.00884,0.458,3022,24,24,22,15,22,22,0,0,0,0,0,0,0,0,0,0,0,0,0,0,0
614400,300,1,0,0,0,0,0,0.00038,0.00801,0.4752,2921,25,25,19,8,20,20,0,0,0,0,0,0,0,0,0,0,0,0,0,0,0
616448,301,1,0,0,0,0,0,-0.00248,0.00634,0.471,3033,22,22,19,7,30,30,0,0,0,0,0,0,0,0,0,0,0,0,0,0,0
618496,302,1,0,0,0,0,0,-0.00259,0.00768,0.4798,3024,26,26,22,9,17,17,0,0,0,0,0,0,0,0,0,0,0,0,0,0,0
620544,303,1,0,0,0,0,0,-0.00682,0.01179,0.4943,2986,18,18,23,13,20,20,0,0,0,0,0,0,0,0,0,0,0,0,0,0,0
622592,304,1,0,0,0,0,0,-0.00109,0.0098,0.4135,3075,18,18,24,7,18,18,0,0,0,0,0,0,0,0,0,0,0,0,0,0,0
624640,305,1,0,0,0,0,0,-0.00512,0.01114,0.4681,2776,16,16,27,13,24,24,0,0,0,0,0,0,0,0,0,0,0,0,0,0,0
626688,306,1,0,0,0,0,0,-0.00232,0.01255,0.3784,2826,22,22,28,16,18,18,0,0,0,0,0,0,0,0,0,0,0,0,0,0,0
628736,307,1,0,0,0,0,0,-0.00029,0.00951,0.4199,3085,27,27,21,9,31,31,0,0,0,0,0,0,0,0,0,0,0,0,0,0,0
630784,308,1,0,0,0,0,0,-0.00529,0.01023,0.4275,3056,18,18,21,8,34,34,0,0,0,0,0,0,0,0,0,0,0,0,0,0,0
632832,309,1,0,0,0,0,0,-0.00409,0.00721,0.3218,2671,27,27,14,10,17,17,0,0,0,0,0,0,0,0,0,0,0,0,0,0,0
634880,310,1,0,0,0,0,0,-0.00387,0.0111,0.3777,3103,26,26,34,21,21,21,0,0,0,0,0,0,0,0,0,0,0,0,0,0,0
636928,311,1,0,0,0,0,0,-0.00158,0.00844,0.3969,2996,28,28,22,10,27,27,0,0,0,0,0,0,0,0,0,0,0,0,0,0,0
638976,312,1,0,0,0,0,0,-0.00318,0.01027,0.4408,3053,24,24,26,9,26,26,0,0,0,0,0,0,0,0,0,0,0,0,0,0,0
641024,313,1,0,0,0,0,0,-0.00087,0.00705,0.4599,2992,26,26,19,10,23,23,0,0,0,0,0,0,0,0,0,0,0,0,0,0,0
643072,314,1,0,0,0,0,0,0.00038,0.01083,0.4518,3189,27,27,29,14,21,21,0,0,0,0,0,0,0,0,0,0,0,0,0,0,0
645120,315,1,0,0,0,0,0,0.00089,0.00738,0.4657,3224,22,22,23,11,35,35,0,0,0,0,0,0,0,0,0,0,0,0,0,0,0
647168,316,1,0,0,0,0,0,-0.00604,0.0074,0.5164,3236,19,19,20,15,14,14,0,0,0,0,0,0,0,0,0,0,0,0,0,0,0
649216,317,1,0,0,0,0,0,-0.00437,0.00678,0.4407,3203,22,22,23,12,19,19,0,0,0,0,0,0,0,0,0,0,0,0,0,0,0
651264,318,1,0,0,0,0,0,-0.00242,0.0098,0.4225,3229,23,23,28,21,24,24,0,0,0,0,0,0,0,0,0,0,0,0,0,0,0
653312,319,1,0,0,0,0,0,0.00234,0.00913,0.4172,3065,20,20,27,17,22,22,0,0,0,0,0,0,0,0,0,0,0,0,0,0,0
655360,320,1,0,0,0,0,0,-0.00304,0.01085,0.4244,3020,21,21,33,24,26,26,0,0,0,0,0,0,0,0,0,0,0,0,0,0,0
657408,321,1,0,0,0,0,0,-0.00432,0.00813,0.4464,2901,26,26,20,9,32,32,0,0,0,0,0,0,0,0,0,0,0,0,0,0,0
659456,322,1,0,0,0,0,0,-0.00463,0.00658,0.4466,2739,17,17,19,12,16,16,0,0,0,0,0,0,0,0,0,0,0,0,0,0,0
661504,323,1,0,0,0,0,0,-0.00531,0.00831,0.4316,2851,26,26,26,12,19,19,0,0,0,0,0,0,0,0,0,0,0,0,0,0,0
663552,324,1,0,0,0,0,0,0.00103,0.00896,0.3939,2883,25,25,26,15,24,24,0,0,0,0,0,0,0,0,0,0,0,0,0,0,0
665600,325,1,0,0,0,0,0,-0.00373,0.01009,0.3686,2842,15,15,30,18,20,20,0,0,0,0,0,0,0,0,0,0,0,0,0,0,0
667648,326,1,0,0,0,0,0,-0.00235,0.0108,0.3845,2913,24,24,32,20,24,24,0,0,0,0,0,0,0,0,0,0,0,0,0,0,0
669696,327,1,0,0,0,0,0,-0.00374,0.0081,0.3793,2863,24,24,29,21,24,24,0,0,0,0,0,0,0,0,0,0,0,0,0,0,0
671744,328,1,0,0,0,0,0,-0.00395,0.00875,0.3669,3095,26,26,29,19,24,24,0,0,0,0,0,0,0,0,0,0,0,0,0,0,0
673792,329,1,0,0,0,0,0,-0.00264,0.00818,0.3629,2903,26,26,22,13,25,25,0,0,0,0,0,0,0,0,0,0,0,0,0,0,0
675840,330,1,0,0,0,0,0,-0.00562,0.00974,0.3497,2974,20,20,24,12,15,15,0,0,0,0,0,0,0,0,0,0,0,0,0,0,0
677888,331,1,0,0,0,0,0,-0.00517,0.00911,0.3627,2820,29,29,28,17,24,24,0,0,0,0,0,0,0,0,0,0,0,0,0,0,0
679936,332,1,0,0,0,0,0,-0.00018,0.00725,0.4304,2717,16,16,26,20,23,23,0,0,0,0,0,0,0,0,0,0,0,0,0,0,0
681984,333,1,0,0,0,0,0,-0.00375,0.0101,0.382,2845,25,25,31,14,30,30,0,0,0,0,0,0,0,0,0,0,0,0,0,0,0
684032,334,1,0,0,0,0,0,-0.00708,0.00852,0.3646,3017,35,35,21,12,32,32,0,0,0,0,0,0,0,0,0,0,0,0,0,0,0
686080,335,1,0,0,0,0,0,-0.00317,0.0059,0.383,3100,18,18,17,8,32,32,0,0,0,0,0,0,0,0,0,0,0,0,0,0,0
688128,336,1,0,0,0,0,0,-0.00123,0.00776,0.3886,3146,12,12,25,16,17,17,0,0,0,0,0,0,0,0,0,0,0,0,0,0,0
690176,337,1,0,0,0,0,0,-0.00155,0.00996,0.3815,3238,21,20,24,13,26,25,0,0,0,0,0,0,0,0,0,0,0,0,0,0,0
692224,338,1,0,0,0,0,0,-0.00362,0.00938,0.3621,2854,38,38,21,9,31,31,0,0,0,0,0,0,0,0,0,0,0,0,0,0,0
694272,339,1,0,0,0,0,0,0.00528,0.00807,0.3825,3126,25,25,20,10,33,33,0,0,0,0,0,0,0,0,0,0,0,0,0,0,0
696320,340,1,0,0,0,0,0,0.00447,0.00809,0.3981,3163,30,30,27,19,28,28,0,0,0,0,0,0,0,0,0,0,0,0,0,0,0
698368,341,1,0,0,0,0,0,0.00204,0.01058,0.4007,3130,27,27,30,15,28,28,0,0,0,0,0,0,0,0,0,0,0,0,0,0,0
700416,342,1,0,0,0,0,0,-0.00467,0.00692,0.4173,2974,21,21,22,16,17,17,0,0,0,0,0,0,0,0,0,0,0,0,0,0,0
702464,343,1,0,0,0,0,0,-0.00475,0.00878,0.4497,2827,21,21,29,16,24,24,0,0,0,0,0,0,0,0,0,0,0,0,0,0,0
704512,344,1,0,0,0,0,0,-0.00341,0.00794,0.4418,2768,22,22,20,10,26,26,0,0,0,0,0,0,0,0,0,0,0,0,0,0,0
706560,345,1,0,0,0,0,0,-0.00363,0.00912,0.3812,3054,19,19,28,14,28,28,0,0,0,0,0,0,0,0,0,0,0,0,0,0,0
708608,346,1,0,0,0,0,0,-0.00437,0.011,0.4124,3025,26,26,28,21,34,34,0,0,0,0,0,0,0,0,0,0,0,0,0,0,0
710656,347,1,0,0,0,0,0,0.00275,0.00919,0.3996,3187,33,33,22,9,28,28,0,0,0,0,0,0,0,0,0,0,0,0,0,0,0
712704,348,1,0,0,0,0,0,-0.002,0.00728,0.3973,3025,22,22,21,15,23,23,0,0,0,0,0,0,0,0,0,0,0,0,0,0,0
714752,349,1,0,0,0,0,0,-0.00293,0.01,0.3817,2996,30,30,31,20,25,25,0,0,0,0,0,0,0,0,0,0,0,0,0,0,0
716800,350,1,0,0,0,0,0,-0.00454,0.0095,0.3421,2953,25,25,27,18,33,33,0,0,0,0,0,0,0,0,0,0,0,0,0,0,0
718848,351,1,0,0,0,0,0,-0.00424,0.00954,0.3653,3143,25,25,29,17,29,29,0,0,0,0,0,0,0,0,0,0,0,0,0,0,0
720896,352,1,0,0,0,0,0,-0.00128,0.01046,0.3133,3047,31,31,26,11,29,29,0,0,0,0,0,0,0,0,0,0,0,0,0,0,0
722944,353,1,0,0,0,0,0,-0.00206,0.01255,0.3547,2996,19,19,32,19,32,32,0,0,0,0,0,0,0,0,0,0,0,0,0,0,0
724992,354,1,0,0,0,0,0,-0.00263,0.0096,0.343,3083,23,23,29,17,21,21,0,0,0,0,0,0,0,0,0,0,0,0,0,0,0
727040,355,1,0,0,0,0,0,0.0009,0.01038,0.3685,3054,26,26,29,20,24,24,0,0,0,0,0,0,0,0,0,0,0,0,0,0,0
729088,356,1,0,0,0,0,0,-0.00183,0.00676,0.3662,3223,21,21,18,9,28,28,0,0,0,0,0,0,0,0,0,0,0,0,0,0,0
731136,357,1,0,0,0,0,0,-0.00195,0.00745,0.3875,3137,26,26,21,10,22,22,0,0,0,0,0,0,0,0,0,0,0,0,0,0,0
733184,358,1,0,0,0,0,0,-0.00293,0.01093,0.3794,3122,14,14,28,18,20,20,0,0,0,0,0,0,0,0,0,0,0,0,0,0,0
735232,359,1,0,0,0,0,0,-0.0043,0.00801,0.3696,3278,23,23,19,12,30,30,0,0,0,0,0,0,0,0,0,0,0,0,0,0,0
737280,360,1,0,0,0,0,0,-0.00355,0.00764,0.3731,2974,15,15,22,12,25,25,0,0,0,0,0,0,0,0,0,0,0,0,0,0,0
739328,361,1,0,0,0,0,0,-0.00596,0.00731,0.3353,2982,28,28,22,16,26,26,0,0,0,0,0,0,0,0,0,0,0,0,0,0,0
741376,362,1,0,0,0,0,0,-0.00404,0.01042,0.3567,2820,22,22,28,21,25,25,0,0,0,0,0,0,0,0,0,0,0,0,0,0,0
743424,363,1,0,0,0,0,0,-0.00365,0.00579,0.3469,2981,23,23,10,4,20,20,0,0,0,0,0,0,0,0,0,0,0,0,0,0,0
745472,364,1,0,0,0,0,0,-0.00392,0.00889,0.3656,2846,21,21,23,12,21,21,0,0,0,0,0,0,0,0,0,0,0,0,0,0,0
747520,365,1,0,0,0,0,0,-0.00548,0.01178,0.4159,3115,24,24,23,13,33,33,0,0,0,0,0,0,0,0,0,0,0,0,0,0,0
749568,366,1,0,0,0,0,0,-0.00434,0.01046,0.3846,2897,25,25,22,13,30,30,0,0,0,0,0,0,0,0,0,0,0,0,0,0,0
751616,367,1,0,0,0,0,0,0.00257,0.01182,0.4006,2917,20,20,25,15,27,27,0,0,0,0,0,0,0,0,0,0,0,0,0,0,0
753664,368,1,0,0,0,0,0,-0.0074,0.00868,0.3711,3080,27,27,26,21,28,28,0,0,0,0,0,0,0,0,0,0,0,0,0,0,0
755712,369,1,0,0,0,0,0,-0.00518,0.00789,0.3681,3163,35,35,20,17,29,29,0,0,0,0,0,0,0,0,0,0,0,0,0,0,0
757760,370,1,0,0,0,0,0,-0.00174,0.00829,0.3432,2962,28,28,25,13,37,37,0,0,0,0,0,0,0,0,0,0,0,0,0,0,0
759808,371,1,0,0,0,0,0,-0.00378,0.00858,0.3826,2716,28,28,23,16,21,21,0,0,0,0,0,0,0,0,0,0,0,0,0,0,0
761856,372,1,0,0,0,0,0,-0.0027,0.00742,0.3752,2895,23,23,16,7,21,21,0,0,0,0,0,0,0,0,0,0,0,0,0,0,0
763904,373,1,0,0,0,0,0,-0.0051,0.00801,0.4186,2615,24,24,18,9,27,27,0,0,0,0,0,0,0,0,0,0,0,0,0,0,0
765952,374,1,0,0,0,0,0,-0.00635,0.00614,0.3881,2852,18,18,21,13,19,19,0,0,0,0,0,0,0,0,0,0,0,0,0,0,0
768000,375,1,0,0,0,0,0,-0.00545,0.00882,0.351,2790,25,25,28,19,26,26,0,0,0,0,0,0,0,0,0,0,0,0,0,0,0
770048,376,1,0,0,0,0,0,-0.00495,0.00922,0.3528,3078,27,27,25,12,22,22,0,0,0,0,0,0,0,0,0,0,0,0,0,0,0
772096,377,1,0,0,0,0,0,-0.0019,0.00914,0.3231,2983,34,34,24,15,31,31,0,0,0,0,0,0,0,0,0,0,0,0,0,0,0
774144,378,1,0,0,0,0,0,-0.00369,0.00961,0.3488,3048,24,24,29,16,27,27,0,0,0,0,0,0,0,0,0,0,0,0,0,0,0
776192,379,1,0,0,0,0,0,-0.00434,0.00714,0.3847,3088,28,28,18,10,33,33,0,0,0,0,0,0,0,0,0,0,0,0,0,0,0
778240,380,1,0,0,0,0,0,-0.0021,0.00803,0.3264,3003,31,31,27,18,31,31,0,0,0,0,0,0,0,0,0,0,0,0,0,0,0
780288,381,1,0,0,0,0,0,-0.00207,0.00788,0.3134,3256,30,30,23,16,31,31,0,0,0,0,0,0,0,0,0,0,0,0,0,0,0
782336,382,1,0,0,0,0,0,-0.0077,0.00984,0.3028,3295,34,34,31,16,26,26,0,0,0,0,0,0,0,0,0,0,0,0,0,0,0
784384,383,1,0,0,0,0,0,-0.0035,0.01282,0.2934,3100,29,29,39,22,23,23,0,0,0,0,0,0,0,0,0,0,0,0,0,0,0
786432,384,1,0,0,0,0,0,-0.00387,0.00844,0.3078,3161,32,32,28,19,32,32,0,0,0,0,0,0,0,0,0,0,0,0,0,0,0
788480,385,1,0,0,0,0,0,4e-05,0.0084,0.3469,3138,22,22,26,16,27,27,0,0,0,0,0,0,0,0,0,0,0,0,0,0,0
790528,386,1,0,0,0,0,0,-0.00236,0.00963,0.3157,3082,33,33,23,9,25,25,0,0,0,0,0,0,0,0,0,0,0,0,0,0,0
792576,387,1,0,0,0,0,0,-0.00092,0.00939,0.2948,3059,34,34,26,16,20,20,0,0,0,0,0,0,0,0,0,0,0,0,0,0,0
794624,388,1,0,0,0,0,0,-0.007,0.00988,0.3181,2916,32,32,28,16,28,28,0,0,0,0,0,0,0,0,0,0,0,0,0,0,0
796672,389,1,0,0,0,0,0,-0.00385,0.01031,0.3067,3160,35,35,29,18,34,34,0,0,0,0,0,0,0,0,0,0,0,0,0,0,0
798720,390,1,0,0,0,0,0,-0.00551,0.00703,0.3155,3091,31,31,21,15,31,31,0,0,0,0,0,0,0,0,0,0,0,0,0,0,0
800768,391,1,0,0,0,0,0,-0.00582,0.00793,0.3054,2956,30,30,29,22,29,29,0,0,0,0,0,0,0,0,0,0,0,0,0,0,0
802816,392,1,0,0,0,0,0,-0.00247,0.00839,0.2891,3028,24,24,32,24,24,24,0,0,0,0,0,0,0,0,0,0,0,0,0,0,0
804864,393,1,0,0,0,0,0,-0.00775,0.00994,0.3115,3137,27,27,29,20,25,25,0,0,0,0,0,0,0,0,0,0,0,0,0,0,0
806912,394,1,0,0,0,0,0,-0.00581,0.01004,0.3102,3255,30,30,33,24,28,28,0,0,0,0,0,0,0,0,0,0,0,0,0,0,0
808960,395,1,0,0,0,0,0,-0.00215,0.01228,0.2868,3007,30,30,33,20,35,35,0,0,0,0,0,0,0,0,0,0,0,0,0,0,0
811008,396,1,0,0,0,0,0,-0.00375,0.00655,0.3063,3278,37,37,20,14,33,33,0,0,0,0,0,0,0,0,0,0,0,0,0,0,0
813056,397,1,0,0,0,0,0,0.00418,0.00762,0.3084,3089,32,32,21,14,33,33,0,0,0,0,0,0,0,0,0,0,0,0,0,0,0
815104,398,1,0,0,0,0,0,-0.00784,0.01041,0.3271,3041,31,31,36,24,23,23,0,0,0,0,0,0,0,0,0,0,0,0,0,0,0
817152,399,1,0,0,0,0,0,-0.00369,0.01039,0.3253,2884,35,35,33,21,23,23,0,0,0,0,0,0,0,0,0,0,0,0,0,0,0
819200,400,1,0,0,0,0,0,-0.00364,0.00857,0.3011,2915,38,38,30,20,32,32,0,0,0,0,0,0,0,0,0,0,0,0,0,0,0
821248,401,1,0,0,0,0,0,-0.00326,0.00606,0.3615,3130,28,28,22,16,36,36,0,0,0,0,0,0,0,0,0,0,0,0,0,0,0
823296,402,1,0,0,0,0,0,-0.00619,0.00765,0.3645,3278,22,22,25,14,20,20,0,0,0,0,0,0,0,0,0,0,0,0,0,0,0
825344,403,1,0,0,0,0,0,-0.00546,0.0068,0.3254,2861,37,37,25,19,27,27,0,0,0,0,0,0,0,0,0,0,0,0,0,0,0
827392,404,1,0,0,0,0,0,-0.00389,0.00907,0.338,3052,22,22,31,20,32,32,0,0,0,0,0,0,0,0,0,0,0,0,0,0,0
829440,405,1,0,0,0,0,0,-0.00461,0.00754,0.317,3023,38,38,32,27,24,24,0,0,0,0,0,0,0,0,0,0,0,0,0,0,0
831488,406,1,0,0,0,0,0,-0.00407,0.00672,0.3218,3259,23,23,27,23,25,25,0,0,0,0,0,0,0,0,0,0,0,0,0,0,0
833536,407,1,0,0,0,0,0,-0.00238,0.00764,0.295,2835,21,21,29,23,18,18,0,0,0,0,0,0,0,0,0,0,0,0,0,0,0
835584,408,1,0,0,0,0,0,-0.00428,0.0056,0.2476,3021,32,32,17,11,19,19,0,0,0,0,0,0,0,0,0,0,0,0,0,0,0
837632,409,1,0,0,0,0,0,-0.00306,0.01038,0.2797,1891,25,25,24,10,33,33,0,0,0,0,0,0,0,0,0,0,0,0,0,0,0
839680,410,1,0,0,0,0,0,-0.004,0.00943,0.3025,1779,24,24,26,16,31,31,0,0,0,0,0,0,0,0,0,0,0,0,0,0,0
841728,411,1,0,0,0,0,0,-0.00242,0.01025,0.2985,2390,25,25,30,23,22,22,0,0,0,0,0,0,0,0,0,0,0,0,0,0,0
843776,412,1,0,0,0,0,0,-0.00638,0.00743,0.2898,3313,30,30,27,19,29,29,0,0,0,0,0,0,0,0,0,0,0,0,0,0,0
845824,413,1,0,0,0,0,0,-0.00445,0.00865,0.2612,3050,25,25,29,18,27,27,0,0,0,0,0,0,0,0,0,0,0,0,0,0,0
847872,414,1,0,0,0,0,0,-0.00536,0.00525,0.269,2877,32,32,15,7,31,31,0,0,0,0,0,0,0,0,0,0,0,0,0,0,0
849920,415,1,0,0,0,0,0,-0.00368,0.00983,0.2711,3079,20,20,33,28,28,28,0,0,0,0,0,0,0,0,0,0,0,0,0,0,0
851968,416,1,0,0,0,0,0,-0.00314,0.00828,0.2677,3074,26,26,25,16,20,20,0,0,0,0,0,0,0,0,0,0,0,0,0,0,0
854016,417,1,0,0,0,0,0,-0.00045,0.00741,0.2754,2744,29,29,31,27,29,29,0,0,0,0,0,0,0,0,0,0,0,0,0,0,0
856064,418,1,0,0,0,0,0,-0.0056,0.01008,0.287,2745,32,32,27,12,32,32,0,0,0,0,0,0,0,0,0,0,0,0,0,0,0
858112,419,1,0,0,0,0,0,-0.00483,0.00972,0.2708,2840,28,28,30,18,21,21,0,0,0,0,0,0,0,0,0,0,0,0,0,0,0
860160,420,1,0,0,0,0,0,-0.0008,0.00544,0.3069,2922,32,32,19,16,17,17,0,0,0,0,0,0,0,0,0,0,0,0,0,0,0
862208,421,1,0,0,0,0,0,-0.00089,0.00708,0.2808,3090,34,34,23,12,28,28,0,0,0,0,0,0,0,0,0,0,0,0,0,0,0
864256,422,1,0,0,0,0,0,-0.0026,0.00682,0.2669,3194,25,25,25,20,28,28,0,0,0,0,0,0,0,0,0,0,0,0,0,0,0
866304,423,1,0,0,0,0,0,-0.00523,0.00884,0.2396,2998,33,33,31,21,22,22,0,0,0,0,0,0,0,0,0,0,0,0,0,0,0
868352,424,1,0,0,0,0,0,-0.00403,0.00728,0.2615,3110,32,32,20,15,34,34,0,0,0,0,0,0,0,0,0,0,0,0,0,0,0
870400,425,1,0,0,0,0,0,-0.00243,0.00877,0.2623,2879,34,34,31,22,21,21,0,0,0,0,0,0,0,0,0,0,0,0,0,0,0
872448,426,1,0,0,0,0,0,-0.00263,0.00949,0.2401,3088,25,25,28,18,31,31,0,0,0,0,0,0,0,0,0,0,0,0,0,0,0
874496,427,1,0,0,0,0,0,-0.00485,0.00777,0.253,3098,29,29,25,16,23,23,0,0,0,0,0,0,0,0,0,0,0,0,0,0,0
876544,428,1,0,0,0,0,0,-0.00447,0.00884,0.2313,3342,32,32,25,12,28,28,0,0,0,0,0,0,0,0,0,0,0,0,0,0,0
878592,429,1,0,0,0,0,0,-0.00245,0.0089,0.2193,3116,35,35,27,18,21,21,0,0,0,0,0,0,0,0,0,0,0,0,0,0,0
880640,430,1,0,0,0,0,0,-0.00214,0.00938,0.2449,3163,24,24,33,23,33,33,0,0,0,0,0,0,0,0,0,0,0,0,0,0,0
882688,431,1,0,0,0,0,0,-0.00196,0.00921,0.2356,2780,31,31,29,21,21,21,0,0,0,0,0,0,0,0,0,0,0,0,0,0,0
884736,432,1,0,0,0,0,0,-0.00376,0.00756,0.2647,2777,27,27,28,21,24,24,0,0,0,0,0,0,0,0,0,0,0,0,0,0,0
886784,433,1,0,0,0,0,0,0.00037,0.00805,0.2246,3058,35,35,28,19,33,33,0,0,0,0,0,0,0,0,0,0,0,0,0,0,0
888832,434,1,0,0,0,0,0,-0.00225,0.00947,0.25,2947,27,27,37,28,24,24,0,0,0,0,0,0,0,0,0,0,0,0,0,0,0
890880,435,1,0,0,0,0,0,-0.00594,0.00712,0.2704,2968,24,24,26,18,31,31,0,0,0,0,0,0,0,0,0,0,0,0,0,0,0
892928,436,1,0,0,0,0,0,0.00056,0.00807,0.2817,2948,14,14,31,25,21,21,0,0,0,0,0,0,0,0,0,0,0,0,0,0,0
894976,437,1,0,0,0,0,0,-0.00356,0.0099,0.2211,2640,27,27,34,21,32,32,0,0,0,0,0,0,0,0,0,0,0,0,0,0,0
897024,438,1,0,0,0,0,0,-0.00563,0.00782,0.2405,2697,23,23,27,19,24,24,0,0,0,0,0,0,0,0,0,0,0,0,0,0,0
899072,439,1,0,0,0,0,0,0.00518,0.00859,0.2259,2730,30,30,31,24,30,30,0,0,0,0,0,0,0,0,0,0,0,0,0,0,0
901120,440,1,0,0,0,0,0,-0.00416,0.0068,0.2268,2937,35,35,31,25,32,32,0,0,0,0,0,0,0,0,0,0,0,0,0,0,0
903168,441,1,0,0,0,0,0,-0.00401,0.00754,0.2362,3020,39,39,28,18,33,33,0,0,0,0,0,0,0,0,0,0,0,0,0,0,0
905216,442,1,0,0,0,0,0,-0.00527,0.00855,0.2303,3103,34,34,28,22,18,18,0,0,0,0,0,0,0,0,0,0,0,0,0,0,0
907264,443,1,0,0,0,0,0,-0.0041,0.00995,0.2341,2776,28,28,33,20,25,25,0,0,0,0,0,0,0,0,0,0,0,0,0,0,0
909312,444,1,0,0,0,0,0,-0.00388,0.00668,0.251,3082,31,31,22,19,35,35,0,0,0,0,0,0,0,0,0,0,0,0,0,0,0
911360,445,1,0,0,0,0,0,-0.00717,0.00983,0.3077,3035,25,25,25,16,24,24,0,0,0,0,0,0,0,0,0,0,0,0,0,0,0
913408,446,1,0,0,0,0,0,-0.00564,0.01223,0.3029,3065,24,24,31,16,27,27,0,0,0,0,0,0,0,0,0,0,0,0,0,0,0
915456,447,1,0,0,0,0,0,-0.00478,0.01053,0.2805,2941,15,15,25,15,28,28,0,0,0,0,0,0,0,0,0,0,0,0,0,0,0
917504,448,1,0,0,0,0,0,0.00177,0.00941,0.2407,2825,29,29,27,14,24,24,0,0,0,0,0,0,0,0,0,0,0,0,0,0,0
919552,449,1,0,0,0,0,0,-0.00256,0.00917,0.2307,3084,23,23,32,21,21,21,0,0,0,0,0,0,0,0,0,0,0,0,0,0,0
921600,450,1,0,0,0,0,0,-0.00488,0.00853,0.214,3232,37,37,25,14,27,27,0,0,0,0,0,0,0,0,0,0,0,0,0,0,0
923648,451,1,0,0,0,0,0,-0.00403,0.00888,0.2399,2847,28,28,28,15,30,30,0,0,0,0,0,0,0,0,0,0,0,0,0,0,0
925696,452,1,0,0,0,0,0,-0.00508,0.01048,0.2301,2926,31,31,30,15,31,31,0,0,0,0,0,0,0,0,0,0,0,0,0,0,0
927744,453,1,0,0,0,0,0,-0.00297,0.00834,0.1791,3266,28,28,31,22,40,40,0,0,0,0,0,0,0,0,0,0,0,0,0,0,0
929792,454,1,0,0,0,0,0,-0.00697,0.00843,0.2001,2911,26,26,27,21,26,26,0,0,0,0,0,0,0,0,0,0,0,0,0,0,0
931840,455,1,0,0,0,0,0,0.00131,0.00772,0.1454,3018,30,30,28,19,29,29,0,0,0,0,0,0,0,0,0,0,0,0,0,0,0
933888,456,1,0,0,0,0,0,-0.00356,0.00738,0.1685,3045,35,35,23,16,32,32,0,0,0,0,0,0,0,0,0,0,0,0,0,0,0
935936,457,1,0,0,0,0,0,-0.00241,0.00851,0.2047,3115,31,31,28,20,29,29,0,0,0,0,0,0,0,0,0,0,0,0,0,0,0
937984,458,1,0,0,0,0,0,-0.0029,0.00852,0.2189,2930,27,27,28,18,30,30,0,0,0,0,0,0,0,0,0,0,0,0,0,0,0
940032,459,1,0,0,0,0,0,-0.0041,0.00616,0.173,3046,35,35,27,23,38,38,0,0,0,0,0,0,0,0,0,0,0,0,0,0,0
942080,460,1,0,0,0,0,0,-0.00151,0.00883,0.2114,3001,31,31,22,17,28,28,0,0,0,0,0,0,0,0,0,0,0,0,0,0,0
944128,461,1,0,0,0,0,0,-0.00477,0.01225,0.2489,2977,19,19,29,18,30,30,0,0,0,0,0,0,0,0,0,0,0,0,0,0,0
946176,462,1,0,0,0,0,0,-0.00325,0.00994,0.2086,2866,30,30,27,21,27,27,0,0,0,0,0,0,0,0,0,0,0,0,0,0,0
948224,463,1,0,0,0,0,0,-0.0025,0.00902,0.2245,2825,28,28,29,18,35,35,0,0,0,0,0,0,0,0,0,0,0,0,0,0,0
950272,464,1,0,0,0,0,0,-0.00287,0.00928,0.2132,2989,27,27,28,17,34,34,0,0,0,0,0,0,0,0,0,0,0,0,0,0,0
952320,465,1,0,0,0,0,0,-0.00089,0.00787,0.214,2895,24,24,32,25,26,26,0,0,0,0,0,0,0,0,0,0,0,0,0,0,0
954368,466,1,0,0,0,0,0,-0.00302,0.00961,0.2219,2946,31,31,32,25,26,26,0,0,0,0,0,0,0,0,0,0,0,0,0,0,0
956416,467,1,0,0,0,0,0,0.00048,0.00826,0.1961,3223,35,35,29,20,36,36,0,0,0,0,0,0,0,0,0,0,0,0,0,0,0
958464,468,1,0,0,0,0,0,0.00047,0.00981,0.1757,3106,35,35,32,22,23,23,0,0,0,0,0,0,0,0,0,0,0,0,0,0,0
960512,469,1,0,0,0,0,0,-0.00189,0.00715,0.1998,3100,35,35,30,25,22,22,0,0,0,0,0,0,0,0,0,0,0,0,0,0,0
962560,470,1,0,0,0,0,0,-0.00386,0.00651,0.2056,2773,29,29,30,25,20,20,0,0,0,0,0,0,0,0,0,0,0,0,0,0,0
964608,471,1,0,0,0,0,0,0.0018,0.00849,0.1974,2905,22,22,23,13,22,22,0,0,0,0,0,0,0,0,0,0,0,0,0,0,0
966656,472,1,0,0,0,0,0,-0.00556,0.00948,0.1924,2917,28,28,33,22,18,18,0,0,0,0,0,0,0,0,0,0,0,0,0,0,0
968704,473,1,0,0,0,0,0,-0.00475,0.00648,0.1727,3217,29,29,28,23,30,30,0,0,0,0,0,0,0,0,0,0,0,0,0,0,0
970752,474,1,0,0,0,0,0,-0.00156,0.0072,0.2396,3098,26,26,25,21,31,31,0,0,0,0,0,0,0,0,0,0,0,0,0,0,0
972800,475,1,0,0,0,0,0,-0.00288,0.00776,0.2446,2732,28,28,25,19,24,24,0,0,0,0,0,0,0,0,0,0,0,0,0,0,0
974848,476,1,0,0,0,0,0,-0.00477,0.00732,0.2361,2845,23,23,30,21,30,30,0,0,0,0,0,0,0,0,0,0,0,0,0,0,0
976896,477,1,0,0,0,0,0,-0.0025,0.00725,0.2133,2671,34,34,27,20,22,22,0,0,0,0,0,0,0,0,0,0,0,0,0,0,0
978944,478,1,0,0,0,0,0,-0.00329,0.00961,0.2572,2890,22,22,35,24,22,22,0,0,0,0,0,0,0,0,0,0,0,0,0,0,0
980992,479,1,0,0,0,0,0,-0.00291,0.00796,0.193,2799,23,23,23,19,36,36,0,0,0,0,0,0,0,0,0,0,0,0,0,0,0
983040,480,1,0,0,0,0,0,-0.00188,0.00729,0.2251,2939,31,31,18,11,26,26,0,0,0,0,0,0,0,0,0,0,0,0,0,0,0
985088,481,1,0,0,0,0,0,-0.00049,0.00776,0.2099,2981,25,25,28,22,32,32,0,0,0,0,0,0,0,0,0,0,0,0,0,0,0
987136,482,1,0,0,0,0,0,0.00243,0.0104,0.2122,2964,26,26,28,24,21,20,0,0,0,0,0,0,0,0,0,0,0,0,0,0,0
989184,483,1,0,0,0,0,0,-0.00174,0.00838,0.1941,3103,18,18,19,11,25,25,0,0,0,0,0,0,0,0,0,0,0,0,0,0,0
991232,484,1,0,0,0,0,0,-0.00167,0.00991,0.1579,3142,26,26,27,15,24,24,0,0,0,0,0,0,0,0,0,0,0,0,0,0,0
993280,485,1,0,0,0,0,0,0.00195,0.01206,0.1927,2848,26,26,34,28,28,27,0,0,0,0,0,0,0,0,0,0,0,0,0,0,0
995328,486,1,0,0,0,0,0,0.00092,0.00861,0.1662,3061,28,28,27,18,30,30,0,0,0,0,0,0,0,0,0,0,0,0,0,0,0
997376,487,1,0,0,0,0,0,-0.00397,0.01001,0.1945,3036,35,35,31,24,37,37,0,0,0,0,0,0,0,0,0,0,0,0,0,0,0
999424,488,1,0,0,0,0,0,-0.00182,0.00689,0.1742,2813,35,35,24,20,40,40,0,0,0,0,0,0,0,0,0,0,0,0,0,0,0
1001472,489,1,0,0,0,0,0,-0.00386,0.00802,0.2003,2964,27,27,29,19,28,28,0,0,0,0,0,0,0,0,0,0,0,0,0,0,0
1003520,490,1,0,0,0,0,0,-0.0051,0.00943,0.2341,2814,23,23,30,20,33,33,0,0,0,0,0,0,0,0,0,0,0,0,0,0,0
1005568,491,1,0,0,0,0,0,-0.00404,0.00584,0.1967,2946,27,27,28,24,34,34,0,0,0,0,0,0,0,0,0,0,0,0,0,0,0
1007616,492,1,0,0,0,0,0,-0.00412,0.00875,0.2461,3137,32,32,30,19,20,20,0,0,0,0,0,0,0,0,0,0,0,0,0,0,0
1009664,493,1,0,0,0,0,0,-0.00217,0.00791,0.2248,3070,28,28,23,10,22,22,0,0,0,0,0,0,0,0,0,0,0,0,0,0,0
1011712,494,1,0,0,0,0,0,-0.00324,0.00809,0.2165,2849,28,28,30,21,32,32,0,0,0,0,0,0,0,0,0,0,0,0,0,0,0
1013760,495,1,0,0,0,0,0,-0.00272,0.00677,0.2001,2759,38,38,19,12,34,34,0,0,0,0,0,0,0,0,0,0,0,0,0,0,0
1015808,496,1,0,0,0,0,0,-0.00118,0.00783,0.2083,2899,21,21,28,20,27,27,0,0,0,0,0,0,0,0,0,0,0,0,0,0,0
1017856,497,1,0,0,0,0,0,-0.00227,0.00834,0.2316,3045,24,24,26,18,34,34,0,0,0,0,0,0,0,0,0,0,0,0,0,0,0
1019904,498,1,0,0,0,0,0,-0.0029,0.00997,0.2189,3063,23,23,35,25,33,33,0,0,0,0,0,0,0,0,0,0,0,0,0,0,0
1021952,499,1,0,0,0,0,0,-0.00227,0.00973,0.2184,2898,33,33,30,20,27,27,0,0,0,0,0,0,0,0,0,0,0,0,0,0,0
1024000,500,1,0,0,0,0,0,-0.00563,0.00746,0.2884,2807,23,23,28,23,13,13,0,0,0,0,0,0,0,0,0,0,0,0,0,0,0
1026048,501,1,0,0,0,0,0,-0.00532,0.00977,0.2814,2929,17,17,31,17,23,23,0,0,0,0,0,0,0,0,0,0,0,0,0,0,0
1028096,502,1,0,0,0,0,0,-0.00309,0.00706,0.233,3002,30,30,25,18,21,21,0,0,0,0,0,0,0,0,0,0,0,0,0,0,0
1030144,503,1,0,0,0,0,0,-0.00537,0.0067,0.264,2844,20,20,25,17,21,21,0,0,0,0,0,0,0,0,0,0,0,0,0,0,0
1032192,504,1,0,0,0,0,0,0.00011,0.00794,0.2648,2732,18,18,28,15,27,27,0,0,0,0,0,0,0,0,0,0,0,0,0,0,0
1034240,505,1,0,0,0,0,0,-0.00397,0.00945,0.1998,2894,32,32,40,28,34,34,0,0,0,0,0,0,0,0,0,0,0,0,0,0,0
1036288,506,1,0,0,0,0,0,-0.00119,0.00954,0.2141,2919,32,32,29,21,34,34,0,0,0,0,0,0,0,0,0,0,0,0,0,0,0
1038336,507,1,0,0,0,0,0,-0.00439,0.0065,0.2236,2985,31,31,21,13,29,29,0,0,0,0,0,0,0,0,0,0,0,0,0,0,0
1040384,508,1,0,0,0,0,0,-0.00512,0.00691,0.28,2963,17,17,22,14,25,25,0,0,0,0,0,0,0,0,0,0,0,0,0,0,0
1042432,509,1,0,0,0,0,0,-0.00121,0.00919,0.222,3030,24,24,33,20,33,33,0,0,0,0,0,0,0,0,0,0,0,0,0,0,0
1044480,510,1,0,0,0,0,0,-0.00186,0.00943,0.2139,2989,35,35,30,19,21,21,0,0,0,0,0,0,0,0,0,0,0,0,0,0,0
1046528,511,1,0,0,0,0,0,-0.00159,0.0105,0.2211,2954,24,24,28,19,28,28,0,0,0,0,0,0,0,0,0,0,0,0,0,0,0
1048576,512,1,0,0,0,0,0,-0.00082,0.00885,0.1961,3167,30,30,32,22,33,33,0,0,0,0,0,0,0,0,0,0,0,0,0,0,0
1050624,513,1,0,0,0,0,0,-0.00234,0.00813,0.1747,3057,39,39,27,17,31,31,0,0,0,0,0,0,0,0,0,0,0,0,0,0,0
1052672,514,1,0,0,0,0,0,-0.00124,0.00698,0.2065,2821,22,22,28,26,19,19,0,0,0,0,0,0,0,0,0,0,0,0,0,0,0
1054720,515,1,0,0,0,0,0,-0.00416,0.00828,0.2031,2578,28,28,25,15,15,15,0,0,0,0,0,0,0,0,0,0,0,0,0,0,0
1056768,516,1,0,0,0,0,0,-0.00227,0.00769,0.1561,2789,39,39,25,20,36,36,0,0,0,0,0,0,0,0,0,0,0,0,0,0,0
1058816,517,1,0,0,0,0,0,-0.00551,0.01041,0.1581,2748,41,41,31,21,32,32,0,0,0,0,0,0,0,0,0,0,0,0,0,0,0
1060864,518,1,0,0,0,0,0,-0.00321,0.00742,0.1494,3001,39,39,29,22,30,30,0,0,0,0,0,0,0,0,0,0,0,0,0,0,0
1062912,519,1,0,0,0,0,0,-0.00296,0.01043,0.1601,2866,27,27,33,18,42,42,0,0,0,0,0,0,0,0,0,0,0,0,0,0,0
1064960,520,1,0,0,0,0,0,-3e-05,0.00739,0.1623,3217,39,39,24,17,30,30,0,0,0,0,0,0,0,0,0,0,0,0,0,0,0
1067008,521,1,0,0,0,0,0,-0.00387,0.00764,0.164,2838,38,38,28,24,29,29,0,0,0,0,0,0,0,0,0,0,0,0,0,0,0
1069056,522,1,0,0,0,0,0,-0.00091,0.00722,0.1535,3010,37,37,32,25,33,33,0,0,0,0,0,0,0,0,0,0,0,0,0,0,0
1071104,523,1,0,0,0,0,0,-0.00268,0.00763,0.1651,3248,34,34,33,29,23,23,0,0,0,0,0,0,0,0,0,0,0,0,0,0,0
1073152,524,1,0,0,0,0,0,-0.00043,0.0089,0.1848,3106,32,32,34,23,36,36,0,0,0,0,0,0,0,0,0,0,0,0,0,0,0
1075200,525,1,0,0,0,0,0,-0.00284,0.00726,0.1713,3116,35,35,35,29,29,29,0,0,0,0,0,0,0,0,0,0,0,0,0,0,0
1077248,526,1,0,0,0,0,0,0.00028,0.00726,0.1736,3282,29,29,27,18,41,41,0,0,0,0,0,0,0,0,0,0,0,0,0,0,0
1079296,527,1,0,0,0,0,0,-0.0023,0.00873,0.1871,3177,28,28,29,20,31,31,0,0,0,0,0,0,0,0,0,0,0,0,0,0,0
1081344,528,1,0,0,0,0,0,-0.00269,0.00682,0.1922,3122,22,22,30,21,28,28,0,0,0,0,0,0,0,0,0,0,0,0,0,0,0
1083392,529,1,0,0,0,0,0,0.00504,0.01226,0.1625,3154,30,30,32,21,42,42,0,0,0,0,0,0,0,0,0,0,0,0,0,0,0
1085440,530,1,0,0,0,0,0,-0.00039,0.00932,0.1518,2824,33,33,27,20,38,38,0,0,0,0,0,0,0,0,0,0,0,0,0,0,0
1087488,531,1,0,0,0,0,0,-0.00181,0.00746,0.2108,3154,21,21,29,20,28,28,0,0,0,0,0,0,0,0,0,0,0,0,0,0,0
1089536,532,1,0,0,0,0,0,-0.00089,0.00683,0.1929,3393,16,16,24,15,24,24,0,0,0,0,0,0,0,0,0,0,0,0,0,0,0
1091584,533,1,0,0,0,0,0,-0.00538,0.00704,0.1933,2926,25,25,26,18,23,23,0,0,0,0,0,0,0,0,0,0,0,0,0,0,0
1093632,534,1,0,0,0,0,0,-0.00294,0.00772,0.175,2954,35,35,28,21,27,27,0,0,0,0,0,0,0,0,0,0,0,0,0,0,0
1095680,535,1,0,0,0,0,0,-0.00051,0.00766,0.2301,2746,26,26,25,17,23,23,0,0,0,0,0,0,0,0,0,0,0,0,0,0,0
1097728,536,1,0,0,0,0,0,-0.00349,0.00902,0.2253,3056,26,26,23,15,29,28,0,0,0,0,0,0,0,0,0,0,0,0,0,0,0
1099776,537,1,0,0,0,0,0,-0.00027,0.00526,0.1799,2911,36,36,24,21,36,36,0,0,0,0,0,0,0,0,0,0,0,0,0,0,0
1101824,538,1,0,0,0,0,0,-0.00472,0.00756,0.2015,2887,27,27,32,25,21,21,0,0,0,0,0,0,0,0,0,0,0,0,0,0,0
1103872,539,1,0,0,0,0,0,-0.00494,0.00744,0.1987,2997,25,25,25,18,38,38,0,0,0,0,0,0,0,0,0,0,0,0,0,0,0
1105920,540,1,0,0,0,0,0,-0.00074,0.00697,0.2164,2873,28,28,14,8,30,30,0,0,0,0,0,0,0,0,0,0,0,0,0,0,0
1107968,541,1,0,0,0,0,0,-0.00509,0.00959,0.2032,3040,26,26,34,19,37,37,0,0,0,0,0,0,0,0,0,0,0,0,0,0,0
1110016,542,1,0,0,0,0,0,-0.00313,0.00899,0.1921,3015,22,22,32,23,35,35,0,0,0,0,0,0,0,0,0,0,0,0,0,0,0
1112064,543,1,0,0,0,0,0,-0.0012,0.00805,0.198,2959,24,24,31,23,33,33,0,0,0,0,0,0,0,0,0,0,0,0,0,0,0
1114112,544,1,0,0,0,0,0,-0.00201,0.00678,0.2028,2971,35,35,25,21,29,29,0,0,0,0,0,0,0,0,0,0,0,0,0,0,0
1116160,545,1,0,0,0,0,0,-0.00312,0.00714,0.1537,3365,36,36,30,23,30,30,0,0,0,0,0,0,0,0,0,0,0,0,0,0,0
1118208,546,1,0,0,0,0,0,-0.00062,0.00709,0.1678,2964,36,36,25,19,29,29,0,0,0,0,0,0,0,0,0,0,0,0,0,0,0
1120256,547,1,0,0,0,0,0,-0.00313,0.00543,0.1686,3021,28,28,16,11,33,33,0,0,0,0,0,0,0,0,0,0,0,0,0,0,0
1122304,548,1,0,0,0,0,0,-0.00648,0.00709,0.1476,2841,29,29,25,19,33,33,0,0,0,0,0,0,0,0,0,0,0,0,0,0,0
1124352,549,1,0,0,0,0,0,-0.0031,0.0055,0.1637,2865,18,18,26,20,28,28,0,0,0,0,0,0,0,0,0,0,0,0,0,0,0
1126400,550,1,0,0,0,0,0,-0.00565,0.00625,0.1692,2947,35,35,25,19,41,41,0,0,0,0,0,0,0,0,0,0,0,0,0,0,0
1128448,551,1,0,0,0,0,0,-0.0065,0.00792,0.154,2767,25,25,34,26,32,32,0,0,0,0,0,0,0,0,0,0,0,0,0,0,0
1130496,552,1,0,0,0,0,0,-0.0045,0.00558,0.2147,3118,25,25,17,15,28,28,0,0,0,0,0,0,0,0,0,0,0,0,0,0,0
1132544,553,1,0,0,0,0,0,-0.00468,0.00972,0.1735,2943,24,24,32,24,39,39,0,0,0,0,0,0,0,0,0,0,0,0,0,0,0
1134592,554,1,0,0,0,0,0,-0.00097,0.00521,0.1784,3009,30,30,22,19,30,30,0,0,0,0,0,0,0,0,0,0,0,0,0,0,0
1136640,555,1,0,0,0,0,0,-0.00376,0.00714,0.153,2862,29,29,29,18,29,29,0,0,0,0,0,0,0,0,0,0,0,0,0,0,0
1138688,556,1,0,0,0,0,0,-0.00473,0.0047,0.1671,3196,24,24,14,10,12,12,0,0,0,0,0,0,0,0,0,0,0,0,0,0,0
1140736,557,1,0,0,0,0,0,-0.00294,0.00876,0.1596,2849,25,25,29,18,24,24,0,0,0,0,0,0,0,0,0,0,0,0,0,0,0
1142784,558,1,0,0,0,0,0,-0.00437,0.00623,0.1703,3196,27,27,20,14,20,20,0,0,0,0,0,0,0,0,0,0,0,0,0,0,0
1144832,559,1,0,0,0,0,0,-0.00041,0.00701,0.1812,3081,30,30,26,19,28,28,0,0,0,0,0,0,0,0,0,0,0,0,0,0,0
1146880,560,1,0,0,0,0,0,-0.00211,0.00526,0.1553,3160,21,21,20,16,26,26,0,0,0,0,0,0,0,0,0,0,0,0,0,0,0
1148928,561,1,0,0,0,0,0,-0.00442,0.00781,0.1654,2980,26,26,32,24,25,25,0,0,0,0,0,0,0,0,0,0,0,0,0,0,0
1150976,562,1,0,0,0,0,0,-0.00286,0.00885,0.1666,2991,37,37,35,30,22,22,0,0,0,0,0,0,0,0,0,0,0,0,0,0,0
1153024,563,1,0,0,0,0,0,-0.0003,0.00616,0.1564,2821,34,34,32,27,31,31,0,0,0,0,0,0,0,0,0,0,0,0,0,0,0
1155072,564,1,0,0,0,0,0,0.00209,0.00775,0.1802,3121,35,35,26,22,27,27,0,0,0,0,0,0,0,0,0,0,0,0,0,0,0
1157120,565,1,0,0,0,0,0,0.00116,0.00707,0.1959,2855,24,24,26,20,39,39,0,0,0,0,0,0,0,0,0,0,0,0,0,0,0
1159168,566,1,0,0,0,0,0,-0.00553,0.00783,0.1843,3017,32,32,31,25,24,24,0,0,0,0,0,0,0,0,0,0,0,0,0,0,0
1161216,567,1,0,0,0,0,0,0.00136,0.00854,0.1468,3039,25,25,30,23,37,37,0,0,0,0,0,0,0,0,0,0,0,0,0,0,0
1163264,568,1,0,0,0,0,0,0.00099,0.00664,0.1838,3045,21,21,17,11,18,18,0,0,0,0,0,0,0,0,0,0,0,0,0,0,0
1165312,569,1,0,0,0,0,0,-0.00294,0.00662,0.2604,2963,32,32,22,13,21,21,0,0,0,0,0,0,0,0,0,0,0,0,0,0,0
1167360,570,1,0,0,0,0,0,-0.00469,0.00806,0.2676,2803,33,33,25,19,35,35,0,0,0,0,0,0,0,0,0,0,0,0,0,0,0
1169408,571,1,0,0,0,0,0,-0.0067,0.0077,0.2328,3117,34,34,30,25,22,22,0,0,0,0,0,0,0,0,0,0,0,0,0,0,0
1171456,572,1,0,0,0,0,0,-0.00268,0.00745,0.2215,2886,22,22,28,22,27,27,0,0,0,0,0,0,0,0,0,0,0,0,0,0,0
1173504,573,1,0,0,0,0,0,-0.003,0.00678,0.1701,2806,27,27,16,11,25,25,0,0,0,0,0,0,0,0,0,0,0,0,0,0,0
1175552,574,1,0,0,0,0,0,-0.00427,0.00647,0.2133,2830,28,28,25,18,19,19,0,0,0,0,0,0,0,0,0,0,0,0,0,0,0
1177600,575,1,0,0,0,0,0,-0.00098,0.00858,0.2309,2901,25,25,25,15,16,16,0,0,0,0,0,0,0,0,0,0,0,0,0,0,0
1179648,576,1,0,0,0,0,0,-0.0027,0.00505,0.2088,2989,16,16,17,11,20,20,0,0,0,0,0,0,0,0,0,0,0,0,0,0,0
1181696,577,1,0,0,0,0,0,-0.00393,0.0087,0.2362,3191,20,20,26,16,25,25,0,0,0,0,0,0,0,0,0,0,0,0,0,0,0
1183744,578,1,0,0,0,0,0,-0.00374,0.00674,0.2193,2712,25,25,27,21,19,19,0,0,0,0,0,0,0,0,0,0,0,0,0,0,0
1185792,579,1,0,0,0,0,0,-0.00459,0.00715,0.1931,2957,19,19,27,21,23,23,0,0,0,0,0,0,0,0,0,0,0,0,0,0,0
1187840,580,1,0,0,0,0,0,-0.00519,0.00715,0.1921,3307,28,28,33,27,29,29,0,0,0,0,0,0,0,0,0,0,0,0,0,0,0
1189888,581,1,0,0,0,0,0,-0.00498,0.00693,0.1868,2870,26,26,23,14,26,26,0,0,0,0,0,0,0,0,0,0,0,0,0,0,0
1191936,582,1,0,0,0,0,0,-0.00307,0.01069,0.2258,2726,23,23,30,19,20,20,0,0,0,0,0,0,0,0,0,0,0,0,0,0,0
1193984,583,1,0,0,0,0,0,-0.00178,0.0087,0.2191,2617,24,24,39,32,30,30,0,0,0,0,0,0,0,0,0,0,0,0,0,0,0
1196032,584,1,0,0,0,0,0,0.00164,0.00648,0.2073,2735,19,19,24,19,16,16,0,0,0,0,0,0,0,0,0,0,0,0,0,0,0
1198080,585,1,0,0,0,0,0,-0.00331,0.00572,0.2215,2765,21,21,18,13,17,17,0,0,0,0,0,0,0,0,0,0,0,0,0,0,0
1200128,586,1,0,0,0,0,0,-0.00705,0.00587,0.1805,2544,15,15,16,11,13,13,0,0,0,0,0,0,0,0,0,0,0,0,0,0,0
1202176,587,1,0,0,0,0,0,-0.00407,0.00656,0.1802,3072,27,27,24,14,24,24,0,0,0,0,0,0,0,0,0,0,0,0,0,0,0
1204224,588,1,0,0,0,0,0,-0.00423,0.00827,0.1865,3263,24,24,25,20,36,36,0,0,0,0,0,0,0,0,0,0,0,0,0,0,0
1206272,589,1,0,0,0,0,0,-0.0028,0.00772,0.2074,3095,23,23,28,21,22,22,0,0,0,0,0,0,0,0,0,0,0,0,0,0,0
1208320,590,1,0,0,0,0,0,-0.00257,0.00672,0.2156,2726,24,24,29,21,20,20,0,0,0,0,0,0,0,0,0,0,0,0,0,0,0
1210368,591,1,0,0,0,0,0,-0.00123,0.00552,0.1889,3146,26,26,20,13,19,19,0,0,0,0,0,0,0,0,0,0,0,0,0,0,0
1212416,592,1,0,0,0,0,0,-0.00296,0.00629,0.1977,3016,28,28,25,18,34,34,0,0,0,0,0,0,0,0,0,0,0,0,0,0,0
1214464,593,1,0,0,0,0,0,-0.00177,0.00558,0.1959,2983,29,29,20,15,14,14,0,0,0,0,0,0,0,0,0,0,0,0,0,0,0
1216512,594,1,0,0,0,0,0,-0.00297,0.00681,0.2786,2747,14,14,17,12,20,19,0,0,0,0,0,0,0,0,0,0,0,0,0,0,0
1218560,595,1,0,0,0,0,0,-0.00485,0.00752,0.2181,2960,28,28,24,18,31,31,0,0,0,0,0,0,0,0,0,0,0,0,0,0,0
1220608,596,1,0,0,0,0,0,-0.00504,0.00637,0.2368,3254,24,24,20,16,25,25,0,0,0,0,0,0,0,0,0,0,0,0,0,0,0
1222656,597,1,0,0,0,0,0,-0.00018,0.00909,0.2015,3175,39,39,27,20,28,28,0,0,0,0,0,0,0,0,0,0,0,0,0,0,0
1224704,598,1,0,0,0,0,0,-0.00475,0.00681,0.1949,3202,25,25,16,12,28,28,0,0,0,0,0,0,0,0,0,0,0,0,0,0,0
1226752,599,1,0,0,0,0,0,-0.00188,0.00535,0.2222,3258,25,25,19,13,23,23,0,0,0,0,0,0,0,0,0,0,0,0,0,0,0
1228800,600,1,0,0,0,0,0,-0.00577,0.00701,0.2234,3301,29,29,28,20,22,22,0,0,0,0,0,0,0,0,0,0,0,0,0,0,0
1230848,601,1,0,0,0,0,0,-0.00614,0.00954,0.1896,3099,34,34,35,20,40,40,0,0,0,0,0,0,0,0,0,0,0,0,0,0,0
1232896,602,1,0,0,0,0,0,-0.00514,0.0069,0.1763,3241,40,40,30,24,36,36,0,0,0,0,0,0,0,0,0,0,0,0,0,0,0
1234944,603,1,0,0,0,0,0,-0.00375,0.00736,0.2499,3150,22,22,22,18,23,23,0,0,0,0,0,0,0,0,0,0,0,0,0,0,0
1236992,604,1,0,0,0,0,0,-0.00281,0.00793,0.2879,3030,22,22,20,12,26,26,0,0,0,0,0,0,0,0,0,0,0,0,0,0,0
1239040,605,1,0,0,0,0,0,-0.00461,0.00906,0.2233,3054,33,33,39,28,36,36,0,0,0,0,0,0,0,0,0,0,0,0,0,0,0
1241088,606,1,0,0,0,0,0,-0.00513,0.00972,0.1937,3033,32,32,42,37,41,41,0,0,0,0,0,0,0,0,0,0,0,0,0,0,0
1243136,607,1,0,0,0,0,0,7e-05,0.0055,0.1997,3408,34,34,28,27,36,36,0,0,0,0,0,0,0,0,0,0,0,0,0,0,0
1245184,608,1,0,0,0,0,0,-0.00076,0.00957,0.2336,3184,19,19,26,18,24,24,0,0,0,0,0,0,0,0,0,0,0,0,0,0,0
1247232,609,1,0,0,0,0,0,-0.0033,0.00711,0.2417,3093,26,26,33,26,27,27,0,0,0,0,0,0,0,0,0,0,0,0,0,0,0
1249280,610,1,0,0,0,0,0,-0.00428,0.00646,0.3102,2781,22,22,24,21,27,27,0,0,0,0,0,0,0,0,0,0,0,0,0,0,0
1251328,611,1,0,0,0,0,0,-0.0045,0.0066,0.3099,2777,17,17,29,18,23,23,0,0,0,0,0,0,0,0,0,0,0,0,0,0,0
1253376,612,1,0,0,0,0,0,-0.00427,0.00718,0.3353,3130,26,26,28,22,33,33,0,0,0,0,0,0,0,0,0,0,0,0,0,0,0
1255424,613,1,0,0,0,0,0,-0.00421,0.00578,0.2637,2963,21,21,27,22,33,33,0,0,0,0,0,0,0,0,0,0,0,0,0,0,0
1257472,614,1,0,0,0,0,0,-0.00587,0.00595,0.2665,2787,25,25,29,25,25,25,0,0,0,0,0,0,0,0,0,0,0,0,0,0,0
1259520,615,1,0,0,0,0,0,-0.00328,0.00687,0.2707,3193,31,31,25,22,31,31,0,0,0,0,0,0,0,0,0,0,0,0,0,0,0
1261568,616,1,0,0,0,0,0,-0.00413,0.0075,0.2387,3079,26,26,32,24,24,24,0,0,0,0,0,0,0,0,0,0,0,0,0,0,0
1263616,617,1,0,0,0,0,0,-0.00429,0.0071,0.2567,2676,23,23,29,24,24,24,0,0,0,0,0,0,0,0,0,0,0,0,0,0,0
1265664,618,1,0,0,0,0,0,-0.00711,0.00805,0.2819,2935,24,24,25,18,26,26,0,0,0,0,0,0,0,0,0,0,0,0,0,0,0
1267712,619,1,0,0,0,0,0,-0.0038,0.00755,0.2698,3000,24,24,22,14,16,16,0,0,0,0,0,0,0,0,0,0,0,0,0,0,0
1269760,620,1,0,0,0,0,0,-0.00292,0.00877,0.2686,2800,19,19,32,22,22,22,0,0,0,0,0,0,0,0,0,0,0,0,0,0,0
1271808,621,1,0,0,0,0,0,-0.00328,0.00849,0.2988,2635,25,25,26,16,26,26,0,0,0,0,0,0,0,0,0,0,0,0,0,0,0
1273856,622,1,0,0,0,0,0,-0.00524,0.00575,0.2452,2997,23,23,24,21,30,30,0,0,0,0,0,0,0,0,0,0,0,0,0,0,0
1275904,623,1,0,0,0,0,0,-0.00195,0.00568,0.2161,2805,31,31,28,23,31,31,0,0,0,0,0,0,0,0,0,0,0,0,0,0,0
1277952,624,1,0,0,0,0,0,-0.00777,0.00725,0.2237,2907,24,24,28,24,35,35,0,0,0,0,0,0,0,0,0,0,0,0,0,0,0
1280000,625,1,0,0,0,0,0,-0.00581,0.00636,0.224,2868,18,18,30,25,30,30,0,0,0,0,0,0,0,0,0,0,0,0,0,0,0
1282048,626,1,0,0,0,0,0,-0.00222,0.00617,0.2131,3010,34,34,26,25,30,30,0,0,0,0,0,0,0,0,0,0,0,0,0,0,0
1284096,627,1,0,0,0,0,0,-0.0026,0.00816,0.2769,2931,22,22,29,22,27,27,0,0,0,0,0,0,0,0,0,0,0,0,0,0,0
1286144,628,1,0,0,0,0,0,-0.00533,0.0069,0.2228,2865,26,26,27,19,29,29,0,0,0,0,0,0,0,0,0,0,0,0,0,0,0
1288192,629,1,0,0,0,0,0,-0.00533,0.00521,0.2209,2891,28,28,19,14,26,26,0,0,0,0,0,0,0,0,0,0,0,0,0,0,0
1290240,630,1,0,0,0,0,0,-0.00437,0.00642,0.2496,2845,20,20,20,14,26,26,0,0,0,0,0,0,0,0,0,0,0,0,0,0,0
1292288,631,1,0,0,0,0,0,-0.00355,0.00696,0.1975,2850,34,34,28,23,37,37,0,0,0,0,0,0,0,0,0,0,0,0,0,0,0
1294336,632,1,0,0,0,0,0,-0.00208,0.00698,0.2285,3180,27,27,21,17,22,22,0,0,0,0,0,0,0,0,0,0,0,0,0,0,0
1296384,633,1,0,0,0,0,0,-0.00279,0.00693,0.2287,2727,32,32,30,21,25,25,0,0,0,0,0,0,0,0,0,0,0,0,0,0,0
1298432,634,1,0,0,0,0,0,-0.00248,0.00549,0.1818,2825,29,29,28,25,34,34,0,0,0,0,0,0,0,0,0,0,0,0,0,0,0
1300480,635,1,0,0,0,0,0,0.0002,0.00832,0.1601,2807,36,36,25,18,18,17,0,0,0,0,0,0,0,0,0,0,0,0,0,0,0
1302528,636,1,0,0,0,0,0,-0.00503,0.00555,0.1481,2814,32,32,16,14,28,28,0,0,0,0,0,0,0,0,0,0,0,0,0,0,0
1304576,637,1,0,0,0,0,0,-0.00406,0.00731,0.2189,2586,13,13,25,17,26,26,0,0,0,0,0,0,0,0,0,0,0,0,0,0,0
1306624,638,1,0,0,0,0,0,-0.00567,0.00857,0.1751,2722,39,39,27,19,37,37,0,0,0,0,0,0,0,0,0,0,0,0,0,0,0
1308672,639,1,0,0,0,0,0,-0.00396,0.00725,0.172,2958,26,26,28,25,31,31,0,0,0,0,0,0,0,0,0,0,0,0,0,0,0
1310720,640,1,0,0,0,0,0,0.00028,0.00709,0.2158,3031,17,17,27,19,30,30,0,0,0,0,0,0,0,0,0,0,0,0,0,0,0
1312768,641,1,0,0,0,0,0,-0.00303,0.00822,0.2299,2889,25,25,33,26,30,30,0,0,0,0,0,0,0,0,0,0,0,0,0,0,0
1314816,642,1,0,0,0,0,0,-0.00415,0.00808,0.197,2810,20,20,26,20,32,32,0,0,0,0,0,0,0,0,0,0,0,0,0,0,0
1316864,643,1,0,0,0,0,0,-0.00252,0.0084,0.2129,2598,21,21,30,25,37,37,0,0,0,0,0,0,0,0,0,0,0,0,0,0,0
1318912,644,1,0,0,0,0,0,-0.0029,0.00651,0.2374,2819,23,23,22,18,30,30,0,0,0,0,0,0,0,0,0,0,0,0,0,0,0
1320960,645,1,0,0,0,0,0,-0.00508,0.00804,0.229,2668,28,28,26,21,30,30,0,0,0,0,0,0,0,0,0,0,0,0,0,0,0
1323008,646,1,0,0,0,0,0,-0.0004,0.0063,0.2427,3004,22,22,25,20,24,24,0,0,0,0,0,0,0,0,0,0,0,0,0,0,0
1325056,647,1,0,0,0,0,0,-0.00419,0.00826,0.1897,2938,34,34,29,23,17,17,0,0,0,0,0,0,0,0,0,0,0,0,0,0,0
1327104,648,1,0,0,0,0,0,-0.00329,0.00803,0.1897,2928,21,21,33,27,33,33,0,0,0,0,0,0,0,0,0,0,0,0,0,0,0
1329152,649,1,0,0,0,0,0,-0.00452,0.0072,0.2114,2689,33,33,27,23,19,19,0,0,0,0,0,0,0,0,0,0,0,0,0,0,0
1331200,650,1,0,0,0,0,0,-0.00539,0.00728,0.2041,2859,22,22,25,16,25,25,0,0,0,0,0,0,0,0,0,0,0,0,0,0,0
1333248,651,1,0,0,0,0,0,-0.00399,0.00528,0.2268,3060,33,33,19,13,32,32,0,0,0,0,0,0,0,0,0,0,0,0,0,0,0
1335296,652,1,0,0,0,0,0,-0.0037,0.00667,0.2123,2837,19,19,34,32,38,38,0,0,0,0,0,0,0,0,0,0,0,0,0,0,0
1337344,653,1,0,0,0,0,0,-0.00252,0.0055,0.1616,2954,37,37,28,24,36,36,0,0,0,0,0,0,0,0,0,0,0,0,0,0,0
1339392,654,1,0,0,0,0,0,-0.00254,0.00776,0.2063,3180,27,27,25,17,31,31,0,0,0,0,0,0,0,0,0,0,0,0,0,0,0
1341440,655,1,0,0,0,0,0,-0.00224,0.00545,0.2151,2965,23,23,21,16,24,24,0,0,0,0,0,0,0,0,0,0,0,0,0,0,0
1343488,656,1,0,0,0,0,0,-0.00557,0.00722,0.2389,2768,27,27,23,15,22,22,0,0,0,0,0,0,0,0,0,0,0,0,0,0,0
1345536,657,1,0,0,0,0,0,-0.00751,0.00423,0.281,3178,26,26,14,11,35,35,0,0,0,0,0,0,0,0,0,0,0,0,0,0,0
1347584,658,1,0,0,0,0,0,-0.00309,0.0064,0.2381,2896,32,32,26,17,19,19,0,0,0,0,0,0,0,0,0,0,0,0,0,0,0
1349632,659,1,0,0,0,0,0,-0.00453,0.00689,0.2494,2918,11,11,21,18,18,18,0,0,0,0,0,0,0,0,0,0,0,0,0,0,0
1351680,660,1,0,0,0,0,0,-0.00109,0.00898,0.2132,3252,24,24,33,21,23,23,0,0,0,0,0,0,0,0,0,0,0,0,0,0,0
1353728,661,1,0,0,0,0,0,-0.00505,0.00666,0.184,3169,38,38,24,19,30,30,0,0,0,0,0,0,0,0,0,0,0,0,0,0,0
1355776,662,1,0,0,0,0,0,-0.00217,0.00663,0.2461,3034,28,28,23,17,28,28,0,0,0,0,0,0,0,0,0,0,0,0,0,0,0
1357824,663,1,0,0,0,0,0,-0.00484,0.00603,0.2138,2975,28,28,22,17,28,28,0,0,0,0,0,0,0,0,0,0,0,0,0,0,0
1359872,664,1,0,0,0,0,0,-0.0049,0.00675,0.1694,3124,25,25,32,25,35,35,0,0,0,0,0,0,0,0,0,0,0,0,0,0,0
1361920,665,1,0,0,0,0,0,-0.00396,0.00672,0.1765,2993,36,36,30,25,27,27,0,0,0,0,0,0,0,0,0,0,0,0,0,0,0
1363968,666,1,0,0,0,0,0,-0.00048,0.00814,0.148,2946,29,29,32,27,35,35,0,0,0,0,0,0,0,0,0,0,0,0,0,0,0
1366016,667,1,0,0,0,0,0,0.00027,0.00727,0.1441,2818,30,30,31,26,26,26,0,0,0,0,0,0,0,0,0,0,0,0,0,0,0
1368064,668,1,0,0,0,0,0,-0.00114,0.00602,0.1696,3079,24,24,26,21,28,28,0,0,0,0,0,0,0,0,0,0,0,0,0,0,0
1370112,669,1,0,0,0,0,0,-0.00139,0.00827,0.1859,3089,26,26,33,26,28,28,0,0,0,0,0,0,0,0,0,0,0,0,0,0,0
1372160,670,1,0,0,0,0,0,-0.0004,0.00584,0.145,2975,22,22,20,16,30,30,0,0,0,0,0,0,0,0,0,0,0,0,0,0,0
1374208,671,1,0,0,0,0,0,0.00262,0.00655,0.1667,3028,31,31,21,16,26,26,0,0,0,0,0,0,0,0,0,0,0,0,0,0,0
1376256,672,1,0,0,0,0,0,-0.00494,0.00781,0.1728,2722,35,35,34,26,23,23,0,0,0,0,0,0,0,0,0,0,0,0,0,0,0
1378304,673,1,0,0,0,0,0,-0.00615,0.00757,0.1785,3311,29,29,40,37,22,22,0,0,0,0,0,0,0,0,0,0,0,0,0,0,0
1380352,674,1,0,0,0,0,0,-0.00573,0.00487,0.1837,2777,18,18,19,17,25,25,0,0,0,0,0,0,0,0,0,0,0,0,0,0,0
1382400,675,1,0,0,0,0,0,-0.00523,0.00729,0.2303,2805,25,25,31,23,20,20,0,0,0,0,0,0,0,0,0,0,0,0,0,0,0
1384448,676,1,0,0,0,0,0,-0.00365,0.00573,0.2118,3071,29,29,21,18,23,23,0,0,0,0,0,0,0,0,0,0,0,0,0,0,0
1386496,677,1,0,0,0,0,0,-0.00409,0.00693,0.1506,3004,33,33,32,26,33,33,0,0,0,0,0,0,0,0,0,0,0,0,0,0,0
1388544,678,1,0,0,0,0,0,0.00258,0.00435,0.1682,2647,19,19,17,14,25,25,0,0,0,0,0,0,0,0,0,0,0,0,0,0,0
1390592,679,1,0,0,0,0,0,-0.00174,0.00639,0.1504,2798,29,29,25,17,22,22,0,0,0,0,0,0,0,0,0,0,0,0,0,0,0
1392640,680,1,0,0,0,0,0,-0.00422,0.00634,0.1646,3151,27,27,19,15,29,29,0,0,0,0,0,0,0,0,0,0,0,0,0,0,0
1394688,681,1,0,0,0,0,0,-0.00454,0.00899,0.1547,2815,31,31,36,30,27,27,0,0,0,0,0,0,0,0,0,0,0,0,0,0,0
1396736,682,1,0,0,0,0,0,6e-05,0.0086,0.1798,3241,20,20,27,20,23,23,0,0,0,0,0,0,0,0,0,0,0,0,0,0,0
1398784,683,1,0,0,0,0,0,-0.00244,0.00676,0.1515,2480,18,18,29,24,25,25,0,0,0,0,0,0,0,0,0,0,0,0,0,0,0
1400832,684,1,0,0,0,0,0,8e-05,0.00464,0.1631,3121,23,23,13,7,17,17,0,0,0,0,0,0,0,0,0,0,0,0,0,0,0
1402880,685,1,0,0,0,0,0,-0.00086,0.00552,0.1677,2692,26,26,22,13,14,14,0,0,0,0,0,0,0,0,0,0,0,0,0,0,0
1404928,686,1,0,0,0,0,0,-0.00394,0.00718,0.2084,2939,17,17,24,19,40,40,0,0,0,0,0,0,0,0,0,0,0,0,0,0,0
1406976,687,1,0,0,0,0,0,-0.0028,0.00763,0.1796,2960,32,32,29,23,28,28,0,0,0,0,0,0,0,0,0,0,0,0,0,0,0
1409024,688,1,0,0,0,0,0,-0.00431,0.00842,0.1794,3132,28,28,33,26,39,39,0,0,0,0,0,0,0,0,0,0,0,0,0,0,0
1411072,689,1,0,0,0,0,0,-0.00556,0.00787,0.193,3034,28,28,34,27,33,33,0,0,0,0,0,0,0,0,0,0,0,0,0,0,0
1413120,690,1,0,0,0,0,0,-0.004,0.00653,0.206,2904,30,30,32,29,34,34,0,0,0,0,0,0,0,0,0,0,0,0,0,0,0
1415168,691,1,0,0,0,0,0,-8e-05,0.00487,0.2408,3001,24,24,25,20,26,26,0,0,0,0,0,0,0,0,0,0,0,0,0,0,0
1417216,692,1,0,0,0,0,0,-0.00406,0.00586,0.2189,2981,28,28,23,15,35,35,0,0,0,0,0,0,0,0,0,0,0,0,0,0,0
1419264,693,1,0,0,0,0,0,-0.00427,0.00595,0.2042,2923,32,32,25,21,32,32,0,0,0,0,0,0,0,0,0,0,0,0,0,0,0
1421312,694,1,0,0,0,0,0,-0.00317,0.00584,0.1783,2869,28,28,31,26,33,33,0,0,0,0,0,0,0,0,0,0,0,0,0,0,0
1423360,695,1,0,0,0,0,0,-0.0035,0.00642,0.1563,3081,31,31,31,26,26,26,0,0,0,0,0,0,0,0,0,0,0,0,0,0,0
1425408,696,1,0,0,0,0,0,-0.0015,0.00807,0.2072,2960,29,29,31,22,23,23,0,0,0,0,0,0,0,0,0,0,0,0,0,0,0
1427456,697,1,0,0,0,0,0,-0.0027,0.00629,0.2395,3009,27,27,28,24,35,35,0,0,0,0,0,0,0,0,0,0,0,0,0,0,0
1429504,698,1,0,0,0,0,0,-0.0021,0.00689,0.1793,2992,27,27,35,30,26,26,0,0,0,0,0,0,0,0,0,0,0,0,0,0,0
1431552,699,1,0,0,0,0,0,-0.00467,0.00712,0.1947,2968,30,30,28,23,31,31,0,0,0,0,0,0,0,0,0,0,0,0,0,0,0
1433600,700,1,0,0,0,0,0,-0.00545,0.00424,0.2067,3148,23,23,22,17,33,33,0,0,0,0,0,0,0,0,0,0,0,0,0,0,0
1435648,701,1,0,0,0,0,0,-0.0025,0.00655,0.2061,3031,42,42,33,27,21,21,0,0,0,0,0,0,0,0,0,0,0,0,0,0,0
1437696,702,1,0,0,0,0,0,-0.00362,0.00717,0.2076,3112,23,23,38,33,29,29,0,0,0,0,0,0,0,0,0,0,0,0,0,0,0
1439744,703,1,0,0,0,0,0,-0.0062,0.00566,0.2226,3065,22,22,30,26,37,37,0,0,0,0,0,0,0,0,0,0,0,0,0,0,0
1441792,704,1,0,0,0,0,0,-0.00327,0.00544,0.2115,3170,33,33,26,20,36,36,0,0,0,0,0,0,0,0,0,0,0,0,0,0,0
1443840,705,1,0,0,0,0,0,-0.00234,0.00582,0.1981,3000,29,29,37,33,31,31,0,0,0,0,0,0,0,0,0,0,0,0,0,0,0
1445888,706,1,0,0,0,0,0,-0.00289,0.00391,0.1788,2571,48,48,33,31,26,26,0,0,0,0,0,0,0,0,0,0,0,0,0,0,0
1447936,707,1,0,0,0,0,0,-0.00376,0.0065,0.2251,2953,40,40,27,21,33,33,0,0,0,0,0,0,0,0,0,0,0,0,0,0,0
1449984,708,1,0,0,0,0,0,0.0025,0.00701,0.2241,2900,34,34,35,30,24,24,0,0,0,0,0,0,0,0,0,0,0,0,0,0,0
1452032,709,1,0,0,0,0,0,-0.00414,0.00761,0.1781,2920,34,34,30,25,28,28,0,0,0,0,0,0,0,0,0,0,0,0,0,0,0
1454080,710,1,0,0,0,0,0,-0.00439,0.00766,0.1827,2863,32,32,29,20,40,40,0,0,0,0,0,0,0,0,0,0,0,0,0,0,0
1456128,711,1,0,0,0,0,0,-0.00146,0.0068,0.1995,2918,33,33,35,31,20,20,0,0,0,0,0,0,0,0,0,0,0,0,0,0,0
1458176,712,1,0,0,0,0,0,-0.00354,0.00779,0.1947,2761,32,32,32,24,27,27,0,0,0,0,0,0,0,0,0,0,0,0,0,0,0
1460224,713,1,0,0,0,0,0,-0.00413,0.00775,0.2834,2731,29,29,27,19,26,26,0,0,0,0,0,0,0,0,0,0,0,0,0,0,0
1462272,714,1,0,0,0,0,0,-0.00613,0.00607,0.2404,2789,27,27,33,30,33,33,0,0,0,0,0,0,0,0,0,0,0,0,0,0,0
1464320,715,1,0,0,0,0,0,-0.00465,0.00536,0.2089,3007,38,38,31,24,33,33,0,0,0,0,0,0,0,0,0,0,0,0,0,0,0
1466368,716,1,0,0,0,0,0,-0.0029,0.00568,0.2666,3091,22,22,25,20,21,21,0,0,0,0,0,0,0,0,0,0,0,0,0,0,0
1468416,717,1,0,0,0,0,0,-0.0054,0.00621,0.2585,2904,27,27,35,30,22,22,0,0,0,0,0,0,0,0,0,0,0,0,0,0,0
1470464,718,1,0,0,0,0,0,-0.00172,0.00511,0.2101,2680,26,26,28,22,30,30,0,0,0,0,0,0,0,0,0,0,0,0,0,0,0
1472512,719,1,0,0,0,0,0,0.00034,0.0063,0.1666,2860,39,39,34,30,30,30,0,0,0,0,0,0,0,0,0,0,0,0,0,0,0
1474560,720,1,0,0,0,0,0,-0.00299,0.00493,0.285,2817,32,32,20,18,29,29,0,0,0,0,0,0,0,0,0,0,0,0,0,0,0
1476608,721,1,0,0,0,0,0,-0.0045,0.00899,0.2344,2852,30,30,39,30,29,29,0,0,0,0,0,0,0,0,0,0,0,0,0,0,0
1478656,722,1,0,0,0,0,0,-0.00348,0.00712,0.2026,2794,33,33,37,33,23,23,0,0,0,0,0,0,0,0,0,0,0,0,0,0,0
1480704,723,1,0,0,0,0,0,-0.0008,0.00564,0.2757,2932,24,24,24,19,27,27,0,0,0,0,0,0,0,0,0,0,0,0,0,0,0
1482752,724,1,0,0,0,0,0,-0.00447,0.0062,0.2611,2930,36,36,25,18,26,26,0,0,0,0,0,0,0,0,0,0,0,0,0,0,0
1484800,725,1,0,0,0,0,0,-0.00291,0.00627,0.2081,2956,43,43,26,20,41,41,0,0,0,0,0,0,0,0,0,0,0,0,0,0,0
1486848,726,1,0,0,0,0,0,-0.00342,0.00804,0.2226,3083,20,20,36,29,30,30,0,0,0,0,0,0,0,0,0,0,0,0,0,0,0
1488896,727,1,0,0,0,0,0,-0.00336,0.00638,0.2505,2894,23,23,29,25,35,35,0,0,0,0,0,0,0,0,0,0,0,0,0,0,0
1490944,728,1,0,0,0,0,0,-0.00358,0.00589,0.2357,2943,29,29,32,27,35,35,0,0,0,0,0,0,0,0,0,0,0,0,0,0,0
1492992,729,1,0,0,0,0,0,-0.0061,0.00377,0.2169,3113,36,36,21,21,45,45,0,0,0,0,0,0,0,0,0,0,0,0,0,0,0
1495040,730,1,0,0,0,0,0,-0.00422,0.00512,0.2651,3198,29,29,26,21,32,32,0,0,0,0,0,0,0,0,0,0,0,0,0,0,0
1497088,731,1,0,0,0,0,0,-0.00304,0.00568,0.2905,3385,28,28,20,15,27,27,0,0,0,0,0,0,0,0,0,0,0,0,0,0,0
1499136,732,1,0,0,0,0,0,-0.00067,0.00731,0.2768,3225,31,31,26,18,28,28,0,0,0,0,0,0,0,0,0,0,0,0,0,0,0
1501184,733,1,0,0,0,0,0,-0.00113,0.00573,0.2887,3429,27,27,27,23,30,30,0,0,0,0,0,0,0,0,0,0,0,0,0,0,0
1503232,734,1,0,0,0,0,0,-0.00386,0.00534,0.2027,3262,38,38,36,30,31,31,0,0,0,0,0,0,0,0,0,0,0,0,0,0,0
1505280,735,1,0,0,0,0,0,-0.00116,0.00769,0.2122,3209,30,30,36,29,32,32,0,0,0,0,0,0,0,0,0,0,0,0,0,0,0
1507328,736,1,0,0,0,0,0,-0.00293,0.00391,0.2064,2843,37,37,29,23,39,39,0,0,0,0,0,0,0,0,0,0,0,0,0,0,0
1509376,737,1,0,0,0,0,0,-0.00057,0.00406,0.2385,2897,27,27,27,25,38,38,0,0,0,0,0,0,0,0,0,0,0,0,0,0,0
1511424,738,1,0,0,0,0,0,0.00225,0.0056,0.2192,3228,23,23,23,19,36,36,0,0,0,0,0,0,0,0,0,0,0,0,0,0,0
1513472,739,1,0,0,0,0,0,0.00861,0.006,0.2614,2957,22,22,28,23,20,20,0,0,0,0,0,0,0,0,0,0,0,0,0,0,0
1515520,740,1,0,0,0,0,0,-0.00533,0.00804,0.2664,3191,28,28,28,17,25,25,0,0,0,0,0,0,0,0,0,0,0,0,0,0,0
1517568,741,1,0,0,0,0,0,-0.00552,0.00482,0.269,3159,36,36,27,22,30,30,0,0,0,0,0,0,0,0,0,0,0,0,0,0,0
1519616,742,1,0,0,0,0,0,-0.00212,0.00509,0.323,3124,25,25,28,25,26,26,0,0,0,0,0,0,0,0,0,0,0,0,0,0,0
1521664,743,1,0,0,0,0,0,-0.00338,0.00467,0.2985,2963,31,31,24,17,21,21,0,0,0,0,0,0,0,0,0,0,0,0,0,0,0
1523712,744,1,0,0,0,0,0,-0.00416,0.00605,0.2935,3070,25,25,33,28,41,41,0,0,0,0,0,0,0,0,0,0,0,0,0,0,0
1525760,745,1,0,0,0,0,0,-0.00585,0.00697,0.1887,3126,47,47,37,31,38,38,0,0,0,0,0,0,0,0,0,0,0,0,0,0,0
1527808,746,1,0,0,0,0,0,-0.00651,0.00467,0.2333,2907,25,25,31,30,41,41,0,0,0,0,0,0,0,0,0,0,0,0,0,0,0
1529856,747,1,0,0,0,0,0,-0.00345,0.00581,0.2431,3184,22,22,22,16,30,30,0,0,0,0,0,0,0,0,0,0,0,0,0,0,0
1531904,748,1,0,0,0,0,0,-0.00353,0.00463,0.2238,3073,36,36,30,25,33,33,0,0,0,0,0,0,0,0,0,0,0,0,0,0,0
1533952,749,1,0,0,0,0,0,-0.00497,0.00477,0.1677,2822,36,36,31,29,45,45,0,0,0,0,0,0,0,0,0,0,0,0,0,0,0
1536000,750,1,0,0,0,0,0,-0.00287,0.00581,0.2357,2913,28,28,40,35,20,20,0,0,0,0,0,0,0,0,0,0,0,0,0,0,0
1538048,751,1,0,0,0,0,0,-0.00396,0.00689,0.2331,3049,35,35,31,22,20,20,0,0,0,0,0,0,0,0,0,0,0,0,0,0,0
1540096,752,1,0,0,0,0,0,-0.00219,0.00633,0.1613,3153,35,35,35,30,45,45,0,0,0,0,0,0,0,0,0,0,0,0,0,0,0
1542144,753,1,0,0,0,0,0,-0.0047,0.00734,0.2189,3042,20,20,30,25,23,23,0,0,0,0,0,0,0,0,0,0,0,0,0,0,0
1544192,754,1,0,0,0,0,0,-0.00469,0.00624,0.2021,2837,22,22,34,25,40,40,0,0,0,0,0,0,0,0,0,0,0,0,0,0,0
1546240,755,1,0,0,0,0,0,-0.00474,0.00569,0.1934,3038,25,25,30,27,36,36,0,0,0,0,0,0,0,0,0,0,0,0,0,0,0
1548288,756,1,0,0,0,0,0,-0.00294,0.00567,0.1871,3031,25,25,30,25,33,33,0,0,0,0,0,0,0,0,0,0,0,0,0,0,0
1550336,757,1,0,0,0,0,0,-0.00285,0.00484,0.1223,3005,37,37,34,28,40,40,0,0,0,0,0,0,0,0,0,0,0,0,0,0,0
1552384,758,1,0,0,0,0,0,-0.00314,0.00413,0.1512,2671,30,30,30,28,37,37,0,0,0,0,0,0,0,0,0,0,0,0,0,0,0
1554432,759,1,0,0,0,0,0,-0.00146,0.00352,0.1679,2892,21,21,16,12,18,18,0,0,0,0,0,0,0,0,0,0,0,0,0,0,0
1556480,760,1,0,0,0,0,0,-0.00285,0.00635,0.1638,3069,28,28,35,26,32,32,0,0,0,0,0,0,0,0,0,0,0,0,0,0,0
1558528,761,1,0,0,0,0,0,-0.006,0.00489,0.2273,2947,29,29,33,29,32,32,0,0,0,0,0,0,0,0,0,0,0,0,0,0,0
1560576,762,1,0,0,0,0,0,-0.00252,0.00495,0.1492,2754,38,38,43,39,27,27,0,0,0,0,0,0,0,0,0,0,0,0,0,0,0
1562624,763,1,0,0,0,0,0,-0.00379,0.00713,0.1472,2913,21,21,27,24,27,27,0,0,0,0,0,0,0,0,0,0,0,0,0,0,0
1564672,764,1,0,0,0,0,0,-0.00679,0.00587,0.1889,2845,22,22,33,28,21,21,0,0,0,0,0,0,0,0,0,0,0,0,0,0,0
1566720,765,1,0,0,0,0,0,-0.00344,0.00506,0.1756,2682,26,26,28,22,42,42,0,0,0,0,0,0,0,0,0,0,0,0,0,0,0
1568768,766,1,0,0,0,0,0,-0.01359,0.00499,0.1336,2736,33,33,27,22,22,22,0,0,0,0,0,0,0,0,0,0,0,0,0,0,0
1570816,767,1,0,0,0,0,0,-0.00253,0.0053,0.1279,3011,35,35,30,27,35,35,0,0,0,0,0,0,0,0,0,0,0,0,0,0,0
1572864,768,1,0,0,0,0,0,-0.00184,0.00597,0.1541,2983,25,25,36,29,22,22,0,0,0,0,0,0,0,0,0,0,0,0,0,0,0
1574912,769,1,0,0,0,0,0,-0.00131,0.00389,0.1616,3044,37,37,14,10,25,25,0,0,0,0,0,0,0,0,0,0,0,0,0,0,0
1576960,770,1,0,0,0,0,0,-0.00143,0.00419,0.1995,2620,23,23,32,28,27,27,0,0,0,0,0,0,0,0,0,0,0,0,0,0,0
1579008,771,1,0,0,0,0,0,-0.00511,0.00538,0.1406,3031,36,36,36,29,38,38,0,0,0,0,0,0,0,0,0,0,0,0,0,0,0
1581056,772,1,0,0,0,0,0,-0.00348,0.00459,0.1655,3175,32,32,37,34,29,29,0,0,0,0,0,0,0,0,0,0,0,0,0,0,0
1583104,773,1,0,0,0,0,0,-0.00059,0.00527,0.1276,3163,26,26,34,26,32,32,0,0,0,0,0,0,0,0,0,0,0,0,0,0,0
1585152,774,1,0,0,0,0,0,-0.00296,0.00629,0.2181,3221,23,23,27,21,35,35,0,0,0,0,0,0,0,0,0,0,0,0,0,0,0
1587200,775,1,0,0,0,0,0,-0.00469,0.00597,0.2528,3290,29,29,30,23,24,24,0,0,0,0,0,0,0,0,0,0,0,0,0,0,0
1589248,776,1,0,0,0,0,0,-0.00284,0.0061,0.1352,3113,32,32,47,42,37,37,0,0,0,0,0,0,0,0,0,0,0,0,0,0,0
1591296,777,1,0,0,0,0,0,0.00165,0.00697,0.1465,3142,39,39,31,24,31,31,0,0,0,0,0,0,0,0,0,0,0,0,0,0,0
1593344,778,1,0,0,0,0,0,-0.0037,0.00655,0.1714,3029,32,32,31,23,24,24,0,0,0,0,0,0,0,0,0,0,0,0,0,0,0
1595392,779,1,0,0,0,0,0,-0.00388,0.0045,0.2063,3334,32,32,23,18,39,39,0,0,0,0,0,0,0,0,0,0,0,0,0,0,0
1597440,780,1,0,0,0,0,0,0.00333,0.00365,0.2214,3217,22,22,18,15,23,23,0,0,0,0,0,0,0,0,0,0,0,0,0,0,0
1599488,781,1,0,0,0,0,0,-0.00406,0.00651,0.2863,3025,16,16,31,18,11,11,0,0,0,0,0,0,0,0,0,0,0,0,0,0,0
1601536,782,1,0,0,0,0,0,0.00158,0.00451,0.1584,3097,21,21,40,33,41,41,0,0,0,0,0,0,0,0,0,0,0,0,0,0,0
1603584,783,1,0,0,0,0,0,-0.0034,0.00504,0.1183,3247,40,40,31,28,42,42,0,0,0,0,0,0,0,0,0,0,0,0,0,0,0
1605632,784,1,0,0,0,0,0,-0.00239,0.00642,0.1302,3366,45,45,35,30,36,36,0,0,0,0,0,0,0,0,0,0,0,0,0,0,0
1607680,785,1,0,0,0,0,0,-0.00193,0.00473,0.193,2847,31,31,28,25,27,27,0,0,0,0,0,0,0,0,0,0,0,0,0,0,0
1609728,786,1,0,0,0,0,0,-0.00352,0.00491,0.2215,3112,26,26,38,31,26,26,0,0,0,0,0,0,0,0,0,0,0,0,0,0,0
1611776,787,1,0,0,0,0,0,-0.00268,0.00432,0.2669,3106,26,26,26,23,20,20,0,0,0,0,0,0,0,0,0,0,0,0,0,0,0
1613824,788,1,0,0,0,0,0,-0.00063,0.00416,0.189,3043,36,36,25,19,34,34,0,0,0,0,0,0,0,0,0,0,0,0,0,0,0
1615872,789,1,0,0,0,0,0,-0.00317,0.0038,0.1521,2883,38,38,28,25,36,36,0,0,0,0,0,0,0,0,0,0,0,0,0,0,0
1617920,790,1,0,0,0,0,0,-0.00266,0.0045,0.1665,3094,27,27,35,32,36,36,0,0,0,0,0,0,0,0,0,0,0,0,0,0,0
1619968,791,1,0,0,0,0,0,-0.00194,0.00435,0.1825,3144,26,26,28,23,28,28,0,0,0,0,0,0,0,0,0,0,0,0,0,0,0
1622016,792,1,0,0,0,0,0,-0.00344,0.00575,0.163,2980,28,28,34,28,32,32,0,0,0,0,0,0,0,0,0,0,0,0,0,0,0
1624064,793,1,0,0,0,0,0,-0.00287,0.0055,0.226,2930,21,21,28,21,22,22,0,0,0,0,0,0,0,0,0,0,0,0,0,0,0
1626112,794,1,0,0,0,0,0,-0.00448,0.00473,0.1863,2926,35,35,31,25,43,43,0,0,0,0,0,0,0,0,0,0,0,0,0,0,0
1628160,795,1,0,0,0,0,0,-0.00236,0.0072,0.1815,2704,32,32,30,27,39,38,0,0,0,0,0,0,0,0,0,0,0,0,0,0,0
1630208,796,1,0,0,0,0,0,-0.00035,0.00602,0.1771,2917,43,43,25,20,27,27,0,0,0,0,0,0,0,0,0,0,0,0,0,0,0
1632256,797,1,0,0,0,0,0,-0.00438,0.00569,0.1821,2966,40,39,28,26,39,39,0,0,0,0,0,0,0,0,0,0,0,0,0,0,0
1634304,798,1,0,0,0,0,0,-0.00358,0.00502,0.1629,3113,25,25,40,35,32,32,0,0,0,0,0,0,0,0,0,0,0,0,0,0,0
1636352,799,1,0,0,0,0,0,-0.00654,0.00622,0.1552,3117,35,35,35,28,35,35,0,0,0,0,0,0,0,0,0,0,0,0,0,0,0
1638400,800,1,0,0,0,0,0,-0.00081,0.00395,0.1336,3136,44,44,26,24,35,35,0,0,0,0,0,0,0,0,0,0,0,0,0,0,0
1640448,801,1,0,0,0,0,0,-0.00306,0.00357,0.1507,2947,22,22,28,24,20,20,0,0,0,0,0,0,0,0,0,0,0,0,0,0,0
1642496,802,1,0,0,0,0,0,-0.00296,0.0043,0.151,3031,34,34,27,22,29,29,0,0,0,0,0,0,0,0,0,0,0,0,0,0,0
1644544,803,1,0,0,0,0,0,-0.0014,0.00448,0.1483,2856,25,25,25,20,27,27,0,0,0,0,0,0,0,0,0,0,0,0,0,0,0
1646592,804,1,0,0,0,0,0,-0.00418,0.00484,0.1953,3054,23,23,25,18,24,24,0,0,0,0,0,0,0,0,0,0,0,0,0,0,0
1648640,805,1,0,0,0,0,0,-0.0031,0.00529,0.1483,2598,23,23,28,22,31,31,0,0,0,0,0,0,0,0,0,0,0,0,0,0,0
1650688,806,1,0,0,0,0,0,0.00065,0.00534,0.2083,2621,20,20,23,18,29,29,0,0,0,0,0,0,0,0,0,0,0,0,0,0,0
1652736,807,1,0,0,0,0,0,0.0005,0.00558,0.1933,3018,31,31,28,21,19,19,0,0,0,0,0,0,0,0,0,0,0,0,0,0,0
1654784,808,1,0,0,0,0,0,-0.00746,0.00441,0.1821,2749,35,35,32,25,28,28,0,0,0,0,0,0,0,0,0,0,0,0,0,0,0
1656832,809,1,0,0,0,0,0,-0.00489,0.00638,0.1874,2681,28,28,35,30,21,21,0,0,0,0,0,0,0,0,0,0,0,0,0,0,0
1658880,810,1,0,0,0,0,0,-0.00189,0.00467,0.173,3034,28,28,41,33,25,25,0,0,0,0,0,0,0,0,0,0,0,0,0,0,0
1660928,811,1,0,0,0,0,0,-0.00219,0.00444,0.1204,2946,45,45,28,25,48,48,0,0,0,0,0,0,0,0,0,0,0,0,0,0,0
1662976,812,1,0,0,0,0,0,-0.00633,0.0045,0.1449,2815,29,29,29,26,36,36,0,0,0,0,0,0,0,0,0,0,0,0,0,0,0
1665024,813,1,0,0,0,0,0,-0.00278,0.00529,0.1235,2925,38,38,30,23,30,30,0,0,0,0,0,0,0,0,0,0,0,0,0,0,0
1667072,814,1,0,0,0,0,0,-0.00043,0.00584,0.1288,2951,29,29,32,27,27,27,0,0,0,0,0,0,0,0,0,0,0,0,0,0,0
1669120,815,1,0,0,0,0,0,-0.00097,0.0055,0.1208,2936,43,43,36,31,34,34,0,0,0,0,0,0,0,0,0,0,0,0,0,0,0
1671168,816,1,0,0,0,0,0,-0.00271,0.00473,0.1074,2980,41,41,40,37,39,39,0,0,0,0,0,0,0,0,0,0,0,0,0,0,0
1673216,817,1,0,0,0,0,0,-0.00226,0.00604,0.15,2865,30,30,28,25,40,40,0,0,0,0,0,0,0,0,0,0,0,0,0,0,0
1681241,818,2,145,106,10,11,18,-0.00012,0.05797,1.0986,5433,0,0,0,0,0,0,720,688,640,38,3,5,4,39,3,4,7,29,4,2,7
1689280,819,2,125,87,6,8,24,-0.0001,0.03634,1.0984,5401,0,0,0,0,0,0,681,642,725,27,2,2,6,25,1,4,8,35,3,2,10
1697292,820,2,142,97,9,13,23,-6e-05,0.03544,1.0981,5434,0,0,0,0,0,0,680,681,687,42,3,8,9,22,2,2,6,33,4,3,8
1705303,821,2,149,104,11,9,25,-4e-05,0.0379,1.0981,4985,0,0,0,0,0,0,702,650,696,30,5,3,7,34,1,3,11,40,5,3,7
1713311,822,2,146,109,9,8,20,-0.0002,0.03434,1.0984,5306,0,0,0,0,0,0,701,657,690,39,4,4,5,36,1,1,7,34,4,3,8
1721339,823,2,133,94,5,7,27,0.0001,0.02818,1.0984,5316,0,0,0,0,0,0,691,661,696,36,2,2,12,31,0,3,12,27,3,2,3
1729408,824,2,117,75,6,8,28,-0.0001,0.02073,1.0984,5461,0,0,0,0,0,0,692,661,695,21,2,5,12,25,1,0,5,29,3,3,11
1737452,825,2,124,93,6,2,23,-8e-05,0.02484,1.0985,5459,0,0,0,0,0,0,711,644,693,29,2,1,15,29,2,0,4,35,2,1,4
1745501,826,2,122,86,5,8,23,-0.00052,0.02002,1.0984,4989,0,0,0,0,0,0,652,681,715,32,0,7,6,30,2,1,3,24,3,0,14
1753523,827,2,133,95,4,7,27,-0.00024,0.02197,1.0973,4914,0,0,0,0,0,0,650,703,695,30,1,2,8,33,1,2,11,32,2,3,8
1761536,828,2,143,108,7,6,22,-0.00135,0.01779,1.0923,5257,0,0,0,0,0,0,654,721,673,35,3,6,4,36,1,0,7,37,3,0,11
1769592,829,2,113,75,8,4,26,-0.00057,0.01721,1.082,5508,0,0,0,0,0,0,571,868,609,27,6,2,4,28,1,1,12,20,1,1,10
1777598,830,2,147,111,9,8,19,-0.00206,0.02266,1.0867,4840,0,0,0,0,0,0,559,823,666,26,3,5,5,43,3,0,8,42,3,3,6
1785653,831,2,121,77,11,6,27,-0.00132,0.01688,1.0818,4589,0,0,0,0,0,0,489,792,767,23,3,2,5,27,2,1,9,27,6,3,13
1793683,832,2,141,104,8,5,24,-0.00056,0.01865,1.0909,5078,0,0,0,0,0,0,563,713,772,24,3,2,8,36,1,1,6,44,4,2,10
1801689,833,2,133,94,7,9,23,-0.0006,0.02011,1.0867,5176,0,0,0,0,0,0,565,746,737,26,2,2,9,36,1,2,6,32,4,5,8
1809737,834,2,123,88,7,4,24,-0.00063,0.01583,1.0851,5469,0,0,0,0,0,0,495,783,770,16,2,3,8,38,1,1,3,34,4,0,13
1817761,835,2,148,112,5,10,21,-0.00021,0.0164,1.0834,5222,0,0,0,0,0,0,567,747,734,32,3,2,10,41,0,4,8,39,2,4,3
1825807,836,2,113,79,8,3,23,-0.00043,0.01554,1.0833,5600,0,0,0,0,0,0,501,752,795,14,2,1,5,34,1,1,6,31,5,1,12
1833866,837,2,116,78,6,5,27,-0.00031,0.01425,1.0898,5331,0,0,0,0,0,0,526,763,759,18,1,0,7,32,1,2,11,28,4,3,9
1841896,838,2,134,94,6,8,26,-0.00037,0.01489,1.0893,5050,0,0,0,0,0,0,536,750,762,21,1,4,9,42,3,3,9,31,2,1,8
1849963,839,2,118,82,5,7,24,-0.00062,0.01123,1.0824,4735,0,0,0,0,0,0,512,755,781,11,2,2,4,34,1,3,8,37,2,2,12
1858006,840,2,119,78,3,11,27,-0.00112,0.01367,1.0806,5199,0,0,0,0,0,0,462,804,782,11,1,3,7,27,1,1,10,40,1,7,10
1866027,841,2,125,86,5,11,23,-0.00386,0.01405,1.0914,5274,0,0,0,0,0,0,552,726,770,21,0,3,9,24,3,2,6,41,2,6,8
1874060,842,2,127,80,9,8,30,-1e-05,0.01678,1.0961,5399,0,0,0,0,0,0,607,690,751,27,1,4,8,23,2,2,7,30,6,2,15
1882091,843,2,129,94,5,5,25,-0.00023,0.01252,1.0961,5197,0,0,0,0,0,0,624,653,771,23,1,0,8,32,2,2,9,39,2,3,8
1890141,844,2,123,78,12,8,25,-0.00043,0.01452,1.0956,4725,0,0,0,0,0,0,652,697,699,22,3,3,5,33,4,1,8,23,5,4,12
1898191,845,2,118,81,5,10,22,-0.0013,0.01618,1.095,4558,0,0,0,0,0,0,623,670,755,18,2,5,4,32,2,1,13,31,1,4,5
1906249,846,2,125,83,8,5,29,-0.00074,0.01076,1.0956,4975,0,0,0,0,0,0,650,622,776,23,5,2,7,21,0,0,9,39,3,3,13
1914280,847,2,132,90,11,6,25,-0.00153,0.01281,1.0909,5226,0,0,0,0,0,0,668,635,745,33,4,6,15,25,1,0,5,32,6,0,5
1922326,848,2,116,72,6,12,26,-0.00246,0.01569,1.0883,5476,0,0,0,0,0,0,589,588,871,26,4,3,12,21,0,2,5,25,2,7,9
1930351,849,2,142,97,11,14,20,3e-05,0.01833,1.0937,4875,0,0,0,0,0,0,675,591,782,31,3,5,8,27,2,5,2,39,6,4,10
1938405,850,2,111,74,3,7,27,-0.00015,0.01184,1.0937,5064,0,0,0,0,0,0,669,655,724,23,1,1,3,18,1,1,10,33,1,5,14
1946410,851,2,142,102,12,4,24,-0.00058,0.01077,1.0932,5302,0,0,0,0,0,0,652,614,782,33,6,2,10,38,2,0,3,31,4,2,11
1954448,852,2,119,83,9,6,21,-0.00107,0.01094,1.0928,5212,0,0,0,0,0,0,662,607,779,27,4,0,5,22,2,1,4,34,3,5,12
1962452,853,2,135,94,6,10,25,-0.0027,0.01316,1.0872,5432,0,0,0,0,0,0,616,614,818,28,1,4,6,26,0,1,10,40,5,5,9
1970509,854,2,122,90,5,2,25,-0.00169,0.00755,1.0844,5691,0,0,0,0,0,0,595,651,802,26,1,0,3,32,0,1,10,32,4,1,12
1978467,855,2,152,116,8,7,21,-0.0004,0.01275,1.087,5121,0,0,0,0,0,0,577,703,768,28,2,6,9,47,3,1,6,41,3,0,6
1986507,856,2,127,90,6,5,26,-0.001,0.01155,1.088,5396,0,0,0,0,0,0,584,732,732,15,1,4,13,36,1,0,9,39,4,1,4
1994532,857,2,124,84,14,2,24,-0.002,0.0106,1.0882,5395,0,0,0,0,0,0,525,756,767,16,6,2,5,34,1,0,8,34,7,0,11
2002517,858,2,149,109,8,9,23,-0.00035,0.01572,1.0872,5688,0,0,0,0,0,0,611,705,732,26,3,4,6,45,3,0,11,38,2,5,6
2010553,859,2,143,104,9,8,22,-0.00064,0.01206,1.0828,5418,0,0,0,0,0,0,526,708,814,34,2,5,9,38,2,0,8,32,5,3,5
2018567,860,2,144,106,9,9,20,-0.004,0.01491,1.0889,5253,0,0,0,0,0,0,552,703,793,23,2,2,7,33,3,2,4,50,4,5,9
2026644,861,2,108,62,10,7,29,-0.00145,0.00804,1.0951,5211,0,0,0,0,0,0,642,679,727,23,4,5,7,19,2,2,12,20,4,0,10
2034699,862,2,122,73,10,10,29,-0.00072,0.01432,1.0962,5326,0,0,0,0,0,0,629,703,716,21,3,6,6,25,2,1,7,27,5,3,16
2042722,863,2,145,107,6,9,23,-0.00077,0.01234,1.0952,4960,0,0,0,0,0,0,655,687,706,35,2,5,7,32,1,3,8,40,3,1,8
2050746,864,2,131,93,11,4,23,-0.00132,0.0092,1.0954,4937,0,0,0,0,0,0,637,717,694,27,2,2,7,33,1,1,6,33,8,1,10
2058778,865,2,130,96,7,2,25,-0.00099,0.00798,1.096,4696,0,0,0,0,0,0,613,737,698,21,3,0,6,40,3,2,10,35,1,0,9
2066806,866,2,127,82,13,7,25,-0.00063,0.01099,1.0969,4961,0,0,0,0,0,0,654,719,675,22,4,2,11,34,2,3,8,26,7,2,6
2074784,867,2,160,118,15,7,20,-0.00054,0.00911,1.0967,4987,0,0,0,0,0,0,702,709,637,39,4,4,11,44,4,2,4,35,7,1,5
2082769,868,2,154,109,10,13,22,-0.00053,0.01274,1.0961,4900,0,0,0,0,0,0,653,769,626,38,6,9,10,43,2,1,6,28,2,3,6
2090835,869,2,120,84,3,6,27,-0.00129,0.00948,1.0951,5309,0,0,0,0,0,0,720,695,633,23,0,2,10,34,1,2,10,27,2,2,7
2098878,870,2,118,75,10,6,27,-0.00102,0.01096,1.0926,5087,0,0,0,0,0,0,684,746,618,24,2,3,7,27,2,1,10,24,6,2,10
2106893,871,2,142,96,12,8,26,-0.00121,0.01122,1.09,5036,0,0,0,0,0,0,691,780,577,22,6,5,12,45,3,1,11,29,3,2,3
2114891,872,2,147,97,13,13,24,-0.00101,0.01318,1.0932,4644,0,0,0,0,0,0,681,721,646,35,1,5,8,36,7,4,9,26,5,4,7
2122938,873,2,125,86,10,5,24,-0.00115,0.00808,1.0906,4799,0,0,0,0,0,0,718,728,602,24,1,4,8,40,3,1,8,22,6,0,8
2130985,874,2,132,92,6,7,27,-0.00124,0.01065,1.0893,5029,0,0,0,0,0,0,739,707,602,32,2,5,9,39,1,1,7,21,3,1,11
2138971,875,2,152,110,9,9,24,-0.00125,0.01201,1.0873,5071,0,0,0,0,0,0,753,682,613,35,3,5,7,50,5,2,13,25,1,2,4
2146954,876,2,155,118,9,9,19,-0.00175,0.01308,1.0849,5105,0,0,0,0,0,0,737,698,613,46,3,4,6,44,6,3,7,28,0,2,6
2154926,877,2,156,119,8,10,19,-0.00556,0.01441,1.058,5352,0,0,0,0,0,0,780,716,552,33,2,3,9,55,3,2,3,31,3,5,7
2162945,878,2,151,106,10,10,25,-0.00309,0.01158,1.0652,5457,0,0,0,0,0,0,956,616,476,42,6,7,11,44,2,3,9,20,2,0,5
2170967,879,2,131,89,11,10,21,-0.00289,0.01281,1.0769,5333,0,0,0,0,0,0,808,655,585,18,6,4,11,47,1,1,5,24,4,5,5
2178954,880,2,150,117,7,8,18,-0.00393,0.01306,1.0712,5490,0,0,0,0,0,0,688,768,592,33,2,5,7,61,3,1,9,23,2,2,2
2186958,881,2,144,103,14,5,22,-0.00441,0.01202,1.0773,5042,0,0,0,0,0,0,658,829,561,20,5,2,10,55,6,3,5,28,3,0,7
2194948,882,2,149,113,7,8,21,-0.00208,0.01547,1.0803,5331,0,0,0,0,0,0,638,790,620,28,3,4,8,46,2,2,10,39,2,2,3
2202977,883,2,127,81,12,8,26,-0.00143,0.01131,1.0854,4972,0,0,0,0,0,0,616,753,679,21,3,3,9,35,5,1,9,25,4,4,8
2210999,884,2,143,107,5,9,22,-0.00196,0.01377,1.0821,4841,0,0,0,0,0,0,623,761,664,26,0,5,5,49,2,3,7,32,3,1,10
2219021,885,2,127,84,8,12,23,-0.00179,0.01099,1.0807,4966,0,0,0,0,0,0,620,796,632,16,3,5,10,51,1,2,8,17,4,5,5
2227014,886,2,157,119,8,8,22,-0.00312,0.01345,1.0598,4985,0,0,0,0,0,0,547,870,631,17,2,5,6,70,3,1,6,32,3,2,10
2235028,887,2,137,101,9,6,21,-0.00349,0.0094,1.0532,4924,0,0,0,0,0,0,580,899,569,17,4,2,6,66,2,3,11,18,3,1,4
2243058,888,2,139,103,7,5,24,-0.00511,0.01338,1.0516,5079,0,0,0,0,0,0,606,931,511,23,2,3,6,62,2,2,10,18,3,0,8
2251070,889,2,126,90,6,9,21,-0.00473,0.01403,1.0587,5257,0,0,0,0,0,0,609,888,551,22,1,3,7,55,3,3,7,13,2,3,7
2259118,890,2,125,87,5,9,24,-0.00357,0.01419,1.0514,4983,0,0,0,0,0,0,779,721,548,19,2,2,8,44,0,5,8,24,3,2,8
2267156,891,2,129,95,7,4,23,-0.00504,0.01317,1.0112,4960,0,0,0,0,0,0,799,666,583,11,2,0,13,59,2,1,1,25,3,3,9
2275205,892,2,121,82,8,5,26,-0.00449,0.0158,0.9986,5150,0,0,0,0,0,0,826,711,511,15,4,4,15,43,3,0,5,24,1,1,6
2283237,893,2,129,87,10,7,25,-0.00135,0.01698,0.9817,5196,0,0,0,0,0,0,861,718,469,17,6,1,10,60,1,3,11,10,3,3,4
2291235,894,2,153,118,8,6,21,-0.00328,0.01401,0.9628,5393,0,0,0,0,0,0,881,753,414,22,6,5,11,79,1,1,6,17,1,0,4
2299266,895,2,141,101,7,8,25,-0.00489,0.01506,0.961,4917,0,0,0,0,0,0,848,744,456,14,1,3,11,72,2,3,9,15,4,2,5
2307238,896,2,137,104,6,7,20,-0.004,0.01294,0.8989,5276,0,0,0,0,0,0,931,716,401,14,3,2,13,81,0,3,1,9,3,2,6
2315265,897,2,136,103,5,6,22,-0.00509,0.01209,0.9175,5358,0,0,0,0,0,0,1089,595,364,18,3,2,15,74,1,4,3,11,1,0,4
2323269,898,2,145,109,8,5,23,-0.00685,0.0126,0.9229,5413,0,0,0,0,0,0,972,665,411,14,4,2,12,81,2,2,5,14,2,1,6
2331285,899,2,134,89,9,11,25,-0.00445,0.01545,0.9682,5253,0,0,0,0,0,0,992,633,423,14,4,6,18,59,4,4,2,16,1,1,5
2339269,900,2,152,113,11,7,21,-0.00649,0.0136,0.9915,5220,0,0,0,0,0,0,943,648,457,36,5,3,12,63,2,2,2,14,4,2,7
2347313,901,2,124,86,8,7,23,-0.00645,0.01124,0.999,4943,0,0,0,0,0,0,828,646,574,15,6,3,12,51,0,3,5,20,2,1,6
2355348,902,2,125,85,8,4,28,-0.00541,0.01077,1.0243,4968,0,0,0,0,0,0,855,583,610,18,6,2,16,45,1,2,2,22,1,0,10
2363367,903,2,136,96,12,5,23,-0.00461,0.01531,1.0213,4579,0,0,0,0,0,0,799,603,646,22,6,0,9,51,1,4,6,23,5,1,8
2371354,904,2,156,117,8,11,20,-0.00435,0.01572,0.9933,4415,0,0,0,0,0,0,715,653,680,12,5,3,7,65,1,3,5,40,2,5,8
2379398,905,2,118,82,5,8,23,-0.00505,0.01177,0.9933,4833,0,0,0,0,0,0,748,589,711,14,3,3,6,47,1,2,5,21,1,3,12
2387405,906,2,147,110,8,6,23,-0.00534,0.01445,0.9767,5215,0,0,0,0,0,0,619,633,796,19,2,2,10,65,1,4,3,26,5,0,10
2395419,907,2,145,115,4,8,18,-0.00629,0.01536,0.9761,5054,0,0,0,0,0,0,714,650,684,21,2,2,6,65,0,3,5,29,2,3,7
2403439,908,2,140,96,9,11,24,-0.00511,0.01571,0.964,5254,0,0,0,0,0,0,785,659,604,13,0,3,12,65,2,4,6,18,7,4,6
2411467,909,2,120,80,6,9,25,-0.00465,0.01255,0.9885,5338,0,0,0,0,0,0,726,661,661,4,4,2,12,54,1,5,7,22,1,2,6
2419469,910,2,147,106,11,7,23,-0.00365,0.01368,0.9316,5134,0,0,0,0,0,0,603,681,764,15,5,1,8,66,2,1,4,25,4,5,11
2427407,911,2,175,134,13,9,19,-0.00444,0.01616,0.9214,5544,0,0,0,0,0,0,559,734,755,10,5,0,10,85,3,7,1,39,5,2,8
2435472,912,2,116,77,6,11,22,-0.00463,0.01205,0.9301,5553,0,0,0,0,0,0,672,585,791,7,1,2,10,53,2,7,2,17,3,2,10
2443489,913,2,138,102,4,8,24,-0.0066,0.01266,0.8914,5312,0,0,0,0,0,0,784,547,717,13,1,1,11,60,1,4,5,29,2,3,8
2451492,914,2,143,103,9,6,25,-0.00489,0.01347,0.9031,5317,0,0,0,0,0,0,613,688,747,9,4,0,10,70,2,4,3,24,3,2,12
2459512,915,2,146,113,7,5,21,-0.00464,0.01476,0.9165,5012,0,0,0,0,0,0,555,685,808,9,1,1,9,75,0,3,5,29,6,1,7
2467540,916,2,130,89,9,10,22,-0.00807,0.013,0.9146,5143,0,0,0,0,0,0,571,676,801,9,3,5,10,60,0,1,3,20,6,4,9
2475532,917,2,154,112,13,5,24,-0.00393,0.01311,0.913,5086,0,0,0,0,0,0,568,692,788,8,7,2,16,83,2,3,2,21,4,0,6
2483515,918,2,146,108,10,8,20,-0.00725,0.01362,0.8946,5068,0,0,0,0,0,0,551,608,889,3,3,2,8,72,1,5,2,33,6,1,10
2491560,919,2,124,82,12,5,25,-0.00354,0.00985,0.8838,5054,0,0,0,0,0,0,602,525,921,7,5,1,11,55,2,3,4,20,5,1,10
2499578,920,2,141,104,9,6,22,-0.00566,0.01147,0.8508,4704,0,0,0,0,0,0,684,443,921,8,4,2,10,66,0,1,3,30,5,3,9
2507570,921,2,142,97,13,8,24,-0.00528,0.01292,0.8762,4920,0,0,0,0,0,0,532,517,999,8,3,0,9,49,2,6,5,40,8,2,10
2515579,922,2,159,118,12,10,19,-0.00666,0.01498,0.8595,4972,0,0,0,0,0,0,505,592,951,6,4,4,4,79,2,4,4,33,6,2,11
2523572,923,2,149,112,6,7,24,-0.00505,0.00921,0.8437,4648,0,0,0,0,0,0,534,592,922,5,2,1,10,73,1,3,1,34,3,3,13
2531611,924,2,124,77,11,10,26,-0.00526,0.01463,0.8551,5524,0,0,0,0,0,0,584,445,1019,2,5,0,10,51,1,8,4,24,5,2,12
2539592,925,2,155,115,13,9,18,-0.00488,0.01721,0.8825,4772,0,0,0,0,0,0,453,646,949,11,2,1,4,63,1,4,3,41,10,4,11
2547581,926,2,147,102,14,11,20,-0.00656,0.01513,0.8381,4588,0,0,0,0,0,0,476,681,891,3,2,3,11,74,3,5,2,25,9,3,7
2555601,927,2,118,87,4,8,19,-0.00392,0.01214,0.8559,4620,0,0,0,0,0,0,551,479,1018,7,0,2,10,50,2,4,2,30,2,2,7
2563676,928,2,110,79,1,5,25,-0.00576,0.00914,0.8487,4694,0,0,0,0,0,0,465,472,1111,2,0,0,11,44,0,2,1,33,1,3,13
2571720,929,2,120,82,8,4,26,-0.00685,0.00961,0.8375,5106,0,0,0,0,0,0,518,561,969,5,1,1,6,58,1,1,4,19,6,2,16
2579738,930,2,139,104,2,9,24,-0.00595,0.01363,0.8469,5365,0,0,0,0,0,0,469,610,969,4,2,0,7,68,0,6,2,32,0,3,15
2587810,931,2,102,70,3,6,23,-0.00663,0.01007,0.8385,4657,0,0,0,0,0,0,643,471,934,9,1,0,9,40,0,3,2,21,2,3,12
2595816,932,2,138,95,10,6,27,-0.00592,0.01223,0.8331,4689,0,0,0,0,0,0,701,522,825,8,2,0,13,59,2,4,4,28,6,2,10
2603797,933,2,149,113,10,8,18,-0.00742,0.01168,0.8376,4875,0,0,0,0,0,0,651,518,879,7,2,3,8,71,1,4,2,35,7,1,8
2611825,934,2,133,93,10,6,24,-0.00886,0.01426,0.8462,4981,0,0,0,0,0,0,700,554,794,10,3,2,9,60,3,0,8,23,4,4,7
2619841,935,2,132,94,7,8,23,-0.00591,0.01279,0.8813,4974,0,0,0,0,0,0,720,552,776,9,3,2,6,64,2,4,5,21,2,2,12
2627862,936,2,133,89,9,12,23,-0.00605,0.01265,0.8968,5279,0,0,0,0,0,0,647,595,806,6,4,1,8,64,0,8,3,19,5,3,12
2635893,937,2,131,91,9,8,23,-0.00584,0.01438,0.9157,4877,0,0,0,0,0,0,607,568,873,10,1,2,6,63,1,3,4,18,7,3,13
2643918,938,2,123,91,4,7,21,-0.00741,0.01141,0.9048,4847,0,0,0,0,0,0,761,457,830,7,2,3,12,50,1,3,2,34,1,1,7
2651977,939,2,123,88,5,4,26,-0.00639,0.00995,0.9086,4533,0,0,0,0,0,0,629,492,927,6,1,2,9,55,2,1,3,27,2,1,14
2660006,940,2,139,104,6,6,23,-0.00679,0.01237,0.895,4500,0,0,0,0,0,0,611,507,930,11,1,1,8,57,1,2,2,36,4,3,13
2668066,941,2,119,87,6,1,25,-0.00815,0.01005,0.8679,5021,0,0,0,0,0,0,648,470,930,6,1,0,10,46,1,1,4,35,4,0,11
2676071,942,2,140,107,8,4,21,-0.00692,0.01353,0.8725,5094,0,0,0,0,0,0,557,588,903,8,2,1,6,54,4,2,3,45,2,1,12
2684126,943,2,125,83,8,7,27,-0.00471,0.01047,0.833,4876,0,0,0,0,0,0,550,528,970,6,3,0,14,42,1,1,4,35,4,6,9
2692125,944,2,138,95,9,8,26,-0.00841,0.01031,0.8315,4519,0,0,0,0,0,0,591,541,916,8,3,0,8,40,1,5,4,47,5,3,14
2700115,945,2,150,117,5,6,22,-0.00544,0.01074,0.8171,5063,0,0,0,0,0,0,513,576,959,5,4,0,7,63,0,2,3,49,1,4,12
2708154,946,2,134,96,4,10,24,-0.00422,0.01568,0.831,5011,0,0,0,0,0,0,476,681,891,7,1,1,4,56,0,5,3,33,3,4,17
2716153,947,2,130,98,9,3,20,-0.00918,0.00884,0.839,4586,0,0,0,0,0,0,546,589,913,5,1,0,9,47,0,2,4,46,8,1,7
2724159,948,2,151,117,8,5,21,-0.00526,0.01161,0.8186,5109,0,0,0,0,0,0,587,639,822,11,1,2,10,59,4,1,3,47,3,2,8
2732187,949,2,129,85,12,8,24,-0.00591,0.01162,0.828,5360,0,0,0,0,0,0,623,637,788,8,4,2,9,51,4,5,8,26,4,1,7
2740205,950,2,121,90,5,6,20,-0.00542,0.01072,0.7919,5534,0,0,0,0,0,0,578,754,716,8,1,1,6,55,2,4,7,27,2,1,7
2748210,951,2,150,105,10,12,23,-0.00601,0.0149,0.7808,5449,0,0,0,0,0,0,642,718,688,9,6,3,9,63,2,5,3,33,2,4,11
2756215,952,2,135,98,7,8,22,-0.0035,0.01293,0.7611,5014,0,0,0,0,0,0,475,898,675,2,2,1,3,69,4,5,9,27,1,2,10
2764254,953,2,128,96,6,1,25,-0.00763,0.00859,0.8285,4928,0,0,0,0,0,0,640,773,635,6,1,0,12,62,0,1,5,28,5,0,8
2772280,954,2,140,96,13,8,23,-0.00707,0.01406,0.7995,5314,0,0,0,0,0,0,560,845,643,5,3,0,11,61,4,6,8,30,6,2,4
2780313,955,2,139,95,11,10,23,-0.00464,0.01415,0.7852,5080,0,0,0,0,0,0,563,737,748,5,6,0,11,60,1,7,2,30,4,3,10
2788306,956,2,156,119,8,7,22,-0.00584,0.01254,0.771,5613,0,0,0,0,0,0,668,721,659,10,1,1,14,73,1,5,4,36,6,1,4
2796371,957,2,110,74,5,6,25,-0.00742,0.00977,0.8131,5114,0,0,0,0,0,0,705,586,757,4,2,2,14,48,0,2,4,22,3,2,7
2804387,958,2,127,90,6,9,22,-0.00889,0.01435,0.8243,4920,0,0,0,0,0,0,602,744,702,4,2,1,7,57,2,4,8,29,2,4,7
2812430,959,2,132,90,6,9,27,-0.00487,0.0134,0.8135,4763,0,0,0,0,0,0,731,597,720,7,1,2,14,54,0,4,3,29,5,3,10
2820427,960,2,150,108,9,14,19,-0.00703,0.01248,0.8298,5108,0,0,0,0,0,0,587,759,702,9,2,1,10,61,1,9,4,38,6,4,5
2828425,961,2,144,107,11,3,23,-0.00568,0.01134,0.8481,4900,0,0,0,0,0,0,590,750,708,10,3,0,7,66,3,3,5,31,5,0,11
2836456,962,2,125,91,7,3,24,-0.00481,0.00893,0.8709,5320,0,0,0,0,0,0,629,721,698,7,3,1,13,62,1,2,5,22,3,0,6
2844487,963,2,136,104,4,5,23,-0.00581,0.01011,0.8422,5298,0,0,0,0,0,0,541,853,654,13,2,2,8,58,1,1,4,33,1,2,11
2852476,964,2,153,118,10,4,21,-0.00685,0.01333,0.8575,5158,0,0,0,0,0,0,590,760,698,12,1,1,13,69,6,3,3,37,3,0,5
2860521,965,2,129,89,10,7,23,-0.00591,0.01311,0.862,5038,0,0,0,0,0,0,631,711,706,5,4,2,15,47,2,2,3,37,4,3,5
2868555,966,2,126,90,7,5,24,-0.00724,0.01038,0.8315,4609,0,0,0,0,0,0,533,776,739,4,1,1,7,58,1,2,8,28,5,2,9
2876601,967,2,120,85,3,5,27,-0.00514,0.0092,0.859,5385,0,0,0,0,0,0,675,698,675,5,3,1,9,53,0,4,9,27,0,0,9
2884645,968,2,128,96,8,2,22,-0.00637,0.00964,0.816,5284,0,0,0,0,0,0,544,669,835,6,2,0,10,60,3,1,3,30,3,1,9
2892740,969,2,101,61,4,8,28,-0.0073,0.01097,0.8015,4563,0,0,0,0,0,0,571,635,842,5,0,1,9,44,2,4,4,12,2,3,15
2900777,970,2,132,90,10,4,28,-0.00517,0.01284,0.7447,5296,0,0,0,0,0,0,500,563,985,9,1,1,9,51,1,0,9,30,8,3,10
2908828,971,2,124,89,7,6,22,-0.00701,0.01284,0.7416,5275,0,0,0,0,0,0,537,710,801,6,3,3,7,56,3,1,6,27,1,2,9
2916846,972,2,136,98,12,4,22,-0.00623,0.01229,0.7425,5123,0,0,0,0,0,0,573,683,792,2,3,0,7,70,2,2,5,26,7,2,10
2924838,973,2,141,115,2,4,20,-0.00491,0.01038,0.777,5082,0,0,0,0,0,0,693,535,820,9,1,1,10,67,0,3,0,39,1,0,10
2932846,974,2,154,113,7,8,26,-0.0078,0.01175,0.7915,4906,0,0,0,0,0,0,548,675,825,10,3,1,10,62,1,3,6,41,3,4,10
2940911,975,2,112,75,8,6,23,-0.00528,0.00856,0.761,5314,0,0,0,0,0,0,674,580,794,4,2,2,6,47,2,3,9,24,4,1,8
2948920,976,2,146,104,13,4,25,-0.00667,0.01324,0.7263,4658,0,0,0,0,0,0,638,601,809,6,2,1,10,65,5,3,6,33,6,0,9
2956976,977,2,114,77,4,7,26,-0.00686,0.01031,0.7333,4229,0,0,0,0,0,0,641,518,889,4,2,3,11,49,1,3,5,24,1,1,10
2964968,978,2,148,112,7,7,22,-0.00546,0.01096,0.7523,4450,0,0,0,0,0,0,626,588,834,12,1,1,8,66,4,5,5,34,2,1,9
2973000,979,2,131,98,5,3,25,-0.00668,0.01081,0.7172,5064,0,0,0,0,0,0,692,555,801,10,1,0,9,63,2,3,4,25,2,0,12
2981046,980,2,118,83,7,3,25,-0.00595,0.00931,0.7061,5253,0,0,0,0,0,0,594,389,1065,4,4,1,10,45,0,1,3,34,3,1,12
2989088,981,2,138,102,8,2,26,-0.00612,0.00733,0.7232,5210,0,0,0,0,0,0,598,484,966,8,3,1,6,49,2,1,8,45,3,0,12
2997082,982,2,150,113,6,8,23,-0.00683,0.01219,0.6975,5144,0,0,0,0,0,0,483,491,1074,14,2,1,10,54,0,1,4,45,4,6,9
3005089,983,2,136,104,10,3,19,-0.00816,0.00969,0.7031,5345,0,0,0,0,0,0,596,448,1004,11,3,0,7,53,1,2,4,40,6,1,8
3013060,984,2,159,119,11,10,19,-0.00673,0.01234,0.6798,5003,0,0,0,0,0,0,584,480,984,16,4,2,10,55,1,5,3,48,6,3,6
3021049,985,2,142,105,10,3,24,-0.00578,0.01209,0.6727,5396,0,0,0,0,0,0,460,469,1119,10,3,1,9,54,0,2,6,41,7,0,9
3029071,986,2,129,86,14,5,24,-0.00639,0.01013,0.6491,5473,0,0,0,0,0,0,628,371,1049,7,4,1,9,42,3,3,2,37,7,1,13
3037035,987,2,160,124,12,5,19,-0.00722,0.01038,0.6495,4900,0,0,0,0,0,0,390,382,1276,12,3,1,5,68,2,2,1,44,7,2,13
3044975,988,2,176,134,18,9,15,-0.00541,0.01432,0.6996,4772,0,0,0,0,0,0,451,552,1045,10,5,1,3,71,2,5,3,53,11,3,9
3052980,989,2,143,106,12,2,23,-0.00791,0.01015,0.7024,4672,0,0,0,0,0,0,441,455,1152,9,1,1,7,60,3,1,2,37,8,0,14
3061029,990,2,130,91,5,7,27,-0.00546,0.01138,0.6442,5011,0,0,0,0,0,0,418,369,1261,5,0,0,7,44,0,3,4,42,5,4,16
3069068,991,2,126,87,10,5,24,-0.00671,0.00888,0.7075,5276,0,0,0,0,0,0,503,458,1087,11,3,2,6,38,1,1,4,38,6,2,14
3077078,992,2,144,107,14,2,21,-0.00504,0.0129,0.6693,5367,0,0,0,0,0,0,426,481,1141,14,4,1,6,43,2,1,2,50,8,0,13
3085080,993,2,132,95,9,6,22,-0.00693,0.01119,0.6887,4087,0,0,0,0,0,0,479,447,1122,15,4,2,7,48,0,2,3,32,5,2,12
3093128,994,2,128,88,10,6,24,-0.00402,0.00922,0.6446,4307,0,0,0,0,0,0,637,369,1042,5,4,0,8,43,1,3,1,40,5,3,15
3101207,995,2,112,66,12,5,29,-0.00536,0.00654,0.603,5362,0,0,0,0,0,0,474,369,1205,9,3,3,11,37,2,0,4,20,7,2,14
3109224,996,2,137,99,7,9,22,-0.0065,0.0101,0.6108,4882,0,0,0,0,0,0,388,616,1044,5,1,3,6,56,1,5,2,38,5,1,14
3117224,997,2,147,105,12,6,24,-0.00794,0.01122,0.5626,5259,0,0,0,0,0,0,390,461,1197,10,1,1,5,62,2,3,3,33,9,2,16
3125230,998,2,140,100,12,7,21,-0.00622,0.01248,0.5859,5184,0,0,0,0,0,0,448,486,1114,5,3,2,6,52,1,2,1,43,8,3,14
3133285,999,2,124,87,8,5,24,-0.00626,0.0122,0.6199,4831,0,0,0,0,0,0,520,550,978,8,3,0,7,51,3,3,0,28,2,2,17
3141306,1000,2,142,102,10,7,23,-0.00572,0.01346,0.5869,4667,0,0,0,0,0,0,472,672,904,9,2,1,8,66,1,3,7,27,7,3,8
3149316,1001,2,134,100,7,5,22,-0.00698,0.01077,0.5741,5015,0,0,0,0,0,0,386,409,1253,8,2,0,4,58,1,1,2,34,4,4,16
3157318,1002,2,145,98,15,9,23,-0.00532,0.01265,0.6165,5076,0,0,0,0,0,0,397,469,1182,3,2,2,6,53,4,3,2,42,9,4,15
3165289,1003,2,160,121,10,7,22,-0.0069,0.01148,0.6037,5017,0,0,0,0,0,0,463,515,1070,7,2,1,5,68,2,4,3,46,6,2,14
3173294,1004,2,143,105,9,10,19,-0.00614,0.01209,0.608,5400,0,0,0,0,0,0,430,582,1036,6,0,1,6,57,3,4,3,42,6,5,10
3181319,1005,2,130,81,18,6,25,-0.00565,0.0096,0.5615,5320,0,0,0,0,0,0,516,409,1123,3,7,1,8,50,4,5,3,28,7,0,14
3189339,1006,2,143,112,5,3,23,-0.00701,0.00817,0.5182,3734,0,0,0,0,0,0,564,439,1045,14,1,0,11,64,0,3,0,34,4,0,12
3197353,1007,2,136,97,9,7,23,-0.00728,0.01041,0.5553,4563,0,0,0,0,0,0,346,480,1222,5,1,1,4,53,2,3,4,39,6,3,15
3205344,1008,2,163,130,7,3,23,-0.00594,0.00956,0.5247,5593,0,0,0,0,0,0,437,520,1091,11,1,1,5,72,2,1,3,47,4,1,15
3213364,1009,2,137,99,8,6,24,-0.00533,0.00953,0.5568,5585,0,0,0,0,0,0,389,564,1095,5,0,2,5,59,0,2,2,35,8,2,17
3221373,1010,2,138,104,3,7,24,-0.00685,0.01113,0.5791,5199,0,0,0,0,0,0,433,564,1051,6,1,2,10,65,0,4,5,33,2,1,9
3229341,1011,2,161,125,12,6,18,-0.00288,0.01242,0.5767,4989,0,0,0,0,0,0,337,597,1114,11,2,0,3,77,2,3,5,37,8,3,10
3237371,1012,2,136,101,9,5,21,-0.00643,0.01045,0.6006,5769,0,0,0,0,0,0,356,679,1013,3,2,0,3,70,1,5,5,28,6,0,13
3245435,1013,2,122,80,10,7,25,-0.00468,0.01061,0.5532,5182,0,0,0,0,0,0,318,608,1122,4,3,3,6,52,0,2,7,24,7,2,12
3253429,1014,2,148,114,7,7,20,-0.00693,0.01417,0.5582,4955,0,0,0,0,0,0,338,622,1088,3,1,1,5,78,2,3,5,33,4,3,10
3261478,1015,2,114,84,6,0,24,-0.00503,0.0085,0.5747,4895,0,0,0,0,0,0,444,486,1118,5,1,0,8,57,2,0,4,22,3,0,12
3269515,1016,2,135,97,7,10,21,-0.00739,0.01095,0.566,5014,0,0,0,0,0,0,385,580,1083,5,0,1,10,72,2,6,2,20,5,3,9
3277546,1017,2,142,108,8,4,22,-0.00397,0.00922,0.4346,5502,0,0,0,0,0,0,207,680,1161,3,1,1,4,77,0,2,5,28,7,1,13
3285540,1018,2,142,102,8,8,24,-0.0061,0.01376,0.5687,4784,0,0,0,0,0,0,386,623,1039,6,0,1,3,68,1,5,4,28,7,2,17
3293552,1019,2,147,104,7,12,24,-0.00496,0.01265,0.4944,5189,0,0,0,0,0,0,363,775,910,8,1,3,7,69,1,5,6,27,5,4,11
3301585,1020,2,132,103,6,5,18,-0.00559,0.011,0.4804,4728,0,0,0,0,0,0,345,608,1095,5,1,0,3,78,2,5,2,20,3,0,13
3309575,1021,2,149,116,6,5,22,-0.00481,0.01219,0.4788,4509,0,0,0,0,0,0,485,778,785,7,0,2,9,90,1,3,4,19,5,0,9
3317606,1022,2,130,86,10,8,26,-0.00746,0.01136,0.4042,4815,0,0,0,0,0,0,309,624,1115,6,2,0,8,62,4,4,3,18,4,4,15
3325613,1023,2,157,122,7,9,19,-0.00661,0.01214,0.4531,5016,0,0,0,0,0,0,392,631,1025,9,3,1,4,86,0,4,4,27,4,4,11
3333646,1024,2,126,91,9,3,23,-0.00274,0.00826,0.5029,4924,0,0,0,0,0,0,493,562,993,7,1,1,8,59,1,1,3,25,7,1,12
3341647,1025,2,151,106,12,9,24,-0.00733,0.01073,0.4861,5034,0,0,0,0,0,0,352,759,937,5,2,1,8,72,2,5,6,29,8,3,10
3349623,1026,2,156,123,5,10,18,-0.00402,0.01349,0.5134,5250,0,0,0,0,0,0,461,631,956,6,2,2,4,87,2,5,5,30,1,3,9
3357685,1027,2,121,80,11,4,26,-0.00588,0.00986,0.429,4798,0,0,0,0,0,0,365,563,1120,7,4,0,7,54,1,3,4,19,6,1,15
3365713,1028,2,143,105,8,3,27,-0.00592,0.0093,0.4723,5159,0,0,0,0,0,0,380,608,1060,10,2,1,6,67,1,2,9,28,5,0,12
3373731,1029,2,134,99,4,8,23,-0.00611,0.01063,0.4307,4848,0,0,0,0,0,0,425,479,1144,7,0,4,9,62,0,4,0,30,4,0,14
3381761,1030,2,138,101,7,8,22,-0.00564,0.01104,0.5335,4823,0,0,0,0,0,0,372,636,1040,14,1,1,5,61,1,5,4,26,5,2,13
3389806,1031,2,122,83,5,10,24,-0.00592,0.01149,0.5405,5258,0,0,0,0,0,0,463,645,940,8,1,0,7,56,3,5,7,19,1,5,10
3397822,1032,2,142,102,9,6,25,-0.00609,0.01036,0.5633,4964,0,0,0,0,0,0,428,647,973,7,2,1,8,72,4,4,6,23,3,1,11
3405830,1033,2,148,109,12,6,21,-0.00775,0.011,0.5116,4806,0,0,0,0,0,0,389,669,990,13,4,4,5,74,1,1,4,22,7,1,12
3413838,1034,2,133,97,11,4,21,-0.00527,0.00872,0.52,4746,0,0,0,0,0,0,349,662,1037,4,3,1,6,76,1,3,3,17,7,0,12
3421885,1035,2,127,95,5,3,24,-0.00351,0.00698,0.5645,5146,0,0,0,0,0,0,451,623,974,7,1,1,5,64,2,2,5,24,2,0,14
3429898,1036,2,145,103,9,6,27,-0.00906,0.01049,0.5567,5444,0,0,0,0,0,0,454,712,882,7,2,0,7,75,1,6,7,21,6,0,13
3437943,1037,2,120,84,6,4,26,-0.00869,0.00944,0.5007,5253,0,0,0,0,0,0,355,500,1193,11,0,1,5,60,3,2,2,13,3,1,19
3446004,1038,2,121,90,4,4,23,-0.00701,0.01132,0.5399,4747,0,0,0,0,0,0,360,619,1069,2,1,0,7,66,0,4,1,22,3,0,15
3454060,1039,2,127,89,8,5,25,-0.00394,0.01234,0.4236,4807,0,0,0,0,0,0,223,581,1244,5,2,2,6,54,3,2,4,30,3,1,15
3462110,1040,2,119,88,6,1,24,-0.00514,0.00837,0.5098,4937,0,0,0,0,0,0,453,504,1091,12,1,0,10,57,2,1,4,19,3,0,10
3470088,1041,2,157,115,12,8,22,-0.00654,0.00974,0.492,5224,0,0,0,0,0,0,315,635,1098,11,1,6,2,79,3,2,2,25,8,0,18
3478111,1042,2,138,104,2,8,24,-0.00641,0.00969,0.5211,5225,0,0,0,0,0,0,327,606,1115,8,0,2,2,78,1,3,5,18,1,3,17
3486084,1043,2,174,132,14,8,20,-0.00619,0.01083,0.537,5249,0,0,0,0,0,0,360,856,832,14,3,3,7,98,3,4,4,20,8,1,9
3494092,1044,2,148,115,7,7,19,-0.0075,0.00857,0.547,5013,0,0,0,0,0,0,452,679,917,12,3,2,9,86,1,3,2,17,3,2,8
3502113,1045,2,142,102,8,6,26,-0.00622,0.00883,0.5194,5058,0,0,0,0,0,0,351,681,1016,10,1,3,4,75,3,3,8,17,4,0,14
3510130,1046,2,137,103,9,4,21,-0.00588,0.00941,0.5368,4663,0,0,0,0,0,0,410,736,902,10,1,1,5,78,5,3,6,15,3,0,10
3518146,1047,2,140,107,8,1,24,-0.00862,0.00838,0.5868,4731,0,0,0,0,0,0,590,630,828,11,2,0,10,78,2,1,5,18,4,0,9
3526166,1048,2,137,101,13,2,21,-0.00652,0.00719,0.5834,4930,0,0,0,0,0,0,655,522,871,20,0,1,12,64,3,1,3,17,10,0,6
3534206,1049,2,115,81,5,6,23,-0.00604,0.00816,0.6055,5250,0,0,0,0,0,0,575,513,960,16,1,1,11,52,0,5,4,13,4,0,8
3542274,1050,2,130,91,7,4,28,-0.00612,0.01016,0.5851,5291,0,0,0,0,0,0,556,600,892,11,2,1,7,62,0,3,6,18,5,0,15
3550295,1051,2,143,101,13,8,21,-0.00785,0.01008,0.5578,4992,0,0,0,0,0,0,514,708,826,8,4,3,5,74,4,4,6,19,5,1,10
3558287,1052,2,157,114,13,11,19,-0.00641,0.01032,0.575,4775,0,0,0,0,0,0,647,499,902,12,3,4,14,81,1,6,0,21,9,1,5
3566339,1053,2,117,80,3,8,26,-0.00469,0.00981,0.5683,5140,0,0,0,0,0,0,557,520,971,7,0,5,10,55,1,3,3,18,2,0,13
3574345,1054,2,136,100,9,1,26,-0.00812,0.01119,0.5728,5388,0,0,0,0,0,0,562,580,906,12,1,0,10,73,2,0,4,15,6,1,12
3582344,1055,2,154,115,6,11,22,-0.00457,0.01157,0.5368,5248,0,0,0,0,0,0,627,611,810,20,4,4,9,80,1,7,4,15,1,0,9
3590371,1056,2,144,118,4,3,19,-0.00504,0.00738,0.6004,5229,0,0,0,0,0,0,437,652,959,12,1,2,7,88,1,1,5,18,2,0,7
3598417,1057,2,132,93,7,5,27,-0.00454,0.00818,0.6493,5253,0,0,0,0,0,0,462,577,1009,8,2,0,7,70,0,4,2,15,5,1,18
3606438,1058,2,136,94,11,9,22,-0.00575,0.01064,0.5669,5092,0,0,0,0,0,0,378,681,989,4,3,3,4,77,0,5,6,13,8,1,12
3614429,1059,2,129,100,6,3,20,-0.00487,0.00883,0.6093,5372,0,0,0,0,0,0,541,569,938,13,0,1,6,72,2,2,3,15,4,0,11
3622472,1060,2,123,87,4,5,27,-0.00469,0.00891,0.5901,5210,0,0,0,0,0,0,581,528,939,6,0,1,11,67,1,2,3,14,3,2,13
3630487,1061,2,145,102,11,6,26,-0.00834,0.00952,0.5767,5493,0,0,0,0,0,0,596,537,915,12,2,3,16,72,3,2,3,18,6,1,7
3638431,1062,2,173,138,9,8,18,-0.00693,0.01404,0.526,4866,0,0,0,0,0,0,448,645,955,10,3,2,8,100,1,3,2,28,5,3,8
3646466,1063,2,128,91,11,4,22,-0.00491,0.00876,0.541,5332,0,0,0,0,0,0,405,586,1057,8,0,3,5,72,1,1,6,11,10,0,11
3654467,1064,2,151,108,12,7,24,-0.00528,0.01113,0.5044,5008,0,0,0,0,0,0,431,576,1041,7,3,1,8,86,4,4,6,15,5,2,10
3662511,1065,2,129,89,5,8,27,-0.00556,0.01063,0.4962,5226,0,0,0,0,0,0,331,481,1236,10,0,2,6,70,3,4,5,9,2,2,16
3670517,1066,2,130,91,4,13,22,-0.00528,0.01241,0.496,4972,0,0,0,0,0,0,396,641,1011,7,0,5,2,69,1,7,3,15,3,1,17
3678565,1067,2,119,76,8,9,26,-0.00584,0.00917,0.5228,5738,0,0,0,0,0,0,473,583,992,3,1,4,6,65,0,5,5,8,7,0,15
3686597,1068,2,127,84,9,8,26,-0.00444,0.01171,0.5097,5359,0,0,0,0,0,0,364,605,1079,10,6,2,6,55,0,4,8,19,3,2,12
3694591,1069,2,157,115,9,10,23,-0.00684,0.01217,0.454,5000,0,0,0,0,0,0,383,545,1120,14,2,2,5,83,1,5,4,18,6,3,14
3702644,1070,2,119,87,6,6,20,-0.00585,0.01047,0.4643,5414,0,0,0,0,0,0,339,415,1294,11,1,3,4,59,1,3,1,17,4,0,15
3710641,1071,2,148,108,12,4,24,-0.00654,0.01153,0.5503,4973,0,0,0,0,0,0,346,619,1083,11,3,0,7,73,4,3,3,24,5,1,14
3718659,1072,2,140,92,13,10,25,-0.0066,0.01004,0.504,5168,0,0,0,0,0,0,464,461,1123,17,3,5,3,61,0,2,7,14,10,3,15
3726675,1073,2,135,103,6,7,19,-0.00542,0.00923,0.493,5180,0,0,0,0,0,0,445,447,1156,10,2,3,5,77,1,4,1,16,3,0,13
3734680,1074,2,144,109,8,4,23,-0.004,0.01086,0.511,5415,0,0,0,0,0,0,461,647,940,16,3,0,8,81,2,2,2,12,3,2,13
3742690,1075,2,136,96,8,9,23,-0.00659,0.01115,0.545,5239,0,0,0,0,0,0,485,493,1070,8,5,4,3,79,1,4,0,9,2,1,20
3750699,1076,2,153,114,5,15,19,-0.0054,0.01311,0.4637,5290,0,0,0,0,0,0,393,515,1140,11,1,8,1,83,1,6,2,20,3,1,16
3758710,1077,2,141,99,10,11,21,-0.00704,0.01133,0.62,4702,0,0,0,0,0,0,511,635,902,14,3,4,5,72,1,6,7,13,6,1,9
3766744,1078,2,135,99,7,10,19,-0.00455,0.01206,0.5139,5043,0,0,0,0,0,0,468,485,1095,18,3,4,10,61,2,5,2,20,2,1,7
3774759,1079,2,141,100,13,5,23,-0.00617,0.01256,0.4706,5383,0,0,0,0,0,0,384,526,1138,14,4,1,4,70,6,3,6,16,3,1,13
3782753,1080,2,146,113,6,4,23,-0.00566,0.0093,0.4956,5292,0,0,0,0,0,0,329,474,1245,5,2,1,3,93,0,2,6,15,4,1,14
3790821,1081,2,114,78,5,4,27,-0.00752,0.00945,0.5109,5049,0,0,0,0,0,0,513,501,1034,13,0,1,7,58,2,2,3,7,3,1,17
3798811,1082,2,148,110,7,11,20,-0.00564,0.01151,0.5022,4755,0,0,0,0,0,0,451,569,1028,15,3,4,7,86,0,7,2,9,4,0,11
3806856,1083,2,114,77,8,6,23,-0.00333,0.00937,0.5387,5031,0,0,0,0,0,0,532,519,997,11,2,2,10,58,2,4,5,8,4,0,8
3814854,1084,2,151,117,8,5,21,-0.0052,0.01019,0.5096,4769,0,0,0,0,0,0,523,573,952,15,1,2,7,90,1,3,3,12,6,0,11
3822878,1085,2,134,93,9,8,24,-0.00437,0.00945,0.5667,5033,0,0,0,0,0,0,574,500,974,14,3,4,8,68,1,4,3,11,5,0,13
3830913,1086,2,130,90,14,4,22,-0.00574,0.00854,0.4943,5433,0,0,0,0,0,0,479,444,1125,18,6,0,8,61,2,4,2,11,6,0,12
3838952,1087,2,137,99,8,8,22,-0.00525,0.01016,0.4085,5220,0,0,0,0,0,0,329,491,1228,9,5,4,5,77,0,4,2,13,3,0,15
3846961,1088,2,144,96,12,8,28,-0.00498,0.00998,0.6026,5426,0,0,0,0,0,0,565,567,916,19,2,3,6,72,1,4,7,5,9,1,15
3855020,1089,2,119,81,5,8,25,-0.00456,0.00806,0.5752,5108,0,0,0,0,0,0,538,480,1030,12,0,3,8,62,1,5,6,7,4,0,11
3863010,1090,2,159,118,16,4,21,-0.00505,0.01204,0.4571,4934,0,0,0,0,0,0,320,629,1099,15,4,2,3,91,1,2,5,12,11,0,13
3871025,1091,2,139,98,12,8,21,-0.00572,0.00973,0.4697,4592,0,0,0,0,0,0,346,476,1226,12,2,3,2,80,0,4,4,6,10,1,15
3879049,1092,2,127,88,9,3,27,-0.00607,0.00838,0.5252,4509,0,0,0,0,0,0,509,580,959,6,1,0,8,77,1,3,6,5,7,0,13
3887048,1093,2,139,101,7,6,25,-0.00591,0.01001,0.5322,5024,0,0,0,0,0,0,555,683,810,12,3,1,10,83,1,5,9,6,3,0,6
3895056,1094,2,143,111,5,3,24,-0.00494,0.00965,0.5536,5086,0,0,0,0,0,0,574,606,868,12,0,1,9,93,1,1,6,6,4,1,9
3903099,1095,2,126,87,10,5,24,-0.00506,0.00775,0.5545,4769,0,0,0,0,0,0,438,758,852,5,2,3,4,73,2,2,11,9,6,0,9
3911150,1096,2,132,95,7,5,25,-0.00503,0.00672,0.485,5221,0,0,0,0,0,0,369,645,1034,6,3,4,5,79,1,1,8,10,3,0,12
3919195,1097,2,125,91,2,9,23,-0.00518,0.00849,0.4269,5043,0,0,0,0,0,0,371,514,1163,5,0,5,5,82,1,2,2,4,1,2,16
3927233,1098,2,130,97,7,1,25,-0.005,0.01035,0.4112,4741,0,0,0,0,0,0,374,492,1182,10,1,0,9,79,0,1,3,8,6,0,13
3935276,1099,2,137,100,9,1,27,-0.00448,0.00642,0.4009,5128,0,0,0,0,0,0,389,399,1260,11,2,0,10,75,0,1,0,14,7,0,17
3943300,1100,2,120,87,8,3,22,-0.00446,0.00614,0.4382,5082,0,0,0,0,0,0,423,585,1040,9,4,1,3,67,0,1,8,11,4,1,11
3951253,1101,2,167,131,9,5,22,-0.0043,0.01145,0.4522,5021,0,0,0,0,0,0,315,668,1065,10,1,0,3,110,1,5,8,11,7,0,11
3959319,1102,2,124,95,5,1,23,-0.00478,0.00615,0.4636,4829,0,0,0,0,0,0,356,510,1182,8,0,0,5,72,0,1,3,15,5,0,15
3967348,1103,2,129,89,5,7,28,-0.00537,0.00761,0.4693,5110,0,0,0,0,0,0,474,587,987,6,1,3,11,77,0,4,3,6,4,0,14
3975394,1104,2,127,81,12,8,26,-0.00565,0.01038,0.4337,5067,0,0,0,0,0,0,358,641,1049,5,3,1,4,71,2,6,4,5,7,1,18
3983432,1105,2,126,93,5,8,20,-0.00425,0.01028,0.4439,5080,0,0,0,0,0,0,369,661,1018,4,1,1,6,82,1,7,5,7,3,0,9
3991489,1106,2,128,86,9,8,25,-0.00482,0.00708,0.5362,4797,0,0,0,0,0,0,497,655,896,5,3,3,6,75,1,5,6,6,5,0,13
3999521,1107,2,136,99,8,1,28,-0.0053,0.0067,0.4866,4892,0,0,0,0,0,0,499,571,978,7,2,0,9,87,1,1,5,5,5,0,14
4007542,1108,2,147,114,7,6,20,-0.00477,0.01028,0.4477,4906,0,0,0,0,0,0,451,598,999,11,0,2,7,94,1,4,3,9,6,0,10
4015552,1109,2,147,111,12,1,23,-0.00547,0.00744,0.4927,4572,0,0,0,0,0,0,507,526,1015,10,2,0,6,95,0,1,3,6,10,0,14
4023580,1110,2,131,95,6,6,24,-0.00513,0.00958,0.4449,4610,0,0,0,0,0,0,336,432,1280,13,2,2,5,72,2,4,1,10,2,0,18
4031603,1111,2,135,98,7,6,24,-0.00641,0.01078,0.4773,4644,0,0,0,0,0,0,540,666,842,11,1,1,10,79,1,4,5,8,5,1,9
4039623,1112,2,135,98,6,7,24,-0.00383,0.00984,0.4114,4815,0,0,0,0,0,0,501,526,1021,6,2,2,9,88,2,5,5,4,2,0,10
4047648,1113,2,143,105,6,7,25,-0.00442,0.01224,0.3901,4725,0,0,0,0,0,0,380,540,1128,7,3,2,4,89,0,5,3,9,3,0,18
4055666,1114,2,147,105,9,11,22,-0.00466,0.01039,0.5106,4559,0,0,0,0,0,0,419,559,1070,13,2,4,6,88,2,7,5,4,5,0,11
4063664,1115,2,145,107,7,8,23,-0.00524,0.01167,0.4923,4509,0,0,0,0,0,0,353,646,1049,10,2,1,7,94,1,7,7,3,4,0,9
4071720,1116,2,131,98,11,3,19,-0.00655,0.00637,0.5552,4464,0,0,0,0,0,0,480,603,965,13,2,1,7,77,2,2,6,8,7,0,6
4079743,1117,2,140,107,10,2,21,-0.00518,0.00741,0.5574,4719,0,0,0,0,0,0,490,631,927,13,3,1,7,86,4,1,4,8,3,0,10
4087775,1118,2,126,85,7,9,25,-0.00262,0.00845,0.5528,4521,0,0,0,0,0,0,472,528,1048,9,0,3,5,68,1,6,8,8,6,0,12
4095774,1119,2,146,107,11,5,23,-0.00326,0.01133,0.5168,4501,0,0,0,0,0,0,430,565,1053,13,1,1,5,80,5,2,8,14,5,2,10
4103807,1120,2,133,92,10,7,24,-0.00644,0.00855,0.5439,4362,0,0,0,0,0,0,376,535,1137,12,1,4,6,71,1,2,6,9,8,1,12
4111831,1121,2,141,103,6,8,24,-0.00562,0.01306,0.5653,4273,0,0,0,0,0,0,448,528,1072,12,0,6,7,81,2,1,6,10,4,1,11
4119847,1122,2,141,105,5,6,25,-0.00495,0.01148,0.5304,4711,0,0,0,0,0,0,378,537,1133,16,2,3,8,71,1,2,8,18,2,1,9
4127891,1123,2,126,89,11,6,20,-0.00482,0.00735,0.5087,4397,0,0,0,0,0,0,450,361,1237,12,2,2,7,62,1,3,1,15,8,1,12
4135911,1124,2,135,98,6,3,28,-0.00371,0.00849,0.5669,4594,0,0,0,0,0,0,457,478,1113,12,1,1,8,71,0,0,9,15,5,2,11
4143942,1125,2,127,87,10,6,24,-0.00604,0.00975,0.5955,4841,0,0,0,0,0,0,449,575,1024,8,2,1,7,67,1,5,4,12,7,0,13
4151978,1126,2,123,87,6,4,26,-0.00618,0.0075,0.6153,4249,0,0,0,0,0,0,524,515,1009,8,0,1,8,69,3,3,7,10,3,0,11
4159963,1127,2,166,125,10,9,22,-0.00631,0.01245,0.5828,4406,0,0,0,0,0,0,404,649,995,9,4,4,6,102,2,4,3,14,4,1,13
4168025,1128,2,121,83,10,2,26,-0.0046,0.00673,0.6875,4931,0,0,0,0,0,0,586,706,756,8,4,1,10,65,1,1,5,10,5,0,11
4176024,1129,2,157,121,9,5,22,-0.00554,0.00908,0.5736,4567,0,0,0,0,0,0,436,506,1106,11,1,1,9,91,3,2,3,19,5,2,10
4184079,1130,2,123,82,12,6,23,-0.0065,0.00924,0.5946,4369,0,0,0,0,0,0,501,499,1048,10,1,3,4,52,2,2,3,20,9,1,16
4192083,1131,2,149,112,5,7,25,-0.00631,0.0117,0.5092,4447,0,0,0,0,0,0,316,544,1188,15,1,4,6,82,0,3,5,15,4,0,14
4200065,1132,2,148,116,7,7,18,-0.00561,0.01202,0.5209,4286,0,0,0,0,0,0,548,511,989,9,3,2,3,92,1,3,4,15,3,2,11
4208087,1133,2,140,99,6,8,27,-0.00511,0.00963,0.5118,4830,0,0,0,0,0,0,571,427,1050,12,4,2,9,73,0,4,3,14,2,2,15
4216130,1134,2,135,103,8,4,20,-0.00675,0.00859,0.5625,5190,0,0,0,0,0,0,508,516,1024,11,1,2,8,84,2,2,1,8,5,0,11
4224138,1135,2,140,106,10,1,23,-0.00609,0.007,0.5356,5066,0,0,0,0,0,0,501,481,1066,10,3,0,12,85,2,1,2,11,5,0,9
4232191,1136,2,125,83,11,7,24,-0.00595,0.00784,0.6194,4726,0,0,0,0,0,0,637,458,953,11,3,1,8,67,1,4,6,5,7,2,10
4240234,1137,2,126,82,11,5,28,-0.0072,0.00831,0.5297,4556,0,0,0,0,0,0,462,439,1147,12,5,3,8,59,1,2,4,11,5,0,16
4248250,1138,2,136,101,4,9,22,-0.00506,0.0097,0.5638,4638,0,0,0,0,0,0,619,416,1013,14,1,2,8,76,0,4,2,11,3,3,12
4256241,1139,2,151,117,7,5,22,-0.00556,0.01065,0.5582,4594,0,0,0,0,0,0,571,517,960,21,1,1,8,88,3,4,3,8,3,0,11
4264235,1140,2,152,106,16,7,23,-0.00532,0.00982,0.5518,4809,0,0,0,0,0,0,577,437,1034,18,4,3,6,77,0,4,4,11,12,0,13
4272265,1141,2,135,103,6,4,22,-0.00465,0.00778,0.4898,4497,0,0,0,0,0,0,393,516,1139,8,1,1,6,85,1,3,2,10,4,0,14
4280284,1142,2,143,100,11,8,24,-0.0062,0.00846,0.5146,4740,0,0,0,0,0,0,504,476,1068,13,6,6,9,77,2,2,1,10,3,0,14
4288276,1143,2,154,113,12,7,22,-0.00492,0.00863,0.5234,4269,0,0,0,0,0,0,572,557,919,14,3,3,6,90,0,4,2,9,9,0,14
4296274,1144,2,156,121,8,8,19,-0.00622,0.0105,0.4974,4144,0,0,0,0,0,0,500,453,1095,14,2,4,3,96,1,4,3,11,5,0,13
4304346,1145,2,120,81,3,12,24,-0.007,0.00937,0.5707,4212,0,0,0,0,0,0,569,470,1009,9,2,8,6,60,0,4,4,12,1,0,14
4312353,1146,2,145,113,5,6,21,-0.00526,0.00853,0.5641,4529,0,0,0,0,0,0,517,558,973,19,2,5,5,85,0,1,4,9,3,0,12
4320408,1147,2,116,79,4,8,25,-0.00723,0.00821,0.5482,4706,0,0,0,0,0,0,680,412,956,9,3,3,10,57,1,5,6,13,0,0,9
4328409,1148,2,141,107,7,7,20,-0.00373,0.0108,0.4763,4624,0,0,0,0,0,0,595,432,1021,17,1,4,10,68,0,3,1,22,6,0,9
4336420,1149,2,146,105,4,11,26,-0.00464,0.01399,0.5165,4769,0,0,0,0,0,0,553,471,1024,14,1,5,9,86,2,5,3,5,1,1,14
4344455,1150,2,126,83,8,11,24,-0.00678,0.01147,0.5972,4851,0,0,0,0,0,0,614,486,948,13,3,3,5,59,1,8,3,11,4,0,16
4352483,1151,2,131,96,3,7,25,-0.00694,0.00878,0.4744,4807,0,0,0,0,0,0,378,340,1330,10,0,3,7,71,0,2,3,15,3,2,15
4360524,1152,2,120,87,6,2,25,-0.00681,0.00838,0.4986,4742,0,0,0,0,0,0,477,343,1228,3,2,2,8,72,1,0,2,12,3,0,15
4368595,1153,2,122,84,6,4,28,-0.00717,0.00853,0.5318,4385,0,0,0,0,0,0,572,368,1108,9,2,3,12,65,0,1,0,10,4,0,16
4376623,1154,2,144,108,6,6,24,-0.00541,0.00894,0.5157,4868,0,0,0,0,0,0,596,388,1064,15,1,2,12,80,0,2,3,13,5,2,9
4384629,1155,2,143,108,8,7,20,-0.00565,0.01061,0.4823,5038,0,0,0,0,0,0,551,375,1122,17,3,4,11,76,0,3,0,15,5,0,9
4392655,1156,2,130,93,5,11,21,-0.00634,0.01259,0.4366,5076,0,0,0,0,0,0,432,402,1214,6,1,3,9,70,0,8,3,17,4,0,9
4400670,1157,2,140,103,7,5,25,-0.0051,0.00866,0.5399,5213,0,0,0,0,0,0,729,458,861,11,2,3,9,75,1,2,5,17,4,0,11
4408731,1158,2,117,79,7,5,26,-0.00639,0.00687,0.529,4969,0,0,0,0,0,0,611,411,1026,8,4,3,11,65,0,2,2,6,3,0,13
4416748,1159,2,141,99,7,8,27,-0.00665,0.00859,0.4956,4916,0,0,0,0,0,0,650,418,980,8,4,4,10,75,1,3,3,16,2,1,14
4424792,1160,2,132,98,6,6,22,-0.0048,0.00855,0.4778,4880,0,0,0,0,0,0,617,428,1003,7,0,3,8,74,2,3,4,17,4,0,10
4432833,1161,2,139,98,7,7,27,-0.00542,0.00963,0.4682,4484,0,0,0,0,0,0,477,378,1193,7,3,1,10,75,2,4,2,16,2,2,15
4440850,1162,2,138,101,9,6,22,-0.00662,0.01138,0.4606,4591,0,0,0,0,0,0,463,440,1145,12,3,3,5,76,0,1,2,13,6,2,15
4448893,1163,2,138,104,7,5,22,-0.00501,0.00939,0.5003,4753,0,0,0,0,0,0,506,424,1118,8,2,3,5,80,0,1,4,16,5,1,13
4456954,1164,2,114,73,5,7,29,-0.00557,0.00744,0.5128,4667,0,0,0,0,0,0,661,443,944,4,0,0,15,61,1,7,2,8,4,0,12
4464954,1165,2,139,98,11,10,20,-0.00555,0.01132,0.4465,4588,0,0,0,0,0,0,662,458,928,14,5,3,9,78,1,6,3,6,5,1,8
4472987,1166,2,127,87,8,7,25,-0.00514,0.00822,0.474,4852,0,0,0,0,0,0,564,509,975,6,5,2,6,69,0,5,4,12,3,0,15
4481036,1167,2,129,92,7,4,26,-0.00304,0.01004,0.4304,4827,0,0,0,0,0,0,574,437,1037,13,3,1,12,73,0,3,4,6,4,0,10
4489068,1168,2,131,93,6,5,27,-0.00526,0.00884,0.4416,4596,0,0,0,0,0,0,483,377,1188,10,1,3,5,72,1,2,1,11,4,0,21
4497051,1169,2,152,109,9,12,22,-0.00463,0.01204,0.454,4768,0,0,0,0,0,0,560,428,1060,12,2,4,7,82,2,7,4,15,5,1,11
4505055,1170,2,158,122,8,9,19,-0.00685,0.01228,0.4541,4673,0,0,0,0,0,0,581,396,1071,6,2,1,8,94,1,6,1,22,5,2,10
4513083,1171,2,139,95,14,9,21,-0.00711,0.01056,0.4893,4653,0,0,0,0,0,0,650,406,992,15,3,1,9,69,2,7,0,11,9,1,12
4521080,1172,2,141,104,9,9,19,-0.00439,0.01318,0.4325,4817,0,0,0,0,0,0,456,482,1110,16,4,2,6,74,2,5,2,14,3,2,11
4529105,1173,2,135,102,8,5,20,-0.0045,0.00921,0.4257,4590,0,0,0,0,0,0,539,397,1112,13,2,1,9,73,1,4,2,16,5,0,9
4537136,1174,2,143,104,11,1,27,-0.00533,0.00688,0.4564,4661,0,0,0,0,0,0,576,326,1146,12,2,0,8,71,0,1,2,21,9,0,17
4545153,1175,2,142,100,9,8,25,-0.00632,0.00972,0.4765,4672,0,0,0,0,0,0,741,326,981,9,2,3,17,71,1,5,1,20,6,0,7
4553156,1176,2,148,112,3,8,25,-0.00519,0.01038,0.4183,4863,0,0,0,0,0,0,556,322,1170,10,1,2,7,81,0,4,1,21,2,2,17
4561147,1177,2,144,108,7,12,17,-0.00739,0.01228,0.4708,4874,0,0,0,0,0,0,646,415,987,15,0,4,8,74,5,6,0,19,2,2,9
4569163,1178,2,145,112,3,6,24,-0.00708,0.00817,0.4644,4534,0,0,0,0,0,0,599,364,1085,7,1,3,12,83,0,3,1,22,2,0,11
4577227,1179,2,114,76,8,3,27,-0.0064,0.00786,0.5633,4486,0,0,0,0,0,0,757,329,962,10,1,1,13,41,2,2,2,25,5,0,12
4585223,1180,2,148,109,7,10,22,-0.00657,0.01213,0.5066,4556,0,0,0,0,0,0,651,433,964,13,1,5,12,74,1,4,2,22,5,1,8
4593258,1181,2,123,87,6,3,27,-0.00551,0.00767,0.5037,4925,0,0,0,0,0,0,653,308,1087,7,4,1,7,62,0,2,6,18,2,0,14
4601334,1182,2,114,70,8,5,31,-0.00595,0.00734,0.5927,4786,0,0,0,0,0,0,601,328,1119,6,2,2,15,53,0,2,4,11,6,1,12
4609375,1183,2,121,82,12,3,24,-0.00605,0.00652,0.5613,4840,0,0,0,0,0,0,635,300,1113,5,4,0,11,60,1,3,2,17,7,0,11
4617388,1184,2,145,98,9,13,25,-0.0078,0.01306,0.5609,4832,0,0,0,0,0,0,602,439,1007,9,2,4,7,72,2,7,2,17,5,2,16
4625403,1185,2,133,96,10,5,22,-0.00776,0.00836,0.5498,4854,0,0,0,0,0,0,821,425,802,15,6,3,10,67,0,2,7,14,4,0,5
4633442,1186,2,127,90,4,5,28,-0.0051,0.0076,0.5754,4736,0,0,0,0,0,0,649,401,998,8,1,3,13,68,0,1,2,14,3,1,13
4641451,1187,2,142,103,10,7,22,-0.00495,0.01009,0.5296,4479,0,0,0,0,0,0,689,441,918,13,5,3,9,72,1,4,3,18,4,0,10
4649456,1188,2,134,96,8,8,22,-0.00598,0.00996,0.5231,4535,0,0,0,0,0,0,628,386,1034,7,2,2,13,79,0,3,1,10,6,3,8
4657466,1189,2,141,99,9,10,23,-0.00491,0.01329,0.5298,4706,0,0,0,0,0,0,759,334,955,11,6,3,9,68,0,6,0,20,3,1,14
4665490,1190,2,127,97,3,5,22,-0.00463,0.00912,0.5521,4990,0,0,0,0,0,0,639,472,937,9,1,4,9,75,2,0,2,13,0,1,11
4673425,1191,2,176,137,9,10,20,-0.00385,0.0131,0.5129,4411,0,0,0,0,0,0,522,452,1074,14,2,1,10,100,1,8,1,23,6,1,9
4681448,1192,2,145,109,10,4,22,-0.00466,0.00908,0.5361,4629,0,0,0,0,0,0,513,442,1093,12,2,3,11,81,0,1,1,16,8,0,10
4689449,1193,2,144,110,5,11,18,-0.00685,0.01186,0.5257,4195,0,0,0,0,0,0,591,434,1023,14,0,4,9,83,0,5,1,13,5,2,8
4697444,1194,2,156,119,10,6,21,-0.00527,0.00785,0.4822,4779,0,0,0,0,0,0,593,384,1071,17,3,4,6,92,0,2,2,10,7,0,13
4705493,1195,2,126,86,9,5,26,-0.00481,0.00828,0.5346,4689,0,0,0,0,0,0,602,432,1014,13,0,1,9,58,1,3,3,15,8,1,14
4713487,1196,2,155,116,15,5,19,-0.00675,0.00936,0.5539,3969,0,0,0,0,0,0,635,447,966,19,7,1,5,84,3,4,2,13,5,0,12
4721496,1197,2,133,98,6,9,20,-0.00427,0.01079,0.5968,4377,0,0,0,0,0,0,643,396,1009,11,2,4,8,71,0,4,3,16,4,1,9
4729481,1198,2,162,127,9,3,23,-0.00386,0.00882,0.6131,4864,0,0,0,0,0,0,553,431,1064,20,2,1,5,89,1,1,2,18,6,1,16
4737489,1199,2,151,114,9,6,22,-0.00687,0.00705,0.5519,4954,0,0,0,0,0,0,619,395,1034,12,5,3,6,92,0,2,0,10,4,1,16
4745508,1200,2,137,96,12,4,25,-0.0077,0.00848,0.5622,4494,0,0,0,0,0,0,663,418,967,8,5,2,9,78,1,1,3,10,6,1,13
4753511,1201,2,148,108,8,14,18,-0.00528,0.01224,0.5648,4416,0,0,0,0,0,0,617,423,1008,12,3,9,12,83,2,4,1,13,3,1,5
4761533,1202,2,137,93,8,10,26,-0.00541,0.01106,0.5058,4604,0,0,0,0,0,0,555,345,1148,12,1,4,8,73,1,6,1,8,6,0,17
4769524,1203,2,160,118,12,8,22,-0.00811,0.01166,0.5604,4858,0,0,0,0,0,0,569,500,979,15,1,5,11,84,2,3,1,19,9,0,10
4777536,1204,2,147,100,13,11,23,-0.00394,0.01047,0.5247,5020,0,0,0,0,0,0,602,449,997,7,5,2,8,80,2,6,5,13,6,3,10
4785532,1205,2,155,114,10,11,20,-0.00596,0.0138,0.4729,4835,0,0,0,0,0,0,605,449,994,14,5,4,8,87,2,7,0,13,3,0,12
4793555,1206,2,127,92,8,3,24,-0.00554,0.00851,0.5313,5144,0,0,0,0,0,0,632,311,1105,6,1,1,9,72,1,2,2,14,6,0,13
4801585,1207,2,139,100,8,7,24,-0.00573,0.00999,0.5023,4944,0,0,0,0,0,0,613,390,1045,20,2,3,8,70,2,3,2,10,4,1,14
4809574,1208,2,152,119,4,4,25,-0.00492,0.00704,0.457,4938,0,0,0,0,0,0,560,403,1085,15,2,2,9,88,0,1,2,16,2,1,14
4817642,1209,2,118,78,9,6,25,-0.00624,0.00837,0.49,5205,0,0,0,0,0,0,633,368,1047,6,1,3,8,55,3,2,3,17,5,1,14
4825682,1210,2,138,93,16,5,24,-0.00575,0.00926,0.435,4791,0,0,0,0,0,0,499,358,1191,16,5,1,6,65,0,3,5,12,11,1,13
4833746,1211,2,115,85,5,4,21,-0.00552,0.00809,0.4516,4845,0,0,0,0,0,0,522,292,1234,15,1,0,3,57,2,4,3,13,2,0,15
4841764,1212,2,138,102,5,6,25,-0.00482,0.00977,0.5056,4686,0,0,0,0,0,0,556,323,1169,12,3,1,6,71,0,3,1,19,2,2,18
4849778,1213,2,146,103,10,9,24,-0.0054,0.0113,0.5249,4697,0,0,0,0,0,0,433,401,1214,10,1,4,9,76,2,3,3,17,7,2,12
4857799,1214,2,147,105,15,6,21,-0.00336,0.00896,0.4947,4968,0,0,0,0,0,0,419,393,1236,13,6,1,5,74,3,5,1,18,6,0,15
4865816,1215,2,142,97,12,9,24,-0.00497,0.00955,0.6056,4850,0,0,0,0,0,0,630,437,981,10,4,2,7,71,1,6,3,16,7,1,14
4873813,1216,2,149,106,14,5,24,-0.00261,0.01295,0.6035,5028,0,0,0,0,0,0,451,484,1113,14,6,1,7,71,2,3,2,21,6,1,15
4881858,1217,2,118,80,10,5,23,-0.0094,0.00693,0.6257,4937,0,0,0,0,0,0,587,344,1117,10,4,4,10,57,2,1,3,13,4,0,10
4889893,1218,2,136,89,9,8,30,-0.00515,0.00959,0.6419,4957,0,0,0,0,0,0,481,534,1033,8,6,1,7,68,1,6,6,13,2,1,17
4897904,1219,2,146,105,13,6,22,-0.00662,0.00823,0.623,4916,0,0,0,0,0,0,581,404,1063,12,4,3,11,71,4,2,2,22,5,1,9
4905950,1220,2,115,75,5,6,29,-0.00543,0.00799,0.5519,4795,0,0,0,0,0,0,482,322,1244,12,2,1,7,43,1,2,1,20,2,3,21
4913985,1221,2,115,78,4,8,25,-0.00465,0.00764,0.6294,4831,0,0,0,0,0,0,507,425,1116,5,2,2,6,57,0,2,4,16,2,4,15
4921977,1222,2,144,107,11,6,20,-0.00626,0.00851,0.5854,4774,0,0,0,0,0,0,407,519,1122,10,4,1,3,76,4,3,2,21,3,2,15
4929973,1223,2,152,110,10,10,22,-0.0072,0.00979,0.6331,4937,0,0,0,0,0,0,472,490,1086,12,3,3,7,83,3,5,2,15,4,2,13
4937961,1224,2,144,114,5,6,19,-0.00572,0.00779,0.6086,4963,0,0,0,0,0,0,469,451,1128,12,1,4,7,83,2,0,3,19,2,2,9
4945949,1225,2,153,116,9,5,23,-0.00605,0.00794,0.5825,4728,0,0,0,0,0,0,470,424,1154,6,0,0,6,91,2,3,2,19,7,2,15
4953991,1226,2,133,97,6,4,26,-0.00407,0.0075,0.6234,4832,0,0,0,0,0,0,510,500,1038,11,2,0,12,69,0,3,2,17,4,1,12
4962016,1227,2,132,89,11,6,26,-0.0064,0.00804,0.5222,4602,0,0,0,0,0,0,485,324,1239,19,6,6,8,50,0,0,3,20,5,0,15
4969996,1228,2,147,107,9,12,19,-0.00456,0.01231,0.5552,4573,0,0,0,0,0,0,441,430,1177,19,1,5,4,72,1,4,3,16,7,3,12
4977996,1229,2,148,101,11,16,20,-0.00527,0.013,0.5494,4344,0,0,0,0,0,0,399,416,1233,11,2,4,4,68,3,9,1,22,6,3,15
4986023,1230,2,138,97,7,6,28,-0.00592,0.00828,0.5489,4555,0,0,0,0,0,0,511,406,1131,12,0,3,8,67,1,1,3,18,6,2,17
4994012,1231,2,148,108,11,9,20,-0.00476,0.01206,0.4977,4701,0,0,0,0,0,0,400,407,1241,16,3,4,8,72,1,3,1,20,7,2,11
5002056,1232,2,127,87,8,8,24,-0.00253,0.01056,0.498,4732,0,0,0,0,0,0,403,325,1320,6,3,2,5,64,0,4,1,17,5,2,18
