global_step,update,phase,episodes,success,lava,ball,timeout,pg_loss,v_loss,entropy,sps,sub_navigate_n,sub_navigate_success,sub_hazard_n,sub_hazard_success,sub_key_door_n,sub_key_door_success,choose_navigate,choose_hazard,choose_key_door,success_under_navigate,lava_under_navigate,ball_under_navigate,timeout_under_navigate,success_under_hazard,lava_under_hazard,ball_under_hazard,timeout_under_hazard,success_under_key_door,lava_under_key_door,ball_under_key_door,timeout_under_key_door
2048,1,1,0,0,0,0,0,-0.00013,0.00026,1.9459,3317,0,0,2,0,0,0,0,0,0,0,0,0,0,0,0,0,0,0,0,0,0
4096,2,1,0,0,0,0,0,-0.00012,0.00025,1.9459,3113,4,0,4,0,7,0,0,0,0,0,0,0,0,0,0,0,0,0,0,0,0
6144,3,1,0,0,0,0,0,-0.00015,0.00018,1.9458,2981,1,0,1,0,0,0,0,0,0,0,0,0,0,0,0,0,0,0,0,0,0
8192,4,1,0,0,0,0,0,-0.00039,8e-05,1.9456,2950,5,0,4,0,6,0,0,0,0,0,0,0,0,0,0,0,0,0,0,0,0
10240,5,1,0,0,0,0,0,-0.00017,0.0016,1.9448,3098,10,0,5,0,2,2,0,0,0,0,0,0,0,0,0,0,0,0,0,0,0
12288,6,1,0,0,0,0,0,-0.00155,0.00112,1.9386,3339,2,0,2,1,1,0,0,0,0,0,0,0,0,0,0,0,0,0,0,0,0
14336,7,1,0,0,0,0,0,-0.00225,0.0003,1.9052,3172,5,0,5,0,3,0,0,0,0,0,0,0,0,0,0,0,0,0,0,0,0
16384,8,1,0,0,0,0,0,-0.00436,0.00033,1.8733,3166,5,0,5,0,5,0,0,0,0,0,0,0,0,0,0,0,0,0,0,0,0
18432,9,1,0,0,0,0,0,-0.00211,0.00135,1.8582,3116,3,1,3,0,3,1,0,0,0,0,0,0,0,0,0,0,0,0,0,0,0
20480,10,1,0,0,0,0,0,-0.0017,0.0016,1.8487,2972,4,0,4,0,5,2,0,0,0,0,0,0,0,0,0,0,0,0,0,0,0
22528,11,1,0,0,0,0,0,-0.00097,0.00036,1.8772,3060,3,0,5,0,4,0,0,0,0,0,0,0,0,0,0,0,0,0,0,0,0
24576,12,1,0,0,0,0,0,-0.0015,0.00017,1.847,3303,4,0,1,0,5,0,0,0,0,0,0,0,0,0,0,0,0,0,0,0,0
26624,13,1,0,0,0,0,0,-0.00426,0.0002,1.8425,3173,4,0,4,0,4,0,0,0,0,0,0,0,0,0,0,0,0,0,0,0,0
28672,14,1,0,0,0,0,0,-0.00078,0.00011,1.8685,3362,5,0,6,0,2,0,0,0,0,0,0,0,0,0,0,0,0,0,0,0,0
30720,15,1,0,0,0,0,0,-0.00339,2e-05,1.822,3146,4,0,6,0,2,0,0,0,0,0,0,0,0,0,0,0,0,0,0,0,0
32768,16,1,0,0,0,0,0,-0.00174,0.00036,1.8493,3042,6,0,3,0,3,0,0,0,0,0,0,0,0,0,0,0,0,0,0,0,0
34816,17,1,0,0,0,0,0,-0.00205,0.00018,1.7263,3191,3,0,3,0,2,0,0,0,0,0,0,0,0,0,0,0,0,0,0,0,0
36864,18,1,0,0,0,0,0,-0.00162,0.00138,1.7036,2970,2,1,4,0,7,1,0,0,0,0,0,0,0,0,0,0,0,0,0,0,0
38912,19,1,0,0,0,0,0,-0.00053,0.00068,1.7578,2919,5,0,2,0,7,1,0,0,0,0,0,0,0,0,0,0,0,0,0,0,0
40960,20,1,0,0,0,0,0,-0.0006,0.00058,1.7338,3200,5,1,2,0,1,0,0,0,0,0,0,0,0,0,0,0,0,0,0,0,0
43008,21,1,0,0,0,0,0,-0.00076,0.00022,1.7355,3258,5,0,4,0,4,0,0,0,0,0,0,0,0,0,0,0,0,0,0,0,0
45056,22,1,0,0,0,0,0,-0.00196,0.00026,1.6922,3173,7,0,5,0,4,0,0,0,0,0,0,0,0,0,0,0,0,0,0,0,0
47104,23,1,0,0,0,0,0,-0.00348,0.00127,1.6538,3079,0,0,6,0,5,1,0,0,0,0,0,0,0,0,0,0,0,0,0,0,0
49152,24,1,0,0,0,0,0,9e-05,0.00031,1.6897,3070,5,1,1,0,4,0,0,0,0,0,0,0,0,0,0,0,0,0,0,0,0
51200,25,1,0,0,0,0,0,-0.00013,0.00027,1.6395,3192,4,0,3,0,5,0,0,0,0,0,0,0,0,0,0,0,0,0,0,0,0
53248,26,1,0,0,0,0,0,-0.00293,0.0002,1.7365,3078,4,0,4,0,4,1,0,0,0,0,0,0,0,0,0,0,0,0,0,0,0
55296,27,1,0,0,0,0,0,-0.00076,0.0001,1.631,3206,7,0,7,0,2,0,0,0,0,0,0,0,0,0,0,0,0,0,0,0,0
57344,28,1,0,0,0,0,0,-0.00464,0.00106,1.6185,2979,3,0,6,1,1,0,0,0,0,0,0,0,0,0,0,0,0,0,0,0,0
59392,29,1,0,0,0,0,0,-0.00156,0.00105,1.6947,3096,3,1,2,0,7,0,0,0,0,0,0,0,0,0,0,0,0,0,0,0,0
61440,30,1,0,0,0,0,0,-0.00118,0.00032,1.6963,2974,4,0,6,0,5,0,0,0,0,0,0,0,0,0,0,0,0,0,0,0,0
63488,31,1,0,0,0,0,0,-0.00245,0.00064,1.6496,3301,2,0,7,1,2,1,0,0,0,0,0,0,0,0,0,0,0,0,0,0,0
65536,32,1,0,0,0,0,0,-2e-05,0.00271,1.6887,3405,6,1,1,1,7,1,0,0,0,0,0,0,0,0,0,0,0,0,0,0,0
67584,33,1,0,0,0,0,0,-0.00161,0.00057,1.6195,3320,4,1,3,1,3,0,0,0,0,0,0,0,0,0,0,0,0,0,0,0,0
69632,34,1,0,0,0,0,0,0.00047,0.0016,1.5911,3209,2,0,9,1,3,0,0,0,0,0,0,0,0,0,0,0,0,0,0,0,0
71680,35,1,0,0,0,0,0,-0.00149,0.00051,1.506,3026,4,0,4,0,7,1,0,0,0,0,0,0,0,0,0,0,0,0,0,0,0
73728,36,1,0,0,0,0,0,-0.00141,0.0005,1.681,3011,2,1,4,0,4,1,0,0,0,0,0,0,0,0,0,0,0,0,0,0,0
75776,37,1,0,0,0,0,0,-0.00275,0.00091,1.5756,2965,9,1,4,0,3,0,0,0,0,0,0,0,0,0,0,0,0,0,0,0,0
77824,38,1,0,0,0,0,0,-0.00387,0.00218,1.5805,3196,4,0,2,0,8,2,0,0,0,0,0,0,0,0,0,0,0,0,0,0,0
79872,39,1,0,0,0,0,0,-0.00204,0.00021,1.6005,3442,3,1,4,0,5,0,0,0,0,0,0,0,0,0,0,0,0,0,0,0,0
81920,40,1,0,0,0,0,0,9e-05,0.00139,1.6045,3098,8,2,3,0,1,0,0,0,0,0,0,0,0,0,0,0,0,0,0,0,0
83968,41,1,0,0,0,0,0,-0.00209,0.00025,1.7357,3190,7,0,6,0,4,1,0,0,0,0,0,0,0,0,0,0,0,0,0,0,0
86016,42,1,0,0,0,0,0,-0.00154,0.00114,1.7084,2889,0,0,6,0,3,1,0,0,0,0,0,0,0,0,0,0,0,0,0,0,0
88064,43,1,0,0,0,0,0,-0.00185,0.00174,1.6881,3255,5,1,3,0,4,0,0,0,0,0,0,0,0,0,0,0,0,0,0,0,0
90112,44,1,0,0,0,0,0,-0.00265,0.00036,1.6018,2982,4,0,7,0,3,0,0,0,0,0,0,0,0,0,0,0,0,0,0,0,0
92160,45,1,0,0,0,0,0,-0.00148,0.00189,1.6836,3211,2,1,8,1,5,0,0,0,0,0,0,0,0,0,0,0,0,0,0,0,0
94208,46,1,0,0,0,0,0,-0.00035,0.00246,1.6653,3265,2,0,8,2,3,1,0,0,0,0,0,0,0,0,0,0,0,0,0,0,0
96256,47,1,0,0,0,0,0,-0.00322,0.00054,1.738,3198,3,0,4,0,5,1,0,0,0,0,0,0,0,0,0,0,0,0,0,0,0
98304,48,1,0,0,0,0,0,-0.00342,0.00112,1.714,3257,5,0,7,0,4,1,0,0,0,0,0,0,0,0,0,0,0,0,0,0,0
100352,49,1,0,0,0,0,0,-4e-05,0.0008,1.703,3465,2,0,4,0,4,1,0,0,0,0,0,0,0,0,0,0,0,0,0,0,0
102400,50,1,0,0,0,0,0,-0.00126,0.00162,1.6349,3387,5,0,4,0,7,3,0,0,0,0,0,0,0,0,0,0,0,0,0,0,0
104448,51,1,0,0,0,0,0,-0.00143,0.00024,1.6254,3208,3,0,4,0,3,0,0,0,0,0,0,0,0,0,0,0,0,0,0,0,0
106496,52,1,0,0,0,0,0,-0.00081,0.00041,1.6593,3249,5,0,1,0,3,1,0,0,0,0,0,0,0,0,0,0,0,0,0,0,0
108544,53,1,0,0,0,0,0,-0.00253,0.00027,1.6858,3258,5,0,6,0,1,0,0,0,0,0,0,0,0,0,0,0,0,0,0,0,0
110592,54,1,0,0,0,0,0,-0.00072,0.00065,1.679,3203,5,0,1,0,7,2,0,0,0,0,0,0,0,0,0,0,0,0,0,0,0
112640,55,1,0,0,0,0,0,-0.00114,0.00063,1.6669,3013,3,0,1,0,5,1,0,0,0,0,0,0,0,0,0,0,0,0,0,0,0
114688,56,1,0,0,0,0,0,-0.00021,0.00171,1.727,3178,2,0,5,0,6,1,0,0,0,0,0,0,0,0,0,0,0,0,0,0,0
116736,57,1,0,0,0,0,0,-0.00282,0.00157,1.7411,3170,5,0,3,0,3,2,0,0,0,0,0,0,0,0,0,0,0,0,0,0,0
118784,58,1,0,0,0,0,0,-0.00178,0.00029,1.7222,3188,6,0,2,0,3,0,0,0,0,0,0,0,0,0,0,0,0,0,0,0,0
120832,59,1,0,0,0,0,0,-0.0021,0.00017,1.7716,3001,4,0,4,0,4,0,0,0,0,0,0,0,0,0,0,0,0,0,0,0,0
122880,60,1,0,0,0,0,0,-0.00086,0.00104,1.7381,2926,4,0,5,1,4,1,0,0,0,0,0,0,0,0,0,0,0,0,0,0,0
124928,61,1,0,0,0,0,0,-0.00127,0.00015,1.7654,3091,4,0,6,0,1,1,0,0,0,0,0,0,0,0,0,0,0,0,0,0,0
126976,62,1,0,0,0,0,0,-0.00074,0.00015,1.7578,2886,2,0,6,0,4,0,0,0,0,0,0,0,0,0,0,0,0,0,0,0,0
129024,63,1,0,0,0,0,0,-0.00273,0.0003,1.7313,2604,6,0,4,0,3,0,0,0,0,0,0,0,0,0,0,0,0,0,0,0,0
131072,64,1,0,0,0,0,0,-0.00146,0.00299,1.6864,2751,3,1,4,0,5,3,0,0,0,0,0,0,0,0,0,0,0,0,0,0,0
133120,65,1,0,0,0,0,0,-0.00435,0.00034,1.5713,2817,4,0,5,0,2,0,0,0,0,0,0,0,0,0,0,0,0,0,0,0,0
135168,66,1,0,0,0,0,0,-0.0006,0.00143,1.6429,3154,6,2,3,0,5,1,0,0,0,0,0,0,0,0,0,0,0,0,0,0,0
137216,67,1,0,0,0,0,0,-0.00172,0.00287,1.6096,2892,4,1,6,2,2,2,0,0,0,0,0,0,0,0,0,0,0,0,0,0,0
139264,68,1,0,0,0,0,0,-0.0039,0.00086,1.5777,2953,3,1,6,0,3,1,0,0,0,0,0,0,0,0,0,0,0,0,0,0,0
141312,69,1,0,0,0,0,0,-0.00369,0.00046,1.5281,2885,2,0,6,0,3,0,0,0,0,0,0,0,0,0,0,0,0,0,0,0,0
143360,70,1,0,0,0,0,0,-0.00258,0.00145,1.5876,3003,5,1,3,0,6,2,0,0,0,0,0,0,0,0,0,0,0,0,0,0,0
145408,71,1,0,0,0,0,0,-0.00102,0.00233,1.5894,3176,6,1,5,0,1,1,0,0,0,0,0,0,0,0,0,0,0,0,0,0,0
147456,72,1,0,0,0,0,0,-0.00036,0.00165,1.5692,3188,6,2,3,1,5,0,0,0,0,0,0,0,0,0,0,0,0,0,0,0,0
149504,73,1,0,0,0,0,0,-0.00229,0.00138,1.5925,2964,5,0,3,1,3,0,0,0,0,0,0,0,0,0,0,0,0,0,0,0,0
151552,74,1,0,0,0,0,0,-0.00036,0.00147,1.5441,3037,5,0,3,0,5,4,0,0,0,0,0,0,0,0,0,0,0,0,0,0,0
153600,75,1,0,0,0,0,0,-0.00306,0.00031,1.5474,3269,0,0,6,0,4,1,0,0,0,0,0,0,0,0,0,0,0,0,0,0,0
155648,76,1,0,0,0,0,0,-0.00032,0.00254,1.6054,3180,7,2,5,0,5,2,0,0,0,0,0,0,0,0,0,0,0,0,0,0,0
157696,77,1,0,0,0,0,0,-0.00236,0.0013,1.6068,3160,5,1,5,0,6,3,0,0,0,0,0,0,0,0,0,0,0,0,0,0,0
159744,78,1,0,0,0,0,0,-0.00197,0.00014,1.6588,3333,6,0,1,0,1,0,0,0,0,0,0,0,0,0,0,0,0,0,0,0,0
161792,79,1,0,0,0,0,0,-0.0003,0.00173,1.624,3374,8,2,6,0,2,1,0,0,0,0,0,0,0,0,0,0,0,0,0,0,0
163840,80,1,0,0,0,0,0,-0.00349,0.00048,1.6064,3369,2,0,4,0,4,1,0,0,0,0,0,0,0,0,0,0,0,0,0,0,0
165888,81,1,0,0,0,0,0,-0.00173,0.00142,1.6442,3314,5,2,7,0,3,1,0,0,0,0,0,0,0,0,0,0,0,0,0,0,0
167936,82,1,0,0,0,0,0,-0.00314,0.00044,1.7426,3140,4,1,5,0,2,0,0,0,0,0,0,0,0,0,0,0,0,0,0,0,0
169984,83,1,0,0,0,0,0,-0.00026,0.00123,1.6984,3078,7,1,6,1,3,0,0,0,0,0,0,0,0,0,0,0,0,0,0,0,0
172032,84,1,0,0,0,0,0,-0.00295,0.00084,1.6684,3280,4,1,0,0,5,0,0,0,0,0,0,0,0,0,0,0,0,0,0,0,0
174080,85,1,0,0,0,0,0,-0.00365,0.00114,1.5782,3079,4,0,0,0,5,1,0,0,0,0,0,0,0,0,0,0,0,0,0,0,0
176128,86,1,0,0,0,0,0,-0.00217,0.00286,1.6359,3098,6,1,10,0,5,1,0,0,0,0,0,0,0,0,0,0,0,0,0,0,0
178176,87,1,0,0,0,0,0,-0.00229,0.00116,1.6477,3244,2,0,3,0,4,1,0,0,0,0,0,0,0,0,0,0,0,0,0,0,0
180224,88,1,0,0,0,0,0,-0.00169,0.00323,1.622,3438,9,3,2,1,3,1,0,0,0,0,0,0,0,0,0,0,0,0,0,0,0
182272,89,1,0,0,0,0,0,-0.00266,0.001,1.6467,3046,7,1,3,0,3,1,0,0,0,0,0,0,0,0,0,0,0,0,0,0,0
184320,90,1,0,0,0,0,0,-0.00191,0.00132,1.6553,3098,3,0,8,1,2,0,0,0,0,0,0,0,0,0,0,0,0,0,0,0,0
186368,91,1,0,0,0,0,0,-0.00402,0.00025,1.6973,3478,4,0,6,0,2,0,0,0,0,0,0,0,0,0,0,0,0,0,0,0,0
188416,92,1,0,0,0,0,0,-0.002,0.0011,1.708,3204,7,1,2,0,3,1,0,0,0,0,0,0,0,0,0,0,0,0,0,0,0
190464,93,1,0,0,0,0,0,-0.00236,0.00043,1.6781,3187,5,2,7,0,2,0,0,0,0,0,0,0,0,0,0,0,0,0,0,0,0
192512,94,1,0,0,0,0,0,-0.00346,0.00231,1.6231,2952,6,2,7,1,3,0,0,0,0,0,0,0,0,0,0,0,0,0,0,0,0
194560,95,1,0,0,0,0,0,-0.00384,0.00033,1.7129,3196,2,0,4,0,2,0,0,0,0,0,0,0,0,0,0,0,0,0,0,0,0
196608,96,1,0,0,0,0,0,-0.00182,0.00091,1.7379,3092,5,0,3,0,4,1,0,0,0,0,0,0,0,0,0,0,0,0,0,0,0
198656,97,1,0,0,0,0,0,-0.00235,0.00048,1.6417,3195,6,1,4,0,4,2,0,0,0,0,0,0,0,0,0,0,0,0,0,0,0
200704,98,1,0,0,0,0,0,-0.00129,0.00401,1.6273,3186,3,1,5,1,5,3,0,0,0,0,0,0,0,0,0,0,0,0,0,0,0
202752,99,1,0,0,0,0,0,-0.00038,0.00044,1.6831,3253,5,0,4,0,5,1,0,0,0,0,0,0,0,0,0,0,0,0,0,0,0
204800,100,1,0,0,0,0,0,-0.00288,0.00219,1.6004,3391,7,1,1,0,2,1,0,0,0,0,0,0,0,0,0,0,0,0,0,0,0
206848,101,1,0,0,0,0,0,-0.00157,0.00171,1.5581,3449,4,0,7,1,3,1,0,0,0,0,0,0,0,0,0,0,0,0,0,0,0
208896,102,1,0,0,0,0,0,-0.00125,0.00156,1.4528,3149,2,0,7,2,9,1,0,0,0,0,0,0,0,0,0,0,0,0,0,0,0
210944,103,1,0,0,0,0,0,-0.00145,0.00097,1.5159,3340,3,1,1,0,2,0,0,0,0,0,0,0,0,0,0,0,0,0,0,0,0
212992,104,1,0,0,0,0,0,-0.0012,0.00137,1.4884,3408,4,1,4,0,7,1,0,0,0,0,0,0,0,0,0,0,0,0,0,0,0
215040,105,1,0,0,0,0,0,-0.00318,0.00066,1.5034,3348,7,0,5,1,2,2,0,0,0,0,0,0,0,0,0,0,0,0,0,0,0
217088,106,1,0,0,0,0,0,-0.00021,0.00095,1.4224,3271,2,1,2,0,6,3,0,0,0,0,0,0,0,0,0,0,0,0,0,0,0
219136,107,1,0,0,0,0,0,-0.0003,0.00154,1.3831,3194,4,1,4,0,6,1,0,0,0,0,0,0,0,0,0,0,0,0,0,0,0
221184,108,1,0,0,0,0,0,-0.0023,0.0006,1.4232,3220,5,1,3,0,6,3,0,0,0,0,0,0,0,0,0,0,0,0,0,0,0
223232,109,1,0,0,0,0,0,-0.00162,0.00028,1.4529,3285,6,1,4,0,1,0,0,0,0,0,0,0,0,0,0,0,0,0,0,0,0
225280,110,1,0,0,0,0,0,-0.00129,0.00048,1.4213,3377,3,0,8,0,3,0,0,0,0,0,0,0,0,0,0,0,0,0,0,0,0
227328,111,1,0,0,0,0,0,-0.00056,0.00102,1.4264,3185,3,0,4,1,6,3,0,0,0,0,0,0,0,0,0,0,0,0,0,0,0
229376,112,1,0,0,0,0,0,-0.00442,0.00198,1.5213,3132,3,0,4,2,8,4,0,0,0,0,0,0,0,0,0,0,0,0,0,0,0
231424,113,1,0,0,0,0,0,-0.00376,0.00037,1.5528,3459,2,0,6,0,2,0,0,0,0,0,0,0,0,0,0,0,0,0,0,0,0
233472,114,1,0,0,0,0,0,-0.00383,0.00179,1.4894,3231,5,2,4,0,6,2,0,0,0,0,0,0,0,0,0,0,0,0,0,0,0
235520,115,1,0,0,0,0,0,-0.00307,0.00035,1.5447,3158,5,0,6,0,3,0,0,0,0,0,0,0,0,0,0,0,0,0,0,0,0
237568,116,1,0,0,0,0,0,-0.00337,0.00133,1.4817,3283,6,2,3,0,2,1,0,0,0,0,0,0,0,0,0,0,0,0,0,0,0
239616,117,1,0,0,0,0,0,-0.00199,0.0027,1.5047,3053,3,0,7,1,7,2,0,0,0,0,0,0,0,0,0,0,0,0,0,0,0
241664,118,1,0,0,0,0,0,-0.00551,0.00081,1.4399,3269,5,1,3,0,4,1,0,0,0,0,0,0,0,0,0,0,0,0,0,0,0
243712,119,1,0,0,0,0,0,-0.00259,0.00105,1.4955,3059,5,0,6,1,2,1,0,0,0,0,0,0,0,0,0,0,0,0,0,0,0
245760,120,1,0,0,0,0,0,-0.00169,0.0008,1.4939,2906,8,1,1,0,5,2,0,0,0,0,0,0,0,0,0,0,0,0,0,0,0
247808,121,1,0,0,0,0,0,-0.00083,0.00063,1.4243,3108,2,0,4,0,5,2,0,0,0,0,0,0,0,0,0,0,0,0,0,0,0
249856,122,1,0,0,0,0,0,-0.00359,0.00198,1.3156,3056,2,2,7,1,7,0,0,0,0,0,0,0,0,0,0,0,0,0,0,0,0
251904,123,1,0,0,0,0,0,-0.00091,0.00055,1.4642,3191,2,0,7,1,4,1,0,0,0,0,0,0,0,0,0,0,0,0,0,0,0
253952,124,1,0,0,0,0,0,-0.00393,0.00042,1.4831,3298,5,0,5,1,1,0,0,0,0,0,0,0,0,0,0,0,0,0,0,0,0
256000,125,1,0,0,0,0,0,-0.00091,0.00061,1.4688,3429,6,0,6,1,2,0,0,0,0,0,0,0,0,0,0,0,0,0,0,0,0
258048,126,1,0,0,0,0,0,-0.00272,0.0009,1.454,3350,2,0,3,0,5,2,0,0,0,0,0,0,0,0,0,0,0,0,0,0,0
260096,127,1,0,0,0,0,0,-0.00029,0.00121,1.4684,3420,3,1,4,0,8,2,0,0,0,0,0,0,0,0,0,0,0,0,0,0,0
262144,128,1,0,0,0,0,0,-0.00104,0.0006,1.4528,3138,1,1,5,0,5,2,0,0,0,0,0,0,0,0,0,0,0,0,0,0,0
264192,129,1,0,0,0,0,0,-0.00366,0.00043,1.4898,2948,3,0,4,1,4,2,0,0,0,0,0,0,0,0,0,0,0,0,0,0,0
266240,130,1,0,0,0,0,0,-0.00505,0.00365,1.3894,2958,7,1,7,2,5,4,0,0,0,0,0,0,0,0,0,0,0,0,0,0,0
268288,131,1,0,0,0,0,0,-0.00015,0.00117,1.4985,3460,4,0,3,0,5,5,0,0,0,0,0,0,0,0,0,0,0,0,0,0,0
270336,132,1,0,0,0,0,0,-0.00017,0.00251,1.4682,3337,3,2,5,1,5,1,0,0,0,0,0,0,0,0,0,0,0,0,0,0,0
272384,133,1,0,0,0,0,0,-0.00191,0.00089,1.4688,3378,5,1,7,0,6,1,0,0,0,0,0,0,0,0,0,0,0,0,0,0,0
274432,134,1,0,0,0,0,0,-0.00358,0.00203,1.496,3401,2,0,7,1,6,1,0,0,0,0,0,0,0,0,0,0,0,0,0,0,0
276480,135,1,0,0,0,0,0,-0.00161,0.00094,1.5202,3426,5,1,6,1,1,0,0,0,0,0,0,0,0,0,0,0,0,0,0,0,0
278528,136,1,0,0,0,0,0,-0.00325,0.00053,1.4689,2936,3,0,4,0,5,1,0,0,0,0,0,0,0,0,0,0,0,0,0,0,0
280576,137,1,0,0,0,0,0,-0.00129,0.00249,1.4951,3032,5,1,1,0,5,2,0,0,0,0,0,0,0,0,0,0,0,0,0,0,0
282624,138,1,0,0,0,0,0,-0.00173,0.00073,1.4756,3064,4,1,6,0,4,1,0,0,0,0,0,0,0,0,0,0,0,0,0,0,0
284672,139,1,0,0,0,0,0,-0.00175,0.00186,1.52,3045,2,1,2,1,8,2,0,0,0,0,0,0,0,0,0,0,0,0,0,0,0
286720,140,1,0,0,0,0,0,-0.00301,0.0012,1.5091,2951,3,2,8,1,2,0,0,0,0,0,0,0,0,0,0,0,0,0,0,0,0
288768,141,1,0,0,0,0,0,-0.00194,0.00188,1.4957,3207,7,2,2,0,5,2,0,0,0,0,0,0,0,0,0,0,0,0,0,0,0
290816,142,1,0,0,0,0,0,-0.00385,0.00144,1.472,3420,2,0,5,0,5,2,0,0,0,0,0,0,0,0,0,0,0,0,0,0,0
292864,143,1,0,0,0,0,0,-0.00439,0.0008,1.5041,3347,4,1,5,0,6,3,0,0,0,0,0,0,0,0,0,0,0,0,0,0,0
294912,144,1,0,0,0,0,0,-0.00103,0.00279,1.541,3013,5,1,3,1,5,0,0,0,0,0,0,0,0,0,0,0,0,0,0,0,0
296960,145,1,0,0,0,0,0,-0.00287,0.00187,1.5406,2769,3,1,8,1,5,1,0,0,0,0,0,0,0,0,0,0,0,0,0,0,0
299008,146,1,0,0,0,0,0,-0.00129,0.00087,1.5433,3080,5,1,3,1,3,2,0,0,0,0,0,0,0,0,0,0,0,0,0,0,0
301056,147,1,0,0,0,0,0,-0.00216,0.00206,1.4751,3134,5,1,5,1,5,2,0,0,0,0,0,0,0,0,0,0,0,0,0,0,0
303104,148,1,0,0,0,0,0,-0.00496,0.00151,1.5392,3225,5,1,3,0,4,3,0,0,0,0,0,0,0,0,0,0,0,0,0,0,0
305152,149,1,0,0,0,0,0,-0.005,0.00259,1.5054,3123,6,1,6,1,4,1,0,0,0,0,0,0,0,0,0,0,0,0,0,0,0
307200,150,1,0,0,0,0,0,-0.003,0.00103,1.5996,3137,4,0,4,0,4,2,0,0,0,0,0,0,0,0,0,0,0,0,0,0,0
309248,151,1,0,0,0,0,0,-0.00162,0.0022,1.5165,3187,8,3,3,0,3,2,0,0,0,0,0,0,0,0,0,0,0,0,0,0,0
311296,152,1,0,0,0,0,0,-0.00169,0.00183,1.5095,2972,1,1,4,0,6,2,0,0,0,0,0,0,0,0,0,0,0,0,0,0,0
313344,153,1,0,0,0,0,0,-0.00479,0.0022,1.4949,2917,2,1,11,4,3,0,0,0,0,0,0,0,0,0,0,0,0,0,0,0,0
315392,154,1,0,0,0,0,0,-0.00376,0.0025,1.5125,2923,7,2,4,0,3,2,0,0,0,0,0,0,0,0,0,0,0,0,0,0,0
317440,155,1,0,0,0,0,0,-0.0031,0.00189,1.5405,2924,4,1,5,1,4,1,0,0,0,0,0,0,0,0,0,0,0,0,0,0,0
319488,156,1,0,0,0,0,0,-0.00514,0.00105,1.5242,3114,6,0,4,0,2,0,0,0,0,0,0,0,0,0,0,0,0,0,0,0,0
321536,157,1,0,0,0,0,0,-0.00312,0.00202,1.5747,3236,5,0,4,1,4,1,0,0,0,0,0,0,0,0,0,0,0,0,0,0,0
323584,158,1,0,0,0,0,0,-0.00534,0.00124,1.5187,2365,5,0,0,0,7,1,0,0,0,0,0,0,0,0,0,0,0,0,0,0,0
325632,159,1,0,0,0,0,0,-0.00268,0.0014,1.5314,2554,4,0,5,0,1,1,0,0,0,0,0,0,0,0,0,0,0,0,0,0,0
327680,160,1,0,0,0,0,0,-0.00304,0.00094,1.483,2762,2,1,6,0,4,0,0,0,0,0,0,0,0,0,0,0,0,0,0,0,0
329728,161,1,0,0,0,0,0,-0.00251,0.00055,1.5177,2849,4,0,4,0,4,1,0,0,0,0,0,0,0,0,0,0,0,0,0,0,0
331776,162,1,0,0,0,0,0,-0.00504,0.0005,1.5295,2858,5,0,5,1,1,0,0,0,0,0,0,0,0,0,0,0,0,0,0,0,0
333824,163,1,0,0,0,0,0,-0.00568,0.0004,1.5653,3012,4,2,4,0,4,0,0,0,0,0,0,0,0,0,0,0,0,0,0,0,0
335872,164,1,0,0,0,0,0,-0.0035,0.00151,1.6266,3153,6,3,6,0,3,0,0,0,0,0,0,0,0,0,0,0,0,0,0,0,0
337920,165,1,0,0,0,0,0,-0.00397,0.00194,1.5994,3016,5,0,1,1,4,2,0,0,0,0,0,0,0,0,0,0,0,0,0,0,0
339968,166,1,0,0,0,0,0,-0.00368,0.00101,1.6212,2953,7,1,3,1,3,1,0,0,0,0,0,0,0,0,0,0,0,0,0,0,0
342016,167,1,0,0,0,0,0,-0.00161,0.00205,1.5901,2902,5,2,3,0,5,2,0,0,0,0,0,0,0,0,0,0,0,0,0,0,0
344064,168,1,0,0,0,0,0,-0.0055,0.00364,1.5963,3044,4,1,9,1,4,3,0,0,0,0,0,0,0,0,0,0,0,0,0,0,0
346112,169,1,0,0,0,0,0,-0.00585,0.00251,1.6064,2941,6,2,6,1,3,1,0,0,0,0,0,0,0,0,0,0,0,0,0,0,0
348160,170,1,0,0,0,0,0,-0.00043,0.00128,1.5479,3159,3,0,4,1,4,1,0,0,0,0,0,0,0,0,0,0,0,0,0,0,0
350208,171,1,0,0,0,0,0,-0.00624,0.0008,1.5586,3329,3,1,10,0,2,0,0,0,0,0,0,0,0,0,0,0,0,0,0,0,0
352256,172,1,0,0,0,0,0,-0.00264,0.00152,1.5896,3124,7,1,2,0,3,2,0,0,0,0,0,0,0,0,0,0,0,0,0,0,0
354304,173,1,0,0,0,0,0,-0.00217,0.00101,1.552,2918,4,0,1,0,5,1,0,0,0,0,0,0,0,0,0,0,0,0,0,0,0
356352,174,1,0,0,0,0,0,-0.00457,0.00259,1.5555,3013,4,1,11,5,3,0,0,0,0,0,0,0,0,0,0,0,0,0,0,0,0
358400,175,1,0,0,0,0,0,-0.00275,0.00112,1.5545,3042,2,1,5,1,4,1,0,0,0,0,0,0,0,0,0,0,0,0,0,0,0
360448,176,1,0,0,0,0,0,-0.00451,0.00209,1.5428,3321,3,0,4,1,4,2,0,0,0,0,0,0,0,0,0,0,0,0,0,0,0
362496,177,1,0,0,0,0,0,-0.0055,0.00252,1.4445,3336,1,1,9,1,8,4,0,0,0,0,0,0,0,0,0,0,0,0,0,0,0
364544,178,1,0,0,0,0,0,-0.0017,0.00224,1.48,3169,2,2,2,1,7,0,0,0,0,0,0,0,0,0,0,0,0,0,0,0,0
366592,179,1,0,0,0,0,0,-0.00124,0.00142,1.4694,3355,4,3,4,0,5,1,0,0,0,0,0,0,0,0,0,0,0,0,0,0,0
368640,180,1,0,0,0,0,0,-0.0032,0.00232,1.4709,3299,7,4,4,1,3,0,0,0,0,0,0,0,0,0,0,0,0,0,0,0,0
370688,181,1,0,0,0,0,0,-0.00096,0.00143,1.5043,3302,5,1,4,0,5,1,0,0,0,0,0,0,0,0,0,0,0,0,0,0,0
372736,182,1,0,0,0,0,0,-0.00569,0.00291,1.5569,3080,3,0,5,1,5,1,0,0,0,0,0,0,0,0,0,0,0,0,0,0,0
374784,183,1,0,0,0,0,0,-0.00385,0.00244,1.5448,3113,11,6,2,0,2,1,0,0,0,0,0,0,0,0,0,0,0,0,0,0,0
376832,184,1,0,0,0,0,0,-0.00508,0.00094,1.5657,3485,4,3,9,1,2,0,0,0,0,0,0,0,0,0,0,0,0,0,0,0,0
378880,185,1,0,0,0,0,0,-0.00309,0.00163,1.5529,3311,3,1,5,1,3,1,0,0,0,0,0,0,0,0,0,0,0,0,0,0,0
380928,186,1,0,0,0,0,0,-0.00466,0.00071,1.5471,3174,3,1,6,0,4,0,0,0,0,0,0,0,0,0,0,0,0,0,0,0,0
382976,187,1,0,0,0,0,0,-0.00318,0.00162,1.542,3521,4,2,1,0,7,0,0,0,0,0,0,0,0,0,0,0,0,0,0,0,0
385024,188,1,0,0,0,0,0,-0.00469,0.0023,1.517,3402,9,5,2,0,4,1,0,0,0,0,0,0,0,0,0,0,0,0,0,0,0
387072,189,1,0,0,0,0,0,-0.00555,0.00225,1.5188,3459,5,1,6,0,4,2,0,0,0,0,0,0,0,0,0,0,0,0,0,0,0
389120,190,1,0,0,0,0,0,-0.00461,0.00365,1.4559,3571,13,7,7,2,0,0,0,0,0,0,0,0,0,0,0,0,0,0,0,0,0
391168,191,1,0,0,0,0,0,-0.00235,0.00174,1.4665,3319,6,3,2,0,2,0,0,0,0,0,0,0,0,0,0,0,0,0,0,0,0
393216,192,1,0,0,0,0,0,-0.00392,0.00415,1.436,3324,8,5,3,0,6,4,0,0,0,0,0,0,0,0,0,0,0,0,0,0,0
395264,193,1,0,0,0,0,0,-0.00475,0.00296,1.5038,3341,5,1,6,1,3,2,0,0,0,0,0,0,0,0,0,0,0,0,0,0,0
397312,194,1,0,0,0,0,0,-0.00513,0.00487,1.4656,3213,4,0,11,4,5,2,0,0,0,0,0,0,0,0,0,0,0,0,0,0,0
399360,195,1,0,0,0,0,0,-0.0038,0.00225,1.4032,3307,5,2,4,1,5,2,0,0,0,0,0,0,0,0,0,0,0,0,0,0,0
401408,196,1,0,0,0,0,0,-0.00296,0.00282,1.3776,3181,3,2,6,0,9,3,0,0,0,0,0,0,0,0,0,0,0,0,0,0,0
403456,197,1,0,0,0,0,0,-0.00585,0.00434,1.3591,3215,3,2,11,2,5,4,0,0,0,0,0,0,0,0,0,0,0,0,0,0,0
405504,198,1,0,0,0,0,0,-0.0029,0.00268,1.3598,2891,4,2,6,1,4,3,0,0,0,0,0,0,0,0,0,0,0,0,0,0,0
407552,199,1,0,0,0,0,0,-0.00527,0.00279,1.3504,2980,4,3,6,1,4,1,0,0,0,0,0,0,0,0,0,0,0,0,0,0,0
409600,200,1,0,0,0,0,0,-0.00537,0.00425,1.4463,3211,6,2,5,1,6,4,0,0,0,0,0,0,0,0,0,0,0,0,0,0,0
411648,201,1,0,0,0,0,0,-0.00246,0.005,1.4375,2961,9,5,5,0,8,6,0,0,0,0,0,0,0,0,0,0,0,0,0,0,0
413696,202,1,0,0,0,0,0,-0.00389,0.00351,1.4691,3027,2,1,6,3,7,6,0,0,0,0,0,0,0,0,0,0,0,0,0,0,0
415744,203,1,0,0,0,0,0,-0.00507,0.00222,1.4921,2789,4,4,2,0,6,3,0,0,0,0,0,0,0,0,0,0,0,0,0,0,0
417792,204,1,0,0,0,0,0,-0.00531,0.00244,1.4196,3128,6,2,8,3,1,0,0,0,0,0,0,0,0,0,0,0,0,0,0,0,0
419840,205,1,0,0,0,0,0,-0.00299,0.00589,1.3674,3304,8,6,5,1,9,6,0,0,0,0,0,0,0,0,0,0,0,0,0,0,0
421888,206,1,0,0,0,0,0,-0.0038,0.00274,1.3863,2660,5,3,3,2,4,3,0,0,0,0,0,0,0,0,0,0,0,0,0,0,0
423936,207,1,0,0,0,0,0,-0.00363,0.00356,1.2992,2597,6,4,4,2,7,3,0,0,0,0,0,0,0,0,0,0,0,0,0,0,0
425984,208,1,0,0,0,0,0,-0.00369,0.00246,1.3764,2999,5,4,2,1,6,3,0,0,0,0,0,0,0,0,0,0,0,0,0,0,0
428032,209,1,0,0,0,0,0,-0.00347,0.00241,1.3551,3068,3,3,6,3,5,3,0,0,0,0,0,0,0,0,0,0,0,0,0,0,0
430080,210,1,0,0,0,0,0,-0.00525,0.00211,1.4027,3011,3,2,8,2,6,2,0,0,0,0,0,0,0,0,0,0,0,0,0,0,0
432128,211,1,0,0,0,0,0,-0.00465,0.00463,1.4029,3172,6,6,4,0,6,4,0,0,0,0,0,0,0,0,0,0,0,0,0,0,0
434176,212,1,0,0,0,0,0,-0.0034,0.00411,1.3382,3202,11,6,4,0,5,4,0,0,0,0,0,0,0,0,0,0,0,0,0,0,0
436224,213,1,0,0,0,0,0,-0.00477,0.00354,1.2824,3154,8,6,4,0,3,1,0,0,0,0,0,0,0,0,0,0,0,0,0,0,0
438272,214,1,0,0,0,0,0,-0.00249,0.00402,1.3278,3063,8,6,3,0,5,4,0,0,0,0,0,0,0,0,0,0,0,0,0,0,0
440320,215,1,0,0,0,0,0,-0.00353,0.00186,1.2901,3048,4,2,5,1,5,1,0,0,0,0,0,0,0,0,0,0,0,0,0,0,0
442368,216,1,0,0,0,0,0,-0.0062,0.00343,1.3045,3060,5,4,8,2,6,2,0,0,0,0,0,0,0,0,0,0,0,0,0,0,0
444416,217,1,0,0,0,0,0,-0.00309,0.00375,1.3213,3191,8,6,7,1,5,2,0,0,0,0,0,0,0,0,0,0,0,0,0,0,0
446464,218,1,0,0,0,0,0,-0.00357,0.00386,1.3895,2950,7,4,5,3,3,2,0,0,0,0,0,0,0,0,0,0,0,0,0,0,0
448512,219,1,0,0,0,0,0,-0.00258,0.00276,1.2771,3040,7,5,7,0,4,2,0,0,0,0,0,0,0,0,0,0,0,0,0,0,0
450560,220,1,0,0,0,0,0,-0.00461,0.00389,1.3426,2885,4,3,4,1,7,6,0,0,0,0,0,0,0,0,0,0,0,0,0,0,0
452608,221,1,0,0,0,0,0,-0.00442,0.00809,1.3008,2923,6,5,6,1,12,7,0,0,0,0,0,0,0,0,0,0,0,0,0,0,0
454656,222,1,0,0,0,0,0,-0.00598,0.00663,1.3052,3011,8,6,5,1,4,4,0,0,0,0,0,0,0,0,0,0,0,0,0,0,0
456704,223,1,0,0,0,0,0,-0.00311,0.0085,1.2939,2810,9,7,14,5,8,6,0,0,0,0,0,0,0,0,0,0,0,0,0,0,0
458752,224,1,0,0,0,0,0,-0.0025,0.00456,1.1742,2842,9,9,5,0,6,3,0,0,0,0,0,0,0,0,0,0,0,0,0,0,0
460800,225,1,0,0,0,0,0,-0.00443,0.00622,1.2143,2768,4,3,7,2,8,6,0,0,0,0,0,0,0,0,0,0,0,0,0,0,0
462848,226,1,0,0,0,0,0,-0.00523,0.00517,1.3124,2799,4,3,7,3,6,2,0,0,0,0,0,0,0,0,0,0,0,0,0,0,0
464896,227,1,0,0,0,0,0,-0.00511,0.00447,1.2714,3016,10,6,5,0,6,4,0,0,0,0,0,0,0,0,0,0,0,0,0,0,0
466944,228,1,0,0,0,0,0,-0.00466,0.00512,1.2683,2849,8,6,4,1,5,5,0,0,0,0,0,0,0,0,0,0,0,0,0,0,0
468992,229,1,0,0,0,0,0,-0.00426,0.0032,1.2922,2930,6,5,6,0,8,3,0,0,0,0,0,0,0,0,0,0,0,0,0,0,0
471040,230,1,0,0,0,0,0,-0.00579,0.00556,1.2587,2863,8,8,9,2,9,8,0,0,0,0,0,0,0,0,0,0,0,0,0,0,0
473088,231,1,0,0,0,0,0,-0.00469,0.00785,1.3067,3163,10,10,7,2,7,5,0,0,0,0,0,0,0,0,0,0,0,0,0,0,0
475136,232,1,0,0,0,0,0,-0.00377,0.00704,1.1983,3093,10,10,7,4,8,5,0,0,0,0,0,0,0,0,0,0,0,0,0,0,0
477184,233,1,0,0,0,0,0,-0.00193,0.00689,1.2525,3113,9,9,4,2,7,3,0,0,0,0,0,0,0,0,0,0,0,0,0,0,0
479232,234,1,0,0,0,0,0,-0.00178,0.00491,1.1987,3234,5,4,6,0,9,4,0,0,0,0,0,0,0,0,0,0,0,0,0,0,0
481280,235,1,0,0,0,0,0,-0.0055,0.00437,1.1806,2885,10,8,1,1,7,4,0,0,0,0,0,0,0,0,0,0,0,0,0,0,0
483328,236,1,0,0,0,0,0,-0.00559,0.00527,1.1936,2774,14,12,3,0,5,4,0,0,0,0,0,0,0,0,0,0,0,0,0,0,0
485376,237,1,0,0,0,0,0,-0.00171,0.00577,1.1747,3094,4,4,5,1,9,5,0,0,0,0,0,0,0,0,0,0,0,0,0,0,0
487424,238,1,0,0,0,0,0,-0.00258,0.00398,1.1584,2914,8,8,12,2,3,0,0,0,0,0,0,0,0,0,0,0,0,0,0,0,0
489472,239,1,0,0,0,0,0,-0.00578,0.00705,1.1432,2914,7,7,12,4,6,5,0,0,0,0,0,0,0,0,0,0,0,0,0,0,0
491520,240,1,0,0,0,0,0,-0.00401,0.00531,1.1993,2654,12,12,4,0,7,4,0,0,0,0,0,0,0,0,0,0,0,0,0,0,0
493568,241,1,0,0,0,0,0,-0.00649,0.00502,1.2193,2712,9,8,12,2,3,3,0,0,0,0,0,0,0,0,0,0,0,0,0,0,0
495616,242,1,0,0,0,0,0,-0.00361,0.00467,1.2156,2706,8,8,9,1,4,3,0,0,0,0,0,0,0,0,0,0,0,0,0,0,0
497664,243,1,0,0,0,0,0,-0.00464,0.00564,1.2441,2733,7,6,8,3,9,5,0,0,0,0,0,0,0,0,0,0,0,0,0,0,0
499712,244,1,0,0,0,0,0,-0.00154,0.00489,1.2099,2709,9,9,7,2,5,4,0,0,0,0,0,0,0,0,0,0,0,0,0,0,0
501760,245,1,0,0,0,0,0,-0.0009,0.00509,1.1329,2521,8,7,7,0,6,2,0,0,0,0,0,0,0,0,0,0,0,0,0,0,0
503808,246,1,0,0,0,0,0,-0.00454,0.00649,1.0653,2647,6,6,7,2,11,5,0,0,0,0,0,0,0,0,0,0,0,0,0,0,0
505856,247,1,0,0,0,0,0,-0.00398,0.0056,1.0748,2839,7,6,11,3,8,3,0,0,0,0,0,0,0,0,0,0,0,0,0,0,0
507904,248,1,0,0,0,0,0,-0.00578,0.00473,1.1964,2622,5,4,7,0,8,7,0,0,0,0,0,0,0,0,0,0,0,0,0,0,0
509952,249,1,0,0,0,0,0,-0.00344,0.00624,1.2244,2901,5,5,11,2,9,7,0,0,0,0,0,0,0,0,0,0,0,0,0,0,0
512000,250,1,0,0,0,0,0,-0.00645,0.00813,1.1868,2922,10,10,8,3,7,5,0,0,0,0,0,0,0,0,0,0,0,0,0,0,0
514048,251,1,0,0,0,0,0,-0.00636,0.01095,1.138,3005,7,7,10,3,14,10,0,0,0,0,0,0,0,0,0,0,0,0,0,0,0
516096,252,1,0,0,0,0,0,-0.00286,0.00654,1.1472,2699,8,8,5,1,10,9,0,0,0,0,0,0,0,0,0,0,0,0,0,0,0
518144,253,1,0,0,0,0,0,-0.00421,0.00592,1.134,2917,3,1,9,5,7,7,0,0,0,0,0,0,0,0,0,0,0,0,0,0,0
520192,254,1,0,0,0,0,0,-0.00618,0.0063,1.1487,2971,10,9,4,0,10,6,0,0,0,0,0,0,0,0,0,0,0,0,0,0,0
522240,255,1,0,0,0,0,0,-0.00596,0.00424,1.1551,2556,8,7,5,0,7,3,0,0,0,0,0,0,0,0,0,0,0,0,0,0,0
524288,256,1,0,0,0,0,0,-0.00452,0.01035,1.1328,2331,12,12,7,3,12,9,0,0,0,0,0,0,0,0,0,0,0,0,0,0,0
526336,257,1,0,0,0,0,0,-0.00551,0.00592,1.2171,2338,12,10,5,2,6,5,0,0,0,0,0,0,0,0,0,0,0,0,0,0,0
528384,258,1,0,0,0,0,0,-0.00524,0.00542,1.1888,2753,7,7,10,2,9,5,0,0,0,0,0,0,0,0,0,0,0,0,0,0,0
530432,259,1,0,0,0,0,0,-0.00492,0.00876,1.1352,3105,9,9,7,3,8,4,0,0,0,0,0,0,0,0,0,0,0,0,0,0,0
532480,260,1,0,0,0,0,0,-0.00666,0.00797,1.1436,2938,11,10,16,2,9,8,0,0,0,0,0,0,0,0,0,0,0,0,0,0,0
534528,261,1,0,0,0,0,0,-0.00729,0.00836,1.0675,2790,16,16,13,3,9,5,0,0,0,0,0,0,0,0,0,0,0,0,0,0,0
536576,262,1,0,0,0,0,0,-0.00527,0.00811,1.1027,3047,8,8,11,5,9,6,0,0,0,0,0,0,0,0,0,0,0,0,0,0,0
538624,263,1,0,0,0,0,0,-0.00385,0.00544,1.0757,2964,14,14,3,0,8,4,0,0,0,0,0,0,0,0,0,0,0,0,0,0,0
540672,264,1,0,0,0,0,0,-0.00397,0.00607,1.0813,2931,11,11,7,1,10,5,0,0,0,0,0,0,0,0,0,0,0,0,0,0,0
542720,265,1,0,0,0,0,0,-0.00213,0.0084,1.0802,2965,15,15,13,4,7,4,0,0,0,0,0,0,0,0,0,0,0,0,0,0,0
544768,266,1,0,0,0,0,0,-0.00193,0.01083,1.0295,3021,14,14,10,3,16,11,0,0,0,0,0,0,0,0,0,0,0,0,0,0,0
546816,267,1,0,0,0,0,0,-0.0049,0.00812,1.0619,2955,16,16,13,4,9,8,0,0,0,0,0,0,0,0,0,0,0,0,0,0,0
548864,268,1,0,0,0,0,0,-0.00642,0.00482,1.0881,2954,7,7,8,1,12,7,0,0,0,0,0,0,0,0,0,0,0,0,0,0,0
550912,269,1,0,0,0,0,0,-0.00577,0.00788,1.0313,2906,15,15,10,5,6,2,0,0,0,0,0,0,0,0,0,0,0,0,0,0,0
552960,270,1,0,0,0,0,0,-0.00443,0.0064,0.9998,2978,14,14,7,3,8,4,0,0,0,0,0,0,0,0,0,0,0,0,0,0,0
555008,271,1,0,0,0,0,0,-0.00761,0.01001,1.0128,2997,9,9,13,6,12,10,0,0,0,0,0,0,0,0,0,0,0,0,0,0,0
557056,272,1,0,0,0,0,0,-0.00161,0.00774,1.0331,2959,10,10,11,3,10,8,0,0,0,0,0,0,0,0,0,0,0,0,0,0,0
559104,273,1,0,0,0,0,0,-0.00261,0.00688,0.9983,2810,15,15,7,2,9,5,0,0,0,0,0,0,0,0,0,0,0,0,0,0,0
561152,274,1,0,0,0,0,0,-0.00196,0.00941,1.0393,2471,13,13,9,3,12,10,0,0,0,0,0,0,0,0,0,0,0,0,0,0,0
563200,275,1,0,0,0,0,0,-0.00608,0.01052,1.0275,2623,10,10,10,5,14,10,0,0,0,0,0,0,0,0,0,0,0,0,0,0,0
565248,276,1,0,0,0,0,0,-0.00356,0.0061,0.9657,2831,17,17,9,0,8,5,0,0,0,0,0,0,0,0,0,0,0,0,0,0,0
567296,277,1,0,0,0,0,0,-0.00363,0.00789,0.9413,2751,10,10,10,1,15,10,0,0,0,0,0,0,0,0,0,0,0,0,0,0,0
569344,278,1,0,0,0,0,0,-0.00457,0.00913,0.9808,2843,11,10,13,4,12,10,0,0,0,0,0,0,0,0,0,0,0,0,0,0,0
571392,279,1,0,0,0,0,0,-0.00507,0.00672,0.9657,2971,9,9,12,6,5,1,0,0,0,0,0,0,0,0,0,0,0,0,0,0,0
573440,280,1,0,0,0,0,0,-0.00628,0.0085,0.9677,2954,10,10,8,1,15,8,0,0,0,0,0,0,0,0,0,0,0,0,0,0,0
575488,281,1,0,0,0,0,0,-0.00349,0.012,0.8868,2877,12,12,17,8,9,8,0,0,0,0,0,0,0,0,0,0,0,0,0,0,0
577536,282,1,0,0,0,0,0,-0.00198,0.01,0.9119,2917,13,13,16,4,13,8,0,0,0,0,0,0,0,0,0,0,0,0,0,0,0
579584,283,1,0,0,0,0,0,-0.00304,0.00641,0.9219,2971,14,14,10,4,10,8,0,0,0,0,0,0,0,0,0,0,0,0,0,0,0
581632,284,1,0,0,0,0,0,-0.00338,0.0079,0.8408,3073,8,8,16,3,13,7,0,0,0,0,0,0,0,0,0,0,0,0,0,0,0
583680,285,1,0,0,0,0,0,-0.00593,0.01362,0.9518,2935,13,12,11,5,14,13,0,0,0,0,0,0,0,0,0,0,0,0,0,0,0
585728,286,1,0,0,0,0,0,-0.00388,0.01143,0.921,2634,9,9,16,5,15,9,0,0,0,0,0,0,0,0,0,0,0,0,0,0,0
587776,287,1,0,0,0,0,0,-0.00567,0.00965,0.9001,2736,17,17,18,3,10,6,0,0,0,0,0,0,0,0,0,0,0,0,0,0,0
589824,288,1,0,0,0,0,0,-0.00417,0.0065,0.9712,2307,11,11,9,2,11,8,0,0,0,0,0,0,0,0,0,0,0,0,0,0,0
591872,289,1,0,0,0,0,0,-0.0048,0.00907,0.9475,2717,11,11,13,1,19,12,0,0,0,0,0,0,0,0,0,0,0,0,0,0,0
593920,290,1,0,0,0,0,0,-0.00356,0.00918,0.9357,2700,8,8,16,4,13,11,0,0,0,0,0,0,0,0,0,0,0,0,0,0,0
595968,291,1,0,0,0,0,0,-0.00332,0.00443,0.9252,2852,12,12,7,0,14,8,0,0,0,0,0,0,0,0,0,0,0,0,0,0,0
598016,292,1,0,0,0,0,0,-0.0065,0.00674,0.9121,2799,13,13,14,2,14,11,0,0,0,0,0,0,0,0,0,0,0,0,0,0,0
600064,293,1,0,0,0,0,0,-0.00234,0.00727,0.8786,2855,10,10,6,2,13,10,0,0,0,0,0,0,0,0,0,0,0,0,0,0,0
602112,294,1,0,0,0,0,0,-0.00552,0.00816,0.8258,2845,16,16,13,4,12,11,0,0,0,0,0,0,0,0,0,0,0,0,0,0,0
604160,295,1,0,0,0,0,0,-0.00438,0.00916,0.8646,2863,14,13,9,2,13,10,0,0,0,0,0,0,0,0,0,0,0,0,0,0,0
606208,296,1,0,0,0,0,0,-0.00225,0.01088,0.7562,2523,18,17,13,7,14,10,0,0,0,0,0,0,0,0,0,0,0,0,0,0,0
608256,297,1,0,0,0,0,0,-0.00306,0.01019,0.7243,2783,19,19,16,6,13,11,0,0,0,0,0,0,0,0,0,0,0,0,0,0,0
610304,298,1,0,0,0,0,0,-0.00329,0.00844,0.8805,2721,12,11,9,3,10,10,0,0,0,0,0,0,0,0,0,0,0,0,0,0,0
612352,299,1,0,0,0,0,0,-0.00318,0.00902,0.8508,2651,11,11,16,3,21,14,0,0,0,0,0,0,0,0,0,0,0,0,0,0,0
614400,300,1,0,0,0,0,0,-0.00224,0.00779,0.9153,2616,11,11,11,3,13,9,0,0,0,0,0,0,0,0,0,0,0,0,0,0,0
616448,301,1,0,0,0,0,0,-0.00202,0.00813,0.8163,2792,12,12,15,1,12,7,0,0,0,0,0,0,0,0,0,0,0,0,0,0,0
618496,302,1,0,0,0,0,0,-0.00221,0.0061,0.9043,2770,14,14,7,1,13,9,0,0,0,0,0,0,0,0,0,0,0,0,0,0,0
620544,303,1,0,0,0,0,0,-0.00409,0.00921,0.8326,2788,10,10,14,4,14,9,0,0,0,0,0,0,0,0,0,0,0,0,0,0,0
622592,304,1,0,0,0,0,0,-0.00068,0.00952,0.8284,2501,15,15,9,1,15,12,0,0,0,0,0,0,0,0,0,0,0,0,0,0,0
624640,305,1,0,0,0,0,0,-0.003,0.00737,0.8546,2842,14,14,13,0,15,14,0,0,0,0,0,0,0,0,0,0,0,0,0,0,0
626688,306,1,0,0,0,0,0,-0.00424,0.00833,0.7794,2767,19,19,16,2,14,9,0,0,0,0,0,0,0,0,0,0,0,0,0,0,0
628736,307,1,0,0,0,0,0,-0.00472,0.01097,0.7633,2894,23,22,18,5,16,15,0,0,0,0,0,0,0,0,0,0,0,0,0,0,0
630784,308,1,0,0,0,0,0,-0.00437,0.01112,0.7533,2939,17,17,22,6,18,17,0,0,0,0,0,0,0,0,0,0,0,0,0,0,0
632832,309,1,0,0,0,0,0,-0.00326,0.00746,0.7431,3089,24,24,13,4,15,11,0,0,0,0,0,0,0,0,0,0,0,0,0,0,0
634880,310,1,0,0,0,0,0,-0.00467,0.01036,0.8079,2797,13,13,19,8,14,13,0,0,0,0,0,0,0,0,0,0,0,0,0,0,0
636928,311,1,0,0,0,0,0,-0.0022,0.00919,0.882,2894,12,12,18,4,15,9,0,0,0,0,0,0,0,0,0,0,0,0,0,0,0
638976,312,1,0,0,0,0,0,-0.00085,0.00874,0.8778,2991,17,17,18,5,16,13,0,0,0,0,0,0,0,0,0,0,0,0,0,0,0
641024,313,1,0,0,0,0,0,-0.00623,0.00732,0.7645,2625,12,12,18,5,13,9,0,0,0,0,0,0,0,0,0,0,0,0,0,0,0
643072,314,1,0,0,0,0,0,-0.00137,0.00424,0.8032,2865,11,11,12,0,13,9,0,0,0,0,0,0,0,0,0,0,0,0,0,0,0
645120,315,1,0,0,0,0,0,-0.00258,0.0078,0.8364,2786,21,21,15,4,12,10,0,0,0,0,0,0,0,0,0,0,0,0,0,0,0
647168,316,1,0,0,0,0,0,-0.00413,0.00879,0.8007,2744,14,14,15,6,19,13,0,0,0,0,0,0,0,0,0,0,0,0,0,0,0
649216,317,1,0,0,0,0,0,-0.00103,0.00621,0.8007,2574,17,17,16,2,9,6,0,0,0,0,0,0,0,0,0,0,0,0,0,0,0
651264,318,1,0,0,0,0,0,-0.00373,0.00585,0.738,2585,22,22,12,2,15,11,0,0,0,0,0,0,0,0,0,0,0,0,0,0,0
653312,319,1,0,0,0,0,0,-0.00489,0.00724,0.7217,2831,25,25,17,3,15,12,0,0,0,0,0,0,0,0,0,0,0,0,0,0,0
655360,320,1,0,0,0,0,0,-0.00399,0.00696,0.8259,2713,17,17,10,3,18,16,0,0,0,0,0,0,0,0,0,0,0,0,0,0,0
657408,321,1,0,0,0,0,0,-0.00599,0.01118,0.8009,2733,13,13,14,4,21,16,0,0,0,0,0,0,0,0,0,0,0,0,0,0,0
659456,322,1,0,0,0,0,0,-0.00466,0.0078,0.789,2671,12,12,19,4,19,16,0,0,0,0,0,0,0,0,0,0,0,0,0,0,0
661504,323,1,0,0,0,0,0,-0.00675,0.00884,0.8115,2769,15,15,13,2,19,18,0,0,0,0,0,0,0,0,0,0,0,0,0,0,0
663552,324,1,0,0,0,0,0,-0.00291,0.01026,0.774,2838,19,19,13,7,14,12,0,0,0,0,0,0,0,0,0,0,0,0,0,0,0
665600,325,1,0,0,0,0,0,-0.00527,0.00598,0.7499,2984,20,20,13,3,16,14,0,0,0,0,0,0,0,0,0,0,0,0,0,0,0
667648,326,1,0,0,0,0,0,1e-05,0.01013,0.7597,2870,20,20,18,7,21,18,0,0,0,0,0,0,0,0,0,0,0,0,0,0,0
669696,327,1,0,0,0,0,0,-0.00504,0.00963,0.7011,2801,25,25,19,6,17,16,0,0,0,0,0,0,0,0,0,0,0,0,0,0,0
671744,328,1,0,0,0,0,0,-0.00625,0.00816,0.6969,2784,11,11,15,5,12,10,0,0,0,0,0,0,0,0,0,0,0,0,0,0,0
673792,329,1,0,0,0,0,0,-0.00503,0.01399,0.6315,2765,18,18,21,7,22,18,0,0,0,0,0,0,0,0,0,0,0,0,0,0,0
675840,330,1,0,0,0,0,0,-0.00307,0.01069,0.6658,2754,15,15,18,6,20,19,0,0,0,0,0,0,0,0,0,0,0,0,0,0,0
677888,331,1,0,0,0,0,0,-0.0043,0.00807,0.7196,2689,16,16,14,6,19,16,0,0,0,0,0,0,0,0,0,0,0,0,0,0,0
679936,332,1,0,0,0,0,0,-0.00769,0.00885,0.7195,3016,16,16,15,4,20,18,0,0,0,0,0,0,0,0,0,0,0,0,0,0,0
681984,333,1,0,0,0,0,0,-0.00541,0.0082,0.6221,2715,23,23,20,5,12,9,0,0,0,0,0,0,0,0,0,0,0,0,0,0,0
684032,334,1,0,0,0,0,0,-0.00562,0.00988,0.6695,2918,15,15,22,5,15,14,0,0,0,0,0,0,0,0,0,0,0,0,0,0,0
686080,335,1,0,0,0,0,0,-0.00272,0.0076,0.6994,3089,12,12,15,3,13,11,0,0,0,0,0,0,0,0,0,0,0,0,0,0,0
688128,336,1,0,0,0,0,0,-0.00411,0.01017,0.562,2783,10,10,23,6,12,7,0,0,0,0,0,0,0,0,0,0,0,0,0,0,0
690176,337,1,0,0,0,0,0,0.00057,0.00709,0.4919,2695,14,14,17,4,10,8,0,0,0,0,0,0,0,0,0,0,0,0,0,0,0
692224,338,1,0,0,0,0,0,-0.00275,0.00839,0.5216,3066,17,17,20,5,13,11,0,0,0,0,0,0,0,0,0,0,0,0,0,0,0
694272,339,1,0,0,0,0,0,-0.00353,0.0108,0.5528,2931,21,21,21,8,13,12,0,0,0,0,0,0,0,0,0,0,0,0,0,0,0
696320,340,1,0,0,0,0,0,-0.00105,0.01061,0.5547,2884,22,22,22,7,14,12,0,0,0,0,0,0,0,0,0,0,0,0,0,0,0
698368,341,1,0,0,0,0,0,-0.00239,0.00714,0.6832,2754,11,11,9,3,12,9,0,0,0,0,0,0,0,0,0,0,0,0,0,0,0
700416,342,1,0,0,0,0,0,0.00098,0.00999,0.5537,2945,4,4,18,4,16,14,0,0,0,0,0,0,0,0,0,0,0,0,0,0,0
702464,343,1,0,0,0,0,0,-0.00512,0.01138,0.4574,2601,32,32,26,9,14,12,0,0,0,0,0,0,0,0,0,0,0,0,0,0,0
704512,344,1,0,0,0,0,0,-0.00532,0.01136,0.5453,2950,13,13,18,6,21,21,0,0,0,0,0,0,0,0,0,0,0,0,0,0,0
706560,345,1,0,0,0,0,0,-0.00634,0.01094,0.5456,2495,19,19,15,5,21,20,0,0,0,0,0,0,0,0,0,0,0,0,0,0,0
708608,346,1,0,0,0,0,0,-0.00735,0.00819,0.6066,2703,9,9,15,2,28,28,0,0,0,0,0,0,0,0,0,0,0,0,0,0,0
710656,347,1,0,0,0,0,0,-0.00547,0.01306,0.4871,2783,17,17,28,12,19,17,0,0,0,0,0,0,0,0,0,0,0,0,0,0,0
712704,348,1,0,0,0,0,0,-0.00295,0.00978,0.5879,2754,23,23,13,3,26,25,0,0,0,0,0,0,0,0,0,0,0,0,0,0,0
714752,349,1,0,0,0,0,0,-0.00467,0.01055,0.4666,3009,33,33,20,5,21,21,0,0,0,0,0,0,0,0,0,0,0,0,0,0,0
716800,350,1,0,0,0,0,0,-0.00312,0.00505,0.5347,2736,28,28,14,1,17,17,0,0,0,0,0,0,0,0,0,0,0,0,0,0,0
718848,351,1,0,0,0,0,0,-0.00217,0.00914,0.4292,2671,25,25,30,6,18,18,0,0,0,0,0,0,0,0,0,0,0,0,0,0,0
720896,352,1,0,0,0,0,0,-0.00281,0.00986,0.3664,3048,25,25,19,7,16,16,0,0,0,0,0,0,0,0,0,0,0,0,0,0,0
722944,353,1,0,0,0,0,0,-0.00332,0.0088,0.4372,2823,18,18,25,7,16,15,0,0,0,0,0,0,0,0,0,0,0,0,0,0,0
724992,354,1,0,0,0,0,0,-0.0006,0.00975,0.421,2753,30,30,23,7,24,24,0,0,0,0,0,0,0,0,0,0,0,0,0,0,0
727040,355,1,0,0,0,0,0,-0.0056,0.00993,0.4964,2991,19,19,27,6,19,19,0,0,0,0,0,0,0,0,0,0,0,0,0,0,0
729088,356,1,0,0,0,0,0,-0.00229,0.00724,0.5662,2882,15,15,17,3,15,14,0,0,0,0,0,0,0,0,0,0,0,0,0,0,0
731136,357,1,0,0,0,0,0,-0.00312,0.0072,0.5108,2999,16,16,16,2,23,21,0,0,0,0,0,0,0,0,0,0,0,0,0,0,0
733184,358,1,0,0,0,0,0,-0.00045,0.00855,0.4652,3153,19,19,24,4,26,25,0,0,0,0,0,0,0,0,0,0,0,0,0,0,0
735232,359,1,0,0,0,0,0,-0.00024,0.00984,0.3749,2896,23,23,25,9,28,28,0,0,0,0,0,0,0,0,0,0,0,0,0,0,0
737280,360,1,0,0,0,0,0,0.00169,0.00584,0.3674,3108,27,27,24,4,24,24,0,0,0,0,0,0,0,0,0,0,0,0,0,0,0
739328,361,1,0,0,0,0,0,-0.00115,0.00562,0.3888,2928,26,26,15,3,22,22,0,0,0,0,0,0,0,0,0,0,0,0,0,0,0
741376,362,1,0,0,0,0,0,-0.00221,0.00834,0.4634,2876,28,28,22,5,25,25,0,0,0,0,0,0,0,0,0,0,0,0,0,0,0
743424,363,1,0,0,0,0,0,-0.00436,0.00806,0.4982,3028,28,28,16,7,35,35,0,0,0,0,0,0,0,0,0,0,0,0,0,0,0
745472,364,1,0,0,0,0,0,-0.00346,0.01215,0.4941,3100,14,14,24,10,27,27,0,0,0,0,0,0,0,0,0,0,0,0,0,0,0
747520,365,1,0,0,0,0,0,-0.00458,0.01018,0.4,3006,20,20,21,11,19,19,0,0,0,0,0,0,0,0,0,0,0,0,0,0,0
749568,366,1,0,0,0,0,0,-0.00385,0.00774,0.3777,2915,28,28,24,6,15,15,0,0,0,0,0,0,0,0,0,0,0,0,0,0,0
751616,367,1,0,0,0,0,0,-0.00103,0.00887,0.5646,2872,17,17,15,8,27,26,0,0,0,0,0,0,0,0,0,0,0,0,0,0,0
753664,368,1,0,0,0,0,0,-0.00361,0.00865,0.4434,3068,19,19,21,4,28,28,0,0,0,0,0,0,0,0,0,0,0,0,0,0,0
755712,369,1,0,0,0,0,0,-0.00466,0.01152,0.428,2728,20,20,33,6,30,30,0,0,0,0,0,0,0,0,0,0,0,0,0,0,0
757760,370,1,0,0,0,0,0,-0.00457,0.0113,0.5206,2527,18,18,27,8,37,37,0,0,0,0,0,0,0,0,0,0,0,0,0,0,0
759808,371,1,0,0,0,0,0,-0.00587,0.01112,0.5156,2841,18,18,28,8,35,35,0,0,0,0,0,0,0,0,0,0,0,0,0,0,0
761856,372,1,0,0,0,0,0,-0.00387,0.01183,0.4799,2655,18,18,25,10,40,40,0,0,0,0,0,0,0,0,0,0,0,0,0,0,0
763904,373,1,0,0,0,0,0,-0.00107,0.00972,0.3519,2869,39,39,35,8,23,23,0,0,0,0,0,0,0,0,0,0,0,0,0,0,0
765952,374,1,0,0,0,0,0,0.00183,0.00814,0.4252,2584,31,31,26,6,25,25,0,0,0,0,0,0,0,0,0,0,0,0,0,0,0
768000,375,1,0,0,0,0,0,-0.00285,0.01002,0.4445,2989,21,21,17,7,28,28,0,0,0,0,0,0,0,0,0,0,0,0,0,0,0
770048,376,1,0,0,0,0,0,-0.00057,0.01395,0.4209,2979,24,24,38,14,25,25,0,0,0,0,0,0,0,0,0,0,0,0,0,0,0
772096,377,1,0,0,0,0,0,-0.00375,0.00904,0.4599,3014,28,28,20,10,18,18,0,0,0,0,0,0,0,0,0,0,0,0,0,0,0
774144,378,1,0,0,0,0,0,-0.00604,0.00845,0.5017,2623,18,18,16,4,26,25,0,0,0,0,0,0,0,0,0,0,0,0,0,0,0
776192,379,1,0,0,0,0,0,-0.00278,0.0146,0.4436,2612,17,16,33,14,21,20,0,0,0,0,0,0,0,0,0,0,0,0,0,0,0
778240,380,1,0,0,0,0,0,-0.00388,0.00815,0.4629,2881,31,31,21,5,18,17,0,0,0,0,0,0,0,0,0,0,0,0,0,0,0
780288,381,1,0,0,0,0,0,-0.0047,0.00886,0.4648,3145,28,28,21,3,25,25,0,0,0,0,0,0,0,0,0,0,0,0,0,0,0
782336,382,1,0,0,0,0,0,-0.00386,0.01056,0.4657,2987,23,23,27,6,28,28,0,0,0,0,0,0,0,0,0,0,0,0,0,0,0
784384,383,1,0,0,0,0,0,-0.00125,0.01098,0.4671,3144,19,19,26,6,25,24,0,0,0,0,0,0,0,0,0,0,0,0,0,0,0
786432,384,1,0,0,0,0,0,-0.00278,0.01178,0.4606,2654,23,23,22,10,20,18,0,0,0,0,0,0,0,0,0,0,0,0,0,0,0
788480,385,1,0,0,0,0,0,-0.00372,0.01156,0.4825,3095,20,20,19,8,20,19,0,0,0,0,0,0,0,0,0,0,0,0,0,0,0
790528,386,1,0,0,0,0,0,-0.00035,0.00802,0.4624,3064,20,20,17,6,23,23,0,0,0,0,0,0,0,0,0,0,0,0,0,0,0
792576,387,1,0,0,0,0,0,-0.00106,0.00966,0.4558,2825,14,14,26,4,34,33,0,0,0,0,0,0,0,0,0,0,0,0,0,0,0
794624,388,1,0,0,0,0,0,-0.0047,0.00829,0.4457,3088,22,22,23,8,27,27,0,0,0,0,0,0,0,0,0,0,0,0,0,0,0
796672,389,1,0,0,0,0,0,-0.00332,0.01374,0.3512,3134,27,27,27,12,29,27,0,0,0,0,0,0,0,0,0,0,0,0,0,0,0
798720,390,1,0,0,0,0,0,-0.00494,0.00807,0.3911,3078,32,32,17,8,24,24,0,0,0,0,0,0,0,0,0,0,0,0,0,0,0
800768,391,1,0,0,0,0,0,-0.00503,0.00808,0.2949,2942,36,36,20,9,16,16,0,0,0,0,0,0,0,0,0,0,0,0,0,0,0
802816,392,1,0,0,0,0,0,-0.00423,0.01053,0.3201,2804,25,25,27,12,13,13,0,0,0,0,0,0,0,0,0,0,0,0,0,0,0
804864,393,1,0,0,0,0,0,-0.00343,0.00846,0.3765,2760,21,21,20,6,25,24,0,0,0,0,0,0,0,0,0,0,0,0,0,0,0
806912,394,1,0,0,0,0,0,-0.0001,0.01072,0.3939,2810,22,22,32,10,22,22,0,0,0,0,0,0,0,0,0,0,0,0,0,0,0
808960,395,1,0,0,0,0,0,-0.00149,0.01136,0.3598,2636,17,17,29,9,30,30,0,0,0,0,0,0,0,0,0,0,0,0,0,0,0
811008,396,1,0,0,0,0,0,-0.00362,0.00983,0.3394,2811,28,28,23,7,35,35,0,0,0,0,0,0,0,0,0,0,0,0,0,0,0
813056,397,1,0,0,0,0,0,-0.00056,0.01214,0.2974,2802,28,28,30,14,19,19,0,0,0,0,0,0,0,0,0,0,0,0,0,0,0
815104,398,1,0,0,0,0,0,-0.00424,0.01085,0.3413,2695,20,20,35,9,29,29,0,0,0,0,0,0,0,0,0,0,0,0,0,0,0
817152,399,1,0,0,0,0,0,-0.00382,0.01157,0.3058,2760,34,34,33,11,27,27,0,0,0,0,0,0,0,0,0,0,0,0,0,0,0
819200,400,1,0,0,0,0,0,-0.00381,0.00899,0.2966,2777,33,33,23,9,26,26,0,0,0,0,0,0,0,0,0,0,0,0,0,0,0
821248,401,1,0,0,0,0,0,-0.00123,0.00899,0.302,2583,28,28,25,9,33,33,0,0,0,0,0,0,0,0,0,0,0,0,0,0,0
823296,402,1,0,0,0,0,0,-0.00205,0.00907,0.2803,2946,39,39,24,10,21,21,0,0,0,0,0,0,0,0,0,0,0,0,0,0,0
825344,403,1,0,0,0,0,0,-0.0046,0.01116,0.3123,3039,32,32,32,10,29,29,0,0,0,0,0,0,0,0,0,0,0,0,0,0,0
827392,404,1,0,0,0,0,0,-0.00323,0.01161,0.3814,2989,27,27,29,12,27,27,0,0,0,0,0,0,0,0,0,0,0,0,0,0,0
829440,405,1,0,0,0,0,0,0.00027,0.01102,0.3095,2878,30,30,34,6,30,30,0,0,0,0,0,0,0,0,0,0,0,0,0,0,0
831488,406,1,0,0,0,0,0,-0.00457,0.00951,0.3094,3069,38,38,33,8,31,31,0,0,0,0,0,0,0,0,0,0,0,0,0,0,0
833536,407,1,0,0,0,0,0,-0.00048,0.01099,0.3171,2915,28,28,32,12,26,26,0,0,0,0,0,0,0,0,0,0,0,0,0,0,0
835584,408,1,0,0,0,0,0,-0.00351,0.01315,0.3567,3009,32,32,27,12,31,31,0,0,0,0,0,0,0,0,0,0,0,0,0,0,0
837632,409,1,0,0,0,0,0,-0.00067,0.01598,0.3399,2868,30,30,40,18,38,38,0,0,0,0,0,0,0,0,0,0,0,0,0,0,0
839680,410,1,0,0,0,0,0,-0.00196,0.01123,0.3358,2493,33,33,31,12,36,36,0,0,0,0,0,0,0,0,0,0,0,0,0,0,0
841728,411,1,0,0,0,0,0,-0.00532,0.01218,0.3557,2763,27,27,37,14,40,40,0,0,0,0,0,0,0,0,0,0,0,0,0,0,0
843776,412,1,0,0,0,0,0,-0.00198,0.01182,0.3524,2759,22,22,28,12,33,33,0,0,0,0,0,0,0,0,0,0,0,0,0,0,0
845824,413,1,0,0,0,0,0,-0.00306,0.00843,0.3561,2608,34,34,23,8,37,37,0,0,0,0,0,0,0,0,0,0,0,0,0,0,0
847872,414,1,0,0,0,0,0,-0.00432,0.01287,0.3259,2637,30,30,39,18,38,38,0,0,0,0,0,0,0,0,0,0,0,0,0,0,0
849920,415,1,0,0,0,0,0,-0.00335,0.0119,0.2194,2808,46,46,36,16,21,21,0,0,0,0,0,0,0,0,0,0,0,0,0,0,0
851968,416,1,0,0,0,0,0,-0.00583,0.01118,0.2728,2871,36,36,26,15,29,29,0,0,0,0,0,0,0,0,0,0,0,0,0,0,0
854016,417,1,0,0,0,0,0,-0.00067,0.01063,0.2954,2733,35,35,27,12,33,33,0,0,0,0,0,0,0,0,0,0,0,0,0,0,0
856064,418,1,0,0,0,0,0,-0.001,0.01155,0.3383,2991,26,26,33,19,37,37,0,0,0,0,0,0,0,0,0,0,0,0,0,0,0
858112,419,1,0,0,0,0,0,-0.0023,0.00889,0.2623,2901,29,29,23,12,30,30,0,0,0,0,0,0,0,0,0,0,0,0,0,0,0
860160,420,1,0,0,0,0,0,-0.00209,0.00995,0.2866,2993,29,29,28,12,21,21,0,0,0,0,0,0,0,0,0,0,0,0,0,0,0
862208,421,1,0,0,0,0,0,-0.00221,0.01058,0.2737,3032,29,29,21,15,24,24,0,0,0,0,0,0,0,0,0,0,0,0,0,0,0
864256,422,1,0,0,0,0,0,-0.00377,0.0124,0.2255,2858,19,19,32,15,27,27,0,0,0,0,0,0,0,0,0,0,0,0,0,0,0
866304,423,1,0,0,0,0,0,-0.00473,0.01185,0.2707,2546,25,25,29,16,32,32,0,0,0,0,0,0,0,0,0,0,0,0,0,0,0
868352,424,1,0,0,0,0,0,-0.00435,0.01479,0.244,2994,29,29,39,25,20,20,0,0,0,0,0,0,0,0,0,0,0,0,0,0,0
870400,425,1,0,0,0,0,0,-0.00712,0.01495,0.2862,2907,21,21,36,14,30,30,0,0,0,0,0,0,0,0,0,0,0,0,0,0,0
872448,426,1,0,0,0,0,0,-0.00342,0.01201,0.2748,2965,33,33,28,16,32,32,0,0,0,0,0,0,0,0,0,0,0,0,0,0,0
874496,427,1,0,0,0,0,0,-0.00251,0.01141,0.2731,2874,25,25,27,18,38,38,0,0,0,0,0,0,0,0,0,0,0,0,0,0,0
876544,428,1,0,0,0,0,0,-0.00367,0.01345,0.2529,2762,34,34,36,14,31,31,0,0,0,0,0,0,0,0,0,0,0,0,0,0,0
878592,429,1,0,0,0,0,0,-0.00536,0.01371,0.2445,2789,40,40,36,20,30,30,0,0,0,0,0,0,0,0,0,0,0,0,0,0,0
880640,430,1,0,0,0,0,0,-0.00214,0.01478,0.2436,2916,33,33,42,21,22,22,0,0,0,0,0,0,0,0,0,0,0,0,0,0,0
882688,431,1,0,0,0,0,0,-0.00434,0.0132,0.2664,2640,29,29,37,24,38,38,0,0,0,0,0,0,0,0,0,0,0,0,0,0,0
884736,432,1,0,0,0,0,0,-0.00324,0.01369,0.2299,2805,27,27,36,17,39,39,0,0,0,0,0,0,0,0,0,0,0,0,0,0,0
886784,433,1,0,0,0,0,0,-0.00171,0.01045,0.2511,2855,39,39,27,18,30,30,0,0,0,0,0,0,0,0,0,0,0,0,0,0,0
888832,434,1,0,0,0,0,0,-0.0043,0.01205,0.2316,2941,33,33,37,25,35,35,0,0,0,0,0,0,0,0,0,0,0,0,0,0,0
890880,435,1,0,0,0,0,0,-0.00336,0.01064,0.2266,2966,29,29,30,17,28,28,0,0,0,0,0,0,0,0,0,0,0,0,0,0,0
892928,436,1,0,0,0,0,0,-0.00186,0.01268,0.2686,2769,26,26,37,20,36,36,0,0,0,0,0,0,0,0,0,0,0,0,0,0,0
894976,437,1,0,0,0,0,0,-0.00412,0.00836,0.299,2702,38,38,26,17,31,31,0,0,0,0,0,0,0,0,0,0,0,0,0,0,0
897024,438,1,0,0,0,0,0,-0.00139,0.00802,0.2876,2757,24,24,24,12,26,26,0,0,0,0,0,0,0,0,0,0,0,0,0,0,0
899072,439,1,0,0,0,0,0,-0.00368,0.00806,0.2834,2948,40,40,23,14,30,30,0,0,0,0,0,0,0,0,0,0,0,0,0,0,0
901120,440,1,0,0,0,0,0,-0.00276,0.01013,0.322,3026,17,17,35,21,36,36,0,0,0,0,0,0,0,0,0,0,0,0,0,0,0
903168,441,1,0,0,0,0,0,-0.00588,0.00826,0.3124,2834,24,24,21,14,30,30,0,0,0,0,0,0,0,0,0,0,0,0,0,0,0
905216,442,1,0,0,0,0,0,-0.0038,0.01018,0.2654,2630,21,21,28,14,21,21,0,0,0,0,0,0,0,0,0,0,0,0,0,0,0
907264,443,1,0,0,0,0,0,-0.00266,0.0113,0.2641,2799,25,25,35,20,24,24,0,0,0,0,0,0,0,0,0,0,0,0,0,0,0
909312,444,1,0,0,0,0,0,0.00215,0.00934,0.2919,2924,28,28,25,16,34,34,0,0,0,0,0,0,0,0,0,0,0,0,0,0,0
911360,445,1,0,0,0,0,0,0.00148,0.01261,0.2948,2992,19,19,39,26,29,29,0,0,0,0,0,0,0,0,0,0,0,0,0,0,0
913408,446,1,0,0,0,0,0,-0.00488,0.01229,0.2962,2747,30,30,29,21,24,23,0,0,0,0,0,0,0,0,0,0,0,0,0,0,0
915456,447,1,0,0,0,0,0,-0.00048,0.01021,0.2792,2458,27,27,30,22,30,30,0,0,0,0,0,0,0,0,0,0,0,0,0,0,0
917504,448,1,0,0,0,0,0,-0.00166,0.01066,0.2584,2558,25,25,27,18,31,31,0,0,0,0,0,0,0,0,0,0,0,0,0,0,0
919552,449,1,0,0,0,0,0,-0.00492,0.00873,0.2301,2870,22,22,27,18,34,34,0,0,0,0,0,0,0,0,0,0,0,0,0,0,0
921600,450,1,0,0,0,0,0,-0.00407,0.0109,0.2412,2788,39,39,35,20,27,27,0,0,0,0,0,0,0,0,0,0,0,0,0,0,0
923648,451,1,0,0,0,0,0,-0.00381,0.00964,0.2419,2855,24,24,31,24,32,32,0,0,0,0,0,0,0,0,0,0,0,0,0,0,0
925696,452,1,0,0,0,0,0,-0.00491,0.00859,0.2441,2617,35,35,21,10,29,29,0,0,0,0,0,0,0,0,0,0,0,0,0,0,0
927744,453,1,0,0,0,0,0,-0.0018,0.00852,0.2169,2737,34,34,27,13,28,28,0,0,0,0,0,0,0,0,0,0,0,0,0,0,0
929792,454,1,0,0,0,0,0,0.00224,0.01368,0.2253,2713,36,36,36,20,36,36,0,0,0,0,0,0,0,0,0,0,0,0,0,0,0
931840,455,1,0,0,0,0,0,-0.00232,0.01054,0.2434,2701,41,41,27,18,32,32,0,0,0,0,0,0,0,0,0,0,0,0,0,0,0
933888,456,1,0,0,0,0,0,-0.00532,0.01135,0.2555,2811,34,34,35,29,34,34,0,0,0,0,0,0,0,0,0,0,0,0,0,0,0
935936,457,1,0,0,0,0,0,-0.00266,0.00752,0.2541,2814,30,30,26,23,33,33,0,0,0,0,0,0,0,0,0,0,0,0,0,0,0
937984,458,1,0,0,0,0,0,-0.00361,0.01059,0.2234,2713,34,34,35,21,31,31,0,0,0,0,0,0,0,0,0,0,0,0,0,0,0
940032,459,1,0,0,0,0,0,-0.00421,0.01018,0.2091,2787,43,43,34,25,33,33,0,0,0,0,0,0,0,0,0,0,0,0,0,0,0
942080,460,1,0,0,0,0,0,-0.00176,0.00929,0.2467,2784,40,40,27,19,29,29,0,0,0,0,0,0,0,0,0,0,0,0,0,0,0
944128,461,1,0,0,0,0,0,-0.00158,0.00864,0.251,2817,40,40,19,13,36,36,0,0,0,0,0,0,0,0,0,0,0,0,0,0,0
946176,462,1,0,0,0,0,0,-0.0061,0.00817,0.2195,2729,28,28,28,18,38,38,0,0,0,0,0,0,0,0,0,0,0,0,0,0,0
948224,463,1,0,0,0,0,0,-0.00565,0.01099,0.2358,2770,33,33,33,19,24,24,0,0,0,0,0,0,0,0,0,0,0,0,0,0,0
950272,464,1,0,0,0,0,0,-0.00105,0.01161,0.2333,2712,37,37,37,21,23,23,0,0,0,0,0,0,0,0,0,0,0,0,0,0,0
952320,465,1,0,0,0,0,0,-0.0009,0.01219,0.2338,2865,33,33,39,29,39,39,0,0,0,0,0,0,0,0,0,0,0,0,0,0,0
954368,466,1,0,0,0,0,0,-0.00294,0.0119,0.2281,2798,31,31,37,24,34,34,0,0,0,0,0,0,0,0,0,0,0,0,0,0,0
956416,467,1,0,0,0,0,0,-0.0038,0.0067,0.2314,2933,35,35,24,21,36,36,0,0,0,0,0,0,0,0,0,0,0,0,0,0,0
958464,468,1,0,0,0,0,0,-0.00485,0.00748,0.2146,3069,49,49,21,14,31,31,0,0,0,0,0,0,0,0,0,0,0,0,0,0,0
960512,469,1,0,0,0,0,0,-0.00431,0.00866,0.209,2586,28,28,32,26,26,26,0,0,0,0,0,0,0,0,0,0,0,0,0,0,0
962560,470,1,0,0,0,0,0,0.00016,0.00861,0.2252,2867,27,27,27,16,33,33,0,0,0,0,0,0,0,0,0,0,0,0,0,0,0
964608,471,1,0,0,0,0,0,-0.0055,0.00884,0.2384,2961,35,35,28,17,43,43,0,0,0,0,0,0,0,0,0,0,0,0,0,0,0
966656,472,1,0,0,0,0,0,-0.00522,0.00937,0.2202,3146,31,31,29,23,32,32,0,0,0,0,0,0,0,0,0,0,0,0,0,0,0
968704,473,1,0,0,0,0,0,-0.00233,0.0081,0.1962,3035,34,34,23,13,32,32,0,0,0,0,0,0,0,0,0,0,0,0,0,0,0
970752,474,1,0,0,0,0,0,-0.00368,0.00972,0.2376,3163,38,38,28,16,41,41,0,0,0,0,0,0,0,0,0,0,0,0,0,0,0
972800,475,1,0,0,0,0,0,-0.00462,0.01007,0.236,3094,37,37,28,17,35,35,0,0,0,0,0,0,0,0,0,0,0,0,0,0,0
974848,476,1,0,0,0,0,0,-0.00298,0.01248,0.2356,3102,30,30,38,24,25,25,0,0,0,0,0,0,0,0,0,0,0,0,0,0,0
976896,477,1,0,0,0,0,0,-0.00134,0.00961,0.2286,3285,38,38,31,23,43,43,0,0,0,0,0,0,0,0,0,0,0,0,0,0,0
978944,478,1,0,0,0,0,0,-0.00279,0.01216,0.2212,3275,36,36,37,30,28,28,0,0,0,0,0,0,0,0,0,0,0,0,0,0,0
980992,479,1,0,0,0,0,0,-0.00541,0.00869,0.2348,3230,34,34,28,15,44,44,0,0,0,0,0,0,0,0,0,0,0,0,0,0,0
983040,480,1,0,0,0,0,0,-0.00497,0.00888,0.2429,3105,36,36,29,23,30,30,0,0,0,0,0,0,0,0,0,0,0,0,0,0,0
985088,481,1,0,0,0,0,0,-0.00205,0.01033,0.2281,3075,39,38,31,23,29,29,0,0,0,0,0,0,0,0,0,0,0,0,0,0,0
987136,482,1,0,0,0,0,0,-0.004,0.0092,0.2503,3202,29,29,35,26,30,30,0,0,0,0,0,0,0,0,0,0,0,0,0,0,0
989184,483,1,0,0,0,0,0,-0.00355,0.00768,0.2428,3044,42,42,33,28,34,34,0,0,0,0,0,0,0,0,0,0,0,0,0,0,0
991232,484,1,0,0,0,0,0,-0.00365,0.00754,0.2447,3184,35,35,29,24,40,40,0,0,0,0,0,0,0,0,0,0,0,0,0,0,0
993280,485,1,0,0,0,0,0,-0.00291,0.00747,0.2595,3138,39,39,26,21,33,33,0,0,0,0,0,0,0,0,0,0,0,0,0,0,0
995328,486,1,0,0,0,0,0,-0.0018,0.00775,0.2306,3029,41,41,33,26,26,26,0,0,0,0,0,0,0,0,0,0,0,0,0,0,0
997376,487,1,0,0,0,0,0,-0.00366,0.00678,0.252,2883,30,30,28,23,31,31,0,0,0,0,0,0,0,0,0,0,0,0,0,0,0
999424,488,1,0,0,0,0,0,-0.00516,0.00658,0.2711,3033,17,17,20,12,28,28,0,0,0,0,0,0,0,0,0,0,0,0,0,0,0
1001472,489,1,0,0,0,0,0,-0.00388,0.00983,0.2837,3017,26,26,28,15,32,32,0,0,0,0,0,0,0,0,0,0,0,0,0,0,0
1003520,490,1,0,0,0,0,0,-0.00422,0.00838,0.2733,2853,29,29,30,25,33,33,0,0,0,0,0,0,0,0,0,0,0,0,0,0,0
1005568,491,1,0,0,0,0,0,-0.00164,0.00832,0.2535,2933,36,36,28,23,27,27,0,0,0,0,0,0,0,0,0,0,0,0,0,0,0
1007616,492,1,0,0,0,0,0,-0.00339,0.01088,0.2497,2760,31,31,39,27,27,27,0,0,0,0,0,0,0,0,0,0,0,0,0,0,0
1009664,493,1,0,0,0,0,0,-0.0035,0.01063,0.2804,3075,30,30,33,24,34,34,0,0,0,0,0,0,0,0,0,0,0,0,0,0,0
1011712,494,1,0,0,0,0,0,-0.00213,0.00937,0.2572,2817,32,32,30,24,32,32,0,0,0,0,0,0,0,0,0,0,0,0,0,0,0
1013760,495,1,0,0,0,0,0,-0.00411,0.00878,0.2391,2481,37,37,35,29,29,29,0,0,0,0,0,0,0,0,0,0,0,0,0,0,0
1015808,496,1,0,0,0,0,0,-0.0049,0.0084,0.2198,2553,34,34,38,30,38,38,0,0,0,0,0,0,0,0,0,0,0,0,0,0,0
1017856,497,1,0,0,0,0,0,-0.00446,0.00846,0.2114,2864,31,31,36,29,42,42,0,0,0,0,0,0,0,0,0,0,0,0,0,0,0
1019904,498,1,0,0,0,0,0,0.00143,0.01129,0.2413,2791,48,48,41,29,27,27,0,0,0,0,0,0,0,0,0,0,0,0,0,0,0
1021952,499,1,0,0,0,0,0,-0.00406,0.01119,0.2611,2997,34,34,42,33,30,30,0,0,0,0,0,0,0,0,0,0,0,0,0,0,0
1024000,500,1,0,0,0,0,0,-0.00506,0.00867,0.2677,2920,38,38,38,32,38,38,0,0,0,0,0,0,0,0,0,0,0,0,0,0,0
1026048,501,1,0,0,0,0,0,-0.0038,0.00907,0.2249,2932,27,27,42,32,42,42,0,0,0,0,0,0,0,0,0,0,0,0,0,0,0
1028096,502,1,0,0,0,0,0,-0.00148,0.00903,0.2857,2761,20,20,40,33,38,38,0,0,0,0,0,0,0,0,0,0,0,0,0,0,0
1030144,503,1,0,0,0,0,0,-0.00301,0.00797,0.2396,2684,31,31,33,26,31,31,0,0,0,0,0,0,0,0,0,0,0,0,0,0,0
1032192,504,1,0,0,0,0,0,-0.00217,0.01118,0.23,3127,33,33,44,34,34,34,0,0,0,0,0,0,0,0,0,0,0,0,0,0,0
1034240,505,1,0,0,0,0,0,-0.00348,0.00614,0.2202,2941,31,31,27,23,42,42,0,0,0,0,0,0,0,0,0,0,0,0,0,0,0
1036288,506,1,0,0,0,0,0,0.00179,0.00705,0.2481,2713,31,31,32,28,45,45,0,0,0,0,0,0,0,0,0,0,0,0,0,0,0
1038336,507,1,0,0,0,0,0,-0.00417,0.00543,0.24,2915,32,32,23,18,41,41,0,0,0,0,0,0,0,0,0,0,0,0,0,0,0
1040384,508,1,0,0,0,0,0,-0.00121,0.00913,0.263,3049,26,26,46,38,33,33,0,0,0,0,0,0,0,0,0,0,0,0,0,0,0
1042432,509,1,0,0,0,0,0,-0.00276,0.00629,0.2735,2842,30,30,21,17,31,31,0,0,0,0,0,0,0,0,0,0,0,0,0,0,0
1044480,510,1,0,0,0,0,0,-0.00382,0.00821,0.2303,2748,21,21,26,20,26,26,0,0,0,0,0,0,0,0,0,0,0,0,0,0,0
1046528,511,1,0,0,0,0,0,0.0004,0.00744,0.2288,3170,27,27,30,27,28,28,0,0,0,0,0,0,0,0,0,0,0,0,0,0,0
1048576,512,1,0,0,0,0,0,-0.00252,0.00694,0.195,2920,20,20,25,19,24,24,0,0,0,0,0,0,0,0,0,0,0,0,0,0,0
1050624,513,1,0,0,0,0,0,-0.00123,0.00622,0.2276,2996,27,27,26,21,38,38,0,0,0,0,0,0,0,0,0,0,0,0,0,0,0
1052672,514,1,0,0,0,0,0,-0.00237,0.0078,0.1976,2956,25,25,17,10,32,32,0,0,0,0,0,0,0,0,0,0,0,0,0,0,0
1054720,515,1,0,0,0,0,0,-0.00445,0.01268,0.1764,3094,45,45,40,26,38,38,0,0,0,0,0,0,0,0,0,0,0,0,0,0,0
1056768,516,1,0,0,0,0,0,-0.00506,0.00962,0.1883,3093,33,33,31,21,46,46,0,0,0,0,0,0,0,0,0,0,0,0,0,0,0
1058816,517,1,0,0,0,0,0,-0.00369,0.00952,0.1791,3083,39,39,36,29,44,44,0,0,0,0,0,0,0,0,0,0,0,0,0,0,0
1060864,518,1,0,0,0,0,0,-0.00131,0.00926,0.2044,3102,25,25,30,22,39,39,0,0,0,0,0,0,0,0,0,0,0,0,0,0,0
1062912,519,1,0,0,0,0,0,-0.00185,0.00872,0.1895,3243,34,34,31,24,33,33,0,0,0,0,0,0,0,0,0,0,0,0,0,0,0
1064960,520,1,0,0,0,0,0,-0.00145,0.00823,0.2012,3406,37,37,28,21,42,42,0,0,0,0,0,0,0,0,0,0,0,0,0,0,0
1067008,521,1,0,0,0,0,0,-0.00234,0.00654,0.1909,3373,37,37,36,34,35,35,0,0,0,0,0,0,0,0,0,0,0,0,0,0,0
1069056,522,1,0,0,0,0,0,-0.00308,0.00814,0.2277,3088,33,33,33,28,27,27,0,0,0,0,0,0,0,0,0,0,0,0,0,0,0
1071104,523,1,0,0,0,0,0,-0.00207,0.00738,0.2394,2999,40,40,25,19,44,44,0,0,0,0,0,0,0,0,0,0,0,0,0,0,0
1073152,524,1,0,0,0,0,0,-0.00157,0.01044,0.233,3045,45,45,39,26,27,27,0,0,0,0,0,0,0,0,0,0,0,0,0,0,0
1075200,525,1,0,0,0,0,0,-0.00387,0.00795,0.2355,3146,31,31,26,21,27,27,0,0,0,0,0,0,0,0,0,0,0,0,0,0,0
1077248,526,1,0,0,0,0,0,-0.00251,0.00722,0.2337,3277,32,32,32,26,35,35,0,0,0,0,0,0,0,0,0,0,0,0,0,0,0
1079296,527,1,0,0,0,0,0,-0.00199,0.00757,0.2438,2920,31,31,34,29,34,34,0,0,0,0,0,0,0,0,0,0,0,0,0,0,0
1081344,528,1,0,0,0,0,0,-0.00238,0.00894,0.2424,3166,35,35,33,28,36,36,0,0,0,0,0,0,0,0,0,0,0,0,0,0,0
1083392,529,1,0,0,0,0,0,-0.00702,0.0084,0.2409,3338,43,43,31,26,36,36,0,0,0,0,0,0,0,0,0,0,0,0,0,0,0
1085440,530,1,0,0,0,0,0,-6e-05,0.00776,0.2058,3011,33,33,28,23,30,30,0,0,0,0,0,0,0,0,0,0,0,0,0,0,0
1087488,531,1,0,0,0,0,0,-0.00324,0.00826,0.1921,3026,31,31,37,28,33,33,0,0,0,0,0,0,0,0,0,0,0,0,0,0,0
1089536,532,1,0,0,0,0,0,-0.00168,0.01184,0.1636,3245,22,22,37,27,26,26,0,0,0,0,0,0,0,0,0,0,0,0,0,0,0
1091584,533,1,0,0,0,0,0,-0.00202,0.00961,0.1784,3064,25,25,33,28,36,36,0,0,0,0,0,0,0,0,0,0,0,0,0,0,0
1093632,534,1,0,0,0,0,0,-0.00522,0.00763,0.1839,3250,33,33,41,34,35,35,0,0,0,0,0,0,0,0,0,0,0,0,0,0,0
1095680,535,1,0,0,0,0,0,-0.00371,0.00835,0.1807,2887,29,29,36,31,27,27,0,0,0,0,0,0,0,0,0,0,0,0,0,0,0
1097728,536,1,0,0,0,0,0,-0.00393,0.00953,0.2057,3007,27,27,39,31,29,29,0,0,0,0,0,0,0,0,0,0,0,0,0,0,0
1099776,537,1,0,0,0,0,0,-0.00261,0.00753,0.239,2703,20,20,26,20,34,34,0,0,0,0,0,0,0,0,0,0,0,0,0,0,0
1101824,538,1,0,0,0,0,0,-0.00417,0.00882,0.216,2914,24,24,39,33,40,40,0,0,0,0,0,0,0,0,0,0,0,0,0,0,0
1103872,539,1,0,0,0,0,0,-0.00443,0.00709,0.2008,2870,39,39,30,24,22,22,0,0,0,0,0,0,0,0,0,0,0,0,0,0,0
1105920,540,1,0,0,0,0,0,-0.00158,0.00869,0.2096,2897,35,34,40,34,36,36,0,0,0,0,0,0,0,0,0,0,0,0,0,0,0
1107968,541,1,0,0,0,0,0,-0.00647,0.00867,0.2156,2866,40,40,32,25,38,38,0,0,0,0,0,0,0,0,0,0,0,0,0,0,0
1110016,542,1,0,0,0,0,0,-0.00098,0.00524,0.2171,3027,37,37,25,23,42,42,0,0,0,0,0,0,0,0,0,0,0,0,0,0,0
1112064,543,1,0,0,0,0,0,-0.00597,0.00719,0.2468,2895,32,32,31,27,30,30,0,0,0,0,0,0,0,0,0,0,0,0,0,0,0
1114112,544,1,0,0,0,0,0,-0.00521,0.00654,0.2181,2999,31,31,26,22,24,24,0,0,0,0,0,0,0,0,0,0,0,0,0,0,0
1116160,545,1,0,0,0,0,0,-0.00404,0.00645,0.227,2965,25,25,34,32,39,39,0,0,0,0,0,0,0,0,0,0,0,0,0,0,0
1118208,546,1,0,0,0,0,0,-0.00337,0.00483,0.2852,3119,24,24,24,23,25,25,0,0,0,0,0,0,0,0,0,0,0,0,0,0,0
1126310,547,2,87,57,6,5,19,-2e-05,0.03008,1.0986,5128,0,0,0,0,0,0,700,651,697,18,4,2,7,22,1,1,6,17,1,2,6
1134396,548,2,93,61,4,6,22,-4e-05,0.02697,1.0986,4917,0,0,0,0,0,0,671,731,646,19,2,4,7,13,2,0,10,29,0,2,5
1142477,549,2,97,67,4,4,22,-0.00062,0.02679,1.0985,4705,0,0,0,0,0,0,662,719,667,27,1,3,11,12,3,0,5,28,0,1,6
1150575,550,2,89,56,3,6,24,-0.00027,0.02077,1.0978,4568,0,0,0,0,0,0,735,632,681,21,2,5,11,11,1,0,6,24,0,1,7
1158695,551,2,82,53,4,2,23,-0.00051,0.01838,1.096,4524,0,0,0,0,0,0,681,698,669,18,2,2,8,14,0,0,6,21,2,0,9
1166742,552,2,109,73,12,3,21,-0.00021,0.02369,1.0888,4703,0,0,0,0,0,0,713,584,751,22,8,1,11,20,2,1,4,31,2,1,6
1174829,553,2,94,68,2,2,22,-0.00231,0.01865,1.073,4939,0,0,0,0,0,0,713,560,775,24,0,0,8,14,1,2,4,30,1,0,10
1182895,554,2,99,65,7,4,23,-0.00247,0.01637,1.0359,4602,0,0,0,0,0,0,701,460,887,13,4,2,8,12,0,0,7,40,3,2,8
1190965,555,2,110,71,9,6,24,-0.00612,0.01904,0.9906,4584,0,0,0,0,0,0,649,401,998,16,1,2,6,6,1,2,5,49,7,2,13
1199084,556,2,87,46,9,9,23,-0.0059,0.01556,0.9341,4692,0,0,0,0,0,0,547,359,1142,10,4,1,6,5,2,1,6,31,3,7,11
1207153,557,2,103,65,5,9,24,-0.00093,0.022,0.8949,4946,0,0,0,0,0,0,443,314,1291,14,1,2,2,5,1,1,5,46,3,6,17
1215245,558,2,98,62,7,8,21,-0.00252,0.01793,0.9402,4873,0,0,0,0,0,0,435,284,1329,11,2,1,1,12,2,1,4,39,3,6,16
1223309,559,2,97,66,4,5,22,-0.0005,0.01369,0.9194,4839,0,0,0,0,0,0,522,294,1232,18,0,2,6,3,0,0,3,45,4,3,13
1231382,560,2,109,68,5,12,24,-0.00154,0.01785,0.9128,4639,0,0,0,0,0,0,456,241,1351,9,3,4,4,10,0,0,6,49,2,8,14
1239452,561,2,112,77,8,5,22,-0.00066,0.01841,0.9611,4499,0,0,0,0,0,0,519,274,1255,17,1,2,8,9,1,0,2,51,6,3,12
1247519,562,2,102,66,4,7,25,-0.00057,0.01844,0.962,4886,0,0,0,0,0,0,652,295,1101,23,2,4,9,7,0,1,3,36,2,2,13
1255582,563,2,99,64,9,5,21,-0.00311,0.01795,0.9007,4755,0,0,0,0,0,0,612,238,1198,19,1,0,8,1,0,0,3,44,8,5,10
1263621,564,2,131,84,16,10,21,-2e-05,0.02028,0.9025,4689,0,0,0,0,0,0,644,173,1231,27,4,2,3,5,1,0,5,52,11,8,13
1271708,565,2,94,55,8,11,20,-0.00099,0.01402,0.9409,4609,0,0,0,0,0,0,733,200,1115,17,3,2,9,7,1,0,1,31,4,9,10
1279789,566,2,92,53,7,6,26,-0.00104,0.01308,0.9379,4849,0,0,0,0,0,0,788,222,1038,20,5,2,6,6,1,0,3,27,1,4,17
1287862,567,2,104,68,7,8,21,0.0,0.01469,0.9473,4885,0,0,0,0,0,0,820,176,1052,27,5,3,11,4,0,0,1,37,2,5,9
1295949,568,2,88,53,8,3,24,-0.00176,0.01312,0.9367,4879,0,0,0,0,0,0,814,219,1015,17,4,0,16,3,1,0,1,33,3,3,7
1304037,569,2,88,52,6,3,27,-0.00274,0.0137,0.8846,4907,0,0,0,0,0,0,778,191,1079,22,3,0,7,5,0,1,3,25,3,2,17
1312085,570,2,99,65,8,2,24,0.0006,0.01479,0.8756,4941,0,0,0,0,0,0,665,164,1219,20,3,2,10,3,0,0,1,42,5,0,13
1320152,571,2,104,68,5,10,21,-7e-05,0.01683,0.8753,4727,0,0,0,0,0,0,620,220,1208,17,0,4,8,8,1,0,1,43,4,6,12
1328201,572,2,112,77,8,9,18,-0.00141,0.01594,0.8005,4877,0,0,0,0,0,0,600,161,1287,23,5,0,3,9,1,1,3,45,2,8,12
1336267,573,2,106,73,3,8,22,-0.00071,0.01681,0.8026,5090,0,0,0,0,0,0,532,132,1384,17,2,2,6,3,0,0,2,53,1,6,14
1344323,574,2,106,72,6,7,21,9e-05,0.01465,0.8342,5036,0,0,0,0,0,0,516,159,1373,21,3,2,9,4,1,1,2,47,2,4,10
1352402,575,2,101,60,13,2,26,-0.00056,0.01522,0.7986,5200,0,0,0,0,0,0,482,169,1397,14,3,1,3,2,0,0,1,44,10,1,22
1360460,576,2,112,76,7,8,21,-0.00021,0.01657,0.7856,4956,0,0,0,0,0,0,521,141,1386,17,3,5,5,4,0,1,1,55,4,2,15
1368515,577,2,104,66,9,6,23,-0.00493,0.01599,0.6749,5094,0,0,0,0,0,0,437,123,1488,11,3,2,8,4,0,0,1,51,6,4,14
1376555,578,2,114,79,12,5,18,-0.00065,0.01458,0.704,4914,0,0,0,0,0,0,323,114,1611,12,3,0,1,4,0,0,1,63,9,5,16
1384605,579,2,97,72,3,3,19,-0.00048,0.01282,0.7651,5055,0,0,0,0,0,0,389,140,1519,11,1,0,2,3,0,0,1,58,2,3,16
1392654,580,2,118,80,10,4,24,-0.00082,0.01638,0.8222,4777,0,0,0,0,0,0,485,158,1405,14,3,1,4,6,1,0,3,60,6,3,17
1400695,581,2,115,75,11,9,20,-0.00184,0.01615,0.8738,4892,0,0,0,0,0,0,511,182,1355,18,4,5,5,6,1,0,2,51,6,4,13
1408767,582,2,103,64,10,5,24,-0.00028,0.01196,0.8825,5072,0,0,0,0,0,0,541,235,1272,17,3,0,3,4,1,0,8,43,6,5,13
1416828,583,2,97,55,9,7,26,-0.00024,0.01356,0.8377,5187,0,0,0,0,0,0,555,179,1314,9,2,0,6,5,2,1,2,41,5,6,18
1424917,584,2,92,52,8,9,23,-0.00015,0.01333,0.8706,5225,0,0,0,0,0,0,511,188,1349,9,1,3,4,4,0,1,5,39,7,5,14
1433011,585,2,98,59,8,7,24,-0.00191,0.01512,0.9014,5223,0,0,0,0,0,0,539,204,1305,14,3,0,4,3,1,0,3,42,4,7,17
1441074,586,2,100,60,6,10,24,-0.00071,0.01467,0.9369,5200,0,0,0,0,0,0,582,223,1243,19,2,1,8,9,0,0,2,32,4,9,14
1449154,587,2,98,67,6,7,18,-0.0019,0.0137,0.9301,4812,0,0,0,0,0,0,667,257,1124,29,4,2,7,4,0,1,1,34,2,4,10
1457227,588,2,108,76,6,4,22,-0.00083,0.01503,0.8988,5039,0,0,0,0,0,0,692,211,1145,29,4,0,6,7,0,0,5,40,2,4,11
1465302,589,2,102,69,5,4,24,-0.00026,0.01249,0.8668,4902,0,0,0,0,0,0,645,170,1233,29,3,2,8,5,0,0,1,35,2,2,15
1473375,590,2,100,64,11,2,23,-0.00119,0.01398,0.9026,4819,0,0,0,0,0,0,588,194,1266,19,5,2,4,4,1,0,2,41,5,0,17
1481437,591,2,103,65,8,9,21,-0.00149,0.01471,0.9456,4950,0,0,0,0,0,0,686,216,1146,28,4,4,9,3,1,1,3,34,3,4,9
1489477,592,2,118,86,11,4,17,-0.00136,0.01315,0.9497,4716,0,0,0,0,0,0,730,209,1109,32,6,3,6,7,0,0,0,47,5,1,11
1497546,593,2,100,62,10,5,23,-0.00033,0.01146,0.9596,4731,0,0,0,0,0,0,817,220,1011,27,7,3,11,7,0,1,2,28,3,1,10
1505614,594,2,107,67,13,7,20,-0.00405,0.0134,0.9342,4564,0,0,0,0,0,0,856,243,949,29,7,3,6,7,0,0,0,31,6,4,14
1513685,595,2,94,60,6,8,20,0.00065,0.01273,0.9046,4417,0,0,0,0,0,0,780,169,1099,19,3,3,7,5,0,1,3,36,3,4,10
1521758,596,2,115,75,9,10,21,-0.00118,0.01413,0.9333,4498,0,0,0,0,0,0,731,166,1151,29,4,4,6,3,0,0,0,43,5,6,15
1529799,597,2,123,89,8,6,20,-0.00151,0.01576,0.9188,4578,0,0,0,0,0,0,816,217,1015,37,4,4,13,3,1,0,2,49,3,2,5
1537828,598,2,117,80,16,6,15,-0.00026,0.01762,0.9341,4618,0,0,0,0,0,0,768,190,1090,33,9,3,6,5,2,0,1,42,5,3,8
1545935,599,2,84,50,9,3,22,-0.00175,0.01355,0.9246,4860,0,0,0,0,0,0,806,226,1016,18,1,1,10,7,2,1,2,25,6,1,10
1554005,600,2,98,59,10,7,22,-0.00067,0.01425,0.9241,4620,0,0,0,0,0,0,843,143,1062,22,4,1,5,5,1,0,1,32,5,6,16
1562060,601,2,105,64,6,12,23,-0.00115,0.01326,0.8908,4900,0,0,0,0,0,0,790,169,1089,26,3,4,9,4,0,0,2,34,3,8,12
1570140,602,2,99,67,6,3,23,-0.00168,0.01256,0.8938,4814,0,0,0,0,0,0,754,142,1152,19,2,0,11,3,0,0,0,45,4,3,12
1578241,603,2,93,55,5,6,27,-0.00052,0.01081,0.8718,4777,0,0,0,0,0,0,696,174,1178,20,1,0,11,3,0,1,0,32,4,5,16
1586333,604,2,89,58,8,2,21,-0.00039,0.0122,0.8485,4780,0,0,0,0,0,0,646,154,1248,19,4,0,7,3,1,0,2,36,3,2,12
1594399,605,2,105,73,8,5,19,-0.00269,0.01159,0.8407,4616,0,0,0,0,0,0,677,170,1201,28,6,2,8,6,0,0,4,39,2,3,7
1602457,606,2,111,74,5,9,23,-0.00363,0.01134,0.7702,4813,0,0,0,0,0,0,576,124,1348,19,1,3,3,6,0,0,7,49,4,6,13
1610524,607,2,98,63,9,8,18,-0.00194,0.01477,0.8324,4835,0,0,0,0,0,0,435,160,1453,16,2,1,4,3,1,1,1,44,6,6,13
1618593,608,2,103,67,5,6,25,-0.00121,0.00916,0.821,4250,0,0,0,0,0,0,515,216,1317,13,2,1,2,3,0,0,5,51,3,5,18
1626671,609,2,93,58,6,6,23,-0.0012,0.01045,0.8316,4756,0,0,0,0,0,0,577,187,1284,17,2,3,9,5,0,0,1,36,4,3,13
1634753,610,2,101,75,7,1,18,-0.0043,0.01342,0.693,4582,0,0,0,0,0,0,453,140,1455,17,2,0,4,7,0,0,1,51,5,1,13
1642794,611,2,118,82,12,4,20,-0.00063,0.01552,0.6365,4586,0,0,0,0,0,0,379,103,1566,10,3,0,5,4,0,0,2,68,9,4,13
1650871,612,2,106,72,6,4,24,-0.00138,0.01049,0.7232,4943,0,0,0,0,0,0,347,149,1552,8,1,0,8,8,1,0,0,56,4,4,16
1658947,613,2,99,61,12,4,22,-0.00209,0.0116,0.6496,5104,0,0,0,0,0,0,295,173,1580,10,2,0,5,4,1,0,4,47,9,4,13
1667011,614,2,106,74,7,2,23,-0.00283,0.0133,0.7036,4835,0,0,0,0,0,0,380,137,1531,9,2,0,4,7,0,0,3,58,5,2,16
1675077,615,2,100,65,7,4,24,-0.00306,0.01211,0.7728,4666,0,0,0,0,0,0,409,121,1518,14,0,0,5,1,0,0,0,50,7,4,19
1683140,616,2,100,67,4,7,22,-0.00131,0.0112,0.786,5049,0,0,0,0,0,0,477,147,1424,12,0,2,4,4,0,0,1,51,4,5,17
1691206,617,2,104,63,11,4,26,-0.00189,0.01017,0.8074,4914,0,0,0,0,0,0,486,153,1409,12,3,0,7,8,1,0,1,43,7,4,18
1699275,618,2,104,70,4,10,20,-0.00228,0.01141,0.8122,5104,0,0,0,0,0,0,436,178,1434,12,0,1,6,6,0,0,2,52,4,9,12
1707329,619,2,121,80,8,8,25,-0.00626,0.01544,0.8844,4870,0,0,0,0,0,0,492,203,1353,15,1,2,7,8,2,0,4,57,5,6,14
1715407,620,2,97,59,8,6,24,-0.00468,0.01442,0.8501,4683,0,0,0,0,0,0,595,240,1213,11,5,3,8,8,1,0,3,40,2,3,13
1723433,621,2,123,93,10,3,17,-0.00236,0.01537,0.8745,4599,0,0,0,0,0,0,558,163,1327,27,4,0,7,3,0,0,3,63,6,3,7
1731465,622,2,117,78,13,9,17,-0.00326,0.01551,0.8923,4587,0,0,0,0,0,0,576,201,1271,20,3,4,7,6,0,0,1,52,10,5,9
1739550,623,2,92,67,4,1,20,-0.00272,0.00962,0.9106,4804,0,0,0,0,0,0,671,237,1140,18,2,0,2,4,0,0,3,45,2,1,15
1747617,624,2,100,63,9,3,25,-0.00204,0.01195,0.9323,4618,0,0,0,0,0,0,775,223,1050,23,1,1,7,10,0,0,2,30,8,2,16
1755715,625,2,95,61,8,3,23,-0.00339,0.01174,0.8739,4493,0,0,0,0,0,0,714,204,1130,27,3,0,11,4,2,0,2,30,3,3,10
1763739,626,2,118,88,5,7,18,-0.0025,0.01587,0.8723,4560,0,0,0,0,0,0,587,203,1258,25,2,1,8,8,1,1,2,55,2,5,8
1771791,627,2,107,71,8,7,21,-0.00262,0.01503,0.8906,4335,0,0,0,0,0,0,642,192,1214,28,7,5,4,5,0,0,3,38,1,2,14
1779872,628,2,92,57,10,5,20,-0.00264,0.01065,0.896,4607,0,0,0,0,0,0,688,203,1157,19,5,3,11,3,0,0,2,35,5,2,7
1787968,629,2,99,62,7,8,22,-0.00177,0.01317,0.8964,4546,0,0,0,0,0,0,680,180,1188,23,1,2,10,5,0,1,3,34,6,5,9
1796059,630,2,95,59,7,6,23,-0.00323,0.01209,0.9124,4765,0,0,0,0,0,0,671,214,1163,18,4,4,5,7,0,0,3,34,3,2,15
1804152,631,2,96,62,4,5,25,-0.00168,0.01152,0.8956,4761,0,0,0,0,0,0,659,190,1199,23,0,3,7,5,0,0,2,34,4,2,16
1812221,632,2,101,67,7,7,20,-0.00252,0.01309,0.9129,4560,0,0,0,0,0,0,689,189,1170,12,3,1,9,6,0,1,0,49,4,5,11
1820311,633,2,101,61,9,8,23,-0.00134,0.01064,0.9151,4369,0,0,0,0,0,0,682,235,1131,17,2,3,6,10,0,2,4,34,7,3,13
1828365,634,2,104,73,6,9,16,-0.00399,0.01575,0.9248,4875,0,0,0,0,0,0,675,186,1187,31,3,5,5,3,1,2,0,39,2,2,11
1836431,635,2,99,67,7,2,23,-0.00078,0.01214,0.9208,4447,0,0,0,0,0,0,755,221,1072,24,5,2,11,5,0,0,3,38,2,0,9
1844493,636,2,99,61,10,7,21,-0.00173,0.01192,0.9445,4413,0,0,0,0,0,0,790,236,1022,28,5,2,7,6,1,0,0,27,4,5,14
1852557,637,2,111,75,9,3,24,-0.00149,0.01493,0.936,4847,0,0,0,0,0,0,803,238,1007,23,4,1,9,8,1,0,2,44,4,2,13
1860635,638,2,96,69,6,3,18,-0.00355,0.01221,0.9377,4629,0,0,0,0,0,0,821,260,967,22,2,1,10,10,0,1,1,37,4,1,7
1868771,639,2,80,42,3,3,32,-0.00289,0.00958,0.9187,4981,0,0,0,0,0,0,780,248,1020,15,0,2,17,1,1,0,5,26,2,1,10
1876854,640,2,98,60,9,4,25,-0.00276,0.01426,0.8617,4949,0,0,0,0,0,0,731,180,1137,20,3,3,13,2,1,1,2,38,5,0,10
1884934,641,2,104,67,7,7,23,-0.00282,0.01298,0.9138,4708,0,0,0,0,0,0,634,214,1200,21,4,4,9,5,1,0,1,41,2,3,13
1893022,642,2,97,61,8,4,24,-0.00252,0.0118,0.8686,4688,0,0,0,0,0,0,657,211,1180,15,4,1,3,5,3,0,3,41,1,3,18
1901091,643,2,96,61,10,3,22,-0.00242,0.00975,0.9042,4822,0,0,0,0,0,0,789,179,1080,14,3,1,10,1,1,0,3,46,6,2,9
1909152,644,2,106,66,8,8,24,-0.0028,0.01443,0.8879,4514,0,0,0,0,0,0,836,195,1017,22,2,1,8,6,0,0,3,38,6,7,13
1917211,645,2,108,80,8,3,17,-0.00228,0.01283,0.8326,4807,0,0,0,0,0,0,856,174,1018,35,5,2,5,4,1,0,6,41,2,1,6
1925292,646,2,95,58,9,5,23,-0.0028,0.00982,0.8269,4885,0,0,0,0,0,0,796,160,1092,29,4,2,8,3,0,1,0,26,5,2,15
1933358,647,2,102,68,9,4,21,-0.00332,0.01243,0.834,4621,0,0,0,0,0,0,698,155,1195,28,3,1,5,3,0,0,4,37,6,3,12
1941411,648,2,111,76,7,4,24,-0.00337,0.0111,0.7938,4588,0,0,0,0,0,0,710,121,1217,27,3,1,9,5,1,0,0,44,3,3,15
1949497,649,2,88,46,12,4,26,-0.00263,0.0093,0.8434,4252,0,0,0,0,0,0,700,139,1209,12,5,1,12,3,0,0,1,31,7,3,13
1957569,650,2,102,65,8,3,26,-0.00468,0.01069,0.7953,4993,0,0,0,0,0,0,747,140,1161,21,6,1,9,2,0,1,3,42,2,1,14
1965642,651,2,95,55,9,6,25,-0.00422,0.01009,0.7707,4860,0,0,0,0,0,0,687,107,1254,18,4,4,9,2,1,0,2,35,4,2,14
1973745,652,2,89,59,4,5,21,-0.00415,0.01067,0.7718,4877,0,0,0,0,0,0,652,69,1327,15,2,0,4,2,0,0,1,42,2,5,16
1981799,653,2,115,74,7,9,25,-0.00259,0.0149,0.7767,4837,0,0,0,0,0,0,747,103,1198,23,3,6,7,1,0,1,2,50,4,2,16
1989869,654,2,98,63,10,5,20,-0.00263,0.01166,0.727,5009,0,0,0,0,0,0,656,61,1331,20,4,0,9,1,1,0,0,42,5,5,11
1997940,655,2,110,75,7,7,21,-0.00393,0.01486,0.7368,5193,0,0,0,0,0,0,716,49,1283,25,2,1,11,2,0,0,2,48,5,6,8
2006013,656,2,96,60,8,6,22,-0.00725,0.01142,0.7904,4980,0,0,0,0,0,0,864,87,1097,19,6,4,9,4,0,0,1,37,2,2,12
2014121,657,2,93,60,7,3,23,-0.0051,0.00821,0.7871,4317,0,0,0,0,0,0,697,124,1227,19,3,2,8,3,0,0,1,38,4,1,14
2022160,658,2,115,78,11,5,21,-0.00585,0.0144,0.7643,4687,0,0,0,0,0,0,602,137,1309,31,5,3,7,8,1,1,1,39,5,1,13
2030225,659,2,109,74,8,9,18,-0.00159,0.01485,0.824,5023,0,0,0,0,0,0,603,154,1291,22,3,3,5,5,1,1,0,47,4,5,13
2038283,660,2,110,70,9,12,19,-0.00387,0.01524,0.8125,4961,0,0,0,0,0,0,614,131,1303,25,2,4,10,5,1,2,0,40,6,6,9
2046353,661,2,96,54,5,11,26,-0.0028,0.01035,0.8478,4625,0,0,0,0,0,0,659,162,1227,17,1,6,9,3,2,0,2,34,2,5,15
2054420,662,2,107,76,5,2,24,-0.00452,0.00958,0.8078,4943,0,0,0,0,0,0,729,161,1158,25,3,1,14,10,0,0,2,41,2,1,8
2062474,663,2,108,76,10,4,18,-0.00328,0.01169,0.772,4836,0,0,0,0,0,0,596,135,1317,23,3,0,8,5,3,1,1,48,4,3,9
2070544,664,2,105,67,8,10,20,-0.00604,0.01334,0.7934,5065,0,0,0,0,0,0,535,156,1357,22,4,1,3,4,2,0,2,41,2,9,15
2078621,665,2,101,63,9,6,23,-0.0051,0.01254,0.7489,5091,0,0,0,0,0,0,642,104,1302,20,2,3,7,1,1,0,0,42,6,3,16
2086709,666,2,95,54,6,7,28,-0.00507,0.01175,0.822,5211,0,0,0,0,0,0,780,99,1169,17,2,3,10,4,0,0,3,33,4,4,15
2094769,667,2,109,70,7,8,24,-0.0024,0.01281,0.7949,5231,0,0,0,0,0,0,876,97,1075,28,6,3,6,6,0,2,1,36,1,3,17
2102804,668,2,113,75,11,10,17,-0.00917,0.01368,0.7577,5100,0,0,0,0,0,0,818,95,1135,20,4,2,7,3,3,4,0,52,4,4,10
2110870,669,2,109,79,4,8,18,-0.00337,0.01501,0.7439,5310,0,0,0,0,0,0,675,71,1302,16,2,4,3,1,0,1,1,62,2,3,14
2118953,670,2,108,74,8,6,20,-0.00512,0.01477,0.7947,5570,0,0,0,0,0,0,625,113,1310,25,1,2,9,5,0,0,1,44,7,4,10
2127031,671,2,98,65,9,4,20,-0.00277,0.01159,0.828,5400,0,0,0,0,0,0,778,125,1145,15,4,2,10,5,0,0,3,45,5,2,7
2135096,672,2,109,70,10,4,25,-0.00245,0.01196,0.8243,5343,0,0,0,0,0,0,803,144,1101,21,10,0,14,4,0,2,2,45,0,2,9
2143187,673,2,99,65,8,2,24,-0.00286,0.01002,0.8054,5162,0,0,0,0,0,0,778,106,1164,22,4,1,11,3,2,0,2,40,2,1,11
2151264,674,2,107,70,11,7,19,-0.00399,0.01321,0.7843,5463,0,0,0,0,0,0,746,115,1187,25,7,2,4,3,0,1,1,42,4,4,14
2159330,675,2,106,72,8,6,20,-0.0025,0.01246,0.8011,5011,0,0,0,0,0,0,741,92,1215,30,2,3,8,3,0,0,2,39,6,3,10
2167405,676,2,108,63,13,8,24,-0.00451,0.01484,0.815,5237,0,0,0,0,0,0,851,130,1067,20,5,5,11,5,0,1,1,38,8,2,12
2175479,677,2,103,68,7,6,22,-0.00594,0.01536,0.7787,5314,0,0,0,0,0,0,853,114,1081,26,4,4,10,3,1,1,2,39,2,1,10
2183557,678,2,98,65,8,4,21,-0.00533,0.01047,0.7852,5248,0,0,0,0,0,0,909,162,977,18,4,1,11,2,0,1,4,45,4,2,6
2191622,679,2,105,65,8,9,23,-0.00732,0.01185,0.7309,5160,0,0,0,0,0,0,896,100,1052,22,5,6,10,1,0,1,1,42,3,2,12
2199710,680,2,95,65,5,4,21,-0.00556,0.01222,0.7245,5491,0,0,0,0,0,0,1002,94,952,21,3,2,5,1,1,0,3,43,1,2,13
2207780,681,2,113,76,9,7,21,-0.00348,0.0137,0.717,5469,0,0,0,0,0,0,953,61,1034,32,7,2,11,1,0,0,0,43,2,5,10
2215835,682,2,111,79,7,1,24,-0.00479,0.01164,0.7137,5580,0,0,0,0,0,0,886,93,1069,29,3,0,14,5,2,0,0,45,2,1,10
2223920,683,2,98,61,5,8,24,-0.00466,0.01299,0.7386,5565,0,0,0,0,0,0,914,89,1045,20,2,3,14,3,0,1,1,38,3,4,9
2231973,684,2,105,73,7,6,19,-0.00346,0.0117,0.7328,5520,0,0,0,0,0,0,955,70,1023,29,5,3,10,2,0,0,2,42,2,3,7
2240011,685,2,118,90,4,5,19,-0.00798,0.01409,0.6363,5497,0,0,0,0,0,0,817,37,1194,29,3,1,9,0,0,0,1,61,1,4,9
2248086,686,2,101,72,7,1,21,-0.00578,0.0156,0.6136,5388,0,0,0,0,0,0,712,58,1278,19,5,0,6,1,0,0,1,52,2,1,14
2256114,687,2,123,85,15,6,17,-0.00705,0.01412,0.6405,5192,0,0,0,0,0,0,802,52,1194,24,9,3,4,2,0,0,0,59,6,3,13
2264137,688,2,132,92,6,13,21,-0.00637,0.01867,0.5607,5122,0,0,0,0,0,0,785,62,1201,30,4,6,9,5,0,0,1,57,2,7,11
2272193,689,2,101,65,7,7,22,-0.00428,0.0145,0.5719,5195,0,0,0,0,0,0,766,69,1213,18,3,1,12,2,0,0,2,45,4,6,8
2280253,690,2,113,81,7,4,21,-0.0059,0.01267,0.5533,5087,0,0,0,0,0,0,849,64,1135,25,3,1,10,2,1,0,0,54,3,3,11
2288338,691,2,95,59,6,5,25,-0.00499,0.01145,0.581,5066,0,0,0,0,0,0,866,46,1136,19,3,4,14,1,0,0,0,39,3,1,11
2296416,692,2,95,54,8,8,25,-0.00416,0.01125,0.5429,5079,0,0,0,0,0,0,849,68,1131,15,4,4,11,1,0,0,1,38,4,4,13
2304448,693,2,125,83,14,6,22,-0.00544,0.01515,0.5485,4733,0,0,0,0,0,0,857,57,1134,26,7,2,9,4,1,0,1,53,6,4,12
2312477,694,2,113,79,7,6,21,-0.00546,0.01239,0.5532,5188,0,0,0,0,0,0,805,55,1188,22,4,4,7,2,0,0,0,55,3,2,14
2320546,695,2,103,73,6,2,22,-0.00419,0.01184,0.5252,5351,0,0,0,0,0,0,784,67,1197,16,3,1,11,1,0,0,0,56,3,1,11
2328622,696,2,106,71,5,8,22,-0.00452,0.0123,0.5823,4997,0,0,0,0,0,0,790,80,1178,20,2,2,11,2,0,1,1,49,3,5,10
2336638,697,2,121,79,14,8,20,-0.00475,0.01474,0.5777,5169,0,0,0,0,0,0,665,72,1311,20,9,0,8,1,1,0,1,58,4,8,11
2344706,698,2,103,66,6,9,22,-0.00546,0.01286,0.6175,4995,0,0,0,0,0,0,742,85,1221,12,2,3,14,1,0,1,0,53,4,5,8
2352782,699,2,103,61,10,8,24,-0.00529,0.01242,0.5858,4472,0,0,0,0,0,0,710,106,1232,14,3,3,12,2,1,0,1,45,6,5,11
2360861,700,2,100,71,4,3,22,-0.00389,0.01186,0.5935,4739,0,0,0,0,0,0,685,116,1247,19,2,1,8,1,0,0,1,51,2,2,13
2368911,701,2,118,90,6,4,18,-0.00439,0.01201,0.5513,4999,0,0,0,0,0,0,619,70,1359,20,3,0,12,2,0,0,0,68,3,4,6
2376949,702,2,112,77,9,6,20,-0.00747,0.0139,0.6366,4903,0,0,0,0,0,0,705,84,1259,23,8,2,8,3,0,1,2,51,1,3,10
2385028,703,2,91,54,6,8,23,-0.00369,0.01094,0.6281,4997,0,0,0,0,0,0,838,81,1129,12,4,3,12,2,0,0,0,40,2,5,11
2393140,704,2,75,39,4,4,28,-0.00467,0.00912,0.5506,4973,0,0,0,0,0,0,662,89,1297,13,4,1,12,3,0,0,1,23,0,3,15
2401221,705,2,97,63,8,4,22,-0.00494,0.0128,0.585,4781,0,0,0,0,0,0,758,91,1199,19,4,1,12,3,1,0,0,41,3,3,10
2409290,706,2,99,65,5,6,23,-0.00378,0.0126,0.6388,4605,0,0,0,0,0,0,751,114,1183,22,4,3,6,3,0,0,3,40,1,3,14
2417353,707,2,108,73,7,7,21,-0.00559,0.0149,0.6013,4916,0,0,0,0,0,0,689,104,1255,22,1,1,6,1,0,0,1,50,6,6,14
2425421,708,2,105,69,7,4,25,-0.00507,0.01179,0.5518,5197,0,0,0,0,0,0,635,63,1350,16,4,3,10,4,0,0,1,49,3,1,14
2433489,709,2,104,62,10,8,24,-0.00449,0.01196,0.593,4987,0,0,0,0,0,0,671,102,1275,7,4,2,10,1,0,0,1,54,6,6,13
2441530,710,2,116,76,10,13,17,-0.00501,0.01451,0.5832,4840,0,0,0,0,0,0,669,63,1316,13,8,0,8,0,0,0,0,63,2,13,9
2449604,711,2,94,67,3,4,20,-0.00504,0.01359,0.6527,4620,0,0,0,0,0,0,648,98,1302,16,0,1,10,4,0,0,0,47,3,3,10
2457693,712,2,97,50,9,10,28,-0.00439,0.01207,0.7049,4943,0,0,0,0,0,0,848,149,1051,8,4,2,18,1,0,0,1,41,5,8,9
2465757,713,2,112,77,10,4,21,-0.00343,0.01836,0.636,4532,0,0,0,0,0,0,688,109,1251,17,5,1,7,4,0,0,0,56,5,3,14
2473846,714,2,104,63,6,6,29,-0.00313,0.0122,0.6543,4750,0,0,0,0,0,0,752,151,1145,13,4,3,10,3,0,1,5,47,2,2,14
2481886,715,2,124,89,12,5,18,-0.00414,0.01533,0.5792,4559,0,0,0,0,0,0,500,128,1420,15,4,0,6,5,0,1,5,69,8,4,7
2489947,716,2,106,77,4,7,18,-0.00405,0.01036,0.6898,4809,0,0,0,0,0,0,719,179,1150,11,3,4,3,3,0,0,2,63,1,3,13
2497999,717,2,116,78,6,7,25,-0.00474,0.01351,0.6857,5053,0,0,0,0,0,0,647,172,1229,11,3,1,10,5,1,0,1,62,2,6,14
2506057,718,2,107,71,6,12,18,-0.00498,0.01393,0.6467,4803,0,0,0,0,0,0,575,145,1328,12,3,2,4,2,0,1,3,57,3,9,11
2514146,719,2,99,62,5,7,25,-0.00452,0.01348,0.6988,4776,0,0,0,0,0,0,552,208,1288,10,4,2,5,5,0,0,7,47,1,5,13
2522164,720,2,111,80,3,9,19,-0.00366,0.01628,0.667,4677,0,0,0,0,0,0,518,202,1328,22,1,2,6,7,0,1,4,51,2,6,9
2530230,721,2,105,69,10,6,20,-0.00426,0.01261,0.6579,4653,0,0,0,0,0,0,570,217,1261,11,8,1,7,5,1,0,4,53,1,5,9
2538291,722,2,112,78,7,4,23,-0.00382,0.01085,0.6863,4829,0,0,0,0,0,0,635,194,1219,21,4,1,9,7,1,1,5,50,2,2,9
2546342,723,2,116,79,5,11,21,-0.00418,0.01507,0.6697,4424,0,0,0,0,0,0,583,156,1309,17,1,2,8,7,0,0,0,55,4,9,13
2554398,724,2,113,79,10,6,18,-0.00385,0.01432,0.6897,4787,0,0,0,0,0,0,588,210,1250,23,3,2,5,7,1,1,2,49,6,3,11
2562470,725,2,100,62,4,5,29,-0.00573,0.01176,0.6937,5043,0,0,0,0,0,0,684,201,1163,14,2,0,12,2,0,0,2,46,2,5,15
2570535,726,2,115,73,15,5,22,-0.00491,0.01228,0.7112,5135,0,0,0,0,0,0,670,204,1174,20,11,3,10,2,2,0,4,51,2,2,8
2578587,727,2,115,87,10,0,18,-0.00503,0.01062,0.6709,4809,0,0,0,0,0,0,708,200,1140,17,7,0,11,6,2,0,2,64,1,0,5
2586697,728,2,83,46,5,5,27,-0.00441,0.01141,0.7009,4989,0,0,0,0,0,0,661,214,1173,11,5,1,11,2,0,1,1,33,0,3,15
2594759,729,2,108,71,7,9,21,-0.00417,0.01296,0.6085,5040,0,0,0,0,0,0,422,199,1427,15,1,1,7,7,2,2,1,49,4,6,13
2602812,730,2,106,74,6,7,19,-0.00424,0.01449,0.654,4667,0,0,0,0,0,0,517,231,1300,16,4,3,4,8,0,2,5,50,2,2,10
2610876,731,2,109,70,8,5,26,-0.00591,0.01109,0.6338,4618,0,0,0,0,0,0,568,201,1279,16,2,0,6,7,3,0,6,47,3,5,14
2618902,732,2,115,75,14,9,17,-0.00383,0.01348,0.6651,4950,0,0,0,0,0,0,616,188,1244,17,6,3,6,5,2,0,2,53,6,6,9
2626969,733,2,108,76,6,6,20,-0.00422,0.01234,0.5947,4775,0,0,0,0,0,0,574,166,1308,20,3,2,9,4,0,1,1,52,3,3,10
2635060,734,2,91,58,3,6,24,-0.00419,0.0099,0.6903,4666,0,0,0,0,0,0,768,250,1030,20,3,1,10,6,0,2,3,32,0,3,11
2643137,735,2,102,67,5,4,26,-0.00592,0.01005,0.624,4547,0,0,0,0,0,0,678,192,1178,19,2,1,14,6,0,0,2,42,3,3,10
2651175,736,2,116,73,12,10,21,-0.00466,0.01268,0.6164,4594,0,0,0,0,0,0,694,158,1196,13,8,3,5,5,0,0,2,55,4,7,14
2659251,737,2,107,70,9,8,20,-0.00668,0.01108,0.5831,4478,0,0,0,0,0,0,814,166,1068,22,3,4,13,0,1,0,0,48,5,4,7
2667316,738,2,98,59,13,3,23,-0.005,0.00975,0.5471,4363,0,0,0,0,0,0,855,126,1067,21,12,1,11,2,0,0,3,36,1,2,9
2675424,739,2,87,59,4,1,23,-0.00747,0.00914,0.5893,4552,0,0,0,0,0,0,768,117,1163,16,2,0,13,6,1,1,1,37,1,0,9
2683477,740,2,107,68,7,12,20,-0.00554,0.01477,0.6185,4337,0,0,0,0,0,0,851,138,1059,22,5,6,13,2,0,1,1,44,2,5,6
2691527,741,2,111,79,5,6,21,-0.00474,0.01306,0.5629,4727,0,0,0,0,0,0,793,128,1127,23,3,4,9,4,0,0,2,52,2,2,10
2699556,742,2,118,76,14,8,20,-0.0065,0.01489,0.6057,4637,0,0,0,0,0,0,912,130,1006,25,8,3,10,4,0,0,3,47,6,5,7
2707619,743,2,105,64,11,9,21,-0.00549,0.01113,0.5776,4954,0,0,0,0,0,0,891,138,1019,27,5,3,9,3,2,1,2,34,4,5,10
2715662,744,2,122,84,9,5,24,-0.00684,0.01222,0.5717,4641,0,0,0,0,0,0,844,133,1071,29,5,3,13,6,0,2,3,49,4,0,8
2723745,745,2,94,63,5,5,21,-0.00495,0.01121,0.5185,4620,0,0,0,0,0,0,774,87,1187,20,1,2,9,0,0,0,2,43,4,3,10
2731823,746,2,104,66,9,4,25,-0.00408,0.01264,0.5879,4822,0,0,0,0,0,0,716,108,1224,19,6,3,12,5,0,0,4,42,3,1,9
2739861,747,2,118,80,9,5,24,-0.00724,0.01236,0.5531,5025,0,0,0,0,0,0,899,90,1059,25,5,1,17,7,0,1,0,48,4,3,7
2747919,748,2,113,73,5,10,25,-0.00485,0.01218,0.5057,4481,0,0,0,0,0,0,730,98,1220,26,5,6,8,4,0,1,0,43,0,3,17
2755988,749,2,112,70,10,8,24,-0.0065,0.01208,0.5292,4711,0,0,0,0,0,0,930,122,996,24,3,4,13,1,1,0,0,45,6,4,11
2764062,750,2,107,65,12,8,22,-0.00329,0.01349,0.4871,4509,0,0,0,0,0,0,842,116,1090,16,5,5,10,4,0,0,3,45,7,3,9
2772105,751,2,119,82,10,6,21,-0.00577,0.01229,0.4537,4857,0,0,0,0,0,0,795,76,1177,30,3,2,8,1,0,0,2,51,7,4,11
2780164,752,2,114,73,12,8,21,-0.00331,0.01327,0.4638,4852,0,0,0,0,0,0,832,99,1117,22,8,5,9,2,0,0,3,49,4,3,9
2788211,753,2,112,75,5,12,20,-0.00604,0.01315,0.4977,3901,0,0,0,0,0,0,721,111,1216,26,2,5,7,3,0,0,1,46,3,7,12
2796275,754,2,106,69,8,6,23,-0.00651,0.01052,0.4158,4242,0,0,0,0,0,0,781,104,1163,24,4,4,15,3,1,0,2,42,3,2,6
2804339,755,2,103,71,3,5,24,-0.00657,0.01088,0.444,4580,0,0,0,0,0,0,849,91,1108,21,1,3,11,4,0,0,1,46,2,2,12
2812416,756,2,97,63,10,6,18,-0.00537,0.01045,0.4892,4623,0,0,0,0,0,0,905,102,1041,26,7,3,9,2,0,0,1,35,3,3,8
2820443,757,2,128,92,13,6,17,-0.00444,0.01634,0.4408,4471,0,0,0,0,0,0,636,107,1305,30,5,6,8,5,2,0,0,57,6,0,9
2828496,758,2,108,75,9,3,21,-0.00404,0.01286,0.4766,4555,0,0,0,0,0,0,900,120,1028,30,5,2,9,4,0,0,1,41,4,1,11
2836559,759,2,100,68,9,5,18,-0.00412,0.01099,0.5074,4829,0,0,0,0,0,0,996,113,939,30,8,3,9,4,0,0,0,34,1,2,9
2844627,760,2,105,70,9,5,21,-0.0054,0.013,0.4612,5103,0,0,0,0,0,0,802,134,1112,28,7,3,11,6,0,0,1,36,2,2,9
2852680,761,2,118,85,8,5,20,-0.00539,0.01338,0.4725,4859,0,0,0,0,0,0,732,124,1192,28,7,3,10,4,0,1,1,53,1,1,9
2860751,762,2,102,72,4,6,20,-0.00552,0.01393,0.4522,4834,0,0,0,0,0,0,709,121,1218,27,2,0,9,4,0,0,0,41,2,6,11
2868787,763,2,117,76,13,8,20,-0.0049,0.01332,0.4408,4683,0,0,0,0,0,0,658,98,1292,22,7,2,8,7,0,1,1,47,6,5,11
2876877,764,2,105,70,8,8,19,-0.00501,0.01235,0.4967,4901,0,0,0,0,0,0,792,130,1126,25,7,6,4,2,0,0,1,43,1,2,14
2884952,765,2,104,72,4,5,23,-0.00664,0.01318,0.4317,4780,0,0,0,0,0,0,790,117,1141,25,1,1,9,7,1,0,3,40,2,4,11
2893028,766,2,99,64,8,2,25,-0.00441,0.01082,0.4248,4820,0,0,0,0,0,0,754,112,1182,29,2,1,9,3,2,0,0,32,4,1,16
2901084,767,2,106,70,7,6,23,-0.00396,0.01302,0.4527,4848,0,0,0,0,0,0,651,145,1252,27,6,4,11,6,0,0,0,37,1,2,12
2909170,768,2,87,55,4,4,24,-0.0033,0.01058,0.5067,4803,0,0,0,0,0,0,912,197,939,25,2,1,13,5,1,0,5,25,1,3,6
2917226,769,2,110,83,7,4,16,-0.00531,0.01323,0.4939,4807,0,0,0,0,0,0,1044,162,842,44,4,3,12,6,0,0,0,33,3,1,4
2925302,770,2,95,60,6,4,25,-0.0044,0.01262,0.5136,4758,0,0,0,0,0,0,1010,186,852,28,4,2,14,5,0,0,1,27,2,2,10
2933406,771,2,95,46,10,9,30,-0.0058,0.01147,0.589,4844,0,0,0,0,0,0,941,197,910,22,4,5,14,2,2,2,3,22,4,2,13
2941461,772,2,110,76,6,6,22,-0.00557,0.01262,0.62,5153,0,0,0,0,0,0,1031,240,777,27,3,4,13,11,2,0,5,38,1,2,4
2949516,773,2,109,80,6,3,20,-0.00519,0.0095,0.4918,5203,0,0,0,0,0,0,939,189,920,39,2,2,9,7,1,0,1,34,3,1,10
2957594,774,2,104,67,8,8,21,-0.00602,0.01185,0.5516,4552,0,0,0,0,0,0,949,193,906,34,8,4,13,4,0,1,1,29,0,3,7
2965651,775,2,111,65,11,7,28,-0.00604,0.01003,0.5398,4789,0,0,0,0,0,0,819,164,1065,31,6,4,17,3,1,2,0,31,4,1,11
2973723,776,2,93,62,9,3,19,-0.00491,0.00976,0.4754,4830,0,0,0,0,0,0,787,174,1087,21,6,3,8,5,1,0,5,36,2,0,6
2981779,777,2,113,81,3,9,20,-0.00545,0.01079,0.4596,4998,0,0,0,0,0,0,758,173,1117,34,2,6,12,7,0,1,0,40,1,2,8
2989823,778,2,115,80,9,6,20,-0.00401,0.01238,0.4669,4882,0,0,0,0,0,0,835,126,1087,34,7,4,9,5,0,0,3,41,2,2,8
2997868,779,2,114,79,5,8,22,-0.00756,0.0132,0.5083,4943,0,0,0,0,0,0,947,149,952,36,3,3,10,5,1,0,3,38,1,5,9
3005931,780,2,120,84,11,8,17,-0.00566,0.01425,0.5018,5262,0,0,0,0,0,0,920,120,1008,32,9,2,7,2,1,1,5,50,1,5,5
3013995,781,2,103,64,11,7,21,-0.00388,0.01293,0.5529,4963,0,0,0,0,0,0,982,157,909,22,6,1,15,3,0,1,2,39,5,5,4
3022070,782,2,104,65,9,6,24,-0.00588,0.01117,0.4955,4851,0,0,0,0,0,0,869,156,1023,28,6,5,10,3,0,0,4,34,3,1,10
3030141,783,2,100,65,8,5,22,-0.00438,0.01144,0.48,5112,0,0,0,0,0,0,956,139,953,22,7,1,12,7,0,0,0,36,1,4,10
3038202,784,2,113,73,9,8,23,-0.00371,0.01205,0.4795,5356,0,0,0,0,0,0,970,144,934,34,3,7,12,2,3,0,1,37,3,1,10
3046223,785,2,117,84,8,5,20,-0.00381,0.01183,0.4745,5254,0,0,0,0,0,0,934,136,978,33,6,2,13,6,0,0,0,45,2,3,7
3054278,786,2,112,78,5,6,23,-0.00517,0.01121,0.4807,4852,0,0,0,0,0,0,962,179,907,34,4,4,11,4,0,0,0,40,1,2,12
3062331,787,2,101,71,3,8,19,-0.00452,0.01272,0.4996,4620,0,0,0,0,0,0,925,142,981,32,2,3,10,7,1,1,0,32,0,4,9
3070357,788,2,130,98,6,7,19,-0.00542,0.01279,0.476,4976,0,0,0,0,0,0,816,145,1087,36,5,5,8,12,0,0,2,50,1,2,9
3078404,789,2,112,73,10,8,21,-0.00553,0.01434,0.5101,4936,0,0,0,0,0,0,735,168,1145,27,9,3,8,6,0,0,0,40,1,5,13
3086504,790,2,91,59,5,4,23,-0.00676,0.0116,0.5206,5228,0,0,0,0,0,0,811,176,1061,28,4,3,11,6,1,0,1,25,0,1,11
3094589,791,2,95,49,14,6,26,-0.00422,0.01166,0.5323,4904,0,0,0,0,0,0,893,187,968,19,9,2,9,6,1,0,4,24,4,4,13
3102683,792,2,98,67,6,5,20,-0.00496,0.01302,0.4986,4515,0,0,0,0,0,0,826,205,1017,23,4,1,8,7,1,1,3,37,1,3,9
3110762,793,2,103,68,7,3,25,-0.00501,0.01179,0.4921,4963,0,0,0,0,0,0,891,140,1017,30,5,2,13,5,0,0,3,33,2,1,9
3118798,794,2,116,84,5,8,19,-0.00476,0.01601,0.4816,4986,0,0,0,0,0,0,761,162,1125,34,4,2,7,5,0,0,3,45,1,6,9
3126874,795,2,106,75,6,6,19,-0.00529,0.01126,0.4321,5047,0,0,0,0,0,0,811,154,1083,37,2,5,7,3,1,0,2,35,3,1,10
3134923,796,2,117,80,11,11,15,-0.00645,0.01378,0.4482,4919,0,0,0,0,0,0,756,144,1148,37,5,5,3,2,3,1,0,41,3,5,12
3142944,797,2,122,84,15,5,18,-0.00549,0.01105,0.4625,4663,0,0,0,0,0,0,833,129,1086,31,11,4,7,4,0,0,1,49,4,1,10
3151005,798,2,111,73,5,10,23,-0.00408,0.01114,0.4358,5028,0,0,0,0,0,0,672,144,1232,25,2,7,12,4,0,0,1,44,3,3,10
3159070,799,2,104,69,5,12,18,-0.00565,0.01455,0.4537,5102,0,0,0,0,0,0,832,146,1070,29,3,5,5,7,0,1,1,33,2,6,12
3167158,800,2,101,60,8,7,26,-0.00515,0.01085,0.4438,5332,0,0,0,0,0,0,728,142,1178,23,5,3,12,3,0,1,1,34,3,3,13
3175174,801,2,121,86,13,6,16,-0.00457,0.01464,0.4209,4908,0,0,0,0,0,0,868,135,1045,36,8,4,7,7,0,0,1,43,5,2,8
3183251,802,2,100,62,10,3,25,-0.00347,0.00935,0.4287,4928,0,0,0,0,0,0,780,117,1151,21,9,2,10,5,0,0,2,36,1,1,13
3191326,803,2,96,52,6,12,26,-0.00552,0.01428,0.4013,5227,0,0,0,0,0,0,754,118,1176,21,3,5,9,1,0,0,0,30,3,7,17
3199392,804,2,99,66,7,7,19,-0.00733,0.01235,0.4509,5525,0,0,0,0,0,0,960,119,969,26,4,6,9,0,0,0,2,40,3,1,8
3207450,805,2,112,79,7,5,21,-0.0067,0.01125,0.4609,4972,0,0,0,0,0,0,930,145,973,22,5,3,11,9,0,0,3,48,2,2,7
3215536,806,2,93,57,8,5,23,-0.00441,0.00828,0.4774,4612,0,0,0,0,0,0,952,129,967,17,3,3,13,3,0,0,0,37,5,2,10
3223584,807,2,117,80,8,9,20,-0.00494,0.01552,0.4871,4564,0,0,0,0,0,0,946,169,933,34,4,2,7,5,0,0,2,41,4,7,11
3231681,808,2,100,65,5,6,24,-0.0047,0.01153,0.4883,4855,0,0,0,0,0,0,929,170,949,24,4,2,11,5,0,0,2,36,1,4,11
3239752,809,2,112,80,3,8,21,-0.00604,0.01119,0.528,4887,0,0,0,0,0,0,787,146,1115,31,2,5,6,5,0,0,1,44,1,3,14
3247800,810,2,102,68,10,5,19,-0.00559,0.01154,0.5186,4937,0,0,0,0,0,0,893,152,1003,30,8,2,8,2,0,0,1,36,2,3,10
3255877,811,2,101,66,6,6,23,-0.00693,0.01098,0.4998,4632,0,0,0,0,0,0,878,160,1010,25,3,4,6,8,1,0,4,33,2,2,13
3263938,812,2,101,64,9,4,24,-0.0051,0.01286,0.5241,4999,0,0,0,0,0,0,789,170,1089,25,3,2,10,5,2,0,2,34,4,2,12
3271952,813,2,127,89,12,10,16,-0.00637,0.0127,0.5341,4985,0,0,0,0,0,0,728,169,1151,32,5,5,7,8,0,0,1,49,7,5,8
3280011,814,2,118,76,12,7,23,-0.0044,0.01294,0.5032,4921,0,0,0,0,0,0,667,177,1204,31,8,3,7,10,0,0,2,35,4,4,14
3288073,815,2,107,72,7,5,23,-0.00713,0.01113,0.6836,4892,0,0,0,0,0,0,926,319,803,29,2,4,11,11,0,1,5,32,5,0,7
3296144,816,2,101,62,6,10,23,-0.00562,0.01167,0.6326,5066,0,0,0,0,0,0,688,321,1039,20,5,5,8,8,0,1,6,34,1,4,9
3304187,817,2,114,80,6,9,19,-0.00633,0.01168,0.5969,5054,0,0,0,0,0,0,698,275,1075,27,5,5,5,12,1,1,3,41,0,3,11
3312260,818,2,98,62,11,3,22,-0.00614,0.01194,0.5876,4815,0,0,0,0,0,0,704,305,1039,15,4,2,7,6,2,0,5,41,5,1,10
3320314,819,2,108,77,7,4,20,-0.00508,0.01257,0.6566,5250,0,0,0,0,0,0,795,355,898,21,3,1,10,19,1,0,3,37,3,3,7
3328407,820,2,98,63,8,3,24,-0.00741,0.00997,0.5874,5339,0,0,0,0,0,0,618,311,1119,17,3,1,9,8,1,1,5,38,4,1,10
3336486,821,2,93,59,4,6,24,-0.00743,0.01106,0.5507,4939,0,0,0,0,0,0,624,353,1071,13,3,0,7,13,1,2,4,33,0,4,13
3344613,822,2,77,45,2,4,26,-0.0047,0.00736,0.6994,4836,0,0,0,0,0,0,694,503,851,10,1,0,10,8,0,1,9,27,1,3,7
3352675,823,2,102,64,9,6,23,-0.00648,0.01047,0.6226,4680,0,0,0,0,0,0,633,433,982,12,3,1,6,18,1,1,7,34,5,4,10
3360748,824,2,102,73,5,7,17,-0.0049,0.01202,0.6376,4819,0,0,0,0,0,0,737,333,978,15,2,2,9,13,0,0,3,45,3,5,5
3368817,825,2,116,75,10,10,21,-0.00446,0.01361,0.6493,4560,0,0,0,0,0,0,639,417,992,19,6,3,6,14,2,2,7,42,2,5,8
3376905,826,2,90,54,7,8,21,-0.00367,0.0094,0.5798,4798,0,0,0,0,0,0,575,332,1141,9,4,1,6,8,2,1,6,37,1,6,9
3384992,827,2,88,56,6,5,21,-0.00663,0.00947,0.6684,5156,0,0,0,0,0,0,707,339,1002,16,3,4,6,10,0,0,4,30,3,1,11
3393043,828,2,110,75,10,5,20,-0.00588,0.01275,0.5587,5112,0,0,0,0,0,0,493,285,1270,11,7,1,6,9,0,0,4,55,3,4,10
3401121,829,2,104,71,5,5,23,-0.00492,0.01148,0.4945,5168,0,0,0,0,0,0,470,279,1299,21,2,0,4,10,2,0,5,40,1,5,14
3409183,830,2,111,77,7,4,23,-0.00497,0.01121,0.5218,5049,0,0,0,0,0,0,584,302,1162,17,2,2,16,14,0,0,1,46,5,2,6
3417229,831,2,107,79,7,3,18,-0.00383,0.00967,0.4849,5056,0,0,0,0,0,0,542,268,1238,17,3,0,5,11,1,1,4,51,3,2,9
3425297,832,2,113,66,8,12,27,-0.00548,0.01443,0.5602,5093,0,0,0,0,0,0,597,361,1090,22,2,4,8,13,2,0,6,31,4,8,13
3433381,833,2,100,68,3,6,23,-0.00819,0.00962,0.5721,5192,0,0,0,0,0,0,573,292,1183,17,1,2,9,19,0,2,3,32,2,2,11
3441400,834,2,113,84,9,4,16,-0.00637,0.0108,0.5564,5227,0,0,0,0,0,0,567,379,1102,20,3,1,4,17,2,1,4,47,4,2,8
3449477,835,2,103,65,8,6,24,-0.00381,0.01103,0.5958,5120,0,0,0,0,0,0,693,380,975,23,6,1,8,12,0,1,4,30,2,4,12
3457541,836,2,107,71,9,6,21,-0.00424,0.00877,0.5927,5169,0,0,0,0,0,0,694,426,928,15,7,3,9,12,2,0,7,44,0,3,5
3465614,837,2,96,60,8,8,20,-0.00577,0.01182,0.5361,4954,0,0,0,0,0,0,594,236,1218,19,4,4,6,7,1,0,1,34,3,4,13
3473692,838,2,98,57,9,5,27,-0.00469,0.00916,0.4663,5205,0,0,0,0,0,0,649,233,1166,14,4,2,13,9,1,1,2,34,4,2,12
3481768,839,2,94,62,9,3,20,-0.00582,0.01079,0.4546,5203,0,0,0,0,0,0,713,217,1118,16,6,2,5,12,1,0,2,34,2,1,13
3489858,840,2,102,64,9,6,23,-0.0039,0.01053,0.4902,5056,0,0,0,0,0,0,671,250,1127,22,3,0,9,7,3,0,3,35,3,6,11
3497914,841,2,117,87,5,3,22,-0.00652,0.01049,0.4439,5273,0,0,0,0,0,0,509,212,1327,23,4,2,4,9,0,0,4,55,1,1,14
3505986,842,2,91,55,10,4,22,-0.0046,0.01022,0.5782,5214,0,0,0,0,0,0,670,336,1042,16,3,3,8,11,3,0,4,28,4,1,10
3514047,843,2,103,67,8,7,21,-0.00426,0.01282,0.5346,4805,0,0,0,0,0,0,733,270,1045,29,4,2,11,13,0,1,4,25,4,4,6
3522095,844,2,116,77,11,7,21,-0.00612,0.01309,0.4539,4321,0,0,0,0,0,0,619,224,1205,29,7,4,8,6,0,1,1,42,4,2,12
3530135,845,2,115,84,12,4,15,-0.00663,0.01228,0.4778,5000,0,0,0,0,0,0,703,230,1115,30,9,2,6,6,3,0,0,48,0,2,9
3538215,846,2,101,61,10,3,27,-0.00834,0.00976,0.5564,4931,0,0,0,0,0,0,683,261,1104,18,7,1,11,9,1,1,2,34,2,1,14
3546279,847,2,110,74,10,7,19,-0.0079,0.01137,0.5955,5032,0,0,0,0,0,0,771,379,898,25,4,1,8,13,1,3,4,36,5,3,7
3554332,848,2,116,84,8,6,18,-0.00356,0.01275,0.4981,5128,0,0,0,0,0,0,771,296,981,24,4,1,8,16,2,1,4,44,2,4,6
3562400,849,2,107,66,12,5,24,-0.00622,0.01135,0.4503,4847,0,0,0,0,0,0,612,269,1167,28,7,1,10,13,2,0,3,25,3,4,11
3570476,850,2,102,70,6,3,23,-0.00678,0.0109,0.3766,5094,0,0,0,0,0,0,700,185,1163,26,4,1,9,9,0,1,2,35,2,1,12
3578552,851,2,103,68,4,5,26,-0.00606,0.0112,0.4423,5002,0,0,0,0,0,0,755,183,1110,30,3,2,10,12,0,1,3,26,1,2,13
3586622,852,2,105,76,11,4,14,-0.00309,0.01108,0.3802,4739,0,0,0,0,0,0,642,173,1233,36,7,1,4,5,2,1,1,35,2,2,9
3594709,853,2,90,55,5,5,25,-0.00643,0.00967,0.4893,4806,0,0,0,0,0,0,706,231,1111,23,2,2,12,8,0,2,1,24,3,1,12
3602821,854,2,89,49,9,5,26,-0.00517,0.01093,0.5231,4895,0,0,0,0,0,0,798,286,964,25,6,4,8,6,0,1,5,18,3,0,13
3610885,855,2,109,70,10,7,22,-0.00512,0.01269,0.5336,4919,0,0,0,0,0,0,852,290,906,32,5,4,6,10,2,1,7,28,3,2,9
3618958,856,2,107,76,7,2,22,-0.0052,0.00846,0.474,4757,0,0,0,0,0,0,650,261,1137,28,3,1,7,17,1,0,5,31,3,1,10
3627008,857,2,112,79,8,6,19,-0.0077,0.01046,0.4752,5008,0,0,0,0,0,0,700,202,1146,35,4,3,8,8,1,1,1,36,3,2,10
3635103,858,2,102,62,2,10,28,-0.00563,0.01093,0.5335,5011,0,0,0,0,0,0,865,278,905,26,2,6,7,5,0,2,7,31,0,2,14
3643192,859,2,96,61,6,5,24,-0.00724,0.00816,0.4974,5106,0,0,0,0,0,0,831,252,965,26,3,2,12,5,1,1,3,30,2,2,9
3651293,860,2,92,53,7,8,24,-0.00551,0.01158,0.4259,4886,0,0,0,0,0,0,771,175,1102,23,6,4,10,4,0,0,1,26,1,4,13
3659367,861,2,105,75,4,5,21,-0.00626,0.01412,0.3828,5090,0,0,0,0,0,0,760,155,1133,34,3,2,7,3,0,0,3,38,1,3,11
3667416,862,2,119,87,10,8,14,-0.00441,0.01444,0.4013,4851,0,0,0,0,0,0,781,140,1127,36,6,4,6,9,0,0,1,42,4,4,7
3675508,863,2,100,60,12,6,22,-0.00414,0.01074,0.4453,4804,0,0,0,0,0,0,899,147,1002,30,8,4,14,5,2,0,1,25,2,2,7
3683570,864,2,105,74,4,7,20,-0.00626,0.01443,0.4752,4822,0,0,0,0,0,0,967,191,890,40,1,5,7,6,0,0,4,28,3,2,9
3691637,865,2,103,66,12,3,22,-0.00586,0.00931,0.413,5068,0,0,0,0,0,0,806,140,1102,26,9,2,10,3,0,0,3,37,3,1,9
3699697,866,2,104,69,8,6,21,-0.00539,0.00912,0.5073,4753,0,0,0,0,0,0,1017,183,848,39,6,3,12,7,0,2,2,23,2,1,7
3707771,867,2,107,67,10,5,25,-0.00607,0.01138,0.4899,4772,0,0,0,0,0,0,874,177,997,36,9,4,12,6,1,0,0,25,0,1,13
3715867,868,2,92,59,5,4,24,-0.00464,0.01138,0.4719,4273,0,0,0,0,0,0,807,188,1053,23,5,1,11,7,0,0,1,29,0,3,12
3723952,869,2,107,74,3,7,23,-0.00843,0.011,0.4858,4884,0,0,0,0,0,0,884,188,976,37,1,7,11,3,1,0,2,34,1,0,10
3732033,870,2,92,55,3,8,26,-0.00588,0.0094,0.4991,5097,0,0,0,0,0,0,1100,219,729,27,2,3,17,7,0,1,3,21,1,4,6
3740116,871,2,90,60,6,3,21,-0.00911,0.00987,0.3731,4632,0,0,0,0,0,0,832,107,1109,25,3,2,11,5,0,0,1,30,3,1,9
3748129,872,2,130,91,9,13,17,-0.00396,0.01635,0.3595,4800,0,0,0,0,0,0,869,69,1110,33,8,7,8,6,1,0,0,52,0,6,9
3756225,873,2,104,66,6,9,23,-0.00587,0.0111,0.3972,4731,0,0,0,0,0,0,934,88,1026,32,5,1,12,2,0,1,0,32,1,7,11
3764286,874,2,113,79,8,7,19,-0.00501,0.01206,0.4299,4580,0,0,0,0,0,0,952,150,946,36,5,5,7,6,1,0,4,37,2,2,8
3772353,875,2,107,71,9,4,23,-0.00401,0.01045,0.3962,5045,0,0,0,0,0,0,972,106,970,37,8,2,13,0,0,0,2,34,1,2,8
3780424,876,2,93,62,4,5,22,-0.00518,0.00979,0.3624,4730,0,0,0,0,0,0,903,114,1031,23,4,2,12,3,0,0,1,36,0,3,9
3788483,877,2,108,76,7,6,19,-0.00498,0.01315,0.3483,4877,0,0,0,0,0,0,886,95,1067,28,4,4,8,6,0,0,1,42,3,2,10
3796578,878,2,97,60,4,5,28,-0.00532,0.00988,0.3491,4880,0,0,0,0,0,0,913,94,1041,29,2,0,9,3,0,0,4,28,2,5,15
3804646,879,2,113,74,11,7,21,-0.00547,0.0102,0.3827,4919,0,0,0,0,0,0,877,93,1078,37,7,4,8,2,0,0,2,35,4,3,11
3812738,880,2,90,49,13,4,24,-0.00466,0.00865,0.4146,4699,0,0,0,0,0,0,964,144,940,21,9,3,9,1,0,0,3,27,4,1,12
3820824,881,2,91,50,5,9,27,-0.00389,0.01092,0.3715,4750,0,0,0,0,0,0,851,110,1087,17,5,2,14,1,0,1,1,32,0,6,12
3828893,882,2,101,72,6,4,19,-0.00502,0.00981,0.399,4862,0,0,0,0,0,0,1073,148,827,34,5,3,13,4,0,0,1,34,1,1,5
3836945,883,2,108,75,7,5,21,-0.00302,0.00903,0.3447,4624,0,0,0,0,0,0,764,114,1170,34,6,4,10,2,0,0,1,39,1,1,10
3844997,884,2,104,70,9,4,21,-0.00572,0.01064,0.3734,4727,0,0,0,0,0,0,974,124,950,31,7,2,12,1,1,0,3,38,1,2,6
3853053,885,2,122,75,10,13,24,-0.00463,0.01494,0.3502,4807,0,0,0,0,0,0,859,119,1070,31,6,8,8,1,1,1,2,43,3,4,14
3861120,886,2,112,77,7,7,21,-0.00386,0.01128,0.4152,4724,0,0,0,0,0,0,870,129,1049,30,6,2,9,7,0,1,2,40,1,4,10
3869188,887,2,101,63,8,11,19,-0.00577,0.01168,0.3438,4997,0,0,0,0,0,0,843,95,1110,28,5,5,12,4,0,0,0,31,3,6,7
3877247,888,2,104,72,3,6,23,-0.00333,0.01184,0.3828,4648,0,0,0,0,0,0,884,148,1016,38,2,5,10,7,0,0,1,27,1,1,12
3885335,889,2,98,57,9,9,23,-0.00384,0.01102,0.3142,4815,0,0,0,0,0,0,853,112,1083,23,6,2,12,1,1,2,1,33,2,5,10
3893399,890,2,114,76,10,7,21,-0.00458,0.01284,0.3207,5005,0,0,0,0,0,0,911,97,1040,33,7,3,12,4,1,0,0,39,2,4,9
3901501,891,2,94,60,3,5,26,-0.00505,0.00871,0.3167,4869,0,0,0,0,0,0,962,102,984,22,3,3,12,4,0,0,3,34,0,2,11
3909586,892,2,99,64,7,7,21,-0.00503,0.01101,0.2862,4785,0,0,0,0,0,0,988,97,963,24,3,1,11,4,1,1,1,36,3,5,9
3917669,893,2,96,57,9,4,26,-0.00411,0.00909,0.3464,4751,0,0,0,0,0,0,967,92,989,22,7,2,15,0,0,0,2,35,2,2,9
3925730,894,2,104,69,10,6,19,-0.00475,0.01199,0.2827,4688,0,0,0,0,0,0,851,91,1106,27,9,5,11,3,0,0,0,39,1,1,8
3933799,895,2,96,58,10,6,22,-0.00466,0.01099,0.3375,4583,0,0,0,0,0,0,751,83,1214,18,6,4,6,7,1,0,0,33,3,2,16
3941835,896,2,117,85,8,9,15,-0.00597,0.01216,0.342,4702,0,0,0,0,0,0,937,113,998,38,6,6,7,6,0,0,1,41,2,3,7
3949927,897,2,98,57,7,7,27,-0.0039,0.01021,0.3745,4891,0,0,0,0,0,0,963,182,903,24,4,4,17,4,0,0,1,29,3,3,9
3958020,898,2,95,64,3,6,22,-0.00559,0.01205,0.2764,4853,0,0,0,0,0,0,593,123,1332,18,1,3,7,6,0,0,2,40,2,3,13
3966081,899,2,110,72,7,11,20,-0.00519,0.01175,0.4046,4625,0,0,0,0,0,0,890,157,1001,26,6,6,6,8,0,0,2,38,1,5,12
3974157,900,2,98,63,5,10,20,-0.00471,0.01396,0.4085,4891,0,0,0,0,0,0,875,168,1005,27,3,6,12,4,0,0,0,32,2,4,8
3982231,901,2,104,64,7,7,26,-0.00469,0.01065,0.3693,5017,0,0,0,0,0,0,914,170,964,22,5,5,10,7,1,0,4,35,1,2,12
3990266,902,2,113,82,10,3,18,-0.00585,0.01147,0.3783,4907,0,0,0,0,0,0,904,174,970,28,4,0,11,9,1,0,1,45,5,3,6
3998328,903,2,104,73,6,6,19,-0.00617,0.01119,0.3159,4801,0,0,0,0,0,0,776,119,1153,20,2,2,6,5,0,0,1,48,4,4,12
4006399,904,2,108,70,9,7,22,-0.00392,0.00839,0.2939,4988,0,0,0,0,0,0,753,114,1181,21,6,3,6,3,2,1,2,46,1,3,14
4014481,905,2,107,70,6,10,21,-0.00325,0.01177,0.3055,4444,0,0,0,0,0,0,871,127,1050,25,5,4,10,4,0,0,0,41,1,6,11
4022574,906,2,93,62,2,6,23,-0.00519,0.01021,0.2849,4836,0,0,0,0,0,0,723,101,1224,19,1,2,9,0,0,1,2,43,1,3,12
4030638,907,2,96,63,5,2,26,-0.00399,0.00798,0.2442,4878,0,0,0,0,0,0,695,77,1276,20,4,1,9,4,0,0,1,39,1,1,16
4038726,908,2,98,61,8,3,26,-0.00438,0.0113,0.3103,4922,0,0,0,0,0,0,896,98,1054,18,5,0,12,4,1,0,3,39,2,3,11
4046779,909,2,114,79,8,6,21,-0.0056,0.01199,0.3005,4653,0,0,0,0,0,0,815,80,1153,31,4,4,8,1,0,0,0,47,4,2,13
4054850,910,2,97,59,5,8,25,-0.00385,0.01062,0.2759,4861,0,0,0,0,0,0,897,82,1069,23,4,5,11,2,0,0,1,34,1,3,13
4062940,911,2,99,64,4,4,27,-0.00348,0.00816,0.2868,4809,0,0,0,0,0,0,733,87,1228,17,2,1,12,2,0,0,1,45,2,3,14
4071022,912,2,93,56,10,2,25,-0.00377,0.00934,0.2552,4805,0,0,0,0,0,0,1039,84,925,17,6,1,13,3,0,0,1,36,4,1,11
4079110,913,2,97,66,7,2,22,-0.00437,0.00936,0.3139,4989,0,0,0,0,0,0,860,85,1103,25,5,0,12,1,0,0,0,40,2,2,10
4087156,914,2,108,72,7,9,20,-0.00371,0.01243,0.269,4969,0,0,0,0,0,0,780,101,1167,29,4,5,7,1,1,2,2,42,2,2,11
4095255,915,2,86,52,4,1,29,-0.00456,0.00769,0.2861,4842,0,0,0,0,0,0,1044,95,909,27,4,1,16,2,0,0,2,23,0,0,11
4103298,916,2,118,87,10,5,16,-0.00388,0.01054,0.2518,4391,0,0,0,0,0,0,1004,78,966,38,7,3,9,4,1,0,1,45,2,2,6
4111390,917,2,95,57,7,5,26,-0.00375,0.00941,0.2561,4958,0,0,0,0,0,0,946,67,1035,25,5,4,9,1,0,0,3,31,2,1,14
4119439,918,2,102,70,8,5,19,-0.00482,0.0107,0.2507,4697,0,0,0,0,0,0,1084,66,898,37,7,3,13,1,0,0,0,32,1,2,6
4127502,919,2,107,74,5,7,21,-0.00369,0.01135,0.2135,4689,0,0,0,0,0,0,983,48,1017,36,4,2,11,4,0,0,0,34,1,5,10
4135532,920,2,131,95,8,9,19,-0.00559,0.01232,0.2594,4579,0,0,0,0,0,0,978,58,1012,49,5,6,12,0,0,1,0,46,3,2,7
4143583,921,2,104,77,4,4,19,-0.0047,0.01185,0.1983,4726,0,0,0,0,0,0,920,37,1091,36,3,2,10,0,0,0,0,41,1,2,9
4151642,922,2,105,62,15,10,18,-0.00522,0.01313,0.2193,4538,0,0,0,0,0,0,961,26,1061,36,9,4,10,0,0,1,0,26,6,5,8
4159693,923,2,103,69,9,5,20,-0.00356,0.012,0.2319,4636,0,0,0,0,0,0,958,50,1040,34,8,3,9,1,0,0,0,34,1,2,11
4167762,924,2,102,56,13,9,24,-0.00379,0.01102,0.1682,4487,0,0,0,0,0,0,1031,38,979,30,8,7,12,0,1,0,1,26,4,2,11
4175857,925,2,93,50,14,3,26,-0.0043,0.01,0.2088,4491,0,0,0,0,0,0,1030,67,951,19,8,1,16,0,1,1,1,31,5,1,9
4183931,926,2,101,63,13,4,21,-0.00305,0.01062,0.1933,4433,0,0,0,0,0,0,1213,56,779,28,7,4,16,2,1,0,0,33,5,0,5
4192020,927,2,91,59,3,4,25,-0.00249,0.00956,0.2025,4596,0,0,0,0,0,0,1143,44,861,29,1,1,15,1,0,1,0,29,2,2,10
4200075,928,2,107,74,8,4,21,-0.00379,0.01034,0.2055,4550,0,0,0,0,0,0,1050,46,952,36,7,3,11,1,0,0,2,37,1,1,8
4208069,929,2,127,90,11,6,20,-0.00319,0.01474,0.1984,4585,0,0,0,0,0,0,977,27,1044,48,8,3,10,0,0,0,0,42,3,3,10
4216116,930,2,111,77,9,6,19,-0.00374,0.01048,0.1732,5023,0,0,0,0,0,0,1162,37,849,40,8,2,12,0,0,0,0,37,1,4,7
4224197,931,2,90,52,7,6,25,-0.00365,0.00894,0.1616,4702,0,0,0,0,0,0,1082,22,944,17,5,3,12,0,0,0,0,35,2,3,13
4232255,932,2,112,80,7,6,19,-0.00537,0.01094,0.203,4630,0,0,0,0,0,0,962,25,1061,30,6,3,10,0,0,0,0,50,1,3,9
4240333,933,2,97,64,8,6,19,-0.00437,0.01316,0.1586,4361,0,0,0,0,0,0,1066,11,971,30,5,3,12,0,0,0,0,34,3,3,7
4248392,934,2,114,77,9,5,23,-0.00493,0.01134,0.1679,4726,0,0,0,0,0,0,1036,12,1000,39,8,3,12,0,0,0,0,38,1,2,11
4256472,935,2,95,63,8,3,21,-0.00381,0.01035,0.2208,5020,0,0,0,0,0,0,885,29,1134,32,6,2,9,0,0,0,0,31,2,1,12
4264557,936,2,105,62,11,7,25,-0.00187,0.01009,0.152,4942,0,0,0,0,0,0,1061,19,968,37,7,6,12,0,0,0,1,25,4,1,12
4272620,937,2,109,78,6,7,18,-0.00302,0.0108,0.1576,4843,0,0,0,0,0,0,770,29,1249,32,4,6,7,0,0,0,0,46,2,1,11
4280670,938,2,112,71,11,10,20,-0.00356,0.01485,0.1574,5021,0,0,0,0,0,0,893,35,1120,27,6,5,10,3,0,1,1,41,5,4,9
4288740,939,2,104,71,7,3,23,-0.00155,0.00875,0.1599,4675,0,0,0,0,0,0,1048,25,975,31,5,3,14,0,0,0,0,40,2,0,9
4296831,940,2,98,61,6,8,23,-0.00181,0.01032,0.1983,4794,0,0,0,0,0,0,901,27,1120,31,5,5,10,0,0,0,0,30,1,3,13
4304889,941,2,104,70,8,3,23,-0.00208,0.01024,0.1848,5023,0,0,0,0,0,0,964,37,1047,34,5,3,12,1,1,0,0,35,2,0,11
4312925,942,2,111,80,8,6,17,-0.00444,0.01281,0.1386,4672,0,0,0,0,0,0,863,21,1164,29,5,1,13,0,1,0,0,51,2,5,4
4320977,943,2,122,84,10,6,22,-0.00355,0.01134,0.1199,4842,0,0,0,0,0,0,1057,9,982,48,7,3,10,0,0,0,0,36,3,3,12
4329060,944,2,91,57,8,4,22,-0.00357,0.00872,0.1151,4712,0,0,0,0,0,0,983,11,1054,34,5,2,10,0,0,0,0,23,3,2,12
4337112,945,2,113,68,7,8,30,-0.0039,0.01081,0.1556,4579,0,0,0,0,0,0,877,13,1158,28,4,5,16,0,0,0,0,40,3,3,14
4345174,946,2,102,70,6,6,20,-0.00213,0.00881,0.1368,4749,0,0,0,0,0,0,833,22,1193,34,4,3,7,2,0,0,0,34,2,3,13
4353272,947,2,89,56,5,4,24,-0.00239,0.00751,0.1704,4722,0,0,0,0,0,0,1003,17,1028,24,2,3,16,1,0,0,0,31,3,1,8
4361316,948,2,123,77,13,6,27,-0.0065,0.01195,0.2498,4872,0,0,0,0,0,0,1034,41,973,35,6,5,18,2,0,0,1,40,7,1,8
4369367,949,2,113,79,14,1,19,-0.0034,0.01217,0.1655,4742,0,0,0,0,0,0,919,23,1106,41,11,1,12,1,0,0,1,37,3,0,6
4377442,950,2,102,65,6,10,21,-0.00376,0.01406,0.1619,4377,0,0,0,0,0,0,881,30,1137,37,6,6,11,1,0,0,1,27,0,4,9
4385524,951,2,101,61,8,8,24,-0.00271,0.01136,0.2038,4666,0,0,0,0,0,0,984,27,1037,33,5,4,12,1,0,0,0,27,3,4,12
4393577,952,2,108,77,9,3,19,-0.00466,0.01116,0.1684,5001,0,0,0,0,0,0,1062,27,959,38,7,2,11,1,0,0,0,38,2,1,8
4401605,953,2,122,89,5,11,17,-0.00308,0.01523,0.1627,4717,0,0,0,0,0,0,756,23,1269,48,4,2,7,1,0,0,1,40,1,9,9
4409711,954,2,89,59,3,4,23,-0.00314,0.01064,0.1752,4758,0,0,0,0,0,0,707,22,1319,31,3,1,7,1,0,0,0,27,0,3,16
4417779,955,2,110,82,5,4,19,-0.0039,0.01088,0.1742,4743,0,0,0,0,0,0,691,25,1332,42,2,3,7,1,0,0,0,39,3,1,12
4425831,956,2,112,79,10,3,20,-0.00405,0.01008,0.1823,5209,0,0,0,0,0,0,906,34,1108,39,4,1,13,0,0,0,0,40,6,2,7
4433886,957,2,104,66,10,7,21,-0.00533,0.01096,0.1835,4971,0,0,0,0,0,0,875,23,1150,29,6,6,8,1,0,0,0,36,4,1,13
4441934,958,2,109,69,8,9,23,-0.00386,0.00921,0.2011,4657,0,0,0,0,0,0,1018,39,991,36,6,6,13,0,0,1,1,33,2,2,9
4450025,959,2,102,69,3,7,23,-0.00241,0.01077,0.2039,5073,0,0,0,0,0,0,954,33,1061,34,1,5,13,0,0,0,1,35,2,2,9
4458110,960,2,99,67,6,6,20,-0.00489,0.00971,0.2199,5016,0,0,0,0,0,0,807,46,1195,31,4,5,9,0,0,0,0,36,2,1,11
4466196,961,2,104,70,5,3,26,-0.00262,0.00898,0.1451,4543,0,0,0,0,0,0,720,30,1298,33,3,3,8,1,0,0,1,36,2,0,17
4474230,962,2,112,81,5,8,18,-0.00488,0.01308,0.2164,4775,0,0,0,0,0,0,978,55,1015,35,2,5,8,3,0,0,3,43,3,3,7
4482275,963,2,119,83,8,9,19,-0.0043,0.01265,0.1937,5156,0,0,0,0,0,0,823,38,1187,40,5,4,8,0,0,0,0,43,3,5,11
4490358,964,2,102,65,8,6,23,-0.00439,0.00774,0.1775,4635,0,0,0,0,0,0,886,34,1128,36,5,5,9,0,1,0,0,29,2,1,14
4498436,965,2,100,58,11,7,24,-0.00324,0.0122,0.1393,4724,0,0,0,0,0,0,789,36,1223,27,6,5,10,1,1,0,0,30,4,2,14
4506488,966,2,111,77,6,6,22,-0.00266,0.01121,0.1753,4956,0,0,0,0,0,0,1032,26,990,41,3,4,11,1,0,0,0,35,3,2,11
4514529,967,2,115,77,12,6,20,-0.00339,0.01046,0.2475,5037,0,0,0,0,0,0,1035,53,960,41,9,4,11,0,0,0,1,36,3,2,8
4522607,968,2,95,65,3,4,23,-0.004,0.00864,0.1925,4795,0,0,0,0,0,0,747,55,1246,31,3,3,9,1,0,0,1,33,0,1,13
4530640,969,2,122,87,7,9,19,-0.00415,0.01224,0.2135,4645,0,0,0,0,0,0,995,54,999,46,3,2,8,1,2,0,0,40,2,7,11
4538727,970,2,91,61,9,1,20,-0.00376,0.00904,0.1885,4928,0,0,0,0,0,0,859,45,1144,37,5,0,9,0,0,0,0,24,4,1,11
4546821,971,2,101,62,7,6,26,-0.00397,0.00989,0.2445,4880,0,0,0,0,0,0,960,75,1013,22,4,5,13,0,0,0,0,40,3,1,13
4554889,972,2,101,70,5,5,21,-0.00299,0.0112,0.2218,5032,0,0,0,0,0,0,1047,28,973,36,3,4,12,0,0,0,0,34,2,1,9
4562937,973,2,104,71,9,5,19,-0.00402,0.01049,0.1658,4933,0,0,0,0,0,0,704,26,1318,31,4,2,8,2,1,0,0,38,4,3,11
4571002,974,2,102,61,7,12,22,-0.00571,0.01088,0.1585,4671,0,0,0,0,0,0,733,19,1296,24,3,9,6,1,0,0,0,36,4,3,16
4579057,975,2,105,63,7,11,24,-0.00592,0.01001,0.2142,4730,0,0,0,0,0,0,910,32,1106,30,4,4,13,0,0,0,1,33,3,7,10
4587160,976,2,84,45,8,5,26,-0.00216,0.00767,0.2093,5009,0,0,0,0,0,0,951,20,1077,18,6,4,10,0,0,0,1,27,2,1,15
4595235,977,2,106,67,9,8,22,-0.00509,0.01261,0.18,4894,0,0,0,0,0,0,861,24,1163,30,7,4,11,0,0,0,0,37,2,4,11
4603298,978,2,99,67,6,2,24,-0.0044,0.00863,0.2049,4777,0,0,0,0,0,0,719,24,1305,31,3,2,6,0,0,0,1,36,3,0,17
4611384,979,2,93,60,9,5,19,-0.00297,0.01027,0.2021,4833,0,0,0,0,0,0,971,27,1050,23,6,3,9,0,0,0,1,37,3,2,9
4619432,980,2,120,78,10,12,20,-0.00319,0.01315,0.1744,4999,0,0,0,0,0,0,909,11,1128,33,8,6,10,0,0,0,0,45,2,6,10
4627481,981,2,102,73,5,4,20,-0.00299,0.00942,0.1716,5013,0,0,0,0,0,0,959,14,1075,36,4,2,10,0,0,0,0,37,1,2,10
4635567,982,2,97,60,10,3,24,-0.00415,0.01006,0.174,5100,0,0,0,0,0,0,925,26,1097,34,7,1,9,0,0,0,1,26,3,2,14
4643627,983,2,110,73,9,9,19,-0.00402,0.01228,0.1477,4835,0,0,0,0,0,0,995,6,1047,42,5,5,8,0,0,0,0,31,4,4,11
4651689,984,2,101,64,9,8,20,-0.00338,0.01135,0.1756,4764,0,0,0,0,0,0,891,16,1141,40,5,6,10,0,0,0,0,24,4,2,10
4659720,985,2,136,101,5,14,16,-0.00363,0.01368,0.167,4910,0,0,0,0,0,0,796,10,1242,61,4,7,6,0,0,0,0,40,1,7,10
4667792,986,2,105,66,6,9,24,-0.00388,0.0112,0.1776,4739,0,0,0,0,0,0,876,15,1157,32,5,7,13,1,0,0,0,33,1,2,11
4675864,987,2,101,70,7,4,20,-0.00432,0.01178,0.157,4586,0,0,0,0,0,0,892,18,1138,42,6,2,11,0,0,0,0,28,1,2,9
4683955,988,2,100,62,8,6,24,-0.00394,0.01048,0.1602,4971,0,0,0,0,0,0,1062,18,968,37,6,5,15,0,0,0,0,25,2,1,9
4692038,989,2,100,68,8,4,20,-0.00486,0.00998,0.1175,4831,0,0,0,0,0,0,844,18,1186,40,7,3,7,0,0,0,0,28,1,1,13
4700104,990,2,102,61,10,9,22,-0.00473,0.01017,0.1568,5079,0,0,0,0,0,0,959,16,1073,29,7,7,10,0,0,0,1,32,3,2,11
4708176,991,2,93,56,7,8,22,-0.00349,0.01245,0.1685,4446,0,0,0,0,0,0,908,12,1128,24,6,5,10,1,0,0,0,31,1,3,12
4716244,992,2,101,66,9,3,23,-0.00484,0.01107,0.1574,4965,0,0,0,0,0,0,782,8,1258,32,4,2,9,0,0,0,0,34,5,1,14
4724311,993,2,106,64,12,9,21,-0.00348,0.01033,0.1649,4788,0,0,0,0,0,0,965,9,1074,32,9,6,9,0,0,0,0,32,3,3,12
4732341,994,2,121,84,9,5,23,-0.00323,0.01102,0.1269,4667,0,0,0,0,0,0,1067,12,969,54,5,3,11,0,0,0,0,30,4,2,12
4740398,995,2,101,63,10,5,23,-0.00507,0.01223,0.1331,4464,0,0,0,0,0,0,960,15,1073,40,7,3,11,0,0,0,0,23,3,2,12
4748426,996,2,124,81,14,10,19,-0.00381,0.01446,0.1551,4550,0,0,0,0,0,0,912,3,1133,41,11,5,9,0,0,0,0,40,3,5,10
4756467,997,2,120,91,6,12,11,-0.00386,0.01293,0.1703,4894,0,0,0,0,0,0,1070,10,968,56,4,8,6,0,0,0,0,35,2,4,5
4764531,998,2,114,79,6,9,20,-0.00511,0.01388,0.2058,4852,0,0,0,0,0,0,1183,21,844,50,5,9,11,0,0,0,0,29,1,0,9
4772596,999,2,114,79,4,10,21,-0.00378,0.01258,0.1503,4791,0,0,0,0,0,0,778,13,1257,43,3,3,13,0,0,0,0,36,1,7,8
4780631,1000,2,122,84,11,8,19,-0.00337,0.01358,0.171,5011,0,0,0,0,0,0,1039,19,990,58,9,5,9,0,0,0,0,26,2,3,10
4788713,1001,2,108,73,6,8,21,-0.0054,0.01211,0.159,5031,0,0,0,0,0,0,947,9,1092,48,4,7,9,1,0,0,0,24,2,1,12
4796767,1002,2,108,74,7,7,20,-0.00363,0.01131,0.17,5047,0,0,0,0,0,0,1222,16,810,50,6,5,11,0,0,0,0,24,1,2,9
4804776,1003,2,133,97,11,11,14,-0.00489,0.01297,0.1785,5138,0,0,0,0,0,0,1194,8,846,66,7,9,10,0,0,0,0,31,4,2,4
4812849,1004,2,97,62,6,9,20,-0.00491,0.01165,0.1637,5152,0,0,0,0,0,0,965,13,1070,37,5,6,11,0,0,0,0,25,1,3,9
4820961,1005,2,81,45,8,2,26,-0.00422,0.00925,0.1382,4885,0,0,0,0,0,0,929,6,1113,27,7,2,13,0,0,0,0,18,1,0,13
4829040,1006,2,94,62,7,5,20,-0.004,0.01014,0.188,4891,0,0,0,0,0,0,932,4,1112,36,3,3,8,0,1,0,0,26,3,2,12
4837094,1007,2,118,71,14,9,24,-0.00604,0.01466,0.181,5308,0,0,0,0,0,0,826,8,1214,40,9,6,11,0,0,0,0,31,5,3,13
4845167,1008,2,100,55,13,8,24,-0.00671,0.01236,0.227,5133,0,0,0,0,0,0,1015,15,1018,30,8,7,14,0,1,0,1,25,4,1,9
4853197,1009,2,113,81,8,8,16,-0.00503,0.0141,0.1765,4650,0,0,0,0,0,0,1020,5,1023,50,5,7,10,0,0,0,0,31,3,1,6
4861288,1010,2,98,62,9,3,24,-0.00347,0.01229,0.1451,5194,0,0,0,0,0,0,910,6,1132,35,7,2,10,0,0,0,0,27,2,1,14
4869358,1011,2,101,70,6,5,20,-0.00612,0.00951,0.1684,5077,0,0,0,0,0,0,929,6,1113,40,4,5,11,0,0,0,0,30,2,0,9
4877396,1012,2,116,79,8,4,25,-0.00602,0.01016,0.1748,4992,0,0,0,0,0,0,785,9,1254,43,2,4,15,0,0,0,0,36,6,0,10
4885456,1013,2,112,78,5,7,22,-0.00457,0.01162,0.1494,5165,0,0,0,0,0,0,872,10,1166,42,1,4,10,0,0,0,0,36,4,3,12
4893495,1014,2,116,74,14,8,20,-0.00437,0.01055,0.1922,4556,0,0,0,0,0,0,1032,23,993,40,11,6,13,1,0,0,0,33,3,2,7
4901582,1015,2,95,62,5,4,24,-0.003,0.00981,0.1477,4541,0,0,0,0,0,0,754,13,1281,38,4,4,9,0,0,0,0,24,1,0,15
4909628,1016,2,116,87,7,3,19,-0.00288,0.00999,0.1709,5015,0,0,0,0,0,0,813,13,1222,39,3,2,8,0,0,0,1,48,4,1,10
4917735,1017,2,90,52,7,7,24,-0.0046,0.00847,0.1726,4853,0,0,0,0,0,0,1013,14,1021,28,4,3,16,0,0,0,0,24,3,4,8
4925780,1018,2,115,69,13,7,26,-0.00481,0.00966,0.1243,4800,0,0,0,0,0,0,708,1,1339,31,7,5,10,0,0,0,0,38,6,2,16
4933831,1019,2,108,70,11,8,19,-0.00548,0.01013,0.164,5314,0,0,0,0,0,0,863,13,1172,39,6,5,6,0,0,0,0,31,5,3,13
4941914,1020,2,107,64,11,7,25,-0.00275,0.01079,0.1405,5159,0,0,0,0,0,0,761,6,1281,30,9,3,12,0,0,0,0,34,2,4,13
4949994,1021,2,105,76,6,2,21,-0.00396,0.01065,0.1523,4794,0,0,0,0,0,0,766,4,1278,36,5,2,8,0,0,0,1,40,1,0,12
4958050,1022,2,110,76,10,5,19,-0.00273,0.01265,0.1552,4890,0,0,0,0,0,0,756,4,1288,39,6,2,11,0,0,0,0,37,4,3,8
4966134,1023,2,91,53,9,5,24,-0.00337,0.00914,0.1449,4883,0,0,0,0,0,0,884,1,1163,29,5,5,10,0,0,0,0,24,4,0,14
4974153,1024,2,123,86,13,7,17,-0.00351,0.01443,0.1179,4693,0,0,0,0,0,0,902,6,1140,49,6,4,10,0,0,0,0,37,7,3,7
4982209,1025,2,102,63,7,9,23,-0.00456,0.01222,0.1232,4631,0,0,0,0,0,0,860,2,1186,25,4,8,8,0,0,0,0,38,3,1,15
4990254,1026,2,123,88,9,4,22,-0.00409,0.00998,0.1343,4563,0,0,0,0,0,0,818,6,1224,34,6,1,11,0,0,0,0,54,3,3,11
4998334,1027,2,103,68,9,2,24,-0.00281,0.01125,0.1549,5091,0,0,0,0,0,0,776,10,1262,23,5,1,9,0,0,0,1,45,4,1,14
5006418,1028,2,106,71,7,3,25,-0.00253,0.00859,0.1465,4999,0,0,0,0,0,0,716,6,1326,33,5,2,8,0,0,0,0,38,2,1,17
