global_step,update,phase,episodes,success,lava,ball,timeout,pg_loss,v_loss,entropy,sps,sub_navigate_n,sub_navigate_success,sub_hazard_n,sub_hazard_success,sub_key_door_n,sub_key_door_success,choose_navigate,choose_hazard,choose_key_door,success_under_navigate,lava_under_navigate,ball_under_navigate,timeout_under_navigate,success_under_hazard,lava_under_hazard,ball_under_hazard,timeout_under_hazard,success_under_key_door,lava_under_key_door,ball_under_key_door,timeout_under_key_door
2048,1,0,3,0,3,0,0,-0.00026,0.00053,1.9459,3299,0,0,0,0,0,0,0,0,0,0,0,0,0,0,0,0,0,0,0,0,0
4096,2,0,17,0,4,0,13,-0.00033,0.00058,1.9457,3273,0,0,0,0,0,0,0,0,0,0,0,0,0,0,0,0,0,0,0,0,0
6144,3,0,5,0,3,0,2,-0.00065,0.00077,1.9436,3304,0,0,0,0,0,0,0,0,0,0,0,0,0,0,0,0,0,0,0,0,0
8192,4,0,19,0,5,0,14,-0.00158,0.0007,1.9277,3229,0,0,0,0,0,0,0,0,0,0,0,0,0,0,0,0,0,0,0,0,0
10240,5,0,15,0,3,0,12,-0.00064,0.00056,1.9354,3078,0,0,0,0,0,0,0,0,0,0,0,0,0,0,0,0,0,0,0,0,0
12288,6,0,6,0,3,0,3,-0.00205,0.00082,1.929,3145,0,0,0,0,0,0,0,0,0,0,0,0,0,0,0,0,0,0,0,0,0
14336,7,0,14,0,4,0,10,-0.00041,0.00045,1.93,3312,0,0,0,0,0,0,0,0,0,0,0,0,0,0,0,0,0,0,0,0,0
16384,8,0,14,0,1,0,13,-0.00153,0.00056,1.9142,3231,0,0,0,0,0,0,0,0,0,0,0,0,0,0,0,0,0,0,0,0,0
18432,9,0,11,0,4,0,7,-0.00198,0.00074,1.8911,3004,0,0,0,0,0,0,0,0,0,0,0,0,0,0,0,0,0,0,0,0,0
20480,10,0,11,0,2,0,9,-0.00266,0.00083,1.8383,2936,0,0,0,0,0,0,0,0,0,0,0,0,0,0,0,0,0,0,0,0,0
22528,11,0,18,0,5,0,13,-0.00163,0.00061,1.8411,3316,0,0,0,0,0,0,0,0,0,0,0,0,0,0,0,0,0,0,0,0,0
24576,12,0,7,0,1,0,6,-0.00443,0.00073,1.8136,3333,0,0,0,0,0,0,0,0,0,0,0,0,0,0,0,0,0,0,0,0,0
26624,13,0,14,0,3,0,11,-0.00066,0.00076,1.8323,2997,0,0,0,0,0,0,0,0,0,0,0,0,0,0,0,0,0,0,0,0,0
28672,14,0,13,0,3,0,10,-0.0031,0.00059,1.8002,3436,0,0,0,0,0,0,0,0,0,0,0,0,0,0,0,0,0,0,0,0,0
30720,15,0,10,0,3,0,7,-0.00248,0.00084,1.755,3239,0,0,0,0,0,0,0,0,0,0,0,0,0,0,0,0,0,0,0,0,0
32768,16,0,12,0,2,0,10,-0.00087,0.0007,1.8278,3252,0,0,0,0,0,0,0,0,0,0,0,0,0,0,0,0,0,0,0,0,0
34816,17,0,14,0,4,0,10,-0.00146,0.0003,1.8718,3112,0,0,0,0,0,0,0,0,0,0,0,0,0,0,0,0,0,0,0,0,0
36864,18,0,12,0,5,0,7,-0.0028,0.00065,1.8519,3346,0,0,0,0,0,0,0,0,0,0,0,0,0,0,0,0,0,0,0,0,0
38912,19,0,11,0,1,0,10,-0.00265,0.00078,1.8131,3258,0,0,0,0,0,0,0,0,0,0,0,0,0,0,0,0,0,0,0,0,0
40960,20,0,15,0,7,0,8,-0.00236,0.00057,1.7354,3141,0,0,0,0,0,0,0,0,0,0,0,0,0,0,0,0,0,0,0,0,0
43008,21,0,15,0,5,0,10,-0.00274,0.00089,1.7533,2898,0,0,0,0,0,0,0,0,0,0,0,0,0,0,0,0,0,0,0,0,0
45056,22,0,11,0,0,0,11,-0.0041,0.00036,1.6128,3034,0,0,0,0,0,0,0,0,0,0,0,0,0,0,0,0,0,0,0,0,0
47104,23,0,13,0,6,0,7,-0.00115,0.00096,1.683,3041,0,0,0,0,0,0,0,0,0,0,0,0,0,0,0,0,0,0,0,0,0
49152,24,0,14,0,3,0,11,2e-05,0.00073,1.7596,3030,0,0,0,0,0,0,0,0,0,0,0,0,0,0,0,0,0,0,0,0,0
51200,25,0,15,0,4,0,11,-0.00058,0.00036,1.7527,3168,0,0,0,0,0,0,0,0,0,0,0,0,0,0,0,0,0,0,0,0,0
53248,26,0,13,0,5,0,8,-0.00235,0.00093,1.7153,3024,0,0,0,0,0,0,0,0,0,0,0,0,0,0,0,0,0,0,0,0,0
55296,27,0,12,0,2,0,10,-0.00417,0.00049,1.6465,3057,0,0,0,0,0,0,0,0,0,0,0,0,0,0,0,0,0,0,0,0,0
57344,28,0,13,0,4,0,9,0.00016,0.00047,1.6566,3031,0,0,0,0,0,0,0,0,0,0,0,0,0,0,0,0,0,0,0,0,0
59392,29,0,18,0,8,0,10,-0.00316,0.00085,1.6255,3239,0,0,0,0,0,0,0,0,0,0,0,0,0,0,0,0,0,0,0,0,0
61440,30,0,16,0,5,0,11,-0.00154,0.00072,1.6281,3202,0,0,0,0,0,0,0,0,0,0,0,0,0,0,0,0,0,0,0,0,0
63488,31,0,12,0,7,0,5,-0.00024,0.00089,1.6709,3132,0,0,0,0,0,0,0,0,0,0,0,0,0,0,0,0,0,0,0,0,0
65536,32,0,14,0,5,0,9,-0.00023,0.00056,1.6396,2935,0,0,0,0,0,0,0,0,0,0,0,0,0,0,0,0,0,0,0,0,0
67584,33,0,15,0,4,0,11,-0.00073,0.00046,1.7088,3013,0,0,0,0,0,0,0,0,0,0,0,0,0,0,0,0,0,0,0,0,0
69632,34,0,8,0,2,0,6,-0.0005,0.001,1.6982,2984,0,0,0,0,0,0,0,0,0,0,0,0,0,0,0,0,0,0,0,0,0
71680,35,0,19,0,7,0,12,-0.00104,0.00097,1.66,3096,0,0,0,0,0,0,0,0,0,0,0,0,0,0,0,0,0,0,0,0,0
73728,36,0,11,0,5,0,6,-0.00126,0.00086,1.637,3281,0,0,0,0,0,0,0,0,0,0,0,0,0,0,0,0,0,0,0,0,0
75776,37,0,12,0,3,0,9,-0.00131,0.00073,1.5312,3346,0,0,0,0,0,0,0,0,0,0,0,0,0,0,0,0,0,0,0,0,0
77824,38,0,15,1,3,0,11,-0.00062,0.00135,1.5744,3072,0,0,0,0,0,0,0,0,0,0,0,0,0,0,0,0,0,0,0,0,0
79872,39,0,13,0,5,0,8,-0.00103,0.00062,1.5654,3052,0,0,0,0,0,0,0,0,0,0,0,0,0,0,0,0,0,0,0,0,0
81920,40,0,13,0,7,1,5,-0.0033,0.00068,1.5334,2809,0,0,0,0,0,0,0,0,0,0,0,0,0,0,0,0,0,0,0,0,0
83968,41,0,16,0,4,0,12,-0.00335,0.00104,1.5781,2785,0,0,0,0,0,0,0,0,0,0,0,0,0,0,0,0,0,0,0,0,0
86016,42,0,11,0,4,0,7,-0.00097,0.00069,1.4201,2780,0,0,0,0,0,0,0,0,0,0,0,0,0,0,0,0,0,0,0,0,0
88064,43,0,11,0,2,0,9,-0.00015,0.00064,1.5575,2757,0,0,0,0,0,0,0,0,0,0,0,0,0,0,0,0,0,0,0,0,0
90112,44,0,18,0,6,0,12,-0.00264,0.00063,1.5426,3204,0,0,0,0,0,0,0,0,0,0,0,0,0,0,0,0,0,0,0,0,0
92160,45,0,12,0,5,0,7,-0.00247,0.00106,1.5239,2921,0,0,0,0,0,0,0,0,0,0,0,0,0,0,0,0,0,0,0,0,0
94208,46,0,13,0,5,0,8,-0.00217,0.00049,1.4956,3018,0,0,0,0,0,0,0,0,0,0,0,0,0,0,0,0,0,0,0,0,0
96256,47,0,15,0,6,0,9,-0.00283,0.00064,1.559,2856,0,0,0,0,0,0,0,0,0,0,0,0,0,0,0,0,0,0,0,0,0
98304,48,0,14,0,4,0,10,-0.00434,0.00036,1.4685,2775,0,0,0,0,0,0,0,0,0,0,0,0,0,0,0,0,0,0,0,0,0
100352,49,0,11,0,1,0,10,-0.00211,0.00111,1.5426,2874,0,0,0,0,0,0,0,0,0,0,0,0,0,0,0,0,0,0,0,0,0
102400,50,0,11,0,5,0,6,-0.00044,0.00079,1.6092,2921,0,0,0,0,0,0,0,0,0,0,0,0,0,0,0,0,0,0,0,0,0
104448,51,0,16,0,3,0,13,-0.00261,0.0011,1.5923,3007,0,0,0,0,0,0,0,0,0,0,0,0,0,0,0,0,0,0,0,0,0
106496,52,0,8,0,2,0,6,-0.00363,0.00042,1.5893,2834,0,0,0,0,0,0,0,0,0,0,0,0,0,0,0,0,0,0,0,0,0
108544,53,0,19,0,8,1,10,-0.00138,0.00096,1.6495,2485,0,0,0,0,0,0,0,0,0,0,0,0,0,0,0,0,0,0,0,0,0
110592,54,0,16,0,6,0,10,-0.00112,0.00067,1.6477,2722,0,0,0,0,0,0,0,0,0,0,0,0,0,0,0,0,0,0,0,0,0
112640,55,0,11,0,5,0,6,-0.00238,0.0006,1.7131,2863,0,0,0,0,0,0,0,0,0,0,0,0,0,0,0,0,0,0,0,0,0
114688,56,0,18,0,10,0,8,-0.00135,0.00095,1.7186,2632,0,0,0,0,0,0,0,0,0,0,0,0,0,0,0,0,0,0,0,0,0
116736,57,0,19,0,8,0,11,-0.00067,0.00067,1.7226,2634,0,0,0,0,0,0,0,0,0,0,0,0,0,0,0,0,0,0,0,0,0
118784,58,0,6,0,2,0,4,-0.00036,0.0006,1.7733,2829,0,0,0,0,0,0,0,0,0,0,0,0,0,0,0,0,0,0,0,0,0
120832,59,0,18,0,5,1,12,-0.00023,0.00105,1.8047,2699,0,0,0,0,0,0,0,0,0,0,0,0,0,0,0,0,0,0,0,0,0
122880,60,0,12,0,2,0,10,2e-05,0.00075,1.8168,3097,0,0,0,0,0,0,0,0,0,0,0,0,0,0,0,0,0,0,0,0,0
124928,61,0,11,0,6,0,5,-0.0045,0.00056,1.7624,3034,0,0,0,0,0,0,0,0,0,0,0,0,0,0,0,0,0,0,0,0,0
126976,62,0,22,0,8,0,14,-0.00206,0.00048,1.7703,2989,0,0,0,0,0,0,0,0,0,0,0,0,0,0,0,0,0,0,0,0,0
129024,63,0,15,0,9,0,6,-0.00372,0.00093,1.7409,3052,0,0,0,0,0,0,0,0,0,0,0,0,0,0,0,0,0,0,0,0,0
131072,64,0,14,0,4,0,10,3e-05,0.00084,1.7615,3063,0,0,0,0,0,0,0,0,0,0,0,0,0,0,0,0,0,0,0,0,0
133120,65,0,12,0,3,0,9,-0.00138,0.00052,1.7513,2967,0,0,0,0,0,0,0,0,0,0,0,0,0,0,0,0,0,0,0,0,0
135168,66,0,14,0,5,0,9,-0.00247,0.00064,1.7615,3227,0,0,0,0,0,0,0,0,0,0,0,0,0,0,0,0,0,0,0,0,0
137216,67,0,13,0,3,0,10,-0.00304,0.00132,1.6861,3066,0,0,0,0,0,0,0,0,0,0,0,0,0,0,0,0,0,0,0,0,0
139264,68,0,11,0,2,0,9,-0.00159,0.00059,1.5933,3181,0,0,0,0,0,0,0,0,0,0,0,0,0,0,0,0,0,0,0,0,0
141312,69,0,9,0,2,0,7,-0.00179,0.00064,1.7183,2998,0,0,0,0,0,0,0,0,0,0,0,0,0,0,0,0,0,0,0,0,0
143360,70,0,19,0,9,0,10,-0.00011,0.00081,1.7322,3030,0,0,0,0,0,0,0,0,0,0,0,0,0,0,0,0,0,0,0,0,0
145408,71,0,7,0,0,0,7,-0.00065,0.00079,1.7378,3037,0,0,0,0,0,0,0,0,0,0,0,0,0,0,0,0,0,0,0,0,0
147456,72,0,14,0,4,0,10,-0.00159,0.00073,1.75,3104,0,0,0,0,0,0,0,0,0,0,0,0,0,0,0,0,0,0,0,0,0
149504,73,0,18,1,6,1,10,-0.00305,0.00167,1.7593,2947,0,0,0,0,0,0,0,0,0,0,0,0,0,0,0,0,0,0,0,0,0
151552,74,0,9,0,3,1,5,-0.00138,0.00113,1.7982,2941,0,0,0,0,0,0,0,0,0,0,0,0,0,0,0,0,0,0,0,0,0
153600,75,0,17,0,7,1,9,-0.00097,0.00098,1.8146,2832,0,0,0,0,0,0,0,0,0,0,0,0,0,0,0,0,0,0,0,0,0
155648,76,0,12,1,1,0,10,-0.00113,0.00173,1.8278,2848,0,0,0,0,0,0,0,0,0,0,0,0,0,0,0,0,0,0,0,0,0
157696,77,0,11,0,3,0,8,-0.00176,0.00095,1.7541,2964,0,0,0,0,0,0,0,0,0,0,0,0,0,0,0,0,0,0,0,0,0
159744,78,0,16,0,6,0,10,-0.00093,0.00072,1.7889,2876,0,0,0,0,0,0,0,0,0,0,0,0,0,0,0,0,0,0,0,0,0
161792,79,0,13,0,6,0,7,-0.00068,0.00077,1.7717,2874,0,0,0,0,0,0,0,0,0,0,0,0,0,0,0,0,0,0,0,0,0
163840,80,0,17,1,4,0,12,-0.00135,0.0013,1.7655,2905,0,0,0,0,0,0,0,0,0,0,0,0,0,0,0,0,0,0,0,0,0
165888,81,0,9,0,4,0,5,-0.00102,0.00081,1.7058,2883,0,0,0,0,0,0,0,0,0,0,0,0,0,0,0,0,0,0,0,0,0
167936,82,0,17,0,5,1,11,-0.00128,0.00085,1.6858,2843,0,0,0,0,0,0,0,0,0,0,0,0,0,0,0,0,0,0,0,0,0
169984,83,0,13,0,2,0,11,-0.00162,0.0007,1.7258,2928,0,0,0,0,0,0,0,0,0,0,0,0,0,0,0,0,0,0,0,0,0
172032,84,0,9,0,5,0,4,-0.00085,0.00087,1.7406,2932,0,0,0,0,0,0,0,0,0,0,0,0,0,0,0,0,0,0,0,0,0
174080,85,0,17,0,5,0,12,-0.0043,0.00094,1.7657,3015,0,0,0,0,0,0,0,0,0,0,0,0,0,0,0,0,0,0,0,0,0
176128,86,0,13,0,5,0,8,-0.0004,0.00063,1.7383,3113,0,0,0,0,0,0,0,0,0,0,0,0,0,0,0,0,0,0,0,0,0
178176,87,0,10,0,4,0,6,-0.00179,0.0008,1.6892,2943,0,0,0,0,0,0,0,0,0,0,0,0,0,0,0,0,0,0,0,0,0
180224,88,0,13,0,2,0,11,-0.001,0.00105,1.6949,2858,0,0,0,0,0,0,0,0,0,0,0,0,0,0,0,0,0,0,0,0,0
182272,89,0,12,0,2,0,10,-0.00067,0.00076,1.7015,2868,0,0,0,0,0,0,0,0,0,0,0,0,0,0,0,0,0,0,0,0,0
184320,90,0,11,0,2,0,9,-0.00014,0.00046,1.7011,2887,0,0,0,0,0,0,0,0,0,0,0,0,0,0,0,0,0,0,0,0,0
186368,91,0,13,0,3,0,10,-0.00101,0.0008,1.7388,2917,0,0,0,0,0,0,0,0,0,0,0,0,0,0,0,0,0,0,0,0,0
188416,92,0,11,0,4,0,7,-0.00211,0.00095,1.7072,2986,0,0,0,0,0,0,0,0,0,0,0,0,0,0,0,0,0,0,0,0,0
190464,93,0,13,0,6,1,6,-0.00013,0.00068,1.7248,3063,0,0,0,0,0,0,0,0,0,0,0,0,0,0,0,0,0,0,0,0,0
192512,94,0,13,0,1,1,11,-0.00075,0.00084,1.7201,2697,0,0,0,0,0,0,0,0,0,0,0,0,0,0,0,0,0,0,0,0,0
194560,95,0,9,0,1,0,8,-0.00092,0.00039,1.7062,2653,0,0,0,0,0,0,0,0,0,0,0,0,0,0,0,0,0,0,0,0,0
196608,96,0,15,1,4,0,10,-0.00055,0.00169,1.6825,2869,0,0,0,0,0,0,0,0,0,0,0,0,0,0,0,0,0,0,0,0,0
198656,97,0,15,0,4,0,11,-0.00036,0.00091,1.711,2949,0,0,0,0,0,0,0,0,0,0,0,0,0,0,0,0,0,0,0,0,0
200704,98,0,10,0,2,0,8,-0.00619,0.00029,1.6518,2847,0,0,0,0,0,0,0,0,0,0,0,0,0,0,0,0,0,0,0,0,0
202752,99,0,10,0,3,0,7,-0.00137,0.00113,1.6932,2896,0,0,0,0,0,0,0,0,0,0,0,0,0,0,0,0,0,0,0,0,0
204800,100,0,15,0,3,0,12,-0.00097,0.00092,1.7119,2821,0,0,0,0,0,0,0,0,0,0,0,0,0,0,0,0,0,0,0,0,0
206848,101,0,11,0,3,0,8,-0.00267,0.00058,1.6592,2735,0,0,0,0,0,0,0,0,0,0,0,0,0,0,0,0,0,0,0,0,0
208896,102,0,12,0,2,0,10,-8e-05,0.00063,1.6827,3043,0,0,0,0,0,0,0,0,0,0,0,0,0,0,0,0,0,0,0,0,0
210944,103,0,15,1,5,0,9,-0.00128,0.00185,1.6338,2957,0,0,0,0,0,0,0,0,0,0,0,0,0,0,0,0,0,0,0,0,0
212992,104,0,9,0,0,0,9,-0.00129,0.00078,1.6626,2692,0,0,0,0,0,0,0,0,0,0,0,0,0,0,0,0,0,0,0,0,0
215040,105,0,20,0,7,1,12,-0.00227,0.00089,1.6156,2604,0,0,0,0,0,0,0,0,0,0,0,0,0,0,0,0,0,0,0,0,0
217088,106,0,7,0,1,0,6,-0.00337,0.00048,1.6378,3025,0,0,0,0,0,0,0,0,0,0,0,0,0,0,0,0,0,0,0,0,0
219136,107,0,19,0,7,0,12,-0.00252,0.00075,1.5777,2939,0,0,0,0,0,0,0,0,0,0,0,0,0,0,0,0,0,0,0,0,0
221184,108,0,13,0,4,0,9,-0.00085,0.00058,1.6235,2907,0,0,0,0,0,0,0,0,0,0,0,0,0,0,0,0,0,0,0,0,0
223232,109,0,11,0,4,0,7,-0.00064,0.00087,1.6399,3058,0,0,0,0,0,0,0,0,0,0,0,0,0,0,0,0,0,0,0,0,0
225280,110,0,15,0,5,0,10,-0.00155,0.00056,1.6043,2623,0,0,0,0,0,0,0,0,0,0,0,0,0,0,0,0,0,0,0,0,0
227328,111,0,11,0,3,1,7,-0.00181,0.00093,1.5794,2610,0,0,0,0,0,0,0,0,0,0,0,0,0,0,0,0,0,0,0,0,0
229376,112,0,15,0,4,0,11,-0.00062,0.00067,1.5996,2792,0,0,0,0,0,0,0,0,0,0,0,0,0,0,0,0,0,0,0,0,0
231424,113,0,12,0,4,0,8,-0.00204,0.00052,1.6687,2808,0,0,0,0,0,0,0,0,0,0,0,0,0,0,0,0,0,0,0,0,0
233472,114,0,19,0,8,1,10,-0.0024,0.00103,1.6319,2841,0,0,0,0,0,0,0,0,0,0,0,0,0,0,0,0,0,0,0,0,0
235520,115,0,14,1,3,0,10,-0.00107,0.00079,1.6727,2740,0,0,0,0,0,0,0,0,0,0,0,0,0,0,0,0,0,0,0,0,0
237568,116,0,11,0,4,0,7,-0.00194,0.00071,1.6778,2742,0,0,0,0,0,0,0,0,0,0,0,0,0,0,0,0,0,0,0,0,0
239616,117,0,15,0,6,0,9,-0.00162,0.00045,1.6657,2971,0,0,0,0,0,0,0,0,0,0,0,0,0,0,0,0,0,0,0,0,0
241664,118,0,12,1,3,0,8,-0.002,0.00161,1.6757,2939,0,0,0,0,0,0,0,0,0,0,0,0,0,0,0,0,0,0,0,0,0
243712,119,0,13,0,3,0,10,-0.00214,0.00064,1.6784,2698,0,0,0,0,0,0,0,0,0,0,0,0,0,0,0,0,0,0,0,0,0
245760,120,0,14,0,5,0,9,-0.00398,0.00065,1.6795,2758,0,0,0,0,0,0,0,0,0,0,0,0,0,0,0,0,0,0,0,0,0
247808,121,0,14,0,7,0,7,-0.00307,0.00073,1.7239,2737,0,0,0,0,0,0,0,0,0,0,0,0,0,0,0,0,0,0,0,0,0
249856,122,0,13,0,4,0,9,-0.00071,0.00074,1.7232,2871,0,0,0,0,0,0,0,0,0,0,0,0,0,0,0,0,0,0,0,0,0
251904,123,0,14,0,4,0,10,-0.00362,0.00078,1.7426,3078,0,0,0,0,0,0,0,0,0,0,0,0,0,0,0,0,0,0,0,0,0
253952,124,0,9,0,2,0,7,-0.00233,0.00062,1.7117,3058,0,0,0,0,0,0,0,0,0,0,0,0,0,0,0,0,0,0,0,0,0
256000,125,0,20,0,10,2,8,-0.00314,0.00126,1.756,2967,0,0,0,0,0,0,0,0,0,0,0,0,0,0,0,0,0,0,0,0,0
258048,126,0,11,1,1,0,9,-0.00264,0.00058,1.7961,2864,0,0,0,0,0,0,0,0,0,0,0,0,0,0,0,0,0,0,0,0,0
260096,127,0,12,0,4,0,8,-0.00342,0.00055,1.7463,2752,0,0,0,0,0,0,0,0,0,0,0,0,0,0,0,0,0,0,0,0,0
262144,128,0,15,0,5,0,10,-0.00337,0.00089,1.7674,2830,0,0,0,0,0,0,0,0,0,0,0,0,0,0,0,0,0,0,0,0,0
264192,129,0,10,0,4,0,6,-0.00474,0.00085,1.7629,2643,0,0,0,0,0,0,0,0,0,0,0,0,0,0,0,0,0,0,0,0,0
266240,130,0,22,0,10,0,12,-0.00256,0.00112,1.8172,2864,0,0,0,0,0,0,0,0,0,0,0,0,0,0,0,0,0,0,0,0,0
268288,131,0,9,0,4,0,5,-0.00374,0.00033,1.8727,2934,0,0,0,0,0,0,0,0,0,0,0,0,0,0,0,0,0,0,0,0,0
270336,132,0,13,0,6,0,7,-0.00373,0.00066,1.8345,3028,0,0,0,0,0,0,0,0,0,0,0,0,0,0,0,0,0,0,0,0,0
272384,133,0,18,0,5,0,13,-0.00229,0.00076,1.8496,2845,0,0,0,0,0,0,0,0,0,0,0,0,0,0,0,0,0,0,0,0,0
274432,134,0,12,0,3,0,9,-0.00216,0.0007,1.9051,2586,0,0,0,0,0,0,0,0,0,0,0,0,0,0,0,0,0,0,0,0,0
276480,135,0,12,0,6,0,6,-0.00301,0.00073,1.8883,2841,0,0,0,0,0,0,0,0,0,0,0,0,0,0,0,0,0,0,0,0,0
278528,136,0,13,0,3,0,10,-0.00301,0.00083,1.88,2909,0,0,0,0,0,0,0,0,0,0,0,0,0,0,0,0,0,0,0,0,0
280576,137,0,17,0,8,0,9,-0.00149,0.00058,1.8931,2952,0,0,0,0,0,0,0,0,0,0,0,0,0,0,0,0,0,0,0,0,0
282624,138,0,8,0,4,0,4,-0.0031,0.00064,1.8812,2909,0,0,0,0,0,0,0,0,0,0,0,0,0,0,0,0,0,0,0,0,0
284672,139,0,15,0,3,0,12,-0.00384,0.00063,1.8592,2650,0,0,0,0,0,0,0,0,0,0,0,0,0,0,0,0,0,0,0,0,0
286720,140,0,15,0,4,1,10,-0.00318,0.00089,1.8713,2658,0,0,0,0,0,0,0,0,0,0,0,0,0,0,0,0,0,0,0,0,0
288768,141,0,11,0,6,0,5,-0.00341,0.00055,1.8251,2685,0,0,0,0,0,0,0,0,0,0,0,0,0,0,0,0,0,0,0,0,0
290816,142,0,17,0,6,0,11,-0.00331,0.00072,1.7953,2730,0,0,0,0,0,0,0,0,0,0,0,0,0,0,0,0,0,0,0,0,0
292864,143,0,9,0,1,1,7,-0.00058,0.00071,1.7962,2305,0,0,0,0,0,0,0,0,0,0,0,0,0,0,0,0,0,0,0,0,0
294912,144,0,14,0,4,0,10,-0.00357,0.00082,1.7804,2565,0,0,0,0,0,0,0,0,0,0,0,0,0,0,0,0,0,0,0,0,0
296960,145,0,13,0,5,0,8,-0.00511,0.00032,1.7879,2681,0,0,0,0,0,0,0,0,0,0,0,0,0,0,0,0,0,0,0,0,0
299008,146,0,8,0,1,0,7,-0.00324,0.00077,1.7642,2874,0,0,0,0,0,0,0,0,0,0,0,0,0,0,0,0,0,0,0,0,0
301056,147,0,17,0,5,0,12,-0.00134,0.00087,1.8381,2890,0,0,0,0,0,0,0,0,0,0,0,0,0,0,0,0,0,0,0,0,0
303104,148,0,13,0,5,0,8,-0.00212,0.00057,1.8263,2995,0,0,0,0,0,0,0,0,0,0,0,0,0,0,0,0,0,0,0,0,0
305152,149,0,11,0,4,0,7,-0.00307,0.00051,1.8417,2807,0,0,0,0,0,0,0,0,0,0,0,0,0,0,0,0,0,0,0,0,0
307200,150,0,15,0,3,0,12,-0.00362,0.00082,1.7362,2616,0,0,0,0,0,0,0,0,0,0,0,0,0,0,0,0,0,0,0,0,0
309248,151,0,12,0,4,0,8,-0.0053,0.00052,1.7291,2623,0,0,0,0,0,0,0,0,0,0,0,0,0,0,0,0,0,0,0,0,0
311296,152,0,15,0,7,0,8,-0.00361,0.00084,1.747,2647,0,0,0,0,0,0,0,0,0,0,0,0,0,0,0,0,0,0,0,0,0
313344,153,0,10,0,2,1,7,-0.00307,0.00065,1.7879,2783,0,0,0,0,0,0,0,0,0,0,0,0,0,0,0,0,0,0,0,0,0
315392,154,0,14,0,4,0,10,-0.00301,0.0008,1.7659,2813,0,0,0,0,0,0,0,0,0,0,0,0,0,0,0,0,0,0,0,0,0
317440,155,0,19,0,8,0,11,-0.00389,0.0009,1.8064,2923,0,0,0,0,0,0,0,0,0,0,0,0,0,0,0,0,0,0,0,0,0
319488,156,0,11,0,3,0,8,-0.00305,0.00084,1.7918,2934,0,0,0,0,0,0,0,0,0,0,0,0,0,0,0,0,0,0,0,0,0
321536,157,0,14,0,6,0,8,-0.00311,0.00072,1.762,2794,0,0,0,0,0,0,0,0,0,0,0,0,0,0,0,0,0,0,0,0,0
323584,158,0,13,0,3,0,10,-0.00276,0.00065,1.8002,2421,0,0,0,0,0,0,0,0,0,0,0,0,0,0,0,0,0,0,0,0,0
325632,159,0,15,0,5,0,10,-0.00244,0.00067,1.7849,2956,0,0,0,0,0,0,0,0,0,0,0,0,0,0,0,0,0,0,0,0,0
327680,160,0,9,0,1,1,7,-0.00311,0.00101,1.7786,2918,0,0,0,0,0,0,0,0,0,0,0,0,0,0,0,0,0,0,0,0,0
329728,161,0,13,0,3,0,10,-0.00273,0.00071,1.7454,2713,0,0,0,0,0,0,0,0,0,0,0,0,0,0,0,0,0,0,0,0,0
331776,162,0,15,0,5,0,10,-0.00293,0.00115,1.7251,3056,0,0,0,0,0,0,0,0,0,0,0,0,0,0,0,0,0,0,0,0,0
333824,163,0,11,0,3,1,7,-0.00274,0.00074,1.779,2866,0,0,0,0,0,0,0,0,0,0,0,0,0,0,0,0,0,0,0,0,0
335872,164,0,11,0,3,0,8,-0.00261,0.00071,1.7714,2831,0,0,0,0,0,0,0,0,0,0,0,0,0,0,0,0,0,0,0,0,0
337920,165,0,17,0,6,1,10,-0.00322,0.0009,1.7146,2795,0,0,0,0,0,0,0,0,0,0,0,0,0,0,0,0,0,0,0,0,0
339968,166,0,16,1,7,0,8,-0.00251,0.0012,1.7196,2698,0,0,0,0,0,0,0,0,0,0,0,0,0,0,0,0,0,0,0,0,0
342016,167,0,12,0,6,1,5,-0.00112,0.00108,1.6275,2677,0,0,0,0,0,0,0,0,0,0,0,0,0,0,0,0,0,0,0,0,0
344064,168,0,16,0,7,0,9,-0.00276,0.00082,1.738,2379,0,0,0,0,0,0,0,0,0,0,0,0,0,0,0,0,0,0,0,0,0
346112,169,0,12,0,3,0,9,-0.00142,0.00094,1.6887,2433,0,0,0,0,0,0,0,0,0,0,0,0,0,0,0,0,0,0,0,0,0
348160,170,0,11,0,4,0,7,-0.00168,0.00082,1.699,2941,0,0,0,0,0,0,0,0,0,0,0,0,0,0,0,0,0,0,0,0,0
350208,171,0,17,0,9,0,8,-0.00275,0.00076,1.6784,2758,0,0,0,0,0,0,0,0,0,0,0,0,0,0,0,0,0,0,0,0,0
352256,172,0,15,0,5,0,10,-0.00384,0.0009,1.6609,2562,0,0,0,0,0,0,0,0,0,0,0,0,0,0,0,0,0,0,0,0,0
354304,173,0,11,0,3,0,8,-0.00297,0.00049,1.7445,2705,0,0,0,0,0,0,0,0,0,0,0,0,0,0,0,0,0,0,0,0,0
356352,174,0,12,1,4,0,7,-0.0019,0.00088,1.7033,2516,0,0,0,0,0,0,0,0,0,0,0,0,0,0,0,0,0,0,0,0,0
358400,175,0,14,0,4,1,9,-0.00341,0.00077,1.6747,2697,0,0,0,0,0,0,0,0,0,0,0,0,0,0,0,0,0,0,0,0,0
360448,176,0,13,0,6,0,7,-0.00676,0.0009,1.5763,2799,0,0,0,0,0,0,0,0,0,0,0,0,0,0,0,0,0,0,0,0,0
362496,177,0,14,1,4,1,8,-0.00422,0.00163,1.6098,3055,0,0,0,0,0,0,0,0,0,0,0,0,0,0,0,0,0,0,0,0,0
364544,178,0,14,0,4,1,9,-0.00389,0.00104,1.6407,2798,0,0,0,0,0,0,0,0,0,0,0,0,0,0,0,0,0,0,0,0,0
366592,179,0,16,1,5,1,9,-0.0019,0.00146,1.6621,2793,0,0,0,0,0,0,0,0,0,0,0,0,0,0,0,0,0,0,0,0,0
368640,180,0,12,0,4,0,8,-0.00318,0.00087,1.6406,2714,0,0,0,0,0,0,0,0,0,0,0,0,0,0,0,0,0,0,0,0,0
370688,181,0,12,0,3,0,9,-0.00341,0.00085,1.6718,2152,0,0,0,0,0,0,0,0,0,0,0,0,0,0,0,0,0,0,0,0,0
372736,182,0,16,1,6,1,8,-0.00367,0.00122,1.6649,1822,0,0,0,0,0,0,0,0,0,0,0,0,0,0,0,0,0,0,0,0,0
374784,183,0,10,0,2,1,7,-0.00443,0.00107,1.614,2502,0,0,0,0,0,0,0,0,0,0,0,0,0,0,0,0,0,0,0,0,0
376832,184,0,16,0,7,1,8,-0.00611,0.00119,1.692,2780,0,0,0,0,0,0,0,0,0,0,0,0,0,0,0,0,0,0,0,0,0
378880,185,0,15,0,6,0,9,-0.00375,0.00096,1.6507,2692,0,0,0,0,0,0,0,0,0,0,0,0,0,0,0,0,0,0,0,0,0
380928,186,0,9,0,2,0,7,0.0008,0.00125,1.6341,2996,0,0,0,0,0,0,0,0,0,0,0,0,0,0,0,0,0,0,0,0,0
382976,187,0,16,1,5,0,10,-0.00433,0.00093,1.7081,2607,0,0,0,0,0,0,0,0,0,0,0,0,0,0,0,0,0,0,0,0,0
385024,188,0,10,0,3,0,7,-0.00484,0.0007,1.7023,2990,0,0,0,0,0,0,0,0,0,0,0,0,0,0,0,0,0,0,0,0,0
387072,189,0,13,0,2,0,11,-0.00258,0.00081,1.736,2882,0,0,0,0,0,0,0,0,0,0,0,0,0,0,0,0,0,0,0,0,0
389120,190,0,14,0,4,1,9,-0.00441,0.00099,1.7849,2601,0,0,0,0,0,0,0,0,0,0,0,0,0,0,0,0,0,0,0,0,0
391168,191,0,14,0,3,0,11,-0.00428,0.00063,1.7912,2714,0,0,0,0,0,0,0,0,0,0,0,0,0,0,0,0,0,0,0,0,0
393216,192,0,7,1,1,0,5,-0.00222,0.00133,1.7598,2423,0,0,0,0,0,0,0,0,0,0,0,0,0,0,0,0,0,0,0,0,0
395264,193,0,19,1,4,1,13,-0.00471,0.00222,1.7735,2972,0,0,0,0,0,0,0,0,0,0,0,0,0,0,0,0,0,0,0,0,0
397312,194,0,11,0,2,1,8,-0.00595,0.0011,1.7525,2861,0,0,0,0,0,0,0,0,0,0,0,0,0,0,0,0,0,0,0,0,0
399360,195,0,17,0,6,1,10,-0.00225,0.00098,1.7019,2971,0,0,0,0,0,0,0,0,0,0,0,0,0,0,0,0,0,0,0,0,0
401408,196,0,11,0,4,1,6,-0.00586,0.00075,1.6109,3064,0,0,0,0,0,0,0,0,0,0,0,0,0,0,0,0,0,0,0,0,0
403456,197,0,15,0,3,2,10,-0.00166,0.00105,1.6016,2970,0,0,0,0,0,0,0,0,0,0,0,0,0,0,0,0,0,0,0,0,0
405504,198,0,16,1,4,3,8,-0.00419,0.00146,1.6374,2908,0,0,0,0,0,0,0,0,0,0,0,0,0,0,0,0,0,0,0,0,0
407552,199,0,14,0,7,0,7,-0.00401,0.00098,1.6122,3105,0,0,0,0,0,0,0,0,0,0,0,0,0,0,0,0,0,0,0,0,0
409600,200,0,23,1,11,2,9,-0.00489,0.00152,1.6387,2930,0,0,0,0,0,0,0,0,0,0,0,0,0,0,0,0,0,0,0,0,0
411648,201,0,14,0,7,1,6,-0.00425,0.00085,1.6546,2997,0,0,0,0,0,0,0,0,0,0,0,0,0,0,0,0,0,0,0,0,0
413696,202,0,14,0,5,2,7,-0.00283,0.00086,1.6784,2787,0,0,0,0,0,0,0,0,0,0,0,0,0,0,0,0,0,0,0,0,0
415744,203,0,14,1,4,0,9,-0.00196,0.00179,1.6979,2823,0,0,0,0,0,0,0,0,0,0,0,0,0,0,0,0,0,0,0,0,0
417792,204,0,22,0,10,3,9,-0.00278,0.00143,1.7023,2644,0,0,0,0,0,0,0,0,0,0,0,0,0,0,0,0,0,0,0,0,0
419840,205,0,12,0,6,2,4,-0.00479,0.00071,1.7362,2884,0,0,0,0,0,0,0,0,0,0,0,0,0,0,0,0,0,0,0,0,0
421888,206,0,13,0,1,1,11,-0.00567,0.00074,1.7118,2933,0,0,0,0,0,0,0,0,0,0,0,0,0,0,0,0,0,0,0,0,0
423936,207,0,13,0,4,0,9,-0.00349,0.0009,1.7219,2999,0,0,0,0,0,0,0,0,0,0,0,0,0,0,0,0,0,0,0,0,0
425984,208,0,11,0,3,0,8,-0.00216,0.00066,1.6721,2960,0,0,0,0,0,0,0,0,0,0,0,0,0,0,0,0,0,0,0,0,0
428032,209,0,13,0,3,1,9,-0.00366,0.00104,1.6689,2629,0,0,0,0,0,0,0,0,0,0,0,0,0,0,0,0,0,0,0,0,0
430080,210,0,17,0,3,2,12,-0.00269,0.00102,1.6685,2965,0,0,0,0,0,0,0,0,0,0,0,0,0,0,0,0,0,0,0,0,0
432128,211,0,9,1,3,0,5,-0.00469,0.00139,1.5804,2804,0,0,0,0,0,0,0,0,0,0,0,0,0,0,0,0,0,0,0,0,0
434176,212,0,17,0,7,1,9,-0.00265,0.00086,1.4815,3046,0,0,0,0,0,0,0,0,0,0,0,0,0,0,0,0,0,0,0,0,0
436224,213,0,13,0,6,0,7,-0.00285,0.00051,1.4543,2858,0,0,0,0,0,0,0,0,0,0,0,0,0,0,0,0,0,0,0,0,0
438272,214,0,15,0,5,4,6,-0.00465,0.00126,1.4448,3041,0,0,0,0,0,0,0,0,0,0,0,0,0,0,0,0,0,0,0,0,0
440320,215,0,12,0,4,0,8,-0.00194,0.00124,1.4466,2907,0,0,0,0,0,0,0,0,0,0,0,0,0,0,0,0,0,0,0,0,0
442368,216,0,17,1,7,1,8,-0.00425,0.00149,1.5365,2989,0,0,0,0,0,0,0,0,0,0,0,0,0,0,0,0,0,0,0,0,0
444416,217,0,10,0,2,0,8,-0.00402,0.00086,1.4224,3103,0,0,0,0,0,0,0,0,0,0,0,0,0,0,0,0,0,0,0,0,0
446464,218,0,19,0,10,0,9,-0.00364,0.00117,1.498,3006,0,0,0,0,0,0,0,0,0,0,0,0,0,0,0,0,0,0,0,0,0
448512,219,0,14,0,5,0,9,-0.00561,0.00059,1.4698,2744,0,0,0,0,0,0,0,0,0,0,0,0,0,0,0,0,0,0,0,0,0
450560,220,0,12,0,5,0,7,-0.00278,0.00131,1.4555,2777,0,0,0,0,0,0,0,0,0,0,0,0,0,0,0,0,0,0,0,0,0
452608,221,0,14,0,10,0,4,-0.00391,0.00093,1.4126,2845,0,0,0,0,0,0,0,0,0,0,0,0,0,0,0,0,0,0,0,0,0
454656,222,0,17,0,8,0,9,-0.0028,0.0011,1.4348,2854,0,0,0,0,0,0,0,0,0,0,0,0,0,0,0,0,0,0,0,0,0
456704,223,0,9,0,2,0,7,-0.00404,0.00104,1.4892,3044,0,0,0,0,0,0,0,0,0,0,0,0,0,0,0,0,0,0,0,0,0
458752,224,0,12,1,2,0,9,-0.00544,0.00155,1.3729,2836,0,0,0,0,0,0,0,0,0,0,0,0,0,0,0,0,0,0,0,0,0
460800,225,0,13,0,2,0,11,-0.00384,0.00078,1.3294,2947,0,0,0,0,0,0,0,0,0,0,0,0,0,0,0,0,0,0,0,0,0
462848,226,0,12,1,5,0,6,-0.00537,0.00133,1.3957,3129,0,0,0,0,0,0,0,0,0,0,0,0,0,0,0,0,0,0,0,0,0
464896,227,0,16,2,5,0,9,-0.00209,0.0026,1.3698,3088,0,0,0,0,0,0,0,0,0,0,0,0,0,0,0,0,0,0,0,0,0
466944,228,0,19,1,10,2,6,-0.00327,0.00139,1.3724,2627,0,0,0,0,0,0,0,0,0,0,0,0,0,0,0,0,0,0,0,0,0
468992,229,0,16,0,10,0,6,-0.00479,0.00095,1.3703,2778,0,0,0,0,0,0,0,0,0,0,0,0,0,0,0,0,0,0,0,0,0
471040,230,0,15,0,4,2,9,-0.00424,0.00103,1.3808,3167,0,0,0,0,0,0,0,0,0,0,0,0,0,0,0,0,0,0,0,0,0
473088,231,0,13,1,4,0,8,-0.0049,0.00223,1.383,2833,0,0,0,0,0,0,0,0,0,0,0,0,0,0,0,0,0,0,0,0,0
475136,232,0,15,1,6,1,7,-0.00402,0.00118,1.3162,2942,0,0,0,0,0,0,0,0,0,0,0,0,0,0,0,0,0,0,0,0,0
477184,233,0,16,2,7,0,7,-0.00559,0.00348,1.3954,3101,0,0,0,0,0,0,0,0,0,0,0,0,0,0,0,0,0,0,0,0,0
479232,234,0,20,1,11,1,7,-0.00377,0.00142,1.3629,3025,0,0,0,0,0,0,0,0,0,0,0,0,0,0,0,0,0,0,0,0,0
481280,235,0,16,1,9,1,5,-0.00294,0.00127,1.4409,2707,0,0,0,0,0,0,0,0,0,0,0,0,0,0,0,0,0,0,0,0,0
483328,236,0,11,0,5,0,6,-0.00398,0.00108,1.4685,2845,0,0,0,0,0,0,0,0,0,0,0,0,0,0,0,0,0,0,0,0,0
485376,237,0,20,0,8,2,10,-0.00365,0.00121,1.4059,2897,0,0,0,0,0,0,0,0,0,0,0,0,0,0,0,0,0,0,0,0,0
487424,238,0,11,1,6,0,4,-0.00485,0.0015,1.4749,2807,0,0,0,0,0,0,0,0,0,0,0,0,0,0,0,0,0,0,0,0,0
489472,239,0,20,2,9,1,8,-0.00499,0.00175,1.3705,3042,0,0,0,0,0,0,0,0,0,0,0,0,0,0,0,0,0,0,0,0,0
491520,240,0,11,0,3,1,7,-0.00609,0.00132,1.4198,2866,0,0,0,0,0,0,0,0,0,0,0,0,0,0,0,0,0,0,0,0,0
493568,241,0,11,1,5,0,5,-0.00356,0.00142,1.3069,2700,0,0,0,0,0,0,0,0,0,0,0,0,0,0,0,0,0,0,0,0,0
495616,242,0,18,1,5,2,10,-0.00385,0.00138,1.363,2967,0,0,0,0,0,0,0,0,0,0,0,0,0,0,0,0,0,0,0,0,0
497664,243,0,13,1,3,0,9,-0.00382,0.00167,1.3418,2923,0,0,0,0,0,0,0,0,0,0,0,0,0,0,0,0,0,0,0,0,0
499712,244,0,11,1,3,1,6,-0.0067,0.00131,1.3455,3151,0,0,0,0,0,0,0,0,0,0,0,0,0,0,0,0,0,0,0,0,0
501760,245,0,20,0,9,2,9,-0.00444,0.00159,1.3354,3021,0,0,0,0,0,0,0,0,0,0,0,0,0,0,0,0,0,0,0,0,0
503808,246,0,12,3,4,0,5,-0.00641,0.00239,1.1859,3155,0,0,0,0,0,0,0,0,0,0,0,0,0,0,0,0,0,0,0,0,0
505856,247,0,14,0,4,4,6,-0.00197,0.00183,1.2475,3053,0,0,0,0,0,0,0,0,0,0,0,0,0,0,0,0,0,0,0,0,0
507904,248,0,18,3,5,4,6,-0.00404,0.00362,1.2536,2892,0,0,0,0,0,0,0,0,0,0,0,0,0,0,0,0,0,0,0,0,0
509952,249,0,14,0,5,4,5,-0.00471,0.00134,1.2522,3130,0,0,0,0,0,0,0,0,0,0,0,0,0,0,0,0,0,0,0,0,0
512000,250,0,17,1,8,2,6,-0.00433,0.00223,1.1857,3220,0,0,0,0,0,0,0,0,0,0,0,0,0,0,0,0,0,0,0,0,0
514048,251,0,20,1,10,3,6,-0.0023,0.00209,1.1365,2956,0,0,0,0,0,0,0,0,0,0,0,0,0,0,0,0,0,0,0,0,0
516096,252,0,13,0,5,2,6,-0.00154,0.00112,1.1317,3145,0,0,0,0,0,0,0,0,0,0,0,0,0,0,0,0,0,0,0,0,0
518144,253,0,20,0,11,1,8,-0.00363,0.00185,1.2241,3149,0,0,0,0,0,0,0,0,0,0,0,0,0,0,0,0,0,0,0,0,0
520192,254,0,13,2,6,1,4,-0.00342,0.00154,1.2379,3159,0,0,0,0,0,0,0,0,0,0,0,0,0,0,0,0,0,0,0,0,0
522240,255,0,16,0,7,4,5,-0.00218,0.00168,1.2389,3062,0,0,0,0,0,0,0,0,0,0,0,0,0,0,0,0,0,0,0,0,0
524288,256,0,16,0,7,1,8,-0.00241,0.00148,1.2294,2993,0,0,0,0,0,0,0,0,0,0,0,0,0,0,0,0,0,0,0,0,0
526336,257,0,15,2,6,0,7,-0.00409,0.00185,1.2484,3017,0,0,0,0,0,0,0,0,0,0,0,0,0,0,0,0,0,0,0,0,0
528384,258,0,17,0,6,3,8,-0.00276,0.00149,1.1548,2645,0,0,0,0,0,0,0,0,0,0,0,0,0,0,0,0,0,0,0,0,0
530432,259,0,12,1,3,1,7,-0.00449,0.00135,1.1901,2594,0,0,0,0,0,0,0,0,0,0,0,0,0,0,0,0,0,0,0,0,0
532480,260,0,15,0,4,2,9,0.00032,0.00158,1.1821,2849,0,0,0,0,0,0,0,0,0,0,0,0,0,0,0,0,0,0,0,0,0
534528,261,0,15,1,5,6,3,-0.00458,0.00223,1.1874,2786,0,0,0,0,0,0,0,0,0,0,0,0,0,0,0,0,0,0,0,0,0
536576,262,0,14,0,4,3,7,-0.00411,0.00146,1.2492,2707,0,0,0,0,0,0,0,0,0,0,0,0,0,0,0,0,0,0,0,0,0
538624,263,0,16,1,4,1,10,-0.00625,0.00185,1.1436,2885,0,0,0,0,0,0,0,0,0,0,0,0,0,0,0,0,0,0,0,0,0
540672,264,0,17,2,6,3,6,-0.00613,0.00278,1.166,3165,0,0,0,0,0,0,0,0,0,0,0,0,0,0,0,0,0,0,0,0,0
542720,265,0,18,0,8,2,8,-0.00472,0.00144,1.168,2877,0,0,0,0,0,0,0,0,0,0,0,0,0,0,0,0,0,0,0,0,0
544768,266,0,19,3,6,6,4,-0.00436,0.00347,1.1132,3125,0,0,0,0,0,0,0,0,0,0,0,0,0,0,0,0,0,0,0,0,0
546816,267,0,10,0,2,2,6,-0.00351,0.00162,1.1353,3009,0,0,0,0,0,0,0,0,0,0,0,0,0,0,0,0,0,0,0,0,0
548864,268,0,14,2,2,2,8,-0.00356,0.00209,1.089,3167,0,0,0,0,0,0,0,0,0,0,0,0,0,0,0,0,0,0,0,0,0
550912,269,0,16,2,2,4,8,-0.00577,0.00308,1.0638,3041,0,0,0,0,0,0,0,0,0,0,0,0,0,0,0,0,0,0,0,0,0
552960,270,0,15,1,9,3,2,-0.00355,0.00191,1.1072,3057,0,0,0,0,0,0,0,0,0,0,0,0,0,0,0,0,0,0,0,0,0
555008,271,0,22,1,10,2,9,-0.00105,0.00275,1.194,2836,0,0,0,0,0,0,0,0,0,0,0,0,0,0,0,0,0,0,0,0,0
557056,272,0,13,1,6,4,2,-0.00453,0.00145,1.1177,2874,0,0,0,0,0,0,0,0,0,0,0,0,0,0,0,0,0,0,0,0,0
559104,273,0,18,2,6,3,7,-0.00422,0.00268,1.1481,2894,0,0,0,0,0,0,0,0,0,0,0,0,0,0,0,0,0,0,0,0,0
561152,274,0,15,1,4,1,9,-0.00446,0.00196,1.1519,2949,0,0,0,0,0,0,0,0,0,0,0,0,0,0,0,0,0,0,0,0,0
563200,275,0,25,0,12,8,5,-0.00438,0.00209,1.1532,2907,0,0,0,0,0,0,0,0,0,0,0,0,0,0,0,0,0,0,0,0,0
565248,276,0,19,2,11,3,3,-0.00502,0.00288,1.1195,2961,0,0,0,0,0,0,0,0,0,0,0,0,0,0,0,0,0,0,0,0,0
567296,277,0,23,3,6,10,4,-0.00351,0.00318,1.0186,2929,0,0,0,0,0,0,0,0,0,0,0,0,0,0,0,0,0,0,0,0,0
569344,278,0,20,3,6,7,4,-0.00312,0.0028,1.0307,3039,0,0,0,0,0,0,0,0,0,0,0,0,0,0,0,0,0,0,0,0,0
571392,279,0,18,1,7,5,5,-0.00383,0.0029,0.9847,2841,0,0,0,0,0,0,0,0,0,0,0,0,0,0,0,0,0,0,0,0,0
573440,280,0,20,1,4,8,7,-0.00448,0.0023,1.0409,2937,0,0,0,0,0,0,0,0,0,0,0,0,0,0,0,0,0,0,0,0,0
575488,281,0,18,2,10,4,2,-0.00307,0.00261,0.9803,2974,0,0,0,0,0,0,0,0,0,0,0,0,0,0,0,0,0,0,0,0,0
577536,282,0,20,1,9,5,5,-0.00421,0.00214,1.0558,2803,0,0,0,0,0,0,0,0,0,0,0,0,0,0,0,0,0,0,0,0,0
579584,283,0,20,4,7,7,2,-0.00224,0.00403,0.952,3165,0,0,0,0,0,0,0,0,0,0,0,0,0,0,0,0,0,0,0,0,0
581632,284,0,19,3,6,6,4,-0.00377,0.0039,0.9539,2832,0,0,0,0,0,0,0,0,0,0,0,0,0,0,0,0,0,0,0,0,0
583680,285,0,21,3,8,5,5,-0.00431,0.00361,0.9224,3138,0,0,0,0,0,0,0,0,0,0,0,0,0,0,0,0,0,0,0,0,0
585728,286,0,18,0,8,6,4,-0.00208,0.00176,0.9337,2966,0,0,0,0,0,0,0,0,0,0,0,0,0,0,0,0,0,0,0,0,0
587776,287,0,22,3,8,4,7,-0.003,0.00426,0.9557,2978,0,0,0,0,0,0,0,0,0,0,0,0,0,0,0,0,0,0,0,0,0
589824,288,0,15,1,5,6,3,-0.0037,0.00242,0.9325,3119,0,0,0,0,0,0,0,0,0,0,0,0,0,0,0,0,0,0,0,0,0
591872,289,0,22,4,7,6,5,-0.00457,0.00564,0.9382,3245,0,0,0,0,0,0,0,0,0,0,0,0,0,0,0,0,0,0,0,0,0
593920,290,0,21,5,4,7,5,-0.00429,0.00613,1.0146,3037,0,0,0,0,0,0,0,0,0,0,0,0,0,0,0,0,0,0,0,0,0
595968,291,0,21,2,5,10,4,-0.00315,0.00429,1.0265,3312,0,0,0,0,0,0,0,0,0,0,0,0,0,0,0,0,0,0,0,0,0
598016,292,0,20,2,9,5,4,-0.00348,0.00353,0.9823,3156,0,0,0,0,0,0,0,0,0,0,0,0,0,0,0,0,0,0,0,0,0
600064,293,0,22,4,8,7,3,-0.00357,0.00434,0.962,3020,0,0,0,0,0,0,0,0,0,0,0,0,0,0,0,0,0,0,0,0,0
602112,294,0,21,5,7,6,3,-0.0049,0.00417,1.0141,3077,0,0,0,0,0,0,0,0,0,0,0,0,0,0,0,0,0,0,0,0,0
604160,295,0,20,4,9,4,3,-0.00115,0.00471,0.9337,3005,0,0,0,0,0,0,0,0,0,0,0,0,0,0,0,0,0,0,0,0,0
606208,296,0,25,4,6,10,5,-0.00277,0.00645,0.9133,2811,0,0,0,0,0,0,0,0,0,0,0,0,0,0,0,0,0,0,0,0,0
608256,297,0,18,3,7,5,3,-0.00541,0.00349,0.918,2958,0,0,0,0,0,0,0,0,0,0,0,0,0,0,0,0,0,0,0,0,0
610304,298,0,22,2,10,5,5,-0.00476,0.00387,0.9268,2992,0,0,0,0,0,0,0,0,0,0,0,0,0,0,0,0,0,0,0,0,0
612352,299,0,16,5,4,4,3,-0.0042,0.00293,1.0003,3210,0,0,0,0,0,0,0,0,0,0,0,0,0,0,0,0,0,0,0,0,0
614400,300,0,18,4,4,5,5,-0.00426,0.00415,0.9976,3031,0,0,0,0,0,0,0,0,0,0,0,0,0,0,0,0,0,0,0,0,0
616448,301,0,24,5,9,7,3,-0.00395,0.00664,0.9373,3152,0,0,0,0,0,0,0,0,0,0,0,0,0,0,0,0,0,0,0,0,0
618496,302,0,19,2,9,6,2,-0.00579,0.00362,0.9675,2969,0,0,0,0,0,0,0,0,0,0,0,0,0,0,0,0,0,0,0,0,0
620544,303,0,20,2,7,6,5,-0.00304,0.00283,0.9827,3058,0,0,0,0,0,0,0,0,0,0,0,0,0,0,0,0,0,0,0,0,0
622592,304,0,14,3,4,1,6,-0.00443,0.00396,0.9395,3065,0,0,0,0,0,0,0,0,0,0,0,0,0,0,0,0,0,0,0,0,0
624640,305,0,21,2,9,2,8,-0.00404,0.00258,1.0116,2937,0,0,0,0,0,0,0,0,0,0,0,0,0,0,0,0,0,0,0,0,0
626688,306,0,16,1,6,6,3,-0.00619,0.00173,1.0358,2715,0,0,0,0,0,0,0,0,0,0,0,0,0,0,0,0,0,0,0,0,0
628736,307,0,17,5,2,5,5,-0.0036,0.00459,1.0105,2893,0,0,0,0,0,0,0,0,0,0,0,0,0,0,0,0,0,0,0,0,0
630784,308,0,18,2,6,7,3,-0.00586,0.0039,0.9951,2714,0,0,0,0,0,0,0,0,0,0,0,0,0,0,0,0,0,0,0,0,0
632832,309,0,18,4,6,4,4,-0.0033,0.00454,0.9678,2995,0,0,0,0,0,0,0,0,0,0,0,0,0,0,0,0,0,0,0,0,0
634880,310,0,15,5,4,1,5,-0.00401,0.00341,0.9912,3032,0,0,0,0,0,0,0,0,0,0,0,0,0,0,0,0,0,0,0,0,0
636928,311,0,31,9,11,8,3,-0.00502,0.00807,0.8724,2876,0,0,0,0,0,0,0,0,0,0,0,0,0,0,0,0,0,0,0,0,0
638976,312,0,21,6,3,10,2,-0.00415,0.00657,0.8746,3009,0,0,0,0,0,0,0,0,0,0,0,0,0,0,0,0,0,0,0,0,0
641024,313,0,17,6,3,6,2,-0.00355,0.0038,0.824,2964,0,0,0,0,0,0,0,0,0,0,0,0,0,0,0,0,0,0,0,0,0
643072,314,0,16,3,4,3,6,-0.00436,0.0038,0.8245,2962,0,0,0,0,0,0,0,0,0,0,0,0,0,0,0,0,0,0,0,0,0
645120,315,0,25,0,12,10,3,-0.00363,0.0024,0.868,2905,0,0,0,0,0,0,0,0,0,0,0,0,0,0,0,0,0,0,0,0,0
647168,316,0,21,5,4,10,2,-0.00356,0.00499,0.8202,2929,0,0,0,0,0,0,0,0,0,0,0,0,0,0,0,0,0,0,0,0,0
649216,317,0,21,8,3,6,4,-0.00414,0.00681,0.8523,2815,0,0,0,0,0,0,0,0,0,0,0,0,0,0,0,0,0,0,0,0,0
651264,318,0,20,5,7,5,3,-0.00675,0.00511,0.8599,2675,0,0,0,0,0,0,0,0,0,0,0,0,0,0,0,0,0,0,0,0,0
653312,319,0,29,3,13,10,3,-0.0049,0.00443,0.865,3058,0,0,0,0,0,0,0,0,0,0,0,0,0,0,0,0,0,0,0,0,0
655360,320,0,20,2,11,4,3,-0.00419,0.00337,0.845,2813,0,0,0,0,0,0,0,0,0,0,0,0,0,0,0,0,0,0,0,0,0
657408,321,0,22,5,6,6,5,-0.00226,0.00368,0.7816,2691,0,0,0,0,0,0,0,0,0,0,0,0,0,0,0,0,0,0,0,0,0
659456,322,0,22,0,15,6,1,-0.00274,0.00202,0.8098,2839,0,0,0,0,0,0,0,0,0,0,0,0,0,0,0,0,0,0,0,0,0
661504,323,0,24,8,10,3,3,0.00026,0.00617,0.8878,2683,0,0,0,0,0,0,0,0,0,0,0,0,0,0,0,0,0,0,0,0,0
663552,324,0,19,7,5,4,3,-0.00375,0.00551,0.8391,2679,0,0,0,0,0,0,0,0,0,0,0,0,0,0,0,0,0,0,0,0,0
665600,325,0,22,6,8,5,3,-0.00339,0.00636,0.7957,3017,0,0,0,0,0,0,0,0,0,0,0,0,0,0,0,0,0,0,0,0,0
667648,326,0,21,8,5,6,2,0.0014,0.00723,0.8287,2917,0,0,0,0,0,0,0,0,0,0,0,0,0,0,0,0,0,0,0,0,0
669696,327,0,21,4,10,4,3,-0.00411,0.00318,0.8858,2787,0,0,0,0,0,0,0,0,0,0,0,0,0,0,0,0,0,0,0,0,0
671744,328,0,16,5,5,3,3,-0.00434,0.00222,0.8261,3020,0,0,0,0,0,0,0,0,0,0,0,0,0,0,0,0,0,0,0,0,0
673792,329,0,15,1,4,7,3,-0.00492,0.00186,0.8411,3219,0,0,0,0,0,0,0,0,0,0,0,0,0,0,0,0,0,0,0,0,0
675840,330,0,22,9,6,1,6,-0.00571,0.00802,0.7854,2993,0,0,0,0,0,0,0,0,0,0,0,0,0,0,0,0,0,0,0,0,0
677888,331,0,22,5,12,2,3,-0.00149,0.00422,0.7868,3088,0,0,0,0,0,0,0,0,0,0,0,0,0,0,0,0,0,0,0,0,0
679936,332,0,26,8,11,2,5,-0.00374,0.00832,0.7932,3000,0,0,0,0,0,0,0,0,0,0,0,0,0,0,0,0,0,0,0,0,0
681984,333,0,18,5,8,3,2,0.0014,0.00304,0.8055,2942,0,0,0,0,0,0,0,0,0,0,0,0,0,0,0,0,0,0,0,0,0
684032,334,0,17,4,5,2,6,-0.00468,0.00277,0.7869,2969,0,0,0,0,0,0,0,0,0,0,0,0,0,0,0,0,0,0,0,0,0
686080,335,0,16,6,4,2,4,-0.00152,0.0026,0.7421,3087,0,0,0,0,0,0,0,0,0,0,0,0,0,0,0,0,0,0,0,0,0
688128,336,0,21,8,7,0,6,-0.00308,0.00797,0.7594,3102,0,0,0,0,0,0,0,0,0,0,0,0,0,0,0,0,0,0,0,0,0
690176,337,0,16,2,11,0,3,-0.00603,0.00333,0.7636,3009,0,0,0,0,0,0,0,0,0,0,0,0,0,0,0,0,0,0,0,0,0
692224,338,0,16,7,4,2,3,-0.0038,0.00447,0.7944,3035,0,0,0,0,0,0,0,0,0,0,0,0,0,0,0,0,0,0,0,0,0
694272,339,0,23,13,3,1,6,-0.0048,0.00838,0.7346,2966,0,0,0,0,0,0,0,0,0,0,0,0,0,0,0,0,0,0,0,0,0
696320,340,0,17,7,3,4,3,-0.00026,0.00437,0.7608,2930,0,0,0,0,0,0,0,0,0,0,0,0,0,0,0,0,0,0,0,0,0
698368,341,0,17,7,6,0,4,-0.00261,0.00416,0.7698,2800,0,0,0,0,0,0,0,0,0,0,0,0,0,0,0,0,0,0,0,0,0
700416,342,0,18,9,3,1,5,-0.00556,0.00594,0.7846,2732,0,0,0,0,0,0,0,0,0,0,0,0,0,0,0,0,0,0,0,0,0
702464,343,0,23,13,5,1,4,-0.00751,0.00727,0.7629,2746,0,0,0,0,0,0,0,0,0,0,0,0,0,0,0,0,0,0,0,0,0
704512,344,0,26,11,10,3,2,-0.00668,0.00906,0.7607,2792,0,0,0,0,0,0,0,0,0,0,0,0,0,0,0,0,0,0,0,0,0
706560,345,0,22,10,9,2,1,-0.00398,0.00626,0.7549,3156,0,0,0,0,0,0,0,0,0,0,0,0,0,0,0,0,0,0,0,0,0
708608,346,0,18,9,3,1,5,-0.00222,0.0057,0.7245,3051,0,0,0,0,0,0,0,0,0,0,0,0,0,0,0,0,0,0,0,0,0
710656,347,0,24,11,8,2,3,-0.00301,0.00735,0.6489,2669,0,0,0,0,0,0,0,0,0,0,0,0,0,0,0,0,0,0,0,0,0
712704,348,0,15,7,3,2,3,-0.00403,0.00463,0.6464,2919,0,0,0,0,0,0,0,0,0,0,0,0,0,0,0,0,0,0,0,0,0
714752,349,0,22,9,3,2,8,-0.00371,0.008,0.6523,2821,0,0,0,0,0,0,0,0,0,0,0,0,0,0,0,0,0,0,0,0,0
716800,350,0,21,16,2,0,3,-0.00107,0.00702,0.6714,2764,0,0,0,0,0,0,0,0,0,0,0,0,0,0,0,0,0,0,0,0,0
718848,351,0,24,16,4,2,2,-0.00683,0.00622,0.6839,2795,0,0,0,0,0,0,0,0,0,0,0,0,0,0,0,0,0,0,0,0,0
720896,352,0,24,10,10,1,3,-0.00403,0.00804,0.6575,3219,0,0,0,0,0,0,0,0,0,0,0,0,0,0,0,0,0,0,0,0,0
722944,353,0,23,11,6,2,4,-0.00406,0.00851,0.6607,3209,0,0,0,0,0,0,0,0,0,0,0,0,0,0,0,0,0,0,0,0,0
724992,354,0,28,17,7,1,3,-0.00642,0.01064,0.5969,3105,0,0,0,0,0,0,0,0,0,0,0,0,0,0,0,0,0,0,0,0,0
727040,355,0,22,11,6,2,3,-0.00656,0.00697,0.5975,2983,0,0,0,0,0,0,0,0,0,0,0,0,0,0,0,0,0,0,0,0,0
729088,356,0,26,15,5,5,1,-0.00514,0.00815,0.7055,2845,0,0,0,0,0,0,0,0,0,0,0,0,0,0,0,0,0,0,0,0,0
731136,357,0,31,17,10,3,1,-0.00512,0.00993,0.6597,2652,0,0,0,0,0,0,0,0,0,0,0,0,0,0,0,0,0,0,0,0,0
733184,358,0,23,11,6,4,2,-0.00239,0.00834,0.7042,3148,0,0,0,0,0,0,0,0,0,0,0,0,0,0,0,0,0,0,0,0,0
735232,359,0,31,17,10,1,3,-0.00538,0.00931,0.6745,2892,0,0,0,0,0,0,0,0,0,0,0,0,0,0,0,0,0,0,0,0,0
737280,360,0,26,19,5,0,2,-0.00123,0.00962,0.6448,3123,0,0,0,0,0,0,0,0,0,0,0,0,0,0,0,0,0,0,0,0,0
739328,361,0,21,13,7,1,0,-0.00462,0.00623,0.6475,3027,0,0,0,0,0,0,0,0,0,0,0,0,0,0,0,0,0,0,0,0,0
741376,362,0,24,15,5,0,4,-0.00356,0.00881,0.6763,3209,0,0,0,0,0,0,0,0,0,0,0,0,0,0,0,0,0,0,0,0,0
743424,363,0,21,15,4,1,1,-0.00412,0.00676,0.6842,3336,0,0,0,0,0,0,0,0,0,0,0,0,0,0,0,0,0,0,0,0,0
745472,364,0,27,17,5,2,3,-0.0051,0.00916,0.7161,3039,0,0,0,0,0,0,0,0,0,0,0,0,0,0,0,0,0,0,0,0,0
747520,365,0,19,14,3,0,2,-0.00703,0.0058,0.6643,2999,0,0,0,0,0,0,0,0,0,0,0,0,0,0,0,0,0,0,0,0,0
749568,366,0,29,21,5,1,2,0.00033,0.0123,0.6759,2941,0,0,0,0,0,0,0,0,0,0,0,0,0,0,0,0,0,0,0,0,0
751616,367,0,21,16,3,0,2,-0.0011,0.01123,0.6532,3250,0,0,0,0,0,0,0,0,0,0,0,0,0,0,0,0,0,0,0,0,0
753664,368,0,22,11,4,1,6,-0.0049,0.00871,0.6274,3408,0,0,0,0,0,0,0,0,0,0,0,0,0,0,0,0,0,0,0,0,0
755712,369,0,22,16,3,0,3,-0.00671,0.0084,0.6096,3244,0,0,0,0,0,0,0,0,0,0,0,0,0,0,0,0,0,0,0,0,0
757760,370,0,21,13,3,2,3,-0.00776,0.00761,0.618,3363,0,0,0,0,0,0,0,0,0,0,0,0,0,0,0,0,0,0,0,0,0
759808,371,0,21,17,3,1,0,0.0001,0.00674,0.6159,3078,0,0,0,0,0,0,0,0,0,0,0,0,0,0,0,0,0,0,0,0,0
761856,372,0,20,12,3,1,4,-0.00472,0.00658,0.6262,3180,0,0,0,0,0,0,0,0,0,0,0,0,0,0,0,0,0,0,0,0,0
763904,373,0,26,19,4,0,3,-0.00621,0.00868,0.6894,3019,0,0,0,0,0,0,0,0,0,0,0,0,0,0,0,0,0,0,0,0,0
765952,374,0,22,17,1,2,2,-0.00592,0.00801,0.7705,2988,0,0,0,0,0,0,0,0,0,0,0,0,0,0,0,0,0,0,0,0,0
768000,375,0,26,20,1,0,5,-0.00719,0.00866,0.6809,3333,0,0,0,0,0,0,0,0,0,0,0,0,0,0,0,0,0,0,0,0,0
770048,376,0,18,15,1,0,2,-0.00815,0.00732,0.704,3309,0,0,0,0,0,0,0,0,0,0,0,0,0,0,0,0,0,0,0,0,0
772096,377,0,20,11,3,0,6,-0.00379,0.0071,0.7453,3101,0,0,0,0,0,0,0,0,0,0,0,0,0,0,0,0,0,0,0,0,0
774144,378,0,30,24,1,0,5,-0.00467,0.01211,0.7258,3332,0,0,0,0,0,0,0,0,0,0,0,0,0,0,0,0,0,0,0,0,0
776192,379,0,25,18,5,0,2,-0.00432,0.00733,0.6891,3247,0,0,0,0,0,0,0,0,0,0,0,0,0,0,0,0,0,0,0,0,0
778240,380,0,19,15,2,0,2,-0.00465,0.00805,0.7252,3077,0,0,0,0,0,0,0,0,0,0,0,0,0,0,0,0,0,0,0,0,0
780288,381,0,27,19,4,1,3,-0.00618,0.01017,0.7048,3102,0,0,0,0,0,0,0,0,0,0,0,0,0,0,0,0,0,0,0,0,0
782336,382,0,19,12,4,0,3,-0.00449,0.00782,0.7327,2736,0,0,0,0,0,0,0,0,0,0,0,0,0,0,0,0,0,0,0,0,0
784384,383,0,18,10,1,1,6,-0.00631,0.0071,0.6853,2859,0,0,0,0,0,0,0,0,0,0,0,0,0,0,0,0,0,0,0,0,0
786432,384,0,28,19,6,0,3,-0.00347,0.01032,0.709,3035,0,0,0,0,0,0,0,0,0,0,0,0,0,0,0,0,0,0,0,0,0
788480,385,0,16,14,0,0,2,-0.00316,0.00592,0.7238,2811,0,0,0,0,0,0,0,0,0,0,0,0,0,0,0,0,0,0,0,0,0
790528,386,0,16,10,1,1,4,-0.0027,0.00578,0.7263,2942,0,0,0,0,0,0,0,0,0,0,0,0,0,0,0,0,0,0,0,0,0
792576,387,0,24,19,3,0,2,-0.0046,0.00804,0.7167,3076,0,0,0,0,0,0,0,0,0,0,0,0,0,0,0,0,0,0,0,0,0
794624,388,0,28,19,3,1,5,0.00027,0.00925,0.7219,2907,0,0,0,0,0,0,0,0,0,0,0,0,0,0,0,0,0,0,0,0,0
796672,389,0,26,23,1,1,1,-0.00562,0.01011,0.6894,2909,0,0,0,0,0,0,0,0,0,0,0,0,0,0,0,0,0,0,0,0,0
798720,390,0,26,22,3,0,1,-0.00461,0.00835,0.6515,3028,0,0,0,0,0,0,0,0,0,0,0,0,0,0,0,0,0,0,0,0,0
800768,391,0,29,28,1,0,0,-0.00223,0.00824,0.6768,2852,0,0,0,0,0,0,0,0,0,0,0,0,0,0,0,0,0,0,0,0,0
802816,392,0,34,29,2,0,3,-0.00416,0.01052,0.6311,2865,0,0,0,0,0,0,0,0,0,0,0,0,0,0,0,0,0,0,0,0,0
804864,393,0,28,20,5,1,2,-0.00489,0.00957,0.6362,2892,0,0,0,0,0,0,0,0,0,0,0,0,0,0,0,0,0,0,0,0,0
806912,394,0,39,31,4,0,4,-0.00583,0.01224,0.6004,2623,0,0,0,0,0,0,0,0,0,0,0,0,0,0,0,0,0,0,0,0,0
808960,395,0,31,25,5,0,1,-0.00495,0.01106,0.5694,3009,0,0,0,0,0,0,0,0,0,0,0,0,0,0,0,0,0,0,0,0,0
811008,396,0,30,24,1,2,3,-0.00189,0.00968,0.5305,3002,0,0,0,0,0,0,0,0,0,0,0,0,0,0,0,0,0,0,0,0,0
813056,397,0,34,29,2,2,1,0.00389,0.00964,0.5738,2820,0,0,0,0,0,0,0,0,0,0,0,0,0,0,0,0,0,0,0,0,0
815104,398,0,31,22,3,5,1,-0.00027,0.0112,0.557,2904,0,0,0,0,0,0,0,0,0,0,0,0,0,0,0,0,0,0,0,0,0
817152,399,0,39,33,3,1,2,-0.00471,0.01078,0.5202,3076,0,0,0,0,0,0,0,0,0,0,0,0,0,0,0,0,0,0,0,0,0
819200,400,0,34,26,4,2,2,-0.00346,0.01012,0.5057,2936,0,0,0,0,0,0,0,0,0,0,0,0,0,0,0,0,0,0,0,0,0
821248,401,0,33,28,2,0,3,-0.00169,0.0107,0.4882,3090,0,0,0,0,0,0,0,0,0,0,0,0,0,0,0,0,0,0,0,0,0
823296,402,0,32,29,3,0,0,-0.00418,0.01187,0.4927,2973,0,0,0,0,0,0,0,0,0,0,0,0,0,0,0,0,0,0,0,0,0
825344,403,0,32,27,2,0,3,-0.00568,0.00995,0.4428,2846,0,0,0,0,0,0,0,0,0,0,0,0,0,0,0,0,0,0,0,0,0
827392,404,0,26,24,0,0,2,-0.00472,0.00802,0.4367,3006,0,0,0,0,0,0,0,0,0,0,0,0,0,0,0,0,0,0,0,0,0
829440,405,0,32,21,5,2,4,-0.00132,0.01365,0.4466,2727,0,0,0,0,0,0,0,0,0,0,0,0,0,0,0,0,0,0,0,0,0
831488,406,0,34,27,3,3,1,-0.00401,0.01145,0.508,2988,0,0,0,0,0,0,0,0,0,0,0,0,0,0,0,0,0,0,0,0,0
833536,407,0,28,21,1,1,5,0.00418,0.01223,0.5391,2909,0,0,0,0,0,0,0,0,0,0,0,0,0,0,0,0,0,0,0,0,0
835584,408,0,28,21,3,0,4,0.00603,0.011,0.497,2987,0,0,0,0,0,0,0,0,0,0,0,0,0,0,0,0,0,0,0,0,0
837632,409,0,27,20,5,0,2,0.00714,0.01547,0.5837,2667,0,0,0,0,0,0,0,0,0,0,0,0,0,0,0,0,0,0,0,0,0
839680,410,0,37,28,5,2,2,-0.00046,0.02766,0.5854,2733,0,0,0,0,0,0,0,0,0,0,0,0,0,0,0,0,0,0,0,0,0
841728,411,0,36,31,3,1,1,-0.00354,0.01624,0.5988,2949,0,0,0,0,0,0,0,0,0,0,0,0,0,0,0,0,0,0,0,0,0
843776,412,0,33,27,2,4,0,-0.00013,0.01251,0.5621,3113,0,0,0,0,0,0,0,0,0,0,0,0,0,0,0,0,0,0,0,0,0
845824,413,0,31,25,3,2,1,-0.0004,0.01021,0.5697,2696,0,0,0,0,0,0,0,0,0,0,0,0,0,0,0,0,0,0,0,0,0
847872,414,0,34,30,1,1,2,-0.0061,0.01006,0.5573,2762,0,0,0,0,0,0,0,0,0,0,0,0,0,0,0,0,0,0,0,0,0
849920,415,0,31,21,5,2,3,-0.00797,0.01044,0.6009,2896,0,0,0,0,0,0,0,0,0,0,0,0,0,0,0,0,0,0,0,0,0
851968,416,0,32,27,3,0,2,0.00056,0.00967,0.5784,2922,0,0,0,0,0,0,0,0,0,0,0,0,0,0,0,0,0,0,0,0,0
854016,417,0,30,23,3,0,4,-0.0058,0.01051,0.5424,2711,0,0,0,0,0,0,0,0,0,0,0,0,0,0,0,0,0,0,0,0,0
856064,418,0,25,22,2,0,1,-0.00426,0.00861,0.5539,2937,0,0,0,0,0,0,0,0,0,0,0,0,0,0,0,0,0,0,0,0,0
858112,419,0,29,26,0,0,3,0.00081,0.01086,0.5023,2818,0,0,0,0,0,0,0,0,0,0,0,0,0,0,0,0,0,0,0,0,0
860160,420,0,44,37,3,1,3,-0.00586,0.01457,0.5155,2744,0,0,0,0,0,0,0,0,0,0,0,0,0,0,0,0,0,0,0,0,0
862208,421,0,31,25,4,0,2,-0.00382,0.01006,0.5429,2786,0,0,0,0,0,0,0,0,0,0,0,0,0,0,0,0,0,0,0,0,0
864256,422,0,31,27,2,0,2,-0.00281,0.00973,0.5712,2608,0,0,0,0,0,0,0,0,0,0,0,0,0,0,0,0,0,0,0,0,0
866304,423,0,34,29,2,0,3,-0.00329,0.01093,0.5361,2858,0,0,0,0,0,0,0,0,0,0,0,0,0,0,0,0,0,0,0,0,0
868352,424,0,39,34,2,0,3,-0.00207,0.00969,0.5127,2806,0,0,0,0,0,0,0,0,0,0,0,0,0,0,0,0,0,0,0,0,0
870400,425,0,37,35,2,0,0,-0.00373,0.00932,0.5352,2931,0,0,0,0,0,0,0,0,0,0,0,0,0,0,0,0,0,0,0,0,0
872448,426,0,21,16,1,1,3,-0.00591,0.00865,0.5331,2952,0,0,0,0,0,0,0,0,0,0,0,0,0,0,0,0,0,0,0,0,0
874496,427,0,35,26,1,0,8,-0.00114,0.01094,0.5095,2816,0,0,0,0,0,0,0,0,0,0,0,0,0,0,0,0,0,0,0,0,0
876544,428,0,31,30,1,0,0,-0.0021,0.00895,0.4975,2709,0,0,0,0,0,0,0,0,0,0,0,0,0,0,0,0,0,0,0,0,0
878592,429,0,42,32,7,0,3,0.00035,0.01426,0.4803,2812,0,0,0,0,0,0,0,0,0,0,0,0,0,0,0,0,0,0,0,0,0
880640,430,0,35,29,3,0,3,-0.00103,0.01155,0.469,2662,0,0,0,0,0,0,0,0,0,0,0,0,0,0,0,0,0,0,0,0,0
882688,431,0,39,30,5,1,3,-0.0044,0.01463,0.4701,2727,0,0,0,0,0,0,0,0,0,0,0,0,0,0,0,0,0,0,0,0,0
884736,432,0,48,42,4,0,2,-0.00255,0.01559,0.4564,2915,0,0,0,0,0,0,0,0,0,0,0,0,0,0,0,0,0,0,0,0,0
886784,433,0,38,33,3,0,2,-0.0031,0.01415,0.4215,3025,0,0,0,0,0,0,0,0,0,0,0,0,0,0,0,0,0,0,0,0,0
888832,434,0,33,28,4,0,1,-0.00407,0.01028,0.4416,2839,0,0,0,0,0,0,0,0,0,0,0,0,0,0,0,0,0,0,0,0,0
890880,435,0,44,38,4,0,2,-0.00533,0.01335,0.4648,2899,0,0,0,0,0,0,0,0,0,0,0,0,0,0,0,0,0,0,0,0,0
892928,436,0,25,15,7,0,3,-0.00155,0.01191,0.4799,2805,0,0,0,0,0,0,0,0,0,0,0,0,0,0,0,0,0,0,0,0,0
894976,437,0,35,27,3,1,4,-0.00519,0.01558,0.4681,2733,0,0,0,0,0,0,0,0,0,0,0,0,0,0,0,0,0,0,0,0,0
897024,438,0,36,27,7,0,2,-0.00326,0.01442,0.4574,2838,0,0,0,0,0,0,0,0,0,0,0,0,0,0,0,0,0,0,0,0,0
899072,439,0,37,31,4,0,2,0.00071,0.01194,0.4448,2740,0,0,0,0,0,0,0,0,0,0,0,0,0,0,0,0,0,0,0,0,0
901120,440,0,35,31,2,0,2,-0.00154,0.01024,0.4393,3009,0,0,0,0,0,0,0,0,0,0,0,0,0,0,0,0,0,0,0,0,0
903168,441,0,31,25,3,0,3,-0.00731,0.0097,0.4366,2876,0,0,0,0,0,0,0,0,0,0,0,0,0,0,0,0,0,0,0,0,0
905216,442,0,29,24,0,4,1,0.00173,0.00947,0.4297,2785,0,0,0,0,0,0,0,0,0,0,0,0,0,0,0,0,0,0,0,0,0
907264,443,0,34,24,2,4,4,-0.00322,0.01469,0.4009,2746,0,0,0,0,0,0,0,0,0,0,0,0,0,0,0,0,0,0,0,0,0
909312,444,0,35,24,6,3,2,-0.00418,0.01308,0.3618,2749,0,0,0,0,0,0,0,0,0,0,0,0,0,0,0,0,0,0,0,0,0
911360,445,0,42,35,5,1,1,-0.00392,0.01145,0.3917,2746,0,0,0,0,0,0,0,0,0,0,0,0,0,0,0,0,0,0,0,0,0
913408,446,0,36,29,4,3,0,-0.00521,0.01066,0.3591,2945,0,0,0,0,0,0,0,0,0,0,0,0,0,0,0,0,0,0,0,0,0
915456,447,0,36,31,1,1,3,-0.0022,0.01157,0.3658,2967,0,0,0,0,0,0,0,0,0,0,0,0,0,0,0,0,0,0,0,0,0
917504,448,0,33,29,1,2,1,0.00052,0.01059,0.3803,2614,0,0,0,0,0,0,0,0,0,0,0,0,0,0,0,0,0,0,0,0,0
919552,449,0,23,18,3,0,2,0.0017,0.00887,0.3726,2772,0,0,0,0,0,0,0,0,0,0,0,0,0,0,0,0,0,0,0,0,0
921600,450,0,26,22,1,0,3,-0.0013,0.00908,0.421,2749,0,0,0,0,0,0,0,0,0,0,0,0,0,0,0,0,0,0,0,0,0
923648,451,0,26,18,1,0,7,-0.00249,0.01215,0.5123,3056,0,0,0,0,0,0,0,0,0,0,0,0,0,0,0,0,0,0,0,0,0
925696,452,0,32,25,4,0,3,-0.0011,0.01282,0.4837,2948,0,0,0,0,0,0,0,0,0,0,0,0,0,0,0,0,0,0,0,0,0
927744,453,0,44,38,2,0,4,-0.00718,0.01467,0.4676,2989,0,0,0,0,0,0,0,0,0,0,0,0,0,0,0,0,0,0,0,0,0
929792,454,0,27,24,0,2,1,-0.00264,0.01004,0.5156,2978,0,0,0,0,0,0,0,0,0,0,0,0,0,0,0,0,0,0,0,0,0
931840,455,0,36,28,3,0,5,-0.00614,0.01406,0.4939,3023,0,0,0,0,0,0,0,0,0,0,0,0,0,0,0,0,0,0,0,0,0
933888,456,0,30,25,0,1,4,-0.00472,0.01059,0.5072,2583,0,0,0,0,0,0,0,0,0,0,0,0,0,0,0,0,0,0,0,0,0
935936,457,0,41,37,1,0,3,0.00012,0.01253,0.5175,2781,0,0,0,0,0,0,0,0,0,0,0,0,0,0,0,0,0,0,0,0,0
937984,458,0,26,22,1,1,2,-0.00087,0.01242,0.4687,2895,0,0,0,0,0,0,0,0,0,0,0,0,0,0,0,0,0,0,0,0,0
940032,459,0,29,24,1,0,4,-0.00526,0.01078,0.4895,2685,0,0,0,0,0,0,0,0,0,0,0,0,0,0,0,0,0,0,0,0,0
942080,460,0,33,30,0,0,3,-0.00605,0.00928,0.4659,2768,0,0,0,0,0,0,0,0,0,0,0,0,0,0,0,0,0,0,0,0,0
944128,461,0,42,38,3,0,1,-0.00299,0.01231,0.4656,2726,0,0,0,0,0,0,0,0,0,0,0,0,0,0,0,0,0,0,0,0,0
946176,462,0,36,29,5,0,2,-0.00466,0.01154,0.5306,2789,0,0,0,0,0,0,0,0,0,0,0,0,0,0,0,0,0,0,0,0,0
948224,463,0,42,38,2,0,2,-0.00516,0.01082,0.4788,2588,0,0,0,0,0,0,0,0,0,0,0,0,0,0,0,0,0,0,0,0,0
950272,464,0,31,29,0,0,2,-0.00504,0.00818,0.4454,2879,0,0,0,0,0,0,0,0,0,0,0,0,0,0,0,0,0,0,0,0,0
952320,465,0,39,35,1,0,3,-0.00336,0.0128,0.4354,2646,0,0,0,0,0,0,0,0,0,0,0,0,0,0,0,0,0,0,0,0,0
954368,466,0,45,40,3,0,2,-0.00429,0.01269,0.4598,2871,0,0,0,0,0,0,0,0,0,0,0,0,0,0,0,0,0,0,0,0,0
956416,467,0,32,28,0,0,4,-0.00611,0.01069,0.4541,2586,0,0,0,0,0,0,0,0,0,0,0,0,0,0,0,0,0,0,0,0,0
958464,468,0,42,40,0,0,2,0.00237,0.01145,0.428,2773,0,0,0,0,0,0,0,0,0,0,0,0,0,0,0,0,0,0,0,0,0
960512,469,0,37,36,1,0,0,-0.00049,0.00847,0.4412,2877,0,0,0,0,0,0,0,0,0,0,0,0,0,0,0,0,0,0,0,0,0
962560,470,0,37,33,1,0,3,-0.00607,0.01187,0.4323,3011,0,0,0,0,0,0,0,0,0,0,0,0,0,0,0,0,0,0,0,0,0
964608,471,0,29,27,0,1,1,-0.00288,0.01049,0.421,2951,0,0,0,0,0,0,0,0,0,0,0,0,0,0,0,0,0,0,0,0,0
966656,472,0,41,34,1,2,4,-0.00476,0.01371,0.4129,2825,0,0,0,0,0,0,0,0,0,0,0,0,0,0,0,0,0,0,0,0,0
968704,473,0,31,28,0,1,2,-0.00364,0.01042,0.4274,2626,0,0,0,0,0,0,0,0,0,0,0,0,0,0,0,0,0,0,0,0,0
970752,474,0,38,34,0,0,4,-0.00288,0.01179,0.4422,2830,0,0,0,0,0,0,0,0,0,0,0,0,0,0,0,0,0,0,0,0,0
972800,475,0,36,30,3,1,2,-0.00212,0.01217,0.3993,2738,0,0,0,0,0,0,0,0,0,0,0,0,0,0,0,0,0,0,0,0,0
974848,476,0,46,43,1,0,2,-0.00361,0.01163,0.4068,2573,0,0,0,0,0,0,0,0,0,0,0,0,0,0,0,0,0,0,0,0,0
976896,477,0,54,49,3,0,2,-0.00333,0.01736,0.4004,2820,0,0,0,0,0,0,0,0,0,0,0,0,0,0,0,0,0,0,0,0,0
978944,478,0,34,34,0,0,0,-0.0021,0.00981,0.4223,2770,0,0,0,0,0,0,0,0,0,0,0,0,0,0,0,0,0,0,0,0,0
980992,479,0,42,39,0,0,3,-0.0013,0.01187,0.4864,2815,0,0,0,0,0,0,0,0,0,0,0,0,0,0,0,0,0,0,0,0,0
983040,480,0,41,38,2,0,1,0.00034,0.01077,0.4704,2801,0,0,0,0,0,0,0,0,0,0,0,0,0,0,0,0,0,0,0,0,0
985088,481,0,41,37,2,0,2,-0.00365,0.01198,0.4763,2701,0,0,0,0,0,0,0,0,0,0,0,0,0,0,0,0,0,0,0,0,0
987136,482,0,38,35,1,0,2,-0.00422,0.0109,0.4904,2885,0,0,0,0,0,0,0,0,0,0,0,0,0,0,0,0,0,0,0,0,0
989184,483,0,34,28,3,0,3,-0.00326,0.01165,0.4669,2904,0,0,0,0,0,0,0,0,0,0,0,0,0,0,0,0,0,0,0,0,0
991232,484,0,50,44,2,1,3,-0.00134,0.01295,0.439,2912,0,0,0,0,0,0,0,0,0,0,0,0,0,0,0,0,0,0,0,0,0
993280,485,0,43,42,0,0,1,0.00152,0.01168,0.3847,2647,0,0,0,0,0,0,0,0,0,0,0,0,0,0,0,0,0,0,0,0,0
995328,486,0,38,34,1,0,3,-0.0034,0.01238,0.388,2958,0,0,0,0,0,0,0,0,0,0,0,0,0,0,0,0,0,0,0,0,0
997376,487,0,41,40,1,0,0,-0.004,0.00977,0.3928,2942,0,0,0,0,0,0,0,0,0,0,0,0,0,0,0,0,0,0,0,0,0
999424,488,0,33,30,0,0,3,-0.00025,0.00916,0.3878,2951,0,0,0,0,0,0,0,0,0,0,0,0,0,0,0,0,0,0,0,0,0
1001472,489,0,40,36,1,0,3,0.00128,0.01148,0.4199,2886,0,0,0,0,0,0,0,0,0,0,0,0,0,0,0,0,0,0,0,0,0
1003520,490,0,46,42,0,1,3,0.001,0.01095,0.4353,2659,0,0,0,0,0,0,0,0,0,0,0,0,0,0,0,0,0,0,0,0,0
1005568,491,0,37,31,0,1,5,-0.00532,0.00987,0.3882,2482,0,0,0,0,0,0,0,0,0,0,0,0,0,0,0,0,0,0,0,0,0
1007616,492,0,55,51,1,0,3,0.00347,0.01349,0.332,2606,0,0,0,0,0,0,0,0,0,0,0,0,0,0,0,0,0,0,0,0,0
1009664,493,0,39,38,0,1,0,-0.00477,0.00844,0.3882,2842,0,0,0,0,0,0,0,0,0,0,0,0,0,0,0,0,0,0,0,0,0
1011712,494,0,40,32,2,0,6,-0.00189,0.01462,0.3632,2712,0,0,0,0,0,0,0,0,0,0,0,0,0,0,0,0,0,0,0,0,0
1013760,495,0,55,53,0,0,2,-0.0001,0.00972,0.3233,2839,0,0,0,0,0,0,0,0,0,0,0,0,0,0,0,0,0,0,0,0,0
1015808,496,0,49,47,1,0,1,-0.00327,0.01103,0.3628,2563,0,0,0,0,0,0,0,0,0,0,0,0,0,0,0,0,0,0,0,0,0
1017856,497,0,56,52,1,1,2,-0.00266,0.01013,0.3436,2949,0,0,0,0,0,0,0,0,0,0,0,0,0,0,0,0,0,0,0,0,0
1019904,498,0,44,43,0,0,1,-0.00228,0.00816,0.339,2757,0,0,0,0,0,0,0,0,0,0,0,0,0,0,0,0,0,0,0,0,0
1021952,499,0,46,43,0,0,3,-0.00534,0.00969,0.3655,2690,0,0,0,0,0,0,0,0,0,0,0,0,0,0,0,0,0,0,0,0,0
1024000,500,0,50,48,0,0,2,-0.00544,0.01074,0.3425,2934,0,0,0,0,0,0,0,0,0,0,0,0,0,0,0,0,0,0,0,0,0
1026048,501,0,46,43,2,0,1,-0.00249,0.0088,0.3258,3112,0,0,0,0,0,0,0,0,0,0,0,0,0,0,0,0,0,0,0,0,0
1028096,502,0,51,49,1,0,1,0.0005,0.00899,0.3656,2681,0,0,0,0,0,0,0,0,0,0,0,0,0,0,0,0,0,0,0,0,0
1030144,503,0,40,35,1,2,2,-0.00231,0.0108,0.3659,2918,0,0,0,0,0,0,0,0,0,0,0,0,0,0,0,0,0,0,0,0,0
1032192,504,0,47,41,1,2,3,0.00053,0.01717,0.3456,2572,0,0,0,0,0,0,0,0,0,0,0,0,0,0,0,0,0,0,0,0,0
1034240,505,0,50,48,0,0,2,-0.00268,0.01002,0.3322,2725,0,0,0,0,0,0,0,0,0,0,0,0,0,0,0,0,0,0,0,0,0
1036288,506,0,48,46,1,0,1,-0.00468,0.00941,0.3237,2684,0,0,0,0,0,0,0,0,0,0,0,0,0,0,0,0,0,0,0,0,0
1038336,507,0,60,56,1,0,3,-0.00275,0.0102,0.3665,2429,0,0,0,0,0,0,0,0,0,0,0,0,0,0,0,0,0,0,0,0,0
1040384,508,0,54,53,1,0,0,0.00174,0.0085,0.3617,2737,0,0,0,0,0,0,0,0,0,0,0,0,0,0,0,0,0,0,0,0,0
1042432,509,0,45,41,1,0,3,0.00785,0.01079,0.3559,2745,0,0,0,0,0,0,0,0,0,0,0,0,0,0,0,0,0,0,0,0,0
1044480,510,0,35,31,0,0,4,-0.0005,0.00994,0.4087,2674,0,0,0,0,0,0,0,0,0,0,0,0,0,0,0,0,0,0,0,0,0
1046528,511,0,45,41,0,0,4,-0.00149,0.01027,0.3585,2632,0,0,0,0,0,0,0,0,0,0,0,0,0,0,0,0,0,0,0,0,0
1048576,512,0,45,42,0,0,3,0.00425,0.01131,0.3293,2715,0,0,0,0,0,0,0,0,0,0,0,0,0,0,0,0,0,0,0,0,0
1050624,513,0,49,44,3,0,2,-0.00246,0.01199,0.3422,2876,0,0,0,0,0,0,0,0,0,0,0,0,0,0,0,0,0,0,0,0,0
1052672,514,0,53,51,0,0,2,-0.0031,0.01396,0.3188,2552,0,0,0,0,0,0,0,0,0,0,0,0,0,0,0,0,0,0,0,0,0
1054720,515,0,29,27,0,0,2,-0.00442,0.01061,0.2839,2778,0,0,0,0,0,0,0,0,0,0,0,0,0,0,0,0,0,0,0,0,0
1056768,516,0,43,37,1,0,5,-0.00612,0.01717,0.2723,2663,0,0,0,0,0,0,0,0,0,0,0,0,0,0,0,0,0,0,0,0,0
1058816,517,0,44,42,0,0,2,0.00071,0.01329,0.3557,2672,0,0,0,0,0,0,0,0,0,0,0,0,0,0,0,0,0,0,0,0,0
1060864,518,0,41,40,0,0,1,-0.00797,0.00991,0.4159,2842,0,0,0,0,0,0,0,0,0,0,0,0,0,0,0,0,0,0,0,0,0
1062912,519,0,37,35,0,0,2,0.00045,0.00942,0.3525,2989,0,0,0,0,0,0,0,0,0,0,0,0,0,0,0,0,0,0,0,0,0
1064960,520,0,41,34,2,0,5,0.00086,0.01238,0.3401,3061,0,0,0,0,0,0,0,0,0,0,0,0,0,0,0,0,0,0,0,0,0
1067008,521,0,41,40,0,0,1,-0.0051,0.00842,0.3516,3106,0,0,0,0,0,0,0,0,0,0,0,0,0,0,0,0,0,0,0,0,0
1069056,522,0,46,42,0,1,3,-0.00224,0.01097,0.317,3005,0,0,0,0,0,0,0,0,0,0,0,0,0,0,0,0,0,0,0,0,0
1071104,523,0,47,44,0,0,3,-0.00246,0.01094,0.317,3041,0,0,0,0,0,0,0,0,0,0,0,0,0,0,0,0,0,0,0,0,0
1073152,524,0,41,39,0,0,2,-0.00466,0.00915,0.2797,3063,0,0,0,0,0,0,0,0,0,0,0,0,0,0,0,0,0,0,0,0,0
1075200,525,0,46,44,0,0,2,-0.00393,0.01099,0.2665,3046,0,0,0,0,0,0,0,0,0,0,0,0,0,0,0,0,0,0,0,0,0
1077248,526,0,47,43,2,2,0,-0.00439,0.00998,0.2695,2961,0,0,0,0,0,0,0,0,0,0,0,0,0,0,0,0,0,0,0,0,0
1079296,527,0,43,40,0,0,3,-0.0018,0.01126,0.3834,3034,0,0,0,0,0,0,0,0,0,0,0,0,0,0,0,0,0,0,0,0,0
1081344,528,0,48,44,1,0,3,-0.00225,0.01109,0.3481,2820,0,0,0,0,0,0,0,0,0,0,0,0,0,0,0,0,0,0,0,0,0
1083392,529,0,47,44,1,0,2,-0.0029,0.01243,0.2667,2842,0,0,0,0,0,0,0,0,0,0,0,0,0,0,0,0,0,0,0,0,0
1085440,530,0,46,43,1,0,2,0.00224,0.01231,0.2785,2616,0,0,0,0,0,0,0,0,0,0,0,0,0,0,0,0,0,0,0,0,0
1087488,531,0,45,40,1,0,4,-0.00069,0.01033,0.2503,2561,0,0,0,0,0,0,0,0,0,0,0,0,0,0,0,0,0,0,0,0,0
1089536,532,0,36,32,1,0,3,-0.00127,0.01272,0.315,2641,0,0,0,0,0,0,0,0,0,0,0,0,0,0,0,0,0,0,0,0,0
1091584,533,0,47,41,0,0,6,-0.00157,0.01451,0.2582,2904,0,0,0,0,0,0,0,0,0,0,0,0,0,0,0,0,0,0,0,0,0
1093632,534,0,50,48,0,0,2,-0.00217,0.01163,0.2769,2765,0,0,0,0,0,0,0,0,0,0,0,0,0,0,0,0,0,0,0,0,0
1095680,535,0,65,61,2,0,2,-0.00404,0.01296,0.2485,2696,0,0,0,0,0,0,0,0,0,0,0,0,0,0,0,0,0,0,0,0,0
1097728,536,0,53,50,0,0,3,-0.00481,0.00992,0.286,2776,0,0,0,0,0,0,0,0,0,0,0,0,0,0,0,0,0,0,0,0,0
1099776,537,0,49,46,0,0,3,-0.00184,0.00916,0.2646,2910,0,0,0,0,0,0,0,0,0,0,0,0,0,0,0,0,0,0,0,0,0
1101824,538,0,47,45,1,0,1,-0.00339,0.00937,0.3078,2888,0,0,0,0,0,0,0,0,0,0,0,0,0,0,0,0,0,0,0,0,0
1103872,539,0,59,55,1,0,3,-0.0032,0.01018,0.2786,2843,0,0,0,0,0,0,0,0,0,0,0,0,0,0,0,0,0,0,0,0,0
1105920,540,0,51,50,0,0,1,-0.00031,0.00723,0.2483,2724,0,0,0,0,0,0,0,0,0,0,0,0,0,0,0,0,0,0,0,0,0
1107968,541,0,53,51,1,0,1,-0.00208,0.0084,0.2822,2994,0,0,0,0,0,0,0,0,0,0,0,0,0,0,0,0,0,0,0,0,0
1110016,542,0,59,56,0,0,3,-0.00259,0.01078,0.2444,2961,0,0,0,0,0,0,0,0,0,0,0,0,0,0,0,0,0,0,0,0,0
1112064,543,0,61,60,0,0,1,-0.00207,0.00758,0.2533,2939,0,0,0,0,0,0,0,0,0,0,0,0,0,0,0,0,0,0,0,0,0
1114112,544,0,72,71,0,1,0,-0.00324,0.0089,0.2413,2870,0,0,0,0,0,0,0,0,0,0,0,0,0,0,0,0,0,0,0,0,0
1116160,545,0,44,44,0,0,0,-0.00301,0.0046,0.3187,2923,0,0,0,0,0,0,0,0,0,0,0,0,0,0,0,0,0,0,0,0,0
1118208,546,0,44,36,1,0,7,-0.00062,0.01379,0.3328,2591,0,0,0,0,0,0,0,0,0,0,0,0,0,0,0,0,0,0,0,0,0
1120256,547,0,34,29,1,0,4,-0.00343,0.0119,0.2917,2480,0,0,0,0,0,0,0,0,0,0,0,0,0,0,0,0,0,0,0,0,0
1122304,548,0,56,53,2,0,1,-0.00492,0.01271,0.2968,2946,0,0,0,0,0,0,0,0,0,0,0,0,0,0,0,0,0,0,0,0,0
1124352,549,0,57,53,1,2,1,-0.00599,0.01162,0.3089,3005,0,0,0,0,0,0,0,0,0,0,0,0,0,0,0,0,0,0,0,0,0
1126400,550,0,51,49,0,0,2,-0.00089,0.00932,0.359,3016,0,0,0,0,0,0,0,0,0,0,0,0,0,0,0,0,0,0,0,0,0
1128448,551,0,47,42,2,0,3,0.00428,0.01227,0.4559,2903,0,0,0,0,0,0,0,0,0,0,0,0,0,0,0,0,0,0,0,0,0
1130496,552,0,56,51,1,0,4,0.00297,0.01089,0.2876,2968,0,0,0,0,0,0,0,0,0,0,0,0,0,0,0,0,0,0,0,0,0
1132544,553,0,58,55,2,0,1,-0.00469,0.01197,0.3076,2925,0,0,0,0,0,0,0,0,0,0,0,0,0,0,0,0,0,0,0,0,0
1134592,554,0,59,55,1,0,3,-0.00567,0.01122,0.3525,2737,0,0,0,0,0,0,0,0,0,0,0,0,0,0,0,0,0,0,0,0,0
1136640,555,0,55,53,0,0,2,-0.00476,0.01156,0.2787,2911,0,0,0,0,0,0,0,0,0,0,0,0,0,0,0,0,0,0,0,0,0
1138688,556,0,50,47,0,1,2,-0.00142,0.01091,0.2941,2948,0,0,0,0,0,0,0,0,0,0,0,0,0,0,0,0,0,0,0,0,0
1140736,557,0,49,47,0,0,2,0.00019,0.00949,0.258,2853,0,0,0,0,0,0,0,0,0,0,0,0,0,0,0,0,0,0,0,0,0
1142784,558,0,45,40,0,0,5,-0.00104,0.01115,0.2337,2418,0,0,0,0,0,0,0,0,0,0,0,0,0,0,0,0,0,0,0,0,0
1144832,559,0,44,40,2,1,1,-0.00511,0.01048,0.2337,2860,0,0,0,0,0,0,0,0,0,0,0,0,0,0,0,0,0,0,0,0,0
1146880,560,0,55,49,1,0,5,0.00571,0.01596,0.2268,2500,0,0,0,0,0,0,0,0,0,0,0,0,0,0,0,0,0,0,0,0,0
1148928,561,0,54,51,2,0,1,0.00714,0.01172,0.2651,2774,0,0,0,0,0,0,0,0,0,0,0,0,0,0,0,0,0,0,0,0,0
1150976,562,0,62,56,2,0,4,-0.00558,0.01358,0.232,2861,0,0,0,0,0,0,0,0,0,0,0,0,0,0,0,0,0,0,0,0,0
1153024,563,0,64,59,4,0,1,-0.00291,0.01379,0.2247,2971,0,0,0,0,0,0,0,0,0,0,0,0,0,0,0,0,0,0,0,0,0
1155072,564,0,69,67,1,0,1,-0.0004,0.00995,0.2027,3042,0,0,0,0,0,0,0,0,0,0,0,0,0,0,0,0,0,0,0,0,0
1157120,565,0,55,55,0,0,0,0.00875,0.00943,0.2074,2814,0,0,0,0,0,0,0,0,0,0,0,0,0,0,0,0,0,0,0,0,0
1159168,566,0,59,52,4,1,2,-0.00341,0.01948,0.1968,2870,0,0,0,0,0,0,0,0,0,0,0,0,0,0,0,0,0,0,0,0,0
1161216,567,0,75,69,2,0,4,-0.00053,0.01389,0.1883,2985,0,0,0,0,0,0,0,0,0,0,0,0,0,0,0,0,0,0,0,0,0
1163264,568,0,75,74,0,1,0,-0.00696,0.00924,0.2225,2617,0,0,0,0,0,0,0,0,0,0,0,0,0,0,0,0,0,0,0,0,0
1165312,569,0,61,59,1,0,1,-0.00075,0.00959,0.27,2658,0,0,0,0,0,0,0,0,0,0,0,0,0,0,0,0,0,0,0,0,0
1167360,570,0,60,58,1,0,1,-0.00255,0.01094,0.2454,2614,0,0,0,0,0,0,0,0,0,0,0,0,0,0,0,0,0,0,0,0,0
1169408,571,0,63,62,0,0,1,-0.00177,0.00993,0.2313,2804,0,0,0,0,0,0,0,0,0,0,0,0,0,0,0,0,0,0,0,0,0
1171456,572,0,63,62,0,0,1,-0.0047,0.00881,0.2342,2919,0,0,0,0,0,0,0,0,0,0,0,0,0,0,0,0,0,0,0,0,0
1173504,573,0,52,47,2,0,3,-0.00091,0.01253,0.2799,2735,0,0,0,0,0,0,0,0,0,0,0,0,0,0,0,0,0,0,0,0,0
1175552,574,0,49,46,0,0,3,-0.00344,0.0116,0.2427,2894,0,0,0,0,0,0,0,0,0,0,0,0,0,0,0,0,0,0,0,0,0
1177600,575,0,62,59,0,0,3,-0.00277,0.01121,0.2586,2828,0,0,0,0,0,0,0,0,0,0,0,0,0,0,0,0,0,0,0,0,0
1179648,576,0,56,53,1,0,2,0.00206,0.01155,0.2305,2949,0,0,0,0,0,0,0,0,0,0,0,0,0,0,0,0,0,0,0,0,0
1181696,577,0,58,56,0,0,2,0.0077,0.01239,0.1976,2810,0,0,0,0,0,0,0,0,0,0,0,0,0,0,0,0,0,0,0,0,0
1183744,578,0,59,57,0,0,2,-0.00271,0.00766,0.2448,2795,0,0,0,0,0,0,0,0,0,0,0,0,0,0,0,0,0,0,0,0,0
1185792,579,0,49,45,2,0,2,0.00153,0.01048,0.2586,2771,0,0,0,0,0,0,0,0,0,0,0,0,0,0,0,0,0,0,0,0,0
1187840,580,0,53,49,0,0,4,0.00107,0.00975,0.2372,2765,0,0,0,0,0,0,0,0,0,0,0,0,0,0,0,0,0,0,0,0,0
1189888,581,0,59,55,0,0,4,-0.00365,0.01011,0.2608,2735,0,0,0,0,0,0,0,0,0,0,0,0,0,0,0,0,0,0,0,0,0
1191936,582,0,65,64,1,0,0,0.00436,0.00867,0.2154,2702,0,0,0,0,0,0,0,0,0,0,0,0,0,0,0,0,0,0,0,0,0
1193984,583,0,60,58,1,0,1,6e-05,0.0095,0.2561,2777,0,0,0,0,0,0,0,0,0,0,0,0,0,0,0,0,0,0,0,0,0
1196032,584,0,68,65,1,0,2,0.00214,0.00898,0.2354,2882,0,0,0,0,0,0,0,0,0,0,0,0,0,0,0,0,0,0,0,0,0
1198080,585,0,76,75,0,0,1,-0.00477,0.00747,0.1957,2635,0,0,0,0,0,0,0,0,0,0,0,0,0,0,0,0,0,0,0,0,0
1200128,586,0,60,60,0,0,0,-0.00601,0.00915,0.1819,2337,0,0,0,0,0,0,0,0,0,0,0,0,0,0,0,0,0,0,0,0,0
1202176,587,0,67,64,1,0,2,-0.00221,0.01549,0.193,2975,0,0,0,0,0,0,0,0,0,0,0,0,0,0,0,0,0,0,0,0,0
1204224,588,0,59,58,0,1,0,-0.0024,0.01283,0.1872,2794,0,0,0,0,0,0,0,0,0,0,0,0,0,0,0,0,0,0,0,0,0
1206272,589,0,56,51,1,0,4,0.00584,0.01708,0.2024,2867,0,0,0,0,0,0,0,0,0,0,0,0,0,0,0,0,0,0,0,0,0
1208320,590,0,71,70,1,0,0,0.00765,0.00712,0.2329,2976,0,0,0,0,0,0,0,0,0,0,0,0,0,0,0,0,0,0,0,0,0
1210368,591,0,60,56,1,1,2,-0.00296,0.00968,0.2049,2596,0,0,0,0,0,0,0,0,0,0,0,0,0,0,0,0,0,0,0,0,0
1212416,592,0,56,52,2,0,2,-0.0044,0.0109,0.2316,2946,0,0,0,0,0,0,0,0,0,0,0,0,0,0,0,0,0,0,0,0,0
1214464,593,0,46,41,1,1,3,-0.00631,0.01183,0.2234,3059,0,0,0,0,0,0,0,0,0,0,0,0,0,0,0,0,0,0,0,0,0
1216512,594,0,71,67,2,0,2,0.00187,0.01139,0.1947,2934,0,0,0,0,0,0,0,0,0,0,0,0,0,0,0,0,0,0,0,0,0
1218560,595,0,67,65,2,0,0,0.00259,0.00862,0.2017,2799,0,0,0,0,0,0,0,0,0,0,0,0,0,0,0,0,0,0,0,0,0
1220608,596,0,60,59,1,0,0,-0.0023,0.00723,0.2395,3015,0,0,0,0,0,0,0,0,0,0,0,0,0,0,0,0,0,0,0,0,0
1222656,597,0,64,61,3,0,0,-0.0047,0.00976,0.2369,2918,0,0,0,0,0,0,0,0,0,0,0,0,0,0,0,0,0,0,0,0,0
1224704,598,0,67,64,1,0,2,-0.00478,0.00838,0.253,2880,0,0,0,0,0,0,0,0,0,0,0,0,0,0,0,0,0,0,0,0,0
1226752,599,0,58,53,1,0,4,-0.00769,0.01157,0.2722,2845,0,0,0,0,0,0,0,0,0,0,0,0,0,0,0,0,0,0,0,0,0
1228800,600,0,74,68,4,1,1,-0.00311,0.01154,0.2118,2754,0,0,0,0,0,0,0,0,0,0,0,0,0,0,0,0,0,0,0,0,0
1230848,601,0,67,63,3,0,1,-0.00384,0.00807,0.1944,2528,0,0,0,0,0,0,0,0,0,0,0,0,0,0,0,0,0,0,0,0,0
1232896,602,0,57,54,2,0,1,-0.00348,0.0074,0.2351,2729,0,0,0,0,0,0,0,0,0,0,0,0,0,0,0,0,0,0,0,0,0
1234944,603,0,75,74,0,0,1,-0.00085,0.00689,0.2021,2734,0,0,0,0,0,0,0,0,0,0,0,0,0,0,0,0,0,0,0,0,0
1236992,604,0,65,65,0,0,0,0.0,0.00694,0.1851,2849,0,0,0,0,0,0,0,0,0,0,0,0,0,0,0,0,0,0,0,0,0
1239040,605,0,69,63,4,0,2,-0.00546,0.01137,0.2111,2974,0,0,0,0,0,0,0,0,0,0,0,0,0,0,0,0,0,0,0,0,0
1241088,606,0,69,67,2,0,0,0.00645,0.00765,0.1974,2847,0,0,0,0,0,0,0,0,0,0,0,0,0,0,0,0,0,0,0,0,0
1243136,607,0,56,55,0,0,1,-0.00291,0.0065,0.2041,2921,0,0,0,0,0,0,0,0,0,0,0,0,0,0,0,0,0,0,0,0,0
1245184,608,0,66,64,0,1,1,-0.00125,0.00888,0.2161,2756,0,0,0,0,0,0,0,0,0,0,0,0,0,0,0,0,0,0,0,0,0
1247232,609,0,71,70,1,0,0,-0.00145,0.00646,0.2188,2793,0,0,0,0,0,0,0,0,0,0,0,0,0,0,0,0,0,0,0,0,0
1249280,610,0,60,57,3,0,0,-0.00527,0.00788,0.2572,2983,0,0,0,0,0,0,0,0,0,0,0,0,0,0,0,0,0,0,0,0,0
1251328,611,0,62,56,5,0,1,0.00391,0.01289,0.2648,3048,0,0,0,0,0,0,0,0,0,0,0,0,0,0,0,0,0,0,0,0,0
1253376,612,0,63,61,0,0,2,-0.00219,0.00775,0.2501,2935,0,0,0,0,0,0,0,0,0,0,0,0,0,0,0,0,0,0,0,0,0
1255424,613,0,46,44,0,0,2,-0.00268,0.00762,0.269,2782,0,0,0,0,0,0,0,0,0,0,0,0,0,0,0,0,0,0,0,0,0
1257472,614,0,58,55,0,0,3,-0.00383,0.00958,0.2593,2550,0,0,0,0,0,0,0,0,0,0,0,0,0,0,0,0,0,0,0,0,0
1259520,615,0,54,50,1,0,3,-0.00545,0.00917,0.2161,2903,0,0,0,0,0,0,0,0,0,0,0,0,0,0,0,0,0,0,0,0,0
1261568,616,0,53,50,1,0,2,0.0005,0.01015,0.2139,2793,0,0,0,0,0,0,0,0,0,0,0,0,0,0,0,0,0,0,0,0,0
1263616,617,0,69,68,0,0,1,-0.00234,0.00915,0.2093,2986,0,0,0,0,0,0,0,0,0,0,0,0,0,0,0,0,0,0,0,0,0
1265664,618,0,71,69,1,0,1,0.00083,0.00761,0.2077,2981,0,0,0,0,0,0,0,0,0,0,0,0,0,0,0,0,0,0,0,0,0
1267712,619,0,73,71,2,0,0,0.00113,0.01005,0.1963,3012,0,0,0,0,0,0,0,0,0,0,0,0,0,0,0,0,0,0,0,0,0
1269760,620,0,61,57,2,0,2,-0.00116,0.01046,0.2478,2978,0,0,0,0,0,0,0,0,0,0,0,0,0,0,0,0,0,0,0,0,0
1271808,621,0,66,60,1,1,4,-0.00302,0.01183,0.2439,2817,0,0,0,0,0,0,0,0,0,0,0,0,0,0,0,0,0,0,0,0,0
1273856,622,0,59,54,2,2,1,0.00097,0.01296,0.2573,3023,0,0,0,0,0,0,0,0,0,0,0,0,0,0,0,0,0,0,0,0,0
1275904,623,0,62,55,4,1,2,-0.0019,0.01307,0.2454,2556,0,0,0,0,0,0,0,0,0,0,0,0,0,0,0,0,0,0,0,0,0
1277952,624,0,64,62,1,0,1,-0.00837,0.00913,0.2246,2961,0,0,0,0,0,0,0,0,0,0,0,0,0,0,0,0,0,0,0,0,0
1280000,625,0,66,64,1,0,1,-0.00297,0.00757,0.2095,2907,0,0,0,0,0,0,0,0,0,0,0,0,0,0,0,0,0,0,0,0,0
1282048,626,0,48,47,0,0,1,0.00333,0.0101,0.2475,3005,0,0,0,0,0,0,0,0,0,0,0,0,0,0,0,0,0,0,0,0,0
1284096,627,0,60,52,2,0,6,0.00231,0.01611,0.248,2747,0,0,0,0,0,0,0,0,0,0,0,0,0,0,0,0,0,0,0,0,0
1286144,628,0,60,56,2,2,0,-0.00125,0.01042,0.2309,2648,0,0,0,0,0,0,0,0,0,0,0,0,0,0,0,0,0,0,0,0,0
1288192,629,0,68,64,1,0,3,-0.00321,0.00972,0.2003,2807,0,0,0,0,0,0,0,0,0,0,0,0,0,0,0,0,0,0,0,0,0
1290240,630,0,74,70,2,0,2,-0.00187,0.01006,0.2128,2826,0,0,0,0,0,0,0,0,0,0,0,0,0,0,0,0,0,0,0,0,0
1292288,631,0,64,60,2,2,0,-0.00598,0.01043,0.219,2850,0,0,0,0,0,0,0,0,0,0,0,0,0,0,0,0,0,0,0,0,0
1294336,632,0,58,55,1,0,2,-0.00278,0.00883,0.2154,2787,0,0,0,0,0,0,0,0,0,0,0,0,0,0,0,0,0,0,0,0,0
1296384,633,0,61,58,1,0,2,-0.0027,0.00767,0.2092,2761,0,0,0,0,0,0,0,0,0,0,0,0,0,0,0,0,0,0,0,0,0
1298432,634,0,56,53,0,0,3,-0.00065,0.00976,0.2099,2872,0,0,0,0,0,0,0,0,0,0,0,0,0,0,0,0,0,0,0,0,0
1300480,635,0,79,78,0,0,1,0.00115,0.00965,0.1834,2464,0,0,0,0,0,0,0,0,0,0,0,0,0,0,0,0,0,0,0,0,0
1302528,636,0,63,63,0,0,0,-0.00243,0.00564,0.2302,2847,0,0,0,0,0,0,0,0,0,0,0,0,0,0,0,0,0,0,0,0,0
1304576,637,0,74,72,1,0,1,-0.00217,0.00627,0.1906,2828,0,0,0,0,0,0,0,0,0,0,0,0,0,0,0,0,0,0,0,0,0
1306624,638,0,61,58,1,0,2,-0.00598,0.00767,0.2225,2860,0,0,0,0,0,0,0,0,0,0,0,0,0,0,0,0,0,0,0,0,0
1308672,639,0,49,47,0,0,2,-0.00233,0.00697,0.2146,2785,0,0,0,0,0,0,0,0,0,0,0,0,0,0,0,0,0,0,0,0,0
1310720,640,0,62,58,0,0,4,-0.0011,0.01059,0.1795,2608,0,0,0,0,0,0,0,0,0,0,0,0,0,0,0,0,0,0,0,0,0
1312768,641,0,72,69,0,1,2,0.00286,0.00967,0.1916,2565,0,0,0,0,0,0,0,0,0,0,0,0,0,0,0,0,0,0,0,0,0
1314816,642,0,62,61,0,0,1,-0.00479,0.00801,0.1696,2726,0,0,0,0,0,0,0,0,0,0,0,0,0,0,0,0,0,0,0,0,0
1316864,643,0,62,59,1,0,2,0.0004,0.00823,0.1946,2746,0,0,0,0,0,0,0,0,0,0,0,0,0,0,0,0,0,0,0,0,0
1318912,644,0,60,58,0,0,2,-0.00323,0.00737,0.2004,2925,0,0,0,0,0,0,0,0,0,0,0,0,0,0,0,0,0,0,0,0,0
1320960,645,0,56,53,0,0,3,-0.00243,0.00957,0.2029,2738,0,0,0,0,0,0,0,0,0,0,0,0,0,0,0,0,0,0,0,0,0
1323008,646,0,70,69,0,0,1,-0.00717,0.00921,0.1843,2823,0,0,0,0,0,0,0,0,0,0,0,0,0,0,0,0,0,0,0,0,0
1325056,647,0,70,70,0,0,0,-0.002,0.00678,0.1782,2690,0,0,0,0,0,0,0,0,0,0,0,0,0,0,0,0,0,0,0,0,0
1327104,648,0,74,71,0,0,3,0.00067,0.00675,0.1868,2914,0,0,0,0,0,0,0,0,0,0,0,0,0,0,0,0,0,0,0,0,0
1329152,649,0,55,54,0,0,1,-0.00239,0.00708,0.202,2828,0,0,0,0,0,0,0,0,0,0,0,0,0,0,0,0,0,0,0,0,0
1331200,650,0,77,71,2,0,4,-0.00588,0.00915,0.2206,2481,0,0,0,0,0,0,0,0,0,0,0,0,0,0,0,0,0,0,0,0,0
1333248,651,0,78,74,3,0,1,0.00752,0.00981,0.184,2862,0,0,0,0,0,0,0,0,0,0,0,0,0,0,0,0,0,0,0,0,0
1335296,652,0,72,69,1,2,0,0.01489,0.01134,0.1919,2645,0,0,0,0,0,0,0,0,0,0,0,0,0,0,0,0,0,0,0,0,0
1337344,653,0,78,73,1,3,1,-0.00396,0.00895,0.1725,2810,0,0,0,0,0,0,0,0,0,0,0,0,0,0,0,0,0,0,0,0,0
1339392,654,0,61,60,0,0,1,-0.00362,0.00618,0.1826,3031,0,0,0,0,0,0,0,0,0,0,0,0,0,0,0,0,0,0,0,0,0
1341440,655,0,76,74,0,0,2,-0.00447,0.00741,0.1816,2749,0,0,0,0,0,0,0,0,0,0,0,0,0,0,0,0,0,0,0,0,0
1343488,656,0,68,63,2,2,1,-0.00141,0.00995,0.2115,2979,0,0,0,0,0,0,0,0,0,0,0,0,0,0,0,0,0,0,0,0,0
1345536,657,0,65,63,2,0,0,0.00162,0.00739,0.2178,2924,0,0,0,0,0,0,0,0,0,0,0,0,0,0,0,0,0,0,0,0,0
1347584,658,0,52,47,2,1,2,-0.00187,0.00876,0.2208,2788,0,0,0,0,0,0,0,0,0,0,0,0,0,0,0,0,0,0,0,0,0
1349632,659,0,63,57,1,0,5,-0.00218,0.01252,0.189,2510,0,0,0,0,0,0,0,0,0,0,0,0,0,0,0,0,0,0,0,0,0
1351680,660,0,53,51,1,0,1,-0.00205,0.01008,0.2058,2929,0,0,0,0,0,0,0,0,0,0,0,0,0,0,0,0,0,0,0,0,0
1353728,661,0,56,52,1,0,3,0.00327,0.00984,0.2292,2858,0,0,0,0,0,0,0,0,0,0,0,0,0,0,0,0,0,0,0,0,0
1355776,662,0,68,66,0,0,2,0.00455,0.00775,0.2231,2859,0,0,0,0,0,0,0,0,0,0,0,0,0,0,0,0,0,0,0,0,0
1357824,663,0,77,75,0,0,2,0.00307,0.00811,0.1559,2866,0,0,0,0,0,0,0,0,0,0,0,0,0,0,0,0,0,0,0,0,0
1359872,664,0,61,60,0,0,1,0.00155,0.00808,0.1879,2707,0,0,0,0,0,0,0,0,0,0,0,0,0,0,0,0,0,0,0,0,0
1361920,665,0,78,77,0,0,1,-0.00153,0.00625,0.1673,2959,0,0,0,0,0,0,0,0,0,0,0,0,0,0,0,0,0,0,0,0,0
1363968,666,0,69,69,0,0,0,-0.00142,0.00404,0.203,2525,0,0,0,0,0,0,0,0,0,0,0,0,0,0,0,0,0,0,0,0,0
1366016,667,0,65,63,0,0,2,-0.00357,0.00607,0.2219,2830,0,0,0,0,0,0,0,0,0,0,0,0,0,0,0,0,0,0,0,0,0
1368064,668,0,60,60,0,0,0,0.00077,0.00555,0.2416,2888,0,0,0,0,0,0,0,0,0,0,0,0,0,0,0,0,0,0,0,0,0
1370112,669,0,64,60,2,0,2,-0.00465,0.01062,0.2349,2940,0,0,0,0,0,0,0,0,0,0,0,0,0,0,0,0,0,0,0,0,0
1372160,670,0,63,58,0,1,4,-0.00161,0.01089,0.2204,2890,0,0,0,0,0,0,0,0,0,0,0,0,0,0,0,0,0,0,0,0,0
1374208,671,0,72,71,0,0,1,2e-05,0.00777,0.208,2689,0,0,0,0,0,0,0,0,0,0,0,0,0,0,0,0,0,0,0,0,0
1376256,672,0,65,63,0,0,2,0.00241,0.00726,0.2117,2891,0,0,0,0,0,0,0,0,0,0,0,0,0,0,0,0,0,0,0,0,0
1378304,673,0,79,76,1,0,2,-0.00553,0.00887,0.1971,3075,0,0,0,0,0,0,0,0,0,0,0,0,0,0,0,0,0,0,0,0,0
1380352,674,0,56,55,0,0,1,-0.00193,0.00594,0.2388,2855,0,0,0,0,0,0,0,0,0,0,0,0,0,0,0,0,0,0,0,0,0
1382400,675,0,63,58,1,0,4,0.00058,0.00859,0.1896,2863,0,0,0,0,0,0,0,0,0,0,0,0,0,0,0,0,0,0,0,0,0
1384448,676,0,74,74,0,0,0,-0.00247,0.00651,0.1993,2739,0,0,0,0,0,0,0,0,0,0,0,0,0,0,0,0,0,0,0,0,0
1386496,677,0,68,65,0,0,3,0.00031,0.00864,0.1884,2740,0,0,0,0,0,0,0,0,0,0,0,0,0,0,0,0,0,0,0,0,0
1388544,678,0,69,69,0,0,0,-0.00082,0.00578,0.1835,2829,0,0,0,0,0,0,0,0,0,0,0,0,0,0,0,0,0,0,0,0,0
1390592,679,0,58,56,0,0,2,-0.00386,0.00706,0.2097,3003,0,0,0,0,0,0,0,0,0,0,0,0,0,0,0,0,0,0,0,0,0
1392640,680,0,60,58,0,0,2,0.00115,0.0095,0.2192,2975,0,0,0,0,0,0,0,0,0,0,0,0,0,0,0,0,0,0,0,0,0
1394688,681,0,51,48,0,0,3,0.01203,0.02321,0.2324,3091,0,0,0,0,0,0,0,0,0,0,0,0,0,0,0,0,0,0,0,0,0
1396736,682,0,55,51,1,0,3,-0.00142,0.0133,0.2217,2883,0,0,0,0,0,0,0,0,0,0,0,0,0,0,0,0,0,0,0,0,0
1398784,683,0,62,56,1,0,5,-0.00057,0.01318,0.2038,2744,0,0,0,0,0,0,0,0,0,0,0,0,0,0,0,0,0,0,0,0,0
1400832,684,0,72,70,0,0,2,-0.00525,0.00891,0.2305,2944,0,0,0,0,0,0,0,0,0,0,0,0,0,0,0,0,0,0,0,0,0
1402880,685,0,67,66,0,0,1,-0.00204,0.00833,0.2247,2898,0,0,0,0,0,0,0,0,0,0,0,0,0,0,0,0,0,0,0,0,0
1404928,686,0,63,62,0,0,1,-0.0011,0.00665,0.2424,3007,0,0,0,0,0,0,0,0,0,0,0,0,0,0,0,0,0,0,0,0,0
1406976,687,0,71,67,1,0,3,0.00182,0.00785,0.1885,3018,0,0,0,0,0,0,0,0,0,0,0,0,0,0,0,0,0,0,0,0,0
1409024,688,0,71,70,0,0,1,-0.0078,0.00642,0.2061,2990,0,0,0,0,0,0,0,0,0,0,0,0,0,0,0,0,0,0,0,0,0
1411072,689,0,73,71,0,0,2,0.00195,0.00727,0.2136,3118,0,0,0,0,0,0,0,0,0,0,0,0,0,0,0,0,0,0,0,0,0
1413120,690,0,63,61,1,0,1,-0.00167,0.0075,0.2494,2963,0,0,0,0,0,0,0,0,0,0,0,0,0,0,0,0,0,0,0,0,0
1415168,691,0,76,73,1,0,2,-0.00368,0.0087,0.1798,3136,0,0,0,0,0,0,0,0,0,0,0,0,0,0,0,0,0,0,0,0,0
1417216,692,0,73,71,1,0,1,0.00234,0.0071,0.1858,3009,0,0,0,0,0,0,0,0,0,0,0,0,0,0,0,0,0,0,0,0,0
1419264,693,0,77,75,0,1,1,0.00691,0.00744,0.1822,3019,0,0,0,0,0,0,0,0,0,0,0,0,0,0,0,0,0,0,0,0,0
1421312,694,0,64,61,1,0,2,-0.00481,0.00993,0.1868,2716,0,0,0,0,0,0,0,0,0,0,0,0,0,0,0,0,0,0,0,0,0
1423360,695,0,80,77,1,0,2,-0.00311,0.01057,0.19,2511,0,0,0,0,0,0,0,0,0,0,0,0,0,0,0,0,0,0,0,0,0
1425408,696,0,80,77,3,0,0,-0.00135,0.00799,0.1722,2485,0,0,0,0,0,0,0,0,0,0,0,0,0,0,0,0,0,0,0,0,0
1427456,697,0,61,60,1,0,0,-0.0027,0.0053,0.2029,2929,0,0,0,0,0,0,0,0,0,0,0,0,0,0,0,0,0,0,0,0,0
1429504,698,0,63,59,0,0,4,-0.00222,0.00841,0.2002,2808,0,0,0,0,0,0,0,0,0,0,0,0,0,0,0,0,0,0,0,0,0
1431552,699,0,68,67,0,0,1,-0.00372,0.00713,0.2207,2864,0,0,0,0,0,0,0,0,0,0,0,0,0,0,0,0,0,0,0,0,0
1433600,700,0,71,69,0,0,2,0.0,0.00635,0.203,2893,0,0,0,0,0,0,0,0,0,0,0,0,0,0,0,0,0,0,0,0,0
1435648,701,0,74,73,1,0,0,0.00079,0.00607,0.2202,2605,0,0,0,0,0,0,0,0,0,0,0,0,0,0,0,0,0,0,0,0,0
1437696,702,0,69,67,1,0,1,0.00125,0.00872,0.1853,2786,0,0,0,0,0,0,0,0,0,0,0,0,0,0,0,0,0,0,0,0,0
1439744,703,0,81,79,0,0,2,-0.00172,0.00849,0.1517,2773,0,0,0,0,0,0,0,0,0,0,0,0,0,0,0,0,0,0,0,0,0
1441792,704,0,79,76,1,2,0,-0.00216,0.01183,0.1712,2850,0,0,0,0,0,0,0,0,0,0,0,0,0,0,0,0,0,0,0,0,0
1443840,705,0,69,66,0,0,3,0.00845,0.00831,0.1831,2790,0,0,0,0,0,0,0,0,0,0,0,0,0,0,0,0,0,0,0,0,0
1445888,706,0,71,70,0,0,1,-0.00117,0.00834,0.1746,2712,0,0,0,0,0,0,0,0,0,0,0,0,0,0,0,0,0,0,0,0,0
1447936,707,0,70,68,0,0,2,-0.00306,0.00764,0.1798,2745,0,0,0,0,0,0,0,0,0,0,0,0,0,0,0,0,0,0,0,0,0
1449984,708,0,80,77,1,0,2,0.00053,0.00784,0.1574,2886,0,0,0,0,0,0,0,0,0,0,0,0,0,0,0,0,0,0,0,0,0
1452032,709,0,95,94,1,0,0,-0.00409,0.00564,0.1284,2880,0,0,0,0,0,0,0,0,0,0,0,0,0,0,0,0,0,0,0,0,0
1454080,710,0,79,77,1,1,0,0.00239,0.0066,0.14,2864,0,0,0,0,0,0,0,0,0,0,0,0,0,0,0,0,0,0,0,0,0
1456128,711,0,79,77,2,0,0,0.00257,0.00749,0.1804,2712,0,0,0,0,0,0,0,0,0,0,0,0,0,0,0,0,0,0,0,0,0
1458176,712,0,77,69,5,1,2,-0.00065,0.01349,0.1771,2741,0,0,0,0,0,0,0,0,0,0,0,0,0,0,0,0,0,0,0,0,0
1460224,713,0,84,84,0,0,0,-0.00194,0.00772,0.1618,2941,0,0,0,0,0,0,0,0,0,0,0,0,0,0,0,0,0,0,0,0,0
1462272,714,0,82,82,0,0,0,0.00076,0.00509,0.1593,2715,0,0,0,0,0,0,0,0,0,0,0,0,0,0,0,0,0,0,0,0,0
1464320,715,0,60,60,0,0,0,-0.00083,0.00586,0.1863,2818,0,0,0,0,0,0,0,0,0,0,0,0,0,0,0,0,0,0,0,0,0
1466368,716,0,68,64,0,0,4,0.0009,0.00942,0.1772,2916,0,0,0,0,0,0,0,0,0,0,0,0,0,0,0,0,0,0,0,0,0
1468416,717,0,66,65,0,0,1,-0.00337,0.00707,0.2069,2809,0,0,0,0,0,0,0,0,0,0,0,0,0,0,0,0,0,0,0,0,0
1470464,718,0,59,56,0,0,3,-0.00382,0.00925,0.2271,2862,0,0,0,0,0,0,0,0,0,0,0,0,0,0,0,0,0,0,0,0,0
1472512,719,0,67,65,0,0,2,0.00177,0.00763,0.2028,2604,0,0,0,0,0,0,0,0,0,0,0,0,0,0,0,0,0,0,0,0,0
1474560,720,0,71,68,1,0,2,-0.00178,0.00725,0.2044,2819,0,0,0,0,0,0,0,0,0,0,0,0,0,0,0,0,0,0,0,0,0
1476608,721,0,65,63,0,0,2,0.0005,0.00754,0.1909,2845,0,0,0,0,0,0,0,0,0,0,0,0,0,0,0,0,0,0,0,0,0
1478656,722,0,74,70,0,0,4,-0.00064,0.00891,0.1583,2802,0,0,0,0,0,0,0,0,0,0,0,0,0,0,0,0,0,0,0,0,0
1480704,723,0,89,88,1,0,0,-0.00187,0.00726,0.1454,2667,0,0,0,0,0,0,0,0,0,0,0,0,0,0,0,0,0,0,0,0,0
1482752,724,0,75,74,1,0,0,-0.00333,0.00654,0.1805,2572,0,0,0,0,0,0,0,0,0,0,0,0,0,0,0,0,0,0,0,0,0
1484800,725,0,72,69,1,0,2,0.00401,0.00793,0.2186,2536,0,0,0,0,0,0,0,0,0,0,0,0,0,0,0,0,0,0,0,0,0
1486848,726,0,78,75,1,0,2,0.00141,0.00702,0.2161,2776,0,0,0,0,0,0,0,0,0,0,0,0,0,0,0,0,0,0,0,0,0
1488896,727,0,68,67,0,1,0,-0.00185,0.00516,0.1654,2846,0,0,0,0,0,0,0,0,0,0,0,0,0,0,0,0,0,0,0,0,0
1490944,728,0,78,73,4,0,1,0.01422,0.01133,0.1635,2711,0,0,0,0,0,0,0,0,0,0,0,0,0,0,0,0,0,0,0,0,0
1492992,729,0,67,66,1,0,0,0.0002,0.00443,0.184,2919,0,0,0,0,0,0,0,0,0,0,0,0,0,0,0,0,0,0,0,0,0
1495040,730,0,68,65,0,1,2,0.00571,0.01011,0.1732,2804,0,0,0,0,0,0,0,0,0,0,0,0,0,0,0,0,0,0,0,0,0
1497088,731,0,51,51,0,0,0,-0.00078,0.00523,0.1928,2950,0,0,0,0,0,0,0,0,0,0,0,0,0,0,0,0,0,0,0,0,0
1499136,732,0,66,61,0,0,5,-0.00376,0.01135,0.219,2861,0,0,0,0,0,0,0,0,0,0,0,0,0,0,0,0,0,0,0,0,0
1501184,733,0,68,65,0,1,2,-0.00151,0.00821,0.2068,2760,0,0,0,0,0,0,0,0,0,0,0,0,0,0,0,0,0,0,0,0,0
1503232,734,0,71,69,0,0,2,-0.00158,0.00583,0.2412,2890,0,0,0,0,0,0,0,0,0,0,0,0,0,0,0,0,0,0,0,0,0
1505280,735,0,84,81,1,0,2,0.00503,0.00783,0.1706,2579,0,0,0,0,0,0,0,0,0,0,0,0,0,0,0,0,0,0,0,0,0
1507328,736,0,69,69,0,0,0,0.00306,0.0046,0.2059,2861,0,0,0,0,0,0,0,0,0,0,0,0,0,0,0,0,0,0,0,0,0
1509376,737,0,78,75,0,0,3,0.00312,0.00682,0.1883,2706,0,0,0,0,0,0,0,0,0,0,0,0,0,0,0,0,0,0,0,0,0
1511424,738,0,74,73,1,0,0,-0.00301,0.00632,0.1578,2703,0,0,0,0,0,0,0,0,0,0,0,0,0,0,0,0,0,0,0,0,0
1513472,739,0,83,81,1,0,1,0.00035,0.00623,0.1365,2659,0,0,0,0,0,0,0,0,0,0,0,0,0,0,0,0,0,0,0,0,0
1515520,740,0,78,77,1,0,0,0.00207,0.00696,0.1741,2490,0,0,0,0,0,0,0,0,0,0,0,0,0,0,0,0,0,0,0,0,0
1517568,741,0,78,78,0,0,0,0.0006,0.00506,0.1435,2424,0,0,0,0,0,0,0,0,0,0,0,0,0,0,0,0,0,0,0,0,0
1519616,742,0,82,82,0,0,0,-0.00182,0.00447,0.1563,2502,0,0,0,0,0,0,0,0,0,0,0,0,0,0,0,0,0,0,0,0,0
1521664,743,0,63,59,2,0,2,-0.00242,0.00884,0.1875,2574,0,0,0,0,0,0,0,0,0,0,0,0,0,0,0,0,0,0,0,0,0
1523712,744,0,63,60,0,1,2,0.00196,0.00803,0.1792,2711,0,0,0,0,0,0,0,0,0,0,0,0,0,0,0,0,0,0,0,0,0
1525760,745,0,76,74,0,0,2,-0.00099,0.00852,0.1549,2798,0,0,0,0,0,0,0,0,0,0,0,0,0,0,0,0,0,0,0,0,0
1527808,746,0,78,76,1,0,1,-0.00122,0.00663,0.1601,3005,0,0,0,0,0,0,0,0,0,0,0,0,0,0,0,0,0,0,0,0,0
1529856,747,0,68,68,0,0,0,-0.00366,0.0052,0.2053,2849,0,0,0,0,0,0,0,0,0,0,0,0,0,0,0,0,0,0,0,0,0
1531904,748,0,68,64,0,0,4,0.00286,0.00798,0.1819,2686,0,0,0,0,0,0,0,0,0,0,0,0,0,0,0,0,0,0,0,0,0
1533952,749,0,60,59,0,0,1,-0.0039,0.00676,0.1671,2852,0,0,0,0,0,0,0,0,0,0,0,0,0,0,0,0,0,0,0,0,0
1536000,750,0,86,82,0,1,3,-0.00418,0.00987,0.1428,2745,0,0,0,0,0,0,0,0,0,0,0,0,0,0,0,0,0,0,0,0,0
1538048,751,0,76,75,0,0,1,-0.00197,0.00779,0.1586,2872,0,0,0,0,0,0,0,0,0,0,0,0,0,0,0,0,0,0,0,0,0
1540096,752,0,75,75,0,0,0,-0.00144,0.00621,0.1542,2843,0,0,0,0,0,0,0,0,0,0,0,0,0,0,0,0,0,0,0,0,0
1542144,753,0,76,75,0,0,1,0.00319,0.00696,0.1458,3168,0,0,0,0,0,0,0,0,0,0,0,0,0,0,0,0,0,0,0,0,0
1544192,754,0,69,69,0,0,0,-0.00234,0.00533,0.1569,2958,0,0,0,0,0,0,0,0,0,0,0,0,0,0,0,0,0,0,0,0,0
1546240,755,0,78,76,0,0,2,-0.00098,0.00648,0.1402,3161,0,0,0,0,0,0,0,0,0,0,0,0,0,0,0,0,0,0,0,0,0
1548288,756,0,56,55,0,0,1,-0.01301,0.00643,0.1922,3051,0,0,0,0,0,0,0,0,0,0,0,0,0,0,0,0,0,0,0,0,0
1550336,757,0,63,61,0,0,2,-0.00319,0.00852,0.1512,3036,0,0,0,0,0,0,0,0,0,0,0,0,0,0,0,0,0,0,0,0,0
1552384,758,0,76,72,1,0,3,0.00215,0.00951,0.1265,2859,0,0,0,0,0,0,0,0,0,0,0,0,0,0,0,0,0,0,0,0,0
1554432,759,0,81,80,0,0,1,0.00056,0.0063,0.1295,3035,0,0,0,0,0,0,0,0,0,0,0,0,0,0,0,0,0,0,0,0,0
1556480,760,0,64,62,0,1,1,0.00334,0.00904,0.2063,2906,0,0,0,0,0,0,0,0,0,0,0,0,0,0,0,0,0,0,0,0,0
1558528,761,0,60,58,0,0,2,0.00052,0.00835,0.1846,2912,0,0,0,0,0,0,0,0,0,0,0,0,0,0,0,0,0,0,0,0,0
1560576,762,0,68,65,0,0,3,-0.0003,0.01014,0.1239,3178,0,0,0,0,0,0,0,0,0,0,0,0,0,0,0,0,0,0,0,0,0
1562624,763,0,73,71,0,0,2,-0.00183,0.0092,0.1527,2933,0,0,0,0,0,0,0,0,0,0,0,0,0,0,0,0,0,0,0,0,0
1564672,764,0,74,72,0,0,2,-0.0005,0.00698,0.1265,2838,0,0,0,0,0,0,0,0,0,0,0,0,0,0,0,0,0,0,0,0,0
1566720,765,0,79,78,0,0,1,0.00365,0.00512,0.1245,2648,0,0,0,0,0,0,0,0,0,0,0,0,0,0,0,0,0,0,0,0,0
1568768,766,0,75,73,0,0,2,-0.0043,0.00615,0.1618,3097,0,0,0,0,0,0,0,0,0,0,0,0,0,0,0,0,0,0,0,0,0
1570816,767,0,76,72,1,0,3,-0.00251,0.00838,0.174,2752,0,0,0,0,0,0,0,0,0,0,0,0,0,0,0,0,0,0,0,0,0
1572864,768,0,89,87,1,0,1,-0.003,0.0067,0.1112,3039,0,0,0,0,0,0,0,0,0,0,0,0,0,0,0,0,0,0,0,0,0
1574912,769,0,92,92,0,0,0,-0.00463,0.00619,0.1387,3158,0,0,0,0,0,0,0,0,0,0,0,0,0,0,0,0,0,0,0,0,0
1576960,770,0,81,79,0,0,2,0.00232,0.00864,0.1737,3128,0,0,0,0,0,0,0,0,0,0,0,0,0,0,0,0,0,0,0,0,0
1579008,771,0,79,78,0,0,1,-0.00666,0.00767,0.1838,3076,0,0,0,0,0,0,0,0,0,0,0,0,0,0,0,0,0,0,0,0,0
1581056,772,0,79,78,1,0,0,-0.00152,0.00579,0.1679,3145,0,0,0,0,0,0,0,0,0,0,0,0,0,0,0,0,0,0,0,0,0
1583104,773,0,79,77,1,0,1,0.0032,0.00864,0.1565,2943,0,0,0,0,0,0,0,0,0,0,0,0,0,0,0,0,0,0,0,0,0
1585152,774,0,68,67,0,0,1,0.00239,0.0052,0.1822,2663,0,0,0,0,0,0,0,0,0,0,0,0,0,0,0,0,0,0,0,0,0
1587200,775,0,72,69,0,0,3,-0.00329,0.0076,0.1384,2936,0,0,0,0,0,0,0,0,0,0,0,0,0,0,0,0,0,0,0,0,0
1589248,776,0,69,67,1,0,1,-0.0032,0.0064,0.1394,2935,0,0,0,0,0,0,0,0,0,0,0,0,0,0,0,0,0,0,0,0,0
1591296,777,0,74,73,0,1,0,0.00099,0.00668,0.1475,3157,0,0,0,0,0,0,0,0,0,0,0,0,0,0,0,0,0,0,0,0,0
1593344,778,0,70,67,1,0,2,0.00098,0.01043,0.1798,2736,0,0,0,0,0,0,0,0,0,0,0,0,0,0,0,0,0,0,0,0,0
1595392,779,0,73,73,0,0,0,0.00119,0.01081,0.1441,2814,0,0,0,0,0,0,0,0,0,0,0,0,0,0,0,0,0,0,0,0,0
1597440,780,0,64,61,2,0,1,-0.00188,0.01237,0.1443,2980,0,0,0,0,0,0,0,0,0,0,0,0,0,0,0,0,0,0,0,0,0
1599488,781,0,83,81,0,0,2,-0.00285,0.00705,0.1467,2900,0,0,0,0,0,0,0,0,0,0,0,0,0,0,0,0,0,0,0,0,0
1601536,782,0,72,71,0,0,1,-0.00225,0.00687,0.1653,2959,0,0,0,0,0,0,0,0,0,0,0,0,0,0,0,0,0,0,0,0,0
1603584,783,0,66,65,0,0,1,-0.00028,0.00601,0.1663,3019,0,0,0,0,0,0,0,0,0,0,0,0,0,0,0,0,0,0,0,0,0
1605632,784,0,63,63,0,0,0,-0.00082,0.00537,0.1509,2902,0,0,0,0,0,0,0,0,0,0,0,0,0,0,0,0,0,0,0,0,0
1607680,785,0,62,61,1,0,0,-0.00037,0.00729,0.1799,2840,0,0,0,0,0,0,0,0,0,0,0,0,0,0,0,0,0,0,0,0,0
1609728,786,0,66,60,2,2,2,-0.00403,0.01061,0.1772,2845,0,0,0,0,0,0,0,0,0,0,0,0,0,0,0,0,0,0,0,0,0
1611776,787,0,90,86,2,1,1,-0.00359,0.0081,0.1568,2660,0,0,0,0,0,0,0,0,0,0,0,0,0,0,0,0,0,0,0,0,0
1613824,788,0,70,69,0,0,1,0.00014,0.00634,0.2105,2486,0,0,0,0,0,0,0,0,0,0,0,0,0,0,0,0,0,0,0,0,0
1615872,789,0,62,60,0,0,2,-0.00124,0.00709,0.2069,3128,0,0,0,0,0,0,0,0,0,0,0,0,0,0,0,0,0,0,0,0,0
1617920,790,0,73,72,0,0,1,-0.00264,0.00811,0.1453,2875,0,0,0,0,0,0,0,0,0,0,0,0,0,0,0,0,0,0,0,0,0
1619968,791,0,73,73,0,0,0,-0.00071,0.00477,0.1781,2690,0,0,0,0,0,0,0,0,0,0,0,0,0,0,0,0,0,0,0,0,0
1622016,792,0,81,76,0,0,5,-0.0014,0.00898,0.1732,3022,0,0,0,0,0,0,0,0,0,0,0,0,0,0,0,0,0,0,0,0,0
1624064,793,0,76,76,0,0,0,0.00958,0.00569,0.1707,3004,0,0,0,0,0,0,0,0,0,0,0,0,0,0,0,0,0,0,0,0,0
1626112,794,0,87,86,0,0,1,0.00263,0.00584,0.1593,2823,0,0,0,0,0,0,0,0,0,0,0,0,0,0,0,0,0,0,0,0,0
1628160,795,0,89,87,0,0,2,-0.00228,0.00655,0.1689,2608,0,0,0,0,0,0,0,0,0,0,0,0,0,0,0,0,0,0,0,0,0
1630208,796,0,69,69,0,0,0,-0.00638,0.00528,0.2126,2970,0,0,0,0,0,0,0,0,0,0,0,0,0,0,0,0,0,0,0,0,0
1632256,797,0,72,70,0,0,2,-0.0066,0.00711,0.2178,3064,0,0,0,0,0,0,0,0,0,0,0,0,0,0,0,0,0,0,0,0,0
1634304,798,0,72,68,2,0,2,-0.00575,0.00883,0.2223,3202,0,0,0,0,0,0,0,0,0,0,0,0,0,0,0,0,0,0,0,0,0
1636352,799,0,73,71,0,0,2,-0.00532,0.00732,0.2003,3056,0,0,0,0,0,0,0,0,0,0,0,0,0,0,0,0,0,0,0,0,0
1638400,800,0,79,78,0,0,1,-0.00342,0.00737,0.1647,2901,0,0,0,0,0,0,0,0,0,0,0,0,0,0,0,0,0,0,0,0,0
1640448,801,0,87,85,0,1,1,0.00314,0.00706,0.1684,2893,0,0,0,0,0,0,0,0,0,0,0,0,0,0,0,0,0,0,0,0,0
1642496,802,0,69,69,0,0,0,-0.00162,0.00521,0.2078,2921,0,0,0,0,0,0,0,0,0,0,0,0,0,0,0,0,0,0,0,0,0
1644544,803,0,73,70,0,0,3,-0.0027,0.00748,0.1756,3004,0,0,0,0,0,0,0,0,0,0,0,0,0,0,0,0,0,0,0,0,0
1646592,804,0,83,79,2,0,2,-7e-05,0.00956,0.131,2864,0,0,0,0,0,0,0,0,0,0,0,0,0,0,0,0,0,0,0,0,0
1648640,805,0,83,80,3,0,0,-0.00364,0.00632,0.1484,2885,0,0,0,0,0,0,0,0,0,0,0,0,0,0,0,0,0,0,0,0,0
1650688,806,0,82,77,5,0,0,-0.00439,0.00737,0.1576,3003,0,0,0,0,0,0,0,0,0,0,0,0,0,0,0,0,0,0,0,0,0
1652736,807,0,69,67,1,0,1,-0.00482,0.00884,0.1844,2792,0,0,0,0,0,0,0,0,0,0,0,0,0,0,0,0,0,0,0,0,0
1654784,808,0,70,67,2,0,1,-0.00121,0.00909,0.1919,3119,0,0,0,0,0,0,0,0,0,0,0,0,0,0,0,0,0,0,0,0,0
1656832,809,0,79,77,1,0,1,-0.00235,0.00688,0.1858,2891,0,0,0,0,0,0,0,0,0,0,0,0,0,0,0,0,0,0,0,0,0
1658880,810,0,71,70,0,0,1,-0.00157,0.00703,0.2276,2808,0,0,0,0,0,0,0,0,0,0,0,0,0,0,0,0,0,0,0,0,0
1660928,811,0,80,78,0,0,2,-0.00401,0.006,0.1779,2728,0,0,0,0,0,0,0,0,0,0,0,0,0,0,0,0,0,0,0,0,0
1662976,812,0,89,87,0,0,2,-0.00558,0.00551,0.1553,2804,0,0,0,0,0,0,0,0,0,0,0,0,0,0,0,0,0,0,0,0,0
1665024,813,0,64,64,0,0,0,-0.00269,0.00447,0.2142,2888,0,0,0,0,0,0,0,0,0,0,0,0,0,0,0,0,0,0,0,0,0
1667072,814,0,75,71,1,0,3,-0.00108,0.00943,0.1802,2968,0,0,0,0,0,0,0,0,0,0,0,0,0,0,0,0,0,0,0,0,0
1669120,815,0,77,76,0,0,1,0.0002,0.00552,0.1873,3076,0,0,0,0,0,0,0,0,0,0,0,0,0,0,0,0,0,0,0,0,0
1671168,816,0,67,65,0,0,2,-0.00498,0.00723,0.2043,2827,0,0,0,0,0,0,0,0,0,0,0,0,0,0,0,0,0,0,0,0,0
1673216,817,0,71,71,0,0,0,-0.00224,0.00464,0.2022,2955,0,0,0,0,0,0,0,0,0,0,0,0,0,0,0,0,0,0,0,0,0
1675264,818,0,59,56,0,0,3,-0.00146,0.00746,0.1719,2771,0,0,0,0,0,0,0,0,0,0,0,0,0,0,0,0,0,0,0,0,0
1677312,819,0,72,69,1,0,2,-0.00233,0.00963,0.171,2681,0,0,0,0,0,0,0,0,0,0,0,0,0,0,0,0,0,0,0,0,0
1679360,820,0,71,69,1,0,1,0.0015,0.00594,0.2044,3066,0,0,0,0,0,0,0,0,0,0,0,0,0,0,0,0,0,0,0,0,0
1681408,821,0,72,67,1,0,4,-0.00043,0.00989,0.1832,2933,0,0,0,0,0,0,0,0,0,0,0,0,0,0,0,0,0,0,0,0,0
1683456,822,0,75,70,2,3,0,0.00487,0.01101,0.1856,2921,0,0,0,0,0,0,0,0,0,0,0,0,0,0,0,0,0,0,0,0,0
1685504,823,0,75,73,0,0,2,-0.00176,0.00829,0.1573,2944,0,0,0,0,0,0,0,0,0,0,0,0,0,0,0,0,0,0,0,0,0
1687552,824,0,83,82,0,1,0,-0.00309,0.0079,0.1418,2927,0,0,0,0,0,0,0,0,0,0,0,0,0,0,0,0,0,0,0,0,0
1689600,825,0,87,86,0,0,1,0.00303,0.0046,0.1314,3095,0,0,0,0,0,0,0,0,0,0,0,0,0,0,0,0,0,0,0,0,0
1691648,826,0,77,75,0,1,1,-0.00357,0.00632,0.1495,2933,0,0,0,0,0,0,0,0,0,0,0,0,0,0,0,0,0,0,0,0,0
1693696,827,0,71,71,0,0,0,-0.00313,0.00529,0.1999,3007,0,0,0,0,0,0,0,0,0,0,0,0,0,0,0,0,0,0,0,0,0
1695744,828,0,75,72,1,0,2,-0.00051,0.00707,0.1706,3057,0,0,0,0,0,0,0,0,0,0,0,0,0,0,0,0,0,0,0,0,0
1697792,829,0,78,74,3,0,1,-0.00191,0.01059,0.1911,2786,0,0,0,0,0,0,0,0,0,0,0,0,0,0,0,0,0,0,0,0,0
1699840,830,0,74,73,1,0,0,0.00059,0.00537,0.1634,2883,0,0,0,0,0,0,0,0,0,0,0,0,0,0,0,0,0,0,0,0,0
1701888,831,0,87,85,0,0,2,-0.00028,0.00508,0.1455,3080,0,0,0,0,0,0,0,0,0,0,0,0,0,0,0,0,0,0,0,0,0
1703936,832,0,90,89,1,0,0,0.00869,0.00457,0.1423,3259,0,0,0,0,0,0,0,0,0,0,0,0,0,0,0,0,0,0,0,0,0
1705984,833,0,73,70,3,0,0,-0.00287,0.00816,0.2003,3257,0,0,0,0,0,0,0,0,0,0,0,0,0,0,0,0,0,0,0,0,0
1708032,834,0,62,60,0,0,2,-0.00178,0.00581,0.1956,2847,0,0,0,0,0,0,0,0,0,0,0,0,0,0,0,0,0,0,0,0,0
1710080,835,0,64,62,1,0,1,-0.00689,0.00764,0.1855,2770,0,0,0,0,0,0,0,0,0,0,0,0,0,0,0,0,0,0,0,0,0
1712128,836,0,83,82,0,0,1,-0.00468,0.0067,0.1764,2930,0,0,0,0,0,0,0,0,0,0,0,0,0,0,0,0,0,0,0,0,0
1714176,837,0,85,82,1,1,1,-0.00525,0.00812,0.1366,3074,0,0,0,0,0,0,0,0,0,0,0,0,0,0,0,0,0,0,0,0,0
1716224,838,0,77,75,1,1,0,-0.00043,0.00743,0.1807,2802,0,0,0,0,0,0,0,0,0,0,0,0,0,0,0,0,0,0,0,0,0
1718272,839,0,72,70,1,0,1,-0.00061,0.00617,0.154,2456,0,0,0,0,0,0,0,0,0,0,0,0,0,0,0,0,0,0,0,0,0
1720320,840,0,85,84,0,0,1,0.00292,0.00561,0.1543,3001,0,0,0,0,0,0,0,0,0,0,0,0,0,0,0,0,0,0,0,0,0
1722368,841,0,58,55,2,1,0,0.00535,0.00883,0.1525,2934,0,0,0,0,0,0,0,0,0,0,0,0,0,0,0,0,0,0,0,0,0
1724416,842,0,66,63,1,0,2,0.00181,0.00749,0.1243,2930,0,0,0,0,0,0,0,0,0,0,0,0,0,0,0,0,0,0,0,0,0
1726464,843,0,89,84,2,0,3,-0.00367,0.00996,0.1666,2796,0,0,0,0,0,0,0,0,0,0,0,0,0,0,0,0,0,0,0,0,0
1728512,844,0,77,75,2,0,0,-0.00296,0.00696,0.18,2817,0,0,0,0,0,0,0,0,0,0,0,0,0,0,0,0,0,0,0,0,0
1730560,845,0,80,77,1,0,2,-0.00311,0.00901,0.1521,2951,0,0,0,0,0,0,0,0,0,0,0,0,0,0,0,0,0,0,0,0,0
1732608,846,0,88,87,0,0,1,-0.00146,0.00708,0.1457,3173,0,0,0,0,0,0,0,0,0,0,0,0,0,0,0,0,0,0,0,0,0
1734656,847,0,81,80,1,0,0,-0.00326,0.00507,0.1301,3020,0,0,0,0,0,0,0,0,0,0,0,0,0,0,0,0,0,0,0,0,0
1736704,848,0,89,89,0,0,0,-0.00341,0.00352,0.1293,2980,0,0,0,0,0,0,0,0,0,0,0,0,0,0,0,0,0,0,0,0,0
1738752,849,0,76,74,2,0,0,-0.00204,0.00788,0.1287,3074,0,0,0,0,0,0,0,0,0,0,0,0,0,0,0,0,0,0,0,0,0
1740800,850,0,74,73,0,0,1,0.00239,0.00568,0.1523,3100,0,0,0,0,0,0,0,0,0,0,0,0,0,0,0,0,0,0,0,0,0
1742848,851,0,64,62,0,1,1,-0.00109,0.00759,0.1581,2920,0,0,0,0,0,0,0,0,0,0,0,0,0,0,0,0,0,0,0,0,0
1744896,852,0,65,62,0,0,3,-0.00478,0.01119,0.1163,2790,0,0,0,0,0,0,0,0,0,0,0,0,0,0,0,0,0,0,0,0,0
1746944,853,0,56,52,0,0,4,-0.00058,0.01063,0.1461,2875,0,0,0,0,0,0,0,0,0,0,0,0,0,0,0,0,0,0,0,0,0
1748992,854,0,64,61,1,0,2,-0.0004,0.00775,0.1767,2920,0,0,0,0,0,0,0,0,0,0,0,0,0,0,0,0,0,0,0,0,0
1751040,855,0,75,74,1,0,0,0.00202,0.00738,0.1601,2972,0,0,0,0,0,0,0,0,0,0,0,0,0,0,0,0,0,0,0,0,0
1753088,856,0,53,52,0,0,1,-0.00153,0.00608,0.1844,3109,0,0,0,0,0,0,0,0,0,0,0,0,0,0,0,0,0,0,0,0,0
1755136,857,0,52,47,0,0,5,-0.00144,0.01272,0.1792,3175,0,0,0,0,0,0,0,0,0,0,0,0,0,0,0,0,0,0,0,0,0
1757184,858,0,54,51,0,0,3,0.00128,0.01582,0.1759,2943,0,0,0,0,0,0,0,0,0,0,0,0,0,0,0,0,0,0,0,0,0
1759232,859,0,77,75,0,1,1,7e-05,0.00941,0.1519,3212,0,0,0,0,0,0,0,0,0,0,0,0,0,0,0,0,0,0,0,0,0
1761280,860,0,75,73,2,0,0,-0.00088,0.00646,0.1357,2860,0,0,0,0,0,0,0,0,0,0,0,0,0,0,0,0,0,0,0,0,0
1763328,861,0,59,55,2,0,2,0.00983,0.01077,0.1596,2759,0,0,0,0,0,0,0,0,0,0,0,0,0,0,0,0,0,0,0,0,0
1765376,862,0,68,66,0,0,2,-0.00772,0.00741,0.1654,2949,0,0,0,0,0,0,0,0,0,0,0,0,0,0,0,0,0,0,0,0,0
1767424,863,0,58,55,1,0,2,0.00194,0.0063,0.1388,3084,0,0,0,0,0,0,0,0,0,0,0,0,0,0,0,0,0,0,0,0,0
1769472,864,0,60,55,1,0,4,-0.00056,0.00943,0.172,3155,0,0,0,0,0,0,0,0,0,0,0,0,0,0,0,0,0,0,0,0,0
1771520,865,0,74,69,3,0,2,0.00904,0.01107,0.134,2733,0,0,0,0,0,0,0,0,0,0,0,0,0,0,0,0,0,0,0,0,0
1773568,866,0,84,82,1,0,1,0.00244,0.00759,0.1287,2688,0,0,0,0,0,0,0,0,0,0,0,0,0,0,0,0,0,0,0,0,0
1775616,867,0,61,61,0,0,0,0.00097,0.00464,0.1829,2880,0,0,0,0,0,0,0,0,0,0,0,0,0,0,0,0,0,0,0,0,0
1777664,868,0,72,68,0,1,3,-0.00345,0.00696,0.1746,2810,0,0,0,0,0,0,0,0,0,0,0,0,0,0,0,0,0,0,0,0,0
1779712,869,0,85,84,0,0,1,-0.00296,0.00523,0.1352,2848,0,0,0,0,0,0,0,0,0,0,0,0,0,0,0,0,0,0,0,0,0
1781760,870,0,69,69,0,0,0,-0.00292,0.00633,0.1551,2835,0,0,0,0,0,0,0,0,0,0,0,0,0,0,0,0,0,0,0,0,0
1783808,871,0,61,61,0,0,0,-0.00255,0.00596,0.111,2965,0,0,0,0,0,0,0,0,0,0,0,0,0,0,0,0,0,0,0,0,0
1785856,872,0,52,48,0,0,4,-0.00369,0.00737,0.1617,2802,0,0,0,0,0,0,0,0,0,0,0,0,0,0,0,0,0,0,0,0,0
1787904,873,0,69,67,0,0,2,-0.00221,0.00838,0.1412,2617,0,0,0,0,0,0,0,0,0,0,0,0,0,0,0,0,0,0,0,0,0
1789952,874,0,67,65,1,0,1,-0.00304,0.00783,0.1539,2611,0,0,0,0,0,0,0,0,0,0,0,0,0,0,0,0,0,0,0,0,0
1792000,875,0,56,53,1,0,2,0.00017,0.00908,0.1599,2732,0,0,0,0,0,0,0,0,0,0,0,0,0,0,0,0,0,0,0,0,0
1794048,876,0,63,59,0,1,3,-0.00435,0.00781,0.1221,2601,0,0,0,0,0,0,0,0,0,0,0,0,0,0,0,0,0,0,0,0,0
1796096,877,0,75,72,0,0,3,0.00429,0.0078,0.126,2779,0,0,0,0,0,0,0,0,0,0,0,0,0,0,0,0,0,0,0,0,0
1798144,878,0,74,70,0,1,3,0.00168,0.00785,0.1105,2899,0,0,0,0,0,0,0,0,0,0,0,0,0,0,0,0,0,0,0,0,0
1800192,879,0,86,84,1,0,1,0.00684,0.00774,0.1233,2804,0,0,0,0,0,0,0,0,0,0,0,0,0,0,0,0,0,0,0,0,0
1802240,880,0,81,79,1,0,1,0.00544,0.00755,0.1088,2660,0,0,0,0,0,0,0,0,0,0,0,0,0,0,0,0,0,0,0,0,0
1804288,881,0,87,86,0,0,1,-0.00102,0.00432,0.1164,2945,0,0,0,0,0,0,0,0,0,0,0,0,0,0,0,0,0,0,0,0,0
1806336,882,0,87,86,0,0,1,-0.0042,0.0051,0.1237,2915,0,0,0,0,0,0,0,0,0,0,0,0,0,0,0,0,0,0,0,0,0
1808384,883,0,71,70,0,0,1,-0.00593,0.00725,0.141,2782,0,0,0,0,0,0,0,0,0,0,0,0,0,0,0,0,0,0,0,0,0
1810432,884,0,62,60,0,0,2,0.00078,0.00874,0.1586,2536,0,0,0,0,0,0,0,0,0,0,0,0,0,0,0,0,0,0,0,0,0
1812480,885,0,68,67,0,0,1,-0.00203,0.00638,0.1618,2593,0,0,0,0,0,0,0,0,0,0,0,0,0,0,0,0,0,0,0,0,0
1814528,886,0,80,77,0,1,2,-0.00356,0.00739,0.1089,2582,0,0,0,0,0,0,0,0,0,0,0,0,0,0,0,0,0,0,0,0,0
1816576,887,0,57,55,1,0,1,-0.00183,0.00779,0.1252,2377,0,0,0,0,0,0,0,0,0,0,0,0,0,0,0,0,0,0,0,0,0
1818624,888,0,77,74,0,0,3,0.00121,0.01043,0.1544,2720,0,0,0,0,0,0,0,0,0,0,0,0,0,0,0,0,0,0,0,0,0
1820672,889,0,72,69,0,1,2,-0.00089,0.01135,0.1531,2631,0,0,0,0,0,0,0,0,0,0,0,0,0,0,0,0,0,0,0,0,0
1822720,890,0,78,77,0,0,1,0.00204,0.00707,0.1386,2658,0,0,0,0,0,0,0,0,0,0,0,0,0,0,0,0,0,0,0,0,0
1824768,891,0,83,83,0,0,0,-0.00174,0.00473,0.1417,2383,0,0,0,0,0,0,0,0,0,0,0,0,0,0,0,0,0,0,0,0,0
1826816,892,0,66,63,0,0,3,-0.00427,0.00566,0.1892,2727,0,0,0,0,0,0,0,0,0,0,0,0,0,0,0,0,0,0,0,0,0
1828864,893,0,77,76,0,0,1,-0.00397,0.0055,0.1248,2517,0,0,0,0,0,0,0,0,0,0,0,0,0,0,0,0,0,0,0,0,0
1830912,894,0,90,89,0,0,1,-0.00029,0.00576,0.104,2781,0,0,0,0,0,0,0,0,0,0,0,0,0,0,0,0,0,0,0,0,0
1832960,895,0,84,84,0,0,0,-0.00123,0.00492,0.1148,2866,0,0,0,0,0,0,0,0,0,0,0,0,0,0,0,0,0,0,0,0,0
1835008,896,0,78,78,0,0,0,-0.00286,0.00531,0.1289,2825,0,0,0,0,0,0,0,0,0,0,0,0,0,0,0,0,0,0,0,0,0
1837056,897,0,68,66,0,0,2,-0.00893,0.00597,0.124,2836,0,0,0,0,0,0,0,0,0,0,0,0,0,0,0,0,0,0,0,0,0
1839104,898,0,65,63,1,0,1,-0.00088,0.00971,0.1421,2887,0,0,0,0,0,0,0,0,0,0,0,0,0,0,0,0,0,0,0,0,0
1841152,899,0,59,56,0,0,3,-0.00282,0.00828,0.1422,2699,0,0,0,0,0,0,0,0,0,0,0,0,0,0,0,0,0,0,0,0,0
1843200,900,0,78,76,2,0,0,-0.00409,0.0092,0.1048,2598,0,0,0,0,0,0,0,0,0,0,0,0,0,0,0,0,0,0,0,0,0
1845248,901,0,73,72,0,0,1,-0.00188,0.00839,0.1393,2665,0,0,0,0,0,0,0,0,0,0,0,0,0,0,0,0,0,0,0,0,0
1847296,902,0,72,70,1,0,1,-0.00364,0.0072,0.1424,2759,0,0,0,0,0,0,0,0,0,0,0,0,0,0,0,0,0,0,0,0,0
1849344,903,0,78,76,0,0,2,-0.00889,0.00693,0.1271,3042,0,0,0,0,0,0,0,0,0,0,0,0,0,0,0,0,0,0,0,0,0
1851392,904,0,89,88,0,0,1,0.00081,0.00648,0.1148,3104,0,0,0,0,0,0,0,0,0,0,0,0,0,0,0,0,0,0,0,0,0
1853440,905,0,71,70,1,0,0,0.00108,0.00541,0.129,2796,0,0,0,0,0,0,0,0,0,0,0,0,0,0,0,0,0,0,0,0,0
1855488,906,0,84,84,0,0,0,-0.00039,0.00498,0.1435,2889,0,0,0,0,0,0,0,0,0,0,0,0,0,0,0,0,0,0,0,0,0
1857536,907,0,78,77,0,0,1,-0.00384,0.0066,0.1639,2637,0,0,0,0,0,0,0,0,0,0,0,0,0,0,0,0,0,0,0,0,0
1859584,908,0,65,65,0,0,0,-0.00161,0.00569,0.1345,2941,0,0,0,0,0,0,0,0,0,0,0,0,0,0,0,0,0,0,0,0,0
1861632,909,0,79,74,0,0,5,0.00086,0.00839,0.1077,2905,0,0,0,0,0,0,0,0,0,0,0,0,0,0,0,0,0,0,0,0,0
1863680,910,0,72,70,1,0,1,-0.00873,0.00801,0.1234,2647,0,0,0,0,0,0,0,0,0,0,0,0,0,0,0,0,0,0,0,0,0
1865728,911,0,87,84,0,0,3,-0.00107,0.00596,0.1087,2793,0,0,0,0,0,0,0,0,0,0,0,0,0,0,0,0,0,0,0,0,0
1867776,912,0,70,69,1,0,0,-0.00382,0.00564,0.1912,2625,0,0,0,0,0,0,0,0,0,0,0,0,0,0,0,0,0,0,0,0,0
1869824,913,0,78,74,0,0,4,0.00197,0.00679,0.1448,2643,0,0,0,0,0,0,0,0,0,0,0,0,0,0,0,0,0,0,0,0,0
1871872,914,0,90,88,1,1,0,-0.0009,0.00708,0.09,2753,0,0,0,0,0,0,0,0,0,0,0,0,0,0,0,0,0,0,0,0,0
1873920,915,0,87,87,0,0,0,-0.00218,0.00454,0.1175,2754,0,0,0,0,0,0,0,0,0,0,0,0,0,0,0,0,0,0,0,0,0
1875968,916,0,86,85,0,0,1,0.0023,0.00489,0.1245,2839,0,0,0,0,0,0,0,0,0,0,0,0,0,0,0,0,0,0,0,0,0
1878016,917,0,90,90,0,0,0,-0.00261,0.00423,0.1233,2756,0,0,0,0,0,0,0,0,0,0,0,0,0,0,0,0,0,0,0,0,0
1880064,918,0,76,75,0,0,1,-0.00041,0.00513,0.1465,2484,0,0,0,0,0,0,0,0,0,0,0,0,0,0,0,0,0,0,0,0,0
1882112,919,0,91,90,0,0,1,-0.00295,0.00454,0.0997,2679,0,0,0,0,0,0,0,0,0,0,0,0,0,0,0,0,0,0,0,0,0
1884160,920,0,90,90,0,0,0,-0.00148,0.00346,0.1111,2557,0,0,0,0,0,0,0,0,0,0,0,0,0,0,0,0,0,0,0,0,0
1886208,921,0,74,73,0,0,1,-0.00262,0.00506,0.1393,2880,0,0,0,0,0,0,0,0,0,0,0,0,0,0,0,0,0,0,0,0,0
1888256,922,0,82,79,1,0,2,-0.0036,0.00673,0.111,2982,0,0,0,0,0,0,0,0,0,0,0,0,0,0,0,0,0,0,0,0,0
1890304,923,0,82,81,0,0,1,-0.00363,0.005,0.1389,2889,0,0,0,0,0,0,0,0,0,0,0,0,0,0,0,0,0,0,0,0,0
1892352,924,0,92,91,1,0,0,0.0005,0.00476,0.0822,2995,0,0,0,0,0,0,0,0,0,0,0,0,0,0,0,0,0,0,0,0,0
1894400,925,0,84,83,0,0,1,-0.00218,0.00432,0.107,3048,0,0,0,0,0,0,0,0,0,0,0,0,0,0,0,0,0,0,0,0,0
1896448,926,0,82,81,0,0,1,0.00097,0.00518,0.1471,2947,0,0,0,0,0,0,0,0,0,0,0,0,0,0,0,0,0,0,0,0,0
1898496,927,0,78,77,0,0,1,-0.01057,0.0046,0.1565,2973,0,0,0,0,0,0,0,0,0,0,0,0,0,0,0,0,0,0,0,0,0
1900544,928,0,89,89,0,0,0,-0.00188,0.00433,0.0979,2815,0,0,0,0,0,0,0,0,0,0,0,0,0,0,0,0,0,0,0,0,0
1902592,929,0,92,89,2,0,1,0.00076,0.00635,0.1232,2956,0,0,0,0,0,0,0,0,0,0,0,0,0,0,0,0,0,0,0,0,0
1904640,930,0,85,85,0,0,0,-0.003,0.00375,0.1424,2630,0,0,0,0,0,0,0,0,0,0,0,0,0,0,0,0,0,0,0,0,0
1906688,931,0,91,88,2,0,1,-2e-05,0.00595,0.1217,2893,0,0,0,0,0,0,0,0,0,0,0,0,0,0,0,0,0,0,0,0,0
1908736,932,0,84,83,1,0,0,-0.00415,0.00352,0.1103,2902,0,0,0,0,0,0,0,0,0,0,0,0,0,0,0,0,0,0,0,0,0
1910784,933,0,85,83,1,0,1,-0.00245,0.00505,0.0958,2754,0,0,0,0,0,0,0,0,0,0,0,0,0,0,0,0,0,0,0,0,0
1912832,934,0,90,88,0,0,2,-0.00471,0.00535,0.1192,2540,0,0,0,0,0,0,0,0,0,0,0,0,0,0,0,0,0,0,0,0,0
1914880,935,0,77,76,0,0,1,-0.00419,0.00484,0.1204,2564,0,0,0,0,0,0,0,0,0,0,0,0,0,0,0,0,0,0,0,0,0
1916928,936,0,90,88,0,0,2,1e-05,0.0056,0.1096,2587,0,0,0,0,0,0,0,0,0,0,0,0,0,0,0,0,0,0,0,0,0
1918976,937,0,78,78,0,0,0,-0.00397,0.00489,0.1358,2679,0,0,0,0,0,0,0,0,0,0,0,0,0,0,0,0,0,0,0,0,0
1921024,938,0,77,75,1,0,1,0.00117,0.00534,0.1646,2625,0,0,0,0,0,0,0,0,0,0,0,0,0,0,0,0,0,0,0,0,0
1923072,939,0,84,82,0,0,2,0.00121,0.00529,0.1363,2781,0,0,0,0,0,0,0,0,0,0,0,0,0,0,0,0,0,0,0,0,0
1925120,940,0,91,91,0,0,0,-0.0023,0.00336,0.1018,2786,0,0,0,0,0,0,0,0,0,0,0,0,0,0,0,0,0,0,0,0,0
1927168,941,0,86,85,0,0,1,0.0004,0.00874,0.1387,2790,0,0,0,0,0,0,0,0,0,0,0,0,0,0,0,0,0,0,0,0,0
1929216,942,0,77,76,0,0,1,-0.00091,0.01719,0.1482,2861,0,0,0,0,0,0,0,0,0,0,0,0,0,0,0,0,0,0,0,0,0
1931264,943,0,55,55,0,0,0,-0.00338,0.00734,0.1442,2902,0,0,0,0,0,0,0,0,0,0,0,0,0,0,0,0,0,0,0,0,0
1933312,944,0,63,60,0,0,3,-0.00962,0.0104,0.1478,2895,0,0,0,0,0,0,0,0,0,0,0,0,0,0,0,0,0,0,0,0,0
1935360,945,0,80,79,0,0,1,0.00079,0.00621,0.1203,2659,0,0,0,0,0,0,0,0,0,0,0,0,0,0,0,0,0,0,0,0,0
1937408,946,0,79,78,0,0,1,8e-05,0.00455,0.1379,2622,0,0,0,0,0,0,0,0,0,0,0,0,0,0,0,0,0,0,0,0,0
1939456,947,0,85,84,0,0,1,-0.00267,0.00468,0.1237,2630,0,0,0,0,0,0,0,0,0,0,0,0,0,0,0,0,0,0,0,0,0
1941504,948,0,79,77,0,1,1,-0.00413,0.00551,0.1485,2975,0,0,0,0,0,0,0,0,0,0,0,0,0,0,0,0,0,0,0,0,0
1943552,949,0,84,84,0,0,0,-0.00268,0.00356,0.1575,3006,0,0,0,0,0,0,0,0,0,0,0,0,0,0,0,0,0,0,0,0,0
1945600,950,0,74,72,1,0,1,-0.00076,0.00522,0.1432,3031,0,0,0,0,0,0,0,0,0,0,0,0,0,0,0,0,0,0,0,0,0
1947648,951,0,73,70,2,0,1,-0.00201,0.00779,0.1615,3001,0,0,0,0,0,0,0,0,0,0,0,0,0,0,0,0,0,0,0,0,0
1949696,952,0,77,74,2,0,1,-0.00164,0.00467,0.1623,2869,0,0,0,0,0,0,0,0,0,0,0,0,0,0,0,0,0,0,0,0,0
1951744,953,0,86,82,2,0,2,-0.00338,0.00649,0.1438,3017,0,0,0,0,0,0,0,0,0,0,0,0,0,0,0,0,0,0,0,0,0
1953792,954,0,81,79,2,0,0,-0.00798,0.00757,0.1556,3045,0,0,0,0,0,0,0,0,0,0,0,0,0,0,0,0,0,0,0,0,0
1955840,955,0,83,82,0,0,1,0.00121,0.00482,0.1111,2472,0,0,0,0,0,0,0,0,0,0,0,0,0,0,0,0,0,0,0,0,0
1957888,956,0,83,83,0,0,0,-0.00048,0.00395,0.1317,2863,0,0,0,0,0,0,0,0,0,0,0,0,0,0,0,0,0,0,0,0,0
1959936,957,0,77,76,1,0,0,-4e-05,0.00465,0.1592,3011,0,0,0,0,0,0,0,0,0,0,0,0,0,0,0,0,0,0,0,0,0
1961984,958,0,87,84,0,0,3,-0.00059,0.00579,0.1209,2961,0,0,0,0,0,0,0,0,0,0,0,0,0,0,0,0,0,0,0,0,0
1964032,959,0,84,82,1,0,1,0.00562,0.00542,0.1059,2843,0,0,0,0,0,0,0,0,0,0,0,0,0,0,0,0,0,0,0,0,0
1966080,960,0,70,68,1,0,1,-0.00094,0.00539,0.1317,2787,0,0,0,0,0,0,0,0,0,0,0,0,0,0,0,0,0,0,0,0,0
1968128,961,0,84,82,0,0,2,0.00031,0.0084,0.1242,2735,0,0,0,0,0,0,0,0,0,0,0,0,0,0,0,0,0,0,0,0,0
1970176,962,0,92,90,0,0,2,0.00267,0.00676,0.1023,2773,0,0,0,0,0,0,0,0,0,0,0,0,0,0,0,0,0,0,0,0,0
1972224,963,0,89,89,0,0,0,8e-05,0.00482,0.1078,2804,0,0,0,0,0,0,0,0,0,0,0,0,0,0,0,0,0,0,0,0,0
1974272,964,0,81,80,0,0,1,-0.00161,0.00442,0.1025,2891,0,0,0,0,0,0,0,0,0,0,0,0,0,0,0,0,0,0,0,0,0
1976320,965,0,91,89,0,0,2,-0.00212,0.00499,0.0971,2475,0,0,0,0,0,0,0,0,0,0,0,0,0,0,0,0,0,0,0,0,0
1978368,966,0,94,94,0,0,0,-0.00221,0.00373,0.0869,2811,0,0,0,0,0,0,0,0,0,0,0,0,0,0,0,0,0,0,0,0,0
1980416,967,0,83,82,0,1,0,-0.00431,0.00559,0.1144,2736,0,0,0,0,0,0,0,0,0,0,0,0,0,0,0,0,0,0,0,0,0
1982464,968,0,92,89,0,2,1,-0.00186,0.00783,0.0991,2764,0,0,0,0,0,0,0,0,0,0,0,0,0,0,0,0,0,0,0,0,0
1984512,969,0,94,93,0,1,0,0.00042,0.0044,0.0913,2469,0,0,0,0,0,0,0,0,0,0,0,0,0,0,0,0,0,0,0,0,0
1986560,970,0,87,87,0,0,0,0.00212,0.00377,0.1203,2613,0,0,0,0,0,0,0,0,0,0,0,0,0,0,0,0,0,0,0,0,0
1988608,971,0,81,79,1,0,1,0.0001,0.00474,0.121,2780,0,0,0,0,0,0,0,0,0,0,0,0,0,0,0,0,0,0,0,0,0
1990656,972,0,79,75,3,0,1,0.00212,0.00598,0.1303,2528,0,0,0,0,0,0,0,0,0,0,0,0,0,0,0,0,0,0,0,0,0
1992704,973,0,81,80,0,0,1,0.00301,0.00457,0.1312,2633,0,0,0,0,0,0,0,0,0,0,0,0,0,0,0,0,0,0,0,0,0
1994752,974,0,89,87,1,0,1,-0.00396,0.00633,0.1323,2500,0,0,0,0,0,0,0,0,0,0,0,0,0,0,0,0,0,0,0,0,0
1996800,975,0,82,81,0,0,1,0.0015,0.00501,0.1241,2436,0,0,0,0,0,0,0,0,0,0,0,0,0,0,0,0,0,0,0,0,0
1998848,976,0,76,75,0,0,1,0.00405,0.00533,0.1128,2929,0,0,0,0,0,0,0,0,0,0,0,0,0,0,0,0,0,0,0,0,0
2000896,977,0,82,81,0,0,1,-0.00318,0.00438,0.1047,2962,0,0,0,0,0,0,0,0,0,0,0,0,0,0,0,0,0,0,0,0,0
2002944,978,0,97,96,1,0,0,-0.00248,0.00427,0.0892,2782,0,0,0,0,0,0,0,0,0,0,0,0,0,0,0,0,0,0,0,0,0
2004992,979,0,98,97,1,0,0,-0.00133,0.00494,0.1127,2527,0,0,0,0,0,0,0,0,0,0,0,0,0,0,0,0,0,0,0,0,0
2007040,980,0,94,93,0,0,1,0.00617,0.00392,0.086,2861,0,0,0,0,0,0,0,0,0,0,0,0,0,0,0,0,0,0,0,0,0
2009088,981,0,97,97,0,0,0,-0.00077,0.00301,0.0823,2918,0,0,0,0,0,0,0,0,0,0,0,0,0,0,0,0,0,0,0,0,0
2011136,982,0,87,86,1,0,0,-0.0028,0.00398,0.0973,2707,0,0,0,0,0,0,0,0,0,0,0,0,0,0,0,0,0,0,0,0,0
2013184,983,0,79,78,0,0,1,-9e-05,0.00456,0.125,2535,0,0,0,0,0,0,0,0,0,0,0,0,0,0,0,0,0,0,0,0,0
2015232,984,0,71,70,0,0,1,0.00151,0.00358,0.1542,2751,0,0,0,0,0,0,0,0,0,0,0,0,0,0,0,0,0,0,0,0,0
2017280,985,0,76,70,2,0,4,0.00302,0.00894,0.1381,2620,0,0,0,0,0,0,0,0,0,0,0,0,0,0,0,0,0,0,0,0,0
2019328,986,0,98,96,1,0,1,-0.00038,0.00698,0.0943,2610,0,0,0,0,0,0,0,0,0,0,0,0,0,0,0,0,0,0,0,0,0
2021376,987,0,88,88,0,0,0,-0.00221,0.00383,0.1033,1859,0,0,0,0,0,0,0,0,0,0,0,0,0,0,0,0,0,0,0,0,0
2023424,988,0,93,92,0,0,1,0.00723,0.00402,0.1129,2577,0,0,0,0,0,0,0,0,0,0,0,0,0,0,0,0,0,0,0,0,0
2025472,989,0,82,82,0,0,0,0.00407,0.00362,0.1324,2423,0,0,0,0,0,0,0,0,0,0,0,0,0,0,0,0,0,0,0,0,0
2027520,990,0,72,71,0,0,1,-0.00148,0.00504,0.1662,3044,0,0,0,0,0,0,0,0,0,0,0,0,0,0,0,0,0,0,0,0,0
2029568,991,0,72,70,0,0,2,0.0013,0.00579,0.1878,3152,0,0,0,0,0,0,0,0,0,0,0,0,0,0,0,0,0,0,0,0,0
2031616,992,0,73,71,0,0,2,-0.00132,0.00593,0.1434,3017,0,0,0,0,0,0,0,0,0,0,0,0,0,0,0,0,0,0,0,0,0
2033664,993,0,85,82,1,0,2,-0.00451,0.0068,0.1427,3025,0,0,0,0,0,0,0,0,0,0,0,0,0,0,0,0,0,0,0,0,0
2035712,994,0,75,74,0,0,1,-0.00451,0.00517,0.1594,2684,0,0,0,0,0,0,0,0,0,0,0,0,0,0,0,0,0,0,0,0,0
2037760,995,0,90,88,1,0,1,-0.00239,0.00793,0.1032,2841,0,0,0,0,0,0,0,0,0,0,0,0,0,0,0,0,0,0,0,0,0
2039808,996,0,97,93,3,0,1,-0.0028,0.00844,0.0938,2813,0,0,0,0,0,0,0,0,0,0,0,0,0,0,0,0,0,0,0,0,0
2041856,997,0,90,89,0,0,1,-0.00265,0.00551,0.123,2824,0,0,0,0,0,0,0,0,0,0,0,0,0,0,0,0,0,0,0,0,0
2043904,998,0,96,94,1,0,1,0.00066,0.00647,0.1113,2805,0,0,0,0,0,0,0,0,0,0,0,0,0,0,0,0,0,0,0,0,0
2045952,999,0,99,99,0,0,0,-0.00224,0.00342,0.0832,2788,0,0,0,0,0,0,0,0,0,0,0,0,0,0,0,0,0,0,0,0,0
2048000,1000,0,88,87,0,1,0,0.00125,0.00436,0.1074,2865,0,0,0,0,0,0,0,0,0,0,0,0,0,0,0,0,0,0,0,0,0
2050048,1001,0,75,72,1,0,2,0.00274,0.0065,0.1366,2774,0,0,0,0,0,0,0,0,0,0,0,0,0,0,0,0,0,0,0,0,0
2052096,1002,0,78,76,0,0,2,-0.0018,0.00532,0.131,2798,0,0,0,0,0,0,0,0,0,0,0,0,0,0,0,0,0,0,0,0,0
2054144,1003,0,89,88,0,0,1,-0.00369,0.00462,0.1044,3006,0,0,0,0,0,0,0,0,0,0,0,0,0,0,0,0,0,0,0,0,0
2056192,1004,0,89,88,0,0,1,-0.00315,0.00483,0.0919,2818,0,0,0,0,0,0,0,0,0,0,0,0,0,0,0,0,0,0,0,0,0
2058240,1005,0,88,86,1,0,1,-0.00086,0.00507,0.1103,2987,0,0,0,0,0,0,0,0,0,0,0,0,0,0,0,0,0,0,0,0,0
2060288,1006,0,85,84,0,0,1,0.0026,0.00375,0.0974,3110,0,0,0,0,0,0,0,0,0,0,0,0,0,0,0,0,0,0,0,0,0
2062336,1007,0,90,89,0,0,1,-0.00034,0.00417,0.0945,3074,0,0,0,0,0,0,0,0,0,0,0,0,0,0,0,0,0,0,0,0,0
2064384,1008,0,88,88,0,0,0,0.00399,0.00332,0.0887,2844,0,0,0,0,0,0,0,0,0,0,0,0,0,0,0,0,0,0,0,0,0
2066432,1009,0,98,96,1,0,1,0.00499,0.00434,0.0758,2988,0,0,0,0,0,0,0,0,0,0,0,0,0,0,0,0,0,0,0,0,0
2068480,1010,0,90,88,2,0,0,-0.00479,0.00559,0.0993,2921,0,0,0,0,0,0,0,0,0,0,0,0,0,0,0,0,0,0,0,0,0
2070528,1011,0,85,85,0,0,0,-0.00054,0.0046,0.1096,2843,0,0,0,0,0,0,0,0,0,0,0,0,0,0,0,0,0,0,0,0,0
2072576,1012,0,77,75,0,0,2,0.00076,0.00522,0.1315,2814,0,0,0,0,0,0,0,0,0,0,0,0,0,0,0,0,0,0,0,0,0
2074624,1013,0,87,84,0,0,3,-0.00452,0.00764,0.108,2894,0,0,0,0,0,0,0,0,0,0,0,0,0,0,0,0,0,0,0,0,0
2076672,1014,0,76,76,0,0,0,-0.00116,0.00518,0.125,2888,0,0,0,0,0,0,0,0,0,0,0,0,0,0,0,0,0,0,0,0,0
2078720,1015,0,60,58,0,0,2,-0.00303,0.00614,0.1398,2712,0,0,0,0,0,0,0,0,0,0,0,0,0,0,0,0,0,0,0,0,0
2080768,1016,0,75,72,0,0,3,-0.00292,0.00536,0.1522,2709,0,0,0,0,0,0,0,0,0,0,0,0,0,0,0,0,0,0,0,0,0
2082816,1017,0,73,72,0,0,1,0.00287,0.0049,0.1379,2720,0,0,0,0,0,0,0,0,0,0,0,0,0,0,0,0,0,0,0,0,0
2084864,1018,0,79,78,1,0,0,-0.00484,0.00477,0.1528,2808,0,0,0,0,0,0,0,0,0,0,0,0,0,0,0,0,0,0,0,0,0
2086912,1019,0,70,69,0,0,1,0.00076,0.00516,0.1497,2880,0,0,0,0,0,0,0,0,0,0,0,0,0,0,0,0,0,0,0,0,0
2088960,1020,0,67,64,0,0,3,-0.00198,0.00558,0.1606,2557,0,0,0,0,0,0,0,0,0,0,0,0,0,0,0,0,0,0,0,0,0
2091008,1021,0,84,82,0,0,2,-0.00101,0.00574,0.1691,2731,0,0,0,0,0,0,0,0,0,0,0,0,0,0,0,0,0,0,0,0,0
2093056,1022,0,86,85,0,0,1,-0.00126,0.00482,0.1198,2759,0,0,0,0,0,0,0,0,0,0,0,0,0,0,0,0,0,0,0,0,0
2095104,1023,0,84,83,1,0,0,-0.00301,0.00532,0.1095,2619,0,0,0,0,0,0,0,0,0,0,0,0,0,0,0,0,0,0,0,0,0
2097152,1024,0,77,76,0,0,1,-0.00155,0.00457,0.1215,2844,0,0,0,0,0,0,0,0,0,0,0,0,0,0,0,0,0,0,0,0,0
2099200,1025,0,81,79,1,0,1,-0.0029,0.00522,0.1461,2850,0,0,0,0,0,0,0,0,0,0,0,0,0,0,0,0,0,0,0,0,0
2101248,1026,0,77,74,0,0,3,-0.00173,0.00452,0.1295,2608,0,0,0,0,0,0,0,0,0,0,0,0,0,0,0,0,0,0,0,0,0
2103296,1027,0,89,87,0,0,2,-0.00976,0.0042,0.1328,2938,0,0,0,0,0,0,0,0,0,0,0,0,0,0,0,0,0,0,0,0,0
2105344,1028,0,75,73,1,0,1,0.00389,0.0052,0.1596,2900,0,0,0,0,0,0,0,0,0,0,0,0,0,0,0,0,0,0,0,0,0
2107392,1029,0,84,82,0,0,2,0.00473,0.00606,0.1385,2700,0,0,0,0,0,0,0,0,0,0,0,0,0,0,0,0,0,0,0,0,0
2109440,1030,0,91,88,1,0,2,-0.0029,0.00597,0.121,2724,0,0,0,0,0,0,0,0,0,0,0,0,0,0,0,0,0,0,0,0,0
2111488,1031,0,83,82,0,0,1,-0.00207,0.00472,0.117,2434,0,0,0,0,0,0,0,0,0,0,0,0,0,0,0,0,0,0,0,0,0
2113536,1032,0,78,77,0,0,1,-0.00437,0.00394,0.1191,2677,0,0,0,0,0,0,0,0,0,0,0,0,0,0,0,0,0,0,0,0,0
2115584,1033,0,92,91,1,0,0,-0.0011,0.00449,0.1087,2528,0,0,0,0,0,0,0,0,0,0,0,0,0,0,0,0,0,0,0,0,0
2117632,1034,0,88,85,2,0,1,0.0046,0.00718,0.1404,2769,0,0,0,0,0,0,0,0,0,0,0,0,0,0,0,0,0,0,0,0,0
2119680,1035,0,68,67,0,0,1,-0.00109,0.00578,0.1614,2690,0,0,0,0,0,0,0,0,0,0,0,0,0,0,0,0,0,0,0,0,0
2121728,1036,0,69,67,0,0,2,-0.00647,0.00632,0.1316,2261,0,0,0,0,0,0,0,0,0,0,0,0,0,0,0,0,0,0,0,0,0
2123776,1037,0,88,88,0,0,0,-0.0042,0.00567,0.133,2864,0,0,0,0,0,0,0,0,0,0,0,0,0,0,0,0,0,0,0,0,0
2125824,1038,0,87,85,0,0,2,-0.00014,0.00795,0.1462,2781,0,0,0,0,0,0,0,0,0,0,0,0,0,0,0,0,0,0,0,0,0
2127872,1039,0,88,87,1,0,0,0.00096,0.00538,0.1106,2783,0,0,0,0,0,0,0,0,0,0,0,0,0,0,0,0,0,0,0,0,0
2129920,1040,0,86,86,0,0,0,-0.00303,0.00391,0.1294,2753,0,0,0,0,0,0,0,0,0,0,0,0,0,0,0,0,0,0,0,0,0
2131968,1041,0,76,74,0,1,1,-0.00395,0.00608,0.1306,2952,0,0,0,0,0,0,0,0,0,0,0,0,0,0,0,0,0,0,0,0,0
2134016,1042,0,83,81,0,0,2,-0.00113,0.00455,0.1126,2859,0,0,0,0,0,0,0,0,0,0,0,0,0,0,0,0,0,0,0,0,0
2136064,1043,0,79,79,0,0,0,-0.00063,0.00391,0.1261,2945,0,0,0,0,0,0,0,0,0,0,0,0,0,0,0,0,0,0,0,0,0
2138112,1044,0,81,78,0,0,3,0.00263,0.00496,0.1253,3170,0,0,0,0,0,0,0,0,0,0,0,0,0,0,0,0,0,0,0,0,0
2140160,1045,0,87,86,0,0,1,0.00663,0.00499,0.1046,2830,0,0,0,0,0,0,0,0,0,0,0,0,0,0,0,0,0,0,0,0,0
2142208,1046,0,76,74,0,0,2,-0.0058,0.00503,0.1273,3066,0,0,0,0,0,0,0,0,0,0,0,0,0,0,0,0,0,0,0,0,0
2144256,1047,0,77,75,0,0,2,0.00091,0.00721,0.1335,2814,0,0,0,0,0,0,0,0,0,0,0,0,0,0,0,0,0,0,0,0,0
2146304,1048,0,95,92,0,0,3,0.00239,0.00777,0.1116,2871,0,0,0,0,0,0,0,0,0,0,0,0,0,0,0,0,0,0,0,0,0
2148352,1049,0,87,87,0,0,0,0.0008,0.0044,0.1118,2673,0,0,0,0,0,0,0,0,0,0,0,0,0,0,0,0,0,0,0,0,0
2150400,1050,0,77,75,0,0,2,0.00156,0.00677,0.1158,2716,0,0,0,0,0,0,0,0,0,0,0,0,0,0,0,0,0,0,0,0,0
2152448,1051,0,85,82,0,0,3,-0.00109,0.00532,0.0946,2730,0,0,0,0,0,0,0,0,0,0,0,0,0,0,0,0,0,0,0,0,0
2154496,1052,0,92,92,0,0,0,-0.00265,0.00354,0.0891,2673,0,0,0,0,0,0,0,0,0,0,0,0,0,0,0,0,0,0,0,0,0
2156544,1053,0,98,98,0,0,0,-0.00147,0.0026,0.0892,2925,0,0,0,0,0,0,0,0,0,0,0,0,0,0,0,0,0,0,0,0,0
2158592,1054,0,83,82,0,1,0,0.00111,0.00476,0.1485,2722,0,0,0,0,0,0,0,0,0,0,0,0,0,0,0,0,0,0,0,0,0
2160640,1055,0,79,76,0,1,2,0.00289,0.00528,0.1219,2814,0,0,0,0,0,0,0,0,0,0,0,0,0,0,0,0,0,0,0,0,0
2162688,1056,0,81,80,1,0,0,0.00986,0.00498,0.1218,2856,0,0,0,0,0,0,0,0,0,0,0,0,0,0,0,0,0,0,0,0,0
2164736,1057,0,88,87,0,0,1,-0.00105,0.0046,0.1232,2843,0,0,0,0,0,0,0,0,0,0,0,0,0,0,0,0,0,0,0,0,0
2166784,1058,0,95,94,0,0,1,-0.00333,0.00273,0.0945,2749,0,0,0,0,0,0,0,0,0,0,0,0,0,0,0,0,0,0,0,0,0
2168832,1059,0,88,87,0,0,1,-0.00033,0.00407,0.0889,2642,0,0,0,0,0,0,0,0,0,0,0,0,0,0,0,0,0,0,0,0,0
2170880,1060,0,94,94,0,0,0,-0.00282,0.00347,0.1022,2549,0,0,0,0,0,0,0,0,0,0,0,0,0,0,0,0,0,0,0,0,0
2172928,1061,0,90,88,0,0,2,-8e-05,0.00511,0.0873,2810,0,0,0,0,0,0,0,0,0,0,0,0,0,0,0,0,0,0,0,0,0
2174976,1062,0,96,96,0,0,0,-0.00189,0.00329,0.0885,2392,0,0,0,0,0,0,0,0,0,0,0,0,0,0,0,0,0,0,0,0,0
2177024,1063,0,96,95,0,0,1,-0.00122,0.00401,0.0902,2737,0,0,0,0,0,0,0,0,0,0,0,0,0,0,0,0,0,0,0,0,0
2179072,1064,0,80,79,0,0,1,0.00242,0.0055,0.0946,2739,0,0,0,0,0,0,0,0,0,0,0,0,0,0,0,0,0,0,0,0,0
2181120,1065,0,86,84,0,0,2,-0.00164,0.00367,0.0959,2799,0,0,0,0,0,0,0,0,0,0,0,0,0,0,0,0,0,0,0,0,0
2183168,1066,0,84,82,0,0,2,-0.00237,0.00533,0.0852,2682,0,0,0,0,0,0,0,0,0,0,0,0,0,0,0,0,0,0,0,0,0
2185216,1067,0,92,90,0,1,1,-0.00109,0.0089,0.1045,2928,0,0,0,0,0,0,0,0,0,0,0,0,0,0,0,0,0,0,0,0,0
2187264,1068,0,81,77,1,2,1,-0.00371,0.01003,0.1254,3053,0,0,0,0,0,0,0,0,0,0,0,0,0,0,0,0,0,0,0,0,0
2189312,1069,0,96,91,4,0,1,-0.00118,0.0081,0.1347,2880,0,0,0,0,0,0,0,0,0,0,0,0,0,0,0,0,0,0,0,0,0
2191360,1070,0,89,88,0,0,1,-0.00461,0.00429,0.1696,2916,0,0,0,0,0,0,0,0,0,0,0,0,0,0,0,0,0,0,0,0,0
2193408,1071,0,73,70,0,1,2,0.00035,0.00619,0.159,2520,0,0,0,0,0,0,0,0,0,0,0,0,0,0,0,0,0,0,0,0,0
2195456,1072,0,96,95,0,0,1,-0.00271,0.00464,0.1046,3031,0,0,0,0,0,0,0,0,0,0,0,0,0,0,0,0,0,0,0,0,0
2197504,1073,0,82,82,0,0,0,-0.0009,0.00305,0.1173,3003,0,0,0,0,0,0,0,0,0,0,0,0,0,0,0,0,0,0,0,0,0
2199552,1074,0,76,74,1,0,1,0.0064,0.00552,0.1751,2751,0,0,0,0,0,0,0,0,0,0,0,0,0,0,0,0,0,0,0,0,0
2201600,1075,0,82,80,0,0,2,-0.00315,0.00452,0.1453,2832,0,0,0,0,0,0,0,0,0,0,0,0,0,0,0,0,0,0,0,0,0
2203648,1076,0,98,97,0,0,1,-0.00031,0.00441,0.0981,2668,0,0,0,0,0,0,0,0,0,0,0,0,0,0,0,0,0,0,0,0,0
2205696,1077,0,90,89,0,0,1,-0.00092,0.00285,0.122,2803,0,0,0,0,0,0,0,0,0,0,0,0,0,0,0,0,0,0,0,0,0
2207744,1078,0,83,81,0,1,1,4e-05,0.00478,0.1138,2568,0,0,0,0,0,0,0,0,0,0,0,0,0,0,0,0,0,0,0,0,0
2209792,1079,0,101,99,1,0,1,-0.0027,0.00576,0.09,2703,0,0,0,0,0,0,0,0,0,0,0,0,0,0,0,0,0,0,0,0,0
2211840,1080,0,91,88,2,1,0,-0.00113,0.00595,0.1022,2856,0,0,0,0,0,0,0,0,0,0,0,0,0,0,0,0,0,0,0,0,0
2213888,1081,0,90,88,1,1,0,-0.008,0.00582,0.1035,2945,0,0,0,0,0,0,0,0,0,0,0,0,0,0,0,0,0,0,0,0,0
2215936,1082,0,77,73,2,1,1,0.00047,0.00855,0.1255,2727,0,0,0,0,0,0,0,0,0,0,0,0,0,0,0,0,0,0,0,0,0
2217984,1083,0,89,84,2,1,2,-0.0006,0.00791,0.098,2930,0,0,0,0,0,0,0,0,0,0,0,0,0,0,0,0,0,0,0,0,0
2220032,1084,0,93,93,0,0,0,0.00236,0.00412,0.0784,2732,0,0,0,0,0,0,0,0,0,0,0,0,0,0,0,0,0,0,0,0,0
2222080,1085,0,85,84,0,0,1,0.00817,0.00578,0.1206,2637,0,0,0,0,0,0,0,0,0,0,0,0,0,0,0,0,0,0,0,0,0
2224128,1086,0,88,88,0,0,0,0.00025,0.00501,0.0979,2598,0,0,0,0,0,0,0,0,0,0,0,0,0,0,0,0,0,0,0,0,0
2226176,1087,0,91,90,0,0,1,-0.00131,0.00517,0.1176,2819,0,0,0,0,0,0,0,0,0,0,0,0,0,0,0,0,0,0,0,0,0
2228224,1088,0,89,87,1,0,1,0.00348,0.00358,0.0917,2887,0,0,0,0,0,0,0,0,0,0,0,0,0,0,0,0,0,0,0,0,0
2230272,1089,0,86,85,0,0,1,-0.00203,0.00406,0.0974,3072,0,0,0,0,0,0,0,0,0,0,0,0,0,0,0,0,0,0,0,0,0
2232320,1090,0,85,85,0,0,0,-0.00299,0.00333,0.1096,2938,0,0,0,0,0,0,0,0,0,0,0,0,0,0,0,0,0,0,0,0,0
2234368,1091,0,72,71,0,0,1,-0.00901,0.00336,0.1153,2516,0,0,0,0,0,0,0,0,0,0,0,0,0,0,0,0,0,0,0,0,0
2236416,1092,0,78,77,1,0,0,0.00205,0.00551,0.12,2795,0,0,0,0,0,0,0,0,0,0,0,0,0,0,0,0,0,0,0,0,0
2238464,1093,0,78,76,0,0,2,0.00195,0.0068,0.1062,2644,0,0,0,0,0,0,0,0,0,0,0,0,0,0,0,0,0,0,0,0,0
2240512,1094,0,95,91,1,0,3,-0.00105,0.00481,0.0885,2798,0,0,0,0,0,0,0,0,0,0,0,0,0,0,0,0,0,0,0,0,0
2242560,1095,0,105,104,1,0,0,-0.00026,0.00511,0.0718,2985,0,0,0,0,0,0,0,0,0,0,0,0,0,0,0,0,0,0,0,0,0
2244608,1096,0,77,77,0,0,0,-0.00226,0.004,0.1368,2761,0,0,0,0,0,0,0,0,0,0,0,0,0,0,0,0,0,0,0,0,0
2246656,1097,0,80,79,0,0,1,-0.00399,0.00614,0.1495,2997,0,0,0,0,0,0,0,0,0,0,0,0,0,0,0,0,0,0,0,0,0
2248704,1098,0,91,90,0,0,1,-0.00158,0.005,0.1339,2970,0,0,0,0,0,0,0,0,0,0,0,0,0,0,0,0,0,0,0,0,0
2250752,1099,0,76,75,0,0,1,-0.00107,0.00497,0.1635,3114,0,0,0,0,0,0,0,0,0,0,0,0,0,0,0,0,0,0,0,0,0
2252800,1100,0,88,86,0,0,2,0.00053,0.00442,0.1083,2962,0,0,0,0,0,0,0,0,0,0,0,0,0,0,0,0,0,0,0,0,0
2254848,1101,0,86,85,0,0,1,0.00285,0.0031,0.1003,2932,0,0,0,0,0,0,0,0,0,0,0,0,0,0,0,0,0,0,0,0,0
2256896,1102,0,97,96,0,0,1,-0.00155,0.00356,0.0984,3172,0,0,0,0,0,0,0,0,0,0,0,0,0,0,0,0,0,0,0,0,0
2258944,1103,0,85,83,1,0,1,0.00121,0.00578,0.1167,2875,0,0,0,0,0,0,0,0,0,0,0,0,0,0,0,0,0,0,0,0,0
2260992,1104,0,90,88,0,0,2,-0.00248,0.00416,0.0822,3012,0,0,0,0,0,0,0,0,0,0,0,0,0,0,0,0,0,0,0,0,0
2263040,1105,0,95,95,0,0,0,-0.00271,0.00313,0.0846,2663,0,0,0,0,0,0,0,0,0,0,0,0,0,0,0,0,0,0,0,0,0
2265088,1106,0,92,92,0,0,0,-0.00249,0.0026,0.078,2944,0,0,0,0,0,0,0,0,0,0,0,0,0,0,0,0,0,0,0,0,0
2267136,1107,0,79,78,0,0,1,-0.00133,0.00424,0.1417,2766,0,0,0,0,0,0,0,0,0,0,0,0,0,0,0,0,0,0,0,0,0
2269184,1108,0,82,81,0,0,1,5e-05,0.00353,0.1263,2860,0,0,0,0,0,0,0,0,0,0,0,0,0,0,0,0,0,0,0,0,0
2271232,1109,0,63,63,0,0,0,-0.00848,0.00456,0.1666,3027,0,0,0,0,0,0,0,0,0,0,0,0,0,0,0,0,0,0,0,0,0
2273280,1110,0,71,68,0,0,3,-0.00284,0.00746,0.1389,3039,0,0,0,0,0,0,0,0,0,0,0,0,0,0,0,0,0,0,0,0,0
2275328,1111,0,86,85,0,0,1,0.00061,0.00565,0.1327,3038,0,0,0,0,0,0,0,0,0,0,0,0,0,0,0,0,0,0,0,0,0
2277376,1112,0,91,91,0,0,0,0.00017,0.00456,0.104,2744,0,0,0,0,0,0,0,0,0,0,0,0,0,0,0,0,0,0,0,0,0
2279424,1113,0,94,92,1,0,1,0.00013,0.005,0.1167,3020,0,0,0,0,0,0,0,0,0,0,0,0,0,0,0,0,0,0,0,0,0
2281472,1114,0,81,81,0,0,0,-0.00452,0.0038,0.1337,3127,0,0,0,0,0,0,0,0,0,0,0,0,0,0,0,0,0,0,0,0,0
2283520,1115,0,73,71,0,0,2,-0.01061,0.00515,0.1721,3068,0,0,0,0,0,0,0,0,0,0,0,0,0,0,0,0,0,0,0,0,0
2285568,1116,0,75,74,0,0,1,-0.00226,0.00311,0.1386,2958,0,0,0,0,0,0,0,0,0,0,0,0,0,0,0,0,0,0,0,0,0
2287616,1117,0,77,76,0,0,1,-0.00451,0.00438,0.1801,3054,0,0,0,0,0,0,0,0,0,0,0,0,0,0,0,0,0,0,0,0,0
2289664,1118,0,66,63,1,0,2,-0.00484,0.00793,0.236,3147,0,0,0,0,0,0,0,0,0,0,0,0,0,0,0,0,0,0,0,0,0
2291712,1119,0,75,71,0,0,4,-0.00087,0.00741,0.1761,3006,0,0,0,0,0,0,0,0,0,0,0,0,0,0,0,0,0,0,0,0,0
2293760,1120,0,83,82,0,0,1,0.00273,0.00528,0.1489,3040,0,0,0,0,0,0,0,0,0,0,0,0,0,0,0,0,0,0,0,0,0
2295808,1121,0,80,78,0,0,2,-0.00029,0.00459,0.1847,3099,0,0,0,0,0,0,0,0,0,0,0,0,0,0,0,0,0,0,0,0,0
2297856,1122,0,95,94,0,0,1,-0.00201,0.00444,0.113,3050,0,0,0,0,0,0,0,0,0,0,0,0,0,0,0,0,0,0,0,0,0
2299904,1123,0,94,93,0,0,1,-0.00166,0.00341,0.1132,2987,0,0,0,0,0,0,0,0,0,0,0,0,0,0,0,0,0,0,0,0,0
2301952,1124,0,78,77,0,0,1,-0.00357,0.004,0.1054,2999,0,0,0,0,0,0,0,0,0,0,0,0,0,0,0,0,0,0,0,0,0
2304000,1125,0,90,89,0,0,1,-0.0028,0.00343,0.0924,2928,0,0,0,0,0,0,0,0,0,0,0,0,0,0,0,0,0,0,0,0,0
2306048,1126,0,101,101,0,0,0,0.00014,0.00281,0.0859,2842,0,0,0,0,0,0,0,0,0,0,0,0,0,0,0,0,0,0,0,0,0
2308096,1127,0,94,94,0,0,0,-0.00222,0.00318,0.1095,2735,0,0,0,0,0,0,0,0,0,0,0,0,0,0,0,0,0,0,0,0,0
2310144,1128,0,92,91,0,0,1,0.00315,0.00423,0.0916,3000,0,0,0,0,0,0,0,0,0,0,0,0,0,0,0,0,0,0,0,0,0
2312192,1129,0,102,101,0,0,1,-0.00032,0.00289,0.0769,2843,0,0,0,0,0,0,0,0,0,0,0,0,0,0,0,0,0,0,0,0,0
2314240,1130,0,85,85,0,0,0,-0.00179,0.00293,0.1274,3004,0,0,0,0,0,0,0,0,0,0,0,0,0,0,0,0,0,0,0,0,0
2316288,1131,0,92,88,1,0,3,-0.00226,0.00681,0.1146,3093,0,0,0,0,0,0,0,0,0,0,0,0,0,0,0,0,0,0,0,0,0
2318336,1132,0,97,97,0,0,0,-0.00306,0.00316,0.0896,2847,0,0,0,0,0,0,0,0,0,0,0,0,0,0,0,0,0,0,0,0,0
2320384,1133,0,84,82,1,1,0,-0.00081,0.00531,0.1213,3028,0,0,0,0,0,0,0,0,0,0,0,0,0,0,0,0,0,0,0,0,0
2322432,1134,0,93,89,0,1,3,-0.00675,0.00648,0.101,2955,0,0,0,0,0,0,0,0,0,0,0,0,0,0,0,0,0,0,0,0,0
2324480,1135,0,87,87,0,0,0,-0.00203,0.00326,0.117,2984,0,0,0,0,0,0,0,0,0,0,0,0,0,0,0,0,0,0,0,0,0
2326528,1136,0,84,82,0,0,2,-0.00298,0.00364,0.1227,2546,0,0,0,0,0,0,0,0,0,0,0,0,0,0,0,0,0,0,0,0,0
2328576,1137,0,97,95,0,1,1,0.0021,0.00569,0.0863,2490,0,0,0,0,0,0,0,0,0,0,0,0,0,0,0,0,0,0,0,0,0
2330624,1138,0,91,91,0,0,0,-0.00105,0.00434,0.0957,2811,0,0,0,0,0,0,0,0,0,0,0,0,0,0,0,0,0,0,0,0,0
2332672,1139,0,84,82,1,0,1,0.00127,0.00728,0.112,2636,0,0,0,0,0,0,0,0,0,0,0,0,0,0,0,0,0,0,0,0,0
2334720,1140,0,87,84,1,0,2,0.00045,0.00773,0.1275,2982,0,0,0,0,0,0,0,0,0,0,0,0,0,0,0,0,0,0,0,0,0
2336768,1141,0,86,83,0,0,3,0.0009,0.00506,0.1223,3092,0,0,0,0,0,0,0,0,0,0,0,0,0,0,0,0,0,0,0,0,0
2338816,1142,0,82,81,0,0,1,-0.0017,0.00353,0.1072,2738,0,0,0,0,0,0,0,0,0,0,0,0,0,0,0,0,0,0,0,0,0
2340864,1143,0,82,81,0,0,1,-0.00491,0.00409,0.1312,2859,0,0,0,0,0,0,0,0,0,0,0,0,0,0,0,0,0,0,0,0,0
2342912,1144,0,90,87,0,0,3,-0.00128,0.00486,0.1172,2970,0,0,0,0,0,0,0,0,0,0,0,0,0,0,0,0,0,0,0,0,0
2344960,1145,0,93,92,0,1,0,-0.00495,0.00509,0.1075,2847,0,0,0,0,0,0,0,0,0,0,0,0,0,0,0,0,0,0,0,0,0
2347008,1146,0,89,88,0,0,1,-0.00443,0.00378,0.1422,2770,0,0,0,0,0,0,0,0,0,0,0,0,0,0,0,0,0,0,0,0,0
2349056,1147,0,80,79,1,0,0,0.00161,0.00615,0.1622,3003,0,0,0,0,0,0,0,0,0,0,0,0,0,0,0,0,0,0,0,0,0
2351104,1148,0,84,82,0,0,2,-0.00243,0.00401,0.126,2561,0,0,0,0,0,0,0,0,0,0,0,0,0,0,0,0,0,0,0,0,0
2353152,1149,0,94,93,1,0,0,-0.00488,0.00525,0.1013,2768,0,0,0,0,0,0,0,0,0,0,0,0,0,0,0,0,0,0,0,0,0
2355200,1150,0,97,95,1,0,1,0.00103,0.00431,0.1119,2888,0,0,0,0,0,0,0,0,0,0,0,0,0,0,0,0,0,0,0,0,0
2357248,1151,0,97,95,1,1,0,-0.00371,0.00563,0.105,2714,0,0,0,0,0,0,0,0,0,0,0,0,0,0,0,0,0,0,0,0,0
2359296,1152,0,93,93,0,0,0,-0.00299,0.00289,0.1014,2850,0,0,0,0,0,0,0,0,0,0,0,0,0,0,0,0,0,0,0,0,0
2361344,1153,0,92,92,0,0,0,-0.00116,0.00277,0.085,2673,0,0,0,0,0,0,0,0,0,0,0,0,0,0,0,0,0,0,0,0,0
2363392,1154,0,93,93,0,0,0,-0.00234,0.00298,0.0841,2736,0,0,0,0,0,0,0,0,0,0,0,0,0,0,0,0,0,0,0,0,0
2365440,1155,0,80,78,1,0,1,0.00061,0.00782,0.1001,3018,0,0,0,0,0,0,0,0,0,0,0,0,0,0,0,0,0,0,0,0,0
2367488,1156,0,86,82,0,1,3,0.0001,0.00604,0.1115,3160,0,0,0,0,0,0,0,0,0,0,0,0,0,0,0,0,0,0,0,0,0
2369536,1157,0,81,80,0,0,1,-0.00219,0.00475,0.1067,2927,0,0,0,0,0,0,0,0,0,0,0,0,0,0,0,0,0,0,0,0,0
2371584,1158,0,86,85,0,0,1,9e-05,0.00387,0.1352,3075,0,0,0,0,0,0,0,0,0,0,0,0,0,0,0,0,0,0,0,0,0
2373632,1159,0,79,77,0,0,2,-0.00611,0.00496,0.0982,3248,0,0,0,0,0,0,0,0,0,0,0,0,0,0,0,0,0,0,0,0,0
2375680,1160,0,86,85,1,0,0,-0.00088,0.00445,0.0925,2936,0,0,0,0,0,0,0,0,0,0,0,0,0,0,0,0,0,0,0,0,0
2377728,1161,0,93,92,0,0,1,-0.00369,0.00399,0.0982,3036,0,0,0,0,0,0,0,0,0,0,0,0,0,0,0,0,0,0,0,0,0
2379776,1162,0,85,85,0,0,0,-0.00473,0.0039,0.1203,3065,0,0,0,0,0,0,0,0,0,0,0,0,0,0,0,0,0,0,0,0,0
2381824,1163,0,86,84,0,0,2,-0.0021,0.00412,0.1173,2930,0,0,0,0,0,0,0,0,0,0,0,0,0,0,0,0,0,0,0,0,0
2383872,1164,0,102,102,0,0,0,-0.00092,0.00253,0.085,2894,0,0,0,0,0,0,0,0,0,0,0,0,0,0,0,0,0,0,0,0,0
2385920,1165,0,92,92,0,0,0,-0.01004,0.00264,0.0983,2764,0,0,0,0,0,0,0,0,0,0,0,0,0,0,0,0,0,0,0,0,0
2387968,1166,0,80,79,0,0,1,-0.00072,0.00481,0.1256,2749,0,0,0,0,0,0,0,0,0,0,0,0,0,0,0,0,0,0,0,0,0
2390016,1167,0,82,81,0,0,1,0.00011,0.0042,0.0862,2695,0,0,0,0,0,0,0,0,0,0,0,0,0,0,0,0,0,0,0,0,0
2392064,1168,0,82,81,0,0,1,-0.0029,0.00376,0.1016,2949,0,0,0,0,0,0,0,0,0,0,0,0,0,0,0,0,0,0,0,0,0
2394112,1169,0,84,83,0,0,1,-0.00179,0.00445,0.1046,3010,0,0,0,0,0,0,0,0,0,0,0,0,0,0,0,0,0,0,0,0,0
2396160,1170,0,77,75,0,0,2,0.00193,0.00631,0.1092,2696,0,0,0,0,0,0,0,0,0,0,0,0,0,0,0,0,0,0,0,0,0
2398208,1171,0,86,84,0,1,1,0.00087,0.00573,0.0879,2900,0,0,0,0,0,0,0,0,0,0,0,0,0,0,0,0,0,0,0,0,0
2400256,1172,0,95,95,0,0,0,-0.00264,0.00303,0.1089,2802,0,0,0,0,0,0,0,0,0,0,0,0,0,0,0,0,0,0,0,0,0
2402304,1173,0,82,81,0,0,1,-0.00142,0.00431,0.1569,2674,0,0,0,0,0,0,0,0,0,0,0,0,0,0,0,0,0,0,0,0,0
2404352,1174,0,90,87,0,0,3,-0.00512,0.00501,0.1121,2970,0,0,0,0,0,0,0,0,0,0,0,0,0,0,0,0,0,0,0,0,0
2406400,1175,0,99,99,0,0,0,0.00131,0.00281,0.0873,3058,0,0,0,0,0,0,0,0,0,0,0,0,0,0,0,0,0,0,0,0,0
2408448,1176,0,90,90,0,0,0,-0.00064,0.0029,0.115,2987,0,0,0,0,0,0,0,0,0,0,0,0,0,0,0,0,0,0,0,0,0
2410496,1177,0,93,91,0,0,2,-0.00543,0.00555,0.1295,2764,0,0,0,0,0,0,0,0,0,0,0,0,0,0,0,0,0,0,0,0,0
2412544,1178,0,96,95,1,0,0,-0.00088,0.00417,0.0877,2818,0,0,0,0,0,0,0,0,0,0,0,0,0,0,0,0,0,0,0,0,0
2414592,1179,0,92,90,1,1,0,-0.00155,0.00463,0.0875,2658,0,0,0,0,0,0,0,0,0,0,0,0,0,0,0,0,0,0,0,0,0
2416640,1180,0,78,76,1,0,1,-0.00153,0.00439,0.114,3185,0,0,0,0,0,0,0,0,0,0,0,0,0,0,0,0,0,0,0,0,0
2418688,1181,0,81,80,0,0,1,0.00104,0.00439,0.1177,2909,0,0,0,0,0,0,0,0,0,0,0,0,0,0,0,0,0,0,0,0,0
2420736,1182,0,84,83,0,0,1,-0.00258,0.00374,0.1184,3047,0,0,0,0,0,0,0,0,0,0,0,0,0,0,0,0,0,0,0,0,0
2422784,1183,0,64,62,0,0,2,-0.0006,0.00528,0.1307,3069,0,0,0,0,0,0,0,0,0,0,0,0,0,0,0,0,0,0,0,0,0
2424832,1184,0,82,77,2,0,3,-0.00111,0.00879,0.0936,3057,0,0,0,0,0,0,0,0,0,0,0,0,0,0,0,0,0,0,0,0,0
2426880,1185,0,88,86,2,0,0,-0.00096,0.00834,0.1327,2995,0,0,0,0,0,0,0,0,0,0,0,0,0,0,0,0,0,0,0,0,0
2428928,1186,0,80,78,0,0,2,0.00204,0.00527,0.163,2962,0,0,0,0,0,0,0,0,0,0,0,0,0,0,0,0,0,0,0,0,0
2430976,1187,0,76,72,1,0,3,-0.00219,0.00629,0.1253,3025,0,0,0,0,0,0,0,0,0,0,0,0,0,0,0,0,0,0,0,0,0
2433024,1188,0,90,87,0,0,3,0.00113,0.00407,0.0944,2712,0,0,0,0,0,0,0,0,0,0,0,0,0,0,0,0,0,0,0,0,0
2435072,1189,0,92,92,0,0,0,-0.00415,0.00362,0.1197,2869,0,0,0,0,0,0,0,0,0,0,0,0,0,0,0,0,0,0,0,0,0
2437120,1190,0,85,84,1,0,0,-0.00305,0.00326,0.1216,2805,0,0,0,0,0,0,0,0,0,0,0,0,0,0,0,0,0,0,0,0,0
2439168,1191,0,85,83,0,0,2,-0.00998,0.00299,0.1204,2668,0,0,0,0,0,0,0,0,0,0,0,0,0,0,0,0,0,0,0,0,0
2441216,1192,0,87,87,0,0,0,-0.0024,0.00465,0.1076,2924,0,0,0,0,0,0,0,0,0,0,0,0,0,0,0,0,0,0,0,0,0
2443264,1193,0,74,73,0,0,1,-0.0005,0.00499,0.138,3107,0,0,0,0,0,0,0,0,0,0,0,0,0,0,0,0,0,0,0,0,0
2445312,1194,0,84,82,0,0,2,-0.00327,0.00437,0.1515,2988,0,0,0,0,0,0,0,0,0,0,0,0,0,0,0,0,0,0,0,0,0
2447360,1195,0,90,88,0,0,2,-0.00052,0.00391,0.1401,2981,0,0,0,0,0,0,0,0,0,0,0,0,0,0,0,0,0,0,0,0,0
2449408,1196,0,97,96,1,0,0,-0.00336,0.00371,0.0885,3000,0,0,0,0,0,0,0,0,0,0,0,0,0,0,0,0,0,0,0,0,0
2451456,1197,0,84,83,0,0,1,0.00087,0.00426,0.0969,3238,0,0,0,0,0,0,0,0,0,0,0,0,0,0,0,0,0,0,0,0,0
2453504,1198,0,98,98,0,0,0,-0.00277,0.00314,0.0886,2998,0,0,0,0,0,0,0,0,0,0,0,0,0,0,0,0,0,0,0,0,0
2455552,1199,0,91,91,0,0,0,-0.00351,0.00246,0.1298,3030,0,0,0,0,0,0,0,0,0,0,0,0,0,0,0,0,0,0,0,0,0
2457600,1200,0,89,87,1,0,1,-0.00106,0.00397,0.1083,3220,0,0,0,0,0,0,0,0,0,0,0,0,0,0,0,0,0,0,0,0,0
2459648,1201,0,93,89,4,0,0,-0.00046,0.00501,0.0821,3108,0,0,0,0,0,0,0,0,0,0,0,0,0,0,0,0,0,0,0,0,0
2461696,1202,0,86,86,0,0,0,-0.0046,0.00303,0.0966,3104,0,0,0,0,0,0,0,0,0,0,0,0,0,0,0,0,0,0,0,0,0
2463744,1203,0,100,99,0,0,1,-0.00399,0.00282,0.0705,2642,0,0,0,0,0,0,0,0,0,0,0,0,0,0,0,0,0,0,0,0,0
2465792,1204,0,106,106,0,0,0,-0.00326,0.00214,0.075,3061,0,0,0,0,0,0,0,0,0,0,0,0,0,0,0,0,0,0,0,0,0
2467840,1205,0,87,87,0,0,0,-9e-05,0.00301,0.0994,2883,0,0,0,0,0,0,0,0,0,0,0,0,0,0,0,0,0,0,0,0,0
2469888,1206,0,92,92,0,0,0,-0.00102,0.00383,0.0998,2914,0,0,0,0,0,0,0,0,0,0,0,0,0,0,0,0,0,0,0,0,0
2471936,1207,0,81,80,1,0,0,-0.00095,0.00413,0.1014,3129,0,0,0,0,0,0,0,0,0,0,0,0,0,0,0,0,0,0,0,0,0
2473984,1208,0,95,94,1,0,0,0.00388,0.00429,0.0804,2908,0,0,0,0,0,0,0,0,0,0,0,0,0,0,0,0,0,0,0,0,0
2476032,1209,0,92,90,1,0,1,0.00486,0.00285,0.0772,3017,0,0,0,0,0,0,0,0,0,0,0,0,0,0,0,0,0,0,0,0,0
2478080,1210,0,88,88,0,0,0,-0.00434,0.00324,0.1162,2833,0,0,0,0,0,0,0,0,0,0,0,0,0,0,0,0,0,0,0,0,0
2480128,1211,0,98,97,1,0,0,0.00082,0.00292,0.08,2917,0,0,0,0,0,0,0,0,0,0,0,0,0,0,0,0,0,0,0,0,0
2482176,1212,0,89,88,1,0,0,0.00058,0.00486,0.103,3109,0,0,0,0,0,0,0,0,0,0,0,0,0,0,0,0,0,0,0,0,0
2484224,1213,0,77,75,1,0,1,0.00723,0.00571,0.0969,2586,0,0,0,0,0,0,0,0,0,0,0,0,0,0,0,0,0,0,0,0,0
2486272,1214,0,94,92,1,0,1,-0.00113,0.00372,0.0901,2696,0,0,0,0,0,0,0,0,0,0,0,0,0,0,0,0,0,0,0,0,0
2488320,1215,0,97,96,1,0,0,-0.00349,0.00407,0.0898,2944,0,0,0,0,0,0,0,0,0,0,0,0,0,0,0,0,0,0,0,0,0
2490368,1216,0,97,95,2,0,0,0.01295,0.00464,0.092,2719,0,0,0,0,0,0,0,0,0,0,0,0,0,0,0,0,0,0,0,0,0
2492416,1217,0,94,91,3,0,0,-0.00064,0.00637,0.0862,2895,0,0,0,0,0,0,0,0,0,0,0,0,0,0,0,0,0,0,0,0,0
2494464,1218,0,94,93,1,0,0,0.00325,0.00424,0.0866,3093,0,0,0,0,0,0,0,0,0,0,0,0,0,0,0,0,0,0,0,0,0
2496512,1219,0,95,94,0,1,0,-0.00136,0.00477,0.1128,3020,0,0,0,0,0,0,0,0,0,0,0,0,0,0,0,0,0,0,0,0,0
2498560,1220,0,85,84,0,0,1,0.00123,0.00355,0.1175,2906,0,0,0,0,0,0,0,0,0,0,0,0,0,0,0,0,0,0,0,0,0
2500608,1221,0,87,86,0,0,1,0.01233,0.00358,0.1337,2890,0,0,0,0,0,0,0,0,0,0,0,0,0,0,0,0,0,0,0,0,0
2502656,1222,0,59,58,1,0,0,-0.00769,0.0061,0.1993,2610,0,0,0,0,0,0,0,0,0,0,0,0,0,0,0,0,0,0,0,0,0
2504704,1223,0,84,80,1,0,3,-0.00162,0.00463,0.1187,2597,0,0,0,0,0,0,0,0,0,0,0,0,0,0,0,0,0,0,0,0,0
2506752,1224,0,91,91,0,0,0,-0.00393,0.00363,0.125,2780,0,0,0,0,0,0,0,0,0,0,0,0,0,0,0,0,0,0,0,0,0
2508800,1225,0,85,83,0,0,2,-0.00193,0.00396,0.1568,3159,0,0,0,0,0,0,0,0,0,0,0,0,0,0,0,0,0,0,0,0,0
2510848,1226,0,83,82,0,0,1,-0.0028,0.00301,0.1442,3043,0,0,0,0,0,0,0,0,0,0,0,0,0,0,0,0,0,0,0,0,0
2512896,1227,0,72,69,0,0,3,-0.00709,0.00465,0.1736,3065,0,0,0,0,0,0,0,0,0,0,0,0,0,0,0,0,0,0,0,0,0
2514944,1228,0,76,73,1,0,2,-0.00437,0.00499,0.1847,2764,0,0,0,0,0,0,0,0,0,0,0,0,0,0,0,0,0,0,0,0,0
2516992,1229,0,82,81,1,0,0,-0.00457,0.00464,0.1572,3022,0,0,0,0,0,0,0,0,0,0,0,0,0,0,0,0,0,0,0,0,0
2519040,1230,0,90,88,0,0,2,-0.00554,0.00591,0.1182,3019,0,0,0,0,0,0,0,0,0,0,0,0,0,0,0,0,0,0,0,0,0
2521088,1231,0,80,78,1,0,1,-0.00199,0.00371,0.1243,3150,0,0,0,0,0,0,0,0,0,0,0,0,0,0,0,0,0,0,0,0,0
2523136,1232,0,84,81,1,0,2,-0.00579,0.0037,0.1423,2904,0,0,0,0,0,0,0,0,0,0,0,0,0,0,0,0,0,0,0,0,0
2525184,1233,0,82,79,1,0,2,-0.00147,0.00551,0.119,2763,0,0,0,0,0,0,0,0,0,0,0,0,0,0,0,0,0,0,0,0,0
2527232,1234,0,97,95,2,0,0,-0.00266,0.00437,0.0825,2798,0,0,0,0,0,0,0,0,0,0,0,0,0,0,0,0,0,0,0,0,0
2529280,1235,0,97,97,0,0,0,-0.00391,0.00244,0.0987,2722,0,0,0,0,0,0,0,0,0,0,0,0,0,0,0,0,0,0,0,0,0
2531328,1236,0,96,95,0,0,1,-0.00074,0.00262,0.1144,2958,0,0,0,0,0,0,0,0,0,0,0,0,0,0,0,0,0,0,0,0,0
2533376,1237,0,85,83,1,0,1,-0.00532,0.00252,0.1965,2760,0,0,0,0,0,0,0,0,0,0,0,0,0,0,0,0,0,0,0,0,0
2535424,1238,0,90,86,3,0,1,-0.00208,0.00355,0.1382,2904,0,0,0,0,0,0,0,0,0,0,0,0,0,0,0,0,0,0,0,0,0
2537472,1239,0,86,86,0,0,0,-0.00261,0.00283,0.1234,2847,0,0,0,0,0,0,0,0,0,0,0,0,0,0,0,0,0,0,0,0,0
2539520,1240,0,92,91,0,0,1,-0.00083,0.00336,0.1042,3000,0,0,0,0,0,0,0,0,0,0,0,0,0,0,0,0,0,0,0,0,0
2541568,1241,0,95,94,1,0,0,-0.00467,0.00304,0.0953,2924,0,0,0,0,0,0,0,0,0,0,0,0,0,0,0,0,0,0,0,0,0
2543616,1242,0,89,88,0,0,1,-0.002,0.00311,0.1135,2917,0,0,0,0,0,0,0,0,0,0,0,0,0,0,0,0,0,0,0,0,0
2545664,1243,0,102,102,0,0,0,-0.00161,0.00261,0.0807,2784,0,0,0,0,0,0,0,0,0,0,0,0,0,0,0,0,0,0,0,0,0
2547712,1244,0,98,98,0,0,0,0.00098,0.00226,0.0882,2655,0,0,0,0,0,0,0,0,0,0,0,0,0,0,0,0,0,0,0,0,0
2549760,1245,0,94,94,0,0,0,-0.00418,0.00215,0.1095,2494,0,0,0,0,0,0,0,0,0,0,0,0,0,0,0,0,0,0,0,0,0
2551808,1246,0,105,104,0,0,1,-0.00265,0.00231,0.1104,2801,0,0,0,0,0,0,0,0,0,0,0,0,0,0,0,0,0,0,0,0,0
2553856,1247,0,94,94,0,0,0,-0.00112,0.00267,0.105,2699,0,0,0,0,0,0,0,0,0,0,0,0,0,0,0,0,0,0,0,0,0
2555904,1248,0,89,88,0,0,1,-0.00439,0.00278,0.1058,2348,0,0,0,0,0,0,0,0,0,0,0,0,0,0,0,0,0,0,0,0,0
2557952,1249,0,77,76,0,0,1,0.00334,0.00505,0.1021,2670,0,0,0,0,0,0,0,0,0,0,0,0,0,0,0,0,0,0,0,0,0
2560000,1250,0,72,71,0,0,1,-0.00119,0.00598,0.1366,2832,0,0,0,0,0,0,0,0,0,0,0,0,0,0,0,0,0,0,0,0,0
2562048,1251,0,76,75,0,0,1,-0.00366,0.00416,0.1144,2771,0,0,0,0,0,0,0,0,0,0,0,0,0,0,0,0,0,0,0,0,0
2564096,1252,0,95,92,0,0,3,-0.00017,0.00457,0.088,2687,0,0,0,0,0,0,0,0,0,0,0,0,0,0,0,0,0,0,0,0,0
2566144,1253,0,92,90,2,0,0,-0.00346,0.00413,0.1086,2724,0,0,0,0,0,0,0,0,0,0,0,0,0,0,0,0,0,0,0,0,0
2568192,1254,0,79,78,0,0,1,-0.00264,0.00457,0.116,2721,0,0,0,0,0,0,0,0,0,0,0,0,0,0,0,0,0,0,0,0,0
2570240,1255,0,93,90,1,0,2,0.00038,0.00596,0.075,2621,0,0,0,0,0,0,0,0,0,0,0,0,0,0,0,0,0,0,0,0,0
2572288,1256,0,104,103,1,0,0,0.00239,0.00301,0.0722,2524,0,0,0,0,0,0,0,0,0,0,0,0,0,0,0,0,0,0,0,0,0
2574336,1257,0,94,93,1,0,0,-0.00046,0.0025,0.0993,2689,0,0,0,0,0,0,0,0,0,0,0,0,0,0,0,0,0,0,0,0,0
2576384,1258,0,87,86,0,0,1,0.00282,0.00302,0.1099,2849,0,0,0,0,0,0,0,0,0,0,0,0,0,0,0,0,0,0,0,0,0
2578432,1259,0,85,83,1,1,0,0.00061,0.00923,0.1166,2797,0,0,0,0,0,0,0,0,0,0,0,0,0,0,0,0,0,0,0,0,0
2580480,1260,0,91,89,0,0,2,-0.00084,0.00342,0.1302,2974,0,0,0,0,0,0,0,0,0,0,0,0,0,0,0,0,0,0,0,0,0
2582528,1261,0,84,83,0,0,1,-0.00468,0.00266,0.12,2940,0,0,0,0,0,0,0,0,0,0,0,0,0,0,0,0,0,0,0,0,0
2584576,1262,0,95,93,0,0,2,-0.00147,0.00276,0.1044,2903,0,0,0,0,0,0,0,0,0,0,0,0,0,0,0,0,0,0,0,0,0
2586624,1263,0,81,81,0,0,0,-0.00312,0.003,0.0912,2703,0,0,0,0,0,0,0,0,0,0,0,0,0,0,0,0,0,0,0,0,0
2588672,1264,0,94,94,0,0,0,-0.00241,0.00298,0.0749,2932,0,0,0,0,0,0,0,0,0,0,0,0,0,0,0,0,0,0,0,0,0
2590720,1265,0,93,92,0,0,1,-0.00327,0.00251,0.1041,2919,0,0,0,0,0,0,0,0,0,0,0,0,0,0,0,0,0,0,0,0,0
2592768,1266,0,89,89,0,0,0,0.00172,0.00211,0.1401,3093,0,0,0,0,0,0,0,0,0,0,0,0,0,0,0,0,0,0,0,0,0
2594816,1267,0,76,74,0,0,2,0.00026,0.0027,0.1565,2925,0,0,0,0,0,0,0,0,0,0,0,0,0,0,0,0,0,0,0,0,0
2596864,1268,0,88,86,0,0,2,-0.00154,0.0036,0.1064,2813,0,0,0,0,0,0,0,0,0,0,0,0,0,0,0,0,0,0,0,0,0
2598912,1269,0,88,87,0,0,1,0.00119,0.00418,0.1357,2886,0,0,0,0,0,0,0,0,0,0,0,0,0,0,0,0,0,0,0,0,0
2600960,1270,0,89,86,1,0,2,-0.00176,0.00511,0.0966,2819,0,0,0,0,0,0,0,0,0,0,0,0,0,0,0,0,0,0,0,0,0
2603008,1271,0,86,86,0,0,0,-0.00141,0.00396,0.0918,2694,0,0,0,0,0,0,0,0,0,0,0,0,0,0,0,0,0,0,0,0,0
2605056,1272,0,89,89,0,0,0,0.00241,0.0033,0.1076,2554,0,0,0,0,0,0,0,0,0,0,0,0,0,0,0,0,0,0,0,0,0
2607104,1273,0,88,87,0,0,1,-0.01032,0.00325,0.0969,2853,0,0,0,0,0,0,0,0,0,0,0,0,0,0,0,0,0,0,0,0,0
2609152,1274,0,94,93,0,0,1,-0.00097,0.00548,0.0791,2843,0,0,0,0,0,0,0,0,0,0,0,0,0,0,0,0,0,0,0,0,0
2611200,1275,0,90,89,0,1,0,-0.00115,0.00445,0.0661,2643,0,0,0,0,0,0,0,0,0,0,0,0,0,0,0,0,0,0,0,0,0
2613248,1276,0,96,96,0,0,0,-0.00185,0.00317,0.0637,2622,0,0,0,0,0,0,0,0,0,0,0,0,0,0,0,0,0,0,0,0,0
2615296,1277,0,89,88,0,0,1,0.00101,0.00371,0.0998,2796,0,0,0,0,0,0,0,0,0,0,0,0,0,0,0,0,0,0,0,0,0
2617344,1278,0,88,87,0,0,1,-0.00265,0.00329,0.1031,2899,0,0,0,0,0,0,0,0,0,0,0,0,0,0,0,0,0,0,0,0,0
2619392,1279,0,85,84,1,0,0,-0.00359,0.00424,0.107,2784,0,0,0,0,0,0,0,0,0,0,0,0,0,0,0,0,0,0,0,0,0
2621440,1280,0,76,75,0,0,1,-0.00137,0.00371,0.1551,2864,0,0,0,0,0,0,0,0,0,0,0,0,0,0,0,0,0,0,0,0,0
2623488,1281,0,74,73,0,0,1,-0.00863,0.00425,0.1373,2864,0,0,0,0,0,0,0,0,0,0,0,0,0,0,0,0,0,0,0,0,0
2625536,1282,0,102,101,0,0,1,-0.00314,0.00322,0.0953,2721,0,0,0,0,0,0,0,0,0,0,0,0,0,0,0,0,0,0,0,0,0
2627584,1283,0,91,90,1,0,0,-0.00122,0.00321,0.1067,2543,0,0,0,0,0,0,0,0,0,0,0,0,0,0,0,0,0,0,0,0,0
2629632,1284,0,96,94,0,0,2,-0.00129,0.00269,0.083,2786,0,0,0,0,0,0,0,0,0,0,0,0,0,0,0,0,0,0,0,0,0
2631680,1285,0,101,101,0,0,0,-0.00307,0.0024,0.0712,2817,0,0,0,0,0,0,0,0,0,0,0,0,0,0,0,0,0,0,0,0,0
2633728,1286,0,99,98,1,0,0,-0.00273,0.00245,0.0736,2808,0,0,0,0,0,0,0,0,0,0,0,0,0,0,0,0,0,0,0,0,0
2635776,1287,0,96,96,0,0,0,-0.00059,0.00216,0.0551,2801,0,0,0,0,0,0,0,0,0,0,0,0,0,0,0,0,0,0,0,0,0
2637824,1288,0,95,94,0,0,1,-0.00345,0.00247,0.0565,2859,0,0,0,0,0,0,0,0,0,0,0,0,0,0,0,0,0,0,0,0,0
2639872,1289,0,90,90,0,0,0,-0.00065,0.00279,0.0691,3064,0,0,0,0,0,0,0,0,0,0,0,0,0,0,0,0,0,0,0,0,0
2641920,1290,0,97,95,0,1,1,-0.00034,0.00459,0.0699,2954,0,0,0,0,0,0,0,0,0,0,0,0,0,0,0,0,0,0,0,0,0
2643968,1291,0,89,88,0,1,0,-0.0052,0.00353,0.0839,2749,0,0,0,0,0,0,0,0,0,0,0,0,0,0,0,0,0,0,0,0,0
2646016,1292,0,80,78,0,0,2,0.00335,0.00372,0.0949,2657,0,0,0,0,0,0,0,0,0,0,0,0,0,0,0,0,0,0,0,0,0
2648064,1293,0,95,94,0,0,1,-0.00242,0.00276,0.0813,2871,0,0,0,0,0,0,0,0,0,0,0,0,0,0,0,0,0,0,0,0,0
2650112,1294,0,97,94,3,0,0,0.01045,0.00622,0.0803,2813,0,0,0,0,0,0,0,0,0,0,0,0,0,0,0,0,0,0,0,0,0
2652160,1295,0,94,91,2,0,1,0.00044,0.005,0.0965,2701,0,0,0,0,0,0,0,0,0,0,0,0,0,0,0,0,0,0,0,0,0
2654208,1296,0,90,88,2,0,0,-0.00081,0.0076,0.1219,2656,0,0,0,0,0,0,0,0,0,0,0,0,0,0,0,0,0,0,0,0,0
2656256,1297,0,100,99,0,0,1,-0.00346,0.00316,0.0943,3061,0,0,0,0,0,0,0,0,0,0,0,0,0,0,0,0,0,0,0,0,0
2658304,1298,0,83,82,0,0,1,0.00044,0.0028,0.1167,2854,0,0,0,0,0,0,0,0,0,0,0,0,0,0,0,0,0,0,0,0,0
2660352,1299,0,103,101,0,0,2,-0.00454,0.00293,0.0821,2827,0,0,0,0,0,0,0,0,0,0,0,0,0,0,0,0,0,0,0,0,0
2662400,1300,0,64,64,0,0,0,-0.00405,0.00446,0.105,2725,0,0,0,0,0,0,0,0,0,0,0,0,0,0,0,0,0,0,0,0,0
2664448,1301,0,78,77,0,0,1,-0.00303,0.00644,0.0976,2619,0,0,0,0,0,0,0,0,0,0,0,0,0,0,0,0,0,0,0,0,0
2666496,1302,0,104,104,0,0,0,-0.00542,0.00408,0.0669,2800,0,0,0,0,0,0,0,0,0,0,0,0,0,0,0,0,0,0,0,0,0
2668544,1303,0,93,93,0,0,0,0.00049,0.00401,0.0837,2642,0,0,0,0,0,0,0,0,0,0,0,0,0,0,0,0,0,0,0,0,0
2670592,1304,0,83,81,0,1,1,-0.00192,0.00465,0.0856,2672,0,0,0,0,0,0,0,0,0,0,0,0,0,0,0,0,0,0,0,0,0
2672640,1305,0,89,89,0,0,0,0.00324,0.0025,0.0914,2455,0,0,0,0,0,0,0,0,0,0,0,0,0,0,0,0,0,0,0,0,0
2674688,1306,0,101,99,0,0,2,-0.00037,0.00296,0.0809,2955,0,0,0,0,0,0,0,0,0,0,0,0,0,0,0,0,0,0,0,0,0
2676736,1307,0,78,77,0,1,0,-0.00147,0.00395,0.0997,2924,0,0,0,0,0,0,0,0,0,0,0,0,0,0,0,0,0,0,0,0,0
2678784,1308,0,89,87,1,0,1,-0.00389,0.0038,0.1144,2934,0,0,0,0,0,0,0,0,0,0,0,0,0,0,0,0,0,0,0,0,0
2680832,1309,0,80,78,0,0,2,-0.00416,0.00381,0.1297,3060,0,0,0,0,0,0,0,0,0,0,0,0,0,0,0,0,0,0,0,0,0
2682880,1310,0,88,85,1,0,2,-0.00504,0.00595,0.1183,2718,0,0,0,0,0,0,0,0,0,0,0,0,0,0,0,0,0,0,0,0,0
2684928,1311,0,91,91,0,0,0,-0.00267,0.00283,0.1478,2441,0,0,0,0,0,0,0,0,0,0,0,0,0,0,0,0,0,0,0,0,0
2686976,1312,0,78,77,0,0,1,0.00199,0.0032,0.2093,2853,0,0,0,0,0,0,0,0,0,0,0,0,0,0,0,0,0,0,0,0,0
2689024,1313,0,98,95,0,0,3,0.00723,0.00346,0.1116,2831,0,0,0,0,0,0,0,0,0,0,0,0,0,0,0,0,0,0,0,0,0
2691072,1314,0,91,90,1,0,0,-0.00519,0.00387,0.1615,2655,0,0,0,0,0,0,0,0,0,0,0,0,0,0,0,0,0,0,0,0,0
2693120,1315,0,94,92,0,0,2,-0.00328,0.00281,0.1311,2314,0,0,0,0,0,0,0,0,0,0,0,0,0,0,0,0,0,0,0,0,0
2695168,1316,0,97,97,0,0,0,-0.00304,0.00246,0.0982,2713,0,0,0,0,0,0,0,0,0,0,0,0,0,0,0,0,0,0,0,0,0
2697216,1317,0,96,96,0,0,0,-0.00148,0.00198,0.1026,2977,0,0,0,0,0,0,0,0,0,0,0,0,0,0,0,0,0,0,0,0,0
2699264,1318,0,93,92,0,0,1,-0.00321,0.00286,0.1028,2863,0,0,0,0,0,0,0,0,0,0,0,0,0,0,0,0,0,0,0,0,0
2701312,1319,0,85,85,0,0,0,-0.00268,0.00268,0.126,2808,0,0,0,0,0,0,0,0,0,0,0,0,0,0,0,0,0,0,0,0,0
2703360,1320,0,84,83,0,0,1,-0.00783,0.0047,0.1411,2685,0,0,0,0,0,0,0,0,0,0,0,0,0,0,0,0,0,0,0,0,0
2705408,1321,0,91,91,0,0,0,0.00122,0.00319,0.1305,2711,0,0,0,0,0,0,0,0,0,0,0,0,0,0,0,0,0,0,0,0,0
2707456,1322,0,81,80,0,0,1,-0.00234,0.00292,0.1011,2898,0,0,0,0,0,0,0,0,0,0,0,0,0,0,0,0,0,0,0,0,0
2709504,1323,0,93,90,0,0,3,-0.00135,0.00491,0.0856,2758,0,0,0,0,0,0,0,0,0,0,0,0,0,0,0,0,0,0,0,0,0
2711552,1324,0,84,83,1,0,0,0.00103,0.00453,0.1467,2872,0,0,0,0,0,0,0,0,0,0,0,0,0,0,0,0,0,0,0,0,0
2713600,1325,0,69,67,0,0,2,-0.00338,0.00425,0.1988,2902,0,0,0,0,0,0,0,0,0,0,0,0,0,0,0,0,0,0,0,0,0
2715648,1326,0,83,81,0,0,2,-0.00384,0.00415,0.189,2707,0,0,0,0,0,0,0,0,0,0,0,0,0,0,0,0,0,0,0,0,0
2717696,1327,0,85,82,1,0,2,-0.00158,0.00526,0.187,3019,0,0,0,0,0,0,0,0,0,0,0,0,0,0,0,0,0,0,0,0,0
2719744,1328,0,88,88,0,0,0,-0.00297,0.00325,0.1337,2927,0,0,0,0,0,0,0,0,0,0,0,0,0,0,0,0,0,0,0,0,0
2721792,1329,0,93,91,0,1,1,0.00067,0.00392,0.1262,2587,0,0,0,0,0,0,0,0,0,0,0,0,0,0,0,0,0,0,0,0,0
2723840,1330,0,91,91,0,0,0,-0.0029,0.00246,0.1119,2828,0,0,0,0,0,0,0,0,0,0,0,0,0,0,0,0,0,0,0,0,0
2725888,1331,0,91,90,0,0,1,-0.00121,0.00295,0.1461,2696,0,0,0,0,0,0,0,0,0,0,0,0,0,0,0,0,0,0,0,0,0
2727936,1332,0,92,90,1,1,0,-0.0014,0.00504,0.1242,2681,0,0,0,0,0,0,0,0,0,0,0,0,0,0,0,0,0,0,0,0,0
2729984,1333,0,87,87,0,0,0,-0.002,0.0031,0.1637,2609,0,0,0,0,0,0,0,0,0,0,0,0,0,0,0,0,0,0,0,0,0
2732032,1334,0,84,82,0,0,2,-0.00258,0.00331,0.1599,2986,0,0,0,0,0,0,0,0,0,0,0,0,0,0,0,0,0,0,0,0,0
2734080,1335,0,92,91,0,0,1,-0.00464,0.00297,0.1698,2698,0,0,0,0,0,0,0,0,0,0,0,0,0,0,0,0,0,0,0,0,0
2736128,1336,0,85,84,0,0,1,-0.00301,0.00314,0.1616,2878,0,0,0,0,0,0,0,0,0,0,0,0,0,0,0,0,0,0,0,0,0
2738176,1337,0,65,62,0,0,3,-0.0005,0.00624,0.144,2875,0,0,0,0,0,0,0,0,0,0,0,0,0,0,0,0,0,0,0,0,0
2740224,1338,0,57,56,0,0,1,-0.00445,0.00507,0.1885,2829,0,0,0,0,0,0,0,0,0,0,0,0,0,0,0,0,0,0,0,0,0
2742272,1339,0,87,82,0,0,5,-0.00304,0.00806,0.1702,2732,0,0,0,0,0,0,0,0,0,0,0,0,0,0,0,0,0,0,0,0,0
2744320,1340,0,57,55,0,0,2,-0.00276,0.00489,0.211,2842,0,0,0,0,0,0,0,0,0,0,0,0,0,0,0,0,0,0,0,0,0
2746368,1341,0,76,70,0,0,6,-0.00505,0.00713,0.1703,2647,0,0,0,0,0,0,0,0,0,0,0,0,0,0,0,0,0,0,0,0,0
2748416,1342,0,68,68,0,0,0,-0.00448,0.00407,0.2869,2857,0,0,0,0,0,0,0,0,0,0,0,0,0,0,0,0,0,0,0,0,0
2750464,1343,0,84,78,1,0,5,-0.00192,0.00618,0.201,2841,0,0,0,0,0,0,0,0,0,0,0,0,0,0,0,0,0,0,0,0,0
2752512,1344,0,88,83,3,1,1,-0.00104,0.00795,0.1418,2833,0,0,0,0,0,0,0,0,0,0,0,0,0,0,0,0,0,0,0,0,0
2754560,1345,0,76,74,0,0,2,-0.00086,0.00503,0.1753,2814,0,0,0,0,0,0,0,0,0,0,0,0,0,0,0,0,0,0,0,0,0
2756608,1346,0,74,71,1,0,2,-0.00273,0.00443,0.1579,2753,0,0,0,0,0,0,0,0,0,0,0,0,0,0,0,0,0,0,0,0,0
2758656,1347,0,86,83,0,0,3,-0.00275,0.00405,0.1562,2874,0,0,0,0,0,0,0,0,0,0,0,0,0,0,0,0,0,0,0,0,0
2760704,1348,0,96,94,0,0,2,-0.00277,0.00325,0.1109,2826,0,0,0,0,0,0,0,0,0,0,0,0,0,0,0,0,0,0,0,0,0
2762752,1349,0,72,72,0,0,0,-0.00172,0.00372,0.1525,2820,0,0,0,0,0,0,0,0,0,0,0,0,0,0,0,0,0,0,0,0,0
2764800,1350,0,86,82,1,0,3,-0.00305,0.00599,0.129,2729,0,0,0,0,0,0,0,0,0,0,0,0,0,0,0,0,0,0,0,0,0
2766848,1351,0,89,88,0,0,1,-0.00225,0.00275,0.1242,2581,0,0,0,0,0,0,0,0,0,0,0,0,0,0,0,0,0,0,0,0,0
2768896,1352,0,87,86,0,0,1,-0.00263,0.00363,0.1661,2728,0,0,0,0,0,0,0,0,0,0,0,0,0,0,0,0,0,0,0,0,0
2770944,1353,0,94,92,0,0,2,-0.00073,0.0031,0.0939,2823,0,0,0,0,0,0,0,0,0,0,0,0,0,0,0,0,0,0,0,0,0
2772992,1354,0,94,94,0,0,0,-0.00053,0.00312,0.0634,3030,0,0,0,0,0,0,0,0,0,0,0,0,0,0,0,0,0,0,0,0,0
2775040,1355,0,87,87,0,0,0,-0.00041,0.00313,0.0869,2795,0,0,0,0,0,0,0,0,0,0,0,0,0,0,0,0,0,0,0,0,0
2777088,1356,0,93,92,0,0,1,-0.00226,0.00282,0.0795,2706,0,0,0,0,0,0,0,0,0,0,0,0,0,0,0,0,0,0,0,0,0
2779136,1357,0,77,76,0,0,1,-0.00343,0.00358,0.0796,2835,0,0,0,0,0,0,0,0,0,0,0,0,0,0,0,0,0,0,0,0,0
2781184,1358,0,99,97,1,0,1,-0.00528,0.00416,0.0784,2757,0,0,0,0,0,0,0,0,0,0,0,0,0,0,0,0,0,0,0,0,0
2783232,1359,0,106,106,0,0,0,-0.00248,0.00242,0.0562,2906,0,0,0,0,0,0,0,0,0,0,0,0,0,0,0,0,0,0,0,0,0
2785280,1360,0,97,97,0,0,0,-0.00331,0.00339,0.068,2518,0,0,0,0,0,0,0,0,0,0,0,0,0,0,0,0,0,0,0,0,0
2787328,1361,0,87,85,2,0,0,-0.00259,0.00475,0.064,2699,0,0,0,0,0,0,0,0,0,0,0,0,0,0,0,0,0,0,0,0,0
2789376,1362,0,97,95,0,1,1,-0.00096,0.00764,0.0584,2958,0,0,0,0,0,0,0,0,0,0,0,0,0,0,0,0,0,0,0,0,0
2791424,1363,0,102,102,0,0,0,-0.00157,0.00292,0.0454,2943,0,0,0,0,0,0,0,0,0,0,0,0,0,0,0,0,0,0,0,0,0
2793472,1364,0,98,98,0,0,0,0.00022,0.00262,0.0601,2932,0,0,0,0,0,0,0,0,0,0,0,0,0,0,0,0,0,0,0,0,0
2795520,1365,0,80,80,0,0,0,0.00778,0.00451,0.0978,2789,0,0,0,0,0,0,0,0,0,0,0,0,0,0,0,0,0,0,0,0,0
2797568,1366,0,94,91,1,0,2,-0.0027,0.00547,0.0727,2841,0,0,0,0,0,0,0,0,0,0,0,0,0,0,0,0,0,0,0,0,0
2799616,1367,0,98,95,3,0,0,-0.00385,0.00515,0.0708,3001,0,0,0,0,0,0,0,0,0,0,0,0,0,0,0,0,0,0,0,0,0
2801664,1368,0,100,100,0,0,0,-0.00132,0.00251,0.065,2921,0,0,0,0,0,0,0,0,0,0,0,0,0,0,0,0,0,0,0,0,0
2803712,1369,0,86,86,0,0,0,0.00012,0.00272,0.0858,2842,0,0,0,0,0,0,0,0,0,0,0,0,0,0,0,0,0,0,0,0,0
2805760,1370,0,92,91,0,0,1,0.00014,0.00361,0.0976,2746,0,0,0,0,0,0,0,0,0,0,0,0,0,0,0,0,0,0,0,0,0
2807808,1371,0,95,95,0,0,0,0.00103,0.00379,0.096,2967,0,0,0,0,0,0,0,0,0,0,0,0,0,0,0,0,0,0,0,0,0
2809856,1372,0,94,93,0,0,1,-0.00197,0.00366,0.0869,2894,0,0,0,0,0,0,0,0,0,0,0,0,0,0,0,0,0,0,0,0,0
2811904,1373,0,97,96,0,0,1,-0.00031,0.00293,0.0769,2849,0,0,0,0,0,0,0,0,0,0,0,0,0,0,0,0,0,0,0,0,0
2813952,1374,0,104,104,0,0,0,-0.0021,0.0035,0.0807,2889,0,0,0,0,0,0,0,0,0,0,0,0,0,0,0,0,0,0,0,0,0
2816000,1375,0,91,91,0,0,0,-0.00166,0.00252,0.0756,2899,0,0,0,0,0,0,0,0,0,0,0,0,0,0,0,0,0,0,0,0,0
2818048,1376,0,87,85,0,0,2,-0.00134,0.00409,0.1068,2907,0,0,0,0,0,0,0,0,0,0,0,0,0,0,0,0,0,0,0,0,0
2820096,1377,0,87,85,0,0,2,-0.00503,0.00551,0.0843,2793,0,0,0,0,0,0,0,0,0,0,0,0,0,0,0,0,0,0,0,0,0
2822144,1378,0,90,90,0,0,0,-0.00148,0.00301,0.0899,2833,0,0,0,0,0,0,0,0,0,0,0,0,0,0,0,0,0,0,0,0,0
2824192,1379,0,80,79,0,1,0,-0.00598,0.00475,0.0988,2843,0,0,0,0,0,0,0,0,0,0,0,0,0,0,0,0,0,0,0,0,0
2826240,1380,0,100,97,0,0,3,0.00817,0.00587,0.0817,2914,0,0,0,0,0,0,0,0,0,0,0,0,0,0,0,0,0,0,0,0,0
2828288,1381,0,76,76,0,0,0,-0.00054,0.00271,0.1478,2794,0,0,0,0,0,0,0,0,0,0,0,0,0,0,0,0,0,0,0,0,0
2830336,1382,0,82,79,0,0,3,-0.00266,0.00293,0.1187,3058,0,0,0,0,0,0,0,0,0,0,0,0,0,0,0,0,0,0,0,0,0
2832384,1383,0,80,78,0,0,2,0.00121,0.00406,0.1241,2931,0,0,0,0,0,0,0,0,0,0,0,0,0,0,0,0,0,0,0,0,0
2834432,1384,0,99,97,1,0,1,-0.00036,0.00323,0.0635,2886,0,0,0,0,0,0,0,0,0,0,0,0,0,0,0,0,0,0,0,0,0
2836480,1385,0,105,105,0,0,0,0.00266,0.00297,0.0703,2660,0,0,0,0,0,0,0,0,0,0,0,0,0,0,0,0,0,0,0,0,0
2838528,1386,0,86,86,0,0,0,-0.00272,0.00264,0.0851,2723,0,0,0,0,0,0,0,0,0,0,0,0,0,0,0,0,0,0,0,0,0
2840576,1387,0,79,77,0,0,2,-0.00238,0.0039,0.135,2508,0,0,0,0,0,0,0,0,0,0,0,0,0,0,0,0,0,0,0,0,0
2842624,1388,0,88,85,0,1,2,0.00072,0.00658,0.1411,2517,0,0,0,0,0,0,0,0,0,0,0,0,0,0,0,0,0,0,0,0,0
2844672,1389,0,87,86,0,0,1,-0.00901,0.00399,0.0768,2668,0,0,0,0,0,0,0,0,0,0,0,0,0,0,0,0,0,0,0,0,0
2846720,1390,0,87,86,0,0,1,0.00272,0.00402,0.1389,2585,0,0,0,0,0,0,0,0,0,0,0,0,0,0,0,0,0,0,0,0,0
2848768,1391,0,76,76,0,0,0,-0.00797,0.00355,0.1374,2292,0,0,0,0,0,0,0,0,0,0,0,0,0,0,0,0,0,0,0,0,0
2850816,1392,0,87,84,1,0,2,0.00035,0.00788,0.1214,2657,0,0,0,0,0,0,0,0,0,0,0,0,0,0,0,0,0,0,0,0,0
2852864,1393,0,91,91,0,0,0,0.00231,0.00463,0.1087,2305,0,0,0,0,0,0,0,0,0,0,0,0,0,0,0,0,0,0,0,0,0
2854912,1394,0,90,88,0,0,2,0.00062,0.00665,0.1379,2813,0,0,0,0,0,0,0,0,0,0,0,0,0,0,0,0,0,0,0,0,0
2856960,1395,0,86,85,0,0,1,-0.007,0.00435,0.134,2776,0,0,0,0,0,0,0,0,0,0,0,0,0,0,0,0,0,0,0,0,0
2859008,1396,0,82,81,0,0,1,-0.00124,0.00414,0.1192,2471,0,0,0,0,0,0,0,0,0,0,0,0,0,0,0,0,0,0,0,0,0
2861056,1397,0,102,101,0,0,1,0.00071,0.003,0.0838,2644,0,0,0,0,0,0,0,0,0,0,0,0,0,0,0,0,0,0,0,0,0
2863104,1398,0,99,99,0,0,0,-2e-05,0.00236,0.079,2499,0,0,0,0,0,0,0,0,0,0,0,0,0,0,0,0,0,0,0,0,0
2865152,1399,0,86,86,0,0,0,-0.00533,0.00268,0.1176,2615,0,0,0,0,0,0,0,0,0,0,0,0,0,0,0,0,0,0,0,0,0
2867200,1400,0,95,92,0,0,3,-0.001,0.00248,0.108,2661,0,0,0,0,0,0,0,0,0,0,0,0,0,0,0,0,0,0,0,0,0
2869248,1401,0,93,93,0,0,0,-0.01139,0.00262,0.0636,2676,0,0,0,0,0,0,0,0,0,0,0,0,0,0,0,0,0,0,0,0,0
2871296,1402,0,94,94,0,0,0,0.00189,0.00296,0.0674,2349,0,0,0,0,0,0,0,0,0,0,0,0,0,0,0,0,0,0,0,0,0
2873344,1403,0,98,95,2,0,1,-0.00406,0.00424,0.0695,2470,0,0,0,0,0,0,0,0,0,0,0,0,0,0,0,0,0,0,0,0,0
2875392,1404,0,96,94,0,1,1,-0.00497,0.00525,0.0805,2565,0,0,0,0,0,0,0,0,0,0,0,0,0,0,0,0,0,0,0,0,0
2877440,1405,0,95,93,1,0,1,0.00184,0.00443,0.1006,2778,0,0,0,0,0,0,0,0,0,0,0,0,0,0,0,0,0,0,0,0,0
2879488,1406,0,89,88,0,0,1,-0.00152,0.00324,0.1231,2789,0,0,0,0,0,0,0,0,0,0,0,0,0,0,0,0,0,0,0,0,0
2881536,1407,0,86,85,0,0,1,-0.00329,0.00244,0.1304,2753,0,0,0,0,0,0,0,0,0,0,0,0,0,0,0,0,0,0,0,0,0
2883584,1408,0,88,86,1,0,1,-0.00328,0.00318,0.122,2818,0,0,0,0,0,0,0,0,0,0,0,0,0,0,0,0,0,0,0,0,0
2885632,1409,0,95,95,0,0,0,-0.00037,0.00265,0.1126,2552,0,0,0,0,0,0,0,0,0,0,0,0,0,0,0,0,0,0,0,0,0
2887680,1410,0,104,101,2,0,1,-0.00611,0.00534,0.0901,2384,0,0,0,0,0,0,0,0,0,0,0,0,0,0,0,0,0,0,0,0,0
2889728,1411,0,95,95,0,0,0,-0.00315,0.00369,0.1006,2759,0,0,0,0,0,0,0,0,0,0,0,0,0,0,0,0,0,0,0,0,0
2891776,1412,0,91,89,1,0,1,0.02162,0.00459,0.1154,2630,0,0,0,0,0,0,0,0,0,0,0,0,0,0,0,0,0,0,0,0,0
2893824,1413,0,82,82,0,0,0,-0.0081,0.00289,0.1307,2756,0,0,0,0,0,0,0,0,0,0,0,0,0,0,0,0,0,0,0,0,0
2895872,1414,0,88,86,0,0,2,-0.00473,0.00458,0.1532,2804,0,0,0,0,0,0,0,0,0,0,0,0,0,0,0,0,0,0,0,0,0
2897920,1415,0,86,86,0,0,0,-0.00397,0.0032,0.1189,2907,0,0,0,0,0,0,0,0,0,0,0,0,0,0,0,0,0,0,0,0,0
2899968,1416,0,79,76,0,0,3,-0.00493,0.00478,0.1193,2824,0,0,0,0,0,0,0,0,0,0,0,0,0,0,0,0,0,0,0,0,0
2902016,1417,0,91,91,0,0,0,-0.00363,0.00309,0.1035,2692,0,0,0,0,0,0,0,0,0,0,0,0,0,0,0,0,0,0,0,0,0
2904064,1418,0,81,80,0,0,1,-0.00376,0.00274,0.1256,2821,0,0,0,0,0,0,0,0,0,0,0,0,0,0,0,0,0,0,0,0,0
2906112,1419,0,85,83,1,0,1,0.00244,0.00501,0.131,2861,0,0,0,0,0,0,0,0,0,0,0,0,0,0,0,0,0,0,0,0,0
2908160,1420,0,96,94,0,0,2,-0.0016,0.00376,0.1195,2789,0,0,0,0,0,0,0,0,0,0,0,0,0,0,0,0,0,0,0,0,0
2910208,1421,0,77,75,0,0,2,-0.00117,0.00343,0.1861,2526,0,0,0,0,0,0,0,0,0,0,0,0,0,0,0,0,0,0,0,0,0
2912256,1422,0,80,77,0,1,2,-0.00178,0.0076,0.1299,3037,0,0,0,0,0,0,0,0,0,0,0,0,0,0,0,0,0,0,0,0,0
2914304,1423,0,101,99,1,0,1,-0.00292,0.00512,0.0764,2832,0,0,0,0,0,0,0,0,0,0,0,0,0,0,0,0,0,0,0,0,0
2916352,1424,0,97,97,0,0,0,-0.00678,0.00353,0.0832,2775,0,0,0,0,0,0,0,0,0,0,0,0,0,0,0,0,0,0,0,0,0
2918400,1425,0,98,98,0,0,0,-0.00142,0.00261,0.0815,2624,0,0,0,0,0,0,0,0,0,0,0,0,0,0,0,0,0,0,0,0,0
2920448,1426,0,87,87,0,0,0,-0.00307,0.00288,0.1259,2717,0,0,0,0,0,0,0,0,0,0,0,0,0,0,0,0,0,0,0,0,0
2922496,1427,0,73,71,0,0,2,-0.00204,0.0043,0.1593,2753,0,0,0,0,0,0,0,0,0,0,0,0,0,0,0,0,0,0,0,0,0
2924544,1428,0,83,80,0,0,3,-0.00422,0.0031,0.1635,2897,0,0,0,0,0,0,0,0,0,0,0,0,0,0,0,0,0,0,0,0,0
2926592,1429,0,82,80,0,0,2,-0.00011,0.00287,0.1777,2923,0,0,0,0,0,0,0,0,0,0,0,0,0,0,0,0,0,0,0,0,0
2928640,1430,0,81,78,0,0,3,0.00463,0.00295,0.1668,2529,0,0,0,0,0,0,0,0,0,0,0,0,0,0,0,0,0,0,0,0,0
2930688,1431,0,92,89,0,0,3,-0.00098,0.00394,0.1062,2804,0,0,0,0,0,0,0,0,0,0,0,0,0,0,0,0,0,0,0,0,0
2932736,1432,0,89,89,0,0,0,-0.00062,0.00259,0.1286,2426,0,0,0,0,0,0,0,0,0,0,0,0,0,0,0,0,0,0,0,0,0
2934784,1433,0,90,87,1,0,2,0.00142,0.00489,0.1034,2661,0,0,0,0,0,0,0,0,0,0,0,0,0,0,0,0,0,0,0,0,0
2936832,1434,0,80,78,0,0,2,0.00028,0.00404,0.1255,2785,0,0,0,0,0,0,0,0,0,0,0,0,0,0,0,0,0,0,0,0,0
2938880,1435,0,96,94,1,0,1,-0.00139,0.00462,0.1447,2789,0,0,0,0,0,0,0,0,0,0,0,0,0,0,0,0,0,0,0,0,0
2940928,1436,0,92,89,2,0,1,0.00082,0.00707,0.1439,2774,0,0,0,0,0,0,0,0,0,0,0,0,0,0,0,0,0,0,0,0,0
2942976,1437,0,107,107,0,0,0,-0.00271,0.0027,0.0796,2659,0,0,0,0,0,0,0,0,0,0,0,0,0,0,0,0,0,0,0,0,0
2945024,1438,0,95,95,0,0,0,-0.00124,0.00211,0.1079,2586,0,0,0,0,0,0,0,0,0,0,0,0,0,0,0,0,0,0,0,0,0
2947072,1439,0,94,94,0,0,0,-0.00436,0.00195,0.161,2449,0,0,0,0,0,0,0,0,0,0,0,0,0,0,0,0,0,0,0,0,0
2949120,1440,0,84,82,0,0,2,-0.00123,0.00346,0.1802,2602,0,0,0,0,0,0,0,0,0,0,0,0,0,0,0,0,0,0,0,0,0
2951168,1441,0,91,89,1,0,1,0.00158,0.00364,0.0969,2865,0,0,0,0,0,0,0,0,0,0,0,0,0,0,0,0,0,0,0,0,0
2953216,1442,0,88,88,0,0,0,-0.00488,0.00246,0.1102,2911,0,0,0,0,0,0,0,0,0,0,0,0,0,0,0,0,0,0,0,0,0
2955264,1443,0,79,79,0,0,0,-0.0023,0.00281,0.1264,2899,0,0,0,0,0,0,0,0,0,0,0,0,0,0,0,0,0,0,0,0,0
2957312,1444,0,97,95,0,0,2,-0.00346,0.00281,0.108,2746,0,0,0,0,0,0,0,0,0,0,0,0,0,0,0,0,0,0,0,0,0
2959360,1445,0,97,96,1,0,0,-0.00252,0.00352,0.0888,2612,0,0,0,0,0,0,0,0,0,0,0,0,0,0,0,0,0,0,0,0,0
2961408,1446,0,100,100,0,0,0,-0.00234,0.00206,0.0726,2730,0,0,0,0,0,0,0,0,0,0,0,0,0,0,0,0,0,0,0,0,0
2963456,1447,0,102,102,0,0,0,-0.00318,0.00205,0.0825,2450,0,0,0,0,0,0,0,0,0,0,0,0,0,0,0,0,0,0,0,0,0
2965504,1448,0,92,91,1,0,0,-0.00841,0.00291,0.0907,2660,0,0,0,0,0,0,0,0,0,0,0,0,0,0,0,0,0,0,0,0,0
2967552,1449,0,96,96,0,0,0,-0.00427,0.00235,0.0748,2638,0,0,0,0,0,0,0,0,0,0,0,0,0,0,0,0,0,0,0,0,0
2969600,1450,0,98,98,0,0,0,-0.00393,0.00189,0.0873,2742,0,0,0,0,0,0,0,0,0,0,0,0,0,0,0,0,0,0,0,0,0
2971648,1451,0,89,88,0,0,1,-0.00509,0.00278,0.0922,2550,0,0,0,0,0,0,0,0,0,0,0,0,0,0,0,0,0,0,0,0,0
2973696,1452,0,72,72,0,0,0,-0.00239,0.00357,0.1212,2811,0,0,0,0,0,0,0,0,0,0,0,0,0,0,0,0,0,0,0,0,0
2975744,1453,0,75,72,0,0,3,-0.00296,0.00305,0.1803,2597,0,0,0,0,0,0,0,0,0,0,0,0,0,0,0,0,0,0,0,0,0
2977792,1454,0,81,78,1,0,2,0.00402,0.0034,0.1669,2703,0,0,0,0,0,0,0,0,0,0,0,0,0,0,0,0,0,0,0,0,0
2979840,1455,0,99,95,0,1,3,-0.00357,0.00409,0.0921,2646,0,0,0,0,0,0,0,0,0,0,0,0,0,0,0,0,0,0,0,0,0
2981888,1456,0,99,97,2,0,0,-0.00117,0.00309,0.0672,2547,0,0,0,0,0,0,0,0,0,0,0,0,0,0,0,0,0,0,0,0,0
2983936,1457,0,95,95,0,0,0,-0.00257,0.00326,0.0601,2511,0,0,0,0,0,0,0,0,0,0,0,0,0,0,0,0,0,0,0,0,0
2985984,1458,0,99,98,1,0,0,-0.00142,0.00248,0.0708,2309,0,0,0,0,0,0,0,0,0,0,0,0,0,0,0,0,0,0,0,0,0
2988032,1459,0,89,89,0,0,0,-0.00346,0.00256,0.0782,2341,0,0,0,0,0,0,0,0,0,0,0,0,0,0,0,0,0,0,0,0,0
2990080,1460,0,95,93,0,0,2,-0.00036,0.00282,0.1024,2487,0,0,0,0,0,0,0,0,0,0,0,0,0,0,0,0,0,0,0,0,0
2992128,1461,0,91,90,1,0,0,-0.0028,0.00242,0.091,2640,0,0,0,0,0,0,0,0,0,0,0,0,0,0,0,0,0,0,0,0,0
2994176,1462,0,103,102,0,0,1,-0.00138,0.00207,0.0637,2547,0,0,0,0,0,0,0,0,0,0,0,0,0,0,0,0,0,0,0,0,0
2996224,1463,0,98,98,0,0,0,-0.00288,0.00184,0.0696,2180,0,0,0,0,0,0,0,0,0,0,0,0,0,0,0,0,0,0,0,0,0
2998272,1464,0,92,92,0,0,0,-0.0047,0.00203,0.0821,2516,0,0,0,0,0,0,0,0,0,0,0,0,0,0,0,0,0,0,0,0,0
3000320,1465,0,82,80,1,0,1,-0.00207,0.00314,0.1152,2433,0,0,0,0,0,0,0,0,0,0,0,0,0,0,0,0,0,0,0,0,0
3002368,1466,0,77,77,0,0,0,-0.00227,0.00325,0.1314,2599,0,0,0,0,0,0,0,0,0,0,0,0,0,0,0,0,0,0,0,0,0
3004416,1467,0,98,96,0,0,2,-0.00059,0.00249,0.0988,2637,0,0,0,0,0,0,0,0,0,0,0,0,0,0,0,0,0,0,0,0,0
3006464,1468,0,85,85,0,0,0,0.00684,0.00239,0.0981,2724,0,0,0,0,0,0,0,0,0,0,0,0,0,0,0,0,0,0,0,0,0
3008512,1469,0,98,97,0,0,1,-0.00051,0.00212,0.0653,2694,0,0,0,0,0,0,0,0,0,0,0,0,0,0,0,0,0,0,0,0,0
3010560,1470,0,93,93,0,0,0,-0.00138,0.00227,0.1,2880,0,0,0,0,0,0,0,0,0,0,0,0,0,0,0,0,0,0,0,0,0
3012608,1471,0,84,80,2,0,2,-0.00249,0.00519,0.1462,2801,0,0,0,0,0,0,0,0,0,0,0,0,0,0,0,0,0,0,0,0,0
3014656,1472,0,82,80,0,0,2,-0.00032,0.00311,0.1556,2691,0,0,0,0,0,0,0,0,0,0,0,0,0,0,0,0,0,0,0,0,0
3016704,1473,0,87,85,0,0,2,-0.00187,0.00483,0.1552,2481,0,0,0,0,0,0,0,0,0,0,0,0,0,0,0,0,0,0,0,0,0
3018752,1474,0,85,81,1,1,2,-0.00298,0.0051,0.1138,2484,0,0,0,0,0,0,0,0,0,0,0,0,0,0,0,0,0,0,0,0,0
3020800,1475,0,103,100,1,1,1,0.00023,0.00508,0.0628,2604,0,0,0,0,0,0,0,0,0,0,0,0,0,0,0,0,0,0,0,0,0
3022848,1476,0,85,85,0,0,0,0.00085,0.0028,0.1092,2625,0,0,0,0,0,0,0,0,0,0,0,0,0,0,0,0,0,0,0,0,0
3024896,1477,0,87,84,0,0,3,0.00083,0.00317,0.107,2691,0,0,0,0,0,0,0,0,0,0,0,0,0,0,0,0,0,0,0,0,0
3026944,1478,0,102,99,0,2,1,-0.0021,0.00427,0.06,2399,0,0,0,0,0,0,0,0,0,0,0,0,0,0,0,0,0,0,0,0,0
3028992,1479,0,103,103,0,0,0,-0.00097,0.00216,0.0654,2742,0,0,0,0,0,0,0,0,0,0,0,0,0,0,0,0,0,0,0,0,0
3031040,1480,0,102,102,0,0,0,-0.00156,0.00216,0.0738,2588,0,0,0,0,0,0,0,0,0,0,0,0,0,0,0,0,0,0,0,0,0
3033088,1481,0,99,98,0,0,1,-0.00229,0.00231,0.0654,2488,0,0,0,0,0,0,0,0,0,0,0,0,0,0,0,0,0,0,0,0,0
3035136,1482,0,85,85,0,0,0,-0.00127,0.00217,0.1018,2814,0,0,0,0,0,0,0,0,0,0,0,0,0,0,0,0,0,0,0,0,0
3037184,1483,0,89,87,0,0,2,-0.00094,0.00303,0.0981,2942,0,0,0,0,0,0,0,0,0,0,0,0,0,0,0,0,0,0,0,0,0
3039232,1484,0,95,94,0,0,1,-0.00292,0.00238,0.0759,2876,0,0,0,0,0,0,0,0,0,0,0,0,0,0,0,0,0,0,0,0,0
3041280,1485,0,89,86,1,0,2,-0.00112,0.00362,0.096,2600,0,0,0,0,0,0,0,0,0,0,0,0,0,0,0,0,0,0,0,0,0
3043328,1486,0,90,88,1,0,1,-0.0015,0.00333,0.0945,2834,0,0,0,0,0,0,0,0,0,0,0,0,0,0,0,0,0,0,0,0,0
3045376,1487,0,90,88,0,1,1,-0.00112,0.00407,0.0914,2918,0,0,0,0,0,0,0,0,0,0,0,0,0,0,0,0,0,0,0,0,0
3047424,1488,0,87,87,0,0,0,-0.00153,0.00331,0.0958,2823,0,0,0,0,0,0,0,0,0,0,0,0,0,0,0,0,0,0,0,0,0
3049472,1489,0,87,86,0,0,1,-0.00507,0.00263,0.1257,2982,0,0,0,0,0,0,0,0,0,0,0,0,0,0,0,0,0,0,0,0,0
3051520,1490,0,89,86,0,0,3,-0.00299,0.00348,0.0967,3018,0,0,0,0,0,0,0,0,0,0,0,0,0,0,0,0,0,0,0,0,0
3053568,1491,0,86,85,0,0,1,-0.00557,0.00237,0.1162,2797,0,0,0,0,0,0,0,0,0,0,0,0,0,0,0,0,0,0,0,0,0
3055616,1492,0,104,102,1,0,1,0.00753,0.00253,0.0698,2876,0,0,0,0,0,0,0,0,0,0,0,0,0,0,0,0,0,0,0,0,0
3057664,1493,0,83,83,0,0,0,0.00064,0.0027,0.0712,2937,0,0,0,0,0,0,0,0,0,0,0,0,0,0,0,0,0,0,0,0,0
3059712,1494,0,88,85,1,0,2,-0.00401,0.00444,0.0783,2870,0,0,0,0,0,0,0,0,0,0,0,0,0,0,0,0,0,0,0,0,0
3061760,1495,0,80,79,0,0,1,0.00204,0.00361,0.0948,2831,0,0,0,0,0,0,0,0,0,0,0,0,0,0,0,0,0,0,0,0,0
3063808,1496,0,85,84,1,0,0,-0.00144,0.00729,0.156,2508,0,0,0,0,0,0,0,0,0,0,0,0,0,0,0,0,0,0,0,0,0
3065856,1497,0,88,84,1,0,3,0.00289,0.00705,0.1305,2713,0,0,0,0,0,0,0,0,0,0,0,0,0,0,0,0,0,0,0,0,0
3067904,1498,0,100,98,1,0,1,0.00059,0.00462,0.0765,2445,0,0,0,0,0,0,0,0,0,0,0,0,0,0,0,0,0,0,0,0,0
3069952,1499,0,98,97,0,0,1,-0.00188,0.00304,0.087,2979,0,0,0,0,0,0,0,0,0,0,0,0,0,0,0,0,0,0,0,0,0
3072000,1500,0,99,97,1,1,0,-0.00607,0.00517,0.0812,2500,0,0,0,0,0,0,0,0,0,0,0,0,0,0,0,0,0,0,0,0,0
3074048,1501,0,83,82,0,1,0,-0.00101,0.00427,0.1482,2720,0,0,0,0,0,0,0,0,0,0,0,0,0,0,0,0,0,0,0,0,0
3076096,1502,0,81,79,0,0,2,-0.00185,0.00308,0.1482,2711,0,0,0,0,0,0,0,0,0,0,0,0,0,0,0,0,0,0,0,0,0
3078144,1503,0,67,64,0,0,3,-0.0004,0.00313,0.2025,2778,0,0,0,0,0,0,0,0,0,0,0,0,0,0,0,0,0,0,0,0,0
3080192,1504,0,79,75,0,0,4,-0.00212,0.00432,0.1674,2908,0,0,0,0,0,0,0,0,0,0,0,0,0,0,0,0,0,0,0,0,0
3082240,1505,0,71,68,0,0,3,-0.001,0.00477,0.1438,2765,0,0,0,0,0,0,0,0,0,0,0,0,0,0,0,0,0,0,0,0,0
3084288,1506,0,67,66,0,0,1,-0.0013,0.00358,0.1992,3033,0,0,0,0,0,0,0,0,0,0,0,0,0,0,0,0,0,0,0,0,0
3086336,1507,0,83,77,0,1,5,-0.00464,0.00578,0.1465,3020,0,0,0,0,0,0,0,0,0,0,0,0,0,0,0,0,0,0,0,0,0
3088384,1508,0,103,102,0,1,0,-0.00154,0.00396,0.0753,2849,0,0,0,0,0,0,0,0,0,0,0,0,0,0,0,0,0,0,0,0,0
3090432,1509,0,93,92,1,0,0,-0.00416,0.00373,0.0819,2771,0,0,0,0,0,0,0,0,0,0,0,0,0,0,0,0,0,0,0,0,0
3092480,1510,0,86,84,0,1,1,-0.00469,0.00452,0.1192,2770,0,0,0,0,0,0,0,0,0,0,0,0,0,0,0,0,0,0,0,0,0
3094528,1511,0,96,95,0,0,1,-0.00087,0.00298,0.0977,2720,0,0,0,0,0,0,0,0,0,0,0,0,0,0,0,0,0,0,0,0,0
3096576,1512,0,79,78,0,0,1,0.00173,0.00258,0.1512,2598,0,0,0,0,0,0,0,0,0,0,0,0,0,0,0,0,0,0,0,0,0
3098624,1513,0,87,85,0,0,2,-0.00224,0.00241,0.11,2849,0,0,0,0,0,0,0,0,0,0,0,0,0,0,0,0,0,0,0,0,0
3100672,1514,0,92,90,0,0,2,-0.00361,0.00208,0.1168,2648,0,0,0,0,0,0,0,0,0,0,0,0,0,0,0,0,0,0,0,0,0
3102720,1515,0,91,90,0,0,1,-0.00131,0.0024,0.0953,2827,0,0,0,0,0,0,0,0,0,0,0,0,0,0,0,0,0,0,0,0,0
3104768,1516,0,87,87,0,0,0,-0.00165,0.00217,0.1151,2743,0,0,0,0,0,0,0,0,0,0,0,0,0,0,0,0,0,0,0,0,0
3106816,1517,0,78,77,0,0,1,-0.00233,0.0031,0.1567,2783,0,0,0,0,0,0,0,0,0,0,0,0,0,0,0,0,0,0,0,0,0
3108864,1518,0,81,77,0,0,4,0.00377,0.0035,0.1451,2609,0,0,0,0,0,0,0,0,0,0,0,0,0,0,0,0,0,0,0,0,0
3110912,1519,0,93,92,0,0,1,0.00199,0.00209,0.0768,2785,0,0,0,0,0,0,0,0,0,0,0,0,0,0,0,0,0,0,0,0,0
3112960,1520,0,77,76,0,0,1,-0.00162,0.00278,0.1604,2713,0,0,0,0,0,0,0,0,0,0,0,0,0,0,0,0,0,0,0,0,0
3115008,1521,0,82,79,0,0,3,0.00137,0.00318,0.1724,2771,0,0,0,0,0,0,0,0,0,0,0,0,0,0,0,0,0,0,0,0,0
3117056,1522,0,81,79,0,0,2,-0.00254,0.00286,0.1523,2604,0,0,0,0,0,0,0,0,0,0,0,0,0,0,0,0,0,0,0,0,0
3119104,1523,0,70,67,0,0,3,-0.00253,0.00267,0.1721,2628,0,0,0,0,0,0,0,0,0,0,0,0,0,0,0,0,0,0,0,0,0
3121152,1524,0,95,93,0,0,2,-0.00079,0.00269,0.1116,2707,0,0,0,0,0,0,0,0,0,0,0,0,0,0,0,0,0,0,0,0,0
3123200,1525,0,89,89,0,0,0,-0.00242,0.00201,0.0995,2549,0,0,0,0,0,0,0,0,0,0,0,0,0,0,0,0,0,0,0,0,0
3125248,1526,0,99,97,0,0,2,-0.00601,0.00197,0.0659,2706,0,0,0,0,0,0,0,0,0,0,0,0,0,0,0,0,0,0,0,0,0
3127296,1527,0,99,98,1,0,0,-0.00646,0.00363,0.0713,2797,0,0,0,0,0,0,0,0,0,0,0,0,0,0,0,0,0,0,0,0,0
3129344,1528,0,101,100,0,0,1,-0.00205,0.0024,0.0785,2712,0,0,0,0,0,0,0,0,0,0,0,0,0,0,0,0,0,0,0,0,0
3131392,1529,0,90,90,0,0,0,0.00597,0.00186,0.1214,2580,0,0,0,0,0,0,0,0,0,0,0,0,0,0,0,0,0,0,0,0,0
3133440,1530,0,81,79,0,0,2,-0.00232,0.00333,0.1286,2608,0,0,0,0,0,0,0,0,0,0,0,0,0,0,0,0,0,0,0,0,0
3135488,1531,0,86,84,0,0,2,-0.00453,0.00461,0.1381,2692,0,0,0,0,0,0,0,0,0,0,0,0,0,0,0,0,0,0,0,0,0
3137536,1532,0,90,87,1,0,2,-0.00342,0.0046,0.1152,2607,0,0,0,0,0,0,0,0,0,0,0,0,0,0,0,0,0,0,0,0,0
3139584,1533,0,90,89,1,0,0,0.00137,0.00363,0.1012,2868,0,0,0,0,0,0,0,0,0,0,0,0,0,0,0,0,0,0,0,0,0
3141632,1534,0,87,86,0,0,1,-0.0023,0.00294,0.1181,2581,0,0,0,0,0,0,0,0,0,0,0,0,0,0,0,0,0,0,0,0,0
3143680,1535,0,87,83,0,2,2,-0.00219,0.00564,0.0934,2638,0,0,0,0,0,0,0,0,0,0,0,0,0,0,0,0,0,0,0,0,0
3145728,1536,0,84,84,0,0,0,-0.00108,0.00259,0.0961,2874,0,0,0,0,0,0,0,0,0,0,0,0,0,0,0,0,0,0,0,0,0
3147776,1537,0,93,91,1,1,0,-0.00186,0.00482,0.0835,2618,0,0,0,0,0,0,0,0,0,0,0,0,0,0,0,0,0,0,0,0,0
3149824,1538,0,89,89,0,0,0,0.00064,0.00336,0.1269,2612,0,0,0,0,0,0,0,0,0,0,0,0,0,0,0,0,0,0,0,0,0
3151872,1539,0,86,83,1,0,2,-0.00306,0.00359,0.1005,2707,0,0,0,0,0,0,0,0,0,0,0,0,0,0,0,0,0,0,0,0,0
3153920,1540,0,105,105,0,0,0,-0.00356,0.00201,0.0683,2837,0,0,0,0,0,0,0,0,0,0,0,0,0,0,0,0,0,0,0,0,0
3155968,1541,0,102,102,0,0,0,-0.00276,0.00173,0.0741,2711,0,0,0,0,0,0,0,0,0,0,0,0,0,0,0,0,0,0,0,0,0
3158016,1542,0,95,95,0,0,0,-0.00025,0.00175,0.0859,2605,0,0,0,0,0,0,0,0,0,0,0,0,0,0,0,0,0,0,0,0,0
3160064,1543,0,101,100,0,0,1,0.0052,0.00244,0.0751,2664,0,0,0,0,0,0,0,0,0,0,0,0,0,0,0,0,0,0,0,0,0
3162112,1544,0,92,92,0,0,0,-0.00218,0.00195,0.0731,2832,0,0,0,0,0,0,0,0,0,0,0,0,0,0,0,0,0,0,0,0,0
3164160,1545,0,88,87,0,0,1,-0.00023,0.00304,0.0824,2517,0,0,0,0,0,0,0,0,0,0,0,0,0,0,0,0,0,0,0,0,0
3166208,1546,0,85,84,0,0,1,-0.00356,0.00241,0.1036,2538,0,0,0,0,0,0,0,0,0,0,0,0,0,0,0,0,0,0,0,0,0
3168256,1547,0,77,75,0,0,2,-0.00445,0.00255,0.1514,2582,0,0,0,0,0,0,0,0,0,0,0,0,0,0,0,0,0,0,0,0,0
3170304,1548,0,95,94,0,0,1,-0.00549,0.00233,0.1034,2772,0,0,0,0,0,0,0,0,0,0,0,0,0,0,0,0,0,0,0,0,0
3172352,1549,0,98,97,0,0,1,-0.00036,0.00242,0.094,2529,0,0,0,0,0,0,0,0,0,0,0,0,0,0,0,0,0,0,0,0,0
3174400,1550,0,95,93,2,0,0,-0.00147,0.00408,0.1186,2607,0,0,0,0,0,0,0,0,0,0,0,0,0,0,0,0,0,0,0,0,0
3176448,1551,0,87,85,0,0,2,-0.00146,0.00253,0.1344,2695,0,0,0,0,0,0,0,0,0,0,0,0,0,0,0,0,0,0,0,0,0
3178496,1552,0,105,104,0,1,0,0.00209,0.00393,0.0856,2776,0,0,0,0,0,0,0,0,0,0,0,0,0,0,0,0,0,0,0,0,0
3180544,1553,0,98,97,0,0,1,-0.00145,0.00203,0.0633,2757,0,0,0,0,0,0,0,0,0,0,0,0,0,0,0,0,0,0,0,0,0
3182592,1554,0,98,98,0,0,0,-0.0041,0.00185,0.0883,2804,0,0,0,0,0,0,0,0,0,0,0,0,0,0,0,0,0,0,0,0,0
3184640,1555,0,87,86,0,0,1,-0.00055,0.00333,0.1071,2938,0,0,0,0,0,0,0,0,0,0,0,0,0,0,0,0,0,0,0,0,0
3186688,1556,0,91,89,0,1,1,-0.00058,0.00448,0.1213,2471,0,0,0,0,0,0,0,0,0,0,0,0,0,0,0,0,0,0,0,0,0
3188736,1557,0,84,81,1,0,2,-0.00392,0.00418,0.158,2883,0,0,0,0,0,0,0,0,0,0,0,0,0,0,0,0,0,0,0,0,0
3190784,1558,0,87,87,0,0,0,-0.0024,0.00255,0.1337,2760,0,0,0,0,0,0,0,0,0,0,0,0,0,0,0,0,0,0,0,0,0
3192832,1559,0,85,83,0,0,2,-0.0023,0.00222,0.1457,2943,0,0,0,0,0,0,0,0,0,0,0,0,0,0,0,0,0,0,0,0,0
3194880,1560,0,93,90,1,0,2,-0.00896,0.00252,0.1219,2891,0,0,0,0,0,0,0,0,0,0,0,0,0,0,0,0,0,0,0,0,0
3196928,1561,0,82,81,0,0,1,0.00084,0.00239,0.1708,2883,0,0,0,0,0,0,0,0,0,0,0,0,0,0,0,0,0,0,0,0,0
3198976,1562,0,88,85,0,0,3,-0.00559,0.00406,0.1522,2684,0,0,0,0,0,0,0,0,0,0,0,0,0,0,0,0,0,0,0,0,0
3201024,1563,0,94,93,0,0,1,-0.00156,0.00302,0.0932,2844,0,0,0,0,0,0,0,0,0,0,0,0,0,0,0,0,0,0,0,0,0
3203072,1564,0,84,83,0,0,1,-0.00175,0.00203,0.1341,2852,0,0,0,0,0,0,0,0,0,0,0,0,0,0,0,0,0,0,0,0,0
3205120,1565,0,86,85,0,0,1,-0.00129,0.0026,0.1362,2592,0,0,0,0,0,0,0,0,0,0,0,0,0,0,0,0,0,0,0,0,0
3207168,1566,0,86,84,1,0,1,0.0056,0.00284,0.1332,2843,0,0,0,0,0,0,0,0,0,0,0,0,0,0,0,0,0,0,0,0,0
3209216,1567,0,81,80,0,0,1,-0.00364,0.0032,0.12,2739,0,0,0,0,0,0,0,0,0,0,0,0,0,0,0,0,0,0,0,0,0
3211264,1568,0,83,82,0,0,1,-0.00267,0.00255,0.0986,2735,0,0,0,0,0,0,0,0,0,0,0,0,0,0,0,0,0,0,0,0,0
3213312,1569,0,95,95,0,0,0,-0.0027,0.00279,0.111,2680,0,0,0,0,0,0,0,0,0,0,0,0,0,0,0,0,0,0,0,0,0
3215360,1570,0,87,87,0,0,0,-0.00293,0.00302,0.1204,2742,0,0,0,0,0,0,0,0,0,0,0,0,0,0,0,0,0,0,0,0,0
3217408,1571,0,90,88,0,0,2,-0.00026,0.00453,0.1005,2647,0,0,0,0,0,0,0,0,0,0,0,0,0,0,0,0,0,0,0,0,0
3219456,1572,0,78,76,0,1,1,-0.0022,0.00394,0.1432,2741,0,0,0,0,0,0,0,0,0,0,0,0,0,0,0,0,0,0,0,0,0
3221504,1573,0,76,74,0,0,2,-0.00202,0.00239,0.1208,2745,0,0,0,0,0,0,0,0,0,0,0,0,0,0,0,0,0,0,0,0,0
3223552,1574,0,98,95,0,0,3,0.00075,0.00326,0.0721,2643,0,0,0,0,0,0,0,0,0,0,0,0,0,0,0,0,0,0,0,0,0
3225600,1575,0,84,84,0,0,0,0.0005,0.00402,0.1036,2551,0,0,0,0,0,0,0,0,0,0,0,0,0,0,0,0,0,0,0,0,0
3227648,1576,0,94,92,0,1,1,0.00564,0.00294,0.1049,2469,0,0,0,0,0,0,0,0,0,0,0,0,0,0,0,0,0,0,0,0,0
3229696,1577,0,86,85,0,0,1,0.00042,0.00266,0.1013,2579,0,0,0,0,0,0,0,0,0,0,0,0,0,0,0,0,0,0,0,0,0
3231744,1578,0,87,85,0,0,2,0.00302,0.00374,0.1481,2774,0,0,0,0,0,0,0,0,0,0,0,0,0,0,0,0,0,0,0,0,0
3233792,1579,0,86,84,0,0,2,-0.00057,0.00306,0.1511,2603,0,0,0,0,0,0,0,0,0,0,0,0,0,0,0,0,0,0,0,0,0
3235840,1580,0,98,96,0,0,2,-0.00018,0.00402,0.1065,2678,0,0,0,0,0,0,0,0,0,0,0,0,0,0,0,0,0,0,0,0,0
3237888,1581,0,92,92,0,0,0,-0.00253,0.00271,0.106,2784,0,0,0,0,0,0,0,0,0,0,0,0,0,0,0,0,0,0,0,0,0
3239936,1582,0,86,84,0,0,2,-0.00362,0.00215,0.1546,2643,0,0,0,0,0,0,0,0,0,0,0,0,0,0,0,0,0,0,0,0,0
3241984,1583,0,82,79,1,0,2,0.00091,0.00433,0.1659,2641,0,0,0,0,0,0,0,0,0,0,0,0,0,0,0,0,0,0,0,0,0
3244032,1584,0,83,81,0,0,2,0.00032,0.00191,0.1382,2805,0,0,0,0,0,0,0,0,0,0,0,0,0,0,0,0,0,0,0,0,0
3246080,1585,0,88,86,0,0,2,-0.00168,0.00261,0.1152,2684,0,0,0,0,0,0,0,0,0,0,0,0,0,0,0,0,0,0,0,0,0
3248128,1586,0,91,91,0,0,0,-0.00258,0.00372,0.092,2515,0,0,0,0,0,0,0,0,0,0,0,0,0,0,0,0,0,0,0,0,0
3250176,1587,0,89,87,1,0,1,-0.0018,0.00347,0.1036,2616,0,0,0,0,0,0,0,0,0,0,0,0,0,0,0,0,0,0,0,0,0
3252224,1588,0,92,91,0,0,1,0.00424,0.00297,0.0946,2800,0,0,0,0,0,0,0,0,0,0,0,0,0,0,0,0,0,0,0,0,0
3254272,1589,0,109,108,0,0,1,-0.00149,0.00253,0.0566,2959,0,0,0,0,0,0,0,0,0,0,0,0,0,0,0,0,0,0,0,0,0
3256320,1590,0,92,91,0,1,0,0.00309,0.00388,0.1092,2938,0,0,0,0,0,0,0,0,0,0,0,0,0,0,0,0,0,0,0,0,0
3258368,1591,0,87,84,0,1,2,-0.00047,0.00532,0.0865,2919,0,0,0,0,0,0,0,0,0,0,0,0,0,0,0,0,0,0,0,0,0
3260416,1592,0,100,99,0,0,1,-0.00514,0.00248,0.0722,3128,0,0,0,0,0,0,0,0,0,0,0,0,0,0,0,0,0,0,0,0,0
3262464,1593,0,98,98,0,0,0,-0.00127,0.00243,0.0826,2831,0,0,0,0,0,0,0,0,0,0,0,0,0,0,0,0,0,0,0,0,0
3264512,1594,0,89,88,1,0,0,-0.00118,0.00478,0.0742,2818,0,0,0,0,0,0,0,0,0,0,0,0,0,0,0,0,0,0,0,0,0
3266560,1595,0,93,92,0,0,1,-0.02113,0.00467,0.0788,2642,0,0,0,0,0,0,0,0,0,0,0,0,0,0,0,0,0,0,0,0,0
3268608,1596,0,91,90,0,1,0,-0.001,0.00412,0.0758,2614,0,0,0,0,0,0,0,0,0,0,0,0,0,0,0,0,0,0,0,0,0
3270656,1597,0,100,99,0,0,1,-0.00023,0.00265,0.0566,2641,0,0,0,0,0,0,0,0,0,0,0,0,0,0,0,0,0,0,0,0,0
3272704,1598,0,94,94,0,0,0,-0.00287,0.00219,0.0866,2393,0,0,0,0,0,0,0,0,0,0,0,0,0,0,0,0,0,0,0,0,0
3274752,1599,0,91,90,0,0,1,0.00365,0.00275,0.116,2772,0,0,0,0,0,0,0,0,0,0,0,0,0,0,0,0,0,0,0,0,0
3276800,1600,0,82,81,0,0,1,0.00108,0.00394,0.0802,2923,0,0,0,0,0,0,0,0,0,0,0,0,0,0,0,0,0,0,0,0,0
3278848,1601,0,106,106,0,0,0,-0.00023,0.00296,0.0469,2961,0,0,0,0,0,0,0,0,0,0,0,0,0,0,0,0,0,0,0,0,0
3280896,1602,0,99,99,0,0,0,-0.00258,0.00261,0.0556,2824,0,0,0,0,0,0,0,0,0,0,0,0,0,0,0,0,0,0,0,0,0
3282944,1603,0,82,82,0,0,0,-0.00411,0.00395,0.101,2824,0,0,0,0,0,0,0,0,0,0,0,0,0,0,0,0,0,0,0,0,0
3284992,1604,0,73,72,1,0,0,-0.00541,0.00469,0.1861,2370,0,0,0,0,0,0,0,0,0,0,0,0,0,0,0,0,0,0,0,0,0
3287040,1605,0,85,82,0,0,3,-0.00054,0.00307,0.1788,2905,0,0,0,0,0,0,0,0,0,0,0,0,0,0,0,0,0,0,0,0,0
3289088,1606,0,94,92,0,0,2,-0.00104,0.00315,0.1104,2679,0,0,0,0,0,0,0,0,0,0,0,0,0,0,0,0,0,0,0,0,0
3291136,1607,0,98,97,1,0,0,-0.00105,0.00216,0.0814,2711,0,0,0,0,0,0,0,0,0,0,0,0,0,0,0,0,0,0,0,0,0
3293184,1608,0,93,92,0,1,0,-0.0002,0.00294,0.0914,2523,0,0,0,0,0,0,0,0,0,0,0,0,0,0,0,0,0,0,0,0,0
3295232,1609,0,90,88,0,0,2,-0.00418,0.00286,0.1115,2891,0,0,0,0,0,0,0,0,0,0,0,0,0,0,0,0,0,0,0,0,0
3297280,1610,0,100,99,0,0,1,0.00023,0.00267,0.0899,2757,0,0,0,0,0,0,0,0,0,0,0,0,0,0,0,0,0,0,0,0,0
3299328,1611,0,89,89,0,0,0,-0.00394,0.0019,0.1227,2693,0,0,0,0,0,0,0,0,0,0,0,0,0,0,0,0,0,0,0,0,0
3301376,1612,0,98,96,1,0,1,-0.0003,0.00249,0.1038,2742,0,0,0,0,0,0,0,0,0,0,0,0,0,0,0,0,0,0,0,0,0
3303424,1613,0,94,93,0,0,1,0.00019,0.00185,0.098,2977,0,0,0,0,0,0,0,0,0,0,0,0,0,0,0,0,0,0,0,0,0
3305472,1614,0,101,101,0,0,0,-0.00077,0.00178,0.0959,2784,0,0,0,0,0,0,0,0,0,0,0,0,0,0,0,0,0,0,0,0,0
3307520,1615,0,88,86,1,0,1,-0.00473,0.00255,0.14,2723,0,0,0,0,0,0,0,0,0,0,0,0,0,0,0,0,0,0,0,0,0
3309568,1616,0,85,84,0,0,1,-0.00775,0.00217,0.1872,2832,0,0,0,0,0,0,0,0,0,0,0,0,0,0,0,0,0,0,0,0,0
3311616,1617,0,98,96,1,0,1,0.00164,0.00204,0.1359,2900,0,0,0,0,0,0,0,0,0,0,0,0,0,0,0,0,0,0,0,0,0
3313664,1618,0,105,104,0,1,0,-0.00363,0.00296,0.1025,2824,0,0,0,0,0,0,0,0,0,0,0,0,0,0,0,0,0,0,0,0,0
3315712,1619,0,90,89,0,0,1,-0.0022,0.00229,0.1807,2806,0,0,0,0,0,0,0,0,0,0,0,0,0,0,0,0,0,0,0,0,0
3317760,1620,0,88,86,0,0,2,4e-05,0.00344,0.1598,2390,0,0,0,0,0,0,0,0,0,0,0,0,0,0,0,0,0,0,0,0,0
3319808,1621,0,96,95,0,0,1,-0.00054,0.0018,0.1164,2782,0,0,0,0,0,0,0,0,0,0,0,0,0,0,0,0,0,0,0,0,0
3321856,1622,0,102,101,0,0,1,-0.00195,0.00243,0.1246,2713,0,0,0,0,0,0,0,0,0,0,0,0,0,0,0,0,0,0,0,0,0
3323904,1623,0,92,92,0,0,0,0.00087,0.00249,0.1326,2848,0,0,0,0,0,0,0,0,0,0,0,0,0,0,0,0,0,0,0,0,0
3325952,1624,0,99,97,0,0,2,-0.00314,0.00272,0.1294,2787,0,0,0,0,0,0,0,0,0,0,0,0,0,0,0,0,0,0,0,0,0
3328000,1625,0,95,94,0,0,1,0.00068,0.00228,0.119,2903,0,0,0,0,0,0,0,0,0,0,0,0,0,0,0,0,0,0,0,0,0
3330048,1626,0,82,80,0,1,1,-0.00317,0.00516,0.1865,2881,0,0,0,0,0,0,0,0,0,0,0,0,0,0,0,0,0,0,0,0,0
3332096,1627,0,102,99,0,0,3,-0.00233,0.00276,0.0993,2820,0,0,0,0,0,0,0,0,0,0,0,0,0,0,0,0,0,0,0,0,0
3334144,1628,0,91,91,0,0,0,-0.00224,0.00208,0.1189,2600,0,0,0,0,0,0,0,0,0,0,0,0,0,0,0,0,0,0,0,0,0
3336192,1629,0,92,90,0,0,2,-0.00278,0.0028,0.161,2617,0,0,0,0,0,0,0,0,0,0,0,0,0,0,0,0,0,0,0,0,0
3338240,1630,0,94,91,1,0,2,-0.00362,0.00505,0.1029,2694,0,0,0,0,0,0,0,0,0,0,0,0,0,0,0,0,0,0,0,0,0
3340288,1631,0,97,92,1,3,1,-0.00098,0.00686,0.0909,2693,0,0,0,0,0,0,0,0,0,0,0,0,0,0,0,0,0,0,0,0,0
3342336,1632,0,106,105,0,1,0,-0.00143,0.00272,0.0864,2567,0,0,0,0,0,0,0,0,0,0,0,0,0,0,0,0,0,0,0,0,0
3344384,1633,0,97,97,0,0,0,-0.00241,0.00217,0.1108,2634,0,0,0,0,0,0,0,0,0,0,0,0,0,0,0,0,0,0,0,0,0
3346432,1634,0,100,99,0,0,1,-0.00199,0.00223,0.1073,2555,0,0,0,0,0,0,0,0,0,0,0,0,0,0,0,0,0,0,0,0,0
3348480,1635,0,95,95,0,0,0,-0.00254,0.00203,0.1219,2842,0,0,0,0,0,0,0,0,0,0,0,0,0,0,0,0,0,0,0,0,0
3350528,1636,0,103,102,0,0,1,-0.00142,0.00143,0.0975,2592,0,0,0,0,0,0,0,0,0,0,0,0,0,0,0,0,0,0,0,0,0
3352576,1637,0,93,92,0,1,0,0.00017,0.00325,0.1093,2453,0,0,0,0,0,0,0,0,0,0,0,0,0,0,0,0,0,0,0,0,0
3354624,1638,0,96,95,0,0,1,-0.00077,0.00203,0.1068,2505,0,0,0,0,0,0,0,0,0,0,0,0,0,0,0,0,0,0,0,0,0
3356672,1639,0,94,94,0,0,0,-0.00296,0.00204,0.1251,2786,0,0,0,0,0,0,0,0,0,0,0,0,0,0,0,0,0,0,0,0,0
3358720,1640,0,88,87,0,0,1,0.00567,0.0037,0.1339,2787,0,0,0,0,0,0,0,0,0,0,0,0,0,0,0,0,0,0,0,0,0
3360768,1641,0,95,94,0,0,1,-0.00629,0.00276,0.1064,2845,0,0,0,0,0,0,0,0,0,0,0,0,0,0,0,0,0,0,0,0,0
3362816,1642,0,105,104,1,0,0,-0.00351,0.00258,0.1184,2903,0,0,0,0,0,0,0,0,0,0,0,0,0,0,0,0,0,0,0,0,0
3364864,1643,0,93,92,0,0,1,-0.00336,0.0024,0.1563,2823,0,0,0,0,0,0,0,0,0,0,0,0,0,0,0,0,0,0,0,0,0
3366912,1644,0,87,85,0,0,2,0.00274,0.00325,0.1783,2782,0,0,0,0,0,0,0,0,0,0,0,0,0,0,0,0,0,0,0,0,0
3368960,1645,0,83,81,0,0,2,-0.00312,0.00288,0.2089,2766,0,0,0,0,0,0,0,0,0,0,0,0,0,0,0,0,0,0,0,0,0
3371008,1646,0,85,81,1,2,1,-0.00046,0.00572,0.1983,2763,0,0,0,0,0,0,0,0,0,0,0,0,0,0,0,0,0,0,0,0,0
3373056,1647,0,105,104,0,0,1,-0.00388,0.00235,0.1025,2621,0,0,0,0,0,0,0,0,0,0,0,0,0,0,0,0,0,0,0,0,0
3375104,1648,0,96,96,0,0,0,-0.00309,0.00163,0.1312,2589,0,0,0,0,0,0,0,0,0,0,0,0,0,0,0,0,0,0,0,0,0
3377152,1649,0,99,95,1,1,2,-0.00356,0.00284,0.1364,2832,0,0,0,0,0,0,0,0,0,0,0,0,0,0,0,0,0,0,0,0,0
3379200,1650,0,93,92,0,1,0,-0.0031,0.0033,0.0927,2734,0,0,0,0,0,0,0,0,0,0,0,0,0,0,0,0,0,0,0,0,0
3381248,1651,0,84,81,2,0,1,0.00249,0.00531,0.2115,2785,0,0,0,0,0,0,0,0,0,0,0,0,0,0,0,0,0,0,0,0,0
3383296,1652,0,92,89,0,0,3,0.00033,0.00416,0.1164,2789,0,0,0,0,0,0,0,0,0,0,0,0,0,0,0,0,0,0,0,0,0
3385344,1653,0,95,95,0,0,0,-0.00374,0.00233,0.0984,2725,0,0,0,0,0,0,0,0,0,0,0,0,0,0,0,0,0,0,0,0,0
3387392,1654,0,81,79,0,0,2,-0.00715,0.00414,0.148,2742,0,0,0,0,0,0,0,0,0,0,0,0,0,0,0,0,0,0,0,0,0
3389440,1655,0,91,89,0,0,2,-0.0047,0.00474,0.1308,2651,0,0,0,0,0,0,0,0,0,0,0,0,0,0,0,0,0,0,0,0,0
3391488,1656,0,78,78,0,0,0,-0.005,0.00355,0.1706,2679,0,0,0,0,0,0,0,0,0,0,0,0,0,0,0,0,0,0,0,0,0
3393536,1657,0,94,91,0,0,3,-0.0056,0.00545,0.14,2531,0,0,0,0,0,0,0,0,0,0,0,0,0,0,0,0,0,0,0,0,0
3395584,1658,0,85,84,0,0,1,-0.00114,0.00289,0.1727,2900,0,0,0,0,0,0,0,0,0,0,0,0,0,0,0,0,0,0,0,0,0
3397632,1659,0,74,72,0,0,2,-0.0036,0.00486,0.1887,2688,0,0,0,0,0,0,0,0,0,0,0,0,0,0,0,0,0,0,0,0,0
3399680,1660,0,95,93,0,0,2,-0.00217,0.00356,0.1209,2651,0,0,0,0,0,0,0,0,0,0,0,0,0,0,0,0,0,0,0,0,0
3401728,1661,0,93,92,0,0,1,-0.00478,0.00345,0.1233,2631,0,0,0,0,0,0,0,0,0,0,0,0,0,0,0,0,0,0,0,0,0
3403776,1662,0,94,92,0,0,2,-0.00365,0.00321,0.1627,2411,0,0,0,0,0,0,0,0,0,0,0,0,0,0,0,0,0,0,0,0,0
3405824,1663,0,88,85,0,0,3,-0.00409,0.00402,0.1584,2810,0,0,0,0,0,0,0,0,0,0,0,0,0,0,0,0,0,0,0,0,0
3407872,1664,0,68,66,2,0,0,-0.00338,0.00465,0.1923,2463,0,0,0,0,0,0,0,0,0,0,0,0,0,0,0,0,0,0,0,0,0
3409920,1665,0,82,76,1,2,3,0.00771,0.00772,0.1542,2724,0,0,0,0,0,0,0,0,0,0,0,0,0,0,0,0,0,0,0,0,0
3411968,1666,0,91,90,0,0,1,-0.003,0.00504,0.1087,3065,0,0,0,0,0,0,0,0,0,0,0,0,0,0,0,0,0,0,0,0,0
3414016,1667,0,85,82,0,1,2,-0.00447,0.00567,0.1434,3031,0,0,0,0,0,0,0,0,0,0,0,0,0,0,0,0,0,0,0,0,0
3416064,1668,0,82,80,0,0,2,-0.00191,0.00278,0.1272,2940,0,0,0,0,0,0,0,0,0,0,0,0,0,0,0,0,0,0,0,0,0
3418112,1669,0,100,98,0,1,1,-0.00241,0.0041,0.09,2732,0,0,0,0,0,0,0,0,0,0,0,0,0,0,0,0,0,0,0,0,0
3420160,1670,0,96,96,0,0,0,-0.00143,0.00212,0.0891,2693,0,0,0,0,0,0,0,0,0,0,0,0,0,0,0,0,0,0,0,0,0
3422208,1671,0,100,99,0,0,1,-0.00384,0.0019,0.0922,2827,0,0,0,0,0,0,0,0,0,0,0,0,0,0,0,0,0,0,0,0,0
3424256,1672,0,89,87,1,0,1,-0.00314,0.00241,0.132,2974,0,0,0,0,0,0,0,0,0,0,0,0,0,0,0,0,0,0,0,0,0
3426304,1673,0,94,93,0,0,1,-0.00387,0.00248,0.1229,2851,0,0,0,0,0,0,0,0,0,0,0,0,0,0,0,0,0,0,0,0,0
3428352,1674,0,99,98,0,0,1,-0.00339,0.00261,0.0932,3004,0,0,0,0,0,0,0,0,0,0,0,0,0,0,0,0,0,0,0,0,0
3430400,1675,0,99,99,0,0,0,-0.00109,0.00287,0.0921,2720,0,0,0,0,0,0,0,0,0,0,0,0,0,0,0,0,0,0,0,0,0
3432448,1676,0,97,96,0,0,1,-0.00405,0.00322,0.0995,2613,0,0,0,0,0,0,0,0,0,0,0,0,0,0,0,0,0,0,0,0,0
3434496,1677,0,86,84,0,0,2,-0.00525,0.00248,0.1025,2632,0,0,0,0,0,0,0,0,0,0,0,0,0,0,0,0,0,0,0,0,0
3436544,1678,0,89,89,0,0,0,-0.00186,0.00254,0.1024,2786,0,0,0,0,0,0,0,0,0,0,0,0,0,0,0,0,0,0,0,0,0
3438592,1679,0,93,90,1,0,2,-0.00142,0.00343,0.13,2838,0,0,0,0,0,0,0,0,0,0,0,0,0,0,0,0,0,0,0,0,0
3440640,1680,0,102,100,0,0,2,-0.00433,0.00298,0.0806,2857,0,0,0,0,0,0,0,0,0,0,0,0,0,0,0,0,0,0,0,0,0
3442688,1681,0,75,75,0,0,0,0.00109,0.0027,0.1188,2597,0,0,0,0,0,0,0,0,0,0,0,0,0,0,0,0,0,0,0,0,0
3444736,1682,0,81,76,0,0,5,-0.00346,0.00464,0.1021,2860,0,0,0,0,0,0,0,0,0,0,0,0,0,0,0,0,0,0,0,0,0
3446784,1683,0,85,85,0,0,0,-0.00299,0.00325,0.1097,2721,0,0,0,0,0,0,0,0,0,0,0,0,0,0,0,0,0,0,0,0,0
3448832,1684,0,90,87,0,0,3,0.00256,0.00445,0.1265,2758,0,0,0,0,0,0,0,0,0,0,0,0,0,0,0,0,0,0,0,0,0
3450880,1685,0,87,85,0,0,2,-0.00297,0.00261,0.1028,2800,0,0,0,0,0,0,0,0,0,0,0,0,0,0,0,0,0,0,0,0,0
3452928,1686,0,104,101,2,0,1,0.00207,0.00458,0.0766,3006,0,0,0,0,0,0,0,0,0,0,0,0,0,0,0,0,0,0,0,0,0
3454976,1687,0,100,99,0,0,1,-0.00149,0.00243,0.0861,2949,0,0,0,0,0,0,0,0,0,0,0,0,0,0,0,0,0,0,0,0,0
3457024,1688,0,82,81,0,0,1,-0.00303,0.00312,0.1329,3076,0,0,0,0,0,0,0,0,0,0,0,0,0,0,0,0,0,0,0,0,0
3459072,1689,0,92,88,1,1,2,-0.00481,0.00475,0.0891,2916,0,0,0,0,0,0,0,0,0,0,0,0,0,0,0,0,0,0,0,0,0
3461120,1690,0,92,91,0,0,1,0.00476,0.00388,0.1134,3030,0,0,0,0,0,0,0,0,0,0,0,0,0,0,0,0,0,0,0,0,0
3463168,1691,0,86,85,0,0,1,0.00282,0.00237,0.1029,2954,0,0,0,0,0,0,0,0,0,0,0,0,0,0,0,0,0,0,0,0,0
3465216,1692,0,77,74,0,0,3,-0.00117,0.00383,0.1385,2781,0,0,0,0,0,0,0,0,0,0,0,0,0,0,0,0,0,0,0,0,0
3467264,1693,0,83,80,0,0,3,-0.00274,0.00368,0.1231,2793,0,0,0,0,0,0,0,0,0,0,0,0,0,0,0,0,0,0,0,0,0
3469312,1694,0,97,95,0,0,2,-0.00133,0.00223,0.0937,2794,0,0,0,0,0,0,0,0,0,0,0,0,0,0,0,0,0,0,0,0,0
3471360,1695,0,93,93,0,0,0,-0.00378,0.0022,0.0891,3044,0,0,0,0,0,0,0,0,0,0,0,0,0,0,0,0,0,0,0,0,0
3473408,1696,0,85,83,0,0,2,-0.00056,0.00227,0.1332,2909,0,0,0,0,0,0,0,0,0,0,0,0,0,0,0,0,0,0,0,0,0
3475456,1697,0,74,70,1,0,3,-0.00209,0.00338,0.1496,2985,0,0,0,0,0,0,0,0,0,0,0,0,0,0,0,0,0,0,0,0,0
3477504,1698,0,71,68,0,1,2,-0.00584,0.00542,0.15,2977,0,0,0,0,0,0,0,0,0,0,0,0,0,0,0,0,0,0,0,0,0
3479552,1699,0,88,86,0,0,2,-0.00507,0.00336,0.1331,2920,0,0,0,0,0,0,0,0,0,0,0,0,0,0,0,0,0,0,0,0,0
3481600,1700,0,86,84,0,0,2,6e-05,0.00511,0.1531,2777,0,0,0,0,0,0,0,0,0,0,0,0,0,0,0,0,0,0,0,0,0
3483648,1701,0,92,89,0,0,3,0.00518,0.00363,0.1236,2659,0,0,0,0,0,0,0,0,0,0,0,0,0,0,0,0,0,0,0,0,0
3485696,1702,0,100,99,0,0,1,-0.00379,0.00339,0.0879,2839,0,0,0,0,0,0,0,0,0,0,0,0,0,0,0,0,0,0,0,0,0
3487744,1703,0,79,78,0,0,1,-0.00536,0.00236,0.1617,2362,0,0,0,0,0,0,0,0,0,0,0,0,0,0,0,0,0,0,0,0,0
3489792,1704,0,85,82,0,0,3,-0.00084,0.00282,0.1445,2483,0,0,0,0,0,0,0,0,0,0,0,0,0,0,0,0,0,0,0,0,0
3491840,1705,0,91,91,0,0,0,-0.00256,0.00338,0.1021,2744,0,0,0,0,0,0,0,0,0,0,0,0,0,0,0,0,0,0,0,0,0
3493888,1706,0,91,90,0,0,1,-0.00218,0.00333,0.1305,2828,0,0,0,0,0,0,0,0,0,0,0,0,0,0,0,0,0,0,0,0,0
3495936,1707,0,101,101,0,0,0,-0.00341,0.00267,0.1081,2977,0,0,0,0,0,0,0,0,0,0,0,0,0,0,0,0,0,0,0,0,0
3497984,1708,0,85,85,0,0,0,-0.00439,0.00185,0.1359,3068,0,0,0,0,0,0,0,0,0,0,0,0,0,0,0,0,0,0,0,0,0
3500032,1709,0,91,89,0,0,2,-0.00196,0.00248,0.1252,2821,0,0,0,0,0,0,0,0,0,0,0,0,0,0,0,0,0,0,0,0,0
3502080,1710,0,78,78,0,0,0,-0.00191,0.00233,0.1374,3043,0,0,0,0,0,0,0,0,0,0,0,0,0,0,0,0,0,0,0,0,0
3504128,1711,0,92,88,0,0,4,-0.00267,0.00232,0.1063,3142,0,0,0,0,0,0,0,0,0,0,0,0,0,0,0,0,0,0,0,0,0
3506176,1712,0,87,86,0,0,1,-0.00524,0.00258,0.1344,2876,0,0,0,0,0,0,0,0,0,0,0,0,0,0,0,0,0,0,0,0,0
3508224,1713,0,84,84,0,0,0,-0.00329,0.00292,0.1246,2905,0,0,0,0,0,0,0,0,0,0,0,0,0,0,0,0,0,0,0,0,0
3510272,1714,0,85,81,1,0,3,-0.00957,0.00508,0.1702,2926,0,0,0,0,0,0,0,0,0,0,0,0,0,0,0,0,0,0,0,0,0
3512320,1715,0,94,89,4,0,1,-0.00386,0.00369,0.1341,2708,0,0,0,0,0,0,0,0,0,0,0,0,0,0,0,0,0,0,0,0,0
3514368,1716,0,94,91,1,0,2,-0.00407,0.00402,0.1184,2951,0,0,0,0,0,0,0,0,0,0,0,0,0,0,0,0,0,0,0,0,0
3516416,1717,0,107,105,1,0,1,-0.00223,0.00288,0.1135,2765,0,0,0,0,0,0,0,0,0,0,0,0,0,0,0,0,0,0,0,0,0
3518464,1718,0,98,97,0,0,1,-0.00297,0.00234,0.117,3028,0,0,0,0,0,0,0,0,0,0,0,0,0,0,0,0,0,0,0,0,0
3520512,1719,0,99,98,0,0,1,-0.00231,0.00177,0.1523,2920,0,0,0,0,0,0,0,0,0,0,0,0,0,0,0,0,0,0,0,0,0
3522560,1720,0,83,80,0,1,2,-0.00076,0.00376,0.1454,2871,0,0,0,0,0,0,0,0,0,0,0,0,0,0,0,0,0,0,0,0,0
3524608,1721,0,78,76,0,0,2,-0.00441,0.00226,0.117,2800,0,0,0,0,0,0,0,0,0,0,0,0,0,0,0,0,0,0,0,0,0
3526656,1722,0,73,70,0,1,2,-0.00386,0.00418,0.1426,3073,0,0,0,0,0,0,0,0,0,0,0,0,0,0,0,0,0,0,0,0,0
3528704,1723,0,81,79,0,0,2,-0.00348,0.00401,0.1533,2952,0,0,0,0,0,0,0,0,0,0,0,0,0,0,0,0,0,0,0,0,0
3530752,1724,0,93,91,0,0,2,-0.00304,0.0023,0.1167,2734,0,0,0,0,0,0,0,0,0,0,0,0,0,0,0,0,0,0,0,0,0
3532800,1725,0,85,83,0,0,2,0.00095,0.00241,0.1436,3106,0,0,0,0,0,0,0,0,0,0,0,0,0,0,0,0,0,0,0,0,0
3534848,1726,0,84,82,0,0,2,0.00347,0.00309,0.1394,3011,0,0,0,0,0,0,0,0,0,0,0,0,0,0,0,0,0,0,0,0,0
3536896,1727,0,97,96,0,0,1,-0.00271,0.00303,0.1296,3031,0,0,0,0,0,0,0,0,0,0,0,0,0,0,0,0,0,0,0,0,0
3538944,1728,0,91,89,0,0,2,-0.0011,0.00322,0.1211,3019,0,0,0,0,0,0,0,0,0,0,0,0,0,0,0,0,0,0,0,0,0
3540992,1729,0,93,90,1,0,2,-0.00412,0.00545,0.121,3125,0,0,0,0,0,0,0,0,0,0,0,0,0,0,0,0,0,0,0,0,0
3543040,1730,0,104,104,0,0,0,-0.00286,0.00322,0.1073,2654,0,0,0,0,0,0,0,0,0,0,0,0,0,0,0,0,0,0,0,0,0
3545088,1731,0,97,95,0,1,1,0.01089,0.00353,0.153,2949,0,0,0,0,0,0,0,0,0,0,0,0,0,0,0,0,0,0,0,0,0
3547136,1732,0,73,70,0,1,2,-0.00694,0.00545,0.2015,3001,0,0,0,0,0,0,0,0,0,0,0,0,0,0,0,0,0,0,0,0,0
3549184,1733,0,92,89,0,0,3,-0.00243,0.00424,0.1404,2927,0,0,0,0,0,0,0,0,0,0,0,0,0,0,0,0,0,0,0,0,0
3551232,1734,0,101,99,2,0,0,-0.0034,0.00469,0.1272,2963,0,0,0,0,0,0,0,0,0,0,0,0,0,0,0,0,0,0,0,0,0
3553280,1735,0,105,104,0,0,1,-0.00348,0.0021,0.0895,2971,0,0,0,0,0,0,0,0,0,0,0,0,0,0,0,0,0,0,0,0,0
3555328,1736,0,99,99,0,0,0,-0.00324,0.00197,0.0996,2833,0,0,0,0,0,0,0,0,0,0,0,0,0,0,0,0,0,0,0,0,0
3557376,1737,0,95,93,1,0,1,-0.00378,0.00249,0.1157,2936,0,0,0,0,0,0,0,0,0,0,0,0,0,0,0,0,0,0,0,0,0
3559424,1738,0,100,98,0,1,1,-0.00452,0.00369,0.1069,2906,0,0,0,0,0,0,0,0,0,0,0,0,0,0,0,0,0,0,0,0,0
3561472,1739,0,88,87,0,0,1,-0.00273,0.0045,0.1102,3124,0,0,0,0,0,0,0,0,0,0,0,0,0,0,0,0,0,0,0,0,0
3563520,1740,0,95,93,0,0,2,-0.00507,0.0038,0.0997,2795,0,0,0,0,0,0,0,0,0,0,0,0,0,0,0,0,0,0,0,0,0
3565568,1741,0,98,97,1,0,0,-0.00166,0.00309,0.0855,2594,0,0,0,0,0,0,0,0,0,0,0,0,0,0,0,0,0,0,0,0,0
3567616,1742,0,104,104,0,0,0,-0.0009,0.00275,0.0975,2957,0,0,0,0,0,0,0,0,0,0,0,0,0,0,0,0,0,0,0,0,0
3569664,1743,0,85,84,0,0,1,-0.0068,0.00366,0.1872,2888,0,0,0,0,0,0,0,0,0,0,0,0,0,0,0,0,0,0,0,0,0
3571712,1744,0,65,62,1,0,2,0.00257,0.00482,0.2246,2815,0,0,0,0,0,0,0,0,0,0,0,0,0,0,0,0,0,0,0,0,0
3573760,1745,0,98,95,0,0,3,-0.00227,0.00338,0.0986,2776,0,0,0,0,0,0,0,0,0,0,0,0,0,0,0,0,0,0,0,0,0
3575808,1746,0,103,103,0,0,0,-0.00369,0.00246,0.0667,2911,0,0,0,0,0,0,0,0,0,0,0,0,0,0,0,0,0,0,0,0,0
3577856,1747,0,84,84,0,0,0,-0.00617,0.00235,0.1078,3119,0,0,0,0,0,0,0,0,0,0,0,0,0,0,0,0,0,0,0,0,0
3579904,1748,0,101,101,0,0,0,-0.00211,0.00261,0.0893,3059,0,0,0,0,0,0,0,0,0,0,0,0,0,0,0,0,0,0,0,0,0
3581952,1749,0,100,99,0,0,1,0.0001,0.00226,0.0985,2888,0,0,0,0,0,0,0,0,0,0,0,0,0,0,0,0,0,0,0,0,0
3584000,1750,0,86,85,0,0,1,-0.00284,0.00281,0.099,2917,0,0,0,0,0,0,0,0,0,0,0,0,0,0,0,0,0,0,0,0,0
3586048,1751,0,83,82,0,0,1,-0.00183,0.00292,0.127,3021,0,0,0,0,0,0,0,0,0,0,0,0,0,0,0,0,0,0,0,0,0
3588096,1752,0,89,86,0,0,3,-0.00549,0.00344,0.1156,2944,0,0,0,0,0,0,0,0,0,0,0,0,0,0,0,0,0,0,0,0,0
3590144,1753,0,97,96,0,0,1,0.0054,0.00386,0.0976,2967,0,0,0,0,0,0,0,0,0,0,0,0,0,0,0,0,0,0,0,0,0
3592192,1754,0,86,86,0,0,0,-0.00031,0.00288,0.1206,3017,0,0,0,0,0,0,0,0,0,0,0,0,0,0,0,0,0,0,0,0,0
3594240,1755,0,79,77,0,0,2,-0.00342,0.00366,0.1113,2841,0,0,0,0,0,0,0,0,0,0,0,0,0,0,0,0,0,0,0,0,0
3596288,1756,0,98,94,1,0,3,-0.00021,0.00266,0.0877,2842,0,0,0,0,0,0,0,0,0,0,0,0,0,0,0,0,0,0,0,0,0
3598336,1757,0,96,95,0,0,1,-0.00487,0.00263,0.0865,2803,0,0,0,0,0,0,0,0,0,0,0,0,0,0,0,0,0,0,0,0,0
3600384,1758,0,97,94,1,1,1,-0.00118,0.00448,0.1211,3011,0,0,0,0,0,0,0,0,0,0,0,0,0,0,0,0,0,0,0,0,0
3602432,1759,0,91,89,1,0,1,-0.00535,0.00281,0.1091,2762,0,0,0,0,0,0,0,0,0,0,0,0,0,0,0,0,0,0,0,0,0
3604480,1760,0,97,96,0,0,1,-0.00078,0.00282,0.086,3044,0,0,0,0,0,0,0,0,0,0,0,0,0,0,0,0,0,0,0,0,0
3606528,1761,0,108,108,0,0,0,-0.00135,0.00171,0.0875,2808,0,0,0,0,0,0,0,0,0,0,0,0,0,0,0,0,0,0,0,0,0
3608576,1762,0,87,86,0,0,1,0.00085,0.00173,0.1122,2774,0,0,0,0,0,0,0,0,0,0,0,0,0,0,0,0,0,0,0,0,0
3610624,1763,0,103,101,0,0,2,-0.00421,0.00275,0.0667,2836,0,0,0,0,0,0,0,0,0,0,0,0,0,0,0,0,0,0,0,0,0
3612672,1764,0,104,104,0,0,0,-0.00346,0.00183,0.0851,3035,0,0,0,0,0,0,0,0,0,0,0,0,0,0,0,0,0,0,0,0,0
3614720,1765,0,95,94,0,0,1,0.00304,0.00206,0.1118,3052,0,0,0,0,0,0,0,0,0,0,0,0,0,0,0,0,0,0,0,0,0
3616768,1766,0,107,105,0,0,2,-0.00364,0.00174,0.0749,2966,0,0,0,0,0,0,0,0,0,0,0,0,0,0,0,0,0,0,0,0,0
3618816,1767,0,98,98,0,0,0,-0.00202,0.00197,0.1181,3183,0,0,0,0,0,0,0,0,0,0,0,0,0,0,0,0,0,0,0,0,0
3620864,1768,0,80,77,0,0,3,-0.00375,0.00184,0.1525,2831,0,0,0,0,0,0,0,0,0,0,0,0,0,0,0,0,0,0,0,0,0
3622912,1769,0,93,92,0,0,1,0.00146,0.00264,0.0937,2925,0,0,0,0,0,0,0,0,0,0,0,0,0,0,0,0,0,0,0,0,0
3624960,1770,0,85,84,0,0,1,-0.002,0.00191,0.1316,3150,0,0,0,0,0,0,0,0,0,0,0,0,0,0,0,0,0,0,0,0,0
3627008,1771,0,96,93,0,0,3,-0.00013,0.00208,0.126,2990,0,0,0,0,0,0,0,0,0,0,0,0,0,0,0,0,0,0,0,0,0
3629056,1772,0,103,102,0,0,1,-0.00192,0.00179,0.0756,2710,0,0,0,0,0,0,0,0,0,0,0,0,0,0,0,0,0,0,0,0,0
3631104,1773,0,105,105,0,0,0,0.00101,0.00205,0.0716,3113,0,0,0,0,0,0,0,0,0,0,0,0,0,0,0,0,0,0,0,0,0
3633152,1774,0,102,102,0,0,0,-0.00033,0.0026,0.0882,3129,0,0,0,0,0,0,0,0,0,0,0,0,0,0,0,0,0,0,0,0,0
3635200,1775,0,100,100,0,0,0,-0.00402,0.00215,0.1052,3046,0,0,0,0,0,0,0,0,0,0,0,0,0,0,0,0,0,0,0,0,0
3637248,1776,0,93,92,0,0,1,-6e-05,0.00175,0.1258,3050,0,0,0,0,0,0,0,0,0,0,0,0,0,0,0,0,0,0,0,0,0
3639296,1777,0,96,93,0,0,3,-0.00354,0.00227,0.0947,2720,0,0,0,0,0,0,0,0,0,0,0,0,0,0,0,0,0,0,0,0,0
3641344,1778,0,103,102,0,1,0,-0.0016,0.00328,0.068,2505,0,0,0,0,0,0,0,0,0,0,0,0,0,0,0,0,0,0,0,0,0
3643392,1779,0,102,99,1,1,1,-0.00294,0.00364,0.0854,2397,0,0,0,0,0,0,0,0,0,0,0,0,0,0,0,0,0,0,0,0,0
3645440,1780,0,94,93,0,1,0,-0.00527,0.00366,0.1217,2960,0,0,0,0,0,0,0,0,0,0,0,0,0,0,0,0,0,0,0,0,0
3647488,1781,0,81,79,0,0,2,-0.00319,0.00232,0.1514,3059,0,0,0,0,0,0,0,0,0,0,0,0,0,0,0,0,0,0,0,0,0
3649536,1782,0,95,91,1,0,3,-0.00472,0.00283,0.1232,3024,0,0,0,0,0,0,0,0,0,0,0,0,0,0,0,0,0,0,0,0,0
3651584,1783,0,103,102,0,0,1,-0.00241,0.00153,0.0725,3123,0,0,0,0,0,0,0,0,0,0,0,0,0,0,0,0,0,0,0,0,0
3653632,1784,0,104,103,0,0,1,-0.00223,0.00212,0.0862,2901,0,0,0,0,0,0,0,0,0,0,0,0,0,0,0,0,0,0,0,0,0
3655680,1785,0,97,96,0,0,1,-0.00017,0.00217,0.1046,2922,0,0,0,0,0,0,0,0,0,0,0,0,0,0,0,0,0,0,0,0,0
3657728,1786,0,99,97,1,0,1,-0.00128,0.0042,0.0965,2822,0,0,0,0,0,0,0,0,0,0,0,0,0,0,0,0,0,0,0,0,0
3659776,1787,0,110,109,0,0,1,-0.00142,0.00222,0.0547,2724,0,0,0,0,0,0,0,0,0,0,0,0,0,0,0,0,0,0,0,0,0
3661824,1788,0,105,105,0,0,0,-0.00105,0.00179,0.0506,2651,0,0,0,0,0,0,0,0,0,0,0,0,0,0,0,0,0,0,0,0,0
3663872,1789,0,106,105,1,0,0,-0.00206,0.00267,0.0794,2815,0,0,0,0,0,0,0,0,0,0,0,0,0,0,0,0,0,0,0,0,0
3665920,1790,0,112,110,2,0,0,0.00238,0.00281,0.0688,2835,0,0,0,0,0,0,0,0,0,0,0,0,0,0,0,0,0,0,0,0,0
3667968,1791,0,100,100,0,0,0,-0.00277,0.00302,0.0731,2944,0,0,0,0,0,0,0,0,0,0,0,0,0,0,0,0,0,0,0,0,0
3670016,1792,0,84,84,0,0,0,-0.00412,0.00179,0.1262,2786,0,0,0,0,0,0,0,0,0,0,0,0,0,0,0,0,0,0,0,0,0
3672064,1793,0,99,96,0,0,3,-0.00236,0.00201,0.1024,2875,0,0,0,0,0,0,0,0,0,0,0,0,0,0,0,0,0,0,0,0,0
3674112,1794,0,99,98,1,0,0,-0.00109,0.00328,0.1248,2796,0,0,0,0,0,0,0,0,0,0,0,0,0,0,0,0,0,0,0,0,0
3676160,1795,0,106,104,0,0,2,-0.00435,0.00176,0.0576,3013,0,0,0,0,0,0,0,0,0,0,0,0,0,0,0,0,0,0,0,0,0
3678208,1796,0,106,105,1,0,0,-0.00083,0.0031,0.0444,2927,0,0,0,0,0,0,0,0,0,0,0,0,0,0,0,0,0,0,0,0,0
3680256,1797,0,98,97,0,1,0,0.00126,0.00505,0.0824,2993,0,0,0,0,0,0,0,0,0,0,0,0,0,0,0,0,0,0,0,0,0
3682304,1798,0,92,91,0,0,1,0.00175,0.00762,0.1144,2838,0,0,0,0,0,0,0,0,0,0,0,0,0,0,0,0,0,0,0,0,0
3684352,1799,0,88,87,0,0,1,-0.00255,0.00266,0.0964,2880,0,0,0,0,0,0,0,0,0,0,0,0,0,0,0,0,0,0,0,0,0
3686400,1800,0,98,96,0,0,2,-0.00117,0.00343,0.0814,2815,0,0,0,0,0,0,0,0,0,0,0,0,0,0,0,0,0,0,0,0,0
3688448,1801,0,91,91,0,0,0,-0.00323,0.00231,0.077,2697,0,0,0,0,0,0,0,0,0,0,0,0,0,0,0,0,0,0,0,0,0
3690496,1802,0,71,69,1,0,1,-0.00734,0.0046,0.0912,2735,0,0,0,0,0,0,0,0,0,0,0,0,0,0,0,0,0,0,0,0,0
3692544,1803,0,102,101,0,0,1,0.00227,0.00302,0.0644,2755,0,0,0,0,0,0,0,0,0,0,0,0,0,0,0,0,0,0,0,0,0
3694592,1804,0,96,96,0,0,0,0.00106,0.00311,0.0743,2703,0,0,0,0,0,0,0,0,0,0,0,0,0,0,0,0,0,0,0,0,0
3696640,1805,0,93,91,0,0,2,-0.0033,0.00297,0.0957,2480,0,0,0,0,0,0,0,0,0,0,0,0,0,0,0,0,0,0,0,0,0
3698688,1806,0,90,87,0,1,2,-0.00419,0.00399,0.0904,2700,0,0,0,0,0,0,0,0,0,0,0,0,0,0,0,0,0,0,0,0,0
3700736,1807,0,98,98,0,0,0,0.00075,0.00345,0.0662,2687,0,0,0,0,0,0,0,0,0,0,0,0,0,0,0,0,0,0,0,0,0
3702784,1808,0,98,98,0,0,0,0.00278,0.00214,0.0798,2955,0,0,0,0,0,0,0,0,0,0,0,0,0,0,0,0,0,0,0,0,0
3704832,1809,0,101,100,0,0,1,-0.00189,0.00219,0.073,2887,0,0,0,0,0,0,0,0,0,0,0,0,0,0,0,0,0,0,0,0,0
3706880,1810,0,101,101,0,0,0,-0.00049,0.00178,0.0915,2912,0,0,0,0,0,0,0,0,0,0,0,0,0,0,0,0,0,0,0,0,0
3708928,1811,0,90,88,0,0,2,-0.00336,0.00202,0.0924,2677,0,0,0,0,0,0,0,0,0,0,0,0,0,0,0,0,0,0,0,0,0
3710976,1812,0,85,84,0,0,1,-0.00556,0.00222,0.1172,3067,0,0,0,0,0,0,0,0,0,0,0,0,0,0,0,0,0,0,0,0,0
3713024,1813,0,107,104,0,0,3,-0.00305,0.00256,0.0817,2896,0,0,0,0,0,0,0,0,0,0,0,0,0,0,0,0,0,0,0,0,0
3715072,1814,0,86,85,1,0,0,-0.00088,0.00338,0.1645,2974,0,0,0,0,0,0,0,0,0,0,0,0,0,0,0,0,0,0,0,0,0
3717120,1815,0,69,65,0,0,4,0.00067,0.00362,0.1765,2959,0,0,0,0,0,0,0,0,0,0,0,0,0,0,0,0,0,0,0,0,0
3719168,1816,0,94,92,0,0,2,-0.00204,0.00239,0.1041,2848,0,0,0,0,0,0,0,0,0,0,0,0,0,0,0,0,0,0,0,0,0
3721216,1817,0,104,103,0,0,1,0.01089,0.00177,0.071,3003,0,0,0,0,0,0,0,0,0,0,0,0,0,0,0,0,0,0,0,0,0
3723264,1818,0,99,98,0,0,1,-0.00281,0.0017,0.1041,2817,0,0,0,0,0,0,0,0,0,0,0,0,0,0,0,0,0,0,0,0,0
3725312,1819,0,110,110,0,0,0,-0.00172,0.00143,0.0608,2954,0,0,0,0,0,0,0,0,0,0,0,0,0,0,0,0,0,0,0,0,0
3727360,1820,0,101,101,0,0,0,-0.00282,0.00156,0.097,2971,0,0,0,0,0,0,0,0,0,0,0,0,0,0,0,0,0,0,0,0,0
3729408,1821,0,86,85,0,0,1,-0.00415,0.00203,0.1433,2858,0,0,0,0,0,0,0,0,0,0,0,0,0,0,0,0,0,0,0,0,0
3731456,1822,0,96,94,0,0,2,-0.00245,0.00202,0.1198,2935,0,0,0,0,0,0,0,0,0,0,0,0,0,0,0,0,0,0,0,0,0
3733504,1823,0,97,95,1,0,1,-0.00241,0.00176,0.1144,2983,0,0,0,0,0,0,0,0,0,0,0,0,0,0,0,0,0,0,0,0,0
3735552,1824,0,101,100,0,0,1,-0.00113,0.00185,0.0869,2969,0,0,0,0,0,0,0,0,0,0,0,0,0,0,0,0,0,0,0,0,0
3737600,1825,0,98,98,0,0,0,-0.00346,0.00202,0.08,2923,0,0,0,0,0,0,0,0,0,0,0,0,0,0,0,0,0,0,0,0,0
3739648,1826,0,92,90,0,0,2,-0.00108,0.0032,0.1047,2898,0,0,0,0,0,0,0,0,0,0,0,0,0,0,0,0,0,0,0,0,0
3741696,1827,0,103,101,0,0,2,-0.00116,0.00249,0.0778,2927,0,0,0,0,0,0,0,0,0,0,0,0,0,0,0,0,0,0,0,0,0
3743744,1828,0,99,99,0,0,0,-0.00165,0.00165,0.0957,3024,0,0,0,0,0,0,0,0,0,0,0,0,0,0,0,0,0,0,0,0,0
3745792,1829,0,98,96,0,0,2,-0.00461,0.00162,0.0825,2956,0,0,0,0,0,0,0,0,0,0,0,0,0,0,0,0,0,0,0,0,0
3747840,1830,0,100,99,1,0,0,-0.00079,0.00313,0.0765,2988,0,0,0,0,0,0,0,0,0,0,0,0,0,0,0,0,0,0,0,0,0
3749888,1831,0,98,97,0,0,1,0.00649,0.00193,0.1,3025,0,0,0,0,0,0,0,0,0,0,0,0,0,0,0,0,0,0,0,0,0
3751936,1832,0,88,87,0,0,1,-0.00354,0.00229,0.1367,2856,0,0,0,0,0,0,0,0,0,0,0,0,0,0,0,0,0,0,0,0,0
3753984,1833,0,102,100,0,0,2,-0.00325,0.00176,0.0693,2845,0,0,0,0,0,0,0,0,0,0,0,0,0,0,0,0,0,0,0,0,0
3756032,1834,0,100,100,0,0,0,0.00095,0.0016,0.0654,3021,0,0,0,0,0,0,0,0,0,0,0,0,0,0,0,0,0,0,0,0,0
3758080,1835,0,99,98,0,0,1,-0.00249,0.00175,0.1035,3028,0,0,0,0,0,0,0,0,0,0,0,0,0,0,0,0,0,0,0,0,0
3760128,1836,0,76,74,0,0,2,-0.00321,0.00201,0.1616,2559,0,0,0,0,0,0,0,0,0,0,0,0,0,0,0,0,0,0,0,0,0
3762176,1837,0,101,98,0,0,3,-0.00149,0.0016,0.0885,2688,0,0,0,0,0,0,0,0,0,0,0,0,0,0,0,0,0,0,0,0,0
3764224,1838,0,113,113,0,0,0,-0.00182,0.00215,0.0451,2667,0,0,0,0,0,0,0,0,0,0,0,0,0,0,0,0,0,0,0,0,0
3766272,1839,0,113,110,3,0,0,-0.00535,0.00352,0.0533,2758,0,0,0,0,0,0,0,0,0,0,0,0,0,0,0,0,0,0,0,0,0
3768320,1840,0,86,86,0,0,0,-0.0054,0.00244,0.1335,2907,0,0,0,0,0,0,0,0,0,0,0,0,0,0,0,0,0,0,0,0,0
3770368,1841,0,90,85,3,0,2,-0.00483,0.0056,0.1031,2518,0,0,0,0,0,0,0,0,0,0,0,0,0,0,0,0,0,0,0,0,0
3772416,1842,0,104,102,0,0,2,-0.00496,0.00319,0.0925,2599,0,0,0,0,0,0,0,0,0,0,0,0,0,0,0,0,0,0,0,0,0
3774464,1843,0,103,103,0,0,0,-0.00461,0.00146,0.0786,2818,0,0,0,0,0,0,0,0,0,0,0,0,0,0,0,0,0,0,0,0,0
3776512,1844,0,94,94,0,0,0,-0.00515,0.00175,0.0955,2696,0,0,0,0,0,0,0,0,0,0,0,0,0,0,0,0,0,0,0,0,0
3778560,1845,0,91,89,0,0,2,-0.00707,0.00295,0.1152,2899,0,0,0,0,0,0,0,0,0,0,0,0,0,0,0,0,0,0,0,0,0
3780608,1846,0,104,103,0,0,1,-0.00298,0.00182,0.0695,2783,0,0,0,0,0,0,0,0,0,0,0,0,0,0,0,0,0,0,0,0,0
3782656,1847,0,102,102,0,0,0,-0.00185,0.00147,0.0967,2882,0,0,0,0,0,0,0,0,0,0,0,0,0,0,0,0,0,0,0,0,0
3784704,1848,0,95,94,0,0,1,-0.0025,0.00206,0.0768,2862,0,0,0,0,0,0,0,0,0,0,0,0,0,0,0,0,0,0,0,0,0
3786752,1849,0,106,106,0,0,0,-0.00218,0.0013,0.0564,2995,0,0,0,0,0,0,0,0,0,0,0,0,0,0,0,0,0,0,0,0,0
3788800,1850,0,107,106,0,1,0,0.00073,0.00271,0.0571,2875,0,0,0,0,0,0,0,0,0,0,0,0,0,0,0,0,0,0,0,0,0
3790848,1851,0,102,102,0,0,0,-0.00248,0.0016,0.066,3072,0,0,0,0,0,0,0,0,0,0,0,0,0,0,0,0,0,0,0,0,0
3792896,1852,0,93,92,1,0,0,-0.00355,0.00335,0.0944,2908,0,0,0,0,0,0,0,0,0,0,0,0,0,0,0,0,0,0,0,0,0
3794944,1853,0,82,81,1,0,0,-0.00377,0.00333,0.1636,2871,0,0,0,0,0,0,0,0,0,0,0,0,0,0,0,0,0,0,0,0,0
3796992,1854,0,102,100,0,0,2,-0.00407,0.00213,0.1101,2759,0,0,0,0,0,0,0,0,0,0,0,0,0,0,0,0,0,0,0,0,0
3799040,1855,0,105,105,0,0,0,-0.00299,0.00165,0.1173,2600,0,0,0,0,0,0,0,0,0,0,0,0,0,0,0,0,0,0,0,0,0
3801088,1856,0,88,85,0,1,2,-0.00146,0.00305,0.1394,2631,0,0,0,0,0,0,0,0,0,0,0,0,0,0,0,0,0,0,0,0,0
3803136,1857,0,97,95,0,0,2,0.00123,0.00233,0.0987,2958,0,0,0,0,0,0,0,0,0,0,0,0,0,0,0,0,0,0,0,0,0
3805184,1858,0,109,108,0,1,0,-0.00198,0.00303,0.0753,2846,0,0,0,0,0,0,0,0,0,0,0,0,0,0,0,0,0,0,0,0,0
3807232,1859,0,89,89,0,0,0,-0.00378,0.002,0.1262,2921,0,0,0,0,0,0,0,0,0,0,0,0,0,0,0,0,0,0,0,0,0
3809280,1860,0,98,96,0,0,2,-0.00582,0.00155,0.1419,2825,0,0,0,0,0,0,0,0,0,0,0,0,0,0,0,0,0,0,0,0,0
3811328,1861,0,91,89,0,0,2,-0.00162,0.00171,0.1278,2904,0,0,0,0,0,0,0,0,0,0,0,0,0,0,0,0,0,0,0,0,0
3813376,1862,0,99,98,0,0,1,-0.0035,0.00325,0.1069,2922,0,0,0,0,0,0,0,0,0,0,0,0,0,0,0,0,0,0,0,0,0
3815424,1863,0,87,87,0,0,0,-0.00205,0.00186,0.1355,2945,0,0,0,0,0,0,0,0,0,0,0,0,0,0,0,0,0,0,0,0,0
3817472,1864,0,94,91,1,0,2,-0.00493,0.00279,0.123,2721,0,0,0,0,0,0,0,0,0,0,0,0,0,0,0,0,0,0,0,0,0
3819520,1865,0,96,94,0,0,2,-0.00391,0.00144,0.1464,2922,0,0,0,0,0,0,0,0,0,0,0,0,0,0,0,0,0,0,0,0,0
3821568,1866,0,69,68,0,0,1,-0.00112,0.00192,0.2155,2675,0,0,0,0,0,0,0,0,0,0,0,0,0,0,0,0,0,0,0,0,0
3823616,1867,0,81,76,0,1,4,-0.00031,0.00322,0.1878,2758,0,0,0,0,0,0,0,0,0,0,0,0,0,0,0,0,0,0,0,0,0
3825664,1868,0,84,81,1,0,2,-0.00444,0.00308,0.1197,2821,0,0,0,0,0,0,0,0,0,0,0,0,0,0,0,0,0,0,0,0,0
3827712,1869,0,99,96,1,0,2,-0.0033,0.00477,0.0968,2898,0,0,0,0,0,0,0,0,0,0,0,0,0,0,0,0,0,0,0,0,0
3829760,1870,0,95,94,0,0,1,-0.00475,0.00174,0.153,2620,0,0,0,0,0,0,0,0,0,0,0,0,0,0,0,0,0,0,0,0,0
3831808,1871,0,94,92,0,0,2,0.00185,0.00219,0.1418,2529,0,0,0,0,0,0,0,0,0,0,0,0,0,0,0,0,0,0,0,0,0
3833856,1872,0,93,90,0,1,2,-0.00156,0.00262,0.0949,2854,0,0,0,0,0,0,0,0,0,0,0,0,0,0,0,0,0,0,0,0,0
3835904,1873,0,91,90,0,0,1,-0.00042,0.00177,0.1408,2739,0,0,0,0,0,0,0,0,0,0,0,0,0,0,0,0,0,0,0,0,0
3837952,1874,0,89,87,0,0,2,-0.00184,0.00251,0.1551,2857,0,0,0,0,0,0,0,0,0,0,0,0,0,0,0,0,0,0,0,0,0
3840000,1875,0,89,86,0,0,3,-0.00544,0.00175,0.1948,3090,0,0,0,0,0,0,0,0,0,0,0,0,0,0,0,0,0,0,0,0,0
3842048,1876,0,88,86,1,0,1,-0.00396,0.00375,0.1596,3101,0,0,0,0,0,0,0,0,0,0,0,0,0,0,0,0,0,0,0,0,0
3844096,1877,0,103,102,0,0,1,-0.00192,0.00239,0.0913,3041,0,0,0,0,0,0,0,0,0,0,0,0,0,0,0,0,0,0,0,0,0
3846144,1878,0,92,91,1,0,0,-0.0006,0.00307,0.0743,2635,0,0,0,0,0,0,0,0,0,0,0,0,0,0,0,0,0,0,0,0,0
3848192,1879,0,86,83,0,0,3,0.00082,0.00327,0.0992,2868,0,0,0,0,0,0,0,0,0,0,0,0,0,0,0,0,0,0,0,0,0
3850240,1880,0,100,98,0,0,2,-0.00204,0.00232,0.108,2783,0,0,0,0,0,0,0,0,0,0,0,0,0,0,0,0,0,0,0,0,0
3852288,1881,0,97,96,0,0,1,-0.00257,0.00208,0.147,2756,0,0,0,0,0,0,0,0,0,0,0,0,0,0,0,0,0,0,0,0,0
3854336,1882,0,100,99,0,0,1,-0.00169,0.00145,0.0854,2753,0,0,0,0,0,0,0,0,0,0,0,0,0,0,0,0,0,0,0,0,0
3856384,1883,0,101,100,0,0,1,-0.00459,0.00177,0.0796,2545,0,0,0,0,0,0,0,0,0,0,0,0,0,0,0,0,0,0,0,0,0
3858432,1884,0,106,104,1,0,1,-0.00447,0.00338,0.0896,2987,0,0,0,0,0,0,0,0,0,0,0,0,0,0,0,0,0,0,0,0,0
3860480,1885,0,102,101,0,1,0,-0.00022,0.00281,0.1023,3092,0,0,0,0,0,0,0,0,0,0,0,0,0,0,0,0,0,0,0,0,0
3862528,1886,0,109,108,0,0,1,-0.00346,0.00221,0.0563,2831,0,0,0,0,0,0,0,0,0,0,0,0,0,0,0,0,0,0,0,0,0
3864576,1887,0,93,93,0,0,0,-0.01003,0.00206,0.1264,3060,0,0,0,0,0,0,0,0,0,0,0,0,0,0,0,0,0,0,0,0,0
3866624,1888,0,78,76,0,0,2,-0.00237,0.00536,0.2059,2907,0,0,0,0,0,0,0,0,0,0,0,0,0,0,0,0,0,0,0,0,0
3868672,1889,0,90,87,0,0,3,0.00319,0.00481,0.1528,2893,0,0,0,0,0,0,0,0,0,0,0,0,0,0,0,0,0,0,0,0,0
3870720,1890,0,99,98,0,0,1,-0.00116,0.00493,0.0931,2815,0,0,0,0,0,0,0,0,0,0,0,0,0,0,0,0,0,0,0,0,0
3872768,1891,0,102,102,0,0,0,-0.00168,0.00205,0.0745,3072,0,0,0,0,0,0,0,0,0,0,0,0,0,0,0,0,0,0,0,0,0
3874816,1892,0,91,91,0,0,0,-0.00163,0.00208,0.1048,3200,0,0,0,0,0,0,0,0,0,0,0,0,0,0,0,0,0,0,0,0,0
3876864,1893,0,90,88,0,0,2,-0.0026,0.00249,0.0942,3105,0,0,0,0,0,0,0,0,0,0,0,0,0,0,0,0,0,0,0,0,0
3878912,1894,0,107,106,0,0,1,-0.00051,0.00181,0.0768,3259,0,0,0,0,0,0,0,0,0,0,0,0,0,0,0,0,0,0,0,0,0
3880960,1895,0,92,91,0,0,1,0.00085,0.00289,0.1156,2655,0,0,0,0,0,0,0,0,0,0,0,0,0,0,0,0,0,0,0,0,0
3883008,1896,0,103,102,0,0,1,0.00117,0.00297,0.0887,2990,0,0,0,0,0,0,0,0,0,0,0,0,0,0,0,0,0,0,0,0,0
3885056,1897,0,103,102,0,1,0,0.00319,0.00304,0.0679,3084,0,0,0,0,0,0,0,0,0,0,0,0,0,0,0,0,0,0,0,0,0
3887104,1898,0,94,94,0,0,0,-0.00676,0.00288,0.0947,2920,0,0,0,0,0,0,0,0,0,0,0,0,0,0,0,0,0,0,0,0,0
3889152,1899,0,98,96,0,0,2,0.00328,0.00239,0.0937,2950,0,0,0,0,0,0,0,0,0,0,0,0,0,0,0,0,0,0,0,0,0
3891200,1900,0,103,102,1,0,0,-0.00424,0.00282,0.0741,2873,0,0,0,0,0,0,0,0,0,0,0,0,0,0,0,0,0,0,0,0,0
3893248,1901,0,105,105,0,0,0,-0.00256,0.00159,0.0823,2937,0,0,0,0,0,0,0,0,0,0,0,0,0,0,0,0,0,0,0,0,0
3895296,1902,0,97,96,0,0,1,-0.00365,0.00196,0.1044,2590,0,0,0,0,0,0,0,0,0,0,0,0,0,0,0,0,0,0,0,0,0
3897344,1903,0,108,107,0,0,1,-0.00352,0.00244,0.0667,2837,0,0,0,0,0,0,0,0,0,0,0,0,0,0,0,0,0,0,0,0,0
3899392,1904,0,94,94,0,0,0,6e-05,0.00143,0.089,2862,0,0,0,0,0,0,0,0,0,0,0,0,0,0,0,0,0,0,0,0,0
3901440,1905,0,101,99,0,0,2,-0.00315,0.00182,0.1007,2699,0,0,0,0,0,0,0,0,0,0,0,0,0,0,0,0,0,0,0,0,0
3903488,1906,0,101,101,0,0,0,-0.00371,0.00139,0.1093,2870,0,0,0,0,0,0,0,0,0,0,0,0,0,0,0,0,0,0,0,0,0
3905536,1907,0,98,97,0,0,1,-0.00247,0.00198,0.1084,2929,0,0,0,0,0,0,0,0,0,0,0,0,0,0,0,0,0,0,0,0,0
3907584,1908,0,65,63,0,0,2,-0.00464,0.00255,0.1731,3049,0,0,0,0,0,0,0,0,0,0,0,0,0,0,0,0,0,0,0,0,0
3909632,1909,0,98,95,0,0,3,0.00196,0.00286,0.1314,2978,0,0,0,0,0,0,0,0,0,0,0,0,0,0,0,0,0,0,0,0,0
3911680,1910,0,108,107,0,0,1,-0.00093,0.0017,0.1147,2787,0,0,0,0,0,0,0,0,0,0,0,0,0,0,0,0,0,0,0,0,0
3913728,1911,0,95,94,0,0,1,-0.00574,0.00187,0.1128,2960,0,0,0,0,0,0,0,0,0,0,0,0,0,0,0,0,0,0,0,0,0
3915776,1912,0,98,96,1,0,1,-0.00058,0.00272,0.1183,2766,0,0,0,0,0,0,0,0,0,0,0,0,0,0,0,0,0,0,0,0,0
3917824,1913,0,83,81,0,0,2,-0.00067,0.00176,0.1442,2594,0,0,0,0,0,0,0,0,0,0,0,0,0,0,0,0,0,0,0,0,0
3919872,1914,0,91,88,0,0,3,-0.00043,0.00228,0.1465,2751,0,0,0,0,0,0,0,0,0,0,0,0,0,0,0,0,0,0,0,0,0
3921920,1915,0,105,104,0,0,1,-0.00741,0.00185,0.1026,2722,0,0,0,0,0,0,0,0,0,0,0,0,0,0,0,0,0,0,0,0,0
3923968,1916,0,93,93,0,0,0,-0.00032,0.00119,0.1386,2966,0,0,0,0,0,0,0,0,0,0,0,0,0,0,0,0,0,0,0,0,0
3926016,1917,0,106,104,0,0,2,-0.0022,0.00166,0.1049,2820,0,0,0,0,0,0,0,0,0,0,0,0,0,0,0,0,0,0,0,0,0
3928064,1918,0,91,90,1,0,0,-0.00252,0.00267,0.1481,2724,0,0,0,0,0,0,0,0,0,0,0,0,0,0,0,0,0,0,0,0,0
3930112,1919,0,93,90,0,0,3,-0.00116,0.0022,0.1309,2857,0,0,0,0,0,0,0,0,0,0,0,0,0,0,0,0,0,0,0,0,0
3932160,1920,0,109,108,1,0,0,-0.00322,0.00184,0.0678,2935,0,0,0,0,0,0,0,0,0,0,0,0,0,0,0,0,0,0,0,0,0
3934208,1921,0,94,94,0,0,0,-0.0017,0.00134,0.1038,2863,0,0,0,0,0,0,0,0,0,0,0,0,0,0,0,0,0,0,0,0,0
3936256,1922,0,93,89,1,0,3,0.00452,0.00345,0.1038,3168,0,0,0,0,0,0,0,0,0,0,0,0,0,0,0,0,0,0,0,0,0
3938304,1923,0,109,109,0,0,0,-0.00402,0.00212,0.0771,3043,0,0,0,0,0,0,0,0,0,0,0,0,0,0,0,0,0,0,0,0,0
3940352,1924,0,81,81,0,0,0,-0.00258,0.0026,0.0941,3077,0,0,0,0,0,0,0,0,0,0,0,0,0,0,0,0,0,0,0,0,0
3942400,1925,0,80,80,0,0,0,-0.00597,0.00336,0.1073,2809,0,0,0,0,0,0,0,0,0,0,0,0,0,0,0,0,0,0,0,0,0
3944448,1926,0,80,79,0,0,1,-0.00766,0.00262,0.1326,2819,0,0,0,0,0,0,0,0,0,0,0,0,0,0,0,0,0,0,0,0,0
3946496,1927,0,85,82,0,0,3,-0.00041,0.00328,0.1405,2606,0,0,0,0,0,0,0,0,0,0,0,0,0,0,0,0,0,0,0,0,0
3948544,1928,0,100,99,1,0,0,-0.00151,0.0037,0.1356,2953,0,0,0,0,0,0,0,0,0,0,0,0,0,0,0,0,0,0,0,0,0
3950592,1929,0,100,98,0,0,2,-0.00146,0.002,0.0917,3017,0,0,0,0,0,0,0,0,0,0,0,0,0,0,0,0,0,0,0,0,0
3952640,1930,0,108,108,0,0,0,-0.00085,0.00146,0.0746,2996,0,0,0,0,0,0,0,0,0,0,0,0,0,0,0,0,0,0,0,0,0
3954688,1931,0,98,98,0,0,0,-0.00091,0.00151,0.131,2654,0,0,0,0,0,0,0,0,0,0,0,0,0,0,0,0,0,0,0,0,0
3956736,1932,0,84,81,0,0,3,-0.00095,0.00131,0.2048,2918,0,0,0,0,0,0,0,0,0,0,0,0,0,0,0,0,0,0,0,0,0
3958784,1933,0,86,84,0,0,2,-0.00508,0.0017,0.1532,2669,0,0,0,0,0,0,0,0,0,0,0,0,0,0,0,0,0,0,0,0,0
3960832,1934,0,85,84,0,0,1,-0.00589,0.00292,0.1368,2785,0,0,0,0,0,0,0,0,0,0,0,0,0,0,0,0,0,0,0,0,0
3962880,1935,0,82,82,0,0,0,-0.00129,0.00481,0.1608,2873,0,0,0,0,0,0,0,0,0,0,0,0,0,0,0,0,0,0,0,0,0
3964928,1936,0,95,93,0,0,2,-0.00325,0.0053,0.0899,2675,0,0,0,0,0,0,0,0,0,0,0,0,0,0,0,0,0,0,0,0,0
3966976,1937,0,98,98,0,0,0,-0.00422,0.00184,0.1115,2659,0,0,0,0,0,0,0,0,0,0,0,0,0,0,0,0,0,0,0,0,0
3969024,1938,0,88,87,1,0,0,-0.00226,0.00302,0.1639,2629,0,0,0,0,0,0,0,0,0,0,0,0,0,0,0,0,0,0,0,0,0
3971072,1939,0,96,93,0,0,3,0.00491,0.00214,0.1276,2901,0,0,0,0,0,0,0,0,0,0,0,0,0,0,0,0,0,0,0,0,0
3973120,1940,0,84,83,0,0,1,-0.00414,0.0025,0.1357,3090,0,0,0,0,0,0,0,0,0,0,0,0,0,0,0,0,0,0,0,0,0
3975168,1941,0,88,84,0,0,4,-0.00257,0.0029,0.1378,2669,0,0,0,0,0,0,0,0,0,0,0,0,0,0,0,0,0,0,0,0,0
3977216,1942,0,87,87,0,0,0,-0.00059,0.00247,0.13,2883,0,0,0,0,0,0,0,0,0,0,0,0,0,0,0,0,0,0,0,0,0
3979264,1943,0,98,95,0,0,3,-0.00147,0.00296,0.1308,2677,0,0,0,0,0,0,0,0,0,0,0,0,0,0,0,0,0,0,0,0,0
3981312,1944,0,92,91,0,0,1,0.00018,0.00201,0.1542,2512,0,0,0,0,0,0,0,0,0,0,0,0,0,0,0,0,0,0,0,0,0
3983360,1945,0,81,80,0,0,1,-0.01536,0.00237,0.1963,2422,0,0,0,0,0,0,0,0,0,0,0,0,0,0,0,0,0,0,0,0,0
3985408,1946,0,78,75,0,0,3,-0.00588,0.00306,0.1436,2343,0,0,0,0,0,0,0,0,0,0,0,0,0,0,0,0,0,0,0,0,0
3987456,1947,0,77,76,0,0,1,-0.00595,0.00269,0.1894,2236,0,0,0,0,0,0,0,0,0,0,0,0,0,0,0,0,0,0,0,0,0
3989504,1948,0,100,98,0,0,2,0.0007,0.00248,0.0875,2527,0,0,0,0,0,0,0,0,0,0,0,0,0,0,0,0,0,0,0,0,0
3991552,1949,0,102,102,0,0,0,-0.00114,0.00192,0.1321,2987,0,0,0,0,0,0,0,0,0,0,0,0,0,0,0,0,0,0,0,0,0
3993600,1950,0,86,85,0,0,1,-0.00455,0.00258,0.2176,3257,0,0,0,0,0,0,0,0,0,0,0,0,0,0,0,0,0,0,0,0,0
3995648,1951,0,106,105,0,0,1,-0.00163,0.003,0.1283,3147,0,0,0,0,0,0,0,0,0,0,0,0,0,0,0,0,0,0,0,0,0
3997696,1952,0,82,81,0,0,1,-0.01033,0.00233,0.2212,2847,0,0,0,0,0,0,0,0,0,0,0,0,0,0,0,0,0,0,0,0,0
3999744,1953,0,93,91,0,0,2,-0.00107,0.00296,0.1297,2880,0,0,0,0,0,0,0,0,0,0,0,0,0,0,0,0,0,0,0,0,0
4001792,1954,0,100,98,2,0,0,-0.00236,0.00198,0.1083,2626,0,0,0,0,0,0,0,0,0,0,0,0,0,0,0,0,0,0,0,0,0
4003840,1955,0,84,83,0,0,1,-0.00172,0.00172,0.1799,2824,0,0,0,0,0,0,0,0,0,0,0,0,0,0,0,0,0,0,0,0,0
4005888,1956,0,100,97,0,0,3,-0.0045,0.00145,0.1243,2563,0,0,0,0,0,0,0,0,0,0,0,0,0,0,0,0,0,0,0,0,0
4007936,1957,0,88,87,0,1,0,-0.0035,0.00338,0.1515,2738,0,0,0,0,0,0,0,0,0,0,0,0,0,0,0,0,0,0,0,0,0
4009984,1958,0,84,82,0,0,2,-0.0033,0.00193,0.2583,3133,0,0,0,0,0,0,0,0,0,0,0,0,0,0,0,0,0,0,0,0,0
4012032,1959,0,94,91,1,0,2,-0.00496,0.00319,0.1607,2733,0,0,0,0,0,0,0,0,0,0,0,0,0,0,0,0,0,0,0,0,0
4014080,1960,0,100,99,0,0,1,-0.00016,0.00154,0.0805,2885,0,0,0,0,0,0,0,0,0,0,0,0,0,0,0,0,0,0,0,0,0
4016128,1961,0,79,76,1,0,2,-0.0021,0.00393,0.1534,3175,0,0,0,0,0,0,0,0,0,0,0,0,0,0,0,0,0,0,0,0,0
4018176,1962,0,93,90,0,0,3,-0.01053,0.00296,0.2275,3211,0,0,0,0,0,0,0,0,0,0,0,0,0,0,0,0,0,0,0,0,0
4020224,1963,0,81,78,0,0,3,-0.00417,0.0024,0.2284,3155,0,0,0,0,0,0,0,0,0,0,0,0,0,0,0,0,0,0,0,0,0
4022272,1964,0,87,86,0,0,1,-0.00019,0.00272,0.1833,2939,0,0,0,0,0,0,0,0,0,0,0,0,0,0,0,0,0,0,0,0,0
4024320,1965,0,92,90,0,0,2,-0.00456,0.00195,0.201,2938,0,0,0,0,0,0,0,0,0,0,0,0,0,0,0,0,0,0,0,0,0
4026368,1966,0,103,101,0,0,2,-0.00069,0.00257,0.1018,2978,0,0,0,0,0,0,0,0,0,0,0,0,0,0,0,0,0,0,0,0,0
4028416,1967,0,93,92,0,0,1,-0.00261,0.00267,0.0979,2988,0,0,0,0,0,0,0,0,0,0,0,0,0,0,0,0,0,0,0,0,0
4030464,1968,0,89,88,0,0,1,-0.00319,0.00213,0.1294,3108,0,0,0,0,0,0,0,0,0,0,0,0,0,0,0,0,0,0,0,0,0
4032512,1969,0,96,93,1,0,2,-0.00495,0.00281,0.1108,3221,0,0,0,0,0,0,0,0,0,0,0,0,0,0,0,0,0,0,0,0,0
4034560,1970,0,107,107,0,0,0,-0.00234,0.00144,0.0658,2983,0,0,0,0,0,0,0,0,0,0,0,0,0,0,0,0,0,0,0,0,0
4036608,1971,0,104,102,2,0,0,-0.00403,0.00428,0.0678,2538,0,0,0,0,0,0,0,0,0,0,0,0,0,0,0,0,0,0,0,0,0
4038656,1972,0,105,105,0,0,0,-0.00098,0.00166,0.0691,2988,0,0,0,0,0,0,0,0,0,0,0,0,0,0,0,0,0,0,0,0,0
4040704,1973,0,85,85,0,0,0,-0.00849,0.00209,0.1408,3071,0,0,0,0,0,0,0,0,0,0,0,0,0,0,0,0,0,0,0,0,0
4042752,1974,0,89,86,0,0,3,-0.00285,0.0038,0.1176,2959,0,0,0,0,0,0,0,0,0,0,0,0,0,0,0,0,0,0,0,0,0
4044800,1975,0,96,94,0,0,2,-0.0003,0.00312,0.1107,2939,0,0,0,0,0,0,0,0,0,0,0,0,0,0,0,0,0,0,0,0,0
4046848,1976,0,82,81,0,0,1,-0.00065,0.00199,0.1079,3136,0,0,0,0,0,0,0,0,0,0,0,0,0,0,0,0,0,0,0,0,0
4048896,1977,0,103,99,1,0,3,-0.00156,0.00391,0.0795,2835,0,0,0,0,0,0,0,0,0,0,0,0,0,0,0,0,0,0,0,0,0
4050944,1978,0,100,100,0,0,0,-0.00205,0.00194,0.0857,2700,0,0,0,0,0,0,0,0,0,0,0,0,0,0,0,0,0,0,0,0,0
4052992,1979,0,94,93,0,0,1,-0.00223,0.00146,0.1294,2912,0,0,0,0,0,0,0,0,0,0,0,0,0,0,0,0,0,0,0,0,0
4055040,1980,0,101,99,0,0,2,-0.00455,0.00233,0.0815,2909,0,0,0,0,0,0,0,0,0,0,0,0,0,0,0,0,0,0,0,0,0
4057088,1981,0,90,90,0,0,0,-0.00376,0.00282,0.1071,2669,0,0,0,0,0,0,0,0,0,0,0,0,0,0,0,0,0,0,0,0,0
4059136,1982,0,83,81,0,0,2,-0.00145,0.00292,0.152,2751,0,0,0,0,0,0,0,0,0,0,0,0,0,0,0,0,0,0,0,0,0
4061184,1983,0,104,102,0,0,2,-0.00291,0.00184,0.0832,2918,0,0,0,0,0,0,0,0,0,0,0,0,0,0,0,0,0,0,0,0,0
4063232,1984,0,91,90,0,0,1,-0.00032,0.00182,0.1188,3151,0,0,0,0,0,0,0,0,0,0,0,0,0,0,0,0,0,0,0,0,0
4065280,1985,0,94,92,0,0,2,-0.00167,0.00139,0.1459,2731,0,0,0,0,0,0,0,0,0,0,0,0,0,0,0,0,0,0,0,0,0
4067328,1986,0,97,96,0,0,1,0.00118,0.00146,0.0796,2992,0,0,0,0,0,0,0,0,0,0,0,0,0,0,0,0,0,0,0,0,0
4069376,1987,0,105,102,2,0,1,-0.00032,0.00269,0.0767,3101,0,0,0,0,0,0,0,0,0,0,0,0,0,0,0,0,0,0,0,0,0
4071424,1988,0,93,91,1,1,0,-0.00281,0.00324,0.094,2751,0,0,0,0,0,0,0,0,0,0,0,0,0,0,0,0,0,0,0,0,0
4073472,1989,0,95,94,1,0,0,-0.00132,0.0035,0.1074,2683,0,0,0,0,0,0,0,0,0,0,0,0,0,0,0,0,0,0,0,0,0
4075520,1990,0,82,80,0,0,2,-0.00249,0.00256,0.1471,2737,0,0,0,0,0,0,0,0,0,0,0,0,0,0,0,0,0,0,0,0,0
4077568,1991,0,95,93,0,0,2,-0.00243,0.00155,0.1128,3005,0,0,0,0,0,0,0,0,0,0,0,0,0,0,0,0,0,0,0,0,0
4079616,1992,0,98,94,3,0,1,-0.00137,0.00614,0.0947,2804,0,0,0,0,0,0,0,0,0,0,0,0,0,0,0,0,0,0,0,0,0
4081664,1993,0,106,104,1,0,1,-0.00407,0.0029,0.0606,3223,0,0,0,0,0,0,0,0,0,0,0,0,0,0,0,0,0,0,0,0,0
4083712,1994,0,102,102,0,0,0,-0.00961,0.00232,0.0664,2775,0,0,0,0,0,0,0,0,0,0,0,0,0,0,0,0,0,0,0,0,0
4085760,1995,0,106,102,3,0,1,-0.00252,0.00577,0.0678,2809,0,0,0,0,0,0,0,0,0,0,0,0,0,0,0,0,0,0,0,0,0
4087808,1996,0,94,94,0,0,0,-0.00346,0.00174,0.1055,2766,0,0,0,0,0,0,0,0,0,0,0,0,0,0,0,0,0,0,0,0,0
4089856,1997,0,93,91,0,0,2,-0.00426,0.00186,0.1267,2629,0,0,0,0,0,0,0,0,0,0,0,0,0,0,0,0,0,0,0,0,0
4091904,1998,0,97,96,0,0,1,-0.00164,0.00204,0.08,3002,0,0,0,0,0,0,0,0,0,0,0,0,0,0,0,0,0,0,0,0,0
4093952,1999,0,106,105,0,0,1,-0.00129,0.00159,0.0778,2589,0,0,0,0,0,0,0,0,0,0,0,0,0,0,0,0,0,0,0,0,0
4096000,2000,0,98,97,1,0,0,-0.00325,0.00173,0.0945,2889,0,0,0,0,0,0,0,0,0,0,0,0,0,0,0,0,0,0,0,0,0
4098048,2001,0,103,102,1,0,0,-0.00502,0.00244,0.0921,2893,0,0,0,0,0,0,0,0,0,0,0,0,0,0,0,0,0,0,0,0,0
4100096,2002,0,107,106,0,0,1,-0.00431,0.00206,0.0829,2794,0,0,0,0,0,0,0,0,0,0,0,0,0,0,0,0,0,0,0,0,0
4102144,2003,0,101,101,0,0,0,-0.00222,0.00261,0.0671,2564,0,0,0,0,0,0,0,0,0,0,0,0,0,0,0,0,0,0,0,0,0
4104192,2004,0,90,88,1,0,1,-0.00054,0.00296,0.1342,2751,0,0,0,0,0,0,0,0,0,0,0,0,0,0,0,0,0,0,0,0,0
4106240,2005,0,83,82,0,0,1,-0.00186,0.002,0.143,2614,0,0,0,0,0,0,0,0,0,0,0,0,0,0,0,0,0,0,0,0,0
4108288,2006,0,104,102,0,0,2,-0.00261,0.00171,0.0855,2788,0,0,0,0,0,0,0,0,0,0,0,0,0,0,0,0,0,0,0,0,0
4110336,2007,0,108,108,0,0,0,-0.00134,0.00107,0.0841,2700,0,0,0,0,0,0,0,0,0,0,0,0,0,0,0,0,0,0,0,0,0
4112384,2008,0,104,104,0,0,0,-0.00425,0.0018,0.1005,2744,0,0,0,0,0,0,0,0,0,0,0,0,0,0,0,0,0,0,0,0,0
4114432,2009,0,112,110,1,0,1,0.0,0.00253,0.0594,2916,0,0,0,0,0,0,0,0,0,0,0,0,0,0,0,0,0,0,0,0,0
4116480,2010,0,103,103,0,0,0,-0.00163,0.00099,0.0856,2651,0,0,0,0,0,0,0,0,0,0,0,0,0,0,0,0,0,0,0,0,0
4118528,2011,0,85,84,0,0,1,-0.00431,0.0015,0.1087,2937,0,0,0,0,0,0,0,0,0,0,0,0,0,0,0,0,0,0,0,0,0
4120576,2012,0,95,93,0,0,2,-0.0056,0.00119,0.1037,3166,0,0,0,0,0,0,0,0,0,0,0,0,0,0,0,0,0,0,0,0,0
4122624,2013,0,98,97,0,0,1,0.00084,0.00114,0.1091,2843,0,0,0,0,0,0,0,0,0,0,0,0,0,0,0,0,0,0,0,0,0
4124672,2014,0,92,90,0,0,2,-0.00278,0.00129,0.1345,2816,0,0,0,0,0,0,0,0,0,0,0,0,0,0,0,0,0,0,0,0,0
4126720,2015,0,109,108,0,0,1,-0.00045,0.00189,0.0743,2907,0,0,0,0,0,0,0,0,0,0,0,0,0,0,0,0,0,0,0,0,0
4128768,2016,0,105,105,0,0,0,-0.00368,0.00159,0.0816,2812,0,0,0,0,0,0,0,0,0,0,0,0,0,0,0,0,0,0,0,0,0
4130816,2017,0,104,103,0,0,1,-0.00539,0.00138,0.1016,3032,0,0,0,0,0,0,0,0,0,0,0,0,0,0,0,0,0,0,0,0,0
4132864,2018,0,101,100,0,0,1,0.00138,0.00372,0.0956,2830,0,0,0,0,0,0,0,0,0,0,0,0,0,0,0,0,0,0,0,0,0
4134912,2019,0,95,94,1,0,0,0.00101,0.0019,0.1351,3079,0,0,0,0,0,0,0,0,0,0,0,0,0,0,0,0,0,0,0,0,0
4136960,2020,0,100,98,0,0,2,-0.004,0.00162,0.1094,2862,0,0,0,0,0,0,0,0,0,0,0,0,0,0,0,0,0,0,0,0,0
4139008,2021,0,94,93,0,1,0,-0.00041,0.00232,0.1175,2994,0,0,0,0,0,0,0,0,0,0,0,0,0,0,0,0,0,0,0,0,0
4141056,2022,0,106,104,0,0,2,0.00598,0.00162,0.084,3092,0,0,0,0,0,0,0,0,0,0,0,0,0,0,0,0,0,0,0,0,0
4143104,2023,0,105,104,1,0,0,-0.00421,0.00296,0.0893,3034,0,0,0,0,0,0,0,0,0,0,0,0,0,0,0,0,0,0,0,0,0
4145152,2024,0,92,90,0,0,2,-0.00383,0.00326,0.1271,3004,0,0,0,0,0,0,0,0,0,0,0,0,0,0,0,0,0,0,0,0,0
4147200,2025,0,97,96,0,0,1,-0.00106,0.00238,0.0875,2668,0,0,0,0,0,0,0,0,0,0,0,0,0,0,0,0,0,0,0,0,0
4149248,2026,0,104,103,0,0,1,-0.0013,0.00138,0.0851,3032,0,0,0,0,0,0,0,0,0,0,0,0,0,0,0,0,0,0,0,0,0
4151296,2027,0,101,99,1,0,1,0.00432,0.00318,0.0802,2946,0,0,0,0,0,0,0,0,0,0,0,0,0,0,0,0,0,0,0,0,0
4153344,2028,0,98,98,0,0,0,-0.00086,0.00187,0.0941,2941,0,0,0,0,0,0,0,0,0,0,0,0,0,0,0,0,0,0,0,0,0
4155392,2029,0,94,91,1,0,2,-0.00138,0.00254,0.0997,2939,0,0,0,0,0,0,0,0,0,0,0,0,0,0,0,0,0,0,0,0,0
4157440,2030,0,100,100,0,0,0,-0.00324,0.00136,0.087,2776,0,0,0,0,0,0,0,0,0,0,0,0,0,0,0,0,0,0,0,0,0
4159488,2031,0,97,96,0,0,1,-0.00442,0.00124,0.0707,2945,0,0,0,0,0,0,0,0,0,0,0,0,0,0,0,0,0,0,0,0,0
4161536,2032,0,98,97,0,0,1,-0.00745,0.00154,0.064,2743,0,0,0,0,0,0,0,0,0,0,0,0,0,0,0,0,0,0,0,0,0
4163584,2033,0,98,97,0,0,1,-0.00289,0.00176,0.0936,2878,0,0,0,0,0,0,0,0,0,0,0,0,0,0,0,0,0,0,0,0,0
4165632,2034,0,104,103,0,0,1,0.00118,0.00141,0.0934,2637,0,0,0,0,0,0,0,0,0,0,0,0,0,0,0,0,0,0,0,0,0
4167680,2035,0,102,102,0,0,0,-0.00109,0.00143,0.0814,2790,0,0,0,0,0,0,0,0,0,0,0,0,0,0,0,0,0,0,0,0,0
4169728,2036,0,85,83,1,0,1,-0.00277,0.00262,0.1519,2967,0,0,0,0,0,0,0,0,0,0,0,0,0,0,0,0,0,0,0,0,0
4171776,2037,0,105,103,0,0,2,-0.00692,0.00156,0.072,2661,0,0,0,0,0,0,0,0,0,0,0,0,0,0,0,0,0,0,0,0,0
4173824,2038,0,75,75,0,0,0,0.00128,0.00189,0.1465,2347,0,0,0,0,0,0,0,0,0,0,0,0,0,0,0,0,0,0,0,0,0
4175872,2039,0,95,89,1,0,5,0.00138,0.00411,0.1129,2723,0,0,0,0,0,0,0,0,0,0,0,0,0,0,0,0,0,0,0,0,0
4177920,2040,0,86,86,0,0,0,-0.00147,0.00228,0.1307,2717,0,0,0,0,0,0,0,0,0,0,0,0,0,0,0,0,0,0,0,0,0
4179968,2041,0,87,84,0,0,3,-0.00104,0.00234,0.1153,2799,0,0,0,0,0,0,0,0,0,0,0,0,0,0,0,0,0,0,0,0,0
4182016,2042,0,102,100,0,0,2,-0.00209,0.00221,0.0818,2720,0,0,0,0,0,0,0,0,0,0,0,0,0,0,0,0,0,0,0,0,0
4184064,2043,0,93,91,0,2,0,-0.00051,0.00471,0.1338,2929,0,0,0,0,0,0,0,0,0,0,0,0,0,0,0,0,0,0,0,0,0
4186112,2044,0,83,80,0,0,3,-0.00752,0.00244,0.1829,2616,0,0,0,0,0,0,0,0,0,0,0,0,0,0,0,0,0,0,0,0,0
4188160,2045,0,79,76,0,0,3,-0.00226,0.00201,0.1706,2744,0,0,0,0,0,0,0,0,0,0,0,0,0,0,0,0,0,0,0,0,0
4190208,2046,0,90,86,1,0,3,-0.00122,0.00262,0.135,2620,0,0,0,0,0,0,0,0,0,0,0,0,0,0,0,0,0,0,0,0,0
4192256,2047,0,96,95,0,0,1,-0.00487,0.00172,0.1022,2686,0,0,0,0,0,0,0,0,0,0,0,0,0,0,0,0,0,0,0,0,0
4194304,2048,0,75,73,0,0,2,-0.00223,0.00193,0.0782,2722,0,0,0,0,0,0,0,0,0,0,0,0,0,0,0,0,0,0,0,0,0
4196352,2049,0,83,80,0,0,3,-0.00468,0.00158,0.0906,2724,0,0,0,0,0,0,0,0,0,0,0,0,0,0,0,0,0,0,0,0,0
4198400,2050,0,86,85,0,0,1,-0.01313,0.00284,0.105,2931,0,0,0,0,0,0,0,0,0,0,0,0,0,0,0,0,0,0,0,0,0
4200448,2051,0,90,89,0,0,1,-0.00261,0.00174,0.1237,2760,0,0,0,0,0,0,0,0,0,0,0,0,0,0,0,0,0,0,0,0,0
4202496,2052,0,110,108,0,0,2,-0.0003,0.00164,0.0691,2715,0,0,0,0,0,0,0,0,0,0,0,0,0,0,0,0,0,0,0,0,0
4204544,2053,0,106,106,0,0,0,-0.00284,0.00128,0.05,2969,0,0,0,0,0,0,0,0,0,0,0,0,0,0,0,0,0,0,0,0,0
4206592,2054,0,98,97,1,0,0,-0.00212,0.00182,0.0467,2670,0,0,0,0,0,0,0,0,0,0,0,0,0,0,0,0,0,0,0,0,0
4208640,2055,0,107,104,1,0,2,-0.00529,0.00366,0.0577,2969,0,0,0,0,0,0,0,0,0,0,0,0,0,0,0,0,0,0,0,0,0
4210688,2056,0,109,109,0,0,0,-0.00218,0.00142,0.0585,2998,0,0,0,0,0,0,0,0,0,0,0,0,0,0,0,0,0,0,0,0,0
4212736,2057,0,104,104,0,0,0,-0.00283,0.00197,0.0683,2810,0,0,0,0,0,0,0,0,0,0,0,0,0,0,0,0,0,0,0,0,0
4214784,2058,0,98,97,0,0,1,-0.00597,0.00198,0.1074,2930,0,0,0,0,0,0,0,0,0,0,0,0,0,0,0,0,0,0,0,0,0
4216832,2059,0,106,105,0,0,1,-0.00212,0.00228,0.0782,2968,0,0,0,0,0,0,0,0,0,0,0,0,0,0,0,0,0,0,0,0,0
4218880,2060,0,106,106,0,0,0,-0.00307,0.00158,0.066,3116,0,0,0,0,0,0,0,0,0,0,0,0,0,0,0,0,0,0,0,0,0
4220928,2061,0,102,101,1,0,0,0.00106,0.00206,0.0977,2868,0,0,0,0,0,0,0,0,0,0,0,0,0,0,0,0,0,0,0,0,0
4222976,2062,0,90,89,0,0,1,-0.00057,0.00158,0.0685,3040,0,0,0,0,0,0,0,0,0,0,0,0,0,0,0,0,0,0,0,0,0
4225024,2063,0,92,90,0,0,2,-0.01234,0.00346,0.1024,3176,0,0,0,0,0,0,0,0,0,0,0,0,0,0,0,0,0,0,0,0,0
4227072,2064,0,89,86,0,0,3,-0.00354,0.00181,0.0989,2758,0,0,0,0,0,0,0,0,0,0,0,0,0,0,0,0,0,0,0,0,0
4229120,2065,0,109,107,0,1,1,4e-05,0.00274,0.0556,2770,0,0,0,0,0,0,0,0,0,0,0,0,0,0,0,0,0,0,0,0,0
4231168,2066,0,100,99,1,0,0,-0.00143,0.00195,0.0636,2682,0,0,0,0,0,0,0,0,0,0,0,0,0,0,0,0,0,0,0,0,0
4233216,2067,0,87,85,0,0,2,-0.00364,0.00307,0.1119,2643,0,0,0,0,0,0,0,0,0,0,0,0,0,0,0,0,0,0,0,0,0
4235264,2068,0,94,93,0,0,1,-0.00385,0.00239,0.0961,2863,0,0,0,0,0,0,0,0,0,0,0,0,0,0,0,0,0,0,0,0,0
4237312,2069,0,97,96,0,0,1,-0.00031,0.00188,0.0873,2962,0,0,0,0,0,0,0,0,0,0,0,0,0,0,0,0,0,0,0,0,0
4239360,2070,0,91,90,0,0,1,0.00356,0.0022,0.0901,2856,0,0,0,0,0,0,0,0,0,0,0,0,0,0,0,0,0,0,0,0,0
4241408,2071,0,100,98,0,0,2,-0.00153,0.00182,0.0488,2987,0,0,0,0,0,0,0,0,0,0,0,0,0,0,0,0,0,0,0,0,0
4243456,2072,0,102,101,1,0,0,-0.00418,0.00152,0.0555,2695,0,0,0,0,0,0,0,0,0,0,0,0,0,0,0,0,0,0,0,0,0
4245504,2073,0,101,100,0,0,1,-0.00395,0.00203,0.1066,2880,0,0,0,0,0,0,0,0,0,0,0,0,0,0,0,0,0,0,0,0,0
4247552,2074,0,106,105,0,0,1,-0.00062,0.00128,0.0621,2768,0,0,0,0,0,0,0,0,0,0,0,0,0,0,0,0,0,0,0,0,0
4249600,2075,0,106,105,0,1,0,-0.00201,0.00274,0.0631,2682,0,0,0,0,0,0,0,0,0,0,0,0,0,0,0,0,0,0,0,0,0
4251648,2076,0,104,103,0,0,1,-0.00217,0.00164,0.0516,2521,0,0,0,0,0,0,0,0,0,0,0,0,0,0,0,0,0,0,0,0,0
4253696,2077,0,102,101,0,0,1,-0.00284,0.00193,0.0643,2750,0,0,0,0,0,0,0,0,0,0,0,0,0,0,0,0,0,0,0,0,0
4255744,2078,0,95,94,1,0,0,0.0062,0.00255,0.0836,2644,0,0,0,0,0,0,0,0,0,0,0,0,0,0,0,0,0,0,0,0,0
4257792,2079,0,98,96,0,0,2,0.00261,0.0017,0.0587,2516,0,0,0,0,0,0,0,0,0,0,0,0,0,0,0,0,0,0,0,0,0
4259840,2080,0,106,105,1,0,0,-0.00214,0.00196,0.0443,2609,0,0,0,0,0,0,0,0,0,0,0,0,0,0,0,0,0,0,0,0,0
4261888,2081,0,112,111,0,1,0,-0.00012,0.00313,0.0505,2762,0,0,0,0,0,0,0,0,0,0,0,0,0,0,0,0,0,0,0,0,0
4263936,2082,0,100,100,0,0,0,-0.00271,0.00128,0.0703,2729,0,0,0,0,0,0,0,0,0,0,0,0,0,0,0,0,0,0,0,0,0
4265984,2083,0,95,94,0,0,1,-0.0038,0.00197,0.0696,2862,0,0,0,0,0,0,0,0,0,0,0,0,0,0,0,0,0,0,0,0,0
4268032,2084,0,94,92,1,0,1,-0.00229,0.0021,0.0735,2677,0,0,0,0,0,0,0,0,0,0,0,0,0,0,0,0,0,0,0,0,0
4270080,2085,0,92,91,0,0,1,-0.00188,0.00204,0.0794,2864,0,0,0,0,0,0,0,0,0,0,0,0,0,0,0,0,0,0,0,0,0
4272128,2086,0,103,101,1,0,1,-0.00032,0.00187,0.079,2928,0,0,0,0,0,0,0,0,0,0,0,0,0,0,0,0,0,0,0,0,0
4274176,2087,0,77,77,0,0,0,0.00087,0.00194,0.1693,2912,0,0,0,0,0,0,0,0,0,0,0,0,0,0,0,0,0,0,0,0,0
4276224,2088,0,80,76,0,0,4,0.00019,0.00201,0.1822,2896,0,0,0,0,0,0,0,0,0,0,0,0,0,0,0,0,0,0,0,0,0
4278272,2089,0,98,95,1,0,2,-0.00561,0.00256,0.1345,2746,0,0,0,0,0,0,0,0,0,0,0,0,0,0,0,0,0,0,0,0,0
4280320,2090,0,97,95,1,0,1,-0.00047,0.00242,0.1027,2815,0,0,0,0,0,0,0,0,0,0,0,0,0,0,0,0,0,0,0,0,0
4282368,2091,0,108,106,1,0,1,-0.00329,0.00162,0.0531,2485,0,0,0,0,0,0,0,0,0,0,0,0,0,0,0,0,0,0,0,0,0
4284416,2092,0,95,95,0,0,0,-0.00383,0.00142,0.081,3001,0,0,0,0,0,0,0,0,0,0,0,0,0,0,0,0,0,0,0,0,0
4286464,2093,0,84,83,0,0,1,-0.00216,0.00168,0.1367,2808,0,0,0,0,0,0,0,0,0,0,0,0,0,0,0,0,0,0,0,0,0
4288512,2094,0,92,90,0,0,2,-0.00425,0.00173,0.1013,2797,0,0,0,0,0,0,0,0,0,0,0,0,0,0,0,0,0,0,0,0,0
4290560,2095,0,95,93,0,0,2,0.00097,0.00195,0.078,2672,0,0,0,0,0,0,0,0,0,0,0,0,0,0,0,0,0,0,0,0,0
4292608,2096,0,91,89,0,0,2,0.00073,0.00192,0.1435,2876,0,0,0,0,0,0,0,0,0,0,0,0,0,0,0,0,0,0,0,0,0
4294656,2097,0,102,100,0,0,2,0.00125,0.00312,0.0746,2840,0,0,0,0,0,0,0,0,0,0,0,0,0,0,0,0,0,0,0,0,0
4296704,2098,0,107,107,0,0,0,-0.00077,0.00153,0.0686,2786,0,0,0,0,0,0,0,0,0,0,0,0,0,0,0,0,0,0,0,0,0
4298752,2099,0,109,107,0,1,1,0.001,0.00251,0.0466,2741,0,0,0,0,0,0,0,0,0,0,0,0,0,0,0,0,0,0,0,0,0
4300800,2100,0,105,104,1,0,0,-0.00127,0.00213,0.0882,2765,0,0,0,0,0,0,0,0,0,0,0,0,0,0,0,0,0,0,0,0,0
4302848,2101,0,86,86,0,0,0,-0.00706,0.00147,0.1392,2932,0,0,0,0,0,0,0,0,0,0,0,0,0,0,0,0,0,0,0,0,0
4304896,2102,0,79,76,1,0,2,0.00161,0.00391,0.1599,2755,0,0,0,0,0,0,0,0,0,0,0,0,0,0,0,0,0,0,0,0,0
4306944,2103,0,91,89,0,0,2,-0.00467,0.00307,0.081,2907,0,0,0,0,0,0,0,0,0,0,0,0,0,0,0,0,0,0,0,0,0
4308992,2104,0,97,95,0,0,2,-0.00338,0.00262,0.0863,2709,0,0,0,0,0,0,0,0,0,0,0,0,0,0,0,0,0,0,0,0,0
4311040,2105,0,97,96,0,0,1,0.00263,0.00221,0.0998,2882,0,0,0,0,0,0,0,0,0,0,0,0,0,0,0,0,0,0,0,0,0
4313088,2106,0,108,107,1,0,0,-0.00083,0.00357,0.062,3019,0,0,0,0,0,0,0,0,0,0,0,0,0,0,0,0,0,0,0,0,0
4315136,2107,0,89,89,0,0,0,-0.00547,0.00228,0.0957,2989,0,0,0,0,0,0,0,0,0,0,0,0,0,0,0,0,0,0,0,0,0
4317184,2108,0,89,89,0,0,0,-0.00125,0.00306,0.1005,2772,0,0,0,0,0,0,0,0,0,0,0,0,0,0,0,0,0,0,0,0,0
4319232,2109,0,102,99,1,0,2,-0.00325,0.00177,0.0879,2829,0,0,0,0,0,0,0,0,0,0,0,0,0,0,0,0,0,0,0,0,0
4321280,2110,0,101,101,0,0,0,-0.00514,0.00191,0.0623,3001,0,0,0,0,0,0,0,0,0,0,0,0,0,0,0,0,0,0,0,0,0
4323328,2111,0,100,98,0,2,0,0.00134,0.00349,0.0501,2975,0,0,0,0,0,0,0,0,0,0,0,0,0,0,0,0,0,0,0,0,0
4325376,2112,0,108,107,0,0,1,-0.00213,0.00261,0.0439,2899,0,0,0,0,0,0,0,0,0,0,0,0,0,0,0,0,0,0,0,0,0
4327424,2113,0,104,103,0,1,0,-0.00075,0.00323,0.0888,2863,0,0,0,0,0,0,0,0,0,0,0,0,0,0,0,0,0,0,0,0,0
4329472,2114,0,87,85,0,0,2,-0.00083,0.00211,0.1339,2832,0,0,0,0,0,0,0,0,0,0,0,0,0,0,0,0,0,0,0,0,0
4331520,2115,0,109,109,0,0,0,-0.00366,0.00126,0.0504,2950,0,0,0,0,0,0,0,0,0,0,0,0,0,0,0,0,0,0,0,0,0
4333568,2116,0,105,104,0,1,0,-0.00367,0.00277,0.0709,2755,0,0,0,0,0,0,0,0,0,0,0,0,0,0,0,0,0,0,0,0,0
4335616,2117,0,90,89,0,0,1,-0.00091,0.00164,0.0813,2885,0,0,0,0,0,0,0,0,0,0,0,0,0,0,0,0,0,0,0,0,0
4337664,2118,0,93,91,0,0,2,-0.00299,0.0018,0.0759,2717,0,0,0,0,0,0,0,0,0,0,0,0,0,0,0,0,0,0,0,0,0
4339712,2119,0,101,101,0,0,0,-0.00111,0.00159,0.0434,2815,0,0,0,0,0,0,0,0,0,0,0,0,0,0,0,0,0,0,0,0,0
4341760,2120,0,111,108,2,1,0,-0.00462,0.00576,0.0706,2734,0,0,0,0,0,0,0,0,0,0,0,0,0,0,0,0,0,0,0,0,0
4343808,2121,0,87,86,0,0,1,-0.00074,0.00301,0.119,2929,0,0,0,0,0,0,0,0,0,0,0,0,0,0,0,0,0,0,0,0,0
4345856,2122,0,91,88,1,0,2,9e-05,0.00478,0.119,3153,0,0,0,0,0,0,0,0,0,0,0,0,0,0,0,0,0,0,0,0,0
4347904,2123,0,96,94,0,0,2,-0.00217,0.00181,0.0905,3056,0,0,0,0,0,0,0,0,0,0,0,0,0,0,0,0,0,0,0,0,0
4349952,2124,0,101,101,0,0,0,-0.00664,0.0015,0.098,2876,0,0,0,0,0,0,0,0,0,0,0,0,0,0,0,0,0,0,0,0,0
4352000,2125,0,99,98,0,0,1,-0.00386,0.00131,0.0807,2802,0,0,0,0,0,0,0,0,0,0,0,0,0,0,0,0,0,0,0,0,0
4354048,2126,0,101,99,0,0,2,-0.00814,0.00181,0.0729,3065,0,0,0,0,0,0,0,0,0,0,0,0,0,0,0,0,0,0,0,0,0
4356096,2127,0,99,96,1,2,0,-0.00087,0.0057,0.0812,3035,0,0,0,0,0,0,0,0,0,0,0,0,0,0,0,0,0,0,0,0,0
4358144,2128,0,97,95,0,0,2,-0.00978,0.00369,0.0709,2792,0,0,0,0,0,0,0,0,0,0,0,0,0,0,0,0,0,0,0,0,0
4360192,2129,0,84,83,0,0,1,-0.00692,0.00237,0.1424,2884,0,0,0,0,0,0,0,0,0,0,0,0,0,0,0,0,0,0,0,0,0
4362240,2130,0,94,90,1,0,3,-0.00891,0.00368,0.1488,2796,0,0,0,0,0,0,0,0,0,0,0,0,0,0,0,0,0,0,0,0,0
4364288,2131,0,84,82,2,0,0,-0.00806,0.00468,0.1137,3031,0,0,0,0,0,0,0,0,0,0,0,0,0,0,0,0,0,0,0,0,0
4366336,2132,0,101,98,1,0,2,0.00017,0.0029,0.0938,3049,0,0,0,0,0,0,0,0,0,0,0,0,0,0,0,0,0,0,0,0,0
4368384,2133,0,93,92,0,0,1,-0.00275,0.00138,0.0807,3167,0,0,0,0,0,0,0,0,0,0,0,0,0,0,0,0,0,0,0,0,0
4370432,2134,0,103,100,1,1,1,-0.00597,0.00303,0.088,2944,0,0,0,0,0,0,0,0,0,0,0,0,0,0,0,0,0,0,0,0,0
4372480,2135,0,93,91,1,0,1,-0.00133,0.00453,0.1356,3053,0,0,0,0,0,0,0,0,0,0,0,0,0,0,0,0,0,0,0,0,0
4374528,2136,0,82,81,0,0,1,-0.00678,0.00231,0.1265,3032,0,0,0,0,0,0,0,0,0,0,0,0,0,0,0,0,0,0,0,0,0
4376576,2137,0,91,89,0,0,2,-0.00533,0.00243,0.1166,3000,0,0,0,0,0,0,0,0,0,0,0,0,0,0,0,0,0,0,0,0,0
4378624,2138,0,75,74,0,0,1,0.00053,0.00205,0.1381,3217,0,0,0,0,0,0,0,0,0,0,0,0,0,0,0,0,0,0,0,0,0
4380672,2139,0,92,88,0,0,4,-0.00148,0.00301,0.1152,3302,0,0,0,0,0,0,0,0,0,0,0,0,0,0,0,0,0,0,0,0,0
4382720,2140,0,104,101,2,1,0,-0.0038,0.00504,0.083,3177,0,0,0,0,0,0,0,0,0,0,0,0,0,0,0,0,0,0,0,0,0
4384768,2141,0,106,105,0,0,1,-0.00267,0.00195,0.0696,3167,0,0,0,0,0,0,0,0,0,0,0,0,0,0,0,0,0,0,0,0,0
4386816,2142,0,93,92,1,0,0,-0.00243,0.00195,0.0987,3111,0,0,0,0,0,0,0,0,0,0,0,0,0,0,0,0,0,0,0,0,0
4388864,2143,0,98,96,1,0,1,-0.00341,0.00323,0.1165,2744,0,0,0,0,0,0,0,0,0,0,0,0,0,0,0,0,0,0,0,0,0
4390912,2144,0,82,81,0,0,1,-0.00065,0.00201,0.1784,3031,0,0,0,0,0,0,0,0,0,0,0,0,0,0,0,0,0,0,0,0,0
4392960,2145,0,77,74,0,0,3,-0.00518,0.00328,0.2397,3113,0,0,0,0,0,0,0,0,0,0,0,0,0,0,0,0,0,0,0,0,0
4395008,2146,0,99,95,0,0,4,-0.00194,0.0026,0.119,3057,0,0,0,0,0,0,0,0,0,0,0,0,0,0,0,0,0,0,0,0,0
4397056,2147,0,105,104,1,0,0,-0.00188,0.00333,0.0851,3037,0,0,0,0,0,0,0,0,0,0,0,0,0,0,0,0,0,0,0,0,0
4399104,2148,0,101,100,0,1,0,-0.00211,0.00292,0.0914,3035,0,0,0,0,0,0,0,0,0,0,0,0,0,0,0,0,0,0,0,0,0
4401152,2149,0,92,92,0,0,0,0.00154,0.00202,0.1788,3080,0,0,0,0,0,0,0,0,0,0,0,0,0,0,0,0,0,0,0,0,0
4403200,2150,0,79,76,0,0,3,1e-05,0.00182,0.2264,2699,0,0,0,0,0,0,0,0,0,0,0,0,0,0,0,0,0,0,0,0,0
4405248,2151,0,87,84,0,0,3,-0.00393,0.00155,0.2151,2522,0,0,0,0,0,0,0,0,0,0,0,0,0,0,0,0,0,0,0,0,0
4407296,2152,0,98,95,1,0,2,-0.00357,0.0036,0.1445,3174,0,0,0,0,0,0,0,0,0,0,0,0,0,0,0,0,0,0,0,0,0
4409344,2153,0,97,97,0,0,0,-0.00341,0.00226,0.1007,3084,0,0,0,0,0,0,0,0,0,0,0,0,0,0,0,0,0,0,0,0,0
4411392,2154,0,104,103,0,0,1,-0.00194,0.00195,0.0998,3048,0,0,0,0,0,0,0,0,0,0,0,0,0,0,0,0,0,0,0,0,0
4413440,2155,0,102,102,0,0,0,-0.0045,0.00133,0.1131,2921,0,0,0,0,0,0,0,0,0,0,0,0,0,0,0,0,0,0,0,0,0
4415488,2156,0,88,87,0,0,1,-0.00266,0.00232,0.1524,2958,0,0,0,0,0,0,0,0,0,0,0,0,0,0,0,0,0,0,0,0,0
4417536,2157,0,101,99,0,0,2,-0.00319,0.00222,0.1099,2997,0,0,0,0,0,0,0,0,0,0,0,0,0,0,0,0,0,0,0,0,0
4419584,2158,0,106,106,0,0,0,-0.00283,0.0014,0.1131,2978,0,0,0,0,0,0,0,0,0,0,0,0,0,0,0,0,0,0,0,0,0
4421632,2159,0,93,92,0,0,1,-0.00478,0.00182,0.1683,3089,0,0,0,0,0,0,0,0,0,0,0,0,0,0,0,0,0,0,0,0,0
4423680,2160,0,85,84,0,0,1,-0.00441,0.00192,0.208,2823,0,0,0,0,0,0,0,0,0,0,0,0,0,0,0,0,0,0,0,0,0
4425728,2161,0,91,88,0,0,3,-0.0049,0.00227,0.1733,2835,0,0,0,0,0,0,0,0,0,0,0,0,0,0,0,0,0,0,0,0,0
4427776,2162,0,87,85,1,0,1,-0.00191,0.00411,0.1648,2827,0,0,0,0,0,0,0,0,0,0,0,0,0,0,0,0,0,0,0,0,0
4429824,2163,0,92,89,1,0,2,-0.00348,0.00425,0.0857,2841,0,0,0,0,0,0,0,0,0,0,0,0,0,0,0,0,0,0,0,0,0
4431872,2164,0,96,91,3,0,2,-0.00431,0.00695,0.0876,2955,0,0,0,0,0,0,0,0,0,0,0,0,0,0,0,0,0,0,0,0,0
4433920,2165,0,104,103,1,0,0,-0.00199,0.0041,0.1061,3108,0,0,0,0,0,0,0,0,0,0,0,0,0,0,0,0,0,0,0,0,0
4435968,2166,0,83,81,0,0,2,-0.00359,0.00206,0.209,2724,0,0,0,0,0,0,0,0,0,0,0,0,0,0,0,0,0,0,0,0,0
4438016,2167,0,96,94,1,0,1,0.00905,0.00397,0.0823,3021,0,0,0,0,0,0,0,0,0,0,0,0,0,0,0,0,0,0,0,0,0
4440064,2168,0,106,106,0,0,0,-0.00119,0.00133,0.0589,3033,0,0,0,0,0,0,0,0,0,0,0,0,0,0,0,0,0,0,0,0,0
4442112,2169,0,101,101,0,0,0,-0.00382,0.00148,0.085,2991,0,0,0,0,0,0,0,0,0,0,0,0,0,0,0,0,0,0,0,0,0
4444160,2170,0,105,104,0,0,1,-0.00428,0.00161,0.0951,3155,0,0,0,0,0,0,0,0,0,0,0,0,0,0,0,0,0,0,0,0,0
4446208,2171,0,100,100,0,0,0,-0.00276,0.00147,0.1174,2888,0,0,0,0,0,0,0,0,0,0,0,0,0,0,0,0,0,0,0,0,0
4448256,2172,0,84,83,0,0,1,-0.00145,0.00155,0.2168,2868,0,0,0,0,0,0,0,0,0,0,0,0,0,0,0,0,0,0,0,0,0
4450304,2173,0,105,102,0,0,3,-0.00143,0.0014,0.1277,2940,0,0,0,0,0,0,0,0,0,0,0,0,0,0,0,0,0,0,0,0,0
4452352,2174,0,97,96,0,1,0,-0.00256,0.00289,0.1039,2990,0,0,0,0,0,0,0,0,0,0,0,0,0,0,0,0,0,0,0,0,0
4454400,2175,0,90,89,0,0,1,-0.00241,0.00162,0.1361,3004,0,0,0,0,0,0,0,0,0,0,0,0,0,0,0,0,0,0,0,0,0
4456448,2176,0,62,60,1,0,1,-0.00223,0.00196,0.2352,3023,0,0,0,0,0,0,0,0,0,0,0,0,0,0,0,0,0,0,0,0,0
4458496,2177,0,93,86,0,0,7,-0.01353,0.00292,0.1568,2967,0,0,0,0,0,0,0,0,0,0,0,0,0,0,0,0,0,0,0,0,0
4460544,2178,0,115,115,0,0,0,-0.00292,0.00157,0.0492,2790,0,0,0,0,0,0,0,0,0,0,0,0,0,0,0,0,0,0,0,0,0
4462592,2179,0,96,96,0,0,0,-0.00195,0.00152,0.1455,3001,0,0,0,0,0,0,0,0,0,0,0,0,0,0,0,0,0,0,0,0,0
4464640,2180,0,96,92,0,1,3,-0.0008,0.00276,0.1394,2979,0,0,0,0,0,0,0,0,0,0,0,0,0,0,0,0,0,0,0,0,0
4466688,2181,0,106,106,0,0,0,-0.00222,0.00135,0.0642,2993,0,0,0,0,0,0,0,0,0,0,0,0,0,0,0,0,0,0,0,0,0
4468736,2182,0,90,90,0,0,0,-0.00203,0.00111,0.1529,3205,0,0,0,0,0,0,0,0,0,0,0,0,0,0,0,0,0,0,0,0,0
4470784,2183,0,93,91,0,0,2,-0.00227,0.00129,0.161,3302,0,0,0,0,0,0,0,0,0,0,0,0,0,0,0,0,0,0,0,0,0
4472832,2184,0,111,109,0,0,2,-0.00441,0.00183,0.0705,3016,0,0,0,0,0,0,0,0,0,0,0,0,0,0,0,0,0,0,0,0,0
4474880,2185,0,98,98,0,0,0,-0.00791,0.00209,0.0773,3043,0,0,0,0,0,0,0,0,0,0,0,0,0,0,0,0,0,0,0,0,0
4476928,2186,0,97,96,0,0,1,6e-05,0.00274,0.0714,3098,0,0,0,0,0,0,0,0,0,0,0,0,0,0,0,0,0,0,0,0,0
4478976,2187,0,102,101,0,1,0,-0.00478,0.00421,0.0952,3119,0,0,0,0,0,0,0,0,0,0,0,0,0,0,0,0,0,0,0,0,0
4481024,2188,0,97,95,0,0,2,-0.00175,0.00175,0.0694,2789,0,0,0,0,0,0,0,0,0,0,0,0,0,0,0,0,0,0,0,0,0
4483072,2189,0,92,89,1,1,1,-0.00334,0.00427,0.1049,3036,0,0,0,0,0,0,0,0,0,0,0,0,0,0,0,0,0,0,0,0,0
4485120,2190,0,92,90,1,0,1,7e-05,0.00149,0.1157,2864,0,0,0,0,0,0,0,0,0,0,0,0,0,0,0,0,0,0,0,0,0
4487168,2191,0,89,87,0,0,2,-0.00592,0.00177,0.1105,3058,0,0,0,0,0,0,0,0,0,0,0,0,0,0,0,0,0,0,0,0,0
4489216,2192,0,104,102,0,1,1,-0.00172,0.00279,0.0594,3115,0,0,0,0,0,0,0,0,0,0,0,0,0,0,0,0,0,0,0,0,0
4491264,2193,0,101,100,1,0,0,-0.0028,0.00252,0.0748,3083,0,0,0,0,0,0,0,0,0,0,0,0,0,0,0,0,0,0,0,0,0
4493312,2194,0,99,98,0,0,1,-0.00323,0.00154,0.0705,2847,0,0,0,0,0,0,0,0,0,0,0,0,0,0,0,0,0,0,0,0,0
4495360,2195,0,105,105,0,0,0,-0.00238,0.0013,0.0442,3209,0,0,0,0,0,0,0,0,0,0,0,0,0,0,0,0,0,0,0,0,0
4497408,2196,0,84,83,1,0,0,0.00462,0.00383,0.1588,2753,0,0,0,0,0,0,0,0,0,0,0,0,0,0,0,0,0,0,0,0,0
4499456,2197,0,95,91,0,0,4,-0.0011,0.00222,0.1263,3105,0,0,0,0,0,0,0,0,0,0,0,0,0,0,0,0,0,0,0,0,0
4501504,2198,0,105,105,0,0,0,-0.00177,0.00115,0.0507,3219,0,0,0,0,0,0,0,0,0,0,0,0,0,0,0,0,0,0,0,0,0
4503552,2199,0,87,86,1,0,0,-0.0033,0.00245,0.0798,3032,0,0,0,0,0,0,0,0,0,0,0,0,0,0,0,0,0,0,0,0,0
4505600,2200,0,112,109,0,0,3,-0.00084,0.00123,0.0592,2733,0,0,0,0,0,0,0,0,0,0,0,0,0,0,0,0,0,0,0,0,0
4507648,2201,0,103,103,0,0,0,-0.00136,0.00156,0.0874,3097,0,0,0,0,0,0,0,0,0,0,0,0,0,0,0,0,0,0,0,0,0
4509696,2202,0,91,90,0,0,1,-0.00277,0.00186,0.1172,3234,0,0,0,0,0,0,0,0,0,0,0,0,0,0,0,0,0,0,0,0,0
4511744,2203,0,102,100,0,1,1,-0.00327,0.00166,0.0761,2982,0,0,0,0,0,0,0,0,0,0,0,0,0,0,0,0,0,0,0,0,0
4513792,2204,0,96,95,0,1,0,-0.00403,0.00345,0.1063,3030,0,0,0,0,0,0,0,0,0,0,0,0,0,0,0,0,0,0,0,0,0
4515840,2205,0,100,98,0,1,1,-0.00239,0.00406,0.0935,3142,0,0,0,0,0,0,0,0,0,0,0,0,0,0,0,0,0,0,0,0,0
4517888,2206,0,95,93,0,1,1,-0.00157,0.00307,0.1151,2849,0,0,0,0,0,0,0,0,0,0,0,0,0,0,0,0,0,0,0,0,0
4519936,2207,0,83,82,0,0,1,-0.00414,0.00161,0.1692,2889,0,0,0,0,0,0,0,0,0,0,0,0,0,0,0,0,0,0,0,0,0
4521984,2208,0,91,89,0,0,2,-0.00183,0.0021,0.1532,2781,0,0,0,0,0,0,0,0,0,0,0,0,0,0,0,0,0,0,0,0,0
4524032,2209,0,89,87,0,0,2,-0.00246,0.0016,0.1312,2953,0,0,0,0,0,0,0,0,0,0,0,0,0,0,0,0,0,0,0,0,0
4526080,2210,0,90,86,1,1,2,0.00171,0.00442,0.0993,2982,0,0,0,0,0,0,0,0,0,0,0,0,0,0,0,0,0,0,0,0,0
4528128,2211,0,91,90,0,0,1,-0.00157,0.00159,0.1161,2864,0,0,0,0,0,0,0,0,0,0,0,0,0,0,0,0,0,0,0,0,0
4530176,2212,0,90,87,0,0,3,-0.00251,0.00138,0.1419,3075,0,0,0,0,0,0,0,0,0,0,0,0,0,0,0,0,0,0,0,0,0
4532224,2213,0,85,84,0,0,1,-0.0078,0.00186,0.136,3070,0,0,0,0,0,0,0,0,0,0,0,0,0,0,0,0,0,0,0,0,0
4534272,2214,0,106,104,0,0,2,0.00155,0.00231,0.083,2945,0,0,0,0,0,0,0,0,0,0,0,0,0,0,0,0,0,0,0,0,0
4536320,2215,0,102,102,0,0,0,-0.00374,0.0016,0.1149,3144,0,0,0,0,0,0,0,0,0,0,0,0,0,0,0,0,0,0,0,0,0
4538368,2216,0,97,96,0,0,1,-0.0033,0.00133,0.1112,2867,0,0,0,0,0,0,0,0,0,0,0,0,0,0,0,0,0,0,0,0,0
4540416,2217,0,94,93,0,0,1,-0.0023,0.00146,0.1205,2954,0,0,0,0,0,0,0,0,0,0,0,0,0,0,0,0,0,0,0,0,0
4542464,2218,0,99,97,0,0,2,-0.00029,0.00133,0.1063,2807,0,0,0,0,0,0,0,0,0,0,0,0,0,0,0,0,0,0,0,0,0
4544512,2219,0,99,99,0,0,0,-0.00565,0.00164,0.1259,2490,0,0,0,0,0,0,0,0,0,0,0,0,0,0,0,0,0,0,0,0,0
4546560,2220,0,69,67,0,0,2,-0.00295,0.00194,0.3115,2681,0,0,0,0,0,0,0,0,0,0,0,0,0,0,0,0,0,0,0,0,0
4548608,2221,0,71,66,0,0,5,-0.00289,0.00236,0.2633,3047,0,0,0,0,0,0,0,0,0,0,0,0,0,0,0,0,0,0,0,0,0
4550656,2222,0,78,76,0,0,2,-0.00477,0.00359,0.1817,2976,0,0,0,0,0,0,0,0,0,0,0,0,0,0,0,0,0,0,0,0,0
4552704,2223,0,93,92,0,0,1,-0.00276,0.00214,0.1245,2843,0,0,0,0,0,0,0,0,0,0,0,0,0,0,0,0,0,0,0,0,0
4554752,2224,0,93,91,0,0,2,-0.00074,0.00184,0.1284,2944,0,0,0,0,0,0,0,0,0,0,0,0,0,0,0,0,0,0,0,0,0
4556800,2225,0,84,83,0,0,1,-0.00486,0.00149,0.2332,3031,0,0,0,0,0,0,0,0,0,0,0,0,0,0,0,0,0,0,0,0,0
4558848,2226,0,85,82,0,0,3,-0.00166,0.00144,0.2127,3132,0,0,0,0,0,0,0,0,0,0,0,0,0,0,0,0,0,0,0,0,0
4560896,2227,0,96,93,0,0,3,-0.00457,0.00133,0.1409,3133,0,0,0,0,0,0,0,0,0,0,0,0,0,0,0,0,0,0,0,0,0
4562944,2228,0,94,93,0,0,1,-0.00194,0.00159,0.1383,3178,0,0,0,0,0,0,0,0,0,0,0,0,0,0,0,0,0,0,0,0,0
4564992,2229,0,91,90,0,0,1,-0.00046,0.001,0.1414,3122,0,0,0,0,0,0,0,0,0,0,0,0,0,0,0,0,0,0,0,0,0
4567040,2230,0,101,99,0,0,2,-0.00219,0.00181,0.1028,3211,0,0,0,0,0,0,0,0,0,0,0,0,0,0,0,0,0,0,0,0,0
4569088,2231,0,103,102,0,0,1,-0.00412,0.00155,0.0899,3017,0,0,0,0,0,0,0,0,0,0,0,0,0,0,0,0,0,0,0,0,0
4571136,2232,0,98,97,0,0,1,-0.00047,0.00114,0.0938,2849,0,0,0,0,0,0,0,0,0,0,0,0,0,0,0,0,0,0,0,0,0
4573184,2233,0,85,84,0,0,1,-0.00253,0.00161,0.1682,2957,0,0,0,0,0,0,0,0,0,0,0,0,0,0,0,0,0,0,0,0,0
4575232,2234,0,89,84,1,1,3,-0.00389,0.00499,0.1627,3223,0,0,0,0,0,0,0,0,0,0,0,0,0,0,0,0,0,0,0,0,0
4577280,2235,0,88,86,0,0,2,-0.00256,0.00205,0.1142,2937,0,0,0,0,0,0,0,0,0,0,0,0,0,0,0,0,0,0,0,0,0
4579328,2236,0,97,96,0,0,1,-0.00017,0.00239,0.0913,2808,0,0,0,0,0,0,0,0,0,0,0,0,0,0,0,0,0,0,0,0,0
4581376,2237,0,113,112,0,0,1,-0.00376,0.00143,0.0641,2876,0,0,0,0,0,0,0,0,0,0,0,0,0,0,0,0,0,0,0,0,0
4583424,2238,0,94,94,0,0,0,-0.00165,0.00171,0.0673,2825,0,0,0,0,0,0,0,0,0,0,0,0,0,0,0,0,0,0,0,0,0
4585472,2239,0,102,102,0,0,0,-0.00163,0.002,0.0893,2780,0,0,0,0,0,0,0,0,0,0,0,0,0,0,0,0,0,0,0,0,0
4587520,2240,0,97,97,0,0,0,-0.0055,0.00167,0.0815,3115,0,0,0,0,0,0,0,0,0,0,0,0,0,0,0,0,0,0,0,0,0
4589568,2241,0,95,95,0,0,0,-0.02079,0.00187,0.1027,3154,0,0,0,0,0,0,0,0,0,0,0,0,0,0,0,0,0,0,0,0,0
4591616,2242,0,97,97,0,0,0,-0.00225,0.0023,0.1024,2707,0,0,0,0,0,0,0,0,0,0,0,0,0,0,0,0,0,0,0,0,0
4593664,2243,0,95,94,0,0,1,-0.00457,0.0015,0.0939,2872,0,0,0,0,0,0,0,0,0,0,0,0,0,0,0,0,0,0,0,0,0
4595712,2244,0,105,104,0,0,1,-0.00619,0.00139,0.0754,2926,0,0,0,0,0,0,0,0,0,0,0,0,0,0,0,0,0,0,0,0,0
4597760,2245,0,99,98,1,0,0,-0.00514,0.00229,0.1215,2734,0,0,0,0,0,0,0,0,0,0,0,0,0,0,0,0,0,0,0,0,0
4599808,2246,0,99,95,2,0,2,-0.00179,0.00511,0.1236,2883,0,0,0,0,0,0,0,0,0,0,0,0,0,0,0,0,0,0,0,0,0
4601856,2247,0,100,100,0,0,0,-0.00411,0.00131,0.0829,3056,0,0,0,0,0,0,0,0,0,0,0,0,0,0,0,0,0,0,0,0,0
4603904,2248,0,100,99,0,0,1,-0.00304,0.00109,0.0734,2831,0,0,0,0,0,0,0,0,0,0,0,0,0,0,0,0,0,0,0,0,0
4605952,2249,0,97,96,0,0,1,-0.00411,0.00158,0.0936,2720,0,0,0,0,0,0,0,0,0,0,0,0,0,0,0,0,0,0,0,0,0
4608000,2250,0,111,106,5,0,0,-0.00284,0.00729,0.0724,2576,0,0,0,0,0,0,0,0,0,0,0,0,0,0,0,0,0,0,0,0,0
4610048,2251,0,96,96,0,0,0,-0.00163,0.00172,0.099,2691,0,0,0,0,0,0,0,0,0,0,0,0,0,0,0,0,0,0,0,0,0
4612096,2252,0,104,103,0,0,1,-0.00329,0.00141,0.0847,2805,0,0,0,0,0,0,0,0,0,0,0,0,0,0,0,0,0,0,0,0,0
4614144,2253,0,101,100,0,0,1,-0.0039,0.00175,0.0992,2757,0,0,0,0,0,0,0,0,0,0,0,0,0,0,0,0,0,0,0,0,0
4616192,2254,0,102,100,1,0,1,-0.00552,0.00261,0.1006,2954,0,0,0,0,0,0,0,0,0,0,0,0,0,0,0,0,0,0,0,0,0
4618240,2255,0,101,99,1,0,1,-0.00605,0.00181,0.1105,3060,0,0,0,0,0,0,0,0,0,0,0,0,0,0,0,0,0,0,0,0,0
4620288,2256,0,95,94,0,0,1,-0.00446,0.00139,0.0912,3049,0,0,0,0,0,0,0,0,0,0,0,0,0,0,0,0,0,0,0,0,0
4622336,2257,0,93,93,0,0,0,-0.00814,0.00153,0.105,3071,0,0,0,0,0,0,0,0,0,0,0,0,0,0,0,0,0,0,0,0,0
4624384,2258,0,103,102,0,0,1,-0.00525,0.00139,0.0993,3029,0,0,0,0,0,0,0,0,0,0,0,0,0,0,0,0,0,0,0,0,0
4626432,2259,0,91,90,0,0,1,-0.0023,0.00152,0.1284,2927,0,0,0,0,0,0,0,0,0,0,0,0,0,0,0,0,0,0,0,0,0
4628480,2260,0,92,90,1,0,1,-0.0035,0.00297,0.1354,3018,0,0,0,0,0,0,0,0,0,0,0,0,0,0,0,0,0,0,0,0,0
4630528,2261,0,86,86,0,0,0,-0.00205,0.00232,0.1172,3007,0,0,0,0,0,0,0,0,0,0,0,0,0,0,0,0,0,0,0,0,0
4632576,2262,0,107,104,1,0,2,-0.00508,0.00398,0.0754,2881,0,0,0,0,0,0,0,0,0,0,0,0,0,0,0,0,0,0,0,0,0
4634624,2263,0,94,94,0,0,0,-0.00901,0.0018,0.1369,2957,0,0,0,0,0,0,0,0,0,0,0,0,0,0,0,0,0,0,0,0,0
4636672,2264,0,94,93,0,0,1,-0.00291,0.00181,0.1154,3238,0,0,0,0,0,0,0,0,0,0,0,0,0,0,0,0,0,0,0,0,0
4638720,2265,0,93,91,0,0,2,-0.00207,0.00143,0.1215,2699,0,0,0,0,0,0,0,0,0,0,0,0,0,0,0,0,0,0,0,0,0
4640768,2266,0,78,76,0,0,2,-0.00641,0.00164,0.1514,2985,0,0,0,0,0,0,0,0,0,0,0,0,0,0,0,0,0,0,0,0,0
4642816,2267,0,87,83,0,0,4,0.00265,0.00281,0.1758,2956,0,0,0,0,0,0,0,0,0,0,0,0,0,0,0,0,0,0,0,0,0
4644864,2268,0,82,79,1,0,2,0.00096,0.00405,0.1589,3209,0,0,0,0,0,0,0,0,0,0,0,0,0,0,0,0,0,0,0,0,0
4646912,2269,0,90,88,0,0,2,-0.00048,0.00225,0.1274,3304,0,0,0,0,0,0,0,0,0,0,0,0,0,0,0,0,0,0,0,0,0
4648960,2270,0,98,96,0,0,2,-0.00324,0.00164,0.0876,3270,0,0,0,0,0,0,0,0,0,0,0,0,0,0,0,0,0,0,0,0,0
4651008,2271,0,106,105,0,0,1,-0.00274,0.00143,0.0921,3316,0,0,0,0,0,0,0,0,0,0,0,0,0,0,0,0,0,0,0,0,0
4653056,2272,0,100,99,1,0,0,-0.00141,0.00265,0.0875,3220,0,0,0,0,0,0,0,0,0,0,0,0,0,0,0,0,0,0,0,0,0
4655104,2273,0,92,90,1,0,1,-0.00225,0.00254,0.1181,3243,0,0,0,0,0,0,0,0,0,0,0,0,0,0,0,0,0,0,0,0,0
4657152,2274,0,105,103,0,0,2,-0.00956,0.0012,0.0749,2932,0,0,0,0,0,0,0,0,0,0,0,0,0,0,0,0,0,0,0,0,0
4659200,2275,0,112,111,0,1,0,-0.00029,0.00116,0.0682,3119,0,0,0,0,0,0,0,0,0,0,0,0,0,0,0,0,0,0,0,0,0
4661248,2276,0,102,102,0,0,0,-0.00425,0.00144,0.0884,3329,0,0,0,0,0,0,0,0,0,0,0,0,0,0,0,0,0,0,0,0,0
4663296,2277,0,94,91,1,1,1,-0.00226,0.00413,0.1042,3074,0,0,0,0,0,0,0,0,0,0,0,0,0,0,0,0,0,0,0,0,0
4665344,2278,0,98,95,1,0,2,-0.00208,0.00291,0.1041,3068,0,0,0,0,0,0,0,0,0,0,0,0,0,0,0,0,0,0,0,0,0
4667392,2279,0,92,91,0,0,1,-6e-05,0.00182,0.14,3325,0,0,0,0,0,0,0,0,0,0,0,0,0,0,0,0,0,0,0,0,0
4669440,2280,0,78,77,0,0,1,-0.0011,0.00193,0.1871,3093,0,0,0,0,0,0,0,0,0,0,0,0,0,0,0,0,0,0,0,0,0
4671488,2281,0,86,83,0,0,3,-0.00373,0.00151,0.1772,3182,0,0,0,0,0,0,0,0,0,0,0,0,0,0,0,0,0,0,0,0,0
4673536,2282,0,89,87,0,0,2,-0.00261,0.00142,0.1664,3164,0,0,0,0,0,0,0,0,0,0,0,0,0,0,0,0,0,0,0,0,0
4675584,2283,0,91,89,0,0,2,-0.00172,0.0012,0.1174,3039,0,0,0,0,0,0,0,0,0,0,0,0,0,0,0,0,0,0,0,0,0
4677632,2284,0,84,81,1,0,2,-0.0062,0.00228,0.1753,2949,0,0,0,0,0,0,0,0,0,0,0,0,0,0,0,0,0,0,0,0,0
4679680,2285,0,85,80,1,0,4,-0.00049,0.00379,0.1277,2940,0,0,0,0,0,0,0,0,0,0,0,0,0,0,0,0,0,0,0,0,0
4681728,2286,0,92,91,0,0,1,-0.00207,0.00165,0.1218,3111,0,0,0,0,0,0,0,0,0,0,0,0,0,0,0,0,0,0,0,0,0
4683776,2287,0,89,86,0,0,3,-0.00461,0.00209,0.142,3181,0,0,0,0,0,0,0,0,0,0,0,0,0,0,0,0,0,0,0,0,0
4685824,2288,0,98,95,0,1,2,-0.00029,0.00355,0.095,3103,0,0,0,0,0,0,0,0,0,0,0,0,0,0,0,0,0,0,0,0,0
4687872,2289,0,104,103,0,0,1,-0.00255,0.00231,0.0723,2693,0,0,0,0,0,0,0,0,0,0,0,0,0,0,0,0,0,0,0,0,0
4689920,2290,0,99,98,0,0,1,-0.00332,0.00185,0.0899,3100,0,0,0,0,0,0,0,0,0,0,0,0,0,0,0,0,0,0,0,0,0
4691968,2291,0,103,102,0,0,1,-0.0012,0.00129,0.0638,2989,0,0,0,0,0,0,0,0,0,0,0,0,0,0,0,0,0,0,0,0,0
4694016,2292,0,111,111,0,0,0,-0.0024,0.00148,0.067,2799,0,0,0,0,0,0,0,0,0,0,0,0,0,0,0,0,0,0,0,0,0
4696064,2293,0,106,106,0,0,0,-0.00158,0.00128,0.0548,2980,0,0,0,0,0,0,0,0,0,0,0,0,0,0,0,0,0,0,0,0,0
4698112,2294,0,102,101,1,0,0,-0.00463,0.00284,0.0968,2868,0,0,0,0,0,0,0,0,0,0,0,0,0,0,0,0,0,0,0,0,0
4700160,2295,0,80,79,0,0,1,-0.00131,0.00193,0.1418,2584,0,0,0,0,0,0,0,0,0,0,0,0,0,0,0,0,0,0,0,0,0
4702208,2296,0,104,102,0,0,2,-0.00447,0.00127,0.0992,2971,0,0,0,0,0,0,0,0,0,0,0,0,0,0,0,0,0,0,0,0,0
4704256,2297,0,108,106,0,0,2,-0.0034,0.0015,0.0919,2736,0,0,0,0,0,0,0,0,0,0,0,0,0,0,0,0,0,0,0,0,0
4706304,2298,0,80,79,0,0,1,-0.00163,0.00191,0.1528,2849,0,0,0,0,0,0,0,0,0,0,0,0,0,0,0,0,0,0,0,0,0
4708352,2299,0,84,82,0,0,2,-0.00603,0.00152,0.152,2735,0,0,0,0,0,0,0,0,0,0,0,0,0,0,0,0,0,0,0,0,0
4710400,2300,0,94,92,0,0,2,-0.00219,0.00201,0.147,3137,0,0,0,0,0,0,0,0,0,0,0,0,0,0,0,0,0,0,0,0,0
4712448,2301,0,88,87,0,0,1,-0.00377,0.00154,0.1342,3020,0,0,0,0,0,0,0,0,0,0,0,0,0,0,0,0,0,0,0,0,0
4714496,2302,0,97,95,0,0,2,0.00275,0.00198,0.1005,3188,0,0,0,0,0,0,0,0,0,0,0,0,0,0,0,0,0,0,0,0,0
4716544,2303,0,105,103,1,0,1,-0.00415,0.00283,0.1031,3049,0,0,0,0,0,0,0,0,0,0,0,0,0,0,0,0,0,0,0,0,0
4718592,2304,0,92,91,0,0,1,0.00018,0.00141,0.1533,3104,0,0,0,0,0,0,0,0,0,0,0,0,0,0,0,0,0,0,0,0,0
4720640,2305,0,91,89,0,0,2,-0.00197,0.00159,0.156,2878,0,0,0,0,0,0,0,0,0,0,0,0,0,0,0,0,0,0,0,0,0
4722688,2306,0,97,96,0,0,1,-0.00314,0.0012,0.1725,3114,0,0,0,0,0,0,0,0,0,0,0,0,0,0,0,0,0,0,0,0,0
4724736,2307,0,97,94,0,0,3,-0.00528,0.00149,0.1241,2907,0,0,0,0,0,0,0,0,0,0,0,0,0,0,0,0,0,0,0,0,0
4726784,2308,0,105,104,0,0,1,-0.00112,0.0021,0.0646,2859,0,0,0,0,0,0,0,0,0,0,0,0,0,0,0,0,0,0,0,0,0
4728832,2309,0,87,87,0,0,0,-0.00156,0.00259,0.1504,2938,0,0,0,0,0,0,0,0,0,0,0,0,0,0,0,0,0,0,0,0,0
4730880,2310,0,90,88,0,0,2,-0.00614,0.00209,0.131,3180,0,0,0,0,0,0,0,0,0,0,0,0,0,0,0,0,0,0,0,0,0
4732928,2311,0,108,105,1,0,2,-0.0016,0.00237,0.0919,2669,0,0,0,0,0,0,0,0,0,0,0,0,0,0,0,0,0,0,0,0,0
4734976,2312,0,92,92,0,0,0,-0.0087,0.00191,0.1333,2569,0,0,0,0,0,0,0,0,0,0,0,0,0,0,0,0,0,0,0,0,0
4737024,2313,0,106,104,1,0,1,-0.00297,0.00276,0.1142,2703,0,0,0,0,0,0,0,0,0,0,0,0,0,0,0,0,0,0,0,0,0
4739072,2314,0,108,107,0,0,1,-0.00096,0.00128,0.0701,2688,0,0,0,0,0,0,0,0,0,0,0,0,0,0,0,0,0,0,0,0,0
4741120,2315,0,108,108,0,0,0,-0.00204,0.00115,0.0649,2503,0,0,0,0,0,0,0,0,0,0,0,0,0,0,0,0,0,0,0,0,0
4743168,2316,0,90,90,0,0,0,-0.00792,0.00171,0.1416,2890,0,0,0,0,0,0,0,0,0,0,0,0,0,0,0,0,0,0,0,0,0
4745216,2317,0,104,103,0,0,1,-0.00167,0.00149,0.0772,2736,0,0,0,0,0,0,0,0,0,0,0,0,0,0,0,0,0,0,0,0,0
4747264,2318,0,98,98,0,0,0,-0.00933,0.0016,0.0702,2888,0,0,0,0,0,0,0,0,0,0,0,0,0,0,0,0,0,0,0,0,0
4749312,2319,0,116,115,1,0,0,-0.00318,0.00202,0.0639,2844,0,0,0,0,0,0,0,0,0,0,0,0,0,0,0,0,0,0,0,0,0
4751360,2320,0,106,106,0,0,0,-0.00223,0.00106,0.0505,2946,0,0,0,0,0,0,0,0,0,0,0,0,0,0,0,0,0,0,0,0,0
4753408,2321,0,102,102,0,0,0,-0.00479,0.0014,0.0904,2828,0,0,0,0,0,0,0,0,0,0,0,0,0,0,0,0,0,0,0,0,0
4755456,2322,0,98,96,0,0,2,0.00435,0.0038,0.0888,3258,0,0,0,0,0,0,0,0,0,0,0,0,0,0,0,0,0,0,0,0,0
4757504,2323,0,99,99,0,0,0,-0.00399,0.00147,0.0858,3221,0,0,0,0,0,0,0,0,0,0,0,0,0,0,0,0,0,0,0,0,0
4759552,2324,0,91,90,0,0,1,-0.00415,0.0019,0.144,3325,0,0,0,0,0,0,0,0,0,0,0,0,0,0,0,0,0,0,0,0,0
4761600,2325,0,103,101,0,0,2,-0.00344,0.00277,0.0819,3203,0,0,0,0,0,0,0,0,0,0,0,0,0,0,0,0,0,0,0,0,0
4763648,2326,0,109,109,0,0,0,0.00094,0.00118,0.0857,2926,0,0,0,0,0,0,0,0,0,0,0,0,0,0,0,0,0,0,0,0,0
4765696,2327,0,96,95,0,0,1,-0.00362,0.00186,0.1226,3082,0,0,0,0,0,0,0,0,0,0,0,0,0,0,0,0,0,0,0,0,0
4767744,2328,0,93,92,0,0,1,-0.00829,0.00158,0.1448,2927,0,0,0,0,0,0,0,0,0,0,0,0,0,0,0,0,0,0,0,0,0
4769792,2329,0,77,76,0,0,1,-0.00323,0.00208,0.2303,3154,0,0,0,0,0,0,0,0,0,0,0,0,0,0,0,0,0,0,0,0,0
4771840,2330,0,109,105,0,0,4,-0.00418,0.00302,0.1166,3341,0,0,0,0,0,0,0,0,0,0,0,0,0,0,0,0,0,0,0,0,0
4773888,2331,0,96,96,0,0,0,-0.00311,0.0015,0.1054,3325,0,0,0,0,0,0,0,0,0,0,0,0,0,0,0,0,0,0,0,0,0
4775936,2332,0,96,94,0,0,2,0.01163,0.00219,0.1271,2794,0,0,0,0,0,0,0,0,0,0,0,0,0,0,0,0,0,0,0,0,0
4777984,2333,0,95,95,0,0,0,-0.00244,0.00178,0.1488,2916,0,0,0,0,0,0,0,0,0,0,0,0,0,0,0,0,0,0,0,0,0
4780032,2334,0,97,94,0,0,3,-0.00468,0.0027,0.1604,3218,0,0,0,0,0,0,0,0,0,0,0,0,0,0,0,0,0,0,0,0,0
4782080,2335,0,78,76,1,0,1,-0.01041,0.00353,0.2184,3234,0,0,0,0,0,0,0,0,0,0,0,0,0,0,0,0,0,0,0,0,0
4784128,2336,0,85,81,1,0,3,-0.00275,0.00312,0.188,3025,0,0,0,0,0,0,0,0,0,0,0,0,0,0,0,0,0,0,0,0,0
4786176,2337,0,99,98,0,0,1,-0.00313,0.00232,0.1346,3082,0,0,0,0,0,0,0,0,0,0,0,0,0,0,0,0,0,0,0,0,0
4788224,2338,0,96,95,0,0,1,-0.00208,0.00171,0.1252,3031,0,0,0,0,0,0,0,0,0,0,0,0,0,0,0,0,0,0,0,0,0
4790272,2339,0,90,89,0,0,1,-0.0078,0.00187,0.2185,3075,0,0,0,0,0,0,0,0,0,0,0,0,0,0,0,0,0,0,0,0,0
4792320,2340,0,95,92,0,0,3,-0.00081,0.0031,0.142,3014,0,0,0,0,0,0,0,0,0,0,0,0,0,0,0,0,0,0,0,0,0
4794368,2341,0,86,85,0,0,1,-0.00578,0.00182,0.2156,3014,0,0,0,0,0,0,0,0,0,0,0,0,0,0,0,0,0,0,0,0,0
4796416,2342,0,74,70,1,1,2,-0.00392,0.00331,0.2647,3257,0,0,0,0,0,0,0,0,0,0,0,0,0,0,0,0,0,0,0,0,0
4798464,2343,0,105,101,0,0,4,-0.00643,0.00255,0.1058,3298,0,0,0,0,0,0,0,0,0,0,0,0,0,0,0,0,0,0,0,0,0
4800512,2344,0,98,98,0,0,0,-0.00038,0.00207,0.0981,3031,0,0,0,0,0,0,0,0,0,0,0,0,0,0,0,0,0,0,0,0,0
4802560,2345,0,98,95,2,0,1,-0.0011,0.00356,0.1164,2643,0,0,0,0,0,0,0,0,0,0,0,0,0,0,0,0,0,0,0,0,0
4804608,2346,0,105,104,0,0,1,-0.00452,0.00135,0.1096,2811,0,0,0,0,0,0,0,0,0,0,0,0,0,0,0,0,0,0,0,0,0
4806656,2347,0,102,101,1,0,0,-0.0034,0.00294,0.1045,2806,0,0,0,0,0,0,0,0,0,0,0,0,0,0,0,0,0,0,0,0,0
4808704,2348,0,95,95,0,0,0,-0.00383,0.00173,0.0997,2906,0,0,0,0,0,0,0,0,0,0,0,0,0,0,0,0,0,0,0,0,0
4810752,2349,0,97,96,0,0,1,-0.00342,0.0028,0.1543,2953,0,0,0,0,0,0,0,0,0,0,0,0,0,0,0,0,0,0,0,0,0
4812800,2350,0,105,105,0,0,0,-0.00431,0.00202,0.1157,3022,0,0,0,0,0,0,0,0,0,0,0,0,0,0,0,0,0,0,0,0,0
4814848,2351,0,90,90,0,0,0,-0.00464,0.00147,0.1771,3165,0,0,0,0,0,0,0,0,0,0,0,0,0,0,0,0,0,0,0,0,0
4816896,2352,0,93,91,0,0,2,-0.00234,0.00238,0.1609,3040,0,0,0,0,0,0,0,0,0,0,0,0,0,0,0,0,0,0,0,0,0
4818944,2353,0,98,97,0,0,1,-0.00297,0.00167,0.1459,2747,0,0,0,0,0,0,0,0,0,0,0,0,0,0,0,0,0,0,0,0,0
4820992,2354,0,91,89,1,0,1,-0.004,0.00164,0.157,2606,0,0,0,0,0,0,0,0,0,0,0,0,0,0,0,0,0,0,0,0,0
4823040,2355,0,88,87,0,0,1,-0.00174,0.00138,0.1874,2642,0,0,0,0,0,0,0,0,0,0,0,0,0,0,0,0,0,0,0,0,0
4825088,2356,0,100,98,0,0,2,-0.00342,0.00161,0.1526,3049,0,0,0,0,0,0,0,0,0,0,0,0,0,0,0,0,0,0,0,0,0
4827136,2357,0,108,107,0,0,1,-0.00221,0.00165,0.068,3007,0,0,0,0,0,0,0,0,0,0,0,0,0,0,0,0,0,0,0,0,0
4829184,2358,0,107,107,0,0,0,-0.00238,0.00128,0.1028,3170,0,0,0,0,0,0,0,0,0,0,0,0,0,0,0,0,0,0,0,0,0
4831232,2359,0,104,103,0,0,1,-0.00239,0.00124,0.1064,3186,0,0,0,0,0,0,0,0,0,0,0,0,0,0,0,0,0,0,0,0,0
4833280,2360,0,100,99,1,0,0,0.0007,0.00382,0.099,3245,0,0,0,0,0,0,0,0,0,0,0,0,0,0,0,0,0,0,0,0,0
4835328,2361,0,108,108,0,0,0,-0.00319,0.00126,0.0948,2829,0,0,0,0,0,0,0,0,0,0,0,0,0,0,0,0,0,0,0,0,0
4837376,2362,0,101,101,0,0,0,-0.00322,0.00118,0.0892,2991,0,0,0,0,0,0,0,0,0,0,0,0,0,0,0,0,0,0,0,0,0
4839424,2363,0,94,92,0,1,1,-0.00394,0.00239,0.1512,2861,0,0,0,0,0,0,0,0,0,0,0,0,0,0,0,0,0,0,0,0,0
4841472,2364,0,92,89,1,0,2,-0.00534,0.00295,0.1745,2766,0,0,0,0,0,0,0,0,0,0,0,0,0,0,0,0,0,0,0,0,0
4843520,2365,0,99,98,0,0,1,-0.00227,0.00158,0.0969,2986,0,0,0,0,0,0,0,0,0,0,0,0,0,0,0,0,0,0,0,0,0
4845568,2366,0,100,99,1,0,0,-0.00301,0.00322,0.0794,3022,0,0,0,0,0,0,0,0,0,0,0,0,0,0,0,0,0,0,0,0,0
4847616,2367,0,108,108,0,0,0,-0.00377,0.00133,0.0831,3091,0,0,0,0,0,0,0,0,0,0,0,0,0,0,0,0,0,0,0,0,0
4849664,2368,0,83,83,0,0,0,-0.00134,0.00131,0.1366,3072,0,0,0,0,0,0,0,0,0,0,0,0,0,0,0,0,0,0,0,0,0
4851712,2369,0,90,87,0,0,3,0.00042,0.00209,0.1348,3045,0,0,0,0,0,0,0,0,0,0,0,0,0,0,0,0,0,0,0,0,0
4853760,2370,0,84,82,1,0,1,-0.00183,0.0042,0.2281,2914,0,0,0,0,0,0,0,0,0,0,0,0,0,0,0,0,0,0,0,0,0
4855808,2371,0,76,71,0,0,5,0.0002,0.00838,0.2383,3091,0,0,0,0,0,0,0,0,0,0,0,0,0,0,0,0,0,0,0,0,0
4857856,2372,0,67,65,0,0,2,-0.00687,0.00567,0.2227,3136,0,0,0,0,0,0,0,0,0,0,0,0,0,0,0,0,0,0,0,0,0
4859904,2373,0,103,99,0,0,4,-0.00588,0.00576,0.1384,2823,0,0,0,0,0,0,0,0,0,0,0,0,0,0,0,0,0,0,0,0,0
4861952,2374,0,102,102,0,0,0,-0.00327,0.00232,0.1118,2937,0,0,0,0,0,0,0,0,0,0,0,0,0,0,0,0,0,0,0,0,0
4864000,2375,0,107,106,0,0,1,-0.00284,0.00217,0.0819,2986,0,0,0,0,0,0,0,0,0,0,0,0,0,0,0,0,0,0,0,0,0
4866048,2376,0,101,100,0,1,0,-0.00203,0.00362,0.0804,2696,0,0,0,0,0,0,0,0,0,0,0,0,0,0,0,0,0,0,0,0,0
4868096,2377,0,110,110,0,0,0,-0.0039,0.0013,0.0692,2784,0,0,0,0,0,0,0,0,0,0,0,0,0,0,0,0,0,0,0,0,0
4870144,2378,0,98,98,0,0,0,-0.00648,0.00174,0.0853,2936,0,0,0,0,0,0,0,0,0,0,0,0,0,0,0,0,0,0,0,0,0
4872192,2379,0,109,108,0,0,1,-0.00216,0.00206,0.0957,2787,0,0,0,0,0,0,0,0,0,0,0,0,0,0,0,0,0,0,0,0,0
4874240,2380,0,92,92,0,0,0,-0.001,0.00184,0.1036,2648,0,0,0,0,0,0,0,0,0,0,0,0,0,0,0,0,0,0,0,0,0
4876288,2381,0,92,91,0,0,1,-0.00467,0.00241,0.136,2462,0,0,0,0,0,0,0,0,0,0,0,0,0,0,0,0,0,0,0,0,0
4878336,2382,0,89,86,0,0,3,-0.00425,0.00389,0.1417,2742,0,0,0,0,0,0,0,0,0,0,0,0,0,0,0,0,0,0,0,0,0
4880384,2383,0,91,90,0,0,1,-0.00175,0.00302,0.13,2697,0,0,0,0,0,0,0,0,0,0,0,0,0,0,0,0,0,0,0,0,0
4882432,2384,0,104,101,1,0,2,-1e-05,0.00462,0.0938,2777,0,0,0,0,0,0,0,0,0,0,0,0,0,0,0,0,0,0,0,0,0
4884480,2385,0,91,90,0,0,1,-0.00406,0.00169,0.1391,2933,0,0,0,0,0,0,0,0,0,0,0,0,0,0,0,0,0,0,0,0,0
4886528,2386,0,94,93,0,0,1,-0.00311,0.00152,0.1034,2883,0,0,0,0,0,0,0,0,0,0,0,0,0,0,0,0,0,0,0,0,0
4888576,2387,0,105,104,0,0,1,-0.0016,0.00155,0.0809,2672,0,0,0,0,0,0,0,0,0,0,0,0,0,0,0,0,0,0,0,0,0
4890624,2388,0,89,89,0,0,0,-0.00537,0.0017,0.1834,2987,0,0,0,0,0,0,0,0,0,0,0,0,0,0,0,0,0,0,0,0,0
4892672,2389,0,92,87,0,1,4,-0.0,0.00223,0.1694,2898,0,0,0,0,0,0,0,0,0,0,0,0,0,0,0,0,0,0,0,0,0
4894720,2390,0,100,99,0,0,1,-0.00637,0.00159,0.0918,2920,0,0,0,0,0,0,0,0,0,0,0,0,0,0,0,0,0,0,0,0,0
4896768,2391,0,92,90,1,0,1,-0.00342,0.00253,0.1085,3090,0,0,0,0,0,0,0,0,0,0,0,0,0,0,0,0,0,0,0,0,0
4898816,2392,0,93,90,0,0,3,-0.00339,0.0016,0.1196,2919,0,0,0,0,0,0,0,0,0,0,0,0,0,0,0,0,0,0,0,0,0
4900864,2393,0,99,99,0,0,0,-0.00255,0.00159,0.0956,2762,0,0,0,0,0,0,0,0,0,0,0,0,0,0,0,0,0,0,0,0,0
4902912,2394,0,108,107,0,0,1,-0.00421,0.00125,0.0862,2803,0,0,0,0,0,0,0,0,0,0,0,0,0,0,0,0,0,0,0,0,0
4904960,2395,0,99,98,0,0,1,-0.00082,0.00149,0.0966,2927,0,0,0,0,0,0,0,0,0,0,0,0,0,0,0,0,0,0,0,0,0
4907008,2396,0,100,99,1,0,0,-0.00687,0.00151,0.1052,2927,0,0,0,0,0,0,0,0,0,0,0,0,0,0,0,0,0,0,0,0,0
4909056,2397,0,108,108,0,0,0,-0.00228,0.00138,0.0612,2981,0,0,0,0,0,0,0,0,0,0,0,0,0,0,0,0,0,0,0,0,0
4911104,2398,0,92,92,0,0,0,-0.00038,0.00165,0.0922,3098,0,0,0,0,0,0,0,0,0,0,0,0,0,0,0,0,0,0,0,0,0
4913152,2399,0,97,95,0,0,2,-0.00012,0.00312,0.0884,2938,0,0,0,0,0,0,0,0,0,0,0,0,0,0,0,0,0,0,0,0,0
4915200,2400,0,95,95,0,0,0,-0.00456,0.00143,0.1324,3374,0,0,0,0,0,0,0,0,0,0,0,0,0,0,0,0,0,0,0,0,0
4917248,2401,0,91,88,0,0,3,-0.00221,0.00124,0.1244,3289,0,0,0,0,0,0,0,0,0,0,0,0,0,0,0,0,0,0,0,0,0
4919296,2402,0,94,94,0,0,0,-0.00079,0.00106,0.0851,3026,0,0,0,0,0,0,0,0,0,0,0,0,0,0,0,0,0,0,0,0,0
4921344,2403,0,98,96,1,0,1,-0.00032,0.00192,0.1022,3000,0,0,0,0,0,0,0,0,0,0,0,0,0,0,0,0,0,0,0,0,0
4923392,2404,0,82,79,1,0,2,-0.00926,0.00268,0.1852,3164,0,0,0,0,0,0,0,0,0,0,0,0,0,0,0,0,0,0,0,0,0
4925440,2405,0,76,72,0,0,4,0.00976,0.00409,0.2141,2913,0,0,0,0,0,0,0,0,0,0,0,0,0,0,0,0,0,0,0,0,0
4927488,2406,0,96,92,1,0,3,-0.0041,0.00414,0.1374,2916,0,0,0,0,0,0,0,0,0,0,0,0,0,0,0,0,0,0,0,0,0
4929536,2407,0,79,78,1,0,0,2e-05,0.00214,0.2403,3388,0,0,0,0,0,0,0,0,0,0,0,0,0,0,0,0,0,0,0,0,0
4931584,2408,0,94,89,0,0,5,-0.00173,0.00255,0.173,2934,0,0,0,0,0,0,0,0,0,0,0,0,0,0,0,0,0,0,0,0,0
4933632,2409,0,103,102,0,1,0,0.00028,0.00249,0.0717,3151,0,0,0,0,0,0,0,0,0,0,0,0,0,0,0,0,0,0,0,0,0
4935680,2410,0,107,105,1,0,1,-0.00441,0.00231,0.0834,2887,0,0,0,0,0,0,0,0,0,0,0,0,0,0,0,0,0,0,0,0,0
4937728,2411,0,115,115,0,0,0,-0.0013,0.0012,0.0641,3055,0,0,0,0,0,0,0,0,0,0,0,0,0,0,0,0,0,0,0,0,0
4939776,2412,0,92,91,0,1,0,-0.00365,0.00289,0.1329,3123,0,0,0,0,0,0,0,0,0,0,0,0,0,0,0,0,0,0,0,0,0
4941824,2413,0,97,94,1,0,2,-0.00331,0.00432,0.1173,2922,0,0,0,0,0,0,0,0,0,0,0,0,0,0,0,0,0,0,0,0,0
4943872,2414,0,100,97,1,1,1,-0.00393,0.00463,0.113,3201,0,0,0,0,0,0,0,0,0,0,0,0,0,0,0,0,0,0,0,0,0
4945920,2415,0,111,110,1,0,0,-0.00254,0.00147,0.0634,3055,0,0,0,0,0,0,0,0,0,0,0,0,0,0,0,0,0,0,0,0,0
4947968,2416,0,98,98,0,0,0,-0.00408,0.00098,0.068,2855,0,0,0,0,0,0,0,0,0,0,0,0,0,0,0,0,0,0,0,0,0
4950016,2417,0,109,108,0,0,1,0.00011,0.00163,0.0545,2934,0,0,0,0,0,0,0,0,0,0,0,0,0,0,0,0,0,0,0,0,0
4952064,2418,0,109,108,0,1,0,-0.00087,0.00229,0.0561,2655,0,0,0,0,0,0,0,0,0,0,0,0,0,0,0,0,0,0,0,0,0
4954112,2419,0,98,98,0,0,0,-0.00245,0.00127,0.091,2808,0,0,0,0,0,0,0,0,0,0,0,0,0,0,0,0,0,0,0,0,0
4956160,2420,0,89,88,0,0,1,-0.0032,0.00189,0.1074,2924,0,0,0,0,0,0,0,0,0,0,0,0,0,0,0,0,0,0,0,0,0
4958208,2421,0,97,95,0,1,1,-0.00178,0.00361,0.1002,2986,0,0,0,0,0,0,0,0,0,0,0,0,0,0,0,0,0,0,0,0,0
4960256,2422,0,108,107,0,0,1,-0.00102,0.00135,0.0937,2852,0,0,0,0,0,0,0,0,0,0,0,0,0,0,0,0,0,0,0,0,0
4962304,2423,0,105,103,0,1,1,-0.00137,0.0022,0.0851,2937,0,0,0,0,0,0,0,0,0,0,0,0,0,0,0,0,0,0,0,0,0
4964352,2424,0,94,94,0,0,0,-0.00353,0.00116,0.1284,2979,0,0,0,0,0,0,0,0,0,0,0,0,0,0,0,0,0,0,0,0,0
4966400,2425,0,106,105,0,0,1,-0.0086,0.00156,0.1316,2909,0,0,0,0,0,0,0,0,0,0,0,0,0,0,0,0,0,0,0,0,0
4968448,2426,0,100,99,0,0,1,-0.00011,0.00141,0.0918,3246,0,0,0,0,0,0,0,0,0,0,0,0,0,0,0,0,0,0,0,0,0
4970496,2427,0,101,100,0,0,1,-0.00213,0.00124,0.0997,3065,0,0,0,0,0,0,0,0,0,0,0,0,0,0,0,0,0,0,0,0,0
4972544,2428,0,110,109,0,0,1,-0.00267,0.0014,0.0522,3089,0,0,0,0,0,0,0,0,0,0,0,0,0,0,0,0,0,0,0,0,0
4974592,2429,0,110,110,0,0,0,-0.00281,0.00118,0.0526,3090,0,0,0,0,0,0,0,0,0,0,0,0,0,0,0,0,0,0,0,0,0
4976640,2430,0,108,107,1,0,0,-0.00236,0.00138,0.045,3352,0,0,0,0,0,0,0,0,0,0,0,0,0,0,0,0,0,0,0,0,0
4978688,2431,0,97,97,0,0,0,-0.00233,0.00165,0.1069,3301,0,0,0,0,0,0,0,0,0,0,0,0,0,0,0,0,0,0,0,0,0
4980736,2432,0,92,90,1,0,1,0.009,0.00263,0.1715,3027,0,0,0,0,0,0,0,0,0,0,0,0,0,0,0,0,0,0,0,0,0
4982784,2433,0,89,86,2,0,1,-0.00305,0.00308,0.1908,2751,0,0,0,0,0,0,0,0,0,0,0,0,0,0,0,0,0,0,0,0,0
4984832,2434,0,104,102,0,0,2,-0.00246,0.00111,0.0983,2735,0,0,0,0,0,0,0,0,0,0,0,0,0,0,0,0,0,0,0,0,0
4986880,2435,0,101,101,0,0,0,-0.00224,0.00122,0.1293,2779,0,0,0,0,0,0,0,0,0,0,0,0,0,0,0,0,0,0,0,0,0
4988928,2436,0,100,98,0,0,2,-0.00199,0.0014,0.1142,2466,0,0,0,0,0,0,0,0,0,0,0,0,0,0,0,0,0,0,0,0,0
4990976,2437,0,100,99,0,0,1,-0.00375,0.00145,0.1296,2819,0,0,0,0,0,0,0,0,0,0,0,0,0,0,0,0,0,0,0,0,0
4993024,2438,0,99,97,0,0,2,-0.0045,0.00107,0.0861,2848,0,0,0,0,0,0,0,0,0,0,0,0,0,0,0,0,0,0,0,0,0
4995072,2439,0,99,98,0,0,1,-0.00401,0.00123,0.1124,2544,0,0,0,0,0,0,0,0,0,0,0,0,0,0,0,0,0,0,0,0,0
4997120,2440,0,92,91,0,0,1,-0.00595,0.00139,0.1315,2726,0,0,0,0,0,0,0,0,0,0,0,0,0,0,0,0,0,0,0,0,0
4999168,2441,0,101,99,0,0,2,-0.0021,0.0011,0.0805,2812,0,0,0,0,0,0,0,0,0,0,0,0,0,0,0,0,0,0,0,0,0
5001216,2442,0,112,111,1,0,0,-0.00377,0.00287,0.0548,2901,0,0,0,0,0,0,0,0,0,0,0,0,0,0,0,0,0,0,0,0,0
