global_step,update,phase,episodes,success,lava,ball,timeout,pg_loss,v_loss,entropy,sps,sub_navigate_n,sub_navigate_success,sub_hazard_n,sub_hazard_success,sub_key_door_n,sub_key_door_success,choose_navigate,choose_hazard,choose_key_door,success_under_navigate,lava_under_navigate,ball_under_navigate,timeout_under_navigate,success_under_hazard,lava_under_hazard,ball_under_hazard,timeout_under_hazard,success_under_key_door,lava_under_key_door,ball_under_key_door,timeout_under_key_door
2048,1,1,0,0,0,0,0,-0.00045,0.00107,1.9459,2863,0,0,1,0,1,1,0,0,0,0,0,0,0,0,0,0,0,0,0,0,0
4096,2,1,0,0,0,0,0,-8e-05,0.00032,1.9457,2854,6,1,1,0,8,0,0,0,0,0,0,0,0,0,0,0,0,0,0,0,0
6144,3,1,0,0,0,0,0,-0.00039,0.00026,1.9457,2781,0,0,1,0,1,0,0,0,0,0,0,0,0,0,0,0,0,0,0,0,0
8192,4,1,0,0,0,0,0,-0.00029,0.00063,1.9452,2614,9,1,4,0,4,0,0,0,0,0,0,0,0,0,0,0,0,0,0,0,0
10240,5,1,0,0,0,0,0,-0.00046,0.00034,1.9437,2772,2,0,5,0,9,1,0,0,0,0,0,0,0,0,0,0,0,0,0,0,0
12288,6,1,0,0,0,0,0,-0.00212,0.00102,1.9303,2763,1,0,3,0,2,1,0,0,0,0,0,0,0,0,0,0,0,0,0,0,0
14336,7,1,0,0,0,0,0,-0.00075,0.00095,1.9216,2540,2,0,6,0,6,1,0,0,0,0,0,0,0,0,0,0,0,0,0,0,0
16384,8,1,0,0,0,0,0,-0.00172,0.00051,1.9126,2674,3,0,3,0,8,2,0,0,0,0,0,0,0,0,0,0,0,0,0,0,0
18432,9,1,0,0,0,0,0,-0.00086,0.00048,1.9106,2715,3,0,2,0,3,1,0,0,0,0,0,0,0,0,0,0,0,0,0,0,0
20480,10,1,0,0,0,0,0,-0.00191,0.00033,1.9053,2652,2,0,4,0,6,0,0,0,0,0,0,0,0,0,0,0,0,0,0,0,0
22528,11,1,0,0,0,0,0,-0.00122,0.00211,1.8955,2726,5,2,6,1,6,0,0,0,0,0,0,0,0,0,0,0,0,0,0,0,0
24576,12,1,0,0,0,0,0,-0.00042,0.00038,1.8468,2782,1,0,3,0,4,1,0,0,0,0,0,0,0,0,0,0,0,0,0,0,0
26624,13,1,0,0,0,0,0,-0.00229,0.00179,1.8626,2791,3,0,2,0,5,1,0,0,0,0,0,0,0,0,0,0,0,0,0,0,0
28672,14,1,0,0,0,0,0,-0.00291,0.00213,1.7833,2966,6,0,2,0,8,2,0,0,0,0,0,0,0,0,0,0,0,0,0,0,0
30720,15,1,0,0,0,0,0,-0.00176,0.00064,1.7649,2618,2,0,4,0,7,1,0,0,0,0,0,0,0,0,0,0,0,0,0,0,0
32768,16,1,0,0,0,0,0,-0.00209,0.00025,1.8493,2692,2,0,3,0,2,0,0,0,0,0,0,0,0,0,0,0,0,0,0,0,0
34816,17,1,0,0,0,0,0,-0.0005,0.00024,1.8592,2747,10,0,3,0,2,0,0,0,0,0,0,0,0,0,0,0,0,0,0,0,0
36864,18,1,0,0,0,0,0,-0.00259,0.00077,1.8403,2728,2,0,2,0,5,2,0,0,0,0,0,0,0,0,0,0,0,0,0,0,0
38912,19,1,0,0,0,0,0,-0.00382,0.00183,1.8123,2822,4,0,3,1,6,1,0,0,0,0,0,0,0,0,0,0,0,0,0,0,0
40960,20,1,0,0,0,0,0,-0.00234,0.00051,1.8077,2724,6,0,3,0,3,1,0,0,0,0,0,0,0,0,0,0,0,0,0,0,0
43008,21,1,0,0,0,0,0,-0.00188,0.00036,1.7186,2827,3,1,0,0,7,1,0,0,0,0,0,0,0,0,0,0,0,0,0,0,0
45056,22,1,0,0,0,0,0,-0.00172,0.00113,1.7318,2942,5,0,7,1,3,0,0,0,0,0,0,0,0,0,0,0,0,0,0,0,0
47104,23,1,0,0,0,0,0,-0.00212,0.00014,1.7881,2858,2,0,2,0,3,0,0,0,0,0,0,0,0,0,0,0,0,0,0,0,0
49152,24,1,0,0,0,0,0,-0.00155,0.00095,1.7461,2696,8,1,5,1,1,0,0,0,0,0,0,0,0,0,0,0,0,0,0,0,0
51200,25,1,0,0,0,0,0,-0.00574,0.0006,1.7053,2830,5,1,6,0,3,0,0,0,0,0,0,0,0,0,0,0,0,0,0,0,0
53248,26,1,0,0,0,0,0,-0.00049,0.00018,1.6724,2810,2,0,3,0,4,2,0,0,0,0,0,0,0,0,0,0,0,0,0,0,0
55296,27,1,0,0,0,0,0,-0.00018,0.00028,1.6378,2460,4,0,6,0,3,0,0,0,0,0,0,0,0,0,0,0,0,0,0,0,0
57344,28,1,0,0,0,0,0,-0.00321,0.00124,1.5886,2521,3,1,1,0,7,2,0,0,0,0,0,0,0,0,0,0,0,0,0,0,0
59392,29,1,0,0,0,0,0,-0.00093,0.00169,1.7337,2447,3,0,4,0,6,2,0,0,0,0,0,0,0,0,0,0,0,0,0,0,0
61440,30,1,0,0,0,0,0,-0.00404,0.00018,1.6695,2667,6,0,0,0,3,0,0,0,0,0,0,0,0,0,0,0,0,0,0,0,0
63488,31,1,0,0,0,0,0,-0.00091,0.00033,1.6821,2708,4,0,5,0,5,0,0,0,0,0,0,0,0,0,0,0,0,0,0,0,0
65536,32,1,0,0,0,0,0,-0.00189,0.00018,1.5922,2694,1,0,7,0,6,0,0,0,0,0,0,0,0,0,0,0,0,0,0,0,0
67584,33,1,0,0,0,0,0,-0.00145,0.00057,1.7392,2739,2,0,4,0,4,1,0,0,0,0,0,0,0,0,0,0,0,0,0,0,0
69632,34,1,0,0,0,0,0,-0.00092,0.00013,1.7642,2580,3,0,7,0,5,0,0,0,0,0,0,0,0,0,0,0,0,0,0,0,0
71680,35,1,0,0,0,0,0,0.00024,0.00253,1.8319,2648,4,2,5,0,4,2,0,0,0,0,0,0,0,0,0,0,0,0,0,0,0
73728,36,1,0,0,0,0,0,-0.00189,0.00021,1.8749,2788,5,0,2,0,0,0,0,0,0,0,0,0,0,0,0,0,0,0,0,0,0
75776,37,1,0,0,0,0,0,-0.003,0.00015,1.8737,2591,5,0,5,0,3,0,0,0,0,0,0,0,0,0,0,0,0,0,0,0,0
77824,38,1,0,0,0,0,0,-0.004,0.00028,1.7891,2861,3,0,5,0,5,1,0,0,0,0,0,0,0,0,0,0,0,0,0,0,0
79872,39,1,0,0,0,0,0,-0.00053,0.00042,1.8191,2751,3,0,2,0,5,0,0,0,0,0,0,0,0,0,0,0,0,0,0,0,0
81920,40,1,0,0,0,0,0,-0.00024,0.00035,1.8193,2592,4,0,5,0,5,1,0,0,0,0,0,0,0,0,0,0,0,0,0,0,0
83968,41,1,0,0,0,0,0,-0.00157,0.00033,1.8511,2559,1,0,6,0,4,0,0,0,0,0,0,0,0,0,0,0,0,0,0,0,0
86016,42,1,0,0,0,0,0,-0.00113,0.00177,1.8907,2458,3,1,5,2,5,1,0,0,0,0,0,0,0,0,0,0,0,0,0,0,0
88064,43,1,0,0,0,0,0,-0.00198,0.00044,1.8354,2665,5,1,5,0,2,0,0,0,0,0,0,0,0,0,0,0,0,0,0,0,0
90112,44,1,0,0,0,0,0,-0.00068,0.00107,1.804,2427,3,1,9,0,3,0,0,0,0,0,0,0,0,0,0,0,0,0,0,0,0
92160,45,1,0,0,0,0,0,-0.00064,0.00031,1.8188,2539,3,0,6,0,4,0,0,0,0,0,0,0,0,0,0,0,0,0,0,0,0
94208,46,1,0,0,0,0,0,-0.00137,0.00099,1.8278,2718,1,0,8,0,5,2,0,0,0,0,0,0,0,0,0,0,0,0,0,0,0
96256,47,1,0,0,0,0,0,-8e-05,0.00024,1.8032,2889,6,0,1,0,2,0,0,0,0,0,0,0,0,0,0,0,0,0,0,0,0
98304,48,1,0,0,0,0,0,-0.00061,0.00053,1.8289,2698,5,0,2,0,5,1,0,0,0,0,0,0,0,0,0,0,0,0,0,0,0
100352,49,1,0,0,0,0,0,-0.00065,0.00027,1.8134,2686,2,0,4,0,6,0,0,0,0,0,0,0,0,0,0,0,0,0,0,0,0
102400,50,1,0,0,0,0,0,-0.00022,0.00034,1.8396,2723,3,0,1,0,3,1,0,0,0,0,0,0,0,0,0,0,0,0,0,0,0
104448,51,1,0,0,0,0,0,-0.00079,0.00327,1.8322,2789,7,2,5,0,6,1,0,0,0,0,0,0,0,0,0,0,0,0,0,0,0
106496,52,1,0,0,0,0,0,-0.00055,0.00179,1.8502,2840,5,0,5,1,1,0,0,0,0,0,0,0,0,0,0,0,0,0,0,0,0
108544,53,1,0,0,0,0,0,-0.00068,0.00191,1.8192,2678,3,0,2,0,5,2,0,0,0,0,0,0,0,0,0,0,0,0,0,0,0
110592,54,1,0,0,0,0,0,-0.00209,0.00034,1.8639,2728,4,0,5,0,5,1,0,0,0,0,0,0,0,0,0,0,0,0,0,0,0
112640,55,1,0,0,0,0,0,-0.00036,0.00161,1.869,2642,4,1,4,0,1,0,0,0,0,0,0,0,0,0,0,0,0,0,0,0,0
114688,56,1,0,0,0,0,0,-0.00255,0.0009,1.8498,2795,3,0,4,1,5,1,0,0,0,0,0,0,0,0,0,0,0,0,0,0,0
116736,57,1,0,0,0,0,0,-0.00133,0.00137,1.7795,2659,5,1,2,0,6,0,0,0,0,0,0,0,0,0,0,0,0,0,0,0,0
118784,58,1,0,0,0,0,0,-0.00095,0.00339,1.7779,2659,6,2,4,3,1,0,0,0,0,0,0,0,0,0,0,0,0,0,0,0,0
120832,59,1,0,0,0,0,0,-0.00091,0.00044,1.7597,2632,6,0,4,1,5,0,0,0,0,0,0,0,0,0,0,0,0,0,0,0,0
122880,60,1,0,0,0,0,0,-0.0017,0.00094,1.7456,2657,3,1,5,1,2,1,0,0,0,0,0,0,0,0,0,0,0,0,0,0,0
124928,61,1,0,0,0,0,0,-0.00068,0.00039,1.7611,2479,3,0,5,0,5,0,0,0,0,0,0,0,0,0,0,0,0,0,0,0,0
126976,62,1,0,0,0,0,0,-0.00241,0.00243,1.7041,2668,5,0,5,1,7,2,0,0,0,0,0,0,0,0,0,0,0,0,0,0,0
129024,63,1,0,0,0,0,0,-0.00044,0.0009,1.7255,2615,5,0,3,0,3,1,0,0,0,0,0,0,0,0,0,0,0,0,0,0,0
131072,64,1,0,0,0,0,0,-0.00111,0.00257,1.788,2626,6,0,3,0,7,2,0,0,0,0,0,0,0,0,0,0,0,0,0,0,0
133120,65,1,0,0,0,0,0,-0.00114,0.00069,1.7977,2537,6,1,5,2,2,0,0,0,0,0,0,0,0,0,0,0,0,0,0,0,0
135168,66,1,0,0,0,0,0,-0.00094,0.00025,1.7771,2363,3,0,2,0,4,0,0,0,0,0,0,0,0,0,0,0,0,0,0,0,0
137216,67,1,0,0,0,0,0,-0.00096,0.00042,1.718,2294,8,1,6,0,3,1,0,0,0,0,0,0,0,0,0,0,0,0,0,0,0
139264,68,1,0,0,0,0,0,-0.00262,0.00177,1.7544,2735,3,0,4,0,6,2,0,0,0,0,0,0,0,0,0,0,0,0,0,0,0
141312,69,1,0,0,0,0,0,-0.00151,0.00199,1.7464,2552,4,1,4,0,6,3,0,0,0,0,0,0,0,0,0,0,0,0,0,0,0
143360,70,1,0,0,0,0,0,-0.00154,0.00041,1.7168,2533,1,0,4,0,5,0,0,0,0,0,0,0,0,0,0,0,0,0,0,0,0
145408,71,1,0,0,0,0,0,-0.00177,0.00208,1.7002,2327,5,1,5,0,4,2,0,0,0,0,0,0,0,0,0,0,0,0,0,0,0
147456,72,1,0,0,0,0,0,-0.00297,0.00143,1.6164,2513,2,1,7,0,3,1,0,0,0,0,0,0,0,0,0,0,0,0,0,0,0
149504,73,1,0,0,0,0,0,-0.00175,0.0005,1.6125,2550,5,0,3,0,4,0,0,0,0,0,0,0,0,0,0,0,0,0,0,0,0
151552,74,1,0,0,0,0,0,-0.00028,0.00039,1.6293,2660,4,0,5,1,4,1,0,0,0,0,0,0,0,0,0,0,0,0,0,0,0
153600,75,1,0,0,0,0,0,-0.00114,0.00212,1.6346,2419,5,1,2,0,4,1,0,0,0,0,0,0,0,0,0,0,0,0,0,0,0
155648,76,1,0,0,0,0,0,-0.0016,0.00082,1.6225,2621,6,1,4,0,3,1,0,0,0,0,0,0,0,0,0,0,0,0,0,0,0
157696,77,1,0,0,0,0,0,-0.00257,0.00135,1.6842,2589,4,1,8,1,3,0,0,0,0,0,0,0,0,0,0,0,0,0,0,0,0
159744,78,1,0,0,0,0,0,-0.00046,0.00156,1.6836,2610,4,0,5,1,1,1,0,0,0,0,0,0,0,0,0,0,0,0,0,0,0
161792,79,1,0,0,0,0,0,-0.00176,0.00084,1.6746,2627,7,1,4,0,4,1,0,0,0,0,0,0,0,0,0,0,0,0,0,0,0
163840,80,1,0,0,0,0,0,-0.00157,0.00232,1.6976,2561,5,1,6,1,3,1,0,0,0,0,0,0,0,0,0,0,0,0,0,0,0
165888,81,1,0,0,0,0,0,-0.00098,0.00024,1.7257,2517,3,0,9,0,3,0,0,0,0,0,0,0,0,0,0,0,0,0,0,0,0
167936,82,1,0,0,0,0,0,-0.00137,0.00083,1.7329,2439,6,2,1,0,3,1,0,0,0,0,0,0,0,0,0,0,0,0,0,0,0
169984,83,1,0,0,0,0,0,-0.00062,0.00145,1.7167,2641,7,3,2,0,4,0,0,0,0,0,0,0,0,0,0,0,0,0,0,0,0
172032,84,1,0,0,0,0,0,-0.00129,0.00134,1.7006,2527,6,0,2,0,3,3,0,0,0,0,0,0,0,0,0,0,0,0,0,0,0
174080,85,1,0,0,0,0,0,-0.00234,0.00074,1.6365,2648,5,0,4,0,3,1,0,0,0,0,0,0,0,0,0,0,0,0,0,0,0
176128,86,1,0,0,0,0,0,0.00039,0.00023,1.629,2618,7,0,5,0,4,2,0,0,0,0,0,0,0,0,0,0,0,0,0,0,0
178176,87,1,0,0,0,0,0,-0.00111,0.00052,1.5548,2761,1,0,4,1,3,0,0,0,0,0,0,0,0,0,0,0,0,0,0,0,0
180224,88,1,0,0,0,0,0,-0.00504,0.00215,1.5532,2734,2,0,3,0,9,4,0,0,0,0,0,0,0,0,0,0,0,0,0,0,0
182272,89,1,0,0,0,0,0,-0.00471,0.00208,1.5937,2633,2,0,4,0,8,2,0,0,0,0,0,0,0,0,0,0,0,0,0,0,0
184320,90,1,0,0,0,0,0,-0.001,0.00088,1.6477,2554,5,2,5,0,4,2,0,0,0,0,0,0,0,0,0,0,0,0,0,0,0
186368,91,1,0,0,0,0,0,-0.00251,0.00057,1.5833,2321,4,1,5,0,4,1,0,0,0,0,0,0,0,0,0,0,0,0,0,0,0
188416,92,1,0,0,0,0,0,-0.00021,0.0011,1.6339,2369,3,1,7,1,1,0,0,0,0,0,0,0,0,0,0,0,0,0,0,0,0
190464,93,1,0,0,0,0,0,-0.00023,0.00276,1.5926,2801,3,1,6,0,6,2,0,0,0,0,0,0,0,0,0,0,0,0,0,0,0
192512,94,1,0,0,0,0,0,-0.00208,0.00052,1.6198,2820,2,0,7,0,4,0,0,0,0,0,0,0,0,0,0,0,0,0,0,0,0
194560,95,1,0,0,0,0,0,-0.00028,0.00042,1.6197,2719,4,0,4,0,6,0,0,0,0,0,0,0,0,0,0,0,0,0,0,0,0
196608,96,1,0,0,0,0,0,-0.00158,0.00029,1.6091,2783,4,0,3,0,1,1,0,0,0,0,0,0,0,0,0,0,0,0,0,0,0
198656,97,1,0,0,0,0,0,-0.00073,0.00048,1.5931,2571,9,1,5,0,3,1,0,0,0,0,0,0,0,0,0,0,0,0,0,0,0
200704,98,1,0,0,0,0,0,-0.00063,0.00139,1.5906,2584,5,0,1,0,4,3,0,0,0,0,0,0,0,0,0,0,0,0,0,0,0
202752,99,1,0,0,0,0,0,-0.00163,0.00034,1.6448,2515,7,1,3,0,4,0,0,0,0,0,0,0,0,0,0,0,0,0,0,0,0
204800,100,1,0,0,0,0,0,-0.00365,0.00035,1.6314,2636,5,1,6,0,3,0,0,0,0,0,0,0,0,0,0,0,0,0,0,0,0
206848,101,1,0,0,0,0,0,-0.00221,0.00393,1.6226,2558,5,2,7,1,4,2,0,0,0,0,0,0,0,0,0,0,0,0,0,0,0
208896,102,1,0,0,0,0,0,-0.00216,0.00155,1.6314,2594,4,0,4,1,3,1,0,0,0,0,0,0,0,0,0,0,0,0,0,0,0
210944,103,1,0,0,0,0,0,-0.00242,0.00168,1.5826,2846,5,1,2,0,6,0,0,0,0,0,0,0,0,0,0,0,0,0,0,0,0
212992,104,1,0,0,0,0,0,-0.00337,0.00111,1.4873,2769,5,2,7,1,4,0,0,0,0,0,0,0,0,0,0,0,0,0,0,0,0
215040,105,1,0,0,0,0,0,-4e-05,0.00188,1.5473,2581,1,0,3,2,4,1,0,0,0,0,0,0,0,0,0,0,0,0,0,0,0
217088,106,1,0,0,0,0,0,-0.00185,0.00178,1.6412,2445,7,0,4,0,5,2,0,0,0,0,0,0,0,0,0,0,0,0,0,0,0
219136,107,1,0,0,0,0,0,-0.00263,0.00142,1.6321,2675,5,0,5,0,3,1,0,0,0,0,0,0,0,0,0,0,0,0,0,0,0
221184,108,1,0,0,0,0,0,-0.0011,0.0014,1.709,2781,2,0,2,1,5,1,0,0,0,0,0,0,0,0,0,0,0,0,0,0,0
223232,109,1,0,0,0,0,0,-0.00162,0.00039,1.6822,2537,4,0,6,0,3,0,0,0,0,0,0,0,0,0,0,0,0,0,0,0,0
225280,110,1,0,0,0,0,0,-0.00196,0.00027,1.701,1704,4,0,5,0,6,1,0,0,0,0,0,0,0,0,0,0,0,0,0,0,0
227328,111,1,0,0,0,0,0,-0.00162,0.00016,1.6969,2228,2,0,6,0,0,0,0,0,0,0,0,0,0,0,0,0,0,0,0,0,0
229376,112,1,0,0,0,0,0,-0.00101,0.00024,1.6824,2395,3,0,6,0,4,0,0,0,0,0,0,0,0,0,0,0,0,0,0,0,0
231424,113,1,0,0,0,0,0,-0.00254,0.0002,1.7003,2390,5,0,3,0,4,0,0,0,0,0,0,0,0,0,0,0,0,0,0,0,0
233472,114,1,0,0,0,0,0,-0.00476,0.00099,1.66,2581,7,1,2,0,2,0,0,0,0,0,0,0,0,0,0,0,0,0,0,0,0
235520,115,1,0,0,0,0,0,-0.00045,0.00084,1.6382,2764,4,0,3,0,5,2,0,0,0,0,0,0,0,0,0,0,0,0,0,0,0
237568,116,1,0,0,0,0,0,-0.00133,0.00084,1.6087,2898,4,0,4,0,5,2,0,0,0,0,0,0,0,0,0,0,0,0,0,0,0
239616,117,1,0,0,0,0,0,-8e-05,0.00155,1.6376,2791,3,1,5,0,5,2,0,0,0,0,0,0,0,0,0,0,0,0,0,0,0
241664,118,1,0,0,0,0,0,-0.00175,0.00149,1.6299,2591,4,0,6,0,4,2,0,0,0,0,0,0,0,0,0,0,0,0,0,0,0
243712,119,1,0,0,0,0,0,-0.00104,0.00076,1.6206,2733,4,0,1,0,5,1,0,0,0,0,0,0,0,0,0,0,0,0,0,0,0
245760,120,1,0,0,0,0,0,-0.00258,0.00045,1.5857,2738,5,0,3,0,5,1,0,0,0,0,0,0,0,0,0,0,0,0,0,0,0
247808,121,1,0,0,0,0,0,-0.00277,0.00092,1.5619,2848,1,0,7,1,5,1,0,0,0,0,0,0,0,0,0,0,0,0,0,0,0
249856,122,1,0,0,0,0,0,-0.00126,0.00018,1.5552,2695,3,0,4,0,4,0,0,0,0,0,0,0,0,0,0,0,0,0,0,0,0
251904,123,1,0,0,0,0,0,-0.00138,0.00166,1.5684,2944,5,1,4,0,4,2,0,0,0,0,0,0,0,0,0,0,0,0,0,0,0
253952,124,1,0,0,0,0,0,-0.00109,0.00041,1.5767,2947,4,1,4,0,5,1,0,0,0,0,0,0,0,0,0,0,0,0,0,0,0
256000,125,1,0,0,0,0,0,-0.00321,0.00048,1.5627,2796,4,0,2,0,5,3,0,0,0,0,0,0,0,0,0,0,0,0,0,0,0
258048,126,1,0,0,0,0,0,-0.00128,0.00225,1.5783,2641,6,0,1,1,7,5,0,0,0,0,0,0,0,0,0,0,0,0,0,0,0
260096,127,1,0,0,0,0,0,-0.00154,0.00034,1.599,3104,6,0,5,0,2,0,0,0,0,0,0,0,0,0,0,0,0,0,0,0,0
262144,128,1,0,0,0,0,0,-0.00076,0.00178,1.528,2885,6,0,1,0,4,2,0,0,0,0,0,0,0,0,0,0,0,0,0,0,0
264192,129,1,0,0,0,0,0,-0.00192,0.00029,1.4932,3030,3,0,5,0,5,2,0,0,0,0,0,0,0,0,0,0,0,0,0,0,0
266240,130,1,0,0,0,0,0,-0.00379,0.00064,1.4332,2874,4,1,3,0,4,1,0,0,0,0,0,0,0,0,0,0,0,0,0,0,0
268288,131,1,0,0,0,0,0,-0.00356,0.0005,1.5094,2776,5,0,0,0,5,1,0,0,0,0,0,0,0,0,0,0,0,0,0,0,0
270336,132,1,0,0,0,0,0,-0.00139,0.00058,1.4976,2893,4,1,3,0,5,0,0,0,0,0,0,0,0,0,0,0,0,0,0,0,0
272384,133,1,0,0,0,0,0,-0.00097,0.00304,1.521,2802,4,1,5,0,7,5,0,0,0,0,0,0,0,0,0,0,0,0,0,0,0
274432,134,1,0,0,0,0,0,-0.00035,0.00185,1.4671,2684,3,1,1,0,3,1,0,0,0,0,0,0,0,0,0,0,0,0,0,0,0
276480,135,1,0,0,0,0,0,-0.00521,0.00036,1.5508,2201,4,0,4,0,8,1,0,0,0,0,0,0,0,0,0,0,0,0,0,0,0
278528,136,1,0,0,0,0,0,-0.00143,0.00042,1.5462,2874,3,0,9,0,3,1,0,0,0,0,0,0,0,0,0,0,0,0,0,0,0
280576,137,1,0,0,0,0,0,-0.00285,0.00031,1.5887,3001,0,0,2,0,6,0,0,0,0,0,0,0,0,0,0,0,0,0,0,0,0
282624,138,1,0,0,0,0,0,-0.00408,0.00155,1.5938,2823,4,0,9,0,5,2,0,0,0,0,0,0,0,0,0,0,0,0,0,0,0
284672,139,1,0,0,0,0,0,-0.00138,0.00185,1.6234,2657,4,0,7,1,4,4,0,0,0,0,0,0,0,0,0,0,0,0,0,0,0
286720,140,1,0,0,0,0,0,-0.00139,0.00185,1.5969,2310,4,1,4,0,1,0,0,0,0,0,0,0,0,0,0,0,0,0,0,0,0
288768,141,1,0,0,0,0,0,-0.00307,0.00085,1.6064,2401,9,0,1,0,4,2,0,0,0,0,0,0,0,0,0,0,0,0,0,0,0
290816,142,1,0,0,0,0,0,-0.00121,0.00071,1.5981,2687,2,0,3,0,5,1,0,0,0,0,0,0,0,0,0,0,0,0,0,0,0
292864,143,1,0,0,0,0,0,-0.00246,0.00247,1.5088,2663,5,2,4,0,4,1,0,0,0,0,0,0,0,0,0,0,0,0,0,0,0
294912,144,1,0,0,0,0,0,-0.00011,0.00204,1.5148,2219,3,1,3,0,7,2,0,0,0,0,0,0,0,0,0,0,0,0,0,0,0
296960,145,1,0,0,0,0,0,-0.00286,0.00101,1.5313,2555,6,1,3,0,4,1,0,0,0,0,0,0,0,0,0,0,0,0,0,0,0
299008,146,1,0,0,0,0,0,-0.00135,0.00159,1.5515,2697,5,0,3,0,7,5,0,0,0,0,0,0,0,0,0,0,0,0,0,0,0
301056,147,1,0,0,0,0,0,-0.0015,0.00071,1.528,2795,5,2,3,0,4,1,0,0,0,0,0,0,0,0,0,0,0,0,0,0,0
303104,148,1,0,0,0,0,0,-0.00287,0.00123,1.5963,3042,2,0,4,1,8,3,0,0,0,0,0,0,0,0,0,0,0,0,0,0,0
305152,149,1,0,0,0,0,0,-0.00078,0.00114,1.6122,3007,3,0,4,1,4,1,0,0,0,0,0,0,0,0,0,0,0,0,0,0,0
307200,150,1,0,0,0,0,0,-0.0021,0.00029,1.589,2718,3,0,9,0,3,0,0,0,0,0,0,0,0,0,0,0,0,0,0,0,0
309248,151,1,0,0,0,0,0,-0.0044,0.00115,1.5615,2435,3,2,4,0,3,1,0,0,0,0,0,0,0,0,0,0,0,0,0,0,0
311296,152,1,0,0,0,0,0,-0.00178,0.00379,1.5479,2644,10,4,1,0,3,2,0,0,0,0,0,0,0,0,0,0,0,0,0,0,0
313344,153,1,0,0,0,0,0,-0.00336,0.00047,1.528,2699,5,0,3,0,3,2,0,0,0,0,0,0,0,0,0,0,0,0,0,0,0
315392,154,1,0,0,0,0,0,-0.00172,0.00152,1.5297,2590,5,1,5,0,4,0,0,0,0,0,0,0,0,0,0,0,0,0,0,0,0
317440,155,1,0,0,0,0,0,-0.00119,0.00095,1.5471,2419,3,1,5,0,6,3,0,0,0,0,0,0,0,0,0,0,0,0,0,0,0
319488,156,1,0,0,0,0,0,-0.00209,0.00076,1.5645,2450,3,0,5,0,3,2,0,0,0,0,0,0,0,0,0,0,0,0,0,0,0
321536,157,1,0,0,0,0,0,-0.00254,0.00039,1.6124,2447,4,1,3,0,3,0,0,0,0,0,0,0,0,0,0,0,0,0,0,0,0
323584,158,1,0,0,0,0,0,-0.00367,0.00155,1.6207,2514,5,1,5,0,6,3,0,0,0,0,0,0,0,0,0,0,0,0,0,0,0
325632,159,1,0,0,0,0,0,-0.0033,0.00207,1.5927,2799,3,2,4,0,5,2,0,0,0,0,0,0,0,0,0,0,0,0,0,0,0
327680,160,1,0,0,0,0,0,-0.00293,0.00204,1.6668,2796,5,0,2,0,8,3,0,0,0,0,0,0,0,0,0,0,0,0,0,0,0
329728,161,1,0,0,0,0,0,-0.00332,0.00024,1.7252,3021,3,0,9,0,2,0,0,0,0,0,0,0,0,0,0,0,0,0,0,0,0
331776,162,1,0,0,0,0,0,-0.00194,0.00145,1.7248,2806,9,1,1,0,2,1,0,0,0,0,0,0,0,0,0,0,0,0,0,0,0
333824,163,1,0,0,0,0,0,-0.00543,0.0005,1.7114,2545,6,0,2,0,4,1,0,0,0,0,0,0,0,0,0,0,0,0,0,0,0
335872,164,1,0,0,0,0,0,-0.00286,0.00335,1.5723,2578,6,2,4,1,2,0,0,0,0,0,0,0,0,0,0,0,0,0,0,0,0
337920,165,1,0,0,0,0,0,-0.00189,0.00155,1.6641,2632,5,1,0,0,9,1,0,0,0,0,0,0,0,0,0,0,0,0,0,0,0
339968,166,1,0,0,0,0,0,-0.00419,0.00339,1.6599,2599,3,0,3,0,5,3,0,0,0,0,0,0,0,0,0,0,0,0,0,0,0
342016,167,1,0,0,0,0,0,-0.00589,0.00269,1.69,2674,7,0,7,1,5,3,0,0,0,0,0,0,0,0,0,0,0,0,0,0,0
344064,168,1,0,0,0,0,0,-0.00467,0.00057,1.6814,2580,3,1,3,0,2,0,0,0,0,0,0,0,0,0,0,0,0,0,0,0,0
346112,169,1,0,0,0,0,0,-0.00249,0.00045,1.7443,2632,8,0,1,0,3,0,0,0,0,0,0,0,0,0,0,0,0,0,0,0,0
348160,170,1,0,0,0,0,0,-0.00384,0.00049,1.7094,2620,4,1,6,0,1,0,0,0,0,0,0,0,0,0,0,0,0,0,0,0,0
350208,171,1,0,0,0,0,0,-0.00266,0.00275,1.6931,2470,1,0,6,0,6,3,0,0,0,0,0,0,0,0,0,0,0,0,0,0,0
352256,172,1,0,0,0,0,0,-0.00376,0.00048,1.7095,2475,4,0,2,0,6,1,0,0,0,0,0,0,0,0,0,0,0,0,0,0,0
354304,173,1,0,0,0,0,0,-0.00443,0.00085,1.7486,2774,1,1,5,0,4,0,0,0,0,0,0,0,0,0,0,0,0,0,0,0,0
356352,174,1,0,0,0,0,0,-0.00446,0.00341,1.724,2519,4,1,4,1,5,3,0,0,0,0,0,0,0,0,0,0,0,0,0,0,0
358400,175,1,0,0,0,0,0,-0.00457,0.00238,1.7154,2721,4,0,5,0,5,1,0,0,0,0,0,0,0,0,0,0,0,0,0,0,0
360448,176,1,0,0,0,0,0,-0.00336,0.00144,1.6407,2747,2,0,4,0,5,2,0,0,0,0,0,0,0,0,0,0,0,0,0,0,0
362496,177,1,0,0,0,0,0,-0.00497,0.00052,1.6252,2606,5,0,5,0,3,1,0,0,0,0,0,0,0,0,0,0,0,0,0,0,0
364544,178,1,0,0,0,0,0,-0.00347,0.00166,1.6113,2572,4,1,4,0,5,1,0,0,0,0,0,0,0,0,0,0,0,0,0,0,0
366592,179,1,0,0,0,0,0,-0.00536,0.00027,1.5879,2663,6,0,6,0,1,0,0,0,0,0,0,0,0,0,0,0,0,0,0,0,0
368640,180,1,0,0,0,0,0,-0.00415,0.00057,1.4835,2634,6,1,5,0,3,2,0,0,0,0,0,0,0,0,0,0,0,0,0,0,0
370688,181,1,0,0,0,0,0,-0.0044,0.00062,1.4862,2545,5,1,2,0,5,1,0,0,0,0,0,0,0,0,0,0,0,0,0,0,0
372736,182,1,0,0,0,0,0,-0.00664,0.00064,1.4802,2499,2,0,5,0,4,1,0,0,0,0,0,0,0,0,0,0,0,0,0,0,0
374784,183,1,0,0,0,0,0,-0.00305,0.00092,1.5119,2536,7,2,1,1,3,1,0,0,0,0,0,0,0,0,0,0,0,0,0,0,0
376832,184,1,0,0,0,0,0,-0.0055,0.00083,1.5093,2550,4,1,3,0,6,1,0,0,0,0,0,0,0,0,0,0,0,0,0,0,0
378880,185,1,0,0,0,0,0,-0.00393,0.00058,1.5295,2473,2,0,6,0,4,1,0,0,0,0,0,0,0,0,0,0,0,0,0,0,0
380928,186,1,0,0,0,0,0,-0.00354,0.00348,1.5732,2609,8,2,5,1,3,2,0,0,0,0,0,0,0,0,0,0,0,0,0,0,0
382976,187,1,0,0,0,0,0,-0.00507,0.00216,1.5383,2606,7,5,1,0,3,1,0,0,0,0,0,0,0,0,0,0,0,0,0,0,0
385024,188,1,0,0,0,0,0,-0.00455,0.00167,1.5543,2474,5,2,5,1,2,0,0,0,0,0,0,0,0,0,0,0,0,0,0,0,0
387072,189,1,0,0,0,0,0,-0.00403,0.00193,1.6161,2645,5,1,7,1,5,0,0,0,0,0,0,0,0,0,0,0,0,0,0,0,0
389120,190,1,0,0,0,0,0,-0.00347,0.00148,1.6039,2617,5,2,7,1,2,1,0,0,0,0,0,0,0,0,0,0,0,0,0,0,0
391168,191,1,0,0,0,0,0,-0.0019,0.00297,1.5539,2603,4,1,5,1,4,2,0,0,0,0,0,0,0,0,0,0,0,0,0,0,0
393216,192,1,0,0,0,0,0,-0.00305,0.00062,1.6201,2402,2,1,3,0,7,2,0,0,0,0,0,0,0,0,0,0,0,0,0,0,0
395264,193,1,0,0,0,0,0,-0.00457,0.00191,1.5798,2522,4,0,4,1,7,4,0,0,0,0,0,0,0,0,0,0,0,0,0,0,0
397312,194,1,0,0,0,0,0,-0.00469,0.00129,1.5867,2577,2,1,5,0,5,4,0,0,0,0,0,0,0,0,0,0,0,0,0,0,0
399360,195,1,0,0,0,0,0,-0.00508,0.00058,1.6392,2543,4,0,5,0,4,2,0,0,0,0,0,0,0,0,0,0,0,0,0,0,0
401408,196,1,0,0,0,0,0,-0.00377,0.00204,1.5321,2546,5,2,6,0,4,1,0,0,0,0,0,0,0,0,0,0,0,0,0,0,0
403456,197,1,0,0,0,0,0,-0.00548,0.00516,1.5213,2638,7,4,5,1,5,3,0,0,0,0,0,0,0,0,0,0,0,0,0,0,0
405504,198,1,0,0,0,0,0,-0.00413,0.00227,1.5184,2718,5,1,5,1,4,2,0,0,0,0,0,0,0,0,0,0,0,0,0,0,0
407552,199,1,0,0,0,0,0,-0.00161,0.00349,1.4578,2724,4,2,6,1,7,2,0,0,0,0,0,0,0,0,0,0,0,0,0,0,0
409600,200,1,0,0,0,0,0,-0.00449,0.00468,1.2792,2744,4,2,4,0,10,7,0,0,0,0,0,0,0,0,0,0,0,0,0,0,0
411648,201,1,0,0,0,0,0,-0.0036,0.00273,1.3608,2810,5,1,6,0,3,2,0,0,0,0,0,0,0,0,0,0,0,0,0,0,0
413696,202,1,0,0,0,0,0,-0.00508,0.00293,1.4798,2700,3,2,4,2,6,4,0,0,0,0,0,0,0,0,0,0,0,0,0,0,0
415744,203,1,0,0,0,0,0,-0.0022,0.0026,1.4731,2449,5,3,5,0,7,3,0,0,0,0,0,0,0,0,0,0,0,0,0,0,0
417792,204,1,0,0,0,0,0,-0.00413,0.00206,1.4114,2599,7,4,0,0,5,3,0,0,0,0,0,0,0,0,0,0,0,0,0,0,0
419840,205,1,0,0,0,0,0,-0.00559,0.00221,1.5168,2598,4,1,3,0,6,3,0,0,0,0,0,0,0,0,0,0,0,0,0,0,0
421888,206,1,0,0,0,0,0,-0.00547,0.00254,1.4509,2522,6,2,6,0,5,4,0,0,0,0,0,0,0,0,0,0,0,0,0,0,0
423936,207,1,0,0,0,0,0,-0.00319,0.00236,1.4446,2652,3,3,8,0,1,0,0,0,0,0,0,0,0,0,0,0,0,0,0,0,0
425984,208,1,0,0,0,0,0,-0.00396,0.00332,1.3973,2696,8,3,8,1,3,1,0,0,0,0,0,0,0,0,0,0,0,0,0,0,0
428032,209,1,0,0,0,0,0,-0.00398,0.00158,1.3665,2778,7,2,6,1,3,0,0,0,0,0,0,0,0,0,0,0,0,0,0,0,0
430080,210,1,0,0,0,0,0,-0.00484,0.00151,1.3189,2600,3,1,4,0,5,3,0,0,0,0,0,0,0,0,0,0,0,0,0,0,0
432128,211,1,0,0,0,0,0,-0.0049,0.00196,1.1636,2517,8,4,3,0,4,3,0,0,0,0,0,0,0,0,0,0,0,0,0,0,0
434176,212,1,0,0,0,0,0,-0.00424,0.00539,1.3455,2579,7,4,2,1,6,5,0,0,0,0,0,0,0,0,0,0,0,0,0,0,0
436224,213,1,0,0,0,0,0,-0.00459,0.00303,1.254,2448,5,3,3,1,8,6,0,0,0,0,0,0,0,0,0,0,0,0,0,0,0
438272,214,1,0,0,0,0,0,-0.00619,0.00292,1.2258,2424,7,6,2,0,7,5,0,0,0,0,0,0,0,0,0,0,0,0,0,0,0
440320,215,1,0,0,0,0,0,-0.00238,0.00379,1.2289,2357,4,3,5,1,6,5,0,0,0,0,0,0,0,0,0,0,0,0,0,0,0
442368,216,1,0,0,0,0,0,-0.00468,0.00387,1.3244,2574,4,2,2,0,7,5,0,0,0,0,0,0,0,0,0,0,0,0,0,0,0
444416,217,1,0,0,0,0,0,-0.00045,0.00301,1.3195,2651,7,4,6,0,5,3,0,0,0,0,0,0,0,0,0,0,0,0,0,0,0
446464,218,1,0,0,0,0,0,-0.00325,0.00261,1.3533,2650,5,1,3,0,8,6,0,0,0,0,0,0,0,0,0,0,0,0,0,0,0
448512,219,1,0,0,0,0,0,-0.00341,0.00387,1.1813,2604,10,6,5,0,4,4,0,0,0,0,0,0,0,0,0,0,0,0,0,0,0
450560,220,1,0,0,0,0,0,-0.00337,0.00403,1.1882,2434,4,3,3,0,7,6,0,0,0,0,0,0,0,0,0,0,0,0,0,0,0
452608,221,1,0,0,0,0,0,-0.0041,0.00448,1.2207,2278,7,2,9,1,8,7,0,0,0,0,0,0,0,0,0,0,0,0,0,0,0
454656,222,1,0,0,0,0,0,-0.00504,0.00461,1.26,2551,5,4,4,2,5,4,0,0,0,0,0,0,0,0,0,0,0,0,0,0,0
456704,223,1,0,0,0,0,0,-0.00377,0.00501,1.265,2478,6,3,6,2,8,7,0,0,0,0,0,0,0,0,0,0,0,0,0,0,0
458752,224,1,0,0,0,0,0,-0.00586,0.00284,1.2438,2670,6,4,8,0,3,1,0,0,0,0,0,0,0,0,0,0,0,0,0,0,0
460800,225,1,0,0,0,0,0,-0.00451,0.00359,1.1601,2503,3,1,5,1,6,3,0,0,0,0,0,0,0,0,0,0,0,0,0,0,0
462848,226,1,0,0,0,0,0,-0.00475,0.00349,1.06,2485,5,3,2,0,5,3,0,0,0,0,0,0,0,0,0,0,0,0,0,0,0
464896,227,1,0,0,0,0,0,-0.0021,0.00566,1.1152,2520,7,4,3,1,9,7,0,0,0,0,0,0,0,0,0,0,0,0,0,0,0
466944,228,1,0,0,0,0,0,-0.00326,0.00357,1.2186,2518,5,5,7,0,5,1,0,0,0,0,0,0,0,0,0,0,0,0,0,0,0
468992,229,1,0,0,0,0,0,-0.00694,0.00355,1.2545,2498,6,3,4,1,5,3,0,0,0,0,0,0,0,0,0,0,0,0,0,0,0
471040,230,1,0,0,0,0,0,-0.00501,0.00656,1.2537,2335,4,3,15,2,6,5,0,0,0,0,0,0,0,0,0,0,0,0,0,0,0
473088,231,1,0,0,0,0,0,-0.00674,0.00347,1.1699,2499,4,1,6,2,6,4,0,0,0,0,0,0,0,0,0,0,0,0,0,0,0
475136,232,1,0,0,0,0,0,-0.00392,0.00173,1.2213,2467,4,1,7,0,3,2,0,0,0,0,0,0,0,0,0,0,0,0,0,0,0
477184,233,1,0,0,0,0,0,-0.00414,0.0064,1.1879,2718,5,3,7,1,7,5,0,0,0,0,0,0,0,0,0,0,0,0,0,0,0
479232,234,1,0,0,0,0,0,-0.00417,0.00587,1.164,2246,7,5,1,0,12,9,0,0,0,0,0,0,0,0,0,0,0,0,0,0,0
481280,235,1,0,0,0,0,0,-0.0039,0.00537,1.1917,2474,7,4,5,0,9,8,0,0,0,0,0,0,0,0,0,0,0,0,0,0,0
483328,236,1,0,0,0,0,0,-0.00476,0.00441,1.1132,2490,7,6,10,0,7,6,0,0,0,0,0,0,0,0,0,0,0,0,0,0,0
485376,237,1,0,0,0,0,0,-0.00445,0.00758,1.1383,2766,8,7,1,0,13,10,0,0,0,0,0,0,0,0,0,0,0,0,0,0,0
487424,238,1,0,0,0,0,0,-0.00575,0.00542,1.1562,2408,6,5,4,1,10,9,0,0,0,0,0,0,0,0,0,0,0,0,0,0,0
489472,239,1,0,0,0,0,0,-0.00454,0.0058,1.1674,2735,7,7,6,0,8,6,0,0,0,0,0,0,0,0,0,0,0,0,0,0,0
491520,240,1,0,0,0,0,0,-0.00654,0.00642,1.1091,2723,9,8,6,1,11,11,0,0,0,0,0,0,0,0,0,0,0,0,0,0,0
493568,241,1,0,0,0,0,0,-0.00682,0.00367,1.1411,2805,6,4,9,0,5,5,0,0,0,0,0,0,0,0,0,0,0,0,0,0,0
495616,242,1,0,0,0,0,0,-0.00546,0.0037,1.1346,2844,4,3,8,2,6,5,0,0,0,0,0,0,0,0,0,0,0,0,0,0,0
497664,243,1,0,0,0,0,0,-0.00488,0.00311,1.1506,2768,5,4,8,0,7,7,0,0,0,0,0,0,0,0,0,0,0,0,0,0,0
499712,244,1,0,0,0,0,0,-0.00052,0.00543,1.1171,2797,9,7,11,3,8,8,0,0,0,0,0,0,0,0,0,0,0,0,0,0,0
501760,245,1,0,0,0,0,0,-0.0066,0.00501,1.0225,2661,11,9,7,1,5,5,0,0,0,0,0,0,0,0,0,0,0,0,0,0,0
503808,246,1,0,0,0,0,0,-0.00703,0.01035,0.975,2547,14,14,10,3,14,14,0,0,0,0,0,0,0,0,0,0,0,0,0,0,0
505856,247,1,0,0,0,0,0,-0.00614,0.00509,1.0405,2448,8,7,5,1,9,9,0,0,0,0,0,0,0,0,0,0,0,0,0,0,0
507904,248,1,0,0,0,0,0,-0.00659,0.00509,1.0739,2649,7,6,13,2,5,5,0,0,0,0,0,0,0,0,0,0,0,0,0,0,0
509952,249,1,0,0,0,0,0,-0.00346,0.00628,1.0418,2641,8,5,3,1,9,7,0,0,0,0,0,0,0,0,0,0,0,0,0,0,0
512000,250,1,0,0,0,0,0,-0.00288,0.00521,0.9314,2724,8,6,10,2,8,8,0,0,0,0,0,0,0,0,0,0,0,0,0,0,0
514048,251,1,0,0,0,0,0,-0.00381,0.00798,0.9578,2641,10,10,14,1,9,7,0,0,0,0,0,0,0,0,0,0,0,0,0,0,0
516096,252,1,0,0,0,0,0,-0.0017,0.00601,0.9562,2464,8,8,12,3,9,9,0,0,0,0,0,0,0,0,0,0,0,0,0,0,0
518144,253,1,0,0,0,0,0,-0.00499,0.00596,0.9234,2892,11,10,8,0,10,9,0,0,0,0,0,0,0,0,0,0,0,0,0,0,0
520192,254,1,0,0,0,0,0,-0.00471,0.00785,0.9066,2554,11,11,7,2,13,12,0,0,0,0,0,0,0,0,0,0,0,0,0,0,0
522240,255,1,0,0,0,0,0,-0.00253,0.0043,0.8296,2397,8,7,10,1,10,9,0,0,0,0,0,0,0,0,0,0,0,0,0,0,0
524288,256,1,0,0,0,0,0,-0.005,0.00872,0.8456,2447,10,10,14,3,11,8,0,0,0,0,0,0,0,0,0,0,0,0,0,0,0
526336,257,1,0,0,0,0,0,-0.00606,0.00612,0.8978,2311,7,7,10,2,12,11,0,0,0,0,0,0,0,0,0,0,0,0,0,0,0
528384,258,1,0,0,0,0,0,-0.00594,0.00603,0.9385,2230,7,6,13,2,13,11,0,0,0,0,0,0,0,0,0,0,0,0,0,0,0
530432,259,1,0,0,0,0,0,-0.00521,0.00691,0.8652,2441,11,10,5,0,11,8,0,0,0,0,0,0,0,0,0,0,0,0,0,0,0
532480,260,1,0,0,0,0,0,-0.00456,0.00641,0.9248,1717,16,16,9,0,12,12,0,0,0,0,0,0,0,0,0,0,0,0,0,0,0
534528,261,1,0,0,0,0,0,-0.00237,0.00488,0.9361,2081,14,14,6,1,9,9,0,0,0,0,0,0,0,0,0,0,0,0,0,0,0
536576,262,1,0,0,0,0,0,-0.00379,0.00649,0.8534,2523,10,9,5,0,12,9,0,0,0,0,0,0,0,0,0,0,0,0,0,0,0
538624,263,1,0,0,0,0,0,-0.0027,0.00584,0.8572,2307,12,12,14,1,12,11,0,0,0,0,0,0,0,0,0,0,0,0,0,0,0
540672,264,1,0,0,0,0,0,-0.00286,0.00637,0.8349,2449,14,14,18,2,11,11,0,0,0,0,0,0,0,0,0,0,0,0,0,0,0
542720,265,1,0,0,0,0,0,-0.00516,0.00748,0.829,2338,16,16,13,5,9,9,0,0,0,0,0,0,0,0,0,0,0,0,0,0,0
544768,266,1,0,0,0,0,0,-0.0034,0.00669,0.7683,2482,16,16,18,4,6,6,0,0,0,0,0,0,0,0,0,0,0,0,0,0,0
546816,267,1,0,0,0,0,0,-0.00453,0.00789,0.8243,2374,15,15,17,3,12,12,0,0,0,0,0,0,0,0,0,0,0,0,0,0,0
548864,268,1,0,0,0,0,0,-0.00419,0.00621,0.798,2703,12,12,7,2,12,11,0,0,0,0,0,0,0,0,0,0,0,0,0,0,0
550912,269,1,0,0,0,0,0,-0.00494,0.00722,0.7524,2543,15,15,10,3,10,10,0,0,0,0,0,0,0,0,0,0,0,0,0,0,0
552960,270,1,0,0,0,0,0,-0.00513,0.00648,0.7396,2513,12,12,12,0,13,12,0,0,0,0,0,0,0,0,0,0,0,0,0,0,0
555008,271,1,0,0,0,0,0,-0.00152,0.0068,0.7607,2372,15,14,11,1,11,11,0,0,0,0,0,0,0,0,0,0,0,0,0,0,0
557056,272,1,0,0,0,0,0,-0.00317,0.00758,0.7792,2560,14,14,15,3,13,12,0,0,0,0,0,0,0,0,0,0,0,0,0,0,0
559104,273,1,0,0,0,0,0,-0.0061,0.00695,0.8524,2654,10,10,8,3,12,11,0,0,0,0,0,0,0,0,0,0,0,0,0,0,0
561152,274,1,0,0,0,0,0,-0.00359,0.00578,0.8504,2574,6,6,9,1,20,18,0,0,0,0,0,0,0,0,0,0,0,0,0,0,0
563200,275,1,0,0,0,0,0,-0.00507,0.00687,0.6962,2572,5,5,12,4,11,10,0,0,0,0,0,0,0,0,0,0,0,0,0,0,0
565248,276,1,0,0,0,0,0,-0.00295,0.00759,0.7133,2453,15,15,14,3,12,11,0,0,0,0,0,0,0,0,0,0,0,0,0,0,0
567296,277,1,0,0,0,0,0,-0.00439,0.00552,0.6589,2558,15,15,13,2,10,10,0,0,0,0,0,0,0,0,0,0,0,0,0,0,0
569344,278,1,0,0,0,0,0,-0.00367,0.00682,0.7672,2462,13,13,12,2,17,15,0,0,0,0,0,0,0,0,0,0,0,0,0,0,0
571392,279,1,0,0,0,0,0,-0.00465,0.00927,0.7082,2570,13,13,20,4,17,16,0,0,0,0,0,0,0,0,0,0,0,0,0,0,0
573440,280,1,0,0,0,0,0,-0.00464,0.00642,0.7104,2555,19,19,15,2,18,18,0,0,0,0,0,0,0,0,0,0,0,0,0,0,0
575488,281,1,0,0,0,0,0,-0.00493,0.0037,0.676,2602,14,14,18,0,13,13,0,0,0,0,0,0,0,0,0,0,0,0,0,0,0
577536,282,1,0,0,0,0,0,-0.00474,0.00655,0.7351,1813,16,16,16,4,16,16,0,0,0,0,0,0,0,0,0,0,0,0,0,0,0
579584,283,1,0,0,0,0,0,-0.00255,0.00388,0.6324,2289,22,22,10,1,8,8,0,0,0,0,0,0,0,0,0,0,0,0,0,0,0
581632,284,1,0,0,0,0,0,-0.00444,0.00529,0.7781,1925,14,14,15,6,11,11,0,0,0,0,0,0,0,0,0,0,0,0,0,0,0
583680,285,1,0,0,0,0,0,-0.00332,0.00635,0.7607,2445,17,17,10,1,21,21,0,0,0,0,0,0,0,0,0,0,0,0,0,0,0
585728,286,1,0,0,0,0,0,-0.00367,0.0048,0.7438,2615,22,22,25,1,10,10,0,0,0,0,0,0,0,0,0,0,0,0,0,0,0
587776,287,1,0,0,0,0,0,-0.00325,0.00407,0.7678,2473,14,14,10,1,11,11,0,0,0,0,0,0,0,0,0,0,0,0,0,0,0
589824,288,1,0,0,0,0,0,-0.00499,0.00545,0.6854,2512,5,5,10,2,19,19,0,0,0,0,0,0,0,0,0,0,0,0,0,0,0
591872,289,1,0,0,0,0,0,0.00096,0.00535,0.6709,2758,16,16,15,1,17,16,0,0,0,0,0,0,0,0,0,0,0,0,0,0,0
593920,290,1,0,0,0,0,0,-0.0033,0.00482,0.7036,2330,16,16,16,3,13,13,0,0,0,0,0,0,0,0,0,0,0,0,0,0,0
595968,291,1,0,0,0,0,0,-0.00536,0.00389,0.7406,2437,11,11,10,0,17,16,0,0,0,0,0,0,0,0,0,0,0,0,0,0,0
598016,292,1,0,0,0,0,0,-0.00184,0.00479,0.6743,2421,15,15,20,3,7,7,0,0,0,0,0,0,0,0,0,0,0,0,0,0,0
600064,293,1,0,0,0,0,0,-0.00752,0.00558,0.7384,2264,14,14,16,3,17,17,0,0,0,0,0,0,0,0,0,0,0,0,0,0,0
602112,294,1,0,0,0,0,0,-0.00428,0.003,0.6994,2311,9,9,10,1,14,14,0,0,0,0,0,0,0,0,0,0,0,0,0,0,0
604160,295,1,0,0,0,0,0,-0.0014,0.00459,0.5845,2277,10,10,10,1,11,11,0,0,0,0,0,0,0,0,0,0,0,0,0,0,0
606208,296,1,0,0,0,0,0,-0.00217,0.00455,0.5974,2048,20,20,9,0,17,16,0,0,0,0,0,0,0,0,0,0,0,0,0,0,0
608256,297,1,0,0,0,0,0,-0.00125,0.00549,0.601,1771,18,18,16,3,16,16,0,0,0,0,0,0,0,0,0,0,0,0,0,0,0
610304,298,1,0,0,0,0,0,-0.00508,0.00553,0.6515,2262,21,21,11,1,17,16,0,0,0,0,0,0,0,0,0,0,0,0,0,0,0
612352,299,1,0,0,0,0,0,-0.00168,0.0034,0.6509,2617,24,24,10,1,17,17,0,0,0,0,0,0,0,0,0,0,0,0,0,0,0
614400,300,1,0,0,0,0,0,-0.00755,0.00621,0.6401,2601,12,12,17,5,14,14,0,0,0,0,0,0,0,0,0,0,0,0,0,0,0
616448,301,1,0,0,0,0,0,-0.00224,0.00398,0.6601,2491,13,13,17,2,10,10,0,0,0,0,0,0,0,0,0,0,0,0,0,0,0
618496,302,1,0,0,0,0,0,-0.00449,0.00412,0.527,2599,17,17,18,2,12,11,0,0,0,0,0,0,0,0,0,0,0,0,0,0,0
620544,303,1,0,0,0,0,0,-0.00298,0.00544,0.5344,2626,15,15,15,4,11,11,0,0,0,0,0,0,0,0,0,0,0,0,0,0,0
622592,304,1,0,0,0,0,0,-0.00411,0.00939,0.589,2846,22,22,22,7,18,18,0,0,0,0,0,0,0,0,0,0,0,0,0,0,0
624640,305,1,0,0,0,0,0,-0.00413,0.00488,0.5086,2476,18,18,13,3,18,18,0,0,0,0,0,0,0,0,0,0,0,0,0,0,0
626688,306,1,0,0,0,0,0,-0.00215,0.0047,0.528,2471,11,11,23,4,14,14,0,0,0,0,0,0,0,0,0,0,0,0,0,0,0
628736,307,1,0,0,0,0,0,-0.00404,0.00726,0.4675,2445,27,27,21,4,16,16,0,0,0,0,0,0,0,0,0,0,0,0,0,0,0
630784,308,1,0,0,0,0,0,0.00105,0.00575,0.5165,2593,14,14,15,4,13,13,0,0,0,0,0,0,0,0,0,0,0,0,0,0,0
632832,309,1,0,0,0,0,0,-0.00316,0.00475,0.5595,2514,23,23,22,3,14,14,0,0,0,0,0,0,0,0,0,0,0,0,0,0,0
634880,310,1,0,0,0,0,0,-0.00375,0.00556,0.5799,2579,25,25,19,3,20,20,0,0,0,0,0,0,0,0,0,0,0,0,0,0,0
636928,311,1,0,0,0,0,0,-0.00454,0.00633,0.5,2642,24,24,24,3,24,24,0,0,0,0,0,0,0,0,0,0,0,0,0,0,0
638976,312,1,0,0,0,0,0,-0.00031,0.00948,0.5014,2482,25,25,19,4,17,17,0,0,0,0,0,0,0,0,0,0,0,0,0,0,0
641024,313,1,0,0,0,0,0,-0.00166,0.0105,0.5624,2557,18,18,20,5,24,24,0,0,0,0,0,0,0,0,0,0,0,0,0,0,0
643072,314,1,0,0,0,0,0,-0.0045,0.0071,0.536,2430,28,28,21,5,21,21,0,0,0,0,0,0,0,0,0,0,0,0,0,0,0
645120,315,1,0,0,0,0,0,-0.00521,0.00627,0.5228,2411,36,36,16,4,22,22,0,0,0,0,0,0,0,0,0,0,0,0,0,0,0
647168,316,1,0,0,0,0,0,-0.00519,0.00648,0.5175,2502,19,19,25,2,22,21,0,0,0,0,0,0,0,0,0,0,0,0,0,0,0
649216,317,1,0,0,0,0,0,-0.00778,0.0047,0.5489,2620,29,29,16,2,24,24,0,0,0,0,0,0,0,0,0,0,0,0,0,0,0
651264,318,1,0,0,0,0,0,-0.00546,0.00536,0.4834,2633,21,21,21,5,19,19,0,0,0,0,0,0,0,0,0,0,0,0,0,0,0
653312,319,1,0,0,0,0,0,-0.00233,0.00362,0.4596,2752,21,21,17,1,21,21,0,0,0,0,0,0,0,0,0,0,0,0,0,0,0
655360,320,1,0,0,0,0,0,-0.00442,0.00745,0.4211,2558,22,22,18,6,14,14,0,0,0,0,0,0,0,0,0,0,0,0,0,0,0
657408,321,1,0,0,0,0,0,-0.00154,0.00752,0.4932,2448,18,18,14,5,16,16,0,0,0,0,0,0,0,0,0,0,0,0,0,0,0
659456,322,1,0,0,0,0,0,-0.00142,0.00414,0.5422,2457,14,14,20,0,23,23,0,0,0,0,0,0,0,0,0,0,0,0,0,0,0
661504,323,1,0,0,0,0,0,-0.00218,0.00299,0.508,2656,15,15,12,1,13,13,0,0,0,0,0,0,0,0,0,0,0,0,0,0,0
663552,324,1,0,0,0,0,0,-0.00398,0.0027,0.4274,2435,19,19,13,2,11,11,0,0,0,0,0,0,0,0,0,0,0,0,0,0,0
665600,325,1,0,0,0,0,0,-0.00137,0.00719,0.4225,2540,22,22,21,6,9,9,0,0,0,0,0,0,0,0,0,0,0,0,0,0,0
667648,326,1,0,0,0,0,0,-0.00211,0.00494,0.4054,2380,11,11,12,4,15,15,0,0,0,0,0,0,0,0,0,0,0,0,0,0,0
669696,327,1,0,0,0,0,0,0.00022,0.00705,0.409,2499,25,25,18,3,24,24,0,0,0,0,0,0,0,0,0,0,0,0,0,0,0
671744,328,1,0,0,0,0,0,0.00147,0.00522,0.436,2314,11,11,15,4,22,22,0,0,0,0,0,0,0,0,0,0,0,0,0,0,0
673792,329,1,0,0,0,0,0,0.00392,0.00414,0.3998,2475,21,21,20,2,17,17,0,0,0,0,0,0,0,0,0,0,0,0,0,0,0
675840,330,1,0,0,0,0,0,-0.00338,0.00323,0.4032,2449,18,18,14,1,22,22,0,0,0,0,0,0,0,0,0,0,0,0,0,0,0
677888,331,1,0,0,0,0,0,0.00188,0.00425,0.4676,2355,10,10,21,2,13,13,0,0,0,0,0,0,0,0,0,0,0,0,0,0,0
679936,332,1,0,0,0,0,0,-0.00401,0.00562,0.4665,2807,16,16,22,6,22,22,0,0,0,0,0,0,0,0,0,0,0,0,0,0,0
681984,333,1,0,0,0,0,0,-0.00166,0.00624,0.4634,2703,21,21,18,5,34,34,0,0,0,0,0,0,0,0,0,0,0,0,0,0,0
684032,334,1,0,0,0,0,0,-0.00569,0.00621,0.4779,2644,21,21,25,6,18,18,0,0,0,0,0,0,0,0,0,0,0,0,0,0,0
686080,335,1,0,0,0,0,0,-0.00146,0.0048,0.4351,2569,20,20,16,4,25,25,0,0,0,0,0,0,0,0,0,0,0,0,0,0,0
688128,336,1,0,0,0,0,0,-0.00184,0.00583,0.3896,2720,23,23,22,6,13,13,0,0,0,0,0,0,0,0,0,0,0,0,0,0,0
690176,337,1,0,0,0,0,0,-0.00241,0.00434,0.3533,2836,13,13,17,4,14,14,0,0,0,0,0,0,0,0,0,0,0,0,0,0,0
692224,338,1,0,0,0,0,0,-0.00069,0.00434,0.3486,2560,14,14,19,5,22,22,0,0,0,0,0,0,0,0,0,0,0,0,0,0,0
694272,339,1,0,0,0,0,0,-0.00417,0.00462,0.3889,2436,26,26,21,5,24,24,0,0,0,0,0,0,0,0,0,0,0,0,0,0,0
696320,340,1,0,0,0,0,0,-0.00148,0.0065,0.3847,2773,14,14,17,6,21,21,0,0,0,0,0,0,0,0,0,0,0,0,0,0,0
698368,341,1,0,0,0,0,0,-0.0044,0.0051,0.3767,2526,26,26,15,4,24,24,0,0,0,0,0,0,0,0,0,0,0,0,0,0,0
700416,342,1,0,0,0,0,0,-0.0057,0.00549,0.349,2625,30,30,22,3,20,20,0,0,0,0,0,0,0,0,0,0,0,0,0,0,0
702464,343,1,0,0,0,0,0,0.00062,0.00654,0.3473,2540,18,18,24,6,13,13,0,0,0,0,0,0,0,0,0,0,0,0,0,0,0
704512,344,1,0,0,0,0,0,-0.00129,0.00636,0.3208,2646,20,20,13,2,17,17,0,0,0,0,0,0,0,0,0,0,0,0,0,0,0
706560,345,1,0,0,0,0,0,-0.00274,0.00363,0.3404,2253,22,22,12,1,22,22,0,0,0,0,0,0,0,0,0,0,0,0,0,0,0
708608,346,1,0,0,0,0,0,-0.0038,0.00479,0.3308,2516,18,17,10,3,16,16,0,0,0,0,0,0,0,0,0,0,0,0,0,0,0
710656,347,1,0,0,0,0,0,-0.0059,0.00431,0.3304,2625,15,15,19,5,11,11,0,0,0,0,0,0,0,0,0,0,0,0,0,0,0
712704,348,1,0,0,0,0,0,-0.00209,0.00422,0.3874,2437,15,15,19,2,26,26,0,0,0,0,0,0,0,0,0,0,0,0,0,0,0
714752,349,1,0,0,0,0,0,0.00166,0.00742,0.3872,2617,24,24,22,9,23,23,0,0,0,0,0,0,0,0,0,0,0,0,0,0,0
716800,350,1,0,0,0,0,0,-0.00655,0.00571,0.3518,2701,21,21,13,6,14,14,0,0,0,0,0,0,0,0,0,0,0,0,0,0,0
718848,351,1,0,0,0,0,0,0.00035,0.00942,0.3858,2651,20,20,24,7,20,19,0,0,0,0,0,0,0,0,0,0,0,0,0,0,0
720896,352,1,0,0,0,0,0,-0.00054,0.00444,0.3526,2363,30,30,15,4,20,20,0,0,0,0,0,0,0,0,0,0,0,0,0,0,0
722944,353,1,0,0,0,0,0,-0.0043,0.00616,0.3742,2311,26,26,18,7,26,26,0,0,0,0,0,0,0,0,0,0,0,0,0,0,0
724992,354,1,0,0,0,0,0,-0.00478,0.0078,0.3655,2451,23,23,24,8,25,25,0,0,0,0,0,0,0,0,0,0,0,0,0,0,0
727040,355,1,0,0,0,0,0,-0.00131,0.00762,0.3673,2532,14,14,24,8,27,27,0,0,0,0,0,0,0,0,0,0,0,0,0,0,0
729088,356,1,0,0,0,0,0,-0.00154,0.00527,0.3317,2703,22,22,18,5,20,20,0,0,0,0,0,0,0,0,0,0,0,0,0,0,0
731136,357,1,0,0,0,0,0,-0.00318,0.00515,0.3024,2680,24,24,17,2,19,19,0,0,0,0,0,0,0,0,0,0,0,0,0,0,0
733184,358,1,0,0,0,0,0,-0.00203,0.00717,0.2861,2635,23,23,19,6,23,23,0,0,0,0,0,0,0,0,0,0,0,0,0,0,0
735232,359,1,0,0,0,0,0,-0.00395,0.00864,0.262,2690,23,23,27,11,14,14,0,0,0,0,0,0,0,0,0,0,0,0,0,0,0
737280,360,1,0,0,0,0,0,-0.00585,0.00861,0.2944,2687,16,16,17,8,20,20,0,0,0,0,0,0,0,0,0,0,0,0,0,0,0
739328,361,1,0,0,0,0,0,-0.00041,0.00776,0.3054,2896,16,16,25,7,18,18,0,0,0,0,0,0,0,0,0,0,0,0,0,0,0
741376,362,1,0,0,0,0,0,-0.00507,0.01015,0.2925,2553,16,16,24,8,15,14,0,0,0,0,0,0,0,0,0,0,0,0,0,0,0
743424,363,1,0,0,0,0,0,-0.00557,0.00568,0.3183,2615,21,21,18,6,13,13,0,0,0,0,0,0,0,0,0,0,0,0,0,0,0
745472,364,1,0,0,0,0,0,-0.00466,0.00672,0.3458,2455,27,27,18,8,20,20,0,0,0,0,0,0,0,0,0,0,0,0,0,0,0
747520,365,1,0,0,0,0,0,-0.00411,0.00969,0.3152,2435,14,14,23,10,11,11,0,0,0,0,0,0,0,0,0,0,0,0,0,0,0
749568,366,1,0,0,0,0,0,-0.00205,0.00795,0.2981,2355,21,21,19,6,24,23,0,0,0,0,0,0,0,0,0,0,0,0,0,0,0
751616,367,1,0,0,0,0,0,-0.00495,0.00974,0.2861,2203,32,32,20,11,21,21,0,0,0,0,0,0,0,0,0,0,0,0,0,0,0
753664,368,1,0,0,0,0,0,-0.00485,0.00898,0.2981,2443,13,13,26,12,20,20,0,0,0,0,0,0,0,0,0,0,0,0,0,0,0
755712,369,1,0,0,0,0,0,-0.0003,0.00814,0.306,2525,27,27,24,6,24,24,0,0,0,0,0,0,0,0,0,0,0,0,0,0,0
757760,370,1,0,0,0,0,0,-0.00532,0.00855,0.3029,2411,20,20,22,13,19,19,0,0,0,0,0,0,0,0,0,0,0,0,0,0,0
759808,371,1,0,0,0,0,0,-0.00292,0.01098,0.2693,2553,13,13,22,10,16,15,0,0,0,0,0,0,0,0,0,0,0,0,0,0,0
761856,372,1,0,0,0,0,0,-0.00048,0.00841,0.2723,2246,18,18,22,7,18,18,0,0,0,0,0,0,0,0,0,0,0,0,0,0,0
763904,373,1,0,0,0,0,0,-0.00275,0.00745,0.3145,2642,23,23,22,9,30,30,0,0,0,0,0,0,0,0,0,0,0,0,0,0,0
765952,374,1,0,0,0,0,0,-0.00334,0.00983,0.2761,2443,21,21,23,11,17,17,0,0,0,0,0,0,0,0,0,0,0,0,0,0,0
768000,375,1,0,0,0,0,0,-0.00399,0.00655,0.3112,2570,14,14,17,8,22,21,0,0,0,0,0,0,0,0,0,0,0,0,0,0,0
770048,376,1,0,0,0,0,0,-0.00649,0.009,0.2807,2630,23,23,23,10,19,19,0,0,0,0,0,0,0,0,0,0,0,0,0,0,0
772096,377,1,0,0,0,0,0,-0.0049,0.01035,0.284,2586,29,29,29,12,23,23,0,0,0,0,0,0,0,0,0,0,0,0,0,0,0
774144,378,1,0,0,0,0,0,-0.00569,0.01045,0.3304,2614,25,25,22,17,31,31,0,0,0,0,0,0,0,0,0,0,0,0,0,0,0
776192,379,1,0,0,0,0,0,-0.00543,0.00864,0.2859,2707,24,24,19,8,20,19,0,0,0,0,0,0,0,0,0,0,0,0,0,0,0
778240,380,1,0,0,0,0,0,0.00127,0.01338,0.3353,2569,15,15,35,20,33,33,0,0,0,0,0,0,0,0,0,0,0,0,0,0,0
780288,381,1,0,0,0,0,0,-0.00262,0.01095,0.3081,2615,16,16,25,14,22,22,0,0,0,0,0,0,0,0,0,0,0,0,0,0,0
782336,382,1,0,0,0,0,0,-0.00323,0.00719,0.3193,2601,19,19,24,13,31,31,0,0,0,0,0,0,0,0,0,0,0,0,0,0,0
784384,383,1,0,0,0,0,0,-0.00344,0.00917,0.3289,2669,28,28,24,16,30,30,0,0,0,0,0,0,0,0,0,0,0,0,0,0,0
786432,384,1,0,0,0,0,0,-0.00487,0.00872,0.3389,2557,23,23,23,13,24,24,0,0,0,0,0,0,0,0,0,0,0,0,0,0,0
788480,385,1,0,0,0,0,0,-0.00439,0.01026,0.3341,2624,24,24,27,16,21,21,0,0,0,0,0,0,0,0,0,0,0,0,0,0,0
790528,386,1,0,0,0,0,0,-0.00533,0.00886,0.3136,2615,33,33,26,13,35,35,0,0,0,0,0,0,0,0,0,0,0,0,0,0,0
792576,387,1,0,0,0,0,0,-0.00513,0.00684,0.2377,2518,33,33,17,9,18,18,0,0,0,0,0,0,0,0,0,0,0,0,0,0,0
794624,388,1,0,0,0,0,0,-0.00444,0.01031,0.2636,2440,18,18,32,12,20,20,0,0,0,0,0,0,0,0,0,0,0,0,0,0,0
796672,389,1,0,0,0,0,0,-0.00053,0.00975,0.2626,2598,28,28,28,12,20,20,0,0,0,0,0,0,0,0,0,0,0,0,0,0,0
798720,390,1,0,0,0,0,0,-0.00584,0.00942,0.2921,2420,32,32,27,12,40,40,0,0,0,0,0,0,0,0,0,0,0,0,0,0,0
800768,391,1,0,0,0,0,0,-0.0026,0.01011,0.2747,2649,41,41,26,16,28,28,0,0,0,0,0,0,0,0,0,0,0,0,0,0,0
802816,392,1,0,0,0,0,0,-0.00572,0.00731,0.2854,2651,25,25,24,18,29,29,0,0,0,0,0,0,0,0,0,0,0,0,0,0,0
804864,393,1,0,0,0,0,0,-0.00131,0.01207,0.3218,2655,23,23,35,18,29,29,0,0,0,0,0,0,0,0,0,0,0,0,0,0,0
806912,394,1,0,0,0,0,0,-0.0049,0.00967,0.2922,2683,29,29,22,10,24,24,0,0,0,0,0,0,0,0,0,0,0,0,0,0,0
808960,395,1,0,0,0,0,0,-0.00392,0.00992,0.3006,2828,33,33,25,12,26,26,0,0,0,0,0,0,0,0,0,0,0,0,0,0,0
811008,396,1,0,0,0,0,0,-0.00325,0.01349,0.2785,2649,22,22,30,20,28,28,0,0,0,0,0,0,0,0,0,0,0,0,0,0,0
813056,397,1,0,0,0,0,0,0.00028,0.01172,0.2643,2565,26,26,22,11,32,32,0,0,0,0,0,0,0,0,0,0,0,0,0,0,0
815104,398,1,0,0,0,0,0,-0.00633,0.01258,0.2624,2541,28,28,29,14,28,28,0,0,0,0,0,0,0,0,0,0,0,0,0,0,0
817152,399,1,0,0,0,0,0,-0.00568,0.01201,0.2622,2621,28,28,29,16,30,30,0,0,0,0,0,0,0,0,0,0,0,0,0,0,0
819200,400,1,0,0,0,0,0,-0.00464,0.01046,0.2076,2750,34,34,30,19,21,21,0,0,0,0,0,0,0,0,0,0,0,0,0,0,0
821248,401,1,0,0,0,0,0,-0.00375,0.01298,0.2617,2644,19,19,33,23,25,25,0,0,0,0,0,0,0,0,0,0,0,0,0,0,0
823296,402,1,0,0,0,0,0,-0.00307,0.01012,0.2389,2538,29,29,28,21,25,25,0,0,0,0,0,0,0,0,0,0,0,0,0,0,0
825344,403,1,0,0,0,0,0,-0.00343,0.01291,0.2642,2562,21,21,31,18,27,27,0,0,0,0,0,0,0,0,0,0,0,0,0,0,0
827392,404,1,0,0,0,0,0,-0.00146,0.00788,0.2475,2579,18,18,26,16,27,27,0,0,0,0,0,0,0,0,0,0,0,0,0,0,0
829440,405,1,0,0,0,0,0,0.0001,0.01021,0.2856,2434,23,23,27,17,31,31,0,0,0,0,0,0,0,0,0,0,0,0,0,0,0
831488,406,1,0,0,0,0,0,0.00063,0.01065,0.2763,2739,31,31,23,16,40,39,0,0,0,0,0,0,0,0,0,0,0,0,0,0,0
833536,407,1,0,0,0,0,0,-0.00298,0.00886,0.2557,2795,22,22,25,14,31,31,0,0,0,0,0,0,0,0,0,0,0,0,0,0,0
835584,408,1,0,0,0,0,0,-0.00279,0.01216,0.2574,2865,28,28,32,22,33,33,0,0,0,0,0,0,0,0,0,0,0,0,0,0,0
837632,409,1,0,0,0,0,0,-0.00364,0.00927,0.2475,2849,27,27,25,15,31,31,0,0,0,0,0,0,0,0,0,0,0,0,0,0,0
839680,410,1,0,0,0,0,0,-0.00248,0.01297,0.2818,2445,16,16,36,21,28,28,0,0,0,0,0,0,0,0,0,0,0,0,0,0,0
841728,411,1,0,0,0,0,0,0.00441,0.00869,0.2529,2404,26,26,24,19,37,37,0,0,0,0,0,0,0,0,0,0,0,0,0,0,0
843776,412,1,0,0,0,0,0,-0.00296,0.01172,0.2902,2607,35,35,39,21,36,36,0,0,0,0,0,0,0,0,0,0,0,0,0,0,0
845824,413,1,0,0,0,0,0,-0.00208,0.00998,0.2785,2546,31,31,29,19,37,37,0,0,0,0,0,0,0,0,0,0,0,0,0,0,0
847872,414,1,0,0,0,0,0,-0.0051,0.00976,0.2648,2510,38,38,23,13,27,27,0,0,0,0,0,0,0,0,0,0,0,0,0,0,0
849920,415,1,0,0,0,0,0,0.00901,0.00808,0.2428,2588,33,33,28,21,22,22,0,0,0,0,0,0,0,0,0,0,0,0,0,0,0
851968,416,1,0,0,0,0,0,0.00064,0.00811,0.2521,2559,33,33,31,22,25,25,0,0,0,0,0,0,0,0,0,0,0,0,0,0,0
854016,417,1,0,0,0,0,0,-0.00557,0.00804,0.2704,2541,31,31,24,19,27,27,0,0,0,0,0,0,0,0,0,0,0,0,0,0,0
856064,418,1,0,0,0,0,0,0.00179,0.01034,0.2653,2352,31,31,32,25,23,23,0,0,0,0,0,0,0,0,0,0,0,0,0,0,0
858112,419,1,0,0,0,0,0,0.00087,0.00653,0.2598,2406,32,32,24,19,35,35,0,0,0,0,0,0,0,0,0,0,0,0,0,0,0
860160,420,1,0,0,0,0,0,0.00158,0.00796,0.2489,2756,32,32,28,20,24,24,0,0,0,0,0,0,0,0,0,0,0,0,0,0,0
862208,421,1,0,0,0,0,0,-0.00336,0.01332,0.2321,2512,32,32,46,31,25,25,0,0,0,0,0,0,0,0,0,0,0,0,0,0,0
864256,422,1,0,0,0,0,0,-0.00503,0.00616,0.217,2589,35,35,23,18,33,33,0,0,0,0,0,0,0,0,0,0,0,0,0,0,0
866304,423,1,0,0,0,0,0,-0.00179,0.00728,0.2408,2531,21,21,30,23,33,33,0,0,0,0,0,0,0,0,0,0,0,0,0,0,0
868352,424,1,0,0,0,0,0,-0.00579,0.00907,0.2427,2675,31,31,33,24,34,34,0,0,0,0,0,0,0,0,0,0,0,0,0,0,0
870400,425,1,0,0,0,0,0,-0.00036,0.00759,0.2536,2645,31,31,36,29,34,34,0,0,0,0,0,0,0,0,0,0,0,0,0,0,0
872448,426,1,0,0,0,0,0,-0.002,0.0106,0.2489,2595,29,29,33,24,32,32,0,0,0,0,0,0,0,0,0,0,0,0,0,0,0
874496,427,1,0,0,0,0,0,-0.00032,0.01092,0.2326,2545,33,33,34,24,32,31,0,0,0,0,0,0,0,0,0,0,0,0,0,0,0
876544,428,1,0,0,0,0,0,-0.0007,0.00813,0.2732,2485,24,24,28,22,38,38,0,0,0,0,0,0,0,0,0,0,0,0,0,0,0
878592,429,1,0,0,0,0,0,-0.00221,0.00801,0.2321,2572,28,28,29,23,31,31,0,0,0,0,0,0,0,0,0,0,0,0,0,0,0
880640,430,1,0,0,0,0,0,-0.00049,0.0099,0.2204,2555,22,22,28,21,25,25,0,0,0,0,0,0,0,0,0,0,0,0,0,0,0
882688,431,1,0,0,0,0,0,-0.00199,0.00819,0.2102,2270,21,21,22,16,25,25,0,0,0,0,0,0,0,0,0,0,0,0,0,0,0
884736,432,1,0,0,0,0,0,-0.00513,0.01008,0.2453,2583,33,33,36,30,32,32,0,0,0,0,0,0,0,0,0,0,0,0,0,0,0
886784,433,1,0,0,0,0,0,-0.00396,0.00743,0.2469,2552,38,38,31,25,29,29,0,0,0,0,0,0,0,0,0,0,0,0,0,0,0
888832,434,1,0,0,0,0,0,-0.00163,0.00648,0.2058,2507,24,24,21,16,19,19,0,0,0,0,0,0,0,0,0,0,0,0,0,0,0
890880,435,1,0,0,0,0,0,-0.00523,0.00761,0.2638,2465,22,22,25,15,30,30,0,0,0,0,0,0,0,0,0,0,0,0,0,0,0
892928,436,1,0,0,0,0,0,-0.00075,0.00745,0.2692,2653,27,27,24,18,26,26,0,0,0,0,0,0,0,0,0,0,0,0,0,0,0
894976,437,1,0,0,0,0,0,-0.00561,0.01025,0.2601,2400,43,43,32,21,25,25,0,0,0,0,0,0,0,0,0,0,0,0,0,0,0
897024,438,1,0,0,0,0,0,-0.00446,0.00991,0.256,2539,35,35,28,21,25,25,0,0,0,0,0,0,0,0,0,0,0,0,0,0,0
899072,439,1,0,0,0,0,0,-0.00063,0.00686,0.1949,2702,16,16,19,13,17,17,0,0,0,0,0,0,0,0,0,0,0,0,0,0,0
901120,440,1,0,0,0,0,0,-0.00156,0.00921,0.234,2757,32,32,26,19,28,28,0,0,0,0,0,0,0,0,0,0,0,0,0,0,0
903168,441,1,0,0,0,0,0,-0.00346,0.00911,0.2687,2458,22,22,32,26,31,31,0,0,0,0,0,0,0,0,0,0,0,0,0,0,0
905216,442,1,0,0,0,0,0,-0.00486,0.00864,0.2647,2582,32,32,28,22,31,31,0,0,0,0,0,0,0,0,0,0,0,0,0,0,0
907264,443,1,0,0,0,0,0,0.00036,0.00638,0.2328,2405,31,31,23,19,45,45,0,0,0,0,0,0,0,0,0,0,0,0,0,0,0
909312,444,1,0,0,0,0,0,0.00114,0.00815,0.252,2313,30,30,29,23,39,39,0,0,0,0,0,0,0,0,0,0,0,0,0,0,0
911360,445,1,0,0,0,0,0,-0.00506,0.00749,0.2975,2387,32,32,31,23,52,52,0,0,0,0,0,0,0,0,0,0,0,0,0,0,0
913408,446,1,0,0,0,0,0,-0.00495,0.0059,0.2607,2477,38,38,29,25,40,40,0,0,0,0,0,0,0,0,0,0,0,0,0,0,0
915456,447,1,0,0,0,0,0,-0.00113,0.00765,0.2353,2547,46,46,35,24,32,32,0,0,0,0,0,0,0,0,0,0,0,0,0,0,0
917504,448,1,0,0,0,0,0,-0.00379,0.00804,0.2352,2524,37,37,26,18,38,38,0,0,0,0,0,0,0,0,0,0,0,0,0,0,0
919552,449,1,0,0,0,0,0,0.0034,0.00788,0.2181,2366,40,40,36,27,33,33,0,0,0,0,0,0,0,0,0,0,0,0,0,0,0
921600,450,1,0,0,0,0,0,0.00032,0.0083,0.2098,2435,35,35,27,18,27,27,0,0,0,0,0,0,0,0,0,0,0,0,0,0,0
923648,451,1,0,0,0,0,0,0.0006,0.00964,0.2257,2606,34,34,33,27,24,24,0,0,0,0,0,0,0,0,0,0,0,0,0,0,0
925696,452,1,0,0,0,0,0,0.00206,0.00897,0.214,2714,28,28,31,23,34,34,0,0,0,0,0,0,0,0,0,0,0,0,0,0,0
927744,453,1,0,0,0,0,0,0.00348,0.01045,0.226,2284,20,20,34,26,37,37,0,0,0,0,0,0,0,0,0,0,0,0,0,0,0
929792,454,1,0,0,0,0,0,-0.00106,0.01121,0.205,2441,29,29,41,30,25,25,0,0,0,0,0,0,0,0,0,0,0,0,0,0,0
931840,455,1,0,0,0,0,0,-0.00342,0.00979,0.222,2539,35,35,35,24,33,33,0,0,0,0,0,0,0,0,0,0,0,0,0,0,0
933888,456,1,0,0,0,0,0,0.0001,0.00734,0.2196,2491,35,35,32,27,37,37,0,0,0,0,0,0,0,0,0,0,0,0,0,0,0
935936,457,1,0,0,0,0,0,-0.00101,0.00847,0.2362,2482,32,32,34,29,31,31,0,0,0,0,0,0,0,0,0,0,0,0,0,0,0
937984,458,1,0,0,0,0,0,0.00282,0.00637,0.2163,2721,40,40,32,27,37,37,0,0,0,0,0,0,0,0,0,0,0,0,0,0,0
940032,459,1,0,0,0,0,0,-0.00241,0.00688,0.197,2709,23,23,36,32,21,21,0,0,0,0,0,0,0,0,0,0,0,0,0,0,0
942080,460,1,0,0,0,0,0,-0.00221,0.00663,0.2041,2433,40,40,34,29,31,31,0,0,0,0,0,0,0,0,0,0,0,0,0,0,0
944128,461,1,0,0,0,0,0,-0.00115,0.00711,0.2353,2609,32,32,41,34,45,45,0,0,0,0,0,0,0,0,0,0,0,0,0,0,0
946176,462,1,0,0,0,0,0,-0.00487,0.00688,0.2288,2684,36,36,33,27,20,20,0,0,0,0,0,0,0,0,0,0,0,0,0,0,0
948224,463,1,0,0,0,0,0,-0.0022,0.00611,0.1966,2496,34,34,25,21,34,34,0,0,0,0,0,0,0,0,0,0,0,0,0,0,0
950272,464,1,0,0,0,0,0,-0.002,0.01116,0.21,2583,37,37,38,27,38,38,0,0,0,0,0,0,0,0,0,0,0,0,0,0,0
952320,465,1,0,0,0,0,0,0.00032,0.01153,0.2087,2562,33,33,43,32,40,40,0,0,0,0,0,0,0,0,0,0,0,0,0,0,0
954368,466,1,0,0,0,0,0,-0.00162,0.01134,0.2023,2580,42,42,39,25,36,36,0,0,0,0,0,0,0,0,0,0,0,0,0,0,0
956416,467,1,0,0,0,0,0,-0.00205,0.00941,0.2182,2596,39,39,41,33,45,45,0,0,0,0,0,0,0,0,0,0,0,0,0,0,0
958464,468,1,0,0,0,0,0,-0.00096,0.00629,0.2005,2709,39,39,34,29,33,33,0,0,0,0,0,0,0,0,0,0,0,0,0,0,0
960512,469,1,0,0,0,0,0,-0.00089,0.00931,0.2052,2698,38,38,37,27,37,37,0,0,0,0,0,0,0,0,0,0,0,0,0,0,0
962560,470,1,0,0,0,0,0,-0.00127,0.0089,0.2,2660,41,41,39,31,39,39,0,0,0,0,0,0,0,0,0,0,0,0,0,0,0
964608,471,1,0,0,0,0,0,-0.00259,0.01043,0.2173,2559,39,39,34,25,47,47,0,0,0,0,0,0,0,0,0,0,0,0,0,0,0
966656,472,1,0,0,0,0,0,-0.0004,0.00664,0.2041,2624,37,37,26,22,31,31,0,0,0,0,0,0,0,0,0,0,0,0,0,0,0
968704,473,1,0,0,0,0,0,-0.00209,0.00782,0.1956,2704,26,26,21,13,35,35,0,0,0,0,0,0,0,0,0,0,0,0,0,0,0
970752,474,1,0,0,0,0,0,-0.00389,0.01057,0.1929,2863,39,39,36,28,34,34,0,0,0,0,0,0,0,0,0,0,0,0,0,0,0
972800,475,1,0,0,0,0,0,-0.00347,0.00853,0.1804,2758,44,44,37,32,34,34,0,0,0,0,0,0,0,0,0,0,0,0,0,0,0
974848,476,1,0,0,0,0,0,-0.00418,0.01152,0.1812,2574,28,28,37,30,34,34,0,0,0,0,0,0,0,0,0,0,0,0,0,0,0
976896,477,1,0,0,0,0,0,-0.00125,0.00805,0.1953,2499,32,32,26,21,37,37,0,0,0,0,0,0,0,0,0,0,0,0,0,0,0
978944,478,1,0,0,0,0,0,-0.00072,0.01042,0.201,2531,41,41,36,28,43,43,0,0,0,0,0,0,0,0,0,0,0,0,0,0,0
980992,479,1,0,0,0,0,0,0.00229,0.00773,0.2091,2402,36,36,35,29,43,43,0,0,0,0,0,0,0,0,0,0,0,0,0,0,0
983040,480,1,0,0,0,0,0,1e-05,0.00866,0.1877,2615,42,42,43,35,32,32,0,0,0,0,0,0,0,0,0,0,0,0,0,0,0
985088,481,1,0,0,0,0,0,-0.00064,0.00789,0.197,2433,41,41,36,30,30,30,0,0,0,0,0,0,0,0,0,0,0,0,0,0,0
987136,482,1,0,0,0,0,0,-0.00393,0.00601,0.1959,2671,26,26,33,29,29,29,0,0,0,0,0,0,0,0,0,0,0,0,0,0,0
989184,483,1,0,0,0,0,0,0.0002,0.01034,0.1661,2555,25,25,32,21,36,36,0,0,0,0,0,0,0,0,0,0,0,0,0,0,0
991232,484,1,0,0,0,0,0,-0.00177,0.01156,0.1702,2401,36,36,31,26,46,46,0,0,0,0,0,0,0,0,0,0,0,0,0,0,0
993280,485,1,0,0,0,0,0,-0.003,0.01,0.173,2691,37,37,36,28,30,30,0,0,0,0,0,0,0,0,0,0,0,0,0,0,0
995328,486,1,0,0,0,0,0,8e-05,0.00851,0.1746,2840,46,46,36,31,37,37,0,0,0,0,0,0,0,0,0,0,0,0,0,0,0
997376,487,1,0,0,0,0,0,-0.00049,0.01275,0.1828,2728,44,44,44,34,37,37,0,0,0,0,0,0,0,0,0,0,0,0,0,0,0
999424,488,1,0,0,0,0,0,-0.00397,0.01079,0.2053,2566,36,36,39,30,33,33,0,0,0,0,0,0,0,0,0,0,0,0,0,0,0
1001472,489,1,0,0,0,0,0,-0.00414,0.00718,0.2254,2207,37,37,29,23,41,41,0,0,0,0,0,0,0,0,0,0,0,0,0,0,0
1003520,490,1,0,0,0,0,0,0.00059,0.01045,0.1952,2508,38,38,43,34,26,26,0,0,0,0,0,0,0,0,0,0,0,0,0,0,0
1005568,491,1,0,0,0,0,0,-0.00348,0.00697,0.2148,2457,51,51,34,26,37,37,0,0,0,0,0,0,0,0,0,0,0,0,0,0,0
1007616,492,1,0,0,0,0,0,-0.00125,0.01004,0.1966,2440,31,31,43,35,26,26,0,0,0,0,0,0,0,0,0,0,0,0,0,0,0
1009664,493,1,0,0,0,0,0,-0.00108,0.00958,0.2154,2497,30,30,41,33,33,33,0,0,0,0,0,0,0,0,0,0,0,0,0,0,0
1011712,494,1,0,0,0,0,0,-0.00554,0.00899,0.1808,2504,39,39,41,37,36,36,0,0,0,0,0,0,0,0,0,0,0,0,0,0,0
1013760,495,1,0,0,0,0,0,-0.00234,0.00884,0.1808,2525,33,33,33,25,36,36,0,0,0,0,0,0,0,0,0,0,0,0,0,0,0
1015808,496,1,0,0,0,0,0,-0.00297,0.0083,0.2038,2542,28,28,33,26,29,29,0,0,0,0,0,0,0,0,0,0,0,0,0,0,0
1017856,497,1,0,0,0,0,0,-0.00228,0.0079,0.2123,2643,43,43,42,35,35,35,0,0,0,0,0,0,0,0,0,0,0,0,0,0,0
1019904,498,1,0,0,0,0,0,-0.00103,0.00534,0.1778,2632,39,39,31,27,39,39,0,0,0,0,0,0,0,0,0,0,0,0,0,0,0
1021952,499,1,0,0,0,0,0,-0.00271,0.00707,0.1837,2412,24,24,37,31,37,37,0,0,0,0,0,0,0,0,0,0,0,0,0,0,0
1024000,500,1,0,0,0,0,0,0.0002,0.00863,0.1909,2725,45,45,45,36,40,40,0,0,0,0,0,0,0,0,0,0,0,0,0,0,0
1026048,501,1,0,0,0,0,0,-1e-05,0.00949,0.2024,2783,44,44,39,30,43,43,0,0,0,0,0,0,0,0,0,0,0,0,0,0,0
1028096,502,1,0,0,0,0,0,-0.0028,0.00637,0.2121,2566,35,35,39,35,36,36,0,0,0,0,0,0,0,0,0,0,0,0,0,0,0
1030144,503,1,0,0,0,0,0,-0.0003,0.00602,0.2213,2757,44,44,33,29,31,31,0,0,0,0,0,0,0,0,0,0,0,0,0,0,0
1032192,504,1,0,0,0,0,0,-0.00198,0.0066,0.1993,2596,25,25,26,19,27,27,0,0,0,0,0,0,0,0,0,0,0,0,0,0,0
1034240,505,1,0,0,0,0,0,-0.0001,0.00728,0.1864,2387,35,35,26,15,38,38,0,0,0,0,0,0,0,0,0,0,0,0,0,0,0
1036288,506,1,0,0,0,0,0,0.00209,0.00745,0.2442,2690,28,28,26,22,24,24,0,0,0,0,0,0,0,0,0,0,0,0,0,0,0
1038336,507,1,0,0,0,0,0,-0.00222,0.00665,0.2503,2575,21,21,26,21,23,23,0,0,0,0,0,0,0,0,0,0,0,0,0,0,0
1040384,508,1,0,0,0,0,0,-0.00436,0.01149,0.2451,2487,15,15,37,28,29,28,0,0,0,0,0,0,0,0,0,0,0,0,0,0,0
1042432,509,1,0,0,0,0,0,-0.00347,0.00807,0.1597,2313,36,36,28,22,23,23,0,0,0,0,0,0,0,0,0,0,0,0,0,0,0
1044480,510,1,0,0,0,0,0,-0.0017,0.01184,0.1924,2301,30,30,43,32,37,37,0,0,0,0,0,0,0,0,0,0,0,0,0,0,0
1046528,511,1,0,0,0,0,0,-0.00027,0.00766,0.2373,2264,35,35,24,20,23,23,0,0,0,0,0,0,0,0,0,0,0,0,0,0,0
1048576,512,1,0,0,0,0,0,-0.00157,0.01052,0.2718,2568,19,19,26,25,37,35,0,0,0,0,0,0,0,0,0,0,0,0,0,0,0
1050624,513,1,0,0,0,0,0,-0.00341,0.00976,0.2265,2336,36,36,30,25,33,32,0,0,0,0,0,0,0,0,0,0,0,0,0,0,0
1052672,514,1,0,0,0,0,0,-0.00033,0.00837,0.1813,2557,26,26,46,40,36,36,0,0,0,0,0,0,0,0,0,0,0,0,0,0,0
1054720,515,1,0,0,0,0,0,-0.00144,0.00523,0.1849,2173,42,42,40,37,36,36,0,0,0,0,0,0,0,0,0,0,0,0,0,0,0
1056768,516,1,0,0,0,0,0,-0.00179,0.00459,0.1909,2316,34,34,31,29,36,36,0,0,0,0,0,0,0,0,0,0,0,0,0,0,0
1064711,517,2,173,61,45,64,3,-0.00025,0.03241,1.0986,4079,0,0,0,0,0,0,651,694,703,31,9,31,1,26,7,0,1,4,29,33,1
1072748,518,2,127,37,26,52,12,-4e-05,0.01868,1.0985,3831,0,0,0,0,0,0,652,684,712,21,7,23,6,12,3,0,3,4,16,29,3
1080706,519,2,162,67,35,53,7,-0.00054,0.03221,1.098,3842,0,0,0,0,0,0,683,655,710,30,12,29,1,29,5,0,3,8,18,24,3
1088683,520,2,161,66,40,44,11,-0.00041,0.02953,1.0964,4051,0,0,0,0,0,0,646,731,671,24,11,22,0,32,10,0,5,10,19,22,6
1096672,521,2,157,63,37,50,7,-0.00139,0.02554,1.0881,4058,0,0,0,0,0,0,637,748,663,31,13,27,5,28,7,0,2,4,17,23,0
1104646,522,2,144,59,33,41,11,-0.00037,0.02452,1.0453,4012,0,0,0,0,0,0,504,933,611,16,8,16,3,36,7,0,5,7,18,25,3
1112640,523,2,137,50,44,36,7,-0.00107,0.01967,1.0639,3824,0,0,0,0,0,0,505,943,600,13,11,17,1,32,11,0,3,5,22,19,3
1120664,524,2,139,59,34,31,15,-0.00116,0.02202,1.0132,4066,0,0,0,0,0,0,494,978,576,15,11,15,4,35,6,1,5,9,17,15,6
1128707,525,2,128,48,26,40,14,-0.002,0.02014,1.0684,4146,0,0,0,0,0,0,436,1002,610,11,6,19,4,34,6,0,7,3,14,21,3
1136653,526,2,152,54,42,52,4,-0.00355,0.02488,1.07,4261,0,0,0,0,0,0,556,817,675,22,12,25,1,31,5,0,3,1,25,27,0
1144684,527,2,136,54,29,42,11,-0.00295,0.0239,1.0363,4367,0,0,0,0,0,0,472,996,580,15,8,14,0,37,6,0,6,2,15,28,5
1152640,528,2,168,74,45,43,6,-0.00938,0.03387,1.0454,4224,0,0,0,0,0,0,421,983,644,11,10,21,1,59,8,0,3,4,27,22,2
1160596,529,2,168,76,33,53,6,-0.00491,0.02917,1.0327,3733,0,0,0,0,0,0,521,761,766,12,4,21,1,60,5,0,2,4,24,32,3
1168473,530,2,214,107,47,57,3,-0.01582,0.03699,0.9517,3950,0,0,0,0,0,0,482,733,833,12,8,20,1,89,8,0,1,6,31,37,1
1176404,531,2,199,102,44,51,2,-0.00434,0.03134,0.9233,4147,0,0,0,0,0,0,429,744,875,6,8,21,1,95,8,0,0,1,28,30,1
1184289,532,2,214,132,45,32,5,-0.00668,0.03378,0.804,4105,0,0,0,0,0,0,376,881,791,10,11,11,0,122,10,1,2,0,24,20,3
1192173,533,2,205,127,42,31,5,-0.00401,0.0301,0.7204,4098,0,0,0,0,0,0,301,900,847,4,6,8,0,121,11,1,2,2,25,22,3
1200029,534,2,219,145,42,29,3,-0.00173,0.03285,0.6152,4023,0,0,0,0,0,0,213,1033,802,5,6,12,0,138,6,0,3,2,30,17,0
1207863,535,2,242,164,50,26,2,-0.00444,0.03124,0.5602,4141,0,0,0,0,0,0,199,907,942,2,6,8,0,160,6,0,1,2,38,18,1
1215659,536,2,269,186,49,31,3,-0.00347,0.03291,0.4986,3992,0,0,0,0,0,0,180,920,948,8,6,6,0,178,6,3,2,0,37,22,1
1223490,537,2,246,176,43,23,4,-0.00269,0.03075,0.4588,3973,0,0,0,0,0,0,163,961,924,1,7,4,0,174,3,0,4,1,33,19,0
1231411,538,2,205,146,33,19,7,-0.00227,0.03052,0.3628,3672,0,0,0,0,0,0,114,1185,749,1,2,3,0,145,7,0,7,0,24,16,0
1239257,539,2,257,172,49,30,6,-0.00229,0.03326,0.3872,4001,0,0,0,0,0,0,166,1031,851,4,6,12,0,168,10,3,6,0,33,15,0
1247112,540,2,232,152,46,28,6,-0.00174,0.02913,0.37,3972,0,0,0,0,0,0,122,1027,899,3,5,7,0,148,5,2,5,1,36,19,1
1254938,541,2,254,168,57,24,5,-0.00283,0.03175,0.2836,4009,0,0,0,0,0,0,106,1061,881,2,7,5,0,166,10,1,5,0,40,18,0
1262788,542,2,241,163,48,24,6,-0.00226,0.02925,0.2788,3805,0,0,0,0,0,0,76,1027,945,2,2,3,0,161,5,3,6,0,41,18,0
1270603,543,2,248,177,44,22,5,-0.00151,0.03092,0.2409,3993,0,0,0,0,0,0,71,1007,970,1,0,2,0,175,14,2,5,1,30,18,0
1278399,544,2,294,211,51,27,5,0.00057,0.03039,0.2719,3849,0,0,0,0,0,0,73,951,1024,0,1,0,0,210,3,1,5,1,47,26,0
1286250,545,2,237,150,54,22,11,-0.00236,0.02792,0.1963,3931,0,0,0,0,0,0,68,1148,832,1,4,3,1,148,9,0,10,1,41,19,0
1294067,546,2,259,184,39,30,6,-0.00218,0.02864,0.1836,4079,0,0,0,0,0,0,45,1002,1001,1,1,3,0,183,6,2,6,0,32,25,0
1301861,547,2,286,202,55,23,6,-6e-05,0.02929,0.1709,4050,0,0,0,0,0,0,38,1050,960,2,2,1,0,198,7,0,6,2,46,22,0
1309708,548,2,250,179,42,24,5,-0.00073,0.02702,0.1469,4119,0,0,0,0,0,0,46,1090,912,2,2,2,0,177,6,0,5,0,34,22,0
1317515,549,2,268,185,43,31,9,-0.0008,0.02743,0.1702,4105,0,0,0,0,0,0,38,1111,899,1,0,5,0,184,5,4,9,0,38,22,0
1325348,550,2,259,170,56,25,8,-0.00134,0.0282,0.1745,3962,0,0,0,0,0,0,37,1044,967,0,1,0,0,169,3,3,8,1,52,22,0
1333202,551,2,239,173,38,20,8,-0.00157,0.02207,0.1642,3991,0,0,0,0,0,0,27,1124,897,0,0,0,0,173,6,1,8,0,32,19,0
1340981,552,2,283,211,45,25,2,-0.0003,0.02834,0.1639,3655,0,0,0,0,0,0,52,1015,981,1,2,5,0,210,8,1,2,0,35,19,0
1348810,553,2,253,163,48,38,4,-0.00052,0.03268,0.1698,3966,0,0,0,0,0,0,60,1078,910,0,0,5,0,163,9,2,4,0,39,31,0
1356661,554,2,267,174,52,31,10,-0.00091,0.02809,0.1564,3838,0,0,0,0,0,0,53,1072,923,0,2,4,0,174,6,0,10,0,44,27,0
1364527,555,2,244,176,39,22,7,-0.00046,0.02635,0.1381,4168,0,0,0,0,0,0,41,1178,829,1,2,3,0,174,7,0,7,1,30,19,0
1372338,556,2,248,176,37,25,10,-0.00055,0.02607,0.1496,3828,0,0,0,0,0,0,57,1114,877,2,2,2,0,173,4,1,10,1,31,22,0
1380161,557,2,267,179,49,33,6,-0.00072,0.02807,0.1667,3880,0,0,0,0,0,0,40,1029,979,0,0,2,0,179,7,1,6,0,42,30,0
1387921,558,2,288,196,59,27,6,-0.00113,0.02673,0.1866,3901,0,0,0,0,0,0,58,1027,963,0,4,3,0,196,3,1,6,0,52,23,0
1395730,559,2,266,188,51,23,4,-0.00033,0.02781,0.1895,4097,0,0,0,0,0,0,76,1019,953,0,1,3,0,188,12,3,4,0,38,17,0
1403605,560,2,240,161,51,21,7,-0.00201,0.0241,0.2352,4112,0,0,0,0,0,0,66,1185,797,3,4,2,0,158,9,0,7,0,38,19,0
1411430,561,2,257,186,46,19,6,-0.00283,0.02509,0.2247,3856,0,0,0,0,0,0,76,1145,827,1,2,5,0,185,6,1,6,0,38,13,0
1419269,562,2,265,187,52,22,4,-0.00187,0.02688,0.2114,3562,0,0,0,0,0,0,70,1086,892,1,3,4,0,186,4,2,4,0,45,16,0
1427139,563,2,253,187,38,22,6,-0.00172,0.02623,0.2105,3557,0,0,0,0,0,0,66,1150,832,4,2,2,0,183,6,0,6,0,30,20,0
1434982,564,2,260,181,52,18,9,-0.00326,0.02518,0.2072,4017,0,0,0,0,0,0,41,1173,834,2,0,2,0,179,5,2,9,0,47,14,0
1442865,565,2,222,161,34,19,8,-0.00065,0.02273,0.1834,4112,0,0,0,0,0,0,68,1207,773,0,1,2,0,161,5,1,8,0,28,16,0
1450655,566,2,283,200,53,23,7,-0.00179,0.02656,0.178,3865,0,0,0,0,0,0,50,1069,929,6,2,2,0,194,10,0,7,0,41,21,0
1458431,567,2,284,183,68,29,4,0.00048,0.02885,0.1408,3749,0,0,0,0,0,0,55,1041,952,0,2,3,0,183,8,2,4,0,58,24,0
1466267,568,2,234,163,34,25,12,-0.00093,0.02433,0.1166,3963,0,0,0,0,0,0,39,1157,852,1,2,3,0,162,3,2,11,0,29,20,1
1474099,569,2,262,192,41,23,6,-0.00084,0.02248,0.1147,3799,0,0,0,0,0,0,41,1006,1001,0,2,4,0,192,5,1,6,0,34,18,0
1481925,570,2,256,181,48,17,10,-0.00094,0.0257,0.1083,3769,0,0,0,0,0,0,49,1087,912,3,1,4,0,178,4,1,8,0,43,12,2
1489750,571,2,266,188,44,28,6,-0.00168,0.02433,0.0998,3996,0,0,0,0,0,0,35,1078,935,0,2,3,0,188,7,2,6,0,35,23,0
1497671,572,2,223,151,41,17,14,0.00025,0.02203,0.0878,3910,0,0,0,0,0,0,33,1237,778,1,2,4,0,150,4,0,14,0,35,13,0
1505509,573,2,252,170,57,20,5,-0.00066,0.02634,0.1083,3857,0,0,0,0,0,0,37,1030,981,0,2,1,0,170,10,2,4,0,45,17,1
1513364,574,2,238,159,45,25,9,-0.00143,0.02583,0.1065,3920,0,0,0,0,0,0,31,1214,803,1,3,1,0,158,7,0,9,0,35,24,0
1521204,575,2,268,190,50,19,9,-0.00155,0.02475,0.1333,3876,0,0,0,0,0,0,51,1089,908,1,3,2,0,189,5,1,9,0,42,16,0
1529077,576,2,245,169,42,27,7,-0.00215,0.02633,0.1335,4053,0,0,0,0,0,0,64,1079,905,4,3,3,0,165,7,2,7,0,32,22,0
1536929,577,2,248,169,42,26,11,-0.00106,0.02585,0.1532,3889,0,0,0,0,0,0,44,1067,937,1,1,3,0,168,4,1,10,0,37,22,1
1544708,578,2,271,196,49,19,7,-0.00041,0.0246,0.1476,4003,0,0,0,0,0,0,56,978,1014,2,1,4,0,194,5,1,7,0,43,14,0
1552558,579,2,243,158,53,23,9,-0.00112,0.02579,0.1011,3988,0,0,0,0,0,0,52,1121,875,3,4,3,1,155,7,1,8,0,42,19,0
1560426,580,2,236,173,43,11,9,-0.00143,0.01926,0.0564,4021,0,0,0,0,0,0,23,1190,835,2,3,1,0,171,4,1,9,0,36,9,0
1568254,581,2,247,183,38,18,8,0.00024,0.02281,0.0658,4192,0,0,0,0,0,0,19,1101,928,1,0,1,0,181,6,3,7,1,32,14,1
1576094,582,2,246,175,38,25,8,-0.00069,0.02164,0.0654,3988,0,0,0,0,0,0,28,1137,883,1,0,2,0,174,6,4,8,0,32,19,0
1583890,583,2,278,189,59,24,6,-0.00103,0.02645,0.0666,3974,0,0,0,0,0,0,23,1080,945,2,1,2,0,186,12,2,6,1,46,20,0
1591720,584,2,267,190,36,34,7,-0.00086,0.02686,0.0768,4040,0,0,0,0,0,0,25,1044,979,1,0,2,0,189,2,1,7,0,34,31,0
1599544,585,2,276,187,52,31,6,-0.00048,0.02933,0.0723,3919,0,0,0,0,0,0,28,969,1051,2,1,5,0,185,7,2,6,0,44,24,0
1607450,586,2,216,145,43,19,9,-0.00117,0.02303,0.0434,3787,0,0,0,0,0,0,23,1162,863,0,0,0,0,144,4,5,9,1,39,14,0
1615316,587,2,241,174,37,19,11,-0.00062,0.02177,0.045,3944,0,0,0,0,0,0,21,1158,869,1,0,0,0,173,4,1,11,0,33,18,0
1623137,588,2,258,172,56,22,8,-0.00077,0.02545,0.0532,4021,0,0,0,0,0,0,15,1074,959,0,2,1,0,172,6,1,8,0,48,20,0
1630994,589,2,237,159,45,23,10,-0.0011,0.02314,0.0822,4029,0,0,0,0,0,0,31,1130,887,1,1,3,0,158,8,1,10,0,36,19,0
1638858,590,2,252,184,39,20,9,-0.00122,0.02225,0.0573,3688,0,0,0,0,0,0,18,1056,974,0,1,1,0,184,4,1,9,0,34,18,0
1646672,591,2,260,189,41,22,8,-0.00038,0.02286,0.0599,3717,0,0,0,0,0,0,19,1124,905,0,1,2,0,189,5,1,8,0,35,19,0
1654544,592,2,245,166,45,23,11,-0.00047,0.02328,0.0643,3871,0,0,0,0,0,0,28,1136,884,1,0,3,0,165,7,1,11,0,38,19,0
1662337,593,2,279,201,52,19,7,-0.00027,0.02276,0.0601,3933,0,0,0,0,0,0,28,1034,986,2,0,3,0,199,1,2,7,0,51,14,0
1670165,594,2,255,174,45,27,9,-0.00091,0.02357,0.078,3905,0,0,0,0,0,0,16,1116,916,0,0,1,0,174,5,2,9,0,40,24,0
1678020,595,2,258,173,43,36,6,-0.00122,0.02956,0.1042,3844,0,0,0,0,0,0,25,1092,931,1,0,1,0,172,6,2,6,0,37,33,0
1685788,596,2,294,227,36,26,5,-0.00044,0.02615,0.1079,3954,0,0,0,0,0,0,46,997,1005,3,2,2,0,224,4,0,5,0,30,24,0
1693621,597,2,252,182,41,23,6,-0.00063,0.02284,0.1142,3787,0,0,0,0,0,0,43,1108,897,1,1,2,0,181,5,0,6,0,35,21,0
1701447,598,2,284,181,65,30,8,-0.00015,0.02749,0.1036,3977,0,0,0,0,0,0,57,1048,943,1,1,6,1,180,11,1,7,0,53,23,0
1709256,599,2,274,181,57,27,9,-0.00058,0.02259,0.1035,4037,0,0,0,0,0,0,50,1090,908,1,1,4,0,180,8,0,9,0,48,23,0
1717098,600,2,242,178,46,13,5,-0.0006,0.01814,0.0902,3954,0,0,0,0,0,0,39,1140,869,4,1,0,0,174,7,1,5,0,38,12,0
1724926,601,2,289,199,60,21,9,-0.00081,0.02242,0.0955,4068,0,0,0,0,0,0,53,1024,971,3,0,6,0,196,1,2,9,0,59,13,0
1732764,602,2,247,179,39,22,7,-0.00018,0.02062,0.0832,3935,0,0,0,0,0,0,39,1120,889,1,0,4,0,178,5,1,7,0,34,17,0
1740593,603,2,264,185,48,23,8,-0.00156,0.02369,0.0856,4226,0,0,0,0,0,0,44,1112,892,2,0,8,0,183,6,5,8,0,42,10,0
1748472,604,2,257,174,55,17,11,9e-05,0.02283,0.0877,3907,0,0,0,0,0,0,31,1124,893,2,1,2,0,172,10,1,11,0,44,14,0
1756260,605,2,275,200,52,17,6,-0.00064,0.02384,0.0701,3780,0,0,0,0,0,0,29,986,1033,1,1,1,0,199,9,0,5,0,42,16,1
1764059,606,2,279,195,55,22,7,0.00014,0.02073,0.0757,4193,0,0,0,0,0,0,27,1093,928,2,1,4,0,193,3,2,7,0,51,16,0
1771883,607,2,277,171,68,33,5,-0.00192,0.02918,0.062,4297,0,0,0,0,0,0,30,1061,957,0,3,6,0,171,12,1,5,0,53,26,0
1779710,608,2,269,186,49,28,6,-0.00048,0.02253,0.0718,3976,0,0,0,0,0,0,28,1057,963,1,1,3,0,185,8,1,6,0,40,24,0
1787495,609,2,268,184,57,18,9,-0.00099,0.02435,0.0716,4184,0,0,0,0,0,0,20,1084,944,2,0,1,0,182,9,3,9,0,48,14,0
1795296,610,2,263,198,41,19,5,-0.00023,0.02129,0.0765,4141,0,0,0,0,0,0,33,1103,912,2,2,0,0,196,6,2,5,0,33,17,0
1803168,611,2,243,176,35,24,8,-0.00074,0.02207,0.0893,3899,0,0,0,0,0,0,40,1094,914,1,0,3,0,175,4,1,7,0,31,20,1
1810971,612,2,281,200,46,31,4,-0.0011,0.02494,0.0988,4089,0,0,0,0,0,0,61,1023,964,1,3,6,0,199,4,3,4,0,39,22,0
1818750,613,2,274,207,45,15,7,-0.00048,0.02167,0.1112,4042,0,0,0,0,0,0,44,1098,906,2,0,1,0,205,3,0,7,0,42,14,0
1826542,614,2,273,179,59,29,6,-0.00163,0.02564,0.1102,4052,0,0,0,0,0,0,56,1069,923,1,1,6,0,178,6,0,5,0,52,23,1
1834366,615,2,257,179,43,25,10,-0.00154,0.02475,0.1474,3861,0,0,0,0,0,0,65,983,1000,0,1,3,0,179,4,4,9,0,38,18,1
1842175,616,2,267,189,49,23,6,-0.00081,0.02238,0.1609,4148,0,0,0,0,0,0,107,1085,856,2,2,11,0,187,3,0,6,0,44,12,0
1850031,617,2,251,180,42,22,7,-0.00405,0.02263,0.1574,4509,0,0,0,0,0,0,66,1171,811,3,2,8,0,177,5,0,7,0,35,14,0
1857816,618,2,277,202,49,21,5,-0.0013,0.02149,0.1658,4348,0,0,0,0,0,0,113,1030,905,2,0,13,0,200,4,1,5,0,45,7,0
1865579,619,2,265,198,50,15,2,-0.00289,0.02005,0.18,4359,0,0,0,0,0,0,115,1050,883,4,3,7,0,194,6,0,2,0,41,8,0
1873414,620,2,249,168,54,18,9,-0.00235,0.02169,0.1763,4285,0,0,0,0,0,0,115,1169,764,2,5,6,0,166,6,1,9,0,43,11,0
1881279,621,2,239,171,40,21,7,-0.0023,0.02522,0.1631,4375,0,0,0,0,0,0,134,1135,779,3,3,12,0,168,5,0,7,0,32,9,0
1889119,622,2,243,177,37,19,10,0.00031,0.02092,0.1657,4320,0,0,0,0,0,0,118,1171,759,6,1,10,0,171,10,0,10,0,26,9,0
1896918,623,2,276,201,41,28,6,-0.00231,0.02508,0.1661,3866,0,0,0,0,0,0,139,1015,894,3,2,16,0,198,5,1,6,0,34,11,0
1904776,624,2,250,180,46,19,5,-0.00171,0.02131,0.1221,3973,0,0,0,0,0,0,97,1096,855,0,0,7,0,180,6,3,5,0,40,9,0
1912633,625,2,230,171,38,14,7,-0.00215,0.01952,0.1437,4394,0,0,0,0,0,0,138,1091,819,5,3,7,1,166,5,1,6,0,30,6,0
1920485,626,2,244,170,43,20,11,-0.00043,0.02121,0.146,4331,0,0,0,0,0,0,139,1063,846,4,5,10,1,166,5,2,9,0,33,8,1
1928336,627,2,262,177,55,22,8,-0.00182,0.02335,0.134,4512,0,0,0,0,0,0,120,1055,873,1,2,11,0,176,6,0,8,0,47,11,0
1936189,628,2,243,178,46,12,7,-0.00118,0.01897,0.1447,4494,0,0,0,0,0,0,146,1114,788,2,4,6,0,176,5,0,7,0,37,6,0
1944048,629,2,261,177,50,24,10,-0.00349,0.02502,0.1396,4073,0,0,0,0,0,0,114,1113,821,3,1,10,0,174,10,1,10,0,39,13,0
1951900,630,2,246,176,41,18,11,-0.00116,0.02005,0.1245,3850,0,0,0,0,0,0,143,1153,752,6,2,12,0,170,5,2,11,0,34,4,0
1959750,631,2,245,172,49,17,7,-0.00129,0.02079,0.1166,4055,0,0,0,0,0,0,123,1088,837,5,2,9,0,167,7,2,7,0,40,6,0
1967542,632,2,268,191,52,21,4,-0.00108,0.02341,0.1127,4211,0,0,0,0,0,0,137,1051,860,1,3,9,0,190,8,1,4,0,41,11,0
1975404,633,2,240,160,45,25,10,-0.00014,0.0226,0.0991,4295,0,0,0,0,0,0,111,1155,782,0,0,13,0,160,8,1,10,0,37,11,0
1983200,634,2,284,201,48,26,9,-0.00256,0.0214,0.1035,4079,0,0,0,0,0,0,139,1063,846,3,2,9,0,198,4,0,9,0,42,17,0
1990966,635,2,286,200,62,18,6,-0.0009,0.02169,0.0883,4000,0,0,0,0,0,0,120,1045,883,3,6,8,0,197,5,1,6,0,51,9,0
1998740,636,2,280,205,52,20,3,-0.00107,0.02214,0.0991,3915,0,0,0,0,0,0,121,1055,872,1,2,11,0,204,5,1,3,0,45,8,0
2006540,637,2,280,202,54,20,4,-0.00207,0.02196,0.1103,4192,0,0,0,0,0,0,119,981,948,2,4,8,0,200,3,0,4,0,47,12,0
2014327,638,2,285,209,53,20,3,0.00068,0.02285,0.1148,4100,0,0,0,0,0,0,126,1035,887,3,3,11,0,206,5,1,3,0,45,8,0
2022159,639,2,253,188,43,15,7,-0.00168,0.01781,0.0995,4039,0,0,0,0,0,0,113,1121,814,6,1,11,0,182,8,0,7,0,34,4,0
2029970,640,2,277,194,56,17,10,0.00162,0.02181,0.1071,4196,0,0,0,0,0,0,93,1125,830,3,0,8,0,191,5,1,10,0,51,8,0
2037840,641,2,239,162,47,20,10,-0.0003,0.02018,0.1059,3980,0,0,0,0,0,0,110,1180,758,2,1,7,0,160,9,1,10,0,37,12,0
2045686,642,2,278,189,62,17,10,-0.00097,0.02259,0.1148,4182,0,0,0,0,0,0,114,1095,839,2,3,8,0,187,7,1,10,0,52,8,0
2053543,643,2,231,157,47,18,9,-0.00053,0.02022,0.1091,4120,0,0,0,0,0,0,122,1136,790,4,1,10,0,153,10,2,9,0,36,6,0
2061283,644,2,301,221,52,23,5,-0.00084,0.02262,0.1135,4014,0,0,0,0,0,0,107,989,952,1,0,9,0,220,6,0,5,0,46,14,0
2069101,645,2,260,203,29,23,5,-0.00192,0.02431,0.1106,4026,0,0,0,0,0,0,115,1060,873,7,1,9,0,196,3,1,5,0,25,13,0
2076933,646,2,262,179,45,30,8,-0.00156,0.02228,0.0949,4151,0,0,0,0,0,0,109,994,945,6,1,17,0,173,7,3,7,0,37,10,1
2084753,647,2,263,191,49,16,7,-0.00238,0.01845,0.1055,3975,0,0,0,0,0,0,92,1138,818,1,0,5,0,190,9,1,7,0,40,10,0
2092562,648,2,283,200,58,18,7,-0.00184,0.0212,0.1057,4085,0,0,0,0,0,0,106,1011,931,4,2,9,0,196,6,2,6,0,50,7,1
2100357,649,2,275,196,52,19,8,-0.0009,0.02263,0.1096,4345,0,0,0,0,0,0,81,1049,918,3,2,6,0,193,6,1,7,0,44,12,1
2108197,650,2,255,184,39,25,7,-0.00161,0.02195,0.1043,4410,0,0,0,0,0,0,98,1105,845,3,3,14,0,181,9,0,7,0,27,11,0
2115983,651,2,275,191,57,22,5,-0.00131,0.02236,0.1222,4218,0,0,0,0,0,0,94,1064,890,3,3,5,0,188,8,0,5,0,46,17,0
2123773,652,2,265,184,52,25,4,-0.0019,0.0238,0.1116,4327,0,0,0,0,0,0,99,1095,854,0,5,14,0,184,10,2,4,0,37,9,0
2131592,653,2,277,187,59,24,7,-0.00104,0.02324,0.1128,4098,0,0,0,0,0,0,104,1020,924,5,2,9,0,182,7,2,7,0,50,13,0
2139355,654,2,286,192,66,23,5,-0.00163,0.02424,0.1119,3999,0,0,0,0,0,0,84,974,990,5,0,8,0,187,10,0,4,0,56,15,1
2147148,655,2,275,195,51,23,6,-0.00066,0.02325,0.1094,4270,0,0,0,0,0,0,81,1013,954,3,3,9,0,192,5,2,6,0,43,12,0
2154976,656,2,248,178,38,22,10,-0.00216,0.01935,0.0915,4253,0,0,0,0,0,0,77,1158,813,3,0,10,0,175,5,0,10,0,33,12,0
2162780,657,2,277,197,51,24,5,-0.00124,0.02261,0.1111,4199,0,0,0,0,0,0,71,1022,955,8,2,3,0,189,9,0,5,0,40,21,0
2170558,658,2,266,198,44,20,4,-0.00072,0.02259,0.1056,4063,0,0,0,0,0,0,74,1075,899,5,2,8,0,193,5,1,4,0,37,11,0
2178379,659,2,257,186,42,18,11,-0.0008,0.02023,0.091,3972,0,0,0,0,0,0,69,1128,851,0,0,8,0,186,5,0,11,0,37,10,0
2186228,660,2,256,194,38,18,6,-0.00129,0.01918,0.0762,4118,0,0,0,0,0,0,54,1116,878,1,1,3,0,193,3,2,6,0,34,13,0
2194059,661,2,258,185,48,18,7,-0.00162,0.02127,0.0895,4181,0,0,0,0,0,0,50,1056,942,0,0,5,0,185,7,0,7,0,41,13,0
2201935,662,2,228,154,51,11,12,-0.00075,0.01868,0.0791,4153,0,0,0,0,0,0,38,1209,801,0,2,1,0,154,6,2,12,0,43,8,0
2209766,663,2,238,170,34,24,10,-0.00113,0.01903,0.0871,3964,0,0,0,0,0,0,63,1231,754,1,2,4,0,168,4,1,10,1,28,19,0
2217623,664,2,247,170,51,19,7,-0.00121,0.02004,0.0942,3984,0,0,0,0,0,0,59,1116,873,0,0,7,0,170,8,0,7,0,43,12,0
2225395,665,2,293,224,45,19,5,-0.00132,0.01904,0.1122,3809,0,0,0,0,0,0,61,971,1016,2,1,1,0,222,3,3,5,0,41,15,0
2233200,666,2,279,199,55,18,7,-0.00042,0.01817,0.1034,4121,0,0,0,0,0,0,58,1039,951,4,3,2,0,195,5,0,7,0,47,16,0
2241035,667,2,268,182,51,27,8,7e-05,0.02037,0.1234,4293,0,0,0,0,0,0,79,1056,913,0,0,6,0,182,5,1,8,0,46,20,0
2248878,668,2,263,177,51,26,9,0.00062,0.02047,0.1244,4188,0,0,0,0,0,0,85,1124,839,4,1,9,0,173,7,1,9,0,43,16,0
2256658,669,2,295,206,59,25,5,-0.00161,0.02152,0.1508,4113,0,0,0,0,0,0,139,1043,866,3,2,9,0,203,9,1,5,0,48,15,0
2264471,670,2,270,190,50,22,8,-0.00115,0.02105,0.1528,4127,0,0,0,0,0,0,147,1060,841,4,0,12,0,186,8,2,8,0,42,8,0
2272281,671,2,266,184,54,22,6,-0.00226,0.02115,0.138,4257,0,0,0,0,0,0,110,1105,833,4,4,4,0,180,9,2,6,0,41,16,0
2280127,672,2,259,182,43,26,8,-0.00122,0.02151,0.1372,4258,0,0,0,0,0,0,113,1081,854,1,0,5,0,181,3,4,8,0,40,17,0
2287942,673,2,269,194,48,22,5,-0.0034,0.02159,0.1407,4139,0,0,0,0,0,0,139,1045,864,2,5,7,0,192,7,1,4,0,36,14,1
2295795,674,2,242,165,45,20,12,-0.00138,0.01977,0.1389,4232,0,0,0,0,0,0,148,1135,765,3,4,8,0,162,6,2,11,0,35,10,1
2303605,675,2,263,182,48,24,9,-0.00109,0.02408,0.1476,4014,0,0,0,0,0,0,152,1082,814,4,6,19,1,178,5,1,8,0,37,4,0
2311442,676,2,274,193,43,30,8,-0.00077,0.02216,0.1615,4296,0,0,0,0,0,0,158,1091,799,3,5,17,0,190,6,1,8,0,32,12,0
2319243,677,2,275,186,55,28,6,-0.00116,0.02617,0.1732,4330,0,0,0,0,0,0,171,1025,852,3,2,16,0,183,8,0,5,0,45,12,1
2327100,678,2,243,167,49,17,10,0.0007,0.01829,0.1511,4010,0,0,0,0,0,0,137,1166,745,1,3,9,0,166,5,0,10,0,41,8,0
2334951,679,2,258,188,41,23,6,-0.00189,0.01815,0.1376,4148,0,0,0,0,0,0,161,1088,799,2,6,14,0,186,3,2,6,0,32,7,0
2342776,680,2,255,173,48,25,9,-0.00205,0.02251,0.1472,4159,0,0,0,0,0,0,160,1088,800,2,2,17,0,171,8,0,9,0,38,8,0
2350601,681,2,267,192,52,16,7,-0.00149,0.022,0.1367,4252,0,0,0,0,0,0,132,1120,796,6,1,9,0,186,5,0,7,0,46,7,0
2358447,682,2,286,200,51,27,8,-0.00179,0.02265,0.1191,4445,0,0,0,0,0,0,93,1054,901,3,5,8,0,197,3,0,8,0,43,19,0
2366297,683,2,235,172,40,11,12,-0.00201,0.01588,0.0963,4292,0,0,0,0,0,0,74,1200,774,2,1,2,0,170,5,1,11,0,34,8,1
2374128,684,2,261,180,52,24,5,-0.00171,0.02211,0.1065,4491,0,0,0,0,0,0,102,1104,842,2,3,8,0,178,11,1,5,0,38,15,0
2381990,685,2,252,173,52,16,11,-0.00207,0.01968,0.099,4407,0,0,0,0,0,0,68,1174,806,0,4,7,0,173,7,1,11,0,41,8,0
2389854,686,2,239,167,44,18,10,-0.00139,0.01853,0.081,4343,0,0,0,0,0,0,63,1177,808,3,2,5,0,164,4,1,10,0,38,12,0
2397692,687,2,264,180,55,21,8,-0.00153,0.019,0.0895,4359,0,0,0,0,0,0,57,1129,862,1,3,6,0,179,6,0,8,0,46,15,0
2405524,688,2,250,178,51,14,7,-0.00146,0.0184,0.1055,4384,0,0,0,0,0,0,61,1173,814,5,1,2,0,173,7,3,7,0,43,9,0
2413339,689,2,265,197,39,22,7,-0.00132,0.01965,0.1305,4237,0,0,0,0,0,0,86,1047,915,2,1,6,0,195,3,2,7,0,35,14,0
2421191,690,2,263,180,52,22,9,-0.00035,0.01734,0.1205,4431,0,0,0,0,0,0,84,1134,830,5,6,7,0,175,4,4,9,0,42,11,0
2429022,691,2,254,175,51,19,9,-0.00249,0.01849,0.1058,4189,0,0,0,0,0,0,102,1097,849,4,0,8,0,171,6,1,9,0,45,10,0
2436786,692,2,296,205,62,23,6,-0.00245,0.02273,0.1141,4113,0,0,0,0,0,0,100,1047,901,2,3,8,1,203,7,2,5,0,52,13,0
2444644,693,2,274,189,47,30,8,-0.00068,0.02157,0.1131,4213,0,0,0,0,0,0,120,1017,911,4,2,14,0,185,7,2,7,0,38,14,1
2452526,694,2,243,165,41,27,10,-0.00162,0.02005,0.0849,4169,0,0,0,0,0,0,86,1181,781,2,1,13,0,163,3,1,10,0,37,13,0
2460285,695,2,295,200,56,30,9,-0.00235,0.02397,0.0995,4106,0,0,0,0,0,0,94,1002,952,3,0,15,0,197,9,1,9,0,47,14,0
2468151,696,2,256,186,43,20,7,-0.00027,0.01925,0.0896,4102,0,0,0,0,0,0,83,1127,838,0,3,6,0,186,5,0,7,0,35,14,0
2475993,697,2,261,181,46,26,8,-0.0015,0.0192,0.1012,4038,0,0,0,0,0,0,95,1094,859,2,1,6,0,179,5,2,8,0,40,18,0
2483831,698,2,268,192,49,18,9,-0.00146,0.01572,0.099,3941,0,0,0,0,0,0,94,1097,857,2,3,7,0,190,7,0,8,0,39,11,1
2491689,699,2,252,179,41,26,6,-0.00212,0.01806,0.1144,3778,0,0,0,0,0,0,137,1142,769,2,1,12,0,177,10,1,6,0,30,13,0
2499533,700,2,259,184,43,26,6,-0.00128,0.01978,0.117,4164,0,0,0,0,0,0,122,1078,848,3,1,14,0,181,7,1,6,0,35,11,0
2507327,701,2,282,188,66,23,5,-0.0012,0.02193,0.1419,4076,0,0,0,0,0,0,127,1030,891,3,1,8,0,185,10,2,5,0,55,13,0
2515160,702,2,242,158,50,25,9,-0.00225,0.0188,0.1182,4263,0,0,0,0,0,0,147,1142,759,5,4,14,0,153,8,4,9,0,38,7,0
2523010,703,2,252,176,46,22,8,-0.00164,0.0184,0.1101,4086,0,0,0,0,0,0,146,1087,815,6,3,12,0,170,7,2,8,0,36,8,0
2530824,704,2,269,181,52,32,4,-0.00079,0.02273,0.1138,3942,0,0,0,0,0,0,144,1082,822,6,5,15,0,175,2,5,4,0,45,12,0
2538691,705,2,233,164,39,20,10,-0.00111,0.01775,0.0948,4036,0,0,0,0,0,0,147,1140,761,6,1,13,0,158,5,1,10,0,33,6,0
2546508,706,2,276,188,54,26,8,0.00084,0.02007,0.1137,4227,0,0,0,0,0,0,182,1043,823,4,3,19,0,184,4,3,8,0,47,4,0
2554320,707,2,274,195,53,19,7,-0.00179,0.01838,0.1186,4244,0,0,0,0,0,0,208,1053,787,6,7,12,0,189,6,0,7,0,40,7,0
2562161,708,2,258,177,44,29,8,-0.00105,0.01877,0.1098,4333,0,0,0,0,0,0,214,1077,757,4,6,22,0,173,5,2,8,0,33,5,0
2569995,709,2,270,180,55,26,9,-0.00144,0.02101,0.1122,4494,0,0,0,0,0,0,216,1027,805,2,6,22,0,178,7,0,8,0,42,4,1
2577820,710,2,266,181,54,23,8,0.00016,0.02102,0.0972,4170,0,0,0,0,0,0,218,1155,675,8,6,13,0,173,8,1,8,0,40,9,0
2585662,711,2,260,177,55,20,8,-0.00188,0.01861,0.0943,4361,0,0,0,0,0,0,193,1129,726,7,6,15,0,170,10,2,8,0,39,3,0
2593473,712,2,269,196,49,16,8,-0.00059,0.01685,0.0922,4298,0,0,0,0,0,0,206,1072,770,6,10,11,0,190,7,1,8,0,32,4,0
2601307,713,2,257,187,41,19,10,-0.00148,0.01752,0.0991,4032,0,0,0,0,0,0,217,1094,737,3,5,14,0,184,9,1,10,0,27,4,0
2609141,714,2,263,194,43,21,5,-0.00128,0.01716,0.1048,4117,0,0,0,0,0,0,226,1066,756,4,6,18,0,190,6,1,5,0,31,2,0
2616976,715,2,262,183,52,21,6,-0.00084,0.02138,0.1067,3829,0,0,0,0,0,0,190,1076,782,4,3,16,0,179,11,1,6,0,38,4,0
2624814,716,2,248,177,44,17,10,-0.00171,0.01628,0.108,4153,0,0,0,0,0,0,214,1083,751,2,5,15,0,175,4,0,10,0,35,2,0
2632705,717,2,247,169,56,17,5,-0.00126,0.01757,0.0991,2999,0,0,0,0,0,0,167,1147,734,5,3,10,0,164,8,2,5,0,45,5,0
2640527,718,2,258,185,42,22,9,-0.00276,0.01804,0.1112,4547,0,0,0,0,0,0,200,1120,728,5,8,15,0,180,6,3,9,0,28,4,0
2648319,719,2,302,199,66,32,5,-0.00182,0.02268,0.1172,4366,0,0,0,0,0,0,201,979,868,7,5,24,0,192,9,1,5,0,52,7,0
2656177,720,2,239,171,41,17,10,-0.00188,0.01755,0.1025,4487,0,0,0,0,0,0,144,1183,721,3,1,7,0,168,6,1,10,0,34,9,0
2663997,721,2,275,181,45,41,8,-0.00158,0.02611,0.1216,3965,0,0,0,0,0,0,206,949,893,1,2,31,0,180,4,1,7,0,39,9,1
2671829,722,2,260,181,36,35,8,-0.00071,0.02184,0.1107,4188,0,0,0,0,0,0,182,1016,850,7,2,25,0,174,4,2,6,0,30,8,2
2679663,723,2,272,189,58,19,6,-0.00175,0.02243,0.1148,4208,0,0,0,0,0,0,173,1038,837,5,1,13,0,184,8,2,6,0,49,4,0
2687457,724,2,288,205,53,26,4,-0.00165,0.02023,0.1159,4434,0,0,0,0,0,0,197,1038,813,3,3,19,0,202,4,2,4,0,46,5,0
2695277,725,2,280,192,53,27,8,-0.00162,0.01911,0.1061,4398,0,0,0,0,0,0,200,994,854,4,7,18,0,188,6,0,8,0,40,9,0
2703064,726,2,295,198,70,22,5,-0.00191,0.01987,0.1072,4048,0,0,0,0,0,0,219,996,833,6,3,17,0,192,11,1,5,0,56,4,0
2710913,727,2,264,185,44,25,10,-0.0025,0.01949,0.1042,4117,0,0,0,0,0,0,217,1069,762,5,4,18,0,180,5,1,10,0,35,6,0
2718741,728,2,271,190,52,24,5,-0.0031,0.0194,0.1066,4411,0,0,0,0,0,0,197,1084,767,8,2,20,0,182,9,0,5,0,41,4,0
2726607,729,2,244,167,48,19,10,-0.00159,0.0189,0.1004,4177,0,0,0,0,0,0,184,1180,684,8,2,14,0,159,7,2,10,0,39,3,0
2734389,730,2,300,208,61,25,6,-0.00173,0.0183,0.1344,4121,0,0,0,0,0,0,255,1046,747,9,2,19,0,199,7,1,6,0,52,5,0
2742232,731,2,258,172,52,24,10,-0.00067,0.01825,0.1269,4027,0,0,0,0,0,0,223,1096,729,7,7,20,0,165,10,2,10,0,35,2,0
2750015,732,2,298,215,49,27,7,-0.00133,0.02036,0.1312,4058,0,0,0,0,0,0,212,987,849,10,3,18,0,205,2,3,7,0,44,6,0
2757789,733,2,296,200,67,24,5,-0.00154,0.02051,0.1381,3913,0,0,0,0,0,0,215,962,871,0,8,18,0,200,3,1,4,0,56,5,1
2765628,734,2,268,172,60,28,8,-0.00288,0.02234,0.1369,4140,0,0,0,0,0,0,182,1040,826,5,5,20,0,167,9,1,8,0,46,7,0
2773444,735,2,269,189,54,20,6,-0.00191,0.02007,0.1395,4222,0,0,0,0,0,0,185,1009,854,3,2,12,0,186,9,0,6,0,43,8,0
2781279,736,2,261,182,55,16,8,-0.00205,0.01787,0.1276,4308,0,0,0,0,0,0,165,1089,794,3,3,12,0,179,4,0,8,0,48,4,0
2789098,737,2,278,190,48,33,7,-0.00271,0.02322,0.1606,4313,0,0,0,0,0,0,214,997,837,7,3,24,0,183,5,0,7,0,40,9,0
2796916,738,2,266,190,51,19,6,-0.00176,0.01903,0.1707,4311,0,0,0,0,0,0,187,1051,810,4,3,9,0,186,3,0,6,0,45,10,0
2804747,739,2,263,179,48,27,9,-0.00188,0.02145,0.1569,4160,0,0,0,0,0,0,223,1113,712,4,6,20,0,175,6,0,9,0,36,7,0
2812544,740,2,280,202,51,21,6,-0.00237,0.0205,0.1665,4383,0,0,0,0,0,0,215,1027,806,8,4,14,0,194,4,3,6,0,43,4,0
2820328,741,2,283,191,60,24,8,-0.00237,0.02133,0.1653,3968,0,0,0,0,0,0,212,996,840,1,6,17,0,190,4,1,8,0,50,6,0
2828123,742,2,285,195,59,25,6,-0.00207,0.01864,0.155,4138,0,0,0,0,0,0,182,1066,800,2,3,17,0,193,3,0,6,0,53,8,0
2835923,743,2,257,185,49,16,7,-0.00177,0.0158,0.1439,4091,0,0,0,0,0,0,172,1102,774,4,2,8,0,181,7,0,7,0,40,8,0
2843690,744,2,288,198,56,29,5,-0.00345,0.02401,0.1642,4114,0,0,0,0,0,0,181,929,938,1,1,23,0,197,10,1,5,0,45,5,0
2851470,745,2,271,178,65,22,6,-0.00127,0.01856,0.1349,4016,0,0,0,0,0,0,155,1071,822,2,4,11,0,176,11,2,6,0,50,9,0
2859316,746,2,276,206,40,23,7,-0.00078,0.01948,0.133,4311,0,0,0,0,0,0,165,1000,883,15,3,13,0,191,3,0,7,0,34,10,0
2867130,747,2,291,192,63,30,6,-0.00119,0.02186,0.143,4242,0,0,0,0,0,0,159,988,901,4,4,17,0,188,7,2,6,0,52,11,0
2874953,748,2,273,194,47,26,6,-0.00202,0.02034,0.1656,3953,0,0,0,0,0,0,167,1036,845,3,2,17,0,191,5,0,6,0,40,9,0
2882766,749,2,262,181,53,19,9,-0.0018,0.01787,0.1375,4187,0,0,0,0,0,0,138,1101,809,2,0,9,0,178,9,1,9,1,44,9,0
2890604,750,2,265,189,51,18,7,-0.00303,0.01628,0.1561,4243,0,0,0,0,0,0,181,1044,823,7,3,14,0,182,6,1,7,0,42,3,0
2898394,751,2,282,203,60,12,7,-0.00182,0.01648,0.1491,4494,0,0,0,0,0,0,148,951,949,3,3,8,0,200,3,2,6,0,54,2,1
2906244,752,2,240,167,49,17,7,-0.00152,0.01698,0.1412,4538,0,0,0,0,0,0,124,1124,800,2,3,8,0,164,6,1,7,1,40,8,0
2914068,753,2,259,180,44,25,10,-0.00279,0.0184,0.1473,4138,0,0,0,0,0,0,146,1092,810,2,1,12,0,177,8,0,10,1,35,13,0
2921863,754,2,270,196,46,23,5,-0.00232,0.01948,0.1556,4205,0,0,0,0,0,0,131,1019,898,2,1,9,0,194,6,1,5,0,39,13,0
2929653,755,2,269,196,41,28,4,-0.00293,0.0192,0.1724,4439,0,0,0,0,0,0,155,1036,857,2,0,18,0,194,5,2,4,0,36,8,0
2937483,756,2,266,192,47,24,3,-0.00254,0.02164,0.1788,3927,0,0,0,0,0,0,152,1042,854,3,5,7,0,188,6,1,2,1,36,16,1
2945308,757,2,265,174,55,25,11,-0.00179,0.01762,0.1738,3934,0,0,0,0,0,0,179,1099,770,1,3,11,0,173,7,2,11,0,45,12,0
2953176,758,2,247,179,38,24,6,-0.00124,0.01872,0.1751,4253,0,0,0,0,0,0,177,1132,739,5,4,14,0,174,7,1,6,0,27,9,0
2960969,759,2,274,206,42,20,6,-0.00279,0.01832,0.1861,3944,0,0,0,0,0,0,180,1053,815,3,1,7,0,203,7,3,6,0,34,10,0
2968810,760,2,269,199,38,28,4,-0.00249,0.01983,0.194,3550,0,0,0,0,0,0,193,1049,806,6,4,16,0,193,4,2,4,0,30,10,0
2976601,761,2,288,218,49,17,4,-0.00294,0.01573,0.2027,4004,0,0,0,0,0,0,209,1002,837,4,7,14,0,214,5,0,4,0,37,3,0
2984465,762,2,242,167,45,18,12,-0.00259,0.01586,0.1696,4323,0,0,0,0,0,0,157,1165,726,1,3,9,1,166,4,1,10,0,38,8,1
2992333,763,2,249,172,45,24,8,-0.00291,0.01828,0.184,4257,0,0,0,0,0,0,208,1163,677,4,2,13,1,168,7,2,7,0,36,9,0
3000136,764,2,289,204,46,34,5,-0.00266,0.02148,0.219,4218,0,0,0,0,0,0,223,1003,822,1,5,23,0,203,3,1,5,0,38,10,0
3007951,765,2,259,193,43,17,6,-0.00132,0.01932,0.1955,4031,0,0,0,0,0,0,179,1088,781,2,1,10,0,190,9,2,5,1,33,5,1
3015786,766,2,241,168,43,22,8,-0.00206,0.01826,0.2063,4160,0,0,0,0,0,0,193,1124,731,5,3,12,0,162,8,1,8,1,32,9,0
3023671,767,2,245,155,41,41,8,-0.003,0.02356,0.1826,4263,0,0,0,0,0,0,141,1090,817,1,3,18,0,154,8,2,7,0,30,21,1
3031518,768,2,251,175,52,18,6,-0.00312,0.01724,0.1891,4012,0,0,0,0,0,0,147,1107,794,4,5,4,0,171,6,1,6,0,41,13,0
3039391,769,2,239,162,39,27,11,-0.00298,0.01797,0.166,4086,0,0,0,0,0,0,143,1209,696,2,3,10,0,159,7,2,11,1,29,15,0
3047228,770,2,251,183,40,22,6,-0.00193,0.01712,0.171,4303,0,0,0,0,0,0,174,1038,836,3,3,13,0,180,4,3,6,0,33,6,0
3055019,771,2,297,214,52,26,5,-0.00217,0.01887,0.208,4443,0,0,0,0,0,0,210,950,888,5,6,15,0,209,4,1,4,0,42,10,1
3062866,772,2,254,176,47,24,7,-0.0024,0.01961,0.1729,4141,0,0,0,0,0,0,186,1100,762,3,3,15,0,172,7,1,7,1,37,8,0
3070728,773,2,248,157,59,25,7,-0.00193,0.01704,0.1595,4168,0,0,0,0,0,0,159,1130,759,2,2,16,0,155,10,1,7,0,47,8,0
3078562,774,2,245,167,53,17,8,-0.00288,0.01472,0.1648,3949,0,0,0,0,0,0,156,1115,777,1,2,12,0,166,7,1,8,0,44,4,0
3086387,775,2,273,172,67,22,12,-0.00288,0.01846,0.1634,3874,0,0,0,0,0,0,140,1105,803,1,2,6,0,171,13,1,12,0,52,15,0
3094250,776,2,260,174,43,33,10,-0.00234,0.02015,0.1764,4412,0,0,0,0,0,0,162,1109,777,4,3,16,0,170,6,2,10,0,34,15,0
3102083,777,2,250,174,49,19,8,-0.00218,0.01883,0.1792,4053,0,0,0,0,0,0,171,1105,772,1,5,6,0,173,8,1,8,0,36,12,0
3109928,778,2,250,177,42,23,8,-0.00158,0.01816,0.1721,4213,0,0,0,0,0,0,178,1075,795,4,2,13,0,173,7,2,8,0,33,8,0
3117757,779,2,271,192,52,19,8,-0.00197,0.01594,0.1718,4144,0,0,0,0,0,0,141,1100,807,1,1,8,0,191,4,2,8,0,47,9,0
3125562,780,2,255,182,44,23,6,-0.00295,0.01679,0.163,4204,0,0,0,0,0,0,156,1112,780,1,2,14,0,181,11,0,6,0,31,9,0
3133380,781,2,256,185,48,19,4,-0.00264,0.01491,0.1801,3947,0,0,0,0,0,0,180,1060,808,2,7,10,0,183,10,0,4,0,31,9,0
3141188,782,2,260,191,45,15,9,-0.00225,0.01608,0.1708,4166,0,0,0,0,0,0,162,1093,793,4,0,7,0,187,8,1,9,0,37,7,0
3149025,783,2,253,178,46,24,5,-0.00247,0.01809,0.1713,4209,0,0,0,0,0,0,183,1014,851,5,3,12,0,173,6,1,5,0,37,11,0
3156888,784,2,264,183,54,19,8,-0.00228,0.01911,0.1583,4299,0,0,0,0,0,0,171,1079,798,4,4,11,0,179,6,1,8,0,44,7,0
3164678,785,2,297,211,48,31,7,-0.00194,0.02317,0.1603,4262,0,0,0,0,0,0,221,946,881,3,7,19,0,208,8,3,7,0,33,9,0
3172494,786,2,258,181,51,21,5,-0.00192,0.01781,0.1802,4035,0,0,0,0,0,0,189,1029,830,2,5,13,0,179,6,0,5,0,40,8,0
3180402,787,2,232,175,30,15,12,0.0006,0.01677,0.1598,4486,0,0,0,0,0,0,172,1159,717,8,0,10,0,167,5,1,11,0,25,4,1
3188310,788,2,207,139,41,16,11,-0.00302,0.01438,0.1407,4443,0,0,0,0,0,0,169,1206,673,0,4,11,0,139,6,1,11,0,31,4,0
3196175,789,2,257,180,49,21,7,-0.00039,0.01812,0.1691,4385,0,0,0,0,0,0,227,1104,717,3,6,12,0,177,10,2,6,0,33,7,1
3204102,790,2,219,138,46,20,15,-0.0025,0.01576,0.1315,4367,0,0,0,0,0,0,171,1250,627,4,5,10,0,134,6,1,15,0,35,9,0
3211922,791,2,274,187,61,19,7,-0.00396,0.01895,0.1511,3966,0,0,0,0,0,0,224,1050,774,7,3,10,0,180,15,0,7,0,43,9,0
3219749,792,2,255,173,56,17,9,-0.00225,0.0178,0.1272,3950,0,0,0,0,0,0,211,1075,762,8,2,12,0,165,5,0,9,0,49,5,0
3227586,793,2,262,192,40,26,4,0.00033,0.01902,0.1325,3981,0,0,0,0,0,0,193,1053,802,3,5,17,0,189,8,2,4,0,27,7,0
3235467,794,2,246,180,40,16,10,-0.00173,0.0153,0.114,3992,0,0,0,0,0,0,164,1149,735,7,2,7,0,173,6,3,10,0,32,6,0
3243226,795,2,313,217,61,31,4,-0.0021,0.02274,0.1446,4134,0,0,0,0,0,0,229,937,882,9,6,23,0,208,7,0,4,0,48,8,0
3251053,796,2,259,171,62,18,8,-0.00333,0.01797,0.1408,4338,0,0,0,0,0,0,205,1114,729,7,6,16,0,164,12,1,8,0,44,1,0
3258903,797,2,263,191,44,20,8,-0.00166,0.01766,0.139,4704,0,0,0,0,0,0,228,1004,816,2,5,13,0,189,3,1,7,0,36,6,1
3266771,798,2,261,182,43,28,8,-0.00275,0.01956,0.1117,4592,0,0,0,0,0,0,187,1161,700,1,0,18,0,181,9,0,8,0,34,10,0
3274586,799,2,262,180,50,26,6,-0.00141,0.01991,0.1119,4065,0,0,0,0,0,0,191,1134,723,4,5,19,0,176,6,1,6,0,39,6,0
3282427,800,2,245,179,40,17,9,-0.00185,0.01822,0.1076,4654,0,0,0,0,0,0,185,1085,778,6,2,10,0,173,5,0,8,0,33,7,1
3290210,801,2,274,205,52,11,6,-0.00217,0.01591,0.1209,4293,0,0,0,0,0,0,221,1066,761,6,6,4,0,199,6,2,5,0,40,5,1
3298011,802,2,267,199,43,20,5,-0.00235,0.0171,0.159,4244,0,0,0,0,0,0,268,1052,728,4,5,16,0,195,6,0,5,0,32,4,0
3305874,803,2,251,169,53,17,12,-0.00252,0.01704,0.1517,4018,0,0,0,0,0,0,301,1030,717,8,4,15,0,161,5,1,11,0,44,1,1
3313721,804,2,254,197,29,22,6,-0.00225,0.01687,0.1291,4176,0,0,0,0,0,0,253,1118,677,6,0,16,0,191,7,0,6,0,22,6,0
3321556,805,2,259,184,44,21,10,-0.00159,0.01669,0.1391,4035,0,0,0,0,0,0,262,998,788,4,5,15,0,180,2,1,9,0,37,5,1
3329435,806,2,239,168,42,20,9,-0.00095,0.01655,0.1176,4084,0,0,0,0,0,0,215,1199,634,4,7,14,0,164,5,0,9,0,30,6,0
3337281,807,2,261,187,40,24,10,-0.00269,0.01806,0.1296,4065,0,0,0,0,0,0,217,1031,800,3,1,15,0,184,4,1,10,0,35,8,0
3345121,808,2,271,187,54,26,4,-0.00437,0.01919,0.1295,4206,0,0,0,0,0,0,213,1093,742,6,3,24,0,181,12,1,4,0,39,1,0
3352895,809,2,279,184,68,22,5,-0.00068,0.01955,0.1307,4274,0,0,0,0,0,0,209,1019,820,4,5,15,0,180,8,0,5,0,55,7,0
3360693,810,2,267,195,50,16,6,-0.00178,0.01745,0.1223,4403,0,0,0,0,0,0,198,1123,727,7,3,10,0,188,5,2,6,0,42,4,0
3368515,811,2,258,191,43,16,8,-0.00223,0.01816,0.1226,4159,0,0,0,0,0,0,221,1125,702,3,8,13,0,188,6,2,8,0,29,1,0
3376372,812,2,238,168,44,18,8,-0.00099,0.01707,0.1203,4186,0,0,0,0,0,0,182,1166,700,3,4,11,0,165,12,1,8,0,28,6,0
3384170,813,2,281,206,53,18,4,-0.00166,0.0181,0.142,4404,0,0,0,0,0,0,196,950,902,5,3,15,0,201,9,1,4,0,41,2,0
3392018,814,2,260,174,59,20,7,-0.00294,0.01653,0.117,4494,0,0,0,0,0,0,170,1160,718,3,5,13,0,171,8,1,7,0,46,6,0
3399870,815,2,251,174,52,14,11,-0.00166,0.01512,0.1162,4085,0,0,0,0,0,0,175,1179,694,5,1,7,0,169,6,0,11,0,45,7,0
3407642,816,2,300,207,58,29,6,-0.00188,0.02164,0.1365,4255,0,0,0,0,0,0,233,1016,799,2,6,21,0,205,7,0,6,0,45,8,0
3415453,817,2,250,177,48,18,7,-0.00076,0.01668,0.1176,4322,0,0,0,0,0,0,196,1155,697,3,5,16,0,174,9,0,7,0,34,2,0
3423331,818,2,234,160,46,14,14,-0.00342,0.01429,0.1046,4336,0,0,0,0,0,0,166,1209,673,3,5,7,0,157,6,0,14,0,35,7,0
3431144,819,2,276,198,51,20,7,-0.00177,0.01822,0.1298,4260,0,0,0,0,0,0,232,1101,715,9,10,14,0,189,6,2,7,0,35,4,0
3438973,820,2,248,194,41,8,5,-0.00199,0.01269,0.1071,4209,0,0,0,0,0,0,188,1174,686,5,3,7,0,189,6,1,5,0,32,0,0
3446761,821,2,268,197,48,15,8,-0.00203,0.0157,0.1188,4088,0,0,0,0,0,0,218,1008,822,2,6,10,0,195,6,1,8,0,36,4,0
3454592,822,2,243,174,47,15,7,-0.00329,0.01641,0.0967,3737,0,0,0,0,0,0,176,1126,746,5,4,11,0,169,8,1,7,0,35,3,0
3462390,823,2,279,183,66,25,5,-0.00239,0.02079,0.1172,4018,0,0,0,0,0,0,228,972,848,3,5,19,0,180,11,2,5,0,50,4,0
3470207,824,2,271,194,45,26,6,-0.00217,0.01987,0.0932,4294,0,0,0,0,0,0,198,1087,763,4,2,19,0,190,9,1,5,0,34,6,1
3478022,825,2,267,184,48,28,7,-0.00096,0.02266,0.1071,4342,0,0,0,0,0,0,196,981,871,2,5,21,0,182,4,1,6,0,39,6,1
3485908,826,2,220,146,42,19,13,-0.00146,0.01459,0.0894,4332,0,0,0,0,0,0,166,1285,597,4,2,15,0,142,8,1,13,0,32,3,0
3493754,827,2,252,178,54,14,6,-0.00125,0.01538,0.1033,4189,0,0,0,0,0,0,174,1084,790,7,1,10,0,171,5,0,6,0,48,4,0
3501584,828,2,261,175,53,23,10,-0.00152,0.01627,0.1064,4562,0,0,0,0,0,0,179,1183,686,5,5,13,0,170,3,4,10,0,45,6,0
3509421,829,2,251,172,54,18,7,-0.00166,0.0159,0.1069,4361,0,0,0,0,0,0,183,1157,708,4,1,11,0,168,13,2,7,0,40,5,0
3517268,830,2,254,180,44,23,7,-0.0015,0.02186,0.1098,4354,0,0,0,0,0,0,178,1113,757,4,3,16,0,176,4,2,7,0,37,5,0
3525120,831,2,249,165,52,25,7,-0.00162,0.01982,0.1092,4336,0,0,0,0,0,0,204,1152,692,5,6,19,0,160,9,1,7,0,37,5,0
3532875,832,2,298,215,57,18,8,-0.00142,0.01703,0.138,4021,0,0,0,0,0,0,247,996,805,8,2,16,1,207,8,0,7,0,47,2,0
3540717,833,2,279,200,48,24,7,-0.00213,0.01779,0.118,3905,0,0,0,0,0,0,223,1042,783,3,9,20,0,197,4,1,7,0,35,3,0
3548481,834,2,296,216,56,22,2,-0.00168,0.01961,0.1378,3807,0,0,0,0,0,0,227,933,888,8,7,15,0,208,9,1,2,0,40,6,0
3556243,835,2,310,222,54,28,6,-0.00337,0.02,0.1425,4016,0,0,0,0,0,0,228,975,845,4,4,19,0,218,5,1,6,0,45,8,0
3564038,836,2,268,201,42,17,8,-0.00152,0.01683,0.1434,3934,0,0,0,0,0,0,244,989,815,7,4,12,0,194,5,2,8,0,33,3,0
3571866,837,2,267,188,51,24,4,-0.00248,0.01843,0.1312,3932,0,0,0,0,0,0,218,1062,768,8,0,17,0,180,6,1,4,0,45,6,0
3579667,838,2,274,182,67,18,7,-0.00133,0.0164,0.1236,4231,0,0,0,0,0,0,191,1075,782,4,3,7,0,178,10,3,7,0,54,8,0
3587517,839,2,247,174,43,20,10,-0.00272,0.0185,0.11,3953,0,0,0,0,0,0,197,1117,734,5,4,15,0,169,5,3,10,0,34,2,0
3595328,840,2,293,208,57,22,6,-0.00239,0.01928,0.1199,3866,0,0,0,0,0,0,207,1048,793,3,10,14,0,204,3,1,6,1,44,7,0
3603139,841,2,266,190,49,19,8,-0.00239,0.01808,0.1207,4131,0,0,0,0,0,0,206,1077,765,4,7,16,0,186,6,0,8,0,36,3,0
3610982,842,2,266,184,45,29,8,-0.00255,0.01999,0.1212,4281,0,0,0,0,0,0,216,1086,746,3,3,20,0,181,3,2,8,0,39,7,0
3618757,843,2,295,206,59,23,7,-0.00309,0.01731,0.1211,3987,0,0,0,0,0,0,219,1058,771,9,6,13,0,197,6,1,7,0,47,9,0
3626569,844,2,263,188,51,17,7,-0.00166,0.01574,0.1134,4062,0,0,0,0,0,0,223,1108,717,5,1,11,0,183,4,1,7,0,46,5,0
3634382,845,2,272,189,54,25,4,-0.00207,0.01966,0.1072,4267,0,0,0,0,0,0,247,1055,746,7,5,24,0,182,4,0,4,0,45,1,0
3642249,846,2,238,163,47,17,11,-0.00264,0.0174,0.1004,4233,0,0,0,0,0,0,185,1130,733,3,5,10,0,160,8,1,11,0,34,6,0
3650050,847,2,285,198,62,17,8,-0.00261,0.01804,0.1057,4309,0,0,0,0,0,0,226,1097,725,1,7,15,0,197,7,0,8,0,48,2,0
3657872,848,2,269,165,78,19,7,-0.00389,0.01962,0.1149,4293,0,0,0,0,0,0,220,1143,685,4,10,13,0,161,17,2,7,0,51,4,0
3665702,849,2,264,197,46,13,8,-0.0031,0.01511,0.1255,4133,0,0,0,0,0,0,213,1054,781,8,5,6,0,189,7,0,8,0,34,7,0
3673511,850,2,263,180,59,19,5,-0.00254,0.01734,0.1252,4128,0,0,0,0,0,0,227,1079,742,6,3,14,0,174,9,1,5,0,47,4,0
3681392,851,2,243,177,34,21,11,-0.00143,0.01767,0.1143,4288,0,0,0,0,0,0,190,1111,747,2,6,16,0,175,3,0,10,0,25,5,1
3689175,852,2,276,189,53,26,8,-0.00043,0.01919,0.1227,4395,0,0,0,0,0,0,221,1008,819,5,4,21,0,184,5,1,8,0,44,4,0
3697062,853,2,220,165,33,12,10,-0.00054,0.01433,0.0951,4202,0,0,0,0,0,0,193,1230,625,5,1,12,0,160,4,0,10,0,28,0,0
3704881,854,2,279,191,52,29,7,-0.00177,0.01903,0.1046,4105,0,0,0,0,0,0,188,1094,766,3,7,17,0,188,4,2,7,0,41,10,0
3712734,855,2,230,160,46,13,11,-0.0015,0.01424,0.1086,4170,0,0,0,0,0,0,175,1195,678,6,5,9,0,154,2,0,11,0,39,4,0
3720547,856,2,277,202,51,17,7,-0.00359,0.01733,0.1206,4363,0,0,0,0,0,0,218,1090,740,3,2,15,0,199,6,1,7,0,43,1,0
3728309,857,2,293,205,58,25,5,-0.00078,0.01711,0.1228,4369,0,0,0,0,0,0,206,1017,825,1,4,21,0,204,4,0,5,0,50,4,0
3736127,858,2,278,198,47,26,7,-0.00306,0.01691,0.1166,4266,0,0,0,0,0,0,202,1069,777,5,7,17,0,193,6,1,7,0,34,8,0
3743898,859,2,279,192,63,19,5,-0.00253,0.02055,0.1162,4136,0,0,0,0,0,0,210,1099,739,6,10,13,0,186,11,1,5,0,42,5,0
3751776,860,2,242,172,44,16,10,-0.00287,0.0153,0.113,4573,0,0,0,0,0,0,204,1123,721,5,6,10,0,167,9,2,10,0,29,4,0
3759591,861,2,281,188,64,23,6,-0.00154,0.01982,0.1062,4388,0,0,0,0,0,0,215,1080,753,2,9,11,0,186,8,0,6,0,47,12,0
3767395,862,2,272,191,47,27,7,-0.00247,0.0222,0.1236,4170,0,0,0,0,0,0,247,1045,756,1,8,16,0,190,10,2,7,0,29,9,0
3775197,863,2,260,185,51,19,5,-0.00279,0.01527,0.1197,4152,0,0,0,0,0,0,224,1064,760,5,6,13,0,180,5,2,5,0,40,4,0
3783047,864,2,250,175,54,16,5,-0.00081,0.01869,0.0961,4301,0,0,0,0,0,0,210,1194,644,2,5,13,0,173,12,1,5,0,37,2,0
3790848,865,2,271,188,52,22,9,-0.00215,0.0198,0.1256,4500,0,0,0,0,0,0,240,1054,754,3,6,13,0,185,10,2,9,0,36,7,0
3798645,866,2,273,178,65,23,7,-0.00472,0.01854,0.1286,4673,0,0,0,0,0,0,218,1072,758,4,9,17,0,174,9,1,7,0,47,5,0
3806455,867,2,273,188,55,22,8,-0.00338,0.01717,0.1223,4290,0,0,0,0,0,0,190,1103,755,6,2,10,0,181,6,0,8,1,47,12,0
3814288,868,2,267,195,45,22,5,-0.0019,0.01945,0.1367,4579,0,0,0,0,0,0,222,1055,771,4,7,17,0,191,9,0,5,0,29,5,0
3822160,869,2,235,172,35,20,8,-0.00342,0.01597,0.1135,4267,0,0,0,0,0,0,180,1188,680,5,5,13,0,167,4,1,8,0,26,6,0
3830012,870,2,246,175,40,19,12,-0.00281,0.01505,0.1131,4182,0,0,0,0,0,0,178,1194,676,3,2,12,0,172,4,0,12,0,34,7,0
3837795,871,2,293,202,62,28,1,-0.00284,0.02109,0.1437,3988,0,0,0,0,0,0,217,1046,785,1,4,19,0,201,10,2,1,0,48,7,0
3845644,872,2,238,155,51,21,11,-0.00229,0.01543,0.1255,4405,0,0,0,0,0,0,198,1178,672,5,4,12,0,150,9,0,10,0,38,9,1
3853492,873,2,256,187,36,24,9,-0.00387,0.01709,0.134,4284,0,0,0,0,0,0,189,1118,741,7,4,17,0,180,3,2,9,0,29,5,0
3861327,874,2,256,194,40,15,7,-0.0018,0.01369,0.1242,4220,0,0,0,0,0,0,153,1092,803,4,5,9,0,190,5,1,7,0,30,5,0
3869117,875,2,278,192,57,23,6,-0.00237,0.01831,0.1182,4307,0,0,0,0,0,0,153,1042,853,2,5,16,0,190,7,2,6,0,45,5,0
3876974,876,2,256,178,50,20,8,-0.00195,0.0174,0.118,4016,0,0,0,0,0,0,145,1131,772,4,5,15,0,174,5,1,8,0,40,4,0
3884823,877,2,283,193,49,33,8,-0.00199,0.0194,0.1418,4057,0,0,0,0,0,0,137,1048,863,2,3,16,0,191,7,1,8,0,39,16,0
3892667,878,2,238,160,53,20,5,-0.00177,0.0179,0.1447,4230,0,0,0,0,0,0,121,1100,827,2,3,6,0,158,17,1,5,0,33,13,0
3900481,879,2,275,186,55,23,11,-0.00113,0.01749,0.1364,4494,0,0,0,0,0,0,180,1021,847,2,6,10,0,184,9,2,9,0,40,11,2
3908320,880,2,253,175,44,29,5,-0.00176,0.01987,0.1496,4203,0,0,0,0,0,0,164,1066,818,3,5,15,1,172,5,2,3,0,34,12,1
3916100,881,2,292,209,56,22,5,-0.00276,0.01653,0.158,4094,0,0,0,0,0,0,184,1000,864,4,12,15,0,205,6,3,5,0,38,4,0
3923960,882,2,256,173,46,28,9,-0.00236,0.02006,0.154,4236,0,0,0,0,0,0,176,1067,805,5,2,15,0,168,7,1,9,0,37,12,0
3931829,883,2,236,176,36,14,10,-0.0026,0.01332,0.1361,4360,0,0,0,0,0,0,144,1157,747,6,0,7,0,170,5,0,10,0,31,7,0
3939676,884,2,275,189,49,29,8,-0.00244,0.02112,0.1521,4357,0,0,0,0,0,0,170,1065,813,3,4,11,0,186,7,2,7,0,38,16,1
3947484,885,2,269,191,54,18,6,-0.00245,0.01618,0.165,4034,0,0,0,0,0,0,204,1008,836,2,11,9,0,189,8,0,5,0,35,9,1
3955338,886,2,248,176,45,19,8,-0.00176,0.01565,0.12,4078,0,0,0,0,0,0,132,1142,774,2,2,8,0,174,4,2,8,0,39,9,0
3963149,887,2,253,182,46,16,9,-0.00311,0.01562,0.1341,3837,0,0,0,0,0,0,155,1123,770,1,6,7,0,181,3,0,9,0,37,9,0
3970963,888,2,268,195,41,23,9,-0.00339,0.01761,0.1331,4174,0,0,0,0,0,0,180,1076,792,3,4,9,0,192,4,0,9,0,33,14,0
3978700,889,2,297,220,50,23,4,-0.00311,0.01787,0.1524,4479,0,0,0,0,0,0,202,1021,825,1,6,13,0,219,5,0,4,0,39,10,0
3986534,890,2,259,179,47,25,8,-0.00305,0.019,0.1299,4261,0,0,0,0,0,0,206,1046,796,4,6,15,0,175,4,1,8,0,37,9,0
3994390,891,2,246,165,45,27,9,-0.00028,0.01644,0.1148,4226,0,0,0,0,0,0,182,1120,746,4,4,14,0,161,6,3,8,0,35,10,1
4002192,892,2,248,182,46,11,9,-0.00202,0.01349,0.0875,4131,0,0,0,0,0,0,166,1160,722,3,6,7,0,179,5,2,8,0,35,2,1
4009965,893,2,301,202,70,22,7,-0.00248,0.01837,0.1192,3781,0,0,0,0,0,0,172,1032,844,1,8,8,0,201,7,2,7,0,55,12,0
4017757,894,2,261,176,57,19,9,-0.00178,0.01408,0.1168,4372,0,0,0,0,0,0,182,1077,789,2,5,10,0,174,7,3,8,0,45,6,1
4025638,895,2,230,162,43,17,8,-0.00229,0.01568,0.1125,3960,0,0,0,0,0,0,196,1173,679,0,3,8,0,162,8,3,8,0,32,6,0
4033464,896,2,250,177,45,18,10,-0.00179,0.0164,0.1117,4153,0,0,0,0,0,0,217,1144,687,2,8,8,0,175,5,2,10,0,32,8,0
4041288,897,2,286,178,79,21,8,-0.00326,0.01784,0.1109,4387,0,0,0,0,0,0,189,1077,782,1,14,14,0,175,7,0,8,2,58,7,0
4049112,898,2,262,193,40,22,7,-0.00202,0.01517,0.1212,4278,0,0,0,0,0,0,198,1076,774,6,5,15,0,187,4,0,7,0,31,7,0
4056883,899,2,279,194,57,23,5,-0.0024,0.01648,0.1249,4064,0,0,0,0,0,0,207,1056,785,3,3,13,0,191,5,0,5,0,49,10,0
4064742,900,2,238,178,35,13,12,-0.00294,0.01335,0.1039,4076,0,0,0,0,0,0,161,1131,756,1,2,7,0,177,1,0,11,0,32,6,1
4072614,901,2,226,138,56,18,14,-0.00439,0.01359,0.1091,4230,0,0,0,0,0,0,136,1262,650,3,5,8,0,135,7,1,14,0,44,9,0
4080413,902,2,263,195,38,23,7,-0.00417,0.01841,0.1534,4307,0,0,0,0,0,0,175,1094,779,2,3,11,0,193,6,1,7,0,29,11,0
4088266,903,2,260,191,36,27,6,-0.00349,0.02041,0.1426,4118,0,0,0,0,0,0,199,1040,809,6,7,15,0,185,6,1,5,0,23,11,1
4096112,904,2,244,179,45,14,6,-0.00102,0.01492,0.1244,4285,0,0,0,0,0,0,161,1102,785,3,3,9,0,176,11,1,5,0,31,4,1
4103933,905,2,257,174,51,23,9,-0.00165,0.01663,0.1404,4267,0,0,0,0,0,0,162,1159,727,1,4,13,0,173,7,1,9,0,40,9,0
4111753,906,2,271,182,61,19,9,-0.00332,0.01729,0.1526,4361,0,0,0,0,0,0,182,1114,752,1,3,11,0,181,8,1,9,0,50,7,0
4119624,907,2,246,169,47,22,8,-0.00364,0.01773,0.1734,4287,0,0,0,0,0,0,217,1040,791,5,5,9,0,164,6,1,7,0,36,12,1
4127427,908,2,267,199,42,19,7,-0.00268,0.01495,0.1435,4279,0,0,0,0,0,0,185,1080,783,4,3,13,0,195,5,1,7,0,34,5,0
4135259,909,2,251,171,50,19,11,-0.00523,0.01849,0.1343,4382,0,0,0,0,0,0,144,1165,739,2,5,12,0,169,5,3,11,0,40,4,0
4143048,910,2,288,202,52,29,5,-0.0035,0.01893,0.1453,3893,0,0,0,0,0,0,175,1066,807,4,5,18,0,198,7,4,5,0,40,7,0
4150925,911,2,246,166,47,26,7,-0.00346,0.01806,0.1397,4093,0,0,0,0,0,0,169,1091,788,2,5,18,0,164,8,1,7,0,34,7,0
4158788,912,2,247,174,44,18,11,-0.00346,0.01683,0.1297,4250,0,0,0,0,0,0,151,1025,872,3,4,11,0,171,9,1,8,0,31,6,3
4166561,913,2,291,195,70,22,4,-0.00363,0.02111,0.1432,4276,0,0,0,0,0,0,154,1040,854,4,3,13,0,191,11,1,4,0,56,8,0
4174427,914,2,246,158,56,21,11,-0.00209,0.01977,0.1206,4386,0,0,0,0,0,0,140,1184,724,5,3,11,0,153,12,1,11,0,41,9,0
4182248,915,2,257,177,49,21,10,-0.00264,0.01731,0.1311,4190,0,0,0,0,0,0,143,1084,821,3,1,16,0,174,5,1,10,0,43,4,0
4190076,916,2,265,191,49,19,6,-0.00314,0.01563,0.1469,4387,0,0,0,0,0,0,137,1092,819,5,1,8,0,186,10,3,6,0,38,8,0
4197864,917,2,280,191,51,34,4,-0.00234,0.01921,0.1677,4318,0,0,0,0,0,0,148,1022,878,8,4,14,0,182,8,2,3,1,39,18,1
4205696,918,2,240,170,45,11,14,-0.00354,0.01589,0.1697,4281,0,0,0,0,0,0,136,1169,743,2,0,4,1,168,5,0,12,0,40,7,1
4213516,919,2,247,183,40,19,5,-0.00322,0.01714,0.1492,4417,0,0,0,0,0,0,188,1146,714,3,4,10,0,180,7,1,5,0,29,8,0
4221328,920,2,274,186,55,25,8,-0.00293,0.01864,0.1245,4378,0,0,0,0,0,0,190,1137,721,1,5,17,0,185,5,1,8,0,45,7,0
4229176,921,2,256,187,37,21,11,-0.00185,0.01635,0.1324,4698,0,0,0,0,0,0,164,1132,752,9,3,13,0,178,5,0,11,0,29,8,0
4236993,922,2,254,194,36,21,3,-0.00212,0.01389,0.1452,4397,0,0,0,0,0,0,175,1127,746,2,1,10,0,192,8,2,3,0,27,9,0
4244821,923,2,256,180,50,18,8,-0.00157,0.01757,0.1187,4390,0,0,0,0,0,0,155,1137,756,4,4,12,0,176,7,0,8,0,39,6,0
4252609,924,2,277,191,54,26,6,-0.00129,0.02126,0.146,4698,0,0,0,0,0,0,140,1076,832,4,8,10,0,187,6,3,6,0,40,13,0
4260452,925,2,257,182,49,18,8,-0.00205,0.0156,0.1275,4462,0,0,0,0,0,0,157,1146,745,4,1,13,0,178,2,0,8,0,46,5,0
4268314,926,2,258,186,47,20,5,-0.0048,0.01906,0.1213,4259,0,0,0,0,0,0,189,1075,784,7,5,18,0,179,6,0,5,0,36,2,0
4276158,927,2,259,180,51,20,8,-0.00318,0.01749,0.1423,4283,0,0,0,0,0,0,159,1112,777,6,3,12,0,174,10,0,8,0,38,8,0
4283963,928,2,275,199,46,27,3,-0.00121,0.01818,0.1466,4150,0,0,0,0,0,0,193,1052,803,1,4,18,0,198,7,1,3,0,35,8,0
4291803,929,2,238,161,44,24,9,-0.00256,0.01509,0.1591,4274,0,0,0,0,0,0,210,1184,654,1,6,16,0,160,3,1,9,0,35,7,0
4299646,930,2,247,165,52,17,13,-0.00339,0.01493,0.1359,4191,0,0,0,0,0,0,192,1139,717,4,4,6,0,161,8,2,13,0,40,9,0
4307466,931,2,271,195,43,27,6,-0.0028,0.01805,0.1382,4342,0,0,0,0,0,0,221,1054,773,5,4,19,0,190,8,0,6,0,31,8,0
4315273,932,2,276,196,54,21,5,-0.00382,0.01569,0.1636,4183,0,0,0,0,0,0,226,979,843,2,4,15,0,194,8,1,5,0,42,5,0
4323089,933,2,269,181,59,22,7,-0.00303,0.01694,0.1538,4192,0,0,0,0,0,0,226,1053,769,6,7,17,0,175,7,2,7,0,45,3,0
4330883,934,2,287,202,54,25,6,-0.00337,0.01912,0.1535,4107,0,0,0,0,0,0,229,971,848,5,4,14,0,197,9,1,5,0,41,10,1
4338689,935,2,265,184,44,30,7,-0.00254,0.01679,0.1495,4158,0,0,0,0,0,0,190,1092,766,2,4,17,0,182,4,2,7,0,36,11,0
4346531,936,2,258,167,57,25,9,-0.00354,0.01933,0.1443,4051,0,0,0,0,0,0,183,1047,818,3,5,13,0,164,11,0,9,0,41,12,0
4354338,937,2,289,195,57,31,6,-0.00358,0.01974,0.1302,3877,0,0,0,0,0,0,213,1044,791,7,4,20,0,188,8,2,6,0,45,9,0
4362124,938,2,289,194,68,20,7,0.00014,0.01769,0.139,3941,0,0,0,0,0,0,204,990,854,5,9,13,0,189,3,2,6,0,56,5,1
4369947,939,2,277,191,55,22,9,-0.00177,0.01695,0.1352,4243,0,0,0,0,0,0,207,1058,783,1,3,17,0,190,8,1,9,0,44,4,0
4377831,940,2,248,181,43,18,6,-0.00317,0.0154,0.1219,4154,0,0,0,0,0,0,181,1122,745,3,3,8,0,178,4,1,6,0,36,9,0
4385647,941,2,265,191,41,26,7,-0.00215,0.0175,0.1348,3841,0,0,0,0,0,0,223,1055,770,6,4,19,0,185,6,0,7,0,31,7,0
4393505,942,2,253,192,33,21,7,-0.00239,0.01723,0.1214,4027,0,0,0,0,0,0,224,1141,683,5,3,13,0,187,2,1,7,0,28,7,0
4401340,943,2,258,178,52,20,8,-0.00144,0.01626,0.1109,3883,0,0,0,0,0,0,199,1091,758,6,4,13,0,172,7,1,8,0,41,6,0
4409214,944,2,246,168,47,25,6,-0.00307,0.01974,0.1337,3832,0,0,0,0,0,0,231,1060,757,2,5,16,1,165,15,2,5,1,27,7,0
4417088,945,2,241,178,38,16,9,-0.00269,0.01515,0.1148,4376,0,0,0,0,0,0,178,1120,750,4,0,7,0,174,3,1,8,0,35,8,1
4424883,946,2,270,182,61,17,10,-0.0011,0.01572,0.1276,4365,0,0,0,0,0,0,186,1095,767,5,5,12,0,177,8,0,10,0,48,5,0
4432726,947,2,264,186,50,21,7,-0.00141,0.01501,0.1453,4240,0,0,0,0,0,0,220,1105,723,4,6,15,0,182,5,1,7,0,39,5,0
4440464,948,2,298,206,66,21,5,-0.00254,0.0183,0.1519,4039,0,0,0,0,0,0,255,969,824,7,6,11,0,199,9,2,4,0,51,8,1
4448318,949,2,249,181,41,18,9,-0.00326,0.01492,0.1457,4303,0,0,0,0,0,0,214,1148,686,4,5,13,0,177,5,1,9,0,31,4,0
4456140,950,2,255,184,44,19,8,-0.00279,0.01413,0.1342,4248,0,0,0,0,0,0,205,1144,699,4,3,9,0,180,7,0,8,0,34,10,0
4463952,951,2,263,189,49,19,6,-0.00181,0.01713,0.1376,4152,0,0,0,0,0,0,186,1116,746,4,3,13,0,185,10,0,6,0,36,6,0
4471803,952,2,258,179,53,17,9,-0.0026,0.0141,0.1223,4327,0,0,0,0,0,0,186,1146,716,4,0,10,0,175,7,2,9,0,46,5,0
4479637,953,2,269,186,57,20,6,-0.00153,0.01519,0.1435,4144,0,0,0,0,0,0,235,1075,738,5,5,9,0,181,6,1,6,0,46,10,0
4487435,954,2,277,194,59,17,7,-0.00277,0.01857,0.1382,4192,0,0,0,0,0,0,229,1101,718,3,3,14,0,191,8,0,7,0,48,3,0
4495273,955,2,261,184,46,23,8,-0.00247,0.01531,0.1327,4199,0,0,0,0,0,0,204,1139,705,6,5,18,0,178,6,1,8,0,35,4,0
4503109,956,2,239,166,45,17,11,-0.00347,0.01462,0.1162,4529,0,0,0,0,0,0,175,1182,691,2,7,13,0,164,8,1,11,0,30,3,0
4510942,957,2,252,192,37,18,5,-0.00285,0.01345,0.1375,4343,0,0,0,0,0,0,162,1034,852,2,0,8,0,190,11,0,4,0,26,10,1
4518758,958,2,282,186,56,31,9,-0.00459,0.01977,0.1268,4194,0,0,0,0,0,0,181,1040,827,6,2,17,0,180,13,2,8,0,41,12,1
4526576,959,2,260,175,53,27,5,-0.00335,0.01716,0.1329,4317,0,0,0,0,0,0,182,1043,823,3,5,21,0,172,7,1,4,0,41,5,1
4534415,960,2,251,179,46,19,7,-0.00226,0.01967,0.1299,4645,0,0,0,0,0,0,179,1156,713,2,4,9,0,177,14,2,7,0,28,8,0
4542210,961,2,279,204,46,22,7,-0.00402,0.01654,0.1372,4266,0,0,0,0,0,0,176,1100,772,3,5,12,0,201,6,4,7,0,35,6,0
4550006,962,2,255,170,53,26,6,-0.00522,0.01721,0.1093,4164,0,0,0,0,0,0,164,1153,731,1,6,10,0,169,8,3,6,0,39,13,0
4557770,963,2,276,187,59,23,7,-0.00295,0.01663,0.1178,4329,0,0,0,0,0,0,165,1004,879,1,4,13,0,186,4,0,7,0,51,10,0
4565686,964,2,227,157,40,19,11,-0.00302,0.01638,0.1173,4356,0,0,0,0,0,0,158,1182,708,4,4,9,0,153,4,1,10,0,32,9,1
4573492,965,2,269,180,54,25,10,-0.00329,0.01841,0.146,4206,0,0,0,0,0,0,165,1000,883,1,3,13,0,179,7,1,8,0,44,11,2
4581372,966,2,237,156,50,18,13,-0.0023,0.01494,0.1117,3678,0,0,0,0,0,0,165,1114,769,1,4,5,0,155,7,0,12,0,39,13,1
4589217,967,2,253,189,44,13,7,-0.0016,0.01515,0.1009,3877,0,0,0,0,0,0,163,1094,791,5,2,6,0,184,9,1,6,0,33,6,1
4597061,968,2,258,178,45,28,7,-0.00355,0.01726,0.1428,4061,0,0,0,0,0,0,195,1048,805,2,4,12,0,176,3,2,7,0,38,14,0
4604846,969,2,291,203,60,21,7,-0.00313,0.01679,0.1417,4064,0,0,0,0,0,0,191,995,862,5,5,14,1,198,6,1,6,0,49,6,0
4612670,970,2,261,173,51,26,11,-0.00261,0.01644,0.1319,4244,0,0,0,0,0,0,165,982,901,4,3,16,0,169,5,1,9,0,43,9,2
4620500,971,2,265,178,53,26,8,-0.00299,0.01659,0.1446,3995,0,0,0,0,0,0,171,1087,790,2,7,12,0,176,6,1,8,0,40,13,0
4628301,972,2,275,201,54,15,5,-0.0033,0.01369,0.136,3944,0,0,0,0,0,0,191,1030,827,6,3,7,0,194,4,0,5,1,47,8,0
4636154,973,2,247,170,43,24,10,-0.00173,0.0163,0.1179,4044,0,0,0,0,0,0,159,1122,767,1,1,10,0,169,3,1,10,0,39,13,0
4644021,974,2,251,174,53,14,10,-0.00474,0.01392,0.1143,4159,0,0,0,0,0,0,160,1150,738,5,6,6,0,169,7,0,10,0,40,8,0
4651848,975,2,273,198,44,23,8,-0.0037,0.01626,0.1083,3977,0,0,0,0,0,0,191,1033,824,3,7,10,0,195,8,2,8,0,29,11,0
4659652,976,2,267,194,53,15,5,-0.00256,0.01362,0.0891,3975,0,0,0,0,0,0,154,1113,781,4,0,6,0,190,9,1,5,0,44,8,0
4667513,977,2,232,164,41,18,9,-0.00189,0.01429,0.0884,3868,0,0,0,0,0,0,145,1188,715,1,3,6,0,163,9,1,9,0,29,11,0
4675381,978,2,251,173,52,17,9,-0.00265,0.01534,0.0948,4121,0,0,0,0,0,0,142,1136,770,4,5,7,0,169,9,0,9,0,38,10,0
4683245,979,2,240,166,49,15,10,-0.00313,0.01212,0.0957,4155,0,0,0,0,0,0,149,1182,717,2,6,12,0,164,6,0,10,0,37,3,0
4691031,980,2,273,192,50,26,5,-0.00197,0.0156,0.1096,4087,0,0,0,0,0,0,162,1072,814,0,3,12,0,192,11,1,5,0,36,13,0
4698862,981,2,256,185,44,20,7,-0.00266,0.01573,0.1029,4159,0,0,0,0,0,0,131,1127,790,3,4,9,0,181,6,3,7,1,34,8,0
4706653,982,2,271,207,46,14,4,-0.00275,0.0152,0.1043,3937,0,0,0,0,0,0,177,1062,809,5,6,8,0,202,4,2,4,0,36,4,0
4714499,983,2,262,171,57,23,11,-0.00279,0.01729,0.0922,3717,0,0,0,0,0,0,140,1159,749,4,2,12,0,167,10,0,11,0,45,11,0
4722389,984,2,239,180,32,14,13,-0.0025,0.01236,0.0862,4075,0,0,0,0,0,0,166,1207,675,4,4,11,0,176,4,0,13,0,24,3,0
4730227,985,2,255,187,38,23,7,-0.00349,0.01611,0.1037,4326,0,0,0,0,0,0,150,1131,767,3,3,11,0,184,3,1,7,0,32,11,0
4738073,986,2,246,184,35,16,11,-0.00211,0.01399,0.1148,4179,0,0,0,0,0,0,179,1061,808,5,1,12,1,179,4,0,10,0,30,4,0
4745884,987,2,273,203,47,17,6,-0.00318,0.015,0.1156,4240,0,0,0,0,0,0,204,1061,783,2,5,11,0,201,3,0,6,0,39,6,0
4753707,988,2,258,189,45,16,8,-0.00258,0.01605,0.1237,4048,0,0,0,0,0,0,186,1103,759,4,5,7,0,185,3,1,8,0,37,8,0
4761571,989,2,254,177,45,23,9,-0.00339,0.01645,0.1109,4258,0,0,0,0,0,0,207,1100,741,3,4,16,0,174,4,0,9,0,37,7,0
4769381,990,2,262,184,51,19,8,-0.00315,0.01641,0.1128,4311,0,0,0,0,0,0,179,1084,785,2,7,7,0,182,4,2,7,0,40,10,1
4777177,991,2,260,192,36,23,9,-0.00383,0.01699,0.1018,4325,0,0,0,0,0,0,163,1145,740,4,4,9,0,188,3,3,9,0,29,11,0
4785053,992,2,246,156,50,28,12,-0.00352,0.01689,0.1359,4380,0,0,0,0,0,0,175,1112,761,1,6,20,1,155,9,0,10,0,35,8,1
4792911,993,2,231,152,45,21,13,-0.00365,0.01635,0.147,3958,0,0,0,0,0,0,185,1185,678,2,5,6,1,150,5,3,12,0,35,12,0
4800723,994,2,269,189,51,25,4,-0.00234,0.01941,0.1292,4275,0,0,0,0,0,0,166,1103,779,1,5,10,0,188,9,3,4,0,37,12,0
4808550,995,2,266,189,48,19,10,-0.00261,0.01364,0.1241,4326,0,0,0,0,0,0,175,1140,733,2,3,10,0,187,5,0,10,0,40,9,0
4816425,996,2,256,181,54,16,5,-0.00277,0.01683,0.1219,4175,0,0,0,0,0,0,154,1093,801,3,3,11,0,178,10,2,5,0,41,3,0
4824257,997,2,251,168,53,18,12,-0.00356,0.01703,0.1157,4119,0,0,0,0,0,0,174,1114,760,3,6,6,0,165,8,0,11,0,39,12,1
4832106,998,2,248,180,40,20,8,-0.00231,0.0152,0.1338,3952,0,0,0,0,0,0,200,1106,742,3,9,9,0,177,3,3,8,0,28,8,0
4839952,999,2,256,175,51,23,7,-0.00198,0.01825,0.1427,4135,0,0,0,0,0,0,222,1072,754,7,6,15,0,168,3,2,7,0,42,6,0
4847778,1000,2,269,191,43,27,8,-0.0031,0.01852,0.1237,4005,0,0,0,0,0,0,197,1058,793,3,9,13,0,188,4,2,8,0,30,12,0
4855653,1001,2,234,177,35,14,8,-0.00257,0.01254,0.1291,3872,0,0,0,0,0,0,233,1150,665,1,3,8,0,176,10,0,8,0,22,6,0
4863502,1002,2,250,173,43,29,5,-0.00346,0.01999,0.1378,3876,0,0,0,0,0,0,227,1076,745,2,7,21,0,171,6,1,5,0,30,7,0
4871374,1003,2,254,190,36,21,7,-0.00357,0.0171,0.1477,4065,0,0,0,0,0,0,229,1062,757,3,6,14,0,187,5,1,7,0,25,6,0
4879176,1004,2,301,210,54,33,4,-0.00349,0.01912,0.1451,4131,0,0,0,0,0,0,264,935,849,5,8,21,0,205,9,1,4,0,37,11,0
4886977,1005,2,271,208,44,17,2,-0.00364,0.015,0.1435,4229,0,0,0,0,0,0,262,999,787,4,5,12,0,204,6,1,2,0,33,4,0
4894774,1006,2,271,188,52,22,9,-0.00272,0.0141,0.1458,4311,0,0,0,0,0,0,230,998,820,3,8,9,0,185,6,1,8,0,38,12,1
4902573,1007,2,272,192,44,31,5,-0.00533,0.02148,0.1472,4096,0,0,0,0,0,0,276,1001,771,6,4,20,1,186,3,3,4,0,37,8,0
4910427,1008,2,257,193,36,20,8,-0.00307,0.01622,0.1138,3751,0,0,0,0,0,0,181,1105,762,3,2,11,0,190,3,1,8,0,31,8,0
4918260,1009,2,269,191,46,25,7,-0.00212,0.01784,0.1211,4153,0,0,0,0,0,0,234,1042,772,11,5,17,0,180,3,0,6,0,38,8,1
4926073,1010,2,252,176,47,19,10,-0.0012,0.014,0.0954,3919,0,0,0,0,0,0,220,1164,664,6,6,16,0,170,8,1,10,0,33,2,0
4933900,1011,2,280,197,51,24,8,-0.00368,0.01619,0.1167,4022,0,0,0,0,0,0,215,1073,760,6,9,16,0,190,4,2,8,1,38,6,0
4941770,1012,2,229,166,44,9,10,-0.00245,0.0124,0.0968,3918,0,0,0,0,0,0,174,1181,693,6,3,4,0,160,10,0,10,0,31,5,0
4949584,1013,2,292,195,65,23,9,-0.00283,0.01736,0.1088,3771,0,0,0,0,0,0,196,1060,792,7,5,14,0,188,6,0,9,0,54,9,0
4957470,1014,2,222,155,41,16,10,-0.00151,0.01422,0.085,3705,0,0,0,0,0,0,172,1217,659,2,4,9,0,152,7,2,10,1,30,5,0
4965344,1015,2,236,174,40,10,12,-0.00315,0.01407,0.0947,3647,0,0,0,0,0,0,196,1178,674,4,4,4,0,170,8,0,12,0,28,6,0
4973154,1016,2,256,175,54,19,8,-0.00299,0.01601,0.1034,3815,0,0,0,0,0,0,257,1058,733,3,6,14,1,172,11,0,6,0,37,5,1
4980976,1017,2,243,182,45,8,8,-0.00398,0.01261,0.097,4011,0,0,0,0,0,0,201,1170,677,2,6,5,0,180,5,1,8,0,34,2,0
4988810,1018,2,246,177,47,12,10,-0.00155,0.01381,0.0749,3870,0,0,0,0,0,0,157,1201,690,2,9,5,0,175,3,0,10,0,35,7,0
4996659,1019,2,245,159,48,28,10,-0.00295,0.01802,0.0857,4013,0,0,0,0,0,0,185,1198,665,4,3,17,0,155,8,3,10,0,37,8,0
5004514,1020,2,241,162,38,29,12,-0.00324,0.01815,0.0876,3938,0,0,0,0,0,0,182,1155,711,1,3,14,0,161,9,0,12,0,26,15,0
