global_step,update,phase,episodes,success,lava,ball,timeout,pg_loss,v_loss,entropy,sps,sub_navigate_n,sub_navigate_success,sub_hazard_n,sub_hazard_success,sub_key_door_n,sub_key_door_success,choose_navigate,choose_hazard,choose_key_door,success_under_navigate,lava_under_navigate,ball_under_navigate,timeout_under_navigate,success_under_hazard,lava_under_hazard,ball_under_hazard,timeout_under_hazard,success_under_key_door,lava_under_key_door,ball_under_key_door,timeout_under_key_door
2048,1,1,0,0,0,0,0,-0.00025,0.00204,1.9459,1501,0,0,2,1,0,0,0,0,0,0,0,0,0,0,0,0,0,0,0,0,0
4096,2,1,0,0,0,0,0,-6e-05,0.00082,1.9458,1619,0,0,0,0,1,1,0,0,0,0,0,0,0,0,0,0,0,0,0,0,0
6144,3,1,0,0,0,0,0,-0.0003,0.0002,1.9457,1630,0,0,1,1,0,0,0,0,0,0,0,0,0,0,0,0,0,0,0,0,0
8192,4,1,0,0,0,0,0,-0.00014,0.00016,1.9446,1610,7,0,1,0,5,0,0,0,0,0,0,0,0,0,0,0,0,0,0,0,0
10240,5,1,0,0,0,0,0,-0.00283,0.00219,1.9311,1473,1,1,0,0,1,0,0,0,0,0,0,0,0,0,0,0,0,0,0,0,0
12288,6,1,0,0,0,0,0,-0.0011,0.00023,1.9368,1584,0,0,1,0,0,0,0,0,0,0,0,0,0,0,0,0,0,0,0,0,0
14336,7,1,0,0,0,0,0,-0.00041,0.00334,1.9408,1571,3,3,2,0,1,0,0,0,0,0,0,0,0,0,0,0,0,0,0,0,0
16384,8,1,0,0,0,0,0,-0.00021,0.00094,1.9359,1577,4,0,0,0,8,1,0,0,0,0,0,0,0,0,0,0,0,0,0,0,0
18432,9,1,0,0,0,0,0,-0.0004,9e-05,1.9306,1610,0,0,1,0,0,0,0,0,0,0,0,0,0,0,0,0,0,0,0,0,0
20480,10,1,0,0,0,0,0,-0.0011,0.00097,1.9207,1606,1,1,1,0,1,1,0,0,0,0,0,0,0,0,0,0,0,0,0,0,0
22528,11,1,0,0,0,0,0,-0.00281,0.00029,1.9216,1582,3,1,1,0,1,0,0,0,0,0,0,0,0,0,0,0,0,0,0,0,0
24576,12,1,0,0,0,0,0,-0.00194,0.00031,1.9267,1556,2,0,7,0,2,0,0,0,0,0,0,0,0,0,0,0,0,0,0,0,0
26624,13,1,0,0,0,0,0,-0.0001,0.00125,1.9287,1490,0,0,3,0,2,2,0,0,0,0,0,0,0,0,0,0,0,0,0,0,0
28672,14,1,0,0,0,0,0,-0.00054,2e-05,1.9358,1495,3,0,0,0,0,0,0,0,0,0,0,0,0,0,0,0,0,0,0,0,0
30720,15,1,0,0,0,0,0,-0.00015,4e-05,1.9427,1543,1,0,2,0,1,0,0,0,0,0,0,0,0,0,0,0,0,0,0,0,0
32768,16,1,0,0,0,0,0,-0.00022,0.0001,1.9422,1650,2,0,2,0,5,0,0,0,0,0,0,0,0,0,0,0,0,0,0,0,0
34816,17,1,0,0,0,0,0,-0.00083,0.0013,1.9389,1589,2,0,2,1,1,0,0,0,0,0,0,0,0,0,0,0,0,0,0,0,0
36864,18,1,0,0,0,0,0,3e-05,0.00045,1.9293,1731,0,0,5,0,1,1,0,0,0,0,0,0,0,0,0,0,0,0,0,0,0
38912,19,1,0,0,0,0,0,-0.00122,1e-05,1.9336,1774,1,0,1,0,1,0,0,0,0,0,0,0,0,0,0,0,0,0,0,0,0
40960,20,1,0,0,0,0,0,-0.00113,9e-05,1.9092,1652,4,0,1,0,2,0,0,0,0,0,0,0,0,0,0,0,0,0,0,0,0
43008,21,1,0,0,0,0,0,-0.0001,9e-05,1.9039,1480,2,0,1,0,0,0,0,0,0,0,0,0,0,0,0,0,0,0,0,0,0
45056,22,1,0,0,0,0,0,-0.00213,0.0004,1.9169,1557,3,0,3,1,0,0,0,0,0,0,0,0,0,0,0,0,0,0,0,0,0
47104,23,1,0,0,0,0,0,-6e-05,0.00062,1.9114,1295,2,0,2,0,2,1,0,0,0,0,0,0,0,0,0,0,0,0,0,0,0
49152,24,1,0,0,0,0,0,-0.00239,0.00123,1.9285,1547,2,0,3,0,2,1,0,0,0,0,0,0,0,0,0,0,0,0,0,0,0
51200,25,1,0,0,0,0,0,-0.00014,8e-05,1.9401,1528,0,0,3,0,0,0,0,0,0,0,0,0,0,0,0,0,0,0,0,0,0
53248,26,1,0,0,0,0,0,-0.00089,0.00209,1.9326,1585,4,0,2,0,2,1,0,0,0,0,0,0,0,0,0,0,0,0,0,0,0
55296,27,1,0,0,0,0,0,-0.00213,0.00032,1.907,1723,2,0,2,0,2,1,0,0,0,0,0,0,0,0,0,0,0,0,0,0,0
57344,28,1,0,0,0,0,0,-0.00219,8e-05,1.9176,1734,1,0,2,0,1,0,0,0,0,0,0,0,0,0,0,0,0,0,0,0,0
59392,29,1,0,0,0,0,0,-0.00022,0.001,1.9317,1590,2,0,4,1,0,0,0,0,0,0,0,0,0,0,0,0,0,0,0,0,0
61440,30,1,0,0,0,0,0,-0.00044,0.00011,1.934,1518,3,0,1,0,2,0,0,0,0,0,0,0,0,0,0,0,0,0,0,0,0
63488,31,1,0,0,0,0,0,-0.00129,0.00026,1.9329,1463,1,0,1,0,2,0,0,0,0,0,0,0,0,0,0,0,0,0,0,0,0
65536,32,1,0,0,0,0,0,-0.0012,0.00034,1.8964,1673,1,0,2,1,1,0,0,0,0,0,0,0,0,0,0,0,0,0,0,0,0
67584,33,1,0,0,0,0,0,-0.00173,0.00144,1.8948,1541,5,1,1,1,2,1,0,0,0,0,0,0,0,0,0,0,0,0,0,0,0
69632,34,1,0,0,0,0,0,-0.00147,0.0002,1.8622,1612,1,0,0,0,4,0,0,0,0,0,0,0,0,0,0,0,0,0,0,0,0
71680,35,1,0,0,0,0,0,-0.00098,0.00248,1.8806,1548,2,2,3,1,0,0,0,0,0,0,0,0,0,0,0,0,0,0,0,0,0
73728,36,1,0,0,0,0,0,-0.00247,0.00081,1.8137,1512,2,1,3,1,2,0,0,0,0,0,0,0,0,0,0,0,0,0,0,0,0
75776,37,1,0,0,0,0,0,-0.00189,0.00017,1.8746,1405,2,0,3,0,4,1,0,0,0,0,0,0,0,0,0,0,0,0,0,0,0
77824,38,1,0,0,0,0,0,-0.00061,0.00126,1.876,1559,2,1,4,1,2,1,0,0,0,0,0,0,0,0,0,0,0,0,0,0,0
79872,39,1,0,0,0,0,0,-0.00066,9e-05,1.8773,1622,2,0,1,0,0,0,0,0,0,0,0,0,0,0,0,0,0,0,0,0,0
81920,40,1,0,0,0,0,0,-0.00028,7e-05,1.909,1695,2,1,0,0,1,0,0,0,0,0,0,0,0,0,0,0,0,0,0,0,0
83968,41,1,0,0,0,0,0,-0.00035,8e-05,1.8806,1605,3,0,3,0,1,0,0,0,0,0,0,0,0,0,0,0,0,0,0,0,0
86016,42,1,0,0,0,0,0,-0.00107,0.00086,1.878,1491,4,0,1,0,1,1,0,0,0,0,0,0,0,0,0,0,0,0,0,0,0
88064,43,1,0,0,0,0,0,-0.00067,0.00039,1.9119,1723,2,1,0,0,0,0,0,0,0,0,0,0,0,0,0,0,0,0,0,0,0
90112,44,1,0,0,0,0,0,-0.00216,0.00192,1.9158,1749,1,0,2,1,3,1,0,0,0,0,0,0,0,0,0,0,0,0,0,0,0
92160,45,1,0,0,0,0,0,-0.00088,0.00013,1.8746,1532,3,1,1,0,2,0,0,0,0,0,0,0,0,0,0,0,0,0,0,0,0
94208,46,1,0,0,0,0,0,-0.00157,0.00029,1.8368,1398,1,1,1,0,4,0,0,0,0,0,0,0,0,0,0,0,0,0,0,0,0
96256,47,1,0,0,0,0,0,-0.00255,0.00012,1.7235,1457,1,0,2,0,1,0,0,0,0,0,0,0,0,0,0,0,0,0,0,0,0
98304,48,1,0,0,0,0,0,-0.00124,0.00058,1.6854,1621,2,1,4,0,1,0,0,0,0,0,0,0,0,0,0,0,0,0,0,0,0
100352,49,1,0,0,0,0,0,-0.00176,0.00159,1.661,1522,0,0,2,0,4,2,0,0,0,0,0,0,0,0,0,0,0,0,0,0,0
102400,50,1,0,0,0,0,0,-0.0023,0.00133,1.6214,1574,3,2,2,0,1,1,0,0,0,0,0,0,0,0,0,0,0,0,0,0,0
104448,51,1,0,0,0,0,0,-0.00194,0.00124,1.6349,1539,1,0,0,0,3,1,0,0,0,0,0,0,0,0,0,0,0,0,0,0,0
106496,52,1,0,0,0,0,0,-0.00426,0.00414,1.5671,1456,4,2,1,0,5,3,0,0,0,0,0,0,0,0,0,0,0,0,0,0,0
108544,53,1,0,0,0,0,0,-0.00159,0.00196,1.6149,1614,2,0,3,1,3,2,0,0,0,0,0,0,0,0,0,0,0,0,0,0,0
110592,54,1,0,0,0,0,0,-0.00103,0.00252,1.5604,1563,3,2,1,0,2,1,0,0,0,0,0,0,0,0,0,0,0,0,0,0,0
112640,55,1,0,0,0,0,0,-0.00044,0.00238,1.6091,1541,0,0,3,1,1,1,0,0,0,0,0,0,0,0,0,0,0,0,0,0,0
114688,56,1,0,0,0,0,0,-0.00225,0.00213,1.5768,1545,3,2,2,1,7,4,0,0,0,0,0,0,0,0,0,0,0,0,0,0,0
116736,57,1,0,0,0,0,0,-0.0012,0.00222,1.6216,1555,0,0,3,1,2,1,0,0,0,0,0,0,0,0,0,0,0,0,0,0,0
118784,58,1,0,0,0,0,0,-0.00222,0.00025,1.6018,1598,1,0,1,0,0,0,0,0,0,0,0,0,0,0,0,0,0,0,0,0,0
120832,59,1,0,0,0,0,0,4e-05,0.00124,1.6737,1517,2,0,2,0,2,2,0,0,0,0,0,0,0,0,0,0,0,0,0,0,0
122880,60,1,0,0,0,0,0,-0.00077,0.00128,1.6952,1435,3,0,2,0,5,1,0,0,0,0,0,0,0,0,0,0,0,0,0,0,0
124928,61,1,0,0,0,0,0,-0.00099,8e-05,1.6651,1659,3,0,1,0,1,0,0,0,0,0,0,0,0,0,0,0,0,0,0,0,0
126976,62,1,0,0,0,0,0,-0.00082,0.00159,1.6985,1429,0,0,1,0,3,3,0,0,0,0,0,0,0,0,0,0,0,0,0,0,0
129024,63,1,0,0,0,0,0,-0.00323,0.00052,1.7138,1603,2,1,1,0,2,0,0,0,0,0,0,0,0,0,0,0,0,0,0,0,0
131072,64,1,0,0,0,0,0,-0.00425,0.00211,1.662,1617,4,1,2,0,3,1,0,0,0,0,0,0,0,0,0,0,0,0,0,0,0
133120,65,1,0,0,0,0,0,0.00035,0.00156,1.706,1556,1,0,3,1,2,0,0,0,0,0,0,0,0,0,0,0,0,0,0,0,0
135168,66,1,0,0,0,0,0,-0.00114,0.00021,1.6568,1514,1,0,1,0,1,1,0,0,0,0,0,0,0,0,0,0,0,0,0,0,0
137216,67,1,0,0,0,0,0,-0.00017,0.00013,1.6491,1565,3,0,2,0,1,0,0,0,0,0,0,0,0,0,0,0,0,0,0,0,0
139264,68,1,0,0,0,0,0,-0.00316,0.00021,1.6306,1521,2,0,2,0,1,0,0,0,0,0,0,0,0,0,0,0,0,0,0,0,0
141312,69,1,0,0,0,0,0,0.00014,0.00013,1.6493,1433,2,0,1,0,1,0,0,0,0,0,0,0,0,0,0,0,0,0,0,0,0
143360,70,1,0,0,0,0,0,-0.00162,0.00207,1.6766,1664,0,0,5,0,5,4,0,0,0,0,0,0,0,0,0,0,0,0,0,0,0
145408,71,1,0,0,0,0,0,-0.00091,0.00156,1.7108,1596,4,2,0,0,2,0,0,0,0,0,0,0,0,0,0,0,0,0,0,0,0
147456,72,1,0,0,0,0,0,-0.00291,0.00125,1.6717,1608,2,0,1,1,2,2,0,0,0,0,0,0,0,0,0,0,0,0,0,0,0
149504,73,1,0,0,0,0,0,-0.00016,0.00034,1.6734,1644,0,0,1,0,2,2,0,0,0,0,0,0,0,0,0,0,0,0,0,0,0
151552,74,1,0,0,0,0,0,-0.00066,0.00014,1.6468,1632,4,0,3,0,2,1,0,0,0,0,0,0,0,0,0,0,0,0,0,0,0
153600,75,1,0,0,0,0,0,-0.00171,0.00058,1.648,1531,3,0,2,0,2,1,0,0,0,0,0,0,0,0,0,0,0,0,0,0,0
155648,76,1,0,0,0,0,0,4e-05,0.0016,1.6214,1565,1,0,4,1,1,1,0,0,0,0,0,0,0,0,0,0,0,0,0,0,0
157696,77,1,0,0,0,0,0,-0.002,0.00047,1.6738,1481,2,1,3,0,0,0,0,0,0,0,0,0,0,0,0,0,0,0,0,0,0
159744,78,1,0,0,0,0,0,-0.00213,0.00082,1.6377,1520,1,0,2,1,3,2,0,0,0,0,0,0,0,0,0,0,0,0,0,0,0
161792,79,1,0,0,0,0,0,-0.00168,0.00153,1.6124,1648,1,0,3,0,3,2,0,0,0,0,0,0,0,0,0,0,0,0,0,0,0
163840,80,1,0,0,0,0,0,-0.00031,0.0022,1.5788,1554,0,0,3,1,3,2,0,0,0,0,0,0,0,0,0,0,0,0,0,0,0
165888,81,1,0,0,0,0,0,-0.00049,0.00241,1.5608,1625,3,1,3,0,4,3,0,0,0,0,0,0,0,0,0,0,0,0,0,0,0
167936,82,1,0,0,0,0,0,-0.00337,0.00047,1.5018,1649,2,2,3,0,3,1,0,0,0,0,0,0,0,0,0,0,0,0,0,0,0
169984,83,1,0,0,0,0,0,-0.00077,0.00141,1.5407,1632,1,0,2,0,2,2,0,0,0,0,0,0,0,0,0,0,0,0,0,0,0
172032,84,1,0,0,0,0,0,-0.00083,0.00162,1.5704,1647,2,1,2,0,3,3,0,0,0,0,0,0,0,0,0,0,0,0,0,0,0
174080,85,1,0,0,0,0,0,-0.00014,0.00266,1.5428,1580,4,2,2,0,3,2,0,0,0,0,0,0,0,0,0,0,0,0,0,0,0
176128,86,1,0,0,0,0,0,-0.00158,0.00067,1.4988,1641,1,1,2,0,2,1,0,0,0,0,0,0,0,0,0,0,0,0,0,0,0
178176,87,1,0,0,0,0,0,-0.00359,0.00318,1.429,1594,2,2,3,1,3,3,0,0,0,0,0,0,0,0,0,0,0,0,0,0,0
180224,88,1,0,0,0,0,0,-0.0039,0.00368,1.3424,1548,3,3,3,1,3,2,0,0,0,0,0,0,0,0,0,0,0,0,0,0,0
182272,89,1,0,0,0,0,0,-0.00242,0.00203,1.4352,1526,1,0,3,1,3,2,0,0,0,0,0,0,0,0,0,0,0,0,0,0,0
184320,90,1,0,0,0,0,0,-0.00363,0.00277,1.383,1522,4,1,5,1,1,1,0,0,0,0,0,0,0,0,0,0,0,0,0,0,0
186368,91,1,0,0,0,0,0,-0.00158,0.00023,1.4198,1443,0,0,2,0,0,0,0,0,0,0,0,0,0,0,0,0,0,0,0,0,0
188416,92,1,0,0,0,0,0,-0.00121,0.0002,1.4321,1399,2,0,2,1,0,0,0,0,0,0,0,0,0,0,0,0,0,0,0,0,0
190464,93,1,0,0,0,0,0,-0.00138,0.0017,1.4777,1632,3,1,1,0,2,0,0,0,0,0,0,0,0,0,0,0,0,0,0,0,0
192512,94,1,0,0,0,0,0,-0.00046,0.00268,1.4837,1591,2,1,3,0,7,4,0,0,0,0,0,0,0,0,0,0,0,0,0,0,0
194560,95,1,0,0,0,0,0,-0.00314,0.00446,1.4405,1526,3,2,3,2,1,1,0,0,0,0,0,0,0,0,0,0,0,0,0,0,0
196608,96,1,0,0,0,0,0,-0.00199,0.00054,1.4709,1407,2,1,0,0,1,1,0,0,0,0,0,0,0,0,0,0,0,0,0,0,0
198656,97,1,0,0,0,0,0,-0.00223,0.003,1.4906,1497,4,3,0,0,3,3,0,0,0,0,0,0,0,0,0,0,0,0,0,0,0
200704,98,1,0,0,0,0,0,-9e-05,0.00178,1.5025,1618,1,0,3,0,3,1,0,0,0,0,0,0,0,0,0,0,0,0,0,0,0
202752,99,1,0,0,0,0,0,-0.00018,0.00309,1.504,1532,3,2,2,0,2,1,0,0,0,0,0,0,0,0,0,0,0,0,0,0,0
204800,100,1,0,0,0,0,0,0.00012,0.00093,1.5503,1411,2,1,0,0,0,0,0,0,0,0,0,0,0,0,0,0,0,0,0,0,0
206848,101,1,0,0,0,0,0,-0.00272,0.00146,1.537,1435,5,2,3,1,2,1,0,0,0,0,0,0,0,0,0,0,0,0,0,0,0
208896,102,1,0,0,0,0,0,0.0001,0.00244,1.4878,1541,0,0,2,1,3,2,0,0,0,0,0,0,0,0,0,0,0,0,0,0,0
210944,103,1,0,0,0,0,0,-0.00172,0.00109,1.5353,1502,2,1,3,0,4,3,0,0,0,0,0,0,0,0,0,0,0,0,0,0,0
212992,104,1,0,0,0,0,0,-0.00087,0.00026,1.5459,1637,3,0,3,0,0,0,0,0,0,0,0,0,0,0,0,0,0,0,0,0,0
215040,105,1,0,0,0,0,0,-0.00157,0.00116,1.6145,1593,1,0,2,0,3,2,0,0,0,0,0,0,0,0,0,0,0,0,0,0,0
217088,106,1,0,0,0,0,0,-0.00031,0.00064,1.6044,1428,1,0,1,0,3,2,0,0,0,0,0,0,0,0,0,0,0,0,0,0,0
219136,107,1,0,0,0,0,0,-0.00173,0.00325,1.5752,1470,4,2,7,0,1,1,0,0,0,0,0,0,0,0,0,0,0,0,0,0,0
221184,108,1,0,0,0,0,0,-0.00288,0.0022,1.5476,1587,2,2,6,1,2,0,0,0,0,0,0,0,0,0,0,0,0,0,0,0,0
223232,109,1,0,0,0,0,0,-0.00461,0.00287,1.5103,1589,4,2,5,1,0,0,0,0,0,0,0,0,0,0,0,0,0,0,0,0,0
225280,110,1,0,0,0,0,0,-0.00117,0.00182,1.5136,1604,0,0,1,0,3,3,0,0,0,0,0,0,0,0,0,0,0,0,0,0,0
227328,111,1,0,0,0,0,0,-0.00149,0.00087,1.4661,1546,2,1,2,0,3,1,0,0,0,0,0,0,0,0,0,0,0,0,0,0,0
229376,112,1,0,0,0,0,0,-0.00114,0.0025,1.5018,1478,5,2,1,0,3,3,0,0,0,0,0,0,0,0,0,0,0,0,0,0,0
231424,113,1,0,0,0,0,0,-0.00157,0.00023,1.4486,1513,2,1,2,0,1,0,0,0,0,0,0,0,0,0,0,0,0,0,0,0,0
233472,114,1,0,0,0,0,0,0.00014,0.00025,1.5056,1435,0,0,4,0,1,1,0,0,0,0,0,0,0,0,0,0,0,0,0,0,0
235520,115,1,0,0,0,0,0,-0.00138,0.00449,1.5204,1548,6,5,3,0,1,1,0,0,0,0,0,0,0,0,0,0,0,0,0,0,0
237568,116,1,0,0,0,0,0,-0.00236,0.00019,1.5424,1375,1,0,4,0,1,0,0,0,0,0,0,0,0,0,0,0,0,0,0,0,0
239616,117,1,0,0,0,0,0,-0.00197,0.00079,1.634,1618,2,0,2,0,2,1,0,0,0,0,0,0,0,0,0,0,0,0,0,0,0
241664,118,1,0,0,0,0,0,-0.00072,0.00241,1.6448,1582,3,1,1,0,1,1,0,0,0,0,0,0,0,0,0,0,0,0,0,0,0
243712,119,1,0,0,0,0,0,-0.00214,0.00016,1.603,1575,2,0,3,0,2,1,0,0,0,0,0,0,0,0,0,0,0,0,0,0,0
245760,120,1,0,0,0,0,0,-0.00092,0.00039,1.6304,1455,1,1,3,0,1,0,0,0,0,0,0,0,0,0,0,0,0,0,0,0,0
247808,121,1,0,0,0,0,0,-0.00155,0.00251,1.6126,1513,3,1,1,0,3,1,0,0,0,0,0,0,0,0,0,0,0,0,0,0,0
249856,122,1,0,0,0,0,0,-0.00176,0.00077,1.5979,1464,2,1,6,0,2,2,0,0,0,0,0,0,0,0,0,0,0,0,0,0,0
251904,123,1,0,0,0,0,0,-0.00257,0.00123,1.559,1550,3,1,2,1,3,2,0,0,0,0,0,0,0,0,0,0,0,0,0,0,0
253952,124,1,0,0,0,0,0,0.00028,0.00106,1.5215,1526,0,0,2,0,1,1,0,0,0,0,0,0,0,0,0,0,0,0,0,0,0
256000,125,1,0,0,0,0,0,-0.00164,0.00248,1.5737,1471,6,6,3,0,2,0,0,0,0,0,0,0,0,0,0,0,0,0,0,0,0
258048,126,1,0,0,0,0,0,-0.00043,0.00142,1.5995,1616,1,1,2,0,2,1,0,0,0,0,0,0,0,0,0,0,0,0,0,0,0
260096,127,1,0,0,0,0,0,-0.00028,0.0012,1.6244,1213,4,1,3,0,2,1,0,0,0,0,0,0,0,0,0,0,0,0,0,0,0
262144,128,1,0,0,0,0,0,-0.00178,0.00108,1.6833,1333,3,2,1,0,1,1,0,0,0,0,0,0,0,0,0,0,0,0,0,0,0
264192,129,1,0,0,0,0,0,-0.00132,0.00143,1.6758,1559,2,1,0,0,4,1,0,0,0,0,0,0,0,0,0,0,0,0,0,0,0
266240,130,1,0,0,0,0,0,-0.00063,0.0025,1.6563,1601,1,1,8,0,3,1,0,0,0,0,0,0,0,0,0,0,0,0,0,0,0
268288,131,1,0,0,0,0,0,0.00018,0.00099,1.7029,1490,1,0,5,1,1,0,0,0,0,0,0,0,0,0,0,0,0,0,0,0,0
270336,132,1,0,0,0,0,0,-0.00064,0.00123,1.6981,1536,0,0,3,0,3,2,0,0,0,0,0,0,0,0,0,0,0,0,0,0,0
272384,133,1,0,0,0,0,0,-0.00127,0.00072,1.6564,1396,2,1,1,0,2,1,0,0,0,0,0,0,0,0,0,0,0,0,0,0,0
274432,134,1,0,0,0,0,0,-0.00064,0.00457,1.5916,1443,6,4,4,1,1,1,0,0,0,0,0,0,0,0,0,0,0,0,0,0,0
276480,135,1,0,0,0,0,0,-0.00196,0.00141,1.5435,1484,2,2,2,1,2,0,0,0,0,0,0,0,0,0,0,0,0,0,0,0,0
278528,136,1,0,0,0,0,0,-0.00132,0.00122,1.5045,1461,1,0,1,0,1,1,0,0,0,0,0,0,0,0,0,0,0,0,0,0,0
280576,137,1,0,0,0,0,0,-0.00053,0.0014,1.556,1497,3,3,0,0,1,0,0,0,0,0,0,0,0,0,0,0,0,0,0,0,0
282624,138,1,0,0,0,0,0,-0.00088,0.00206,1.6197,1523,4,0,3,1,4,2,0,0,0,0,0,0,0,0,0,0,0,0,0,0,0
284672,139,1,0,0,0,0,0,-0.00013,0.00058,1.6625,1567,1,1,1,0,0,0,0,0,0,0,0,0,0,0,0,0,0,0,0,0,0
286720,140,1,0,0,0,0,0,-0.0013,0.00222,1.6996,1642,1,0,5,1,3,1,0,0,0,0,0,0,0,0,0,0,0,0,0,0,0
288768,141,1,0,0,0,0,0,-0.0003,0.00335,1.7341,1659,1,0,2,1,4,2,0,0,0,0,0,0,0,0,0,0,0,0,0,0,0
290816,142,1,0,0,0,0,0,-0.00031,0.00401,1.7218,1562,3,2,4,0,5,3,0,0,0,0,0,0,0,0,0,0,0,0,0,0,0
292864,143,1,0,0,0,0,0,-2e-05,0.00244,1.7153,1594,3,3,0,0,1,1,0,0,0,0,0,0,0,0,0,0,0,0,0,0,0
294912,144,1,0,0,0,0,0,-0.00092,0.00137,1.7238,1468,0,0,3,1,0,0,0,0,0,0,0,0,0,0,0,0,0,0,0,0,0
296960,145,1,0,0,0,0,0,-0.00039,0.00045,1.7528,1674,2,0,3,0,2,2,0,0,0,0,0,0,0,0,0,0,0,0,0,0,0
299008,146,1,0,0,0,0,0,-0.00222,0.00032,1.7382,1633,4,1,3,0,2,0,0,0,0,0,0,0,0,0,0,0,0,0,0,0,0
301056,147,1,0,0,0,0,0,-0.00213,0.00281,1.6384,1514,1,1,2,1,3,2,0,0,0,0,0,0,0,0,0,0,0,0,0,0,0
303104,148,1,0,0,0,0,0,-0.00199,0.0006,1.6741,1500,1,1,0,0,5,2,0,0,0,0,0,0,0,0,0,0,0,0,0,0,0
305152,149,1,0,0,0,0,0,-0.00134,0.00049,1.7101,1462,2,1,2,0,1,0,0,0,0,0,0,0,0,0,0,0,0,0,0,0,0
307200,150,1,0,0,0,0,0,-0.00016,0.00122,1.7205,1501,2,1,2,1,2,2,0,0,0,0,0,0,0,0,0,0,0,0,0,0,0
309248,151,1,0,0,0,0,0,-0.00263,0.00262,1.6714,1454,2,2,3,1,1,0,0,0,0,0,0,0,0,0,0,0,0,0,0,0,0
311296,152,1,0,0,0,0,0,-0.00104,0.00061,1.6105,1572,3,1,0,0,1,0,0,0,0,0,0,0,0,0,0,0,0,0,0,0,0
313344,153,1,0,0,0,0,0,-0.00252,0.00091,1.6084,1592,1,0,2,0,5,2,0,0,0,0,0,0,0,0,0,0,0,0,0,0,0
315392,154,1,0,0,0,0,0,-0.00072,0.00365,1.6167,1559,2,1,6,2,3,2,0,0,0,0,0,0,0,0,0,0,0,0,0,0,0
317440,155,1,0,0,0,0,0,-0.0015,0.00104,1.6043,1634,1,0,4,1,2,2,0,0,0,0,0,0,0,0,0,0,0,0,0,0,0
319488,156,1,0,0,0,0,0,-0.00035,0.002,1.6582,1529,3,2,2,0,0,0,0,0,0,0,0,0,0,0,0,0,0,0,0,0,0
321536,157,1,0,0,0,0,0,-0.00084,0.00059,1.7069,1571,2,1,2,0,2,2,0,0,0,0,0,0,0,0,0,0,0,0,0,0,0
323584,158,1,0,0,0,0,0,-0.00034,0.00146,1.7172,1519,2,1,3,0,2,1,0,0,0,0,0,0,0,0,0,0,0,0,0,0,0
325632,159,1,0,0,0,0,0,-0.00099,0.00154,1.6856,1466,3,2,1,1,0,0,0,0,0,0,0,0,0,0,0,0,0,0,0,0,0
327680,160,1,0,0,0,0,0,-0.00085,0.00417,1.6763,1534,3,1,0,0,4,3,0,0,0,0,0,0,0,0,0,0,0,0,0,0,0
329728,161,1,0,0,0,0,0,-0.00069,0.00101,1.6769,1474,2,0,3,0,5,4,0,0,0,0,0,0,0,0,0,0,0,0,0,0,0
331776,162,1,0,0,0,0,0,-0.00081,0.00262,1.6569,1490,3,3,3,0,2,1,0,0,0,0,0,0,0,0,0,0,0,0,0,0,0
333824,163,1,0,0,0,0,0,-0.00108,0.00104,1.6916,1633,1,1,0,0,1,0,0,0,0,0,0,0,0,0,0,0,0,0,0,0,0
335872,164,1,0,0,0,0,0,-0.00047,0.00044,1.7187,1648,2,1,2,0,3,1,0,0,0,0,0,0,0,0,0,0,0,0,0,0,0
337920,165,1,0,0,0,0,0,-0.00037,0.00056,1.7356,1556,1,0,2,0,2,1,0,0,0,0,0,0,0,0,0,0,0,0,0,0,0
339968,166,1,0,0,0,0,0,-0.00023,0.00374,1.7312,1532,1,0,6,1,4,3,0,0,0,0,0,0,0,0,0,0,0,0,0,0,0
342016,167,1,0,0,0,0,0,-0.00115,0.00017,1.7552,1610,1,0,2,0,1,0,0,0,0,0,0,0,0,0,0,0,0,0,0,0,0
344064,168,1,0,0,0,0,0,3e-05,0.0011,1.7574,1639,1,0,2,0,2,2,0,0,0,0,0,0,0,0,0,0,0,0,0,0,0
346112,169,1,0,0,0,0,0,-0.0005,0.00147,1.772,1529,2,0,1,0,2,1,0,0,0,0,0,0,0,0,0,0,0,0,0,0,0
348160,170,1,0,0,0,0,0,-0.00163,0.00022,1.7653,1637,3,0,5,1,2,1,0,0,0,0,0,0,0,0,0,0,0,0,0,0,0
350208,171,1,0,0,0,0,0,-0.00043,0.00022,1.7243,1625,1,0,2,0,0,0,0,0,0,0,0,0,0,0,0,0,0,0,0,0,0
352256,172,1,0,0,0,0,0,2e-05,0.00194,1.715,1562,3,0,7,1,1,1,0,0,0,0,0,0,0,0,0,0,0,0,0,0,0
354304,173,1,0,0,0,0,0,-0.00036,0.00109,1.7133,1443,3,0,2,0,1,1,0,0,0,0,0,0,0,0,0,0,0,0,0,0,0
356352,174,1,0,0,0,0,0,-0.00031,0.0002,1.6988,1522,2,0,3,0,2,2,0,0,0,0,0,0,0,0,0,0,0,0,0,0,0
358400,175,1,0,0,0,0,0,0.00012,0.0008,1.7223,1654,1,0,0,0,1,1,0,0,0,0,0,0,0,0,0,0,0,0,0,0,0
360448,176,1,0,0,0,0,0,-1e-05,0.00044,1.7281,1630,1,0,1,0,4,1,0,0,0,0,0,0,0,0,0,0,0,0,0,0,0
362496,177,1,0,0,0,0,0,-0.00084,0.00227,1.7264,1531,3,1,4,0,2,2,0,0,0,0,0,0,0,0,0,0,0,0,0,0,0
364544,178,1,0,0,0,0,0,-0.00146,0.00097,1.6919,1573,1,0,6,0,2,1,0,0,0,0,0,0,0,0,0,0,0,0,0,0,0
366592,179,1,0,0,0,0,0,-0.0001,0.00045,1.6703,1463,0,0,2,0,2,1,0,0,0,0,0,0,0,0,0,0,0,0,0,0,0
368640,180,1,0,0,0,0,0,-0.00135,0.00096,1.6476,1400,4,0,0,0,3,2,0,0,0,0,0,0,0,0,0,0,0,0,0,0,0
370688,181,1,0,0,0,0,0,-0.00135,0.00222,1.6265,1381,1,0,3,1,3,3,0,0,0,0,0,0,0,0,0,0,0,0,0,0,0
372736,182,1,0,0,0,0,0,-0.00105,0.00166,1.6616,1549,2,1,3,0,1,1,0,0,0,0,0,0,0,0,0,0,0,0,0,0,0
374784,183,1,0,0,0,0,0,-0.00213,0.0004,1.6196,1599,1,0,0,0,1,1,0,0,0,0,0,0,0,0,0,0,0,0,0,0,0
376832,184,1,0,0,0,0,0,-0.00106,0.00075,1.5907,1529,1,0,1,0,4,2,0,0,0,0,0,0,0,0,0,0,0,0,0,0,0
378880,185,1,0,0,0,0,0,-0.00074,0.00053,1.5678,1495,3,0,2,1,3,1,0,0,0,0,0,0,0,0,0,0,0,0,0,0,0
380928,186,1,0,0,0,0,0,-0.00063,0.00126,1.5996,1530,3,2,2,0,1,1,0,0,0,0,0,0,0,0,0,0,0,0,0,0,0
382976,187,1,0,0,0,0,0,-0.00104,0.001,1.6415,1458,2,2,3,0,1,1,0,0,0,0,0,0,0,0,0,0,0,0,0,0,0
385024,188,1,0,0,0,0,0,-0.00198,0.00044,1.6837,1577,1,1,3,0,1,0,0,0,0,0,0,0,0,0,0,0,0,0,0,0,0
387072,189,1,0,0,0,0,0,-0.00071,0.00148,1.7254,1484,3,2,1,0,0,0,0,0,0,0,0,0,0,0,0,0,0,0,0,0,0
389120,190,1,0,0,0,0,0,-0.00118,0.00349,1.7585,1454,6,2,1,0,2,1,0,0,0,0,0,0,0,0,0,0,0,0,0,0,0
391168,191,1,0,0,0,0,0,0.00011,0.0016,1.7816,1363,2,0,2,0,3,2,0,0,0,0,0,0,0,0,0,0,0,0,0,0,0
393216,192,1,0,0,0,0,0,-0.00049,0.00108,1.7823,1427,1,1,0,0,3,1,0,0,0,0,0,0,0,0,0,0,0,0,0,0,0
395264,193,1,0,0,0,0,0,-0.00077,0.00155,1.7775,1485,0,0,2,0,5,4,0,0,0,0,0,0,0,0,0,0,0,0,0,0,0
397312,194,1,0,0,0,0,0,-0.00028,0.0003,1.7928,1527,2,1,1,0,2,0,0,0,0,0,0,0,0,0,0,0,0,0,0,0,0
399360,195,1,0,0,0,0,0,-0.00078,0.00011,1.755,1596,2,0,2,0,0,0,0,0,0,0,0,0,0,0,0,0,0,0,0,0,0
401408,196,1,0,0,0,0,0,-0.00085,0.00088,1.7288,1494,3,2,2,0,2,2,0,0,0,0,0,0,0,0,0,0,0,0,0,0,0
403456,197,1,0,0,0,0,0,-0.00425,0.00244,1.648,1386,1,0,3,0,5,3,0,0,0,0,0,0,0,0,0,0,0,0,0,0,0
405504,198,1,0,0,0,0,0,-0.00045,0.00014,1.633,1503,1,0,3,0,0,0,0,0,0,0,0,0,0,0,0,0,0,0,0,0,0
407552,199,1,0,0,0,0,0,-0.00126,0.00016,1.6344,1561,3,1,3,0,1,0,0,0,0,0,0,0,0,0,0,0,0,0,0,0,0
409600,200,1,0,0,0,0,0,-0.00424,0.00014,1.6443,1573,2,0,2,0,3,0,0,0,0,0,0,0,0,0,0,0,0,0,0,0,0
411648,201,1,0,0,0,0,0,-0.00284,5e-05,1.6665,1409,0,0,0,0,2,0,0,0,0,0,0,0,0,0,0,0,0,0,0,0,0
413696,202,1,0,0,0,0,0,-0.00102,0.00135,1.6357,1408,3,2,3,0,3,1,0,0,0,0,0,0,0,0,0,0,0,0,0,0,0
415744,203,1,0,0,0,0,0,-0.0012,0.00152,1.6019,1423,2,1,3,0,1,1,0,0,0,0,0,0,0,0,0,0,0,0,0,0,0
417792,204,1,0,0,0,0,0,-0.00104,0.00107,1.6123,1526,2,1,4,0,1,1,0,0,0,0,0,0,0,0,0,0,0,0,0,0,0
419840,205,1,0,0,0,0,0,-0.00119,0.00047,1.6603,1511,3,0,4,1,0,0,0,0,0,0,0,0,0,0,0,0,0,0,0,0,0
421888,206,1,0,0,0,0,0,-0.00262,0.00018,1.6337,1433,3,1,1,0,0,0,0,0,0,0,0,0,0,0,0,0,0,0,0,0,0
423936,207,1,0,0,0,0,0,-0.00052,0.00145,1.5472,1381,2,0,0,0,2,2,0,0,0,0,0,0,0,0,0,0,0,0,0,0,0
425984,208,1,0,0,0,0,0,-0.00134,0.00184,1.5319,1634,4,1,2,0,1,1,0,0,0,0,0,0,0,0,0,0,0,0,0,0,0
428032,209,1,0,0,0,0,0,-0.0008,0.00055,1.5247,1521,3,1,2,0,3,0,0,0,0,0,0,0,0,0,0,0,0,0,0,0,0
430080,210,1,0,0,0,0,0,-3e-05,0.00289,1.5873,1588,2,1,2,2,1,1,0,0,0,0,0,0,0,0,0,0,0,0,0,0,0
432128,211,1,0,0,0,0,0,-0.00106,0.00098,1.618,1481,1,0,3,0,1,1,0,0,0,0,0,0,0,0,0,0,0,0,0,0,0
434176,212,1,0,0,0,0,0,-0.00011,0.0012,1.6665,1557,1,1,1,0,2,0,0,0,0,0,0,0,0,0,0,0,0,0,0,0,0
436224,213,1,0,0,0,0,0,-7e-05,0.00028,1.6749,1477,2,0,2,0,3,2,0,0,0,0,0,0,0,0,0,0,0,0,0,0,0
438272,214,1,0,0,0,0,0,-0.00077,0.00096,1.6769,1499,1,0,5,0,1,1,0,0,0,0,0,0,0,0,0,0,0,0,0,0,0
440320,215,1,0,0,0,0,0,-0.00036,0.0001,1.6811,1515,0,0,3,0,1,0,0,0,0,0,0,0,0,0,0,0,0,0,0,0,0
442368,216,1,0,0,0,0,0,0.00011,0.00149,1.7117,1433,5,1,2,0,1,1,0,0,0,0,0,0,0,0,0,0,0,0,0,0,0
444416,217,1,0,0,0,0,0,-0.00191,0.00136,1.7174,1504,1,0,2,0,4,2,0,0,0,0,0,0,0,0,0,0,0,0,0,0,0
446464,218,1,0,0,0,0,0,-0.00145,0.00106,1.6299,1481,1,0,5,1,0,0,0,0,0,0,0,0,0,0,0,0,0,0,0,0,0
448512,219,1,0,0,0,0,0,-0.00098,0.00011,1.522,1553,1,0,1,0,2,1,0,0,0,0,0,0,0,0,0,0,0,0,0,0,0
450560,220,1,0,0,0,0,0,0.00011,0.00128,1.5177,1470,1,0,1,0,1,1,0,0,0,0,0,0,0,0,0,0,0,0,0,0,0
452608,221,1,0,0,0,0,0,-0.00144,0.00331,1.586,1462,5,1,4,1,3,1,0,0,0,0,0,0,0,0,0,0,0,0,0,0,0
454656,222,1,0,0,0,0,0,-3e-05,0.00093,1.6102,1493,2,1,4,0,1,0,0,0,0,0,0,0,0,0,0,0,0,0,0,0,0
456704,223,1,0,0,0,0,0,-0.00031,0.00029,1.5957,1545,2,1,3,0,0,0,0,0,0,0,0,0,0,0,0,0,0,0,0,0,0
458752,224,1,0,0,0,0,0,2e-05,0.0005,1.5745,1329,1,1,1,0,1,1,0,0,0,0,0,0,0,0,0,0,0,0,0,0,0
460800,225,1,0,0,0,0,0,-0.00088,0.00026,1.6114,1260,3,1,2,0,3,0,0,0,0,0,0,0,0,0,0,0,0,0,0,0,0
462848,226,1,0,0,0,0,0,-0.00104,0.00184,1.5137,1291,0,0,6,0,5,3,0,0,0,0,0,0,0,0,0,0,0,0,0,0,0
464896,227,1,0,0,0,0,0,-0.00014,0.0019,1.4822,1564,1,0,2,1,2,2,0,0,0,0,0,0,0,0,0,0,0,0,0,0,0
466944,228,1,0,0,0,0,0,-0.00059,0.00381,1.5226,1231,1,1,4,2,1,1,0,0,0,0,0,0,0,0,0,0,0,0,0,0,0
468992,229,1,0,0,0,0,0,-0.0007,0.0021,1.429,1461,4,1,1,0,4,3,0,0,0,0,0,0,0,0,0,0,0,0,0,0,0
471040,230,1,0,0,0,0,0,-0.00019,0.00026,1.4049,1363,3,0,3,0,1,1,0,0,0,0,0,0,0,0,0,0,0,0,0,0,0
473088,231,1,0,0,0,0,0,0.00011,0.00292,1.4876,1186,2,2,1,0,2,1,0,0,0,0,0,0,0,0,0,0,0,0,0,0,0
475136,232,1,0,0,0,0,0,-0.00195,0.001,1.5705,1492,4,0,2,0,2,1,0,0,0,0,0,0,0,0,0,0,0,0,0,0,0
477184,233,1,0,0,0,0,0,-0.0003,0.00084,1.6204,1520,2,0,1,0,2,1,0,0,0,0,0,0,0,0,0,0,0,0,0,0,0
479232,234,1,0,0,0,0,0,-0.00382,0.00065,1.5471,1503,2,1,1,0,2,2,0,0,0,0,0,0,0,0,0,0,0,0,0,0,0
481280,235,1,0,0,0,0,0,-0.00021,0.00214,1.4817,1569,5,2,2,0,0,0,0,0,0,0,0,0,0,0,0,0,0,0,0,0,0
483328,236,1,0,0,0,0,0,-0.00291,0.00156,1.3802,1603,5,2,1,0,1,1,0,0,0,0,0,0,0,0,0,0,0,0,0,0,0
485376,237,1,0,0,0,0,0,-0.00104,0.00129,1.3219,1572,2,1,1,0,3,3,0,0,0,0,0,0,0,0,0,0,0,0,0,0,0
487424,238,1,0,0,0,0,0,-0.00013,0.00039,1.2787,1313,2,1,1,0,0,0,0,0,0,0,0,0,0,0,0,0,0,0,0,0,0
489472,239,1,0,0,0,0,0,-0.00182,0.00582,1.3225,1498,2,1,2,1,5,4,0,0,0,0,0,0,0,0,0,0,0,0,0,0,0
491520,240,1,0,0,0,0,0,0.00011,0.00111,1.3243,1510,3,1,4,0,4,1,0,0,0,0,0,0,0,0,0,0,0,0,0,0,0
493568,241,1,0,0,0,0,0,-0.00242,0.00511,1.4237,1528,2,0,4,2,2,2,0,0,0,0,0,0,0,0,0,0,0,0,0,0,0
495616,242,1,0,0,0,0,0,-0.00183,0.0009,1.4291,1457,1,1,2,1,1,0,0,0,0,0,0,0,0,0,0,0,0,0,0,0,0
497664,243,1,0,0,0,0,0,-0.00074,0.00017,1.3352,1448,1,0,1,0,2,0,0,0,0,0,0,0,0,0,0,0,0,0,0,0,0
499712,244,1,0,0,0,0,0,-0.001,0.00015,1.3233,1403,3,1,4,0,1,0,0,0,0,0,0,0,0,0,0,0,0,0,0,0,0
501760,245,1,0,0,0,0,0,-0.00216,0.00027,1.3918,1407,2,0,3,0,1,0,0,0,0,0,0,0,0,0,0,0,0,0,0,0,0
503808,246,1,0,0,0,0,0,-0.00033,0.0008,1.4761,1480,1,0,3,1,3,2,0,0,0,0,0,0,0,0,0,0,0,0,0,0,0
505856,247,1,0,0,0,0,0,0.0001,0.00133,1.469,1466,0,0,3,0,2,1,0,0,0,0,0,0,0,0,0,0,0,0,0,0,0
507904,248,1,0,0,0,0,0,-0.00032,0.0001,1.5204,1482,2,0,1,0,1,0,0,0,0,0,0,0,0,0,0,0,0,0,0,0,0
509952,249,1,0,0,0,0,0,-0.00203,0.00114,1.475,1446,1,0,1,1,1,0,0,0,0,0,0,0,0,0,0,0,0,0,0,0,0
512000,250,1,0,0,0,0,0,-0.00164,0.0036,1.3897,1348,5,3,2,0,3,2,0,0,0,0,0,0,0,0,0,0,0,0,0,0,0
514048,251,1,0,0,0,0,0,-0.00076,0.00255,1.4231,1488,1,1,4,0,4,2,0,0,0,0,0,0,0,0,0,0,0,0,0,0,0
516096,252,1,0,0,0,0,0,-0.00225,0.00171,1.4063,1505,3,1,2,0,1,1,0,0,0,0,0,0,0,0,0,0,0,0,0,0,0
518144,253,1,0,0,0,0,0,-0.00404,0.00145,1.224,1376,4,3,3,0,1,0,0,0,0,0,0,0,0,0,0,0,0,0,0,0,0
520192,254,1,0,0,0,0,0,0.00032,0.00793,1.2105,1451,4,4,4,2,5,4,0,0,0,0,0,0,0,0,0,0,0,0,0,0,0
522240,255,1,0,0,0,0,0,8e-05,0.00223,1.2296,1610,2,1,1,0,4,3,0,0,0,0,0,0,0,0,0,0,0,0,0,0,0
524288,256,1,0,0,0,0,0,-0.00088,0.00325,1.2623,1565,2,1,2,0,2,2,0,0,0,0,0,0,0,0,0,0,0,0,0,0,0
526336,257,1,0,0,0,0,0,-0.00066,0.00227,1.228,1362,3,2,6,1,2,0,0,0,0,0,0,0,0,0,0,0,0,0,0,0,0
528384,258,1,0,0,0,0,0,7e-05,0.0022,1.2669,1352,2,0,1,0,5,2,0,0,0,0,0,0,0,0,0,0,0,0,0,0,0
530432,259,1,0,0,0,0,0,-0.00064,0.00147,1.358,1512,0,0,1,0,1,1,0,0,0,0,0,0,0,0,0,0,0,0,0,0,0
532480,260,1,0,0,0,0,0,-0.00297,0.00144,1.3263,1564,3,2,3,0,3,1,0,0,0,0,0,0,0,0,0,0,0,0,0,0,0
534528,261,1,0,0,0,0,0,-0.00131,0.00303,1.1619,1472,2,1,0,0,5,2,0,0,0,0,0,0,0,0,0,0,0,0,0,0,0
536576,262,1,0,0,0,0,0,-0.00222,0.0024,1.0138,1594,3,1,4,0,3,1,0,0,0,0,0,0,0,0,0,0,0,0,0,0,0
538624,263,1,0,0,0,0,0,0.00016,0.00011,0.969,1467,0,0,1,0,1,0,0,0,0,0,0,0,0,0,0,0,0,0,0,0,0
540672,264,1,0,0,0,0,0,-0.00027,0.00154,1.0034,1470,4,2,5,0,1,0,0,0,0,0,0,0,0,0,0,0,0,0,0,0,0
542720,265,1,0,0,0,0,0,5e-05,0.00024,0.9604,1211,2,0,3,0,1,1,0,0,0,0,0,0,0,0,0,0,0,0,0,0,0
544768,266,1,0,0,0,0,0,-0.0011,0.00088,1.094,1409,3,1,4,0,3,1,0,0,0,0,0,0,0,0,0,0,0,0,0,0,0
546816,267,1,0,0,0,0,0,-0.00099,0.00238,1.1036,1472,2,2,1,0,0,0,0,0,0,0,0,0,0,0,0,0,0,0,0,0,0
548864,268,1,0,0,0,0,0,-0.00317,0.00102,1.1963,1545,0,0,1,0,2,1,0,0,0,0,0,0,0,0,0,0,0,0,0,0,0
550912,269,1,0,0,0,0,0,-0.00077,0.00027,1.3005,1433,3,1,1,0,3,1,0,0,0,0,0,0,0,0,0,0,0,0,0,0,0
552960,270,1,0,0,0,0,0,-0.00194,0.00029,1.3888,1495,3,0,3,0,2,1,0,0,0,0,0,0,0,0,0,0,0,0,0,0,0
555008,271,1,0,0,0,0,0,-0.00204,0.00421,1.4697,1512,0,0,1,0,8,6,0,0,0,0,0,0,0,0,0,0,0,0,0,0,0
557056,272,1,0,0,0,0,0,0.00056,0.00258,1.53,1482,4,2,1,0,1,1,0,0,0,0,0,0,0,0,0,0,0,0,0,0,0
559104,273,1,0,0,0,0,0,-0.00111,0.00143,1.534,1579,2,1,7,0,1,1,0,0,0,0,0,0,0,0,0,0,0,0,0,0,0
561152,274,1,0,0,0,0,0,-0.00034,0.00124,1.5414,1595,1,1,2,1,2,0,0,0,0,0,0,0,0,0,0,0,0,0,0,0,0
563200,275,1,0,0,0,0,0,-0.00022,0.00126,1.5252,1643,4,2,3,0,0,0,0,0,0,0,0,0,0,0,0,0,0,0,0,0,0
565248,276,1,0,0,0,0,0,-0.00028,0.00023,1.5357,1579,1,0,6,0,1,0,0,0,0,0,0,0,0,0,0,0,0,0,0,0,0
567296,277,1,0,0,0,0,0,-0.00058,0.00176,1.5625,1588,4,1,2,0,3,1,0,0,0,0,0,0,0,0,0,0,0,0,0,0,0
569344,278,1,0,0,0,0,0,-0.00031,0.00215,1.5629,1520,1,1,4,0,2,2,0,0,0,0,0,0,0,0,0,0,0,0,0,0,0
571392,279,1,0,0,0,0,0,1e-05,0.00444,1.5652,1528,1,1,1,1,6,4,0,0,0,0,0,0,0,0,0,0,0,0,0,0,0
573440,280,1,0,0,0,0,0,-0.00093,0.0007,1.573,1533,2,0,1,0,2,2,0,0,0,0,0,0,0,0,0,0,0,0,0,0,0
575488,281,1,0,0,0,0,0,-0.00107,0.00481,1.6216,1609,2,2,4,2,4,2,0,0,0,0,0,0,0,0,0,0,0,0,0,0,0
577536,282,1,0,0,0,0,0,-0.0011,0.00208,1.6134,1552,2,1,1,0,3,3,0,0,0,0,0,0,0,0,0,0,0,0,0,0,0
579584,283,1,0,0,0,0,0,-0.00127,0.00215,1.6443,1636,4,2,2,1,2,2,0,0,0,0,0,0,0,0,0,0,0,0,0,0,0
581632,284,1,0,0,0,0,0,-0.00134,0.00175,1.6719,1623,1,0,1,0,2,1,0,0,0,0,0,0,0,0,0,0,0,0,0,0,0
583680,285,1,0,0,0,0,0,-0.00222,0.00091,1.63,1629,4,2,3,0,2,2,0,0,0,0,0,0,0,0,0,0,0,0,0,0,0
585728,286,1,0,0,0,0,0,-0.00103,0.00012,1.578,1625,2,0,5,0,0,0,0,0,0,0,0,0,0,0,0,0,0,0,0,0,0
587776,287,1,0,0,0,0,0,-0.00145,0.00136,1.517,1457,2,1,3,0,1,1,0,0,0,0,0,0,0,0,0,0,0,0,0,0,0
589824,288,1,0,0,0,0,0,-0.00255,0.00306,1.4038,1462,5,2,1,0,1,1,0,0,0,0,0,0,0,0,0,0,0,0,0,0,0
591872,289,1,0,0,0,0,0,-0.00144,0.00179,1.3934,1485,5,3,4,0,1,0,0,0,0,0,0,0,0,0,0,0,0,0,0,0,0
593920,290,1,0,0,0,0,0,-0.00061,0.00179,1.4595,1696,2,1,1,0,1,1,0,0,0,0,0,0,0,0,0,0,0,0,0,0,0
595968,291,1,0,0,0,0,0,-0.00108,0.00131,1.4917,1682,4,2,1,0,1,1,0,0,0,0,0,0,0,0,0,0,0,0,0,0,0
598016,292,1,0,0,0,0,0,-0.00195,0.00075,1.4483,1653,2,1,2,0,3,2,0,0,0,0,0,0,0,0,0,0,0,0,0,0,0
600064,293,1,0,0,0,0,0,-0.00084,0.00365,1.5243,1564,4,2,2,0,4,4,0,0,0,0,0,0,0,0,0,0,0,0,0,0,0
602112,294,1,0,0,0,0,0,-0.0021,0.00072,1.5943,1646,1,0,1,0,1,1,0,0,0,0,0,0,0,0,0,0,0,0,0,0,0
604160,295,1,0,0,0,0,0,-0.00051,0.00022,1.6254,1640,2,0,0,0,1,0,0,0,0,0,0,0,0,0,0,0,0,0,0,0,0
606208,296,1,0,0,0,0,0,-0.00354,0.00095,1.556,1473,3,2,2,1,0,0,0,0,0,0,0,0,0,0,0,0,0,0,0,0,0
608256,297,1,0,0,0,0,0,0.00027,0.00149,1.521,1668,6,2,1,0,1,0,0,0,0,0,0,0,0,0,0,0,0,0,0,0,0
610304,298,1,0,0,0,0,0,-0.00058,0.00144,1.5692,1651,1,1,2,0,3,2,0,0,0,0,0,0,0,0,0,0,0,0,0,0,0
612352,299,1,0,0,0,0,0,-0.00065,0.0018,1.5934,1584,0,0,2,0,3,2,0,0,0,0,0,0,0,0,0,0,0,0,0,0,0
614400,300,1,0,0,0,0,0,5e-05,0.00095,1.5639,1561,2,1,5,1,3,0,0,0,0,0,0,0,0,0,0,0,0,0,0,0,0
616448,301,1,0,0,0,0,0,-0.0003,0.00259,1.5511,1597,2,2,5,2,1,0,0,0,0,0,0,0,0,0,0,0,0,0,0,0,0
618496,302,1,0,0,0,0,0,-0.00035,0.00385,1.5184,1607,1,1,2,0,4,4,0,0,0,0,0,0,0,0,0,0,0,0,0,0,0
620544,303,1,0,0,0,0,0,-0.0001,0.00206,1.5107,1534,1,0,4,0,5,4,0,0,0,0,0,0,0,0,0,0,0,0,0,0,0
622592,304,1,0,0,0,0,0,-0.00023,0.00133,1.5198,1539,2,1,4,0,0,0,0,0,0,0,0,0,0,0,0,0,0,0,0,0,0
624640,305,1,0,0,0,0,0,-0.00083,0.00332,1.5383,1639,2,0,1,1,4,3,0,0,0,0,0,0,0,0,0,0,0,0,0,0,0
626688,306,1,0,0,0,0,0,-0.00017,0.00058,1.5398,1595,0,0,2,0,3,1,0,0,0,0,0,0,0,0,0,0,0,0,0,0,0
628736,307,1,0,0,0,0,0,-0.00121,0.00034,1.518,1625,1,0,3,0,4,2,0,0,0,0,0,0,0,0,0,0,0,0,0,0,0
630784,308,1,0,0,0,0,0,0.00031,0.0035,1.5111,1556,1,0,2,0,5,5,0,0,0,0,0,0,0,0,0,0,0,0,0,0,0
632832,309,1,0,0,0,0,0,-0.00041,0.00168,1.5147,1604,2,0,3,0,2,2,0,0,0,0,0,0,0,0,0,0,0,0,0,0,0
634880,310,1,0,0,0,0,0,-0.00098,7e-05,1.5047,1635,1,0,2,0,0,0,0,0,0,0,0,0,0,0,0,0,0,0,0,0,0
636928,311,1,0,0,0,0,0,-0.00129,0.00196,1.481,1551,4,3,1,0,3,0,0,0,0,0,0,0,0,0,0,0,0,0,0,0,0
638976,312,1,0,0,0,0,0,-0.00036,0.0023,1.4515,1607,1,0,3,1,5,3,0,0,0,0,0,0,0,0,0,0,0,0,0,0,0
641024,313,1,0,0,0,0,0,-0.0017,0.00409,1.4651,1447,5,3,0,0,3,1,0,0,0,0,0,0,0,0,0,0,0,0,0,0,0
643072,314,1,0,0,0,0,0,-0.0021,0.00317,1.4044,1596,1,1,3,2,1,1,0,0,0,0,0,0,0,0,0,0,0,0,0,0,0
645120,315,1,0,0,0,0,0,-0.00022,0.00218,1.3858,1625,6,4,0,0,1,1,0,0,0,0,0,0,0,0,0,0,0,0,0,0,0
647168,316,1,0,0,0,0,0,-0.00126,0.00262,1.4542,1636,3,2,4,0,3,3,0,0,0,0,0,0,0,0,0,0,0,0,0,0,0
649216,317,1,0,0,0,0,0,-0.00133,0.00276,1.478,1605,3,2,3,1,4,3,0,0,0,0,0,0,0,0,0,0,0,0,0,0,0
651264,318,1,0,0,0,0,0,-0.00027,0.00071,1.4818,1679,1,0,2,0,1,1,0,0,0,0,0,0,0,0,0,0,0,0,0,0,0
653312,319,1,0,0,0,0,0,-0.00096,0.00131,1.4811,1696,1,1,0,0,1,1,0,0,0,0,0,0,0,0,0,0,0,0,0,0,0
655360,320,1,0,0,0,0,0,-0.00055,0.00067,1.4636,1548,4,0,2,0,5,4,0,0,0,0,0,0,0,0,0,0,0,0,0,0,0
657408,321,1,0,0,0,0,0,-0.00013,0.00019,1.4388,1621,2,1,1,0,0,0,0,0,0,0,0,0,0,0,0,0,0,0,0,0,0
659456,322,1,0,0,0,0,0,-0.00097,0.00023,1.464,1635,1,1,0,0,1,1,0,0,0,0,0,0,0,0,0,0,0,0,0,0,0
661504,323,1,0,0,0,0,0,-0.00024,0.00074,1.4934,1468,0,0,2,0,1,1,0,0,0,0,0,0,0,0,0,0,0,0,0,0,0
663552,324,1,0,0,0,0,0,-0.00116,0.00143,1.5166,1564,10,2,4,0,1,1,0,0,0,0,0,0,0,0,0,0,0,0,0,0,0
665600,325,1,0,0,0,0,0,-0.00353,0.00438,1.5762,1605,1,0,4,1,3,3,0,0,0,0,0,0,0,0,0,0,0,0,0,0,0
667648,326,1,0,0,0,0,0,-0.00095,0.00231,1.5628,1668,2,2,0,0,2,1,0,0,0,0,0,0,0,0,0,0,0,0,0,0,0
669696,327,1,0,0,0,0,0,-0.0003,0.0008,1.5156,1540,2,1,3,0,3,2,0,0,0,0,0,0,0,0,0,0,0,0,0,0,0
671744,328,1,0,0,0,0,0,-0.00062,0.00353,1.5166,1411,4,1,1,1,1,1,0,0,0,0,0,0,0,0,0,0,0,0,0,0,0
673792,329,1,0,0,0,0,0,-0.00091,0.00161,1.5261,1618,2,0,3,0,2,2,0,0,0,0,0,0,0,0,0,0,0,0,0,0,0
675840,330,1,0,0,0,0,0,-0.00035,0.00197,1.5827,1598,4,2,2,0,3,2,0,0,0,0,0,0,0,0,0,0,0,0,0,0,0
677888,331,1,0,0,0,0,0,7e-05,0.00052,1.6108,1587,1,0,3,0,2,0,0,0,0,0,0,0,0,0,0,0,0,0,0,0,0
679936,332,1,0,0,0,0,0,-0.00221,0.00282,1.5642,1630,2,1,2,1,3,2,0,0,0,0,0,0,0,0,0,0,0,0,0,0,0
681984,333,1,0,0,0,0,0,-0.00286,0.0002,1.4695,1560,0,0,2,0,1,1,0,0,0,0,0,0,0,0,0,0,0,0,0,0,0
684032,334,1,0,0,0,0,0,-0.001,0.0023,1.4572,1469,2,1,7,1,2,0,0,0,0,0,0,0,0,0,0,0,0,0,0,0,0
686080,335,1,0,0,0,0,0,-0.00218,0.00301,1.5091,1431,2,1,1,0,5,4,0,0,0,0,0,0,0,0,0,0,0,0,0,0,0
688128,336,1,0,0,0,0,0,-0.00054,0.00197,1.5724,1482,2,2,5,0,0,0,0,0,0,0,0,0,0,0,0,0,0,0,0,0,0
690176,337,1,0,0,0,0,0,-0.00074,7e-05,1.6163,1493,1,0,1,0,0,0,0,0,0,0,0,0,0,0,0,0,0,0,0,0,0
692224,338,1,0,0,0,0,0,-0.0016,0.00288,1.6751,1565,4,1,3,1,2,1,0,0,0,0,0,0,0,0,0,0,0,0,0,0,0
694272,339,1,0,0,0,0,0,-0.00048,0.00103,1.6907,1518,0,0,5,0,4,2,0,0,0,0,0,0,0,0,0,0,0,0,0,0,0
696320,340,1,0,0,0,0,0,-0.00013,0.00114,1.6848,1624,3,1,4,0,1,0,0,0,0,0,0,0,0,0,0,0,0,0,0,0,0
698368,341,1,0,0,0,0,0,-7e-05,0.00052,1.696,1645,1,1,1,0,0,0,0,0,0,0,0,0,0,0,0,0,0,0,0,0,0
700416,342,1,0,0,0,0,0,-0.0007,0.00025,1.704,1521,2,0,2,0,2,0,0,0,0,0,0,0,0,0,0,0,0,0,0,0,0
702464,343,1,0,0,0,0,0,-0.00018,0.00332,1.7293,1670,6,2,3,0,2,2,0,0,0,0,0,0,0,0,0,0,0,0,0,0,0
704512,344,1,0,0,0,0,0,-0.00102,0.00322,1.7218,1603,3,2,4,1,1,0,0,0,0,0,0,0,0,0,0,0,0,0,0,0,0
706560,345,1,0,0,0,0,0,-6e-05,0.00228,1.7062,1693,2,2,1,0,4,3,0,0,0,0,0,0,0,0,0,0,0,0,0,0,0
708608,346,1,0,0,0,0,0,-0.00025,0.00182,1.6852,1644,1,0,2,0,4,4,0,0,0,0,0,0,0,0,0,0,0,0,0,0,0
710656,347,1,0,0,0,0,0,-0.00019,0.00063,1.6644,1528,1,1,3,0,1,1,0,0,0,0,0,0,0,0,0,0,0,0,0,0,0
712704,348,1,0,0,0,0,0,-0.00091,0.00292,1.6547,1563,4,3,1,1,1,1,0,0,0,0,0,0,0,0,0,0,0,0,0,0,0
714752,349,1,0,0,0,0,0,-0.00168,0.00119,1.644,1741,3,1,0,0,2,2,0,0,0,0,0,0,0,0,0,0,0,0,0,0,0
716800,350,1,0,0,0,0,0,-0.0005,0.00075,1.655,1668,4,2,3,0,0,0,0,0,0,0,0,0,0,0,0,0,0,0,0,0,0
718848,351,1,0,0,0,0,0,-0.00118,0.00262,1.6812,1644,4,2,2,0,2,2,0,0,0,0,0,0,0,0,0,0,0,0,0,0,0
720896,352,1,0,0,0,0,0,-0.00118,0.00061,1.6904,1586,1,0,0,0,1,1,0,0,0,0,0,0,0,0,0,0,0,0,0,0,0
722944,353,1,0,0,0,0,0,-0.00048,0.00075,1.7098,1622,6,2,4,0,2,1,0,0,0,0,0,0,0,0,0,0,0,0,0,0,0
724992,354,1,0,0,0,0,0,-0.00103,0.00051,1.7141,1664,0,0,3,1,1,1,0,0,0,0,0,0,0,0,0,0,0,0,0,0,0
727040,355,1,0,0,0,0,0,-0.00012,0.00251,1.6922,1539,2,1,1,0,1,1,0,0,0,0,0,0,0,0,0,0,0,0,0,0,0
729088,356,1,0,0,0,0,0,-0.00053,0.00077,1.67,1607,1,0,4,1,2,1,0,0,0,0,0,0,0,0,0,0,0,0,0,0,0
731136,357,1,0,0,0,0,0,-0.00033,0.00253,1.6528,1478,2,0,1,0,7,4,0,0,0,0,0,0,0,0,0,0,0,0,0,0,0
733184,358,1,0,0,0,0,0,-0.00129,0.00028,1.612,1626,0,0,1,0,2,1,0,0,0,0,0,0,0,0,0,0,0,0,0,0,0
735232,359,1,0,0,0,0,0,-0.00071,0.00203,1.5295,1530,2,2,3,0,1,0,0,0,0,0,0,0,0,0,0,0,0,0,0,0,0
737280,360,1,0,0,0,0,0,-0.00435,0.00146,1.4814,1567,3,3,4,1,3,2,0,0,0,0,0,0,0,0,0,0,0,0,0,0,0
739328,361,1,0,0,0,0,0,-0.00057,0.00399,1.5195,1613,5,2,4,1,2,2,0,0,0,0,0,0,0,0,0,0,0,0,0,0,0
741376,362,1,0,0,0,0,0,-0.00085,0.00084,1.4837,1575,2,1,0,0,0,0,0,0,0,0,0,0,0,0,0,0,0,0,0,0,0
743424,363,1,0,0,0,0,0,-0.0005,0.00189,1.4676,1557,3,3,0,0,2,2,0,0,0,0,0,0,0,0,0,0,0,0,0,0,0
745472,364,1,0,0,0,0,0,-0.00085,0.00194,1.5325,1534,4,1,2,1,2,2,0,0,0,0,0,0,0,0,0,0,0,0,0,0,0
747520,365,1,0,0,0,0,0,-0.00097,0.0022,1.618,1438,3,0,6,1,3,1,0,0,0,0,0,0,0,0,0,0,0,0,0,0,0
749568,366,1,0,0,0,0,0,-0.00082,0.00132,1.6485,1592,1,1,2,0,0,0,0,0,0,0,0,0,0,0,0,0,0,0,0,0,0
751616,367,1,0,0,0,0,0,-0.00083,0.00043,1.6754,1605,1,0,1,0,2,1,0,0,0,0,0,0,0,0,0,0,0,0,0,0,0
753664,368,1,0,0,0,0,0,0.00023,0.00172,1.6982,1494,2,0,5,1,4,2,0,0,0,0,0,0,0,0,0,0,0,0,0,0,0
755712,369,1,0,0,0,0,0,-0.0014,0.0008,1.6685,1572,2,1,2,0,2,1,0,0,0,0,0,0,0,0,0,0,0,0,0,0,0
757760,370,1,0,0,0,0,0,-0.00091,0.00231,1.6205,1683,2,2,3,0,2,2,0,0,0,0,0,0,0,0,0,0,0,0,0,0,0
759808,371,1,0,0,0,0,0,-0.00152,0.00024,1.6297,1655,2,1,3,0,0,0,0,0,0,0,0,0,0,0,0,0,0,0,0,0,0
761856,372,1,0,0,0,0,0,-0.00307,0.00128,1.6256,1680,4,2,0,0,2,0,0,0,0,0,0,0,0,0,0,0,0,0,0,0,0
763904,373,1,0,0,0,0,0,-0.00073,0.00183,1.6528,1702,3,1,2,0,1,1,0,0,0,0,0,0,0,0,0,0,0,0,0,0,0
765952,374,1,0,0,0,0,0,-0.00034,0.0011,1.6356,1580,3,1,0,0,3,2,0,0,0,0,0,0,0,0,0,0,0,0,0,0,0
768000,375,1,0,0,0,0,0,-0.00274,0.0002,1.69,1512,0,0,3,0,2,1,0,0,0,0,0,0,0,0,0,0,0,0,0,0,0
770048,376,1,0,0,0,0,0,-0.0024,0.00037,1.759,1678,3,1,2,0,1,0,0,0,0,0,0,0,0,0,0,0,0,0,0,0,0
772096,377,1,0,0,0,0,0,-0.00036,0.00086,1.7871,1496,3,1,1,0,0,0,0,0,0,0,0,0,0,0,0,0,0,0,0,0,0
774144,378,1,0,0,0,0,0,-0.00137,0.0006,1.8162,1557,5,0,3,1,0,0,0,0,0,0,0,0,0,0,0,0,0,0,0,0,0
776192,379,1,0,0,0,0,0,-0.00015,0.00046,1.8432,1682,2,1,1,0,0,0,0,0,0,0,0,0,0,0,0,0,0,0,0,0,0
778240,380,1,0,0,0,0,0,-0.00031,0.00015,1.8366,1389,0,0,3,0,2,0,0,0,0,0,0,0,0,0,0,0,0,0,0,0,0
780288,381,1,0,0,0,0,0,-5e-05,0.00113,1.8227,1529,1,0,4,0,2,1,0,0,0,0,0,0,0,0,0,0,0,0,0,0,0
782336,382,1,0,0,0,0,0,-0.00231,0.0028,1.7963,1582,3,0,3,0,4,3,0,0,0,0,0,0,0,0,0,0,0,0,0,0,0
784384,383,1,0,0,0,0,0,-0.00144,0.00019,1.7417,1559,0,0,1,0,2,0,0,0,0,0,0,0,0,0,0,0,0,0,0,0,0
786432,384,1,0,0,0,0,0,-0.00021,0.00125,1.71,1570,1,0,1,0,3,3,0,0,0,0,0,0,0,0,0,0,0,0,0,0,0
788480,385,1,0,0,0,0,0,-0.00055,0.00115,1.6874,1599,1,1,1,0,3,1,0,0,0,0,0,0,0,0,0,0,0,0,0,0,0
790528,386,1,0,0,0,0,0,-0.00029,0.00037,1.7058,1675,5,0,3,0,1,1,0,0,0,0,0,0,0,0,0,0,0,0,0,0,0
792576,387,1,0,0,0,0,0,-0.00072,0.00067,1.7323,1499,0,0,1,0,2,2,0,0,0,0,0,0,0,0,0,0,0,0,0,0,0
794624,388,1,0,0,0,0,0,-0.00044,0.00176,1.7429,1545,0,0,2,0,4,1,0,0,0,0,0,0,0,0,0,0,0,0,0,0,0
796672,389,1,0,0,0,0,0,-0.00039,0.00033,1.7163,1441,2,1,1,0,0,0,0,0,0,0,0,0,0,0,0,0,0,0,0,0,0
798720,390,1,0,0,0,0,0,-0.00065,0.00053,1.7402,1564,5,1,4,0,1,0,0,0,0,0,0,0,0,0,0,0,0,0,0,0,0
800768,391,1,0,0,0,0,0,-0.00128,0.00055,1.7532,1523,0,0,2,0,1,1,0,0,0,0,0,0,0,0,0,0,0,0,0,0,0
802816,392,1,0,0,0,0,0,-0.00261,0.00023,1.6895,1527,4,2,4,0,1,0,0,0,0,0,0,0,0,0,0,0,0,0,0,0,0
804864,393,1,0,0,0,0,0,-0.00211,0.00102,1.6369,1629,0,0,4,0,3,3,0,0,0,0,0,0,0,0,0,0,0,0,0,0,0
806912,394,1,0,0,0,0,0,0.00023,0.0008,1.6509,1651,1,0,2,0,1,1,0,0,0,0,0,0,0,0,0,0,0,0,0,0,0
808960,395,1,0,0,0,0,0,-0.00043,0.00145,1.6638,1695,1,0,1,0,3,3,0,0,0,0,0,0,0,0,0,0,0,0,0,0,0
811008,396,1,0,0,0,0,0,-0.00031,0.00032,1.7123,1627,3,0,0,0,3,3,0,0,0,0,0,0,0,0,0,0,0,0,0,0,0
813056,397,1,0,0,0,0,0,-0.00064,0.00053,1.7519,1569,3,0,1,0,3,1,0,0,0,0,0,0,0,0,0,0,0,0,0,0,0
815104,398,1,0,0,0,0,0,0.0001,0.00172,1.7822,1563,2,2,3,1,0,0,0,0,0,0,0,0,0,0,0,0,0,0,0,0,0
817152,399,1,0,0,0,0,0,-0.00161,0.00141,1.779,1620,5,2,1,0,1,0,0,0,0,0,0,0,0,0,0,0,0,0,0,0,0
819200,400,1,0,0,0,0,0,-0.00071,0.00013,1.8036,1671,1,0,1,0,1,1,0,0,0,0,0,0,0,0,0,0,0,0,0,0,0
821248,401,1,0,0,0,0,0,-0.00162,0.00028,1.7797,1506,2,0,4,0,1,1,0,0,0,0,0,0,0,0,0,0,0,0,0,0,0
823296,402,1,0,0,0,0,0,-0.0017,0.00173,1.7371,1571,1,0,0,0,4,2,0,0,0,0,0,0,0,0,0,0,0,0,0,0,0
825344,403,1,0,0,0,0,0,-0.00073,0.00348,1.6892,1565,5,3,3,0,4,2,0,0,0,0,0,0,0,0,0,0,0,0,0,0,0
827392,404,1,0,0,0,0,0,-0.00049,0.0043,1.6684,1423,2,2,3,1,0,0,0,0,0,0,0,0,0,0,0,0,0,0,0,0,0
829440,405,1,0,0,0,0,0,-0.00057,0.00094,1.6849,1518,3,1,1,0,2,2,0,0,0,0,0,0,0,0,0,0,0,0,0,0,0
831488,406,1,0,0,0,0,0,-0.00116,0.00265,1.723,1529,3,2,2,1,2,1,0,0,0,0,0,0,0,0,0,0,0,0,0,0,0
833536,407,1,0,0,0,0,0,-0.00073,0.00408,1.7289,1576,2,0,2,1,2,2,0,0,0,0,0,0,0,0,0,0,0,0,0,0,0
835584,408,1,0,0,0,0,0,-0.00036,0.00104,1.7078,1517,3,1,2,0,2,0,0,0,0,0,0,0,0,0,0,0,0,0,0,0,0
837632,409,1,0,0,0,0,0,-0.00144,0.00032,1.6557,1524,2,1,3,0,2,1,0,0,0,0,0,0,0,0,0,0,0,0,0,0,0
839680,410,1,0,0,0,0,0,-0.00138,0.00226,1.6109,1175,3,2,0,0,2,2,0,0,0,0,0,0,0,0,0,0,0,0,0,0,0
841728,411,1,0,0,0,0,0,-0.00056,0.00382,1.64,1600,5,2,0,0,3,3,0,0,0,0,0,0,0,0,0,0,0,0,0,0,0
843776,412,1,0,0,0,0,0,0.00011,0.0001,1.6334,1570,1,0,2,0,1,0,0,0,0,0,0,0,0,0,0,0,0,0,0,0,0
845824,413,1,0,0,0,0,0,-0.00039,0.00232,1.6439,1505,2,1,1,0,3,2,0,0,0,0,0,0,0,0,0,0,0,0,0,0,0
847872,414,1,0,0,0,0,0,-0.00043,0.00357,1.6291,1518,4,0,3,1,3,3,0,0,0,0,0,0,0,0,0,0,0,0,0,0,0
849920,415,1,0,0,0,0,0,-0.0009,0.00072,1.6014,1596,4,2,1,0,2,2,0,0,0,0,0,0,0,0,0,0,0,0,0,0,0
851968,416,1,0,0,0,0,0,-0.00072,0.00089,1.5486,1522,1,1,0,0,0,0,0,0,0,0,0,0,0,0,0,0,0,0,0,0,0
854016,417,1,0,0,0,0,0,-0.00028,0.00023,1.5444,1525,0,0,0,0,2,1,0,0,0,0,0,0,0,0,0,0,0,0,0,0,0
856064,418,1,0,0,0,0,0,-9e-05,0.00029,1.5438,1456,2,0,2,0,3,0,0,0,0,0,0,0,0,0,0,0,0,0,0,0,0
858112,419,1,0,0,0,0,0,-0.00066,0.00032,1.5563,1517,1,0,2,0,4,1,0,0,0,0,0,0,0,0,0,0,0,0,0,0,0
860160,420,1,0,0,0,0,0,-0.00086,9e-05,1.562,1614,1,0,2,0,0,0,0,0,0,0,0,0,0,0,0,0,0,0,0,0,0
862208,421,1,0,0,0,0,0,-0.00087,0.00109,1.5688,1595,2,0,2,0,4,3,0,0,0,0,0,0,0,0,0,0,0,0,0,0,0
864256,422,1,0,0,0,0,0,-0.00261,0.00242,1.6018,1476,6,3,3,0,3,2,0,0,0,0,0,0,0,0,0,0,0,0,0,0,0
866304,423,1,0,0,0,0,0,-0.0004,0.00147,1.6141,1547,1,0,2,0,2,2,0,0,0,0,0,0,0,0,0,0,0,0,0,0,0
868352,424,1,0,0,0,0,0,-0.00051,0.00161,1.6118,1571,2,2,5,0,0,0,0,0,0,0,0,0,0,0,0,0,0,0,0,0,0
870400,425,1,0,0,0,0,0,-7e-05,0.00189,1.5763,1465,3,2,2,0,2,2,0,0,0,0,0,0,0,0,0,0,0,0,0,0,0
872448,426,1,0,0,0,0,0,-0.00052,0.00103,1.5873,1611,3,0,3,0,3,2,0,0,0,0,0,0,0,0,0,0,0,0,0,0,0
874496,427,1,0,0,0,0,0,-0.00087,0.00109,1.6099,1579,1,0,2,0,2,2,0,0,0,0,0,0,0,0,0,0,0,0,0,0,0
876544,428,1,0,0,0,0,0,-0.00114,0.00212,1.549,1639,1,0,2,2,1,0,0,0,0,0,0,0,0,0,0,0,0,0,0,0,0
878592,429,1,0,0,0,0,0,-0.00153,0.00166,1.5196,1674,4,1,1,0,4,4,0,0,0,0,0,0,0,0,0,0,0,0,0,0,0
880640,430,1,0,0,0,0,0,-9e-05,0.00135,1.5057,1664,2,1,2,0,0,0,0,0,0,0,0,0,0,0,0,0,0,0,0,0,0
882688,431,1,0,0,0,0,0,-0.00023,0.00091,1.5448,1618,3,1,1,0,2,2,0,0,0,0,0,0,0,0,0,0,0,0,0,0,0
884736,432,1,0,0,0,0,0,-7e-05,0.00397,1.5388,1578,4,2,0,0,2,2,0,0,0,0,0,0,0,0,0,0,0,0,0,0,0
886784,433,1,0,0,0,0,0,-0.00067,0.00304,1.5204,1554,4,3,0,0,4,3,0,0,0,0,0,0,0,0,0,0,0,0,0,0,0
888832,434,1,0,0,0,0,0,-0.00064,0.00079,1.5163,1593,2,1,3,0,1,1,0,0,0,0,0,0,0,0,0,0,0,0,0,0,0
890880,435,1,0,0,0,0,0,-0.00101,0.00299,1.5392,1458,2,1,4,2,3,3,0,0,0,0,0,0,0,0,0,0,0,0,0,0,0
892928,436,1,0,0,0,0,0,-0.00128,0.00174,1.5565,1522,2,1,1,0,2,2,0,0,0,0,0,0,0,0,0,0,0,0,0,0,0
894976,437,1,0,0,0,0,0,7e-05,0.00094,1.5646,1394,3,0,0,0,2,2,0,0,0,0,0,0,0,0,0,0,0,0,0,0,0
897024,438,1,0,0,0,0,0,-0.0005,0.00114,1.5585,1497,2,0,5,0,1,1,0,0,0,0,0,0,0,0,0,0,0,0,0,0,0
899072,439,1,0,0,0,0,0,-0.00066,0.0012,1.5406,1554,3,1,3,1,1,0,0,0,0,0,0,0,0,0,0,0,0,0,0,0,0
901120,440,1,0,0,0,0,0,-0.00164,0.00121,1.5221,1569,1,0,3,1,2,0,0,0,0,0,0,0,0,0,0,0,0,0,0,0,0
903168,441,1,0,0,0,0,0,0.00022,0.00069,1.476,1557,0,0,1,0,1,1,0,0,0,0,0,0,0,0,0,0,0,0,0,0,0
905216,442,1,0,0,0,0,0,-0.00126,0.00164,1.5153,1568,3,1,5,1,3,2,0,0,0,0,0,0,0,0,0,0,0,0,0,0,0
907264,443,1,0,0,0,0,0,-0.00103,0.00142,1.4833,1500,1,1,4,0,2,1,0,0,0,0,0,0,0,0,0,0,0,0,0,0,0
909312,444,1,0,0,0,0,0,-0.00027,0.00119,1.4707,1634,2,1,2,0,1,1,0,0,0,0,0,0,0,0,0,0,0,0,0,0,0
911360,445,1,0,0,0,0,0,-0.00146,0.00132,1.4528,1662,2,1,2,1,2,2,0,0,0,0,0,0,0,0,0,0,0,0,0,0,0
913408,446,1,0,0,0,0,0,-0.00326,0.00183,1.4473,1560,1,0,2,0,4,2,0,0,0,0,0,0,0,0,0,0,0,0,0,0,0
915456,447,1,0,0,0,0,0,-0.00068,3e-05,1.4732,1568,1,0,2,0,1,1,0,0,0,0,0,0,0,0,0,0,0,0,0,0,0
917504,448,1,0,0,0,0,0,7e-05,0.00186,1.4788,1553,3,2,2,0,3,1,0,0,0,0,0,0,0,0,0,0,0,0,0,0,0
919552,449,1,0,0,0,0,0,0.00024,0.00173,1.4748,1628,1,1,4,1,1,1,0,0,0,0,0,0,0,0,0,0,0,0,0,0,0
921600,450,1,0,0,0,0,0,-0.00159,0.00133,1.4219,1466,3,1,2,0,1,1,0,0,0,0,0,0,0,0,0,0,0,0,0,0,0
923648,451,1,0,0,0,0,0,-0.00067,0.00221,1.4021,1516,1,0,2,0,4,4,0,0,0,0,0,0,0,0,0,0,0,0,0,0,0
925696,452,1,0,0,0,0,0,-0.00132,0.00033,1.4443,1626,1,0,3,0,2,1,0,0,0,0,0,0,0,0,0,0,0,0,0,0,0
927744,453,1,0,0,0,0,0,-0.00312,0.00229,1.4652,1637,3,2,1,0,5,3,0,0,0,0,0,0,0,0,0,0,0,0,0,0,0
929792,454,1,0,0,0,0,0,-0.00126,0.00167,1.4873,1521,3,1,3,1,1,1,0,0,0,0,0,0,0,0,0,0,0,0,0,0,0
931840,455,1,0,0,0,0,0,-0.00042,0.00059,1.4847,1560,1,0,3,0,1,1,0,0,0,0,0,0,0,0,0,0,0,0,0,0,0
933888,456,1,0,0,0,0,0,2e-05,6e-05,1.4952,1523,1,1,0,0,0,0,0,0,0,0,0,0,0,0,0,0,0,0,0,0,0
935936,457,1,0,0,0,0,0,-0.00093,0.00148,1.5249,1459,2,0,2,0,4,3,0,0,0,0,0,0,0,0,0,0,0,0,0,0,0
937984,458,1,0,0,0,0,0,-0.00065,0.00213,1.5754,1539,5,0,3,0,3,3,0,0,0,0,0,0,0,0,0,0,0,0,0,0,0
940032,459,1,0,0,0,0,0,5e-05,0.00082,1.5784,1435,2,0,4,1,0,0,0,0,0,0,0,0,0,0,0,0,0,0,0,0,0
942080,460,1,0,0,0,0,0,-0.00059,0.00054,1.5754,1674,0,0,2,0,2,1,0,0,0,0,0,0,0,0,0,0,0,0,0,0,0
944128,461,1,0,0,0,0,0,-0.0008,0.00033,1.5739,1624,0,0,3,0,3,1,0,0,0,0,0,0,0,0,0,0,0,0,0,0,0
946176,462,1,0,0,0,0,0,-0.00062,0.00256,1.6015,1555,5,2,1,0,3,3,0,0,0,0,0,0,0,0,0,0,0,0,0,0,0
948224,463,1,0,0,0,0,0,-0.00059,0.00052,1.6646,1609,2,0,5,0,1,1,0,0,0,0,0,0,0,0,0,0,0,0,0,0,0
950272,464,1,0,0,0,0,0,-0.00124,0.00145,1.6571,1522,2,1,1,0,4,3,0,0,0,0,0,0,0,0,0,0,0,0,0,0,0
952320,465,1,0,0,0,0,0,-0.00045,0.00135,1.6552,1661,2,1,2,0,2,2,0,0,0,0,0,0,0,0,0,0,0,0,0,0,0
954368,466,1,0,0,0,0,0,-0.00021,0.0001,1.683,1558,1,0,1,0,0,0,0,0,0,0,0,0,0,0,0,0,0,0,0,0,0
956416,467,1,0,0,0,0,0,-5e-05,0.00347,1.6796,1513,1,0,8,2,3,1,0,0,0,0,0,0,0,0,0,0,0,0,0,0,0
958464,468,1,0,0,0,0,0,-0.00027,0.00137,1.6522,1412,1,1,3,0,3,2,0,0,0,0,0,0,0,0,0,0,0,0,0,0,0
960512,469,1,0,0,0,0,0,-0.00057,0.00269,1.648,1628,1,0,3,1,3,2,0,0,0,0,0,0,0,0,0,0,0,0,0,0,0
962560,470,1,0,0,0,0,0,-0.00075,0.00138,1.6046,1579,2,2,1,0,1,1,0,0,0,0,0,0,0,0,0,0,0,0,0,0,0
964608,471,1,0,0,0,0,0,0.00011,0.00267,1.6028,1480,5,3,1,0,4,3,0,0,0,0,0,0,0,0,0,0,0,0,0,0,0
966656,472,1,0,0,0,0,0,-0.00027,0.00363,1.639,1520,5,3,3,1,2,2,0,0,0,0,0,0,0,0,0,0,0,0,0,0,0
968704,473,1,0,0,0,0,0,-0.00044,0.00044,1.6278,1404,0,0,2,0,1,1,0,0,0,0,0,0,0,0,0,0,0,0,0,0,0
970752,474,1,0,0,0,0,0,-0.00064,0.00208,1.6117,1286,3,1,0,0,3,3,0,0,0,0,0,0,0,0,0,0,0,0,0,0,0
972800,475,1,0,0,0,0,0,-0.00034,0.0007,1.5846,1365,2,0,5,0,2,2,0,0,0,0,0,0,0,0,0,0,0,0,0,0,0
974848,476,1,0,0,0,0,0,-0.00038,0.00085,1.5862,1623,1,0,1,0,4,2,0,0,0,0,0,0,0,0,0,0,0,0,0,0,0
976896,477,1,0,0,0,0,0,-0.00132,0.0022,1.5882,1597,3,2,1,0,2,2,0,0,0,0,0,0,0,0,0,0,0,0,0,0,0
978944,478,1,0,0,0,0,0,-0.00058,0.00038,1.5703,1511,1,0,3,0,2,1,0,0,0,0,0,0,0,0,0,0,0,0,0,0,0
980992,479,1,0,0,0,0,0,-0.00017,0.00034,1.5748,1437,1,0,1,0,3,1,0,0,0,0,0,0,0,0,0,0,0,0,0,0,0
983040,480,1,0,0,0,0,0,-0.00148,0.00013,1.555,1532,1,0,1,0,1,0,0,0,0,0,0,0,0,0,0,0,0,0,0,0,0
985088,481,1,0,0,0,0,0,-0.00086,0.00017,1.466,1530,3,0,2,0,0,0,0,0,0,0,0,0,0,0,0,0,0,0,0,0,0
987136,482,1,0,0,0,0,0,-0.00205,0.00328,1.4286,1551,3,2,1,0,6,2,0,0,0,0,0,0,0,0,0,0,0,0,0,0,0
989184,483,1,0,0,0,0,0,-0.00052,0.00281,1.3178,1553,2,0,1,1,1,1,0,0,0,0,0,0,0,0,0,0,0,0,0,0,0
991232,484,1,0,0,0,0,0,-7e-05,0.00195,1.3,1533,2,1,0,0,4,3,0,0,0,0,0,0,0,0,0,0,0,0,0,0,0
993280,485,1,0,0,0,0,0,-0.0009,8e-05,1.3376,1472,2,0,1,0,0,0,0,0,0,0,0,0,0,0,0,0,0,0,0,0,0
995328,486,1,0,0,0,0,0,-0.00427,0.0002,1.4137,1166,1,0,3,0,2,0,0,0,0,0,0,0,0,0,0,0,0,0,0,0,0
997376,487,1,0,0,0,0,0,-0.00078,0.00015,1.4579,1443,0,0,2,0,3,0,0,0,0,0,0,0,0,0,0,0,0,0,0,0,0
999424,488,1,0,0,0,0,0,-0.00096,0.00036,1.5406,1552,3,0,1,0,2,1,0,0,0,0,0,0,0,0,0,0,0,0,0,0,0
1001472,489,1,0,0,0,0,0,-0.00344,0.0013,1.5412,1580,3,1,0,0,3,2,0,0,0,0,0,0,0,0,0,0,0,0,0,0,0
1003520,490,1,0,0,0,0,0,-0.00514,0.00303,1.4647,1541,4,3,0,0,1,1,0,0,0,0,0,0,0,0,0,0,0,0,0,0,0
1005568,491,1,0,0,0,0,0,-0.00112,0.00065,1.4403,1403,3,0,2,1,2,1,0,0,0,0,0,0,0,0,0,0,0,0,0,0,0
1007616,492,1,0,0,0,0,0,-0.00036,0.0016,1.4553,1604,2,1,2,0,0,0,0,0,0,0,0,0,0,0,0,0,0,0,0,0,0
1009664,493,1,0,0,0,0,0,-0.00019,0.00196,1.4587,1417,3,1,2,0,3,2,0,0,0,0,0,0,0,0,0,0,0,0,0,0,0
1011712,494,1,0,0,0,0,0,-0.00055,0.00034,1.4287,1495,2,0,0,0,2,2,0,0,0,0,0,0,0,0,0,0,0,0,0,0,0
1013760,495,1,0,0,0,0,0,-0.00134,0.00014,1.4715,1497,1,0,1,0,1,0,0,0,0,0,0,0,0,0,0,0,0,0,0,0,0
1015808,496,1,0,0,0,0,0,-0.00163,0.00122,1.4859,1604,1,0,0,0,3,2,0,0,0,0,0,0,0,0,0,0,0,0,0,0,0
1017856,497,1,0,0,0,0,0,-0.00225,0.0009,1.5018,1507,7,2,3,0,0,0,0,0,0,0,0,0,0,0,0,0,0,0,0,0,0
1019904,498,1,0,0,0,0,0,3e-05,0.00248,1.5303,1525,1,0,2,0,5,5,0,0,0,0,0,0,0,0,0,0,0,0,0,0,0
1021952,499,1,0,0,0,0,0,-0.00363,0.00331,1.5301,1430,4,4,2,0,1,1,0,0,0,0,0,0,0,0,0,0,0,0,0,0,0
1024000,500,1,0,0,0,0,0,-0.00187,0.00126,1.4503,1454,1,1,4,0,2,1,0,0,0,0,0,0,0,0,0,0,0,0,0,0,0
1026048,501,1,0,0,0,0,0,0.00024,0.0016,1.4421,1401,1,0,4,0,4,3,0,0,0,0,0,0,0,0,0,0,0,0,0,0,0
1028096,502,1,0,0,0,0,0,-0.00019,0.00409,1.4724,1596,0,0,2,2,3,2,0,0,0,0,0,0,0,0,0,0,0,0,0,0,0
1030144,503,1,0,0,0,0,0,-0.00016,0.00095,1.4933,1579,2,1,2,0,2,1,0,0,0,0,0,0,0,0,0,0,0,0,0,0,0
1032192,504,1,0,0,0,0,0,-0.00218,0.00034,1.5743,1497,3,0,0,0,3,1,0,0,0,0,0,0,0,0,0,0,0,0,0,0,0
1034240,505,1,0,0,0,0,0,-0.00047,8e-05,1.6245,1528,0,0,3,0,1,0,0,0,0,0,0,0,0,0,0,0,0,0,0,0,0
1036288,506,1,0,0,0,0,0,-0.00017,0.00163,1.6542,1562,3,2,4,0,3,0,0,0,0,0,0,0,0,0,0,0,0,0,0,0,0
1038336,507,1,0,0,0,0,0,-0.00118,0.00016,1.6442,1528,2,1,1,0,0,0,0,0,0,0,0,0,0,0,0,0,0,0,0,0,0
1040384,508,1,0,0,0,0,0,-0.00139,0.00399,1.6727,1401,4,1,7,1,5,3,0,0,0,0,0,0,0,0,0,0,0,0,0,0,0
1042432,509,1,0,0,0,0,0,-0.00118,0.00147,1.6609,1408,0,0,2,0,1,1,0,0,0,0,0,0,0,0,0,0,0,0,0,0,0
1044480,510,1,0,0,0,0,0,-0.00399,0.0013,1.5773,1423,4,2,0,0,3,1,0,0,0,0,0,0,0,0,0,0,0,0,0,0,0
1046528,511,1,0,0,0,0,0,-0.00053,0.00038,1.5252,1337,1,1,5,0,2,1,0,0,0,0,0,0,0,0,0,0,0,0,0,0,0
1048576,512,1,0,0,0,0,0,-0.00066,0.00147,1.509,1449,3,1,0,0,3,2,0,0,0,0,0,0,0,0,0,0,0,0,0,0,0
1050624,513,1,0,0,0,0,0,-0.00084,0.00378,1.5598,1462,4,3,0,0,4,2,0,0,0,0,0,0,0,0,0,0,0,0,0,0,0
1052672,514,1,0,0,0,0,0,-0.0005,3e-05,1.6023,1450,1,0,3,0,0,0,0,0,0,0,0,0,0,0,0,0,0,0,0,0,0
1054720,515,1,0,0,0,0,0,-0.00179,0.00051,1.6348,1255,2,1,1,0,3,0,0,0,0,0,0,0,0,0,0,0,0,0,0,0,0
1056768,516,1,0,0,0,0,0,-0.00092,0.00084,1.6696,1480,5,2,4,0,2,1,0,0,0,0,0,0,0,0,0,0,0,0,0,0,0
1058816,517,1,0,0,0,0,0,-0.002,0.00331,1.7247,1550,0,0,2,0,4,4,0,0,0,0,0,0,0,0,0,0,0,0,0,0,0
1060864,518,1,0,0,0,0,0,-0.00073,0.0016,1.7415,1522,2,0,0,0,3,3,0,0,0,0,0,0,0,0,0,0,0,0,0,0,0
1062912,519,1,0,0,0,0,0,-0.00091,0.00028,1.7355,1522,2,1,3,0,0,0,0,0,0,0,0,0,0,0,0,0,0,0,0,0,0
1064960,520,1,0,0,0,0,0,-0.00076,0.00304,1.7494,1305,4,4,2,0,4,2,0,0,0,0,0,0,0,0,0,0,0,0,0,0,0
1067008,521,1,0,0,0,0,0,-0.00117,0.00205,1.7094,1540,2,2,2,0,1,1,0,0,0,0,0,0,0,0,0,0,0,0,0,0,0
1069056,522,1,0,0,0,0,0,-0.00026,0.00083,1.6885,1294,1,0,3,1,2,1,0,0,0,0,0,0,0,0,0,0,0,0,0,0,0
1071104,523,1,0,0,0,0,0,-0.00091,0.00431,1.72,1357,1,1,1,0,5,3,0,0,0,0,0,0,0,0,0,0,0,0,0,0,0
1073152,524,1,0,0,0,0,0,-0.00041,0.00027,1.7685,1347,2,0,1,0,2,1,0,0,0,0,0,0,0,0,0,0,0,0,0,0,0
1075200,525,1,0,0,0,0,0,-0.00138,0.00121,1.7934,1380,2,1,6,1,0,0,0,0,0,0,0,0,0,0,0,0,0,0,0,0,0
1077248,526,1,0,0,0,0,0,-4e-05,0.00303,1.7915,1402,0,0,5,0,3,3,0,0,0,0,0,0,0,0,0,0,0,0,0,0,0
1079296,527,1,0,0,0,0,0,-0.00173,0.00099,1.7476,1247,3,1,4,0,1,0,0,0,0,0,0,0,0,0,0,0,0,0,0,0,0
1081344,528,1,0,0,0,0,0,-9e-05,0.00041,1.6884,1506,1,0,1,0,1,1,0,0,0,0,0,0,0,0,0,0,0,0,0,0,0
1083392,529,1,0,0,0,0,0,-0.00062,0.00195,1.7073,1373,2,1,0,0,3,1,0,0,0,0,0,0,0,0,0,0,0,0,0,0,0
1085440,530,1,0,0,0,0,0,-0.00079,0.00222,1.7075,1328,1,0,5,0,3,2,0,0,0,0,0,0,0,0,0,0,0,0,0,0,0
1087488,531,1,0,0,0,0,0,-0.00019,0.0027,1.728,1366,4,1,2,1,4,1,0,0,0,0,0,0,0,0,0,0,0,0,0,0,0
1089536,532,1,0,0,0,0,0,-0.00105,0.00069,1.727,1380,0,0,3,0,2,1,0,0,0,0,0,0,0,0,0,0,0,0,0,0,0
1091584,533,1,0,0,0,0,0,-0.00062,0.00054,1.7305,1438,1,0,1,1,1,1,0,0,0,0,0,0,0,0,0,0,0,0,0,0,0
1093632,534,1,0,0,0,0,0,-0.00043,0.00156,1.704,1486,3,1,2,0,1,0,0,0,0,0,0,0,0,0,0,0,0,0,0,0,0
1095680,535,1,0,0,0,0,0,-0.00027,0.00503,1.6977,1527,2,1,3,0,4,3,0,0,0,0,0,0,0,0,0,0,0,0,0,0,0
1097728,536,1,0,0,0,0,0,-0.00025,0.00154,1.7037,1441,2,0,6,1,2,2,0,0,0,0,0,0,0,0,0,0,0,0,0,0,0
1099776,537,1,0,0,0,0,0,-0.00109,0.00067,1.683,1412,0,0,3,1,1,0,0,0,0,0,0,0,0,0,0,0,0,0,0,0,0
1101824,538,1,0,0,0,0,0,-0.00024,0.00226,1.6783,1491,3,2,2,0,3,2,0,0,0,0,0,0,0,0,0,0,0,0,0,0,0
1103872,539,1,0,0,0,0,0,-0.00058,0.00293,1.6805,1528,0,0,5,1,2,1,0,0,0,0,0,0,0,0,0,0,0,0,0,0,0
1105920,540,1,0,0,0,0,0,-0.00159,0.00031,1.6774,1374,1,1,3,0,3,0,0,0,0,0,0,0,0,0,0,0,0,0,0,0,0
1107968,541,1,0,0,0,0,0,-0.00069,0.00091,1.6775,1254,1,0,2,0,3,1,0,0,0,0,0,0,0,0,0,0,0,0,0,0,0
1110016,542,1,0,0,0,0,0,-0.00045,0.00298,1.7106,1430,2,0,5,1,3,2,0,0,0,0,0,0,0,0,0,0,0,0,0,0,0
1112064,543,1,0,0,0,0,0,-0.0004,0.00141,1.6931,1031,0,0,5,1,2,1,0,0,0,0,0,0,0,0,0,0,0,0,0,0,0
1114112,544,1,0,0,0,0,0,-0.00012,0.00064,1.6509,1259,1,0,2,0,2,1,0,0,0,0,0,0,0,0,0,0,0,0,0,0,0
1116160,545,1,0,0,0,0,0,-0.00035,0.00066,1.6288,1251,1,0,4,0,2,2,0,0,0,0,0,0,0,0,0,0,0,0,0,0,0
1118208,546,1,0,0,0,0,0,-0.00118,0.00213,1.7004,1530,3,2,3,1,1,0,0,0,0,0,0,0,0,0,0,0,0,0,0,0,0
1120256,547,1,0,0,0,0,0,-0.00071,0.00022,1.7078,1447,1,0,2,0,1,0,0,0,0,0,0,0,0,0,0,0,0,0,0,0,0
1122304,548,1,0,0,0,0,0,-0.00073,0.00322,1.7324,1435,6,4,3,0,3,3,0,0,0,0,0,0,0,0,0,0,0,0,0,0,0
1124352,549,1,0,0,0,0,0,-0.0003,8e-05,1.7298,1409,0,0,3,0,1,0,0,0,0,0,0,0,0,0,0,0,0,0,0,0,0
1126400,550,1,0,0,0,0,0,-0.00021,0.00013,1.7422,1292,0,0,1,0,1,0,0,0,0,0,0,0,0,0,0,0,0,0,0,0,0
1128448,551,1,0,0,0,0,0,0.00012,0.0006,1.7646,1389,3,2,1,0,4,3,0,0,0,0,0,0,0,0,0,0,0,0,0,0,0
1130496,552,1,0,0,0,0,0,-0.00048,0.00274,1.7555,1251,4,1,0,0,2,1,0,0,0,0,0,0,0,0,0,0,0,0,0,0,0
1132544,553,1,0,0,0,0,0,-0.00103,0.0007,1.732,1647,3,1,1,0,1,1,0,0,0,0,0,0,0,0,0,0,0,0,0,0,0
1134592,554,1,0,0,0,0,0,-0.00032,0.00156,1.7227,1550,2,1,1,0,2,2,0,0,0,0,0,0,0,0,0,0,0,0,0,0,0
1136640,555,1,0,0,0,0,0,-0.00196,0.00069,1.7182,1441,1,0,1,0,4,3,0,0,0,0,0,0,0,0,0,0,0,0,0,0,0
1138688,556,1,0,0,0,0,0,-0.00058,0.00018,1.687,1542,0,0,3,0,3,0,0,0,0,0,0,0,0,0,0,0,0,0,0,0,0
1140736,557,1,0,0,0,0,0,-0.00042,0.00129,1.7082,1394,0,0,2,0,5,3,0,0,0,0,0,0,0,0,0,0,0,0,0,0,0
1142784,558,1,0,0,0,0,0,-0.0025,0.00207,1.6578,1649,1,1,4,0,2,1,0,0,0,0,0,0,0,0,0,0,0,0,0,0,0
1144832,559,1,0,0,0,0,0,-0.00033,0.00219,1.5636,1666,2,2,1,0,2,2,0,0,0,0,0,0,0,0,0,0,0,0,0,0,0
1146880,560,1,0,0,0,0,0,-0.00084,0.00254,1.5885,1402,3,1,2,0,3,2,0,0,0,0,0,0,0,0,0,0,0,0,0,0,0
1148928,561,1,0,0,0,0,0,-0.00041,0.00021,1.6436,1512,0,0,3,0,2,1,0,0,0,0,0,0,0,0,0,0,0,0,0,0,0
1150976,562,1,0,0,0,0,0,-0.00032,0.00058,1.6362,1426,2,1,4,1,0,0,0,0,0,0,0,0,0,0,0,0,0,0,0,0,0
1153024,563,1,0,0,0,0,0,-0.00144,0.00011,1.6124,1292,3,0,0,0,0,0,0,0,0,0,0,0,0,0,0,0,0,0,0,0,0
1155072,564,1,0,0,0,0,0,-0.00015,0.00168,1.6176,1419,2,1,1,1,5,2,0,0,0,0,0,0,0,0,0,0,0,0,0,0,0
1157120,565,1,0,0,0,0,0,-0.00153,0.00124,1.6228,1420,0,0,6,1,1,0,0,0,0,0,0,0,0,0,0,0,0,0,0,0,0
1159168,566,1,0,0,0,0,0,-2e-05,0.00146,1.5609,1424,2,1,0,0,3,2,0,0,0,0,0,0,0,0,0,0,0,0,0,0,0
1161216,567,1,0,0,0,0,0,-0.0002,0.00174,1.6186,1591,1,0,6,1,3,2,0,0,0,0,0,0,0,0,0,0,0,0,0,0,0
1163264,568,1,0,0,0,0,0,-0.00039,0.00168,1.6009,1517,1,0,2,1,1,1,0,0,0,0,0,0,0,0,0,0,0,0,0,0,0
1165312,569,1,0,0,0,0,0,-0.0009,0.00234,1.5805,1485,3,2,5,0,1,0,0,0,0,0,0,0,0,0,0,0,0,0,0,0,0
1167360,570,1,0,0,0,0,0,-0.0006,0.00284,1.559,1405,2,1,4,0,4,4,0,0,0,0,0,0,0,0,0,0,0,0,0,0,0
1169408,571,1,0,0,0,0,0,-0.00138,0.00243,1.5252,1571,1,1,0,0,2,1,0,0,0,0,0,0,0,0,0,0,0,0,0,0,0
1171456,572,1,0,0,0,0,0,0.00021,0.0003,1.5653,1383,2,0,0,0,2,1,0,0,0,0,0,0,0,0,0,0,0,0,0,0,0
1173504,573,1,0,0,0,0,0,-0.00133,0.00035,1.5958,1517,2,0,2,0,3,2,0,0,0,0,0,0,0,0,0,0,0,0,0,0,0
1175552,574,1,0,0,0,0,0,-0.00033,0.00169,1.6477,1609,1,0,0,0,5,2,0,0,0,0,0,0,0,0,0,0,0,0,0,0,0
1177600,575,1,0,0,0,0,0,-0.00051,0.00135,1.6944,1589,2,1,2,0,1,1,0,0,0,0,0,0,0,0,0,0,0,0,0,0,0
1179648,576,1,0,0,0,0,0,-0.00079,0.0022,1.7085,1650,3,2,1,1,0,0,0,0,0,0,0,0,0,0,0,0,0,0,0,0,0
1181696,577,1,0,0,0,0,0,-0.00063,0.00044,1.7191,1499,4,2,2,0,3,0,0,0,0,0,0,0,0,0,0,0,0,0,0,0,0
1183744,578,1,0,0,0,0,0,-0.00049,0.00018,1.6918,1437,0,0,3,0,1,0,0,0,0,0,0,0,0,0,0,0,0,0,0,0,0
1185792,579,1,0,0,0,0,0,-0.00072,0.00235,1.6703,1323,3,2,2,0,2,1,0,0,0,0,0,0,0,0,0,0,0,0,0,0,0
1187840,580,1,0,0,0,0,0,-0.00118,0.0016,1.6466,1501,2,0,2,1,1,0,0,0,0,0,0,0,0,0,0,0,0,0,0,0,0
1189888,581,1,0,0,0,0,0,-0.00279,0.00493,1.6174,1497,3,2,3,1,3,1,0,0,0,0,0,0,0,0,0,0,0,0,0,0,0
1191936,582,1,0,0,0,0,0,-0.00027,0.0016,1.6424,1479,2,1,0,0,3,2,0,0,0,0,0,0,0,0,0,0,0,0,0,0,0
1193984,583,1,0,0,0,0,0,-0.0005,0.00035,1.651,1508,3,0,2,0,1,1,0,0,0,0,0,0,0,0,0,0,0,0,0,0,0
1196032,584,1,0,0,0,0,0,-4e-05,0.00087,1.6337,1448,0,0,2,1,3,1,0,0,0,0,0,0,0,0,0,0,0,0,0,0,0
1198080,585,1,0,0,0,0,0,-0.00015,0.00223,1.6259,1056,5,2,2,0,2,1,0,0,0,0,0,0,0,0,0,0,0,0,0,0,0
1200128,586,1,0,0,0,0,0,-0.00025,0.00308,1.6321,1253,2,0,1,1,3,3,0,0,0,0,0,0,0,0,0,0,0,0,0,0,0
1202176,587,1,0,0,0,0,0,-0.00072,0.00122,1.6813,1423,3,2,2,0,1,1,0,0,0,0,0,0,0,0,0,0,0,0,0,0,0
1204224,588,1,0,0,0,0,0,-0.00016,0.00211,1.6889,1410,1,0,1,0,3,2,0,0,0,0,0,0,0,0,0,0,0,0,0,0,0
1206272,589,1,0,0,0,0,0,-0.00172,0.00013,1.689,1708,2,0,4,0,2,2,0,0,0,0,0,0,0,0,0,0,0,0,0,0,0
1208320,590,1,0,0,0,0,0,-0.00025,0.00151,1.6514,1659,3,1,2,0,1,1,0,0,0,0,0,0,0,0,0,0,0,0,0,0,0
1210368,591,1,0,0,0,0,0,-0.00117,0.00104,1.6151,1467,1,0,0,0,2,1,0,0,0,0,0,0,0,0,0,0,0,0,0,0,0
1212416,592,1,0,0,0,0,0,-0.00142,0.00126,1.6125,1184,5,4,1,0,2,1,0,0,0,0,0,0,0,0,0,0,0,0,0,0,0
1214464,593,1,0,0,0,0,0,5e-05,0.00166,1.6475,1401,3,2,4,0,2,1,0,0,0,0,0,0,0,0,0,0,0,0,0,0,0
1216512,594,1,0,0,0,0,0,-0.00047,0.00034,1.6646,1495,0,0,4,0,2,1,0,0,0,0,0,0,0,0,0,0,0,0,0,0,0
1218560,595,1,0,0,0,0,0,-0.00026,0.0001,1.6654,1558,1,0,0,0,1,1,0,0,0,0,0,0,0,0,0,0,0,0,0,0,0
1220608,596,1,0,0,0,0,0,-0.00067,0.00059,1.6583,1516,4,0,2,0,3,2,0,0,0,0,0,0,0,0,0,0,0,0,0,0,0
1222656,597,1,0,0,0,0,0,-0.00332,0.00033,1.6038,1625,0,0,4,0,2,0,0,0,0,0,0,0,0,0,0,0,0,0,0,0,0
1224704,598,1,0,0,0,0,0,0.00025,0.00351,1.5359,1532,4,3,1,0,2,2,0,0,0,0,0,0,0,0,0,0,0,0,0,0,0
1226752,599,1,0,0,0,0,0,-0.00012,0.00179,1.5321,1502,2,1,1,0,3,2,0,0,0,0,0,0,0,0,0,0,0,0,0,0,0
1228800,600,1,0,0,0,0,0,-0.00092,0.00152,1.572,1506,4,0,3,1,2,1,0,0,0,0,0,0,0,0,0,0,0,0,0,0,0
1230848,601,1,0,0,0,0,0,-0.00024,0.00269,1.5904,1448,1,1,3,0,5,4,0,0,0,0,0,0,0,0,0,0,0,0,0,0,0
1232896,602,1,0,0,0,0,0,-0.00189,0.00089,1.6511,1516,1,0,4,0,2,2,0,0,0,0,0,0,0,0,0,0,0,0,0,0,0
1234944,603,1,0,0,0,0,0,-0.00034,0.00055,1.6647,1539,2,0,3,0,2,2,0,0,0,0,0,0,0,0,0,0,0,0,0,0,0
1236992,604,1,0,0,0,0,0,-0.00023,0.00278,1.7046,1645,2,1,1,1,4,2,0,0,0,0,0,0,0,0,0,0,0,0,0,0,0
1239040,605,1,0,0,0,0,0,-0.00049,0.00424,1.7269,1580,0,0,3,2,4,2,0,0,0,0,0,0,0,0,0,0,0,0,0,0,0
1241088,606,1,0,0,0,0,0,-5e-05,0.00199,1.7126,1378,1,0,3,0,4,3,0,0,0,0,0,0,0,0,0,0,0,0,0,0,0
1243136,607,1,0,0,0,0,0,-0.00021,0.00038,1.7258,1455,1,0,0,0,1,1,0,0,0,0,0,0,0,0,0,0,0,0,0,0,0
1245184,608,1,0,0,0,0,0,-0.00099,0.00037,1.7216,1500,1,0,4,0,3,2,0,0,0,0,0,0,0,0,0,0,0,0,0,0,0
1247232,609,1,0,0,0,0,0,2e-05,0.0012,1.7269,1496,3,1,1,1,0,0,0,0,0,0,0,0,0,0,0,0,0,0,0,0,0
1249280,610,1,0,0,0,0,0,-0.00041,0.00062,1.7061,1405,5,2,0,0,0,0,0,0,0,0,0,0,0,0,0,0,0,0,0,0,0
1251328,611,1,0,0,0,0,0,-0.0003,0.00165,1.7248,1111,4,2,0,0,2,2,0,0,0,0,0,0,0,0,0,0,0,0,0,0,0
1253376,612,1,0,0,0,0,0,-0.00035,0.00294,1.7629,1407,1,0,1,1,4,3,0,0,0,0,0,0,0,0,0,0,0,0,0,0,0
1255424,613,1,0,0,0,0,0,-0.00064,0.001,1.7905,1555,3,1,1,0,0,0,0,0,0,0,0,0,0,0,0,0,0,0,0,0,0
1257472,614,1,0,0,0,0,0,-0.00095,0.00189,1.8064,1526,1,0,4,1,3,0,0,0,0,0,0,0,0,0,0,0,0,0,0,0,0
1259520,615,1,0,0,0,0,0,-0.0007,0.00048,1.7946,1540,1,0,5,0,2,1,0,0,0,0,0,0,0,0,0,0,0,0,0,0,0
1261568,616,1,0,0,0,0,0,-0.00062,0.00041,1.7885,1480,1,0,4,0,2,1,0,0,0,0,0,0,0,0,0,0,0,0,0,0,0
1263616,617,1,0,0,0,0,0,-0.00025,0.00088,1.7743,1502,0,0,3,1,0,0,0,0,0,0,0,0,0,0,0,0,0,0,0,0,0
1265664,618,1,0,0,0,0,0,-0.00123,0.00078,1.755,1504,1,0,0,0,5,2,0,0,0,0,0,0,0,0,0,0,0,0,0,0,0
1267712,619,1,0,0,0,0,0,-0.00076,0.00241,1.7472,1429,3,1,0,0,3,2,0,0,0,0,0,0,0,0,0,0,0,0,0,0,0
1269760,620,1,0,0,0,0,0,-0.00045,0.00161,1.764,1450,2,1,2,0,2,2,0,0,0,0,0,0,0,0,0,0,0,0,0,0,0
1271808,621,1,0,0,0,0,0,-0.00286,0.00215,1.7303,1277,4,3,2,0,1,0,0,0,0,0,0,0,0,0,0,0,0,0,0,0,0
1273856,622,1,0,0,0,0,0,-0.00049,0.00029,1.7141,1443,2,1,2,0,2,0,0,0,0,0,0,0,0,0,0,0,0,0,0,0,0
1275904,623,1,0,0,0,0,0,-0.00176,0.00038,1.7484,1514,2,0,5,0,1,1,0,0,0,0,0,0,0,0,0,0,0,0,0,0,0
1277952,624,1,0,0,0,0,0,-0.0011,0.00182,1.7463,1487,1,0,2,0,3,2,0,0,0,0,0,0,0,0,0,0,0,0,0,0,0
1280000,625,1,0,0,0,0,0,5e-05,0.00134,1.7775,1443,2,1,1,0,1,1,0,0,0,0,0,0,0,0,0,0,0,0,0,0,0
1282048,626,1,0,0,0,0,0,-0.00086,0.00025,1.7735,1370,1,1,2,0,1,1,0,0,0,0,0,0,0,0,0,0,0,0,0,0,0
1284096,627,1,0,0,0,0,0,0.00011,0.00213,1.7427,1410,7,4,2,0,1,0,0,0,0,0,0,0,0,0,0,0,0,0,0,0,0
1286144,628,1,0,0,0,0,0,-0.00028,0.00089,1.7296,1278,2,1,1,0,0,0,0,0,0,0,0,0,0,0,0,0,0,0,0,0,0
1288192,629,1,0,0,0,0,0,-0.001,0.00261,1.7583,1406,3,1,3,0,2,2,0,0,0,0,0,0,0,0,0,0,0,0,0,0,0
1290240,630,1,0,0,0,0,0,6e-05,0.00283,1.777,1665,5,2,1,0,5,3,0,0,0,0,0,0,0,0,0,0,0,0,0,0,0
1292288,631,1,0,0,0,0,0,-0.00157,0.00165,1.7624,1384,1,1,1,0,1,0,0,0,0,0,0,0,0,0,0,0,0,0,0,0,0
1294336,632,1,0,0,0,0,0,-0.0006,0.00012,1.7751,1625,0,0,0,0,0,0,0,0,0,0,0,0,0,0,0,0,0,0,0,0,0
1296384,633,1,0,0,0,0,0,-0.0004,0.00042,1.7649,1392,4,2,6,0,2,0,0,0,0,0,0,0,0,0,0,0,0,0,0,0,0
1298432,634,1,0,0,0,0,0,-0.00111,0.00229,1.7748,1395,3,2,3,0,4,1,0,0,0,0,0,0,0,0,0,0,0,0,0,0,0
1300480,635,1,0,0,0,0,0,-0.00017,0.00073,1.7621,1299,0,0,0,0,2,1,0,0,0,0,0,0,0,0,0,0,0,0,0,0,0
1302528,636,1,0,0,0,0,0,-0.00156,0.0007,1.7893,1464,1,1,0,0,1,1,0,0,0,0,0,0,0,0,0,0,0,0,0,0,0
1304576,637,1,0,0,0,0,0,-0.00049,0.00083,1.7665,1536,2,0,6,0,3,2,0,0,0,0,0,0,0,0,0,0,0,0,0,0,0
1306624,638,1,0,0,0,0,0,-0.00053,0.00416,1.7714,1613,4,1,3,1,2,1,0,0,0,0,0,0,0,0,0,0,0,0,0,0,0
1308672,639,1,0,0,0,0,0,-0.00097,0.00097,1.7601,1551,0,0,0,0,2,2,0,0,0,0,0,0,0,0,0,0,0,0,0,0,0
1310720,640,1,0,0,0,0,0,-0.00197,0.00089,1.7152,1610,1,1,2,1,3,1,0,0,0,0,0,0,0,0,0,0,0,0,0,0,0
1312768,641,1,0,0,0,0,0,-0.00059,0.00023,1.672,1501,1,1,0,0,4,1,0,0,0,0,0,0,0,0,0,0,0,0,0,0,0
1314816,642,1,0,0,0,0,0,-0.00208,0.00085,1.7244,1633,3,1,2,0,1,0,0,0,0,0,0,0,0,0,0,0,0,0,0,0,0
1316864,643,1,0,0,0,0,0,4e-05,0.00205,1.7574,1526,2,2,1,1,2,0,0,0,0,0,0,0,0,0,0,0,0,0,0,0,0
1318912,644,1,0,0,0,0,0,-0.00058,0.00093,1.7417,1363,4,1,4,0,1,1,0,0,0,0,0,0,0,0,0,0,0,0,0,0,0
1320960,645,1,0,0,0,0,0,-0.00167,0.00031,1.7606,1531,2,2,0,0,1,1,0,0,0,0,0,0,0,0,0,0,0,0,0,0,0
1323008,646,1,0,0,0,0,0,-2e-05,0.00113,1.7812,1682,1,0,1,0,3,2,0,0,0,0,0,0,0,0,0,0,0,0,0,0,0
1325056,647,1,0,0,0,0,0,-0.00027,0.00208,1.7899,1506,4,1,3,1,4,3,0,0,0,0,0,0,0,0,0,0,0,0,0,0,0
1327104,648,1,0,0,0,0,0,-0.00054,0.00358,1.7837,1507,2,1,3,1,3,2,0,0,0,0,0,0,0,0,0,0,0,0,0,0,0
1329152,649,1,0,0,0,0,0,-0.00139,0.00112,1.7522,1495,1,0,1,0,3,1,0,0,0,0,0,0,0,0,0,0,0,0,0,0,0
1331200,650,1,0,0,0,0,0,1e-05,0.00278,1.7349,1530,3,2,1,0,2,2,0,0,0,0,0,0,0,0,0,0,0,0,0,0,0
1333248,651,1,0,0,0,0,0,-0.00503,6e-05,1.7898,1448,2,0,3,0,1,0,0,0,0,0,0,0,0,0,0,0,0,0,0,0,0
1335296,652,1,0,0,0,0,0,-0.00045,0.00174,1.8205,1577,3,1,3,0,2,1,0,0,0,0,0,0,0,0,0,0,0,0,0,0,0
1337344,653,1,0,0,0,0,0,3e-05,0.00107,1.8272,1631,4,1,0,0,0,0,0,0,0,0,0,0,0,0,0,0,0,0,0,0,0
1339392,654,1,0,0,0,0,0,-0.00055,4e-05,1.8243,1468,0,0,0,0,1,0,0,0,0,0,0,0,0,0,0,0,0,0,0,0,0
1341440,655,1,0,0,0,0,0,-0.00056,0.00051,1.8197,1587,4,3,3,0,0,0,0,0,0,0,0,0,0,0,0,0,0,0,0,0,0
1343488,656,1,0,0,0,0,0,-0.00023,0.00044,1.7929,1570,3,0,1,0,1,0,0,0,0,0,0,0,0,0,0,0,0,0,0,0,0
1345536,657,1,0,0,0,0,0,-0.00069,0.00106,1.8082,1511,3,1,1,0,3,1,0,0,0,0,0,0,0,0,0,0,0,0,0,0,0
1347584,658,1,0,0,0,0,0,-0.00033,0.00017,1.8266,1582,0,0,4,0,2,1,0,0,0,0,0,0,0,0,0,0,0,0,0,0,0
1349632,659,1,0,0,0,0,0,-0.00074,0.00402,1.8044,1373,4,3,2,2,3,2,0,0,0,0,0,0,0,0,0,0,0,0,0,0,0
1351680,660,1,0,0,0,0,0,-0.00043,0.00015,1.7943,1515,0,0,1,0,2,0,0,0,0,0,0,0,0,0,0,0,0,0,0,0,0
1353728,661,1,0,0,0,0,0,-0.00085,0.00193,1.7689,1524,1,1,4,0,2,1,0,0,0,0,0,0,0,0,0,0,0,0,0,0,0
1355776,662,1,0,0,0,0,0,-7e-05,0.00191,1.7518,1531,2,1,1,0,2,2,0,0,0,0,0,0,0,0,0,0,0,0,0,0,0
1357824,663,1,0,0,0,0,0,-0.00062,0.00052,1.7385,1599,3,1,0,0,4,1,0,0,0,0,0,0,0,0,0,0,0,0,0,0,0
1359872,664,1,0,0,0,0,0,-0.00031,0.00186,1.7345,1446,2,2,0,0,3,1,0,0,0,0,0,0,0,0,0,0,0,0,0,0,0
1361920,665,1,0,0,0,0,0,-0.00055,0.00213,1.7348,1450,2,1,1,0,2,2,0,0,0,0,0,0,0,0,0,0,0,0,0,0,0
1363968,666,1,0,0,0,0,0,-0.00086,0.00262,1.726,1504,5,3,1,0,2,1,0,0,0,0,0,0,0,0,0,0,0,0,0,0,0
1366016,667,1,0,0,0,0,0,-0.00066,0.00307,1.7275,1588,2,0,1,0,4,3,0,0,0,0,0,0,0,0,0,0,0,0,0,0,0
1368064,668,1,0,0,0,0,0,-0.00021,0.00146,1.7313,1650,0,0,1,0,3,2,0,0,0,0,0,0,0,0,0,0,0,0,0,0,0
1370112,669,1,0,0,0,0,0,-0.00046,0.00011,1.7424,1562,1,0,0,0,0,0,0,0,0,0,0,0,0,0,0,0,0,0,0,0,0
1372160,670,1,0,0,0,0,0,-0.00035,0.00035,1.7207,1535,3,0,2,0,5,0,0,0,0,0,0,0,0,0,0,0,0,0,0,0,0
1374208,671,1,0,0,0,0,0,-0.00016,0.00147,1.7151,1418,2,1,2,0,3,1,0,0,0,0,0,0,0,0,0,0,0,0,0,0,0
1376256,672,1,0,0,0,0,0,-0.00112,3e-05,1.6995,1650,0,0,0,0,1,0,0,0,0,0,0,0,0,0,0,0,0,0,0,0,0
1378304,673,1,0,0,0,0,0,-0.00152,0.00114,1.6543,1704,2,2,2,1,1,1,0,0,0,0,0,0,0,0,0,0,0,0,0,0,0
1380352,674,1,0,0,0,0,0,-0.00204,0.00386,1.6141,1691,3,2,5,3,3,1,0,0,0,0,0,0,0,0,0,0,0,0,0,0,0
1382400,675,1,0,0,0,0,0,-0.00202,0.00205,1.5976,1636,3,2,0,0,2,2,0,0,0,0,0,0,0,0,0,0,0,0,0,0,0
1384448,676,1,0,0,0,0,0,-0.00123,0.00027,1.6764,1658,2,1,3,0,0,0,0,0,0,0,0,0,0,0,0,0,0,0,0,0,0
1386496,677,1,0,0,0,0,0,-0.00214,5e-05,1.6933,1668,0,0,4,0,1,0,0,0,0,0,0,0,0,0,0,0,0,0,0,0,0
1388544,678,1,0,0,0,0,0,-0.00025,0.00254,1.6998,1677,2,1,2,0,5,3,0,0,0,0,0,0,0,0,0,0,0,0,0,0,0
1390592,679,1,0,0,0,0,0,-0.00079,0.0032,1.666,1458,2,1,3,1,3,1,0,0,0,0,0,0,0,0,0,0,0,0,0,0,0
1392640,680,1,0,0,0,0,0,-0.00018,0.00275,1.638,1598,3,1,0,0,3,3,0,0,0,0,0,0,0,0,0,0,0,0,0,0,0
1394688,681,1,0,0,0,0,0,-0.00086,0.00138,1.6578,1575,1,1,3,0,3,3,0,0,0,0,0,0,0,0,0,0,0,0,0,0,0
1396736,682,1,0,0,0,0,0,-0.00091,0.00258,1.6478,1665,1,1,1,1,5,1,0,0,0,0,0,0,0,0,0,0,0,0,0,0,0
1398784,683,1,0,0,0,0,0,-4e-05,0.0015,1.6723,1635,2,0,0,0,2,1,0,0,0,0,0,0,0,0,0,0,0,0,0,0,0
1400832,684,1,0,0,0,0,0,-0.00069,0.00341,1.6672,1634,3,1,3,1,2,1,0,0,0,0,0,0,0,0,0,0,0,0,0,0,0
1402880,685,1,0,0,0,0,0,-0.00193,0.00162,1.6382,1616,1,0,2,1,4,2,0,0,0,0,0,0,0,0,0,0,0,0,0,0,0
1404928,686,1,0,0,0,0,0,-0.00031,0.00187,1.6746,1621,1,0,2,0,3,2,0,0,0,0,0,0,0,0,0,0,0,0,0,0,0
1406976,687,1,0,0,0,0,0,-0.00023,0.00149,1.7147,1575,2,1,1,0,3,3,0,0,0,0,0,0,0,0,0,0,0,0,0,0,0
1409024,688,1,0,0,0,0,0,-0.0012,0.00188,1.6539,1409,3,2,3,1,1,1,0,0,0,0,0,0,0,0,0,0,0,0,0,0,0
1411072,689,1,0,0,0,0,0,-0.00128,0.0003,1.6092,1712,2,0,3,0,0,0,0,0,0,0,0,0,0,0,0,0,0,0,0,0,0
1413120,690,1,0,0,0,0,0,-0.00272,0.00046,1.6315,1702,4,2,1,0,1,1,0,0,0,0,0,0,0,0,0,0,0,0,0,0,0
1415168,691,1,0,0,0,0,0,0.00038,0.00117,1.6699,1708,1,1,0,0,3,2,0,0,0,0,0,0,0,0,0,0,0,0,0,0,0
1417216,692,1,0,0,0,0,0,-0.00113,0.00056,1.7105,1569,4,1,0,0,2,0,0,0,0,0,0,0,0,0,0,0,0,0,0,0,0
1419264,693,1,0,0,0,0,0,-0.00025,0.00024,1.7481,1551,2,1,1,0,1,1,0,0,0,0,0,0,0,0,0,0,0,0,0,0,0
1421312,694,1,0,0,0,0,0,-0.0002,0.00132,1.7101,1451,0,0,3,0,3,2,0,0,0,0,0,0,0,0,0,0,0,0,0,0,0
1423360,695,1,0,0,0,0,0,-0.00013,0.00071,1.6802,1455,1,0,1,0,2,1,0,0,0,0,0,0,0,0,0,0,0,0,0,0,0
1425408,696,1,0,0,0,0,0,-0.0003,0.00015,1.6381,1390,1,0,3,0,1,0,0,0,0,0,0,0,0,0,0,0,0,0,0,0,0
1427456,697,1,0,0,0,0,0,-0.00029,0.0036,1.6535,1481,4,3,1,0,3,2,0,0,0,0,0,0,0,0,0,0,0,0,0,0,0
1429504,698,1,0,0,0,0,0,-0.00033,0.00204,1.7224,1580,4,1,1,0,2,2,0,0,0,0,0,0,0,0,0,0,0,0,0,0,0
1431552,699,1,0,0,0,0,0,-0.00033,0.00164,1.6855,1542,1,0,4,2,1,1,0,0,0,0,0,0,0,0,0,0,0,0,0,0,0
1433600,700,1,0,0,0,0,0,-0.00019,0.00097,1.6314,1619,3,0,1,1,2,2,0,0,0,0,0,0,0,0,0,0,0,0,0,0,0
1435648,701,1,0,0,0,0,0,-0.00045,0.00301,1.6172,1373,2,1,6,2,1,1,0,0,0,0,0,0,0,0,0,0,0,0,0,0,0
1437696,702,1,0,0,0,0,0,-0.00071,0.00465,1.5406,1531,3,2,0,0,3,3,0,0,0,0,0,0,0,0,0,0,0,0,0,0,0
1439744,703,1,0,0,0,0,0,-0.00125,0.00218,1.5284,1532,3,2,2,0,4,2,0,0,0,0,0,0,0,0,0,0,0,0,0,0,0
1441792,704,1,0,0,0,0,0,-0.0015,0.00246,1.5144,1601,2,0,0,0,5,5,0,0,0,0,0,0,0,0,0,0,0,0,0,0,0
1443840,705,1,0,0,0,0,0,-0.00045,0.00183,1.491,1598,2,1,3,0,1,1,0,0,0,0,0,0,0,0,0,0,0,0,0,0,0
1445888,706,1,0,0,0,0,0,-5e-05,5e-05,1.5006,1615,2,0,1,0,0,0,0,0,0,0,0,0,0,0,0,0,0,0,0,0,0
1447936,707,1,0,0,0,0,0,-0.00128,0.00131,1.5567,1645,4,0,0,0,4,1,0,0,0,0,0,0,0,0,0,0,0,0,0,0,0
1449984,708,1,0,0,0,0,0,-0.00077,0.00181,1.5527,1506,1,0,4,1,2,1,0,0,0,0,0,0,0,0,0,0,0,0,0,0,0
1452032,709,1,0,0,0,0,0,-0.0001,0.00319,1.5099,1511,3,2,4,0,2,2,0,0,0,0,0,0,0,0,0,0,0,0,0,0,0
1454080,710,1,0,0,0,0,0,-0.00046,0.00314,1.5114,1425,3,2,3,1,1,1,0,0,0,0,0,0,0,0,0,0,0,0,0,0,0
1456128,711,1,0,0,0,0,0,-0.00051,0.00362,1.5637,1380,3,1,3,0,5,4,0,0,0,0,0,0,0,0,0,0,0,0,0,0,0
1458176,712,1,0,0,0,0,0,-0.00077,0.00364,1.5926,1469,3,2,3,1,2,1,0,0,0,0,0,0,0,0,0,0,0,0,0,0,0
1460224,713,1,0,0,0,0,0,-0.00063,0.00249,1.685,1539,3,2,1,0,4,2,0,0,0,0,0,0,0,0,0,0,0,0,0,0,0
1462272,714,1,0,0,0,0,0,-0.00197,0.00131,1.7609,1481,1,0,0,0,3,3,0,0,0,0,0,0,0,0,0,0,0,0,0,0,0
1464320,715,1,0,0,0,0,0,-0.00066,0.00237,1.7891,1508,3,2,3,0,1,0,0,0,0,0,0,0,0,0,0,0,0,0,0,0,0
1466368,716,1,0,0,0,0,0,-0.00087,0.00059,1.7986,1383,2,0,3,1,1,1,0,0,0,0,0,0,0,0,0,0,0,0,0,0,0
1468416,717,1,0,0,0,0,0,-0.00033,0.00155,1.7991,1391,2,1,5,0,0,0,0,0,0,0,0,0,0,0,0,0,0,0,0,0,0
1470464,718,1,0,0,0,0,0,-0.00108,0.00017,1.7788,1560,2,0,0,0,0,0,0,0,0,0,0,0,0,0,0,0,0,0,0,0,0
1472512,719,1,0,0,0,0,0,-0.00106,6e-05,1.7308,1626,3,0,2,0,0,0,0,0,0,0,0,0,0,0,0,0,0,0,0,0,0
1474560,720,1,0,0,0,0,0,-0.00085,0.00016,1.7003,1581,1,0,3,0,1,0,0,0,0,0,0,0,0,0,0,0,0,0,0,0,0
1476608,721,1,0,0,0,0,0,-0.00031,0.0005,1.6779,1531,2,0,1,0,2,1,0,0,0,0,0,0,0,0,0,0,0,0,0,0,0
1478656,722,1,0,0,0,0,0,-0.00067,0.00215,1.684,1615,3,1,1,0,4,4,0,0,0,0,0,0,0,0,0,0,0,0,0,0,0
1480704,723,1,0,0,0,0,0,-0.00035,0.00164,1.7089,1677,2,1,2,1,1,0,0,0,0,0,0,0,0,0,0,0,0,0,0,0,0
1482752,724,1,0,0,0,0,0,-0.00043,0.00115,1.7301,1549,1,1,3,0,4,2,0,0,0,0,0,0,0,0,0,0,0,0,0,0,0
1484800,725,1,0,0,0,0,0,-0.00039,0.00146,1.7253,1504,1,0,3,0,3,2,0,0,0,0,0,0,0,0,0,0,0,0,0,0,0
1486848,726,1,0,0,0,0,0,-0.00071,0.00254,1.6914,1521,3,1,5,2,0,0,0,0,0,0,0,0,0,0,0,0,0,0,0,0,0
1488896,727,1,0,0,0,0,0,-4e-05,0.00106,1.6699,1551,1,0,1,0,3,3,0,0,0,0,0,0,0,0,0,0,0,0,0,0,0
1490944,728,1,0,0,0,0,0,-0.00078,8e-05,1.7025,1647,1,0,1,0,1,0,0,0,0,0,0,0,0,0,0,0,0,0,0,0,0
1492992,729,1,0,0,0,0,0,-0.00074,0.00059,1.7077,1670,4,1,2,0,0,0,0,0,0,0,0,0,0,0,0,0,0,0,0,0,0
1495040,730,1,0,0,0,0,0,-0.00023,0.00116,1.6888,1566,4,0,4,2,1,1,0,0,0,0,0,0,0,0,0,0,0,0,0,0,0
1497088,731,1,0,0,0,0,0,-0.00163,0.00255,1.6867,1483,4,3,3,0,2,2,0,0,0,0,0,0,0,0,0,0,0,0,0,0,0
1499136,732,1,0,0,0,0,0,-0.00038,0.00249,1.6938,1516,2,1,4,0,2,2,0,0,0,0,0,0,0,0,0,0,0,0,0,0,0
1501184,733,1,0,0,0,0,0,-0.00031,0.00175,1.6914,1483,2,1,1,0,4,3,0,0,0,0,0,0,0,0,0,0,0,0,0,0,0
1503232,734,1,0,0,0,0,0,-0.00107,0.00298,1.7455,1632,1,1,1,0,3,3,0,0,0,0,0,0,0,0,0,0,0,0,0,0,0
1505280,735,1,0,0,0,0,0,-0.00047,0.00038,1.8028,1600,2,1,8,0,1,1,0,0,0,0,0,0,0,0,0,0,0,0,0,0,0
1507328,736,1,0,0,0,0,0,-0.00077,0.00042,1.7713,1552,3,1,3,0,2,1,0,0,0,0,0,0,0,0,0,0,0,0,0,0,0
1509376,737,1,0,0,0,0,0,-0.00046,0.00107,1.7571,1555,1,0,3,0,1,1,0,0,0,0,0,0,0,0,0,0,0,0,0,0,0
1511424,738,1,0,0,0,0,0,-0.00081,0.0005,1.7536,1450,0,0,1,0,2,2,0,0,0,0,0,0,0,0,0,0,0,0,0,0,0
1513472,739,1,0,0,0,0,0,-0.00101,0.00132,1.7655,1574,3,0,3,0,3,1,0,0,0,0,0,0,0,0,0,0,0,0,0,0,0
1515520,740,1,0,0,0,0,0,-3e-05,0.00177,1.7483,1509,3,2,2,0,1,1,0,0,0,0,0,0,0,0,0,0,0,0,0,0,0
1517568,741,1,0,0,0,0,0,-0.00017,0.0017,1.7293,1541,5,1,1,0,0,0,0,0,0,0,0,0,0,0,0,0,0,0,0,0,0
1519616,742,1,0,0,0,0,0,-0.0005,0.0005,1.7482,1519,0,0,1,0,2,2,0,0,0,0,0,0,0,0,0,0,0,0,0,0,0
1521664,743,1,0,0,0,0,0,-0.00029,0.00076,1.7541,1490,3,2,5,0,4,2,0,0,0,0,0,0,0,0,0,0,0,0,0,0,0
1523712,744,1,0,0,0,0,0,-0.00024,0.00227,1.7235,1640,1,1,2,0,4,2,0,0,0,0,0,0,0,0,0,0,0,0,0,0,0
1525760,745,1,0,0,0,0,0,-0.00113,0.00298,1.7143,1625,2,2,4,0,2,2,0,0,0,0,0,0,0,0,0,0,0,0,0,0,0
1527808,746,1,0,0,0,0,0,-0.00087,0.00334,1.7115,1545,4,2,1,1,0,0,0,0,0,0,0,0,0,0,0,0,0,0,0,0,0
1529856,747,1,0,0,0,0,0,-0.00042,0.00034,1.7122,1481,2,0,2,0,4,3,0,0,0,0,0,0,0,0,0,0,0,0,0,0,0
1531904,748,1,0,0,0,0,0,-0.00042,0.00437,1.7022,1428,3,1,2,0,5,4,0,0,0,0,0,0,0,0,0,0,0,0,0,0,0
1533952,749,1,0,0,0,0,0,-0.00067,0.0007,1.7279,1612,3,1,1,0,0,0,0,0,0,0,0,0,0,0,0,0,0,0,0,0,0
1536000,750,1,0,0,0,0,0,-0.0004,0.00126,1.7459,1620,0,0,3,0,5,3,0,0,0,0,0,0,0,0,0,0,0,0,0,0,0
1538048,751,1,0,0,0,0,0,-0.00013,0.00029,1.747,1552,1,0,2,0,1,1,0,0,0,0,0,0,0,0,0,0,0,0,0,0,0
1540096,752,1,0,0,0,0,0,-0.00023,0.00108,1.7642,1511,1,0,0,0,4,2,0,0,0,0,0,0,0,0,0,0,0,0,0,0,0
1542144,753,1,0,0,0,0,0,-0.00123,0.00158,1.7495,1638,1,0,2,1,1,1,0,0,0,0,0,0,0,0,0,0,0,0,0,0,0
1544192,754,1,0,0,0,0,0,-0.00234,0.00033,1.7311,1653,2,0,2,0,3,1,0,0,0,0,0,0,0,0,0,0,0,0,0,0,0
1546240,755,1,0,0,0,0,0,-0.00059,0.00223,1.7433,1540,1,1,2,0,3,2,0,0,0,0,0,0,0,0,0,0,0,0,0,0,0
1548288,756,1,0,0,0,0,0,0.00015,0.00058,1.7547,1466,1,0,4,0,3,2,0,0,0,0,0,0,0,0,0,0,0,0,0,0,0
1550336,757,1,0,0,0,0,0,-5e-05,0.00082,1.7594,1643,1,0,2,1,1,0,0,0,0,0,0,0,0,0,0,0,0,0,0,0,0
1552384,758,1,0,0,0,0,0,-0.0004,0.00276,1.753,1585,3,1,1,0,3,3,0,0,0,0,0,0,0,0,0,0,0,0,0,0,0
1554432,759,1,0,0,0,0,0,-0.00034,0.0027,1.7502,1543,4,3,0,0,3,1,0,0,0,0,0,0,0,0,0,0,0,0,0,0,0
1556480,760,1,0,0,0,0,0,-0.0006,0.00136,1.7358,1640,4,1,1,0,1,1,0,0,0,0,0,0,0,0,0,0,0,0,0,0,0
1558528,761,1,0,0,0,0,0,-0.0004,0.00316,1.6984,1609,4,2,0,0,3,3,0,0,0,0,0,0,0,0,0,0,0,0,0,0,0
1560576,762,1,0,0,0,0,0,-0.00122,0.00277,1.681,1450,3,2,3,0,5,5,0,0,0,0,0,0,0,0,0,0,0,0,0,0,0
1562624,763,1,0,0,0,0,0,-0.00128,0.00132,1.7066,1357,1,1,5,0,2,2,0,0,0,0,0,0,0,0,0,0,0,0,0,0,0
1564672,764,1,0,0,0,0,0,-0.00058,0.00238,1.701,1501,0,0,4,1,4,2,0,0,0,0,0,0,0,0,0,0,0,0,0,0,0
1566720,765,1,0,0,0,0,0,-0.00045,0.00019,1.6984,1568,4,1,1,0,1,1,0,0,0,0,0,0,0,0,0,0,0,0,0,0,0
1568768,766,1,0,0,0,0,0,-0.00172,0.00077,1.7178,1521,2,1,1,0,1,1,0,0,0,0,0,0,0,0,0,0,0,0,0,0,0
1570816,767,1,0,0,0,0,0,-0.00069,0.00046,1.7185,1403,4,1,0,0,0,0,0,0,0,0,0,0,0,0,0,0,0,0,0,0,0
1572864,768,1,0,0,0,0,0,-0.00107,0.00265,1.7749,1605,4,2,0,0,4,3,0,0,0,0,0,0,0,0,0,0,0,0,0,0,0
1574912,769,1,0,0,0,0,0,-0.00101,3e-05,1.7953,1536,2,0,4,0,0,0,0,0,0,0,0,0,0,0,0,0,0,0,0,0,0
1576960,770,1,0,0,0,0,0,-0.00021,0.00118,1.7252,1452,5,4,2,0,0,0,0,0,0,0,0,0,0,0,0,0,0,0,0,0,0
1579008,771,1,0,0,0,0,0,-0.00159,0.0002,1.6839,1597,2,1,2,0,0,0,0,0,0,0,0,0,0,0,0,0,0,0,0,0,0
1581056,772,1,0,0,0,0,0,-0.00257,0.00154,1.6563,1636,3,2,3,0,0,0,0,0,0,0,0,0,0,0,0,0,0,0,0,0,0
1583104,773,1,0,0,0,0,0,-0.00178,0.00036,1.6406,1639,4,1,2,0,2,0,0,0,0,0,0,0,0,0,0,0,0,0,0,0,0
1585152,774,1,0,0,0,0,0,0.0,0.00041,1.66,1725,0,0,2,1,2,1,0,0,0,0,0,0,0,0,0,0,0,0,0,0,0
1587200,775,1,0,0,0,0,0,-0.00154,0.00054,1.6266,1620,2,0,1,0,1,1,0,0,0,0,0,0,0,0,0,0,0,0,0,0,0
1589248,776,1,0,0,0,0,0,-0.00162,0.00145,1.5679,1599,4,3,2,0,0,0,0,0,0,0,0,0,0,0,0,0,0,0,0,0,0
1591296,777,1,0,0,0,0,0,-0.00032,0.00381,1.4919,1603,5,2,2,0,2,2,0,0,0,0,0,0,0,0,0,0,0,0,0,0,0
1593344,778,1,0,0,0,0,0,-0.00189,0.00039,1.4849,1551,2,0,0,0,3,1,0,0,0,0,0,0,0,0,0,0,0,0,0,0,0
1595392,779,1,0,0,0,0,0,-0.00146,0.00157,1.5964,1505,1,1,1,0,3,2,0,0,0,0,0,0,0,0,0,0,0,0,0,0,0
1597440,780,1,0,0,0,0,0,-0.00071,0.00073,1.6502,1668,0,0,2,1,2,0,0,0,0,0,0,0,0,0,0,0,0,0,0,0,0
1599488,781,1,0,0,0,0,0,-0.00348,0.00103,1.6746,1678,2,1,1,0,5,3,0,0,0,0,0,0,0,0,0,0,0,0,0,0,0
1601536,782,1,0,0,0,0,0,-0.00137,0.00186,1.6774,1606,2,0,2,1,1,1,0,0,0,0,0,0,0,0,0,0,0,0,0,0,0
1603584,783,1,0,0,0,0,0,-0.00077,0.00121,1.6659,1600,1,1,2,0,2,2,0,0,0,0,0,0,0,0,0,0,0,0,0,0,0
1605632,784,1,0,0,0,0,0,-0.00041,0.00142,1.6673,1631,3,1,2,0,2,1,0,0,0,0,0,0,0,0,0,0,0,0,0,0,0
1607680,785,1,0,0,0,0,0,-0.0006,0.00018,1.6592,1614,2,0,0,0,2,1,0,0,0,0,0,0,0,0,0,0,0,0,0,0,0
1609728,786,1,0,0,0,0,0,-0.00067,0.00168,1.6413,1449,1,1,5,1,3,2,0,0,0,0,0,0,0,0,0,0,0,0,0,0,0
1611776,787,1,0,0,0,0,0,-0.0002,0.00217,1.6041,1448,4,2,3,0,0,0,0,0,0,0,0,0,0,0,0,0,0,0,0,0,0
1613824,788,1,0,0,0,0,0,-0.00044,0.00217,1.6,1589,2,1,1,0,3,3,0,0,0,0,0,0,0,0,0,0,0,0,0,0,0
1615872,789,1,0,0,0,0,0,-0.00031,0.00151,1.5885,1624,3,1,1,1,1,1,0,0,0,0,0,0,0,0,0,0,0,0,0,0,0
1617920,790,1,0,0,0,0,0,-0.00066,0.00148,1.6028,1584,2,1,1,0,3,1,0,0,0,0,0,0,0,0,0,0,0,0,0,0,0
1619968,791,1,0,0,0,0,0,-0.00167,0.00332,1.5257,1586,3,1,3,1,3,2,0,0,0,0,0,0,0,0,0,0,0,0,0,0,0
1622016,792,1,0,0,0,0,0,-0.00097,0.00041,1.444,1600,1,1,0,0,2,1,0,0,0,0,0,0,0,0,0,0,0,0,0,0,0
1624064,793,1,0,0,0,0,0,-0.00064,0.00098,1.4893,1436,3,1,0,0,1,1,0,0,0,0,0,0,0,0,0,0,0,0,0,0,0
1626112,794,1,0,0,0,0,0,-0.0002,0.00056,1.5861,1466,2,1,1,0,2,2,0,0,0,0,0,0,0,0,0,0,0,0,0,0,0
1628160,795,1,0,0,0,0,0,-0.00147,0.00354,1.6214,1624,2,0,3,2,6,2,0,0,0,0,0,0,0,0,0,0,0,0,0,0,0
1630208,796,1,0,0,0,0,0,-0.00102,0.00197,1.613,1539,0,0,2,1,2,2,0,0,0,0,0,0,0,0,0,0,0,0,0,0,0
1632256,797,1,0,0,0,0,0,-0.00077,0.00387,1.5096,1552,0,0,2,1,4,4,0,0,0,0,0,0,0,0,0,0,0,0,0,0,0
1634304,798,1,0,0,0,0,0,-0.00095,0.00244,1.4745,1523,2,1,2,0,3,3,0,0,0,0,0,0,0,0,0,0,0,0,0,0,0
1636352,799,1,0,0,0,0,0,-0.00027,0.00031,1.523,1386,2,0,2,0,1,0,0,0,0,0,0,0,0,0,0,0,0,0,0,0,0
1638400,800,1,0,0,0,0,0,-0.00261,0.00369,1.4888,1450,2,1,3,0,6,5,0,0,0,0,0,0,0,0,0,0,0,0,0,0,0
1640448,801,1,0,0,0,0,0,-0.00041,0.00115,1.5026,1361,1,0,1,0,2,1,0,0,0,0,0,0,0,0,0,0,0,0,0,0,0
1642496,802,1,0,0,0,0,0,-0.0008,0.00154,1.5383,1507,2,1,8,1,2,1,0,0,0,0,0,0,0,0,0,0,0,0,0,0,0
1644544,803,1,0,0,0,0,0,-0.00085,0.00128,1.5073,1498,3,1,2,0,3,2,0,0,0,0,0,0,0,0,0,0,0,0,0,0,0
1646592,804,1,0,0,0,0,0,-0.00276,0.00293,1.5451,1470,2,2,0,0,2,2,0,0,0,0,0,0,0,0,0,0,0,0,0,0,0
1648640,805,1,0,0,0,0,0,-0.00083,0.00056,1.6153,1585,1,0,1,1,1,0,0,0,0,0,0,0,0,0,0,0,0,0,0,0,0
1650688,806,1,0,0,0,0,0,-0.001,0.00126,1.5633,1327,3,3,6,1,2,1,0,0,0,0,0,0,0,0,0,0,0,0,0,0,0
1652736,807,1,0,0,0,0,0,-0.00014,0.00181,1.4976,1570,2,0,1,0,6,4,0,0,0,0,0,0,0,0,0,0,0,0,0,0,0
1654784,808,1,0,0,0,0,0,-0.00136,0.0015,1.556,1546,2,1,1,0,1,1,0,0,0,0,0,0,0,0,0,0,0,0,0,0,0
1656832,809,1,0,0,0,0,0,-0.0024,5e-05,1.6183,1639,2,0,0,0,0,0,0,0,0,0,0,0,0,0,0,0,0,0,0,0,0
1658880,810,1,0,0,0,0,0,-0.00299,0.0001,1.6964,1577,2,0,1,0,2,1,0,0,0,0,0,0,0,0,0,0,0,0,0,0,0
1660928,811,1,0,0,0,0,0,-0.0006,0.00156,1.7281,1666,4,0,2,0,3,3,0,0,0,0,0,0,0,0,0,0,0,0,0,0,0
1662976,812,1,0,0,0,0,0,-0.00319,0.00168,1.789,1668,1,1,3,0,1,1,0,0,0,0,0,0,0,0,0,0,0,0,0,0,0
1665024,813,1,0,0,0,0,0,-0.00191,0.00141,1.7624,1482,1,0,2,0,2,2,0,0,0,0,0,0,0,0,0,0,0,0,0,0,0
1667072,814,1,0,0,0,0,0,0.00042,0.00129,1.7534,1503,4,1,1,0,2,0,0,0,0,0,0,0,0,0,0,0,0,0,0,0,0
1669120,815,1,0,0,0,0,0,-0.00129,0.00294,1.8026,1491,2,2,5,0,3,2,0,0,0,0,0,0,0,0,0,0,0,0,0,0,0
1671168,816,1,0,0,0,0,0,-0.00258,0.00116,1.7159,1339,2,1,3,0,2,1,0,0,0,0,0,0,0,0,0,0,0,0,0,0,0
1673216,817,1,0,0,0,0,0,0.00027,0.00236,1.7009,1388,1,0,3,0,3,2,0,0,0,0,0,0,0,0,0,0,0,0,0,0,0
1675264,818,1,0,0,0,0,0,-0.00148,0.00232,1.7231,1554,2,2,1,1,0,0,0,0,0,0,0,0,0,0,0,0,0,0,0,0,0
1677312,819,1,0,0,0,0,0,-0.00026,0.00432,1.7345,1517,6,2,2,0,5,4,0,0,0,0,0,0,0,0,0,0,0,0,0,0,0
1679360,820,1,0,0,0,0,0,-0.00409,0.00079,1.8098,1559,1,0,6,0,2,2,0,0,0,0,0,0,0,0,0,0,0,0,0,0,0
1681408,821,1,0,0,0,0,0,-0.0012,0.00023,1.7741,1485,0,0,3,0,0,0,0,0,0,0,0,0,0,0,0,0,0,0,0,0,0
1683456,822,1,0,0,0,0,0,-0.00477,0.00092,1.7696,1427,2,0,0,0,3,2,0,0,0,0,0,0,0,0,0,0,0,0,0,0,0
1685504,823,1,0,0,0,0,0,-0.00208,0.00104,1.7798,1452,3,1,5,0,1,1,0,0,0,0,0,0,0,0,0,0,0,0,0,0,0
1687552,824,1,0,0,0,0,0,-0.00168,0.00139,1.7735,1519,2,0,1,0,1,1,0,0,0,0,0,0,0,0,0,0,0,0,0,0,0
1689600,825,1,0,0,0,0,0,-0.00144,0.00177,1.7573,1550,3,2,2,0,1,1,0,0,0,0,0,0,0,0,0,0,0,0,0,0,0
1691648,826,1,0,0,0,0,0,-0.00328,0.00142,1.6398,1560,3,1,5,0,1,1,0,0,0,0,0,0,0,0,0,0,0,0,0,0,0
1693696,827,1,0,0,0,0,0,-0.00174,0.00235,1.5843,1566,1,0,4,0,5,5,0,0,0,0,0,0,0,0,0,0,0,0,0,0,0
1695744,828,1,0,0,0,0,0,-0.00188,0.00371,1.5296,1571,1,1,4,2,4,4,0,0,0,0,0,0,0,0,0,0,0,0,0,0,0
1697792,829,1,0,0,0,0,0,-0.00305,0.00157,1.4322,1586,1,0,0,0,2,2,0,0,0,0,0,0,0,0,0,0,0,0,0,0,0
1699840,830,1,0,0,0,0,0,-2e-05,0.00305,1.3807,1475,2,0,2,1,3,2,0,0,0,0,0,0,0,0,0,0,0,0,0,0,0
1701888,831,1,0,0,0,0,0,-0.00046,0.00022,1.3046,1493,2,0,2,0,2,0,0,0,0,0,0,0,0,0,0,0,0,0,0,0,0
1703936,832,1,0,0,0,0,0,-0.00016,0.00031,1.3802,1552,4,0,3,0,1,1,0,0,0,0,0,0,0,0,0,0,0,0,0,0,0
1705984,833,1,0,0,0,0,0,-0.00127,0.00052,1.4595,1530,1,1,1,0,1,1,0,0,0,0,0,0,0,0,0,0,0,0,0,0,0
1708032,834,1,0,0,0,0,0,-0.00034,0.00014,1.4276,1510,4,0,1,0,1,1,0,0,0,0,0,0,0,0,0,0,0,0,0,0,0
1710080,835,1,0,0,0,0,0,0.00034,0.00054,1.3893,1553,2,1,1,0,2,2,0,0,0,0,0,0,0,0,0,0,0,0,0,0,0
1712128,836,1,0,0,0,0,0,-0.00077,0.00205,1.348,1514,2,1,1,0,3,1,0,0,0,0,0,0,0,0,0,0,0,0,0,0,0
1714176,837,1,0,0,0,0,0,-0.00042,0.00104,1.3253,1335,2,1,0,0,0,0,0,0,0,0,0,0,0,0,0,0,0,0,0,0,0
1716224,838,1,0,0,0,0,0,-0.00383,0.0016,1.3331,1498,9,4,5,0,1,1,0,0,0,0,0,0,0,0,0,0,0,0,0,0,0
1718272,839,1,0,0,0,0,0,-0.00172,0.00165,1.2626,1480,1,1,3,1,1,1,0,0,0,0,0,0,0,0,0,0,0,0,0,0,0
1720320,840,1,0,0,0,0,0,-0.00071,0.00135,1.0803,1673,1,1,1,0,2,1,0,0,0,0,0,0,0,0,0,0,0,0,0,0,0
1722368,841,1,0,0,0,0,0,-0.00049,0.00096,1.2351,1703,3,1,3,0,1,1,0,0,0,0,0,0,0,0,0,0,0,0,0,0,0
1724416,842,1,0,0,0,0,0,-0.00416,0.00306,1.289,1721,2,0,5,1,3,2,0,0,0,0,0,0,0,0,0,0,0,0,0,0,0
1726464,843,1,0,0,0,0,0,-0.00128,0.00071,1.3483,1694,1,0,1,0,2,1,0,0,0,0,0,0,0,0,0,0,0,0,0,0,0
1728512,844,1,0,0,0,0,0,-0.00151,0.00306,1.4683,1711,5,2,0,0,3,3,0,0,0,0,0,0,0,0,0,0,0,0,0,0,0
1730560,845,1,0,0,0,0,0,-0.00159,0.00023,1.5576,1549,1,0,2,0,3,3,0,0,0,0,0,0,0,0,0,0,0,0,0,0,0
1732608,846,1,0,0,0,0,0,-0.00062,9e-05,1.5534,1315,3,0,3,0,0,0,0,0,0,0,0,0,0,0,0,0,0,0,0,0,0
1734656,847,1,0,0,0,0,0,-0.00224,0.00016,1.5521,1493,1,0,1,0,0,0,0,0,0,0,0,0,0,0,0,0,0,0,0,0,0
1736704,848,1,0,0,0,0,0,-0.00136,0.00311,1.5234,1618,5,3,4,1,1,1,0,0,0,0,0,0,0,0,0,0,0,0,0,0,0
1738752,849,1,0,0,0,0,0,0.00039,0.0018,1.4642,1619,2,0,2,1,3,2,0,0,0,0,0,0,0,0,0,0,0,0,0,0,0
1740800,850,1,0,0,0,0,0,-0.00169,0.00137,1.4974,1544,3,1,1,0,1,0,0,0,0,0,0,0,0,0,0,0,0,0,0,0,0
1742848,851,1,0,0,0,0,0,-0.0002,3e-05,1.5349,1498,2,0,2,0,0,0,0,0,0,0,0,0,0,0,0,0,0,0,0,0,0
1744896,852,1,0,0,0,0,0,-0.0019,0.00023,1.5206,1431,3,1,1,0,2,1,0,0,0,0,0,0,0,0,0,0,0,0,0,0,0
1746944,853,1,0,0,0,0,0,-0.00452,0.00217,1.4451,1438,3,2,3,0,2,1,0,0,0,0,0,0,0,0,0,0,0,0,0,0,0
1748992,854,1,0,0,0,0,0,-0.0008,0.00257,1.3911,1542,4,3,1,0,3,2,0,0,0,0,0,0,0,0,0,0,0,0,0,0,0
1751040,855,1,0,0,0,0,0,-0.00013,0.00276,1.4701,1359,2,2,2,0,4,3,0,0,0,0,0,0,0,0,0,0,0,0,0,0,0
1753088,856,1,0,0,0,0,0,-0.00114,0.00145,1.4848,1433,1,1,1,0,2,2,0,0,0,0,0,0,0,0,0,0,0,0,0,0,0
1755136,857,1,0,0,0,0,0,-0.0017,0.00353,1.4696,1566,3,0,1,1,4,4,0,0,0,0,0,0,0,0,0,0,0,0,0,0,0
1757184,858,1,0,0,0,0,0,-0.00166,0.00531,1.4576,1459,3,3,4,1,3,3,0,0,0,0,0,0,0,0,0,0,0,0,0,0,0
1759232,859,1,0,0,0,0,0,-0.00212,0.00256,1.4073,1627,1,1,1,0,4,2,0,0,0,0,0,0,0,0,0,0,0,0,0,0,0
1761280,860,1,0,0,0,0,0,-0.00052,0.00219,1.383,1590,3,2,3,0,5,5,0,0,0,0,0,0,0,0,0,0,0,0,0,0,0
1763328,861,1,0,0,0,0,0,-0.0011,0.00159,1.3502,1504,4,3,2,0,1,1,0,0,0,0,0,0,0,0,0,0,0,0,0,0,0
1765376,862,1,0,0,0,0,0,-0.00061,0.00494,1.4081,1580,5,4,3,1,2,2,0,0,0,0,0,0,0,0,0,0,0,0,0,0,0
1767424,863,1,0,0,0,0,0,-0.00068,0.00025,1.4562,1586,1,1,2,0,2,2,0,0,0,0,0,0,0,0,0,0,0,0,0,0,0
1769472,864,1,0,0,0,0,0,-0.00056,0.0016,1.4725,1371,3,2,4,0,1,1,0,0,0,0,0,0,0,0,0,0,0,0,0,0,0
1771520,865,1,0,0,0,0,0,-0.00068,0.00099,1.4918,1295,0,0,2,0,2,2,0,0,0,0,0,0,0,0,0,0,0,0,0,0,0
1773568,866,1,0,0,0,0,0,-0.00133,0.00143,1.4661,1465,3,2,3,0,3,1,0,0,0,0,0,0,0,0,0,0,0,0,0,0,0
1775616,867,1,0,0,0,0,0,0.00037,0.00118,1.4957,1446,5,3,3,0,0,0,0,0,0,0,0,0,0,0,0,0,0,0,0,0,0
1777664,868,1,0,0,0,0,0,-0.00112,0.00235,1.4682,1400,2,1,3,0,2,2,0,0,0,0,0,0,0,0,0,0,0,0,0,0,0
1779712,869,1,0,0,0,0,0,-9e-05,0.00165,1.4809,1424,1,1,1,0,3,3,0,0,0,0,0,0,0,0,0,0,0,0,0,0,0
1781760,870,1,0,0,0,0,0,-0.00271,0.00315,1.4686,1489,2,1,3,1,3,3,0,0,0,0,0,0,0,0,0,0,0,0,0,0,0
1783808,871,1,0,0,0,0,0,-0.00049,0.00019,1.4751,1378,3,1,2,0,1,0,0,0,0,0,0,0,0,0,0,0,0,0,0,0,0
1785856,872,1,0,0,0,0,0,-0.00019,0.00149,1.5317,1528,2,0,1,1,1,0,0,0,0,0,0,0,0,0,0,0,0,0,0,0,0
1787904,873,1,0,0,0,0,0,-0.00098,0.00124,1.5532,1388,2,1,2,0,3,3,0,0,0,0,0,0,0,0,0,0,0,0,0,0,0
1789952,874,1,0,0,0,0,0,-0.00257,0.00203,1.5392,1483,3,1,2,0,2,2,0,0,0,0,0,0,0,0,0,0,0,0,0,0,0
1792000,875,1,0,0,0,0,0,-0.00109,0.00111,1.5573,1406,3,0,2,0,4,4,0,0,0,0,0,0,0,0,0,0,0,0,0,0,0
1794048,876,1,0,0,0,0,0,0.00021,0.001,1.6165,1618,3,2,2,0,2,2,0,0,0,0,0,0,0,0,0,0,0,0,0,0,0
1796096,877,1,0,0,0,0,0,-0.00061,0.00152,1.6709,1607,0,0,2,1,1,1,0,0,0,0,0,0,0,0,0,0,0,0,0,0,0
1798144,878,1,0,0,0,0,0,-0.00085,0.00034,1.6891,1592,2,1,5,1,0,0,0,0,0,0,0,0,0,0,0,0,0,0,0,0,0
1800192,879,1,0,0,0,0,0,-0.00058,0.00096,1.685,1546,2,0,4,0,3,2,0,0,0,0,0,0,0,0,0,0,0,0,0,0,0
1802240,880,1,0,0,0,0,0,0.00033,0.00151,1.7121,1628,2,0,7,1,1,1,0,0,0,0,0,0,0,0,0,0,0,0,0,0,0
1804288,881,1,0,0,0,0,0,0.00028,0.0036,1.6842,1592,3,2,2,0,3,3,0,0,0,0,0,0,0,0,0,0,0,0,0,0,0
1806336,882,1,0,0,0,0,0,-0.00169,0.0018,1.6877,1487,4,2,0,0,2,1,0,0,0,0,0,0,0,0,0,0,0,0,0,0,0
1808384,883,1,0,0,0,0,0,-0.00034,0.00156,1.7351,1483,1,1,3,0,0,0,0,0,0,0,0,0,0,0,0,0,0,0,0,0,0
1810432,884,1,0,0,0,0,0,-0.00139,0.00234,1.7009,1498,0,0,4,0,4,3,0,0,0,0,0,0,0,0,0,0,0,0,0,0,0
1812480,885,1,0,0,0,0,0,-0.00135,0.00023,1.6899,1489,1,0,3,0,2,0,0,0,0,0,0,0,0,0,0,0,0,0,0,0,0
1814528,886,1,0,0,0,0,0,-0.00024,0.00168,1.729,1422,4,3,1,0,1,1,0,0,0,0,0,0,0,0,0,0,0,0,0,0,0
1816576,887,1,0,0,0,0,0,-0.00041,0.00046,1.754,1551,1,1,1,0,0,0,0,0,0,0,0,0,0,0,0,0,0,0,0,0,0
1818624,888,1,0,0,0,0,0,-0.00307,0.00206,1.7677,1513,2,1,2,0,5,2,0,0,0,0,0,0,0,0,0,0,0,0,0,0,0
1820672,889,1,0,0,0,0,0,-0.00101,0.0003,1.7435,1471,1,1,3,0,0,0,0,0,0,0,0,0,0,0,0,0,0,0,0,0,0
1822720,890,1,0,0,0,0,0,-0.00299,0.00398,1.6782,1431,4,3,6,1,0,0,0,0,0,0,0,0,0,0,0,0,0,0,0,0,0
1824768,891,1,0,0,0,0,0,-0.00037,0.00039,1.6212,1589,0,0,3,1,1,0,0,0,0,0,0,0,0,0,0,0,0,0,0,0,0
1826816,892,1,0,0,0,0,0,-0.00127,0.00133,1.5968,1541,5,2,0,0,1,0,0,0,0,0,0,0,0,0,0,0,0,0,0,0,0
1828864,893,1,0,0,0,0,0,-4e-05,0.00213,1.5886,1649,1,1,1,0,3,1,0,0,0,0,0,0,0,0,0,0,0,0,0,0,0
1830912,894,1,0,0,0,0,0,-0.0007,0.00174,1.6022,1658,3,2,3,0,4,1,0,0,0,0,0,0,0,0,0,0,0,0,0,0,0
1832960,895,1,0,0,0,0,0,-0.00077,0.00318,1.5404,1650,3,2,3,1,2,1,0,0,0,0,0,0,0,0,0,0,0,0,0,0,0
1835008,896,1,0,0,0,0,0,-0.00121,0.00155,1.5992,1588,3,2,0,0,2,2,0,0,0,0,0,0,0,0,0,0,0,0,0,0,0
1837056,897,1,0,0,0,0,0,-0.00084,0.00032,1.5778,1610,0,0,0,0,1,1,0,0,0,0,0,0,0,0,0,0,0,0,0,0,0
1839104,898,1,0,0,0,0,0,0.0008,0.00082,1.5815,1485,1,0,5,0,4,3,0,0,0,0,0,0,0,0,0,0,0,0,0,0,0
1841152,899,1,0,0,0,0,0,-0.00074,0.00024,1.633,1513,5,0,2,0,0,0,0,0,0,0,0,0,0,0,0,0,0,0,0,0,0
1843200,900,1,0,0,0,0,0,-0.0016,0.00013,1.6931,1521,1,0,2,0,1,0,0,0,0,0,0,0,0,0,0,0,0,0,0,0,0
1845248,901,1,0,0,0,0,0,0.00047,0.00242,1.7111,1571,2,2,0,0,3,3,0,0,0,0,0,0,0,0,0,0,0,0,0,0,0
1847296,902,1,0,0,0,0,0,-0.00035,0.00139,1.6915,1568,2,0,3,0,1,1,0,0,0,0,0,0,0,0,0,0,0,0,0,0,0
1849344,903,1,0,0,0,0,0,0.00143,0.00084,1.6575,1479,3,1,2,0,1,0,0,0,0,0,0,0,0,0,0,0,0,0,0,0,0
1851392,904,1,0,0,0,0,0,-0.00033,0.0009,1.7431,1583,3,0,2,0,2,1,0,0,0,0,0,0,0,0,0,0,0,0,0,0,0
1853440,905,1,0,0,0,0,0,-0.00063,0.00078,1.776,1325,1,1,3,0,1,1,0,0,0,0,0,0,0,0,0,0,0,0,0,0,0
1855488,906,1,0,0,0,0,0,-4e-05,0.00155,1.7671,1539,4,0,3,1,2,1,0,0,0,0,0,0,0,0,0,0,0,0,0,0,0
1857536,907,1,0,0,0,0,0,0.00095,0.00196,1.7609,1415,0,0,3,0,2,2,0,0,0,0,0,0,0,0,0,0,0,0,0,0,0
1859584,908,1,0,0,0,0,0,0.0012,0.00139,1.7859,1544,2,0,2,0,2,2,0,0,0,0,0,0,0,0,0,0,0,0,0,0,0
1861632,909,1,0,0,0,0,0,-0.0004,0.00149,1.803,1570,2,1,1,0,2,2,0,0,0,0,0,0,0,0,0,0,0,0,0,0,0
1863680,910,1,0,0,0,0,0,-0.00028,0.00299,1.8044,1575,1,1,4,2,3,2,0,0,0,0,0,0,0,0,0,0,0,0,0,0,0
1865728,911,1,0,0,0,0,0,-0.00151,0.0003,1.791,1403,1,1,6,0,0,0,0,0,0,0,0,0,0,0,0,0,0,0,0,0,0
1867776,912,1,0,0,0,0,0,-0.001,0.00369,1.7878,1541,3,3,1,0,1,1,0,0,0,0,0,0,0,0,0,0,0,0,0,0,0
1869824,913,1,0,0,0,0,0,0.00134,0.00116,1.7144,1608,3,3,4,0,2,2,0,0,0,0,0,0,0,0,0,0,0,0,0,0,0
1871872,914,1,0,0,0,0,0,-0.00017,0.00035,1.6969,1577,5,1,0,0,0,0,0,0,0,0,0,0,0,0,0,0,0,0,0,0,0
1873920,915,1,0,0,0,0,0,-0.00313,0.00102,1.6938,1504,0,0,0,0,2,2,0,0,0,0,0,0,0,0,0,0,0,0,0,0,0
1875968,916,1,0,0,0,0,0,0.00059,0.00299,1.7239,1609,2,1,2,1,5,3,0,0,0,0,0,0,0,0,0,0,0,0,0,0,0
1878016,917,1,0,0,0,0,0,-0.00445,0.00134,1.7365,1560,2,0,3,0,3,1,0,0,0,0,0,0,0,0,0,0,0,0,0,0,0
1880064,918,1,0,0,0,0,0,-0.00223,0.00202,1.6606,1549,4,2,2,0,1,1,0,0,0,0,0,0,0,0,0,0,0,0,0,0,0
1882112,919,1,0,0,0,0,0,-0.00292,0.00116,1.5733,1528,0,0,1,1,3,1,0,0,0,0,0,0,0,0,0,0,0,0,0,0,0
1884160,920,1,0,0,0,0,0,0.00127,0.00143,1.5762,1410,5,2,0,0,1,1,0,0,0,0,0,0,0,0,0,0,0,0,0,0,0
1886208,921,1,0,0,0,0,0,-0.00229,0.00024,1.5261,1549,4,1,2,0,0,0,0,0,0,0,0,0,0,0,0,0,0,0,0,0,0
1888256,922,1,0,0,0,0,0,-0.00085,0.00035,1.5351,1526,2,1,2,0,1,1,0,0,0,0,0,0,0,0,0,0,0,0,0,0,0
1890304,923,1,0,0,0,0,0,-0.00118,0.00201,1.4777,1448,3,3,3,0,2,1,0,0,0,0,0,0,0,0,0,0,0,0,0,0,0
1892352,924,1,0,0,0,0,0,-0.00014,0.00237,1.4596,1440,1,0,2,1,3,1,0,0,0,0,0,0,0,0,0,0,0,0,0,0,0
1894400,925,1,0,0,0,0,0,-0.00109,0.00346,1.4175,1537,1,1,3,2,4,1,0,0,0,0,0,0,0,0,0,0,0,0,0,0,0
1896448,926,1,0,0,0,0,0,-0.00225,0.00195,1.428,1453,2,1,0,0,3,2,0,0,0,0,0,0,0,0,0,0,0,0,0,0,0
1898496,927,1,0,0,0,0,0,-0.0009,0.00074,1.4514,1468,2,1,1,0,2,2,0,0,0,0,0,0,0,0,0,0,0,0,0,0,0
1900544,928,1,0,0,0,0,0,0.00017,0.00166,1.472,1583,2,0,4,0,1,1,0,0,0,0,0,0,0,0,0,0,0,0,0,0,0
1902592,929,1,0,0,0,0,0,-0.00456,0.00029,1.4645,1486,2,1,0,0,1,0,0,0,0,0,0,0,0,0,0,0,0,0,0,0,0
1904640,930,1,0,0,0,0,0,-0.00092,0.00206,1.5482,1615,2,0,6,0,4,2,0,0,0,0,0,0,0,0,0,0,0,0,0,0,0
1906688,931,1,0,0,0,0,0,-0.00085,0.00326,1.5291,1610,2,0,2,0,5,3,0,0,0,0,0,0,0,0,0,0,0,0,0,0,0
1908736,932,1,0,0,0,0,0,-0.00054,0.00162,1.5317,1617,0,0,3,0,3,2,0,0,0,0,0,0,0,0,0,0,0,0,0,0,0
1910784,933,1,0,0,0,0,0,-0.00187,0.00039,1.4124,1549,2,1,2,0,1,1,0,0,0,0,0,0,0,0,0,0,0,0,0,0,0
1912832,934,1,0,0,0,0,0,-0.00025,0.00314,1.3956,1553,3,1,0,0,2,1,0,0,0,0,0,0,0,0,0,0,0,0,0,0,0
1914880,935,1,0,0,0,0,0,-0.00237,0.00119,1.4216,1575,5,2,1,0,1,1,0,0,0,0,0,0,0,0,0,0,0,0,0,0,0
1916928,936,1,0,0,0,0,0,0.0002,0.0029,1.3165,1625,2,0,3,0,5,4,0,0,0,0,0,0,0,0,0,0,0,0,0,0,0
1918976,937,1,0,0,0,0,0,-0.00037,0.00053,1.4381,1548,4,1,6,0,0,0,0,0,0,0,0,0,0,0,0,0,0,0,0,0,0
1921024,938,1,0,0,0,0,0,0.00161,0.00147,1.4443,1451,1,0,1,0,3,2,0,0,0,0,0,0,0,0,0,0,0,0,0,0,0
1923072,939,1,0,0,0,0,0,-0.00097,0.00216,1.4571,1484,1,1,2,1,3,1,0,0,0,0,0,0,0,0,0,0,0,0,0,0,0
1925120,940,1,0,0,0,0,0,-0.0004,0.00018,1.4197,1481,0,0,3,0,2,0,0,0,0,0,0,0,0,0,0,0,0,0,0,0,0
1927168,941,1,0,0,0,0,0,-0.00253,0.0016,1.3503,1520,3,1,4,1,1,0,0,0,0,0,0,0,0,0,0,0,0,0,0,0,0
1929216,942,1,0,0,0,0,0,-0.00263,0.00164,1.2472,1619,2,1,4,1,1,0,0,0,0,0,0,0,0,0,0,0,0,0,0,0,0
1931264,943,1,0,0,0,0,0,-0.0012,0.00206,1.1115,1546,3,2,4,1,1,0,0,0,0,0,0,0,0,0,0,0,0,0,0,0,0
1933312,944,1,0,0,0,0,0,-0.00056,0.00228,1.1247,1551,2,1,3,1,1,1,0,0,0,0,0,0,0,0,0,0,0,0,0,0,0
1935360,945,1,0,0,0,0,0,-0.00057,0.00049,1.1971,1534,0,0,1,1,2,0,0,0,0,0,0,0,0,0,0,0,0,0,0,0,0
1937408,946,1,0,0,0,0,0,0.00048,0.0003,1.2461,1545,2,0,3,0,2,0,0,0,0,0,0,0,0,0,0,0,0,0,0,0,0
1939456,947,1,0,0,0,0,0,0.00105,0.00112,1.2977,1591,3,1,1,1,5,1,0,0,0,0,0,0,0,0,0,0,0,0,0,0,0
1941504,948,1,0,0,0,0,0,-0.00242,0.00016,1.2788,1618,0,0,3,0,0,0,0,0,0,0,0,0,0,0,0,0,0,0,0,0,0
1943552,949,1,0,0,0,0,0,-0.00014,0.00202,1.2189,1564,3,2,1,0,1,0,0,0,0,0,0,0,0,0,0,0,0,0,0,0,0
1945600,950,1,0,0,0,0,0,-0.00092,0.00208,1.1417,1391,4,2,6,1,2,0,0,0,0,0,0,0,0,0,0,0,0,0,0,0,0
1947648,951,1,0,0,0,0,0,-0.00123,0.00254,1.2016,1690,1,1,3,0,3,1,0,0,0,0,0,0,0,0,0,0,0,0,0,0,0
1949696,952,1,0,0,0,0,0,0.0,0.00026,1.2322,1673,2,0,2,0,1,1,0,0,0,0,0,0,0,0,0,0,0,0,0,0,0
1951744,953,1,0,0,0,0,0,-0.00232,0.00117,1.3823,1604,1,0,0,0,4,3,0,0,0,0,0,0,0,0,0,0,0,0,0,0,0
1953792,954,1,0,0,0,0,0,5e-05,0.0002,1.446,1625,2,1,1,0,2,1,0,0,0,0,0,0,0,0,0,0,0,0,0,0,0
1955840,955,1,0,0,0,0,0,-0.00105,0.00016,1.4548,1629,2,0,1,0,2,1,0,0,0,0,0,0,0,0,0,0,0,0,0,0,0
1957888,956,1,0,0,0,0,0,-0.00178,0.00152,1.5727,1493,4,3,2,1,0,0,0,0,0,0,0,0,0,0,0,0,0,0,0,0,0
1959936,957,1,0,0,0,0,0,0.00045,0.00154,1.5786,1655,1,1,3,0,3,2,0,0,0,0,0,0,0,0,0,0,0,0,0,0,0
1961984,958,1,0,0,0,0,0,-0.00077,0.00011,1.5463,1671,2,1,2,0,0,0,0,0,0,0,0,0,0,0,0,0,0,0,0,0,0
1964032,959,1,0,0,0,0,0,-0.00115,0.00209,1.5377,1699,2,1,1,0,2,1,0,0,0,0,0,0,0,0,0,0,0,0,0,0,0
1966080,960,1,0,0,0,0,0,-0.00102,0.001,1.6299,1694,4,1,4,0,1,1,0,0,0,0,0,0,0,0,0,0,0,0,0,0,0
1968128,961,1,0,0,0,0,0,-0.00038,0.00245,1.6291,1678,3,1,1,0,2,2,0,0,0,0,0,0,0,0,0,0,0,0,0,0,0
1970176,962,1,0,0,0,0,0,5e-05,0.00382,1.6547,1619,4,3,1,1,3,1,0,0,0,0,0,0,0,0,0,0,0,0,0,0,0
1972224,963,1,0,0,0,0,0,-0.00111,0.00238,1.655,1488,2,2,3,1,1,0,0,0,0,0,0,0,0,0,0,0,0,0,0,0,0
1974272,964,1,0,0,0,0,0,-0.00082,0.00227,1.5589,1531,1,1,4,0,3,3,0,0,0,0,0,0,0,0,0,0,0,0,0,0,0
1976320,965,1,0,0,0,0,0,-0.00202,0.00361,1.5134,1563,3,3,0,0,4,2,0,0,0,0,0,0,0,0,0,0,0,0,0,0,0
1978368,966,1,0,0,0,0,0,-0.00042,0.0004,1.5767,1562,3,1,1,0,0,0,0,0,0,0,0,0,0,0,0,0,0,0,0,0,0
1980416,967,1,0,0,0,0,0,-0.00118,0.00022,1.5706,1519,2,0,0,0,1,0,0,0,0,0,0,0,0,0,0,0,0,0,0,0,0
1982464,968,1,0,0,0,0,0,-0.00382,0.0034,1.6459,1629,2,0,1,0,8,6,0,0,0,0,0,0,0,0,0,0,0,0,0,0,0
1984512,969,1,0,0,0,0,0,-0.0007,0.00017,1.7485,1669,2,1,1,0,0,0,0,0,0,0,0,0,0,0,0,0,0,0,0,0,0
1986560,970,1,0,0,0,0,0,-0.00139,0.00103,1.7327,1576,2,2,4,0,1,1,0,0,0,0,0,0,0,0,0,0,0,0,0,0,0
1988608,971,1,0,0,0,0,0,-0.00118,0.00038,1.6443,1383,1,1,3,0,0,0,0,0,0,0,0,0,0,0,0,0,0,0,0,0,0
1990656,972,1,0,0,0,0,0,-0.00187,0.003,1.6037,1585,3,1,4,1,3,2,0,0,0,0,0,0,0,0,0,0,0,0,0,0,0
1992704,973,1,0,0,0,0,0,-0.00113,0.00137,1.5377,1546,1,0,2,1,3,2,0,0,0,0,0,0,0,0,0,0,0,0,0,0,0
1994752,974,1,0,0,0,0,0,-0.00042,0.00283,1.482,1644,1,0,5,1,2,2,0,0,0,0,0,0,0,0,0,0,0,0,0,0,0
1996800,975,1,0,0,0,0,0,-0.00084,0.00154,1.4941,1529,2,1,6,0,2,2,0,0,0,0,0,0,0,0,0,0,0,0,0,0,0
1998848,976,1,0,0,0,0,0,-0.00059,0.00201,1.5433,1644,2,1,1,0,3,1,0,0,0,0,0,0,0,0,0,0,0,0,0,0,0
2000896,977,1,0,0,0,0,0,-0.0022,0.00176,1.6366,1712,4,3,2,0,2,2,0,0,0,0,0,0,0,0,0,0,0,0,0,0,0
2002944,978,1,0,0,0,0,0,-0.00234,0.00053,1.706,1553,1,0,3,0,3,2,0,0,0,0,0,0,0,0,0,0,0,0,0,0,0
2004992,979,1,0,0,0,0,0,-0.00402,0.00109,1.6885,1602,1,1,1,0,2,1,0,0,0,0,0,0,0,0,0,0,0,0,0,0,0
2007040,980,1,0,0,0,0,0,-0.00205,0.00282,1.6743,1584,2,1,4,0,5,5,0,0,0,0,0,0,0,0,0,0,0,0,0,0,0
2009088,981,1,0,0,0,0,0,-0.00106,0.00032,1.6146,1477,2,1,4,0,2,1,0,0,0,0,0,0,0,0,0,0,0,0,0,0,0
2011136,982,1,0,0,0,0,0,-0.00306,0.00102,1.5264,1677,1,1,3,0,0,0,0,0,0,0,0,0,0,0,0,0,0,0,0,0,0
2013184,983,1,0,0,0,0,0,4e-05,0.00066,1.4612,1666,2,0,0,0,2,2,0,0,0,0,0,0,0,0,0,0,0,0,0,0,0
2015232,984,1,0,0,0,0,0,-0.00249,0.00251,1.5654,1654,6,1,2,0,4,3,0,0,0,0,0,0,0,0,0,0,0,0,0,0,0
2017280,985,1,0,0,0,0,0,0.00024,0.00051,1.6533,1625,1,0,5,0,1,1,0,0,0,0,0,0,0,0,0,0,0,0,0,0,0
2019328,986,1,0,0,0,0,0,-0.00029,0.00126,1.5978,1695,1,1,3,0,0,0,0,0,0,0,0,0,0,0,0,0,0,0,0,0,0
2021376,987,1,0,0,0,0,0,-0.00039,0.00252,1.662,1600,2,2,3,1,1,1,0,0,0,0,0,0,0,0,0,0,0,0,0,0,0
2023424,988,1,0,0,0,0,0,-0.00093,0.00064,1.6681,1639,3,1,2,0,4,0,0,0,0,0,0,0,0,0,0,0,0,0,0,0,0
2025472,989,1,0,0,0,0,0,-0.00069,0.00071,1.6348,1587,2,2,2,0,1,0,0,0,0,0,0,0,0,0,0,0,0,0,0,0,0
2027520,990,1,0,0,0,0,0,-0.00035,0.00149,1.6064,1629,2,2,1,0,1,1,0,0,0,0,0,0,0,0,0,0,0,0,0,0,0
2029568,991,1,0,0,0,0,0,-0.00185,0.00025,1.5547,1631,2,0,2,0,1,0,0,0,0,0,0,0,0,0,0,0,0,0,0,0,0
2031616,992,1,0,0,0,0,0,-0.00156,0.00045,1.5433,1653,2,1,3,0,3,1,0,0,0,0,0,0,0,0,0,0,0,0,0,0,0
2033664,993,1,0,0,0,0,0,-0.0014,0.00173,1.5555,1481,1,1,1,0,3,1,0,0,0,0,0,0,0,0,0,0,0,0,0,0,0
2035712,994,1,0,0,0,0,0,-0.00141,0.00032,1.5733,1549,3,0,2,0,1,1,0,0,0,0,0,0,0,0,0,0,0,0,0,0,0
2037760,995,1,0,0,0,0,0,-0.00064,0.00082,1.5687,1444,2,0,5,0,2,2,0,0,0,0,0,0,0,0,0,0,0,0,0,0,0
2039808,996,1,0,0,0,0,0,-0.00095,0.00288,1.5497,1531,3,2,3,0,2,2,0,0,0,0,0,0,0,0,0,0,0,0,0,0,0
2041856,997,1,0,0,0,0,0,-0.00106,0.00234,1.5706,1543,2,1,0,0,3,3,0,0,0,0,0,0,0,0,0,0,0,0,0,0,0
2043904,998,1,0,0,0,0,0,0.00049,0.00288,1.6379,1606,3,1,1,0,6,5,0,0,0,0,0,0,0,0,0,0,0,0,0,0,0
2045952,999,1,0,0,0,0,0,-0.00076,0.00279,1.6721,1585,4,1,1,1,1,1,0,0,0,0,0,0,0,0,0,0,0,0,0,0,0
2048000,1000,1,0,0,0,0,0,0.00021,0.0021,1.6737,1529,1,1,1,0,2,2,0,0,0,0,0,0,0,0,0,0,0,0,0,0,0
2050048,1001,1,0,0,0,0,0,-0.00032,0.00087,1.6702,1561,2,2,4,0,1,1,0,0,0,0,0,0,0,0,0,0,0,0,0,0,0
2052096,1002,1,0,0,0,0,0,-0.00185,0.00048,1.6271,1584,2,0,2,0,4,1,0,0,0,0,0,0,0,0,0,0,0,0,0,0,0
2054144,1003,1,0,0,0,0,0,-0.00302,0.00138,1.6622,1544,0,0,0,0,2,2,0,0,0,0,0,0,0,0,0,0,0,0,0,0,0
2056192,1004,1,0,0,0,0,0,-0.00072,0.00158,1.6563,1509,3,2,1,0,1,1,0,0,0,0,0,0,0,0,0,0,0,0,0,0,0
2058240,1005,1,0,0,0,0,0,-0.00018,0.00036,1.6303,1574,3,0,3,0,1,0,0,0,0,0,0,0,0,0,0,0,0,0,0,0,0
2060288,1006,1,0,0,0,0,0,-0.00312,0.00169,1.652,1643,3,1,0,0,2,0,0,0,0,0,0,0,0,0,0,0,0,0,0,0,0
2062336,1007,1,0,0,0,0,0,-0.00133,0.00228,1.6688,1548,1,1,0,0,3,1,0,0,0,0,0,0,0,0,0,0,0,0,0,0,0
2064384,1008,1,0,0,0,0,0,-0.00076,0.00042,1.6323,1539,2,0,3,1,2,1,0,0,0,0,0,0,0,0,0,0,0,0,0,0,0
2066432,1009,1,0,0,0,0,0,0.00027,0.002,1.6399,1557,2,0,3,0,6,4,0,0,0,0,0,0,0,0,0,0,0,0,0,0,0
2068480,1010,1,0,0,0,0,0,-6e-05,0.0012,1.6165,1522,1,0,3,0,1,1,0,0,0,0,0,0,0,0,0,0,0,0,0,0,0
2070528,1011,1,0,0,0,0,0,-0.00047,0.00211,1.6021,1494,3,2,1,1,2,2,0,0,0,0,0,0,0,0,0,0,0,0,0,0,0
2072576,1012,1,0,0,0,0,0,-0.00088,0.00107,1.5792,1594,2,1,0,0,1,1,0,0,0,0,0,0,0,0,0,0,0,0,0,0,0
2074624,1013,1,0,0,0,0,0,-0.00118,0.00036,1.6049,1670,5,1,0,0,1,0,0,0,0,0,0,0,0,0,0,0,0,0,0,0,0
2076672,1014,1,0,0,0,0,0,-0.00068,0.00086,1.5831,1684,1,1,4,0,3,2,0,0,0,0,0,0,0,0,0,0,0,0,0,0,0
2078720,1015,1,0,0,0,0,0,-0.00019,0.00338,1.5652,1702,4,2,1,0,3,2,0,0,0,0,0,0,0,0,0,0,0,0,0,0,0
2080768,1016,1,0,0,0,0,0,-0.00057,0.0005,1.5702,1680,2,1,0,0,2,2,0,0,0,0,0,0,0,0,0,0,0,0,0,0,0
2082816,1017,1,0,0,0,0,0,6e-05,0.0015,1.5926,1537,1,0,1,0,4,3,0,0,0,0,0,0,0,0,0,0,0,0,0,0,0
2084864,1018,1,0,0,0,0,0,-0.00037,0.00312,1.6237,1455,6,2,2,0,2,2,0,0,0,0,0,0,0,0,0,0,0,0,0,0,0
2086912,1019,1,0,0,0,0,0,-0.00131,0.00136,1.6362,1403,1,0,2,0,2,1,0,0,0,0,0,0,0,0,0,0,0,0,0,0,0
2088960,1020,1,0,0,0,0,0,-0.00185,0.00205,1.6069,1647,1,1,4,1,3,2,0,0,0,0,0,0,0,0,0,0,0,0,0,0,0
2091008,1021,1,0,0,0,0,0,-0.00171,0.00062,1.5535,1649,2,1,4,0,1,1,0,0,0,0,0,0,0,0,0,0,0,0,0,0,0
2093056,1022,1,0,0,0,0,0,-0.00084,0.00125,1.533,1672,1,0,1,0,3,2,0,0,0,0,0,0,0,0,0,0,0,0,0,0,0
2095104,1023,1,0,0,0,0,0,-0.00104,0.00172,1.5477,1482,2,1,2,0,2,1,0,0,0,0,0,0,0,0,0,0,0,0,0,0,0
2097152,1024,1,0,0,0,0,0,0.0001,0.00143,1.5604,1580,3,1,1,0,5,3,0,0,0,0,0,0,0,0,0,0,0,0,0,0,0
2099200,1025,1,0,0,0,0,0,-0.00045,0.00086,1.5847,1531,1,0,2,0,2,1,0,0,0,0,0,0,0,0,0,0,0,0,0,0,0
2101248,1026,1,0,0,0,0,0,-0.0012,0.00097,1.594,1587,1,1,1,0,1,1,0,0,0,0,0,0,0,0,0,0,0,0,0,0,0
2103296,1027,1,0,0,0,0,0,-0.0011,0.0011,1.5942,1391,2,0,1,0,6,3,0,0,0,0,0,0,0,0,0,0,0,0,0,0,0
2105344,1028,1,0,0,0,0,0,-0.00123,0.00245,1.6102,1637,2,0,1,1,2,1,0,0,0,0,0,0,0,0,0,0,0,0,0,0,0
2107392,1029,1,0,0,0,0,0,-0.0032,0.00155,1.6161,1537,5,3,1,0,0,0,0,0,0,0,0,0,0,0,0,0,0,0,0,0,0
2109440,1030,1,0,0,0,0,0,-0.00354,0.00109,1.6057,1604,2,0,0,0,1,1,0,0,0,0,0,0,0,0,0,0,0,0,0,0,0
2111488,1031,1,0,0,0,0,0,-0.00035,0.00196,1.6215,1647,3,1,3,0,4,3,0,0,0,0,0,0,0,0,0,0,0,0,0,0,0
2113536,1032,1,0,0,0,0,0,-0.00018,0.00177,1.6924,1574,2,2,7,0,2,1,0,0,0,0,0,0,0,0,0,0,0,0,0,0,0
2115584,1033,1,0,0,0,0,0,-0.0006,0.00134,1.7148,1623,3,2,2,0,1,1,0,0,0,0,0,0,0,0,0,0,0,0,0,0,0
2117632,1034,1,0,0,0,0,0,0.0,0.00015,1.6884,1538,0,0,5,0,0,0,0,0,0,0,0,0,0,0,0,0,0,0,0,0,0
2119680,1035,1,0,0,0,0,0,-0.00054,0.00223,1.6456,1564,4,1,4,1,2,2,0,0,0,0,0,0,0,0,0,0,0,0,0,0,0
2121728,1036,1,0,0,0,0,0,-0.00071,0.00108,1.6364,1594,0,0,2,0,2,1,0,0,0,0,0,0,0,0,0,0,0,0,0,0,0
2123776,1037,1,0,0,0,0,0,-0.00236,0.00103,1.5567,1536,1,0,3,1,1,0,0,0,0,0,0,0,0,0,0,0,0,0,0,0,0
2125824,1038,1,0,0,0,0,0,-0.00128,0.00333,1.5038,1563,2,0,0,0,7,5,0,0,0,0,0,0,0,0,0,0,0,0,0,0,0
2127872,1039,1,0,0,0,0,0,-0.00232,0.0051,1.536,1499,3,2,6,2,1,1,0,0,0,0,0,0,0,0,0,0,0,0,0,0,0
2129920,1040,1,0,0,0,0,0,-0.00267,0.00131,1.4706,1600,2,1,5,1,1,1,0,0,0,0,0,0,0,0,0,0,0,0,0,0,0
2131968,1041,1,0,0,0,0,0,-0.0029,0.00038,1.4704,1570,1,0,1,0,1,0,0,0,0,0,0,0,0,0,0,0,0,0,0,0,0
2134016,1042,1,0,0,0,0,0,-0.00133,0.00057,1.4674,1497,2,1,0,0,2,2,0,0,0,0,0,0,0,0,0,0,0,0,0,0,0
2136064,1043,1,0,0,0,0,0,0.00194,0.00027,1.5263,1609,3,1,3,0,1,1,0,0,0,0,0,0,0,0,0,0,0,0,0,0,0
2138112,1044,1,0,0,0,0,0,-0.0022,0.00173,1.5353,1585,4,2,4,0,2,2,0,0,0,0,0,0,0,0,0,0,0,0,0,0,0
2140160,1045,1,0,0,0,0,0,-0.00621,0.00507,1.5292,1600,2,2,2,1,3,1,0,0,0,0,0,0,0,0,0,0,0,0,0,0,0
2142208,1046,1,0,0,0,0,0,-0.00218,0.00349,1.5503,1506,2,1,3,1,4,3,0,0,0,0,0,0,0,0,0,0,0,0,0,0,0
2144256,1047,1,0,0,0,0,0,-0.00148,0.00029,1.6019,1473,2,0,2,0,1,0,0,0,0,0,0,0,0,0,0,0,0,0,0,0,0
2146304,1048,1,0,0,0,0,0,-0.00294,6e-05,1.5638,1516,0,0,5,0,0,0,0,0,0,0,0,0,0,0,0,0,0,0,0,0,0
2148352,1049,1,0,0,0,0,0,0.00024,0.00181,1.5383,1323,3,1,1,0,2,1,0,0,0,0,0,0,0,0,0,0,0,0,0,0,0
2150400,1050,1,0,0,0,0,0,-0.00099,0.00356,1.6024,1498,3,1,4,0,3,3,0,0,0,0,0,0,0,0,0,0,0,0,0,0,0
2152448,1051,1,0,0,0,0,0,-0.00093,0.00051,1.613,1629,1,0,3,0,2,1,0,0,0,0,0,0,0,0,0,0,0,0,0,0,0
2154496,1052,1,0,0,0,0,0,-0.00184,0.00103,1.5826,1656,2,2,2,0,1,1,0,0,0,0,0,0,0,0,0,0,0,0,0,0,0
2156544,1053,1,0,0,0,0,0,-0.00215,0.00078,1.6027,1659,1,0,4,1,2,1,0,0,0,0,0,0,0,0,0,0,0,0,0,0,0
2158592,1054,1,0,0,0,0,0,-0.00146,0.00063,1.6063,1608,3,1,3,0,1,0,0,0,0,0,0,0,0,0,0,0,0,0,0,0,0
2160640,1055,1,0,0,0,0,0,-0.00066,0.00123,1.6047,1594,2,1,3,0,4,2,0,0,0,0,0,0,0,0,0,0,0,0,0,0,0
2162688,1056,1,0,0,0,0,0,-0.0008,0.00175,1.5627,1518,1,1,2,0,2,1,0,0,0,0,0,0,0,0,0,0,0,0,0,0,0
2164736,1057,1,0,0,0,0,0,-0.00065,0.00146,1.5509,1571,2,0,2,0,2,2,0,0,0,0,0,0,0,0,0,0,0,0,0,0,0
2166784,1058,1,0,0,0,0,0,-0.00316,0.00214,1.5892,1516,4,2,1,0,1,0,0,0,0,0,0,0,0,0,0,0,0,0,0,0,0
2168832,1059,1,0,0,0,0,0,-0.00181,0.00286,1.6212,1527,3,0,1,0,5,3,0,0,0,0,0,0,0,0,0,0,0,0,0,0,0
2170880,1060,1,0,0,0,0,0,-0.00166,0.00129,1.6096,1538,2,2,0,0,1,0,0,0,0,0,0,0,0,0,0,0,0,0,0,0,0
2172928,1061,1,0,0,0,0,0,-0.00182,0.00015,1.5925,1596,0,0,3,0,1,1,0,0,0,0,0,0,0,0,0,0,0,0,0,0,0
2174976,1062,1,0,0,0,0,0,-0.00126,0.0016,1.5185,1681,3,3,3,0,1,1,0,0,0,0,0,0,0,0,0,0,0,0,0,0,0
2177024,1063,1,0,0,0,0,0,-0.00221,0.00275,1.5139,1644,3,1,7,0,5,3,0,0,0,0,0,0,0,0,0,0,0,0,0,0,0
2179072,1064,1,0,0,0,0,0,-0.00319,0.00066,1.5245,1537,2,1,2,0,0,0,0,0,0,0,0,0,0,0,0,0,0,0,0,0,0
2181120,1065,1,0,0,0,0,0,-0.00202,0.00289,1.5411,1658,1,1,3,0,2,2,0,0,0,0,0,0,0,0,0,0,0,0,0,0,0
2183168,1066,1,0,0,0,0,0,-0.00399,0.00044,1.5457,1663,3,2,0,0,1,1,0,0,0,0,0,0,0,0,0,0,0,0,0,0,0
2185216,1067,1,0,0,0,0,0,-0.00081,0.00314,1.5899,1636,2,0,5,1,3,1,0,0,0,0,0,0,0,0,0,0,0,0,0,0,0
2187264,1068,1,0,0,0,0,0,-0.00056,0.00392,1.5149,1525,2,2,1,0,4,3,0,0,0,0,0,0,0,0,0,0,0,0,0,0,0
2189312,1069,1,0,0,0,0,0,-0.00129,9e-05,1.503,1470,2,0,2,0,0,0,0,0,0,0,0,0,0,0,0,0,0,0,0,0,0
2191360,1070,1,0,0,0,0,0,5e-05,0.00031,1.5586,1647,1,1,1,0,3,2,0,0,0,0,0,0,0,0,0,0,0,0,0,0,0
2193408,1071,1,0,0,0,0,0,-0.00066,0.00063,1.5659,1482,3,1,2,0,1,1,0,0,0,0,0,0,0,0,0,0,0,0,0,0,0
2195456,1072,1,0,0,0,0,0,-0.00154,0.00073,1.6087,1352,3,0,2,0,3,1,0,0,0,0,0,0,0,0,0,0,0,0,0,0,0
2197504,1073,1,0,0,0,0,0,-0.00206,0.00027,1.5718,1519,1,1,2,0,0,0,0,0,0,0,0,0,0,0,0,0,0,0,0,0,0
2199552,1074,1,0,0,0,0,0,-0.00472,0.00156,1.5618,1704,3,1,3,0,2,2,0,0,0,0,0,0,0,0,0,0,0,0,0,0,0
2201600,1075,1,0,0,0,0,0,0.00182,0.00056,1.5175,1547,0,0,3,0,2,0,0,0,0,0,0,0,0,0,0,0,0,0,0,0,0
2203648,1076,1,0,0,0,0,0,-0.00348,0.00201,1.5038,1637,3,1,1,0,3,1,0,0,0,0,0,0,0,0,0,0,0,0,0,0,0
2205696,1077,1,0,0,0,0,0,-0.00203,0.00204,1.4881,1627,3,2,1,0,2,2,0,0,0,0,0,0,0,0,0,0,0,0,0,0,0
2207744,1078,1,0,0,0,0,0,0.0003,0.00196,1.5143,1599,2,1,2,1,4,2,0,0,0,0,0,0,0,0,0,0,0,0,0,0,0
2209792,1079,1,0,0,0,0,0,0.00053,0.00155,1.5756,1533,2,1,3,0,2,2,0,0,0,0,0,0,0,0,0,0,0,0,0,0,0
2211840,1080,1,0,0,0,0,0,-0.00235,0.00119,1.551,1448,2,1,1,0,1,0,0,0,0,0,0,0,0,0,0,0,0,0,0,0,0
2213888,1081,1,0,0,0,0,0,0.00016,0.00153,1.6734,1644,4,0,1,0,1,1,0,0,0,0,0,0,0,0,0,0,0,0,0,0,0
2215936,1082,1,0,0,0,0,0,-0.00083,0.00239,1.6349,1647,1,1,5,1,3,2,0,0,0,0,0,0,0,0,0,0,0,0,0,0,0
2217984,1083,1,0,0,0,0,0,-0.00101,0.00029,1.6021,1527,2,0,3,0,1,0,0,0,0,0,0,0,0,0,0,0,0,0,0,0,0
2220032,1084,1,0,0,0,0,0,-0.00016,0.00044,1.5846,1479,0,0,1,0,2,1,0,0,0,0,0,0,0,0,0,0,0,0,0,0,0
2222080,1085,1,0,0,0,0,0,-0.00317,0.00321,1.5302,1573,4,2,1,1,2,0,0,0,0,0,0,0,0,0,0,0,0,0,0,0,0
2224128,1086,1,0,0,0,0,0,-0.00297,0.00416,1.5829,1491,5,3,1,0,4,4,0,0,0,0,0,0,0,0,0,0,0,0,0,0,0
2226176,1087,1,0,0,0,0,0,-0.00179,0.00154,1.578,1136,0,0,6,1,3,1,0,0,0,0,0,0,0,0,0,0,0,0,0,0,0
2228224,1088,1,0,0,0,0,0,0.00095,0.00027,1.6241,1373,0,0,0,0,2,2,0,0,0,0,0,0,0,0,0,0,0,0,0,0,0
2230272,1089,1,0,0,0,0,0,-0.0021,0.00053,1.626,1498,2,0,2,0,1,1,0,0,0,0,0,0,0,0,0,0,0,0,0,0,0
2232320,1090,1,0,0,0,0,0,-0.00465,0.00134,1.6151,1471,2,0,8,0,2,1,0,0,0,0,0,0,0,0,0,0,0,0,0,0,0
2234368,1091,1,0,0,0,0,0,-0.00197,0.0024,1.4889,1475,0,0,4,0,3,2,0,0,0,0,0,0,0,0,0,0,0,0,0,0,0
2236416,1092,1,0,0,0,0,0,-0.00303,0.00152,1.4841,1471,1,1,2,1,1,1,0,0,0,0,0,0,0,0,0,0,0,0,0,0,0
2238464,1093,1,0,0,0,0,0,-0.00187,0.0002,1.5303,1402,1,0,0,0,2,0,0,0,0,0,0,0,0,0,0,0,0,0,0,0,0
2240512,1094,1,0,0,0,0,0,-0.00065,0.00158,1.5635,1474,3,1,2,0,2,1,0,0,0,0,0,0,0,0,0,0,0,0,0,0,0
2242560,1095,1,0,0,0,0,0,-0.00156,0.00028,1.6288,1605,2,0,1,0,2,1,0,0,0,0,0,0,0,0,0,0,0,0,0,0,0
2244608,1096,1,0,0,0,0,0,-0.00137,0.00027,1.6129,1603,2,1,3,1,0,0,0,0,0,0,0,0,0,0,0,0,0,0,0,0,0
2246656,1097,1,0,0,0,0,0,-0.00182,0.00143,1.6079,1587,3,2,4,0,2,2,0,0,0,0,0,0,0,0,0,0,0,0,0,0,0
2248704,1098,1,0,0,0,0,0,-0.00153,0.00027,1.6073,1456,1,0,4,0,1,0,0,0,0,0,0,0,0,0,0,0,0,0,0,0,0
2250752,1099,1,0,0,0,0,0,-0.00289,0.0019,1.5894,1526,1,0,2,0,4,4,0,0,0,0,0,0,0,0,0,0,0,0,0,0,0
2252800,1100,1,0,0,0,0,0,-0.00597,0.00068,1.6004,1585,1,0,4,0,2,2,0,0,0,0,0,0,0,0,0,0,0,0,0,0,0
2254848,1101,1,0,0,0,0,0,-0.00036,0.00215,1.5629,1508,1,0,0,0,3,2,0,0,0,0,0,0,0,0,0,0,0,0,0,0,0
2256896,1102,1,0,0,0,0,0,-0.0033,0.00207,1.5814,1715,4,1,2,0,1,1,0,0,0,0,0,0,0,0,0,0,0,0,0,0,0
2258944,1103,1,0,0,0,0,0,-0.00444,0.0004,1.5552,1623,3,1,3,0,2,1,0,0,0,0,0,0,0,0,0,0,0,0,0,0,0
2260992,1104,1,0,0,0,0,0,-0.00262,0.00303,1.5083,1451,1,1,3,0,3,1,0,0,0,0,0,0,0,0,0,0,0,0,0,0,0
2263040,1105,1,0,0,0,0,0,-0.00099,0.0014,1.5237,1569,2,1,2,0,3,2,0,0,0,0,0,0,0,0,0,0,0,0,0,0,0
2265088,1106,1,0,0,0,0,0,-0.00204,0.0009,1.5529,1645,3,1,1,0,0,0,0,0,0,0,0,0,0,0,0,0,0,0,0,0,0
2267136,1107,1,0,0,0,0,0,-0.00239,0.00066,1.5634,1667,1,1,1,0,2,0,0,0,0,0,0,0,0,0,0,0,0,0,0,0,0
2269184,1108,1,0,0,0,0,0,-0.00374,0.0018,1.4806,1716,3,0,2,1,2,0,0,0,0,0,0,0,0,0,0,0,0,0,0,0,0
2271232,1109,1,0,0,0,0,0,-0.00168,0.00159,1.424,1590,3,1,1,0,2,1,0,0,0,0,0,0,0,0,0,0,0,0,0,0,0
2273280,1110,1,0,0,0,0,0,-0.00551,0.00069,1.411,1616,1,0,3,1,2,0,0,0,0,0,0,0,0,0,0,0,0,0,0,0,0
2275328,1111,1,0,0,0,0,0,-0.00345,0.00202,1.4686,1564,3,1,1,1,1,1,0,0,0,0,0,0,0,0,0,0,0,0,0,0,0
2277376,1112,1,0,0,0,0,0,-0.00337,0.00268,1.5755,1631,4,2,3,0,4,2,0,0,0,0,0,0,0,0,0,0,0,0,0,0,0
2279424,1113,1,0,0,0,0,0,0.00041,0.0013,1.4948,1527,2,1,3,0,1,0,0,0,0,0,0,0,0,0,0,0,0,0,0,0,0
2281472,1114,1,0,0,0,0,0,-0.00227,0.00061,1.4546,1491,2,1,3,0,1,1,0,0,0,0,0,0,0,0,0,0,0,0,0,0,0
2283520,1115,1,0,0,0,0,0,-0.00228,0.00207,1.3655,1621,0,0,0,0,3,3,0,0,0,0,0,0,0,0,0,0,0,0,0,0,0
2285568,1116,1,0,0,0,0,0,-0.00103,0.00059,1.4172,1470,2,0,0,0,5,3,0,0,0,0,0,0,0,0,0,0,0,0,0,0,0
2287616,1117,1,0,0,0,0,0,-0.00049,0.0022,1.473,1485,4,3,4,0,3,3,0,0,0,0,0,0,0,0,0,0,0,0,0,0,0
2289664,1118,1,0,0,0,0,0,-0.00111,0.00095,1.4156,1650,1,0,2,0,2,1,0,0,0,0,0,0,0,0,0,0,0,0,0,0,0
2291712,1119,1,0,0,0,0,0,0.00025,0.00039,1.4171,1684,0,0,0,0,2,2,0,0,0,0,0,0,0,0,0,0,0,0,0,0,0
2293760,1120,1,0,0,0,0,0,-0.00447,0.00162,1.4036,1671,2,0,6,0,3,3,0,0,0,0,0,0,0,0,0,0,0,0,0,0,0
2295808,1121,1,0,0,0,0,0,-0.00073,0.00041,1.3325,1691,4,1,1,0,2,0,0,0,0,0,0,0,0,0,0,0,0,0,0,0,0
2297856,1122,1,0,0,0,0,0,-0.00383,0.0028,1.4391,1652,2,2,7,0,3,3,0,0,0,0,0,0,0,0,0,0,0,0,0,0,0
2299904,1123,1,0,0,0,0,0,-0.00015,0.00079,1.4043,1735,0,0,1,0,1,1,0,0,0,0,0,0,0,0,0,0,0,0,0,0,0
2301952,1124,1,0,0,0,0,0,-0.0001,0.00075,1.4268,1612,4,1,1,0,2,2,0,0,0,0,0,0,0,0,0,0,0,0,0,0,0
2304000,1125,1,0,0,0,0,0,-0.00013,0.00174,1.4768,1659,1,1,1,1,3,1,0,0,0,0,0,0,0,0,0,0,0,0,0,0,0
2306048,1126,1,0,0,0,0,0,-0.00074,0.00236,1.4872,1534,2,2,2,0,6,3,0,0,0,0,0,0,0,0,0,0,0,0,0,0,0
2308096,1127,1,0,0,0,0,0,-0.00088,0.00048,1.5268,1474,1,0,0,0,1,1,0,0,0,0,0,0,0,0,0,0,0,0,0,0,0
2310144,1128,1,0,0,0,0,0,-0.00092,0.00259,1.5211,1634,2,0,3,1,5,3,0,0,0,0,0,0,0,0,0,0,0,0,0,0,0
2312192,1129,1,0,0,0,0,0,-0.00094,0.00176,1.5177,1695,2,1,1,0,1,1,0,0,0,0,0,0,0,0,0,0,0,0,0,0,0
2314240,1130,1,0,0,0,0,0,-0.00074,0.00201,1.6418,1649,2,1,2,0,4,2,0,0,0,0,0,0,0,0,0,0,0,0,0,0,0
2316288,1131,1,0,0,0,0,0,-0.00107,0.00353,1.6866,1644,0,0,1,0,5,4,0,0,0,0,0,0,0,0,0,0,0,0,0,0,0
2318336,1132,1,0,0,0,0,0,-0.00126,0.002,1.7008,1629,4,1,2,0,1,1,0,0,0,0,0,0,0,0,0,0,0,0,0,0,0
2320384,1133,1,0,0,0,0,0,-0.00163,0.00245,1.72,1581,0,0,5,1,4,4,0,0,0,0,0,0,0,0,0,0,0,0,0,0,0
2322432,1134,1,0,0,0,0,0,-0.00056,0.00228,1.6476,1591,3,3,5,1,0,0,0,0,0,0,0,0,0,0,0,0,0,0,0,0,0
2324480,1135,1,0,0,0,0,0,-0.00121,0.00169,1.6441,1643,2,2,1,0,2,1,0,0,0,0,0,0,0,0,0,0,0,0,0,0,0
2326528,1136,1,0,0,0,0,0,-0.00194,0.00159,1.5868,1633,2,2,4,0,1,1,0,0,0,0,0,0,0,0,0,0,0,0,0,0,0
2328576,1137,1,0,0,0,0,0,-0.00163,0.00161,1.6335,1619,4,2,0,0,1,1,0,0,0,0,0,0,0,0,0,0,0,0,0,0,0
2330624,1138,1,0,0,0,0,0,-0.00249,0.00028,1.6481,1640,1,1,3,0,2,0,0,0,0,0,0,0,0,0,0,0,0,0,0,0,0
2332672,1139,1,0,0,0,0,0,-0.00087,0.00399,1.6561,1620,5,3,2,1,2,2,0,0,0,0,0,0,0,0,0,0,0,0,0,0,0
2334720,1140,1,0,0,0,0,0,-0.00096,0.00068,1.6476,1542,2,1,4,0,1,1,0,0,0,0,0,0,0,0,0,0,0,0,0,0,0
2336768,1141,1,0,0,0,0,0,-0.00099,0.0009,1.6069,1568,2,1,1,0,1,1,0,0,0,0,0,0,0,0,0,0,0,0,0,0,0
2338816,1142,1,0,0,0,0,0,-0.00065,0.00251,1.6257,1512,1,0,1,0,3,2,0,0,0,0,0,0,0,0,0,0,0,0,0,0,0
2340864,1143,1,0,0,0,0,0,0.00072,0.00112,1.6349,1675,2,0,3,0,4,3,0,0,0,0,0,0,0,0,0,0,0,0,0,0,0
2342912,1144,1,0,0,0,0,0,-0.0008,0.00429,1.6191,1693,3,1,4,2,1,1,0,0,0,0,0,0,0,0,0,0,0,0,0,0,0
2344960,1145,1,0,0,0,0,0,-0.00013,0.0012,1.636,1653,2,1,6,2,1,1,0,0,0,0,0,0,0,0,0,0,0,0,0,0,0
2347008,1146,1,0,0,0,0,0,-0.00049,0.0014,1.5728,1680,3,3,2,0,1,0,0,0,0,0,0,0,0,0,0,0,0,0,0,0,0
2349056,1147,1,0,0,0,0,0,-0.00061,0.00062,1.558,1762,2,1,3,1,2,1,0,0,0,0,0,0,0,0,0,0,0,0,0,0,0
2351104,1148,1,0,0,0,0,0,-0.00128,0.00229,1.5799,1728,3,0,0,0,2,2,0,0,0,0,0,0,0,0,0,0,0,0,0,0,0
2353152,1149,1,0,0,0,0,0,-3e-05,0.0005,1.607,1439,1,1,1,0,3,1,0,0,0,0,0,0,0,0,0,0,0,0,0,0,0
2355200,1150,1,0,0,0,0,0,-0.00107,0.00152,1.6648,1601,2,1,3,0,5,2,0,0,0,0,0,0,0,0,0,0,0,0,0,0,0
2357248,1151,1,0,0,0,0,0,-0.00036,0.00185,1.6932,1430,3,0,5,1,1,1,0,0,0,0,0,0,0,0,0,0,0,0,0,0,0
2359296,1152,1,0,0,0,0,0,-0.00063,0.00141,1.6615,1715,2,2,1,0,1,0,0,0,0,0,0,0,0,0,0,0,0,0,0,0,0
2361344,1153,1,0,0,0,0,0,-0.00036,0.00043,1.6361,1663,0,0,3,0,1,1,0,0,0,0,0,0,0,0,0,0,0,0,0,0,0
2363392,1154,1,0,0,0,0,0,-0.00218,0.00173,1.5931,1772,6,3,2,0,1,1,0,0,0,0,0,0,0,0,0,0,0,0,0,0,0
2365440,1155,1,0,0,0,0,0,-0.00372,0.0025,1.5624,1745,3,1,2,0,1,1,0,0,0,0,0,0,0,0,0,0,0,0,0,0,0
2367488,1156,1,0,0,0,0,0,0.00012,0.00295,1.5252,1536,1,1,3,0,4,2,0,0,0,0,0,0,0,0,0,0,0,0,0,0,0
2369536,1157,1,0,0,0,0,0,-0.00187,0.00167,1.4963,1685,4,2,0,0,0,0,0,0,0,0,0,0,0,0,0,0,0,0,0,0,0
2371584,1158,1,0,0,0,0,0,0.00111,0.00159,1.4552,1656,5,2,3,0,1,1,0,0,0,0,0,0,0,0,0,0,0,0,0,0,0
2373632,1159,1,0,0,0,0,0,-0.00281,0.00227,1.5286,1671,1,1,2,0,3,2,0,0,0,0,0,0,0,0,0,0,0,0,0,0,0
2375680,1160,1,0,0,0,0,0,-0.0013,0.00362,1.5125,1591,5,3,1,0,1,1,0,0,0,0,0,0,0,0,0,0,0,0,0,0,0
2377728,1161,1,0,0,0,0,0,-0.00234,0.00169,1.4836,1687,1,0,2,1,3,2,0,0,0,0,0,0,0,0,0,0,0,0,0,0,0
2379776,1162,1,0,0,0,0,0,7e-05,0.00441,1.4809,1694,3,3,2,0,5,3,0,0,0,0,0,0,0,0,0,0,0,0,0,0,0
2381824,1163,1,0,0,0,0,0,-0.00101,0.00247,1.4766,1682,2,1,2,0,1,1,0,0,0,0,0,0,0,0,0,0,0,0,0,0,0
2383872,1164,1,0,0,0,0,0,-0.00025,0.00037,1.4968,1610,2,0,0,0,1,1,0,0,0,0,0,0,0,0,0,0,0,0,0,0,0
2385920,1165,1,0,0,0,0,0,-0.00134,0.00119,1.5633,1483,6,2,2,1,1,1,0,0,0,0,0,0,0,0,0,0,0,0,0,0,0
2387968,1166,1,0,0,0,0,0,6e-05,0.00194,1.5736,1545,4,3,3,0,3,2,0,0,0,0,0,0,0,0,0,0,0,0,0,0,0
2390016,1167,1,0,0,0,0,0,-0.00233,0.00072,1.6436,1671,2,1,2,0,0,0,0,0,0,0,0,0,0,0,0,0,0,0,0,0,0
2392064,1168,1,0,0,0,0,0,-0.00276,0.00015,1.629,1671,1,0,2,0,0,0,0,0,0,0,0,0,0,0,0,0,0,0,0,0,0
2394112,1169,1,0,0,0,0,0,-0.00349,0.00399,1.6071,1650,3,2,3,1,5,3,0,0,0,0,0,0,0,0,0,0,0,0,0,0,0
2396160,1170,1,0,0,0,0,0,-0.0046,0.00309,1.6437,1562,1,0,3,1,5,4,0,0,0,0,0,0,0,0,0,0,0,0,0,0,0
2398208,1171,1,0,0,0,0,0,-0.0039,0.00101,1.6447,1622,1,0,2,1,1,0,0,0,0,0,0,0,0,0,0,0,0,0,0,0,0
2400256,1172,1,0,0,0,0,0,0.00319,0.00016,1.5936,1658,1,1,2,0,0,0,0,0,0,0,0,0,0,0,0,0,0,0,0,0,0
2402304,1173,1,0,0,0,0,0,-0.00312,0.00055,1.6194,1580,3,1,4,0,2,2,0,0,0,0,0,0,0,0,0,0,0,0,0,0,0
2404352,1174,1,0,0,0,0,0,-0.00191,0.00089,1.5869,1656,2,1,2,0,2,2,0,0,0,0,0,0,0,0,0,0,0,0,0,0,0
2406400,1175,1,0,0,0,0,0,-0.00477,0.00042,1.6149,1551,2,0,3,0,0,0,0,0,0,0,0,0,0,0,0,0,0,0,0,0,0
2408448,1176,1,0,0,0,0,0,-0.00035,0.00157,1.6222,1581,1,1,1,0,2,1,0,0,0,0,0,0,0,0,0,0,0,0,0,0,0
2410496,1177,1,0,0,0,0,0,0.00155,0.00211,1.639,1552,2,0,4,0,5,3,0,0,0,0,0,0,0,0,0,0,0,0,0,0,0
2412544,1178,1,0,0,0,0,0,-0.00166,0.003,1.621,1599,2,0,4,1,4,3,0,0,0,0,0,0,0,0,0,0,0,0,0,0,0
2414592,1179,1,0,0,0,0,0,0.00191,0.0011,1.6176,1608,2,1,1,0,0,0,0,0,0,0,0,0,0,0,0,0,0,0,0,0,0
2416640,1180,1,0,0,0,0,0,-0.00095,0.00043,1.6282,1570,1,1,1,0,3,2,0,0,0,0,0,0,0,0,0,0,0,0,0,0,0
2418688,1181,1,0,0,0,0,0,-0.00172,0.00264,1.5531,1586,2,2,2,0,4,2,0,0,0,0,0,0,0,0,0,0,0,0,0,0,0
2420736,1182,1,0,0,0,0,0,-0.00329,0.00153,1.4293,1624,2,1,1,0,2,1,0,0,0,0,0,0,0,0,0,0,0,0,0,0,0
2422784,1183,1,0,0,0,0,0,-0.00102,0.00143,1.4262,1614,2,2,3,0,1,1,0,0,0,0,0,0,0,0,0,0,0,0,0,0,0
2424832,1184,1,0,0,0,0,0,-0.00294,0.0014,1.3997,1687,2,0,1,1,1,0,0,0,0,0,0,0,0,0,0,0,0,0,0,0,0
2426880,1185,1,0,0,0,0,0,-0.00043,0.00148,1.3989,1683,4,0,3,0,3,3,0,0,0,0,0,0,0,0,0,0,0,0,0,0,0
2428928,1186,1,0,0,0,0,0,-0.00149,0.00182,1.4673,1589,2,1,4,1,0,0,0,0,0,0,0,0,0,0,0,0,0,0,0,0,0
2430976,1187,1,0,0,0,0,0,-0.00428,0.00245,1.4476,1529,5,3,1,0,2,2,0,0,0,0,0,0,0,0,0,0,0,0,0,0,0
2433024,1188,1,0,0,0,0,0,-0.00388,0.00244,1.4715,1621,2,1,0,0,2,2,0,0,0,0,0,0,0,0,0,0,0,0,0,0,0
2435072,1189,1,0,0,0,0,0,-0.00512,0.00241,1.5106,1616,3,2,4,2,2,1,0,0,0,0,0,0,0,0,0,0,0,0,0,0,0
2437120,1190,1,0,0,0,0,0,-0.00589,0.00128,1.5256,1596,1,0,4,0,3,3,0,0,0,0,0,0,0,0,0,0,0,0,0,0,0
2439168,1191,1,0,0,0,0,0,-7e-05,0.00289,1.5128,1649,3,2,2,0,2,2,0,0,0,0,0,0,0,0,0,0,0,0,0,0,0
2441216,1192,1,0,0,0,0,0,-0.00322,0.00206,1.5374,1663,3,2,1,1,4,4,0,0,0,0,0,0,0,0,0,0,0,0,0,0,0
2443264,1193,1,0,0,0,0,0,-0.0033,0.00335,1.619,1673,2,2,3,1,2,2,0,0,0,0,0,0,0,0,0,0,0,0,0,0,0
2445312,1194,1,0,0,0,0,0,-0.00048,0.00184,1.6271,1659,1,1,3,0,2,1,0,0,0,0,0,0,0,0,0,0,0,0,0,0,0
2447360,1195,1,0,0,0,0,0,-0.00295,0.00144,1.5957,987,2,1,4,0,2,1,0,0,0,0,0,0,0,0,0,0,0,0,0,0,0
2449408,1196,1,0,0,0,0,0,-0.00046,0.00119,1.4724,1435,1,0,3,1,0,0,0,0,0,0,0,0,0,0,0,0,0,0,0,0,0
2451456,1197,1,0,0,0,0,0,0.00064,0.00136,1.4202,1522,3,0,2,0,3,2,0,0,0,0,0,0,0,0,0,0,0,0,0,0,0
2453504,1198,1,0,0,0,0,0,-0.00162,0.00036,1.4494,1624,0,0,3,0,2,1,0,0,0,0,0,0,0,0,0,0,0,0,0,0,0
2455552,1199,1,0,0,0,0,0,-0.00163,0.00163,1.3921,1640,2,1,1,0,6,2,0,0,0,0,0,0,0,0,0,0,0,0,0,0,0
2457600,1200,1,0,0,0,0,0,-0.00083,0.00143,1.4523,1652,2,1,2,0,1,1,0,0,0,0,0,0,0,0,0,0,0,0,0,0,0
2459648,1201,1,0,0,0,0,0,-0.0015,0.00281,1.5387,1506,4,2,5,1,0,0,0,0,0,0,0,0,0,0,0,0,0,0,0,0,0
2461696,1202,1,0,0,0,0,0,-0.00057,0.00272,1.5535,1675,2,2,0,0,2,1,0,0,0,0,0,0,0,0,0,0,0,0,0,0,0
2463744,1203,1,0,0,0,0,0,-0.00113,0.00098,1.5405,1475,3,1,3,0,3,3,0,0,0,0,0,0,0,0,0,0,0,0,0,0,0
2465792,1204,1,0,0,0,0,0,-8e-05,0.00175,1.5154,1525,0,0,2,0,2,2,0,0,0,0,0,0,0,0,0,0,0,0,0,0,0
2467840,1205,1,0,0,0,0,0,-0.00041,0.00167,1.4595,1635,3,1,2,0,1,0,0,0,0,0,0,0,0,0,0,0,0,0,0,0,0
2469888,1206,1,0,0,0,0,0,-0.00193,0.00176,1.4326,1666,2,2,3,0,2,1,0,0,0,0,0,0,0,0,0,0,0,0,0,0,0
2471936,1207,1,0,0,0,0,0,-0.00174,0.0004,1.3804,1687,3,2,0,0,1,0,0,0,0,0,0,0,0,0,0,0,0,0,0,0,0
2473984,1208,1,0,0,0,0,0,-0.00054,0.0022,1.4277,1692,4,3,3,0,1,1,0,0,0,0,0,0,0,0,0,0,0,0,0,0,0
2476032,1209,1,0,0,0,0,0,-0.00378,0.00226,1.4065,1560,2,0,5,1,2,2,0,0,0,0,0,0,0,0,0,0,0,0,0,0,0
2478080,1210,1,0,0,0,0,0,-0.00104,0.00154,1.4494,1604,4,2,2,0,2,1,0,0,0,0,0,0,0,0,0,0,0,0,0,0,0
2480128,1211,1,0,0,0,0,0,-0.0001,0.00254,1.4662,1572,1,1,2,0,3,3,0,0,0,0,0,0,0,0,0,0,0,0,0,0,0
2482176,1212,1,0,0,0,0,0,-0.00086,0.00125,1.4712,1644,2,0,0,0,3,2,0,0,0,0,0,0,0,0,0,0,0,0,0,0,0
2484224,1213,1,0,0,0,0,0,-0.00084,0.00118,1.4782,1614,3,1,3,0,1,0,0,0,0,0,0,0,0,0,0,0,0,0,0,0,0
2486272,1214,1,0,0,0,0,0,-0.00056,0.00488,1.4938,1533,2,2,5,1,6,4,0,0,0,0,0,0,0,0,0,0,0,0,0,0,0
2488320,1215,1,0,0,0,0,0,-0.00129,0.00093,1.4755,1523,1,1,1,0,1,1,0,0,0,0,0,0,0,0,0,0,0,0,0,0,0
2490368,1216,1,0,0,0,0,0,-0.00153,0.00051,1.4389,1569,2,0,0,0,2,1,0,0,0,0,0,0,0,0,0,0,0,0,0,0,0
2492416,1217,1,0,0,0,0,0,-0.00116,0.00029,1.4456,1502,2,1,2,0,2,1,0,0,0,0,0,0,0,0,0,0,0,0,0,0,0
2494464,1218,1,0,0,0,0,0,-0.00272,0.00361,1.4266,1545,5,2,4,0,2,2,0,0,0,0,0,0,0,0,0,0,0,0,0,0,0
2496512,1219,1,0,0,0,0,0,-0.00182,0.00185,1.3839,1550,3,2,0,0,0,0,0,0,0,0,0,0,0,0,0,0,0,0,0,0,0
2498560,1220,1,0,0,0,0,0,-0.00094,0.00093,1.3969,1569,1,0,1,0,4,2,0,0,0,0,0,0,0,0,0,0,0,0,0,0,0
2500608,1221,1,0,0,0,0,0,-0.00331,0.00129,1.4139,1569,3,1,1,0,3,2,0,0,0,0,0,0,0,0,0,0,0,0,0,0,0
2508744,1222,2,36,1,24,4,7,-5e-05,0.00046,1.0986,3297,0,0,0,0,0,0,720,683,645,0,13,2,2,0,4,0,3,1,7,2,2
2516892,1223,2,26,1,12,4,9,-1e-05,9e-05,1.0986,3297,0,0,0,0,0,0,710,652,686,0,5,3,1,0,1,0,2,1,6,1,6
2525033,1224,2,33,1,21,2,9,-6e-05,8e-05,1.0986,3195,0,0,0,0,0,0,671,678,699,0,9,0,4,0,5,1,3,1,7,1,2
2533169,1225,2,32,3,16,2,11,-6e-05,0.00081,1.0986,3463,0,0,0,0,0,0,694,679,675,1,9,2,3,0,4,0,3,2,3,0,5
2541313,1226,2,29,2,14,3,10,-4e-05,0.00059,1.0985,3273,0,0,0,0,0,0,684,682,682,1,5,1,5,1,5,0,1,0,4,2,4
2549445,1227,2,32,2,14,6,10,1e-05,0.0004,1.0985,3248,0,0,0,0,0,0,692,719,637,1,9,4,3,1,1,1,4,0,4,1,3
2557598,1228,2,26,1,8,3,14,-0.0001,0.00106,1.0986,3121,0,0,0,0,0,0,651,730,667,0,1,1,5,0,1,1,1,1,6,1,8
2565749,1229,2,22,1,6,3,12,-1e-05,0.00096,1.0986,3345,0,0,0,0,0,0,657,692,699,0,2,0,3,1,1,2,7,0,3,1,2
2573894,1230,2,31,1,15,3,12,-0.0,0.00075,1.0986,3403,0,0,0,0,0,0,686,675,687,1,6,1,3,0,3,2,4,0,6,0,5
2582043,1231,2,28,2,11,3,12,-2e-05,0.00034,1.0986,3265,0,0,0,0,0,0,649,705,694,0,4,2,5,0,4,1,5,2,3,0,2
2590182,1232,2,35,3,20,1,11,-7e-05,0.00087,1.0986,3307,0,0,0,0,0,0,668,680,700,1,9,0,6,2,5,1,3,0,6,0,2
2598333,1233,2,22,1,8,4,9,-7e-05,0.00016,1.0986,3209,0,0,0,0,0,0,670,716,662,1,2,0,2,0,3,2,4,0,3,2,3
2606471,1234,2,39,3,23,5,8,-5e-05,0.00068,1.0986,3428,0,0,0,0,0,0,696,693,659,2,10,2,3,0,5,3,2,1,8,0,3
2614614,1235,2,30,2,13,5,10,-0.00028,0.00031,1.0986,3399,0,0,0,0,0,0,661,674,713,1,7,2,3,1,2,2,3,0,4,1,4
2622755,1236,2,28,1,13,3,11,1e-05,0.00059,1.0984,3296,0,0,0,0,0,0,714,673,661,0,6,1,5,0,4,0,2,1,3,2,4
2630900,1237,2,28,1,13,1,13,1e-05,1e-05,1.0985,3482,0,0,0,0,0,0,660,686,702,1,5,0,5,0,4,1,6,0,4,0,2
2639045,1238,2,30,0,16,3,11,-4e-05,0.0,1.0985,3288,0,0,0,0,0,0,716,657,675,0,8,3,2,0,4,0,5,0,4,0,4
2647195,1239,2,25,0,9,6,10,-0.00066,0.0,1.0977,3347,0,0,0,0,0,0,696,658,694,0,5,3,4,0,2,2,3,0,2,1,3
2655337,1240,2,32,2,13,5,12,-0.00094,0.00119,1.0796,3403,0,0,0,0,0,0,794,580,674,1,6,3,5,0,1,1,2,1,6,1,5
2663480,1241,2,29,0,15,1,13,0.00015,1e-05,1.0785,3532,0,0,0,0,0,0,810,497,741,0,5,1,5,0,4,0,3,0,6,0,5
2671624,1242,2,29,1,13,4,11,-0.00066,0.00036,1.0907,3572,0,0,0,0,0,0,794,540,714,0,5,3,2,0,3,0,3,1,5,1,6
2679760,1243,2,33,3,16,1,13,-1e-05,0.00095,1.0946,3367,0,0,0,0,0,0,723,625,700,3,7,0,8,0,0,0,1,0,9,1,4
2687897,1244,2,31,0,14,4,13,2e-05,0.0,1.0933,3170,0,0,0,0,0,0,770,544,734,0,4,3,6,0,3,0,2,0,7,1,5
2696042,1245,2,25,0,9,3,13,-0.00039,0.0,1.0939,3327,0,0,0,0,0,0,710,628,710,0,3,2,3,0,5,0,4,0,1,1,6
2704190,1246,2,33,3,17,3,10,0.00011,0.00161,1.0887,3401,0,0,0,0,0,0,765,528,755,1,10,1,2,2,4,1,3,0,3,1,5
2712339,1247,2,26,2,12,3,9,-0.00079,0.00161,1.0946,3349,0,0,0,0,0,0,726,589,733,2,6,0,4,0,1,0,0,0,5,3,5
2720473,1248,2,30,3,12,5,10,7e-05,0.00055,1.097,3407,0,0,0,0,0,0,712,625,711,0,10,2,2,2,0,1,5,1,2,2,3
2728610,1249,2,33,2,15,5,11,-6e-05,0.00111,1.0973,3481,0,0,0,0,0,0,697,638,713,0,6,2,1,1,4,1,1,1,5,2,9
2736745,1250,2,33,2,18,3,10,1e-05,0.0002,1.0971,3600,0,0,0,0,0,0,708,623,717,1,8,2,3,1,3,0,4,0,7,1,3
2744887,1251,2,28,2,11,5,10,-6e-05,0.0018,1.0973,3415,0,0,0,0,0,0,712,630,706,2,4,2,3,0,4,1,1,0,3,2,6
2753028,1252,2,26,0,11,3,12,-0.00068,1e-05,1.0958,3195,0,0,0,0,0,0,699,620,729,0,3,0,5,0,2,3,2,0,6,0,5
2761155,1253,2,36,1,19,5,11,-0.00051,0.00065,1.0887,3217,0,0,0,0,0,0,756,585,707,0,12,3,2,0,2,0,1,1,5,2,8
2769292,1254,2,31,1,16,4,10,-0.00069,0.00054,1.0668,3405,0,0,0,0,0,0,865,525,658,1,9,2,6,0,3,0,0,0,4,2,4
2777432,1255,2,33,1,18,4,10,0.0002,0.00018,1.0451,3342,0,0,0,0,0,0,971,417,660,0,8,2,4,0,4,0,1,1,6,2,5
2785574,1256,2,27,1,14,0,12,-0.00156,0.00057,1.0748,3414,0,0,0,0,0,0,902,465,681,0,7,0,6,1,4,0,4,0,3,0,2
2793725,1257,2,23,2,8,2,11,-0.0004,0.00047,1.0874,3377,0,0,0,0,0,0,824,566,658,1,1,2,4,0,4,0,2,1,3,0,5
2801875,1258,2,31,2,14,3,12,-0.00053,0.00074,1.0878,3454,0,0,0,0,0,0,834,544,670,0,7,1,5,2,3,1,2,0,4,1,5
2810013,1259,2,27,1,7,8,11,4e-05,0.00087,1.0941,3485,0,0,0,0,0,0,776,565,707,0,3,1,4,0,2,2,5,1,2,5,2
2818157,1260,2,30,1,14,5,10,1e-05,0.00013,1.0945,3443,0,0,0,0,0,0,750,609,689,1,7,3,3,0,2,2,3,0,5,0,4
2826306,1261,2,26,1,11,3,11,-7e-05,0.00089,1.0938,3519,0,0,0,0,0,0,751,618,679,0,4,2,3,1,4,0,6,0,3,1,2
2834448,1262,2,31,0,17,4,10,-0.00025,0.0,1.095,3445,0,0,0,0,0,0,747,557,744,0,3,0,4,0,7,1,2,0,7,3,4
2842591,1263,2,31,1,13,4,13,-0.0001,0.00029,1.0962,3475,0,0,0,0,0,0,715,625,708,1,6,1,8,0,4,1,1,0,3,2,4
2850740,1264,2,27,3,10,3,11,4e-05,0.00068,1.0957,3382,0,0,0,0,0,0,745,599,704,2,4,2,4,0,1,0,5,1,5,1,2
2858888,1265,2,28,2,13,1,12,0.0,0.00088,1.0959,3385,0,0,0,0,0,0,767,600,681,0,6,0,5,1,2,0,1,1,5,1,6
2867038,1266,2,24,0,13,1,10,-8e-05,0.0,1.0965,3371,0,0,0,0,0,0,714,614,720,0,5,0,3,0,6,1,5,0,2,0,2
2875183,1267,2,28,2,11,2,13,-5e-05,8e-05,1.0969,3024,0,0,0,0,0,0,706,645,697,1,4,2,4,0,3,0,5,1,4,0,4
2883326,1268,2,32,2,13,3,14,-7e-05,0.00136,1.0965,3312,0,0,0,0,0,0,740,617,691,0,3,1,2,0,6,0,8,2,4,2,4
2891469,1269,2,32,1,16,0,15,-0.00029,0.00053,1.096,3293,0,0,0,0,0,0,704,660,684,1,5,0,3,0,7,0,6,0,4,0,6
2899623,1270,2,28,0,16,2,10,-0.00046,0.0,1.0929,3315,0,0,0,0,0,0,748,591,709,0,7,0,2,0,4,1,2,0,5,1,6
2907755,1271,2,32,0,17,4,11,-0.00137,0.0,1.078,3233,0,0,0,0,0,0,759,565,724,0,7,0,2,0,5,4,4,0,5,0,5
2915888,1272,2,39,4,18,3,14,-0.00026,0.00247,1.0742,3095,0,0,0,0,0,0,811,456,781,1,7,2,3,1,3,1,2,2,8,0,9
2924034,1273,2,28,1,11,4,12,-0.00029,3e-05,1.0877,3298,0,0,0,0,0,0,771,546,731,0,5,3,8,0,1,0,2,1,5,1,2
2932174,1274,2,30,2,17,3,8,-0.00036,0.00076,1.0935,3522,0,0,0,0,0,0,765,536,747,2,10,2,3,0,2,0,3,0,5,1,2
2940330,1275,2,21,3,6,2,10,4e-05,0.00162,1.097,3426,0,0,0,0,0,0,735,590,723,1,2,0,3,0,1,1,3,2,3,1,4
2948477,1276,2,31,2,15,5,9,-0.00025,0.00043,1.0982,3394,0,0,0,0,0,0,700,625,723,1,8,3,1,1,3,1,1,0,4,1,7
2956621,1277,2,30,0,11,4,15,-0.00041,2e-05,1.0985,3315,0,0,0,0,0,0,693,688,667,0,2,3,3,0,3,1,5,0,6,0,7
2964762,1278,2,25,2,7,4,12,-0.00199,0.00146,1.0905,3394,0,0,0,0,0,0,636,694,718,0,1,2,3,1,2,1,3,1,4,1,6
2972913,1279,2,24,1,8,2,13,-0.00178,0.00031,1.0586,3509,0,0,0,0,0,0,556,644,848,0,3,0,5,0,1,1,4,1,4,1,4
2981051,1280,2,32,3,14,2,13,-0.00116,0.0016,1.025,3286,0,0,0,0,0,0,442,672,934,0,2,2,4,0,4,0,5,3,8,0,4
2989200,1281,2,29,1,10,4,14,0.00059,0.00099,1.0612,3348,0,0,0,0,0,0,370,697,981,0,1,0,3,0,4,2,4,1,5,2,7
2997348,1282,2,22,1,8,4,9,0.00023,0.00065,1.0309,3515,0,0,0,0,0,0,396,740,912,0,2,1,0,0,3,1,3,1,3,2,6
3005489,1283,2,28,0,12,1,15,-0.00212,1e-05,1.0412,3429,0,0,0,0,0,0,351,742,955,0,2,0,1,0,2,0,6,0,8,1,8
3013637,1284,2,30,2,13,4,11,-0.00262,0.00034,0.9895,3482,0,0,0,0,0,0,411,649,988,0,4,1,5,0,1,1,2,2,8,2,4
3021765,1285,2,36,3,19,3,11,-0.00027,0.0017,1.0285,3287,0,0,0,0,0,0,347,595,1106,0,5,2,3,0,4,0,2,3,10,1,6
3029901,1286,2,30,1,16,2,11,-0.00208,4e-05,1.0113,3420,0,0,0,0,0,0,430,628,990,0,4,2,3,0,3,0,3,1,9,0,5
3038050,1287,2,26,1,9,6,10,-0.00076,0.00065,1.0329,3429,0,0,0,0,0,0,346,663,1039,0,2,1,3,1,1,3,3,0,6,2,4
3046199,1288,2,24,0,7,4,13,-0.00094,0.0,1.0383,3370,0,0,0,0,0,0,398,706,944,0,1,0,1,0,2,2,4,0,4,2,8
3054332,1289,2,33,2,14,5,12,-5e-05,0.0012,1.008,3200,0,0,0,0,0,0,311,804,933,0,1,0,1,0,7,2,7,2,6,3,4
3062485,1290,2,26,2,12,0,12,-0.00224,0.0003,0.9267,3335,0,0,0,0,0,0,240,836,972,0,4,0,1,1,1,0,4,1,7,0,7
3070630,1291,2,25,2,8,1,14,7e-05,0.00014,0.9188,3399,0,0,0,0,0,0,152,771,1125,0,0,0,1,1,4,1,11,1,4,0,2
3078769,1292,2,33,1,17,2,13,-0.00063,0.0008,0.8686,3439,0,0,0,0,0,0,164,928,956,0,2,1,0,1,9,1,7,0,6,0,6
3086912,1293,2,27,1,15,3,8,0.00016,0.00018,0.8681,3345,0,0,0,0,0,0,123,898,1027,0,2,1,1,0,4,1,3,1,9,1,4
3095058,1294,2,29,0,15,1,13,7e-05,0.0,0.844,3382,0,0,0,0,0,0,134,795,1119,0,1,0,1,0,5,0,6,0,9,1,6
3103190,1295,2,28,2,13,0,13,-0.00048,0.00124,0.8794,3080,0,0,0,0,0,0,117,710,1221,0,0,0,3,1,2,0,5,1,11,0,5
3111338,1296,2,27,2,9,3,13,-0.00069,0.00043,0.8786,3342,0,0,0,0,0,0,126,842,1080,0,0,0,1,1,5,1,7,1,4,2,5
3119482,1297,2,25,1,8,0,16,0.00018,0.00025,0.9032,3158,0,0,0,0,0,0,113,988,947,0,1,0,1,1,0,0,8,0,7,0,7
3127612,1298,2,35,1,23,2,9,-0.00219,0.00063,0.8549,3073,0,0,0,0,0,0,137,995,916,0,2,0,0,1,6,1,6,0,15,1,3
3135751,1299,2,31,0,14,5,12,-0.0027,1e-05,0.7885,3227,0,0,0,0,0,0,83,851,1114,0,2,0,0,0,5,2,4,0,7,3,8
3143893,1300,2,28,1,12,1,14,-7e-05,0.00079,0.7519,3305,0,0,0,0,0,0,63,697,1288,0,0,0,0,0,4,0,4,1,8,1,10
3152044,1301,2,25,4,7,6,8,-0.00083,0.00132,0.7036,3147,0,0,0,0,0,0,60,726,1262,0,0,1,1,0,4,0,3,4,3,5,4
3160189,1302,2,29,4,10,3,12,-0.00041,0.00289,0.6844,3154,0,0,0,0,0,0,27,482,1539,0,0,0,0,1,2,0,3,3,8,3,9
3168332,1303,2,25,0,11,4,10,0.00048,3e-05,0.6811,3218,0,0,0,0,0,0,27,545,1476,0,0,0,1,0,3,1,1,0,8,3,8
3176475,1304,2,26,1,8,3,14,-0.00276,0.0004,0.7453,3144,0,0,0,0,0,0,53,594,1401,0,1,0,0,1,1,2,4,0,6,1,10
3184617,1305,2,26,2,8,2,14,-0.00131,0.00107,0.7157,3110,0,0,0,0,0,0,55,811,1182,0,1,0,0,0,4,0,3,2,3,2,11
3192748,1306,2,33,4,16,3,10,-0.0028,0.00164,0.5955,3251,0,0,0,0,0,0,26,599,1423,0,0,0,0,0,4,2,3,4,12,1,7
3200894,1307,2,26,1,14,0,11,-0.00028,0.00089,0.6684,3014,0,0,0,0,0,0,11,521,1516,0,0,0,0,0,2,0,2,1,12,0,9
3209036,1308,2,29,1,13,5,10,6e-05,0.00069,0.6513,3197,0,0,0,0,0,0,25,630,1393,0,0,0,0,0,6,1,4,1,7,4,6
3217177,1309,2,34,1,18,2,13,-0.0004,0.00059,0.6573,3060,0,0,0,0,0,0,18,659,1371,0,0,0,0,0,7,0,7,1,11,2,6
3225333,1310,2,23,0,6,2,15,-0.00146,1e-05,0.5606,3130,0,0,0,0,0,0,10,512,1526,0,0,0,0,0,1,0,5,0,5,2,10
3233447,1311,2,46,3,25,5,13,0.00039,0.00256,0.6089,3243,0,0,0,0,0,0,12,498,1538,0,2,0,0,0,4,0,4,3,19,5,9
3241581,1312,2,31,1,15,1,14,-0.00106,0.00015,0.5335,3231,0,0,0,0,0,0,14,489,1545,0,0,0,1,0,5,1,3,1,10,0,10
3249714,1313,2,34,5,19,5,5,-0.00222,0.00131,0.5636,3243,0,0,0,0,0,0,4,431,1613,0,0,0,0,1,2,0,2,4,17,5,3
3257862,1314,2,29,1,14,3,11,0.00015,0.00046,0.5695,3183,0,0,0,0,0,0,5,521,1522,0,0,0,0,0,1,0,3,1,13,3,8
3266010,1315,2,26,2,11,4,9,-0.00145,0.00108,0.4861,3218,0,0,0,0,0,0,8,432,1608,0,1,0,1,0,1,1,2,2,9,3,6
3274161,1316,2,30,1,14,3,12,-0.00041,0.00055,0.427,3295,0,0,0,0,0,0,6,319,1723,0,0,0,0,0,1,0,2,1,13,3,10
3282295,1317,2,34,1,14,7,12,-9e-05,0.00087,0.459,3078,0,0,0,0,0,0,2,307,1739,0,0,0,0,0,0,2,3,1,14,5,9
3290437,1318,2,33,2,17,4,10,-0.00078,0.00103,0.384,3245,0,0,0,0,0,0,8,320,1720,0,0,0,0,0,1,1,3,2,16,3,7
3298571,1319,2,37,2,20,2,13,0.00014,0.00076,0.3678,3151,0,0,0,0,0,0,2,277,1769,0,0,0,0,0,3,1,2,2,17,1,11
3306709,1320,2,36,1,23,1,11,0.00019,0.00082,0.3573,3295,0,0,0,0,0,0,5,220,1823,0,0,0,0,0,2,0,2,1,21,1,9
3314859,1321,2,32,1,15,5,11,0.00022,6e-05,0.3517,3161,0,0,0,0,0,0,0,217,1831,0,0,0,0,0,2,0,1,1,13,5,10
3322990,1322,2,34,1,20,1,12,-9e-05,0.00043,0.3893,3174,0,0,0,0,0,0,2,247,1799,0,0,0,0,0,1,0,2,1,19,1,10
3331130,1323,2,31,2,13,3,13,-0.0004,0.00094,0.3499,3313,0,0,0,0,0,0,1,256,1791,0,0,0,0,0,0,2,3,2,13,1,10
3339259,1324,2,36,2,18,6,10,-0.00039,0.00086,0.3702,3174,0,0,0,0,0,0,0,229,1819,0,0,0,0,0,1,0,2,2,17,6,8
3347398,1325,2,25,0,7,7,11,-0.00233,1e-05,0.4078,3253,0,0,0,0,0,0,4,249,1795,0,0,0,0,0,0,1,1,0,7,6,10
3355545,1326,2,31,3,12,5,11,-0.00095,0.00126,0.4852,3222,0,0,0,0,0,0,3,298,1747,0,0,0,0,1,0,0,0,2,12,5,11
3363680,1327,2,30,2,16,3,9,3e-05,0.00201,0.4929,3308,0,0,0,0,0,0,3,393,1652,0,0,0,0,1,3,2,1,1,13,1,8
3371821,1328,2,30,1,17,3,9,-4e-05,2e-05,0.5139,3326,0,0,0,0,0,0,2,351,1695,0,0,0,0,0,0,0,0,1,17,3,9
3379967,1329,2,26,1,11,3,11,5e-05,0.00018,0.5332,3176,0,0,0,0,0,0,7,424,1617,0,0,0,1,1,4,0,2,0,7,3,8
3388101,1330,2,40,3,27,2,8,-0.00202,0.00123,0.5601,3143,0,0,0,0,0,0,4,410,1634,0,0,0,0,1,4,0,1,2,23,2,7
3396221,1331,2,39,2,23,4,10,-0.00038,0.00103,0.5233,3152,0,0,0,0,0,0,8,494,1546,0,0,0,0,0,2,0,2,2,21,4,8
3404361,1332,2,29,5,13,1,10,-0.00084,0.00244,0.5554,3137,0,0,0,0,0,0,4,379,1665,0,0,0,0,1,3,0,1,4,10,1,9
3412499,1333,2,31,1,17,2,11,0.00011,0.00087,0.5794,3316,0,0,0,0,0,0,11,424,1613,0,0,0,1,0,4,0,0,1,13,2,10
3420642,1334,2,28,2,11,1,14,-1e-05,0.00179,0.6186,3337,0,0,0,0,0,0,7,573,1468,0,0,0,0,0,1,0,3,2,10,1,11
3428772,1335,2,33,2,13,5,13,-0.00029,0.00118,0.6315,3350,0,0,0,0,0,0,16,599,1433,0,0,0,0,0,3,2,3,2,10,3,10
3436923,1336,2,25,1,9,5,10,-0.0001,0.00106,0.6093,3213,0,0,0,0,0,0,11,547,1490,0,0,0,1,1,0,2,1,0,9,3,8
3445063,1337,2,30,2,18,0,10,-0.00026,0.00036,0.6176,3261,0,0,0,0,0,0,11,582,1455,0,1,0,1,0,3,0,2,2,14,0,7
3453206,1338,2,27,1,10,3,13,-0.00247,0.00045,0.5998,3303,0,0,0,0,0,0,1,446,1601,0,0,0,0,1,2,1,2,0,8,2,11
3461345,1339,2,30,0,15,2,13,-0.00057,1e-05,0.6724,3334,0,0,0,0,0,0,16,657,1375,0,0,0,0,0,8,0,2,0,7,2,11
3469483,1340,2,30,0,17,2,11,0.00019,0.0,0.7022,3147,0,0,0,0,0,0,5,736,1307,0,0,0,0,0,6,0,6,0,11,2,5
3477615,1341,2,33,2,16,1,14,-0.00034,0.0007,0.7235,3059,0,0,0,0,0,0,24,749,1275,0,0,0,0,1,4,1,6,1,12,0,8
3485751,1342,2,27,3,12,1,11,-0.00376,0.00108,0.6966,3191,0,0,0,0,0,0,50,765,1233,0,0,0,0,0,3,0,5,3,9,1,6
3493889,1343,2,30,0,14,4,12,-6e-05,0.0,0.6362,3286,0,0,0,0,0,0,9,551,1488,0,0,0,0,0,4,1,2,0,10,3,10
3502037,1344,2,29,2,12,3,12,-0.00036,0.00127,0.7248,3376,0,0,0,0,0,0,27,618,1403,0,0,0,0,0,5,0,2,2,7,3,10
3510185,1345,2,27,0,9,2,16,-0.00095,0.0,0.7469,3343,0,0,0,0,0,0,28,731,1289,0,1,0,0,0,2,0,4,0,6,2,12
3518333,1346,2,27,5,10,3,9,-0.00012,0.00218,0.7484,3342,0,0,0,0,0,0,36,850,1162,0,0,0,0,2,4,1,5,3,6,2,4
3526483,1347,2,30,0,16,2,12,-0.00047,3e-05,0.6989,3113,0,0,0,0,0,0,16,787,1245,0,1,0,0,0,7,0,3,0,8,2,9
3534601,1348,2,37,2,21,1,13,-0.00119,0.00123,0.7073,3142,0,0,0,0,0,0,14,691,1343,0,1,0,0,0,7,0,3,2,13,1,10
3542746,1349,2,28,2,12,6,8,-0.00057,0.00053,0.7536,3199,0,0,0,0,0,0,19,875,1154,0,1,0,0,1,4,3,1,1,7,3,7
3550899,1350,2,21,1,7,5,8,-0.00032,3e-05,0.7733,3324,0,0,0,0,0,0,36,1029,983,0,0,0,0,0,4,1,3,1,3,4,5
3559022,1351,2,35,1,19,1,14,-0.00135,0.00103,0.7658,3146,0,0,0,0,0,0,46,1068,934,0,1,0,1,1,9,0,6,0,9,1,7
3567165,1352,2,30,2,12,3,13,8e-05,0.00139,0.7442,3105,0,0,0,0,0,0,30,1145,873,0,2,0,0,0,6,2,8,2,4,1,5
3575305,1353,2,27,0,9,5,13,-0.00039,0.0,0.7434,3164,0,0,0,0,0,0,28,1098,922,0,0,0,0,0,5,1,6,0,4,4,7
3583447,1354,2,29,2,16,1,10,-0.0011,0.00063,0.7519,3312,0,0,0,0,0,0,25,1059,964,0,0,0,0,0,6,1,5,2,10,0,5
3591588,1355,2,29,2,11,3,13,-0.00015,0.0002,0.7333,3172,0,0,0,0,0,0,16,952,1080,0,0,0,0,1,5,1,5,1,6,2,8
3599727,1356,2,29,1,11,5,12,-0.00105,0.00079,0.7298,3224,0,0,0,0,0,0,19,864,1165,0,0,0,0,1,2,3,3,0,9,2,9
3607866,1357,2,29,0,17,1,11,-0.00132,0.0,0.7338,3252,0,0,0,0,0,0,19,952,1077,0,0,0,0,0,9,0,6,0,8,1,5
3616027,1358,2,22,1,9,3,9,0.00014,0.00049,0.7208,3275,0,0,0,0,0,0,11,1131,906,0,0,0,0,1,3,3,5,0,6,0,4
3624152,1359,2,34,2,16,4,12,-5e-05,0.00032,0.7285,3379,0,0,0,0,0,0,15,1188,845,0,0,0,0,0,9,2,7,2,7,2,5
3632290,1360,2,28,2,13,3,10,-0.0,0.00013,0.7232,3286,0,0,0,0,0,0,23,1133,892,0,0,0,0,1,5,0,8,1,8,3,2
3640445,1361,2,27,2,9,3,13,5e-05,0.00163,0.7037,3345,0,0,0,0,0,0,13,1168,867,0,0,1,0,1,5,1,8,1,4,1,5
3648592,1362,2,30,2,17,1,10,-7e-05,0.00038,0.7001,3365,0,0,0,0,0,0,6,1172,870,0,0,0,0,0,7,0,4,2,10,1,6
3656722,1363,2,34,0,17,3,14,-0.00254,0.0,0.6796,3309,0,0,0,0,0,0,5,1203,840,0,1,0,0,0,5,2,9,0,11,1,5
3664868,1364,2,26,1,12,3,10,-0.00049,4e-05,0.6573,3279,0,0,0,0,0,0,3,1358,687,0,0,0,0,0,3,1,6,1,9,2,4
3673014,1365,2,29,0,14,3,12,0.00021,0.0,0.6994,3136,0,0,0,0,0,0,4,1258,786,0,0,0,0,0,10,1,5,0,4,2,7
3681151,1366,2,33,0,16,3,14,2e-05,0.0,0.6968,3287,0,0,0,0,0,0,5,1247,796,0,0,0,0,0,6,1,6,0,10,2,8
3689298,1367,2,22,2,7,2,11,-0.00152,0.00068,0.6729,3323,0,0,0,0,0,0,1,1237,810,0,0,0,0,0,5,1,6,2,2,1,5
3697455,1368,2,22,2,8,1,11,-0.00074,0.0006,0.628,3180,0,0,0,0,0,0,3,1446,599,0,0,0,0,0,5,1,9,2,3,0,2
3705602,1369,2,29,0,14,3,12,-0.00221,0.0,0.7123,3261,0,0,0,0,0,0,5,1372,671,0,0,0,0,0,11,2,8,0,3,1,4
3713738,1370,2,31,1,16,1,13,-0.00012,0.00022,0.722,3349,0,0,0,0,0,0,15,1186,847,0,0,0,0,0,7,0,10,1,9,1,3
3721878,1371,2,27,2,9,2,14,-0.00211,0.00027,0.7376,3377,0,0,0,0,0,0,20,1079,949,0,0,0,0,0,6,1,9,2,3,1,5
3730019,1372,2,30,2,14,5,9,-0.00464,0.00053,0.7022,3365,0,0,0,0,0,0,18,935,1095,0,0,0,1,0,8,2,6,2,6,3,2
3738150,1373,2,32,3,13,5,11,-0.00038,0.00149,0.6783,3309,0,0,0,0,0,0,6,696,1346,0,0,0,0,0,4,2,4,3,9,3,7
3746292,1374,2,28,0,12,4,12,0.00047,1e-05,0.6605,3342,0,0,0,0,0,0,10,663,1375,0,0,0,1,0,3,2,4,0,9,2,7
3754447,1375,2,28,0,12,4,12,-0.00371,0.0,0.7334,3389,0,0,0,0,0,0,10,703,1335,0,0,0,0,0,3,0,1,0,9,4,11
3762564,1376,2,38,1,24,3,10,-5e-05,0.00026,0.7547,3336,0,0,0,0,0,0,34,826,1188,0,0,0,0,0,11,2,4,1,13,1,6
3770707,1377,2,26,1,11,5,9,-0.00072,0.00051,0.7557,3327,0,0,0,0,0,0,31,774,1243,0,0,0,1,0,1,0,3,1,10,5,5
3778851,1378,2,28,1,11,3,13,-0.00042,0.00054,0.7724,3362,0,0,0,0,0,0,45,838,1165,0,2,0,0,0,1,2,3,1,8,1,10
3786983,1379,2,36,2,21,0,13,-0.0001,0.00044,0.7838,3347,0,0,0,0,0,0,40,870,1138,0,1,0,1,1,7,0,7,1,13,0,5
3795120,1380,2,31,3,13,6,9,-0.00089,0.00118,0.8055,3245,0,0,0,0,0,0,55,922,1071,0,1,0,0,3,6,2,4,0,6,4,5
3803261,1381,2,30,3,16,2,9,-0.00047,0.00112,0.7866,3190,0,0,0,0,0,0,63,992,993,0,0,0,0,2,8,1,5,1,8,1,4
3811396,1382,2,32,3,12,2,15,-0.0004,0.00121,0.7902,3109,0,0,0,0,0,0,49,1045,954,1,1,1,0,1,4,0,7,1,7,1,8
3819546,1383,2,32,1,19,1,11,-0.00025,0.00048,0.7619,3401,0,0,0,0,0,0,38,1129,881,0,0,0,0,1,9,1,8,0,10,0,3
3827695,1384,2,27,2,8,4,13,0.00016,0.00092,0.7699,3142,0,0,0,0,0,0,30,1108,910,0,0,0,0,0,2,1,5,2,6,3,8
3835824,1385,2,39,0,25,2,12,-0.00085,1e-05,0.7516,3240,0,0,0,0,0,0,41,1066,941,0,1,0,0,0,9,2,5,0,15,0,7
3843964,1386,2,28,1,12,1,14,-0.00055,0.00108,0.7918,3380,0,0,0,0,0,0,37,1153,858,1,2,1,0,0,5,0,7,0,5,0,7
3852106,1387,2,29,1,14,2,12,-0.00044,0.00023,0.792,3380,0,0,0,0,0,0,61,1164,823,0,0,0,0,1,8,1,7,0,6,1,5
3860261,1388,2,26,0,12,3,11,-0.00183,0.0,0.7475,3365,0,0,0,0,0,0,49,1156,843,0,1,0,1,0,7,2,8,0,4,1,2
3868409,1389,2,26,1,10,0,15,0.00066,0.00027,0.7314,3155,0,0,0,0,0,0,49,1297,702,0,0,0,0,1,5,0,10,0,5,0,5
3876549,1390,2,28,0,13,5,10,-0.0002,0.0,0.7593,3305,0,0,0,0,0,0,46,1287,715,0,0,0,0,0,9,3,8,0,4,2,2
3884699,1391,2,27,0,16,1,10,0.0005,0.0,0.7893,3145,0,0,0,0,0,0,47,1212,789,0,1,0,1,0,8,1,5,0,7,0,4
3892847,1392,2,25,1,6,2,16,-4e-05,0.0005,0.776,3195,0,0,0,0,0,0,74,1201,773,0,0,0,0,0,4,2,5,1,2,0,11
3900984,1393,2,32,1,15,1,15,-0.00114,0.00062,0.7282,3370,0,0,0,0,0,0,53,1261,734,0,0,0,0,0,7,0,14,1,8,1,1
3909128,1394,2,29,0,14,1,14,-0.00053,0.0,0.6854,3243,0,0,0,0,0,0,18,1402,628,0,1,0,0,0,6,1,12,0,7,0,2
3917272,1395,2,27,3,13,3,8,0.00085,0.00124,0.7373,3431,0,0,0,0,0,0,34,1303,711,0,0,0,0,2,10,1,5,1,3,2,3
3925406,1396,2,31,1,17,1,12,-6e-05,0.00035,0.7409,3415,0,0,0,0,0,0,28,1248,772,0,0,0,0,1,8,1,7,0,9,0,5
3933562,1397,2,26,0,11,3,12,-0.00102,1e-05,0.7427,3315,0,0,0,0,0,0,61,1197,790,0,0,0,0,0,4,2,8,0,7,1,4
3941697,1398,2,30,1,10,5,14,0.00033,8e-05,0.7314,3309,0,0,0,0,0,0,50,1334,664,0,0,1,0,0,4,2,7,1,6,2,7
3949838,1399,2,25,0,10,1,14,-0.00109,0.0,0.7555,3209,0,0,0,0,0,0,44,1347,657,0,0,0,1,0,6,0,7,0,4,1,6
3957986,1400,2,28,2,12,4,10,1e-05,0.00113,0.7629,3228,0,0,0,0,0,0,53,1227,768,0,0,0,0,1,7,1,5,1,5,3,5
3966127,1401,2,31,0,19,2,10,-0.00074,0.0,0.7415,3228,0,0,0,0,0,0,45,1188,815,0,1,0,0,0,12,2,7,0,6,0,3
3974275,1402,2,29,2,13,2,12,-0.00162,0.00179,0.6995,3285,0,0,0,0,0,0,32,1254,762,0,1,0,0,1,7,2,5,1,5,0,7
3982424,1403,2,28,0,10,2,16,-0.00235,1e-05,0.5948,3155,0,0,0,0,0,0,12,1479,557,0,0,0,0,0,7,1,10,0,3,1,6
3990569,1404,2,29,1,14,1,13,-0.00141,0.00105,0.6566,3208,0,0,0,0,0,0,11,1517,520,0,0,0,0,0,10,0,11,1,4,1,2
3998709,1405,2,28,0,18,2,8,0.00019,0.0,0.6889,3163,0,0,0,0,0,0,30,1388,630,0,1,0,0,0,13,2,5,0,4,0,3
4006848,1406,2,31,1,15,4,11,-0.00137,0.00034,0.6509,3189,0,0,0,0,0,0,23,1392,633,0,0,0,0,1,10,0,7,0,5,4,4
4014988,1407,2,28,0,12,1,15,-0.00085,0.0,0.6009,3406,0,0,0,0,0,0,6,1557,485,0,0,0,0,0,9,0,12,0,3,1,3
4023130,1408,2,24,1,12,0,11,-0.0015,0.00063,0.5647,3327,0,0,0,0,0,0,23,1467,558,0,0,0,0,1,6,0,6,0,6,0,5
4031267,1409,2,30,1,14,2,13,-0.00118,0.00102,0.6013,3225,0,0,0,0,0,0,1,1636,411,0,0,0,0,1,12,2,11,0,2,0,2
4039407,1410,2,34,1,22,3,8,-0.00052,0.00102,0.6405,3169,0,0,0,0,0,0,16,1393,639,0,0,0,0,1,16,2,4,0,6,1,4
4047549,1411,2,27,0,11,1,15,-0.00016,0.0,0.617,3301,0,0,0,0,0,0,11,1525,512,0,0,0,0,0,10,0,12,0,1,1,3
4055693,1412,2,33,1,19,1,12,0.00059,0.00103,0.6727,3363,0,0,0,0,0,0,26,1399,623,0,0,0,1,1,12,1,8,0,7,0,3
4063833,1413,2,29,1,16,1,11,7e-05,8e-05,0.6283,3110,0,0,0,0,0,0,21,1419,608,0,0,0,0,0,11,1,10,1,5,0,1
4071962,1414,2,39,2,22,4,11,-1e-05,0.00075,0.6684,3260,0,0,0,0,0,0,18,1481,549,0,0,0,0,2,13,1,7,0,9,3,4
4080105,1415,2,22,1,8,2,11,-0.00072,0.00052,0.6917,3371,0,0,0,0,0,0,28,1427,593,0,0,0,0,0,6,1,4,1,2,1,7
4088259,1416,2,22,1,5,1,15,-0.00063,0.00088,0.7765,3233,0,0,0,0,0,0,45,1332,671,0,2,0,0,1,0,0,9,0,3,1,6
4096403,1417,2,27,1,10,3,13,-0.00077,6e-05,0.812,3103,0,0,0,0,0,0,67,1193,788,0,1,0,1,0,6,2,7,1,3,1,5
4104539,1418,2,30,0,14,5,11,-0.00117,0.0,0.8504,3222,0,0,0,0,0,0,87,1124,837,0,0,0,0,0,9,3,7,0,5,2,4
4112680,1419,2,27,1,14,3,9,-0.00086,3e-05,0.8315,3316,0,0,0,0,0,0,93,997,958,0,0,0,1,0,4,0,6,1,10,3,2
4120802,1420,2,35,1,19,3,12,0.00019,0.00011,0.8178,3251,0,0,0,0,0,0,62,975,1011,0,0,0,1,0,6,0,6,1,13,3,5
4128954,1421,2,20,1,5,2,12,-0.00025,4e-05,0.8337,3106,0,0,0,0,0,0,73,987,988,0,0,0,0,0,1,2,8,1,4,0,4
4137097,1422,2,26,1,11,6,8,-0.00081,0.00071,0.8236,3110,0,0,0,0,0,0,95,974,979,0,0,0,0,0,5,2,5,1,6,4,3
4145239,1423,2,30,3,10,4,13,-0.00164,0.00075,0.8247,3253,0,0,0,0,0,0,64,944,1040,0,0,0,0,0,4,2,5,3,6,2,8
4153381,1424,2,26,2,12,1,11,-0.00075,0.001,0.81,3138,0,0,0,0,0,0,56,956,1036,1,1,0,0,0,5,1,4,1,6,0,7
4161525,1425,2,28,1,12,3,12,-5e-05,0.00064,0.8019,3182,0,0,0,0,0,0,72,893,1083,0,2,0,0,0,5,2,7,1,5,1,5
4169679,1426,2,23,3,11,4,5,-0.00016,0.00189,0.7628,2714,0,0,0,0,0,0,54,817,1177,0,0,0,0,2,2,1,2,1,9,3,3
4177824,1427,2,27,1,11,1,14,-0.00014,0.00019,0.7574,3627,0,0,0,0,0,0,47,823,1178,0,1,0,0,0,6,0,6,1,4,1,8
4185964,1428,2,30,1,17,3,9,5e-05,0.00078,0.7464,3769,0,0,0,0,0,0,41,746,1261,0,0,0,0,1,7,1,4,0,10,2,5
4194110,1429,2,30,0,14,1,15,5e-05,0.0,0.7558,3669,0,0,0,0,0,0,33,764,1251,0,1,0,0,0,5,0,4,0,8,1,11
4202255,1430,2,30,1,14,3,12,-0.00014,0.00062,0.7614,3674,0,0,0,0,0,0,36,750,1262,0,0,0,0,0,4,0,5,1,10,3,7
4210401,1431,2,30,1,14,1,14,0.00018,0.00064,0.7833,3610,0,0,0,0,0,0,50,783,1215,0,0,0,0,1,3,0,9,0,11,1,5
4218544,1432,2,26,2,11,1,12,-0.00036,0.00064,0.7963,3477,0,0,0,0,0,0,41,761,1246,0,0,0,0,1,3,1,3,1,8,0,9
4226684,1433,2,29,1,14,3,11,-0.00016,2e-05,0.8417,3526,0,0,0,0,0,0,69,833,1146,0,1,0,1,1,4,1,6,0,9,2,4
4234816,1434,2,37,0,22,1,14,-0.00144,0.0,0.8344,3750,0,0,0,0,0,0,95,911,1042,0,2,0,1,0,7,1,4,0,13,0,9
4242970,1435,2,20,1,4,2,13,-0.00038,0.00028,0.8297,3628,0,0,0,0,0,0,90,957,1001,0,0,0,1,1,2,2,4,0,2,0,8
4251125,1436,2,23,0,9,2,12,-0.00082,0.0,0.8202,3603,0,0,0,0,0,0,67,943,1038,0,0,0,2,0,2,1,4,0,7,1,6
4259268,1437,2,30,1,14,2,13,0.00039,0.00065,0.8196,3405,0,0,0,0,0,0,68,993,987,0,1,0,1,1,5,0,4,0,8,2,8
4267413,1438,2,25,2,8,3,12,2e-05,0.00176,0.8109,3495,0,0,0,0,0,0,70,1056,922,0,0,0,0,1,1,1,5,1,7,2,7
4275552,1439,2,36,2,17,3,14,-0.00084,0.00128,0.8542,3692,0,0,0,0,0,0,79,1044,925,0,0,0,0,0,6,1,9,2,11,2,5
4283707,1440,2,20,0,5,1,14,-0.00072,1e-05,0.8091,3597,0,0,0,0,0,0,91,1031,926,0,1,0,0,0,3,0,9,0,1,1,5
4291852,1441,2,25,3,7,1,14,-0.00051,0.00117,0.8528,3639,0,0,0,0,0,0,83,1189,776,0,0,0,0,0,6,0,11,3,1,1,3
4299995,1442,2,28,2,14,5,7,-0.00088,8e-05,0.8773,3626,0,0,0,0,0,0,107,1116,825,1,1,0,0,0,7,1,5,1,6,4,2
4308141,1443,2,30,1,16,1,12,-0.00094,0.00081,0.8413,3606,0,0,0,0,0,0,125,1049,874,0,1,0,1,0,8,1,3,1,7,0,8
4316280,1444,2,26,1,11,2,12,-0.00101,0.00029,0.8496,3582,0,0,0,0,0,0,79,1096,873,1,2,0,1,0,1,1,3,0,8,1,8
4324409,1445,2,32,0,18,0,14,-0.00022,0.0,0.8465,3557,0,0,0,0,0,0,106,1026,916,0,1,0,1,0,7,0,9,0,10,0,4
4332564,1446,2,26,1,12,5,8,-0.00059,0.00091,0.8222,3428,0,0,0,0,0,0,102,974,972,0,0,2,1,0,6,0,4,1,6,3,3
4340705,1447,2,33,1,17,2,13,-0.00042,0.0002,0.8167,3579,0,0,0,0,0,0,60,1005,983,0,0,0,1,0,6,2,8,1,11,0,4
4348847,1448,2,27,1,7,5,14,-2e-05,0.00051,0.832,3633,0,0,0,0,0,0,65,943,1040,0,0,0,0,1,4,1,7,0,3,4,7
4356993,1449,2,27,0,13,1,13,-0.00155,0.0,0.8152,3562,0,0,0,0,0,0,75,994,979,0,2,1,1,0,4,0,6,0,7,0,6
4365145,1450,2,25,2,11,0,12,-0.00085,0.001,0.8419,3699,0,0,0,0,0,0,94,1030,924,0,1,0,1,1,7,0,7,1,3,0,4
4373288,1451,2,29,0,14,3,12,-0.00022,0.0,0.8171,3550,0,0,0,0,0,0,88,1129,831,0,1,0,1,0,6,2,8,0,7,1,3
4381420,1452,2,27,2,10,3,12,-0.00074,0.00061,0.8654,3613,0,0,0,0,0,0,96,1122,830,1,1,0,1,1,4,3,3,0,5,0,8
4389570,1453,2,27,2,14,1,10,-0.00044,0.00054,0.8481,3730,0,0,0,0,0,0,104,1105,839,0,0,0,0,2,8,0,8,0,6,1,2
4397706,1454,2,28,2,13,3,10,-0.00068,0.00075,0.823,3542,0,0,0,0,0,0,103,1098,847,0,0,0,0,1,6,2,5,1,7,1,5
4405845,1455,2,29,3,11,3,12,-0.00019,0.00126,0.8079,3667,0,0,0,0,0,0,61,1203,784,1,0,0,0,2,4,2,9,0,7,1,3
4413988,1456,2,26,2,11,3,10,-0.00201,0.00061,0.8534,3665,0,0,0,0,0,0,82,1150,816,0,2,2,0,1,5,1,4,1,4,0,6
4422131,1457,2,29,0,13,3,13,-0.0023,1e-05,0.8411,3764,0,0,0,0,0,0,111,1067,870,0,2,0,1,0,7,1,5,0,4,2,7
4430276,1458,2,26,3,12,0,11,0.00022,0.00093,0.8534,3618,0,0,0,0,0,0,96,1048,904,0,1,0,0,2,6,0,7,1,5,0,4
4438426,1459,2,23,1,8,1,13,-0.00226,9e-05,0.8958,3477,0,0,0,0,0,0,102,969,977,1,0,0,0,0,3,0,5,0,5,1,8
4446564,1460,2,35,2,21,3,9,-0.00097,0.00058,0.8896,3550,0,0,0,0,0,0,174,949,925,0,2,0,2,0,10,1,4,2,9,2,3
4454703,1461,2,31,1,19,3,8,-0.00097,0.00012,0.834,3643,0,0,0,0,0,0,125,1004,919,0,5,1,1,1,4,1,1,0,10,1,6
4462837,1462,2,33,0,16,4,13,-0.00159,0.0,0.7844,3736,0,0,0,0,0,0,69,1079,900,0,1,0,0,0,11,0,7,0,4,4,6
4470976,1463,2,32,2,15,3,12,0.00026,0.00073,0.8022,3739,0,0,0,0,0,0,57,1169,822,0,0,0,0,1,7,2,5,1,8,1,7
4479122,1464,2,28,2,13,3,10,-0.00166,9e-05,0.7585,3680,0,0,0,0,0,0,45,1205,798,0,1,0,1,2,6,1,6,0,6,2,3
4487269,1465,2,26,0,9,3,14,-0.00049,0.0,0.7236,3687,0,0,0,0,0,0,42,1342,664,0,0,0,0,0,4,1,9,0,5,2,5
4495417,1466,2,29,1,17,1,10,0.00015,0.00071,0.7304,3907,0,0,0,0,0,0,40,1375,633,0,0,0,0,1,11,1,4,0,6,0,6
4503561,1467,2,30,0,14,4,12,-0.00018,0.0,0.7598,3616,0,0,0,0,0,0,60,1348,640,0,0,0,0,0,8,2,7,0,6,2,5
4511700,1468,2,38,1,22,3,12,-0.00202,0.00019,0.693,3681,0,0,0,0,0,0,56,1342,650,0,0,0,0,1,12,2,8,0,10,1,4
4519845,1469,2,23,2,9,2,10,-0.00043,0.00069,0.6508,3745,0,0,0,0,0,0,31,1532,485,0,1,0,1,1,3,2,6,1,5,0,3
4527999,1470,2,29,0,14,3,12,-6e-05,0.0,0.705,3692,0,0,0,0,0,0,61,1425,562,0,1,0,1,0,6,2,7,0,7,1,4
4536136,1471,2,31,2,11,2,16,0.0003,0.00176,0.6947,3559,0,0,0,0,0,0,44,1429,575,0,0,0,0,2,10,1,13,0,1,1,3
4544280,1472,2,31,1,17,1,12,-0.00023,0.00077,0.7024,3024,0,0,0,0,0,0,31,1417,600,0,0,0,0,1,8,0,9,0,9,1,3
4552427,1473,2,25,0,14,2,9,0.0001,1e-05,0.754,3152,0,0,0,0,0,0,73,1332,643,0,1,0,1,0,10,1,7,0,3,1,1
4560565,1474,2,31,1,12,3,15,3e-05,0.0002,0.7457,3188,0,0,0,0,0,0,49,1346,653,0,0,0,0,1,5,1,9,0,7,2,6
4568706,1475,2,30,0,19,4,7,-0.00047,0.0,0.7869,3414,0,0,0,0,0,0,51,1213,784,0,0,0,0,0,6,3,3,0,13,1,4
4576850,1476,2,26,1,9,1,15,-3e-05,0.00068,0.7781,3227,0,0,0,0,0,0,56,1222,770,0,1,0,1,1,7,0,7,0,1,1,7
4584991,1477,2,26,1,11,2,12,-0.0001,0.00013,0.8002,3198,0,0,0,0,0,0,72,1223,753,0,1,0,1,0,3,1,5,1,7,1,6
4593126,1478,2,33,2,13,8,10,-0.00199,0.00057,0.8127,3445,0,0,0,0,0,0,80,1251,717,0,0,0,0,0,9,2,6,2,4,6,4
4601264,1479,2,27,2,9,4,12,-0.00094,0.00101,0.8825,3438,0,0,0,0,0,0,134,1142,772,0,1,0,1,1,4,1,4,1,4,3,7
4609413,1480,2,26,0,10,2,14,-0.0004,0.0,0.8856,3479,0,0,0,0,0,0,119,1087,842,0,0,0,0,0,6,0,7,0,4,2,7
4617555,1481,2,26,1,9,2,14,-0.00014,0.0004,0.893,3573,0,0,0,0,0,0,132,1013,903,0,0,0,2,1,4,0,5,0,5,2,7
4625706,1482,2,25,3,12,0,10,0.00022,0.0002,0.8948,3359,0,0,0,0,0,0,127,979,942,0,2,0,1,1,8,0,3,2,2,0,6
4633854,1483,2,30,1,17,2,10,-0.00048,0.00031,0.9563,3537,0,0,0,0,0,0,153,967,928,1,1,0,1,0,8,0,4,0,8,2,5
4641997,1484,2,25,1,10,0,14,-0.0003,0.00079,0.964,3441,0,0,0,0,0,0,263,930,855,0,2,0,3,0,4,0,3,1,4,0,8
4650129,1485,2,29,1,13,2,13,-0.00012,0.00061,0.9615,3072,0,0,0,0,0,0,191,955,902,0,1,0,2,0,8,2,5,1,4,0,6
4658260,1486,2,33,1,18,2,12,-0.00094,0.00104,1.0003,3487,0,0,0,0,0,0,245,916,887,0,2,0,1,0,7,0,6,1,9,2,5
4666403,1487,2,28,2,15,2,9,-4e-05,0.00057,1.0179,3625,0,0,0,0,0,0,306,829,913,0,3,1,1,1,6,1,3,1,6,0,5
4674542,1488,2,31,1,15,5,10,0.0001,0.00032,1.022,3868,0,0,0,0,0,0,326,876,846,0,1,1,2,1,5,1,2,0,9,3,6
4682681,1489,2,30,1,16,1,12,0.00012,0.0008,1.0267,3595,0,0,0,0,0,0,330,826,892,0,4,1,1,1,3,0,5,0,9,0,6
4690823,1490,2,27,0,11,1,15,-0.00019,0.0,1.0262,3579,0,0,0,0,0,0,370,802,876,0,5,0,7,0,1,0,5,0,5,1,3
4698961,1491,2,30,2,15,1,12,-0.00061,0.00119,0.9914,3762,0,0,0,0,0,0,323,851,874,1,2,0,3,0,7,1,4,1,6,0,5
4707104,1492,2,25,0,9,2,14,-0.0007,0.0,0.9661,3391,0,0,0,0,0,0,275,878,895,0,1,0,3,0,5,0,5,0,3,2,6
4715248,1493,2,31,3,13,6,9,-0.00104,0.0013,0.914,3624,0,0,0,0,0,0,200,910,938,0,1,0,1,2,3,5,4,1,9,1,4
4723396,1494,2,26,0,10,7,9,-0.00037,1e-05,0.916,3424,0,0,0,0,0,0,142,960,946,0,0,0,0,0,4,3,5,0,6,4,4
4731544,1495,2,30,3,13,2,12,-0.00099,0.00105,0.8874,3550,0,0,0,0,0,0,165,916,967,0,2,0,0,2,4,2,8,1,7,0,4
4739680,1496,2,31,0,16,4,11,-0.00015,1e-05,0.873,3593,0,0,0,0,0,0,126,954,968,0,1,0,1,0,6,2,5,0,9,2,5
4747821,1497,2,28,1,13,2,12,-0.00029,0.00108,0.8695,3535,0,0,0,0,0,0,103,926,1019,0,0,0,0,0,4,2,8,1,9,0,4
4755967,1498,2,25,2,9,3,11,-0.00065,0.00015,0.9244,3351,0,0,0,0,0,0,167,891,990,1,1,1,1,0,3,0,3,1,5,2,7
4764106,1499,2,33,3,16,3,11,-0.00063,0.0005,0.9481,3581,0,0,0,0,0,0,179,833,1036,0,1,1,1,0,4,0,7,3,11,2,3
4772267,1500,2,21,1,7,5,8,-0.00063,0.0001,0.9642,3677,0,0,0,0,0,0,265,808,975,0,1,0,2,0,2,2,5,1,4,3,1
4780395,1501,2,36,1,19,2,14,0.00012,0.00026,0.9165,3538,0,0,0,0,0,0,184,832,1032,0,4,1,1,0,7,0,5,1,8,1,8
4788549,1502,2,24,0,9,2,13,-6e-05,0.0,0.9242,3371,0,0,0,0,0,0,136,893,1019,0,1,0,1,0,1,0,5,0,7,2,7
4796680,1503,2,34,2,17,1,14,-0.00066,0.00123,0.9007,3425,0,0,0,0,0,0,173,891,984,0,1,0,0,0,5,1,3,2,11,0,11
4804814,1504,2,33,0,16,4,13,-0.0014,0.0,0.8603,3520,0,0,0,0,0,0,107,883,1058,0,2,0,1,0,6,2,6,0,8,2,6
4812946,1505,2,35,1,19,4,11,0.00025,0.00061,0.8707,3503,0,0,0,0,0,0,105,859,1084,0,1,0,0,0,7,1,6,1,11,3,5
4821088,1506,2,32,1,15,4,12,-0.00011,0.00039,0.8805,3372,0,0,0,0,0,0,121,856,1071,0,4,0,1,0,3,1,6,1,8,3,5
4829243,1507,2,22,1,7,4,10,-0.00029,0.00013,0.8966,3319,0,0,0,0,0,0,161,826,1061,0,0,0,2,0,3,2,4,1,4,2,4
4837385,1508,2,30,0,14,3,13,0.0003,0.0,0.8695,3317,0,0,0,0,0,0,130,835,1083,0,2,1,0,0,5,0,6,0,7,2,7
4845524,1509,2,36,5,18,4,9,0.00012,0.00185,0.8862,3506,0,0,0,0,0,0,137,828,1083,2,1,0,1,1,3,1,4,2,14,3,4
4853668,1510,2,31,0,17,4,10,0.0002,0.0,0.9008,3291,0,0,0,0,0,0,171,803,1074,0,3,0,0,0,2,0,2,0,12,4,8
4861807,1511,2,31,0,18,2,11,5e-05,0.0,0.921,3425,0,0,0,0,0,0,162,821,1065,0,5,0,0,0,5,1,6,0,8,1,5
4869943,1512,2,29,3,9,1,16,-0.00023,0.00122,0.9193,3366,0,0,0,0,0,0,170,848,1030,0,0,0,0,0,3,0,6,3,6,1,10
4878097,1513,2,33,2,18,2,11,-0.00074,0.0006,0.8683,3464,0,0,0,0,0,0,152,833,1063,0,1,0,0,1,7,2,5,1,10,0,6
4886248,1514,2,23,1,8,0,14,-0.00191,0.00019,0.8798,3367,0,0,0,0,0,0,116,801,1131,0,0,0,1,1,1,0,6,0,7,0,7
4894390,1515,2,31,1,16,3,11,-0.00022,3e-05,0.8897,3511,0,0,0,0,0,0,164,832,1052,0,1,0,0,0,6,1,3,1,9,2,8
4902538,1516,2,22,1,6,2,13,0.00039,0.00103,0.8573,3259,0,0,0,0,0,0,113,823,1112,0,0,0,1,0,1,2,6,1,5,0,6
4910674,1517,2,30,1,13,2,14,0.00046,0.00023,0.8651,3377,0,0,0,0,0,0,87,827,1134,0,0,0,0,0,2,1,5,1,11,1,9
4918812,1518,2,29,0,14,1,14,-7e-05,0.0,0.8541,3358,0,0,0,0,0,0,137,827,1084,0,1,0,1,0,5,0,6,0,8,1,7
4926947,1519,2,33,1,16,0,16,-0.00054,0.00072,0.8292,3215,0,0,0,0,0,0,86,863,1099,0,1,0,0,0,4,0,9,1,11,0,7
4935096,1520,2,27,0,12,4,11,-0.00093,0.0,0.8241,3136,0,0,0,0,0,0,76,870,1102,0,0,0,2,0,4,2,3,0,8,2,6
4943249,1521,2,22,1,6,4,11,-0.00048,0.00045,0.8288,3343,0,0,0,0,0,0,85,966,997,0,4,0,1,1,1,2,6,0,1,2,4
4951397,1522,2,24,1,8,1,14,-0.00013,0.001,0.8237,3131,0,0,0,0,0,0,58,1010,980,0,0,0,1,1,3,0,5,0,5,1,8
4959530,1523,2,33,0,19,1,13,-0.00043,0.0,0.8697,3082,0,0,0,0,0,0,94,970,984,0,2,0,0,0,3,0,3,0,14,1,10
4967665,1524,2,30,0,18,1,11,-0.00094,0.0,0.8809,3252,0,0,0,0,0,0,126,1042,880,0,3,0,0,0,5,0,8,0,10,1,3
4975808,1525,2,26,0,10,4,12,-0.00025,0.0,0.8718,3411,0,0,0,0,0,0,121,1011,916,0,0,0,0,0,2,2,9,0,8,2,3
4983943,1526,2,28,1,14,4,9,-0.00027,0.00011,0.9081,3390,0,0,0,0,0,0,130,1109,809,0,0,0,1,0,7,2,4,1,7,2,4
4992081,1527,2,31,1,17,1,12,-0.00151,0.00064,0.9501,3375,0,0,0,0,0,0,175,1018,855,1,2,0,1,0,8,1,7,0,7,0,4
5000216,1528,2,36,1,18,2,15,-0.0002,0.00083,0.9866,3049,0,0,0,0,0,0,240,960,848,0,3,0,3,0,5,1,8,1,10,1,4
