global_step,update,phase,episodes,success,lava,ball,timeout,pg_loss,v_loss,entropy,sps,sub_navigate_n,sub_navigate_success,sub_hazard_n,sub_hazard_success,sub_key_door_n,sub_key_door_success,choose_navigate,choose_hazard,choose_key_door,success_under_navigate,lava_under_navigate,ball_under_navigate,timeout_under_navigate,success_under_hazard,lava_under_hazard,ball_under_hazard,timeout_under_hazard,success_under_key_door,lava_under_key_door,ball_under_key_door,timeout_under_key_door
2048,1,0,4,0,4,0,0,-0.00074,1e-05,1.9458,2668,0,0,0,0,0,0,0,0,0,0,0,0,0,0,0,0,0,0,0,0,0
4096,2,0,15,0,2,0,13,-0.00165,0.0,1.9437,2749,0,0,0,0,0,0,0,0,0,0,0,0,0,0,0,0,0,0,0,0,0
6144,3,0,8,0,5,0,3,-0.00224,5e-05,1.92,2780,0,0,0,0,0,0,0,0,0,0,0,0,0,0,0,0,0,0,0,0,0
8192,4,0,14,0,3,0,11,-0.00042,1e-05,1.9218,2849,0,0,0,0,0,0,0,0,0,0,0,0,0,0,0,0,0,0,0,0,0
10240,5,0,21,0,6,1,14,-0.00349,0.0,1.9111,2937,0,0,0,0,0,0,0,0,0,0,0,0,0,0,0,0,0,0,0,0,0
12288,6,0,6,0,4,0,2,-0.00173,0.0,1.9207,2947,0,0,0,0,0,0,0,0,0,0,0,0,0,0,0,0,0,0,0,0,0
14336,7,0,18,0,6,0,12,-0.00098,0.0,1.9257,2834,0,0,0,0,0,0,0,0,0,0,0,0,0,0,0,0,0,0,0,0,0
16384,8,0,12,0,3,0,9,5e-05,0.0,1.9057,3017,0,0,0,0,0,0,0,0,0,0,0,0,0,0,0,0,0,0,0,0,0
18432,9,0,16,0,10,0,6,-0.00256,0.0,1.8873,3197,0,0,0,0,0,0,0,0,0,0,0,0,0,0,0,0,0,0,0,0,0
20480,10,0,15,0,5,0,10,-0.00205,0.0,1.8813,3055,0,0,0,0,0,0,0,0,0,0,0,0,0,0,0,0,0,0,0,0,0
22528,11,0,15,1,6,0,8,-0.00353,0.00052,1.8551,3086,0,0,0,0,0,0,0,0,0,0,0,0,0,0,0,0,0,0,0,0,0
24576,12,0,19,0,10,0,9,-0.00167,0.0,1.8861,2956,0,0,0,0,0,0,0,0,0,0,0,0,0,0,0,0,0,0,0,0,0
26624,13,0,9,0,3,0,6,-0.00245,0.0,1.9071,2890,0,0,0,0,0,0,0,0,0,0,0,0,0,0,0,0,0,0,0,0,0
28672,14,0,14,0,4,0,10,-0.00071,0.0,1.914,2778,0,0,0,0,0,0,0,0,0,0,0,0,0,0,0,0,0,0,0,0,0
30720,15,0,13,0,2,0,11,-0.00061,0.0,1.9099,2841,0,0,0,0,0,0,0,0,0,0,0,0,0,0,0,0,0,0,0,0,0
32768,16,0,15,0,7,0,8,-0.0008,0.0,1.9144,2932,0,0,0,0,0,0,0,0,0,0,0,0,0,0,0,0,0,0,0,0,0
34816,17,0,15,0,7,0,8,-0.0008,0.0,1.914,2959,0,0,0,0,0,0,0,0,0,0,0,0,0,0,0,0,0,0,0,0,0
36864,18,0,16,0,6,1,9,-0.00012,0.0,1.9005,3073,0,0,0,0,0,0,0,0,0,0,0,0,0,0,0,0,0,0,0,0,0
38912,19,0,13,0,5,0,8,-0.0008,0.0,1.9203,3145,0,0,0,0,0,0,0,0,0,0,0,0,0,0,0,0,0,0,0,0,0
40960,20,0,11,1,2,1,7,-4e-05,0.00053,1.9352,2948,0,0,0,0,0,0,0,0,0,0,0,0,0,0,0,0,0,0,0,0,0
43008,21,0,14,0,5,0,9,-0.0007,0.0,1.9326,2989,0,0,0,0,0,0,0,0,0,0,0,0,0,0,0,0,0,0,0,0,0
45056,22,0,16,1,8,0,7,-0.00178,4e-05,1.9243,2800,0,0,0,0,0,0,0,0,0,0,0,0,0,0,0,0,0,0,0,0,0
47104,23,0,16,0,7,0,9,-0.0013,0.0,1.8827,2675,0,0,0,0,0,0,0,0,0,0,0,0,0,0,0,0,0,0,0,0,0
49152,24,0,11,1,2,0,8,-0.00176,0.00046,1.8596,2669,0,0,0,0,0,0,0,0,0,0,0,0,0,0,0,0,0,0,0,0,0
51200,25,0,18,0,9,1,8,-0.00237,0.0,1.8587,2742,0,0,0,0,0,0,0,0,0,0,0,0,0,0,0,0,0,0,0,0,0
53248,26,0,17,0,9,0,8,-0.00215,0.0,1.8373,3050,0,0,0,0,0,0,0,0,0,0,0,0,0,0,0,0,0,0,0,0,0
55296,27,0,9,0,2,0,7,-0.0015,0.0,1.8345,3127,0,0,0,0,0,0,0,0,0,0,0,0,0,0,0,0,0,0,0,0,0
57344,28,0,14,0,4,0,10,-0.00251,0.0,1.812,2680,0,0,0,0,0,0,0,0,0,0,0,0,0,0,0,0,0,0,0,0,0
59392,29,0,12,0,3,0,9,-0.00081,0.0,1.8487,2848,0,0,0,0,0,0,0,0,0,0,0,0,0,0,0,0,0,0,0,0,0
61440,30,0,12,0,2,0,10,-0.00142,0.0,1.843,3018,0,0,0,0,0,0,0,0,0,0,0,0,0,0,0,0,0,0,0,0,0
63488,31,0,17,0,5,0,12,-0.00357,0.0,1.8186,3157,0,0,0,0,0,0,0,0,0,0,0,0,0,0,0,0,0,0,0,0,0
65536,32,0,6,0,2,0,4,-0.00304,0.0,1.8425,3082,0,0,0,0,0,0,0,0,0,0,0,0,0,0,0,0,0,0,0,0,0
67584,33,0,24,0,9,1,14,-0.00147,0.0,1.8529,3176,0,0,0,0,0,0,0,0,0,0,0,0,0,0,0,0,0,0,0,0,0
69632,34,0,10,1,3,0,6,-0.0005,0.00035,1.8555,3098,0,0,0,0,0,0,0,0,0,0,0,0,0,0,0,0,0,0,0,0,0
71680,35,0,12,0,3,0,9,-4e-05,0.0,1.8637,2988,0,0,0,0,0,0,0,0,0,0,0,0,0,0,0,0,0,0,0,0,0
73728,36,0,15,2,3,0,10,-0.00069,0.00054,1.866,2679,0,0,0,0,0,0,0,0,0,0,0,0,0,0,0,0,0,0,0,0,0
75776,37,0,13,0,5,0,8,-0.00126,0.0,1.8968,2988,0,0,0,0,0,0,0,0,0,0,0,0,0,0,0,0,0,0,0,0,0
77824,38,0,12,0,3,0,9,-0.00053,0.0,1.9161,3000,0,0,0,0,0,0,0,0,0,0,0,0,0,0,0,0,0,0,0,0,0
79872,39,0,13,0,3,0,10,6e-05,0.0,1.9246,2880,0,0,0,0,0,0,0,0,0,0,0,0,0,0,0,0,0,0,0,0,0
81920,40,0,13,0,5,0,8,-0.00017,0.0,1.9259,2767,0,0,0,0,0,0,0,0,0,0,0,0,0,0,0,0,0,0,0,0,0
83968,41,0,14,0,5,0,9,-0.0004,0.0,1.9271,2817,0,0,0,0,0,0,0,0,0,0,0,0,0,0,0,0,0,0,0,0,0
86016,42,0,15,0,6,0,9,-0.00111,0.0,1.9112,2899,0,0,0,0,0,0,0,0,0,0,0,0,0,0,0,0,0,0,0,0,0
88064,43,0,12,0,3,0,9,-0.00123,0.0,1.886,3004,0,0,0,0,0,0,0,0,0,0,0,0,0,0,0,0,0,0,0,0,0
90112,44,0,15,0,7,1,7,-0.0002,0.0,1.8713,2731,0,0,0,0,0,0,0,0,0,0,0,0,0,0,0,0,0,0,0,0,0
92160,45,0,13,0,3,0,10,-0.00078,0.0,1.8807,2636,0,0,0,0,0,0,0,0,0,0,0,0,0,0,0,0,0,0,0,0,0
94208,46,0,14,0,7,0,7,-0.00076,0.0,1.8547,2848,0,0,0,0,0,0,0,0,0,0,0,0,0,0,0,0,0,0,0,0,0
96256,47,0,15,0,6,0,9,-0.00178,0.0,1.8499,2919,0,0,0,0,0,0,0,0,0,0,0,0,0,0,0,0,0,0,0,0,0
98304,48,0,13,0,6,0,7,-0.0009,0.0,1.8771,2896,0,0,0,0,0,0,0,0,0,0,0,0,0,0,0,0,0,0,0,0,0
100352,49,0,14,0,3,0,11,-0.00303,0.0,1.905,2924,0,0,0,0,0,0,0,0,0,0,0,0,0,0,0,0,0,0,0,0,0
102400,50,0,12,0,4,0,8,-0.00124,0.0,1.9334,3023,0,0,0,0,0,0,0,0,0,0,0,0,0,0,0,0,0,0,0,0,0
104448,51,0,16,0,7,0,9,-0.00123,0.0,1.9408,2855,0,0,0,0,0,0,0,0,0,0,0,0,0,0,0,0,0,0,0,0,0
106496,52,0,15,0,4,0,11,-0.00128,0.0,1.9454,3046,0,0,0,0,0,0,0,0,0,0,0,0,0,0,0,0,0,0,0,0,0
108544,53,0,8,0,2,0,6,-0.00082,0.0,1.9449,2806,0,0,0,0,0,0,0,0,0,0,0,0,0,0,0,0,0,0,0,0,0
110592,54,0,13,0,0,0,13,-0.00028,0.0,1.9432,2885,0,0,0,0,0,0,0,0,0,0,0,0,0,0,0,0,0,0,0,0,0
112640,55,0,13,0,3,0,10,-0.00012,0.0,1.945,2875,0,0,0,0,0,0,0,0,0,0,0,0,0,0,0,0,0,0,0,0,0
114688,56,0,10,0,2,0,8,-6e-05,0.0,1.9451,2818,0,0,0,0,0,0,0,0,0,0,0,0,0,0,0,0,0,0,0,0,0
116736,57,0,11,0,2,0,9,-0.00062,0.0,1.9432,2944,0,0,0,0,0,0,0,0,0,0,0,0,0,0,0,0,0,0,0,0,0
118784,58,0,17,0,5,0,12,-0.00258,0.0,1.9236,2829,0,0,0,0,0,0,0,0,0,0,0,0,0,0,0,0,0,0,0,0,0
120832,59,0,14,0,7,0,7,-0.00154,0.0,1.927,2764,0,0,0,0,0,0,0,0,0,0,0,0,0,0,0,0,0,0,0,0,0
122880,60,0,15,0,7,0,8,-0.00179,0.0,1.9376,2989,0,0,0,0,0,0,0,0,0,0,0,0,0,0,0,0,0,0,0,0,0
124928,61,0,11,0,4,0,7,-0.00097,0.0,1.9199,3000,0,0,0,0,0,0,0,0,0,0,0,0,0,0,0,0,0,0,0,0,0
126976,62,0,16,0,8,0,8,-0.0011,0.0,1.9091,3212,0,0,0,0,0,0,0,0,0,0,0,0,0,0,0,0,0,0,0,0,0
129024,63,0,17,0,4,0,13,-0.00239,0.0,1.8812,3120,0,0,0,0,0,0,0,0,0,0,0,0,0,0,0,0,0,0,0,0,0
131072,64,0,9,0,5,0,4,-0.00146,0.0,1.9091,2813,0,0,0,0,0,0,0,0,0,0,0,0,0,0,0,0,0,0,0,0,0
133120,65,0,17,0,5,0,12,-0.00048,0.0,1.9219,2877,0,0,0,0,0,0,0,0,0,0,0,0,0,0,0,0,0,0,0,0,0
135168,66,0,15,0,8,0,7,-0.0005,0.0,1.907,2701,0,0,0,0,0,0,0,0,0,0,0,0,0,0,0,0,0,0,0,0,0
137216,67,0,14,0,7,0,7,-0.00395,0.0,1.8652,2801,0,0,0,0,0,0,0,0,0,0,0,0,0,0,0,0,0,0,0,0,0
139264,68,0,13,0,3,0,10,-0.00017,0.0,1.8652,2786,0,0,0,0,0,0,0,0,0,0,0,0,0,0,0,0,0,0,0,0,0
141312,69,0,14,0,5,0,9,-0.0015,0.0,1.888,2725,0,0,0,0,0,0,0,0,0,0,0,0,0,0,0,0,0,0,0,0,0
143360,70,0,16,0,7,0,9,-0.00296,0.0,1.9093,2785,0,0,0,0,0,0,0,0,0,0,0,0,0,0,0,0,0,0,0,0,0
145408,71,0,11,0,2,1,8,-0.00322,0.0,1.9097,2866,0,0,0,0,0,0,0,0,0,0,0,0,0,0,0,0,0,0,0,0,0
147456,72,0,15,1,4,0,10,-0.00025,4e-05,1.8901,2653,0,0,0,0,0,0,0,0,0,0,0,0,0,0,0,0,0,0,0,0,0
149504,73,0,11,1,4,0,6,-0.00241,4e-05,1.8465,2823,0,0,0,0,0,0,0,0,0,0,0,0,0,0,0,0,0,0,0,0,0
151552,74,0,18,0,10,0,8,-0.00348,0.0,1.8589,2817,0,0,0,0,0,0,0,0,0,0,0,0,0,0,0,0,0,0,0,0,0
153600,75,0,11,0,5,0,6,-0.00186,0.0,1.8239,2963,0,0,0,0,0,0,0,0,0,0,0,0,0,0,0,0,0,0,0,0,0
155648,76,0,18,0,11,0,7,-0.00059,0.0,1.7934,3000,0,0,0,0,0,0,0,0,0,0,0,0,0,0,0,0,0,0,0,0,0
157696,77,0,16,0,4,0,12,-0.00014,0.0,1.8379,2770,0,0,0,0,0,0,0,0,0,0,0,0,0,0,0,0,0,0,0,0,0
159744,78,0,11,0,7,0,4,-0.00027,0.0,1.8031,2519,0,0,0,0,0,0,0,0,0,0,0,0,0,0,0,0,0,0,0,0,0
161792,79,0,17,0,9,0,8,-0.00289,0.0,1.8746,2795,0,0,0,0,0,0,0,0,0,0,0,0,0,0,0,0,0,0,0,0,0
163840,80,0,12,0,4,0,8,-0.00114,0.0,1.8692,2972,0,0,0,0,0,0,0,0,0,0,0,0,0,0,0,0,0,0,0,0,0
165888,81,0,13,0,4,0,9,-0.00102,0.0,1.8518,2883,0,0,0,0,0,0,0,0,0,0,0,0,0,0,0,0,0,0,0,0,0
167936,82,0,11,0,0,1,10,-0.00277,0.0,1.8729,2791,0,0,0,0,0,0,0,0,0,0,0,0,0,0,0,0,0,0,0,0,0
169984,83,0,10,0,3,0,7,-0.00085,0.0,1.8897,2991,0,0,0,0,0,0,0,0,0,0,0,0,0,0,0,0,0,0,0,0,0
172032,84,0,13,0,2,0,11,-0.00398,0.0,1.8298,2862,0,0,0,0,0,0,0,0,0,0,0,0,0,0,0,0,0,0,0,0,0
174080,85,0,15,0,9,0,6,-0.0006,0.0,1.8368,3051,0,0,0,0,0,0,0,0,0,0,0,0,0,0,0,0,0,0,0,0,0
176128,86,0,15,0,5,1,9,-0.0007,0.0,1.8546,2712,0,0,0,0,0,0,0,0,0,0,0,0,0,0,0,0,0,0,0,0,0
178176,87,0,14,0,4,0,10,-0.00245,0.0,1.8985,2911,0,0,0,0,0,0,0,0,0,0,0,0,0,0,0,0,0,0,0,0,0
180224,88,0,12,0,4,0,8,-0.00098,0.0,1.9004,2538,0,0,0,0,0,0,0,0,0,0,0,0,0,0,0,0,0,0,0,0,0
182272,89,0,13,0,5,0,8,-0.00026,0.0,1.8776,2754,0,0,0,0,0,0,0,0,0,0,0,0,0,0,0,0,0,0,0,0,0
184320,90,0,16,0,4,0,12,-0.00044,0.0,1.8858,2813,0,0,0,0,0,0,0,0,0,0,0,0,0,0,0,0,0,0,0,0,0
186368,91,0,10,0,2,0,8,-0.00309,0.0,1.9125,2920,0,0,0,0,0,0,0,0,0,0,0,0,0,0,0,0,0,0,0,0,0
188416,92,0,15,0,7,0,8,-0.00052,0.0,1.9293,2887,0,0,0,0,0,0,0,0,0,0,0,0,0,0,0,0,0,0,0,0,0
190464,93,0,14,0,5,0,9,-0.00125,0.0,1.9371,2726,0,0,0,0,0,0,0,0,0,0,0,0,0,0,0,0,0,0,0,0,0
192512,94,0,13,0,6,0,7,-9e-05,0.0,1.9415,2977,0,0,0,0,0,0,0,0,0,0,0,0,0,0,0,0,0,0,0,0,0
194560,95,0,13,0,3,0,10,-0.0005,0.0,1.9387,2944,0,0,0,0,0,0,0,0,0,0,0,0,0,0,0,0,0,0,0,0,0
196608,96,0,14,0,4,1,9,9e-05,0.0,1.9358,2884,0,0,0,0,0,0,0,0,0,0,0,0,0,0,0,0,0,0,0,0,0
198656,97,0,12,0,3,0,9,-0.00022,0.0,1.9358,2852,0,0,0,0,0,0,0,0,0,0,0,0,0,0,0,0,0,0,0,0,0
200704,98,0,12,0,3,0,9,-0.00084,0.0,1.9305,2490,0,0,0,0,0,0,0,0,0,0,0,0,0,0,0,0,0,0,0,0,0
202752,99,0,14,0,3,0,11,-0.00123,0.0,1.9185,2954,0,0,0,0,0,0,0,0,0,0,0,0,0,0,0,0,0,0,0,0,0
204800,100,0,14,0,5,0,9,0.00014,0.0,1.9065,2565,0,0,0,0,0,0,0,0,0,0,0,0,0,0,0,0,0,0,0,0,0
206848,101,0,12,0,3,0,9,-0.00037,0.0,1.9174,2689,0,0,0,0,0,0,0,0,0,0,0,0,0,0,0,0,0,0,0,0,0
208896,102,0,11,0,2,0,9,-0.00016,0.0,1.9225,3138,0,0,0,0,0,0,0,0,0,0,0,0,0,0,0,0,0,0,0,0,0
210944,103,0,17,0,7,0,10,-0.00024,0.0,1.9245,2963,0,0,0,0,0,0,0,0,0,0,0,0,0,0,0,0,0,0,0,0,0
212992,104,0,13,0,5,0,8,-0.0011,0.0,1.9186,2757,0,0,0,0,0,0,0,0,0,0,0,0,0,0,0,0,0,0,0,0,0
215040,105,0,15,0,6,0,9,-0.00026,0.0,1.9029,2843,0,0,0,0,0,0,0,0,0,0,0,0,0,0,0,0,0,0,0,0,0
217088,106,0,12,0,4,0,8,-0.00048,0.0,1.9014,2659,0,0,0,0,0,0,0,0,0,0,0,0,0,0,0,0,0,0,0,0,0
219136,107,0,13,0,4,0,9,-0.00161,0.0,1.9089,2814,0,0,0,0,0,0,0,0,0,0,0,0,0,0,0,0,0,0,0,0,0
221184,108,0,15,0,4,0,11,-0.00083,0.0,1.9144,2924,0,0,0,0,0,0,0,0,0,0,0,0,0,0,0,0,0,0,0,0,0
223232,109,0,8,0,1,0,7,-0.00071,0.0,1.8986,2797,0,0,0,0,0,0,0,0,0,0,0,0,0,0,0,0,0,0,0,0,0
225280,110,0,15,0,4,0,11,-0.00025,0.0,1.8749,2821,0,0,0,0,0,0,0,0,0,0,0,0,0,0,0,0,0,0,0,0,0
227328,111,0,14,0,4,0,10,-0.00098,0.0,1.8777,2782,0,0,0,0,0,0,0,0,0,0,0,0,0,0,0,0,0,0,0,0,0
229376,112,0,15,0,6,0,9,-0.0024,0.0,1.867,2799,0,0,0,0,0,0,0,0,0,0,0,0,0,0,0,0,0,0,0,0,0
231424,113,0,13,0,6,0,7,-0.00099,0.0,1.8549,2926,0,0,0,0,0,0,0,0,0,0,0,0,0,0,0,0,0,0,0,0,0
233472,114,0,15,0,6,0,9,-0.0011,0.0,1.8661,3030,0,0,0,0,0,0,0,0,0,0,0,0,0,0,0,0,0,0,0,0,0
235520,115,0,14,0,2,0,12,-0.00095,0.0,1.8904,2981,0,0,0,0,0,0,0,0,0,0,0,0,0,0,0,0,0,0,0,0,0
237568,116,0,10,0,2,0,8,-0.00131,0.0,1.9136,2979,0,0,0,0,0,0,0,0,0,0,0,0,0,0,0,0,0,0,0,0,0
239616,117,0,13,0,1,0,12,-0.00045,1e-05,1.9154,2763,0,0,0,0,0,0,0,0,0,0,0,0,0,0,0,0,0,0,0,0,0
241664,118,0,9,0,3,0,6,-0.00152,1e-05,1.9278,2616,0,0,0,0,0,0,0,0,0,0,0,0,0,0,0,0,0,0,0,0,0
243712,119,0,17,0,7,1,9,-0.00142,1e-05,1.9338,2557,0,0,0,0,0,0,0,0,0,0,0,0,0,0,0,0,0,0,0,0,0
245760,120,0,10,0,0,0,10,-0.00176,1e-05,1.9411,2564,0,0,0,0,0,0,0,0,0,0,0,0,0,0,0,0,0,0,0,0,0
247808,121,0,12,0,2,0,10,-0.00391,2e-05,1.9301,2488,0,0,0,0,0,0,0,0,0,0,0,0,0,0,0,0,0,0,0,0,0
249856,122,0,12,0,4,0,8,-0.00228,6e-05,1.9042,2738,0,0,0,0,0,0,0,0,0,0,0,0,0,0,0,0,0,0,0,0,0
251904,123,0,15,0,8,0,7,-0.00177,2e-05,1.9256,2767,0,0,0,0,0,0,0,0,0,0,0,0,0,0,0,0,0,0,0,0,0
253952,124,0,13,0,4,0,9,-0.00162,1e-05,1.939,2771,0,0,0,0,0,0,0,0,0,0,0,0,0,0,0,0,0,0,0,0,0
256000,125,0,13,0,3,0,10,-0.00369,1e-05,1.9347,2888,0,0,0,0,0,0,0,0,0,0,0,0,0,0,0,0,0,0,0,0,0
258048,126,0,14,0,5,0,9,-0.00342,0.0,1.9171,3147,0,0,0,0,0,0,0,0,0,0,0,0,0,0,0,0,0,0,0,0,0
260096,127,0,13,0,2,0,11,-0.00172,0.0,1.928,2743,0,0,0,0,0,0,0,0,0,0,0,0,0,0,0,0,0,0,0,0,0
262144,128,0,9,0,2,0,7,-0.00261,1e-05,1.9416,2829,0,0,0,0,0,0,0,0,0,0,0,0,0,0,0,0,0,0,0,0,0
264192,129,0,14,0,3,0,11,-0.00044,0.0,1.9443,2965,0,0,0,0,0,0,0,0,0,0,0,0,0,0,0,0,0,0,0,0,0
266240,130,0,17,0,6,0,11,-0.00021,0.0,1.9447,3026,0,0,0,0,0,0,0,0,0,0,0,0,0,0,0,0,0,0,0,0,0
268288,131,0,10,0,5,0,5,-0.00011,0.0,1.9448,2929,0,0,0,0,0,0,0,0,0,0,0,0,0,0,0,0,0,0,0,0,0
270336,132,0,14,0,2,0,12,-0.00022,0.0,1.9447,2915,0,0,0,0,0,0,0,0,0,0,0,0,0,0,0,0,0,0,0,0,0
272384,133,0,11,0,3,0,8,-0.0001,0.0,1.9443,2697,0,0,0,0,0,0,0,0,0,0,0,0,0,0,0,0,0,0,0,0,0
274432,134,0,13,0,4,0,9,-0.00337,1e-05,1.9379,2745,0,0,0,0,0,0,0,0,0,0,0,0,0,0,0,0,0,0,0,0,0
276480,135,0,14,0,5,0,9,-0.00035,1e-05,1.9288,2744,0,0,0,0,0,0,0,0,0,0,0,0,0,0,0,0,0,0,0,0,0
278528,136,0,11,0,2,0,9,-0.00052,0.0,1.9268,2677,0,0,0,0,0,0,0,0,0,0,0,0,0,0,0,0,0,0,0,0,0
280576,137,0,18,0,7,0,11,-0.001,0.0,1.9164,2776,0,0,0,0,0,0,0,0,0,0,0,0,0,0,0,0,0,0,0,0,0
282624,138,0,13,0,4,0,9,-0.00105,0.0,1.8804,2876,0,0,0,0,0,0,0,0,0,0,0,0,0,0,0,0,0,0,0,0,0
284672,139,0,10,0,2,1,7,-0.00182,0.0,1.858,2668,0,0,0,0,0,0,0,0,0,0,0,0,0,0,0,0,0,0,0,0,0
286720,140,0,13,0,1,0,12,-0.00352,0.0,1.8169,2579,0,0,0,0,0,0,0,0,0,0,0,0,0,0,0,0,0,0,0,0,0
288768,141,0,12,0,4,0,8,-0.00068,0.0,1.8512,2714,0,0,0,0,0,0,0,0,0,0,0,0,0,0,0,0,0,0,0,0,0
290816,142,0,14,0,6,0,8,-7e-05,0.0,1.8803,2808,0,0,0,0,0,0,0,0,0,0,0,0,0,0,0,0,0,0,0,0,0
292864,143,0,13,0,5,0,8,-0.00085,0.0,1.8926,2855,0,0,0,0,0,0,0,0,0,0,0,0,0,0,0,0,0,0,0,0,0
294912,144,0,15,0,4,0,11,-0.00171,0.0,1.8745,2929,0,0,0,0,0,0,0,0,0,0,0,0,0,0,0,0,0,0,0,0,0
296960,145,0,9,0,4,0,5,-0.0003,0.0,1.8594,2741,0,0,0,0,0,0,0,0,0,0,0,0,0,0,0,0,0,0,0,0,0
299008,146,0,16,0,3,0,13,-0.00408,0.0,1.821,2971,0,0,0,0,0,0,0,0,0,0,0,0,0,0,0,0,0,0,0,0,0
301056,147,0,13,0,3,0,10,-0.0006,0.0,1.8349,2686,0,0,0,0,0,0,0,0,0,0,0,0,0,0,0,0,0,0,0,0,0
303104,148,0,8,0,2,0,6,-0.00095,0.0,1.8479,2779,0,0,0,0,0,0,0,0,0,0,0,0,0,0,0,0,0,0,0,0,0
305152,149,0,20,0,8,0,12,-0.00543,0.0,1.7684,2763,0,0,0,0,0,0,0,0,0,0,0,0,0,0,0,0,0,0,0,0,0
307200,150,0,15,0,4,0,11,-0.00049,0.0,1.7375,2912,0,0,0,0,0,0,0,0,0,0,0,0,0,0,0,0,0,0,0,0,0
309248,151,0,6,0,1,0,5,-0.00074,0.0,1.8103,2763,0,0,0,0,0,0,0,0,0,0,0,0,0,0,0,0,0,0,0,0,0
311296,152,0,18,0,5,0,13,-0.00244,0.0,1.7706,2881,0,0,0,0,0,0,0,0,0,0,0,0,0,0,0,0,0,0,0,0,0
313344,153,0,12,0,4,0,8,-0.00246,0.0,1.8001,3150,0,0,0,0,0,0,0,0,0,0,0,0,0,0,0,0,0,0,0,0,0
315392,154,0,17,0,10,0,7,-0.00154,0.0,1.783,3079,0,0,0,0,0,0,0,0,0,0,0,0,0,0,0,0,0,0,0,0,0
317440,155,0,13,0,5,0,8,-0.00231,0.0,1.7336,2800,0,0,0,0,0,0,0,0,0,0,0,0,0,0,0,0,0,0,0,0,0
319488,156,0,17,0,5,0,12,-0.00279,0.0,1.7382,2792,0,0,0,0,0,0,0,0,0,0,0,0,0,0,0,0,0,0,0,0,0
321536,157,0,11,0,5,0,6,-0.00081,0.0,1.7613,2858,0,0,0,0,0,0,0,0,0,0,0,0,0,0,0,0,0,0,0,0,0
323584,158,0,17,0,6,1,10,-0.00058,0.0,1.7473,2467,0,0,0,0,0,0,0,0,0,0,0,0,0,0,0,0,0,0,0,0,0
325632,159,0,14,0,5,0,9,-0.00135,0.0,1.7328,2661,0,0,0,0,0,0,0,0,0,0,0,0,0,0,0,0,0,0,0,0,0
327680,160,0,8,0,2,0,6,-0.00011,0.0,1.6758,2703,0,0,0,0,0,0,0,0,0,0,0,0,0,0,0,0,0,0,0,0,0
329728,161,0,18,0,6,0,12,-0.00151,0.0,1.669,2879,0,0,0,0,0,0,0,0,0,0,0,0,0,0,0,0,0,0,0,0,0
331776,162,0,13,0,7,0,6,-0.0004,0.0,1.6013,2759,0,0,0,0,0,0,0,0,0,0,0,0,0,0,0,0,0,0,0,0,0
333824,163,0,14,0,3,1,10,-0.00427,0.0,1.7202,2806,0,0,0,0,0,0,0,0,0,0,0,0,0,0,0,0,0,0,0,0,0
335872,164,0,13,0,4,1,8,-0.00164,0.0,1.787,2854,0,0,0,0,0,0,0,0,0,0,0,0,0,0,0,0,0,0,0,0,0
337920,165,0,12,1,4,0,7,-0.00024,2e-05,1.8047,3034,0,0,0,0,0,0,0,0,0,0,0,0,0,0,0,0,0,0,0,0,0
339968,166,0,14,0,4,0,10,-0.00181,0.0,1.8574,3046,0,0,0,0,0,0,0,0,0,0,0,0,0,0,0,0,0,0,0,0,0
342016,167,0,13,0,1,0,12,-0.00453,0.0,1.815,2900,0,0,0,0,0,0,0,0,0,0,0,0,0,0,0,0,0,0,0,0,0
344064,168,0,14,0,5,0,9,-0.00134,0.0,1.8289,2955,0,0,0,0,0,0,0,0,0,0,0,0,0,0,0,0,0,0,0,0,0
346112,169,0,14,0,7,0,7,-0.00058,0.0,1.8463,2879,0,0,0,0,0,0,0,0,0,0,0,0,0,0,0,0,0,0,0,0,0
348160,170,0,17,0,8,0,9,-0.00119,0.0,1.8911,2560,0,0,0,0,0,0,0,0,0,0,0,0,0,0,0,0,0,0,0,0,0
350208,171,0,13,0,2,0,11,-0.00029,0.0,1.9119,2861,0,0,0,0,0,0,0,0,0,0,0,0,0,0,0,0,0,0,0,0,0
352256,172,0,12,0,5,0,7,-0.0005,0.0,1.9087,2662,0,0,0,0,0,0,0,0,0,0,0,0,0,0,0,0,0,0,0,0,0
354304,173,0,11,1,2,0,8,-0.00408,5e-05,1.8776,2867,0,0,0,0,0,0,0,0,0,0,0,0,0,0,0,0,0,0,0,0,0
356352,174,0,19,0,9,1,9,-0.00148,0.0,1.8191,2569,0,0,0,0,0,0,0,0,0,0,0,0,0,0,0,0,0,0,0,0,0
358400,175,0,9,0,3,0,6,-0.00255,0.0,1.8217,2681,0,0,0,0,0,0,0,0,0,0,0,0,0,0,0,0,0,0,0,0,0
360448,176,0,17,0,8,0,9,-0.0026,0.0,1.8317,2823,0,0,0,0,0,0,0,0,0,0,0,0,0,0,0,0,0,0,0,0,0
362496,177,0,13,0,3,0,10,-0.00043,0.0,1.8599,2837,0,0,0,0,0,0,0,0,0,0,0,0,0,0,0,0,0,0,0,0,0
364544,178,0,15,0,7,0,8,-0.00058,0.0,1.8933,3059,0,0,0,0,0,0,0,0,0,0,0,0,0,0,0,0,0,0,0,0,0
366592,179,0,16,0,6,0,10,-0.00133,0.0,1.8894,2923,0,0,0,0,0,0,0,0,0,0,0,0,0,0,0,0,0,0,0,0,0
368640,180,0,13,0,6,0,7,-0.00112,0.0,1.8654,2787,0,0,0,0,0,0,0,0,0,0,0,0,0,0,0,0,0,0,0,0,0
370688,181,0,13,0,5,0,8,-0.00103,1e-05,1.8795,2881,0,0,0,0,0,0,0,0,0,0,0,0,0,0,0,0,0,0,0,0,0
372736,182,0,13,0,3,0,10,-0.00162,0.0,1.8148,2852,0,0,0,0,0,0,0,0,0,0,0,0,0,0,0,0,0,0,0,0,0
374784,183,0,15,0,6,0,9,-0.00197,1e-05,1.791,2802,0,0,0,0,0,0,0,0,0,0,0,0,0,0,0,0,0,0,0,0,0
376832,184,0,17,0,9,0,8,-0.00285,0.0,1.7281,2989,0,0,0,0,0,0,0,0,0,0,0,0,0,0,0,0,0,0,0,0,0
378880,185,0,15,0,8,0,7,-0.00493,0.0,1.6471,2809,0,0,0,0,0,0,0,0,0,0,0,0,0,0,0,0,0,0,0,0,0
380928,186,0,11,0,4,0,7,-0.00068,0.0,1.6848,2835,0,0,0,0,0,0,0,0,0,0,0,0,0,0,0,0,0,0,0,0,0
382976,187,0,16,0,3,0,13,-0.00108,0.0,1.6798,2835,0,0,0,0,0,0,0,0,0,0,0,0,0,0,0,0,0,0,0,0,0
385024,188,0,12,0,4,0,8,-0.00102,0.0,1.6658,3051,0,0,0,0,0,0,0,0,0,0,0,0,0,0,0,0,0,0,0,0,0
387072,189,0,13,0,4,0,9,-0.00589,0.0,1.7331,2850,0,0,0,0,0,0,0,0,0,0,0,0,0,0,0,0,0,0,0,0,0
389120,190,0,13,0,5,0,8,-0.00142,0.0,1.7246,2873,0,0,0,0,0,0,0,0,0,0,0,0,0,0,0,0,0,0,0,0,0
391168,191,0,15,0,5,1,9,-0.0008,1e-05,1.7704,2700,0,0,0,0,0,0,0,0,0,0,0,0,0,0,0,0,0,0,0,0,0
393216,192,0,9,0,4,0,5,-0.00327,1e-05,1.806,2719,0,0,0,0,0,0,0,0,0,0,0,0,0,0,0,0,0,0,0,0,0
395264,193,0,18,0,4,0,14,-0.0028,2e-05,1.7588,2803,0,0,0,0,0,0,0,0,0,0,0,0,0,0,0,0,0,0,0,0,0
397312,194,0,12,0,4,0,8,-0.0015,1e-05,1.7645,2785,0,0,0,0,0,0,0,0,0,0,0,0,0,0,0,0,0,0,0,0,0
399360,195,0,8,0,1,0,7,-0.00094,1e-05,1.7765,2743,0,0,0,0,0,0,0,0,0,0,0,0,0,0,0,0,0,0,0,0,0
401408,196,0,14,0,2,0,12,-0.0012,0.0,1.8039,2499,0,0,0,0,0,0,0,0,0,0,0,0,0,0,0,0,0,0,0,0,0
403456,197,0,12,0,4,0,8,-0.00091,0.0,1.8013,2729,0,0,0,0,0,0,0,0,0,0,0,0,0,0,0,0,0,0,0,0,0
405504,198,0,16,0,7,0,9,-0.00153,1e-05,1.8237,2804,0,0,0,0,0,0,0,0,0,0,0,0,0,0,0,0,0,0,0,0,0
407552,199,0,13,0,5,0,8,-0.00212,1e-05,1.8092,2465,0,0,0,0,0,0,0,0,0,0,0,0,0,0,0,0,0,0,0,0,0
409600,200,0,10,0,1,0,9,-0.00241,1e-05,1.8088,2768,0,0,0,0,0,0,0,0,0,0,0,0,0,0,0,0,0,0,0,0,0
411648,201,0,14,0,3,0,11,-0.00164,2e-05,1.774,2465,0,0,0,0,0,0,0,0,0,0,0,0,0,0,0,0,0,0,0,0,0
413696,202,0,13,0,5,0,8,-0.00111,2e-05,1.7715,2779,0,0,0,0,0,0,0,0,0,0,0,0,0,0,0,0,0,0,0,0,0
415744,203,0,12,0,4,0,8,-0.00358,2e-05,1.7252,2736,0,0,0,0,0,0,0,0,0,0,0,0,0,0,0,0,0,0,0,0,0
417792,204,0,15,0,4,0,11,-0.00386,3e-05,1.7138,2629,0,0,0,0,0,0,0,0,0,0,0,0,0,0,0,0,0,0,0,0,0
419840,205,0,11,0,1,0,10,-0.00259,1e-05,1.74,2723,0,0,0,0,0,0,0,0,0,0,0,0,0,0,0,0,0,0,0,0,0
421888,206,0,8,0,1,0,7,-0.00197,1e-05,1.7054,3046,0,0,0,0,0,0,0,0,0,0,0,0,0,0,0,0,0,0,0,0,0
423936,207,0,18,0,6,0,12,-0.0014,1e-05,1.699,3042,0,0,0,0,0,0,0,0,0,0,0,0,0,0,0,0,0,0,0,0,0
425984,208,0,13,0,4,0,9,-0.00269,3e-05,1.6339,2899,0,0,0,0,0,0,0,0,0,0,0,0,0,0,0,0,0,0,0,0,0
428032,209,0,9,0,4,0,5,-0.00159,2e-05,1.6467,2889,0,0,0,0,0,0,0,0,0,0,0,0,0,0,0,0,0,0,0,0,0
430080,210,0,16,0,4,0,12,-0.00145,3e-05,1.6347,2800,0,0,0,0,0,0,0,0,0,0,0,0,0,0,0,0,0,0,0,0,0
432128,211,0,10,0,2,0,8,-0.00185,2e-05,1.6083,2432,0,0,0,0,0,0,0,0,0,0,0,0,0,0,0,0,0,0,0,0,0
434176,212,0,14,0,5,0,9,-0.00459,3e-05,1.5298,2721,0,0,0,0,0,0,0,0,0,0,0,0,0,0,0,0,0,0,0,0,0
436224,213,0,16,0,4,0,12,-0.0022,1e-05,1.6143,2817,0,0,0,0,0,0,0,0,0,0,0,0,0,0,0,0,0,0,0,0,0
438272,214,0,8,0,2,0,6,0.00012,2e-05,1.6276,3058,0,0,0,0,0,0,0,0,0,0,0,0,0,0,0,0,0,0,0,0,0
440320,215,0,16,0,4,1,11,-0.00198,2e-05,1.6881,2547,0,0,0,0,0,0,0,0,0,0,0,0,0,0,0,0,0,0,0,0,0
442368,216,0,12,0,2,0,10,-0.00377,2e-05,1.651,2620,0,0,0,0,0,0,0,0,0,0,0,0,0,0,0,0,0,0,0,0,0
444416,217,0,11,0,5,0,6,-0.00277,2e-05,1.6326,2588,0,0,0,0,0,0,0,0,0,0,0,0,0,0,0,0,0,0,0,0,0
446464,218,0,12,0,2,0,10,-0.00325,3e-05,1.6217,2639,0,0,0,0,0,0,0,0,0,0,0,0,0,0,0,0,0,0,0,0,0
448512,219,0,15,0,6,0,9,-0.00187,2e-05,1.5824,2933,0,0,0,0,0,0,0,0,0,0,0,0,0,0,0,0,0,0,0,0,0
450560,220,0,11,0,1,0,10,-0.00204,2e-05,1.5843,2648,0,0,0,0,0,0,0,0,0,0,0,0,0,0,0,0,0,0,0,0,0
452608,221,0,13,0,6,0,7,-0.00193,1e-05,1.6236,2786,0,0,0,0,0,0,0,0,0,0,0,0,0,0,0,0,0,0,0,0,0
454656,222,0,15,0,5,0,10,-0.00265,1e-05,1.6267,2714,0,0,0,0,0,0,0,0,0,0,0,0,0,0,0,0,0,0,0,0,0
456704,223,0,15,0,7,0,8,-0.00457,2e-05,1.5112,2736,0,0,0,0,0,0,0,0,0,0,0,0,0,0,0,0,0,0,0,0,0
458752,224,0,10,0,1,0,9,-0.00208,1e-05,1.5776,2945,0,0,0,0,0,0,0,0,0,0,0,0,0,0,0,0,0,0,0,0,0
460800,225,0,11,0,4,0,7,-0.00313,1e-05,1.4953,2978,0,0,0,0,0,0,0,0,0,0,0,0,0,0,0,0,0,0,0,0,0
462848,226,0,17,0,6,0,11,-0.00337,2e-05,1.6078,2877,0,0,0,0,0,0,0,0,0,0,0,0,0,0,0,0,0,0,0,0,0
464896,227,0,12,0,2,0,10,-0.00247,3e-05,1.6332,2893,0,0,0,0,0,0,0,0,0,0,0,0,0,0,0,0,0,0,0,0,0
466944,228,0,10,0,4,0,6,-0.00159,3e-05,1.5644,2857,0,0,0,0,0,0,0,0,0,0,0,0,0,0,0,0,0,0,0,0,0
468992,229,0,12,0,1,0,11,-0.00583,2e-05,1.5129,2731,0,0,0,0,0,0,0,0,0,0,0,0,0,0,0,0,0,0,0,0,0
471040,230,0,13,0,3,0,10,-0.00233,2e-05,1.4987,2939,0,0,0,0,0,0,0,0,0,0,0,0,0,0,0,0,0,0,0,0,0
473088,231,0,10,0,2,0,8,-0.00242,4e-05,1.4833,3030,0,0,0,0,0,0,0,0,0,0,0,0,0,0,0,0,0,0,0,0,0
475136,232,0,13,0,3,0,10,-0.00195,2e-05,1.5001,2798,0,0,0,0,0,0,0,0,0,0,0,0,0,0,0,0,0,0,0,0,0
477184,233,0,11,0,2,0,9,-0.00253,2e-05,1.4823,2916,0,0,0,0,0,0,0,0,0,0,0,0,0,0,0,0,0,0,0,0,0
479232,234,0,12,0,5,0,7,-0.00215,3e-05,1.5544,2886,0,0,0,0,0,0,0,0,0,0,0,0,0,0,0,0,0,0,0,0,0
481280,235,0,13,0,2,0,11,-0.00445,3e-05,1.4352,2694,0,0,0,0,0,0,0,0,0,0,0,0,0,0,0,0,0,0,0,0,0
483328,236,0,11,0,2,0,9,-0.00288,2e-05,1.4374,2753,0,0,0,0,0,0,0,0,0,0,0,0,0,0,0,0,0,0,0,0,0
485376,237,0,12,0,4,0,8,-0.00185,3e-05,1.5108,2727,0,0,0,0,0,0,0,0,0,0,0,0,0,0,0,0,0,0,0,0,0
487424,238,0,12,0,2,0,10,-0.00334,3e-05,1.4678,2900,0,0,0,0,0,0,0,0,0,0,0,0,0,0,0,0,0,0,0,0,0
489472,239,0,11,0,1,0,10,-0.00365,3e-05,1.5304,2815,0,0,0,0,0,0,0,0,0,0,0,0,0,0,0,0,0,0,0,0,0
491520,240,0,11,0,2,0,9,-0.00219,4e-05,1.564,2800,0,0,0,0,0,0,0,0,0,0,0,0,0,0,0,0,0,0,0,0,0
493568,241,0,11,0,1,0,10,-0.00196,3e-05,1.5189,2717,0,0,0,0,0,0,0,0,0,0,0,0,0,0,0,0,0,0,0,0,0
495616,242,0,13,0,4,0,9,-0.00324,3e-05,1.6094,2433,0,0,0,0,0,0,0,0,0,0,0,0,0,0,0,0,0,0,0,0,0
497664,243,0,11,0,2,0,9,-0.00314,3e-05,1.6603,2382,0,0,0,0,0,0,0,0,0,0,0,0,0,0,0,0,0,0,0,0,0
499712,244,0,13,0,3,0,10,-0.00312,3e-05,1.6664,2804,0,0,0,0,0,0,0,0,0,0,0,0,0,0,0,0,0,0,0,0,0
501760,245,0,14,0,6,0,8,-0.00407,3e-05,1.5888,2701,0,0,0,0,0,0,0,0,0,0,0,0,0,0,0,0,0,0,0,0,0
503808,246,0,13,0,3,0,10,-0.00103,3e-05,1.6083,2913,0,0,0,0,0,0,0,0,0,0,0,0,0,0,0,0,0,0,0,0,0
505856,247,0,14,0,6,0,8,-0.00413,4e-05,1.6197,2895,0,0,0,0,0,0,0,0,0,0,0,0,0,0,0,0,0,0,0,0,0
507904,248,0,10,0,1,0,9,-0.00299,4e-05,1.5354,2830,0,0,0,0,0,0,0,0,0,0,0,0,0,0,0,0,0,0,0,0,0
509952,249,0,19,0,9,0,10,-0.00435,4e-05,1.4495,2744,0,0,0,0,0,0,0,0,0,0,0,0,0,0,0,0,0,0,0,0,0
512000,250,0,14,0,6,0,8,-0.00127,3e-05,1.5517,2684,0,0,0,0,0,0,0,0,0,0,0,0,0,0,0,0,0,0,0,0,0
514048,251,0,12,0,4,0,8,-0.00459,3e-05,1.6483,2589,0,0,0,0,0,0,0,0,0,0,0,0,0,0,0,0,0,0,0,0,0
516096,252,0,15,0,8,0,7,-0.0029,2e-05,1.6886,3056,0,0,0,0,0,0,0,0,0,0,0,0,0,0,0,0,0,0,0,0,0
518144,253,0,17,0,7,0,10,-0.0021,2e-05,1.5839,3183,0,0,0,0,0,0,0,0,0,0,0,0,0,0,0,0,0,0,0,0,0
520192,254,0,14,0,7,0,7,-0.00315,2e-05,1.4143,3182,0,0,0,0,0,0,0,0,0,0,0,0,0,0,0,0,0,0,0,0,0
522240,255,0,15,0,5,0,10,-0.00254,1e-05,1.6345,3014,0,0,0,0,0,0,0,0,0,0,0,0,0,0,0,0,0,0,0,0,0
524288,256,0,11,0,3,0,8,-0.00451,2e-05,1.5781,2767,0,0,0,0,0,0,0,0,0,0,0,0,0,0,0,0,0,0,0,0,0
526336,257,0,13,0,3,0,10,-0.00536,2e-05,1.6236,2786,0,0,0,0,0,0,0,0,0,0,0,0,0,0,0,0,0,0,0,0,0
528384,258,0,11,0,1,0,10,-0.00344,4e-05,1.6379,2651,0,0,0,0,0,0,0,0,0,0,0,0,0,0,0,0,0,0,0,0,0
530432,259,0,9,0,1,0,8,-0.00499,3e-05,1.5853,2587,0,0,0,0,0,0,0,0,0,0,0,0,0,0,0,0,0,0,0,0,0
532480,260,0,14,0,1,0,13,-0.0044,4e-05,1.4069,2703,0,0,0,0,0,0,0,0,0,0,0,0,0,0,0,0,0,0,0,0,0
534528,261,0,13,0,6,0,7,-0.00489,5e-05,1.3935,2896,0,0,0,0,0,0,0,0,0,0,0,0,0,0,0,0,0,0,0,0,0
536576,262,0,11,0,3,0,8,-0.006,7e-05,1.6442,2878,0,0,0,0,0,0,0,0,0,0,0,0,0,0,0,0,0,0,0,0,0
538624,263,0,17,0,7,0,10,-0.00498,8e-05,1.552,2743,0,0,0,0,0,0,0,0,0,0,0,0,0,0,0,0,0,0,0,0,0
540672,264,0,11,0,4,0,7,-0.00596,7e-05,1.5061,2873,0,0,0,0,0,0,0,0,0,0,0,0,0,0,0,0,0,0,0,0,0
542720,265,0,10,0,2,0,8,-0.00767,8e-05,1.5379,2861,0,0,0,0,0,0,0,0,0,0,0,0,0,0,0,0,0,0,0,0,0
544768,266,0,14,0,1,0,13,-0.00676,0.00011,1.4746,2939,0,0,0,0,0,0,0,0,0,0,0,0,0,0,0,0,0,0,0,0,0
546816,267,0,9,0,3,0,6,-0.0075,8e-05,1.6092,3029,0,0,0,0,0,0,0,0,0,0,0,0,0,0,0,0,0,0,0,0,0
548864,268,0,15,0,4,0,11,-0.00471,0.00012,1.5435,2874,0,0,0,0,0,0,0,0,0,0,0,0,0,0,0,0,0,0,0,0,0
550912,269,0,10,0,1,0,9,-0.00772,0.00015,1.4726,2916,0,0,0,0,0,0,0,0,0,0,0,0,0,0,0,0,0,0,0,0,0
552960,270,0,13,1,4,0,8,-0.00791,0.00015,1.3568,3025,0,0,0,0,0,0,0,0,0,0,0,0,0,0,0,0,0,0,0,0,0
555008,271,0,14,0,4,0,10,-0.00521,0.00011,1.5218,2879,0,0,0,0,0,0,0,0,0,0,0,0,0,0,0,0,0,0,0,0,0
557056,272,0,11,0,1,0,10,-0.00563,7e-05,1.606,2902,0,0,0,0,0,0,0,0,0,0,0,0,0,0,0,0,0,0,0,0,0
559104,273,0,17,0,8,0,9,-0.00786,6e-05,1.6961,2791,0,0,0,0,0,0,0,0,0,0,0,0,0,0,0,0,0,0,0,0,0
561152,274,0,9,0,3,0,6,-0.00459,0.0001,1.6163,2806,0,0,0,0,0,0,0,0,0,0,0,0,0,0,0,0,0,0,0,0,0
563200,275,0,13,0,1,0,12,-0.00722,0.00011,1.4991,2829,0,0,0,0,0,0,0,0,0,0,0,0,0,0,0,0,0,0,0,0,0
565248,276,0,15,0,6,0,9,-0.00386,0.00014,1.3328,2760,0,0,0,0,0,0,0,0,0,0,0,0,0,0,0,0,0,0,0,0,0
567296,277,0,9,0,3,0,6,-0.00691,0.00013,1.3915,2875,0,0,0,0,0,0,0,0,0,0,0,0,0,0,0,0,0,0,0,0,0
569344,278,0,12,0,2,0,10,-0.00489,8e-05,1.4026,2852,0,0,0,0,0,0,0,0,0,0,0,0,0,0,0,0,0,0,0,0,0
571392,279,0,14,0,6,0,8,-0.00445,7e-05,1.3906,2966,0,0,0,0,0,0,0,0,0,0,0,0,0,0,0,0,0,0,0,0,0
573440,280,0,16,0,6,0,10,-0.00532,8e-05,1.4089,3110,0,0,0,0,0,0,0,0,0,0,0,0,0,0,0,0,0,0,0,0,0
575488,281,0,10,0,2,0,8,-0.00461,6e-05,1.5374,2755,0,0,0,0,0,0,0,0,0,0,0,0,0,0,0,0,0,0,0,0,0
577536,282,0,15,0,7,0,8,-0.00539,8e-05,1.4337,2834,0,0,0,0,0,0,0,0,0,0,0,0,0,0,0,0,0,0,0,0,0
579584,283,0,12,0,1,0,11,-0.00624,9e-05,1.3119,2630,0,0,0,0,0,0,0,0,0,0,0,0,0,0,0,0,0,0,0,0,0
581632,284,0,12,0,5,0,7,-0.00351,8e-05,1.2323,2659,0,0,0,0,0,0,0,0,0,0,0,0,0,0,0,0,0,0,0,0,0
583680,285,0,14,0,5,0,9,-0.00578,8e-05,1.2906,2552,0,0,0,0,0,0,0,0,0,0,0,0,0,0,0,0,0,0,0,0,0
585728,286,0,14,0,3,0,11,-0.00562,7e-05,1.3033,2750,0,0,0,0,0,0,0,0,0,0,0,0,0,0,0,0,0,0,0,0,0
587776,287,0,13,0,3,0,10,-0.00495,0.00011,1.1823,2709,0,0,0,0,0,0,0,0,0,0,0,0,0,0,0,0,0,0,0,0,0
589824,288,0,12,0,1,0,11,-0.00406,8e-05,1.4766,2542,0,0,0,0,0,0,0,0,0,0,0,0,0,0,0,0,0,0,0,0,0
591872,289,0,11,0,1,0,10,-0.0077,8e-05,1.4008,2600,0,0,0,0,0,0,0,0,0,0,0,0,0,0,0,0,0,0,0,0,0
593920,290,0,12,1,2,0,9,-0.00421,0.00092,1.109,2576,0,0,0,0,0,0,0,0,0,0,0,0,0,0,0,0,0,0,0,0,0
595968,291,0,13,0,2,0,11,-0.00454,0.00014,1.0727,2583,0,0,0,0,0,0,0,0,0,0,0,0,0,0,0,0,0,0,0,0,0
598016,292,0,11,0,4,0,7,-0.00345,0.00013,1.2119,2518,0,0,0,0,0,0,0,0,0,0,0,0,0,0,0,0,0,0,0,0,0
600064,293,0,11,0,2,0,9,-0.00783,0.00011,1.2245,2905,0,0,0,0,0,0,0,0,0,0,0,0,0,0,0,0,0,0,0,0,0
602112,294,0,12,0,1,0,11,-0.00635,9e-05,1.3504,2687,0,0,0,0,0,0,0,0,0,0,0,0,0,0,0,0,0,0,0,0,0
604160,295,0,12,0,1,0,11,-0.00614,0.00011,1.3176,2753,0,0,0,0,0,0,0,0,0,0,0,0,0,0,0,0,0,0,0,0,0
606208,296,0,11,0,3,0,8,-0.0044,8e-05,1.2288,2687,0,0,0,0,0,0,0,0,0,0,0,0,0,0,0,0,0,0,0,0,0
608256,297,0,9,0,0,0,9,-0.00745,7e-05,1.2708,2829,0,0,0,0,0,0,0,0,0,0,0,0,0,0,0,0,0,0,0,0,0
610304,298,0,11,0,2,0,9,-0.00733,9e-05,1.2312,2500,0,0,0,0,0,0,0,0,0,0,0,0,0,0,0,0,0,0,0,0,0
612352,299,0,16,0,4,1,11,-0.00916,0.0001,1.2975,2732,0,0,0,0,0,0,0,0,0,0,0,0,0,0,0,0,0,0,0,0,0
614400,300,0,12,0,4,0,8,-0.00508,0.00014,1.3048,2959,0,0,0,0,0,0,0,0,0,0,0,0,0,0,0,0,0,0,0,0,0
616448,301,0,16,0,8,0,8,-0.00515,0.00019,1.2927,2809,0,0,0,0,0,0,0,0,0,0,0,0,0,0,0,0,0,0,0,0,0
618496,302,0,10,1,0,0,9,-0.00549,0.00023,1.1098,2831,0,0,0,0,0,0,0,0,0,0,0,0,0,0,0,0,0,0,0,0,0
620544,303,0,12,0,2,0,10,-0.0083,0.00014,1.1096,2788,0,0,0,0,0,0,0,0,0,0,0,0,0,0,0,0,0,0,0,0,0
622592,304,0,14,0,3,0,11,-0.00523,0.00011,1.1704,2743,0,0,0,0,0,0,0,0,0,0,0,0,0,0,0,0,0,0,0,0,0
624640,305,0,13,0,2,0,11,-0.00597,0.00014,1.0827,2941,0,0,0,0,0,0,0,0,0,0,0,0,0,0,0,0,0,0,0,0,0
626688,306,0,12,0,4,0,8,-0.00539,0.00013,1.139,2676,0,0,0,0,0,0,0,0,0,0,0,0,0,0,0,0,0,0,0,0,0
628736,307,0,14,0,6,0,8,-0.00547,0.00012,1.1646,2966,0,0,0,0,0,0,0,0,0,0,0,0,0,0,0,0,0,0,0,0,0
630784,308,0,11,0,3,0,8,-0.00783,0.00014,1.1882,2897,0,0,0,0,0,0,0,0,0,0,0,0,0,0,0,0,0,0,0,0,0
632832,309,0,14,0,6,0,8,-0.00795,0.00011,1.2642,2842,0,0,0,0,0,0,0,0,0,0,0,0,0,0,0,0,0,0,0,0,0
634880,310,0,15,0,6,1,8,-0.00644,0.00013,1.2331,2772,0,0,0,0,0,0,0,0,0,0,0,0,0,0,0,0,0,0,0,0,0
636928,311,0,12,0,5,0,7,-0.00893,0.00013,1.1918,2944,0,0,0,0,0,0,0,0,0,0,0,0,0,0,0,0,0,0,0,0,0
638976,312,0,17,1,6,1,9,-0.005,0.00082,1.1195,2975,0,0,0,0,0,0,0,0,0,0,0,0,0,0,0,0,0,0,0,0,0
641024,313,0,9,0,1,0,8,-0.00429,0.00018,1.1224,2721,0,0,0,0,0,0,0,0,0,0,0,0,0,0,0,0,0,0,0,0,0
643072,314,0,12,0,2,0,10,-0.00392,0.00014,1.1552,2733,0,0,0,0,0,0,0,0,0,0,0,0,0,0,0,0,0,0,0,0,0
645120,315,0,15,0,4,0,11,-0.00491,0.00014,1.1041,2773,0,0,0,0,0,0,0,0,0,0,0,0,0,0,0,0,0,0,0,0,0
647168,316,0,12,0,3,0,9,-0.005,0.0001,1.0342,2747,0,0,0,0,0,0,0,0,0,0,0,0,0,0,0,0,0,0,0,0,0
649216,317,0,12,0,3,0,9,-0.00515,9e-05,0.9521,2979,0,0,0,0,0,0,0,0,0,0,0,0,0,0,0,0,0,0,0,0,0
651264,318,0,14,0,4,0,10,-0.0055,0.0001,1.0448,2943,0,0,0,0,0,0,0,0,0,0,0,0,0,0,0,0,0,0,0,0,0
653312,319,0,12,0,2,0,10,-0.00552,0.00012,1.0101,3012,0,0,0,0,0,0,0,0,0,0,0,0,0,0,0,0,0,0,0,0,0
655360,320,0,8,0,0,0,8,-0.00413,9e-05,1.1547,2709,0,0,0,0,0,0,0,0,0,0,0,0,0,0,0,0,0,0,0,0,0
657408,321,0,17,0,4,0,13,-0.0054,0.0001,1.0954,2762,0,0,0,0,0,0,0,0,0,0,0,0,0,0,0,0,0,0,0,0,0
659456,322,0,9,0,1,0,8,-0.00491,8e-05,1.1601,3121,0,0,0,0,0,0,0,0,0,0,0,0,0,0,0,0,0,0,0,0,0
661504,323,0,13,0,3,0,10,-0.00661,0.00012,1.3817,3057,0,0,0,0,0,0,0,0,0,0,0,0,0,0,0,0,0,0,0,0,0
663552,324,0,16,0,5,0,11,-0.00435,0.00013,1.2487,3069,0,0,0,0,0,0,0,0,0,0,0,0,0,0,0,0,0,0,0,0,0
665600,325,0,10,0,3,0,7,-0.00597,0.00013,1.1022,2647,0,0,0,0,0,0,0,0,0,0,0,0,0,0,0,0,0,0,0,0,0
667648,326,0,13,0,1,0,12,-0.00665,0.0001,1.071,2696,0,0,0,0,0,0,0,0,0,0,0,0,0,0,0,0,0,0,0,0,0
669696,327,0,11,0,3,0,8,-0.00613,0.00011,1.0714,2883,0,0,0,0,0,0,0,0,0,0,0,0,0,0,0,0,0,0,0,0,0
671744,328,0,13,0,2,0,11,-0.00647,0.00011,1.128,3059,0,0,0,0,0,0,0,0,0,0,0,0,0,0,0,0,0,0,0,0,0
673792,329,0,9,0,0,0,9,-0.00367,0.0001,1.235,2356,0,0,0,0,0,0,0,0,0,0,0,0,0,0,0,0,0,0,0,0,0
675840,330,0,11,0,3,0,8,-0.00624,0.0001,1.2231,2019,0,0,0,0,0,0,0,0,0,0,0,0,0,0,0,0,0,0,0,0,0
677888,331,0,14,0,1,0,13,-0.00326,0.00011,1.172,2494,0,0,0,0,0,0,0,0,0,0,0,0,0,0,0,0,0,0,0,0,0
679936,332,0,9,0,1,0,8,-0.00594,0.00011,1.042,2543,0,0,0,0,0,0,0,0,0,0,0,0,0,0,0,0,0,0,0,0,0
681984,333,0,16,0,6,0,10,-0.00763,0.0001,1.2289,2455,0,0,0,0,0,0,0,0,0,0,0,0,0,0,0,0,0,0,0,0,0
684032,334,0,10,0,3,0,7,-0.0048,9e-05,1.0979,2854,0,0,0,0,0,0,0,0,0,0,0,0,0,0,0,0,0,0,0,0,0
686080,335,0,15,0,3,0,12,-0.0039,0.00015,0.7698,3067,0,0,0,0,0,0,0,0,0,0,0,0,0,0,0,0,0,0,0,0,0
688128,336,0,10,0,1,0,9,-0.00392,0.00016,0.9536,3092,0,0,0,0,0,0,0,0,0,0,0,0,0,0,0,0,0,0,0,0,0
690176,337,0,12,0,2,0,10,-0.00651,0.00011,1.01,2918,0,0,0,0,0,0,0,0,0,0,0,0,0,0,0,0,0,0,0,0,0
692224,338,0,15,0,6,0,9,-0.00558,8e-05,0.9967,2864,0,0,0,0,0,0,0,0,0,0,0,0,0,0,0,0,0,0,0,0,0
694272,339,0,12,0,2,0,10,-0.0051,5e-05,0.8401,2870,0,0,0,0,0,0,0,0,0,0,0,0,0,0,0,0,0,0,0,0,0
696320,340,0,12,0,1,0,11,-0.00543,6e-05,0.8554,2720,0,0,0,0,0,0,0,0,0,0,0,0,0,0,0,0,0,0,0,0,0
698368,341,0,11,0,2,0,9,-0.00592,8e-05,0.9162,3066,0,0,0,0,0,0,0,0,0,0,0,0,0,0,0,0,0,0,0,0,0
700416,342,0,12,0,2,0,10,-0.00832,8e-05,1.0356,2898,0,0,0,0,0,0,0,0,0,0,0,0,0,0,0,0,0,0,0,0,0
702464,343,0,10,0,1,0,9,-0.00578,0.0001,1.0373,3063,0,0,0,0,0,0,0,0,0,0,0,0,0,0,0,0,0,0,0,0,0
704512,344,0,13,0,2,0,11,-0.00618,9e-05,1.1887,2860,0,0,0,0,0,0,0,0,0,0,0,0,0,0,0,0,0,0,0,0,0
706560,345,0,10,0,1,0,9,-0.00624,0.0001,1.027,2878,0,0,0,0,0,0,0,0,0,0,0,0,0,0,0,0,0,0,0,0,0
708608,346,0,12,0,3,0,9,-0.00461,8e-05,1.0217,2818,0,0,0,0,0,0,0,0,0,0,0,0,0,0,0,0,0,0,0,0,0
710656,347,0,13,0,1,0,12,-0.00586,7e-05,1.1315,3043,0,0,0,0,0,0,0,0,0,0,0,0,0,0,0,0,0,0,0,0,0
712704,348,0,9,0,1,0,8,-0.00391,9e-05,1.1086,3158,0,0,0,0,0,0,0,0,0,0,0,0,0,0,0,0,0,0,0,0,0
714752,349,0,11,0,0,0,11,-0.00492,7e-05,1.0566,3063,0,0,0,0,0,0,0,0,0,0,0,0,0,0,0,0,0,0,0,0,0
716800,350,0,12,0,0,0,12,-0.0042,5e-05,1.0984,2814,0,0,0,0,0,0,0,0,0,0,0,0,0,0,0,0,0,0,0,0,0
718848,351,0,15,0,5,1,9,-0.0053,6e-05,1.0798,2990,0,0,0,0,0,0,0,0,0,0,0,0,0,0,0,0,0,0,0,0,0
720896,352,0,13,0,5,0,8,-0.00493,5e-05,1.2083,3183,0,0,0,0,0,0,0,0,0,0,0,0,0,0,0,0,0,0,0,0,0
722944,353,0,13,0,4,0,9,-0.00464,4e-05,1.1286,3130,0,0,0,0,0,0,0,0,0,0,0,0,0,0,0,0,0,0,0,0,0
724992,354,0,11,0,3,0,8,-0.00525,4e-05,1.045,3071,0,0,0,0,0,0,0,0,0,0,0,0,0,0,0,0,0,0,0,0,0
727040,355,0,12,0,0,0,12,-0.00392,5e-05,1.0518,2833,0,0,0,0,0,0,0,0,0,0,0,0,0,0,0,0,0,0,0,0,0
729088,356,0,12,0,2,0,10,-0.00778,4e-05,1.264,3098,0,0,0,0,0,0,0,0,0,0,0,0,0,0,0,0,0,0,0,0,0
731136,357,0,10,0,3,0,7,-0.00669,5e-05,1.1554,3234,0,0,0,0,0,0,0,0,0,0,0,0,0,0,0,0,0,0,0,0,0
733184,358,0,12,0,0,0,12,-0.00404,3e-05,0.9342,2812,0,0,0,0,0,0,0,0,0,0,0,0,0,0,0,0,0,0,0,0,0
735232,359,0,13,0,2,0,11,-0.00359,4e-05,1.1618,3117,0,0,0,0,0,0,0,0,0,0,0,0,0,0,0,0,0,0,0,0,0
737280,360,0,8,0,1,0,7,-0.00457,4e-05,1.1821,3241,0,0,0,0,0,0,0,0,0,0,0,0,0,0,0,0,0,0,0,0,0
739328,361,0,17,0,3,0,14,-0.00251,4e-05,1.0936,2962,0,0,0,0,0,0,0,0,0,0,0,0,0,0,0,0,0,0,0,0,0
741376,362,0,10,0,2,0,8,-0.00499,4e-05,1.0283,2254,0,0,0,0,0,0,0,0,0,0,0,0,0,0,0,0,0,0,0,0,0
743424,363,0,10,0,1,0,9,-0.00549,4e-05,1.0176,2509,0,0,0,0,0,0,0,0,0,0,0,0,0,0,0,0,0,0,0,0,0
745472,364,0,11,0,0,0,11,-0.0046,5e-05,1.044,2638,0,0,0,0,0,0,0,0,0,0,0,0,0,0,0,0,0,0,0,0,0
747520,365,0,14,0,2,0,12,-0.00402,4e-05,0.8976,2532,0,0,0,0,0,0,0,0,0,0,0,0,0,0,0,0,0,0,0,0,0
749568,366,0,7,0,0,0,7,-0.00445,4e-05,1.0064,2497,0,0,0,0,0,0,0,0,0,0,0,0,0,0,0,0,0,0,0,0,0
751616,367,0,14,0,2,0,12,-0.00514,5e-05,1.0248,2980,0,0,0,0,0,0,0,0,0,0,0,0,0,0,0,0,0,0,0,0,0
753664,368,0,13,0,1,0,12,-0.00378,4e-05,0.995,2873,0,0,0,0,0,0,0,0,0,0,0,0,0,0,0,0,0,0,0,0,0
755712,369,0,7,0,0,0,7,-0.0054,4e-05,0.9511,3160,0,0,0,0,0,0,0,0,0,0,0,0,0,0,0,0,0,0,0,0,0
757760,370,0,16,0,4,0,12,-0.00547,6e-05,0.7426,3190,0,0,0,0,0,0,0,0,0,0,0,0,0,0,0,0,0,0,0,0,0
759808,371,0,13,0,2,0,11,-0.00447,5e-05,0.9675,2978,0,0,0,0,0,0,0,0,0,0,0,0,0,0,0,0,0,0,0,0,0
761856,372,0,8,0,2,0,6,-0.00435,5e-05,1.2313,3219,0,0,0,0,0,0,0,0,0,0,0,0,0,0,0,0,0,0,0,0,0
763904,373,0,14,0,1,0,13,-0.00526,4e-05,1.1936,2841,0,0,0,0,0,0,0,0,0,0,0,0,0,0,0,0,0,0,0,0,0
765952,374,0,10,0,2,0,8,-0.00507,4e-05,1.0449,2364,0,0,0,0,0,0,0,0,0,0,0,0,0,0,0,0,0,0,0,0,0
768000,375,0,13,0,3,0,10,-0.00621,5e-05,0.9577,2659,0,0,0,0,0,0,0,0,0,0,0,0,0,0,0,0,0,0,0,0,0
770048,376,0,16,0,5,0,11,-0.00287,4e-05,1.1254,2565,0,0,0,0,0,0,0,0,0,0,0,0,0,0,0,0,0,0,0,0,0
772096,377,0,9,0,2,0,7,-0.00602,4e-05,1.1653,2717,0,0,0,0,0,0,0,0,0,0,0,0,0,0,0,0,0,0,0,0,0
774144,378,0,13,0,1,0,12,-0.00385,4e-05,1.2884,2896,0,0,0,0,0,0,0,0,0,0,0,0,0,0,0,0,0,0,0,0,0
776192,379,0,12,0,1,0,11,-0.00484,5e-05,1.1299,2738,0,0,0,0,0,0,0,0,0,0,0,0,0,0,0,0,0,0,0,0,0
778240,380,0,9,0,2,0,7,-0.00595,4e-05,0.9873,2757,0,0,0,0,0,0,0,0,0,0,0,0,0,0,0,0,0,0,0,0,0
780288,381,0,15,0,3,0,12,-0.00467,5e-05,1.0041,2985,0,0,0,0,0,0,0,0,0,0,0,0,0,0,0,0,0,0,0,0,0
782336,382,0,10,0,1,0,9,-0.00532,4e-05,1.003,2952,0,0,0,0,0,0,0,0,0,0,0,0,0,0,0,0,0,0,0,0,0
784384,383,0,9,0,0,0,9,-0.00244,3e-05,1.0193,3111,0,0,0,0,0,0,0,0,0,0,0,0,0,0,0,0,0,0,0,0,0
786432,384,0,16,0,4,0,12,-0.003,3e-05,1.3029,3136,0,0,0,0,0,0,0,0,0,0,0,0,0,0,0,0,0,0,0,0,0
788480,385,0,11,0,3,0,8,-0.00355,3e-05,1.3335,3063,0,0,0,0,0,0,0,0,0,0,0,0,0,0,0,0,0,0,0,0,0
790528,386,0,11,0,4,0,7,-0.005,2e-05,1.4,2929,0,0,0,0,0,0,0,0,0,0,0,0,0,0,0,0,0,0,0,0,0
792576,387,0,13,0,2,0,11,-0.0052,3e-05,1.2234,2939,0,0,0,0,0,0,0,0,0,0,0,0,0,0,0,0,0,0,0,0,0
794624,388,0,11,0,1,0,10,-0.00451,3e-05,1.2573,2695,0,0,0,0,0,0,0,0,0,0,0,0,0,0,0,0,0,0,0,0,0
796672,389,0,13,0,4,0,9,-0.00517,6e-05,1.1279,2616,0,0,0,0,0,0,0,0,0,0,0,0,0,0,0,0,0,0,0,0,0
798720,390,0,13,0,3,0,10,-0.00644,8e-05,1.1994,2799,0,0,0,0,0,0,0,0,0,0,0,0,0,0,0,0,0,0,0,0,0
800768,391,0,11,0,2,0,9,-0.00466,7e-05,1.0128,3202,0,0,0,0,0,0,0,0,0,0,0,0,0,0,0,0,0,0,0,0,0
802816,392,0,13,0,1,0,12,-0.00365,5e-05,1.0924,2855,0,0,0,0,0,0,0,0,0,0,0,0,0,0,0,0,0,0,0,0,0
804864,393,0,9,0,1,0,8,-0.00428,5e-05,1.0532,2785,0,0,0,0,0,0,0,0,0,0,0,0,0,0,0,0,0,0,0,0,0
806912,394,0,13,0,3,0,10,-0.00451,5e-05,1.0411,2871,0,0,0,0,0,0,0,0,0,0,0,0,0,0,0,0,0,0,0,0,0
808960,395,0,12,0,2,0,10,-0.00453,5e-05,1.1748,2850,0,0,0,0,0,0,0,0,0,0,0,0,0,0,0,0,0,0,0,0,0
811008,396,0,12,0,2,0,10,-0.00559,5e-05,1.1929,2877,0,0,0,0,0,0,0,0,0,0,0,0,0,0,0,0,0,0,0,0,0
813056,397,0,8,0,1,0,7,-0.00741,7e-05,1.1479,2877,0,0,0,0,0,0,0,0,0,0,0,0,0,0,0,0,0,0,0,0,0
815104,398,0,15,0,2,0,13,-0.00391,6e-05,1.1628,3041,0,0,0,0,0,0,0,0,0,0,0,0,0,0,0,0,0,0,0,0,0
817152,399,0,11,0,3,0,8,-0.00266,6e-05,1.26,2767,0,0,0,0,0,0,0,0,0,0,0,0,0,0,0,0,0,0,0,0,0
819200,400,0,12,0,4,0,8,-0.00645,5e-05,1.2386,2987,0,0,0,0,0,0,0,0,0,0,0,0,0,0,0,0,0,0,0,0,0
821248,401,0,14,0,1,0,13,-0.00737,5e-05,1.2492,2623,0,0,0,0,0,0,0,0,0,0,0,0,0,0,0,0,0,0,0,0,0
823296,402,0,8,0,0,0,8,-0.00826,6e-05,1.1617,2610,0,0,0,0,0,0,0,0,0,0,0,0,0,0,0,0,0,0,0,0,0
825344,403,0,11,0,1,0,10,-0.00514,6e-05,1.2549,2662,0,0,0,0,0,0,0,0,0,0,0,0,0,0,0,0,0,0,0,0,0
827392,404,0,14,0,5,0,9,-0.006,7e-05,1.2978,2703,0,0,0,0,0,0,0,0,0,0,0,0,0,0,0,0,0,0,0,0,0
829440,405,0,14,0,2,0,12,-0.00614,5e-05,1.2219,2732,0,0,0,0,0,0,0,0,0,0,0,0,0,0,0,0,0,0,0,0,0
831488,406,0,8,0,3,0,5,-0.0065,5e-05,1.357,2690,0,0,0,0,0,0,0,0,0,0,0,0,0,0,0,0,0,0,0,0,0
833536,407,0,13,0,1,0,12,-0.00763,5e-05,1.4201,2597,0,0,0,0,0,0,0,0,0,0,0,0,0,0,0,0,0,0,0,0,0
835584,408,0,12,0,1,0,11,-0.00467,6e-05,1.2552,2667,0,0,0,0,0,0,0,0,0,0,0,0,0,0,0,0,0,0,0,0,0
837632,409,0,9,0,2,0,7,-0.00466,6e-05,1.4089,2808,0,0,0,0,0,0,0,0,0,0,0,0,0,0,0,0,0,0,0,0,0
839680,410,0,12,0,3,0,9,-0.00645,5e-05,1.4983,2483,0,0,0,0,0,0,0,0,0,0,0,0,0,0,0,0,0,0,0,0,0
841728,411,0,16,0,4,0,12,-0.00644,5e-05,1.5375,2835,0,0,0,0,0,0,0,0,0,0,0,0,0,0,0,0,0,0,0,0,0
843776,412,0,9,0,1,0,8,-0.00224,5e-05,1.5492,2861,0,0,0,0,0,0,0,0,0,0,0,0,0,0,0,0,0,0,0,0,0
845824,413,0,16,0,6,0,10,-0.00388,4e-05,1.4691,2709,0,0,0,0,0,0,0,0,0,0,0,0,0,0,0,0,0,0,0,0,0
847872,414,0,13,0,2,0,11,-0.00507,4e-05,1.4943,2918,0,0,0,0,0,0,0,0,0,0,0,0,0,0,0,0,0,0,0,0,0
849920,415,0,9,0,3,0,6,-0.00535,4e-05,1.4071,2620,0,0,0,0,0,0,0,0,0,0,0,0,0,0,0,0,0,0,0,0,0
851968,416,0,12,0,2,0,10,-0.00425,3e-05,1.4191,2772,0,0,0,0,0,0,0,0,0,0,0,0,0,0,0,0,0,0,0,0,0
854016,417,0,12,0,2,0,10,-0.00365,2e-05,1.545,2697,0,0,0,0,0,0,0,0,0,0,0,0,0,0,0,0,0,0,0,0,0
856064,418,0,10,0,1,0,9,-0.0057,2e-05,1.4355,2735,0,0,0,0,0,0,0,0,0,0,0,0,0,0,0,0,0,0,0,0,0
858112,419,0,14,0,2,0,12,-0.00546,2e-05,1.4353,2858,0,0,0,0,0,0,0,0,0,0,0,0,0,0,0,0,0,0,0,0,0
860160,420,0,10,0,1,0,9,-0.0051,2e-05,1.4319,2709,0,0,0,0,0,0,0,0,0,0,0,0,0,0,0,0,0,0,0,0,0
862208,421,0,12,0,5,0,7,-0.00801,3e-05,1.4163,2671,0,0,0,0,0,0,0,0,0,0,0,0,0,0,0,0,0,0,0,0,0
864256,422,0,13,0,0,0,13,-0.00502,2e-05,1.4459,2880,0,0,0,0,0,0,0,0,0,0,0,0,0,0,0,0,0,0,0,0,0
866304,423,0,9,0,2,0,7,-0.00491,2e-05,1.5337,2805,0,0,0,0,0,0,0,0,0,0,0,0,0,0,0,0,0,0,0,0,0
868352,424,0,11,0,3,0,8,-0.00682,2e-05,1.5004,2880,0,0,0,0,0,0,0,0,0,0,0,0,0,0,0,0,0,0,0,0,0
870400,425,0,14,0,1,0,13,-0.00319,3e-05,1.5001,2888,0,0,0,0,0,0,0,0,0,0,0,0,0,0,0,0,0,0,0,0,0
872448,426,0,8,0,2,0,6,-0.00443,3e-05,1.5988,2921,0,0,0,0,0,0,0,0,0,0,0,0,0,0,0,0,0,0,0,0,0
874496,427,0,14,0,3,0,11,-0.00486,2e-05,1.5201,2714,0,0,0,0,0,0,0,0,0,0,0,0,0,0,0,0,0,0,0,0,0
876544,428,0,14,0,3,0,11,-0.00373,3e-05,1.58,2747,0,0,0,0,0,0,0,0,0,0,0,0,0,0,0,0,0,0,0,0,0
878592,429,0,11,0,3,0,8,-0.00702,3e-05,1.4984,2598,0,0,0,0,0,0,0,0,0,0,0,0,0,0,0,0,0,0,0,0,0
880640,430,0,15,0,5,0,10,-0.00435,3e-05,1.4502,2653,0,0,0,0,0,0,0,0,0,0,0,0,0,0,0,0,0,0,0,0,0
882688,431,0,11,0,3,0,8,-0.00472,2e-05,1.5783,2796,0,0,0,0,0,0,0,0,0,0,0,0,0,0,0,0,0,0,0,0,0
884736,432,0,13,0,2,0,11,-0.00488,2e-05,1.5678,2749,0,0,0,0,0,0,0,0,0,0,0,0,0,0,0,0,0,0,0,0,0
886784,433,0,14,0,6,0,8,-0.00648,2e-05,1.5581,2920,0,0,0,0,0,0,0,0,0,0,0,0,0,0,0,0,0,0,0,0,0
888832,434,0,12,0,3,0,9,-0.00383,2e-05,1.5733,2920,0,0,0,0,0,0,0,0,0,0,0,0,0,0,0,0,0,0,0,0,0
890880,435,0,16,0,7,0,9,-0.00368,2e-05,1.6181,2942,0,0,0,0,0,0,0,0,0,0,0,0,0,0,0,0,0,0,0,0,0
892928,436,0,9,0,2,0,7,-0.00463,2e-05,1.7001,2752,0,0,0,0,0,0,0,0,0,0,0,0,0,0,0,0,0,0,0,0,0
894976,437,0,15,0,5,0,10,-0.00678,2e-05,1.5728,2912,0,0,0,0,0,0,0,0,0,0,0,0,0,0,0,0,0,0,0,0,0
897024,438,0,11,0,1,0,10,-0.0044,2e-05,1.6496,2700,0,0,0,0,0,0,0,0,0,0,0,0,0,0,0,0,0,0,0,0,0
899072,439,0,10,0,2,0,8,-0.0045,3e-05,1.5707,2725,0,0,0,0,0,0,0,0,0,0,0,0,0,0,0,0,0,0,0,0,0
901120,440,0,18,0,10,0,8,-0.00421,2e-05,1.647,2873,0,0,0,0,0,0,0,0,0,0,0,0,0,0,0,0,0,0,0,0,0
903168,441,0,10,0,3,0,7,-0.00653,2e-05,1.5193,2485,0,0,0,0,0,0,0,0,0,0,0,0,0,0,0,0,0,0,0,0,0
905216,442,0,16,0,5,0,11,-0.00846,2e-05,1.5751,2623,0,0,0,0,0,0,0,0,0,0,0,0,0,0,0,0,0,0,0,0,0
907264,443,0,16,0,7,0,9,-0.00376,1e-05,1.6153,2546,0,0,0,0,0,0,0,0,0,0,0,0,0,0,0,0,0,0,0,0,0
909312,444,0,10,0,4,0,6,-0.00359,1e-05,1.5895,2736,0,0,0,0,0,0,0,0,0,0,0,0,0,0,0,0,0,0,0,0,0
911360,445,0,18,0,5,0,13,-0.00677,2e-05,1.6055,2882,0,0,0,0,0,0,0,0,0,0,0,0,0,0,0,0,0,0,0,0,0
913408,446,0,13,0,4,0,9,-0.00384,1e-05,1.6021,2800,0,0,0,0,0,0,0,0,0,0,0,0,0,0,0,0,0,0,0,0,0
915456,447,0,11,0,2,0,9,-0.00684,2e-05,1.5521,2668,0,0,0,0,0,0,0,0,0,0,0,0,0,0,0,0,0,0,0,0,0
917504,448,0,14,0,4,0,10,-0.00742,2e-05,1.5481,2671,0,0,0,0,0,0,0,0,0,0,0,0,0,0,0,0,0,0,0,0,0
919552,449,0,9,0,3,0,6,-0.00422,3e-05,1.5581,2560,0,0,0,0,0,0,0,0,0,0,0,0,0,0,0,0,0,0,0,0,0
921600,450,0,16,0,3,0,13,-0.00624,2e-05,1.701,2587,0,0,0,0,0,0,0,0,0,0,0,0,0,0,0,0,0,0,0,0,0
923648,451,0,15,0,7,0,8,-0.0026,2e-05,1.7216,2579,0,0,0,0,0,0,0,0,0,0,0,0,0,0,0,0,0,0,0,0,0
925696,452,0,12,0,3,0,9,-0.00343,3e-05,1.6846,2778,0,0,0,0,0,0,0,0,0,0,0,0,0,0,0,0,0,0,0,0,0
927744,453,0,14,0,4,0,10,-0.00717,3e-05,1.6952,2656,0,0,0,0,0,0,0,0,0,0,0,0,0,0,0,0,0,0,0,0,0
929792,454,0,12,0,2,0,10,-0.0028,3e-05,1.6624,2640,0,0,0,0,0,0,0,0,0,0,0,0,0,0,0,0,0,0,0,0,0
931840,455,0,13,0,5,0,8,-0.00608,3e-05,1.6879,2534,0,0,0,0,0,0,0,0,0,0,0,0,0,0,0,0,0,0,0,0,0
933888,456,0,16,0,6,0,10,-0.00262,3e-05,1.7019,2575,0,0,0,0,0,0,0,0,0,0,0,0,0,0,0,0,0,0,0,0,0
935936,457,0,14,0,4,0,10,-0.00362,3e-05,1.6684,2713,0,0,0,0,0,0,0,0,0,0,0,0,0,0,0,0,0,0,0,0,0
937984,458,0,13,0,4,0,9,-0.00303,4e-05,1.6519,2599,0,0,0,0,0,0,0,0,0,0,0,0,0,0,0,0,0,0,0,0,0
940032,459,0,13,0,3,0,10,-0.00457,3e-05,1.5648,2451,0,0,0,0,0,0,0,0,0,0,0,0,0,0,0,0,0,0,0,0,0
942080,460,0,9,0,2,0,7,-0.00496,4e-05,1.4378,2739,0,0,0,0,0,0,0,0,0,0,0,0,0,0,0,0,0,0,0,0,0
944128,461,0,17,0,5,0,12,-0.00485,4e-05,1.4617,2456,0,0,0,0,0,0,0,0,0,0,0,0,0,0,0,0,0,0,0,0,0
946176,462,0,9,0,3,0,6,-0.00499,5e-05,1.5027,2563,0,0,0,0,0,0,0,0,0,0,0,0,0,0,0,0,0,0,0,0,0
948224,463,0,17,0,6,0,11,-0.00801,4e-05,1.5399,2543,0,0,0,0,0,0,0,0,0,0,0,0,0,0,0,0,0,0,0,0,0
950272,464,0,15,0,3,0,12,-0.00448,4e-05,1.5987,2691,0,0,0,0,0,0,0,0,0,0,0,0,0,0,0,0,0,0,0,0,0
952320,465,0,11,0,3,0,8,-0.00505,4e-05,1.5194,2615,0,0,0,0,0,0,0,0,0,0,0,0,0,0,0,0,0,0,0,0,0
954368,466,0,12,0,6,0,6,-0.00333,2e-05,1.5175,2632,0,0,0,0,0,0,0,0,0,0,0,0,0,0,0,0,0,0,0,0,0
956416,467,0,18,0,7,0,11,-0.00519,5e-05,1.5307,2828,0,0,0,0,0,0,0,0,0,0,0,0,0,0,0,0,0,0,0,0,0
958464,468,0,11,0,4,0,7,-0.00561,3e-05,1.5637,2740,0,0,0,0,0,0,0,0,0,0,0,0,0,0,0,0,0,0,0,0,0
960512,469,0,15,0,5,0,10,-0.00584,3e-05,1.4983,2745,0,0,0,0,0,0,0,0,0,0,0,0,0,0,0,0,0,0,0,0,0
962560,470,0,12,0,3,0,9,-0.00443,3e-05,1.4391,2583,0,0,0,0,0,0,0,0,0,0,0,0,0,0,0,0,0,0,0,0,0
964608,471,0,12,0,4,0,8,-0.0034,3e-05,1.5238,2792,0,0,0,0,0,0,0,0,0,0,0,0,0,0,0,0,0,0,0,0,0
966656,472,0,12,0,2,0,10,-0.0044,3e-05,1.5441,2695,0,0,0,0,0,0,0,0,0,0,0,0,0,0,0,0,0,0,0,0,0
968704,473,0,16,0,5,1,10,-0.00424,3e-05,1.5369,2947,0,0,0,0,0,0,0,0,0,0,0,0,0,0,0,0,0,0,0,0,0
970752,474,0,9,0,1,0,8,-0.00573,2e-05,1.5168,2648,0,0,0,0,0,0,0,0,0,0,0,0,0,0,0,0,0,0,0,0,0
972800,475,0,14,0,2,0,12,-0.00626,3e-05,1.4707,2702,0,0,0,0,0,0,0,0,0,0,0,0,0,0,0,0,0,0,0,0,0
974848,476,0,10,0,2,0,8,-0.00571,3e-05,1.4056,2626,0,0,0,0,0,0,0,0,0,0,0,0,0,0,0,0,0,0,0,0,0
976896,477,0,14,0,4,0,10,-0.00372,3e-05,1.4725,2794,0,0,0,0,0,0,0,0,0,0,0,0,0,0,0,0,0,0,0,0,0
978944,478,0,12,0,2,0,10,-0.00417,3e-05,1.4197,2686,0,0,0,0,0,0,0,0,0,0,0,0,0,0,0,0,0,0,0,0,0
980992,479,0,11,0,4,0,7,-0.00334,3e-05,1.4649,2884,0,0,0,0,0,0,0,0,0,0,0,0,0,0,0,0,0,0,0,0,0
983040,480,0,12,0,1,0,11,-0.00482,3e-05,1.4083,3016,0,0,0,0,0,0,0,0,0,0,0,0,0,0,0,0,0,0,0,0,0
985088,481,0,14,0,4,0,10,-0.00525,3e-05,1.5338,2766,0,0,0,0,0,0,0,0,0,0,0,0,0,0,0,0,0,0,0,0,0
987136,482,0,10,0,1,0,9,-0.00418,2e-05,1.5926,2907,0,0,0,0,0,0,0,0,0,0,0,0,0,0,0,0,0,0,0,0,0
989184,483,0,12,0,2,0,10,-0.00731,3e-05,1.5532,2899,0,0,0,0,0,0,0,0,0,0,0,0,0,0,0,0,0,0,0,0,0
991232,484,0,12,0,3,0,9,-0.00896,5e-05,1.49,2553,0,0,0,0,0,0,0,0,0,0,0,0,0,0,0,0,0,0,0,0,0
993280,485,0,17,0,6,0,11,-0.00688,6e-05,1.5256,2595,0,0,0,0,0,0,0,0,0,0,0,0,0,0,0,0,0,0,0,0,0
995328,486,0,12,0,6,0,6,-0.00727,6e-05,1.5374,2753,0,0,0,0,0,0,0,0,0,0,0,0,0,0,0,0,0,0,0,0,0
997376,487,0,13,0,3,0,10,-0.00867,5e-05,1.4424,2741,0,0,0,0,0,0,0,0,0,0,0,0,0,0,0,0,0,0,0,0,0
999424,488,0,15,0,4,0,11,-0.00617,6e-05,1.3921,2638,0,0,0,0,0,0,0,0,0,0,0,0,0,0,0,0,0,0,0,0,0
1001472,489,0,12,0,4,0,8,-0.00561,6e-05,1.3714,2808,0,0,0,0,0,0,0,0,0,0,0,0,0,0,0,0,0,0,0,0,0
1003520,490,0,10,0,2,0,8,-0.00903,5e-05,1.3154,2431,0,0,0,0,0,0,0,0,0,0,0,0,0,0,0,0,0,0,0,0,0
1005568,491,0,15,0,2,0,13,-0.00676,5e-05,1.2896,2523,0,0,0,0,0,0,0,0,0,0,0,0,0,0,0,0,0,0,0,0,0
1007616,492,0,12,0,5,0,7,-0.0057,6e-05,1.3483,1843,0,0,0,0,0,0,0,0,0,0,0,0,0,0,0,0,0,0,0,0,0
1009664,493,0,12,0,5,0,7,-0.00464,4e-05,1.4089,2710,0,0,0,0,0,0,0,0,0,0,0,0,0,0,0,0,0,0,0,0,0
1011712,494,0,14,0,3,0,11,-0.00825,4e-05,1.237,2697,0,0,0,0,0,0,0,0,0,0,0,0,0,0,0,0,0,0,0,0,0
1013760,495,0,10,0,0,0,10,-0.00701,5e-05,1.2597,2930,0,0,0,0,0,0,0,0,0,0,0,0,0,0,0,0,0,0,0,0,0
1015808,496,0,11,0,0,0,11,-0.00643,5e-05,1.2636,2923,0,0,0,0,0,0,0,0,0,0,0,0,0,0,0,0,0,0,0,0,0
1017856,497,0,12,0,3,0,9,-0.006,4e-05,1.343,2733,0,0,0,0,0,0,0,0,0,0,0,0,0,0,0,0,0,0,0,0,0
1019904,498,0,14,0,3,0,11,-0.00669,4e-05,1.3934,2580,0,0,0,0,0,0,0,0,0,0,0,0,0,0,0,0,0,0,0,0,0
1021952,499,0,9,0,0,0,9,-0.00506,3e-05,1.5084,2761,0,0,0,0,0,0,0,0,0,0,0,0,0,0,0,0,0,0,0,0,0
1024000,500,0,10,0,3,0,7,-0.00939,3e-05,1.3499,2809,0,0,0,0,0,0,0,0,0,0,0,0,0,0,0,0,0,0,0,0,0
1026048,501,0,17,0,4,0,13,-0.00734,4e-05,1.3856,2642,0,0,0,0,0,0,0,0,0,0,0,0,0,0,0,0,0,0,0,0,0
1028096,502,0,8,0,0,0,8,-0.00623,4e-05,1.3811,2431,0,0,0,0,0,0,0,0,0,0,0,0,0,0,0,0,0,0,0,0,0
1030144,503,0,11,0,3,0,8,-0.00669,3e-05,1.4219,2720,0,0,0,0,0,0,0,0,0,0,0,0,0,0,0,0,0,0,0,0,0
1032192,504,0,15,0,2,1,12,-0.00856,5e-05,1.3391,2786,0,0,0,0,0,0,0,0,0,0,0,0,0,0,0,0,0,0,0,0,0
1034240,505,0,10,0,2,0,8,-0.00671,5e-05,1.3141,2757,0,0,0,0,0,0,0,0,0,0,0,0,0,0,0,0,0,0,0,0,0
1036288,506,0,11,0,2,0,9,-0.00816,4e-05,1.3024,2608,0,0,0,0,0,0,0,0,0,0,0,0,0,0,0,0,0,0,0,0,0
1038336,507,0,18,0,6,0,12,-0.0057,4e-05,1.2647,2397,0,0,0,0,0,0,0,0,0,0,0,0,0,0,0,0,0,0,0,0,0
1040384,508,0,10,0,3,0,7,-0.00669,3e-05,1.2875,2694,0,0,0,0,0,0,0,0,0,0,0,0,0,0,0,0,0,0,0,0,0
1042432,509,0,12,0,2,0,10,-0.00754,3e-05,1.2231,2903,0,0,0,0,0,0,0,0,0,0,0,0,0,0,0,0,0,0,0,0,0
1044480,510,0,13,0,4,0,9,-0.00533,2e-05,1.2239,2944,0,0,0,0,0,0,0,0,0,0,0,0,0,0,0,0,0,0,0,0,0
1046528,511,0,14,0,3,0,11,-0.00866,4e-05,1.3067,2656,0,0,0,0,0,0,0,0,0,0,0,0,0,0,0,0,0,0,0,0,0
1048576,512,0,11,0,2,0,9,-0.00623,3e-05,1.4159,2801,0,0,0,0,0,0,0,0,0,0,0,0,0,0,0,0,0,0,0,0,0
1050624,513,0,11,0,2,0,9,-0.00529,2e-05,1.3965,2479,0,0,0,0,0,0,0,0,0,0,0,0,0,0,0,0,0,0,0,0,0
1052672,514,0,14,0,2,0,12,-0.00812,4e-05,1.44,2013,0,0,0,0,0,0,0,0,0,0,0,0,0,0,0,0,0,0,0,0,0
1054720,515,0,7,0,2,0,5,-0.0054,3e-05,1.3327,1742,0,0,0,0,0,0,0,0,0,0,0,0,0,0,0,0,0,0,0,0,0
1056768,516,0,17,0,3,0,14,-0.00615,4e-05,1.3473,2949,0,0,0,0,0,0,0,0,0,0,0,0,0,0,0,0,0,0,0,0,0
1058816,517,0,11,0,0,0,11,-0.0072,3e-05,1.3897,2628,0,0,0,0,0,0,0,0,0,0,0,0,0,0,0,0,0,0,0,0,0
1060864,518,0,6,0,1,0,5,-0.00679,4e-05,1.378,2618,0,0,0,0,0,0,0,0,0,0,0,0,0,0,0,0,0,0,0,0,0
1062912,519,0,17,0,1,0,16,-0.01075,4e-05,1.4335,2806,0,0,0,0,0,0,0,0,0,0,0,0,0,0,0,0,0,0,0,0,0
1064960,520,0,14,0,6,0,8,-0.00787,3e-05,1.4458,2784,0,0,0,0,0,0,0,0,0,0,0,0,0,0,0,0,0,0,0,0,0
1067008,521,0,6,0,1,0,5,-0.00611,3e-05,1.3984,2701,0,0,0,0,0,0,0,0,0,0,0,0,0,0,0,0,0,0,0,0,0
1069056,522,0,15,0,1,0,14,-0.00528,3e-05,1.3016,2660,0,0,0,0,0,0,0,0,0,0,0,0,0,0,0,0,0,0,0,0,0
1071104,523,0,14,0,7,0,7,-0.00983,3e-05,1.449,2322,0,0,0,0,0,0,0,0,0,0,0,0,0,0,0,0,0,0,0,0,0
1073152,524,0,9,0,2,0,7,-0.00873,4e-05,1.5185,2683,0,0,0,0,0,0,0,0,0,0,0,0,0,0,0,0,0,0,0,0,0
1075200,525,0,16,0,3,0,13,-0.00503,4e-05,1.4392,2305,0,0,0,0,0,0,0,0,0,0,0,0,0,0,0,0,0,0,0,0,0
1077248,526,0,13,0,5,0,8,-0.00893,4e-05,1.4316,2413,0,0,0,0,0,0,0,0,0,0,0,0,0,0,0,0,0,0,0,0,0
1079296,527,0,10,0,2,0,8,-0.00849,5e-05,1.4685,2731,0,0,0,0,0,0,0,0,0,0,0,0,0,0,0,0,0,0,0,0,0
1081344,528,0,15,0,2,0,13,-0.00774,4e-05,1.3835,2054,0,0,0,0,0,0,0,0,0,0,0,0,0,0,0,0,0,0,0,0,0
1083392,529,0,10,0,1,0,9,-0.00735,4e-05,1.4476,2484,0,0,0,0,0,0,0,0,0,0,0,0,0,0,0,0,0,0,0,0,0
1085440,530,0,11,0,3,0,8,-0.00682,4e-05,1.4625,1970,0,0,0,0,0,0,0,0,0,0,0,0,0,0,0,0,0,0,0,0,0
1087488,531,0,14,0,1,0,13,-0.0074,4e-05,1.4617,2561,0,0,0,0,0,0,0,0,0,0,0,0,0,0,0,0,0,0,0,0,0
1089536,532,0,9,0,2,0,7,-0.00725,3e-05,1.4552,2574,0,0,0,0,0,0,0,0,0,0,0,0,0,0,0,0,0,0,0,0,0
1091584,533,0,14,0,4,0,10,-0.00747,4e-05,1.4192,2738,0,0,0,0,0,0,0,0,0,0,0,0,0,0,0,0,0,0,0,0,0
1093632,534,0,13,0,3,0,10,-0.00518,3e-05,1.4604,2489,0,0,0,0,0,0,0,0,0,0,0,0,0,0,0,0,0,0,0,0,0
1095680,535,0,10,0,0,0,10,-0.00779,2e-05,1.4701,2747,0,0,0,0,0,0,0,0,0,0,0,0,0,0,0,0,0,0,0,0,0
1097728,536,0,14,0,4,0,10,-0.00732,2e-05,1.3844,2961,0,0,0,0,0,0,0,0,0,0,0,0,0,0,0,0,0,0,0,0,0
1099776,537,0,12,0,2,0,10,-0.00828,3e-05,1.4298,3121,0,0,0,0,0,0,0,0,0,0,0,0,0,0,0,0,0,0,0,0,0
1101824,538,0,10,0,2,0,8,-0.00869,2e-05,1.4868,2776,0,0,0,0,0,0,0,0,0,0,0,0,0,0,0,0,0,0,0,0,0
1103872,539,0,11,0,2,0,9,-0.00648,2e-05,1.3991,2782,0,0,0,0,0,0,0,0,0,0,0,0,0,0,0,0,0,0,0,0,0
1105920,540,0,13,0,3,0,10,-0.00602,3e-05,1.4334,2924,0,0,0,0,0,0,0,0,0,0,0,0,0,0,0,0,0,0,0,0,0
1107968,541,0,12,0,2,0,10,-0.00625,2e-05,1.4554,2654,0,0,0,0,0,0,0,0,0,0,0,0,0,0,0,0,0,0,0,0,0
1110016,542,0,14,0,5,0,9,-0.00677,3e-05,1.4107,2883,0,0,0,0,0,0,0,0,0,0,0,0,0,0,0,0,0,0,0,0,0
1112064,543,0,8,0,1,0,7,-0.00812,2e-05,1.504,2814,0,0,0,0,0,0,0,0,0,0,0,0,0,0,0,0,0,0,0,0,0
1114112,544,0,13,0,2,0,11,-0.00541,2e-05,1.4712,2632,0,0,0,0,0,0,0,0,0,0,0,0,0,0,0,0,0,0,0,0,0
1116160,545,0,15,0,3,0,12,-0.00772,3e-05,1.3926,2682,0,0,0,0,0,0,0,0,0,0,0,0,0,0,0,0,0,0,0,0,0
1118208,546,0,11,0,4,0,7,-0.00543,2e-05,1.4196,2600,0,0,0,0,0,0,0,0,0,0,0,0,0,0,0,0,0,0,0,0,0
1120256,547,0,11,0,2,0,9,-0.00567,3e-05,1.3995,2534,0,0,0,0,0,0,0,0,0,0,0,0,0,0,0,0,0,0,0,0,0
1122304,548,0,12,0,2,0,10,-0.00672,3e-05,1.3607,2565,0,0,0,0,0,0,0,0,0,0,0,0,0,0,0,0,0,0,0,0,0
1124352,549,0,12,0,1,0,11,-0.00789,3e-05,1.4437,2527,0,0,0,0,0,0,0,0,0,0,0,0,0,0,0,0,0,0,0,0,0
1126400,550,0,9,0,0,0,9,-0.00879,3e-05,1.4269,2807,0,0,0,0,0,0,0,0,0,0,0,0,0,0,0,0,0,0,0,0,0
1128448,551,0,12,0,0,0,12,-0.00821,3e-05,1.405,2803,0,0,0,0,0,0,0,0,0,0,0,0,0,0,0,0,0,0,0,0,0
1130496,552,0,13,0,3,0,10,-0.00444,2e-05,1.4809,2935,0,0,0,0,0,0,0,0,0,0,0,0,0,0,0,0,0,0,0,0,0
1132544,553,0,11,0,2,0,9,-0.0056,3e-05,1.4096,2870,0,0,0,0,0,0,0,0,0,0,0,0,0,0,0,0,0,0,0,0,0
1134592,554,0,12,0,2,0,10,-0.00666,2e-05,1.4076,2924,0,0,0,0,0,0,0,0,0,0,0,0,0,0,0,0,0,0,0,0,0
1136640,555,0,11,0,3,0,8,-0.00551,3e-05,1.3754,2591,0,0,0,0,0,0,0,0,0,0,0,0,0,0,0,0,0,0,0,0,0
1138688,556,0,11,0,1,0,10,-0.0044,2e-05,1.4718,2790,0,0,0,0,0,0,0,0,0,0,0,0,0,0,0,0,0,0,0,0,0
1140736,557,0,12,0,2,0,10,-0.00813,2e-05,1.4126,2581,0,0,0,0,0,0,0,0,0,0,0,0,0,0,0,0,0,0,0,0,0
1142784,558,0,16,0,4,0,12,-0.0064,2e-05,1.3974,2658,0,0,0,0,0,0,0,0,0,0,0,0,0,0,0,0,0,0,0,0,0
1144832,559,0,9,0,2,0,7,-0.00681,2e-05,1.3887,2771,0,0,0,0,0,0,0,0,0,0,0,0,0,0,0,0,0,0,0,0,0
1146880,560,0,13,0,3,0,10,-0.00733,2e-05,1.4593,2978,0,0,0,0,0,0,0,0,0,0,0,0,0,0,0,0,0,0,0,0,0
1148928,561,0,14,0,1,0,13,-0.00755,2e-05,1.4817,2859,0,0,0,0,0,0,0,0,0,0,0,0,0,0,0,0,0,0,0,0,0
1150976,562,0,5,0,0,0,5,-0.00752,2e-05,1.455,2988,0,0,0,0,0,0,0,0,0,0,0,0,0,0,0,0,0,0,0,0,0
1153024,563,0,16,0,2,0,14,-0.00528,3e-05,1.4637,2926,0,0,0,0,0,0,0,0,0,0,0,0,0,0,0,0,0,0,0,0,0
1155072,564,0,11,0,3,0,8,-0.00886,3e-05,1.5172,2811,0,0,0,0,0,0,0,0,0,0,0,0,0,0,0,0,0,0,0,0,0
1157120,565,0,10,0,2,0,8,-0.00412,3e-05,1.4626,2827,0,0,0,0,0,0,0,0,0,0,0,0,0,0,0,0,0,0,0,0,0
1159168,566,0,13,0,3,0,10,-0.00766,4e-05,1.4907,2933,0,0,0,0,0,0,0,0,0,0,0,0,0,0,0,0,0,0,0,0,0
1161216,567,0,14,0,5,0,9,-0.0065,3e-05,1.5461,2823,0,0,0,0,0,0,0,0,0,0,0,0,0,0,0,0,0,0,0,0,0
1163264,568,0,10,0,1,0,9,-0.00563,2e-05,1.5018,2920,0,0,0,0,0,0,0,0,0,0,0,0,0,0,0,0,0,0,0,0,0
1165312,569,0,12,0,1,0,11,-0.00875,3e-05,1.5127,2940,0,0,0,0,0,0,0,0,0,0,0,0,0,0,0,0,0,0,0,0,0
1167360,570,0,14,0,5,0,9,-0.00846,3e-05,1.4859,2717,0,0,0,0,0,0,0,0,0,0,0,0,0,0,0,0,0,0,0,0,0
1169408,571,0,11,0,3,0,8,-0.00792,3e-05,1.477,2529,0,0,0,0,0,0,0,0,0,0,0,0,0,0,0,0,0,0,0,0,0
1171456,572,0,15,0,3,0,12,-0.00574,2e-05,1.5247,2799,0,0,0,0,0,0,0,0,0,0,0,0,0,0,0,0,0,0,0,0,0
1173504,573,0,9,0,2,0,7,-0.00812,2e-05,1.5402,2829,0,0,0,0,0,0,0,0,0,0,0,0,0,0,0,0,0,0,0,0,0
1175552,574,0,17,0,6,0,11,-0.00594,2e-05,1.5675,2824,0,0,0,0,0,0,0,0,0,0,0,0,0,0,0,0,0,0,0,0,0
1177600,575,0,12,0,2,0,10,-0.00491,1e-05,1.5593,2698,0,0,0,0,0,0,0,0,0,0,0,0,0,0,0,0,0,0,0,0,0
1179648,576,0,9,0,1,0,8,-0.00664,1e-05,1.5349,3073,0,0,0,0,0,0,0,0,0,0,0,0,0,0,0,0,0,0,0,0,0
1181696,577,0,14,0,5,0,9,-0.00666,1e-05,1.4471,3041,0,0,0,0,0,0,0,0,0,0,0,0,0,0,0,0,0,0,0,0,0
1183744,578,0,12,0,3,0,9,-0.00656,2e-05,1.5067,2747,0,0,0,0,0,0,0,0,0,0,0,0,0,0,0,0,0,0,0,0,0
1185792,579,0,12,0,2,0,10,-0.00667,2e-05,1.5141,2697,0,0,0,0,0,0,0,0,0,0,0,0,0,0,0,0,0,0,0,0,0
1187840,580,0,11,0,2,0,9,-0.00418,2e-05,1.537,2721,0,0,0,0,0,0,0,0,0,0,0,0,0,0,0,0,0,0,0,0,0
1189888,581,0,11,0,0,0,11,-0.00787,2e-05,1.4736,2591,0,0,0,0,0,0,0,0,0,0,0,0,0,0,0,0,0,0,0,0,0
1191936,582,0,10,0,3,0,7,-0.00465,2e-05,1.4888,2603,0,0,0,0,0,0,0,0,0,0,0,0,0,0,0,0,0,0,0,0,0
1193984,583,0,14,0,2,0,12,-0.00933,2e-05,1.5276,2569,0,0,0,0,0,0,0,0,0,0,0,0,0,0,0,0,0,0,0,0,0
1196032,584,0,10,0,2,1,7,-0.00692,2e-05,1.4583,2941,0,0,0,0,0,0,0,0,0,0,0,0,0,0,0,0,0,0,0,0,0
1198080,585,0,13,0,2,0,11,-0.00754,1e-05,1.4664,2499,0,0,0,0,0,0,0,0,0,0,0,0,0,0,0,0,0,0,0,0,0
1200128,586,0,12,0,2,0,10,-0.00764,1e-05,1.5052,2581,0,0,0,0,0,0,0,0,0,0,0,0,0,0,0,0,0,0,0,0,0
1202176,587,0,10,0,2,0,8,-0.00708,2e-05,1.3242,2582,0,0,0,0,0,0,0,0,0,0,0,0,0,0,0,0,0,0,0,0,0
1204224,588,0,16,0,3,1,12,-0.0066,2e-05,1.2842,2832,0,0,0,0,0,0,0,0,0,0,0,0,0,0,0,0,0,0,0,0,0
1206272,589,0,10,0,1,0,9,-0.00693,2e-05,1.3576,2619,0,0,0,0,0,0,0,0,0,0,0,0,0,0,0,0,0,0,0,0,0
1208320,590,0,10,0,2,0,8,-0.00763,1e-05,1.3713,2550,0,0,0,0,0,0,0,0,0,0,0,0,0,0,0,0,0,0,0,0,0
1210368,591,0,13,0,1,0,12,-0.00844,2e-05,1.4258,2766,0,0,0,0,0,0,0,0,0,0,0,0,0,0,0,0,0,0,0,0,0
1212416,592,0,10,0,1,0,9,-0.00505,3e-05,1.4078,2890,0,0,0,0,0,0,0,0,0,0,0,0,0,0,0,0,0,0,0,0,0
1214464,593,0,12,0,3,0,9,-0.00556,2e-05,1.2331,2968,0,0,0,0,0,0,0,0,0,0,0,0,0,0,0,0,0,0,0,0,0
1216512,594,0,10,0,1,0,9,-0.00663,1e-05,1.444,3036,0,0,0,0,0,0,0,0,0,0,0,0,0,0,0,0,0,0,0,0,0
1218560,595,0,15,0,5,0,10,-0.00476,2e-05,1.4835,2952,0,0,0,0,0,0,0,0,0,0,0,0,0,0,0,0,0,0,0,0,0
1220608,596,0,8,0,0,0,8,-0.00583,2e-05,1.3389,2763,0,0,0,0,0,0,0,0,0,0,0,0,0,0,0,0,0,0,0,0,0
1222656,597,0,12,0,0,0,12,-0.00698,2e-05,1.4445,2853,0,0,0,0,0,0,0,0,0,0,0,0,0,0,0,0,0,0,0,0,0
1224704,598,0,12,0,0,0,12,-0.00691,1e-05,1.5078,3118,0,0,0,0,0,0,0,0,0,0,0,0,0,0,0,0,0,0,0,0,0
1226752,599,0,12,0,5,0,7,-0.00682,1e-05,1.4696,3079,0,0,0,0,0,0,0,0,0,0,0,0,0,0,0,0,0,0,0,0,0
1228800,600,0,15,0,3,0,12,-0.00548,1e-05,1.4196,2904,0,0,0,0,0,0,0,0,0,0,0,0,0,0,0,0,0,0,0,0,0
1230848,601,0,6,0,0,0,6,-0.00884,2e-05,1.4724,2852,0,0,0,0,0,0,0,0,0,0,0,0,0,0,0,0,0,0,0,0,0
1232896,602,0,13,0,1,0,12,-0.00596,1e-05,1.5669,2635,0,0,0,0,0,0,0,0,0,0,0,0,0,0,0,0,0,0,0,0,0
1234944,603,0,13,0,2,0,11,-0.00891,2e-05,1.4372,2599,0,0,0,0,0,0,0,0,0,0,0,0,0,0,0,0,0,0,0,0,0
1236992,604,0,7,0,0,0,7,-0.00834,2e-05,1.4638,2530,0,0,0,0,0,0,0,0,0,0,0,0,0,0,0,0,0,0,0,0,0
1239040,605,0,13,0,2,0,11,-0.0074,2e-05,1.5068,2694,0,0,0,0,0,0,0,0,0,0,0,0,0,0,0,0,0,0,0,0,0
1241088,606,0,14,0,1,0,13,-0.00588,1e-05,1.5327,2803,0,0,0,0,0,0,0,0,0,0,0,0,0,0,0,0,0,0,0,0,0
1243136,607,0,10,0,3,0,7,-0.00724,1e-05,1.3738,2806,0,0,0,0,0,0,0,0,0,0,0,0,0,0,0,0,0,0,0,0,0
1245184,608,0,11,0,0,0,11,-0.00921,2e-05,1.3217,2959,0,0,0,0,0,0,0,0,0,0,0,0,0,0,0,0,0,0,0,0,0
1247232,609,0,10,0,0,0,10,-0.00792,2e-05,1.3197,2987,0,0,0,0,0,0,0,0,0,0,0,0,0,0,0,0,0,0,0,0,0
1249280,610,0,11,0,2,0,9,-0.00709,2e-05,1.1146,2807,0,0,0,0,0,0,0,0,0,0,0,0,0,0,0,0,0,0,0,0,0
1251328,611,0,13,0,1,0,12,-0.00511,2e-05,1.2337,2760,0,0,0,0,0,0,0,0,0,0,0,0,0,0,0,0,0,0,0,0,0
1253376,612,0,9,0,0,0,9,-0.00677,2e-05,1.3153,2469,0,0,0,0,0,0,0,0,0,0,0,0,0,0,0,0,0,0,0,0,0
1255424,613,0,10,0,0,0,10,-0.01001,2e-05,1.2275,2639,0,0,0,0,0,0,0,0,0,0,0,0,0,0,0,0,0,0,0,0,0
1257472,614,0,13,0,0,0,13,-0.00672,2e-05,1.155,2669,0,0,0,0,0,0,0,0,0,0,0,0,0,0,0,0,0,0,0,0,0
1259520,615,0,9,0,1,0,8,-0.00618,2e-05,1.2239,2570,0,0,0,0,0,0,0,0,0,0,0,0,0,0,0,0,0,0,0,0,0
1261568,616,0,11,0,1,0,10,-0.00684,2e-05,1.4192,2771,0,0,0,0,0,0,0,0,0,0,0,0,0,0,0,0,0,0,0,0,0
1263616,617,0,15,0,3,0,12,-0.00668,2e-05,1.4189,2732,0,0,0,0,0,0,0,0,0,0,0,0,0,0,0,0,0,0,0,0,0
1265664,618,0,7,0,0,0,7,-0.00753,2e-05,1.3581,2949,0,0,0,0,0,0,0,0,0,0,0,0,0,0,0,0,0,0,0,0,0
1267712,619,0,12,0,0,0,12,-0.00602,2e-05,1.4197,2516,0,0,0,0,0,0,0,0,0,0,0,0,0,0,0,0,0,0,0,0,0
1269760,620,0,12,0,1,0,11,-0.00625,2e-05,1.4372,2704,0,0,0,0,0,0,0,0,0,0,0,0,0,0,0,0,0,0,0,0,0
1271808,621,0,8,0,0,0,8,-0.00595,2e-05,1.4575,2857,0,0,0,0,0,0,0,0,0,0,0,0,0,0,0,0,0,0,0,0,0
1273856,622,0,14,0,2,0,12,-0.00451,2e-05,1.3722,2834,0,0,0,0,0,0,0,0,0,0,0,0,0,0,0,0,0,0,0,0,0
1275904,623,0,12,0,1,0,11,-0.00689,1e-05,1.446,2793,0,0,0,0,0,0,0,0,0,0,0,0,0,0,0,0,0,0,0,0,0
1277952,624,0,9,0,1,0,8,-0.00427,2e-05,1.2755,2677,0,0,0,0,0,0,0,0,0,0,0,0,0,0,0,0,0,0,0,0,0
1280000,625,0,15,0,3,0,12,-0.00422,2e-05,1.28,2853,0,0,0,0,0,0,0,0,0,0,0,0,0,0,0,0,0,0,0,0,0
1282048,626,0,10,0,0,0,10,-0.00749,2e-05,1.3473,2902,0,0,0,0,0,0,0,0,0,0,0,0,0,0,0,0,0,0,0,0,0
1284096,627,0,10,0,3,0,7,-0.00532,2e-05,1.1815,2829,0,0,0,0,0,0,0,0,0,0,0,0,0,0,0,0,0,0,0,0,0
1286144,628,0,14,0,1,0,13,-0.0061,2e-05,1.1615,2913,0,0,0,0,0,0,0,0,0,0,0,0,0,0,0,0,0,0,0,0,0
1288192,629,0,8,0,0,0,8,-0.00482,4e-05,1.1527,2851,0,0,0,0,0,0,0,0,0,0,0,0,0,0,0,0,0,0,0,0,0
1290240,630,0,11,0,1,0,10,-0.00791,2e-05,1.198,2547,0,0,0,0,0,0,0,0,0,0,0,0,0,0,0,0,0,0,0,0,0
1292288,631,0,12,0,0,0,12,-0.00651,2e-05,1.1494,2638,0,0,0,0,0,0,0,0,0,0,0,0,0,0,0,0,0,0,0,0,0
1294336,632,0,9,0,1,0,8,-0.00675,2e-05,1.1542,2733,0,0,0,0,0,0,0,0,0,0,0,0,0,0,0,0,0,0,0,0,0
1296384,633,0,12,0,2,0,10,-0.0065,2e-05,1.0534,2845,0,0,0,0,0,0,0,0,0,0,0,0,0,0,0,0,0,0,0,0,0
1298432,634,0,12,0,1,0,11,-0.00777,2e-05,1.0766,2786,0,0,0,0,0,0,0,0,0,0,0,0,0,0,0,0,0,0,0,0,0
1300480,635,0,9,0,1,0,8,-0.00426,1e-05,1.1757,2815,0,0,0,0,0,0,0,0,0,0,0,0,0,0,0,0,0,0,0,0,0
1302528,636,0,12,0,1,0,11,-0.0064,1e-05,1.2991,2885,0,0,0,0,0,0,0,0,0,0,0,0,0,0,0,0,0,0,0,0,0
1304576,637,0,11,0,1,0,10,-0.00794,1e-05,1.337,3173,0,0,0,0,0,0,0,0,0,0,0,0,0,0,0,0,0,0,0,0,0
1306624,638,0,8,0,0,0,8,-0.00612,1e-05,1.1456,2811,0,0,0,0,0,0,0,0,0,0,0,0,0,0,0,0,0,0,0,0,0
1308672,639,0,13,0,0,0,13,-0.00952,1e-05,1.3373,2994,0,0,0,0,0,0,0,0,0,0,0,0,0,0,0,0,0,0,0,0,0
1310720,640,0,12,0,1,0,11,-0.0057,1e-05,1.357,2986,0,0,0,0,0,0,0,0,0,0,0,0,0,0,0,0,0,0,0,0,0
1312768,641,0,8,0,0,0,8,-0.00607,1e-05,1.216,2860,0,0,0,0,0,0,0,0,0,0,0,0,0,0,0,0,0,0,0,0,0
1314816,642,0,13,0,0,0,13,-0.0073,1e-05,1.2905,3029,0,0,0,0,0,0,0,0,0,0,0,0,0,0,0,0,0,0,0,0,0
1316864,643,0,11,0,2,0,9,-0.00595,1e-05,1.3596,2997,0,0,0,0,0,0,0,0,0,0,0,0,0,0,0,0,0,0,0,0,0
1318912,644,0,14,0,6,0,8,-0.00852,1e-05,1.3795,2482,0,0,0,0,0,0,0,0,0,0,0,0,0,0,0,0,0,0,0,0,0
1320960,645,0,11,0,2,0,9,-0.00761,1e-05,1.1789,2756,0,0,0,0,0,0,0,0,0,0,0,0,0,0,0,0,0,0,0,0,0
1323008,646,0,11,0,1,0,10,-0.00637,1e-05,1.1425,2943,0,0,0,0,0,0,0,0,0,0,0,0,0,0,0,0,0,0,0,0,0
1325056,647,0,13,0,1,0,12,-0.00598,1e-05,1.3018,2735,0,0,0,0,0,0,0,0,0,0,0,0,0,0,0,0,0,0,0,0,0
1327104,648,0,10,0,1,0,9,-0.00597,1e-05,1.3107,2811,0,0,0,0,0,0,0,0,0,0,0,0,0,0,0,0,0,0,0,0,0
1329152,649,0,12,0,2,0,10,-0.00845,1e-05,1.3317,2972,0,0,0,0,0,0,0,0,0,0,0,0,0,0,0,0,0,0,0,0,0
1331200,650,0,13,0,2,0,11,-0.00877,1e-05,1.3006,2838,0,0,0,0,0,0,0,0,0,0,0,0,0,0,0,0,0,0,0,0,0
1333248,651,0,10,0,2,0,8,-0.00667,1e-05,1.3638,2960,0,0,0,0,0,0,0,0,0,0,0,0,0,0,0,0,0,0,0,0,0
1335296,652,0,12,0,1,0,11,-0.00733,1e-05,1.2246,2901,0,0,0,0,0,0,0,0,0,0,0,0,0,0,0,0,0,0,0,0,0
1337344,653,0,11,0,0,0,11,-0.00627,1e-05,1.2987,2650,0,0,0,0,0,0,0,0,0,0,0,0,0,0,0,0,0,0,0,0,0
1339392,654,0,11,0,3,0,8,-0.0073,1e-05,1.2153,2863,0,0,0,0,0,0,0,0,0,0,0,0,0,0,0,0,0,0,0,0,0
1341440,655,0,10,0,0,0,10,-0.00678,1e-05,1.3784,2688,0,0,0,0,0,0,0,0,0,0,0,0,0,0,0,0,0,0,0,0,0
1343488,656,0,13,0,2,0,11,-0.00759,1e-05,1.4061,2402,0,0,0,0,0,0,0,0,0,0,0,0,0,0,0,0,0,0,0,0,0
1345536,657,0,11,0,2,0,9,-0.00897,1e-05,1.402,2820,0,0,0,0,0,0,0,0,0,0,0,0,0,0,0,0,0,0,0,0,0
1347584,658,0,11,0,3,0,8,-0.00776,1e-05,1.3341,2988,0,0,0,0,0,0,0,0,0,0,0,0,0,0,0,0,0,0,0,0,0
1349632,659,0,12,0,1,0,11,-0.00523,1e-05,1.2601,2897,0,0,0,0,0,0,0,0,0,0,0,0,0,0,0,0,0,0,0,0,0
1351680,660,0,9,0,0,0,9,-0.00682,1e-05,1.4728,2562,0,0,0,0,0,0,0,0,0,0,0,0,0,0,0,0,0,0,0,0,0
1353728,661,0,14,0,2,0,12,-0.00777,1e-05,1.4704,2577,0,0,0,0,0,0,0,0,0,0,0,0,0,0,0,0,0,0,0,0,0
1355776,662,0,15,0,4,0,11,-0.00633,1e-05,1.355,2914,0,0,0,0,0,0,0,0,0,0,0,0,0,0,0,0,0,0,0,0,0
1357824,663,0,8,0,2,0,6,-0.0065,1e-05,1.4518,2932,0,0,0,0,0,0,0,0,0,0,0,0,0,0,0,0,0,0,0,0,0
1359872,664,0,13,0,1,0,12,-0.00542,1e-05,1.3711,2490,0,0,0,0,0,0,0,0,0,0,0,0,0,0,0,0,0,0,0,0,0
1361920,665,0,13,0,2,0,11,-0.00496,1e-05,1.2502,2930,0,0,0,0,0,0,0,0,0,0,0,0,0,0,0,0,0,0,0,0,0
1363968,666,0,9,0,0,0,9,-0.00558,1e-05,1.2944,2777,0,0,0,0,0,0,0,0,0,0,0,0,0,0,0,0,0,0,0,0,0
1366016,667,0,11,0,0,0,11,-0.00621,1e-05,1.311,2743,0,0,0,0,0,0,0,0,0,0,0,0,0,0,0,0,0,0,0,0,0
1368064,668,0,12,0,2,0,10,-0.00645,0.0,1.3916,2505,0,0,0,0,0,0,0,0,0,0,0,0,0,0,0,0,0,0,0,0,0
1370112,669,0,11,0,1,0,10,-0.00527,1e-05,1.4073,2803,0,0,0,0,0,0,0,0,0,0,0,0,0,0,0,0,0,0,0,0,0
1372160,670,0,12,0,0,0,12,-0.00339,1e-05,1.2747,2930,0,0,0,0,0,0,0,0,0,0,0,0,0,0,0,0,0,0,0,0,0
1374208,671,0,9,0,3,0,6,-0.00694,1e-05,1.367,2668,0,0,0,0,0,0,0,0,0,0,0,0,0,0,0,0,0,0,0,0,0
1376256,672,0,12,0,3,0,9,-0.00588,0.0,1.4468,2764,0,0,0,0,0,0,0,0,0,0,0,0,0,0,0,0,0,0,0,0,0
1378304,673,0,16,0,3,0,13,-0.00893,0.0,1.3687,3068,0,0,0,0,0,0,0,0,0,0,0,0,0,0,0,0,0,0,0,0,0
1380352,674,0,9,0,1,0,8,-0.00836,0.0,1.3491,2920,0,0,0,0,0,0,0,0,0,0,0,0,0,0,0,0,0,0,0,0,0
1382400,675,0,15,0,7,0,8,-0.0072,1e-05,1.3799,2849,0,0,0,0,0,0,0,0,0,0,0,0,0,0,0,0,0,0,0,0,0
1384448,676,0,12,0,0,0,12,-0.00392,1e-05,1.322,2892,0,0,0,0,0,0,0,0,0,0,0,0,0,0,0,0,0,0,0,0,0
1386496,677,0,9,0,2,0,7,-0.00517,1e-05,1.3454,2703,0,0,0,0,0,0,0,0,0,0,0,0,0,0,0,0,0,0,0,0,0
1388544,678,0,16,0,4,0,12,-0.00609,1e-05,1.2467,2756,0,0,0,0,0,0,0,0,0,0,0,0,0,0,0,0,0,0,0,0,0
1390592,679,0,12,0,4,0,8,-0.0065,1e-05,1.2654,2627,0,0,0,0,0,0,0,0,0,0,0,0,0,0,0,0,0,0,0,0,0
1392640,680,0,10,0,2,0,8,-0.00564,1e-05,1.3896,2737,0,0,0,0,0,0,0,0,0,0,0,0,0,0,0,0,0,0,0,0,0
1394688,681,0,13,0,2,0,11,-0.00647,0.0,1.4229,2598,0,0,0,0,0,0,0,0,0,0,0,0,0,0,0,0,0,0,0,0,0
1396736,682,0,11,0,1,0,10,-0.00581,0.0,1.3941,2953,0,0,0,0,0,0,0,0,0,0,0,0,0,0,0,0,0,0,0,0,0
1398784,683,0,13,0,4,0,9,-0.00621,1e-05,1.4384,3079,0,0,0,0,0,0,0,0,0,0,0,0,0,0,0,0,0,0,0,0,0
1400832,684,0,12,0,3,0,9,-0.00669,1e-05,1.3646,2798,0,0,0,0,0,0,0,0,0,0,0,0,0,0,0,0,0,0,0,0,0
1402880,685,0,12,0,5,0,7,-0.00551,1e-05,1.4567,2754,0,0,0,0,0,0,0,0,0,0,0,0,0,0,0,0,0,0,0,0,0
1404928,686,0,14,0,4,0,10,-0.00492,1e-05,1.4018,2603,0,0,0,0,0,0,0,0,0,0,0,0,0,0,0,0,0,0,0,0,0
1406976,687,0,12,0,3,0,9,-0.00785,0.0,1.5193,3052,0,0,0,0,0,0,0,0,0,0,0,0,0,0,0,0,0,0,0,0,0
1409024,688,0,12,0,1,0,11,-0.00469,1e-05,1.5086,2996,0,0,0,0,0,0,0,0,0,0,0,0,0,0,0,0,0,0,0,0,0
1411072,689,0,15,0,3,0,12,-0.00655,0.0,1.5497,2728,0,0,0,0,0,0,0,0,0,0,0,0,0,0,0,0,0,0,0,0,0
1413120,690,0,6,0,1,0,5,-0.0069,0.0,1.5109,2992,0,0,0,0,0,0,0,0,0,0,0,0,0,0,0,0,0,0,0,0,0
1415168,691,0,13,0,3,0,10,-0.00562,0.0,1.4694,2808,0,0,0,0,0,0,0,0,0,0,0,0,0,0,0,0,0,0,0,0,0
1417216,692,0,16,0,1,0,15,-0.00686,0.0,1.5152,2841,0,0,0,0,0,0,0,0,0,0,0,0,0,0,0,0,0,0,0,0,0
1419264,693,0,6,0,3,0,3,-0.00938,0.0,1.5078,2748,0,0,0,0,0,0,0,0,0,0,0,0,0,0,0,0,0,0,0,0,0
1421312,694,0,12,0,0,0,12,-0.00478,1e-05,1.4127,2766,0,0,0,0,0,0,0,0,0,0,0,0,0,0,0,0,0,0,0,0,0
1423360,695,0,14,0,0,0,14,-0.00619,0.0,1.353,2674,0,0,0,0,0,0,0,0,0,0,0,0,0,0,0,0,0,0,0,0,0
1425408,696,0,8,0,2,0,6,-0.00726,0.0,1.4379,2877,0,0,0,0,0,0,0,0,0,0,0,0,0,0,0,0,0,0,0,0,0
1427456,697,0,11,0,0,0,11,-0.00654,0.0,1.412,2876,0,0,0,0,0,0,0,0,0,0,0,0,0,0,0,0,0,0,0,0,0
1429504,698,0,13,0,1,0,12,-0.0047,0.0,1.3767,2932,0,0,0,0,0,0,0,0,0,0,0,0,0,0,0,0,0,0,0,0,0
1431552,699,0,9,0,1,0,8,-0.0077,0.0,1.3018,2846,0,0,0,0,0,0,0,0,0,0,0,0,0,0,0,0,0,0,0,0,0
1433600,700,0,12,0,2,0,10,-0.00729,1e-05,1.4539,2783,0,0,0,0,0,0,0,0,0,0,0,0,0,0,0,0,0,0,0,0,0
1435648,701,0,13,0,1,0,12,-0.00747,1e-05,1.4775,2744,0,0,0,0,0,0,0,0,0,0,0,0,0,0,0,0,0,0,0,0,0
1437696,702,0,7,0,0,0,7,-0.00702,1e-05,1.5079,2811,0,0,0,0,0,0,0,0,0,0,0,0,0,0,0,0,0,0,0,0,0
1439744,703,0,15,0,2,0,13,-0.00717,1e-05,1.4037,2676,0,0,0,0,0,0,0,0,0,0,0,0,0,0,0,0,0,0,0,0,0
1441792,704,0,12,0,3,0,9,-0.00835,1e-05,1.4626,2945,0,0,0,0,0,0,0,0,0,0,0,0,0,0,0,0,0,0,0,0,0
1443840,705,0,11,0,2,0,9,-0.00669,1e-05,1.3143,2885,0,0,0,0,0,0,0,0,0,0,0,0,0,0,0,0,0,0,0,0,0
1445888,706,0,14,0,1,0,13,-0.0055,0.00011,1.222,2864,0,0,0,0,0,0,0,0,0,0,0,0,0,0,0,0,0,0,0,0,0
1447936,707,0,10,0,1,0,9,-0.00632,5e-05,1.2319,2919,0,0,0,0,0,0,0,0,0,0,0,0,0,0,0,0,0,0,0,0,0
1449984,708,0,11,0,1,0,10,-0.00929,2e-05,1.2162,2860,0,0,0,0,0,0,0,0,0,0,0,0,0,0,0,0,0,0,0,0,0
1452032,709,0,12,0,1,0,11,-0.01038,1e-05,1.3306,2769,0,0,0,0,0,0,0,0,0,0,0,0,0,0,0,0,0,0,0,0,0
1454080,710,0,10,0,1,0,9,-0.01112,1e-05,1.4579,2833,0,0,0,0,0,0,0,0,0,0,0,0,0,0,0,0,0,0,0,0,0
1456128,711,0,12,0,1,0,11,-0.00733,1e-05,1.3669,2988,0,0,0,0,0,0,0,0,0,0,0,0,0,0,0,0,0,0,0,0,0
1458176,712,0,11,0,2,0,9,-0.00676,1e-05,1.2114,2782,0,0,0,0,0,0,0,0,0,0,0,0,0,0,0,0,0,0,0,0,0
1460224,713,0,11,0,2,0,9,-0.00589,1e-05,1.2057,2800,0,0,0,0,0,0,0,0,0,0,0,0,0,0,0,0,0,0,0,0,0
1462272,714,0,13,0,2,0,11,-0.00633,1e-05,1.1563,3066,0,0,0,0,0,0,0,0,0,0,0,0,0,0,0,0,0,0,0,0,0
1464320,715,0,11,0,1,0,10,-0.00641,1e-05,1.2449,3142,0,0,0,0,0,0,0,0,0,0,0,0,0,0,0,0,0,0,0,0,0
1466368,716,0,10,0,4,0,6,-0.00827,1e-05,1.3662,2981,0,0,0,0,0,0,0,0,0,0,0,0,0,0,0,0,0,0,0,0,0
1468416,717,0,13,0,1,0,12,-0.00739,1e-05,1.2751,3018,0,0,0,0,0,0,0,0,0,0,0,0,0,0,0,0,0,0,0,0,0
1470464,718,0,11,0,1,0,10,-0.00793,1e-05,1.2533,2729,0,0,0,0,0,0,0,0,0,0,0,0,0,0,0,0,0,0,0,0,0
1472512,719,0,12,0,3,0,9,-0.00812,0.0,1.2781,2496,0,0,0,0,0,0,0,0,0,0,0,0,0,0,0,0,0,0,0,0,0
1474560,720,0,13,0,4,0,9,-0.0093,1e-05,1.2691,2676,0,0,0,0,0,0,0,0,0,0,0,0,0,0,0,0,0,0,0,0,0
1476608,721,0,9,0,1,0,8,-0.00564,0.0,1.3292,3080,0,0,0,0,0,0,0,0,0,0,0,0,0,0,0,0,0,0,0,0,0
1478656,722,0,13,0,3,0,10,-0.00838,1e-05,1.2729,3031,0,0,0,0,0,0,0,0,0,0,0,0,0,0,0,0,0,0,0,0,0
1480704,723,0,12,0,2,0,10,-0.0083,1e-05,1.2087,3006,0,0,0,0,0,0,0,0,0,0,0,0,0,0,0,0,0,0,0,0,0
1482752,724,0,12,0,3,0,9,-0.00834,0.0,1.2484,3135,0,0,0,0,0,0,0,0,0,0,0,0,0,0,0,0,0,0,0,0,0
1484800,725,0,14,0,2,0,12,-0.00827,0.0,1.2285,2959,0,0,0,0,0,0,0,0,0,0,0,0,0,0,0,0,0,0,0,0,0
1486848,726,0,9,0,1,0,8,-0.0108,0.0,1.214,2733,0,0,0,0,0,0,0,0,0,0,0,0,0,0,0,0,0,0,0,0,0
1488896,727,0,13,0,2,0,11,-0.00793,0.0,1.2348,2692,0,0,0,0,0,0,0,0,0,0,0,0,0,0,0,0,0,0,0,0,0
1490944,728,0,17,0,5,0,12,-0.00721,0.0,1.2472,2990,0,0,0,0,0,0,0,0,0,0,0,0,0,0,0,0,0,0,0,0,0
1492992,729,0,9,0,3,0,6,-0.00824,0.0,1.3053,2793,0,0,0,0,0,0,0,0,0,0,0,0,0,0,0,0,0,0,0,0,0
1495040,730,0,12,0,1,0,11,-0.00703,1e-05,1.3725,3112,0,0,0,0,0,0,0,0,0,0,0,0,0,0,0,0,0,0,0,0,0
1497088,731,0,12,0,1,0,11,-0.00738,0.0,1.3064,3020,0,0,0,0,0,0,0,0,0,0,0,0,0,0,0,0,0,0,0,0,0
1499136,732,0,8,0,0,0,8,-0.00864,0.0,1.3053,3046,0,0,0,0,0,0,0,0,0,0,0,0,0,0,0,0,0,0,0,0,0
1501184,733,0,13,0,2,0,11,-0.00787,1e-05,1.2073,3026,0,0,0,0,0,0,0,0,0,0,0,0,0,0,0,0,0,0,0,0,0
1503232,734,0,17,0,5,0,12,-0.00551,0.0,1.227,2976,0,0,0,0,0,0,0,0,0,0,0,0,0,0,0,0,0,0,0,0,0
1505280,735,0,13,0,5,0,8,-0.00684,0.0,1.1868,2904,0,0,0,0,0,0,0,0,0,0,0,0,0,0,0,0,0,0,0,0,0
1507328,736,0,12,0,2,0,10,-0.01073,0.0,1.2849,2916,0,0,0,0,0,0,0,0,0,0,0,0,0,0,0,0,0,0,0,0,0
1509376,737,0,11,0,1,0,10,-0.00822,1e-05,1.3713,2789,0,0,0,0,0,0,0,0,0,0,0,0,0,0,0,0,0,0,0,0,0
1511424,738,0,15,0,3,0,12,-0.00787,0.0,1.2821,2761,0,0,0,0,0,0,0,0,0,0,0,0,0,0,0,0,0,0,0,0,0
1513472,739,0,11,0,2,0,9,-0.00709,1e-05,1.2228,2479,0,0,0,0,0,0,0,0,0,0,0,0,0,0,0,0,0,0,0,0,0
1515520,740,0,11,0,2,0,9,-0.00846,1e-05,1.2377,2621,0,0,0,0,0,0,0,0,0,0,0,0,0,0,0,0,0,0,0,0,0
1517568,741,0,10,0,2,0,8,-0.00791,0.0,1.2419,2853,0,0,0,0,0,0,0,0,0,0,0,0,0,0,0,0,0,0,0,0,0
1519616,742,0,12,0,1,0,11,-0.00889,1e-05,1.2134,2575,0,0,0,0,0,0,0,0,0,0,0,0,0,0,0,0,0,0,0,0,0
1521664,743,0,12,0,3,0,9,-0.00765,1e-05,1.183,2651,0,0,0,0,0,0,0,0,0,0,0,0,0,0,0,0,0,0,0,0,0
1523712,744,0,10,0,1,0,9,-0.00981,1e-05,1.1534,2734,0,0,0,0,0,0,0,0,0,0,0,0,0,0,0,0,0,0,0,0,0
1525760,745,0,13,0,3,0,10,-0.00783,1e-05,1.2321,2798,0,0,0,0,0,0,0,0,0,0,0,0,0,0,0,0,0,0,0,0,0
1527808,746,0,10,0,2,0,8,-0.00966,0.0,1.2368,2827,0,0,0,0,0,0,0,0,0,0,0,0,0,0,0,0,0,0,0,0,0
1529856,747,0,10,0,0,0,10,-0.00901,0.0,1.2974,2878,0,0,0,0,0,0,0,0,0,0,0,0,0,0,0,0,0,0,0,0,0
1531904,748,0,13,0,2,0,11,-0.00792,1e-05,1.1758,2833,0,0,0,0,0,0,0,0,0,0,0,0,0,0,0,0,0,0,0,0,0
1533952,749,0,14,1,3,0,10,-0.00379,0.00066,1.27,3001,0,0,0,0,0,0,0,0,0,0,0,0,0,0,0,0,0,0,0,0,0
1536000,750,0,10,0,3,0,7,-0.00746,3e-05,1.2318,2776,0,0,0,0,0,0,0,0,0,0,0,0,0,0,0,0,0,0,0,0,0
1538048,751,0,11,1,0,0,10,-0.00434,0.00077,1.309,2930,0,0,0,0,0,0,0,0,0,0,0,0,0,0,0,0,0,0,0,0,0
1540096,752,0,18,0,5,0,13,-0.00809,5e-05,1.2333,3116,0,0,0,0,0,0,0,0,0,0,0,0,0,0,0,0,0,0,0,0,0
1542144,753,0,5,0,0,0,5,-0.00826,3e-05,1.2109,3051,0,0,0,0,0,0,0,0,0,0,0,0,0,0,0,0,0,0,0,0,0
1544192,754,0,17,0,4,0,13,-0.00846,3e-05,1.0422,2729,0,0,0,0,0,0,0,0,0,0,0,0,0,0,0,0,0,0,0,0,0
1546240,755,0,16,0,4,0,12,-0.00575,2e-05,1.0679,3091,0,0,0,0,0,0,0,0,0,0,0,0,0,0,0,0,0,0,0,0,0
1548288,756,0,5,0,0,0,5,-0.01016,2e-05,1.128,2785,0,0,0,0,0,0,0,0,0,0,0,0,0,0,0,0,0,0,0,0,0
1550336,757,0,13,0,1,0,12,-0.0087,1e-05,1.0977,2821,0,0,0,0,0,0,0,0,0,0,0,0,0,0,0,0,0,0,0,0,0
1552384,758,0,17,0,5,0,12,-0.00903,1e-05,1.1378,2965,0,0,0,0,0,0,0,0,0,0,0,0,0,0,0,0,0,0,0,0,0
1554432,759,0,7,0,2,0,5,-0.00952,3e-05,1.3235,2815,0,0,0,0,0,0,0,0,0,0,0,0,0,0,0,0,0,0,0,0,0
1556480,760,0,11,0,1,0,10,-0.00659,4e-05,1.1389,2688,0,0,0,0,0,0,0,0,0,0,0,0,0,0,0,0,0,0,0,0,0
1558528,761,0,13,0,2,0,11,-0.00972,3e-05,1.1143,2552,0,0,0,0,0,0,0,0,0,0,0,0,0,0,0,0,0,0,0,0,0
1560576,762,0,14,0,3,0,11,-0.00773,3e-05,1.2,2542,0,0,0,0,0,0,0,0,0,0,0,0,0,0,0,0,0,0,0,0,0
1562624,763,0,13,0,5,0,8,-0.01125,1e-05,1.1313,2755,0,0,0,0,0,0,0,0,0,0,0,0,0,0,0,0,0,0,0,0,0
1564672,764,0,13,0,2,0,11,-0.00901,1e-05,0.9594,2390,0,0,0,0,0,0,0,0,0,0,0,0,0,0,0,0,0,0,0,0,0
1566720,765,0,11,0,1,1,9,-0.00777,1e-05,1.0405,2504,0,0,0,0,0,0,0,0,0,0,0,0,0,0,0,0,0,0,0,0,0
1568768,766,0,10,0,0,0,10,-0.01096,1e-05,0.927,2585,0,0,0,0,0,0,0,0,0,0,0,0,0,0,0,0,0,0,0,0,0
1570816,767,0,12,0,2,0,10,-0.0046,1e-05,0.9832,2448,0,0,0,0,0,0,0,0,0,0,0,0,0,0,0,0,0,0,0,0,0
1572864,768,0,11,0,1,0,10,-0.00697,1e-05,1.0579,2590,0,0,0,0,0,0,0,0,0,0,0,0,0,0,0,0,0,0,0,0,0
1574912,769,0,12,0,0,0,12,-0.00916,1e-05,1.0176,2672,0,0,0,0,0,0,0,0,0,0,0,0,0,0,0,0,0,0,0,0,0
1576960,770,0,9,0,2,0,7,-0.00727,1e-05,1.1589,2730,0,0,0,0,0,0,0,0,0,0,0,0,0,0,0,0,0,0,0,0,0
1579008,771,0,13,0,1,0,12,-0.00708,1e-05,1.1357,2602,0,0,0,0,0,0,0,0,0,0,0,0,0,0,0,0,0,0,0,0,0
1581056,772,0,12,0,3,0,9,-0.00732,1e-05,0.9686,2912,0,0,0,0,0,0,0,0,0,0,0,0,0,0,0,0,0,0,0,0,0
1583104,773,0,11,0,1,0,10,-0.00596,0.0,1.1177,2791,0,0,0,0,0,0,0,0,0,0,0,0,0,0,0,0,0,0,0,0,0
1585152,774,0,12,0,3,0,9,-0.00662,0.0,1.2044,2884,0,0,0,0,0,0,0,0,0,0,0,0,0,0,0,0,0,0,0,0,0
1587200,775,0,14,0,3,0,11,-0.00942,0.0,1.2864,2693,0,0,0,0,0,0,0,0,0,0,0,0,0,0,0,0,0,0,0,0,0
1589248,776,0,10,0,2,0,8,-0.00635,0.0,1.0647,2342,0,0,0,0,0,0,0,0,0,0,0,0,0,0,0,0,0,0,0,0,0
1591296,777,0,12,0,0,0,12,-0.00553,0.0,1.0898,2893,0,0,0,0,0,0,0,0,0,0,0,0,0,0,0,0,0,0,0,0,0
1593344,778,0,10,0,1,0,9,-0.00775,0.0,1.1182,2472,0,0,0,0,0,0,0,0,0,0,0,0,0,0,0,0,0,0,0,0,0
1595392,779,0,14,0,3,0,11,-0.00782,0.0,1.1806,2401,0,0,0,0,0,0,0,0,0,0,0,0,0,0,0,0,0,0,0,0,0
1597440,780,0,11,0,0,0,11,-0.00724,0.0,1.1485,2473,0,0,0,0,0,0,0,0,0,0,0,0,0,0,0,0,0,0,0,0,0
1599488,781,0,9,0,1,0,8,-0.00634,0.0,1.0005,2811,0,0,0,0,0,0,0,0,0,0,0,0,0,0,0,0,0,0,0,0,0
1601536,782,0,12,0,1,0,11,-0.0081,0.0,1.0166,2587,0,0,0,0,0,0,0,0,0,0,0,0,0,0,0,0,0,0,0,0,0
1603584,783,0,12,0,1,0,11,-0.00773,0.0,1.0905,2554,0,0,0,0,0,0,0,0,0,0,0,0,0,0,0,0,0,0,0,0,0
1605632,784,0,12,0,4,0,8,-0.00888,0.0,1.3223,2922,0,0,0,0,0,0,0,0,0,0,0,0,0,0,0,0,0,0,0,0,0
1607680,785,0,11,0,1,0,10,-0.01059,0.0,1.3956,2714,0,0,0,0,0,0,0,0,0,0,0,0,0,0,0,0,0,0,0,0,0
1609728,786,0,11,0,1,0,10,-0.00799,0.0,1.2998,2606,0,0,0,0,0,0,0,0,0,0,0,0,0,0,0,0,0,0,0,0,0
1611776,787,0,12,0,1,0,11,-0.00611,0.0,1.0978,2723,0,0,0,0,0,0,0,0,0,0,0,0,0,0,0,0,0,0,0,0,0
1613824,788,0,11,0,1,0,10,-0.00958,0.0,1.1759,2740,0,0,0,0,0,0,0,0,0,0,0,0,0,0,0,0,0,0,0,0,0
1615872,789,0,11,0,2,0,9,-0.00869,0.0,1.0891,2530,0,0,0,0,0,0,0,0,0,0,0,0,0,0,0,0,0,0,0,0,0
1617920,790,0,13,0,1,0,12,-0.00929,0.0,1.2619,2468,0,0,0,0,0,0,0,0,0,0,0,0,0,0,0,0,0,0,0,0,0
1619968,791,0,7,0,1,0,6,-0.00858,0.0,1.3122,2606,0,0,0,0,0,0,0,0,0,0,0,0,0,0,0,0,0,0,0,0,0
1622016,792,0,14,0,1,0,13,-0.00812,0.0,1.2905,2603,0,0,0,0,0,0,0,0,0,0,0,0,0,0,0,0,0,0,0,0,0
1624064,793,0,10,0,0,0,10,-0.00693,0.0,1.3871,2815,0,0,0,0,0,0,0,0,0,0,0,0,0,0,0,0,0,0,0,0,0
1626112,794,0,13,0,4,0,9,-0.01093,0.0,1.3127,2688,0,0,0,0,0,0,0,0,0,0,0,0,0,0,0,0,0,0,0,0,0
1628160,795,0,11,0,2,0,9,-0.00665,0.0,1.3214,2688,0,0,0,0,0,0,0,0,0,0,0,0,0,0,0,0,0,0,0,0,0
1630208,796,0,16,0,4,0,12,-0.00856,0.0,1.3892,2750,0,0,0,0,0,0,0,0,0,0,0,0,0,0,0,0,0,0,0,0,0
1632256,797,0,9,0,0,0,9,-0.00897,0.0,1.2694,2787,0,0,0,0,0,0,0,0,0,0,0,0,0,0,0,0,0,0,0,0,0
1634304,798,0,10,0,0,0,10,-0.00684,0.0,1.1589,2751,0,0,0,0,0,0,0,0,0,0,0,0,0,0,0,0,0,0,0,0,0
1636352,799,0,13,1,3,0,9,-0.00357,3e-05,1.1282,2937,0,0,0,0,0,0,0,0,0,0,0,0,0,0,0,0,0,0,0,0,0
1638400,800,0,13,0,1,0,12,-0.00477,0.0,1.2525,2866,0,0,0,0,0,0,0,0,0,0,0,0,0,0,0,0,0,0,0,0,0
1640448,801,0,8,0,2,0,6,-0.01037,0.0,1.2791,2786,0,0,0,0,0,0,0,0,0,0,0,0,0,0,0,0,0,0,0,0,0
1642496,802,0,14,0,2,0,12,-0.00665,0.0,1.2637,3013,0,0,0,0,0,0,0,0,0,0,0,0,0,0,0,0,0,0,0,0,0
1644544,803,0,12,0,2,0,10,-0.0063,0.0,1.1961,2945,0,0,0,0,0,0,0,0,0,0,0,0,0,0,0,0,0,0,0,0,0
1646592,804,0,11,0,2,0,9,-0.00521,0.0,1.2164,2780,0,0,0,0,0,0,0,0,0,0,0,0,0,0,0,0,0,0,0,0,0
1648640,805,0,12,0,3,0,9,-0.00533,0.0,1.2269,2803,0,0,0,0,0,0,0,0,0,0,0,0,0,0,0,0,0,0,0,0,0
1650688,806,0,13,0,0,1,12,-0.00594,0.0,1.3454,2756,0,0,0,0,0,0,0,0,0,0,0,0,0,0,0,0,0,0,0,0,0
1652736,807,0,11,0,4,0,7,-0.00929,0.0,1.4883,2471,0,0,0,0,0,0,0,0,0,0,0,0,0,0,0,0,0,0,0,0,0
1654784,808,0,12,0,2,0,10,-0.00685,0.0,1.3752,2491,0,0,0,0,0,0,0,0,0,0,0,0,0,0,0,0,0,0,0,0,0
1656832,809,0,12,0,0,1,11,-0.00775,0.0,1.2575,2848,0,0,0,0,0,0,0,0,0,0,0,0,0,0,0,0,0,0,0,0,0
1658880,810,0,12,0,3,0,9,-0.00609,0.0,1.2212,2706,0,0,0,0,0,0,0,0,0,0,0,0,0,0,0,0,0,0,0,0,0
1660928,811,0,10,0,0,1,9,-0.00694,0.0,1.1755,2991,0,0,0,0,0,0,0,0,0,0,0,0,0,0,0,0,0,0,0,0,0
1662976,812,0,11,0,1,0,10,-0.00847,0.0,1.167,3103,0,0,0,0,0,0,0,0,0,0,0,0,0,0,0,0,0,0,0,0,0
1665024,813,0,9,1,0,0,8,-0.00516,0.00013,1.2106,2858,0,0,0,0,0,0,0,0,0,0,0,0,0,0,0,0,0,0,0,0,0
1667072,814,0,13,0,1,0,12,-0.0081,1e-05,1.3168,2940,0,0,0,0,0,0,0,0,0,0,0,0,0,0,0,0,0,0,0,0,0
1669120,815,0,10,0,0,0,10,-0.00493,1e-05,1.149,2973,0,0,0,0,0,0,0,0,0,0,0,0,0,0,0,0,0,0,0,0,0
1671168,816,0,10,0,1,1,8,-0.0075,0.0,1.1616,2872,0,0,0,0,0,0,0,0,0,0,0,0,0,0,0,0,0,0,0,0,0
1673216,817,0,13,0,2,0,11,-0.00714,0.0,1.2501,2699,0,0,0,0,0,0,0,0,0,0,0,0,0,0,0,0,0,0,0,0,0
1675264,818,0,11,0,1,0,10,-0.00657,0.0,1.3128,2784,0,0,0,0,0,0,0,0,0,0,0,0,0,0,0,0,0,0,0,0,0
1677312,819,0,11,0,1,0,10,-0.00913,0.0,1.299,2917,0,0,0,0,0,0,0,0,0,0,0,0,0,0,0,0,0,0,0,0,0
1679360,820,0,12,0,4,0,8,-0.0075,0.0,1.2276,2904,0,0,0,0,0,0,0,0,0,0,0,0,0,0,0,0,0,0,0,0,0
1681408,821,0,10,0,1,0,9,-0.0093,0.0,1.1167,2490,0,0,0,0,0,0,0,0,0,0,0,0,0,0,0,0,0,0,0,0,0
1683456,822,0,11,0,2,0,9,-0.00985,0.0,1.1623,2574,0,0,0,0,0,0,0,0,0,0,0,0,0,0,0,0,0,0,0,0,0
1685504,823,0,13,0,1,0,12,-0.00631,0.0,1.1294,2733,0,0,0,0,0,0,0,0,0,0,0,0,0,0,0,0,0,0,0,0,0
1687552,824,0,10,0,1,0,9,-0.00627,0.0,1.3169,2998,0,0,0,0,0,0,0,0,0,0,0,0,0,0,0,0,0,0,0,0,0
1689600,825,0,13,0,4,0,9,-0.00702,0.0,1.3426,2843,0,0,0,0,0,0,0,0,0,0,0,0,0,0,0,0,0,0,0,0,0
1691648,826,0,12,0,1,0,11,-0.00604,0.0,1.203,2920,0,0,0,0,0,0,0,0,0,0,0,0,0,0,0,0,0,0,0,0,0
1693696,827,0,11,0,3,0,8,-0.00751,0.0,1.1571,2536,0,0,0,0,0,0,0,0,0,0,0,0,0,0,0,0,0,0,0,0,0
1695744,828,0,13,0,1,0,12,-0.00711,0.0,1.2207,2929,0,0,0,0,0,0,0,0,0,0,0,0,0,0,0,0,0,0,0,0,0
1697792,829,0,11,0,1,0,10,-0.00891,0.0,1.2388,3035,0,0,0,0,0,0,0,0,0,0,0,0,0,0,0,0,0,0,0,0,0
1699840,830,0,10,0,0,0,10,-0.00609,0.0,1.157,2950,0,0,0,0,0,0,0,0,0,0,0,0,0,0,0,0,0,0,0,0,0
1701888,831,0,11,0,1,0,10,-0.00436,0.0,1.0105,2663,0,0,0,0,0,0,0,0,0,0,0,0,0,0,0,0,0,0,0,0,0
1703936,832,0,12,1,2,0,9,-0.00479,0.00012,1.0876,2773,0,0,0,0,0,0,0,0,0,0,0,0,0,0,0,0,0,0,0,0,0
1705984,833,0,9,0,0,0,9,-0.00787,1e-05,1.0191,2776,0,0,0,0,0,0,0,0,0,0,0,0,0,0,0,0,0,0,0,0,0
1708032,834,0,13,0,3,0,10,-0.00752,0.0,1.0197,2711,0,0,0,0,0,0,0,0,0,0,0,0,0,0,0,0,0,0,0,0,0
1710080,835,0,11,0,1,0,10,-0.00779,0.0,1.0363,3017,0,0,0,0,0,0,0,0,0,0,0,0,0,0,0,0,0,0,0,0,0
1712128,836,0,10,0,2,1,7,-0.00406,0.0,1.0781,2946,0,0,0,0,0,0,0,0,0,0,0,0,0,0,0,0,0,0,0,0,0
1714176,837,0,16,0,2,0,14,-0.00562,0.0,1.1205,2992,0,0,0,0,0,0,0,0,0,0,0,0,0,0,0,0,0,0,0,0,0
1716224,838,0,11,0,2,0,9,-0.00629,0.0,1.14,2914,0,0,0,0,0,0,0,0,0,0,0,0,0,0,0,0,0,0,0,0,0
1718272,839,0,10,0,2,0,8,-0.00763,0.0,0.958,2450,0,0,0,0,0,0,0,0,0,0,0,0,0,0,0,0,0,0,0,0,0
1720320,840,0,14,0,3,0,11,-0.00596,0.0,1.0356,2966,0,0,0,0,0,0,0,0,0,0,0,0,0,0,0,0,0,0,0,0,0
1722368,841,0,12,0,2,0,10,-0.01077,0.0,1.0979,2760,0,0,0,0,0,0,0,0,0,0,0,0,0,0,0,0,0,0,0,0,0
1724416,842,0,11,0,2,0,9,-0.00609,0.0,1.0354,3003,0,0,0,0,0,0,0,0,0,0,0,0,0,0,0,0,0,0,0,0,0
1726464,843,0,13,0,5,0,8,-0.00651,1e-05,1.0529,2530,0,0,0,0,0,0,0,0,0,0,0,0,0,0,0,0,0,0,0,0,0
1728512,844,0,17,1,5,0,11,-0.00275,0.00022,1.1038,2667,0,0,0,0,0,0,0,0,0,0,0,0,0,0,0,0,0,0,0,0,0
1730560,845,0,14,0,5,0,9,-0.00406,2e-05,0.9441,2772,0,0,0,0,0,0,0,0,0,0,0,0,0,0,0,0,0,0,0,0,0
1732608,846,0,14,0,5,0,9,-0.00823,1e-05,0.9619,2755,0,0,0,0,0,0,0,0,0,0,0,0,0,0,0,0,0,0,0,0,0
1734656,847,0,13,0,3,0,10,-0.00699,0.0,1.2234,2782,0,0,0,0,0,0,0,0,0,0,0,0,0,0,0,0,0,0,0,0,0
1736704,848,0,11,0,3,0,8,-0.00859,0.0,1.2225,2681,0,0,0,0,0,0,0,0,0,0,0,0,0,0,0,0,0,0,0,0,0
1738752,849,0,14,0,4,0,10,-0.00706,0.0,1.0514,2801,0,0,0,0,0,0,0,0,0,0,0,0,0,0,0,0,0,0,0,0,0
1740800,850,0,13,1,2,0,10,-0.00635,0.00015,1.1391,2723,0,0,0,0,0,0,0,0,0,0,0,0,0,0,0,0,0,0,0,0,0
1742848,851,0,13,0,5,1,7,-0.00992,1e-05,1.1872,2732,0,0,0,0,0,0,0,0,0,0,0,0,0,0,0,0,0,0,0,0,0
1744896,852,0,11,0,1,0,10,-0.00473,0.0,1.1008,2704,0,0,0,0,0,0,0,0,0,0,0,0,0,0,0,0,0,0,0,0,0
1746944,853,0,15,0,4,0,11,-0.00735,0.0,0.9675,2969,0,0,0,0,0,0,0,0,0,0,0,0,0,0,0,0,0,0,0,0,0
1748992,854,0,8,0,0,0,8,-0.00666,0.0,1.0819,2951,0,0,0,0,0,0,0,0,0,0,0,0,0,0,0,0,0,0,0,0,0
1751040,855,0,17,0,5,0,12,-0.00724,0.0,1.0952,2777,0,0,0,0,0,0,0,0,0,0,0,0,0,0,0,0,0,0,0,0,0
1753088,856,0,12,1,3,1,7,-0.00452,0.00138,1.0666,2723,0,0,0,0,0,0,0,0,0,0,0,0,0,0,0,0,0,0,0,0,0
1755136,857,0,11,0,1,0,10,-0.00671,9e-05,1.0392,2832,0,0,0,0,0,0,0,0,0,0,0,0,0,0,0,0,0,0,0,0,0
1757184,858,0,12,0,2,0,10,-0.01088,3e-05,1.0706,2885,0,0,0,0,0,0,0,0,0,0,0,0,0,0,0,0,0,0,0,0,0
1759232,859,0,10,0,1,0,9,-0.00952,1e-05,1.2877,2791,0,0,0,0,0,0,0,0,0,0,0,0,0,0,0,0,0,0,0,0,0
1761280,860,0,12,0,2,0,10,-0.00998,1e-05,1.1646,2982,0,0,0,0,0,0,0,0,0,0,0,0,0,0,0,0,0,0,0,0,0
1763328,861,0,12,0,2,0,10,-0.00419,1e-05,1.0878,2843,0,0,0,0,0,0,0,0,0,0,0,0,0,0,0,0,0,0,0,0,0
1765376,862,0,13,0,3,0,10,-0.00743,1e-05,1.1128,2791,0,0,0,0,0,0,0,0,0,0,0,0,0,0,0,0,0,0,0,0,0
1767424,863,0,11,0,2,0,9,-0.00918,1e-05,1.1758,2713,0,0,0,0,0,0,0,0,0,0,0,0,0,0,0,0,0,0,0,0,0
1769472,864,0,10,0,0,0,10,-0.00984,1e-05,1.0492,2880,0,0,0,0,0,0,0,0,0,0,0,0,0,0,0,0,0,0,0,0,0
1771520,865,0,11,0,1,0,10,-0.00714,0.0,1.0439,2655,0,0,0,0,0,0,0,0,0,0,0,0,0,0,0,0,0,0,0,0,0
1773568,866,0,13,0,2,0,11,-0.00573,0.0,0.9327,2826,0,0,0,0,0,0,0,0,0,0,0,0,0,0,0,0,0,0,0,0,0
1775616,867,0,9,0,0,0,9,-0.0104,0.0,0.9718,2808,0,0,0,0,0,0,0,0,0,0,0,0,0,0,0,0,0,0,0,0,0
1777664,868,0,13,0,4,0,9,-0.00727,0.0,1.0897,2792,0,0,0,0,0,0,0,0,0,0,0,0,0,0,0,0,0,0,0,0,0
1779712,869,0,11,0,0,0,11,-0.00824,0.0,1.0943,2831,0,0,0,0,0,0,0,0,0,0,0,0,0,0,0,0,0,0,0,0,0
1781760,870,0,11,0,2,0,9,-0.00648,0.0,0.9181,2605,0,0,0,0,0,0,0,0,0,0,0,0,0,0,0,0,0,0,0,0,0
1783808,871,0,13,0,3,0,10,-0.00487,0.0,0.9416,2787,0,0,0,0,0,0,0,0,0,0,0,0,0,0,0,0,0,0,0,0,0
1785856,872,0,12,0,3,0,9,-0.00622,0.0,0.9712,2734,0,0,0,0,0,0,0,0,0,0,0,0,0,0,0,0,0,0,0,0,0
1787904,873,0,10,0,0,0,10,-0.00693,0.0,1.0041,2949,0,0,0,0,0,0,0,0,0,0,0,0,0,0,0,0,0,0,0,0,0
1789952,874,0,11,0,0,0,11,-0.00741,0.0,1.1583,2673,0,0,0,0,0,0,0,0,0,0,0,0,0,0,0,0,0,0,0,0,0
1792000,875,0,12,0,1,0,11,-0.00928,0.0,1.1682,2748,0,0,0,0,0,0,0,0,0,0,0,0,0,0,0,0,0,0,0,0,0
1794048,876,0,9,0,1,0,8,-0.00683,0.0,1.1091,2918,0,0,0,0,0,0,0,0,0,0,0,0,0,0,0,0,0,0,0,0,0
1796096,877,0,13,0,4,0,9,-0.00856,0.0,0.9655,2749,0,0,0,0,0,0,0,0,0,0,0,0,0,0,0,0,0,0,0,0,0
1798144,878,0,11,0,0,0,11,-0.00874,0.0,0.9935,2947,0,0,0,0,0,0,0,0,0,0,0,0,0,0,0,0,0,0,0,0,0
1800192,879,0,15,0,4,0,11,-0.00579,0.0,1.0891,2752,0,0,0,0,0,0,0,0,0,0,0,0,0,0,0,0,0,0,0,0,0
1802240,880,0,8,0,0,0,8,-0.00678,0.0,1.1455,2948,0,0,0,0,0,0,0,0,0,0,0,0,0,0,0,0,0,0,0,0,0
1804288,881,0,11,0,1,0,10,-0.00754,0.0,1.0146,2642,0,0,0,0,0,0,0,0,0,0,0,0,0,0,0,0,0,0,0,0,0
1806336,882,0,14,0,1,0,13,-0.0087,0.0,0.9548,2490,0,0,0,0,0,0,0,0,0,0,0,0,0,0,0,0,0,0,0,0,0
1808384,883,0,8,0,2,0,6,-0.00711,0.0,1.1568,2665,0,0,0,0,0,0,0,0,0,0,0,0,0,0,0,0,0,0,0,0,0
1810432,884,0,12,0,0,0,12,-0.00892,0.0,1.2246,2814,0,0,0,0,0,0,0,0,0,0,0,0,0,0,0,0,0,0,0,0,0
1812480,885,0,13,0,1,0,12,-0.00579,0.0,1.0611,2802,0,0,0,0,0,0,0,0,0,0,0,0,0,0,0,0,0,0,0,0,0
1814528,886,0,8,0,0,0,8,-0.00666,0.0,1.071,3007,0,0,0,0,0,0,0,0,0,0,0,0,0,0,0,0,0,0,0,0,0
1816576,887,0,12,0,1,0,11,-0.00564,0.0,1.1025,2715,0,0,0,0,0,0,0,0,0,0,0,0,0,0,0,0,0,0,0,0,0
1818624,888,0,13,0,2,0,11,-0.00692,0.0,1.0719,2801,0,0,0,0,0,0,0,0,0,0,0,0,0,0,0,0,0,0,0,0,0
1820672,889,0,10,0,1,0,9,-0.00671,0.0,1.1779,2932,0,0,0,0,0,0,0,0,0,0,0,0,0,0,0,0,0,0,0,0,0
1822720,890,0,11,0,1,0,10,-0.00706,0.0,1.0748,2814,0,0,0,0,0,0,0,0,0,0,0,0,0,0,0,0,0,0,0,0,0
1824768,891,0,12,0,1,0,11,-0.00808,0.0,1.1201,2910,0,0,0,0,0,0,0,0,0,0,0,0,0,0,0,0,0,0,0,0,0
1826816,892,0,10,0,1,0,9,-0.00805,0.0,1.1545,2921,0,0,0,0,0,0,0,0,0,0,0,0,0,0,0,0,0,0,0,0,0
1828864,893,0,13,0,2,0,11,-0.00686,0.0,1.1183,2950,0,0,0,0,0,0,0,0,0,0,0,0,0,0,0,0,0,0,0,0,0
1830912,894,0,10,0,0,0,10,-0.0066,0.0,1.0724,2750,0,0,0,0,0,0,0,0,0,0,0,0,0,0,0,0,0,0,0,0,0
1832960,895,0,9,0,0,0,9,-0.00749,0.0,1.0994,2741,0,0,0,0,0,0,0,0,0,0,0,0,0,0,0,0,0,0,0,0,0
1835008,896,0,14,0,2,0,12,-0.00606,0.0,0.9649,2815,0,0,0,0,0,0,0,0,0,0,0,0,0,0,0,0,0,0,0,0,0
1837056,897,0,10,0,2,0,8,-0.00798,0.0,0.9954,2842,0,0,0,0,0,0,0,0,0,0,0,0,0,0,0,0,0,0,0,0,0
1839104,898,0,11,0,1,0,10,-0.00665,0.0,1.1246,2823,0,0,0,0,0,0,0,0,0,0,0,0,0,0,0,0,0,0,0,0,0
1841152,899,0,12,0,0,0,12,-0.00647,0.0,1.0517,2741,0,0,0,0,0,0,0,0,0,0,0,0,0,0,0,0,0,0,0,0,0
1843200,900,0,9,0,0,0,9,-0.00549,0.0,1.0558,2800,0,0,0,0,0,0,0,0,0,0,0,0,0,0,0,0,0,0,0,0,0
1845248,901,0,12,0,2,0,10,-0.00666,0.0,0.8815,2848,0,0,0,0,0,0,0,0,0,0,0,0,0,0,0,0,0,0,0,0,0
1847296,902,0,12,0,0,0,12,-0.00589,0.0,0.9944,2982,0,0,0,0,0,0,0,0,0,0,0,0,0,0,0,0,0,0,0,0,0
1849344,903,0,9,0,1,0,8,-0.00838,0.0,1.1947,2951,0,0,0,0,0,0,0,0,0,0,0,0,0,0,0,0,0,0,0,0,0
1851392,904,0,12,0,1,0,11,-0.00634,0.0,0.9839,2586,0,0,0,0,0,0,0,0,0,0,0,0,0,0,0,0,0,0,0,0,0
1853440,905,0,15,0,3,0,12,-0.00538,0.0,1.0345,2565,0,0,0,0,0,0,0,0,0,0,0,0,0,0,0,0,0,0,0,0,0
1855488,906,0,7,0,0,0,7,-0.00513,0.0,1.0873,2713,0,0,0,0,0,0,0,0,0,0,0,0,0,0,0,0,0,0,0,0,0
1857536,907,0,13,0,2,0,11,-0.00706,0.0,1.0745,2634,0,0,0,0,0,0,0,0,0,0,0,0,0,0,0,0,0,0,0,0,0
1859584,908,0,15,0,1,0,14,-0.00562,0.0,1.054,2796,0,0,0,0,0,0,0,0,0,0,0,0,0,0,0,0,0,0,0,0,0
1861632,909,0,6,0,0,0,6,-0.00597,0.0,1.07,2671,0,0,0,0,0,0,0,0,0,0,0,0,0,0,0,0,0,0,0,0,0
1863680,910,0,11,0,0,0,11,-0.00824,0.0,1.0776,2178,0,0,0,0,0,0,0,0,0,0,0,0,0,0,0,0,0,0,0,0,0
1865728,911,0,13,0,0,0,13,-0.00703,0.0,1.1083,1469,0,0,0,0,0,0,0,0,0,0,0,0,0,0,0,0,0,0,0,0,0
1867776,912,0,7,0,0,0,7,-0.01172,0.0,1.0206,2687,0,0,0,0,0,0,0,0,0,0,0,0,0,0,0,0,0,0,0,0,0
1869824,913,0,11,0,0,0,11,-0.0056,0.0,0.9646,2239,0,0,0,0,0,0,0,0,0,0,0,0,0,0,0,0,0,0,0,0,0
1871872,914,0,11,0,1,0,10,-0.00377,0.0,0.9948,2857,0,0,0,0,0,0,0,0,0,0,0,0,0,0,0,0,0,0,0,0,0
1873920,915,0,10,0,0,0,10,-0.00829,0.0,1.02,2854,0,0,0,0,0,0,0,0,0,0,0,0,0,0,0,0,0,0,0,0,0
1875968,916,0,13,0,2,0,11,-0.00653,0.0,1.0697,2653,0,0,0,0,0,0,0,0,0,0,0,0,0,0,0,0,0,0,0,0,0
1878016,917,0,10,0,0,0,10,-0.00912,0.0,1.0564,2794,0,0,0,0,0,0,0,0,0,0,0,0,0,0,0,0,0,0,0,0,0
1880064,918,0,9,0,0,0,9,-0.0067,0.0,1.1073,2693,0,0,0,0,0,0,0,0,0,0,0,0,0,0,0,0,0,0,0,0,0
1882112,919,0,13,0,0,0,13,-0.00783,2e-05,0.9176,2799,0,0,0,0,0,0,0,0,0,0,0,0,0,0,0,0,0,0,0,0,0
1884160,920,0,9,0,0,0,9,-0.00668,1e-05,0.9611,2668,0,0,0,0,0,0,0,0,0,0,0,0,0,0,0,0,0,0,0,0,0
1886208,921,0,10,0,1,0,9,-0.00498,0.0,1.0497,2643,0,0,0,0,0,0,0,0,0,0,0,0,0,0,0,0,0,0,0,0,0
1888256,922,0,14,0,0,0,14,-0.00326,1e-05,0.8787,2892,0,0,0,0,0,0,0,0,0,0,0,0,0,0,0,0,0,0,0,0,0
1890304,923,0,8,0,0,0,8,-0.00484,0.0,0.9824,2841,0,0,0,0,0,0,0,0,0,0,0,0,0,0,0,0,0,0,0,0,0
1892352,924,0,10,0,0,0,10,-0.00677,0.0,1.0387,2645,0,0,0,0,0,0,0,0,0,0,0,0,0,0,0,0,0,0,0,0,0
1894400,925,0,16,0,2,0,14,-0.00749,0.0,1.0967,2751,0,0,0,0,0,0,0,0,0,0,0,0,0,0,0,0,0,0,0,0,0
1896448,926,0,7,0,0,0,7,-0.0092,0.0,1.2129,2754,0,0,0,0,0,0,0,0,0,0,0,0,0,0,0,0,0,0,0,0,0
1898496,927,0,9,0,0,0,9,-0.00534,0.0,0.9605,2836,0,0,0,0,0,0,0,0,0,0,0,0,0,0,0,0,0,0,0,0,0
1900544,928,0,17,0,1,0,16,-0.00693,0.0,0.9901,2960,0,0,0,0,0,0,0,0,0,0,0,0,0,0,0,0,0,0,0,0,0
1902592,929,0,7,0,1,0,6,-0.00833,0.0,1.2089,2690,0,0,0,0,0,0,0,0,0,0,0,0,0,0,0,0,0,0,0,0,0
1904640,930,0,11,0,1,0,10,-0.00793,0.0,1.1029,2558,0,0,0,0,0,0,0,0,0,0,0,0,0,0,0,0,0,0,0,0,0
1906688,931,0,14,0,1,0,13,-0.00689,0.0,0.9775,2640,0,0,0,0,0,0,0,0,0,0,0,0,0,0,0,0,0,0,0,0,0
1908736,932,0,8,0,0,0,8,-0.0076,0.0,1.2417,2896,0,0,0,0,0,0,0,0,0,0,0,0,0,0,0,0,0,0,0,0,0
1910784,933,0,10,0,1,0,9,-0.00984,0.0,1.3034,2709,0,0,0,0,0,0,0,0,0,0,0,0,0,0,0,0,0,0,0,0,0
1912832,934,0,12,0,0,0,12,-0.00748,0.0,1.1313,2909,0,0,0,0,0,0,0,0,0,0,0,0,0,0,0,0,0,0,0,0,0
1914880,935,0,11,0,1,0,10,-0.0062,0.0,1.0509,2983,0,0,0,0,0,0,0,0,0,0,0,0,0,0,0,0,0,0,0,0,0
1916928,936,0,11,0,1,0,10,-0.00878,0.0,1.1876,2970,0,0,0,0,0,0,0,0,0,0,0,0,0,0,0,0,0,0,0,0,0
1918976,937,0,12,0,2,0,10,-0.00715,0.0,1.0705,2759,0,0,0,0,0,0,0,0,0,0,0,0,0,0,0,0,0,0,0,0,0
1921024,938,0,12,0,2,0,10,-0.00591,0.0,1.0013,2688,0,0,0,0,0,0,0,0,0,0,0,0,0,0,0,0,0,0,0,0,0
1923072,939,0,8,0,0,0,8,-0.00712,0.0,0.9644,2594,0,0,0,0,0,0,0,0,0,0,0,0,0,0,0,0,0,0,0,0,0
1925120,940,0,12,0,0,0,12,-0.0069,0.0,1.0749,2620,0,0,0,0,0,0,0,0,0,0,0,0,0,0,0,0,0,0,0,0,0
1927168,941,0,12,0,1,1,10,-0.00798,0.0,1.0095,2477,0,0,0,0,0,0,0,0,0,0,0,0,0,0,0,0,0,0,0,0,0
1929216,942,0,11,0,3,0,8,-0.00845,0.0,1.0095,2835,0,0,0,0,0,0,0,0,0,0,0,0,0,0,0,0,0,0,0,0,0
1931264,943,0,11,0,2,0,9,-0.00752,3e-05,0.9166,2920,0,0,0,0,0,0,0,0,0,0,0,0,0,0,0,0,0,0,0,0,0
1933312,944,0,12,0,0,0,12,-0.00412,5e-05,0.7956,2722,0,0,0,0,0,0,0,0,0,0,0,0,0,0,0,0,0,0,0,0,0
1935360,945,0,12,0,1,0,11,-0.00481,7e-05,0.8601,2655,0,0,0,0,0,0,0,0,0,0,0,0,0,0,0,0,0,0,0,0,0
1937408,946,0,8,0,0,0,8,-0.00671,1e-05,1.0354,2844,0,0,0,0,0,0,0,0,0,0,0,0,0,0,0,0,0,0,0,0,0
1939456,947,0,14,0,2,0,12,-0.00701,0.0,1.021,2796,0,0,0,0,0,0,0,0,0,0,0,0,0,0,0,0,0,0,0,0,0
1941504,948,0,13,0,2,0,11,-0.00743,0.0,1.0425,3071,0,0,0,0,0,0,0,0,0,0,0,0,0,0,0,0,0,0,0,0,0
1943552,949,0,9,0,0,0,9,-0.00452,0.0,0.9352,2999,0,0,0,0,0,0,0,0,0,0,0,0,0,0,0,0,0,0,0,0,0
1945600,950,0,10,0,0,0,10,-0.00696,0.0,0.9372,2914,0,0,0,0,0,0,0,0,0,0,0,0,0,0,0,0,0,0,0,0,0
1947648,951,0,12,0,0,0,12,-0.00817,0.0,0.9991,2961,0,0,0,0,0,0,0,0,0,0,0,0,0,0,0,0,0,0,0,0,0
1949696,952,0,12,0,2,0,10,-0.008,0.0,0.9645,2696,0,0,0,0,0,0,0,0,0,0,0,0,0,0,0,0,0,0,0,0,0
1951744,953,0,10,0,1,0,9,-0.00775,0.0,0.9482,2820,0,0,0,0,0,0,0,0,0,0,0,0,0,0,0,0,0,0,0,0,0
1953792,954,0,13,0,3,0,10,-0.00779,0.0,1.0588,2846,0,0,0,0,0,0,0,0,0,0,0,0,0,0,0,0,0,0,0,0,0
1955840,955,0,10,0,1,0,9,-0.00559,0.0,0.9482,2757,0,0,0,0,0,0,0,0,0,0,0,0,0,0,0,0,0,0,0,0,0
1957888,956,0,11,0,1,0,10,-0.00751,0.0,0.9566,2761,0,0,0,0,0,0,0,0,0,0,0,0,0,0,0,0,0,0,0,0,0
1959936,957,0,11,0,1,0,10,-0.00869,0.0,0.952,2720,0,0,0,0,0,0,0,0,0,0,0,0,0,0,0,0,0,0,0,0,0
1961984,958,0,9,0,0,0,9,-0.01197,0.0,0.9626,2532,0,0,0,0,0,0,0,0,0,0,0,0,0,0,0,0,0,0,0,0,0
1964032,959,0,12,0,0,0,12,-0.0075,0.0,1.0774,2664,0,0,0,0,0,0,0,0,0,0,0,0,0,0,0,0,0,0,0,0,0
1966080,960,0,10,0,1,0,9,-0.00639,0.0,1.0228,2772,0,0,0,0,0,0,0,0,0,0,0,0,0,0,0,0,0,0,0,0,0
1968128,961,0,11,0,1,0,10,-0.00826,0.0,0.9303,2763,0,0,0,0,0,0,0,0,0,0,0,0,0,0,0,0,0,0,0,0,0
1970176,962,0,12,0,0,0,12,-0.00808,0.0,1.0695,3017,0,0,0,0,0,0,0,0,0,0,0,0,0,0,0,0,0,0,0,0,0
1972224,963,0,12,0,4,0,8,-0.00571,0.0,1.0542,2888,0,0,0,0,0,0,0,0,0,0,0,0,0,0,0,0,0,0,0,0,0
1974272,964,0,11,0,0,0,11,-0.00952,0.0,1.1034,2546,0,0,0,0,0,0,0,0,0,0,0,0,0,0,0,0,0,0,0,0,0
1976320,965,0,11,0,0,0,11,-0.00481,0.0,1.2007,2754,0,0,0,0,0,0,0,0,0,0,0,0,0,0,0,0,0,0,0,0,0
1978368,966,0,9,0,0,0,9,-0.00894,0.0,1.1817,2977,0,0,0,0,0,0,0,0,0,0,0,0,0,0,0,0,0,0,0,0,0
1980416,967,0,11,0,0,0,11,-0.0083,0.0,1.1768,2614,0,0,0,0,0,0,0,0,0,0,0,0,0,0,0,0,0,0,0,0,0
1982464,968,0,12,0,1,0,11,-0.00842,0.0,1.1205,2603,0,0,0,0,0,0,0,0,0,0,0,0,0,0,0,0,0,0,0,0,0
1984512,969,0,10,0,1,0,9,-0.00723,0.0,0.9722,2579,0,0,0,0,0,0,0,0,0,0,0,0,0,0,0,0,0,0,0,0,0
1986560,970,0,10,0,0,0,10,-0.0073,0.0,1.0498,2823,0,0,0,0,0,0,0,0,0,0,0,0,0,0,0,0,0,0,0,0,0
1988608,971,0,10,0,0,0,10,-0.00692,0.0,1.0239,2718,0,0,0,0,0,0,0,0,0,0,0,0,0,0,0,0,0,0,0,0,0
1990656,972,0,12,0,0,0,12,-0.00498,0.0,1.026,2671,0,0,0,0,0,0,0,0,0,0,0,0,0,0,0,0,0,0,0,0,0
1992704,973,0,11,0,2,0,9,-0.00691,0.0,1.0291,2716,0,0,0,0,0,0,0,0,0,0,0,0,0,0,0,0,0,0,0,0,0
1994752,974,0,10,0,0,0,10,-0.00624,0.0,1.0777,2909,0,0,0,0,0,0,0,0,0,0,0,0,0,0,0,0,0,0,0,0,0
1996800,975,0,11,0,0,0,11,-0.00691,0.0,1.043,2732,0,0,0,0,0,0,0,0,0,0,0,0,0,0,0,0,0,0,0,0,0
1998848,976,0,13,0,2,0,11,-0.00441,0.0,1.0712,2807,0,0,0,0,0,0,0,0,0,0,0,0,0,0,0,0,0,0,0,0,0
2000896,977,0,10,0,1,0,9,-0.00661,0.0,1.0866,2709,0,0,0,0,0,0,0,0,0,0,0,0,0,0,0,0,0,0,0,0,0
2002944,978,0,10,0,0,0,10,-0.009,0.0,1.0163,2808,0,0,0,0,0,0,0,0,0,0,0,0,0,0,0,0,0,0,0,0,0
2004992,979,0,12,0,0,0,12,-0.00676,0.0,1.1032,2901,0,0,0,0,0,0,0,0,0,0,0,0,0,0,0,0,0,0,0,0,0
2007040,980,0,11,0,1,0,10,-0.00527,0.0,1.134,2687,0,0,0,0,0,0,0,0,0,0,0,0,0,0,0,0,0,0,0,0,0
2009088,981,0,9,0,0,0,9,-0.00567,0.0,1.2301,2612,0,0,0,0,0,0,0,0,0,0,0,0,0,0,0,0,0,0,0,0,0
2011136,982,0,13,0,1,0,12,-0.00623,0.0,1.2425,2852,0,0,0,0,0,0,0,0,0,0,0,0,0,0,0,0,0,0,0,0,0
2013184,983,0,8,0,0,0,8,-0.00876,0.0,1.1983,2631,0,0,0,0,0,0,0,0,0,0,0,0,0,0,0,0,0,0,0,0,0
2015232,984,0,13,0,1,0,12,-0.00665,0.0,1.1163,2862,0,0,0,0,0,0,0,0,0,0,0,0,0,0,0,0,0,0,0,0,0
2017280,985,0,10,0,1,0,9,-0.009,0.0,0.9178,2853,0,0,0,0,0,0,0,0,0,0,0,0,0,0,0,0,0,0,0,0,0
2019328,986,0,12,0,2,0,10,-0.00782,0.0,1.0254,2791,0,0,0,0,0,0,0,0,0,0,0,0,0,0,0,0,0,0,0,0,0
2021376,987,0,11,0,0,0,11,-0.0077,0.0,1.1112,2695,0,0,0,0,0,0,0,0,0,0,0,0,0,0,0,0,0,0,0,0,0
2023424,988,0,16,0,6,0,10,-0.00687,0.0,1.1753,2678,0,0,0,0,0,0,0,0,0,0,0,0,0,0,0,0,0,0,0,0,0
2025472,989,0,9,0,2,0,7,-0.0091,0.0,1.3049,2775,0,0,0,0,0,0,0,0,0,0,0,0,0,0,0,0,0,0,0,0,0
2027520,990,0,11,0,0,0,11,-0.00866,0.0,1.3395,2845,0,0,0,0,0,0,0,0,0,0,0,0,0,0,0,0,0,0,0,0,0
2029568,991,0,11,0,0,0,11,-0.00938,0.0,1.2925,2783,0,0,0,0,0,0,0,0,0,0,0,0,0,0,0,0,0,0,0,0,0
2031616,992,0,10,0,0,0,10,-0.00987,0.0,1.2836,2807,0,0,0,0,0,0,0,0,0,0,0,0,0,0,0,0,0,0,0,0,0
2033664,993,0,12,0,1,0,11,-0.00932,0.0,1.2536,2912,0,0,0,0,0,0,0,0,0,0,0,0,0,0,0,0,0,0,0,0,0
2035712,994,0,11,0,2,0,9,-0.01122,0.0,1.1624,3002,0,0,0,0,0,0,0,0,0,0,0,0,0,0,0,0,0,0,0,0,0
2037760,995,0,16,0,4,0,12,-0.0098,0.0,1.2672,2918,0,0,0,0,0,0,0,0,0,0,0,0,0,0,0,0,0,0,0,0,0
2039808,996,0,11,0,2,0,9,-0.00624,0.0,1.2596,2873,0,0,0,0,0,0,0,0,0,0,0,0,0,0,0,0,0,0,0,0,0
2041856,997,0,7,0,0,0,7,-0.00712,0.0,1.204,2631,0,0,0,0,0,0,0,0,0,0,0,0,0,0,0,0,0,0,0,0,0
2043904,998,0,13,0,1,0,12,-0.00535,0.0,1.1432,2692,0,0,0,0,0,0,0,0,0,0,0,0,0,0,0,0,0,0,0,0,0
2045952,999,0,14,0,3,0,11,-0.00708,0.0,1.1018,2588,0,0,0,0,0,0,0,0,0,0,0,0,0,0,0,0,0,0,0,0,0
2048000,1000,0,9,0,2,0,7,-0.00914,0.0,1.1287,2835,0,0,0,0,0,0,0,0,0,0,0,0,0,0,0,0,0,0,0,0,0
2050048,1001,0,12,0,1,0,11,-0.00797,0.0,1.1745,2640,0,0,0,0,0,0,0,0,0,0,0,0,0,0,0,0,0,0,0,0,0
2052096,1002,0,13,0,1,0,12,-0.0061,0.0,1.2545,2992,0,0,0,0,0,0,0,0,0,0,0,0,0,0,0,0,0,0,0,0,0
2054144,1003,0,8,0,0,0,8,-0.00663,0.0,1.2058,2912,0,0,0,0,0,0,0,0,0,0,0,0,0,0,0,0,0,0,0,0,0
2056192,1004,0,13,0,2,0,11,-0.00822,0.0,1.188,2811,0,0,0,0,0,0,0,0,0,0,0,0,0,0,0,0,0,0,0,0,0
2058240,1005,0,14,0,2,0,12,-0.00775,0.0,1.142,2996,0,0,0,0,0,0,0,0,0,0,0,0,0,0,0,0,0,0,0,0,0
2060288,1006,0,11,0,2,0,9,-0.00887,0.0,1.2061,2797,0,0,0,0,0,0,0,0,0,0,0,0,0,0,0,0,0,0,0,0,0
2062336,1007,0,11,0,1,0,10,-0.00673,0.0,1.1228,2653,0,0,0,0,0,0,0,0,0,0,0,0,0,0,0,0,0,0,0,0,0
2064384,1008,0,12,0,0,0,12,-0.00817,0.0,1.2454,2859,0,0,0,0,0,0,0,0,0,0,0,0,0,0,0,0,0,0,0,0,0
2066432,1009,0,13,0,3,0,10,-0.009,0.0,1.1019,2792,0,0,0,0,0,0,0,0,0,0,0,0,0,0,0,0,0,0,0,0,0
2068480,1010,0,8,0,1,0,7,-0.00919,0.0,1.1207,2484,0,0,0,0,0,0,0,0,0,0,0,0,0,0,0,0,0,0,0,0,0
2070528,1011,0,14,0,2,0,12,-0.0121,0.0,1.3155,2691,0,0,0,0,0,0,0,0,0,0,0,0,0,0,0,0,0,0,0,0,0
2072576,1012,0,14,0,2,0,12,-0.00965,0.0,1.2005,2962,0,0,0,0,0,0,0,0,0,0,0,0,0,0,0,0,0,0,0,0,0
2074624,1013,0,8,0,1,0,7,-0.00661,0.0,1.2795,2953,0,0,0,0,0,0,0,0,0,0,0,0,0,0,0,0,0,0,0,0,0
2076672,1014,0,12,0,0,1,11,-0.00855,0.0,1.3457,2937,0,0,0,0,0,0,0,0,0,0,0,0,0,0,0,0,0,0,0,0,0
2078720,1015,0,13,0,1,0,12,-0.00937,0.0,1.3292,2944,0,0,0,0,0,0,0,0,0,0,0,0,0,0,0,0,0,0,0,0,0
2080768,1016,0,11,0,3,0,8,-0.00788,0.0,1.2933,2967,0,0,0,0,0,0,0,0,0,0,0,0,0,0,0,0,0,0,0,0,0
2082816,1017,0,12,0,1,0,11,-0.00779,0.0,1.3001,2599,0,0,0,0,0,0,0,0,0,0,0,0,0,0,0,0,0,0,0,0,0
2084864,1018,0,12,0,1,0,11,-0.00812,0.0,1.2713,2969,0,0,0,0,0,0,0,0,0,0,0,0,0,0,0,0,0,0,0,0,0
2086912,1019,0,10,0,1,0,9,-0.00851,0.0,1.2617,2806,0,0,0,0,0,0,0,0,0,0,0,0,0,0,0,0,0,0,0,0,0
2088960,1020,0,9,0,0,0,9,-0.00814,0.0,1.2655,2961,0,0,0,0,0,0,0,0,0,0,0,0,0,0,0,0,0,0,0,0,0
2091008,1021,0,12,0,0,0,12,-0.00965,0.0,1.1552,2609,0,0,0,0,0,0,0,0,0,0,0,0,0,0,0,0,0,0,0,0,0
2093056,1022,0,9,0,0,0,9,-0.00818,0.0,1.0808,2637,0,0,0,0,0,0,0,0,0,0,0,0,0,0,0,0,0,0,0,0,0
2095104,1023,0,11,0,1,0,10,-0.00659,0.0,1.1239,2931,0,0,0,0,0,0,0,0,0,0,0,0,0,0,0,0,0,0,0,0,0
2097152,1024,0,14,0,2,0,12,-0.00768,0.0,1.132,2831,0,0,0,0,0,0,0,0,0,0,0,0,0,0,0,0,0,0,0,0,0
2099200,1025,0,10,0,2,0,8,-0.00885,0.0,1.2106,2778,0,0,0,0,0,0,0,0,0,0,0,0,0,0,0,0,0,0,0,0,0
2101248,1026,0,12,0,2,0,10,-0.00767,1e-05,0.951,2787,0,0,0,0,0,0,0,0,0,0,0,0,0,0,0,0,0,0,0,0,0
2103296,1027,0,10,0,0,0,10,-0.00457,0.0,1.032,2925,0,0,0,0,0,0,0,0,0,0,0,0,0,0,0,0,0,0,0,0,0
2105344,1028,0,14,0,2,0,12,-0.00802,0.0,1.1546,2952,0,0,0,0,0,0,0,0,0,0,0,0,0,0,0,0,0,0,0,0,0
2107392,1029,0,9,0,1,0,8,-0.00655,0.0,1.0481,2842,0,0,0,0,0,0,0,0,0,0,0,0,0,0,0,0,0,0,0,0,0
2109440,1030,0,11,0,2,0,9,-0.00714,0.0,1.0692,3312,0,0,0,0,0,0,0,0,0,0,0,0,0,0,0,0,0,0,0,0,0
2111488,1031,0,13,0,0,0,13,-0.0073,1e-05,1.0817,2975,0,0,0,0,0,0,0,0,0,0,0,0,0,0,0,0,0,0,0,0,0
2113536,1032,0,7,0,0,0,7,-0.00694,0.0,1.0424,2986,0,0,0,0,0,0,0,0,0,0,0,0,0,0,0,0,0,0,0,0,0
2115584,1033,0,12,0,0,0,12,-0.00541,0.0,0.9674,3248,0,0,0,0,0,0,0,0,0,0,0,0,0,0,0,0,0,0,0,0,0
2117632,1034,0,12,0,0,0,12,-0.00832,0.0,1.0651,2911,0,0,0,0,0,0,0,0,0,0,0,0,0,0,0,0,0,0,0,0,0
2119680,1035,0,9,0,1,0,8,-0.00724,0.0,1.144,3217,0,0,0,0,0,0,0,0,0,0,0,0,0,0,0,0,0,0,0,0,0
2121728,1036,0,13,0,1,0,12,-0.00892,0.0,1.0736,3002,0,0,0,0,0,0,0,0,0,0,0,0,0,0,0,0,0,0,0,0,0
2123776,1037,0,14,0,4,0,10,-0.00928,0.0,1.1425,2757,0,0,0,0,0,0,0,0,0,0,0,0,0,0,0,0,0,0,0,0,0
2125824,1038,0,9,0,0,0,9,-0.00999,1e-05,1.226,2930,0,0,0,0,0,0,0,0,0,0,0,0,0,0,0,0,0,0,0,0,0
2127872,1039,0,9,0,0,0,9,-0.00804,6e-05,1.1056,2747,0,0,0,0,0,0,0,0,0,0,0,0,0,0,0,0,0,0,0,0,0
2129920,1040,0,13,0,0,0,13,-0.00724,1e-05,1.0411,2841,0,0,0,0,0,0,0,0,0,0,0,0,0,0,0,0,0,0,0,0,0
2131968,1041,0,8,0,0,0,8,-0.00762,0.0,1.035,2689,0,0,0,0,0,0,0,0,0,0,0,0,0,0,0,0,0,0,0,0,0
2134016,1042,0,11,0,0,0,11,-0.00624,0.0,1.0689,3102,0,0,0,0,0,0,0,0,0,0,0,0,0,0,0,0,0,0,0,0,0
2136064,1043,0,12,0,0,0,12,-0.008,0.0,1.0326,3316,0,0,0,0,0,0,0,0,0,0,0,0,0,0,0,0,0,0,0,0,0
2138112,1044,0,9,0,0,0,9,-0.00844,0.0,0.944,2916,0,0,0,0,0,0,0,0,0,0,0,0,0,0,0,0,0,0,0,0,0
2140160,1045,0,11,0,1,0,10,-0.00742,0.0,1.0109,3033,0,0,0,0,0,0,0,0,0,0,0,0,0,0,0,0,0,0,0,0,0
2142208,1046,0,12,0,0,0,12,-0.00659,0.0,1.1884,2962,0,0,0,0,0,0,0,0,0,0,0,0,0,0,0,0,0,0,0,0,0
2144256,1047,0,9,0,0,0,9,-0.00706,0.0,1.1644,2834,0,0,0,0,0,0,0,0,0,0,0,0,0,0,0,0,0,0,0,0,0
2146304,1048,0,10,0,0,0,10,-0.00919,0.0,1.0916,3003,0,0,0,0,0,0,0,0,0,0,0,0,0,0,0,0,0,0,0,0,0
2148352,1049,0,13,0,1,0,12,-0.01141,0.0,1.0392,2919,0,0,0,0,0,0,0,0,0,0,0,0,0,0,0,0,0,0,0,0,0
2150400,1050,0,9,0,0,0,9,-0.01011,0.0,1.1244,2896,0,0,0,0,0,0,0,0,0,0,0,0,0,0,0,0,0,0,0,0,0
2152448,1051,0,11,0,1,0,10,-0.00966,0.0,1.14,2678,0,0,0,0,0,0,0,0,0,0,0,0,0,0,0,0,0,0,0,0,0
2154496,1052,0,12,0,0,0,12,-0.00926,0.0,1.0566,2744,0,0,0,0,0,0,0,0,0,0,0,0,0,0,0,0,0,0,0,0,0
2156544,1053,0,9,0,0,0,9,-0.0061,0.0,1.0421,2952,0,0,0,0,0,0,0,0,0,0,0,0,0,0,0,0,0,0,0,0,0
2158592,1054,0,11,0,0,0,11,-0.00555,0.0,0.9794,3084,0,0,0,0,0,0,0,0,0,0,0,0,0,0,0,0,0,0,0,0,0
2160640,1055,0,13,0,1,0,12,-0.00857,0.0,1.0457,3049,0,0,0,0,0,0,0,0,0,0,0,0,0,0,0,0,0,0,0,0,0
2162688,1056,0,7,0,0,0,7,-0.00957,0.0,1.132,3284,0,0,0,0,0,0,0,0,0,0,0,0,0,0,0,0,0,0,0,0,0
2164736,1057,0,14,0,1,0,13,-0.00634,0.0,1.1546,3347,0,0,0,0,0,0,0,0,0,0,0,0,0,0,0,0,0,0,0,0,0
2166784,1058,0,11,0,2,0,9,-0.00812,0.0,1.1605,3364,0,0,0,0,0,0,0,0,0,0,0,0,0,0,0,0,0,0,0,0,0
2168832,1059,0,9,0,1,0,8,-0.00693,0.0,1.0107,3429,0,0,0,0,0,0,0,0,0,0,0,0,0,0,0,0,0,0,0,0,0
2170880,1060,0,13,0,1,0,12,-0.00658,0.0,0.9798,3298,0,0,0,0,0,0,0,0,0,0,0,0,0,0,0,0,0,0,0,0,0
2172928,1061,0,11,0,1,0,10,-0.00841,0.0,1.0959,3305,0,0,0,0,0,0,0,0,0,0,0,0,0,0,0,0,0,0,0,0,0
2174976,1062,0,10,0,1,0,9,-0.00953,0.0,1.1508,3134,0,0,0,0,0,0,0,0,0,0,0,0,0,0,0,0,0,0,0,0,0
2177024,1063,0,12,0,1,0,11,-0.00982,0.0,1.1813,3222,0,0,0,0,0,0,0,0,0,0,0,0,0,0,0,0,0,0,0,0,0
2179072,1064,0,10,0,0,0,10,-0.00808,0.0,1.072,3281,0,0,0,0,0,0,0,0,0,0,0,0,0,0,0,0,0,0,0,0,0
2181120,1065,0,10,0,0,0,10,-0.00851,0.0,1.1375,3034,0,0,0,0,0,0,0,0,0,0,0,0,0,0,0,0,0,0,0,0,0
2183168,1066,0,12,0,0,0,12,-0.00955,0.0,1.1831,3122,0,0,0,0,0,0,0,0,0,0,0,0,0,0,0,0,0,0,0,0,0
2185216,1067,0,9,0,2,0,7,-0.01002,0.0,1.1779,3145,0,0,0,0,0,0,0,0,0,0,0,0,0,0,0,0,0,0,0,0,0
2187264,1068,0,12,0,0,0,12,-0.0073,0.0,1.0891,2788,0,0,0,0,0,0,0,0,0,0,0,0,0,0,0,0,0,0,0,0,0
2189312,1069,0,12,0,0,0,12,-0.00914,0.0,1.0531,3045,0,0,0,0,0,0,0,0,0,0,0,0,0,0,0,0,0,0,0,0,0
2191360,1070,0,8,0,1,0,7,-0.0057,0.0,0.9277,3000,0,0,0,0,0,0,0,0,0,0,0,0,0,0,0,0,0,0,0,0,0
2193408,1071,0,11,0,0,0,11,-0.00807,0.0,1.0207,3025,0,0,0,0,0,0,0,0,0,0,0,0,0,0,0,0,0,0,0,0,0
2195456,1072,0,13,0,0,0,13,-0.00626,0.0,1.0618,3102,0,0,0,0,0,0,0,0,0,0,0,0,0,0,0,0,0,0,0,0,0
2197504,1073,0,7,0,0,0,7,-0.00707,0.0,1.0111,3307,0,0,0,0,0,0,0,0,0,0,0,0,0,0,0,0,0,0,0,0,0
2199552,1074,0,12,0,0,0,12,-0.00897,0.0,1.0459,3048,0,0,0,0,0,0,0,0,0,0,0,0,0,0,0,0,0,0,0,0,0
2201600,1075,0,12,0,0,0,12,-0.00766,0.0,1.0463,2675,0,0,0,0,0,0,0,0,0,0,0,0,0,0,0,0,0,0,0,0,0
2203648,1076,0,9,0,2,0,7,-0.00771,3e-05,0.9508,2586,0,0,0,0,0,0,0,0,0,0,0,0,0,0,0,0,0,0,0,0,0
2205696,1077,0,12,0,0,0,12,-0.00735,3e-05,0.9473,2762,0,0,0,0,0,0,0,0,0,0,0,0,0,0,0,0,0,0,0,0,0
2207744,1078,0,11,0,0,0,11,-0.00616,0.0,0.9246,2917,0,0,0,0,0,0,0,0,0,0,0,0,0,0,0,0,0,0,0,0,0
2209792,1079,0,10,0,1,0,9,-0.00953,0.0,1.001,3001,0,0,0,0,0,0,0,0,0,0,0,0,0,0,0,0,0,0,0,0,0
2211840,1080,0,13,0,1,0,12,-0.00947,0.0,1.0993,3249,0,0,0,0,0,0,0,0,0,0,0,0,0,0,0,0,0,0,0,0,0
2213888,1081,0,10,0,1,0,9,-0.00975,0.0,1.0613,2946,0,0,0,0,0,0,0,0,0,0,0,0,0,0,0,0,0,0,0,0,0
2215936,1082,0,10,0,1,0,9,-0.01106,0.0,0.989,2995,0,0,0,0,0,0,0,0,0,0,0,0,0,0,0,0,0,0,0,0,0
2217984,1083,0,15,0,2,0,13,-0.00867,0.0,1.0265,2919,0,0,0,0,0,0,0,0,0,0,0,0,0,0,0,0,0,0,0,0,0
2220032,1084,0,8,0,0,0,8,-0.00837,0.0,1.0526,3200,0,0,0,0,0,0,0,0,0,0,0,0,0,0,0,0,0,0,0,0,0
2222080,1085,0,13,0,2,0,11,-0.01029,0.0,1.1655,3014,0,0,0,0,0,0,0,0,0,0,0,0,0,0,0,0,0,0,0,0,0
2224128,1086,0,12,0,0,0,12,-0.00773,0.0,1.0271,3012,0,0,0,0,0,0,0,0,0,0,0,0,0,0,0,0,0,0,0,0,0
2226176,1087,0,9,0,1,0,8,-0.00745,0.0,0.9552,3203,0,0,0,0,0,0,0,0,0,0,0,0,0,0,0,0,0,0,0,0,0
2228224,1088,0,12,0,0,0,12,-0.0069,0.0,0.9052,3181,0,0,0,0,0,0,0,0,0,0,0,0,0,0,0,0,0,0,0,0,0
2230272,1089,0,12,0,1,0,11,-0.00849,0.0,0.9291,3118,0,0,0,0,0,0,0,0,0,0,0,0,0,0,0,0,0,0,0,0,0
2232320,1090,0,6,0,0,0,6,-0.00652,0.0,0.929,3052,0,0,0,0,0,0,0,0,0,0,0,0,0,0,0,0,0,0,0,0,0
2234368,1091,0,15,0,1,0,14,-0.00931,0.0,0.9537,3141,0,0,0,0,0,0,0,0,0,0,0,0,0,0,0,0,0,0,0,0,0
2236416,1092,0,13,0,2,0,11,-0.0092,0.0,0.957,3152,0,0,0,0,0,0,0,0,0,0,0,0,0,0,0,0,0,0,0,0,0
2238464,1093,0,7,0,0,0,7,-0.00398,0.0,0.8577,2459,0,0,0,0,0,0,0,0,0,0,0,0,0,0,0,0,0,0,0,0,0
2240512,1094,0,12,0,0,0,12,-0.00851,0.0,0.8647,2976,0,0,0,0,0,0,0,0,0,0,0,0,0,0,0,0,0,0,0,0,0
2242560,1095,0,12,0,0,0,12,-0.00756,0.0,0.9094,3144,0,0,0,0,0,0,0,0,0,0,0,0,0,0,0,0,0,0,0,0,0
2244608,1096,0,8,0,0,0,8,-0.00943,0.0,0.9433,3093,0,0,0,0,0,0,0,0,0,0,0,0,0,0,0,0,0,0,0,0,0
2246656,1097,0,13,0,1,0,12,-0.00562,0.0,0.9091,2682,0,0,0,0,0,0,0,0,0,0,0,0,0,0,0,0,0,0,0,0,0
2248704,1098,0,10,0,0,0,10,-0.00922,0.0,0.9489,2716,0,0,0,0,0,0,0,0,0,0,0,0,0,0,0,0,0,0,0,0,0
2250752,1099,0,12,0,3,0,9,-0.00877,0.0,1.0429,2873,0,0,0,0,0,0,0,0,0,0,0,0,0,0,0,0,0,0,0,0,0
2252800,1100,0,12,0,0,0,12,-0.00992,0.0,1.029,2586,0,0,0,0,0,0,0,0,0,0,0,0,0,0,0,0,0,0,0,0,0
2254848,1101,0,8,0,0,0,8,-0.00777,0.0,0.9705,2825,0,0,0,0,0,0,0,0,0,0,0,0,0,0,0,0,0,0,0,0,0
2256896,1102,0,13,0,1,0,12,-0.00791,0.0,0.9091,2795,0,0,0,0,0,0,0,0,0,0,0,0,0,0,0,0,0,0,0,0,0
2258944,1103,0,12,0,0,0,12,-0.00839,0.0,0.9952,2971,0,0,0,0,0,0,0,0,0,0,0,0,0,0,0,0,0,0,0,0,0
2260992,1104,0,6,0,0,0,6,-0.00835,0.0,1.009,2920,0,0,0,0,0,0,0,0,0,0,0,0,0,0,0,0,0,0,0,0,0
2263040,1105,0,13,0,0,0,13,-0.00722,0.0,1.077,2886,0,0,0,0,0,0,0,0,0,0,0,0,0,0,0,0,0,0,0,0,0
2265088,1106,0,12,0,0,0,12,-0.00962,0.0,1.0087,2873,0,0,0,0,0,0,0,0,0,0,0,0,0,0,0,0,0,0,0,0,0
2267136,1107,0,7,0,0,0,7,-0.0095,0.0,0.9872,2818,0,0,0,0,0,0,0,0,0,0,0,0,0,0,0,0,0,0,0,0,0
2269184,1108,0,14,0,1,0,13,-0.00715,0.0,1.0588,2794,0,0,0,0,0,0,0,0,0,0,0,0,0,0,0,0,0,0,0,0,0
2271232,1109,0,10,0,2,0,8,-0.00805,0.0,1.0323,2629,0,0,0,0,0,0,0,0,0,0,0,0,0,0,0,0,0,0,0,0,0
2273280,1110,0,11,0,1,0,10,-0.00616,0.0,0.9754,2812,0,0,0,0,0,0,0,0,0,0,0,0,0,0,0,0,0,0,0,0,0
2275328,1111,0,13,0,0,0,13,-0.00965,0.0,1.05,3065,0,0,0,0,0,0,0,0,0,0,0,0,0,0,0,0,0,0,0,0,0
2277376,1112,0,9,0,0,0,9,-0.00827,0.0,0.9364,2889,0,0,0,0,0,0,0,0,0,0,0,0,0,0,0,0,0,0,0,0,0
2279424,1113,0,10,0,0,0,10,-0.00598,0.0,0.8688,3068,0,0,0,0,0,0,0,0,0,0,0,0,0,0,0,0,0,0,0,0,0
2281472,1114,0,14,0,1,0,13,-0.00892,0.0,0.9754,3041,0,0,0,0,0,0,0,0,0,0,0,0,0,0,0,0,0,0,0,0,0
2283520,1115,0,9,0,0,0,9,-0.00761,0.0,0.9803,3140,0,0,0,0,0,0,0,0,0,0,0,0,0,0,0,0,0,0,0,0,0
2285568,1116,0,8,0,0,0,8,-0.00976,0.0,0.9883,3085,0,0,0,0,0,0,0,0,0,0,0,0,0,0,0,0,0,0,0,0,0
2287616,1117,0,16,1,2,0,13,-0.00474,0.00031,0.9507,2948,0,0,0,0,0,0,0,0,0,0,0,0,0,0,0,0,0,0,0,0,0
2289664,1118,0,9,0,0,0,9,-0.0099,1e-05,0.9745,2564,0,0,0,0,0,0,0,0,0,0,0,0,0,0,0,0,0,0,0,0,0
2291712,1119,0,8,0,0,0,8,-0.00933,0.0,1.0039,2751,0,0,0,0,0,0,0,0,0,0,0,0,0,0,0,0,0,0,0,0,0
2293760,1120,0,12,0,2,0,10,-0.00977,0.0,1.1733,3076,0,0,0,0,0,0,0,0,0,0,0,0,0,0,0,0,0,0,0,0,0
2295808,1121,0,17,0,4,0,13,-0.0079,0.0,1.0639,2759,0,0,0,0,0,0,0,0,0,0,0,0,0,0,0,0,0,0,0,0,0
2297856,1122,0,8,0,1,0,7,-0.00589,0.0,1.104,2828,0,0,0,0,0,0,0,0,0,0,0,0,0,0,0,0,0,0,0,0,0
2299904,1123,0,9,0,0,0,9,-0.00803,0.0,1.1049,2760,0,0,0,0,0,0,0,0,0,0,0,0,0,0,0,0,0,0,0,0,0
2301952,1124,0,15,0,1,0,14,-0.00775,0.0,1.1369,2974,0,0,0,0,0,0,0,0,0,0,0,0,0,0,0,0,0,0,0,0,0
2304000,1125,0,10,0,2,0,8,-0.00671,0.0,1.0491,2859,0,0,0,0,0,0,0,0,0,0,0,0,0,0,0,0,0,0,0,0,0
2306048,1126,0,9,0,0,0,9,-0.00848,0.0,1.058,3028,0,0,0,0,0,0,0,0,0,0,0,0,0,0,0,0,0,0,0,0,0
2308096,1127,0,11,0,0,0,11,-0.00875,0.0,1.0718,2974,0,0,0,0,0,0,0,0,0,0,0,0,0,0,0,0,0,0,0,0,0
2310144,1128,0,12,0,0,0,12,-0.00777,0.0,1.1317,3051,0,0,0,0,0,0,0,0,0,0,0,0,0,0,0,0,0,0,0,0,0
2312192,1129,0,8,0,0,0,8,-0.00506,0.0,0.997,3145,0,0,0,0,0,0,0,0,0,0,0,0,0,0,0,0,0,0,0,0,0
2314240,1130,0,11,0,0,0,11,-0.00697,0.0,1.0991,3122,0,0,0,0,0,0,0,0,0,0,0,0,0,0,0,0,0,0,0,0,0
2316288,1131,0,13,0,1,0,12,-0.00775,0.0,1.2115,3007,0,0,0,0,0,0,0,0,0,0,0,0,0,0,0,0,0,0,0,0,0
2318336,1132,0,8,0,0,0,8,-0.00794,0.0,1.2029,2966,0,0,0,0,0,0,0,0,0,0,0,0,0,0,0,0,0,0,0,0,0
2320384,1133,0,12,0,0,0,12,-0.00858,0.0,1.21,3044,0,0,0,0,0,0,0,0,0,0,0,0,0,0,0,0,0,0,0,0,0
2322432,1134,0,13,0,2,0,11,-0.00664,0.0,1.0813,2909,0,0,0,0,0,0,0,0,0,0,0,0,0,0,0,0,0,0,0,0,0
2324480,1135,0,8,0,0,0,8,-0.00799,0.0,1.1151,2966,0,0,0,0,0,0,0,0,0,0,0,0,0,0,0,0,0,0,0,0,0
2326528,1136,0,12,0,1,0,11,-0.01015,0.0,1.1839,2880,0,0,0,0,0,0,0,0,0,0,0,0,0,0,0,0,0,0,0,0,0
2328576,1137,0,15,0,7,0,8,-0.00885,0.0,1.252,2753,0,0,0,0,0,0,0,0,0,0,0,0,0,0,0,0,0,0,0,0,0
2330624,1138,0,13,0,1,0,12,-0.00987,0.0,1.3167,2740,0,0,0,0,0,0,0,0,0,0,0,0,0,0,0,0,0,0,0,0,0
2332672,1139,0,7,0,0,0,7,-0.0069,0.0,1.2501,2623,0,0,0,0,0,0,0,0,0,0,0,0,0,0,0,0,0,0,0,0,0
2334720,1140,0,14,0,2,0,12,-0.01007,0.0,1.1664,2925,0,0,0,0,0,0,0,0,0,0,0,0,0,0,0,0,0,0,0,0,0
2336768,1141,0,12,0,1,1,10,-0.00602,0.0,1.1046,3003,0,0,0,0,0,0,0,0,0,0,0,0,0,0,0,0,0,0,0,0,0
2338816,1142,0,9,0,2,0,7,-0.00847,0.0,1.2154,2764,0,0,0,0,0,0,0,0,0,0,0,0,0,0,0,0,0,0,0,0,0
2340864,1143,0,11,0,0,0,11,-0.00786,0.0,1.222,2802,0,0,0,0,0,0,0,0,0,0,0,0,0,0,0,0,0,0,0,0,0
2342912,1144,0,13,0,2,0,11,-0.00732,0.0,1.1268,3316,0,0,0,0,0,0,0,0,0,0,0,0,0,0,0,0,0,0,0,0,0
2344960,1145,0,11,1,1,0,9,-0.00362,0.00107,1.2702,3111,0,0,0,0,0,0,0,0,0,0,0,0,0,0,0,0,0,0,0,0,0
2347008,1146,0,10,1,1,0,8,-0.00464,0.00032,1.3102,3050,0,0,0,0,0,0,0,0,0,0,0,0,0,0,0,0,0,0,0,0,0
2349056,1147,0,17,0,2,0,15,-0.00618,3e-05,1.2799,2887,0,0,0,0,0,0,0,0,0,0,0,0,0,0,0,0,0,0,0,0,0
2351104,1148,0,5,0,0,0,5,-0.00815,1e-05,1.229,2814,0,0,0,0,0,0,0,0,0,0,0,0,0,0,0,0,0,0,0,0,0
2353152,1149,0,12,0,0,0,12,-0.00937,1e-05,1.2211,3005,0,0,0,0,0,0,0,0,0,0,0,0,0,0,0,0,0,0,0,0,0
2355200,1150,0,14,0,2,0,12,-0.00801,0.0,1.3373,2981,0,0,0,0,0,0,0,0,0,0,0,0,0,0,0,0,0,0,0,0,0
2357248,1151,0,8,0,1,0,7,-0.00923,0.0,1.2885,3225,0,0,0,0,0,0,0,0,0,0,0,0,0,0,0,0,0,0,0,0,0
2359296,1152,0,13,0,0,0,13,-0.01039,0.0,1.3516,3305,0,0,0,0,0,0,0,0,0,0,0,0,0,0,0,0,0,0,0,0,0
2361344,1153,0,10,0,3,0,7,-0.00945,0.0,1.4399,3311,0,0,0,0,0,0,0,0,0,0,0,0,0,0,0,0,0,0,0,0,0
2363392,1154,0,10,0,0,0,10,-0.00907,0.0,1.3719,3062,0,0,0,0,0,0,0,0,0,0,0,0,0,0,0,0,0,0,0,0,0
2365440,1155,0,15,0,1,0,14,-0.00804,0.0,1.397,3092,0,0,0,0,0,0,0,0,0,0,0,0,0,0,0,0,0,0,0,0,0
2367488,1156,0,7,0,0,0,7,-0.01081,0.0,1.4757,2899,0,0,0,0,0,0,0,0,0,0,0,0,0,0,0,0,0,0,0,0,0
2369536,1157,0,12,0,2,0,10,-0.00884,0.0,1.3739,2831,0,0,0,0,0,0,0,0,0,0,0,0,0,0,0,0,0,0,0,0,0
2371584,1158,0,16,0,1,0,15,-0.00799,0.0,1.4578,3059,0,0,0,0,0,0,0,0,0,0,0,0,0,0,0,0,0,0,0,0,0
2373632,1159,0,6,0,1,0,5,-0.00803,0.0,1.4165,2854,0,0,0,0,0,0,0,0,0,0,0,0,0,0,0,0,0,0,0,0,0
2375680,1160,0,12,0,1,0,11,-0.00932,0.0,1.3938,2904,0,0,0,0,0,0,0,0,0,0,0,0,0,0,0,0,0,0,0,0,0
2377728,1161,0,14,0,1,0,13,-0.00923,0.0,1.3469,3019,0,0,0,0,0,0,0,0,0,0,0,0,0,0,0,0,0,0,0,0,0
2379776,1162,0,9,0,1,0,8,-0.00884,0.0,1.387,3099,0,0,0,0,0,0,0,0,0,0,0,0,0,0,0,0,0,0,0,0,0
2381824,1163,0,12,0,2,0,10,-0.00693,0.0,1.4324,3047,0,0,0,0,0,0,0,0,0,0,0,0,0,0,0,0,0,0,0,0,0
2383872,1164,0,13,1,1,0,11,-0.00374,7e-05,1.4644,2892,0,0,0,0,0,0,0,0,0,0,0,0,0,0,0,0,0,0,0,0,0
2385920,1165,0,10,0,1,0,9,-0.01262,0.0,1.4213,2910,0,0,0,0,0,0,0,0,0,0,0,0,0,0,0,0,0,0,0,0,0
2387968,1166,0,11,0,1,0,10,-0.00989,0.0,1.4329,3189,0,0,0,0,0,0,0,0,0,0,0,0,0,0,0,0,0,0,0,0,0
2390016,1167,0,14,0,1,0,13,-0.00713,0.0,1.4105,3110,0,0,0,0,0,0,0,0,0,0,0,0,0,0,0,0,0,0,0,0,0
2392064,1168,0,10,0,2,0,8,-0.01132,0.0,1.4025,2952,0,0,0,0,0,0,0,0,0,0,0,0,0,0,0,0,0,0,0,0,0
2394112,1169,0,11,0,1,0,10,-0.00765,0.0,1.3331,3042,0,0,0,0,0,0,0,0,0,0,0,0,0,0,0,0,0,0,0,0,0
2396160,1170,0,13,0,0,0,13,-0.00678,0.0,1.4145,2794,0,0,0,0,0,0,0,0,0,0,0,0,0,0,0,0,0,0,0,0,0
2398208,1171,0,7,0,1,0,6,-0.00887,0.0,1.443,2836,0,0,0,0,0,0,0,0,0,0,0,0,0,0,0,0,0,0,0,0,0
2400256,1172,0,13,0,1,0,12,-0.01166,2e-05,1.4287,3031,0,0,0,0,0,0,0,0,0,0,0,0,0,0,0,0,0,0,0,0,0
2402304,1173,0,13,0,1,0,12,-0.01096,2e-05,1.4243,3018,0,0,0,0,0,0,0,0,0,0,0,0,0,0,0,0,0,0,0,0,0
2404352,1174,0,8,0,1,0,7,-0.0066,1e-05,1.448,3025,0,0,0,0,0,0,0,0,0,0,0,0,0,0,0,0,0,0,0,0,0
2406400,1175,0,14,0,4,0,10,-0.01027,1e-05,1.5226,2952,0,0,0,0,0,0,0,0,0,0,0,0,0,0,0,0,0,0,0,0,0
2408448,1176,0,13,0,2,0,11,-0.00913,1e-05,1.4957,3060,0,0,0,0,0,0,0,0,0,0,0,0,0,0,0,0,0,0,0,0,0
2410496,1177,0,9,0,2,0,7,-0.00818,1e-05,1.4764,3004,0,0,0,0,0,0,0,0,0,0,0,0,0,0,0,0,0,0,0,0,0
2412544,1178,0,11,0,1,0,10,-0.00881,1e-05,1.4198,3267,0,0,0,0,0,0,0,0,0,0,0,0,0,0,0,0,0,0,0,0,0
2414592,1179,0,12,0,0,0,12,-0.01051,0.0,1.3697,2866,0,0,0,0,0,0,0,0,0,0,0,0,0,0,0,0,0,0,0,0,0
2416640,1180,0,11,0,1,0,10,-0.009,0.0,1.3839,3146,0,0,0,0,0,0,0,0,0,0,0,0,0,0,0,0,0,0,0,0,0
2418688,1181,0,10,1,0,0,9,-0.00775,3e-05,1.3448,3230,0,0,0,0,0,0,0,0,0,0,0,0,0,0,0,0,0,0,0,0,0
2420736,1182,0,11,0,1,0,10,-0.01012,1e-05,1.3454,3008,0,0,0,0,0,0,0,0,0,0,0,0,0,0,0,0,0,0,0,0,0
2422784,1183,0,12,0,2,0,10,-0.00723,0.0,1.4067,2811,0,0,0,0,0,0,0,0,0,0,0,0,0,0,0,0,0,0,0,0,0
2424832,1184,0,13,0,3,0,10,-0.00909,0.0,1.4139,2864,0,0,0,0,0,0,0,0,0,0,0,0,0,0,0,0,0,0,0,0,0
2426880,1185,0,10,0,1,0,9,-0.00906,0.0,1.4771,2872,0,0,0,0,0,0,0,0,0,0,0,0,0,0,0,0,0,0,0,0,0
2428928,1186,0,10,0,0,0,10,-0.00872,0.0,1.31,3118,0,0,0,0,0,0,0,0,0,0,0,0,0,0,0,0,0,0,0,0,0
2430976,1187,0,13,0,2,0,11,-0.00783,0.0,1.3662,3076,0,0,0,0,0,0,0,0,0,0,0,0,0,0,0,0,0,0,0,0,0
2433024,1188,0,11,0,1,0,10,-0.0092,0.0,1.3618,2791,0,0,0,0,0,0,0,0,0,0,0,0,0,0,0,0,0,0,0,0,0
2435072,1189,0,9,0,2,0,7,-0.01027,0.0,1.3554,2873,0,0,0,0,0,0,0,0,0,0,0,0,0,0,0,0,0,0,0,0,0
2437120,1190,0,13,0,1,0,12,-0.01007,0.0,1.3522,2586,0,0,0,0,0,0,0,0,0,0,0,0,0,0,0,0,0,0,0,0,0
2439168,1191,0,10,0,2,0,8,-0.01055,0.0,1.3265,3002,0,0,0,0,0,0,0,0,0,0,0,0,0,0,0,0,0,0,0,0,0
2441216,1192,0,11,0,2,0,9,-0.00775,0.0,1.3749,2995,0,0,0,0,0,0,0,0,0,0,0,0,0,0,0,0,0,0,0,0,0
2443264,1193,0,11,0,0,0,11,-0.00838,0.0,1.3117,3009,0,0,0,0,0,0,0,0,0,0,0,0,0,0,0,0,0,0,0,0,0
2445312,1194,0,13,0,3,0,10,-0.00867,0.0,1.3754,3244,0,0,0,0,0,0,0,0,0,0,0,0,0,0,0,0,0,0,0,0,0
2447360,1195,0,9,0,0,0,9,-0.00757,0.0,1.2476,2766,0,0,0,0,0,0,0,0,0,0,0,0,0,0,0,0,0,0,0,0,0
2449408,1196,0,12,0,1,0,11,-0.01014,0.0,1.2158,3148,0,0,0,0,0,0,0,0,0,0,0,0,0,0,0,0,0,0,0,0,0
2451456,1197,0,12,0,1,0,11,-0.00915,0.0,1.1945,3309,0,0,0,0,0,0,0,0,0,0,0,0,0,0,0,0,0,0,0,0,0
2453504,1198,0,9,1,0,0,8,-0.00451,3e-05,1.3357,3208,0,0,0,0,0,0,0,0,0,0,0,0,0,0,0,0,0,0,0,0,0
2455552,1199,0,13,0,3,0,10,-0.00818,0.0,1.3155,2916,0,0,0,0,0,0,0,0,0,0,0,0,0,0,0,0,0,0,0,0,0
2457600,1200,0,12,0,2,0,10,-0.01132,0.0,1.3468,3138,0,0,0,0,0,0,0,0,0,0,0,0,0,0,0,0,0,0,0,0,0
2459648,1201,0,11,0,3,0,8,-0.00747,0.0,1.3517,2838,0,0,0,0,0,0,0,0,0,0,0,0,0,0,0,0,0,0,0,0,0
2461696,1202,0,11,0,1,0,10,-0.00849,0.0,1.4416,2972,0,0,0,0,0,0,0,0,0,0,0,0,0,0,0,0,0,0,0,0,0
2463744,1203,0,9,0,0,0,9,-0.00674,0.0,1.217,2895,0,0,0,0,0,0,0,0,0,0,0,0,0,0,0,0,0,0,0,0,0
2465792,1204,0,13,0,1,0,12,-0.00861,0.0,1.1667,2550,0,0,0,0,0,0,0,0,0,0,0,0,0,0,0,0,0,0,0,0,0
2467840,1205,0,10,1,1,0,8,-0.00548,0.00031,1.4162,2935,0,0,0,0,0,0,0,0,0,0,0,0,0,0,0,0,0,0,0,0,0
2469888,1206,0,12,0,2,0,10,-0.0091,2e-05,1.3538,2870,0,0,0,0,0,0,0,0,0,0,0,0,0,0,0,0,0,0,0,0,0
2471936,1207,0,14,0,2,0,12,-0.00929,1e-05,1.3983,2912,0,0,0,0,0,0,0,0,0,0,0,0,0,0,0,0,0,0,0,0,0
2473984,1208,0,8,0,0,0,8,-0.00842,0.0,1.4239,3184,0,0,0,0,0,0,0,0,0,0,0,0,0,0,0,0,0,0,0,0,0
2476032,1209,0,12,0,0,0,12,-0.00887,0.0,1.3858,3015,0,0,0,0,0,0,0,0,0,0,0,0,0,0,0,0,0,0,0,0,0
2478080,1210,0,12,0,2,0,10,-0.0063,0.0,1.4317,3174,0,0,0,0,0,0,0,0,0,0,0,0,0,0,0,0,0,0,0,0,0
2480128,1211,0,9,0,1,0,8,-0.00914,0.0,1.3861,2722,0,0,0,0,0,0,0,0,0,0,0,0,0,0,0,0,0,0,0,0,0
2482176,1212,0,12,0,0,0,12,-0.00779,0.0,1.3306,2894,0,0,0,0,0,0,0,0,0,0,0,0,0,0,0,0,0,0,0,0,0
2484224,1213,0,12,0,1,0,11,-0.01079,0.0,1.5047,2929,0,0,0,0,0,0,0,0,0,0,0,0,0,0,0,0,0,0,0,0,0
2486272,1214,0,8,0,1,0,7,-0.00735,0.0,1.3143,3089,0,0,0,0,0,0,0,0,0,0,0,0,0,0,0,0,0,0,0,0,0
2488320,1215,0,12,0,1,0,11,-0.01004,0.0,1.3003,2858,0,0,0,0,0,0,0,0,0,0,0,0,0,0,0,0,0,0,0,0,0
2490368,1216,0,13,0,0,0,13,-0.00895,0.0,1.3751,2891,0,0,0,0,0,0,0,0,0,0,0,0,0,0,0,0,0,0,0,0,0
2492416,1217,0,6,0,0,0,6,-0.01003,0.0,1.3571,2949,0,0,0,0,0,0,0,0,0,0,0,0,0,0,0,0,0,0,0,0,0
2494464,1218,0,14,0,1,0,13,-0.00674,0.0,1.3064,2966,0,0,0,0,0,0,0,0,0,0,0,0,0,0,0,0,0,0,0,0,0
2496512,1219,0,14,0,3,0,11,-0.0105,0.0,1.2763,3119,0,0,0,0,0,0,0,0,0,0,0,0,0,0,0,0,0,0,0,0,0
2498560,1220,0,9,0,1,0,8,-0.01059,0.0,1.2898,3214,0,0,0,0,0,0,0,0,0,0,0,0,0,0,0,0,0,0,0,0,0
2500608,1221,0,10,0,0,0,10,-0.00837,0.0,1.3205,3275,0,0,0,0,0,0,0,0,0,0,0,0,0,0,0,0,0,0,0,0,0
2502656,1222,0,13,0,1,0,12,-0.01174,0.0,1.3375,3076,0,0,0,0,0,0,0,0,0,0,0,0,0,0,0,0,0,0,0,0,0
2504704,1223,0,11,0,2,0,9,-0.00702,0.0,1.2872,2977,0,0,0,0,0,0,0,0,0,0,0,0,0,0,0,0,0,0,0,0,0
2506752,1224,0,10,0,0,0,10,-0.00616,0.0,1.2258,2877,0,0,0,0,0,0,0,0,0,0,0,0,0,0,0,0,0,0,0,0,0
2508800,1225,0,12,0,1,0,11,-0.0076,0.0,1.2724,2763,0,0,0,0,0,0,0,0,0,0,0,0,0,0,0,0,0,0,0,0,0
2510848,1226,0,9,0,1,0,8,-0.00852,0.0,1.2936,2717,0,0,0,0,0,0,0,0,0,0,0,0,0,0,0,0,0,0,0,0,0
2512896,1227,0,12,0,0,0,12,-0.0091,0.0,1.3335,2877,0,0,0,0,0,0,0,0,0,0,0,0,0,0,0,0,0,0,0,0,0
2514944,1228,0,11,0,1,0,10,-0.00978,0.0,1.2893,2906,0,0,0,0,0,0,0,0,0,0,0,0,0,0,0,0,0,0,0,0,0
2516992,1229,0,10,0,0,0,10,-0.00797,0.0,1.2655,3104,0,0,0,0,0,0,0,0,0,0,0,0,0,0,0,0,0,0,0,0,0
2519040,1230,0,14,0,3,0,11,-0.01155,0.0,1.3592,3402,0,0,0,0,0,0,0,0,0,0,0,0,0,0,0,0,0,0,0,0,0
2521088,1231,0,9,0,0,0,9,-0.00993,0.0,1.2614,3126,0,0,0,0,0,0,0,0,0,0,0,0,0,0,0,0,0,0,0,0,0
2523136,1232,0,12,0,1,0,11,-0.00642,0.0,1.2594,3332,0,0,0,0,0,0,0,0,0,0,0,0,0,0,0,0,0,0,0,0,0
2525184,1233,0,11,0,0,0,11,-0.00836,0.0,1.2332,3302,0,0,0,0,0,0,0,0,0,0,0,0,0,0,0,0,0,0,0,0,0
2527232,1234,0,9,0,1,0,8,-0.00914,0.0,1.2791,3213,0,0,0,0,0,0,0,0,0,0,0,0,0,0,0,0,0,0,0,0,0
2529280,1235,0,13,0,2,0,11,-0.00845,0.0,1.3921,3355,0,0,0,0,0,0,0,0,0,0,0,0,0,0,0,0,0,0,0,0,0
2531328,1236,0,9,0,0,0,9,-0.00733,0.0,1.326,3366,0,0,0,0,0,0,0,0,0,0,0,0,0,0,0,0,0,0,0,0,0
2533376,1237,0,11,0,1,0,10,-0.00966,0.0,1.3061,3214,0,0,0,0,0,0,0,0,0,0,0,0,0,0,0,0,0,0,0,0,0
2535424,1238,0,11,0,0,0,11,-0.00941,0.0,1.2947,3170,0,0,0,0,0,0,0,0,0,0,0,0,0,0,0,0,0,0,0,0,0
2537472,1239,0,11,0,0,0,11,-0.0072,0.0,1.3243,3065,0,0,0,0,0,0,0,0,0,0,0,0,0,0,0,0,0,0,0,0,0
2539520,1240,0,9,0,0,0,9,-0.01001,0.0,1.4182,3232,0,0,0,0,0,0,0,0,0,0,0,0,0,0,0,0,0,0,0,0,0
2541568,1241,0,13,0,1,0,12,-0.00949,0.0,1.4569,3538,0,0,0,0,0,0,0,0,0,0,0,0,0,0,0,0,0,0,0,0,0
2543616,1242,0,10,0,0,0,10,-0.01027,0.0,1.3703,3350,0,0,0,0,0,0,0,0,0,0,0,0,0,0,0,0,0,0,0,0,0
2545664,1243,0,9,0,0,0,9,-0.00971,0.0,1.3543,3191,0,0,0,0,0,0,0,0,0,0,0,0,0,0,0,0,0,0,0,0,0
2547712,1244,0,13,0,1,0,12,-0.00973,0.0,1.3295,3166,0,0,0,0,0,0,0,0,0,0,0,0,0,0,0,0,0,0,0,0,0
2549760,1245,0,10,0,1,0,9,-0.00906,0.0,1.2786,3031,0,0,0,0,0,0,0,0,0,0,0,0,0,0,0,0,0,0,0,0,0
2551808,1246,0,10,0,0,0,10,-0.00756,1e-05,1.3273,3090,0,0,0,0,0,0,0,0,0,0,0,0,0,0,0,0,0,0,0,0,0
2553856,1247,0,12,0,2,0,10,-0.00876,0.0,1.3297,3090,0,0,0,0,0,0,0,0,0,0,0,0,0,0,0,0,0,0,0,0,0
2555904,1248,0,10,0,0,0,10,-0.00884,0.0,1.4003,3291,0,0,0,0,0,0,0,0,0,0,0,0,0,0,0,0,0,0,0,0,0
2557952,1249,0,11,0,1,0,10,-0.01006,0.0,1.3485,3386,0,0,0,0,0,0,0,0,0,0,0,0,0,0,0,0,0,0,0,0,0
2560000,1250,0,11,0,0,0,11,-0.00697,0.0,1.378,3180,0,0,0,0,0,0,0,0,0,0,0,0,0,0,0,0,0,0,0,0,0
2562048,1251,0,10,0,0,0,10,-0.00726,0.0,1.472,3235,0,0,0,0,0,0,0,0,0,0,0,0,0,0,0,0,0,0,0,0,0
2564096,1252,0,11,0,0,0,11,-0.01126,0.0,1.3993,3147,0,0,0,0,0,0,0,0,0,0,0,0,0,0,0,0,0,0,0,0,0
2566144,1253,0,10,0,1,0,9,-0.00787,0.0,1.348,2924,0,0,0,0,0,0,0,0,0,0,0,0,0,0,0,0,0,0,0,0,0
2568192,1254,0,10,0,0,0,10,-0.01057,0.0,1.2686,2969,0,0,0,0,0,0,0,0,0,0,0,0,0,0,0,0,0,0,0,0,0
2570240,1255,0,12,0,0,0,12,-0.00938,0.0,1.3946,3100,0,0,0,0,0,0,0,0,0,0,0,0,0,0,0,0,0,0,0,0,0
2572288,1256,0,10,0,0,0,10,-0.00877,0.0,1.4149,3001,0,0,0,0,0,0,0,0,0,0,0,0,0,0,0,0,0,0,0,0,0
2574336,1257,0,9,0,0,0,9,-0.01115,0.0,1.2316,2957,0,0,0,0,0,0,0,0,0,0,0,0,0,0,0,0,0,0,0,0,0
2576384,1258,0,13,0,1,0,12,-0.00846,0.0,1.2653,3348,0,0,0,0,0,0,0,0,0,0,0,0,0,0,0,0,0,0,0,0,0
2578432,1259,0,9,0,0,0,9,-0.01033,0.0,1.2643,3241,0,0,0,0,0,0,0,0,0,0,0,0,0,0,0,0,0,0,0,0,0
2580480,1260,0,9,0,0,0,9,-0.00765,0.0,1.1977,2828,0,0,0,0,0,0,0,0,0,0,0,0,0,0,0,0,0,0,0,0,0
2582528,1261,0,14,0,0,0,14,-0.01072,0.0,1.1119,3177,0,0,0,0,0,0,0,0,0,0,0,0,0,0,0,0,0,0,0,0,0
2584576,1262,0,8,0,0,0,8,-0.0095,0.0,1.1277,3499,0,0,0,0,0,0,0,0,0,0,0,0,0,0,0,0,0,0,0,0,0
2586624,1263,0,9,0,0,0,9,-0.0104,0.0,1.2015,3382,0,0,0,0,0,0,0,0,0,0,0,0,0,0,0,0,0,0,0,0,0
2588672,1264,0,14,0,0,0,14,-0.00802,0.0,1.2443,2997,0,0,0,0,0,0,0,0,0,0,0,0,0,0,0,0,0,0,0,0,0
2590720,1265,0,9,0,0,0,9,-0.00695,0.0,1.2881,2960,0,0,0,0,0,0,0,0,0,0,0,0,0,0,0,0,0,0,0,0,0
2592768,1266,0,9,0,0,0,9,-0.00737,0.0,1.2133,2862,0,0,0,0,0,0,0,0,0,0,0,0,0,0,0,0,0,0,0,0,0
2594816,1267,0,14,0,0,0,14,-0.00925,0.0,1.1364,2970,0,0,0,0,0,0,0,0,0,0,0,0,0,0,0,0,0,0,0,0,0
2596864,1268,0,9,0,0,0,9,-0.00897,0.0,1.2689,3257,0,0,0,0,0,0,0,0,0,0,0,0,0,0,0,0,0,0,0,0,0
2598912,1269,0,10,0,1,0,9,-0.0136,0.0,1.3278,3120,0,0,0,0,0,0,0,0,0,0,0,0,0,0,0,0,0,0,0,0,0
2600960,1270,0,13,0,0,0,13,-0.00912,0.0,1.2576,2869,0,0,0,0,0,0,0,0,0,0,0,0,0,0,0,0,0,0,0,0,0
2603008,1271,0,8,0,0,0,8,-0.0112,0.0,1.2461,2728,0,0,0,0,0,0,0,0,0,0,0,0,0,0,0,0,0,0,0,0,0
2605056,1272,0,11,0,0,0,11,-0.0091,0.0,1.3089,3007,0,0,0,0,0,0,0,0,0,0,0,0,0,0,0,0,0,0,0,0,0
2607104,1273,0,12,0,1,0,11,-0.00859,0.0,1.3839,3001,0,0,0,0,0,0,0,0,0,0,0,0,0,0,0,0,0,0,0,0,0
2609152,1274,0,9,0,0,0,9,-0.00963,0.0,1.4303,2965,0,0,0,0,0,0,0,0,0,0,0,0,0,0,0,0,0,0,0,0,0
2611200,1275,0,11,0,1,0,10,-0.00941,0.0,1.5163,3094,0,0,0,0,0,0,0,0,0,0,0,0,0,0,0,0,0,0,0,0,0
2613248,1276,0,13,0,2,0,11,-0.00838,0.0,1.3429,3071,0,0,0,0,0,0,0,0,0,0,0,0,0,0,0,0,0,0,0,0,0
2615296,1277,0,8,0,0,0,8,-0.00646,0.0,1.2866,3161,0,0,0,0,0,0,0,0,0,0,0,0,0,0,0,0,0,0,0,0,0
2617344,1278,0,13,0,1,0,12,-0.00604,0.0,1.2948,3187,0,0,0,0,0,0,0,0,0,0,0,0,0,0,0,0,0,0,0,0,0
2619392,1279,0,10,0,0,0,10,-0.00555,0.0,1.1951,3402,0,0,0,0,0,0,0,0,0,0,0,0,0,0,0,0,0,0,0,0,0
2621440,1280,0,9,0,0,0,9,-0.00669,0.0,1.3882,3299,0,0,0,0,0,0,0,0,0,0,0,0,0,0,0,0,0,0,0,0,0
2623488,1281,0,14,0,1,0,13,-0.00782,0.0,1.4201,2894,0,0,0,0,0,0,0,0,0,0,0,0,0,0,0,0,0,0,0,0,0
2625536,1282,0,10,0,0,0,10,-0.00811,0.0,1.2921,3107,0,0,0,0,0,0,0,0,0,0,0,0,0,0,0,0,0,0,0,0,0
2627584,1283,0,10,0,1,0,9,-0.00571,0.0,1.2633,2948,0,0,0,0,0,0,0,0,0,0,0,0,0,0,0,0,0,0,0,0,0
2629632,1284,0,13,0,1,0,12,-0.00828,0.0,1.3081,2891,0,0,0,0,0,0,0,0,0,0,0,0,0,0,0,0,0,0,0,0,0
2631680,1285,0,7,0,0,0,7,-0.00424,0.0,1.3495,2676,0,0,0,0,0,0,0,0,0,0,0,0,0,0,0,0,0,0,0,0,0
2633728,1286,0,12,0,0,0,12,-0.00895,0.0,1.3227,3178,0,0,0,0,0,0,0,0,0,0,0,0,0,0,0,0,0,0,0,0,0
2635776,1287,0,13,0,1,0,12,-0.0076,0.0,1.3343,2979,0,0,0,0,0,0,0,0,0,0,0,0,0,0,0,0,0,0,0,0,0
2637824,1288,0,9,0,1,0,8,-0.00859,0.0,1.3495,2666,0,0,0,0,0,0,0,0,0,0,0,0,0,0,0,0,0,0,0,0,0
2639872,1289,0,11,0,1,0,10,-0.008,0.0,1.452,3003,0,0,0,0,0,0,0,0,0,0,0,0,0,0,0,0,0,0,0,0,0
2641920,1290,0,13,0,0,0,13,-0.00809,0.0,1.4038,2837,0,0,0,0,0,0,0,0,0,0,0,0,0,0,0,0,0,0,0,0,0
2643968,1291,0,9,0,2,0,7,-0.00534,0.0,1.4081,3019,0,0,0,0,0,0,0,0,0,0,0,0,0,0,0,0,0,0,0,0,0
2646016,1292,0,12,0,0,0,12,-0.00932,0.0,1.4962,3117,0,0,0,0,0,0,0,0,0,0,0,0,0,0,0,0,0,0,0,0,0
2648064,1293,0,11,0,1,0,10,-0.0053,0.0,1.4077,3183,0,0,0,0,0,0,0,0,0,0,0,0,0,0,0,0,0,0,0,0,0
2650112,1294,0,9,0,0,0,9,-0.00541,0.0,1.4719,3045,0,0,0,0,0,0,0,0,0,0,0,0,0,0,0,0,0,0,0,0,0
2652160,1295,0,10,0,0,0,10,-0.00861,0.0,1.5042,2877,0,0,0,0,0,0,0,0,0,0,0,0,0,0,0,0,0,0,0,0,0
2654208,1296,0,14,0,1,0,13,-0.00531,0.0,1.5284,2928,0,0,0,0,0,0,0,0,0,0,0,0,0,0,0,0,0,0,0,0,0
2656256,1297,0,8,0,0,0,8,-0.00795,0.0,1.4981,3019,0,0,0,0,0,0,0,0,0,0,0,0,0,0,0,0,0,0,0,0,0
2658304,1298,0,12,0,2,0,10,-0.00868,0.0,1.4883,3138,0,0,0,0,0,0,0,0,0,0,0,0,0,0,0,0,0,0,0,0,0
2660352,1299,0,12,0,0,0,12,-0.00863,0.0,1.5385,2916,0,0,0,0,0,0,0,0,0,0,0,0,0,0,0,0,0,0,0,0,0
2662400,1300,0,9,0,1,0,8,-0.00897,0.0,1.586,2459,0,0,0,0,0,0,0,0,0,0,0,0,0,0,0,0,0,0,0,0,0
2664448,1301,0,13,0,1,0,12,-0.0095,0.0,1.6495,2873,0,0,0,0,0,0,0,0,0,0,0,0,0,0,0,0,0,0,0,0,0
2666496,1302,0,10,0,0,0,10,-0.00868,0.0,1.5469,3101,0,0,0,0,0,0,0,0,0,0,0,0,0,0,0,0,0,0,0,0,0
2668544,1303,0,10,0,1,0,9,-0.00527,0.0,1.4091,3256,0,0,0,0,0,0,0,0,0,0,0,0,0,0,0,0,0,0,0,0,0
2670592,1304,0,13,0,0,0,13,-0.00734,0.0,1.4991,3231,0,0,0,0,0,0,0,0,0,0,0,0,0,0,0,0,0,0,0,0,0
2672640,1305,0,10,0,1,0,9,-0.01065,0.0,1.4674,3184,0,0,0,0,0,0,0,0,0,0,0,0,0,0,0,0,0,0,0,0,0
2674688,1306,0,9,0,1,0,8,-0.00949,0.0,1.5136,3012,0,0,0,0,0,0,0,0,0,0,0,0,0,0,0,0,0,0,0,0,0
2676736,1307,0,13,0,0,0,13,-0.00562,0.0,1.5058,3172,0,0,0,0,0,0,0,0,0,0,0,0,0,0,0,0,0,0,0,0,0
2678784,1308,0,8,0,0,0,8,-0.00668,0.0,1.5062,3370,0,0,0,0,0,0,0,0,0,0,0,0,0,0,0,0,0,0,0,0,0
2680832,1309,0,11,0,0,0,11,-0.00292,0.0,1.5411,3366,0,0,0,0,0,0,0,0,0,0,0,0,0,0,0,0,0,0,0,0,0
2682880,1310,0,13,0,0,0,13,-0.00904,0.0,1.5143,3496,0,0,0,0,0,0,0,0,0,0,0,0,0,0,0,0,0,0,0,0,0
2684928,1311,0,7,0,1,0,6,-0.00938,1e-05,1.4265,3308,0,0,0,0,0,0,0,0,0,0,0,0,0,0,0,0,0,0,0,0,0
2686976,1312,0,13,0,0,0,13,-0.00775,1e-05,1.3618,3057,0,0,0,0,0,0,0,0,0,0,0,0,0,0,0,0,0,0,0,0,0
2689024,1313,0,10,0,0,0,10,-0.01012,0.0,1.4525,3245,0,0,0,0,0,0,0,0,0,0,0,0,0,0,0,0,0,0,0,0,0
2691072,1314,0,9,0,0,0,9,-0.00947,0.0,1.4303,3253,0,0,0,0,0,0,0,0,0,0,0,0,0,0,0,0,0,0,0,0,0
2693120,1315,0,12,0,0,0,12,-0.00746,0.0,1.4204,3218,0,0,0,0,0,0,0,0,0,0,0,0,0,0,0,0,0,0,0,0,0
2695168,1316,0,9,0,0,0,9,-0.00641,0.0,1.3431,2886,0,0,0,0,0,0,0,0,0,0,0,0,0,0,0,0,0,0,0,0,0
2697216,1317,0,11,0,0,0,11,-0.00946,0.0,1.4322,2993,0,0,0,0,0,0,0,0,0,0,0,0,0,0,0,0,0,0,0,0,0
2699264,1318,0,10,0,0,0,10,-0.01075,0.0,1.4048,3011,0,0,0,0,0,0,0,0,0,0,0,0,0,0,0,0,0,0,0,0,0
2701312,1319,0,11,0,0,0,11,-0.01142,0.0,1.3991,3224,0,0,0,0,0,0,0,0,0,0,0,0,0,0,0,0,0,0,0,0,0
2703360,1320,0,11,0,2,0,9,-0.00661,0.0,1.4222,3220,0,0,0,0,0,0,0,0,0,0,0,0,0,0,0,0,0,0,0,0,0
2705408,1321,0,12,0,0,0,12,-0.01065,0.0,1.3984,3145,0,0,0,0,0,0,0,0,0,0,0,0,0,0,0,0,0,0,0,0,0
2707456,1322,0,7,0,0,0,7,-0.00892,0.0,1.301,3055,0,0,0,0,0,0,0,0,0,0,0,0,0,0,0,0,0,0,0,0,0
2709504,1323,0,13,0,0,0,13,-0.00885,0.0,1.3791,2984,0,0,0,0,0,0,0,0,0,0,0,0,0,0,0,0,0,0,0,0,0
2711552,1324,0,12,0,0,0,12,-0.01021,0.0,1.3892,3018,0,0,0,0,0,0,0,0,0,0,0,0,0,0,0,0,0,0,0,0,0
2713600,1325,0,8,0,1,0,7,-0.00992,0.0,1.3872,3196,0,0,0,0,0,0,0,0,0,0,0,0,0,0,0,0,0,0,0,0,0
2715648,1326,0,13,0,0,0,13,-0.0116,0.0,1.346,2934,0,0,0,0,0,0,0,0,0,0,0,0,0,0,0,0,0,0,0,0,0
2717696,1327,0,12,0,2,0,10,-0.00696,0.0,1.3421,2778,0,0,0,0,0,0,0,0,0,0,0,0,0,0,0,0,0,0,0,0,0
2719744,1328,0,9,0,1,0,8,-0.00889,0.0,1.3853,2797,0,0,0,0,0,0,0,0,0,0,0,0,0,0,0,0,0,0,0,0,0
2721792,1329,0,14,0,1,0,13,-0.01053,0.0,1.3458,3058,0,0,0,0,0,0,0,0,0,0,0,0,0,0,0,0,0,0,0,0,0
2723840,1330,0,11,0,0,0,11,-0.00883,0.0,1.3157,3015,0,0,0,0,0,0,0,0,0,0,0,0,0,0,0,0,0,0,0,0,0
2725888,1331,0,6,0,0,0,6,-0.00994,0.0,1.4168,3043,0,0,0,0,0,0,0,0,0,0,0,0,0,0,0,0,0,0,0,0,0
2727936,1332,0,15,0,2,0,13,-0.01051,0.0,1.4242,2787,0,0,0,0,0,0,0,0,0,0,0,0,0,0,0,0,0,0,0,0,0
2729984,1333,0,11,0,0,0,11,-0.00932,0.0,1.4845,2646,0,0,0,0,0,0,0,0,0,0,0,0,0,0,0,0,0,0,0,0,0
2732032,1334,0,9,0,2,0,7,-0.00939,0.0,1.5113,2136,0,0,0,0,0,0,0,0,0,0,0,0,0,0,0,0,0,0,0,0,0
2734080,1335,0,12,0,1,0,11,-0.00976,0.0,1.4838,2439,0,0,0,0,0,0,0,0,0,0,0,0,0,0,0,0,0,0,0,0,0
2736128,1336,0,13,0,2,0,11,-0.00909,0.0,1.465,2919,0,0,0,0,0,0,0,0,0,0,0,0,0,0,0,0,0,0,0,0,0
2738176,1337,0,9,0,0,0,9,-0.00821,0.0,1.4197,3136,0,0,0,0,0,0,0,0,0,0,0,0,0,0,0,0,0,0,0,0,0
2740224,1338,0,12,0,0,0,12,-0.00717,0.0,1.3794,3163,0,0,0,0,0,0,0,0,0,0,0,0,0,0,0,0,0,0,0,0,0
2742272,1339,0,10,0,1,0,9,-0.01133,0.0,1.4073,2833,0,0,0,0,0,0,0,0,0,0,0,0,0,0,0,0,0,0,0,0,0
2744320,1340,0,11,0,0,0,11,-0.00918,0.0,1.4132,3222,0,0,0,0,0,0,0,0,0,0,0,0,0,0,0,0,0,0,0,0,0
2746368,1341,0,11,0,0,0,11,-0.0096,0.0,1.4476,3208,0,0,0,0,0,0,0,0,0,0,0,0,0,0,0,0,0,0,0,0,0
2748416,1342,0,9,0,0,0,9,-0.00511,0.0,1.4157,3380,0,0,0,0,0,0,0,0,0,0,0,0,0,0,0,0,0,0,0,0,0
2750464,1343,0,10,0,0,0,10,-0.00865,0.0,1.4428,2957,0,0,0,0,0,0,0,0,0,0,0,0,0,0,0,0,0,0,0,0,0
2752512,1344,0,13,0,1,0,12,-0.00772,0.0,1.4511,3100,0,0,0,0,0,0,0,0,0,0,0,0,0,0,0,0,0,0,0,0,0
2754560,1345,0,9,0,0,0,9,-0.00728,0.0,1.3948,2945,0,0,0,0,0,0,0,0,0,0,0,0,0,0,0,0,0,0,0,0,0
2756608,1346,0,11,0,2,0,9,-0.00852,0.0,1.3746,2926,0,0,0,0,0,0,0,0,0,0,0,0,0,0,0,0,0,0,0,0,0
2758656,1347,0,13,0,0,0,13,-0.00882,1e-05,1.3117,3053,0,0,0,0,0,0,0,0,0,0,0,0,0,0,0,0,0,0,0,0,0
2760704,1348,0,8,0,0,0,8,-0.00528,2e-05,1.2687,3291,0,0,0,0,0,0,0,0,0,0,0,0,0,0,0,0,0,0,0,0,0
2762752,1349,0,11,0,0,0,11,-0.00907,1e-05,1.4174,2444,0,0,0,0,0,0,0,0,0,0,0,0,0,0,0,0,0,0,0,0,0
2764800,1350,0,13,0,1,0,12,-0.00524,1e-05,1.2517,3184,0,0,0,0,0,0,0,0,0,0,0,0,0,0,0,0,0,0,0,0,0
2766848,1351,0,8,0,0,0,8,-0.00716,0.0,1.2312,3101,0,0,0,0,0,0,0,0,0,0,0,0,0,0,0,0,0,0,0,0,0
2768896,1352,0,11,0,0,0,11,-0.00692,0.0,1.3471,3192,0,0,0,0,0,0,0,0,0,0,0,0,0,0,0,0,0,0,0,0,0
2770944,1353,0,13,0,0,0,13,-0.00884,0.0,1.349,3038,0,0,0,0,0,0,0,0,0,0,0,0,0,0,0,0,0,0,0,0,0
2772992,1354,0,7,0,0,0,7,-0.00791,0.0,1.2993,3402,0,0,0,0,0,0,0,0,0,0,0,0,0,0,0,0,0,0,0,0,0
2775040,1355,0,13,0,1,0,12,-0.00917,0.0,1.3195,3252,0,0,0,0,0,0,0,0,0,0,0,0,0,0,0,0,0,0,0,0,0
2777088,1356,0,12,0,0,0,12,-0.00826,0.0,1.2677,3111,0,0,0,0,0,0,0,0,0,0,0,0,0,0,0,0,0,0,0,0,0
2779136,1357,0,8,0,2,0,6,-0.00859,0.0,1.1805,3219,0,0,0,0,0,0,0,0,0,0,0,0,0,0,0,0,0,0,0,0,0
2781184,1358,0,13,0,1,0,12,-0.00962,0.0,1.2006,3039,0,0,0,0,0,0,0,0,0,0,0,0,0,0,0,0,0,0,0,0,0
2783232,1359,0,12,0,0,0,12,-0.01049,0.0,1.2098,2743,0,0,0,0,0,0,0,0,0,0,0,0,0,0,0,0,0,0,0,0,0
2785280,1360,0,8,0,0,0,8,-0.00731,0.0,1.2104,2910,0,0,0,0,0,0,0,0,0,0,0,0,0,0,0,0,0,0,0,0,0
2787328,1361,0,10,0,0,0,10,-0.01108,0.0,1.1472,2799,0,0,0,0,0,0,0,0,0,0,0,0,0,0,0,0,0,0,0,0,0
2789376,1362,0,12,0,1,0,11,-0.00894,0.0,1.2382,3034,0,0,0,0,0,0,0,0,0,0,0,0,0,0,0,0,0,0,0,0,0
2791424,1363,0,10,0,0,0,10,-0.0085,0.0,1.3019,3263,0,0,0,0,0,0,0,0,0,0,0,0,0,0,0,0,0,0,0,0,0
2793472,1364,0,10,0,0,0,10,-0.00991,0.0,1.2523,3161,0,0,0,0,0,0,0,0,0,0,0,0,0,0,0,0,0,0,0,0,0
2795520,1365,0,11,0,0,0,11,-0.00744,0.0,1.1776,3496,0,0,0,0,0,0,0,0,0,0,0,0,0,0,0,0,0,0,0,0,0
2797568,1366,0,10,0,0,0,10,-0.01037,0.0,1.2074,3210,0,0,0,0,0,0,0,0,0,0,0,0,0,0,0,0,0,0,0,0,0
2799616,1367,0,10,0,0,0,10,-0.00802,0.0,1.2494,2885,0,0,0,0,0,0,0,0,0,0,0,0,0,0,0,0,0,0,0,0,0
2801664,1368,0,11,0,0,0,11,-0.00821,0.0,1.2346,3079,0,0,0,0,0,0,0,0,0,0,0,0,0,0,0,0,0,0,0,0,0
2803712,1369,0,9,0,0,0,9,-0.00777,0.0,1.2629,2956,0,0,0,0,0,0,0,0,0,0,0,0,0,0,0,0,0,0,0,0,0
2805760,1370,0,12,0,0,0,12,-0.01159,0.0,1.2271,2812,0,0,0,0,0,0,0,0,0,0,0,0,0,0,0,0,0,0,0,0,0
2807808,1371,0,10,0,0,0,10,-0.00938,0.0,1.2484,2772,0,0,0,0,0,0,0,0,0,0,0,0,0,0,0,0,0,0,0,0,0
2809856,1372,0,10,0,0,0,10,-0.01032,0.0,1.2046,2884,0,0,0,0,0,0,0,0,0,0,0,0,0,0,0,0,0,0,0,0,0
2811904,1373,0,12,0,0,0,12,-0.00937,0.0,1.2464,2909,0,0,0,0,0,0,0,0,0,0,0,0,0,0,0,0,0,0,0,0,0
2813952,1374,0,9,0,0,0,9,-0.01034,0.0,1.3407,3106,0,0,0,0,0,0,0,0,0,0,0,0,0,0,0,0,0,0,0,0,0
2816000,1375,0,13,0,2,0,11,-0.00768,0.0,1.1981,3316,0,0,0,0,0,0,0,0,0,0,0,0,0,0,0,0,0,0,0,0,0
2818048,1376,0,10,0,0,0,10,-0.00764,0.0,1.1788,2976,0,0,0,0,0,0,0,0,0,0,0,0,0,0,0,0,0,0,0,0,0
2820096,1377,0,9,0,0,0,9,-0.01022,0.0,1.2138,2579,0,0,0,0,0,0,0,0,0,0,0,0,0,0,0,0,0,0,0,0,0
2822144,1378,0,13,0,0,0,13,-0.00949,0.0,1.2297,2966,0,0,0,0,0,0,0,0,0,0,0,0,0,0,0,0,0,0,0,0,0
2824192,1379,0,10,0,0,0,10,-0.01008,0.0,1.0851,3059,0,0,0,0,0,0,0,0,0,0,0,0,0,0,0,0,0,0,0,0,0
2826240,1380,0,8,0,0,0,8,-0.01113,0.0,1.2687,2739,0,0,0,0,0,0,0,0,0,0,0,0,0,0,0,0,0,0,0,0,0
2828288,1381,0,13,0,0,0,13,-0.00729,0.0,1.3032,2878,0,0,0,0,0,0,0,0,0,0,0,0,0,0,0,0,0,0,0,0,0
2830336,1382,0,11,0,0,0,11,-0.00996,0.0,1.2439,3169,0,0,0,0,0,0,0,0,0,0,0,0,0,0,0,0,0,0,0,0,0
2832384,1383,0,9,0,1,0,8,-0.00889,1e-05,1.1863,3095,0,0,0,0,0,0,0,0,0,0,0,0,0,0,0,0,0,0,0,0,0
2834432,1384,0,12,0,0,0,12,-0.00606,0.0,1.2967,3042,0,0,0,0,0,0,0,0,0,0,0,0,0,0,0,0,0,0,0,0,0
2836480,1385,0,10,0,0,0,10,-0.01022,0.0,1.3166,2560,0,0,0,0,0,0,0,0,0,0,0,0,0,0,0,0,0,0,0,0,0
2838528,1386,0,10,0,0,0,10,-0.01004,0.0,1.4433,3264,0,0,0,0,0,0,0,0,0,0,0,0,0,0,0,0,0,0,0,0,0
2840576,1387,0,11,0,0,0,11,-0.00941,0.0,1.4342,2982,0,0,0,0,0,0,0,0,0,0,0,0,0,0,0,0,0,0,0,0,0
2842624,1388,0,12,0,0,1,11,-0.01041,0.0,1.3294,3038,0,0,0,0,0,0,0,0,0,0,0,0,0,0,0,0,0,0,0,0,0
2844672,1389,0,9,0,0,0,9,-0.00704,0.0,1.2891,3154,0,0,0,0,0,0,0,0,0,0,0,0,0,0,0,0,0,0,0,0,0
2846720,1390,0,10,0,0,0,10,-0.01112,0.0,1.1997,3048,0,0,0,0,0,0,0,0,0,0,0,0,0,0,0,0,0,0,0,0,0
2848768,1391,0,12,0,1,0,11,-0.0078,0.0,1.2367,3241,0,0,0,0,0,0,0,0,0,0,0,0,0,0,0,0,0,0,0,0,0
2850816,1392,0,10,0,0,0,10,-0.00818,0.00011,1.1202,3161,0,0,0,0,0,0,0,0,0,0,0,0,0,0,0,0,0,0,0,0,0
2852864,1393,0,10,0,1,0,9,-0.00941,5e-05,1.2532,3000,0,0,0,0,0,0,0,0,0,0,0,0,0,0,0,0,0,0,0,0,0
2854912,1394,0,11,0,1,0,10,-0.00893,2e-05,1.1598,3160,0,0,0,0,0,0,0,0,0,0,0,0,0,0,0,0,0,0,0,0,0
2856960,1395,0,12,0,1,0,11,-0.00632,1e-05,1.2454,2982,0,0,0,0,0,0,0,0,0,0,0,0,0,0,0,0,0,0,0,0,0
2859008,1396,0,11,0,0,0,11,-0.01128,0.0,1.1927,2960,0,0,0,0,0,0,0,0,0,0,0,0,0,0,0,0,0,0,0,0,0
2861056,1397,0,9,0,0,0,9,-0.01137,0.0,1.208,3378,0,0,0,0,0,0,0,0,0,0,0,0,0,0,0,0,0,0,0,0,0
2863104,1398,0,12,0,0,0,12,-0.00821,0.0,1.2203,3384,0,0,0,0,0,0,0,0,0,0,0,0,0,0,0,0,0,0,0,0,0
2865152,1399,0,10,0,1,0,9,-0.00879,0.0,1.2021,3186,0,0,0,0,0,0,0,0,0,0,0,0,0,0,0,0,0,0,0,0,0
2867200,1400,0,10,0,1,0,9,-0.01114,0.0,1.2607,3211,0,0,0,0,0,0,0,0,0,0,0,0,0,0,0,0,0,0,0,0,0
2869248,1401,0,12,0,1,0,11,-0.00948,0.0,1.1621,2966,0,0,0,0,0,0,0,0,0,0,0,0,0,0,0,0,0,0,0,0,0
2871296,1402,0,12,0,1,0,11,-0.0101,0.0,1.1241,2955,0,0,0,0,0,0,0,0,0,0,0,0,0,0,0,0,0,0,0,0,0
2873344,1403,0,10,0,1,0,9,-0.01123,0.0,1.1141,3113,0,0,0,0,0,0,0,0,0,0,0,0,0,0,0,0,0,0,0,0,0
2875392,1404,0,11,1,0,0,10,-0.00472,2e-05,1.1509,3075,0,0,0,0,0,0,0,0,0,0,0,0,0,0,0,0,0,0,0,0,0
2877440,1405,0,12,0,0,0,12,-0.01175,0.0,1.1855,2908,0,0,0,0,0,0,0,0,0,0,0,0,0,0,0,0,0,0,0,0,0
2879488,1406,0,8,0,0,0,8,-0.01029,0.0,1.0867,2710,0,0,0,0,0,0,0,0,0,0,0,0,0,0,0,0,0,0,0,0,0
2881536,1407,0,13,0,2,0,11,-0.00944,0.0,1.1224,2916,0,0,0,0,0,0,0,0,0,0,0,0,0,0,0,0,0,0,0,0,0
2883584,1408,0,10,0,0,0,10,-0.00866,0.0,1.1171,2864,0,0,0,0,0,0,0,0,0,0,0,0,0,0,0,0,0,0,0,0,0
2885632,1409,0,10,0,0,0,10,-0.01089,0.0,1.297,3149,0,0,0,0,0,0,0,0,0,0,0,0,0,0,0,0,0,0,0,0,0
2887680,1410,0,12,0,2,0,10,-0.01064,0.0,1.3014,3095,0,0,0,0,0,0,0,0,0,0,0,0,0,0,0,0,0,0,0,0,0
2889728,1411,0,11,0,1,0,10,-0.0084,0.0,1.1699,2891,0,0,0,0,0,0,0,0,0,0,0,0,0,0,0,0,0,0,0,0,0
2891776,1412,0,12,0,1,0,11,-0.00891,0.0,1.2165,2987,0,0,0,0,0,0,0,0,0,0,0,0,0,0,0,0,0,0,0,0,0
2893824,1413,0,10,0,1,0,9,-0.00897,0.0,1.2599,2901,0,0,0,0,0,0,0,0,0,0,0,0,0,0,0,0,0,0,0,0,0
2895872,1414,0,10,0,0,0,10,-0.00984,0.0,1.2504,2907,0,0,0,0,0,0,0,0,0,0,0,0,0,0,0,0,0,0,0,0,0
2897920,1415,0,13,0,0,0,13,-0.01084,0.0,1.3149,3045,0,0,0,0,0,0,0,0,0,0,0,0,0,0,0,0,0,0,0,0,0
2899968,1416,0,11,0,3,0,8,-0.00986,0.0,1.3277,3018,0,0,0,0,0,0,0,0,0,0,0,0,0,0,0,0,0,0,0,0,0
2902016,1417,0,9,0,0,0,9,-0.01301,0.0,1.3332,2760,0,0,0,0,0,0,0,0,0,0,0,0,0,0,0,0,0,0,0,0,0
2904064,1418,0,12,0,1,0,11,-0.00979,0.0,1.3019,3004,0,0,0,0,0,0,0,0,0,0,0,0,0,0,0,0,0,0,0,0,0
2906112,1419,0,10,0,0,0,10,-0.01047,0.0,1.1764,2875,0,0,0,0,0,0,0,0,0,0,0,0,0,0,0,0,0,0,0,0,0
2908160,1420,0,10,0,1,0,9,-0.00994,0.0,1.1852,3150,0,0,0,0,0,0,0,0,0,0,0,0,0,0,0,0,0,0,0,0,0
2910208,1421,0,13,0,0,0,13,-0.00883,0.0,1.1744,2884,0,0,0,0,0,0,0,0,0,0,0,0,0,0,0,0,0,0,0,0,0
2912256,1422,0,9,0,0,0,9,-0.01236,0.0,1.2176,2999,0,0,0,0,0,0,0,0,0,0,0,0,0,0,0,0,0,0,0,0,0
2914304,1423,0,10,0,1,0,9,-0.01188,0.0,1.2316,3345,0,0,0,0,0,0,0,0,0,0,0,0,0,0,0,0,0,0,0,0,0
2916352,1424,0,15,0,1,0,14,-0.01206,0.0,1.2199,3338,0,0,0,0,0,0,0,0,0,0,0,0,0,0,0,0,0,0,0,0,0
2918400,1425,0,10,0,3,0,7,-0.00983,0.0,1.2371,3254,0,0,0,0,0,0,0,0,0,0,0,0,0,0,0,0,0,0,0,0,0
2920448,1426,0,8,0,1,0,7,-0.01105,0.0,1.2781,3293,0,0,0,0,0,0,0,0,0,0,0,0,0,0,0,0,0,0,0,0,0
2922496,1427,0,18,0,3,0,15,-0.00768,0.0,1.14,3048,0,0,0,0,0,0,0,0,0,0,0,0,0,0,0,0,0,0,0,0,0
2924544,1428,0,8,0,0,0,8,-0.00912,0.0,1.0647,3312,0,0,0,0,0,0,0,0,0,0,0,0,0,0,0,0,0,0,0,0,0
2926592,1429,0,11,0,3,0,8,-0.00805,0.0,1.1529,3282,0,0,0,0,0,0,0,0,0,0,0,0,0,0,0,0,0,0,0,0,0
2928640,1430,0,11,0,0,0,11,-0.00879,0.0,1.1356,3297,0,0,0,0,0,0,0,0,0,0,0,0,0,0,0,0,0,0,0,0,0
2930688,1431,0,12,0,0,0,12,-0.00856,0.0,1.1875,3378,0,0,0,0,0,0,0,0,0,0,0,0,0,0,0,0,0,0,0,0,0
2932736,1432,0,10,0,2,0,8,-0.01123,0.0,1.1673,2993,0,0,0,0,0,0,0,0,0,0,0,0,0,0,0,0,0,0,0,0,0
2934784,1433,0,14,0,2,0,12,-0.00882,0.0,1.2515,2893,0,0,0,0,0,0,0,0,0,0,0,0,0,0,0,0,0,0,0,0,0
2936832,1434,0,11,0,2,0,9,-0.0098,0.0,1.2347,3077,0,0,0,0,0,0,0,0,0,0,0,0,0,0,0,0,0,0,0,0,0
2938880,1435,0,10,0,0,0,10,-0.00767,0.0,1.1832,2888,0,0,0,0,0,0,0,0,0,0,0,0,0,0,0,0,0,0,0,0,0
2940928,1436,0,9,0,0,0,9,-0.01358,0.0,1.1851,3072,0,0,0,0,0,0,0,0,0,0,0,0,0,0,0,0,0,0,0,0,0
2942976,1437,0,13,0,0,0,13,-0.01061,0.0,1.1662,2831,0,0,0,0,0,0,0,0,0,0,0,0,0,0,0,0,0,0,0,0,0
2945024,1438,0,13,0,3,0,10,-0.01052,0.0,1.2144,2907,0,0,0,0,0,0,0,0,0,0,0,0,0,0,0,0,0,0,0,0,0
2947072,1439,0,7,0,0,0,7,-0.01,0.0,1.226,3222,0,0,0,0,0,0,0,0,0,0,0,0,0,0,0,0,0,0,0,0,0
2949120,1440,0,12,0,0,0,12,-0.01049,0.0,1.3223,3102,0,0,0,0,0,0,0,0,0,0,0,0,0,0,0,0,0,0,0,0,0
2951168,1441,0,13,0,0,0,13,-0.00761,0.0,1.3326,2942,0,0,0,0,0,0,0,0,0,0,0,0,0,0,0,0,0,0,0,0,0
2953216,1442,0,7,0,0,0,7,-0.01024,0.0,1.328,3313,0,0,0,0,0,0,0,0,0,0,0,0,0,0,0,0,0,0,0,0,0
2955264,1443,0,13,0,1,0,12,-0.00995,0.0,1.2402,3342,0,0,0,0,0,0,0,0,0,0,0,0,0,0,0,0,0,0,0,0,0
2957312,1444,0,12,0,0,0,12,-0.00976,0.0,1.3385,3111,0,0,0,0,0,0,0,0,0,0,0,0,0,0,0,0,0,0,0,0,0
2959360,1445,0,7,0,0,0,7,-0.01188,0.0,1.4378,2540,0,0,0,0,0,0,0,0,0,0,0,0,0,0,0,0,0,0,0,0,0
2961408,1446,0,14,0,3,0,11,-0.01139,0.0,1.3343,2944,0,0,0,0,0,0,0,0,0,0,0,0,0,0,0,0,0,0,0,0,0
2963456,1447,0,12,0,0,0,12,-0.01193,0.0,1.3621,2886,0,0,0,0,0,0,0,0,0,0,0,0,0,0,0,0,0,0,0,0,0
2965504,1448,0,11,0,3,0,8,-0.00974,0.0,1.3887,3014,0,0,0,0,0,0,0,0,0,0,0,0,0,0,0,0,0,0,0,0,0
2967552,1449,0,11,0,0,1,10,-0.0106,0.0,1.4308,2813,0,0,0,0,0,0,0,0,0,0,0,0,0,0,0,0,0,0,0,0,0
2969600,1450,0,12,0,1,0,11,-0.00881,0.0,1.3586,2779,0,0,0,0,0,0,0,0,0,0,0,0,0,0,0,0,0,0,0,0,0
2971648,1451,0,12,0,2,0,10,-0.01301,0.0,1.3358,3059,0,0,0,0,0,0,0,0,0,0,0,0,0,0,0,0,0,0,0,0,0
2973696,1452,0,11,0,2,0,9,-0.0094,0.0,1.2664,2792,0,0,0,0,0,0,0,0,0,0,0,0,0,0,0,0,0,0,0,0,0
2975744,1453,0,12,0,1,0,11,-0.00708,0.0,1.2152,2551,0,0,0,0,0,0,0,0,0,0,0,0,0,0,0,0,0,0,0,0,0
2977792,1454,0,10,0,0,0,10,-0.01068,0.0,1.2061,2522,0,0,0,0,0,0,0,0,0,0,0,0,0,0,0,0,0,0,0,0,0
2979840,1455,0,11,0,1,0,10,-0.00927,0.0,1.207,2931,0,0,0,0,0,0,0,0,0,0,0,0,0,0,0,0,0,0,0,0,0
2981888,1456,0,10,0,0,0,10,-0.00944,0.0,1.1474,2963,0,0,0,0,0,0,0,0,0,0,0,0,0,0,0,0,0,0,0,0,0
2983936,1457,0,15,0,3,0,12,-0.01077,0.0,1.2105,2944,0,0,0,0,0,0,0,0,0,0,0,0,0,0,0,0,0,0,0,0,0
2985984,1458,0,11,0,2,0,9,-0.00803,0.0,1.2137,3164,0,0,0,0,0,0,0,0,0,0,0,0,0,0,0,0,0,0,0,0,0
2988032,1459,0,9,0,1,0,8,-0.0066,0.0,1.1357,2659,0,0,0,0,0,0,0,0,0,0,0,0,0,0,0,0,0,0,0,0,0
2990080,1460,0,14,0,1,0,13,-0.00733,0.0,1.1109,3089,0,0,0,0,0,0,0,0,0,0,0,0,0,0,0,0,0,0,0,0,0
2992128,1461,0,11,0,1,0,10,-0.00806,0.0,1.0843,2866,0,0,0,0,0,0,0,0,0,0,0,0,0,0,0,0,0,0,0,0,0
2994176,1462,0,9,0,2,0,7,-0.01043,0.0,1.1155,2998,0,0,0,0,0,0,0,0,0,0,0,0,0,0,0,0,0,0,0,0,0
2996224,1463,0,14,0,2,0,12,-0.00978,0.0,1.1385,3077,0,0,0,0,0,0,0,0,0,0,0,0,0,0,0,0,0,0,0,0,0
2998272,1464,0,11,0,3,0,8,-0.00983,0.0,1.2179,3084,0,0,0,0,0,0,0,0,0,0,0,0,0,0,0,0,0,0,0,0,0
3000320,1465,0,10,0,1,0,9,-0.01036,0.0,1.1036,2957,0,0,0,0,0,0,0,0,0,0,0,0,0,0,0,0,0,0,0,0,0
3002368,1466,0,12,0,0,0,12,-0.00743,0.0,1.0556,2926,0,0,0,0,0,0,0,0,0,0,0,0,0,0,0,0,0,0,0,0,0
3004416,1467,0,10,0,0,0,10,-0.00999,0.0,1.0166,2986,0,0,0,0,0,0,0,0,0,0,0,0,0,0,0,0,0,0,0,0,0
3006464,1468,0,11,0,2,0,9,-0.00842,0.0,1.0724,2986,0,0,0,0,0,0,0,0,0,0,0,0,0,0,0,0,0,0,0,0,0
3008512,1469,0,13,0,1,0,12,-0.00674,0.0,1.0022,3197,0,0,0,0,0,0,0,0,0,0,0,0,0,0,0,0,0,0,0,0,0
3010560,1470,0,9,0,1,0,8,-0.00771,0.0,1.0311,3058,0,0,0,0,0,0,0,0,0,0,0,0,0,0,0,0,0,0,0,0,0
3012608,1471,0,10,0,0,0,10,-0.01049,0.0,1.0952,3276,0,0,0,0,0,0,0,0,0,0,0,0,0,0,0,0,0,0,0,0,0
3014656,1472,0,15,0,3,0,12,-0.00895,0.0,1.1727,2965,0,0,0,0,0,0,0,0,0,0,0,0,0,0,0,0,0,0,0,0,0
3016704,1473,0,8,0,0,0,8,-0.0111,0.0,1.1208,3038,0,0,0,0,0,0,0,0,0,0,0,0,0,0,0,0,0,0,0,0,0
3018752,1474,0,12,0,0,0,12,-0.00904,0.0,0.9238,3017,0,0,0,0,0,0,0,0,0,0,0,0,0,0,0,0,0,0,0,0,0
3020800,1475,0,12,0,1,0,11,-0.00666,1e-05,0.9001,2980,0,0,0,0,0,0,0,0,0,0,0,0,0,0,0,0,0,0,0,0,0
3022848,1476,0,9,0,1,0,8,-0.00637,3e-05,0.8698,2887,0,0,0,0,0,0,0,0,0,0,0,0,0,0,0,0,0,0,0,0,0
3024896,1477,0,13,0,1,0,12,-0.00723,2e-05,1.0157,2709,0,0,0,0,0,0,0,0,0,0,0,0,0,0,0,0,0,0,0,0,0
3026944,1478,0,12,0,0,0,12,-0.01064,1e-05,1.1641,2872,0,0,0,0,0,0,0,0,0,0,0,0,0,0,0,0,0,0,0,0,0
3028992,1479,0,8,0,1,0,7,-0.0082,0.0,1.1572,3062,0,0,0,0,0,0,0,0,0,0,0,0,0,0,0,0,0,0,0,0,0
3031040,1480,0,12,0,0,0,12,-0.00865,0.0,1.1023,3352,0,0,0,0,0,0,0,0,0,0,0,0,0,0,0,0,0,0,0,0,0
3033088,1481,0,11,0,1,0,10,-0.01073,0.0,1.0512,2878,0,0,0,0,0,0,0,0,0,0,0,0,0,0,0,0,0,0,0,0,0
3035136,1482,0,10,0,1,0,9,-0.0067,0.0,1.0302,3027,0,0,0,0,0,0,0,0,0,0,0,0,0,0,0,0,0,0,0,0,0
3037184,1483,0,16,0,3,0,13,-0.00724,0.0,0.9644,3273,0,0,0,0,0,0,0,0,0,0,0,0,0,0,0,0,0,0,0,0,0
3039232,1484,0,9,0,2,0,7,-0.0108,0.0,0.992,2990,0,0,0,0,0,0,0,0,0,0,0,0,0,0,0,0,0,0,0,0,0
3041280,1485,0,11,0,0,0,11,-0.01051,0.0,1.0292,3091,0,0,0,0,0,0,0,0,0,0,0,0,0,0,0,0,0,0,0,0,0
3043328,1486,0,11,0,2,0,9,-0.00857,0.0,0.9081,3065,0,0,0,0,0,0,0,0,0,0,0,0,0,0,0,0,0,0,0,0,0
3045376,1487,0,11,0,2,0,9,-0.01076,0.0,0.8465,2972,0,0,0,0,0,0,0,0,0,0,0,0,0,0,0,0,0,0,0,0,0
3047424,1488,0,11,0,0,0,11,-0.01137,0.0,0.9902,2924,0,0,0,0,0,0,0,0,0,0,0,0,0,0,0,0,0,0,0,0,0
3049472,1489,0,10,0,0,0,10,-0.00738,0.0,0.9703,3375,0,0,0,0,0,0,0,0,0,0,0,0,0,0,0,0,0,0,0,0,0
3051520,1490,0,13,0,3,0,10,-0.01049,0.0,1.0313,2921,0,0,0,0,0,0,0,0,0,0,0,0,0,0,0,0,0,0,0,0,0
3053568,1491,0,10,0,0,0,10,-0.01045,0.0,1.0231,3002,0,0,0,0,0,0,0,0,0,0,0,0,0,0,0,0,0,0,0,0,0
3055616,1492,0,12,0,3,0,9,-0.01043,0.0,1.0515,2780,0,0,0,0,0,0,0,0,0,0,0,0,0,0,0,0,0,0,0,0,0
3057664,1493,0,14,0,2,0,12,-0.00985,0.0,1.0735,3047,0,0,0,0,0,0,0,0,0,0,0,0,0,0,0,0,0,0,0,0,0
3059712,1494,0,9,0,1,0,8,-0.00939,0.0,1.0249,2867,0,0,0,0,0,0,0,0,0,0,0,0,0,0,0,0,0,0,0,0,0
3061760,1495,0,12,0,1,0,11,-0.00798,0.0,1.0855,2846,0,0,0,0,0,0,0,0,0,0,0,0,0,0,0,0,0,0,0,0,0
3063808,1496,0,12,0,2,0,10,-0.01016,0.0,1.1109,2867,0,0,0,0,0,0,0,0,0,0,0,0,0,0,0,0,0,0,0,0,0
3065856,1497,0,10,0,1,0,9,-0.00608,0.0,1.079,3213,0,0,0,0,0,0,0,0,0,0,0,0,0,0,0,0,0,0,0,0,0
3067904,1498,0,15,0,5,0,10,-0.00738,0.0,1.0548,3167,0,0,0,0,0,0,0,0,0,0,0,0,0,0,0,0,0,0,0,0,0
3069952,1499,0,9,0,0,0,9,-0.00779,0.0,1.0192,2876,0,0,0,0,0,0,0,0,0,0,0,0,0,0,0,0,0,0,0,0,0
3072000,1500,0,11,0,1,0,10,-0.0101,0.0,1.1457,2953,0,0,0,0,0,0,0,0,0,0,0,0,0,0,0,0,0,0,0,0,0
3074048,1501,0,14,0,2,0,12,-0.00782,0.0,1.1627,2908,0,0,0,0,0,0,0,0,0,0,0,0,0,0,0,0,0,0,0,0,0
3076096,1502,0,8,0,1,0,7,-0.0079,0.0,1.2552,3054,0,0,0,0,0,0,0,0,0,0,0,0,0,0,0,0,0,0,0,0,0
3078144,1503,0,13,0,1,0,12,-0.00917,0.0,1.3143,3108,0,0,0,0,0,0,0,0,0,0,0,0,0,0,0,0,0,0,0,0,0
3080192,1504,0,13,0,2,0,11,-0.00959,0.0,1.2648,3108,0,0,0,0,0,0,0,0,0,0,0,0,0,0,0,0,0,0,0,0,0
3082240,1505,0,8,0,1,0,7,-0.00713,0.0,1.2558,3050,0,0,0,0,0,0,0,0,0,0,0,0,0,0,0,0,0,0,0,0,0
3084288,1506,0,13,0,1,0,12,-0.01013,0.0,1.2532,2706,0,0,0,0,0,0,0,0,0,0,0,0,0,0,0,0,0,0,0,0,0
3086336,1507,0,11,0,1,0,10,-0.01125,0.0,1.3332,2812,0,0,0,0,0,0,0,0,0,0,0,0,0,0,0,0,0,0,0,0,0
3088384,1508,0,9,0,0,0,9,-0.00859,0.0,1.4132,2826,0,0,0,0,0,0,0,0,0,0,0,0,0,0,0,0,0,0,0,0,0
3090432,1509,0,13,0,1,0,12,-0.01076,0.0,1.3751,3002,0,0,0,0,0,0,0,0,0,0,0,0,0,0,0,0,0,0,0,0,0
3092480,1510,0,11,0,0,0,11,-0.00786,0.0,1.3627,2596,0,0,0,0,0,0,0,0,0,0,0,0,0,0,0,0,0,0,0,0,0
3094528,1511,0,9,0,3,0,6,-0.01173,0.0,1.3784,3083,0,0,0,0,0,0,0,0,0,0,0,0,0,0,0,0,0,0,0,0,0
3096576,1512,0,16,0,4,0,12,-0.00951,0.0,1.3049,3050,0,0,0,0,0,0,0,0,0,0,0,0,0,0,0,0,0,0,0,0,0
3098624,1513,0,9,0,1,0,8,-0.0096,0.0,1.214,3010,0,0,0,0,0,0,0,0,0,0,0,0,0,0,0,0,0,0,0,0,0
3100672,1514,0,10,0,2,0,8,-0.01088,0.0,1.3833,3137,0,0,0,0,0,0,0,0,0,0,0,0,0,0,0,0,0,0,0,0,0
3102720,1515,0,17,0,6,0,11,-0.0116,0.0,1.354,3089,0,0,0,0,0,0,0,0,0,0,0,0,0,0,0,0,0,0,0,0,0
3104768,1516,0,11,0,3,0,8,-0.00836,0.0,1.3315,2982,0,0,0,0,0,0,0,0,0,0,0,0,0,0,0,0,0,0,0,0,0
3106816,1517,0,8,0,0,0,8,-0.01112,0.0,1.4214,2682,0,0,0,0,0,0,0,0,0,0,0,0,0,0,0,0,0,0,0,0,0
3108864,1518,0,14,0,2,0,12,-0.01065,0.0,1.3198,3063,0,0,0,0,0,0,0,0,0,0,0,0,0,0,0,0,0,0,0,0,0
3110912,1519,0,11,0,2,0,9,-0.01161,0.0,1.282,3295,0,0,0,0,0,0,0,0,0,0,0,0,0,0,0,0,0,0,0,0,0
3112960,1520,0,13,0,5,0,8,-0.01,0.0,1.212,2655,0,0,0,0,0,0,0,0,0,0,0,0,0,0,0,0,0,0,0,0,0
3115008,1521,0,12,0,1,0,11,-0.01048,0.0,1.3259,3065,0,0,0,0,0,0,0,0,0,0,0,0,0,0,0,0,0,0,0,0,0
3117056,1522,0,9,0,1,0,8,-0.01133,0.0,1.3989,3031,0,0,0,0,0,0,0,0,0,0,0,0,0,0,0,0,0,0,0,0,0
3119104,1523,0,14,0,2,0,12,-0.00914,0.0,1.4039,2878,0,0,0,0,0,0,0,0,0,0,0,0,0,0,0,0,0,0,0,0,0
3121152,1524,0,11,0,1,0,10,-0.01181,0.0,1.3831,2964,0,0,0,0,0,0,0,0,0,0,0,0,0,0,0,0,0,0,0,0,0
3123200,1525,0,10,0,1,0,9,-0.01331,0.0,1.3689,3052,0,0,0,0,0,0,0,0,0,0,0,0,0,0,0,0,0,0,0,0,0
3125248,1526,0,15,0,4,0,11,-0.00903,0.0,1.3439,3226,0,0,0,0,0,0,0,0,0,0,0,0,0,0,0,0,0,0,0,0,0
3127296,1527,0,11,0,2,0,9,-0.01178,0.0,1.2978,2821,0,0,0,0,0,0,0,0,0,0,0,0,0,0,0,0,0,0,0,0,0
3129344,1528,0,12,0,2,0,10,-0.01109,0.0,1.3024,2869,0,0,0,0,0,0,0,0,0,0,0,0,0,0,0,0,0,0,0,0,0
3131392,1529,0,12,0,3,0,9,-0.00875,0.0,1.3358,3184,0,0,0,0,0,0,0,0,0,0,0,0,0,0,0,0,0,0,0,0,0
3133440,1530,0,9,0,0,0,9,-0.00916,0.0,1.3324,3102,0,0,0,0,0,0,0,0,0,0,0,0,0,0,0,0,0,0,0,0,0
3135488,1531,0,11,0,0,0,11,-0.0097,0.0,1.3337,3334,0,0,0,0,0,0,0,0,0,0,0,0,0,0,0,0,0,0,0,0,0
3137536,1532,0,11,0,0,0,11,-0.01047,0.0,1.3364,2937,0,0,0,0,0,0,0,0,0,0,0,0,0,0,0,0,0,0,0,0,0
3139584,1533,0,9,0,0,0,9,-0.01085,0.0,1.3437,3032,0,0,0,0,0,0,0,0,0,0,0,0,0,0,0,0,0,0,0,0,0
3141632,1534,0,12,0,0,0,12,-0.01034,0.0,1.2721,3119,0,0,0,0,0,0,0,0,0,0,0,0,0,0,0,0,0,0,0,0,0
3143680,1535,0,12,0,3,0,9,-0.00979,0.0,1.2508,3155,0,0,0,0,0,0,0,0,0,0,0,0,0,0,0,0,0,0,0,0,0
3145728,1536,0,12,0,2,0,10,-0.0138,0.0,1.3918,2899,0,0,0,0,0,0,0,0,0,0,0,0,0,0,0,0,0,0,0,0,0
3147776,1537,0,13,0,2,0,11,-0.01115,0.0,1.4488,2819,0,0,0,0,0,0,0,0,0,0,0,0,0,0,0,0,0,0,0,0,0
3149824,1538,0,9,0,2,0,7,-0.01059,0.0,1.4736,3097,0,0,0,0,0,0,0,0,0,0,0,0,0,0,0,0,0,0,0,0,0
3151872,1539,0,13,0,4,0,9,-0.01017,0.0,1.3559,2966,0,0,0,0,0,0,0,0,0,0,0,0,0,0,0,0,0,0,0,0,0
3153920,1540,0,11,0,0,0,11,-0.00779,0.0,1.314,2821,0,0,0,0,0,0,0,0,0,0,0,0,0,0,0,0,0,0,0,0,0
3155968,1541,0,10,0,0,0,10,-0.01092,0.0,1.4222,2695,0,0,0,0,0,0,0,0,0,0,0,0,0,0,0,0,0,0,0,0,0
3158016,1542,0,13,0,3,0,10,-0.00904,0.0,1.4142,2959,0,0,0,0,0,0,0,0,0,0,0,0,0,0,0,0,0,0,0,0,0
3160064,1543,0,10,0,1,0,9,-0.00681,0.0,1.414,2787,0,0,0,0,0,0,0,0,0,0,0,0,0,0,0,0,0,0,0,0,0
3162112,1544,0,14,0,3,0,11,-0.01395,0.0,1.4283,2824,0,0,0,0,0,0,0,0,0,0,0,0,0,0,0,0,0,0,0,0,0
3164160,1545,0,11,0,0,0,11,-0.00694,0.0,1.3269,2971,0,0,0,0,0,0,0,0,0,0,0,0,0,0,0,0,0,0,0,0,0
3166208,1546,0,8,0,0,0,8,-0.00806,0.0,1.344,2805,0,0,0,0,0,0,0,0,0,0,0,0,0,0,0,0,0,0,0,0,0
3168256,1547,0,15,0,3,0,12,-0.00882,0.0,1.4784,3027,0,0,0,0,0,0,0,0,0,0,0,0,0,0,0,0,0,0,0,0,0
3170304,1548,0,13,0,3,0,10,-0.0098,0.0,1.452,2992,0,0,0,0,0,0,0,0,0,0,0,0,0,0,0,0,0,0,0,0,0
3172352,1549,0,8,0,1,0,7,-0.00818,0.0,1.5074,3001,0,0,0,0,0,0,0,0,0,0,0,0,0,0,0,0,0,0,0,0,0
3174400,1550,0,16,0,3,0,13,-0.0083,0.0,1.4845,3218,0,0,0,0,0,0,0,0,0,0,0,0,0,0,0,0,0,0,0,0,0
3176448,1551,0,10,0,1,0,9,-0.00788,0.0,1.4024,3089,0,0,0,0,0,0,0,0,0,0,0,0,0,0,0,0,0,0,0,0,0
3178496,1552,0,10,0,0,0,10,-0.00855,0.0,1.4068,2938,0,0,0,0,0,0,0,0,0,0,0,0,0,0,0,0,0,0,0,0,0
3180544,1553,0,12,0,3,0,9,-0.00718,0.0,1.4113,3085,0,0,0,0,0,0,0,0,0,0,0,0,0,0,0,0,0,0,0,0,0
3182592,1554,0,13,0,2,0,11,-0.01156,0.0,1.491,3040,0,0,0,0,0,0,0,0,0,0,0,0,0,0,0,0,0,0,0,0,0
3184640,1555,0,8,0,0,0,8,-0.00755,0.0,1.4561,3255,0,0,0,0,0,0,0,0,0,0,0,0,0,0,0,0,0,0,0,0,0
3186688,1556,0,12,0,0,0,12,-0.0097,0.0,1.4786,3215,0,0,0,0,0,0,0,0,0,0,0,0,0,0,0,0,0,0,0,0,0
3188736,1557,0,12,0,2,0,10,-0.01042,0.0,1.4715,3227,0,0,0,0,0,0,0,0,0,0,0,0,0,0,0,0,0,0,0,0,0
3190784,1558,0,10,0,2,0,8,-0.01003,0.0,1.4558,3151,0,0,0,0,0,0,0,0,0,0,0,0,0,0,0,0,0,0,0,0,0
3192832,1559,0,14,0,4,0,10,-0.01015,0.0,1.4577,3145,0,0,0,0,0,0,0,0,0,0,0,0,0,0,0,0,0,0,0,0,0
3194880,1560,0,14,0,2,0,12,-0.00494,0.0,1.4802,2969,0,0,0,0,0,0,0,0,0,0,0,0,0,0,0,0,0,0,0,0,0
3196928,1561,0,8,0,1,0,7,-0.0041,0.0,1.3735,3038,0,0,0,0,0,0,0,0,0,0,0,0,0,0,0,0,0,0,0,0,0
3198976,1562,0,13,0,3,0,10,-0.00604,0.0,1.2943,3233,0,0,0,0,0,0,0,0,0,0,0,0,0,0,0,0,0,0,0,0,0
3201024,1563,0,13,0,1,0,12,-0.0094,0.0,1.4515,3083,0,0,0,0,0,0,0,0,0,0,0,0,0,0,0,0,0,0,0,0,0
3203072,1564,0,10,0,1,0,9,-0.01112,0.0,1.4102,3373,0,0,0,0,0,0,0,0,0,0,0,0,0,0,0,0,0,0,0,0,0
3205120,1565,0,11,0,0,0,11,-0.01283,0.0,1.4175,2964,0,0,0,0,0,0,0,0,0,0,0,0,0,0,0,0,0,0,0,0,0
3207168,1566,0,12,0,0,0,12,-0.00971,0.0,1.4775,2810,0,0,0,0,0,0,0,0,0,0,0,0,0,0,0,0,0,0,0,0,0
3209216,1567,0,9,0,1,0,8,-0.00904,0.0,1.4063,3152,0,0,0,0,0,0,0,0,0,0,0,0,0,0,0,0,0,0,0,0,0
3211264,1568,0,14,0,2,0,12,-0.01049,0.0,1.4059,3351,0,0,0,0,0,0,0,0,0,0,0,0,0,0,0,0,0,0,0,0,0
3213312,1569,0,10,0,2,0,8,-0.00929,0.0,1.4819,3035,0,0,0,0,0,0,0,0,0,0,0,0,0,0,0,0,0,0,0,0,0
3215360,1570,0,13,0,3,0,10,-0.01033,0.0,1.4791,2861,0,0,0,0,0,0,0,0,0,0,0,0,0,0,0,0,0,0,0,0,0
3217408,1571,0,9,0,1,0,8,-0.01103,0.0,1.4256,2936,0,0,0,0,0,0,0,0,0,0,0,0,0,0,0,0,0,0,0,0,0
3219456,1572,0,15,0,2,0,13,-0.00908,0.0,1.4121,2785,0,0,0,0,0,0,0,0,0,0,0,0,0,0,0,0,0,0,0,0,0
3221504,1573,0,10,0,3,0,7,-0.01068,0.0,1.4854,3077,0,0,0,0,0,0,0,0,0,0,0,0,0,0,0,0,0,0,0,0,0
3223552,1574,0,10,0,1,0,9,-0.00905,0.0,1.4736,3129,0,0,0,0,0,0,0,0,0,0,0,0,0,0,0,0,0,0,0,0,0
3225600,1575,0,12,0,2,0,10,-0.01105,0.0,1.4206,3149,0,0,0,0,0,0,0,0,0,0,0,0,0,0,0,0,0,0,0,0,0
3227648,1576,0,10,0,0,0,10,-0.00977,0.0,1.4483,3279,0,0,0,0,0,0,0,0,0,0,0,0,0,0,0,0,0,0,0,0,0
3229696,1577,0,11,0,2,0,9,-0.00974,0.0,1.4443,3177,0,0,0,0,0,0,0,0,0,0,0,0,0,0,0,0,0,0,0,0,0
3231744,1578,0,14,0,1,0,13,-0.01072,0.0,1.4744,3031,0,0,0,0,0,0,0,0,0,0,0,0,0,0,0,0,0,0,0,0,0
3233792,1579,0,10,0,2,0,8,-0.00996,0.0,1.3697,3158,0,0,0,0,0,0,0,0,0,0,0,0,0,0,0,0,0,0,0,0,0
3235840,1580,0,11,0,1,0,10,-0.00982,0.0,1.4255,3097,0,0,0,0,0,0,0,0,0,0,0,0,0,0,0,0,0,0,0,0,0
3237888,1581,0,14,0,2,0,12,-0.00973,0.0,1.4616,2659,0,0,0,0,0,0,0,0,0,0,0,0,0,0,0,0,0,0,0,0,0
3239936,1582,0,8,0,0,0,8,-0.00737,0.0,1.4912,2926,0,0,0,0,0,0,0,0,0,0,0,0,0,0,0,0,0,0,0,0,0
3241984,1583,0,14,0,2,0,12,-0.00768,1e-05,1.5476,3175,0,0,0,0,0,0,0,0,0,0,0,0,0,0,0,0,0,0,0,0,0
3244032,1584,0,14,0,3,0,11,-0.00926,0.0,1.5236,3000,0,0,0,0,0,0,0,0,0,0,0,0,0,0,0,0,0,0,0,0,0
3246080,1585,0,8,0,2,0,6,-0.00968,0.0,1.5308,2907,0,0,0,0,0,0,0,0,0,0,0,0,0,0,0,0,0,0,0,0,0
3248128,1586,0,14,0,3,0,11,-0.01005,0.0,1.4872,3087,0,0,0,0,0,0,0,0,0,0,0,0,0,0,0,0,0,0,0,0,0
3250176,1587,0,14,0,2,0,12,-0.00849,0.0,1.5106,3067,0,0,0,0,0,0,0,0,0,0,0,0,0,0,0,0,0,0,0,0,0
3252224,1588,0,9,0,1,0,8,-0.00794,0.0,1.4988,2900,0,0,0,0,0,0,0,0,0,0,0,0,0,0,0,0,0,0,0,0,0
3254272,1589,0,13,0,4,0,9,-0.01081,0.0,1.4614,3068,0,0,0,0,0,0,0,0,0,0,0,0,0,0,0,0,0,0,0,0,0
3256320,1590,0,10,0,2,0,8,-0.01088,0.0,1.5469,3273,0,0,0,0,0,0,0,0,0,0,0,0,0,0,0,0,0,0,0,0,0
3258368,1591,0,11,0,1,0,10,-0.00717,0.0,1.4593,2942,0,0,0,0,0,0,0,0,0,0,0,0,0,0,0,0,0,0,0,0,0
3260416,1592,0,13,0,2,0,11,-0.00954,0.0,1.5032,3099,0,0,0,0,0,0,0,0,0,0,0,0,0,0,0,0,0,0,0,0,0
3262464,1593,0,10,0,1,0,9,-0.00984,0.0,1.5104,2909,0,0,0,0,0,0,0,0,0,0,0,0,0,0,0,0,0,0,0,0,0
3264512,1594,0,11,0,0,0,11,-0.00864,0.0,1.4733,3273,0,0,0,0,0,0,0,0,0,0,0,0,0,0,0,0,0,0,0,0,0
3266560,1595,0,13,0,1,0,12,-0.00834,0.0,1.4593,3342,0,0,0,0,0,0,0,0,0,0,0,0,0,0,0,0,0,0,0,0,0
3268608,1596,0,10,0,4,0,6,-0.0089,0.0,1.4793,3160,0,0,0,0,0,0,0,0,0,0,0,0,0,0,0,0,0,0,0,0,0
3270656,1597,0,14,0,4,0,10,-0.00932,0.0,1.5306,3138,0,0,0,0,0,0,0,0,0,0,0,0,0,0,0,0,0,0,0,0,0
3272704,1598,0,12,0,4,0,8,-0.00705,0.0,1.5314,3326,0,0,0,0,0,0,0,0,0,0,0,0,0,0,0,0,0,0,0,0,0
3274752,1599,0,11,0,1,0,10,-0.00995,0.0,1.5536,3241,0,0,0,0,0,0,0,0,0,0,0,0,0,0,0,0,0,0,0,0,0
3276800,1600,0,10,0,0,0,10,-0.0092,0.0,1.609,3216,0,0,0,0,0,0,0,0,0,0,0,0,0,0,0,0,0,0,0,0,0
3278848,1601,0,13,0,2,0,11,-0.01094,0.0,1.5518,3293,0,0,0,0,0,0,0,0,0,0,0,0,0,0,0,0,0,0,0,0,0
3280896,1602,0,11,0,2,0,9,-0.00781,0.0,1.5175,3180,0,0,0,0,0,0,0,0,0,0,0,0,0,0,0,0,0,0,0,0,0
3282944,1603,0,10,0,5,0,5,-0.01065,0.0,1.4845,3056,0,0,0,0,0,0,0,0,0,0,0,0,0,0,0,0,0,0,0,0,0
3284992,1604,0,16,0,3,0,13,-0.01107,0.0,1.4731,3112,0,0,0,0,0,0,0,0,0,0,0,0,0,0,0,0,0,0,0,0,0
3287040,1605,0,12,0,5,0,7,-0.0084,0.0,1.5027,2940,0,0,0,0,0,0,0,0,0,0,0,0,0,0,0,0,0,0,0,0,0
3289088,1606,0,9,0,2,0,7,-0.00759,0.0,1.4373,2985,0,0,0,0,0,0,0,0,0,0,0,0,0,0,0,0,0,0,0,0,0
3291136,1607,0,13,0,2,0,11,-0.01088,0.0,1.4831,2898,0,0,0,0,0,0,0,0,0,0,0,0,0,0,0,0,0,0,0,0,0
3293184,1608,0,13,0,2,0,11,-0.00897,0.0,1.4997,3028,0,0,0,0,0,0,0,0,0,0,0,0,0,0,0,0,0,0,0,0,0
3295232,1609,0,13,0,5,0,8,-0.01166,0.0,1.5547,2981,0,0,0,0,0,0,0,0,0,0,0,0,0,0,0,0,0,0,0,0,0
3297280,1610,0,13,0,3,0,10,-0.00918,0.0,1.5584,3121,0,0,0,0,0,0,0,0,0,0,0,0,0,0,0,0,0,0,0,0,0
3299328,1611,0,13,0,4,0,9,-0.01087,0.0,1.5458,3281,0,0,0,0,0,0,0,0,0,0,0,0,0,0,0,0,0,0,0,0,0
3301376,1612,0,9,0,3,0,6,-0.01021,0.0,1.4839,2841,0,0,0,0,0,0,0,0,0,0,0,0,0,0,0,0,0,0,0,0,0
3303424,1613,0,12,0,1,0,11,-0.01154,0.0,1.459,2920,0,0,0,0,0,0,0,0,0,0,0,0,0,0,0,0,0,0,0,0,0
3305472,1614,0,12,0,3,0,9,-0.01042,0.0,1.4726,2656,0,0,0,0,0,0,0,0,0,0,0,0,0,0,0,0,0,0,0,0,0
3307520,1615,0,12,0,1,0,11,-0.01367,0.0,1.5332,3167,0,0,0,0,0,0,0,0,0,0,0,0,0,0,0,0,0,0,0,0,0
3309568,1616,0,16,0,7,0,9,-0.00908,0.0,1.3922,3039,0,0,0,0,0,0,0,0,0,0,0,0,0,0,0,0,0,0,0,0,0
3311616,1617,0,12,0,2,0,10,-0.00985,1e-05,1.3308,2941,0,0,0,0,0,0,0,0,0,0,0,0,0,0,0,0,0,0,0,0,0
3313664,1618,0,14,0,4,0,10,-0.00881,0.0,1.4216,3072,0,0,0,0,0,0,0,0,0,0,0,0,0,0,0,0,0,0,0,0,0
3315712,1619,0,13,0,4,0,9,-0.01088,0.0,1.4277,3012,0,0,0,0,0,0,0,0,0,0,0,0,0,0,0,0,0,0,0,0,0
3317760,1620,0,10,0,2,0,8,-0.01145,0.0,1.366,3266,0,0,0,0,0,0,0,0,0,0,0,0,0,0,0,0,0,0,0,0,0
3319808,1621,0,13,0,1,0,12,-0.01255,0.0,1.4654,2819,0,0,0,0,0,0,0,0,0,0,0,0,0,0,0,0,0,0,0,0,0
3321856,1622,0,13,0,2,1,10,-0.01101,0.0,1.4401,2995,0,0,0,0,0,0,0,0,0,0,0,0,0,0,0,0,0,0,0,0,0
3323904,1623,0,12,0,4,0,8,-0.00987,0.0,1.4285,2643,0,0,0,0,0,0,0,0,0,0,0,0,0,0,0,0,0,0,0,0,0
3325952,1624,0,11,0,2,0,9,-0.01068,0.0,1.3709,2724,0,0,0,0,0,0,0,0,0,0,0,0,0,0,0,0,0,0,0,0,0
3328000,1625,0,12,0,1,0,11,-0.01083,0.0,1.363,2691,0,0,0,0,0,0,0,0,0,0,0,0,0,0,0,0,0,0,0,0,0
3330048,1626,0,11,0,1,0,10,-0.01017,0.0,1.2864,2701,0,0,0,0,0,0,0,0,0,0,0,0,0,0,0,0,0,0,0,0,0
3332096,1627,0,8,0,1,0,7,-0.00965,0.0,1.3945,3130,0,0,0,0,0,0,0,0,0,0,0,0,0,0,0,0,0,0,0,0,0
3334144,1628,0,14,0,0,0,14,-0.00979,0.0,1.4245,2985,0,0,0,0,0,0,0,0,0,0,0,0,0,0,0,0,0,0,0,0,0
3336192,1629,0,10,0,1,0,9,-0.00873,0.0,1.411,3266,0,0,0,0,0,0,0,0,0,0,0,0,0,0,0,0,0,0,0,0,0
3338240,1630,0,13,0,4,0,9,-0.01043,0.0,1.4,3350,0,0,0,0,0,0,0,0,0,0,0,0,0,0,0,0,0,0,0,0,0
3340288,1631,0,15,0,3,0,12,-0.0097,0.0,1.5017,3076,0,0,0,0,0,0,0,0,0,0,0,0,0,0,0,0,0,0,0,0,0
3342336,1632,0,11,0,3,0,8,-0.00944,0.0,1.4328,2995,0,0,0,0,0,0,0,0,0,0,0,0,0,0,0,0,0,0,0,0,0
3344384,1633,0,11,0,1,0,10,-0.00642,0.0,1.4283,3072,0,0,0,0,0,0,0,0,0,0,0,0,0,0,0,0,0,0,0,0,0
3346432,1634,0,13,0,2,0,11,-0.00873,0.0,1.4217,3123,0,0,0,0,0,0,0,0,0,0,0,0,0,0,0,0,0,0,0,0,0
3348480,1635,0,10,0,1,0,9,-0.00773,0.0,1.2696,3105,0,0,0,0,0,0,0,0,0,0,0,0,0,0,0,0,0,0,0,0,0
3350528,1636,0,15,0,6,0,9,-0.0095,0.0,1.3076,2785,0,0,0,0,0,0,0,0,0,0,0,0,0,0,0,0,0,0,0,0,0
3352576,1637,0,11,0,0,0,11,-0.01138,0.0,1.3827,2990,0,0,0,0,0,0,0,0,0,0,0,0,0,0,0,0,0,0,0,0,0
3354624,1638,0,11,0,2,0,9,-0.00997,0.0,1.4634,3084,0,0,0,0,0,0,0,0,0,0,0,0,0,0,0,0,0,0,0,0,0
3356672,1639,0,12,0,2,0,10,-0.00699,0.0,1.3608,3379,0,0,0,0,0,0,0,0,0,0,0,0,0,0,0,0,0,0,0,0,0
3358720,1640,0,14,0,3,0,11,-0.00984,0.0,1.3942,3504,0,0,0,0,0,0,0,0,0,0,0,0,0,0,0,0,0,0,0,0,0
3360768,1641,0,11,0,2,0,9,-0.00926,0.0,1.4066,3297,0,0,0,0,0,0,0,0,0,0,0,0,0,0,0,0,0,0,0,0,0
3362816,1642,0,11,0,2,0,9,-0.00863,0.0,1.4831,3035,0,0,0,0,0,0,0,0,0,0,0,0,0,0,0,0,0,0,0,0,0
3364864,1643,0,11,0,0,0,11,-0.0091,0.0,1.4725,2964,0,0,0,0,0,0,0,0,0,0,0,0,0,0,0,0,0,0,0,0,0
3366912,1644,0,10,0,1,0,9,-0.0105,0.0,1.3845,3173,0,0,0,0,0,0,0,0,0,0,0,0,0,0,0,0,0,0,0,0,0
3368960,1645,0,12,0,0,0,12,-0.01019,0.0,1.3699,3332,0,0,0,0,0,0,0,0,0,0,0,0,0,0,0,0,0,0,0,0,0
3371008,1646,0,12,0,3,0,9,-0.00809,0.0,1.2973,3215,0,0,0,0,0,0,0,0,0,0,0,0,0,0,0,0,0,0,0,0,0
3373056,1647,0,9,0,1,0,8,-0.00988,0.0,1.1957,3084,0,0,0,0,0,0,0,0,0,0,0,0,0,0,0,0,0,0,0,0,0
3375104,1648,0,13,0,2,0,11,-0.01219,0.0,1.2158,3302,0,0,0,0,0,0,0,0,0,0,0,0,0,0,0,0,0,0,0,0,0
3377152,1649,0,13,0,4,0,9,-0.01141,0.0,1.2486,3002,0,0,0,0,0,0,0,0,0,0,0,0,0,0,0,0,0,0,0,0,0
3379200,1650,0,11,0,1,0,10,-0.00876,0.0,1.3298,3210,0,0,0,0,0,0,0,0,0,0,0,0,0,0,0,0,0,0,0,0,0
3381248,1651,0,10,0,1,0,9,-0.00884,0.0,1.338,2991,0,0,0,0,0,0,0,0,0,0,0,0,0,0,0,0,0,0,0,0,0
3383296,1652,0,11,0,1,0,10,-0.00936,0.0,1.4463,3004,0,0,0,0,0,0,0,0,0,0,0,0,0,0,0,0,0,0,0,0,0
3385344,1653,0,16,0,3,0,13,-0.01088,0.0,1.4227,2944,0,0,0,0,0,0,0,0,0,0,0,0,0,0,0,0,0,0,0,0,0
3387392,1654,0,9,0,3,0,6,-0.0093,0.0,1.3727,2800,0,0,0,0,0,0,0,0,0,0,0,0,0,0,0,0,0,0,0,0,0
3389440,1655,0,11,0,0,0,11,-0.01115,0.0,1.4197,3041,0,0,0,0,0,0,0,0,0,0,0,0,0,0,0,0,0,0,0,0,0
3391488,1656,0,15,0,1,0,14,-0.00797,0.0,1.4194,2792,0,0,0,0,0,0,0,0,0,0,0,0,0,0,0,0,0,0,0,0,0
3393536,1657,0,7,0,1,0,6,-0.01096,0.0,1.4604,2884,0,0,0,0,0,0,0,0,0,0,0,0,0,0,0,0,0,0,0,0,0
3395584,1658,0,12,0,3,0,9,-0.01066,0.0,1.4034,2676,0,0,0,0,0,0,0,0,0,0,0,0,0,0,0,0,0,0,0,0,0
3397632,1659,0,13,0,1,0,12,-0.00909,0.0,1.4418,2952,0,0,0,0,0,0,0,0,0,0,0,0,0,0,0,0,0,0,0,0,0
3399680,1660,0,8,0,1,0,7,-0.01092,0.0,1.4841,2959,0,0,0,0,0,0,0,0,0,0,0,0,0,0,0,0,0,0,0,0,0
3401728,1661,0,10,0,1,0,9,-0.01127,0.0,1.4877,2799,0,0,0,0,0,0,0,0,0,0,0,0,0,0,0,0,0,0,0,0,0
3403776,1662,0,16,0,2,0,14,-0.00678,0.0,1.5025,3149,0,0,0,0,0,0,0,0,0,0,0,0,0,0,0,0,0,0,0,0,0
3405824,1663,0,11,0,5,0,6,-0.01228,0.0,1.5934,2891,0,0,0,0,0,0,0,0,0,0,0,0,0,0,0,0,0,0,0,0,0
3407872,1664,0,11,0,1,0,10,-0.00916,0.0,1.5079,2925,0,0,0,0,0,0,0,0,0,0,0,0,0,0,0,0,0,0,0,0,0
3409920,1665,0,12,0,0,0,12,-0.00912,0.0,1.5819,2980,0,0,0,0,0,0,0,0,0,0,0,0,0,0,0,0,0,0,0,0,0
3411968,1666,0,10,0,0,0,10,-0.00811,0.0,1.5627,3233,0,0,0,0,0,0,0,0,0,0,0,0,0,0,0,0,0,0,0,0,0
3414016,1667,0,12,0,3,0,9,-0.01163,0.0,1.5251,3280,0,0,0,0,0,0,0,0,0,0,0,0,0,0,0,0,0,0,0,0,0
3416064,1668,0,10,0,0,0,10,-0.01101,0.0,1.5517,3241,0,0,0,0,0,0,0,0,0,0,0,0,0,0,0,0,0,0,0,0,0
3418112,1669,0,11,0,1,0,10,-0.00834,0.0,1.6009,3184,0,0,0,0,0,0,0,0,0,0,0,0,0,0,0,0,0,0,0,0,0
3420160,1670,0,14,0,2,0,12,-0.00917,0.0,1.5724,2946,0,0,0,0,0,0,0,0,0,0,0,0,0,0,0,0,0,0,0,0,0
3422208,1671,0,13,0,3,1,9,-0.00892,0.0,1.572,2993,0,0,0,0,0,0,0,0,0,0,0,0,0,0,0,0,0,0,0,0,0
3424256,1672,0,14,0,9,0,5,-0.00946,0.0,1.5132,3008,0,0,0,0,0,0,0,0,0,0,0,0,0,0,0,0,0,0,0,0,0
3426304,1673,0,13,0,0,0,13,-0.01159,0.0,1.586,2790,0,0,0,0,0,0,0,0,0,0,0,0,0,0,0,0,0,0,0,0,0
3428352,1674,0,7,0,2,0,5,-0.01038,0.0,1.6608,3028,0,0,0,0,0,0,0,0,0,0,0,0,0,0,0,0,0,0,0,0,0
3430400,1675,0,14,0,2,0,12,-0.0098,0.0,1.6437,3005,0,0,0,0,0,0,0,0,0,0,0,0,0,0,0,0,0,0,0,0,0
3432448,1676,0,13,0,3,0,10,-0.00863,0.0,1.5774,3066,0,0,0,0,0,0,0,0,0,0,0,0,0,0,0,0,0,0,0,0,0
3434496,1677,0,9,0,2,0,7,-0.00899,0.0,1.5944,3088,0,0,0,0,0,0,0,0,0,0,0,0,0,0,0,0,0,0,0,0,0
3436544,1678,0,16,0,4,0,12,-0.01232,0.0,1.615,2990,0,0,0,0,0,0,0,0,0,0,0,0,0,0,0,0,0,0,0,0,0
3438592,1679,0,10,0,2,0,8,-0.01001,0.0,1.5623,3072,0,0,0,0,0,0,0,0,0,0,0,0,0,0,0,0,0,0,0,0,0
3440640,1680,0,10,0,1,0,9,-0.00907,0.0,1.5915,3217,0,0,0,0,0,0,0,0,0,0,0,0,0,0,0,0,0,0,0,0,0
3442688,1681,0,14,0,2,0,12,-0.01004,0.0,1.5732,2971,0,0,0,0,0,0,0,0,0,0,0,0,0,0,0,0,0,0,0,0,0
3444736,1682,0,12,0,1,0,11,-0.00797,0.0,1.6027,2965,0,0,0,0,0,0,0,0,0,0,0,0,0,0,0,0,0,0,0,0,0
3446784,1683,0,10,0,2,0,8,-0.00863,0.0,1.5109,2849,0,0,0,0,0,0,0,0,0,0,0,0,0,0,0,0,0,0,0,0,0
3448832,1684,0,12,0,1,0,11,-0.0086,0.0,1.5402,3132,0,0,0,0,0,0,0,0,0,0,0,0,0,0,0,0,0,0,0,0,0
3450880,1685,0,15,0,5,0,10,-0.00995,0.0,1.5911,2994,0,0,0,0,0,0,0,0,0,0,0,0,0,0,0,0,0,0,0,0,0
3452928,1686,0,12,0,3,0,9,-0.0084,0.0,1.5935,2562,0,0,0,0,0,0,0,0,0,0,0,0,0,0,0,0,0,0,0,0,0
3454976,1687,0,10,0,1,0,9,-0.00808,0.0,1.5679,2695,0,0,0,0,0,0,0,0,0,0,0,0,0,0,0,0,0,0,0,0,0
3457024,1688,0,16,0,4,0,12,-0.00895,0.0,1.3541,3224,0,0,0,0,0,0,0,0,0,0,0,0,0,0,0,0,0,0,0,0,0
3459072,1689,0,10,0,1,0,9,-0.00879,0.0,1.5551,3263,0,0,0,0,0,0,0,0,0,0,0,0,0,0,0,0,0,0,0,0,0
3461120,1690,0,14,0,3,0,11,-0.00994,0.0,1.5128,3313,0,0,0,0,0,0,0,0,0,0,0,0,0,0,0,0,0,0,0,0,0
3463168,1691,0,9,0,3,0,6,-0.01211,0.0,1.5356,3283,0,0,0,0,0,0,0,0,0,0,0,0,0,0,0,0,0,0,0,0,0
3465216,1692,0,11,0,3,0,8,-0.01163,0.0,1.469,3120,0,0,0,0,0,0,0,0,0,0,0,0,0,0,0,0,0,0,0,0,0
3467264,1693,0,17,0,3,1,13,-0.01041,0.0,1.3379,3236,0,0,0,0,0,0,0,0,0,0,0,0,0,0,0,0,0,0,0,0,0
3469312,1694,0,10,0,3,0,7,-0.00728,0.0,1.3798,3306,0,0,0,0,0,0,0,0,0,0,0,0,0,0,0,0,0,0,0,0,0
3471360,1695,0,11,0,2,0,9,-0.00926,0.0,1.5044,2831,0,0,0,0,0,0,0,0,0,0,0,0,0,0,0,0,0,0,0,0,0
3473408,1696,0,12,0,3,0,9,-0.00936,0.0,1.3562,3148,0,0,0,0,0,0,0,0,0,0,0,0,0,0,0,0,0,0,0,0,0
3475456,1697,0,15,0,5,0,10,-0.01125,0.0,1.4465,3067,0,0,0,0,0,0,0,0,0,0,0,0,0,0,0,0,0,0,0,0,0
3477504,1698,0,10,0,5,0,5,-0.00943,0.0,1.4974,2839,0,0,0,0,0,0,0,0,0,0,0,0,0,0,0,0,0,0,0,0,0
3479552,1699,0,13,0,1,0,12,-0.00741,0.0,1.5043,3349,0,0,0,0,0,0,0,0,0,0,0,0,0,0,0,0,0,0,0,0,0
3481600,1700,0,15,0,3,1,11,-0.01078,0.0,1.5681,3028,0,0,0,0,0,0,0,0,0,0,0,0,0,0,0,0,0,0,0,0,0
3483648,1701,0,8,0,3,0,5,-0.00645,0.0,1.5797,3019,0,0,0,0,0,0,0,0,0,0,0,0,0,0,0,0,0,0,0,0,0
3485696,1702,0,13,0,2,0,11,-0.00793,0.0,1.5769,3048,0,0,0,0,0,0,0,0,0,0,0,0,0,0,0,0,0,0,0,0,0
3487744,1703,0,13,0,1,0,12,-0.00615,0.0,1.4983,2943,0,0,0,0,0,0,0,0,0,0,0,0,0,0,0,0,0,0,0,0,0
3489792,1704,0,8,0,2,0,6,-0.00965,0.0,1.5236,3150,0,0,0,0,0,0,0,0,0,0,0,0,0,0,0,0,0,0,0,0,0
3491840,1705,0,16,0,5,0,11,-0.00637,0.0,1.5361,3284,0,0,0,0,0,0,0,0,0,0,0,0,0,0,0,0,0,0,0,0,0
3493888,1706,0,14,0,4,0,10,-0.00818,0.0,1.5151,2797,0,0,0,0,0,0,0,0,0,0,0,0,0,0,0,0,0,0,0,0,0
3495936,1707,0,14,0,6,0,8,-0.00743,0.0,1.4813,3416,0,0,0,0,0,0,0,0,0,0,0,0,0,0,0,0,0,0,0,0,0
3497984,1708,0,10,0,1,0,9,-0.0069,0.0,1.4801,3191,0,0,0,0,0,0,0,0,0,0,0,0,0,0,0,0,0,0,0,0,0
3500032,1709,0,11,0,0,0,11,-0.00962,0.0,1.5684,2884,0,0,0,0,0,0,0,0,0,0,0,0,0,0,0,0,0,0,0,0,0
3502080,1710,0,15,0,3,0,12,-0.00915,0.0,1.6349,3038,0,0,0,0,0,0,0,0,0,0,0,0,0,0,0,0,0,0,0,0,0
3504128,1711,0,6,0,2,0,4,-0.00805,0.0,1.5499,3124,0,0,0,0,0,0,0,0,0,0,0,0,0,0,0,0,0,0,0,0,0
3506176,1712,0,17,0,3,1,13,-0.00773,0.0,1.3919,3167,0,0,0,0,0,0,0,0,0,0,0,0,0,0,0,0,0,0,0,0,0
3508224,1713,0,12,0,1,0,11,-0.00595,0.0,1.5393,3046,0,0,0,0,0,0,0,0,0,0,0,0,0,0,0,0,0,0,0,0,0
3510272,1714,0,7,0,2,0,5,-0.00673,0.0,1.5837,3211,0,0,0,0,0,0,0,0,0,0,0,0,0,0,0,0,0,0,0,0,0
3512320,1715,0,16,0,1,0,15,-0.01016,0.0,1.5169,2860,0,0,0,0,0,0,0,0,0,0,0,0,0,0,0,0,0,0,0,0,0
3514368,1716,0,10,0,1,0,9,-0.00867,0.0,1.4831,3113,0,0,0,0,0,0,0,0,0,0,0,0,0,0,0,0,0,0,0,0,0
3516416,1717,0,11,0,4,0,7,-0.00968,0.0,1.3542,3029,0,0,0,0,0,0,0,0,0,0,0,0,0,0,0,0,0,0,0,0,0
3518464,1718,0,14,0,1,0,13,-0.00899,0.0,1.3683,3162,0,0,0,0,0,0,0,0,0,0,0,0,0,0,0,0,0,0,0,0,0
3520512,1719,0,11,0,2,1,8,-0.00694,0.0,1.4877,3262,0,0,0,0,0,0,0,0,0,0,0,0,0,0,0,0,0,0,0,0,0
3522560,1720,0,10,0,1,0,9,-0.01101,0.0,1.593,3271,0,0,0,0,0,0,0,0,0,0,0,0,0,0,0,0,0,0,0,0,0
3524608,1721,0,14,0,3,0,11,-0.0101,0.0,1.5325,3371,0,0,0,0,0,0,0,0,0,0,0,0,0,0,0,0,0,0,0,0,0
3526656,1722,0,9,0,0,0,9,-0.0106,0.0,1.5356,3273,0,0,0,0,0,0,0,0,0,0,0,0,0,0,0,0,0,0,0,0,0
3528704,1723,0,10,0,2,0,8,-0.0114,0.0,1.4927,3134,0,0,0,0,0,0,0,0,0,0,0,0,0,0,0,0,0,0,0,0,0
3530752,1724,0,14,0,1,0,13,-0.00714,0.0,1.5324,2976,0,0,0,0,0,0,0,0,0,0,0,0,0,0,0,0,0,0,0,0,0
3532800,1725,0,9,0,1,0,8,-0.00596,0.0,1.4863,2819,0,0,0,0,0,0,0,0,0,0,0,0,0,0,0,0,0,0,0,0,0
3534848,1726,0,12,0,2,0,10,-0.00834,0.0,1.6175,2922,0,0,0,0,0,0,0,0,0,0,0,0,0,0,0,0,0,0,0,0,0
3536896,1727,0,14,0,2,0,12,-0.01011,0.0,1.6107,2803,0,0,0,0,0,0,0,0,0,0,0,0,0,0,0,0,0,0,0,0,0
3538944,1728,0,10,0,2,0,8,-0.00968,0.0,1.502,3240,0,0,0,0,0,0,0,0,0,0,0,0,0,0,0,0,0,0,0,0,0
3540992,1729,0,11,0,0,0,11,-0.00961,0.0,1.4835,3379,0,0,0,0,0,0,0,0,0,0,0,0,0,0,0,0,0,0,0,0,0
3543040,1730,0,15,0,3,1,11,-0.00834,0.0,1.5309,3273,0,0,0,0,0,0,0,0,0,0,0,0,0,0,0,0,0,0,0,0,0
3545088,1731,0,12,0,3,0,9,-0.00874,0.0,1.5164,2879,0,0,0,0,0,0,0,0,0,0,0,0,0,0,0,0,0,0,0,0,0
3547136,1732,0,10,0,3,0,7,-0.00792,0.0,1.4802,2924,0,0,0,0,0,0,0,0,0,0,0,0,0,0,0,0,0,0,0,0,0
3549184,1733,0,13,0,1,0,12,-0.00515,1e-05,1.3576,3115,0,0,0,0,0,0,0,0,0,0,0,0,0,0,0,0,0,0,0,0,0
3551232,1734,0,10,0,2,0,8,-0.0083,0.0,1.4145,2799,0,0,0,0,0,0,0,0,0,0,0,0,0,0,0,0,0,0,0,0,0
3553280,1735,0,13,1,3,1,8,-0.00466,7e-05,1.3978,2808,0,0,0,0,0,0,0,0,0,0,0,0,0,0,0,0,0,0,0,0,0
3555328,1736,0,14,0,2,0,12,-0.01077,0.0,1.5139,2907,0,0,0,0,0,0,0,0,0,0,0,0,0,0,0,0,0,0,0,0,0
3557376,1737,0,9,1,1,0,7,-0.00441,5e-05,1.4754,3015,0,0,0,0,0,0,0,0,0,0,0,0,0,0,0,0,0,0,0,0,0
3559424,1738,0,12,0,2,0,10,-0.01007,0.0,1.4618,3178,0,0,0,0,0,0,0,0,0,0,0,0,0,0,0,0,0,0,0,0,0
3561472,1739,0,12,0,0,0,12,-0.00923,0.0,1.396,3369,0,0,0,0,0,0,0,0,0,0,0,0,0,0,0,0,0,0,0,0,0
3563520,1740,0,8,0,0,0,8,-0.00717,0.0,1.393,3133,0,0,0,0,0,0,0,0,0,0,0,0,0,0,0,0,0,0,0,0,0
3565568,1741,0,11,0,0,0,11,-0.00851,0.0,1.3919,3140,0,0,0,0,0,0,0,0,0,0,0,0,0,0,0,0,0,0,0,0,0
3567616,1742,0,14,0,3,0,11,-0.01023,0.0,1.2388,3341,0,0,0,0,0,0,0,0,0,0,0,0,0,0,0,0,0,0,0,0,0
3569664,1743,0,11,0,3,0,8,-0.00754,0.0,1.3115,3013,0,0,0,0,0,0,0,0,0,0,0,0,0,0,0,0,0,0,0,0,0
3571712,1744,0,10,0,0,0,10,-0.00738,0.0,1.2375,3201,0,0,0,0,0,0,0,0,0,0,0,0,0,0,0,0,0,0,0,0,0
3573760,1745,0,12,0,3,0,9,-0.00952,0.0,1.2722,3204,0,0,0,0,0,0,0,0,0,0,0,0,0,0,0,0,0,0,0,0,0
3575808,1746,0,11,0,0,0,11,-0.00847,0.0,1.2841,3214,0,0,0,0,0,0,0,0,0,0,0,0,0,0,0,0,0,0,0,0,0
3577856,1747,0,10,0,0,0,10,-0.01099,0.0,1.2561,3180,0,0,0,0,0,0,0,0,0,0,0,0,0,0,0,0,0,0,0,0,0
3579904,1748,0,14,0,3,0,11,-0.0108,0.0,1.2581,3114,0,0,0,0,0,0,0,0,0,0,0,0,0,0,0,0,0,0,0,0,0
3581952,1749,0,13,0,3,0,10,-0.00878,0.0,1.4215,3266,0,0,0,0,0,0,0,0,0,0,0,0,0,0,0,0,0,0,0,0,0
3584000,1750,0,11,0,2,0,9,-0.01001,0.0,1.4786,3271,0,0,0,0,0,0,0,0,0,0,0,0,0,0,0,0,0,0,0,0,0
3586048,1751,0,9,0,0,0,9,-0.00798,0.0,1.4535,2784,0,0,0,0,0,0,0,0,0,0,0,0,0,0,0,0,0,0,0,0,0
3588096,1752,0,13,0,1,0,12,-0.00939,0.0,1.3053,3160,0,0,0,0,0,0,0,0,0,0,0,0,0,0,0,0,0,0,0,0,0
3590144,1753,0,9,0,1,0,8,-0.00579,0.0,1.0952,2956,0,0,0,0,0,0,0,0,0,0,0,0,0,0,0,0,0,0,0,0,0
3592192,1754,0,12,1,0,0,11,-0.00457,0.00085,1.246,2991,0,0,0,0,0,0,0,0,0,0,0,0,0,0,0,0,0,0,0,0,0
3594240,1755,0,13,0,3,0,10,-0.01039,4e-05,1.3853,2910,0,0,0,0,0,0,0,0,0,0,0,0,0,0,0,0,0,0,0,0,0
3596288,1756,0,13,0,4,0,9,-0.01022,2e-05,1.3489,2958,0,0,0,0,0,0,0,0,0,0,0,0,0,0,0,0,0,0,0,0,0
3598336,1757,0,10,0,2,0,8,-0.0094,1e-05,1.3294,3255,0,0,0,0,0,0,0,0,0,0,0,0,0,0,0,0,0,0,0,0,0
3600384,1758,0,9,0,0,0,9,-0.01008,0.0,1.3089,2811,0,0,0,0,0,0,0,0,0,0,0,0,0,0,0,0,0,0,0,0,0
3602432,1759,0,16,0,6,0,10,-0.00874,0.0,1.2983,3259,0,0,0,0,0,0,0,0,0,0,0,0,0,0,0,0,0,0,0,0,0
3604480,1760,0,13,0,2,0,11,-0.00893,0.0,1.3311,2890,0,0,0,0,0,0,0,0,0,0,0,0,0,0,0,0,0,0,0,0,0
3606528,1761,0,11,0,4,0,7,-0.01023,0.0,1.3113,2838,0,0,0,0,0,0,0,0,0,0,0,0,0,0,0,0,0,0,0,0,0
3608576,1762,0,13,0,1,0,12,-0.00895,0.0,1.3219,3021,0,0,0,0,0,0,0,0,0,0,0,0,0,0,0,0,0,0,0,0,0
3610624,1763,0,13,0,3,0,10,-0.01154,0.0,1.3388,3267,0,0,0,0,0,0,0,0,0,0,0,0,0,0,0,0,0,0,0,0,0
3612672,1764,0,9,0,1,0,8,-0.00943,0.0,1.2724,2848,0,0,0,0,0,0,0,0,0,0,0,0,0,0,0,0,0,0,0,0,0
3614720,1765,0,11,0,1,0,10,-0.00835,0.0,1.3199,3475,0,0,0,0,0,0,0,0,0,0,0,0,0,0,0,0,0,0,0,0,0
3616768,1766,0,13,0,3,0,10,-0.01055,0.0,1.3999,3404,0,0,0,0,0,0,0,0,0,0,0,0,0,0,0,0,0,0,0,0,0
3618816,1767,0,14,0,3,0,11,-0.00926,0.0,1.5087,3454,0,0,0,0,0,0,0,0,0,0,0,0,0,0,0,0,0,0,0,0,0
3620864,1768,0,12,0,4,0,8,-0.00792,0.0,1.3584,3246,0,0,0,0,0,0,0,0,0,0,0,0,0,0,0,0,0,0,0,0,0
3622912,1769,0,8,0,1,0,7,-0.01048,0.0,1.2657,3135,0,0,0,0,0,0,0,0,0,0,0,0,0,0,0,0,0,0,0,0,0
3624960,1770,0,14,0,1,0,13,-0.00883,0.0,1.3391,2847,0,0,0,0,0,0,0,0,0,0,0,0,0,0,0,0,0,0,0,0,0
3627008,1771,0,11,0,3,0,8,-0.01119,0.0,1.2936,3252,0,0,0,0,0,0,0,0,0,0,0,0,0,0,0,0,0,0,0,0,0
3629056,1772,0,9,0,1,0,8,-0.0126,0.0,1.3726,2950,0,0,0,0,0,0,0,0,0,0,0,0,0,0,0,0,0,0,0,0,0
3631104,1773,0,12,0,1,0,11,-0.01009,0.0,1.4513,3174,0,0,0,0,0,0,0,0,0,0,0,0,0,0,0,0,0,0,0,0,0
3633152,1774,0,11,0,0,0,11,-0.00997,0.0,1.3447,2878,0,0,0,0,0,0,0,0,0,0,0,0,0,0,0,0,0,0,0,0,0
3635200,1775,0,12,0,3,0,9,-0.01049,0.0,1.3458,2927,0,0,0,0,0,0,0,0,0,0,0,0,0,0,0,0,0,0,0,0,0
3637248,1776,0,9,0,2,0,7,-0.01038,0.0,1.393,3077,0,0,0,0,0,0,0,0,0,0,0,0,0,0,0,0,0,0,0,0,0
3639296,1777,0,13,1,1,0,11,-0.00519,0.00035,1.3597,3268,0,0,0,0,0,0,0,0,0,0,0,0,0,0,0,0,0,0,0,0,0
3641344,1778,0,10,0,0,3,7,-0.00989,1e-05,1.3314,2952,0,0,0,0,0,0,0,0,0,0,0,0,0,0,0,0,0,0,0,0,0
3643392,1779,0,14,0,4,2,8,-0.00959,1e-05,1.3841,3439,0,0,0,0,0,0,0,0,0,0,0,0,0,0,0,0,0,0,0,0,0
3645440,1780,0,15,0,2,0,13,-0.00808,0.0,1.3375,3103,0,0,0,0,0,0,0,0,0,0,0,0,0,0,0,0,0,0,0,0,0
3647488,1781,0,9,0,2,0,7,-0.01029,0.0,1.346,3178,0,0,0,0,0,0,0,0,0,0,0,0,0,0,0,0,0,0,0,0,0
3649536,1782,0,11,0,1,0,10,-0.00793,0.0,1.3075,3238,0,0,0,0,0,0,0,0,0,0,0,0,0,0,0,0,0,0,0,0,0
3651584,1783,0,13,0,2,0,11,-0.00748,0.0,1.4162,2996,0,0,0,0,0,0,0,0,0,0,0,0,0,0,0,0,0,0,0,0,0
3653632,1784,0,13,0,3,0,10,-0.00873,0.0,1.5235,2929,0,0,0,0,0,0,0,0,0,0,0,0,0,0,0,0,0,0,0,0,0
3655680,1785,0,11,1,1,0,9,-0.00558,0.00067,1.5135,2855,0,0,0,0,0,0,0,0,0,0,0,0,0,0,0,0,0,0,0,0,0
3657728,1786,0,13,0,3,1,9,-0.01147,2e-05,1.3718,3225,0,0,0,0,0,0,0,0,0,0,0,0,0,0,0,0,0,0,0,0,0
3659776,1787,0,12,0,2,0,10,-0.0119,1e-05,1.3336,3122,0,0,0,0,0,0,0,0,0,0,0,0,0,0,0,0,0,0,0,0,0
3661824,1788,0,10,0,2,0,8,-0.00886,0.0,1.4277,2586,0,0,0,0,0,0,0,0,0,0,0,0,0,0,0,0,0,0,0,0,0
3663872,1789,0,16,1,1,1,13,-0.00287,0.00086,1.432,3124,0,0,0,0,0,0,0,0,0,0,0,0,0,0,0,0,0,0,0,0,0
3665920,1790,0,8,0,1,0,7,-0.00992,4e-05,1.3921,3091,0,0,0,0,0,0,0,0,0,0,0,0,0,0,0,0,0,0,0,0,0
3667968,1791,0,9,0,1,0,8,-0.01055,2e-05,1.3117,2973,0,0,0,0,0,0,0,0,0,0,0,0,0,0,0,0,0,0,0,0,0
3670016,1792,0,15,0,0,0,15,-0.00898,1e-05,1.3782,3015,0,0,0,0,0,0,0,0,0,0,0,0,0,0,0,0,0,0,0,0,0
3672064,1793,0,9,0,0,0,9,-0.00991,1e-05,1.4319,2971,0,0,0,0,0,0,0,0,0,0,0,0,0,0,0,0,0,0,0,0,0
3674112,1794,0,11,0,3,0,8,-0.00878,0.0,1.4697,3238,0,0,0,0,0,0,0,0,0,0,0,0,0,0,0,0,0,0,0,0,0
3676160,1795,0,12,0,2,0,10,-0.00867,0.0,1.515,3047,0,0,0,0,0,0,0,0,0,0,0,0,0,0,0,0,0,0,0,0,0
3678208,1796,0,13,0,1,0,12,-0.0094,0.0,1.4022,3088,0,0,0,0,0,0,0,0,0,0,0,0,0,0,0,0,0,0,0,0,0
3680256,1797,0,10,0,2,0,8,-0.00897,0.0,1.4846,3251,0,0,0,0,0,0,0,0,0,0,0,0,0,0,0,0,0,0,0,0,0
3682304,1798,0,13,0,2,0,11,-0.00625,0.0,1.4175,2987,0,0,0,0,0,0,0,0,0,0,0,0,0,0,0,0,0,0,0,0,0
3684352,1799,0,13,0,4,0,9,-0.00689,0.0,1.3354,3076,0,0,0,0,0,0,0,0,0,0,0,0,0,0,0,0,0,0,0,0,0
3686400,1800,0,11,0,0,0,11,-0.00978,0.0,1.2504,2441,0,0,0,0,0,0,0,0,0,0,0,0,0,0,0,0,0,0,0,0,0
3688448,1801,0,10,0,1,0,9,-0.0087,0.0,1.3218,2776,0,0,0,0,0,0,0,0,0,0,0,0,0,0,0,0,0,0,0,0,0
3690496,1802,0,11,0,1,1,9,-0.00881,0.0,1.3829,3237,0,0,0,0,0,0,0,0,0,0,0,0,0,0,0,0,0,0,0,0,0
3692544,1803,0,13,0,1,0,12,-0.01095,0.0,1.373,3102,0,0,0,0,0,0,0,0,0,0,0,0,0,0,0,0,0,0,0,0,0
3694592,1804,0,10,0,1,0,9,-0.00876,0.0,1.3334,2679,0,0,0,0,0,0,0,0,0,0,0,0,0,0,0,0,0,0,0,0,0
3696640,1805,0,9,0,1,0,8,-0.01036,0.0,1.404,2694,0,0,0,0,0,0,0,0,0,0,0,0,0,0,0,0,0,0,0,0,0
3698688,1806,0,13,0,1,0,12,-0.00886,0.0,1.4713,2957,0,0,0,0,0,0,0,0,0,0,0,0,0,0,0,0,0,0,0,0,0
3700736,1807,0,11,0,1,0,10,-0.00861,0.0,1.3996,2732,0,0,0,0,0,0,0,0,0,0,0,0,0,0,0,0,0,0,0,0,0
3702784,1808,0,12,0,4,1,7,-0.00964,0.0,1.3595,3227,0,0,0,0,0,0,0,0,0,0,0,0,0,0,0,0,0,0,0,0,0
3704832,1809,0,13,0,2,0,11,-0.00518,0.0,1.2755,3271,0,0,0,0,0,0,0,0,0,0,0,0,0,0,0,0,0,0,0,0,0
3706880,1810,0,12,0,2,0,10,-0.00788,0.0,1.1738,3098,0,0,0,0,0,0,0,0,0,0,0,0,0,0,0,0,0,0,0,0,0
3708928,1811,0,10,0,1,0,9,-0.00763,0.0,1.1963,2888,0,0,0,0,0,0,0,0,0,0,0,0,0,0,0,0,0,0,0,0,0
3710976,1812,0,14,0,5,0,9,-0.00745,0.0,1.2068,3006,0,0,0,0,0,0,0,0,0,0,0,0,0,0,0,0,0,0,0,0,0
3713024,1813,0,12,0,2,0,10,-0.00825,0.0,1.2003,3039,0,0,0,0,0,0,0,0,0,0,0,0,0,0,0,0,0,0,0,0,0
3715072,1814,0,9,0,0,0,9,-0.00732,0.0,1.3032,2682,0,0,0,0,0,0,0,0,0,0,0,0,0,0,0,0,0,0,0,0,0
3717120,1815,0,14,0,2,1,11,-0.00939,0.0,1.4684,3153,0,0,0,0,0,0,0,0,0,0,0,0,0,0,0,0,0,0,0,0,0
3719168,1816,0,11,0,1,0,10,-0.01076,0.0,1.4838,2667,0,0,0,0,0,0,0,0,0,0,0,0,0,0,0,0,0,0,0,0,0
3721216,1817,0,11,0,2,0,9,-0.01131,0.0,1.3497,3206,0,0,0,0,0,0,0,0,0,0,0,0,0,0,0,0,0,0,0,0,0
3723264,1818,0,12,1,0,0,11,-0.00393,5e-05,1.3943,3272,0,0,0,0,0,0,0,0,0,0,0,0,0,0,0,0,0,0,0,0,0
3725312,1819,0,15,0,5,0,10,-0.01118,0.0,1.469,2918,0,0,0,0,0,0,0,0,0,0,0,0,0,0,0,0,0,0,0,0,0
3727360,1820,0,10,0,3,1,6,-0.00857,0.0,1.5179,2931,0,0,0,0,0,0,0,0,0,0,0,0,0,0,0,0,0,0,0,0,0
3729408,1821,0,14,0,6,0,8,-0.00957,0.0,1.4223,2929,0,0,0,0,0,0,0,0,0,0,0,0,0,0,0,0,0,0,0,0,0
3731456,1822,0,15,0,2,0,13,-0.00955,0.0,1.3668,3124,0,0,0,0,0,0,0,0,0,0,0,0,0,0,0,0,0,0,0,0,0
3733504,1823,0,11,0,3,1,7,-0.01131,0.0,1.2423,3311,0,0,0,0,0,0,0,0,0,0,0,0,0,0,0,0,0,0,0,0,0
3735552,1824,0,8,0,0,0,8,-0.00775,0.0,1.2414,3131,0,0,0,0,0,0,0,0,0,0,0,0,0,0,0,0,0,0,0,0,0
3737600,1825,0,16,0,2,0,14,-0.01092,0.0,1.3428,2874,0,0,0,0,0,0,0,0,0,0,0,0,0,0,0,0,0,0,0,0,0
3739648,1826,0,11,1,4,0,6,-0.00718,0.00023,1.503,2896,0,0,0,0,0,0,0,0,0,0,0,0,0,0,0,0,0,0,0,0,0
3741696,1827,0,9,0,0,0,9,-0.00889,5e-05,1.1877,3230,0,0,0,0,0,0,0,0,0,0,0,0,0,0,0,0,0,0,0,0,0
3743744,1828,0,16,0,5,1,10,-0.01271,2e-05,1.2939,3364,0,0,0,0,0,0,0,0,0,0,0,0,0,0,0,0,0,0,0,0,0
3745792,1829,0,9,1,1,0,7,-0.00602,0.00056,1.4625,3176,0,0,0,0,0,0,0,0,0,0,0,0,0,0,0,0,0,0,0,0,0
3747840,1830,0,10,0,1,0,9,-0.01039,8e-05,1.4491,3096,0,0,0,0,0,0,0,0,0,0,0,0,0,0,0,0,0,0,0,0,0
3749888,1831,0,14,0,1,0,13,-0.00946,5e-05,1.4329,3176,0,0,0,0,0,0,0,0,0,0,0,0,0,0,0,0,0,0,0,0,0
3751936,1832,0,7,0,0,0,7,-0.00943,2e-05,1.4195,2793,0,0,0,0,0,0,0,0,0,0,0,0,0,0,0,0,0,0,0,0,0
3753984,1833,0,12,0,1,0,11,-0.01114,1e-05,1.4729,3177,0,0,0,0,0,0,0,0,0,0,0,0,0,0,0,0,0,0,0,0,0
3756032,1834,0,14,0,2,0,12,-0.01179,1e-05,1.4965,2882,0,0,0,0,0,0,0,0,0,0,0,0,0,0,0,0,0,0,0,0,0
3758080,1835,0,7,0,1,0,6,-0.01366,1e-05,1.424,2982,0,0,0,0,0,0,0,0,0,0,0,0,0,0,0,0,0,0,0,0,0
3760128,1836,0,14,0,3,0,11,-0.00916,1e-05,1.4511,2920,0,0,0,0,0,0,0,0,0,0,0,0,0,0,0,0,0,0,0,0,0
3762176,1837,0,12,0,2,0,10,-0.01008,0.0,1.5003,2962,0,0,0,0,0,0,0,0,0,0,0,0,0,0,0,0,0,0,0,0,0
3764224,1838,0,6,0,1,0,5,-0.0121,0.0,1.5258,2855,0,0,0,0,0,0,0,0,0,0,0,0,0,0,0,0,0,0,0,0,0
3766272,1839,0,15,0,2,0,13,-0.0107,0.0,1.5254,3023,0,0,0,0,0,0,0,0,0,0,0,0,0,0,0,0,0,0,0,0,0
3768320,1840,0,13,0,2,0,11,-0.01004,0.0,1.5076,2911,0,0,0,0,0,0,0,0,0,0,0,0,0,0,0,0,0,0,0,0,0
3770368,1841,0,10,0,4,0,6,-0.00942,0.0,1.475,3022,0,0,0,0,0,0,0,0,0,0,0,0,0,0,0,0,0,0,0,0,0
3772416,1842,0,13,0,3,0,10,-0.00626,0.0,1.3703,3024,0,0,0,0,0,0,0,0,0,0,0,0,0,0,0,0,0,0,0,0,0
3774464,1843,0,12,0,1,0,11,-0.01156,0.0,1.4377,3285,0,0,0,0,0,0,0,0,0,0,0,0,0,0,0,0,0,0,0,0,0
3776512,1844,0,9,0,1,2,6,-0.00947,0.0,1.4835,3318,0,0,0,0,0,0,0,0,0,0,0,0,0,0,0,0,0,0,0,0,0
3778560,1845,0,14,0,1,0,13,-0.00825,0.0,1.4542,3199,0,0,0,0,0,0,0,0,0,0,0,0,0,0,0,0,0,0,0,0,0
3780608,1846,0,11,0,1,0,10,-0.00919,0.0,1.4461,3165,0,0,0,0,0,0,0,0,0,0,0,0,0,0,0,0,0,0,0,0,0
3782656,1847,0,9,0,1,0,8,-0.01008,0.0,1.4644,3113,0,0,0,0,0,0,0,0,0,0,0,0,0,0,0,0,0,0,0,0,0
3784704,1848,0,15,0,1,0,14,-0.01043,0.0,1.3943,3160,0,0,0,0,0,0,0,0,0,0,0,0,0,0,0,0,0,0,0,0,0
3786752,1849,0,10,0,1,0,9,-0.01078,0.0,1.4331,2887,0,0,0,0,0,0,0,0,0,0,0,0,0,0,0,0,0,0,0,0,0
3788800,1850,0,11,0,0,2,9,-0.01141,0.0,1.4372,3186,0,0,0,0,0,0,0,0,0,0,0,0,0,0,0,0,0,0,0,0,0
3790848,1851,0,12,0,1,0,11,-0.00749,0.0,1.4219,2873,0,0,0,0,0,0,0,0,0,0,0,0,0,0,0,0,0,0,0,0,0
3792896,1852,0,9,0,1,0,8,-0.0076,0.0,1.4086,3089,0,0,0,0,0,0,0,0,0,0,0,0,0,0,0,0,0,0,0,0,0
3794944,1853,0,12,0,2,0,10,-0.00802,0.0,1.3558,3175,0,0,0,0,0,0,0,0,0,0,0,0,0,0,0,0,0,0,0,0,0
3796992,1854,0,14,0,2,0,12,-0.00923,0.0,1.3208,3261,0,0,0,0,0,0,0,0,0,0,0,0,0,0,0,0,0,0,0,0,0
3799040,1855,0,8,0,2,0,6,-0.00908,0.0,1.3569,3303,0,0,0,0,0,0,0,0,0,0,0,0,0,0,0,0,0,0,0,0,0
3801088,1856,0,15,0,3,0,12,-0.01018,0.0,1.3716,3235,0,0,0,0,0,0,0,0,0,0,0,0,0,0,0,0,0,0,0,0,0
3803136,1857,0,11,0,1,0,10,-0.01035,0.0,1.5025,3180,0,0,0,0,0,0,0,0,0,0,0,0,0,0,0,0,0,0,0,0,0
3805184,1858,0,8,0,0,0,8,-0.00665,0.0,1.3958,3458,0,0,0,0,0,0,0,0,0,0,0,0,0,0,0,0,0,0,0,0,0
3807232,1859,0,14,0,1,0,13,-0.01341,0.0,1.4686,3181,0,0,0,0,0,0,0,0,0,0,0,0,0,0,0,0,0,0,0,0,0
3809280,1860,0,11,0,1,0,10,-0.00884,0.0,1.4239,3280,0,0,0,0,0,0,0,0,0,0,0,0,0,0,0,0,0,0,0,0,0
3811328,1861,0,9,0,1,0,8,-0.00898,0.0,1.4458,3198,0,0,0,0,0,0,0,0,0,0,0,0,0,0,0,0,0,0,0,0,0
3813376,1862,0,16,1,3,0,12,-0.00639,0.00094,1.4465,3183,0,0,0,0,0,0,0,0,0,0,0,0,0,0,0,0,0,0,0,0,0
3815424,1863,0,10,0,3,0,7,-0.0094,2e-05,1.4527,3164,0,0,0,0,0,0,0,0,0,0,0,0,0,0,0,0,0,0,0,0,0
3817472,1864,0,12,0,3,0,9,-0.01031,1e-05,1.49,3227,0,0,0,0,0,0,0,0,0,0,0,0,0,0,0,0,0,0,0,0,0
3819520,1865,0,11,0,2,0,9,-0.00679,0.0,1.4556,3086,0,0,0,0,0,0,0,0,0,0,0,0,0,0,0,0,0,0,0,0,0
3821568,1866,0,13,0,2,1,10,-0.01142,0.0,1.4741,3146,0,0,0,0,0,0,0,0,0,0,0,0,0,0,0,0,0,0,0,0,0
3823616,1867,0,11,0,0,0,11,-0.00955,0.0,1.4996,3165,0,0,0,0,0,0,0,0,0,0,0,0,0,0,0,0,0,0,0,0,0
3825664,1868,0,12,0,2,0,10,-0.00993,0.0,1.4844,3097,0,0,0,0,0,0,0,0,0,0,0,0,0,0,0,0,0,0,0,0,0
3827712,1869,0,14,0,4,0,10,-0.00876,0.0,1.3944,3226,0,0,0,0,0,0,0,0,0,0,0,0,0,0,0,0,0,0,0,0,0
3829760,1870,0,11,0,3,0,8,-0.00875,0.0,1.446,3300,0,0,0,0,0,0,0,0,0,0,0,0,0,0,0,0,0,0,0,0,0
3831808,1871,0,11,0,3,0,8,-0.00966,0.0,1.5135,3324,0,0,0,0,0,0,0,0,0,0,0,0,0,0,0,0,0,0,0,0,0
3833856,1872,0,12,0,1,0,11,-0.00907,0.0,1.5644,3087,0,0,0,0,0,0,0,0,0,0,0,0,0,0,0,0,0,0,0,0,0
3835904,1873,0,13,0,4,0,9,-0.00876,0.0,1.4924,3038,0,0,0,0,0,0,0,0,0,0,0,0,0,0,0,0,0,0,0,0,0
3837952,1874,0,10,0,1,0,9,-0.00818,0.0,1.4874,3339,0,0,0,0,0,0,0,0,0,0,0,0,0,0,0,0,0,0,0,0,0
3840000,1875,0,11,0,0,1,10,-0.00954,0.0,1.4359,3262,0,0,0,0,0,0,0,0,0,0,0,0,0,0,0,0,0,0,0,0,0
3842048,1876,0,12,0,1,0,11,-0.00912,0.0,1.4966,3413,0,0,0,0,0,0,0,0,0,0,0,0,0,0,0,0,0,0,0,0,0
3844096,1877,0,11,0,2,0,9,-0.00998,0.0,1.417,3463,0,0,0,0,0,0,0,0,0,0,0,0,0,0,0,0,0,0,0,0,0
3846144,1878,0,12,1,0,0,11,-0.00337,0.0002,1.4434,3180,0,0,0,0,0,0,0,0,0,0,0,0,0,0,0,0,0,0,0,0,0
3848192,1879,0,10,0,0,0,10,-0.00861,1e-05,1.4409,3168,0,0,0,0,0,0,0,0,0,0,0,0,0,0,0,0,0,0,0,0,0
3850240,1880,0,10,0,0,0,10,-0.00707,0.0,1.3321,3366,0,0,0,0,0,0,0,0,0,0,0,0,0,0,0,0,0,0,0,0,0
3852288,1881,0,11,0,1,0,10,-0.00954,0.0,1.4291,3430,0,0,0,0,0,0,0,0,0,0,0,0,0,0,0,0,0,0,0,0,0
3854336,1882,0,11,0,0,0,11,-0.0095,0.0,1.4108,3304,0,0,0,0,0,0,0,0,0,0,0,0,0,0,0,0,0,0,0,0,0
3856384,1883,0,10,0,0,0,10,-0.00915,0.0,1.3262,2937,0,0,0,0,0,0,0,0,0,0,0,0,0,0,0,0,0,0,0,0,0
3858432,1884,0,10,0,1,0,9,-0.00992,0.0,1.4119,3366,0,0,0,0,0,0,0,0,0,0,0,0,0,0,0,0,0,0,0,0,0
3860480,1885,0,15,0,4,0,11,-0.00646,0.0,1.4366,3341,0,0,0,0,0,0,0,0,0,0,0,0,0,0,0,0,0,0,0,0,0
3862528,1886,0,11,0,0,0,11,-0.00974,0.0,1.403,3491,0,0,0,0,0,0,0,0,0,0,0,0,0,0,0,0,0,0,0,0,0
3864576,1887,0,9,0,1,0,8,-0.01237,0.0,1.4031,3466,0,0,0,0,0,0,0,0,0,0,0,0,0,0,0,0,0,0,0,0,0
3866624,1888,0,13,0,2,0,11,-0.01032,0.0,1.3877,3384,0,0,0,0,0,0,0,0,0,0,0,0,0,0,0,0,0,0,0,0,0
3868672,1889,0,13,0,1,0,12,-0.00945,0.0,1.3662,3274,0,0,0,0,0,0,0,0,0,0,0,0,0,0,0,0,0,0,0,0,0
3870720,1890,0,8,0,0,0,8,-0.01007,0.0,1.3251,3484,0,0,0,0,0,0,0,0,0,0,0,0,0,0,0,0,0,0,0,0,0
3872768,1891,0,11,0,0,0,11,-0.01084,0.0,1.3319,3137,0,0,0,0,0,0,0,0,0,0,0,0,0,0,0,0,0,0,0,0,0
3874816,1892,0,14,0,1,0,13,-0.01261,0.0,1.3834,3204,0,0,0,0,0,0,0,0,0,0,0,0,0,0,0,0,0,0,0,0,0
3876864,1893,0,8,0,0,0,8,-0.00771,0.0,1.3739,3022,0,0,0,0,0,0,0,0,0,0,0,0,0,0,0,0,0,0,0,0,0
3878912,1894,0,10,0,0,0,10,-0.00848,0.0,1.2299,3149,0,0,0,0,0,0,0,0,0,0,0,0,0,0,0,0,0,0,0,0,0
3880960,1895,0,12,0,0,0,12,-0.00789,0.0,1.2252,3041,0,0,0,0,0,0,0,0,0,0,0,0,0,0,0,0,0,0,0,0,0
3883008,1896,0,10,0,1,0,9,-0.00947,0.0,1.3381,2934,0,0,0,0,0,0,0,0,0,0,0,0,0,0,0,0,0,0,0,0,0
3885056,1897,0,10,0,1,0,9,-0.00976,0.0,1.3869,3258,0,0,0,0,0,0,0,0,0,0,0,0,0,0,0,0,0,0,0,0,0
3887104,1898,0,12,0,0,0,12,-0.01057,0.0,1.2363,2996,0,0,0,0,0,0,0,0,0,0,0,0,0,0,0,0,0,0,0,0,0
3889152,1899,0,12,0,1,0,11,-0.00822,0.0,1.3182,3089,0,0,0,0,0,0,0,0,0,0,0,0,0,0,0,0,0,0,0,0,0
3891200,1900,0,11,0,3,0,8,-0.0124,0.0,1.3606,3222,0,0,0,0,0,0,0,0,0,0,0,0,0,0,0,0,0,0,0,0,0
3893248,1901,0,13,0,1,0,12,-0.01079,0.0,1.3343,3257,0,0,0,0,0,0,0,0,0,0,0,0,0,0,0,0,0,0,0,0,0
3895296,1902,0,9,0,1,0,8,-0.00873,0.0,1.3854,3146,0,0,0,0,0,0,0,0,0,0,0,0,0,0,0,0,0,0,0,0,0
3897344,1903,0,12,0,1,0,11,-0.01007,0.0,1.3297,3305,0,0,0,0,0,0,0,0,0,0,0,0,0,0,0,0,0,0,0,0,0
3899392,1904,0,11,0,1,0,10,-0.01238,0.0,1.3531,3102,0,0,0,0,0,0,0,0,0,0,0,0,0,0,0,0,0,0,0,0,0
3901440,1905,0,12,0,2,0,10,-0.00982,0.0,1.31,3308,0,0,0,0,0,0,0,0,0,0,0,0,0,0,0,0,0,0,0,0,0
3903488,1906,0,12,0,1,0,11,-0.01162,0.0,1.3204,2879,0,0,0,0,0,0,0,0,0,0,0,0,0,0,0,0,0,0,0,0,0
3905536,1907,0,10,0,1,0,9,-0.01168,0.0,1.359,3283,0,0,0,0,0,0,0,0,0,0,0,0,0,0,0,0,0,0,0,0,0
3907584,1908,0,10,0,0,0,10,-0.00813,0.0,1.3485,3280,0,0,0,0,0,0,0,0,0,0,0,0,0,0,0,0,0,0,0,0,0
3909632,1909,0,11,0,1,0,10,-0.00723,0.0,1.3261,3380,0,0,0,0,0,0,0,0,0,0,0,0,0,0,0,0,0,0,0,0,0
3911680,1910,0,9,0,0,0,9,-0.00777,0.0,1.3082,3406,0,0,0,0,0,0,0,0,0,0,0,0,0,0,0,0,0,0,0,0,0
3913728,1911,0,13,0,1,0,12,-0.00862,0.0,1.3015,3170,0,0,0,0,0,0,0,0,0,0,0,0,0,0,0,0,0,0,0,0,0
3915776,1912,0,11,0,0,0,11,-0.00889,0.0,1.3501,3479,0,0,0,0,0,0,0,0,0,0,0,0,0,0,0,0,0,0,0,0,0
3917824,1913,0,10,0,1,0,9,-0.01125,0.0,1.3903,3146,0,0,0,0,0,0,0,0,0,0,0,0,0,0,0,0,0,0,0,0,0
3919872,1914,0,12,0,0,0,12,-0.01072,0.0,1.384,2987,0,0,0,0,0,0,0,0,0,0,0,0,0,0,0,0,0,0,0,0,0
3921920,1915,0,11,0,1,0,10,-0.00813,0.0,1.282,3196,0,0,0,0,0,0,0,0,0,0,0,0,0,0,0,0,0,0,0,0,0
3923968,1916,0,10,0,1,0,9,-0.00555,0.0,1.271,3177,0,0,0,0,0,0,0,0,0,0,0,0,0,0,0,0,0,0,0,0,0
3926016,1917,0,12,0,1,0,11,-0.0088,0.0,1.2836,3162,0,0,0,0,0,0,0,0,0,0,0,0,0,0,0,0,0,0,0,0,0
3928064,1918,0,11,0,1,0,10,-0.00858,0.0,1.3177,3257,0,0,0,0,0,0,0,0,0,0,0,0,0,0,0,0,0,0,0,0,0
3930112,1919,0,11,0,2,0,9,-0.00499,0.0,1.3199,2864,0,0,0,0,0,0,0,0,0,0,0,0,0,0,0,0,0,0,0,0,0
3932160,1920,0,11,0,1,0,10,-0.00979,0.0,1.3577,3142,0,0,0,0,0,0,0,0,0,0,0,0,0,0,0,0,0,0,0,0,0
3934208,1921,0,11,0,1,0,10,-0.01028,0.0,1.2843,3068,0,0,0,0,0,0,0,0,0,0,0,0,0,0,0,0,0,0,0,0,0
3936256,1922,0,10,0,1,0,9,-0.00474,0.0,1.3235,3140,0,0,0,0,0,0,0,0,0,0,0,0,0,0,0,0,0,0,0,0,0
3938304,1923,0,12,0,1,0,11,-0.00984,0.0,1.2757,3152,0,0,0,0,0,0,0,0,0,0,0,0,0,0,0,0,0,0,0,0,0
3940352,1924,0,13,0,1,0,12,-0.00931,0.0,1.3138,3328,0,0,0,0,0,0,0,0,0,0,0,0,0,0,0,0,0,0,0,0,0
3942400,1925,0,9,0,3,0,6,-0.01072,0.0,1.3508,3010,0,0,0,0,0,0,0,0,0,0,0,0,0,0,0,0,0,0,0,0,0
3944448,1926,0,12,0,1,0,11,-0.00863,1e-05,1.2272,2863,0,0,0,0,0,0,0,0,0,0,0,0,0,0,0,0,0,0,0,0,0
3946496,1927,0,12,0,0,0,12,-0.00976,0.0,1.3039,3096,0,0,0,0,0,0,0,0,0,0,0,0,0,0,0,0,0,0,0,0,0
3948544,1928,0,8,0,1,0,7,-0.00874,0.0,1.3868,3197,0,0,0,0,0,0,0,0,0,0,0,0,0,0,0,0,0,0,0,0,0
3950592,1929,0,13,0,1,0,12,-0.012,0.0,1.3519,3100,0,0,0,0,0,0,0,0,0,0,0,0,0,0,0,0,0,0,0,0,0
3952640,1930,0,11,0,2,0,9,-0.01114,0.0,1.2539,2906,0,0,0,0,0,0,0,0,0,0,0,0,0,0,0,0,0,0,0,0,0
3954688,1931,0,10,0,0,0,10,-0.01008,0.0,1.2972,3226,0,0,0,0,0,0,0,0,0,0,0,0,0,0,0,0,0,0,0,0,0
3956736,1932,0,13,0,2,0,11,-0.01015,0.0,1.3098,3299,0,0,0,0,0,0,0,0,0,0,0,0,0,0,0,0,0,0,0,0,0
3958784,1933,0,10,0,1,0,9,-0.00515,0.0,1.2828,3288,0,0,0,0,0,0,0,0,0,0,0,0,0,0,0,0,0,0,0,0,0
3960832,1934,0,12,0,2,0,10,-0.00886,0.0,1.2798,2953,0,0,0,0,0,0,0,0,0,0,0,0,0,0,0,0,0,0,0,0,0
3962880,1935,0,11,0,2,0,9,-0.00799,0.0,1.3584,2668,0,0,0,0,0,0,0,0,0,0,0,0,0,0,0,0,0,0,0,0,0
3964928,1936,0,13,0,3,0,10,-0.01322,0.0,1.3532,3254,0,0,0,0,0,0,0,0,0,0,0,0,0,0,0,0,0,0,0,0,0
3966976,1937,0,10,0,1,0,9,-0.01043,0.0,1.2845,3084,0,0,0,0,0,0,0,0,0,0,0,0,0,0,0,0,0,0,0,0,0
3969024,1938,0,12,0,0,0,12,-0.01102,0.0,1.3878,3317,0,0,0,0,0,0,0,0,0,0,0,0,0,0,0,0,0,0,0,0,0
3971072,1939,0,11,0,2,0,9,-0.00916,0.0,1.3835,3312,0,0,0,0,0,0,0,0,0,0,0,0,0,0,0,0,0,0,0,0,0
3973120,1940,0,10,0,1,0,9,-0.01119,0.0,1.4426,3044,0,0,0,0,0,0,0,0,0,0,0,0,0,0,0,0,0,0,0,0,0
3975168,1941,0,14,0,2,0,12,-0.01072,0.0,1.4275,2850,0,0,0,0,0,0,0,0,0,0,0,0,0,0,0,0,0,0,0,0,0
3977216,1942,0,9,0,0,0,9,-0.01029,0.0,1.4266,2595,0,0,0,0,0,0,0,0,0,0,0,0,0,0,0,0,0,0,0,0,0
3979264,1943,0,13,0,2,0,11,-0.0111,0.0,1.4155,2594,0,0,0,0,0,0,0,0,0,0,0,0,0,0,0,0,0,0,0,0,0
3981312,1944,0,12,0,2,1,9,-0.0103,0.0,1.3198,2771,0,0,0,0,0,0,0,0,0,0,0,0,0,0,0,0,0,0,0,0,0
3983360,1945,0,10,0,1,0,9,-0.00861,0.0,1.2096,3176,0,0,0,0,0,0,0,0,0,0,0,0,0,0,0,0,0,0,0,0,0
3985408,1946,0,12,0,4,0,8,-0.01146,0.0,1.2737,3366,0,0,0,0,0,0,0,0,0,0,0,0,0,0,0,0,0,0,0,0,0
3987456,1947,0,11,0,0,0,11,-0.00883,0.0,1.1892,2958,0,0,0,0,0,0,0,0,0,0,0,0,0,0,0,0,0,0,0,0,0
3989504,1948,0,12,0,0,0,12,-0.00838,0.0,1.2574,2752,0,0,0,0,0,0,0,0,0,0,0,0,0,0,0,0,0,0,0,0,0
3991552,1949,0,13,0,4,0,9,-0.00786,0.0,1.2449,3248,0,0,0,0,0,0,0,0,0,0,0,0,0,0,0,0,0,0,0,0,0
3993600,1950,0,11,0,2,0,9,-0.0108,0.0,1.3233,3305,0,0,0,0,0,0,0,0,0,0,0,0,0,0,0,0,0,0,0,0,0
3995648,1951,0,10,0,0,0,10,-0.00835,1e-05,1.204,3276,0,0,0,0,0,0,0,0,0,0,0,0,0,0,0,0,0,0,0,0,0
3997696,1952,0,13,0,1,0,12,-0.00972,0.0,1.2362,2874,0,0,0,0,0,0,0,0,0,0,0,0,0,0,0,0,0,0,0,0,0
3999744,1953,0,10,0,1,0,9,-0.00927,0.0,1.1932,3186,0,0,0,0,0,0,0,0,0,0,0,0,0,0,0,0,0,0,0,0,0
4001792,1954,0,9,0,0,0,9,-0.01036,0.0,1.325,3362,0,0,0,0,0,0,0,0,0,0,0,0,0,0,0,0,0,0,0,0,0
4003840,1955,0,13,0,0,0,13,-0.01089,0.0,1.3124,2976,0,0,0,0,0,0,0,0,0,0,0,0,0,0,0,0,0,0,0,0,0
4005888,1956,0,9,0,0,0,9,-0.008,0.0,1.3078,2794,0,0,0,0,0,0,0,0,0,0,0,0,0,0,0,0,0,0,0,0,0
4007936,1957,0,10,0,0,0,10,-0.00972,0.0,1.2962,2836,0,0,0,0,0,0,0,0,0,0,0,0,0,0,0,0,0,0,0,0,0
4009984,1958,0,10,0,0,0,10,-0.00855,0.0,1.2944,3143,0,0,0,0,0,0,0,0,0,0,0,0,0,0,0,0,0,0,0,0,0
4012032,1959,0,9,0,0,0,9,-0.01158,0.0,1.3606,2835,0,0,0,0,0,0,0,0,0,0,0,0,0,0,0,0,0,0,0,0,0
4014080,1960,0,14,0,1,0,13,-0.00972,0.0,1.3568,2371,0,0,0,0,0,0,0,0,0,0,0,0,0,0,0,0,0,0,0,0,0
4016128,1961,0,10,0,0,0,10,-0.0083,0.0,1.2783,2844,0,0,0,0,0,0,0,0,0,0,0,0,0,0,0,0,0,0,0,0,0
4018176,1962,0,9,0,1,0,8,-0.01047,0.0,1.3035,2923,0,0,0,0,0,0,0,0,0,0,0,0,0,0,0,0,0,0,0,0,0
4020224,1963,0,14,1,1,0,12,-0.00319,0.00028,1.3327,2653,0,0,0,0,0,0,0,0,0,0,0,0,0,0,0,0,0,0,0,0,0
4022272,1964,0,11,0,1,0,10,-0.00939,1e-05,1.3218,2801,0,0,0,0,0,0,0,0,0,0,0,0,0,0,0,0,0,0,0,0,0
4024320,1965,0,9,0,1,0,8,-0.0117,1e-05,1.389,3279,0,0,0,0,0,0,0,0,0,0,0,0,0,0,0,0,0,0,0,0,0
4026368,1966,0,14,0,0,0,14,-0.01161,0.0,1.2891,3066,0,0,0,0,0,0,0,0,0,0,0,0,0,0,0,0,0,0,0,0,0
4028416,1967,0,10,0,0,0,10,-0.00989,0.0,1.2635,2862,0,0,0,0,0,0,0,0,0,0,0,0,0,0,0,0,0,0,0,0,0
4030464,1968,0,11,0,2,1,8,-0.00959,0.0,1.3569,3010,0,0,0,0,0,0,0,0,0,0,0,0,0,0,0,0,0,0,0,0,0
4032512,1969,0,11,0,0,0,11,-0.00929,0.0,1.3536,3149,0,0,0,0,0,0,0,0,0,0,0,0,0,0,0,0,0,0,0,0,0
4034560,1970,0,11,0,0,0,11,-0.01184,0.0,1.4341,3155,0,0,0,0,0,0,0,0,0,0,0,0,0,0,0,0,0,0,0,0,0
4036608,1971,0,10,0,0,0,10,-0.0095,0.0,1.3674,2782,0,0,0,0,0,0,0,0,0,0,0,0,0,0,0,0,0,0,0,0,0
4038656,1972,0,12,0,1,0,11,-0.00962,0.0,1.4174,3045,0,0,0,0,0,0,0,0,0,0,0,0,0,0,0,0,0,0,0,0,0
4040704,1973,0,11,0,0,0,11,-0.01215,0.0,1.3868,2897,0,0,0,0,0,0,0,0,0,0,0,0,0,0,0,0,0,0,0,0,0
4042752,1974,0,9,0,0,0,9,-0.00889,0.0,1.3751,2843,0,0,0,0,0,0,0,0,0,0,0,0,0,0,0,0,0,0,0,0,0
4044800,1975,0,12,0,0,0,12,-0.0108,0.0,1.3723,3383,0,0,0,0,0,0,0,0,0,0,0,0,0,0,0,0,0,0,0,0,0
4046848,1976,0,12,0,2,0,10,-0.01249,0.0,1.354,3213,0,0,0,0,0,0,0,0,0,0,0,0,0,0,0,0,0,0,0,0,0
4048896,1977,0,8,0,1,0,7,-0.00926,0.0,1.3392,3092,0,0,0,0,0,0,0,0,0,0,0,0,0,0,0,0,0,0,0,0,0
4050944,1978,0,14,0,2,0,12,-0.01172,0.0,1.301,2945,0,0,0,0,0,0,0,0,0,0,0,0,0,0,0,0,0,0,0,0,0
4052992,1979,0,13,0,1,0,12,-0.01229,0.0,1.3972,3008,0,0,0,0,0,0,0,0,0,0,0,0,0,0,0,0,0,0,0,0,0
4055040,1980,0,10,0,3,1,6,-0.00976,0.0,1.312,2893,0,0,0,0,0,0,0,0,0,0,0,0,0,0,0,0,0,0,0,0,0
4057088,1981,0,12,0,1,0,11,-0.01064,0.0,1.2759,3360,0,0,0,0,0,0,0,0,0,0,0,0,0,0,0,0,0,0,0,0,0
4059136,1982,0,9,0,1,0,8,-0.00883,0.0,1.2932,3044,0,0,0,0,0,0,0,0,0,0,0,0,0,0,0,0,0,0,0,0,0
4061184,1983,0,12,0,1,0,11,-0.01118,0.0,1.1753,3083,0,0,0,0,0,0,0,0,0,0,0,0,0,0,0,0,0,0,0,0,0
4063232,1984,0,11,0,1,0,10,-0.0089,0.0,1.1647,2796,0,0,0,0,0,0,0,0,0,0,0,0,0,0,0,0,0,0,0,0,0
4065280,1985,0,10,0,1,0,9,-0.01008,0.0,1.1714,2922,0,0,0,0,0,0,0,0,0,0,0,0,0,0,0,0,0,0,0,0,0
4067328,1986,0,13,0,0,0,13,-0.00874,0.0,1.1288,2849,0,0,0,0,0,0,0,0,0,0,0,0,0,0,0,0,0,0,0,0,0
4069376,1987,0,10,0,0,0,10,-0.01122,0.0,1.1267,2812,0,0,0,0,0,0,0,0,0,0,0,0,0,0,0,0,0,0,0,0,0
4071424,1988,0,9,0,0,0,9,-0.00901,0.0,1.0205,2851,0,0,0,0,0,0,0,0,0,0,0,0,0,0,0,0,0,0,0,0,0
4073472,1989,0,13,0,0,0,13,-0.00939,0.0,1.0737,3105,0,0,0,0,0,0,0,0,0,0,0,0,0,0,0,0,0,0,0,0,0
4075520,1990,0,10,0,0,0,10,-0.00976,0.0,1.0691,2956,0,0,0,0,0,0,0,0,0,0,0,0,0,0,0,0,0,0,0,0,0
4077568,1991,0,12,0,6,0,6,-0.00945,0.0,1.15,3055,0,0,0,0,0,0,0,0,0,0,0,0,0,0,0,0,0,0,0,0,0
4079616,1992,0,15,0,1,0,14,-0.00854,0.0,1.1365,3315,0,0,0,0,0,0,0,0,0,0,0,0,0,0,0,0,0,0,0,0,0
4081664,1993,0,8,0,0,0,8,-0.01091,0.0,1.1118,3315,0,0,0,0,0,0,0,0,0,0,0,0,0,0,0,0,0,0,0,0,0
4083712,1994,0,10,0,1,0,9,-0.00989,0.0,1.2289,3043,0,0,0,0,0,0,0,0,0,0,0,0,0,0,0,0,0,0,0,0,0
4085760,1995,0,14,0,1,0,13,-0.00933,0.0,1.1478,3022,0,0,0,0,0,0,0,0,0,0,0,0,0,0,0,0,0,0,0,0,0
4087808,1996,0,7,0,0,0,7,-0.01215,0.0,1.0886,3220,0,0,0,0,0,0,0,0,0,0,0,0,0,0,0,0,0,0,0,0,0
4089856,1997,0,13,0,2,0,11,-0.01092,0.0,1.0534,3236,0,0,0,0,0,0,0,0,0,0,0,0,0,0,0,0,0,0,0,0,0
4091904,1998,0,14,0,2,0,12,-0.01006,0.0,1.0659,3102,0,0,0,0,0,0,0,0,0,0,0,0,0,0,0,0,0,0,0,0,0
4093952,1999,0,11,0,3,0,8,-0.01042,0.0,1.0455,3185,0,0,0,0,0,0,0,0,0,0,0,0,0,0,0,0,0,0,0,0,0
4096000,2000,0,11,0,1,0,10,-0.01119,0.0,1.0445,3111,0,0,0,0,0,0,0,0,0,0,0,0,0,0,0,0,0,0,0,0,0
4098048,2001,0,12,0,2,0,10,-0.01336,0.0,1.175,2790,0,0,0,0,0,0,0,0,0,0,0,0,0,0,0,0,0,0,0,0,0
4100096,2002,0,10,0,0,0,10,-0.01286,0.0,1.2133,3105,0,0,0,0,0,0,0,0,0,0,0,0,0,0,0,0,0,0,0,0,0
4102144,2003,0,12,0,1,0,11,-0.0096,0.0,1.1987,2753,0,0,0,0,0,0,0,0,0,0,0,0,0,0,0,0,0,0,0,0,0
4104192,2004,0,9,0,0,0,9,-0.01005,0.0,1.2611,3304,0,0,0,0,0,0,0,0,0,0,0,0,0,0,0,0,0,0,0,0,0
4106240,2005,0,13,0,2,0,11,-0.01011,0.0,1.0813,3427,0,0,0,0,0,0,0,0,0,0,0,0,0,0,0,0,0,0,0,0,0
4108288,2006,0,10,0,0,0,10,-0.00896,0.0,1.1072,3129,0,0,0,0,0,0,0,0,0,0,0,0,0,0,0,0,0,0,0,0,0
4110336,2007,0,10,0,0,0,10,-0.00747,0.0,1.1343,2970,0,0,0,0,0,0,0,0,0,0,0,0,0,0,0,0,0,0,0,0,0
4112384,2008,0,12,0,1,0,11,-0.00889,0.0,1.071,3340,0,0,0,0,0,0,0,0,0,0,0,0,0,0,0,0,0,0,0,0,0
4114432,2009,0,11,0,0,0,11,-0.01189,0.0,1.1172,3067,0,0,0,0,0,0,0,0,0,0,0,0,0,0,0,0,0,0,0,0,0
4116480,2010,0,11,0,2,0,9,-0.0095,0.0,1.1372,3221,0,0,0,0,0,0,0,0,0,0,0,0,0,0,0,0,0,0,0,0,0
4118528,2011,0,9,0,0,0,9,-0.01029,0.0,1.1705,3008,0,0,0,0,0,0,0,0,0,0,0,0,0,0,0,0,0,0,0,0,0
4120576,2012,0,13,0,2,0,11,-0.01148,0.0,1.3284,2632,0,0,0,0,0,0,0,0,0,0,0,0,0,0,0,0,0,0,0,0,0
4122624,2013,0,11,0,2,0,9,-0.00996,0.0,1.3215,3129,0,0,0,0,0,0,0,0,0,0,0,0,0,0,0,0,0,0,0,0,0
4124672,2014,0,9,0,0,0,9,-0.01048,0.0,1.301,3302,0,0,0,0,0,0,0,0,0,0,0,0,0,0,0,0,0,0,0,0,0
4126720,2015,0,13,0,1,0,12,-0.00976,0.0,1.3811,3025,0,0,0,0,0,0,0,0,0,0,0,0,0,0,0,0,0,0,0,0,0
4128768,2016,0,11,0,1,0,10,-0.00952,0.0,1.4099,3141,0,0,0,0,0,0,0,0,0,0,0,0,0,0,0,0,0,0,0,0,0
4130816,2017,0,11,0,2,0,9,-0.01118,0.0,1.3654,3167,0,0,0,0,0,0,0,0,0,0,0,0,0,0,0,0,0,0,0,0,0
4132864,2018,0,13,0,2,0,11,-0.00958,0.0,1.4103,2724,0,0,0,0,0,0,0,0,0,0,0,0,0,0,0,0,0,0,0,0,0
4134912,2019,0,9,0,1,1,7,-0.00891,0.0,1.3363,2823,0,0,0,0,0,0,0,0,0,0,0,0,0,0,0,0,0,0,0,0,0
4136960,2020,0,13,0,3,0,10,-0.00927,0.0,1.3234,3252,0,0,0,0,0,0,0,0,0,0,0,0,0,0,0,0,0,0,0,0,0
4139008,2021,0,11,0,3,0,8,-0.01015,0.0,1.2435,2857,0,0,0,0,0,0,0,0,0,0,0,0,0,0,0,0,0,0,0,0,0
4141056,2022,0,11,0,0,1,10,-0.01041,0.0,1.2921,2760,0,0,0,0,0,0,0,0,0,0,0,0,0,0,0,0,0,0,0,0,0
4143104,2023,0,11,0,0,1,10,-0.01004,0.0,1.3944,2737,0,0,0,0,0,0,0,0,0,0,0,0,0,0,0,0,0,0,0,0,0
4145152,2024,0,11,0,1,0,10,-0.0084,0.0,1.3467,2873,0,0,0,0,0,0,0,0,0,0,0,0,0,0,0,0,0,0,0,0,0
4147200,2025,0,9,0,1,0,8,-0.01227,0.0,1.3689,2964,0,0,0,0,0,0,0,0,0,0,0,0,0,0,0,0,0,0,0,0,0
4149248,2026,0,14,0,2,0,12,-0.01183,0.0,1.395,2784,0,0,0,0,0,0,0,0,0,0,0,0,0,0,0,0,0,0,0,0,0
4151296,2027,0,11,0,0,0,11,-0.00964,0.0,1.4286,2839,0,0,0,0,0,0,0,0,0,0,0,0,0,0,0,0,0,0,0,0,0
4153344,2028,0,10,0,1,0,9,-0.01085,0.0,1.4261,3068,0,0,0,0,0,0,0,0,0,0,0,0,0,0,0,0,0,0,0,0,0
4155392,2029,0,13,0,2,0,11,-0.0104,0.0,1.5038,2898,0,0,0,0,0,0,0,0,0,0,0,0,0,0,0,0,0,0,0,0,0
4157440,2030,0,12,0,2,1,9,-0.01244,0.0,1.456,2872,0,0,0,0,0,0,0,0,0,0,0,0,0,0,0,0,0,0,0,0,0
4159488,2031,0,8,0,0,0,8,-0.0101,0.0,1.4077,2808,0,0,0,0,0,0,0,0,0,0,0,0,0,0,0,0,0,0,0,0,0
4161536,2032,0,15,0,2,0,13,-0.00947,0.0,1.3986,2796,0,0,0,0,0,0,0,0,0,0,0,0,0,0,0,0,0,0,0,0,0
4163584,2033,0,11,0,1,0,10,-0.01382,0.0,1.4195,3271,0,0,0,0,0,0,0,0,0,0,0,0,0,0,0,0,0,0,0,0,0
4165632,2034,0,9,0,0,0,9,-0.00841,0.0,1.476,3347,0,0,0,0,0,0,0,0,0,0,0,0,0,0,0,0,0,0,0,0,0
4167680,2035,0,15,0,2,0,13,-0.01053,0.0,1.4554,3103,0,0,0,0,0,0,0,0,0,0,0,0,0,0,0,0,0,0,0,0,0
4169728,2036,0,10,0,4,0,6,-0.01158,0.0,1.4024,2918,0,0,0,0,0,0,0,0,0,0,0,0,0,0,0,0,0,0,0,0,0
4171776,2037,0,14,0,2,0,12,-0.00945,0.0,1.4116,2543,0,0,0,0,0,0,0,0,0,0,0,0,0,0,0,0,0,0,0,0,0
4173824,2038,0,9,0,0,1,8,-0.00876,0.0,1.3928,2975,0,0,0,0,0,0,0,0,0,0,0,0,0,0,0,0,0,0,0,0,0
4175872,2039,0,11,0,2,0,9,-0.00911,0.0,1.3995,2943,0,0,0,0,0,0,0,0,0,0,0,0,0,0,0,0,0,0,0,0,0
4177920,2040,0,15,0,1,0,14,-0.01107,0.0,1.3426,3218,0,0,0,0,0,0,0,0,0,0,0,0,0,0,0,0,0,0,0,0,0
4179968,2041,0,9,0,1,0,8,-0.01075,0.0,1.3178,3195,0,0,0,0,0,0,0,0,0,0,0,0,0,0,0,0,0,0,0,0,0
4182016,2042,0,12,0,4,0,8,-0.01058,0.0,1.2845,3133,0,0,0,0,0,0,0,0,0,0,0,0,0,0,0,0,0,0,0,0,0
4184064,2043,0,13,0,0,0,13,-0.01036,0.0,1.4269,3090,0,0,0,0,0,0,0,0,0,0,0,0,0,0,0,0,0,0,0,0,0
4186112,2044,0,13,0,4,0,9,-0.01036,0.0,1.4117,2759,0,0,0,0,0,0,0,0,0,0,0,0,0,0,0,0,0,0,0,0,0
4188160,2045,0,9,0,2,1,6,-0.0102,0.0,1.4086,2963,0,0,0,0,0,0,0,0,0,0,0,0,0,0,0,0,0,0,0,0,0
4190208,2046,0,13,0,0,0,13,-0.00959,0.0,1.3483,3211,0,0,0,0,0,0,0,0,0,0,0,0,0,0,0,0,0,0,0,0,0
4192256,2047,0,10,0,2,0,8,-0.00783,0.0,1.3662,3136,0,0,0,0,0,0,0,0,0,0,0,0,0,0,0,0,0,0,0,0,0
4194304,2048,0,11,0,0,0,11,-0.00336,0.0,1.3487,2999,0,0,0,0,0,0,0,0,0,0,0,0,0,0,0,0,0,0,0,0,0
4196352,2049,0,13,0,2,0,11,-0.00897,0.0,1.3757,3058,0,0,0,0,0,0,0,0,0,0,0,0,0,0,0,0,0,0,0,0,0
4198400,2050,0,11,0,3,0,8,-0.01201,0.0,1.3972,3140,0,0,0,0,0,0,0,0,0,0,0,0,0,0,0,0,0,0,0,0,0
4200448,2051,0,12,0,1,0,11,-0.00878,0.0,1.3109,3026,0,0,0,0,0,0,0,0,0,0,0,0,0,0,0,0,0,0,0,0,0
4202496,2052,0,11,0,2,0,9,-0.00737,0.0,1.3514,2747,0,0,0,0,0,0,0,0,0,0,0,0,0,0,0,0,0,0,0,0,0
4204544,2053,0,12,0,1,0,11,-0.00803,0.0,1.334,3172,0,0,0,0,0,0,0,0,0,0,0,0,0,0,0,0,0,0,0,0,0
4206592,2054,0,11,0,3,0,8,-0.00884,0.0,1.3667,2843,0,0,0,0,0,0,0,0,0,0,0,0,0,0,0,0,0,0,0,0,0
4208640,2055,0,14,0,2,0,12,-0.00974,0.0,1.3121,2782,0,0,0,0,0,0,0,0,0,0,0,0,0,0,0,0,0,0,0,0,0
4210688,2056,0,11,0,1,0,10,-0.00662,0.0,1.2262,3006,0,0,0,0,0,0,0,0,0,0,0,0,0,0,0,0,0,0,0,0,0
4212736,2057,0,11,0,1,0,10,-0.00766,0.0,1.2588,2750,0,0,0,0,0,0,0,0,0,0,0,0,0,0,0,0,0,0,0,0,0
4214784,2058,0,12,0,2,0,10,-0.01113,0.0,1.1951,3096,0,0,0,0,0,0,0,0,0,0,0,0,0,0,0,0,0,0,0,0,0
4216832,2059,0,11,0,2,0,9,-0.00938,0.0,1.0706,3049,0,0,0,0,0,0,0,0,0,0,0,0,0,0,0,0,0,0,0,0,0
4218880,2060,0,13,0,0,0,13,-0.00759,0.0,1.3338,2909,0,0,0,0,0,0,0,0,0,0,0,0,0,0,0,0,0,0,0,0,0
4220928,2061,0,8,0,0,1,7,-0.01197,0.0,1.341,2792,0,0,0,0,0,0,0,0,0,0,0,0,0,0,0,0,0,0,0,0,0
4222976,2062,0,12,0,2,0,10,-0.01302,0.0,1.2685,3004,0,0,0,0,0,0,0,0,0,0,0,0,0,0,0,0,0,0,0,0,0
4225024,2063,0,14,0,1,1,12,-0.0091,0.0,1.2182,2868,0,0,0,0,0,0,0,0,0,0,0,0,0,0,0,0,0,0,0,0,0
4227072,2064,0,10,0,2,0,8,-0.00833,0.0,1.2312,2841,0,0,0,0,0,0,0,0,0,0,0,0,0,0,0,0,0,0,0,0,0
4229120,2065,0,9,0,1,0,8,-0.00898,0.0,1.1917,3117,0,0,0,0,0,0,0,0,0,0,0,0,0,0,0,0,0,0,0,0,0
4231168,2066,0,15,0,1,0,14,-0.0112,0.0,1.2608,3231,0,0,0,0,0,0,0,0,0,0,0,0,0,0,0,0,0,0,0,0,0
4233216,2067,0,10,0,0,0,10,-0.00685,1e-05,1.2583,2908,0,0,0,0,0,0,0,0,0,0,0,0,0,0,0,0,0,0,0,0,0
4235264,2068,0,11,0,3,0,8,-0.01185,1e-05,1.2745,3046,0,0,0,0,0,0,0,0,0,0,0,0,0,0,0,0,0,0,0,0,0
4237312,2069,0,13,0,2,0,11,-0.01114,0.0,1.2804,3052,0,0,0,0,0,0,0,0,0,0,0,0,0,0,0,0,0,0,0,0,0
4239360,2070,0,14,0,1,0,13,-0.01126,0.0,1.2565,2987,0,0,0,0,0,0,0,0,0,0,0,0,0,0,0,0,0,0,0,0,0
4241408,2071,0,5,0,1,0,4,-0.01011,0.0,1.3142,2992,0,0,0,0,0,0,0,0,0,0,0,0,0,0,0,0,0,0,0,0,0
4243456,2072,0,14,0,0,0,14,-0.01316,0.0,1.324,2902,0,0,0,0,0,0,0,0,0,0,0,0,0,0,0,0,0,0,0,0,0
4245504,2073,0,14,0,2,0,12,-0.00947,0.0,1.2906,2726,0,0,0,0,0,0,0,0,0,0,0,0,0,0,0,0,0,0,0,0,0
4247552,2074,0,7,0,1,0,6,-0.01047,0.0,1.284,3124,0,0,0,0,0,0,0,0,0,0,0,0,0,0,0,0,0,0,0,0,0
4249600,2075,0,14,0,1,0,13,-0.01186,0.0,1.3017,3237,0,0,0,0,0,0,0,0,0,0,0,0,0,0,0,0,0,0,0,0,0
4251648,2076,0,12,0,3,1,8,-0.01271,0.0,1.327,2945,0,0,0,0,0,0,0,0,0,0,0,0,0,0,0,0,0,0,0,0,0
4253696,2077,0,8,0,0,0,8,-0.01041,0.0,1.1952,3035,0,0,0,0,0,0,0,0,0,0,0,0,0,0,0,0,0,0,0,0,0
4255744,2078,0,14,0,3,0,11,-0.01495,0.0,1.2076,3228,0,0,0,0,0,0,0,0,0,0,0,0,0,0,0,0,0,0,0,0,0
4257792,2079,0,12,0,1,0,11,-0.01055,0.0,1.2485,3253,0,0,0,0,0,0,0,0,0,0,0,0,0,0,0,0,0,0,0,0,0
4259840,2080,0,11,0,2,0,9,-0.01156,0.0,1.3331,2913,0,0,0,0,0,0,0,0,0,0,0,0,0,0,0,0,0,0,0,0,0
4261888,2081,0,12,0,3,0,9,-0.01065,0.0,1.3324,3110,0,0,0,0,0,0,0,0,0,0,0,0,0,0,0,0,0,0,0,0,0
4263936,2082,0,11,0,0,0,11,-0.00992,0.0,1.2936,3219,0,0,0,0,0,0,0,0,0,0,0,0,0,0,0,0,0,0,0,0,0
4265984,2083,0,10,0,0,0,10,-0.01133,0.0,1.319,3125,0,0,0,0,0,0,0,0,0,0,0,0,0,0,0,0,0,0,0,0,0
4268032,2084,0,11,0,0,0,11,-0.01039,0.0,1.3398,2871,0,0,0,0,0,0,0,0,0,0,0,0,0,0,0,0,0,0,0,0,0
4270080,2085,0,12,0,2,1,9,-0.00808,0.0,1.3428,2532,0,0,0,0,0,0,0,0,0,0,0,0,0,0,0,0,0,0,0,0,0
4272128,2086,0,12,0,2,0,10,-0.01219,0.0,1.2792,2776,0,0,0,0,0,0,0,0,0,0,0,0,0,0,0,0,0,0,0,0,0
4274176,2087,0,10,0,1,0,9,-0.01015,0.0,1.278,3091,0,0,0,0,0,0,0,0,0,0,0,0,0,0,0,0,0,0,0,0,0
4276224,2088,0,14,0,4,0,10,-0.00897,0.0,1.2783,2854,0,0,0,0,0,0,0,0,0,0,0,0,0,0,0,0,0,0,0,0,0
4278272,2089,0,9,0,0,0,9,-0.00988,0.0,1.3022,2864,0,0,0,0,0,0,0,0,0,0,0,0,0,0,0,0,0,0,0,0,0
4280320,2090,0,13,0,3,0,10,-0.01194,0.0,1.3447,2998,0,0,0,0,0,0,0,0,0,0,0,0,0,0,0,0,0,0,0,0,0
4282368,2091,0,11,0,0,0,11,-0.01176,0.0,1.3159,3171,0,0,0,0,0,0,0,0,0,0,0,0,0,0,0,0,0,0,0,0,0
4284416,2092,0,9,0,1,0,8,-0.01078,0.0,1.3077,2985,0,0,0,0,0,0,0,0,0,0,0,0,0,0,0,0,0,0,0,0,0
4286464,2093,0,14,0,2,0,12,-0.00905,0.0,1.2177,3144,0,0,0,0,0,0,0,0,0,0,0,0,0,0,0,0,0,0,0,0,0
4288512,2094,0,11,0,1,0,10,-0.01129,0.0,1.1557,3196,0,0,0,0,0,0,0,0,0,0,0,0,0,0,0,0,0,0,0,0,0
4290560,2095,0,10,0,1,0,9,-0.00879,0.0,1.1767,3272,0,0,0,0,0,0,0,0,0,0,0,0,0,0,0,0,0,0,0,0,0
4292608,2096,0,11,0,1,0,10,-0.01153,0.0,1.2451,3294,0,0,0,0,0,0,0,0,0,0,0,0,0,0,0,0,0,0,0,0,0
4294656,2097,0,11,0,0,0,11,-0.01084,0.0,1.2477,3259,0,0,0,0,0,0,0,0,0,0,0,0,0,0,0,0,0,0,0,0,0
4296704,2098,0,11,0,2,0,9,-0.01033,0.0,1.282,3026,0,0,0,0,0,0,0,0,0,0,0,0,0,0,0,0,0,0,0,0,0
4298752,2099,0,13,0,1,0,12,-0.009,0.0,1.2518,2981,0,0,0,0,0,0,0,0,0,0,0,0,0,0,0,0,0,0,0,0,0
4300800,2100,0,9,0,0,0,9,-0.01025,0.0,1.2348,3072,0,0,0,0,0,0,0,0,0,0,0,0,0,0,0,0,0,0,0,0,0
4302848,2101,0,11,0,0,0,11,-0.0076,0.0,1.2782,2889,0,0,0,0,0,0,0,0,0,0,0,0,0,0,0,0,0,0,0,0,0
4304896,2102,0,11,0,0,0,11,-0.00709,2e-05,1.2867,2995,0,0,0,0,0,0,0,0,0,0,0,0,0,0,0,0,0,0,0,0,0
4306944,2103,0,9,0,0,0,9,-0.00737,1e-05,1.2226,2739,0,0,0,0,0,0,0,0,0,0,0,0,0,0,0,0,0,0,0,0,0
4308992,2104,0,13,0,2,0,11,-0.00772,1e-05,1.1794,3032,0,0,0,0,0,0,0,0,0,0,0,0,0,0,0,0,0,0,0,0,0
4311040,2105,0,11,0,1,0,10,-0.00712,0.0,1.2136,2733,0,0,0,0,0,0,0,0,0,0,0,0,0,0,0,0,0,0,0,0,0
4313088,2106,0,13,0,4,0,9,-0.00988,0.0,1.2635,2978,0,0,0,0,0,0,0,0,0,0,0,0,0,0,0,0,0,0,0,0,0
4315136,2107,0,12,0,2,0,10,-0.01178,0.0,1.3404,3220,0,0,0,0,0,0,0,0,0,0,0,0,0,0,0,0,0,0,0,0,0
4317184,2108,0,13,0,4,0,9,-0.0124,0.0,1.3662,2936,0,0,0,0,0,0,0,0,0,0,0,0,0,0,0,0,0,0,0,0,0
4319232,2109,0,12,0,1,0,11,-0.00987,0.0,1.3213,3116,0,0,0,0,0,0,0,0,0,0,0,0,0,0,0,0,0,0,0,0,0
4321280,2110,0,11,0,1,0,10,-0.01059,0.0,1.299,3197,0,0,0,0,0,0,0,0,0,0,0,0,0,0,0,0,0,0,0,0,0
4323328,2111,0,11,0,1,0,10,-0.01261,0.0,1.3125,2909,0,0,0,0,0,0,0,0,0,0,0,0,0,0,0,0,0,0,0,0,0
4325376,2112,0,12,0,0,0,12,-0.00993,0.0,1.2663,2985,0,0,0,0,0,0,0,0,0,0,0,0,0,0,0,0,0,0,0,0,0
4327424,2113,0,9,0,2,0,7,-0.01046,0.0,1.3067,2965,0,0,0,0,0,0,0,0,0,0,0,0,0,0,0,0,0,0,0,0,0
4329472,2114,0,13,0,1,0,12,-0.0134,0.0,1.3285,2744,0,0,0,0,0,0,0,0,0,0,0,0,0,0,0,0,0,0,0,0,0
4331520,2115,0,12,0,2,0,10,-0.01395,0.0,1.3206,3149,0,0,0,0,0,0,0,0,0,0,0,0,0,0,0,0,0,0,0,0,0
4333568,2116,0,9,0,0,0,9,-0.01045,0.0,1.2633,3182,0,0,0,0,0,0,0,0,0,0,0,0,0,0,0,0,0,0,0,0,0
4335616,2117,0,12,0,0,0,12,-0.01314,0.0,1.2803,3017,0,0,0,0,0,0,0,0,0,0,0,0,0,0,0,0,0,0,0,0,0
4337664,2118,0,12,0,2,0,10,-0.0116,0.0,1.2388,3041,0,0,0,0,0,0,0,0,0,0,0,0,0,0,0,0,0,0,0,0,0
4339712,2119,0,9,0,0,0,9,-0.0105,0.0,1.2726,2804,0,0,0,0,0,0,0,0,0,0,0,0,0,0,0,0,0,0,0,0,0
4341760,2120,0,11,1,0,0,10,-0.0061,8e-05,1.2202,3085,0,0,0,0,0,0,0,0,0,0,0,0,0,0,0,0,0,0,0,0,0
4343808,2121,0,14,0,2,0,12,-0.0119,1e-05,1.2276,2803,0,0,0,0,0,0,0,0,0,0,0,0,0,0,0,0,0,0,0,0,0
4345856,2122,0,10,0,2,0,8,-0.01142,0.0,1.2176,2790,0,0,0,0,0,0,0,0,0,0,0,0,0,0,0,0,0,0,0,0,0
4347904,2123,0,10,0,0,0,10,-0.01062,0.0,1.252,2811,0,0,0,0,0,0,0,0,0,0,0,0,0,0,0,0,0,0,0,0,0
4349952,2124,0,14,0,4,0,10,-0.01244,0.0,1.2016,2815,0,0,0,0,0,0,0,0,0,0,0,0,0,0,0,0,0,0,0,0,0
4352000,2125,0,12,0,3,0,9,-0.01079,0.0,1.1522,2875,0,0,0,0,0,0,0,0,0,0,0,0,0,0,0,0,0,0,0,0,0
4354048,2126,0,14,0,2,1,11,-0.00961,0.0,1.2024,2969,0,0,0,0,0,0,0,0,0,0,0,0,0,0,0,0,0,0,0,0,0
4356096,2127,0,13,0,2,0,11,-0.01112,0.0,1.2418,3082,0,0,0,0,0,0,0,0,0,0,0,0,0,0,0,0,0,0,0,0,0
4358144,2128,0,10,0,2,1,7,-0.01182,0.0,1.2855,2749,0,0,0,0,0,0,0,0,0,0,0,0,0,0,0,0,0,0,0,0,0
4360192,2129,0,14,0,0,0,14,-0.01025,0.0,1.2425,2963,0,0,0,0,0,0,0,0,0,0,0,0,0,0,0,0,0,0,0,0,0
4362240,2130,0,12,0,4,0,8,-0.01087,0.0,1.1521,2850,0,0,0,0,0,0,0,0,0,0,0,0,0,0,0,0,0,0,0,0,0
4364288,2131,0,9,0,1,0,8,-0.01076,0.0,1.125,3013,0,0,0,0,0,0,0,0,0,0,0,0,0,0,0,0,0,0,0,0,0
4366336,2132,0,12,0,0,1,11,-0.01346,0.0,1.2245,3034,0,0,0,0,0,0,0,0,0,0,0,0,0,0,0,0,0,0,0,0,0
4368384,2133,0,13,0,3,0,10,-0.00948,0.0,1.1925,2983,0,0,0,0,0,0,0,0,0,0,0,0,0,0,0,0,0,0,0,0,0
4370432,2134,0,9,0,1,0,8,-0.01061,0.0,1.1758,2632,0,0,0,0,0,0,0,0,0,0,0,0,0,0,0,0,0,0,0,0,0
4372480,2135,0,14,0,2,0,12,-0.01094,0.0,1.2574,2998,0,0,0,0,0,0,0,0,0,0,0,0,0,0,0,0,0,0,0,0,0
4374528,2136,0,11,0,1,0,10,-0.01211,0.0,1.2552,2748,0,0,0,0,0,0,0,0,0,0,0,0,0,0,0,0,0,0,0,0,0
4376576,2137,0,10,0,1,0,9,-0.01076,0.0,1.2303,2868,0,0,0,0,0,0,0,0,0,0,0,0,0,0,0,0,0,0,0,0,0
4378624,2138,0,11,0,1,0,10,-0.011,0.0,1.2894,2763,0,0,0,0,0,0,0,0,0,0,0,0,0,0,0,0,0,0,0,0,0
4380672,2139,0,11,0,0,0,11,-0.0089,0.0,1.258,2711,0,0,0,0,0,0,0,0,0,0,0,0,0,0,0,0,0,0,0,0,0
4382720,2140,0,12,0,3,1,8,-0.01064,0.0,1.2416,2794,0,0,0,0,0,0,0,0,0,0,0,0,0,0,0,0,0,0,0,0,0
4384768,2141,0,13,0,3,0,10,-0.00841,0.0,1.2459,2646,0,0,0,0,0,0,0,0,0,0,0,0,0,0,0,0,0,0,0,0,0
4386816,2142,0,10,0,0,0,10,-0.01001,0.0,1.2694,2703,0,0,0,0,0,0,0,0,0,0,0,0,0,0,0,0,0,0,0,0,0
4388864,2143,0,12,0,3,0,9,-0.00974,0.0,1.2583,3027,0,0,0,0,0,0,0,0,0,0,0,0,0,0,0,0,0,0,0,0,0
4390912,2144,0,14,0,1,1,12,-0.01123,0.0,1.1673,2793,0,0,0,0,0,0,0,0,0,0,0,0,0,0,0,0,0,0,0,0,0
4392960,2145,0,9,0,2,0,7,-0.01098,0.0,1.3042,3006,0,0,0,0,0,0,0,0,0,0,0,0,0,0,0,0,0,0,0,0,0
4395008,2146,0,14,0,3,0,11,-0.00976,0.0,1.3497,2643,0,0,0,0,0,0,0,0,0,0,0,0,0,0,0,0,0,0,0,0,0
4397056,2147,0,13,0,2,0,11,-0.0118,0.0,1.2847,2758,0,0,0,0,0,0,0,0,0,0,0,0,0,0,0,0,0,0,0,0,0
4399104,2148,0,9,0,1,0,8,-0.01118,0.0,1.2685,2914,0,0,0,0,0,0,0,0,0,0,0,0,0,0,0,0,0,0,0,0,0
4401152,2149,0,10,0,0,0,10,-0.01247,0.0,1.2538,2991,0,0,0,0,0,0,0,0,0,0,0,0,0,0,0,0,0,0,0,0,0
4403200,2150,0,12,0,0,0,12,-0.01056,0.0,1.1488,3025,0,0,0,0,0,0,0,0,0,0,0,0,0,0,0,0,0,0,0,0,0
4405248,2151,0,10,0,2,0,8,-0.01014,0.0,1.2017,3014,0,0,0,0,0,0,0,0,0,0,0,0,0,0,0,0,0,0,0,0,0
4407296,2152,0,12,0,2,0,10,-0.01001,0.0,1.2338,3025,0,0,0,0,0,0,0,0,0,0,0,0,0,0,0,0,0,0,0,0,0
4409344,2153,0,13,0,2,0,11,-0.00873,0.0,1.1532,2703,0,0,0,0,0,0,0,0,0,0,0,0,0,0,0,0,0,0,0,0,0
4411392,2154,0,11,0,0,1,10,-0.01025,0.0,1.2267,2688,0,0,0,0,0,0,0,0,0,0,0,0,0,0,0,0,0,0,0,0,0
4413440,2155,0,15,0,4,1,10,-0.01165,0.0,1.233,2587,0,0,0,0,0,0,0,0,0,0,0,0,0,0,0,0,0,0,0,0,0
4415488,2156,0,8,0,0,0,8,-0.01062,0.0,1.1828,2571,0,0,0,0,0,0,0,0,0,0,0,0,0,0,0,0,0,0,0,0,0
4417536,2157,0,13,0,1,0,12,-0.01068,0.0,1.1098,2796,0,0,0,0,0,0,0,0,0,0,0,0,0,0,0,0,0,0,0,0,0
4419584,2158,0,12,0,2,0,10,-0.00936,0.0,1.1295,2826,0,0,0,0,0,0,0,0,0,0,0,0,0,0,0,0,0,0,0,0,0
4421632,2159,0,11,0,1,0,10,-0.00832,0.0,1.1878,2575,0,0,0,0,0,0,0,0,0,0,0,0,0,0,0,0,0,0,0,0,0
4423680,2160,0,14,0,2,0,12,-0.00857,0.0,1.2441,3010,0,0,0,0,0,0,0,0,0,0,0,0,0,0,0,0,0,0,0,0,0
4425728,2161,0,8,0,1,0,7,-0.00903,0.0,1.0376,2827,0,0,0,0,0,0,0,0,0,0,0,0,0,0,0,0,0,0,0,0,0
4427776,2162,0,11,0,0,1,10,-0.01221,0.0,1.1006,2837,0,0,0,0,0,0,0,0,0,0,0,0,0,0,0,0,0,0,0,0,0
4429824,2163,0,14,0,1,0,13,-0.01163,0.0,1.1458,2970,0,0,0,0,0,0,0,0,0,0,0,0,0,0,0,0,0,0,0,0,0
4431872,2164,0,9,0,2,0,7,-0.0065,0.0,1.1377,2988,0,0,0,0,0,0,0,0,0,0,0,0,0,0,0,0,0,0,0,0,0
4433920,2165,0,12,0,3,0,9,-0.01038,0.0,1.1491,2951,0,0,0,0,0,0,0,0,0,0,0,0,0,0,0,0,0,0,0,0,0
4435968,2166,0,16,0,3,0,13,-0.00929,0.0,1.1256,2902,0,0,0,0,0,0,0,0,0,0,0,0,0,0,0,0,0,0,0,0,0
4438016,2167,0,7,0,1,1,5,-0.01164,0.0,1.1636,2704,0,0,0,0,0,0,0,0,0,0,0,0,0,0,0,0,0,0,0,0,0
4440064,2168,0,14,0,1,0,13,-0.01123,0.0,1.1709,2645,0,0,0,0,0,0,0,0,0,0,0,0,0,0,0,0,0,0,0,0,0
4442112,2169,0,13,0,2,1,10,-0.00936,0.0,1.1713,2611,0,0,0,0,0,0,0,0,0,0,0,0,0,0,0,0,0,0,0,0,0
4444160,2170,0,12,0,3,1,8,-0.00901,0.0,1.1009,3008,0,0,0,0,0,0,0,0,0,0,0,0,0,0,0,0,0,0,0,0,0
4446208,2171,0,13,0,2,0,11,-0.00948,0.0,1.0288,2937,0,0,0,0,0,0,0,0,0,0,0,0,0,0,0,0,0,0,0,0,0
4448256,2172,0,13,0,1,0,12,-0.01028,0.0,1.0632,2929,0,0,0,0,0,0,0,0,0,0,0,0,0,0,0,0,0,0,0,0,0
4450304,2173,0,7,0,0,0,7,-0.00849,0.0,1.053,3000,0,0,0,0,0,0,0,0,0,0,0,0,0,0,0,0,0,0,0,0,0
4452352,2174,0,12,0,1,0,11,-0.01105,0.0,1.0986,3118,0,0,0,0,0,0,0,0,0,0,0,0,0,0,0,0,0,0,0,0,0
4454400,2175,0,14,0,3,0,11,-0.01082,0.0,1.0525,2856,0,0,0,0,0,0,0,0,0,0,0,0,0,0,0,0,0,0,0,0,0
4456448,2176,0,7,0,1,0,6,-0.01024,6e-05,0.9952,3019,0,0,0,0,0,0,0,0,0,0,0,0,0,0,0,0,0,0,0,0,0
4458496,2177,0,15,0,1,0,14,-0.00984,1e-05,0.9294,2686,0,0,0,0,0,0,0,0,0,0,0,0,0,0,0,0,0,0,0,0,0
4460544,2178,0,11,0,0,0,11,-0.01068,1e-05,0.8956,2912,0,0,0,0,0,0,0,0,0,0,0,0,0,0,0,0,0,0,0,0,0
4462592,2179,0,5,0,0,0,5,-0.01083,1e-05,0.9284,2928,0,0,0,0,0,0,0,0,0,0,0,0,0,0,0,0,0,0,0,0,0
4464640,2180,0,15,0,1,0,14,-0.00824,1e-05,0.906,3036,0,0,0,0,0,0,0,0,0,0,0,0,0,0,0,0,0,0,0,0,0
4466688,2181,0,11,0,0,0,11,-0.01067,0.0,1.0312,3057,0,0,0,0,0,0,0,0,0,0,0,0,0,0,0,0,0,0,0,0,0
4468736,2182,0,10,1,3,0,6,-0.00538,0.0003,0.8483,3023,0,0,0,0,0,0,0,0,0,0,0,0,0,0,0,0,0,0,0,0,0
4470784,2183,0,15,0,1,0,14,-0.00931,3e-05,0.926,2699,0,0,0,0,0,0,0,0,0,0,0,0,0,0,0,0,0,0,0,0,0
4472832,2184,0,6,0,1,0,5,-0.00974,1e-05,0.938,3227,0,0,0,0,0,0,0,0,0,0,0,0,0,0,0,0,0,0,0,0,0
4474880,2185,0,14,0,3,1,10,-0.01007,1e-05,1.0083,2942,0,0,0,0,0,0,0,0,0,0,0,0,0,0,0,0,0,0,0,0,0
4476928,2186,0,15,0,1,0,14,-0.013,0.0,1.1385,3189,0,0,0,0,0,0,0,0,0,0,0,0,0,0,0,0,0,0,0,0,0
4478976,2187,0,4,0,0,0,4,-0.00825,0.0,1.064,2767,0,0,0,0,0,0,0,0,0,0,0,0,0,0,0,0,0,0,0,0,0
4481024,2188,0,16,0,2,0,14,-0.01143,0.0,0.9961,2690,0,0,0,0,0,0,0,0,0,0,0,0,0,0,0,0,0,0,0,0,0
4483072,2189,0,15,0,3,1,11,-0.00869,0.0,0.9739,3032,0,0,0,0,0,0,0,0,0,0,0,0,0,0,0,0,0,0,0,0,0
4485120,2190,0,6,0,0,0,6,-0.00756,0.0,0.9497,2997,0,0,0,0,0,0,0,0,0,0,0,0,0,0,0,0,0,0,0,0,0
4487168,2191,0,16,1,4,0,11,-0.00973,3e-05,0.9135,2981,0,0,0,0,0,0,0,0,0,0,0,0,0,0,0,0,0,0,0,0,0
4489216,2192,0,13,0,1,0,12,-0.01384,0.0,1.0766,3085,0,0,0,0,0,0,0,0,0,0,0,0,0,0,0,0,0,0,0,0,0
4491264,2193,0,8,0,1,0,7,-0.01135,0.0,1.1069,3070,0,0,0,0,0,0,0,0,0,0,0,0,0,0,0,0,0,0,0,0,0
4493312,2194,0,13,0,3,0,10,-0.00923,0.0,1.1652,3031,0,0,0,0,0,0,0,0,0,0,0,0,0,0,0,0,0,0,0,0,0
4495360,2195,0,13,0,2,1,10,-0.01189,0.0,1.0321,2796,0,0,0,0,0,0,0,0,0,0,0,0,0,0,0,0,0,0,0,0,0
4497408,2196,0,8,0,1,0,7,-0.01041,0.0,1.1002,2970,0,0,0,0,0,0,0,0,0,0,0,0,0,0,0,0,0,0,0,0,0
4499456,2197,0,16,0,5,0,11,-0.0076,0.0,0.9684,2869,0,0,0,0,0,0,0,0,0,0,0,0,0,0,0,0,0,0,0,0,0
4501504,2198,0,13,0,1,0,12,-0.01147,0.0,0.9039,2944,0,0,0,0,0,0,0,0,0,0,0,0,0,0,0,0,0,0,0,0,0
4503552,2199,0,7,0,1,0,6,-0.01106,0.0,1.0504,2944,0,0,0,0,0,0,0,0,0,0,0,0,0,0,0,0,0,0,0,0,0
4505600,2200,0,14,0,2,0,12,-0.01164,0.0,0.9536,2475,0,0,0,0,0,0,0,0,0,0,0,0,0,0,0,0,0,0,0,0,0
4507648,2201,0,10,0,0,0,10,-0.00803,0.0,1.0011,2653,0,0,0,0,0,0,0,0,0,0,0,0,0,0,0,0,0,0,0,0,0
4509696,2202,0,9,0,1,0,8,-0.01248,0.0,0.9964,2832,0,0,0,0,0,0,0,0,0,0,0,0,0,0,0,0,0,0,0,0,0
4511744,2203,0,15,0,1,0,14,-0.01143,0.0,0.8347,2973,0,0,0,0,0,0,0,0,0,0,0,0,0,0,0,0,0,0,0,0,0
4513792,2204,0,6,0,0,0,6,-0.00984,0.0,0.7619,3110,0,0,0,0,0,0,0,0,0,0,0,0,0,0,0,0,0,0,0,0,0
4515840,2205,0,14,0,2,0,12,-0.01006,0.0,0.835,3067,0,0,0,0,0,0,0,0,0,0,0,0,0,0,0,0,0,0,0,0,0
4517888,2206,0,13,0,0,0,13,-0.01363,0.0,0.8381,2981,0,0,0,0,0,0,0,0,0,0,0,0,0,0,0,0,0,0,0,0,0
4519936,2207,0,7,0,0,0,7,-0.00972,0.0,0.8473,2965,0,0,0,0,0,0,0,0,0,0,0,0,0,0,0,0,0,0,0,0,0
4521984,2208,0,15,0,3,0,12,-0.00988,0.0,0.8942,2902,0,0,0,0,0,0,0,0,0,0,0,0,0,0,0,0,0,0,0,0,0
4524032,2209,0,14,0,3,0,11,-0.01154,0.0,0.9372,3085,0,0,0,0,0,0,0,0,0,0,0,0,0,0,0,0,0,0,0,0,0
4526080,2210,0,8,0,0,0,8,-0.00906,0.0,1.0615,2856,0,0,0,0,0,0,0,0,0,0,0,0,0,0,0,0,0,0,0,0,0
4528128,2211,0,11,0,1,0,10,-0.01292,0.0,1.0985,2868,0,0,0,0,0,0,0,0,0,0,0,0,0,0,0,0,0,0,0,0,0
4530176,2212,0,15,0,1,0,14,-0.01134,0.0,1.1777,2915,0,0,0,0,0,0,0,0,0,0,0,0,0,0,0,0,0,0,0,0,0
4532224,2213,0,8,0,1,0,7,-0.00926,0.0,1.1269,2712,0,0,0,0,0,0,0,0,0,0,0,0,0,0,0,0,0,0,0,0,0
4534272,2214,0,13,0,2,0,11,-0.01115,0.0,1.0743,2776,0,0,0,0,0,0,0,0,0,0,0,0,0,0,0,0,0,0,0,0,0
4536320,2215,0,11,0,1,0,10,-0.00957,0.0,1.1182,2812,0,0,0,0,0,0,0,0,0,0,0,0,0,0,0,0,0,0,0,0,0
4538368,2216,0,11,0,2,0,9,-0.01164,0.0,1.1567,2767,0,0,0,0,0,0,0,0,0,0,0,0,0,0,0,0,0,0,0,0,0
4540416,2217,0,12,0,1,0,11,-0.00922,0.0,1.1271,2851,0,0,0,0,0,0,0,0,0,0,0,0,0,0,0,0,0,0,0,0,0
4542464,2218,0,13,0,2,0,11,-0.00789,0.0,0.992,2585,0,0,0,0,0,0,0,0,0,0,0,0,0,0,0,0,0,0,0,0,0
4544512,2219,0,9,0,2,0,7,-0.00349,0.0,0.9689,3110,0,0,0,0,0,0,0,0,0,0,0,0,0,0,0,0,0,0,0,0,0
4546560,2220,0,14,0,2,0,12,-0.00963,0.0,1.1649,2594,0,0,0,0,0,0,0,0,0,0,0,0,0,0,0,0,0,0,0,0,0
4548608,2221,0,10,0,0,0,10,-0.01335,0.0,1.164,2959,0,0,0,0,0,0,0,0,0,0,0,0,0,0,0,0,0,0,0,0,0
4550656,2222,0,9,0,2,0,7,-0.00788,0.0,0.9987,3109,0,0,0,0,0,0,0,0,0,0,0,0,0,0,0,0,0,0,0,0,0
4552704,2223,0,14,0,0,0,14,-0.00791,0.0,1.0175,2893,0,0,0,0,0,0,0,0,0,0,0,0,0,0,0,0,0,0,0,0,0
4554752,2224,0,9,0,1,0,8,-0.00813,0.0,1.0602,2990,0,0,0,0,0,0,0,0,0,0,0,0,0,0,0,0,0,0,0,0,0
4556800,2225,0,11,0,1,0,10,-0.00974,0.0,1.0582,2678,0,0,0,0,0,0,0,0,0,0,0,0,0,0,0,0,0,0,0,0,0
4558848,2226,0,14,1,2,0,11,-0.00936,0.00018,1.0832,2706,0,0,0,0,0,0,0,0,0,0,0,0,0,0,0,0,0,0,0,0,0
4560896,2227,0,8,0,1,0,7,-0.00946,3e-05,1.1184,3066,0,0,0,0,0,0,0,0,0,0,0,0,0,0,0,0,0,0,0,0,0
4562944,2228,0,12,0,2,0,10,-0.01154,1e-05,1.1789,3275,0,0,0,0,0,0,0,0,0,0,0,0,0,0,0,0,0,0,0,0,0
4564992,2229,0,15,0,2,0,13,-0.01167,1e-05,1.211,3084,0,0,0,0,0,0,0,0,0,0,0,0,0,0,0,0,0,0,0,0,0
4567040,2230,0,7,0,0,0,7,-0.01085,0.0,1.1068,3165,0,0,0,0,0,0,0,0,0,0,0,0,0,0,0,0,0,0,0,0,0
4569088,2231,0,13,0,2,0,11,-0.00893,0.0,1.093,3092,0,0,0,0,0,0,0,0,0,0,0,0,0,0,0,0,0,0,0,0,0
4571136,2232,0,15,0,3,0,12,-0.01014,0.0,1.1614,3078,0,0,0,0,0,0,0,0,0,0,0,0,0,0,0,0,0,0,0,0,0
4573184,2233,0,10,0,3,1,6,-0.01125,0.0,1.1382,3180,0,0,0,0,0,0,0,0,0,0,0,0,0,0,0,0,0,0,0,0,0
4575232,2234,0,12,0,3,0,9,-0.00882,0.0,0.9782,3068,0,0,0,0,0,0,0,0,0,0,0,0,0,0,0,0,0,0,0,0,0
4577280,2235,0,14,0,1,0,13,-0.01016,0.0,0.9748,2850,0,0,0,0,0,0,0,0,0,0,0,0,0,0,0,0,0,0,0,0,0
4579328,2236,0,8,0,1,0,7,-0.01081,0.0,1.011,2932,0,0,0,0,0,0,0,0,0,0,0,0,0,0,0,0,0,0,0,0,0
4581376,2237,0,10,0,0,0,10,-0.01004,0.0,1.0562,3285,0,0,0,0,0,0,0,0,0,0,0,0,0,0,0,0,0,0,0,0,0
4583424,2238,0,16,0,5,0,11,-0.01153,0.0,1.1275,3155,0,0,0,0,0,0,0,0,0,0,0,0,0,0,0,0,0,0,0,0,0
4585472,2239,0,9,0,1,0,8,-0.01135,0.0,1.1382,3010,0,0,0,0,0,0,0,0,0,0,0,0,0,0,0,0,0,0,0,0,0
4587520,2240,0,11,0,1,0,10,-0.01107,0.0,1.1198,2759,0,0,0,0,0,0,0,0,0,0,0,0,0,0,0,0,0,0,0,0,0
4589568,2241,0,12,0,2,0,10,-0.01099,0.0,1.2241,2717,0,0,0,0,0,0,0,0,0,0,0,0,0,0,0,0,0,0,0,0,0
4591616,2242,0,11,0,1,0,10,-0.01339,0.0,1.1189,2809,0,0,0,0,0,0,0,0,0,0,0,0,0,0,0,0,0,0,0,0,0
4593664,2243,0,12,0,3,0,9,-0.00934,0.0,1.0298,2947,0,0,0,0,0,0,0,0,0,0,0,0,0,0,0,0,0,0,0,0,0
4595712,2244,0,12,0,0,0,12,-0.01054,0.0,1.1197,2705,0,0,0,0,0,0,0,0,0,0,0,0,0,0,0,0,0,0,0,0,0
4597760,2245,0,11,0,1,0,10,-0.00743,0.0,0.9732,3060,0,0,0,0,0,0,0,0,0,0,0,0,0,0,0,0,0,0,0,0,0
4599808,2246,0,10,0,1,0,9,-0.01263,0.0,1.044,2708,0,0,0,0,0,0,0,0,0,0,0,0,0,0,0,0,0,0,0,0,0
4601856,2247,0,16,0,4,0,12,-0.0112,0.0,1.0731,3075,0,0,0,0,0,0,0,0,0,0,0,0,0,0,0,0,0,0,0,0,0
4603904,2248,0,8,0,2,0,6,-0.01117,0.0,1.1698,3246,0,0,0,0,0,0,0,0,0,0,0,0,0,0,0,0,0,0,0,0,0
4605952,2249,0,11,1,0,0,10,-0.00666,0.00081,1.176,2807,0,0,0,0,0,0,0,0,0,0,0,0,0,0,0,0,0,0,0,0,0
4608000,2250,0,14,0,2,0,12,-0.01285,4e-05,1.1324,2714,0,0,0,0,0,0,0,0,0,0,0,0,0,0,0,0,0,0,0,0,0
4610048,2251,0,11,0,3,0,8,-0.00952,2e-05,1.0627,2520,0,0,0,0,0,0,0,0,0,0,0,0,0,0,0,0,0,0,0,0,0
4612096,2252,0,10,0,0,0,10,-0.0111,1e-05,1.1286,2724,0,0,0,0,0,0,0,0,0,0,0,0,0,0,0,0,0,0,0,0,0
4614144,2253,0,12,0,1,0,11,-0.01032,1e-05,1.1429,2967,0,0,0,0,0,0,0,0,0,0,0,0,0,0,0,0,0,0,0,0,0
4616192,2254,0,9,0,0,0,9,-0.00936,0.0,1.1906,2555,0,0,0,0,0,0,0,0,0,0,0,0,0,0,0,0,0,0,0,0,0
4618240,2255,0,11,0,0,0,11,-0.01063,0.0,1.2105,2671,0,0,0,0,0,0,0,0,0,0,0,0,0,0,0,0,0,0,0,0,0
4620288,2256,0,13,0,2,0,11,-0.011,0.0,1.0644,3083,0,0,0,0,0,0,0,0,0,0,0,0,0,0,0,0,0,0,0,0,0
4622336,2257,0,9,0,1,0,8,-0.00957,0.0,1.1767,2881,0,0,0,0,0,0,0,0,0,0,0,0,0,0,0,0,0,0,0,0,0
4624384,2258,0,12,0,1,0,11,-0.00945,0.0,1.1647,2912,0,0,0,0,0,0,0,0,0,0,0,0,0,0,0,0,0,0,0,0,0
4626432,2259,0,13,0,2,0,11,-0.01268,0.0,1.238,2973,0,0,0,0,0,0,0,0,0,0,0,0,0,0,0,0,0,0,0,0,0
4628480,2260,0,9,0,2,0,7,-0.01092,0.0,1.2615,2936,0,0,0,0,0,0,0,0,0,0,0,0,0,0,0,0,0,0,0,0,0
4630528,2261,0,13,0,2,0,11,-0.01285,0.0,1.1482,2776,0,0,0,0,0,0,0,0,0,0,0,0,0,0,0,0,0,0,0,0,0
4632576,2262,0,12,0,1,0,11,-0.00946,0.0,1.2856,2851,0,0,0,0,0,0,0,0,0,0,0,0,0,0,0,0,0,0,0,0,0
4634624,2263,0,8,0,0,0,8,-0.01259,0.0,1.2487,2925,0,0,0,0,0,0,0,0,0,0,0,0,0,0,0,0,0,0,0,0,0
4636672,2264,0,12,0,0,0,12,-0.01488,0.0,1.3416,3128,0,0,0,0,0,0,0,0,0,0,0,0,0,0,0,0,0,0,0,0,0
4638720,2265,0,10,0,0,0,10,-0.00974,0.0,1.2804,3257,0,0,0,0,0,0,0,0,0,0,0,0,0,0,0,0,0,0,0,0,0
4640768,2266,0,15,0,5,0,10,-0.01163,0.0,1.2651,3092,0,0,0,0,0,0,0,0,0,0,0,0,0,0,0,0,0,0,0,0,0
4642816,2267,0,13,0,3,0,10,-0.00954,0.0,1.2684,2957,0,0,0,0,0,0,0,0,0,0,0,0,0,0,0,0,0,0,0,0,0
4644864,2268,0,12,0,1,0,11,-0.01356,0.0,1.2762,3039,0,0,0,0,0,0,0,0,0,0,0,0,0,0,0,0,0,0,0,0,0
4646912,2269,0,10,0,0,1,9,-0.01212,0.0,1.2594,2903,0,0,0,0,0,0,0,0,0,0,0,0,0,0,0,0,0,0,0,0,0
4648960,2270,0,13,0,3,0,10,-0.01231,0.0,1.2623,2770,0,0,0,0,0,0,0,0,0,0,0,0,0,0,0,0,0,0,0,0,0
4651008,2271,0,11,0,2,0,9,-0.01186,0.0,1.1959,2727,0,0,0,0,0,0,0,0,0,0,0,0,0,0,0,0,0,0,0,0,0
4653056,2272,0,9,0,0,0,9,-0.00948,0.0,1.1913,2781,0,0,0,0,0,0,0,0,0,0,0,0,0,0,0,0,0,0,0,0,0
4655104,2273,0,12,0,1,0,11,-0.01329,0.0,1.2679,2778,0,0,0,0,0,0,0,0,0,0,0,0,0,0,0,0,0,0,0,0,0
4657152,2274,0,11,0,2,0,9,-0.0116,0.0,1.2973,2813,0,0,0,0,0,0,0,0,0,0,0,0,0,0,0,0,0,0,0,0,0
4659200,2275,0,12,0,3,0,9,-0.01032,0.0,1.2609,3016,0,0,0,0,0,0,0,0,0,0,0,0,0,0,0,0,0,0,0,0,0
4661248,2276,0,9,0,1,0,8,-0.01298,0.0,1.2042,2742,0,0,0,0,0,0,0,0,0,0,0,0,0,0,0,0,0,0,0,0,0
4663296,2277,0,11,0,0,0,11,-0.01151,0.0,1.2529,3004,0,0,0,0,0,0,0,0,0,0,0,0,0,0,0,0,0,0,0,0,0
4665344,2278,0,13,0,1,0,12,-0.01157,0.0,1.2145,2820,0,0,0,0,0,0,0,0,0,0,0,0,0,0,0,0,0,0,0,0,0
4667392,2279,0,9,0,2,0,7,-0.01245,0.0,1.2202,2964,0,0,0,0,0,0,0,0,0,0,0,0,0,0,0,0,0,0,0,0,0
4669440,2280,0,12,0,0,0,12,-0.01109,0.0,1.1791,3168,0,0,0,0,0,0,0,0,0,0,0,0,0,0,0,0,0,0,0,0,0
4671488,2281,0,12,0,1,0,11,-0.01041,0.0,0.9747,3236,0,0,0,0,0,0,0,0,0,0,0,0,0,0,0,0,0,0,0,0,0
4673536,2282,0,9,0,0,0,9,-0.01079,0.0,1.048,3015,0,0,0,0,0,0,0,0,0,0,0,0,0,0,0,0,0,0,0,0,0
4675584,2283,0,13,0,3,0,10,-0.0126,0.0,1.1214,2716,0,0,0,0,0,0,0,0,0,0,0,0,0,0,0,0,0,0,0,0,0
4677632,2284,0,15,0,2,0,13,-0.00966,0.0,1.1484,2517,0,0,0,0,0,0,0,0,0,0,0,0,0,0,0,0,0,0,0,0,0
4679680,2285,0,10,0,1,0,9,-0.01167,0.0,1.1088,2732,0,0,0,0,0,0,0,0,0,0,0,0,0,0,0,0,0,0,0,0,0
4681728,2286,0,11,0,1,0,10,-0.00872,0.0,1.1446,2766,0,0,0,0,0,0,0,0,0,0,0,0,0,0,0,0,0,0,0,0,0
4683776,2287,0,12,0,2,0,10,-0.009,0.0,1.0857,2702,0,0,0,0,0,0,0,0,0,0,0,0,0,0,0,0,0,0,0,0,0
4685824,2288,0,13,0,2,0,11,-0.01206,0.0,1.082,2594,0,0,0,0,0,0,0,0,0,0,0,0,0,0,0,0,0,0,0,0,0
4687872,2289,0,8,0,0,0,8,-0.01251,0.0,1.0836,2746,0,0,0,0,0,0,0,0,0,0,0,0,0,0,0,0,0,0,0,0,0
4689920,2290,0,11,0,0,0,11,-0.01082,0.0,1.0816,3048,0,0,0,0,0,0,0,0,0,0,0,0,0,0,0,0,0,0,0,0,0
4691968,2291,0,14,0,2,0,12,-0.01266,0.0,1.0901,2871,0,0,0,0,0,0,0,0,0,0,0,0,0,0,0,0,0,0,0,0,0
4694016,2292,0,8,0,2,0,6,-0.0116,0.0,1.1482,2870,0,0,0,0,0,0,0,0,0,0,0,0,0,0,0,0,0,0,0,0,0
4696064,2293,0,14,0,2,0,12,-0.01239,0.0,1.1568,3087,0,0,0,0,0,0,0,0,0,0,0,0,0,0,0,0,0,0,0,0,0
4698112,2294,0,13,0,0,0,13,-0.0097,0.0,1.1624,2796,0,0,0,0,0,0,0,0,0,0,0,0,0,0,0,0,0,0,0,0,0
4700160,2295,0,8,0,2,0,6,-0.01273,0.0,1.073,2711,0,0,0,0,0,0,0,0,0,0,0,0,0,0,0,0,0,0,0,0,0
4702208,2296,0,12,0,2,0,10,-0.01118,0.0,1.02,3062,0,0,0,0,0,0,0,0,0,0,0,0,0,0,0,0,0,0,0,0,0
4704256,2297,0,13,0,3,0,10,-0.01033,0.0,1.1432,3312,0,0,0,0,0,0,0,0,0,0,0,0,0,0,0,0,0,0,0,0,0
4706304,2298,0,10,0,1,0,9,-0.01204,0.0,1.0824,3189,0,0,0,0,0,0,0,0,0,0,0,0,0,0,0,0,0,0,0,0,0
4708352,2299,0,11,0,1,0,10,-0.01152,0.0,1.0071,3151,0,0,0,0,0,0,0,0,0,0,0,0,0,0,0,0,0,0,0,0,0
4710400,2300,0,9,0,1,0,8,-0.01124,0.0,1.1218,2998,0,0,0,0,0,0,0,0,0,0,0,0,0,0,0,0,0,0,0,0,0
4712448,2301,0,15,0,2,0,13,-0.01262,0.0,1.1345,2803,0,0,0,0,0,0,0,0,0,0,0,0,0,0,0,0,0,0,0,0,0
4714496,2302,0,12,0,2,0,10,-0.01345,2e-05,1.1546,3018,0,0,0,0,0,0,0,0,0,0,0,0,0,0,0,0,0,0,0,0,0
4716544,2303,0,12,0,5,0,7,-0.01091,0.0,1.1286,2945,0,0,0,0,0,0,0,0,0,0,0,0,0,0,0,0,0,0,0,0,0
4718592,2304,0,14,0,2,0,12,-0.01124,0.0,1.1576,2715,0,0,0,0,0,0,0,0,0,0,0,0,0,0,0,0,0,0,0,0,0
4720640,2305,0,10,0,2,0,8,-0.01201,0.0,1.1469,2603,0,0,0,0,0,0,0,0,0,0,0,0,0,0,0,0,0,0,0,0,0
4722688,2306,0,12,0,2,0,10,-0.01454,0.0,1.2205,3001,0,0,0,0,0,0,0,0,0,0,0,0,0,0,0,0,0,0,0,0,0
4724736,2307,0,15,0,2,0,13,-0.01035,0.0,1.0957,2758,0,0,0,0,0,0,0,0,0,0,0,0,0,0,0,0,0,0,0,0,0
4726784,2308,0,8,0,2,0,6,-0.01072,0.0,1.0774,2660,0,0,0,0,0,0,0,0,0,0,0,0,0,0,0,0,0,0,0,0,0
4728832,2309,0,12,0,2,0,10,-0.01363,0.0,1.1095,2814,0,0,0,0,0,0,0,0,0,0,0,0,0,0,0,0,0,0,0,0,0
4730880,2310,0,14,0,1,0,13,-0.00987,0.0,1.1233,2777,0,0,0,0,0,0,0,0,0,0,0,0,0,0,0,0,0,0,0,0,0
4732928,2311,0,9,0,3,0,6,-0.01169,0.0,1.1614,2980,0,0,0,0,0,0,0,0,0,0,0,0,0,0,0,0,0,0,0,0,0
4734976,2312,0,13,0,3,0,10,-0.01418,0.0,1.1357,3114,0,0,0,0,0,0,0,0,0,0,0,0,0,0,0,0,0,0,0,0,0
4737024,2313,0,8,0,0,0,8,-0.01066,0.0,1.0612,2848,0,0,0,0,0,0,0,0,0,0,0,0,0,0,0,0,0,0,0,0,0
4739072,2314,0,14,0,3,0,11,-0.01166,0.0,1.0871,2835,0,0,0,0,0,0,0,0,0,0,0,0,0,0,0,0,0,0,0,0,0
4741120,2315,0,14,0,1,0,13,-0.01018,0.0,1.138,2508,0,0,0,0,0,0,0,0,0,0,0,0,0,0,0,0,0,0,0,0,0
4743168,2316,0,7,0,1,0,6,-0.01259,0.0,1.1663,2755,0,0,0,0,0,0,0,0,0,0,0,0,0,0,0,0,0,0,0,0,0
4745216,2317,0,14,0,3,0,11,-0.01191,0.0,1.0366,3034,0,0,0,0,0,0,0,0,0,0,0,0,0,0,0,0,0,0,0,0,0
4747264,2318,0,12,0,1,0,11,-0.01316,0.0,1.0827,2836,0,0,0,0,0,0,0,0,0,0,0,0,0,0,0,0,0,0,0,0,0
4749312,2319,0,8,0,0,0,8,-0.00901,0.0,1.0547,2908,0,0,0,0,0,0,0,0,0,0,0,0,0,0,0,0,0,0,0,0,0
4751360,2320,0,14,0,1,0,13,-0.01097,0.0,1.1465,2756,0,0,0,0,0,0,0,0,0,0,0,0,0,0,0,0,0,0,0,0,0
4753408,2321,0,11,0,0,0,11,-0.01251,0.0,1.0375,2637,0,0,0,0,0,0,0,0,0,0,0,0,0,0,0,0,0,0,0,0,0
4755456,2322,0,8,0,0,1,7,-0.01035,0.0,0.8985,2722,0,0,0,0,0,0,0,0,0,0,0,0,0,0,0,0,0,0,0,0,0
4757504,2323,0,15,0,4,0,11,-0.00867,2e-05,0.9628,2904,0,0,0,0,0,0,0,0,0,0,0,0,0,0,0,0,0,0,0,0,0
4759552,2324,0,12,0,3,0,9,-0.01136,2e-05,1.0313,2787,0,0,0,0,0,0,0,0,0,0,0,0,0,0,0,0,0,0,0,0,0
4761600,2325,0,13,0,4,0,9,-0.01251,1e-05,0.9934,2853,0,0,0,0,0,0,0,0,0,0,0,0,0,0,0,0,0,0,0,0,0
4763648,2326,0,12,0,1,0,11,-0.0102,2e-05,0.9832,2492,0,0,0,0,0,0,0,0,0,0,0,0,0,0,0,0,0,0,0,0,0
4765696,2327,0,10,0,1,0,9,-0.01126,0.0,0.9922,2565,0,0,0,0,0,0,0,0,0,0,0,0,0,0,0,0,0,0,0,0,0
4767744,2328,0,12,0,3,0,9,-0.00997,0.0,1.0597,2694,0,0,0,0,0,0,0,0,0,0,0,0,0,0,0,0,0,0,0,0,0
4769792,2329,0,11,0,0,0,11,-0.01145,0.0,1.0168,2785,0,0,0,0,0,0,0,0,0,0,0,0,0,0,0,0,0,0,0,0,0
4771840,2330,0,12,0,3,0,9,-0.01227,0.0,1.058,2661,0,0,0,0,0,0,0,0,0,0,0,0,0,0,0,0,0,0,0,0,0
4773888,2331,0,13,0,3,0,10,-0.01112,0.0,1.0372,3137,0,0,0,0,0,0,0,0,0,0,0,0,0,0,0,0,0,0,0,0,0
4775936,2332,0,10,0,0,0,10,-0.01135,0.0,0.982,2917,0,0,0,0,0,0,0,0,0,0,0,0,0,0,0,0,0,0,0,0,0
4777984,2333,0,12,0,2,0,10,-0.01239,0.0,1.0034,2923,0,0,0,0,0,0,0,0,0,0,0,0,0,0,0,0,0,0,0,0,0
4780032,2334,0,10,0,1,0,9,-0.01205,0.0,1.0391,2594,0,0,0,0,0,0,0,0,0,0,0,0,0,0,0,0,0,0,0,0,0
4782080,2335,0,11,0,2,0,9,-0.01066,0.0,1.0835,2658,0,0,0,0,0,0,0,0,0,0,0,0,0,0,0,0,0,0,0,0,0
4784128,2336,0,15,0,3,0,12,-0.01363,0.0,0.9993,2650,0,0,0,0,0,0,0,0,0,0,0,0,0,0,0,0,0,0,0,0,0
4786176,2337,0,7,0,0,0,7,-0.01267,0.0,1.1206,2760,0,0,0,0,0,0,0,0,0,0,0,0,0,0,0,0,0,0,0,0,0
4788224,2338,0,12,0,2,0,10,-0.01136,0.0,1.1434,2855,0,0,0,0,0,0,0,0,0,0,0,0,0,0,0,0,0,0,0,0,0
4790272,2339,0,12,0,0,0,12,-0.01236,0.0,1.1253,2416,0,0,0,0,0,0,0,0,0,0,0,0,0,0,0,0,0,0,0,0,0
4792320,2340,0,10,0,3,0,7,-0.01356,0.0,1.0972,2658,0,0,0,0,0,0,0,0,0,0,0,0,0,0,0,0,0,0,0,0,0
4794368,2341,0,15,0,5,0,10,-0.01314,0.0,0.9956,2609,0,0,0,0,0,0,0,0,0,0,0,0,0,0,0,0,0,0,0,0,0
4796416,2342,0,8,0,0,0,8,-0.01096,0.0,1.061,2738,0,0,0,0,0,0,0,0,0,0,0,0,0,0,0,0,0,0,0,0,0
4798464,2343,0,12,0,1,0,11,-0.01008,0.0,1.0061,2818,0,0,0,0,0,0,0,0,0,0,0,0,0,0,0,0,0,0,0,0,0
4800512,2344,0,12,0,1,0,11,-0.01098,0.0,1.0109,2631,0,0,0,0,0,0,0,0,0,0,0,0,0,0,0,0,0,0,0,0,0
4802560,2345,0,12,0,3,0,9,-0.0113,0.0,1.0599,2867,0,0,0,0,0,0,0,0,0,0,0,0,0,0,0,0,0,0,0,0,0
4804608,2346,0,10,0,3,0,7,-0.00798,0.0,1.023,2683,0,0,0,0,0,0,0,0,0,0,0,0,0,0,0,0,0,0,0,0,0
4806656,2347,0,14,0,1,0,13,-0.01231,0.0,1.0455,2644,0,0,0,0,0,0,0,0,0,0,0,0,0,0,0,0,0,0,0,0,0
4808704,2348,0,11,0,2,1,8,-0.01106,0.0,1.1141,2733,0,0,0,0,0,0,0,0,0,0,0,0,0,0,0,0,0,0,0,0,0
4810752,2349,0,12,0,2,0,10,-0.01084,0.0,1.0472,2748,0,0,0,0,0,0,0,0,0,0,0,0,0,0,0,0,0,0,0,0,0
4812800,2350,0,11,0,1,0,10,-0.01379,0.0,1.1298,2797,0,0,0,0,0,0,0,0,0,0,0,0,0,0,0,0,0,0,0,0,0
4814848,2351,0,11,0,2,0,9,-0.01043,0.0,1.1889,2879,0,0,0,0,0,0,0,0,0,0,0,0,0,0,0,0,0,0,0,0,0
4816896,2352,0,10,0,0,0,10,-0.01227,0.0,0.9981,2778,0,0,0,0,0,0,0,0,0,0,0,0,0,0,0,0,0,0,0,0,0
4818944,2353,0,11,0,1,0,10,-0.01261,0.0,1.0301,2843,0,0,0,0,0,0,0,0,0,0,0,0,0,0,0,0,0,0,0,0,0
4820992,2354,0,11,0,0,0,11,-0.01086,0.0,1.1153,2692,0,0,0,0,0,0,0,0,0,0,0,0,0,0,0,0,0,0,0,0,0
4823040,2355,0,12,0,2,0,10,-0.01389,0.0,1.1298,2744,0,0,0,0,0,0,0,0,0,0,0,0,0,0,0,0,0,0,0,0,0
4825088,2356,0,12,0,1,0,11,-0.01148,0.0,1.0824,3107,0,0,0,0,0,0,0,0,0,0,0,0,0,0,0,0,0,0,0,0,0
4827136,2357,0,11,0,3,0,8,-0.01222,0.0,1.1196,2948,0,0,0,0,0,0,0,0,0,0,0,0,0,0,0,0,0,0,0,0,0
4829184,2358,0,11,0,2,0,9,-0.01362,0.0,1.2637,2872,0,0,0,0,0,0,0,0,0,0,0,0,0,0,0,0,0,0,0,0,0
4831232,2359,0,15,0,2,0,13,-0.01299,0.0,1.1492,2934,0,0,0,0,0,0,0,0,0,0,0,0,0,0,0,0,0,0,0,0,0
4833280,2360,0,10,0,3,0,7,-0.01125,0.0,1.2303,2813,0,0,0,0,0,0,0,0,0,0,0,0,0,0,0,0,0,0,0,0,0
4835328,2361,0,10,0,1,0,9,-0.01146,0.0,1.2359,2887,0,0,0,0,0,0,0,0,0,0,0,0,0,0,0,0,0,0,0,0,0
4837376,2362,0,12,0,1,0,11,-0.01452,0.0,1.2786,2769,0,0,0,0,0,0,0,0,0,0,0,0,0,0,0,0,0,0,0,0,0
4839424,2363,0,15,0,5,0,10,-0.01223,0.0,1.1355,3120,0,0,0,0,0,0,0,0,0,0,0,0,0,0,0,0,0,0,0,0,0
4841472,2364,0,12,0,2,0,10,-0.01251,0.0,1.278,2916,0,0,0,0,0,0,0,0,0,0,0,0,0,0,0,0,0,0,0,0,0
4843520,2365,0,9,0,2,0,7,-0.01065,0.0,1.1569,2877,0,0,0,0,0,0,0,0,0,0,0,0,0,0,0,0,0,0,0,0,0
4845568,2366,0,14,0,2,0,12,-0.01251,0.0,1.115,2753,0,0,0,0,0,0,0,0,0,0,0,0,0,0,0,0,0,0,0,0,0
4847616,2367,0,9,0,2,0,7,-0.01108,0.0,1.0912,2822,0,0,0,0,0,0,0,0,0,0,0,0,0,0,0,0,0,0,0,0,0
4849664,2368,0,17,0,7,0,10,-0.00937,0.0,1.2023,2903,0,0,0,0,0,0,0,0,0,0,0,0,0,0,0,0,0,0,0,0,0
4851712,2369,0,12,0,2,0,10,-0.0111,0.0,1.1438,2919,0,0,0,0,0,0,0,0,0,0,0,0,0,0,0,0,0,0,0,0,0
4853760,2370,0,13,0,4,0,9,-0.01262,0.0,1.2486,2825,0,0,0,0,0,0,0,0,0,0,0,0,0,0,0,0,0,0,0,0,0
4855808,2371,0,11,0,2,0,9,-0.01244,0.0,1.0122,2717,0,0,0,0,0,0,0,0,0,0,0,0,0,0,0,0,0,0,0,0,0
4857856,2372,0,12,0,1,0,11,-0.00186,0.0,1.1231,3004,0,0,0,0,0,0,0,0,0,0,0,0,0,0,0,0,0,0,0,0,0
4859904,2373,0,13,0,2,0,11,-0.00911,0.0,1.1218,3234,0,0,0,0,0,0,0,0,0,0,0,0,0,0,0,0,0,0,0,0,0
4861952,2374,0,11,0,2,0,9,-0.00982,0.0,1.149,2981,0,0,0,0,0,0,0,0,0,0,0,0,0,0,0,0,0,0,0,0,0
4864000,2375,0,13,0,1,0,12,-0.00255,0.0,1.0259,2759,0,0,0,0,0,0,0,0,0,0,0,0,0,0,0,0,0,0,0,0,0
4866048,2376,0,10,0,0,0,10,-0.00294,0.0,0.8491,2930,0,0,0,0,0,0,0,0,0,0,0,0,0,0,0,0,0,0,0,0,0
4868096,2377,0,10,0,1,0,9,-0.00757,0.0,0.9762,2989,0,0,0,0,0,0,0,0,0,0,0,0,0,0,0,0,0,0,0,0,0
4870144,2378,0,14,0,4,0,10,-0.01152,0.0,1.0081,2827,0,0,0,0,0,0,0,0,0,0,0,0,0,0,0,0,0,0,0,0,0
4872192,2379,0,11,0,2,0,9,-0.01143,0.0,1.0856,3005,0,0,0,0,0,0,0,0,0,0,0,0,0,0,0,0,0,0,0,0,0
4874240,2380,0,11,0,1,0,10,-0.01085,0.0,1.1245,2943,0,0,0,0,0,0,0,0,0,0,0,0,0,0,0,0,0,0,0,0,0
4876288,2381,0,12,0,1,0,11,-0.01021,0.0,1.0829,2898,0,0,0,0,0,0,0,0,0,0,0,0,0,0,0,0,0,0,0,0,0
4878336,2382,0,11,0,2,0,9,-0.00835,0.0,1.1175,2924,0,0,0,0,0,0,0,0,0,0,0,0,0,0,0,0,0,0,0,0,0
4880384,2383,0,12,0,1,0,11,-0.00969,0.0,1.1734,2620,0,0,0,0,0,0,0,0,0,0,0,0,0,0,0,0,0,0,0,0,0
4882432,2384,0,17,0,9,0,8,-0.01145,0.0,1.108,2996,0,0,0,0,0,0,0,0,0,0,0,0,0,0,0,0,0,0,0,0,0
4884480,2385,0,11,0,4,0,7,-0.0085,0.0,1.1738,2959,0,0,0,0,0,0,0,0,0,0,0,0,0,0,0,0,0,0,0,0,0
4886528,2386,0,17,0,4,0,13,-0.01302,0.0,1.1425,2758,0,0,0,0,0,0,0,0,0,0,0,0,0,0,0,0,0,0,0,0,0
4888576,2387,0,8,0,1,0,7,-0.01118,0.0,0.8667,2870,0,0,0,0,0,0,0,0,0,0,0,0,0,0,0,0,0,0,0,0,0
4890624,2388,0,13,0,2,0,11,-0.01044,0.0,0.955,2973,0,0,0,0,0,0,0,0,0,0,0,0,0,0,0,0,0,0,0,0,0
4892672,2389,0,12,0,2,0,10,-0.01229,0.0,1.0397,3051,0,0,0,0,0,0,0,0,0,0,0,0,0,0,0,0,0,0,0,0,0
4894720,2390,0,14,0,4,0,10,-0.00765,0.0,1.0231,2883,0,0,0,0,0,0,0,0,0,0,0,0,0,0,0,0,0,0,0,0,0
4896768,2391,0,10,0,2,0,8,-0.01123,0.0,1.1017,3167,0,0,0,0,0,0,0,0,0,0,0,0,0,0,0,0,0,0,0,0,0
4898816,2392,0,13,0,1,0,12,-0.00993,0.0,1.1918,3050,0,0,0,0,0,0,0,0,0,0,0,0,0,0,0,0,0,0,0,0,0
4900864,2393,0,10,0,1,0,9,-0.01248,0.0,1.0745,3054,0,0,0,0,0,0,0,0,0,0,0,0,0,0,0,0,0,0,0,0,0
4902912,2394,0,13,0,4,0,9,-0.01303,0.0,0.9685,3133,0,0,0,0,0,0,0,0,0,0,0,0,0,0,0,0,0,0,0,0,0
4904960,2395,0,15,0,3,0,12,-0.00847,0.0,1.0096,2935,0,0,0,0,0,0,0,0,0,0,0,0,0,0,0,0,0,0,0,0,0
4907008,2396,0,7,0,0,0,7,-0.01074,0.0,1.0943,2796,0,0,0,0,0,0,0,0,0,0,0,0,0,0,0,0,0,0,0,0,0
4909056,2397,0,13,0,1,0,12,-0.01145,0.0,1.1371,2777,0,0,0,0,0,0,0,0,0,0,0,0,0,0,0,0,0,0,0,0,0
4911104,2398,0,16,0,4,0,12,-0.00893,0.0,1.1137,2805,0,0,0,0,0,0,0,0,0,0,0,0,0,0,0,0,0,0,0,0,0
4913152,2399,0,7,0,2,0,5,-0.00822,0.0,0.9862,2960,0,0,0,0,0,0,0,0,0,0,0,0,0,0,0,0,0,0,0,0,0
4915200,2400,0,12,0,1,0,11,-0.01074,0.0,1.1091,2940,0,0,0,0,0,0,0,0,0,0,0,0,0,0,0,0,0,0,0,0,0
4917248,2401,0,13,0,2,0,11,-0.00922,0.0,1.1534,2912,0,0,0,0,0,0,0,0,0,0,0,0,0,0,0,0,0,0,0,0,0
4919296,2402,0,12,0,4,0,8,-0.00786,0.0,0.9735,2736,0,0,0,0,0,0,0,0,0,0,0,0,0,0,0,0,0,0,0,0,0
4921344,2403,0,10,0,0,0,10,-0.00846,6e-05,1.0086,2629,0,0,0,0,0,0,0,0,0,0,0,0,0,0,0,0,0,0,0,0,0
4923392,2404,0,12,0,0,0,12,-0.01174,3e-05,1.0449,2699,0,0,0,0,0,0,0,0,0,0,0,0,0,0,0,0,0,0,0,0,0
4925440,2405,0,12,0,2,0,10,-0.01087,1e-05,1.0188,2792,0,0,0,0,0,0,0,0,0,0,0,0,0,0,0,0,0,0,0,0,0
4927488,2406,0,11,0,2,0,9,-0.00889,0.0,1.0288,2796,0,0,0,0,0,0,0,0,0,0,0,0,0,0,0,0,0,0,0,0,0
4929536,2407,0,17,0,8,0,9,-0.00823,0.0,1.0429,2989,0,0,0,0,0,0,0,0,0,0,0,0,0,0,0,0,0,0,0,0,0
4931584,2408,0,12,0,2,0,10,-0.00984,0.0,1.1332,2439,0,0,0,0,0,0,0,0,0,0,0,0,0,0,0,0,0,0,0,0,0
4933632,2409,0,10,0,1,0,9,-0.01023,0.0,1.157,2540,0,0,0,0,0,0,0,0,0,0,0,0,0,0,0,0,0,0,0,0,0
4935680,2410,0,14,0,4,0,10,-0.01024,0.0,1.0708,2432,0,0,0,0,0,0,0,0,0,0,0,0,0,0,0,0,0,0,0,0,0
4937728,2411,0,15,0,3,0,12,-0.01143,0.0,1.011,2556,0,0,0,0,0,0,0,0,0,0,0,0,0,0,0,0,0,0,0,0,0
4939776,2412,0,11,0,3,0,8,-0.00894,0.0,0.9861,2844,0,0,0,0,0,0,0,0,0,0,0,0,0,0,0,0,0,0,0,0,0
4941824,2413,0,12,0,3,0,9,-0.00917,0.0,0.8398,2739,0,0,0,0,0,0,0,0,0,0,0,0,0,0,0,0,0,0,0,0,0
4943872,2414,0,14,0,6,0,8,-0.01164,0.0,0.8682,2794,0,0,0,0,0,0,0,0,0,0,0,0,0,0,0,0,0,0,0,0,0
4945920,2415,0,12,0,1,0,11,-0.00948,0.0,0.7675,2919,0,0,0,0,0,0,0,0,0,0,0,0,0,0,0,0,0,0,0,0,0
4947968,2416,0,8,0,0,0,8,-0.00992,0.0,0.9228,2917,0,0,0,0,0,0,0,0,0,0,0,0,0,0,0,0,0,0,0,0,0
4950016,2417,0,13,0,1,0,12,-0.01182,0.0,1.0945,2756,0,0,0,0,0,0,0,0,0,0,0,0,0,0,0,0,0,0,0,0,0
4952064,2418,0,10,0,0,0,10,-0.01054,0.0,0.9677,2961,0,0,0,0,0,0,0,0,0,0,0,0,0,0,0,0,0,0,0,0,0
4954112,2419,0,9,0,1,0,8,-0.01036,0.0,0.9261,2929,0,0,0,0,0,0,0,0,0,0,0,0,0,0,0,0,0,0,0,0,0
4956160,2420,0,14,0,2,0,12,-0.0106,0.0,0.8371,2817,0,0,0,0,0,0,0,0,0,0,0,0,0,0,0,0,0,0,0,0,0
4958208,2421,0,10,0,3,0,7,-0.00852,0.0,1.0216,2924,0,0,0,0,0,0,0,0,0,0,0,0,0,0,0,0,0,0,0,0,0
4960256,2422,0,10,0,2,0,8,-0.00927,0.0,1.1949,2738,0,0,0,0,0,0,0,0,0,0,0,0,0,0,0,0,0,0,0,0,0
4962304,2423,0,15,0,3,0,12,-0.01049,0.0,1.03,2956,0,0,0,0,0,0,0,0,0,0,0,0,0,0,0,0,0,0,0,0,0
4964352,2424,0,11,0,3,0,8,-0.01082,0.0,1.1283,3014,0,0,0,0,0,0,0,0,0,0,0,0,0,0,0,0,0,0,0,0,0
4966400,2425,0,13,0,3,0,10,-0.0111,0.0,1.0538,2984,0,0,0,0,0,0,0,0,0,0,0,0,0,0,0,0,0,0,0,0,0
4968448,2426,0,9,0,0,0,9,-0.01252,0.0,1.1488,2911,0,0,0,0,0,0,0,0,0,0,0,0,0,0,0,0,0,0,0,0,0
4970496,2427,0,12,0,1,0,11,-0.01711,0.0,1.1507,3138,0,0,0,0,0,0,0,0,0,0,0,0,0,0,0,0,0,0,0,0,0
4972544,2428,0,15,0,4,0,11,-0.01103,0.0,0.9257,3119,0,0,0,0,0,0,0,0,0,0,0,0,0,0,0,0,0,0,0,0,0
4974592,2429,0,10,0,2,0,8,-0.00929,0.0,0.8748,3088,0,0,0,0,0,0,0,0,0,0,0,0,0,0,0,0,0,0,0,0,0
4976640,2430,0,11,0,0,1,10,-0.01108,0.0,1.125,2879,0,0,0,0,0,0,0,0,0,0,0,0,0,0,0,0,0,0,0,0,0
4978688,2431,0,13,0,0,0,13,-0.01046,0.0,1.1736,2593,0,0,0,0,0,0,0,0,0,0,0,0,0,0,0,0,0,0,0,0,0
4980736,2432,0,11,0,3,0,8,-0.00931,0.0,1.1623,2645,0,0,0,0,0,0,0,0,0,0,0,0,0,0,0,0,0,0,0,0,0
4982784,2433,0,9,0,0,0,9,-0.00676,0.0,1.0009,2925,0,0,0,0,0,0,0,0,0,0,0,0,0,0,0,0,0,0,0,0,0
4984832,2434,0,13,0,2,0,11,-0.01072,0.0,0.8152,3017,0,0,0,0,0,0,0,0,0,0,0,0,0,0,0,0,0,0,0,0,0
4986880,2435,0,11,0,2,0,9,-0.01072,0.0,1.1139,3041,0,0,0,0,0,0,0,0,0,0,0,0,0,0,0,0,0,0,0,0,0
4988928,2436,0,10,0,1,0,9,-0.01236,0.0,1.0324,2693,0,0,0,0,0,0,0,0,0,0,0,0,0,0,0,0,0,0,0,0,0
4990976,2437,0,15,0,3,0,12,-0.01027,0.0,1.0973,2543,0,0,0,0,0,0,0,0,0,0,0,0,0,0,0,0,0,0,0,0,0
4993024,2438,0,11,0,2,0,9,-0.01202,0.0,1.1956,2427,0,0,0,0,0,0,0,0,0,0,0,0,0,0,0,0,0,0,0,0,0
4995072,2439,0,11,0,3,0,8,-0.0109,0.0,1.2311,2811,0,0,0,0,0,0,0,0,0,0,0,0,0,0,0,0,0,0,0,0,0
4997120,2440,0,15,0,3,0,12,-0.01132,0.0,1.0825,2755,0,0,0,0,0,0,0,0,0,0,0,0,0,0,0,0,0,0,0,0,0
4999168,2441,0,11,0,2,0,9,-0.01011,0.0,1.1121,2737,0,0,0,0,0,0,0,0,0,0,0,0,0,0,0,0,0,0,0,0,0
5001216,2442,0,11,0,3,0,8,-0.01129,0.0,1.229,2742,0,0,0,0,0,0,0,0,0,0,0,0,0,0,0,0,0,0,0,0,0
