global_step,update,phase,episodes,success,lava,ball,timeout,pg_loss,v_loss,entropy,sps,sub_navigate_n,sub_navigate_success,sub_hazard_n,sub_hazard_success,sub_key_door_n,sub_key_door_success,choose_navigate,choose_hazard,choose_key_door,success_under_navigate,lava_under_navigate,ball_under_navigate,timeout_under_navigate,success_under_hazard,lava_under_hazard,ball_under_hazard,timeout_under_hazard,success_under_key_door,lava_under_key_door,ball_under_key_door,timeout_under_key_door
2048,1,0,4,0,4,0,0,-0.00055,0.00071,1.9459,3200,0,0,0,0,0,0,0,0,0,0,0,0,0,0,0,0,0,0,0,0,0
4096,2,0,16,0,3,0,13,-0.00078,0.00074,1.9451,3162,0,0,0,0,0,0,0,0,0,0,0,0,0,0,0,0,0,0,0,0,0
6144,3,0,6,0,4,0,2,-0.00222,0.00028,1.9359,3225,0,0,0,0,0,0,0,0,0,0,0,0,0,0,0,0,0,0,0,0,0
8192,4,0,15,0,2,0,13,-0.00142,0.00062,1.9297,2826,0,0,0,0,0,0,0,0,0,0,0,0,0,0,0,0,0,0,0,0,0
10240,5,0,23,0,9,0,14,-0.00305,0.00057,1.8829,3179,0,0,0,0,0,0,0,0,0,0,0,0,0,0,0,0,0,0,0,0,0
12288,6,0,5,0,3,0,2,-0.00253,0.00066,1.8584,3073,0,0,0,0,0,0,0,0,0,0,0,0,0,0,0,0,0,0,0,0,0
14336,7,0,15,0,4,0,11,-0.00057,0.00083,1.8802,3088,0,0,0,0,0,0,0,0,0,0,0,0,0,0,0,0,0,0,0,0,0
16384,8,0,14,0,3,0,11,-0.00454,0.00063,1.7934,2694,0,0,0,0,0,0,0,0,0,0,0,0,0,0,0,0,0,0,0,0,0
18432,9,0,9,0,3,1,5,-0.00226,0.00068,1.8322,3008,0,0,0,0,0,0,0,0,0,0,0,0,0,0,0,0,0,0,0,0,0
20480,10,0,19,0,8,0,11,-0.00137,0.00074,1.8634,3421,0,0,0,0,0,0,0,0,0,0,0,0,0,0,0,0,0,0,0,0,0
22528,11,0,15,0,8,0,7,-0.0051,0.00092,1.807,3280,0,0,0,0,0,0,0,0,0,0,0,0,0,0,0,0,0,0,0,0,0
24576,12,0,12,1,5,1,5,-0.00168,0.00176,1.7903,3227,0,0,0,0,0,0,0,0,0,0,0,0,0,0,0,0,0,0,0,0,0
26624,13,0,17,0,6,0,11,5e-05,0.00084,1.7294,3193,0,0,0,0,0,0,0,0,0,0,0,0,0,0,0,0,0,0,0,0,0
28672,14,0,14,0,4,1,9,-0.00204,0.00059,1.7885,3237,0,0,0,0,0,0,0,0,0,0,0,0,0,0,0,0,0,0,0,0,0
30720,15,0,11,0,3,0,8,-0.00125,0.00053,1.7512,3412,0,0,0,0,0,0,0,0,0,0,0,0,0,0,0,0,0,0,0,0,0
32768,16,0,13,0,4,0,9,-0.0016,0.00082,1.7132,3124,0,0,0,0,0,0,0,0,0,0,0,0,0,0,0,0,0,0,0,0,0
34816,17,0,17,0,10,1,6,-0.00143,0.00093,1.7611,2967,0,0,0,0,0,0,0,0,0,0,0,0,0,0,0,0,0,0,0,0,0
36864,18,0,15,0,6,0,9,-0.00198,0.00094,1.7333,3245,0,0,0,0,0,0,0,0,0,0,0,0,0,0,0,0,0,0,0,0,0
38912,19,0,17,2,9,0,6,-0.00099,0.00152,1.7322,2856,0,0,0,0,0,0,0,0,0,0,0,0,0,0,0,0,0,0,0,0,0
40960,20,0,13,0,4,1,8,-0.00198,0.00113,1.7286,2741,0,0,0,0,0,0,0,0,0,0,0,0,0,0,0,0,0,0,0,0,0
43008,21,0,15,0,5,0,10,-0.00188,0.001,1.7828,2556,0,0,0,0,0,0,0,0,0,0,0,0,0,0,0,0,0,0,0,0,0
45056,22,0,10,0,2,1,7,-0.00226,0.00081,1.7361,3060,0,0,0,0,0,0,0,0,0,0,0,0,0,0,0,0,0,0,0,0,0
47104,23,0,16,0,5,0,11,-0.00088,0.00113,1.6734,2909,0,0,0,0,0,0,0,0,0,0,0,0,0,0,0,0,0,0,0,0,0
49152,24,0,12,0,3,1,8,-0.00126,0.00118,1.6462,2672,0,0,0,0,0,0,0,0,0,0,0,0,0,0,0,0,0,0,0,0,0
51200,25,0,14,0,5,1,8,-0.00082,0.00136,1.6468,2652,0,0,0,0,0,0,0,0,0,0,0,0,0,0,0,0,0,0,0,0,0
53248,26,0,16,1,8,0,7,-0.00118,0.00091,1.6286,2872,0,0,0,0,0,0,0,0,0,0,0,0,0,0,0,0,0,0,0,0,0
55296,27,0,18,0,9,1,8,-0.00062,0.00123,1.6655,2890,0,0,0,0,0,0,0,0,0,0,0,0,0,0,0,0,0,0,0,0,0
57344,28,0,8,0,3,0,5,-0.00236,0.00076,1.5918,2805,0,0,0,0,0,0,0,0,0,0,0,0,0,0,0,0,0,0,0,0,0
59392,29,0,16,0,3,1,12,-0.00217,0.00068,1.5632,3030,0,0,0,0,0,0,0,0,0,0,0,0,0,0,0,0,0,0,0,0,0
61440,30,0,13,0,5,0,8,-0.00086,0.00085,1.6352,3080,0,0,0,0,0,0,0,0,0,0,0,0,0,0,0,0,0,0,0,0,0
63488,31,0,17,0,7,1,9,-0.00289,0.00108,1.6095,2925,0,0,0,0,0,0,0,0,0,0,0,0,0,0,0,0,0,0,0,0,0
65536,32,0,13,1,4,1,7,-0.00173,0.00086,1.5534,3102,0,0,0,0,0,0,0,0,0,0,0,0,0,0,0,0,0,0,0,0,0
67584,33,0,17,1,6,0,10,-0.00179,0.00172,1.649,3190,0,0,0,0,0,0,0,0,0,0,0,0,0,0,0,0,0,0,0,0,0
69632,34,0,15,0,7,0,8,-0.00039,0.00079,1.6258,2937,0,0,0,0,0,0,0,0,0,0,0,0,0,0,0,0,0,0,0,0,0
71680,35,0,17,0,9,0,8,-0.00173,0.00104,1.725,3254,0,0,0,0,0,0,0,0,0,0,0,0,0,0,0,0,0,0,0,0,0
73728,36,0,13,0,5,0,8,-0.00275,0.00076,1.781,3246,0,0,0,0,0,0,0,0,0,0,0,0,0,0,0,0,0,0,0,0,0
75776,37,0,12,0,4,0,8,-0.00012,0.00055,1.7726,3189,0,0,0,0,0,0,0,0,0,0,0,0,0,0,0,0,0,0,0,0,0
77824,38,0,10,0,2,0,8,-0.00108,0.00059,1.7303,2927,0,0,0,0,0,0,0,0,0,0,0,0,0,0,0,0,0,0,0,0,0
79872,39,0,21,0,8,0,13,-0.0041,0.00071,1.6552,2810,0,0,0,0,0,0,0,0,0,0,0,0,0,0,0,0,0,0,0,0,0
81920,40,0,8,0,0,2,6,-0.00073,0.00075,1.6532,3180,0,0,0,0,0,0,0,0,0,0,0,0,0,0,0,0,0,0,0,0,0
83968,41,0,13,0,4,0,9,-0.00126,0.00095,1.6487,3304,0,0,0,0,0,0,0,0,0,0,0,0,0,0,0,0,0,0,0,0,0
86016,42,0,16,1,6,0,9,-0.00012,0.00156,1.626,3310,0,0,0,0,0,0,0,0,0,0,0,0,0,0,0,0,0,0,0,0,0
88064,43,0,9,1,3,0,5,-0.0011,0.00059,1.5995,3124,0,0,0,0,0,0,0,0,0,0,0,0,0,0,0,0,0,0,0,0,0
90112,44,0,17,0,8,0,9,-0.00096,0.00106,1.5673,2957,0,0,0,0,0,0,0,0,0,0,0,0,0,0,0,0,0,0,0,0,0
92160,45,0,16,0,7,0,9,0.0001,0.0006,1.6297,2948,0,0,0,0,0,0,0,0,0,0,0,0,0,0,0,0,0,0,0,0,0
94208,46,0,14,0,8,0,6,-0.00058,0.00052,1.6194,3279,0,0,0,0,0,0,0,0,0,0,0,0,0,0,0,0,0,0,0,0,0
96256,47,0,12,0,1,0,11,-0.00203,0.00095,1.5996,3115,0,0,0,0,0,0,0,0,0,0,0,0,0,0,0,0,0,0,0,0,0
98304,48,0,14,0,7,0,7,-0.00063,0.00092,1.5664,2981,0,0,0,0,0,0,0,0,0,0,0,0,0,0,0,0,0,0,0,0,0
100352,49,0,18,0,5,1,12,-0.00258,0.00061,1.5863,3118,0,0,0,0,0,0,0,0,0,0,0,0,0,0,0,0,0,0,0,0,0
102400,50,0,9,0,4,0,5,-0.00448,0.00052,1.5633,3314,0,0,0,0,0,0,0,0,0,0,0,0,0,0,0,0,0,0,0,0,0
104448,51,0,15,0,5,0,10,-0.00093,0.00058,1.4758,2329,0,0,0,0,0,0,0,0,0,0,0,0,0,0,0,0,0,0,0,0,0
106496,52,0,13,0,4,0,9,-0.00193,0.00089,1.5662,2739,0,0,0,0,0,0,0,0,0,0,0,0,0,0,0,0,0,0,0,0,0
108544,53,0,13,0,5,0,8,4e-05,0.00091,1.5465,2955,0,0,0,0,0,0,0,0,0,0,0,0,0,0,0,0,0,0,0,0,0
110592,54,0,15,1,2,1,11,0.0001,0.00143,1.5964,3217,0,0,0,0,0,0,0,0,0,0,0,0,0,0,0,0,0,0,0,0,0
112640,55,0,13,0,4,2,7,-0.00132,0.00048,1.6245,3008,0,0,0,0,0,0,0,0,0,0,0,0,0,0,0,0,0,0,0,0,0
114688,56,0,7,0,1,0,6,-0.00212,0.00073,1.6724,3109,0,0,0,0,0,0,0,0,0,0,0,0,0,0,0,0,0,0,0,0,0
116736,57,0,21,1,11,0,9,-0.00074,0.00117,1.7005,3240,0,0,0,0,0,0,0,0,0,0,0,0,0,0,0,0,0,0,0,0,0
118784,58,0,13,0,2,2,9,-0.00055,0.0008,1.7163,3177,0,0,0,0,0,0,0,0,0,0,0,0,0,0,0,0,0,0,0,0,0
120832,59,0,15,0,8,0,7,-0.00057,0.00101,1.7323,3331,0,0,0,0,0,0,0,0,0,0,0,0,0,0,0,0,0,0,0,0,0
122880,60,0,12,0,2,0,10,-0.00301,0.00084,1.689,3192,0,0,0,0,0,0,0,0,0,0,0,0,0,0,0,0,0,0,0,0,0
124928,61,0,12,0,4,0,8,-0.00144,0.00072,1.7217,3244,0,0,0,0,0,0,0,0,0,0,0,0,0,0,0,0,0,0,0,0,0
126976,62,0,20,0,8,1,11,-0.00258,0.0008,1.7012,3301,0,0,0,0,0,0,0,0,0,0,0,0,0,0,0,0,0,0,0,0,0
129024,63,0,12,0,4,0,8,-0.00294,0.00038,1.6799,3045,0,0,0,0,0,0,0,0,0,0,0,0,0,0,0,0,0,0,0,0,0
131072,64,0,18,0,10,1,7,-0.00072,0.00075,1.6187,3179,0,0,0,0,0,0,0,0,0,0,0,0,0,0,0,0,0,0,0,0,0
133120,65,0,15,0,6,0,9,-0.00055,0.00092,1.6582,2988,0,0,0,0,0,0,0,0,0,0,0,0,0,0,0,0,0,0,0,0,0
135168,66,0,11,0,4,1,6,-0.00138,0.00046,1.6573,2777,0,0,0,0,0,0,0,0,0,0,0,0,0,0,0,0,0,0,0,0,0
137216,67,0,18,0,7,2,9,-0.00093,0.00122,1.6161,3129,0,0,0,0,0,0,0,0,0,0,0,0,0,0,0,0,0,0,0,0,0
139264,68,0,10,0,2,0,8,-0.00223,0.00043,1.6249,2839,0,0,0,0,0,0,0,0,0,0,0,0,0,0,0,0,0,0,0,0,0
141312,69,0,11,0,3,0,8,-0.00278,0.00059,1.6583,3488,0,0,0,0,0,0,0,0,0,0,0,0,0,0,0,0,0,0,0,0,0
143360,70,0,16,0,4,1,11,-0.00306,0.00071,1.7353,3540,0,0,0,0,0,0,0,0,0,0,0,0,0,0,0,0,0,0,0,0,0
145408,71,0,18,0,11,0,7,-0.00165,0.00107,1.7257,3280,0,0,0,0,0,0,0,0,0,0,0,0,0,0,0,0,0,0,0,0,0
147456,72,0,16,0,9,1,6,-0.00223,0.00095,1.7441,3304,0,0,0,0,0,0,0,0,0,0,0,0,0,0,0,0,0,0,0,0,0
149504,73,0,13,0,4,0,9,-0.00262,0.00061,1.7542,3322,0,0,0,0,0,0,0,0,0,0,0,0,0,0,0,0,0,0,0,0,0
151552,74,0,13,0,5,2,6,-0.00139,0.00077,1.7728,3382,0,0,0,0,0,0,0,0,0,0,0,0,0,0,0,0,0,0,0,0,0
153600,75,0,11,0,3,0,8,-0.0025,0.00087,1.7355,3205,0,0,0,0,0,0,0,0,0,0,0,0,0,0,0,0,0,0,0,0,0
155648,76,0,15,0,4,1,10,-0.00181,0.00083,1.7484,3106,0,0,0,0,0,0,0,0,0,0,0,0,0,0,0,0,0,0,0,0,0
157696,77,0,13,0,4,0,9,-0.00272,0.00097,1.8176,2918,0,0,0,0,0,0,0,0,0,0,0,0,0,0,0,0,0,0,0,0,0
159744,78,0,13,0,6,0,7,-0.00565,0.00098,1.8375,3283,0,0,0,0,0,0,0,0,0,0,0,0,0,0,0,0,0,0,0,0,0
161792,79,0,16,0,4,0,12,-0.00358,0.00068,1.8601,3123,0,0,0,0,0,0,0,0,0,0,0,0,0,0,0,0,0,0,0,0,0
163840,80,0,9,1,1,0,7,-0.00197,0.0019,1.8292,3450,0,0,0,0,0,0,0,0,0,0,0,0,0,0,0,0,0,0,0,0,0
165888,81,0,14,1,2,0,11,-0.00156,0.0015,1.8336,3322,0,0,0,0,0,0,0,0,0,0,0,0,0,0,0,0,0,0,0,0,0
167936,82,0,14,0,7,0,7,-0.00256,0.00085,1.7755,3140,0,0,0,0,0,0,0,0,0,0,0,0,0,0,0,0,0,0,0,0,0
169984,83,0,15,0,8,0,7,-0.00435,0.00084,1.7861,3252,0,0,0,0,0,0,0,0,0,0,0,0,0,0,0,0,0,0,0,0,0
172032,84,0,17,0,6,0,11,-0.00108,0.00057,1.7493,3085,0,0,0,0,0,0,0,0,0,0,0,0,0,0,0,0,0,0,0,0,0
174080,85,0,6,0,2,0,4,-0.00234,0.00065,1.7706,3353,0,0,0,0,0,0,0,0,0,0,0,0,0,0,0,0,0,0,0,0,0
176128,86,0,20,0,7,0,13,-0.00363,0.00112,1.7729,3441,0,0,0,0,0,0,0,0,0,0,0,0,0,0,0,0,0,0,0,0,0
178176,87,0,15,0,6,0,9,-0.00585,0.00045,1.753,3091,0,0,0,0,0,0,0,0,0,0,0,0,0,0,0,0,0,0,0,0,0
180224,88,0,11,0,5,0,6,-0.00291,0.00094,1.7012,2964,0,0,0,0,0,0,0,0,0,0,0,0,0,0,0,0,0,0,0,0,0
182272,89,0,18,0,7,0,11,-0.00143,0.001,1.7897,2898,0,0,0,0,0,0,0,0,0,0,0,0,0,0,0,0,0,0,0,0,0
184320,90,0,12,0,4,1,7,-0.00148,0.00073,1.7345,2907,0,0,0,0,0,0,0,0,0,0,0,0,0,0,0,0,0,0,0,0,0
186368,91,0,15,0,4,1,10,-0.00274,0.00059,1.7634,2828,0,0,0,0,0,0,0,0,0,0,0,0,0,0,0,0,0,0,0,0,0
188416,92,0,14,0,7,1,6,-0.00136,0.00083,1.7703,2610,0,0,0,0,0,0,0,0,0,0,0,0,0,0,0,0,0,0,0,0,0
190464,93,0,16,1,6,1,8,-0.00221,0.00145,1.7518,2752,0,0,0,0,0,0,0,0,0,0,0,0,0,0,0,0,0,0,0,0,0
192512,94,0,9,0,3,0,6,-0.00162,0.00084,1.7516,2997,0,0,0,0,0,0,0,0,0,0,0,0,0,0,0,0,0,0,0,0,0
194560,95,0,14,0,2,1,11,-0.00062,0.00069,1.799,2980,0,0,0,0,0,0,0,0,0,0,0,0,0,0,0,0,0,0,0,0,0
196608,96,0,14,0,3,1,10,-0.00292,0.00075,1.7017,2805,0,0,0,0,0,0,0,0,0,0,0,0,0,0,0,0,0,0,0,0,0
198656,97,0,12,0,5,0,7,-0.00235,0.00096,1.7497,3068,0,0,0,0,0,0,0,0,0,0,0,0,0,0,0,0,0,0,0,0,0
200704,98,0,15,1,4,0,10,-0.00236,0.00073,1.7875,2737,0,0,0,0,0,0,0,0,0,0,0,0,0,0,0,0,0,0,0,0,0
202752,99,0,11,0,3,0,8,-0.00411,0.00078,1.7458,3084,0,0,0,0,0,0,0,0,0,0,0,0,0,0,0,0,0,0,0,0,0
204800,100,0,17,0,8,0,9,-0.00712,0.00096,1.7538,3399,0,0,0,0,0,0,0,0,0,0,0,0,0,0,0,0,0,0,0,0,0
206848,101,0,16,0,8,0,8,-0.00501,0.00072,1.7146,3224,0,0,0,0,0,0,0,0,0,0,0,0,0,0,0,0,0,0,0,0,0
208896,102,0,16,0,8,1,7,-0.00595,0.0008,1.6645,3030,0,0,0,0,0,0,0,0,0,0,0,0,0,0,0,0,0,0,0,0,0
210944,103,0,16,0,8,0,8,-0.00647,0.00082,1.6371,2944,0,0,0,0,0,0,0,0,0,0,0,0,0,0,0,0,0,0,0,0,0
212992,104,0,11,0,3,0,8,-0.00169,0.00074,1.6608,3144,0,0,0,0,0,0,0,0,0,0,0,0,0,0,0,0,0,0,0,0,0
215040,105,0,18,0,8,0,10,-0.00293,0.00071,1.6051,3070,0,0,0,0,0,0,0,0,0,0,0,0,0,0,0,0,0,0,0,0,0
217088,106,0,13,0,5,0,8,-0.00237,0.00082,1.6646,3169,0,0,0,0,0,0,0,0,0,0,0,0,0,0,0,0,0,0,0,0,0
219136,107,0,13,0,5,0,8,-0.00446,0.00069,1.5836,2950,0,0,0,0,0,0,0,0,0,0,0,0,0,0,0,0,0,0,0,0,0
221184,108,0,15,0,5,0,10,-0.00255,0.0009,1.6314,3044,0,0,0,0,0,0,0,0,0,0,0,0,0,0,0,0,0,0,0,0,0
223232,109,0,12,1,3,0,8,-0.00434,0.00105,1.6603,2998,0,0,0,0,0,0,0,0,0,0,0,0,0,0,0,0,0,0,0,0,0
225280,110,0,10,0,1,0,9,-0.00273,0.00083,1.6401,3120,0,0,0,0,0,0,0,0,0,0,0,0,0,0,0,0,0,0,0,0,0
227328,111,0,16,0,4,2,10,-0.00399,0.00084,1.6617,3048,0,0,0,0,0,0,0,0,0,0,0,0,0,0,0,0,0,0,0,0,0
229376,112,0,19,0,7,2,10,-0.00333,0.00087,1.7175,3146,0,0,0,0,0,0,0,0,0,0,0,0,0,0,0,0,0,0,0,0,0
231424,113,0,7,0,0,0,7,-0.00429,0.0006,1.7067,3031,0,0,0,0,0,0,0,0,0,0,0,0,0,0,0,0,0,0,0,0,0
233472,114,0,16,0,5,0,11,-0.00637,0.00086,1.6702,3210,0,0,0,0,0,0,0,0,0,0,0,0,0,0,0,0,0,0,0,0,0
235520,115,0,12,0,3,0,9,-0.00267,0.00066,1.5907,3188,0,0,0,0,0,0,0,0,0,0,0,0,0,0,0,0,0,0,0,0,0
237568,116,0,16,0,6,0,10,-0.00225,0.00083,1.5124,3264,0,0,0,0,0,0,0,0,0,0,0,0,0,0,0,0,0,0,0,0,0
239616,117,0,10,0,1,0,9,-0.00202,0.00072,1.5901,2748,0,0,0,0,0,0,0,0,0,0,0,0,0,0,0,0,0,0,0,0,0
241664,118,0,10,0,4,0,6,-0.004,0.00085,1.5524,3022,0,0,0,0,0,0,0,0,0,0,0,0,0,0,0,0,0,0,0,0,0
243712,119,0,20,1,6,0,13,-0.00231,0.00187,1.5619,2869,0,0,0,0,0,0,0,0,0,0,0,0,0,0,0,0,0,0,0,0,0
245760,120,0,10,0,2,1,7,-0.00292,0.00114,1.6374,2929,0,0,0,0,0,0,0,0,0,0,0,0,0,0,0,0,0,0,0,0,0
247808,121,0,11,0,2,0,9,-0.00367,0.001,1.5546,2822,0,0,0,0,0,0,0,0,0,0,0,0,0,0,0,0,0,0,0,0,0
249856,122,0,17,0,4,0,13,-0.00216,0.00107,1.6007,2750,0,0,0,0,0,0,0,0,0,0,0,0,0,0,0,0,0,0,0,0,0
251904,123,0,10,0,4,0,6,-0.00451,0.00084,1.5885,3160,0,0,0,0,0,0,0,0,0,0,0,0,0,0,0,0,0,0,0,0,0
253952,124,0,13,0,3,0,10,-0.00477,0.00083,1.5108,3268,0,0,0,0,0,0,0,0,0,0,0,0,0,0,0,0,0,0,0,0,0
256000,125,0,15,0,4,0,11,-0.00214,0.00083,1.5388,3374,0,0,0,0,0,0,0,0,0,0,0,0,0,0,0,0,0,0,0,0,0
258048,126,0,11,0,2,1,8,-0.005,0.00065,1.5436,2619,0,0,0,0,0,0,0,0,0,0,0,0,0,0,0,0,0,0,0,0,0
260096,127,0,16,0,5,1,10,-0.00143,0.00117,1.5031,2961,0,0,0,0,0,0,0,0,0,0,0,0,0,0,0,0,0,0,0,0,0
262144,128,0,15,0,10,1,4,-0.00324,0.00089,1.5046,2772,0,0,0,0,0,0,0,0,0,0,0,0,0,0,0,0,0,0,0,0,0
264192,129,0,13,0,5,0,8,-0.0036,0.00105,1.4694,3121,0,0,0,0,0,0,0,0,0,0,0,0,0,0,0,0,0,0,0,0,0
266240,130,0,13,0,2,0,11,-0.0031,0.00074,1.5889,3038,0,0,0,0,0,0,0,0,0,0,0,0,0,0,0,0,0,0,0,0,0
268288,131,0,16,0,7,0,9,-0.00357,0.00061,1.4518,3160,0,0,0,0,0,0,0,0,0,0,0,0,0,0,0,0,0,0,0,0,0
270336,132,0,11,0,4,0,7,-0.00529,0.00081,1.4076,3061,0,0,0,0,0,0,0,0,0,0,0,0,0,0,0,0,0,0,0,0,0
272384,133,0,19,0,8,1,10,-0.00228,0.001,1.3836,3011,0,0,0,0,0,0,0,0,0,0,0,0,0,0,0,0,0,0,0,0,0
274432,134,0,19,0,9,0,10,-0.00523,0.00085,1.4646,3312,0,0,0,0,0,0,0,0,0,0,0,0,0,0,0,0,0,0,0,0,0
276480,135,0,6,0,1,0,5,-0.00536,0.0009,1.4706,2765,0,0,0,0,0,0,0,0,0,0,0,0,0,0,0,0,0,0,0,0,0
278528,136,0,15,0,3,0,12,-0.00478,0.00079,1.489,3175,0,0,0,0,0,0,0,0,0,0,0,0,0,0,0,0,0,0,0,0,0
280576,137,0,13,0,1,0,12,-0.00573,0.00123,1.418,2961,0,0,0,0,0,0,0,0,0,0,0,0,0,0,0,0,0,0,0,0,0
282624,138,0,12,0,4,1,7,-0.00557,0.00109,1.2857,2764,0,0,0,0,0,0,0,0,0,0,0,0,0,0,0,0,0,0,0,0,0
284672,139,0,15,0,5,0,10,-0.00597,0.00098,1.2777,2998,0,0,0,0,0,0,0,0,0,0,0,0,0,0,0,0,0,0,0,0,0
286720,140,0,12,0,2,0,10,-0.00337,0.00148,1.2402,2628,0,0,0,0,0,0,0,0,0,0,0,0,0,0,0,0,0,0,0,0,0
288768,141,0,9,0,1,0,8,-0.00565,0.00105,1.1968,2923,0,0,0,0,0,0,0,0,0,0,0,0,0,0,0,0,0,0,0,0,0
290816,142,0,15,0,2,0,13,-0.00358,0.00107,1.246,3087,0,0,0,0,0,0,0,0,0,0,0,0,0,0,0,0,0,0,0,0,0
292864,143,0,13,0,4,0,9,-0.00313,0.00094,1.2673,3375,0,0,0,0,0,0,0,0,0,0,0,0,0,0,0,0,0,0,0,0,0
294912,144,0,10,0,3,0,7,-0.00434,0.00076,1.2966,3251,0,0,0,0,0,0,0,0,0,0,0,0,0,0,0,0,0,0,0,0,0
296960,145,0,17,0,8,0,9,-0.00441,0.00113,1.3187,3283,0,0,0,0,0,0,0,0,0,0,0,0,0,0,0,0,0,0,0,0,0
299008,146,0,13,0,3,0,10,0.00108,0.00106,1.3204,3111,0,0,0,0,0,0,0,0,0,0,0,0,0,0,0,0,0,0,0,0,0
301056,147,0,12,0,3,0,9,-0.00564,0.00074,1.3185,3114,0,0,0,0,0,0,0,0,0,0,0,0,0,0,0,0,0,0,0,0,0
303104,148,0,16,0,6,0,10,-0.0007,0.00087,1.4214,3019,0,0,0,0,0,0,0,0,0,0,0,0,0,0,0,0,0,0,0,0,0
305152,149,0,14,0,4,1,9,-0.00432,0.00063,1.3581,3090,0,0,0,0,0,0,0,0,0,0,0,0,0,0,0,0,0,0,0,0,0
307200,150,0,15,0,5,0,10,-0.00287,0.00083,1.2908,2886,0,0,0,0,0,0,0,0,0,0,0,0,0,0,0,0,0,0,0,0,0
309248,151,0,14,0,3,0,11,-0.00221,0.00093,1.3001,3222,0,0,0,0,0,0,0,0,0,0,0,0,0,0,0,0,0,0,0,0,0
311296,152,0,12,0,4,0,8,-0.00069,0.00076,1.3024,3245,0,0,0,0,0,0,0,0,0,0,0,0,0,0,0,0,0,0,0,0,0
313344,153,0,15,0,6,0,9,-0.00543,0.00068,1.3513,3017,0,0,0,0,0,0,0,0,0,0,0,0,0,0,0,0,0,0,0,0,0
315392,154,0,14,0,6,0,8,-0.0051,0.00079,1.3468,3044,0,0,0,0,0,0,0,0,0,0,0,0,0,0,0,0,0,0,0,0,0
317440,155,0,11,0,2,0,9,-0.00441,0.00058,1.2875,3104,0,0,0,0,0,0,0,0,0,0,0,0,0,0,0,0,0,0,0,0,0
319488,156,0,15,0,8,0,7,-0.00443,0.001,1.2705,3106,0,0,0,0,0,0,0,0,0,0,0,0,0,0,0,0,0,0,0,0,0
321536,157,0,20,0,9,0,11,-0.00531,0.00147,1.3549,2894,0,0,0,0,0,0,0,0,0,0,0,0,0,0,0,0,0,0,0,0,0
323584,158,0,9,0,4,0,5,-0.00336,0.00045,1.3682,2700,0,0,0,0,0,0,0,0,0,0,0,0,0,0,0,0,0,0,0,0,0
325632,159,0,18,0,6,0,12,-0.00297,0.00108,1.3287,3147,0,0,0,0,0,0,0,0,0,0,0,0,0,0,0,0,0,0,0,0,0
327680,160,0,12,0,3,0,9,-0.00305,0.00086,1.3416,3264,0,0,0,0,0,0,0,0,0,0,0,0,0,0,0,0,0,0,0,0,0
329728,161,0,11,0,2,0,9,-0.00387,0.00083,1.3446,3329,0,0,0,0,0,0,0,0,0,0,0,0,0,0,0,0,0,0,0,0,0
331776,162,0,15,0,4,0,11,-0.00279,0.0012,1.3102,3402,0,0,0,0,0,0,0,0,0,0,0,0,0,0,0,0,0,0,0,0,0
333824,163,0,11,0,3,0,8,-0.00227,0.00073,1.245,3139,0,0,0,0,0,0,0,0,0,0,0,0,0,0,0,0,0,0,0,0,0
335872,164,0,17,0,7,0,10,-0.00273,0.0011,1.1857,3343,0,0,0,0,0,0,0,0,0,0,0,0,0,0,0,0,0,0,0,0,0
337920,165,0,10,0,1,0,9,-0.00427,0.00103,1.2519,2678,0,0,0,0,0,0,0,0,0,0,0,0,0,0,0,0,0,0,0,0,0
339968,166,0,11,0,2,0,9,-0.00328,0.00104,1.2493,2840,0,0,0,0,0,0,0,0,0,0,0,0,0,0,0,0,0,0,0,0,0
342016,167,0,18,0,7,0,11,-0.00459,0.00131,1.1922,2852,0,0,0,0,0,0,0,0,0,0,0,0,0,0,0,0,0,0,0,0,0
344064,168,0,15,0,9,0,6,-0.0063,0.00106,1.1825,2886,0,0,0,0,0,0,0,0,0,0,0,0,0,0,0,0,0,0,0,0,0
346112,169,0,16,0,6,0,10,-0.00849,0.0012,1.1823,3180,0,0,0,0,0,0,0,0,0,0,0,0,0,0,0,0,0,0,0,0,0
348160,170,0,18,0,11,0,7,-0.0022,0.00111,1.1259,3049,0,0,0,0,0,0,0,0,0,0,0,0,0,0,0,0,0,0,0,0,0
350208,171,0,15,0,6,0,9,-0.0032,0.00125,1.119,3287,0,0,0,0,0,0,0,0,0,0,0,0,0,0,0,0,0,0,0,0,0
352256,172,0,17,0,9,0,8,-0.00534,0.00189,1.1013,3111,0,0,0,0,0,0,0,0,0,0,0,0,0,0,0,0,0,0,0,0,0
354304,173,0,10,0,2,0,8,-0.00152,0.00179,1.1017,2974,0,0,0,0,0,0,0,0,0,0,0,0,0,0,0,0,0,0,0,0,0
356352,174,0,13,0,3,0,10,-0.006,0.00244,1.1325,3161,0,0,0,0,0,0,0,0,0,0,0,0,0,0,0,0,0,0,0,0,0
358400,175,0,11,0,3,0,8,-0.00211,0.00157,1.097,3093,0,0,0,0,0,0,0,0,0,0,0,0,0,0,0,0,0,0,0,0,0
360448,176,0,13,0,3,0,10,-0.00322,0.00147,1.1007,2841,0,0,0,0,0,0,0,0,0,0,0,0,0,0,0,0,0,0,0,0,0
362496,177,0,13,0,5,0,8,-0.00169,0.00115,1.1451,3082,0,0,0,0,0,0,0,0,0,0,0,0,0,0,0,0,0,0,0,0,0
364544,178,0,11,0,3,0,8,-0.00314,0.00101,1.1916,2857,0,0,0,0,0,0,0,0,0,0,0,0,0,0,0,0,0,0,0,0,0
366592,179,0,14,0,2,0,12,-0.00336,0.00115,1.2403,2701,0,0,0,0,0,0,0,0,0,0,0,0,0,0,0,0,0,0,0,0,0
368640,180,0,12,0,5,0,7,-0.00407,0.00065,1.228,3031,0,0,0,0,0,0,0,0,0,0,0,0,0,0,0,0,0,0,0,0,0
370688,181,0,17,0,6,0,11,-0.00403,0.00087,1.1782,2952,0,0,0,0,0,0,0,0,0,0,0,0,0,0,0,0,0,0,0,0,0
372736,182,0,9,0,1,0,8,-0.00441,0.0009,1.2413,2972,0,0,0,0,0,0,0,0,0,0,0,0,0,0,0,0,0,0,0,0,0
374784,183,0,22,0,16,0,6,-0.00558,0.00084,1.1443,2913,0,0,0,0,0,0,0,0,0,0,0,0,0,0,0,0,0,0,0,0,0
376832,184,0,9,0,1,0,8,-0.00347,0.00063,1.1194,3183,0,0,0,0,0,0,0,0,0,0,0,0,0,0,0,0,0,0,0,0,0
378880,185,0,15,0,4,0,11,-0.0035,0.00074,1.0803,2900,0,0,0,0,0,0,0,0,0,0,0,0,0,0,0,0,0,0,0,0,0
380928,186,0,13,0,3,0,10,-0.00035,0.00108,1.0809,2744,0,0,0,0,0,0,0,0,0,0,0,0,0,0,0,0,0,0,0,0,0
382976,187,0,8,0,1,0,7,-0.00284,0.00068,1.1356,2907,0,0,0,0,0,0,0,0,0,0,0,0,0,0,0,0,0,0,0,0,0
385024,188,0,15,0,6,0,9,-0.00152,0.00094,1.1165,2916,0,0,0,0,0,0,0,0,0,0,0,0,0,0,0,0,0,0,0,0,0
387072,189,0,13,0,3,0,10,-0.00234,0.00073,1.1636,3026,0,0,0,0,0,0,0,0,0,0,0,0,0,0,0,0,0,0,0,0,0
389120,190,0,11,0,3,0,8,-0.00501,0.00075,1.1273,2946,0,0,0,0,0,0,0,0,0,0,0,0,0,0,0,0,0,0,0,0,0
391168,191,0,15,0,5,0,10,-0.00361,0.0009,1.1172,3038,0,0,0,0,0,0,0,0,0,0,0,0,0,0,0,0,0,0,0,0,0
393216,192,0,13,0,1,0,12,-0.00148,0.00097,1.0883,2867,0,0,0,0,0,0,0,0,0,0,0,0,0,0,0,0,0,0,0,0,0
395264,193,0,12,0,3,0,9,-0.00332,0.0018,1.0564,3184,0,0,0,0,0,0,0,0,0,0,0,0,0,0,0,0,0,0,0,0,0
397312,194,0,12,0,4,0,8,0.0012,0.00116,1.0571,3087,0,0,0,0,0,0,0,0,0,0,0,0,0,0,0,0,0,0,0,0,0
399360,195,0,11,0,2,0,9,-0.00355,0.00075,1.0728,2711,0,0,0,0,0,0,0,0,0,0,0,0,0,0,0,0,0,0,0,0,0
401408,196,0,13,0,2,0,11,-0.00344,0.00122,1.0868,2753,0,0,0,0,0,0,0,0,0,0,0,0,0,0,0,0,0,0,0,0,0
403456,197,0,14,0,6,0,8,-0.00267,0.00143,1.0652,2783,0,0,0,0,0,0,0,0,0,0,0,0,0,0,0,0,0,0,0,0,0
405504,198,0,14,0,6,1,7,-0.00189,0.00292,1.0367,2835,0,0,0,0,0,0,0,0,0,0,0,0,0,0,0,0,0,0,0,0,0
407552,199,0,14,0,3,0,11,-0.00325,0.00169,1.0246,2911,0,0,0,0,0,0,0,0,0,0,0,0,0,0,0,0,0,0,0,0,0
409600,200,0,16,0,6,0,10,-0.0037,0.0013,1.0889,2718,0,0,0,0,0,0,0,0,0,0,0,0,0,0,0,0,0,0,0,0,0
411648,201,0,7,0,1,0,6,-0.00249,0.00087,1.1305,2876,0,0,0,0,0,0,0,0,0,0,0,0,0,0,0,0,0,0,0,0,0
413696,202,0,12,0,2,0,10,-0.00188,0.00084,1.1188,2986,0,0,0,0,0,0,0,0,0,0,0,0,0,0,0,0,0,0,0,0,0
415744,203,0,17,0,3,0,14,-0.00397,0.00068,1.0568,2821,0,0,0,0,0,0,0,0,0,0,0,0,0,0,0,0,0,0,0,0,0
417792,204,0,10,0,4,0,6,-0.00438,0.00128,0.9963,2768,0,0,0,0,0,0,0,0,0,0,0,0,0,0,0,0,0,0,0,0,0
419840,205,0,18,0,7,0,11,-0.00162,0.00126,0.9946,2881,0,0,0,0,0,0,0,0,0,0,0,0,0,0,0,0,0,0,0,0,0
421888,206,0,13,0,2,0,11,-0.00563,0.00124,0.9476,2906,0,0,0,0,0,0,0,0,0,0,0,0,0,0,0,0,0,0,0,0,0
423936,207,0,15,0,6,0,9,-0.00152,0.00145,0.9717,2854,0,0,0,0,0,0,0,0,0,0,0,0,0,0,0,0,0,0,0,0,0
425984,208,0,15,0,6,0,9,-0.0041,0.00133,1.0028,2714,0,0,0,0,0,0,0,0,0,0,0,0,0,0,0,0,0,0,0,0,0
428032,209,0,14,0,3,0,11,-0.00349,0.001,0.9926,2955,0,0,0,0,0,0,0,0,0,0,0,0,0,0,0,0,0,0,0,0,0
430080,210,0,14,0,5,0,9,-0.00495,0.00122,0.9302,2940,0,0,0,0,0,0,0,0,0,0,0,0,0,0,0,0,0,0,0,0,0
432128,211,0,10,0,1,0,9,-0.00537,0.00138,0.8923,3051,0,0,0,0,0,0,0,0,0,0,0,0,0,0,0,0,0,0,0,0,0
434176,212,0,13,0,1,0,12,-0.00453,0.00168,0.8706,3021,0,0,0,0,0,0,0,0,0,0,0,0,0,0,0,0,0,0,0,0,0
436224,213,0,14,0,4,0,10,-0.00285,0.00189,0.9188,2880,0,0,0,0,0,0,0,0,0,0,0,0,0,0,0,0,0,0,0,0,0
438272,214,0,10,0,2,0,8,-0.00132,0.00117,0.9128,3047,0,0,0,0,0,0,0,0,0,0,0,0,0,0,0,0,0,0,0,0,0
440320,215,0,15,0,2,0,13,-0.00202,0.00155,0.9479,2664,0,0,0,0,0,0,0,0,0,0,0,0,0,0,0,0,0,0,0,0,0
442368,216,0,11,0,4,0,7,-0.00575,0.00102,0.9561,3124,0,0,0,0,0,0,0,0,0,0,0,0,0,0,0,0,0,0,0,0,0
444416,217,0,11,0,1,0,10,-0.00517,0.00082,0.9396,2897,0,0,0,0,0,0,0,0,0,0,0,0,0,0,0,0,0,0,0,0,0
446464,218,0,18,0,4,0,14,-0.00235,0.00097,0.9511,2962,0,0,0,0,0,0,0,0,0,0,0,0,0,0,0,0,0,0,0,0,0
448512,219,0,9,0,2,0,7,-0.00194,0.00132,0.9591,2943,0,0,0,0,0,0,0,0,0,0,0,0,0,0,0,0,0,0,0,0,0
450560,220,0,12,0,1,0,11,-0.00224,0.00106,0.9194,2775,0,0,0,0,0,0,0,0,0,0,0,0,0,0,0,0,0,0,0,0,0
452608,221,0,15,0,4,0,11,-0.00139,0.00086,0.8771,2847,0,0,0,0,0,0,0,0,0,0,0,0,0,0,0,0,0,0,0,0,0
454656,222,0,13,0,4,0,9,-0.00086,0.00086,0.9183,2523,0,0,0,0,0,0,0,0,0,0,0,0,0,0,0,0,0,0,0,0,0
456704,223,0,17,0,7,0,10,-0.00389,0.00069,0.9273,2604,0,0,0,0,0,0,0,0,0,0,0,0,0,0,0,0,0,0,0,0,0
458752,224,0,15,0,6,0,9,-0.00192,0.00116,1.0236,2659,0,0,0,0,0,0,0,0,0,0,0,0,0,0,0,0,0,0,0,0,0
460800,225,0,14,0,5,0,9,-0.00609,0.00125,0.9533,2678,0,0,0,0,0,0,0,0,0,0,0,0,0,0,0,0,0,0,0,0,0
462848,226,0,15,0,5,0,10,-0.00171,0.00118,0.9778,2650,0,0,0,0,0,0,0,0,0,0,0,0,0,0,0,0,0,0,0,0,0
464896,227,0,10,0,2,0,8,-0.00339,0.00082,0.9628,2890,0,0,0,0,0,0,0,0,0,0,0,0,0,0,0,0,0,0,0,0,0
466944,228,0,17,0,5,0,12,-0.00145,0.00096,0.9637,2716,0,0,0,0,0,0,0,0,0,0,0,0,0,0,0,0,0,0,0,0,0
468992,229,0,12,0,3,0,9,-0.00429,0.00069,0.948,2764,0,0,0,0,0,0,0,0,0,0,0,0,0,0,0,0,0,0,0,0,0
471040,230,0,11,0,1,0,10,-0.00361,0.00087,0.949,2673,0,0,0,0,0,0,0,0,0,0,0,0,0,0,0,0,0,0,0,0,0
473088,231,0,14,0,3,0,11,-0.00101,0.00105,0.9847,2931,0,0,0,0,0,0,0,0,0,0,0,0,0,0,0,0,0,0,0,0,0
475136,232,0,12,0,4,0,8,-0.00423,0.00076,0.9589,2944,0,0,0,0,0,0,0,0,0,0,0,0,0,0,0,0,0,0,0,0,0
477184,233,0,11,0,2,0,9,-0.0038,0.00096,0.9294,3021,0,0,0,0,0,0,0,0,0,0,0,0,0,0,0,0,0,0,0,0,0
479232,234,0,10,0,3,0,7,-0.00315,0.00075,0.9211,2972,0,0,0,0,0,0,0,0,0,0,0,0,0,0,0,0,0,0,0,0,0
481280,235,0,16,0,7,0,9,-0.00397,0.00088,0.8961,3077,0,0,0,0,0,0,0,0,0,0,0,0,0,0,0,0,0,0,0,0,0
483328,236,0,19,0,6,1,12,-0.00176,0.00089,0.891,2930,0,0,0,0,0,0,0,0,0,0,0,0,0,0,0,0,0,0,0,0,0
485376,237,0,12,0,5,0,7,-0.00344,0.00091,0.8761,2983,0,0,0,0,0,0,0,0,0,0,0,0,0,0,0,0,0,0,0,0,0
487424,238,0,17,0,7,0,10,-0.00299,0.00149,0.8908,3034,0,0,0,0,0,0,0,0,0,0,0,0,0,0,0,0,0,0,0,0,0
489472,239,0,13,0,2,0,11,-0.00232,0.00108,0.9434,3031,0,0,0,0,0,0,0,0,0,0,0,0,0,0,0,0,0,0,0,0,0
491520,240,0,11,0,4,0,7,-0.00359,0.0012,0.9474,2794,0,0,0,0,0,0,0,0,0,0,0,0,0,0,0,0,0,0,0,0,0
493568,241,0,19,0,5,0,14,-0.00269,0.00156,0.9026,2928,0,0,0,0,0,0,0,0,0,0,0,0,0,0,0,0,0,0,0,0,0
495616,242,0,12,0,5,0,7,-0.00522,0.0009,0.9038,2950,0,0,0,0,0,0,0,0,0,0,0,0,0,0,0,0,0,0,0,0,0
497664,243,0,10,0,1,0,9,-0.00359,0.00159,0.8563,3020,0,0,0,0,0,0,0,0,0,0,0,0,0,0,0,0,0,0,0,0,0
499712,244,0,17,0,4,0,13,-0.00497,0.00251,0.8949,3021,0,0,0,0,0,0,0,0,0,0,0,0,0,0,0,0,0,0,0,0,0
501760,245,0,10,0,2,0,8,-0.0035,0.00134,0.864,2946,0,0,0,0,0,0,0,0,0,0,0,0,0,0,0,0,0,0,0,0,0
503808,246,0,14,0,4,0,10,-0.00254,0.00206,0.8492,2867,0,0,0,0,0,0,0,0,0,0,0,0,0,0,0,0,0,0,0,0,0
505856,247,0,15,0,4,0,11,-0.00265,0.00091,0.8678,2960,0,0,0,0,0,0,0,0,0,0,0,0,0,0,0,0,0,0,0,0,0
507904,248,0,8,0,2,0,6,-0.00358,0.00086,0.9146,3041,0,0,0,0,0,0,0,0,0,0,0,0,0,0,0,0,0,0,0,0,0
509952,249,0,22,0,8,0,14,-0.00247,0.00109,0.9099,3306,0,0,0,0,0,0,0,0,0,0,0,0,0,0,0,0,0,0,0,0,0
512000,250,0,11,0,2,0,9,-0.00355,0.00112,0.9129,2993,0,0,0,0,0,0,0,0,0,0,0,0,0,0,0,0,0,0,0,0,0
514048,251,0,18,0,11,0,7,-0.00493,0.00106,0.9155,3018,0,0,0,0,0,0,0,0,0,0,0,0,0,0,0,0,0,0,0,0,0
516096,252,0,9,0,2,0,7,0.00223,0.00089,0.9147,3205,0,0,0,0,0,0,0,0,0,0,0,0,0,0,0,0,0,0,0,0,0
518144,253,0,16,0,4,0,12,-0.00195,0.00128,0.9171,2954,0,0,0,0,0,0,0,0,0,0,0,0,0,0,0,0,0,0,0,0,0
520192,254,0,14,0,4,0,10,-0.00694,0.00091,0.9418,3134,0,0,0,0,0,0,0,0,0,0,0,0,0,0,0,0,0,0,0,0,0
522240,255,0,14,0,6,0,8,-0.00469,0.00111,0.9307,2699,0,0,0,0,0,0,0,0,0,0,0,0,0,0,0,0,0,0,0,0,0
524288,256,0,14,0,4,0,10,0.00118,0.00115,0.9632,2775,0,0,0,0,0,0,0,0,0,0,0,0,0,0,0,0,0,0,0,0,0
526336,257,0,15,0,5,0,10,-0.00252,0.00115,0.9516,2710,0,0,0,0,0,0,0,0,0,0,0,0,0,0,0,0,0,0,0,0,0
528384,258,0,11,0,1,0,10,-0.00191,0.0008,0.9631,2523,0,0,0,0,0,0,0,0,0,0,0,0,0,0,0,0,0,0,0,0,0
530432,259,0,15,1,7,0,7,0.00025,0.00159,0.9361,2810,0,0,0,0,0,0,0,0,0,0,0,0,0,0,0,0,0,0,0,0,0
532480,260,0,9,0,2,0,7,-0.00145,0.00115,0.932,2847,0,0,0,0,0,0,0,0,0,0,0,0,0,0,0,0,0,0,0,0,0
534528,261,0,18,0,5,0,13,-0.00523,0.00123,0.9263,2899,0,0,0,0,0,0,0,0,0,0,0,0,0,0,0,0,0,0,0,0,0
536576,262,0,12,0,3,0,9,-0.00417,0.00103,0.9431,2872,0,0,0,0,0,0,0,0,0,0,0,0,0,0,0,0,0,0,0,0,0
538624,263,0,10,0,3,1,6,-0.00275,0.00105,0.9388,3022,0,0,0,0,0,0,0,0,0,0,0,0,0,0,0,0,0,0,0,0,0
540672,264,0,14,0,4,0,10,-0.0044,0.00121,0.9491,3080,0,0,0,0,0,0,0,0,0,0,0,0,0,0,0,0,0,0,0,0,0
542720,265,0,12,0,1,0,11,-0.00393,0.00096,0.9948,3038,0,0,0,0,0,0,0,0,0,0,0,0,0,0,0,0,0,0,0,0,0
544768,266,0,8,0,2,0,6,-0.00335,0.00092,0.9825,3002,0,0,0,0,0,0,0,0,0,0,0,0,0,0,0,0,0,0,0,0,0
546816,267,0,13,0,1,0,12,-0.0037,0.00094,1.0119,2861,0,0,0,0,0,0,0,0,0,0,0,0,0,0,0,0,0,0,0,0,0
548864,268,0,13,0,2,0,11,-0.00437,0.0009,0.978,2779,0,0,0,0,0,0,0,0,0,0,0,0,0,0,0,0,0,0,0,0,0
550912,269,0,13,0,6,1,6,-0.0031,0.00129,0.9347,2901,0,0,0,0,0,0,0,0,0,0,0,0,0,0,0,0,0,0,0,0,0
552960,270,0,18,0,5,0,13,-0.00409,0.00131,0.9707,3192,0,0,0,0,0,0,0,0,0,0,0,0,0,0,0,0,0,0,0,0,0
555008,271,0,8,0,2,0,6,-0.00271,0.00078,0.8983,2879,0,0,0,0,0,0,0,0,0,0,0,0,0,0,0,0,0,0,0,0,0
557056,272,0,12,0,4,0,8,-0.00401,0.00112,0.9745,3036,0,0,0,0,0,0,0,0,0,0,0,0,0,0,0,0,0,0,0,0,0
559104,273,0,14,0,1,0,13,-0.00611,0.001,0.9498,3189,0,0,0,0,0,0,0,0,0,0,0,0,0,0,0,0,0,0,0,0,0
561152,274,0,15,0,5,2,8,-0.00166,0.00115,0.9771,3151,0,0,0,0,0,0,0,0,0,0,0,0,0,0,0,0,0,0,0,0,0
563200,275,0,14,0,5,0,9,-0.00471,0.00117,0.953,3069,0,0,0,0,0,0,0,0,0,0,0,0,0,0,0,0,0,0,0,0,0
565248,276,0,10,0,0,0,10,-0.00323,0.0012,0.9645,2786,0,0,0,0,0,0,0,0,0,0,0,0,0,0,0,0,0,0,0,0,0
567296,277,0,14,0,4,0,10,-0.00192,0.00121,0.9403,2780,0,0,0,0,0,0,0,0,0,0,0,0,0,0,0,0,0,0,0,0,0
569344,278,0,13,0,5,0,8,-0.00292,0.00142,0.8773,3046,0,0,0,0,0,0,0,0,0,0,0,0,0,0,0,0,0,0,0,0,0
571392,279,0,10,0,2,0,8,-0.0023,0.00084,0.8646,2920,0,0,0,0,0,0,0,0,0,0,0,0,0,0,0,0,0,0,0,0,0
573440,280,0,10,0,2,0,8,-0.0038,0.00123,0.8508,2875,0,0,0,0,0,0,0,0,0,0,0,0,0,0,0,0,0,0,0,0,0
575488,281,0,15,0,1,0,14,-0.00516,0.00132,0.8556,3055,0,0,0,0,0,0,0,0,0,0,0,0,0,0,0,0,0,0,0,0,0
577536,282,0,6,0,0,0,6,-0.00188,0.00093,0.8613,2751,0,0,0,0,0,0,0,0,0,0,0,0,0,0,0,0,0,0,0,0,0
579584,283,0,17,0,5,0,12,0.00062,0.0013,0.7957,2560,0,0,0,0,0,0,0,0,0,0,0,0,0,0,0,0,0,0,0,0,0
581632,284,0,13,0,0,0,13,-0.0042,0.00148,0.7805,2960,0,0,0,0,0,0,0,0,0,0,0,0,0,0,0,0,0,0,0,0,0
583680,285,0,10,0,3,0,7,-0.00134,0.00096,0.7432,3068,0,0,0,0,0,0,0,0,0,0,0,0,0,0,0,0,0,0,0,0,0
585728,286,0,9,0,1,0,8,-0.00108,0.00146,0.7497,2775,0,0,0,0,0,0,0,0,0,0,0,0,0,0,0,0,0,0,0,0,0
587776,287,0,18,0,4,0,14,-0.00294,0.00169,0.7726,2971,0,0,0,0,0,0,0,0,0,0,0,0,0,0,0,0,0,0,0,0,0
589824,288,0,10,0,2,0,8,-0.00282,0.0009,0.7451,2762,0,0,0,0,0,0,0,0,0,0,0,0,0,0,0,0,0,0,0,0,0
591872,289,0,9,0,1,0,8,-0.00318,0.00103,0.7138,2892,0,0,0,0,0,0,0,0,0,0,0,0,0,0,0,0,0,0,0,0,0
593920,290,0,13,0,0,0,13,-0.00022,0.0013,0.7582,2936,0,0,0,0,0,0,0,0,0,0,0,0,0,0,0,0,0,0,0,0,0
595968,291,0,12,0,2,0,10,-0.00321,0.00139,0.7393,3092,0,0,0,0,0,0,0,0,0,0,0,0,0,0,0,0,0,0,0,0,0
598016,292,0,11,0,5,0,6,-0.00578,0.00141,0.705,3197,0,0,0,0,0,0,0,0,0,0,0,0,0,0,0,0,0,0,0,0,0
600064,293,0,13,0,0,0,13,-0.00283,0.00163,0.74,2999,0,0,0,0,0,0,0,0,0,0,0,0,0,0,0,0,0,0,0,0,0
602112,294,0,12,0,3,0,9,-9e-05,0.00224,0.7689,2948,0,0,0,0,0,0,0,0,0,0,0,0,0,0,0,0,0,0,0,0,0
604160,295,0,9,0,1,0,8,-0.00501,0.00116,0.7313,2939,0,0,0,0,0,0,0,0,0,0,0,0,0,0,0,0,0,0,0,0,0
606208,296,0,14,0,2,0,12,-0.00257,0.00127,0.7088,2918,0,0,0,0,0,0,0,0,0,0,0,0,0,0,0,0,0,0,0,0,0
608256,297,0,12,0,0,0,12,0.00161,0.00081,0.7009,3178,0,0,0,0,0,0,0,0,0,0,0,0,0,0,0,0,0,0,0,0,0
610304,298,0,6,0,0,0,6,-0.00292,0.00142,0.7662,3109,0,0,0,0,0,0,0,0,0,0,0,0,0,0,0,0,0,0,0,0,0
612352,299,0,16,0,4,0,12,-0.0056,0.00162,0.8511,2948,0,0,0,0,0,0,0,0,0,0,0,0,0,0,0,0,0,0,0,0,0
614400,300,0,9,0,1,0,8,-0.00353,0.00096,0.8357,2936,0,0,0,0,0,0,0,0,0,0,0,0,0,0,0,0,0,0,0,0,0
616448,301,0,13,0,3,0,10,-0.00369,0.00117,0.8247,3132,0,0,0,0,0,0,0,0,0,0,0,0,0,0,0,0,0,0,0,0,0
618496,302,0,13,0,2,0,11,0.00066,0.00079,0.8018,3240,0,0,0,0,0,0,0,0,0,0,0,0,0,0,0,0,0,0,0,0,0
620544,303,0,8,0,1,0,7,-0.00387,0.00105,0.8868,3078,0,0,0,0,0,0,0,0,0,0,0,0,0,0,0,0,0,0,0,0,0
622592,304,0,15,0,4,0,11,-0.00251,0.00126,0.8495,3043,0,0,0,0,0,0,0,0,0,0,0,0,0,0,0,0,0,0,0,0,0
624640,305,0,12,0,1,0,11,-0.00409,0.00122,0.8578,2971,0,0,0,0,0,0,0,0,0,0,0,0,0,0,0,0,0,0,0,0,0
626688,306,0,9,0,1,0,8,-0.00354,0.00114,0.8728,3041,0,0,0,0,0,0,0,0,0,0,0,0,0,0,0,0,0,0,0,0,0
628736,307,0,14,0,4,0,10,0.00395,0.00143,0.8076,3003,0,0,0,0,0,0,0,0,0,0,0,0,0,0,0,0,0,0,0,0,0
630784,308,0,14,0,3,0,11,-0.00428,0.0015,0.8295,3084,0,0,0,0,0,0,0,0,0,0,0,0,0,0,0,0,0,0,0,0,0
632832,309,0,10,0,1,0,9,-0.00445,0.00132,0.8656,2848,0,0,0,0,0,0,0,0,0,0,0,0,0,0,0,0,0,0,0,0,0
634880,310,0,14,0,3,0,11,-0.00252,0.00133,0.8691,2983,0,0,0,0,0,0,0,0,0,0,0,0,0,0,0,0,0,0,0,0,0
636928,311,0,9,0,0,0,9,-0.00255,0.00113,0.9213,2813,0,0,0,0,0,0,0,0,0,0,0,0,0,0,0,0,0,0,0,0,0
638976,312,0,13,0,4,1,8,-0.00206,0.00162,0.8235,2654,0,0,0,0,0,0,0,0,0,0,0,0,0,0,0,0,0,0,0,0,0
641024,313,0,14,0,3,0,11,-0.00177,0.00117,0.8205,2944,0,0,0,0,0,0,0,0,0,0,0,0,0,0,0,0,0,0,0,0,0
643072,314,0,9,0,1,0,8,-0.00102,0.00125,0.7569,2930,0,0,0,0,0,0,0,0,0,0,0,0,0,0,0,0,0,0,0,0,0
645120,315,0,14,0,5,0,9,-0.00055,0.00131,0.7958,2885,0,0,0,0,0,0,0,0,0,0,0,0,0,0,0,0,0,0,0,0,0
647168,316,0,20,0,10,0,10,-0.00425,0.00122,0.8292,3108,0,0,0,0,0,0,0,0,0,0,0,0,0,0,0,0,0,0,0,0,0
649216,317,0,10,0,3,0,7,-0.0045,0.00108,0.8407,3110,0,0,0,0,0,0,0,0,0,0,0,0,0,0,0,0,0,0,0,0,0
651264,318,0,14,0,2,0,12,-0.00171,0.00123,0.8415,2849,0,0,0,0,0,0,0,0,0,0,0,0,0,0,0,0,0,0,0,0,0
653312,319,0,11,0,3,0,8,-0.0059,0.00098,0.8269,2792,0,0,0,0,0,0,0,0,0,0,0,0,0,0,0,0,0,0,0,0,0
655360,320,0,13,0,5,0,8,-0.00168,0.00118,0.8427,2818,0,0,0,0,0,0,0,0,0,0,0,0,0,0,0,0,0,0,0,0,0
657408,321,0,14,0,3,0,11,-0.00342,0.00091,0.8994,3101,0,0,0,0,0,0,0,0,0,0,0,0,0,0,0,0,0,0,0,0,0
659456,322,0,13,0,3,0,10,-0.00391,0.00125,0.9503,3126,0,0,0,0,0,0,0,0,0,0,0,0,0,0,0,0,0,0,0,0,0
661504,323,0,9,1,0,0,8,-0.00125,0.00147,0.9121,3012,0,0,0,0,0,0,0,0,0,0,0,0,0,0,0,0,0,0,0,0,0
663552,324,0,16,0,6,0,10,-0.00585,0.0019,0.9119,3107,0,0,0,0,0,0,0,0,0,0,0,0,0,0,0,0,0,0,0,0,0
665600,325,0,15,0,4,0,11,-0.00407,0.00162,0.8699,3227,0,0,0,0,0,0,0,0,0,0,0,0,0,0,0,0,0,0,0,0,0
667648,326,0,8,0,1,0,7,-0.00203,0.00123,0.8717,3216,0,0,0,0,0,0,0,0,0,0,0,0,0,0,0,0,0,0,0,0,0
669696,327,0,11,0,2,0,9,-0.0046,0.00141,0.7903,3162,0,0,0,0,0,0,0,0,0,0,0,0,0,0,0,0,0,0,0,0,0
671744,328,0,18,0,4,0,14,-0.00408,0.00135,0.8664,3187,0,0,0,0,0,0,0,0,0,0,0,0,0,0,0,0,0,0,0,0,0
673792,329,0,9,0,3,0,6,-0.00406,0.00115,0.8785,2881,0,0,0,0,0,0,0,0,0,0,0,0,0,0,0,0,0,0,0,0,0
675840,330,0,13,0,4,0,9,-0.00203,0.00134,0.8188,2718,0,0,0,0,0,0,0,0,0,0,0,0,0,0,0,0,0,0,0,0,0
677888,331,0,15,0,4,0,11,-0.00061,0.00183,0.8196,2580,0,0,0,0,0,0,0,0,0,0,0,0,0,0,0,0,0,0,0,0,0
679936,332,0,10,0,1,0,9,0.00199,0.0013,0.8543,2634,0,0,0,0,0,0,0,0,0,0,0,0,0,0,0,0,0,0,0,0,0
681984,333,0,12,0,1,0,11,-0.00361,0.00114,0.8725,2920,0,0,0,0,0,0,0,0,0,0,0,0,0,0,0,0,0,0,0,0,0
684032,334,0,16,0,5,0,11,-0.00128,0.00147,0.9064,3169,0,0,0,0,0,0,0,0,0,0,0,0,0,0,0,0,0,0,0,0,0
686080,335,0,12,0,5,0,7,-0.004,0.00122,0.8329,2905,0,0,0,0,0,0,0,0,0,0,0,0,0,0,0,0,0,0,0,0,0
688128,336,0,13,0,2,0,11,-0.00632,0.00121,0.9035,2817,0,0,0,0,0,0,0,0,0,0,0,0,0,0,0,0,0,0,0,0,0
690176,337,0,9,0,2,0,7,-0.0051,0.00107,0.9314,2910,0,0,0,0,0,0,0,0,0,0,0,0,0,0,0,0,0,0,0,0,0
692224,338,0,17,0,6,0,11,-0.00472,0.00156,0.8922,2814,0,0,0,0,0,0,0,0,0,0,0,0,0,0,0,0,0,0,0,0,0
694272,339,0,15,0,4,0,11,-0.0025,0.00141,0.8423,2754,0,0,0,0,0,0,0,0,0,0,0,0,0,0,0,0,0,0,0,0,0
696320,340,0,8,0,1,0,7,-0.00595,0.00112,0.8661,3168,0,0,0,0,0,0,0,0,0,0,0,0,0,0,0,0,0,0,0,0,0
698368,341,0,15,0,2,1,12,-0.00254,0.00135,0.8473,3140,0,0,0,0,0,0,0,0,0,0,0,0,0,0,0,0,0,0,0,0,0
700416,342,0,15,0,6,0,9,-0.00243,0.00141,0.8499,2917,0,0,0,0,0,0,0,0,0,0,0,0,0,0,0,0,0,0,0,0,0
702464,343,0,10,0,4,0,6,-0.00551,0.00107,0.8045,3119,0,0,0,0,0,0,0,0,0,0,0,0,0,0,0,0,0,0,0,0,0
704512,344,0,14,0,1,0,13,-0.00556,0.00125,0.7511,3058,0,0,0,0,0,0,0,0,0,0,0,0,0,0,0,0,0,0,0,0,0
706560,345,0,10,0,1,0,9,-0.00223,0.00148,0.8596,3030,0,0,0,0,0,0,0,0,0,0,0,0,0,0,0,0,0,0,0,0,0
708608,346,0,11,0,2,0,9,-0.00314,0.00088,0.9004,3067,0,0,0,0,0,0,0,0,0,0,0,0,0,0,0,0,0,0,0,0,0
710656,347,0,12,0,1,0,11,-0.00414,0.0008,0.8662,2873,0,0,0,0,0,0,0,0,0,0,0,0,0,0,0,0,0,0,0,0,0
712704,348,0,11,0,0,0,11,-0.00484,0.00113,0.7598,3096,0,0,0,0,0,0,0,0,0,0,0,0,0,0,0,0,0,0,0,0,0
714752,349,0,12,0,3,0,9,-0.00229,0.00097,0.8005,3060,0,0,0,0,0,0,0,0,0,0,0,0,0,0,0,0,0,0,0,0,0
716800,350,0,15,0,5,0,10,-0.00257,0.0013,0.8085,3227,0,0,0,0,0,0,0,0,0,0,0,0,0,0,0,0,0,0,0,0,0
718848,351,0,11,0,2,0,9,-0.00125,0.00139,0.8681,3053,0,0,0,0,0,0,0,0,0,0,0,0,0,0,0,0,0,0,0,0,0
720896,352,0,12,0,1,0,11,-0.00333,0.00131,0.8895,3197,0,0,0,0,0,0,0,0,0,0,0,0,0,0,0,0,0,0,0,0,0
722944,353,0,12,0,2,0,10,-0.00285,0.00157,0.9066,2786,0,0,0,0,0,0,0,0,0,0,0,0,0,0,0,0,0,0,0,0,0
724992,354,0,10,0,2,1,7,-0.00579,0.0012,0.8824,2786,0,0,0,0,0,0,0,0,0,0,0,0,0,0,0,0,0,0,0,0,0
727040,355,0,13,0,2,0,11,-0.00354,0.00131,0.9333,2830,0,0,0,0,0,0,0,0,0,0,0,0,0,0,0,0,0,0,0,0,0
729088,356,0,16,0,4,0,12,-0.00347,0.00122,0.8714,2831,0,0,0,0,0,0,0,0,0,0,0,0,0,0,0,0,0,0,0,0,0
731136,357,0,8,0,3,0,5,-0.00235,0.00095,0.9475,2741,0,0,0,0,0,0,0,0,0,0,0,0,0,0,0,0,0,0,0,0,0
733184,358,0,14,0,3,0,11,0.00018,0.0013,0.9215,3092,0,0,0,0,0,0,0,0,0,0,0,0,0,0,0,0,0,0,0,0,0
735232,359,0,16,0,2,0,14,-0.00695,0.00115,0.9414,2798,0,0,0,0,0,0,0,0,0,0,0,0,0,0,0,0,0,0,0,0,0
737280,360,0,6,0,0,0,6,-0.00114,0.00059,1.0233,3222,0,0,0,0,0,0,0,0,0,0,0,0,0,0,0,0,0,0,0,0,0
739328,361,0,15,0,4,0,11,-0.00532,0.00106,0.848,3150,0,0,0,0,0,0,0,0,0,0,0,0,0,0,0,0,0,0,0,0,0
741376,362,0,13,0,0,0,13,-0.00334,0.00111,0.8625,3184,0,0,0,0,0,0,0,0,0,0,0,0,0,0,0,0,0,0,0,0,0
743424,363,0,8,0,2,0,6,-0.00447,0.00081,0.9193,3266,0,0,0,0,0,0,0,0,0,0,0,0,0,0,0,0,0,0,0,0,0
745472,364,0,14,0,2,0,12,-0.00214,0.00106,0.894,2810,0,0,0,0,0,0,0,0,0,0,0,0,0,0,0,0,0,0,0,0,0
747520,365,0,11,0,1,0,10,-0.00194,0.00125,0.9293,2788,0,0,0,0,0,0,0,0,0,0,0,0,0,0,0,0,0,0,0,0,0
749568,366,0,10,0,3,0,7,-0.00697,0.00086,0.9297,3137,0,0,0,0,0,0,0,0,0,0,0,0,0,0,0,0,0,0,0,0,0
751616,367,0,14,0,4,0,10,-0.00036,0.00116,0.9273,3094,0,0,0,0,0,0,0,0,0,0,0,0,0,0,0,0,0,0,0,0,0
753664,368,0,12,0,4,0,8,-0.00477,0.00128,0.9278,3295,0,0,0,0,0,0,0,0,0,0,0,0,0,0,0,0,0,0,0,0,0
755712,369,0,11,0,1,0,10,-0.00613,0.00076,0.8967,2985,0,0,0,0,0,0,0,0,0,0,0,0,0,0,0,0,0,0,0,0,0
757760,370,0,11,0,2,0,9,-0.00448,0.00101,0.9088,2955,0,0,0,0,0,0,0,0,0,0,0,0,0,0,0,0,0,0,0,0,0
759808,371,0,11,0,0,0,11,-0.00213,0.00075,0.8766,3153,0,0,0,0,0,0,0,0,0,0,0,0,0,0,0,0,0,0,0,0,0
761856,372,0,12,0,1,0,11,-0.00326,0.00186,0.8686,3098,0,0,0,0,0,0,0,0,0,0,0,0,0,0,0,0,0,0,0,0,0
763904,373,0,10,0,2,0,8,-0.00425,0.00188,0.914,3156,0,0,0,0,0,0,0,0,0,0,0,0,0,0,0,0,0,0,0,0,0
765952,374,0,10,0,1,0,9,-0.00025,0.00087,0.9685,3145,0,0,0,0,0,0,0,0,0,0,0,0,0,0,0,0,0,0,0,0,0
768000,375,0,11,0,1,0,10,-0.00536,0.00131,0.9053,2633,0,0,0,0,0,0,0,0,0,0,0,0,0,0,0,0,0,0,0,0,0
770048,376,0,13,0,0,0,13,-0.0026,0.00131,0.8679,2637,0,0,0,0,0,0,0,0,0,0,0,0,0,0,0,0,0,0,0,0,0
772096,377,0,8,0,1,0,7,-0.00416,0.00086,0.9296,2703,0,0,0,0,0,0,0,0,0,0,0,0,0,0,0,0,0,0,0,0,0
774144,378,0,11,0,0,0,11,-0.00292,0.00092,0.9147,3076,0,0,0,0,0,0,0,0,0,0,0,0,0,0,0,0,0,0,0,0,0
776192,379,0,16,0,4,0,12,0.00095,0.00114,0.8438,3115,0,0,0,0,0,0,0,0,0,0,0,0,0,0,0,0,0,0,0,0,0
778240,380,0,12,0,4,0,8,-0.00293,0.00124,0.8212,2898,0,0,0,0,0,0,0,0,0,0,0,0,0,0,0,0,0,0,0,0,0
780288,381,0,11,0,2,0,9,-0.00349,0.00112,0.8837,3020,0,0,0,0,0,0,0,0,0,0,0,0,0,0,0,0,0,0,0,0,0
782336,382,0,17,0,3,0,14,-0.00076,0.00132,0.7932,2990,0,0,0,0,0,0,0,0,0,0,0,0,0,0,0,0,0,0,0,0,0
784384,383,0,8,0,3,0,5,-0.00282,0.00088,0.8956,3041,0,0,0,0,0,0,0,0,0,0,0,0,0,0,0,0,0,0,0,0,0
786432,384,0,12,0,1,0,11,-0.00318,0.00116,0.9151,2681,0,0,0,0,0,0,0,0,0,0,0,0,0,0,0,0,0,0,0,0,0
788480,385,0,15,0,1,0,14,-0.00256,0.00109,0.9091,2928,0,0,0,0,0,0,0,0,0,0,0,0,0,0,0,0,0,0,0,0,0
790528,386,0,8,0,2,0,6,-0.00223,0.00117,0.8458,2904,0,0,0,0,0,0,0,0,0,0,0,0,0,0,0,0,0,0,0,0,0
792576,387,0,13,0,1,0,12,-0.00573,0.00134,0.8391,2699,0,0,0,0,0,0,0,0,0,0,0,0,0,0,0,0,0,0,0,0,0
794624,388,0,10,0,0,0,10,-0.0035,0.00109,0.8426,3030,0,0,0,0,0,0,0,0,0,0,0,0,0,0,0,0,0,0,0,0,0
796672,389,0,9,0,1,0,8,-0.00259,0.00123,0.8768,2904,0,0,0,0,0,0,0,0,0,0,0,0,0,0,0,0,0,0,0,0,0
798720,390,0,13,0,2,0,11,-0.00703,0.00101,0.8686,2828,0,0,0,0,0,0,0,0,0,0,0,0,0,0,0,0,0,0,0,0,0
800768,391,0,9,0,1,0,8,-0.00388,0.00095,0.8984,2900,0,0,0,0,0,0,0,0,0,0,0,0,0,0,0,0,0,0,0,0,0
802816,392,0,12,0,3,0,9,-0.00119,0.00107,0.9315,2717,0,0,0,0,0,0,0,0,0,0,0,0,0,0,0,0,0,0,0,0,0
804864,393,0,11,0,0,0,11,-0.00318,0.00066,0.9463,2956,0,0,0,0,0,0,0,0,0,0,0,0,0,0,0,0,0,0,0,0,0
806912,394,0,13,0,3,0,10,-0.00337,0.00127,0.8567,3159,0,0,0,0,0,0,0,0,0,0,0,0,0,0,0,0,0,0,0,0,0
808960,395,0,12,0,4,0,8,-0.00295,0.00089,0.8493,3155,0,0,0,0,0,0,0,0,0,0,0,0,0,0,0,0,0,0,0,0,0
811008,396,0,16,0,4,0,12,-0.00195,0.0012,0.8796,2917,0,0,0,0,0,0,0,0,0,0,0,0,0,0,0,0,0,0,0,0,0
813056,397,0,11,0,4,0,7,-0.00249,0.00113,0.9203,2991,0,0,0,0,0,0,0,0,0,0,0,0,0,0,0,0,0,0,0,0,0
815104,398,0,13,0,3,0,10,-0.00087,0.00102,0.8178,2891,0,0,0,0,0,0,0,0,0,0,0,0,0,0,0,0,0,0,0,0,0
817152,399,0,13,0,5,0,8,-0.00419,0.00115,0.8423,2657,0,0,0,0,0,0,0,0,0,0,0,0,0,0,0,0,0,0,0,0,0
819200,400,0,14,0,3,0,11,-0.00322,0.00097,0.8822,3061,0,0,0,0,0,0,0,0,0,0,0,0,0,0,0,0,0,0,0,0,0
821248,401,0,10,0,0,0,10,-0.00194,0.00074,0.8814,2823,0,0,0,0,0,0,0,0,0,0,0,0,0,0,0,0,0,0,0,0,0
823296,402,0,13,0,2,0,11,-0.00326,0.00085,0.8577,3051,0,0,0,0,0,0,0,0,0,0,0,0,0,0,0,0,0,0,0,0,0
825344,403,0,9,0,0,0,9,-0.0006,0.00109,0.8567,2977,0,0,0,0,0,0,0,0,0,0,0,0,0,0,0,0,0,0,0,0,0
827392,404,0,10,0,0,0,10,-0.00215,0.00092,0.8811,2796,0,0,0,0,0,0,0,0,0,0,0,0,0,0,0,0,0,0,0,0,0
829440,405,0,13,0,1,0,12,0.00155,0.0012,0.8582,2714,0,0,0,0,0,0,0,0,0,0,0,0,0,0,0,0,0,0,0,0,0
831488,406,0,10,0,0,0,10,-0.00251,0.00118,0.866,2263,0,0,0,0,0,0,0,0,0,0,0,0,0,0,0,0,0,0,0,0,0
833536,407,0,10,0,0,0,10,-0.00193,0.0009,0.8744,2592,0,0,0,0,0,0,0,0,0,0,0,0,0,0,0,0,0,0,0,0,0
835584,408,0,12,0,1,0,11,-0.00182,0.00107,0.8128,2546,0,0,0,0,0,0,0,0,0,0,0,0,0,0,0,0,0,0,0,0,0
837632,409,0,12,0,1,0,11,-0.00406,0.00087,0.8154,2520,0,0,0,0,0,0,0,0,0,0,0,0,0,0,0,0,0,0,0,0,0
839680,410,0,14,0,4,0,10,-0.00437,0.00096,0.8097,2639,0,0,0,0,0,0,0,0,0,0,0,0,0,0,0,0,0,0,0,0,0
841728,411,0,8,0,0,0,8,-0.00092,0.00079,0.7821,2748,0,0,0,0,0,0,0,0,0,0,0,0,0,0,0,0,0,0,0,0,0
843776,412,0,11,0,1,0,10,-0.00286,0.00074,0.7276,2723,0,0,0,0,0,0,0,0,0,0,0,0,0,0,0,0,0,0,0,0,0
845824,413,0,12,0,1,0,11,-0.00561,0.00091,0.8335,2797,0,0,0,0,0,0,0,0,0,0,0,0,0,0,0,0,0,0,0,0,0
847872,414,0,11,0,1,0,10,0.00018,0.00078,0.8351,2945,0,0,0,0,0,0,0,0,0,0,0,0,0,0,0,0,0,0,0,0,0
849920,415,0,11,0,1,0,10,-0.00447,0.00085,0.899,2605,0,0,0,0,0,0,0,0,0,0,0,0,0,0,0,0,0,0,0,0,0
851968,416,0,12,0,1,0,11,-0.0057,0.001,0.9446,2830,0,0,0,0,0,0,0,0,0,0,0,0,0,0,0,0,0,0,0,0,0
854016,417,0,12,0,4,1,7,-0.00434,0.00107,1.0487,2499,0,0,0,0,0,0,0,0,0,0,0,0,0,0,0,0,0,0,0,0,0
856064,418,0,13,0,2,0,11,-0.00464,0.00091,1.0154,2724,0,0,0,0,0,0,0,0,0,0,0,0,0,0,0,0,0,0,0,0,0
858112,419,0,8,0,2,0,6,0.00078,0.00083,0.9878,2815,0,0,0,0,0,0,0,0,0,0,0,0,0,0,0,0,0,0,0,0,0
860160,420,0,16,0,1,1,14,-0.00441,0.00106,0.9453,2868,0,0,0,0,0,0,0,0,0,0,0,0,0,0,0,0,0,0,0,0,0
862208,421,0,10,0,1,0,9,-0.00423,0.00085,0.9316,2783,0,0,0,0,0,0,0,0,0,0,0,0,0,0,0,0,0,0,0,0,0
864256,422,0,11,1,3,0,7,-0.00333,0.00094,0.9873,2782,0,0,0,0,0,0,0,0,0,0,0,0,0,0,0,0,0,0,0,0,0
866304,423,0,15,1,3,0,11,0.00018,0.00106,0.9627,2832,0,0,0,0,0,0,0,0,0,0,0,0,0,0,0,0,0,0,0,0,0
868352,424,0,11,0,4,0,7,-0.00458,0.00089,0.9637,2830,0,0,0,0,0,0,0,0,0,0,0,0,0,0,0,0,0,0,0,0,0
870400,425,0,10,0,0,1,9,-0.00383,0.00058,0.9924,2890,0,0,0,0,0,0,0,0,0,0,0,0,0,0,0,0,0,0,0,0,0
872448,426,0,14,0,4,0,10,-0.003,0.00091,0.9959,2536,0,0,0,0,0,0,0,0,0,0,0,0,0,0,0,0,0,0,0,0,0
874496,427,0,13,0,3,0,10,-0.00665,0.00085,0.9708,3103,0,0,0,0,0,0,0,0,0,0,0,0,0,0,0,0,0,0,0,0,0
876544,428,0,11,0,2,0,9,-0.00511,0.00072,1.0103,2832,0,0,0,0,0,0,0,0,0,0,0,0,0,0,0,0,0,0,0,0,0
878592,429,0,12,0,1,0,11,-0.00266,0.00089,1.0727,3155,0,0,0,0,0,0,0,0,0,0,0,0,0,0,0,0,0,0,0,0,0
880640,430,0,12,0,2,0,10,-0.00315,0.00064,1.0577,3158,0,0,0,0,0,0,0,0,0,0,0,0,0,0,0,0,0,0,0,0,0
882688,431,0,11,0,3,0,8,-0.00075,0.0011,0.9545,3011,0,0,0,0,0,0,0,0,0,0,0,0,0,0,0,0,0,0,0,0,0
884736,432,0,15,0,4,0,11,-0.00131,0.00119,1.0366,2886,0,0,0,0,0,0,0,0,0,0,0,0,0,0,0,0,0,0,0,0,0
886784,433,0,9,0,1,0,8,-0.00727,0.0007,1.0861,3013,0,0,0,0,0,0,0,0,0,0,0,0,0,0,0,0,0,0,0,0,0
888832,434,0,10,0,1,0,9,-0.00754,0.00092,1.0161,3068,0,0,0,0,0,0,0,0,0,0,0,0,0,0,0,0,0,0,0,0,0
890880,435,0,14,0,1,0,13,-0.00497,0.00104,1.05,2922,0,0,0,0,0,0,0,0,0,0,0,0,0,0,0,0,0,0,0,0,0
892928,436,0,9,0,2,0,7,-0.00377,0.00052,1.0374,2684,0,0,0,0,0,0,0,0,0,0,0,0,0,0,0,0,0,0,0,0,0
894976,437,0,11,0,2,0,9,-0.00665,0.00099,1.0031,3023,0,0,0,0,0,0,0,0,0,0,0,0,0,0,0,0,0,0,0,0,0
897024,438,0,13,0,1,0,12,-0.00188,0.00106,0.9515,2890,0,0,0,0,0,0,0,0,0,0,0,0,0,0,0,0,0,0,0,0,0
899072,439,0,10,0,2,1,7,-0.00404,0.00071,1.0216,2701,0,0,0,0,0,0,0,0,0,0,0,0,0,0,0,0,0,0,0,0,0
901120,440,0,12,0,0,0,12,-0.00223,0.00099,1.0022,3026,0,0,0,0,0,0,0,0,0,0,0,0,0,0,0,0,0,0,0,0,0
903168,441,0,10,0,0,0,10,-0.00179,0.00073,1.0524,2941,0,0,0,0,0,0,0,0,0,0,0,0,0,0,0,0,0,0,0,0,0
905216,442,0,10,0,0,0,10,-0.00368,0.00101,0.9806,2712,0,0,0,0,0,0,0,0,0,0,0,0,0,0,0,0,0,0,0,0,0
907264,443,0,12,0,0,0,12,-0.00758,0.0007,1.0253,2945,0,0,0,0,0,0,0,0,0,0,0,0,0,0,0,0,0,0,0,0,0
909312,444,0,11,0,1,0,10,-0.00252,0.00061,1.0053,2990,0,0,0,0,0,0,0,0,0,0,0,0,0,0,0,0,0,0,0,0,0
911360,445,0,10,0,0,0,10,-0.00304,0.0008,0.9027,3213,0,0,0,0,0,0,0,0,0,0,0,0,0,0,0,0,0,0,0,0,0
913408,446,0,11,0,1,0,10,-0.0044,0.0014,0.9498,3150,0,0,0,0,0,0,0,0,0,0,0,0,0,0,0,0,0,0,0,0,0
915456,447,0,12,0,2,0,10,-0.00396,0.0011,1.0294,2771,0,0,0,0,0,0,0,0,0,0,0,0,0,0,0,0,0,0,0,0,0
917504,448,0,10,0,2,0,8,-0.00578,0.00089,0.985,3104,0,0,0,0,0,0,0,0,0,0,0,0,0,0,0,0,0,0,0,0,0
919552,449,0,13,0,2,0,11,-0.00355,0.00156,0.9256,2802,0,0,0,0,0,0,0,0,0,0,0,0,0,0,0,0,0,0,0,0,0
921600,450,0,11,0,1,0,10,-0.00334,0.00179,0.9869,2989,0,0,0,0,0,0,0,0,0,0,0,0,0,0,0,0,0,0,0,0,0
923648,451,0,9,0,0,0,9,-0.00065,0.00125,0.9699,2928,0,0,0,0,0,0,0,0,0,0,0,0,0,0,0,0,0,0,0,0,0
925696,452,0,13,0,1,0,12,-0.00308,0.0011,0.9177,3057,0,0,0,0,0,0,0,0,0,0,0,0,0,0,0,0,0,0,0,0,0
927744,453,0,12,1,3,0,8,-0.00283,0.00154,0.9199,3112,0,0,0,0,0,0,0,0,0,0,0,0,0,0,0,0,0,0,0,0,0
929792,454,0,10,0,2,0,8,-0.00036,0.00075,0.9324,2979,0,0,0,0,0,0,0,0,0,0,0,0,0,0,0,0,0,0,0,0,0
931840,455,0,15,0,4,0,11,-0.00468,0.00099,0.9473,2904,0,0,0,0,0,0,0,0,0,0,0,0,0,0,0,0,0,0,0,0,0
933888,456,0,11,0,2,0,9,-0.00136,0.00077,0.9162,2981,0,0,0,0,0,0,0,0,0,0,0,0,0,0,0,0,0,0,0,0,0
935936,457,0,14,0,4,1,9,-0.00493,0.00103,0.9062,2848,0,0,0,0,0,0,0,0,0,0,0,0,0,0,0,0,0,0,0,0,0
937984,458,0,12,0,1,0,11,-0.00389,0.00098,0.9296,3088,0,0,0,0,0,0,0,0,0,0,0,0,0,0,0,0,0,0,0,0,0
940032,459,0,11,0,2,0,9,-0.00319,0.00102,0.9758,3178,0,0,0,0,0,0,0,0,0,0,0,0,0,0,0,0,0,0,0,0,0
942080,460,0,11,0,2,0,9,-0.00228,0.00059,1.0294,3029,0,0,0,0,0,0,0,0,0,0,0,0,0,0,0,0,0,0,0,0,0
944128,461,0,15,0,4,0,11,-0.00309,0.00084,0.9505,3016,0,0,0,0,0,0,0,0,0,0,0,0,0,0,0,0,0,0,0,0,0
946176,462,0,11,0,1,1,9,-0.00498,0.00065,0.945,2975,0,0,0,0,0,0,0,0,0,0,0,0,0,0,0,0,0,0,0,0,0
948224,463,0,13,0,2,0,11,-0.00481,0.00074,0.9601,3136,0,0,0,0,0,0,0,0,0,0,0,0,0,0,0,0,0,0,0,0,0
950272,464,0,11,0,3,0,8,-0.00629,0.00113,0.9278,2869,0,0,0,0,0,0,0,0,0,0,0,0,0,0,0,0,0,0,0,0,0
952320,465,0,12,0,2,0,10,-0.00254,0.00103,0.9962,3211,0,0,0,0,0,0,0,0,0,0,0,0,0,0,0,0,0,0,0,0,0
954368,466,0,10,0,0,0,10,-0.00399,0.00081,0.9286,3127,0,0,0,0,0,0,0,0,0,0,0,0,0,0,0,0,0,0,0,0,0
956416,467,0,13,0,2,0,11,-0.00386,0.00101,0.9421,3008,0,0,0,0,0,0,0,0,0,0,0,0,0,0,0,0,0,0,0,0,0
958464,468,0,12,0,3,0,9,-0.00183,0.00086,0.8873,2859,0,0,0,0,0,0,0,0,0,0,0,0,0,0,0,0,0,0,0,0,0
960512,469,0,12,0,3,0,9,-0.00413,0.00106,0.8785,2797,0,0,0,0,0,0,0,0,0,0,0,0,0,0,0,0,0,0,0,0,0
962560,470,0,11,0,0,0,11,-0.00581,0.00141,0.9163,3220,0,0,0,0,0,0,0,0,0,0,0,0,0,0,0,0,0,0,0,0,0
964608,471,0,12,1,3,0,8,-0.00563,0.00121,0.9156,3247,0,0,0,0,0,0,0,0,0,0,0,0,0,0,0,0,0,0,0,0,0
966656,472,0,12,0,2,0,10,-0.00246,0.00106,0.8799,3161,0,0,0,0,0,0,0,0,0,0,0,0,0,0,0,0,0,0,0,0,0
968704,473,0,12,0,4,1,7,-0.00188,0.00118,0.8818,3184,0,0,0,0,0,0,0,0,0,0,0,0,0,0,0,0,0,0,0,0,0
970752,474,0,13,0,2,0,11,-0.00411,0.00109,0.8614,2888,0,0,0,0,0,0,0,0,0,0,0,0,0,0,0,0,0,0,0,0,0
972800,475,0,15,0,5,0,10,-3e-05,0.00134,0.8243,2488,0,0,0,0,0,0,0,0,0,0,0,0,0,0,0,0,0,0,0,0,0
974848,476,0,11,0,3,1,7,-0.0022,0.00089,0.8548,2985,0,0,0,0,0,0,0,0,0,0,0,0,0,0,0,0,0,0,0,0,0
976896,477,0,13,1,1,0,11,-0.00113,0.00113,0.9397,3087,0,0,0,0,0,0,0,0,0,0,0,0,0,0,0,0,0,0,0,0,0
978944,478,0,8,0,1,1,6,-0.0022,0.00071,0.9427,3018,0,0,0,0,0,0,0,0,0,0,0,0,0,0,0,0,0,0,0,0,0
980992,479,0,12,0,1,0,11,-0.00345,0.00095,0.8955,2855,0,0,0,0,0,0,0,0,0,0,0,0,0,0,0,0,0,0,0,0,0
983040,480,0,13,0,1,0,12,-0.00518,0.00089,0.9168,3168,0,0,0,0,0,0,0,0,0,0,0,0,0,0,0,0,0,0,0,0,0
985088,481,0,11,0,3,0,8,-0.00475,0.00094,0.9623,2904,0,0,0,0,0,0,0,0,0,0,0,0,0,0,0,0,0,0,0,0,0
987136,482,0,11,0,1,0,10,-0.00337,0.00095,0.9501,2911,0,0,0,0,0,0,0,0,0,0,0,0,0,0,0,0,0,0,0,0,0
989184,483,0,13,0,4,0,9,-0.00196,0.00083,0.9826,2950,0,0,0,0,0,0,0,0,0,0,0,0,0,0,0,0,0,0,0,0,0
991232,484,0,12,0,2,0,10,-5e-05,0.00079,1.0593,2731,0,0,0,0,0,0,0,0,0,0,0,0,0,0,0,0,0,0,0,0,0
993280,485,0,13,0,2,0,11,-0.00513,0.00087,0.9917,2786,0,0,0,0,0,0,0,0,0,0,0,0,0,0,0,0,0,0,0,0,0
995328,486,0,9,0,1,0,8,-0.0039,0.00072,0.9382,3124,0,0,0,0,0,0,0,0,0,0,0,0,0,0,0,0,0,0,0,0,0
997376,487,0,12,0,2,0,10,-0.00496,0.00069,1.0446,2855,0,0,0,0,0,0,0,0,0,0,0,0,0,0,0,0,0,0,0,0,0
999424,488,0,15,0,2,0,13,-0.00665,0.00094,0.9954,2746,0,0,0,0,0,0,0,0,0,0,0,0,0,0,0,0,0,0,0,0,0
1001472,489,0,8,0,1,0,7,-0.0051,0.00064,1.0443,2712,0,0,0,0,0,0,0,0,0,0,0,0,0,0,0,0,0,0,0,0,0
1003520,490,0,14,0,1,1,12,-0.00563,0.00086,0.9487,2740,0,0,0,0,0,0,0,0,0,0,0,0,0,0,0,0,0,0,0,0,0
1005568,491,0,13,0,3,0,10,-0.00408,0.00096,0.9692,2767,0,0,0,0,0,0,0,0,0,0,0,0,0,0,0,0,0,0,0,0,0
1007616,492,0,9,0,2,1,6,-0.00461,0.00091,1.0192,2931,0,0,0,0,0,0,0,0,0,0,0,0,0,0,0,0,0,0,0,0,0
1009664,493,0,13,0,1,0,12,-0.0037,0.00085,0.9709,2989,0,0,0,0,0,0,0,0,0,0,0,0,0,0,0,0,0,0,0,0,0
1011712,494,0,13,0,3,0,10,-0.00315,0.00089,1.0704,2934,0,0,0,0,0,0,0,0,0,0,0,0,0,0,0,0,0,0,0,0,0
1013760,495,0,9,0,3,0,6,-0.00557,0.00068,0.995,2799,0,0,0,0,0,0,0,0,0,0,0,0,0,0,0,0,0,0,0,0,0
1015808,496,0,17,0,5,0,12,-0.00205,0.00089,1.0054,2613,0,0,0,0,0,0,0,0,0,0,0,0,0,0,0,0,0,0,0,0,0
1017856,497,0,8,0,1,0,7,0.00095,0.00058,1.0075,3091,0,0,0,0,0,0,0,0,0,0,0,0,0,0,0,0,0,0,0,0,0
1019904,498,0,11,0,2,0,9,-0.00262,0.00096,1.0946,2893,0,0,0,0,0,0,0,0,0,0,0,0,0,0,0,0,0,0,0,0,0
1021952,499,0,14,0,0,1,13,-0.0054,0.00083,1.0585,3064,0,0,0,0,0,0,0,0,0,0,0,0,0,0,0,0,0,0,0,0,0
1024000,500,0,10,0,3,0,7,-0.00339,0.00056,1.1131,2931,0,0,0,0,0,0,0,0,0,0,0,0,0,0,0,0,0,0,0,0,0
1026048,501,0,13,0,3,0,10,-0.00234,0.00083,0.9265,3096,0,0,0,0,0,0,0,0,0,0,0,0,0,0,0,0,0,0,0,0,0
1028096,502,0,14,0,2,0,12,-0.0049,0.00102,0.8665,3041,0,0,0,0,0,0,0,0,0,0,0,0,0,0,0,0,0,0,0,0,0
1030144,503,0,7,0,2,0,5,-0.00504,0.00064,0.8937,3067,0,0,0,0,0,0,0,0,0,0,0,0,0,0,0,0,0,0,0,0,0
1032192,504,0,13,0,0,0,13,-0.00574,0.00088,0.938,2849,0,0,0,0,0,0,0,0,0,0,0,0,0,0,0,0,0,0,0,0,0
1034240,505,0,12,0,2,0,10,-0.003,0.00072,0.9527,2848,0,0,0,0,0,0,0,0,0,0,0,0,0,0,0,0,0,0,0,0,0
1036288,506,0,9,0,2,0,7,-0.00348,0.0009,0.9079,3103,0,0,0,0,0,0,0,0,0,0,0,0,0,0,0,0,0,0,0,0,0
1038336,507,0,13,0,0,0,13,-0.00394,0.00071,0.9516,3218,0,0,0,0,0,0,0,0,0,0,0,0,0,0,0,0,0,0,0,0,0
1040384,508,0,8,0,0,1,7,-0.00662,0.00076,0.9102,3293,0,0,0,0,0,0,0,0,0,0,0,0,0,0,0,0,0,0,0,0,0
1042432,509,0,14,0,3,0,11,0.00188,0.00086,0.9027,2867,0,0,0,0,0,0,0,0,0,0,0,0,0,0,0,0,0,0,0,0,0
1044480,510,0,11,0,0,0,11,-0.00215,0.00062,0.9099,2650,0,0,0,0,0,0,0,0,0,0,0,0,0,0,0,0,0,0,0,0,0
1046528,511,0,11,0,1,1,9,-0.00373,0.00069,0.9486,2684,0,0,0,0,0,0,0,0,0,0,0,0,0,0,0,0,0,0,0,0,0
1048576,512,0,10,0,1,0,9,-0.0041,0.00068,1.0161,2780,0,0,0,0,0,0,0,0,0,0,0,0,0,0,0,0,0,0,0,0,0
1050624,513,0,13,0,2,0,11,-0.00389,0.00071,1.0102,2813,0,0,0,0,0,0,0,0,0,0,0,0,0,0,0,0,0,0,0,0,0
1052672,514,0,10,0,0,0,10,-0.00308,0.00074,0.9951,2866,0,0,0,0,0,0,0,0,0,0,0,0,0,0,0,0,0,0,0,0,0
1054720,515,0,10,0,2,0,8,-0.00692,0.00078,0.9875,2858,0,0,0,0,0,0,0,0,0,0,0,0,0,0,0,0,0,0,0,0,0
1056768,516,0,11,0,0,0,11,-0.00571,0.00066,0.9904,2895,0,0,0,0,0,0,0,0,0,0,0,0,0,0,0,0,0,0,0,0,0
1058816,517,0,11,0,1,1,9,-0.00437,0.00074,1.0004,2723,0,0,0,0,0,0,0,0,0,0,0,0,0,0,0,0,0,0,0,0,0
1060864,518,0,10,0,2,0,8,-0.00226,0.00064,1.0506,2753,0,0,0,0,0,0,0,0,0,0,0,0,0,0,0,0,0,0,0,0,0
1062912,519,0,12,0,0,1,11,-0.00368,0.0007,0.9622,2521,0,0,0,0,0,0,0,0,0,0,0,0,0,0,0,0,0,0,0,0,0
1064960,520,0,11,0,3,1,7,-0.00322,0.00084,0.992,2838,0,0,0,0,0,0,0,0,0,0,0,0,0,0,0,0,0,0,0,0,0
1067008,521,0,12,0,1,0,11,-0.0049,0.00133,0.9274,2903,0,0,0,0,0,0,0,0,0,0,0,0,0,0,0,0,0,0,0,0,0
1069056,522,0,11,1,0,0,10,-0.00435,0.00082,0.94,3057,0,0,0,0,0,0,0,0,0,0,0,0,0,0,0,0,0,0,0,0,0
1071104,523,0,13,0,4,0,9,-0.0019,0.00091,0.8696,3029,0,0,0,0,0,0,0,0,0,0,0,0,0,0,0,0,0,0,0,0,0
1073152,524,0,10,0,1,1,8,-0.00264,0.00074,0.9753,3001,0,0,0,0,0,0,0,0,0,0,0,0,0,0,0,0,0,0,0,0,0
1075200,525,0,13,0,4,0,9,-0.00478,0.00073,0.8903,2775,0,0,0,0,0,0,0,0,0,0,0,0,0,0,0,0,0,0,0,0,0
1077248,526,0,10,0,2,0,8,-0.00528,0.00086,0.8641,2821,0,0,0,0,0,0,0,0,0,0,0,0,0,0,0,0,0,0,0,0,0
1079296,527,0,10,0,0,0,10,-0.00238,0.00064,0.9268,2818,0,0,0,0,0,0,0,0,0,0,0,0,0,0,0,0,0,0,0,0,0
1081344,528,0,12,0,1,0,11,-0.00311,0.00082,1.0193,3147,0,0,0,0,0,0,0,0,0,0,0,0,0,0,0,0,0,0,0,0,0
1083392,529,0,12,0,1,0,11,-0.00269,0.00084,1.0401,3032,0,0,0,0,0,0,0,0,0,0,0,0,0,0,0,0,0,0,0,0,0
1085440,530,0,11,0,2,1,8,-0.00407,0.00092,0.9977,2998,0,0,0,0,0,0,0,0,0,0,0,0,0,0,0,0,0,0,0,0,0
1087488,531,0,12,0,0,1,11,-0.00318,0.00066,1.0255,3001,0,0,0,0,0,0,0,0,0,0,0,0,0,0,0,0,0,0,0,0,0
1089536,532,0,8,0,0,0,8,-0.00335,0.00055,1.0073,3046,0,0,0,0,0,0,0,0,0,0,0,0,0,0,0,0,0,0,0,0,0
1091584,533,0,15,0,2,0,13,-0.0042,0.00067,1.0873,3040,0,0,0,0,0,0,0,0,0,0,0,0,0,0,0,0,0,0,0,0,0
1093632,534,0,11,0,4,0,7,-0.00443,0.00059,1.0763,2798,0,0,0,0,0,0,0,0,0,0,0,0,0,0,0,0,0,0,0,0,0
1095680,535,0,10,0,1,0,9,-0.00311,0.00057,1.089,2977,0,0,0,0,0,0,0,0,0,0,0,0,0,0,0,0,0,0,0,0,0
1097728,536,0,11,0,0,0,11,-0.00405,0.00097,0.9786,3067,0,0,0,0,0,0,0,0,0,0,0,0,0,0,0,0,0,0,0,0,0
1099776,537,0,11,0,0,0,11,-0.00408,0.00051,1.1344,3022,0,0,0,0,0,0,0,0,0,0,0,0,0,0,0,0,0,0,0,0,0
1101824,538,0,8,0,0,0,8,-0.00502,0.00049,1.0465,3167,0,0,0,0,0,0,0,0,0,0,0,0,0,0,0,0,0,0,0,0,0
1103872,539,0,14,0,2,0,12,-0.00321,0.00074,1.004,3033,0,0,0,0,0,0,0,0,0,0,0,0,0,0,0,0,0,0,0,0,0
1105920,540,0,10,0,1,0,9,-0.00263,0.00056,1.0502,2916,0,0,0,0,0,0,0,0,0,0,0,0,0,0,0,0,0,0,0,0,0
1107968,541,0,10,0,2,0,8,-0.00254,0.00057,1.0673,2677,0,0,0,0,0,0,0,0,0,0,0,0,0,0,0,0,0,0,0,0,0
1110016,542,0,14,0,0,1,13,-0.0041,0.00072,1.0077,3143,0,0,0,0,0,0,0,0,0,0,0,0,0,0,0,0,0,0,0,0,0
1112064,543,0,10,0,2,0,8,-0.00322,0.00078,1.0959,3014,0,0,0,0,0,0,0,0,0,0,0,0,0,0,0,0,0,0,0,0,0
1114112,544,0,11,0,2,0,9,-0.00535,0.00075,1.0532,3059,0,0,0,0,0,0,0,0,0,0,0,0,0,0,0,0,0,0,0,0,0
1116160,545,0,18,0,4,1,13,-0.00576,0.00122,1.0287,3239,0,0,0,0,0,0,0,0,0,0,0,0,0,0,0,0,0,0,0,0,0
1118208,546,0,7,0,1,0,6,4e-05,0.00049,1.0206,3185,0,0,0,0,0,0,0,0,0,0,0,0,0,0,0,0,0,0,0,0,0
1120256,547,0,13,0,1,1,11,-0.00401,0.00079,0.8773,3016,0,0,0,0,0,0,0,0,0,0,0,0,0,0,0,0,0,0,0,0,0
1122304,548,0,13,0,2,0,11,-0.00715,0.00085,1.0458,2947,0,0,0,0,0,0,0,0,0,0,0,0,0,0,0,0,0,0,0,0,0
1124352,549,0,6,0,0,0,6,-0.00115,0.00238,0.9228,2996,0,0,0,0,0,0,0,0,0,0,0,0,0,0,0,0,0,0,0,0,0
1126400,550,0,16,1,2,0,13,-0.00296,0.00099,0.9268,2792,0,0,0,0,0,0,0,0,0,0,0,0,0,0,0,0,0,0,0,0,0
1128448,551,0,10,0,0,0,10,-0.00347,0.00072,1.0034,2908,0,0,0,0,0,0,0,0,0,0,0,0,0,0,0,0,0,0,0,0,0
1130496,552,0,9,0,2,0,7,-0.00591,0.00081,1.1441,3158,0,0,0,0,0,0,0,0,0,0,0,0,0,0,0,0,0,0,0,0,0
1132544,553,0,15,1,2,0,12,-0.00306,0.00116,1.139,3035,0,0,0,0,0,0,0,0,0,0,0,0,0,0,0,0,0,0,0,0,0
1134592,554,0,9,0,1,1,7,-0.00437,0.00058,1.1789,2859,0,0,0,0,0,0,0,0,0,0,0,0,0,0,0,0,0,0,0,0,0
1136640,555,0,11,0,0,0,11,-0.00614,0.00061,0.8815,2895,0,0,0,0,0,0,0,0,0,0,0,0,0,0,0,0,0,0,0,0,0
1138688,556,0,14,0,4,0,10,-0.00206,0.00082,0.9877,2952,0,0,0,0,0,0,0,0,0,0,0,0,0,0,0,0,0,0,0,0,0
1140736,557,0,10,0,2,0,8,-0.00422,0.00066,1.2473,3176,0,0,0,0,0,0,0,0,0,0,0,0,0,0,0,0,0,0,0,0,0
1142784,558,0,14,0,3,0,11,-0.00239,0.00082,1.1689,3145,0,0,0,0,0,0,0,0,0,0,0,0,0,0,0,0,0,0,0,0,0
1144832,559,0,13,0,2,0,11,-0.00432,0.001,1.0492,3026,0,0,0,0,0,0,0,0,0,0,0,0,0,0,0,0,0,0,0,0,0
1146880,560,0,7,0,1,0,6,-0.00418,0.00078,1.2062,2772,0,0,0,0,0,0,0,0,0,0,0,0,0,0,0,0,0,0,0,0,0
1148928,561,0,18,1,4,0,13,-0.00385,0.00161,1.0843,2489,0,0,0,0,0,0,0,0,0,0,0,0,0,0,0,0,0,0,0,0,0
1150976,562,0,13,0,3,3,7,-0.00294,0.00072,1.1868,2661,0,0,0,0,0,0,0,0,0,0,0,0,0,0,0,0,0,0,0,0,0
1153024,563,0,9,0,0,1,8,-0.00464,0.00049,1.2175,2646,0,0,0,0,0,0,0,0,0,0,0,0,0,0,0,0,0,0,0,0,0
1155072,564,0,12,0,1,0,11,-0.00329,0.00071,1.2091,2752,0,0,0,0,0,0,0,0,0,0,0,0,0,0,0,0,0,0,0,0,0
1157120,565,0,12,0,0,0,12,-0.00457,0.00065,1.2029,2726,0,0,0,0,0,0,0,0,0,0,0,0,0,0,0,0,0,0,0,0,0
1159168,566,0,8,0,1,0,7,-0.00341,0.00059,1.0317,2742,0,0,0,0,0,0,0,0,0,0,0,0,0,0,0,0,0,0,0,0,0
1161216,567,0,13,0,2,0,11,-0.00376,0.00092,1.019,2435,0,0,0,0,0,0,0,0,0,0,0,0,0,0,0,0,0,0,0,0,0
1163264,568,0,15,0,6,0,9,-0.00557,0.00075,1.2448,2597,0,0,0,0,0,0,0,0,0,0,0,0,0,0,0,0,0,0,0,0,0
1165312,569,0,8,0,2,1,5,-0.00445,0.00074,1.1385,2710,0,0,0,0,0,0,0,0,0,0,0,0,0,0,0,0,0,0,0,0,0
1167360,570,0,17,0,4,1,12,-0.00622,0.00116,1.1673,2687,0,0,0,0,0,0,0,0,0,0,0,0,0,0,0,0,0,0,0,0,0
1169408,571,0,11,0,4,2,5,-0.00622,0.00078,1.1412,3067,0,0,0,0,0,0,0,0,0,0,0,0,0,0,0,0,0,0,0,0,0
1171456,572,0,13,0,2,2,9,-0.00424,0.00087,1.1191,2796,0,0,0,0,0,0,0,0,0,0,0,0,0,0,0,0,0,0,0,0,0
1173504,573,0,13,1,1,0,11,-0.00184,0.00111,1.247,3007,0,0,0,0,0,0,0,0,0,0,0,0,0,0,0,0,0,0,0,0,0
1175552,574,0,11,1,2,1,7,-0.00437,0.0014,1.2328,2906,0,0,0,0,0,0,0,0,0,0,0,0,0,0,0,0,0,0,0,0,0
1177600,575,0,12,0,2,0,10,-0.00184,0.00074,1.1276,2962,0,0,0,0,0,0,0,0,0,0,0,0,0,0,0,0,0,0,0,0,0
1179648,576,0,13,1,2,0,10,-0.00107,0.00111,1.1415,2983,0,0,0,0,0,0,0,0,0,0,0,0,0,0,0,0,0,0,0,0,0
1181696,577,0,12,1,2,1,8,-0.00384,0.00088,1.1251,2948,0,0,0,0,0,0,0,0,0,0,0,0,0,0,0,0,0,0,0,0,0
1183744,578,0,11,1,1,1,8,-0.00256,0.00114,1.0948,2767,0,0,0,0,0,0,0,0,0,0,0,0,0,0,0,0,0,0,0,0,0
1185792,579,0,13,0,2,0,11,-0.004,0.00105,1.2673,2743,0,0,0,0,0,0,0,0,0,0,0,0,0,0,0,0,0,0,0,0,0
1187840,580,0,12,2,3,1,6,0.00034,0.00103,1.2362,2769,0,0,0,0,0,0,0,0,0,0,0,0,0,0,0,0,0,0,0,0,0
1189888,581,0,10,0,2,1,7,-0.0053,0.00079,1.1123,3084,0,0,0,0,0,0,0,0,0,0,0,0,0,0,0,0,0,0,0,0,0
1191936,582,0,13,0,0,0,13,-0.00499,0.00105,1.1065,2764,0,0,0,0,0,0,0,0,0,0,0,0,0,0,0,0,0,0,0,0,0
1193984,583,0,10,0,4,1,5,-0.00258,0.00088,1.2137,2949,0,0,0,0,0,0,0,0,0,0,0,0,0,0,0,0,0,0,0,0,0
1196032,584,0,11,0,0,2,9,-0.0052,0.00089,1.0841,2869,0,0,0,0,0,0,0,0,0,0,0,0,0,0,0,0,0,0,0,0,0
1198080,585,0,17,0,6,3,8,-0.00399,0.00116,1.0686,2729,0,0,0,0,0,0,0,0,0,0,0,0,0,0,0,0,0,0,0,0,0
1200128,586,0,10,0,0,1,9,0.00342,0.00074,1.1937,2665,0,0,0,0,0,0,0,0,0,0,0,0,0,0,0,0,0,0,0,0,0
1202176,587,0,11,2,4,1,4,-0.00478,0.00115,1.0547,3019,0,0,0,0,0,0,0,0,0,0,0,0,0,0,0,0,0,0,0,0,0
1204224,588,0,14,1,1,0,12,-0.00137,0.00115,1.0288,2842,0,0,0,0,0,0,0,0,0,0,0,0,0,0,0,0,0,0,0,0,0
1206272,589,0,7,1,0,0,6,-0.00293,0.00161,1.0821,2769,0,0,0,0,0,0,0,0,0,0,0,0,0,0,0,0,0,0,0,0,0
1208320,590,0,13,0,1,2,10,-0.0042,0.00079,1.045,2833,0,0,0,0,0,0,0,0,0,0,0,0,0,0,0,0,0,0,0,0,0
1210368,591,0,12,0,1,2,9,-0.00344,0.00068,1.0334,2797,0,0,0,0,0,0,0,0,0,0,0,0,0,0,0,0,0,0,0,0,0
1212416,592,0,9,1,1,0,7,-0.00138,0.00076,1.0326,2752,0,0,0,0,0,0,0,0,0,0,0,0,0,0,0,0,0,0,0,0,0
1214464,593,0,11,0,0,0,11,-0.00488,0.00077,0.954,2798,0,0,0,0,0,0,0,0,0,0,0,0,0,0,0,0,0,0,0,0,0
1216512,594,0,14,1,1,1,11,-0.00457,0.00088,0.9472,2967,0,0,0,0,0,0,0,0,0,0,0,0,0,0,0,0,0,0,0,0,0
1218560,595,0,10,0,3,0,7,-0.00407,0.00095,0.8878,2596,0,0,0,0,0,0,0,0,0,0,0,0,0,0,0,0,0,0,0,0,0
1220608,596,0,10,0,1,1,8,-0.00194,0.00122,0.8939,3022,0,0,0,0,0,0,0,0,0,0,0,0,0,0,0,0,0,0,0,0,0
1222656,597,0,13,0,2,1,10,-0.00091,0.00086,1.0436,2778,0,0,0,0,0,0,0,0,0,0,0,0,0,0,0,0,0,0,0,0,0
1224704,598,0,12,1,0,1,10,-0.00356,0.00112,1.0279,3009,0,0,0,0,0,0,0,0,0,0,0,0,0,0,0,0,0,0,0,0,0
1226752,599,0,8,1,0,0,7,-0.00761,0.00107,0.9482,3000,0,0,0,0,0,0,0,0,0,0,0,0,0,0,0,0,0,0,0,0,0
1228800,600,0,14,0,0,0,14,-0.00541,0.00084,0.8812,2821,0,0,0,0,0,0,0,0,0,0,0,0,0,0,0,0,0,0,0,0,0
1230848,601,0,12,0,7,1,4,-0.00693,0.0008,0.9608,2999,0,0,0,0,0,0,0,0,0,0,0,0,0,0,0,0,0,0,0,0,0
1232896,602,0,11,0,0,2,9,-0.00557,0.00078,0.9708,2842,0,0,0,0,0,0,0,0,0,0,0,0,0,0,0,0,0,0,0,0,0
1234944,603,0,12,0,2,0,10,-0.00278,0.00095,0.9942,2934,0,0,0,0,0,0,0,0,0,0,0,0,0,0,0,0,0,0,0,0,0
1236992,604,0,10,0,0,1,9,-0.00225,0.00078,1.0227,3051,0,0,0,0,0,0,0,0,0,0,0,0,0,0,0,0,0,0,0,0,0
1239040,605,0,12,1,1,0,10,-0.00602,0.00096,0.8614,2872,0,0,0,0,0,0,0,0,0,0,0,0,0,0,0,0,0,0,0,0,0
1241088,606,0,12,0,3,0,9,-0.00218,0.0012,0.914,2717,0,0,0,0,0,0,0,0,0,0,0,0,0,0,0,0,0,0,0,0,0
1243136,607,0,11,0,2,1,8,-0.00468,0.00075,0.9842,3071,0,0,0,0,0,0,0,0,0,0,0,0,0,0,0,0,0,0,0,0,0
1245184,608,0,12,0,0,0,12,-0.00409,0.00097,0.9579,2865,0,0,0,0,0,0,0,0,0,0,0,0,0,0,0,0,0,0,0,0,0
1247232,609,0,11,0,1,0,10,-0.0033,0.00086,0.9242,2708,0,0,0,0,0,0,0,0,0,0,0,0,0,0,0,0,0,0,0,0,0
1249280,610,0,10,0,0,0,10,-0.00433,0.00052,1.0294,3032,0,0,0,0,0,0,0,0,0,0,0,0,0,0,0,0,0,0,0,0,0
1251328,611,0,11,1,1,0,9,0.0004,0.00111,1.0498,2941,0,0,0,0,0,0,0,0,0,0,0,0,0,0,0,0,0,0,0,0,0
1253376,612,0,13,0,2,1,10,-0.00395,0.00082,0.9953,2841,0,0,0,0,0,0,0,0,0,0,0,0,0,0,0,0,0,0,0,0,0
1255424,613,0,10,0,3,0,7,-0.00379,0.00073,1.0853,2767,0,0,0,0,0,0,0,0,0,0,0,0,0,0,0,0,0,0,0,0,0
1257472,614,0,12,0,1,0,11,-0.00272,0.00088,1.0108,2923,0,0,0,0,0,0,0,0,0,0,0,0,0,0,0,0,0,0,0,0,0
1259520,615,0,10,0,0,0,10,-0.00479,0.00084,0.9755,2912,0,0,0,0,0,0,0,0,0,0,0,0,0,0,0,0,0,0,0,0,0
1261568,616,0,12,2,2,0,8,-0.00241,0.00129,0.9976,2891,0,0,0,0,0,0,0,0,0,0,0,0,0,0,0,0,0,0,0,0,0
1263616,617,0,11,0,0,0,11,-0.00273,0.00114,0.9982,2879,0,0,0,0,0,0,0,0,0,0,0,0,0,0,0,0,0,0,0,0,0
1265664,618,0,11,0,1,0,10,-0.00262,0.00075,0.9649,2949,0,0,0,0,0,0,0,0,0,0,0,0,0,0,0,0,0,0,0,0,0
1267712,619,0,12,0,3,0,9,-0.00295,0.00068,0.9947,2991,0,0,0,0,0,0,0,0,0,0,0,0,0,0,0,0,0,0,0,0,0
1269760,620,0,14,0,4,0,10,-0.00451,0.00096,0.9632,2973,0,0,0,0,0,0,0,0,0,0,0,0,0,0,0,0,0,0,0,0,0
1271808,621,0,9,0,2,0,7,-2e-05,0.00058,0.9772,3016,0,0,0,0,0,0,0,0,0,0,0,0,0,0,0,0,0,0,0,0,0
1273856,622,0,14,0,2,1,11,-0.00375,0.00079,0.9566,2840,0,0,0,0,0,0,0,0,0,0,0,0,0,0,0,0,0,0,0,0,0
1275904,623,0,12,0,0,0,12,-0.00117,0.00077,0.9826,3072,0,0,0,0,0,0,0,0,0,0,0,0,0,0,0,0,0,0,0,0,0
1277952,624,0,9,0,2,0,7,-0.00488,0.00063,1.0278,3275,0,0,0,0,0,0,0,0,0,0,0,0,0,0,0,0,0,0,0,0,0
1280000,625,0,13,0,0,0,13,-0.00323,0.00081,1.0178,2762,0,0,0,0,0,0,0,0,0,0,0,0,0,0,0,0,0,0,0,0,0
1282048,626,0,12,0,2,0,10,-0.00099,0.00059,1.0778,2985,0,0,0,0,0,0,0,0,0,0,0,0,0,0,0,0,0,0,0,0,0
1284096,627,0,7,0,0,0,7,-0.00417,0.00053,1.0463,2889,0,0,0,0,0,0,0,0,0,0,0,0,0,0,0,0,0,0,0,0,0
1286144,628,0,16,0,2,1,13,-0.00059,0.00097,0.9424,3351,0,0,0,0,0,0,0,0,0,0,0,0,0,0,0,0,0,0,0,0,0
1288192,629,0,11,0,3,0,8,-0.00242,0.00069,1.0372,3019,0,0,0,0,0,0,0,0,0,0,0,0,0,0,0,0,0,0,0,0,0
1290240,630,0,7,0,0,0,7,-0.00113,0.00098,1.0034,2764,0,0,0,0,0,0,0,0,0,0,0,0,0,0,0,0,0,0,0,0,0
1292288,631,0,14,0,1,0,13,-0.00497,0.00081,1.0445,2882,0,0,0,0,0,0,0,0,0,0,0,0,0,0,0,0,0,0,0,0,0
1294336,632,0,14,1,1,1,11,-0.00374,0.00125,1.1002,3092,0,0,0,0,0,0,0,0,0,0,0,0,0,0,0,0,0,0,0,0,0
1296384,633,0,6,0,1,0,5,-0.0047,0.00074,1.0727,3170,0,0,0,0,0,0,0,0,0,0,0,0,0,0,0,0,0,0,0,0,0
1298432,634,0,16,0,4,1,11,-0.00045,0.00098,1.0035,3260,0,0,0,0,0,0,0,0,0,0,0,0,0,0,0,0,0,0,0,0,0
1300480,635,0,14,0,3,1,10,-0.00505,0.00104,1.1009,3091,0,0,0,0,0,0,0,0,0,0,0,0,0,0,0,0,0,0,0,0,0
1302528,636,0,8,0,1,1,6,-0.00744,0.00058,1.1667,3309,0,0,0,0,0,0,0,0,0,0,0,0,0,0,0,0,0,0,0,0,0
1304576,637,0,12,0,2,0,10,-0.00551,0.0009,1.0916,3271,0,0,0,0,0,0,0,0,0,0,0,0,0,0,0,0,0,0,0,0,0
1306624,638,0,14,0,1,0,13,-0.00556,0.00084,1.1635,3081,0,0,0,0,0,0,0,0,0,0,0,0,0,0,0,0,0,0,0,0,0
1308672,639,0,7,0,1,1,5,-0.00473,0.00068,1.1038,3133,0,0,0,0,0,0,0,0,0,0,0,0,0,0,0,0,0,0,0,0,0
1310720,640,0,13,0,0,0,13,-0.00468,0.00096,0.9988,3157,0,0,0,0,0,0,0,0,0,0,0,0,0,0,0,0,0,0,0,0,0
1312768,641,0,13,1,0,0,12,-0.0051,0.00071,1.1375,3063,0,0,0,0,0,0,0,0,0,0,0,0,0,0,0,0,0,0,0,0,0
1314816,642,0,7,0,1,0,6,-0.00169,0.00083,0.9953,3301,0,0,0,0,0,0,0,0,0,0,0,0,0,0,0,0,0,0,0,0,0
1316864,643,0,12,1,1,0,10,-0.001,0.00102,1.0871,3253,0,0,0,0,0,0,0,0,0,0,0,0,0,0,0,0,0,0,0,0,0
1318912,644,0,14,0,2,1,11,-0.00068,0.00067,1.2122,3202,0,0,0,0,0,0,0,0,0,0,0,0,0,0,0,0,0,0,0,0,0
1320960,645,0,8,1,0,1,6,-0.00434,0.00077,1.1676,3049,0,0,0,0,0,0,0,0,0,0,0,0,0,0,0,0,0,0,0,0,0
1323008,646,0,11,1,0,0,10,-0.00682,0.00142,1.1359,3190,0,0,0,0,0,0,0,0,0,0,0,0,0,0,0,0,0,0,0,0,0
1325056,647,0,13,0,2,1,10,-0.00751,0.00069,1.0988,3218,0,0,0,0,0,0,0,0,0,0,0,0,0,0,0,0,0,0,0,0,0
1327104,648,0,17,0,6,0,11,-0.00257,0.0011,1.0479,3346,0,0,0,0,0,0,0,0,0,0,0,0,0,0,0,0,0,0,0,0,0
1329152,649,0,7,0,3,1,3,-0.00419,0.00058,1.1016,3254,0,0,0,0,0,0,0,0,0,0,0,0,0,0,0,0,0,0,0,0,0
1331200,650,0,14,0,1,1,12,-0.004,0.00062,1.0936,2943,0,0,0,0,0,0,0,0,0,0,0,0,0,0,0,0,0,0,0,0,0
1333248,651,0,14,0,4,0,10,-0.00424,0.0007,1.0628,3240,0,0,0,0,0,0,0,0,0,0,0,0,0,0,0,0,0,0,0,0,0
1335296,652,0,11,2,0,2,7,-0.00547,0.00107,1.1579,2989,0,0,0,0,0,0,0,0,0,0,0,0,0,0,0,0,0,0,0,0,0
1337344,653,0,8,1,0,1,6,-0.00184,0.00143,1.059,2988,0,0,0,0,0,0,0,0,0,0,0,0,0,0,0,0,0,0,0,0,0
1339392,654,0,14,1,1,0,12,-0.00337,0.00242,1.2628,3244,0,0,0,0,0,0,0,0,0,0,0,0,0,0,0,0,0,0,0,0,0
1341440,655,0,15,1,6,0,8,-0.00446,0.00177,1.2831,2932,0,0,0,0,0,0,0,0,0,0,0,0,0,0,0,0,0,0,0,0,0
1343488,656,0,9,0,0,2,7,-0.00071,0.00081,1.1215,3134,0,0,0,0,0,0,0,0,0,0,0,0,0,0,0,0,0,0,0,0,0
1345536,657,0,16,1,4,0,11,-0.00433,0.00118,1.0411,3003,0,0,0,0,0,0,0,0,0,0,0,0,0,0,0,0,0,0,0,0,0
1347584,658,0,13,1,1,1,10,-0.00368,0.00146,1.0714,3118,0,0,0,0,0,0,0,0,0,0,0,0,0,0,0,0,0,0,0,0,0
1349632,659,0,9,0,2,2,5,-0.00892,0.00077,1.2269,3356,0,0,0,0,0,0,0,0,0,0,0,0,0,0,0,0,0,0,0,0,0
1351680,660,0,14,0,1,0,13,-0.00491,0.00069,1.2602,3366,0,0,0,0,0,0,0,0,0,0,0,0,0,0,0,0,0,0,0,0,0
1353728,661,0,12,0,3,0,9,-0.00491,0.00106,1.2215,3167,0,0,0,0,0,0,0,0,0,0,0,0,0,0,0,0,0,0,0,0,0
1355776,662,0,10,0,3,0,7,-0.0022,0.00105,1.2412,3232,0,0,0,0,0,0,0,0,0,0,0,0,0,0,0,0,0,0,0,0,0
1357824,663,0,15,0,1,2,12,-0.00296,0.00113,1.1988,3337,0,0,0,0,0,0,0,0,0,0,0,0,0,0,0,0,0,0,0,0,0
1359872,664,0,10,1,3,1,5,-0.00312,0.00141,1.1715,3218,0,0,0,0,0,0,0,0,0,0,0,0,0,0,0,0,0,0,0,0,0
1361920,665,0,12,0,2,0,10,-0.00483,0.00079,1.2399,3194,0,0,0,0,0,0,0,0,0,0,0,0,0,0,0,0,0,0,0,0,0
1363968,666,0,12,0,2,0,10,-0.00618,0.00104,1.1162,2998,0,0,0,0,0,0,0,0,0,0,0,0,0,0,0,0,0,0,0,0,0
1366016,667,0,15,0,3,2,10,-0.00537,0.00073,1.17,2873,0,0,0,0,0,0,0,0,0,0,0,0,0,0,0,0,0,0,0,0,0
1368064,668,0,11,1,2,3,5,0.00306,0.00142,1.288,3084,0,0,0,0,0,0,0,0,0,0,0,0,0,0,0,0,0,0,0,0,0
1370112,669,0,12,0,3,1,8,-0.00439,0.00075,1.2443,2919,0,0,0,0,0,0,0,0,0,0,0,0,0,0,0,0,0,0,0,0,0
1372160,670,0,14,0,1,0,13,-0.00646,0.00069,1.2181,3238,0,0,0,0,0,0,0,0,0,0,0,0,0,0,0,0,0,0,0,0,0
1374208,671,0,9,0,1,0,8,0.00125,0.00078,1.1436,3222,0,0,0,0,0,0,0,0,0,0,0,0,0,0,0,0,0,0,0,0,0
1376256,672,0,12,0,1,0,11,-0.00311,0.00098,1.2175,3264,0,0,0,0,0,0,0,0,0,0,0,0,0,0,0,0,0,0,0,0,0
1378304,673,0,13,0,2,1,10,0.00194,0.00095,1.2864,3184,0,0,0,0,0,0,0,0,0,0,0,0,0,0,0,0,0,0,0,0,0
1380352,674,0,11,0,1,0,10,-0.00465,0.00054,1.2184,3333,0,0,0,0,0,0,0,0,0,0,0,0,0,0,0,0,0,0,0,0,0
1382400,675,0,13,0,2,2,9,-0.00213,0.001,1.074,3217,0,0,0,0,0,0,0,0,0,0,0,0,0,0,0,0,0,0,0,0,0
1384448,676,0,14,1,2,0,11,-0.00165,0.00097,1.1556,3376,0,0,0,0,0,0,0,0,0,0,0,0,0,0,0,0,0,0,0,0,0
1386496,677,0,6,0,2,1,3,-0.00415,0.00052,1.2028,3499,0,0,0,0,0,0,0,0,0,0,0,0,0,0,0,0,0,0,0,0,0
1388544,678,0,16,0,3,2,11,-0.00515,0.00111,1.2041,3309,0,0,0,0,0,0,0,0,0,0,0,0,0,0,0,0,0,0,0,0,0
1390592,679,0,14,1,1,2,10,-0.00472,0.00096,1.3438,3389,0,0,0,0,0,0,0,0,0,0,0,0,0,0,0,0,0,0,0,0,0
1392640,680,0,6,1,1,0,4,-0.00161,0.00127,1.3653,3367,0,0,0,0,0,0,0,0,0,0,0,0,0,0,0,0,0,0,0,0,0
1394688,681,0,22,1,6,2,13,-0.00304,0.00139,1.2636,3182,0,0,0,0,0,0,0,0,0,0,0,0,0,0,0,0,0,0,0,0,0
1396736,682,0,14,1,8,1,4,-0.00285,0.00242,1.2757,3170,0,0,0,0,0,0,0,0,0,0,0,0,0,0,0,0,0,0,0,0,0
1398784,683,0,11,1,2,2,6,-0.00445,0.00147,1.3261,3249,0,0,0,0,0,0,0,0,0,0,0,0,0,0,0,0,0,0,0,0,0
1400832,684,0,15,2,2,1,10,-0.00024,0.00207,1.3252,3045,0,0,0,0,0,0,0,0,0,0,0,0,0,0,0,0,0,0,0,0,0
1402880,685,0,11,1,2,1,7,-0.00495,0.00109,1.2626,2915,0,0,0,0,0,0,0,0,0,0,0,0,0,0,0,0,0,0,0,0,0
1404928,686,0,17,0,4,4,9,-0.0055,0.0007,1.3162,2778,0,0,0,0,0,0,0,0,0,0,0,0,0,0,0,0,0,0,0,0,0
1406976,687,0,12,0,2,4,6,-0.00276,0.00053,1.3659,3074,0,0,0,0,0,0,0,0,0,0,0,0,0,0,0,0,0,0,0,0,0
1409024,688,0,17,2,6,3,6,-0.00557,0.00135,1.4005,3171,0,0,0,0,0,0,0,0,0,0,0,0,0,0,0,0,0,0,0,0,0
1411072,689,0,21,2,6,7,6,-0.0039,0.00127,1.314,3171,0,0,0,0,0,0,0,0,0,0,0,0,0,0,0,0,0,0,0,0,0
1413120,690,0,15,3,5,3,4,-0.00459,0.00431,1.2616,3036,0,0,0,0,0,0,0,0,0,0,0,0,0,0,0,0,0,0,0,0,0
1415168,691,0,15,2,3,2,8,-0.00198,0.00176,1.2371,3206,0,0,0,0,0,0,0,0,0,0,0,0,0,0,0,0,0,0,0,0,0
1417216,692,0,15,1,3,6,5,-0.00215,0.00138,1.444,3445,0,0,0,0,0,0,0,0,0,0,0,0,0,0,0,0,0,0,0,0,0
1419264,693,0,15,1,5,2,7,-0.00188,0.00157,1.3994,3463,0,0,0,0,0,0,0,0,0,0,0,0,0,0,0,0,0,0,0,0,0
1421312,694,0,15,3,2,2,8,-0.00477,0.00295,1.439,3279,0,0,0,0,0,0,0,0,0,0,0,0,0,0,0,0,0,0,0,0,0
1423360,695,0,22,2,7,8,5,-0.00327,0.00203,1.363,3185,0,0,0,0,0,0,0,0,0,0,0,0,0,0,0,0,0,0,0,0,0
1425408,696,0,17,1,5,7,4,-0.0065,0.00087,1.3381,3310,0,0,0,0,0,0,0,0,0,0,0,0,0,0,0,0,0,0,0,0,0
1427456,697,0,17,2,6,3,6,-0.00426,0.00138,1.4369,3205,0,0,0,0,0,0,0,0,0,0,0,0,0,0,0,0,0,0,0,0,0
1429504,698,0,12,1,1,3,7,-0.00346,0.00194,1.3921,3111,0,0,0,0,0,0,0,0,0,0,0,0,0,0,0,0,0,0,0,0,0
1431552,699,0,17,1,3,3,10,-0.0047,0.00229,1.3573,3177,0,0,0,0,0,0,0,0,0,0,0,0,0,0,0,0,0,0,0,0,0
1433600,700,0,16,1,5,5,5,0.00198,0.00173,1.3071,2957,0,0,0,0,0,0,0,0,0,0,0,0,0,0,0,0,0,0,0,0,0
1435648,701,0,25,5,7,6,7,-0.00499,0.00498,1.3937,2759,0,0,0,0,0,0,0,0,0,0,0,0,0,0,0,0,0,0,0,0,0
1437696,702,0,19,5,4,6,4,-0.00473,0.00545,1.1493,2923,0,0,0,0,0,0,0,0,0,0,0,0,0,0,0,0,0,0,0,0,0
1439744,703,0,26,3,9,8,6,-0.00411,0.00341,1.194,2815,0,0,0,0,0,0,0,0,0,0,0,0,0,0,0,0,0,0,0,0,0
1441792,704,0,24,5,7,7,5,-0.00521,0.00827,0.9957,2858,0,0,0,0,0,0,0,0,0,0,0,0,0,0,0,0,0,0,0,0,0
1443840,705,0,21,2,5,11,3,-0.00371,0.00409,1.142,3282,0,0,0,0,0,0,0,0,0,0,0,0,0,0,0,0,0,0,0,0,0
1445888,706,0,23,4,3,9,7,-0.00514,0.00697,1.1996,3456,0,0,0,0,0,0,0,0,0,0,0,0,0,0,0,0,0,0,0,0,0
1447936,707,0,23,5,6,10,2,-0.00606,0.0039,1.2216,2689,0,0,0,0,0,0,0,0,0,0,0,0,0,0,0,0,0,0,0,0,0
1449984,708,0,28,4,6,13,5,-0.00181,0.00478,1.1342,2571,0,0,0,0,0,0,0,0,0,0,0,0,0,0,0,0,0,0,0,0,0
1452032,709,0,20,1,7,8,4,-0.00225,0.00208,1.1998,3235,0,0,0,0,0,0,0,0,0,0,0,0,0,0,0,0,0,0,0,0,0
1454080,710,0,21,5,5,5,6,-0.00547,0.00599,1.2352,3413,0,0,0,0,0,0,0,0,0,0,0,0,0,0,0,0,0,0,0,0,0
1456128,711,0,17,3,2,6,6,-0.00096,0.00286,1.2177,2823,0,0,0,0,0,0,0,0,0,0,0,0,0,0,0,0,0,0,0,0,0
1458176,712,0,22,5,7,5,5,-0.00334,0.00495,1.2527,3105,0,0,0,0,0,0,0,0,0,0,0,0,0,0,0,0,0,0,0,0,0
1460224,713,0,27,8,8,7,4,-0.00378,0.00854,1.186,2935,0,0,0,0,0,0,0,0,0,0,0,0,0,0,0,0,0,0,0,0,0
1462272,714,0,28,8,8,10,2,-0.00398,0.00953,1.1113,3131,0,0,0,0,0,0,0,0,0,0,0,0,0,0,0,0,0,0,0,0,0
1464320,715,0,27,5,8,11,3,-0.00628,0.00506,1.0959,3239,0,0,0,0,0,0,0,0,0,0,0,0,0,0,0,0,0,0,0,0,0
1466368,716,0,23,6,8,6,3,-0.00412,0.00611,0.9037,2957,0,0,0,0,0,0,0,0,0,0,0,0,0,0,0,0,0,0,0,0,0
1468416,717,0,33,7,4,17,5,-0.00448,0.00991,0.8592,2992,0,0,0,0,0,0,0,0,0,0,0,0,0,0,0,0,0,0,0,0,0
1470464,718,0,27,7,9,7,4,-0.00505,0.00975,0.8269,3190,0,0,0,0,0,0,0,0,0,0,0,0,0,0,0,0,0,0,0,0,0
1472512,719,0,32,5,4,19,4,-0.00374,0.00758,0.7379,2816,0,0,0,0,0,0,0,0,0,0,0,0,0,0,0,0,0,0,0,0,0
1474560,720,0,22,2,7,9,4,-0.00299,0.00395,0.8413,3273,0,0,0,0,0,0,0,0,0,0,0,0,0,0,0,0,0,0,0,0,0
1476608,721,0,28,2,4,18,4,0.00145,0.00465,0.7671,3133,0,0,0,0,0,0,0,0,0,0,0,0,0,0,0,0,0,0,0,0,0
1478656,722,0,28,8,5,11,4,-0.00204,0.00842,0.741,3072,0,0,0,0,0,0,0,0,0,0,0,0,0,0,0,0,0,0,0,0,0
1480704,723,0,19,3,3,10,3,-0.0017,0.00435,0.7576,3200,0,0,0,0,0,0,0,0,0,0,0,0,0,0,0,0,0,0,0,0,0
1482752,724,0,25,2,0,16,7,-0.0031,0.00704,0.83,3139,0,0,0,0,0,0,0,0,0,0,0,0,0,0,0,0,0,0,0,0,0
1484800,725,0,29,3,9,13,4,-0.00371,0.00304,0.7528,3187,0,0,0,0,0,0,0,0,0,0,0,0,0,0,0,0,0,0,0,0,0
1486848,726,0,17,2,3,9,3,-0.0062,0.00245,0.7639,2864,0,0,0,0,0,0,0,0,0,0,0,0,0,0,0,0,0,0,0,0,0
1488896,727,0,20,3,4,7,6,-0.00557,0.00588,0.7406,2905,0,0,0,0,0,0,0,0,0,0,0,0,0,0,0,0,0,0,0,0,0
1490944,728,0,23,6,3,9,5,-0.00308,0.00722,0.7404,3207,0,0,0,0,0,0,0,0,0,0,0,0,0,0,0,0,0,0,0,0,0
1492992,729,0,26,9,5,8,4,-0.00671,0.01014,0.7743,3127,0,0,0,0,0,0,0,0,0,0,0,0,0,0,0,0,0,0,0,0,0
1495040,730,0,26,8,6,10,2,-0.0031,0.00855,0.7644,2992,0,0,0,0,0,0,0,0,0,0,0,0,0,0,0,0,0,0,0,0,0
1497088,731,0,28,5,2,16,5,-0.00289,0.00868,0.7786,2788,0,0,0,0,0,0,0,0,0,0,0,0,0,0,0,0,0,0,0,0,0
1499136,732,0,32,3,7,16,6,-0.00523,0.00522,0.7352,2899,0,0,0,0,0,0,0,0,0,0,0,0,0,0,0,0,0,0,0,0,0
1501184,733,0,26,6,5,9,6,-0.00256,0.00676,0.8325,3017,0,0,0,0,0,0,0,0,0,0,0,0,0,0,0,0,0,0,0,0,0
1503232,734,0,28,6,6,12,4,-0.00182,0.00521,0.7594,3024,0,0,0,0,0,0,0,0,0,0,0,0,0,0,0,0,0,0,0,0,0
1505280,735,0,35,9,6,14,6,-0.00315,0.01071,0.8483,3054,0,0,0,0,0,0,0,0,0,0,0,0,0,0,0,0,0,0,0,0,0
1507328,736,0,30,6,5,18,1,-0.00312,0.00687,0.9139,3058,0,0,0,0,0,0,0,0,0,0,0,0,0,0,0,0,0,0,0,0,0
1509376,737,0,23,8,3,6,6,-0.00406,0.00698,1.0102,3018,0,0,0,0,0,0,0,0,0,0,0,0,0,0,0,0,0,0,0,0,0
1511424,738,0,21,4,2,8,7,-0.00356,0.00551,0.9732,3122,0,0,0,0,0,0,0,0,0,0,0,0,0,0,0,0,0,0,0,0,0
1513472,739,0,16,2,2,5,7,-0.00442,0.00251,0.9989,2770,0,0,0,0,0,0,0,0,0,0,0,0,0,0,0,0,0,0,0,0,0
1515520,740,0,19,2,6,4,7,-0.00057,0.0026,0.9332,2876,0,0,0,0,0,0,0,0,0,0,0,0,0,0,0,0,0,0,0,0,0
1517568,741,0,16,1,3,5,7,-0.00271,0.00234,0.9547,2937,0,0,0,0,0,0,0,0,0,0,0,0,0,0,0,0,0,0,0,0,0
1519616,742,0,25,7,5,7,6,-0.00304,0.00521,0.9286,2946,0,0,0,0,0,0,0,0,0,0,0,0,0,0,0,0,0,0,0,0,0
1521664,743,0,21,5,5,4,7,-0.00524,0.00668,0.893,3110,0,0,0,0,0,0,0,0,0,0,0,0,0,0,0,0,0,0,0,0,0
1523712,744,0,23,6,6,7,4,-0.00529,0.00638,0.9237,2912,0,0,0,0,0,0,0,0,0,0,0,0,0,0,0,0,0,0,0,0,0
1525760,745,0,18,5,1,7,5,-0.00476,0.00374,0.8296,3052,0,0,0,0,0,0,0,0,0,0,0,0,0,0,0,0,0,0,0,0,0
1527808,746,0,25,6,7,5,7,-0.00244,0.00975,0.7314,2887,0,0,0,0,0,0,0,0,0,0,0,0,0,0,0,0,0,0,0,0,0
1529856,747,0,30,10,6,8,6,-0.00429,0.01036,0.8316,2979,0,0,0,0,0,0,0,0,0,0,0,0,0,0,0,0,0,0,0,0,0
1531904,748,0,28,5,6,14,3,-0.00805,0.00486,0.879,2966,0,0,0,0,0,0,0,0,0,0,0,0,0,0,0,0,0,0,0,0,0
1533952,749,0,21,4,3,6,8,-0.00277,0.00447,0.9332,3156,0,0,0,0,0,0,0,0,0,0,0,0,0,0,0,0,0,0,0,0,0
1536000,750,0,21,7,4,7,3,-0.00094,0.00461,0.8567,3089,0,0,0,0,0,0,0,0,0,0,0,0,0,0,0,0,0,0,0,0,0
1538048,751,0,28,10,6,6,6,-0.00401,0.00964,0.9895,3065,0,0,0,0,0,0,0,0,0,0,0,0,0,0,0,0,0,0,0,0,0
1540096,752,0,23,6,5,10,2,-0.003,0.00709,1.039,3226,0,0,0,0,0,0,0,0,0,0,0,0,0,0,0,0,0,0,0,0,0
1542144,753,0,22,5,2,7,8,-0.00411,0.00548,0.9521,3345,0,0,0,0,0,0,0,0,0,0,0,0,0,0,0,0,0,0,0,0,0
1544192,754,0,32,10,4,11,7,-0.00499,0.01197,0.9226,3032,0,0,0,0,0,0,0,0,0,0,0,0,0,0,0,0,0,0,0,0,0
1546240,755,0,26,6,5,12,3,-0.00326,0.00733,0.8934,3224,0,0,0,0,0,0,0,0,0,0,0,0,0,0,0,0,0,0,0,0,0
1548288,756,0,30,5,7,10,8,-0.00612,0.00603,0.7781,2755,0,0,0,0,0,0,0,0,0,0,0,0,0,0,0,0,0,0,0,0,0
1550336,757,0,15,6,5,1,3,-0.00156,0.00697,0.8806,2840,0,0,0,0,0,0,0,0,0,0,0,0,0,0,0,0,0,0,0,0,0
1552384,758,0,27,9,4,5,9,-0.0037,0.00937,0.8724,3073,0,0,0,0,0,0,0,0,0,0,0,0,0,0,0,0,0,0,0,0,0
1554432,759,0,17,4,2,6,5,-0.0053,0.00399,0.9394,3039,0,0,0,0,0,0,0,0,0,0,0,0,0,0,0,0,0,0,0,0,0
1556480,760,0,19,2,3,5,9,-0.00567,0.00374,0.8399,3270,0,0,0,0,0,0,0,0,0,0,0,0,0,0,0,0,0,0,0,0,0
1558528,761,0,26,6,3,9,8,-0.00506,0.00815,0.8484,3358,0,0,0,0,0,0,0,0,0,0,0,0,0,0,0,0,0,0,0,0,0
1560576,762,0,19,7,2,5,5,-0.0063,0.0074,0.8765,2994,0,0,0,0,0,0,0,0,0,0,0,0,0,0,0,0,0,0,0,0,0
1562624,763,0,17,2,6,2,7,-0.00352,0.00391,0.8052,3399,0,0,0,0,0,0,0,0,0,0,0,0,0,0,0,0,0,0,0,0,0
1564672,764,0,32,8,11,8,5,-0.0033,0.00874,0.8047,3338,0,0,0,0,0,0,0,0,0,0,0,0,0,0,0,0,0,0,0,0,0
1566720,765,0,15,4,3,3,5,-0.00345,0.0057,0.7899,3417,0,0,0,0,0,0,0,0,0,0,0,0,0,0,0,0,0,0,0,0,0
1568768,766,0,26,7,11,1,7,-0.00108,0.00848,0.7419,3314,0,0,0,0,0,0,0,0,0,0,0,0,0,0,0,0,0,0,0,0,0
1570816,767,0,24,5,10,1,8,-0.00117,0.00594,0.7089,3252,0,0,0,0,0,0,0,0,0,0,0,0,0,0,0,0,0,0,0,0,0
1572864,768,0,30,10,9,8,3,-0.00531,0.01052,0.7143,3212,0,0,0,0,0,0,0,0,0,0,0,0,0,0,0,0,0,0,0,0,0
1574912,769,0,25,5,10,3,7,-0.00223,0.00681,0.8225,3147,0,0,0,0,0,0,0,0,0,0,0,0,0,0,0,0,0,0,0,0,0
1576960,770,0,25,7,8,6,4,-0.00317,0.00941,0.8189,3161,0,0,0,0,0,0,0,0,0,0,0,0,0,0,0,0,0,0,0,0,0
1579008,771,0,19,8,2,2,7,-0.00111,0.00793,0.7992,3102,0,0,0,0,0,0,0,0,0,0,0,0,0,0,0,0,0,0,0,0,0
1581056,772,0,25,6,7,6,6,0.00184,0.0099,0.7186,3342,0,0,0,0,0,0,0,0,0,0,0,0,0,0,0,0,0,0,0,0,0
1583104,773,0,17,5,2,4,6,-0.0045,0.00594,0.8185,2999,0,0,0,0,0,0,0,0,0,0,0,0,0,0,0,0,0,0,0,0,0
1585152,774,0,29,11,6,4,8,-0.00598,0.00942,0.7985,2747,0,0,0,0,0,0,0,0,0,0,0,0,0,0,0,0,0,0,0,0,0
1587200,775,0,18,8,4,3,3,-0.00442,0.00789,0.9005,3182,0,0,0,0,0,0,0,0,0,0,0,0,0,0,0,0,0,0,0,0,0
1589248,776,0,28,12,7,3,6,-0.0059,0.00918,0.8286,3029,0,0,0,0,0,0,0,0,0,0,0,0,0,0,0,0,0,0,0,0,0
1591296,777,0,11,2,2,1,6,-0.00195,0.00289,0.7838,3247,0,0,0,0,0,0,0,0,0,0,0,0,0,0,0,0,0,0,0,0,0
1593344,778,0,27,10,6,5,6,-0.00378,0.00849,0.6884,3249,0,0,0,0,0,0,0,0,0,0,0,0,0,0,0,0,0,0,0,0,0
1595392,779,0,15,2,2,2,9,-0.00483,0.00301,0.6458,3120,0,0,0,0,0,0,0,0,0,0,0,0,0,0,0,0,0,0,0,0,0
1597440,780,0,22,9,7,0,6,0.00356,0.00718,0.6686,3313,0,0,0,0,0,0,0,0,0,0,0,0,0,0,0,0,0,0,0,0,0
1599488,781,0,19,4,5,5,5,-0.00483,0.00577,0.7062,3278,0,0,0,0,0,0,0,0,0,0,0,0,0,0,0,0,0,0,0,0,0
1601536,782,0,17,5,5,2,5,-0.00565,0.00664,0.6576,2992,0,0,0,0,0,0,0,0,0,0,0,0,0,0,0,0,0,0,0,0,0
1603584,783,0,29,10,5,7,7,-0.00441,0.01119,0.8091,3069,0,0,0,0,0,0,0,0,0,0,0,0,0,0,0,0,0,0,0,0,0
1605632,784,0,20,10,3,3,4,-0.00032,0.0059,0.8,3134,0,0,0,0,0,0,0,0,0,0,0,0,0,0,0,0,0,0,0,0,0
1607680,785,0,26,11,7,7,1,-0.00134,0.01002,0.8223,2653,0,0,0,0,0,0,0,0,0,0,0,0,0,0,0,0,0,0,0,0,0
1609728,786,0,27,11,7,4,5,-0.00385,0.00992,0.8199,2851,0,0,0,0,0,0,0,0,0,0,0,0,0,0,0,0,0,0,0,0,0
1611776,787,0,21,11,3,3,4,0.00016,0.00874,0.7941,3101,0,0,0,0,0,0,0,0,0,0,0,0,0,0,0,0,0,0,0,0,0
1613824,788,0,20,5,6,5,4,-0.00272,0.00574,0.9257,3073,0,0,0,0,0,0,0,0,0,0,0,0,0,0,0,0,0,0,0,0,0
1615872,789,0,26,8,5,6,7,-0.00327,0.00857,0.9051,2997,0,0,0,0,0,0,0,0,0,0,0,0,0,0,0,0,0,0,0,0,0
1617920,790,0,20,7,6,0,7,-0.00234,0.00707,0.8897,2778,0,0,0,0,0,0,0,0,0,0,0,0,0,0,0,0,0,0,0,0,0
1619968,791,0,23,11,7,1,4,-0.00587,0.00793,0.8386,2834,0,0,0,0,0,0,0,0,0,0,0,0,0,0,0,0,0,0,0,0,0
1622016,792,0,18,4,6,2,6,-0.00299,0.00702,0.7082,3085,0,0,0,0,0,0,0,0,0,0,0,0,0,0,0,0,0,0,0,0,0
1624064,793,0,25,7,6,3,9,-0.00068,0.00823,0.8063,3036,0,0,0,0,0,0,0,0,0,0,0,0,0,0,0,0,0,0,0,0,0
1626112,794,0,21,6,4,4,7,-0.0087,0.00803,0.9162,3151,0,0,0,0,0,0,0,0,0,0,0,0,0,0,0,0,0,0,0,0,0
1628160,795,0,27,11,7,3,6,-0.0035,0.01031,0.8752,3268,0,0,0,0,0,0,0,0,0,0,0,0,0,0,0,0,0,0,0,0,0
1630208,796,0,22,10,6,5,1,-0.00556,0.00956,0.8911,3151,0,0,0,0,0,0,0,0,0,0,0,0,0,0,0,0,0,0,0,0,0
1632256,797,0,21,10,6,0,5,-0.0044,0.00943,0.888,3209,0,0,0,0,0,0,0,0,0,0,0,0,0,0,0,0,0,0,0,0,0
1634304,798,0,14,3,2,1,8,-0.00495,0.00479,0.891,2904,0,0,0,0,0,0,0,0,0,0,0,0,0,0,0,0,0,0,0,0,0
1636352,799,0,26,9,7,2,8,-0.00429,0.01081,0.6905,3400,0,0,0,0,0,0,0,0,0,0,0,0,0,0,0,0,0,0,0,0,0
1638400,800,0,17,9,2,0,6,-0.00425,0.00714,0.7382,3255,0,0,0,0,0,0,0,0,0,0,0,0,0,0,0,0,0,0,0,0,0
1640448,801,0,29,16,1,6,6,0.00026,0.01283,0.6871,3367,0,0,0,0,0,0,0,0,0,0,0,0,0,0,0,0,0,0,0,0,0
1642496,802,0,23,13,3,2,5,-0.00483,0.01012,0.7819,3328,0,0,0,0,0,0,0,0,0,0,0,0,0,0,0,0,0,0,0,0,0
1644544,803,0,23,9,5,3,6,-0.00651,0.0087,0.6716,3269,0,0,0,0,0,0,0,0,0,0,0,0,0,0,0,0,0,0,0,0,0
1646592,804,0,20,11,2,3,4,-0.00405,0.00824,0.7265,3347,0,0,0,0,0,0,0,0,0,0,0,0,0,0,0,0,0,0,0,0,0
1648640,805,0,21,11,2,1,7,-0.00307,0.01055,0.7683,3219,0,0,0,0,0,0,0,0,0,0,0,0,0,0,0,0,0,0,0,0,0
1650688,806,0,25,10,6,1,8,-0.00394,0.00954,0.848,3195,0,0,0,0,0,0,0,0,0,0,0,0,0,0,0,0,0,0,0,0,0
1652736,807,0,17,7,2,3,5,0.00418,0.00826,0.8228,3336,0,0,0,0,0,0,0,0,0,0,0,0,0,0,0,0,0,0,0,0,0
1654784,808,0,22,8,6,0,8,-0.00216,0.00737,0.8314,3146,0,0,0,0,0,0,0,0,0,0,0,0,0,0,0,0,0,0,0,0,0
1656832,809,0,15,6,3,0,6,-0.00562,0.00511,0.6564,2823,0,0,0,0,0,0,0,0,0,0,0,0,0,0,0,0,0,0,0,0,0
1658880,810,0,24,12,5,1,6,-0.00503,0.00911,0.7327,3088,0,0,0,0,0,0,0,0,0,0,0,0,0,0,0,0,0,0,0,0,0
1660928,811,0,23,13,5,0,5,-0.00534,0.01031,0.7511,3458,0,0,0,0,0,0,0,0,0,0,0,0,0,0,0,0,0,0,0,0,0
1662976,812,0,26,14,3,1,8,0.00048,0.01345,0.693,3261,0,0,0,0,0,0,0,0,0,0,0,0,0,0,0,0,0,0,0,0,0
1665024,813,0,22,10,6,2,4,-0.00552,0.00869,0.7335,3357,0,0,0,0,0,0,0,0,0,0,0,0,0,0,0,0,0,0,0,0,0
1667072,814,0,19,6,3,1,9,-0.00517,0.00592,0.6765,3150,0,0,0,0,0,0,0,0,0,0,0,0,0,0,0,0,0,0,0,0,0
1669120,815,0,25,14,4,2,5,-0.00116,0.01163,0.6137,3212,0,0,0,0,0,0,0,0,0,0,0,0,0,0,0,0,0,0,0,0,0
1671168,816,0,21,9,5,0,7,-0.0016,0.00963,0.6023,3326,0,0,0,0,0,0,0,0,0,0,0,0,0,0,0,0,0,0,0,0,0
1673216,817,0,19,12,1,1,5,0.00089,0.01104,0.6696,2955,0,0,0,0,0,0,0,0,0,0,0,0,0,0,0,0,0,0,0,0,0
1675264,818,0,24,12,5,0,7,-0.00129,0.01118,0.5697,3373,0,0,0,0,0,0,0,0,0,0,0,0,0,0,0,0,0,0,0,0,0
1677312,819,0,26,10,8,1,7,-0.0054,0.00978,0.5344,3273,0,0,0,0,0,0,0,0,0,0,0,0,0,0,0,0,0,0,0,0,0
1679360,820,0,25,11,7,1,6,-0.00343,0.01219,0.4962,2950,0,0,0,0,0,0,0,0,0,0,0,0,0,0,0,0,0,0,0,0,0
1681408,821,0,28,16,7,1,4,-0.00028,0.01256,0.6123,3350,0,0,0,0,0,0,0,0,0,0,0,0,0,0,0,0,0,0,0,0,0
1683456,822,0,30,16,7,2,5,-0.00274,0.01203,0.5491,3020,0,0,0,0,0,0,0,0,0,0,0,0,0,0,0,0,0,0,0,0,0
1685504,823,0,24,13,6,2,3,-0.00145,0.01047,0.5744,2538,0,0,0,0,0,0,0,0,0,0,0,0,0,0,0,0,0,0,0,0,0
1687552,824,0,23,10,4,2,7,-0.00223,0.01051,0.5308,2943,0,0,0,0,0,0,0,0,0,0,0,0,0,0,0,0,0,0,0,0,0
1689600,825,0,28,16,5,2,5,-0.00174,0.01184,0.4844,3003,0,0,0,0,0,0,0,0,0,0,0,0,0,0,0,0,0,0,0,0,0
1691648,826,0,17,10,2,1,4,-0.00404,0.00638,0.5281,2743,0,0,0,0,0,0,0,0,0,0,0,0,0,0,0,0,0,0,0,0,0
1693696,827,0,39,14,13,5,7,-0.00148,0.01383,0.5582,3036,0,0,0,0,0,0,0,0,0,0,0,0,0,0,0,0,0,0,0,0,0
1695744,828,0,19,8,8,1,2,-0.00424,0.00713,0.5613,3040,0,0,0,0,0,0,0,0,0,0,0,0,0,0,0,0,0,0,0,0,0
1697792,829,0,25,12,5,0,8,-0.00326,0.00906,0.5804,2901,0,0,0,0,0,0,0,0,0,0,0,0,0,0,0,0,0,0,0,0,0
1699840,830,0,17,6,5,1,5,-0.00057,0.00609,0.6422,3099,0,0,0,0,0,0,0,0,0,0,0,0,0,0,0,0,0,0,0,0,0
1701888,831,0,24,9,5,1,9,-0.00312,0.00806,0.6037,2965,0,0,0,0,0,0,0,0,0,0,0,0,0,0,0,0,0,0,0,0,0
1703936,832,0,26,13,7,2,4,-0.00391,0.00931,0.598,2572,0,0,0,0,0,0,0,0,0,0,0,0,0,0,0,0,0,0,0,0,0
1705984,833,0,22,17,2,1,2,-0.00309,0.00964,0.6211,2684,0,0,0,0,0,0,0,0,0,0,0,0,0,0,0,0,0,0,0,0,0
1708032,834,0,26,16,3,3,4,-0.00385,0.01111,0.6601,2652,0,0,0,0,0,0,0,0,0,0,0,0,0,0,0,0,0,0,0,0,0
1710080,835,0,28,15,4,3,6,-0.00075,0.01128,0.6473,2389,0,0,0,0,0,0,0,0,0,0,0,0,0,0,0,0,0,0,0,0,0
1712128,836,0,27,15,8,1,3,-0.00455,0.01044,0.5547,2730,0,0,0,0,0,0,0,0,0,0,0,0,0,0,0,0,0,0,0,0,0
1714176,837,0,27,14,7,0,6,-0.00412,0.01142,0.5677,2897,0,0,0,0,0,0,0,0,0,0,0,0,0,0,0,0,0,0,0,0,0
1716224,838,0,16,8,3,0,5,0.00211,0.00829,0.6041,2942,0,0,0,0,0,0,0,0,0,0,0,0,0,0,0,0,0,0,0,0,0
1718272,839,0,21,7,8,0,6,-0.00232,0.00839,0.6348,2303,0,0,0,0,0,0,0,0,0,0,0,0,0,0,0,0,0,0,0,0,0
1720320,840,0,31,16,7,1,7,0.00172,0.01458,0.5745,2837,0,0,0,0,0,0,0,0,0,0,0,0,0,0,0,0,0,0,0,0,0
1722368,841,0,20,9,6,1,4,-0.00442,0.0084,0.5577,2736,0,0,0,0,0,0,0,0,0,0,0,0,0,0,0,0,0,0,0,0,0
1724416,842,0,30,22,4,1,3,-0.00178,0.01436,0.5909,3087,0,0,0,0,0,0,0,0,0,0,0,0,0,0,0,0,0,0,0,0,0
1726464,843,0,25,12,6,3,4,-0.00166,0.01103,0.6316,2972,0,0,0,0,0,0,0,0,0,0,0,0,0,0,0,0,0,0,0,0,0
1728512,844,0,32,19,5,4,4,-0.00823,0.01378,0.5396,2939,0,0,0,0,0,0,0,0,0,0,0,0,0,0,0,0,0,0,0,0,0
1730560,845,0,28,12,8,1,7,-0.00495,0.011,0.5441,2561,0,0,0,0,0,0,0,0,0,0,0,0,0,0,0,0,0,0,0,0,0
1732608,846,0,22,10,6,2,4,-0.0021,0.00915,0.5942,3202,0,0,0,0,0,0,0,0,0,0,0,0,0,0,0,0,0,0,0,0,0
1734656,847,0,32,21,8,0,3,-0.0061,0.01312,0.4971,3022,0,0,0,0,0,0,0,0,0,0,0,0,0,0,0,0,0,0,0,0,0
1736704,848,0,26,9,12,1,4,-0.00108,0.00851,0.5154,3202,0,0,0,0,0,0,0,0,0,0,0,0,0,0,0,0,0,0,0,0,0
1738752,849,0,35,20,8,1,6,-0.00403,0.01188,0.5671,2959,0,0,0,0,0,0,0,0,0,0,0,0,0,0,0,0,0,0,0,0,0
1740800,850,0,23,12,5,1,5,-0.00184,0.00928,0.4521,2903,0,0,0,0,0,0,0,0,0,0,0,0,0,0,0,0,0,0,0,0,0
1742848,851,0,22,16,3,0,3,-0.00348,0.00945,0.4798,2712,0,0,0,0,0,0,0,0,0,0,0,0,0,0,0,0,0,0,0,0,0
1744896,852,0,22,13,5,0,4,0.00474,0.00819,0.4947,2958,0,0,0,0,0,0,0,0,0,0,0,0,0,0,0,0,0,0,0,0,0
1746944,853,0,21,11,3,0,7,-0.00263,0.00812,0.5227,2768,0,0,0,0,0,0,0,0,0,0,0,0,0,0,0,0,0,0,0,0,0
1748992,854,0,27,15,6,0,6,0.0018,0.01029,0.4601,2802,0,0,0,0,0,0,0,0,0,0,0,0,0,0,0,0,0,0,0,0,0
1751040,855,0,32,20,7,1,4,-0.00593,0.01419,0.4855,2827,0,0,0,0,0,0,0,0,0,0,0,0,0,0,0,0,0,0,0,0,0
1753088,856,0,22,15,3,0,4,-0.00258,0.00839,0.5,2892,0,0,0,0,0,0,0,0,0,0,0,0,0,0,0,0,0,0,0,0,0
1755136,857,0,27,17,5,0,5,0.00073,0.01257,0.4973,3003,0,0,0,0,0,0,0,0,0,0,0,0,0,0,0,0,0,0,0,0,0
1757184,858,0,28,15,7,0,6,-0.00657,0.01199,0.5344,2947,0,0,0,0,0,0,0,0,0,0,0,0,0,0,0,0,0,0,0,0,0
1759232,859,0,20,12,4,0,4,-0.00268,0.00931,0.5954,2829,0,0,0,0,0,0,0,0,0,0,0,0,0,0,0,0,0,0,0,0,0
1761280,860,0,17,6,4,0,7,-0.00581,0.00575,0.5183,2949,0,0,0,0,0,0,0,0,0,0,0,0,0,0,0,0,0,0,0,0,0
1763328,861,0,27,15,5,1,6,-0.00255,0.00987,0.5008,3046,0,0,0,0,0,0,0,0,0,0,0,0,0,0,0,0,0,0,0,0,0
1765376,862,0,20,11,3,1,5,-0.00196,0.00744,0.4386,2927,0,0,0,0,0,0,0,0,0,0,0,0,0,0,0,0,0,0,0,0,0
1767424,863,0,22,11,6,0,5,-0.00375,0.0103,0.4018,2846,0,0,0,0,0,0,0,0,0,0,0,0,0,0,0,0,0,0,0,0,0
1769472,864,0,24,14,6,0,4,-0.0043,0.01101,0.4193,2882,0,0,0,0,0,0,0,0,0,0,0,0,0,0,0,0,0,0,0,0,0
1771520,865,0,19,8,5,1,5,-0.00394,0.00666,0.3629,3147,0,0,0,0,0,0,0,0,0,0,0,0,0,0,0,0,0,0,0,0,0
1773568,866,0,20,9,8,1,2,-0.00271,0.00627,0.4195,2832,0,0,0,0,0,0,0,0,0,0,0,0,0,0,0,0,0,0,0,0,0
1775616,867,0,24,10,8,1,5,-0.00087,0.00839,0.4127,2946,0,0,0,0,0,0,0,0,0,0,0,0,0,0,0,0,0,0,0,0,0
1777664,868,0,29,20,4,2,3,-0.00347,0.01287,0.3935,2965,0,0,0,0,0,0,0,0,0,0,0,0,0,0,0,0,0,0,0,0,0
1779712,869,0,19,5,6,0,8,-0.00379,0.00584,0.3288,3048,0,0,0,0,0,0,0,0,0,0,0,0,0,0,0,0,0,0,0,0,0
1781760,870,0,24,18,1,0,5,-0.00314,0.01104,0.3424,2964,0,0,0,0,0,0,0,0,0,0,0,0,0,0,0,0,0,0,0,0,0
1783808,871,0,30,20,4,1,5,-0.00093,0.01414,0.3507,3031,0,0,0,0,0,0,0,0,0,0,0,0,0,0,0,0,0,0,0,0,0
1785856,872,0,24,11,10,0,3,-0.0024,0.00994,0.3815,2891,0,0,0,0,0,0,0,0,0,0,0,0,0,0,0,0,0,0,0,0,0
1787904,873,0,18,9,3,0,6,0.00345,0.00765,0.3211,2817,0,0,0,0,0,0,0,0,0,0,0,0,0,0,0,0,0,0,0,0,0
1789952,874,0,24,14,3,1,6,-0.00136,0.00992,0.3586,3062,0,0,0,0,0,0,0,0,0,0,0,0,0,0,0,0,0,0,0,0,0
1792000,875,0,22,13,5,0,4,0.00056,0.00916,0.3627,2886,0,0,0,0,0,0,0,0,0,0,0,0,0,0,0,0,0,0,0,0,0
1794048,876,0,27,17,5,0,5,-0.00348,0.01306,0.3398,2850,0,0,0,0,0,0,0,0,0,0,0,0,0,0,0,0,0,0,0,0,0
1796096,877,0,23,16,4,0,3,0.00096,0.01138,0.2761,2796,0,0,0,0,0,0,0,0,0,0,0,0,0,0,0,0,0,0,0,0,0
1798144,878,0,25,15,2,1,7,-0.00049,0.0134,0.3203,2886,0,0,0,0,0,0,0,0,0,0,0,0,0,0,0,0,0,0,0,0,0
1800192,879,0,31,15,11,1,4,-0.00253,0.01355,0.2832,2807,0,0,0,0,0,0,0,0,0,0,0,0,0,0,0,0,0,0,0,0,0
1802240,880,0,37,18,16,0,3,-0.00113,0.01452,0.3881,2703,0,0,0,0,0,0,0,0,0,0,0,0,0,0,0,0,0,0,0,0,0
1804288,881,0,27,16,7,0,4,-0.00059,0.01224,0.386,2995,0,0,0,0,0,0,0,0,0,0,0,0,0,0,0,0,0,0,0,0,0
1806336,882,0,26,11,10,1,4,0.00214,0.01139,0.3941,2926,0,0,0,0,0,0,0,0,0,0,0,0,0,0,0,0,0,0,0,0,0
1808384,883,0,28,14,8,1,5,-0.00327,0.01051,0.3435,2886,0,0,0,0,0,0,0,0,0,0,0,0,0,0,0,0,0,0,0,0,0
1810432,884,0,28,18,7,0,3,-0.00251,0.00946,0.3519,2778,0,0,0,0,0,0,0,0,0,0,0,0,0,0,0,0,0,0,0,0,0
1812480,885,0,25,18,1,0,6,-0.00131,0.0104,0.378,2874,0,0,0,0,0,0,0,0,0,0,0,0,0,0,0,0,0,0,0,0,0
1814528,886,0,19,7,8,1,3,-0.00296,0.00854,0.3193,2779,0,0,0,0,0,0,0,0,0,0,0,0,0,0,0,0,0,0,0,0,0
1816576,887,0,30,15,5,2,8,-0.00112,0.01265,0.3867,3020,0,0,0,0,0,0,0,0,0,0,0,0,0,0,0,0,0,0,0,0,0
1818624,888,0,32,21,4,2,5,-0.00574,0.0149,0.3946,3037,0,0,0,0,0,0,0,0,0,0,0,0,0,0,0,0,0,0,0,0,0
1820672,889,0,28,16,8,1,3,0.0007,0.01161,0.3935,2907,0,0,0,0,0,0,0,0,0,0,0,0,0,0,0,0,0,0,0,0,0
1822720,890,0,29,20,6,0,3,-0.00258,0.01321,0.3485,3039,0,0,0,0,0,0,0,0,0,0,0,0,0,0,0,0,0,0,0,0,0
1824768,891,0,35,27,3,1,4,-0.00262,0.01586,0.3121,2807,0,0,0,0,0,0,0,0,0,0,0,0,0,0,0,0,0,0,0,0,0
1826816,892,0,31,20,9,0,2,-0.00152,0.01188,0.3131,2983,0,0,0,0,0,0,0,0,0,0,0,0,0,0,0,0,0,0,0,0,0
1828864,893,0,28,17,7,1,3,-0.00251,0.01243,0.3018,2996,0,0,0,0,0,0,0,0,0,0,0,0,0,0,0,0,0,0,0,0,0
1830912,894,0,24,13,4,0,7,-0.00043,0.01204,0.2578,2827,0,0,0,0,0,0,0,0,0,0,0,0,0,0,0,0,0,0,0,0,0
1832960,895,0,28,21,1,1,5,-0.00026,0.01165,0.3029,3013,0,0,0,0,0,0,0,0,0,0,0,0,0,0,0,0,0,0,0,0,0
1835008,896,0,23,14,5,0,4,-0.00021,0.00925,0.3235,2976,0,0,0,0,0,0,0,0,0,0,0,0,0,0,0,0,0,0,0,0,0
1837056,897,0,34,22,8,0,4,-0.00462,0.01315,0.3342,2843,0,0,0,0,0,0,0,0,0,0,0,0,0,0,0,0,0,0,0,0,0
1839104,898,0,36,24,8,0,4,-0.00619,0.01251,0.3313,2817,0,0,0,0,0,0,0,0,0,0,0,0,0,0,0,0,0,0,0,0,0
1841152,899,0,21,12,6,0,3,-0.00081,0.00903,0.3427,2626,0,0,0,0,0,0,0,0,0,0,0,0,0,0,0,0,0,0,0,0,0
1843200,900,0,35,26,4,0,5,-0.00448,0.01377,0.3594,2870,0,0,0,0,0,0,0,0,0,0,0,0,0,0,0,0,0,0,0,0,0
1845248,901,0,40,23,11,1,5,0.00184,0.01612,0.3236,2853,0,0,0,0,0,0,0,0,0,0,0,0,0,0,0,0,0,0,0,0,0
1847296,902,0,31,21,7,0,3,-0.00271,0.01435,0.3562,2855,0,0,0,0,0,0,0,0,0,0,0,0,0,0,0,0,0,0,0,0,0
1849344,903,0,44,28,11,0,5,-0.0028,0.0177,0.3643,2925,0,0,0,0,0,0,0,0,0,0,0,0,0,0,0,0,0,0,0,0,0
1851392,904,0,36,30,5,0,1,0.00364,0.01291,0.3535,3053,0,0,0,0,0,0,0,0,0,0,0,0,0,0,0,0,0,0,0,0,0
1853440,905,0,38,28,5,1,4,-0.0038,0.01596,0.2998,3002,0,0,0,0,0,0,0,0,0,0,0,0,0,0,0,0,0,0,0,0,0
1855488,906,0,25,17,5,0,3,-0.00083,0.01181,0.2827,3027,0,0,0,0,0,0,0,0,0,0,0,0,0,0,0,0,0,0,0,0,0
1857536,907,0,38,26,7,0,5,-0.00481,0.01636,0.2462,2919,0,0,0,0,0,0,0,0,0,0,0,0,0,0,0,0,0,0,0,0,0
1859584,908,0,29,20,5,1,3,-0.00143,0.01291,0.2974,2832,0,0,0,0,0,0,0,0,0,0,0,0,0,0,0,0,0,0,0,0,0
1861632,909,0,36,22,9,0,5,-0.00243,0.01818,0.2951,2636,0,0,0,0,0,0,0,0,0,0,0,0,0,0,0,0,0,0,0,0,0
1863680,910,0,36,26,7,0,3,-0.00049,0.0199,0.2964,3082,0,0,0,0,0,0,0,0,0,0,0,0,0,0,0,0,0,0,0,0,0
1865728,911,0,26,17,3,1,5,-0.00373,0.01329,0.2952,2735,0,0,0,0,0,0,0,0,0,0,0,0,0,0,0,0,0,0,0,0,0
1867776,912,0,31,16,12,0,3,-0.00471,0.01518,0.2835,2908,0,0,0,0,0,0,0,0,0,0,0,0,0,0,0,0,0,0,0,0,0
1869824,913,0,34,21,8,1,4,-0.00282,0.01221,0.3147,2928,0,0,0,0,0,0,0,0,0,0,0,0,0,0,0,0,0,0,0,0,0
1871872,914,0,38,22,12,1,3,-0.00141,0.01522,0.3119,3072,0,0,0,0,0,0,0,0,0,0,0,0,0,0,0,0,0,0,0,0,0
1873920,915,0,36,25,9,0,2,-0.00391,0.0153,0.2909,2821,0,0,0,0,0,0,0,0,0,0,0,0,0,0,0,0,0,0,0,0,0
1875968,916,0,32,21,7,0,4,-0.00414,0.01343,0.3049,2590,0,0,0,0,0,0,0,0,0,0,0,0,0,0,0,0,0,0,0,0,0
1878016,917,0,26,16,5,0,5,-0.00303,0.01077,0.353,2638,0,0,0,0,0,0,0,0,0,0,0,0,0,0,0,0,0,0,0,0,0
1880064,918,0,49,34,11,0,4,-0.00413,0.01895,0.3163,2654,0,0,0,0,0,0,0,0,0,0,0,0,0,0,0,0,0,0,0,0,0
1882112,919,0,24,16,5,1,2,-0.00149,0.00924,0.295,3004,0,0,0,0,0,0,0,0,0,0,0,0,0,0,0,0,0,0,0,0,0
1884160,920,0,41,28,9,0,4,-0.00208,0.01654,0.3211,2958,0,0,0,0,0,0,0,0,0,0,0,0,0,0,0,0,0,0,0,0,0
1886208,921,0,31,19,9,0,3,-0.00362,0.01329,0.3014,2713,0,0,0,0,0,0,0,0,0,0,0,0,0,0,0,0,0,0,0,0,0
1888256,922,0,32,21,8,0,3,-0.00379,0.01297,0.2628,2844,0,0,0,0,0,0,0,0,0,0,0,0,0,0,0,0,0,0,0,0,0
1890304,923,0,35,21,10,0,4,-0.00334,0.01503,0.2547,2780,0,0,0,0,0,0,0,0,0,0,0,0,0,0,0,0,0,0,0,0,0
1892352,924,0,42,30,7,0,5,-0.00227,0.01854,0.2726,2855,0,0,0,0,0,0,0,0,0,0,0,0,0,0,0,0,0,0,0,0,0
1894400,925,0,32,23,6,0,3,0.00039,0.01496,0.2704,2955,0,0,0,0,0,0,0,0,0,0,0,0,0,0,0,0,0,0,0,0,0
1896448,926,0,30,18,6,1,5,-0.00128,0.01279,0.2427,2891,0,0,0,0,0,0,0,0,0,0,0,0,0,0,0,0,0,0,0,0,0
1898496,927,0,33,29,2,0,2,-0.00614,0.01349,0.2815,2660,0,0,0,0,0,0,0,0,0,0,0,0,0,0,0,0,0,0,0,0,0
1900544,928,0,43,35,5,0,3,0.00174,0.01403,0.3027,2699,0,0,0,0,0,0,0,0,0,0,0,0,0,0,0,0,0,0,0,0,0
1902592,929,0,32,23,5,1,3,-0.00175,0.01154,0.3053,2367,0,0,0,0,0,0,0,0,0,0,0,0,0,0,0,0,0,0,0,0,0
1904640,930,0,32,25,4,0,3,-0.00226,0.01262,0.3158,2859,0,0,0,0,0,0,0,0,0,0,0,0,0,0,0,0,0,0,0,0,0
1906688,931,0,29,16,7,0,6,-0.00237,0.01139,0.344,2725,0,0,0,0,0,0,0,0,0,0,0,0,0,0,0,0,0,0,0,0,0
1908736,932,0,32,23,4,1,4,-0.00296,0.01331,0.3226,2757,0,0,0,0,0,0,0,0,0,0,0,0,0,0,0,0,0,0,0,0,0
1910784,933,0,24,15,0,1,8,-0.0046,0.00931,0.322,2745,0,0,0,0,0,0,0,0,0,0,0,0,0,0,0,0,0,0,0,0,0
1912832,934,0,28,20,4,0,4,-0.00503,0.01269,0.3441,2876,0,0,0,0,0,0,0,0,0,0,0,0,0,0,0,0,0,0,0,0,0
1914880,935,0,31,28,2,0,1,-0.00453,0.01141,0.3512,2900,0,0,0,0,0,0,0,0,0,0,0,0,0,0,0,0,0,0,0,0,0
1916928,936,0,23,13,4,0,6,-0.00502,0.01051,0.2892,2929,0,0,0,0,0,0,0,0,0,0,0,0,0,0,0,0,0,0,0,0,0
1918976,937,0,32,17,9,0,6,-0.00483,0.01201,0.314,2824,0,0,0,0,0,0,0,0,0,0,0,0,0,0,0,0,0,0,0,0,0
1921024,938,0,19,13,1,1,4,-0.00161,0.00816,0.3352,2371,0,0,0,0,0,0,0,0,0,0,0,0,0,0,0,0,0,0,0,0,0
1923072,939,0,32,19,8,1,4,-0.00351,0.01358,0.2809,2589,0,0,0,0,0,0,0,0,0,0,0,0,0,0,0,0,0,0,0,0,0
1925120,940,0,37,29,6,0,2,-0.00362,0.01476,0.2843,2728,0,0,0,0,0,0,0,0,0,0,0,0,0,0,0,0,0,0,0,0,0
1927168,941,0,33,24,3,2,4,0.00287,0.01416,0.2751,2563,0,0,0,0,0,0,0,0,0,0,0,0,0,0,0,0,0,0,0,0,0
1929216,942,0,13,7,1,2,3,-0.00114,0.00553,0.2809,2775,0,0,0,0,0,0,0,0,0,0,0,0,0,0,0,0,0,0,0,0,0
1931264,943,0,30,19,3,0,8,-0.00307,0.01236,0.2176,2606,0,0,0,0,0,0,0,0,0,0,0,0,0,0,0,0,0,0,0,0,0
1933312,944,0,28,19,3,0,6,-0.00325,0.01142,0.2581,2816,0,0,0,0,0,0,0,0,0,0,0,0,0,0,0,0,0,0,0,0,0
1935360,945,0,16,6,2,0,8,-0.00419,0.00777,0.2472,2556,0,0,0,0,0,0,0,0,0,0,0,0,0,0,0,0,0,0,0,0,0
1937408,946,0,28,22,1,0,5,0.00291,0.01179,0.2448,2710,0,0,0,0,0,0,0,0,0,0,0,0,0,0,0,0,0,0,0,0,0
1939456,947,0,26,17,0,0,9,-0.0035,0.00857,0.2742,2771,0,0,0,0,0,0,0,0,0,0,0,0,0,0,0,0,0,0,0,0,0
1941504,948,0,21,13,4,0,4,-0.00538,0.00907,0.3373,2724,0,0,0,0,0,0,0,0,0,0,0,0,0,0,0,0,0,0,0,0,0
1943552,949,0,33,24,2,0,7,-0.00092,0.0144,0.3298,2734,0,0,0,0,0,0,0,0,0,0,0,0,0,0,0,0,0,0,0,0,0
1945600,950,0,28,22,4,0,2,-0.00051,0.01118,0.2982,2989,0,0,0,0,0,0,0,0,0,0,0,0,0,0,0,0,0,0,0,0,0
1947648,951,0,30,22,4,0,4,0.0014,0.01271,0.333,3079,0,0,0,0,0,0,0,0,0,0,0,0,0,0,0,0,0,0,0,0,0
1949696,952,0,33,22,6,1,4,0.00044,0.01327,0.3195,2790,0,0,0,0,0,0,0,0,0,0,0,0,0,0,0,0,0,0,0,0,0
1951744,953,0,28,22,1,0,5,-0.00177,0.01176,0.2784,2904,0,0,0,0,0,0,0,0,0,0,0,0,0,0,0,0,0,0,0,0,0
1953792,954,0,30,21,2,2,5,-0.002,0.01277,0.2945,3038,0,0,0,0,0,0,0,0,0,0,0,0,0,0,0,0,0,0,0,0,0
1955840,955,0,26,22,0,0,4,0.00313,0.01275,0.2967,2835,0,0,0,0,0,0,0,0,0,0,0,0,0,0,0,0,0,0,0,0,0
1957888,956,0,33,20,3,1,9,-0.00546,0.01559,0.3012,3066,0,0,0,0,0,0,0,0,0,0,0,0,0,0,0,0,0,0,0,0,0
1959936,957,0,37,29,4,0,4,-0.003,0.01591,0.3313,3058,0,0,0,0,0,0,0,0,0,0,0,0,0,0,0,0,0,0,0,0,0
1961984,958,0,30,19,5,2,4,-0.00218,0.01137,0.3626,2729,0,0,0,0,0,0,0,0,0,0,0,0,0,0,0,0,0,0,0,0,0
1964032,959,0,28,23,1,0,4,-0.00427,0.01095,0.3314,2823,0,0,0,0,0,0,0,0,0,0,0,0,0,0,0,0,0,0,0,0,0
1966080,960,0,32,20,6,0,6,-0.00065,0.01165,0.3368,2850,0,0,0,0,0,0,0,0,0,0,0,0,0,0,0,0,0,0,0,0,0
1968128,961,0,38,29,6,0,3,-0.00427,0.01352,0.3232,2886,0,0,0,0,0,0,0,0,0,0,0,0,0,0,0,0,0,0,0,0,0
1970176,962,0,30,24,5,0,1,-0.00485,0.00987,0.2926,2903,0,0,0,0,0,0,0,0,0,0,0,0,0,0,0,0,0,0,0,0,0
1972224,963,0,26,18,4,0,4,-0.00389,0.00958,0.3317,2893,0,0,0,0,0,0,0,0,0,0,0,0,0,0,0,0,0,0,0,0,0
1974272,964,0,28,18,0,1,9,-0.00145,0.01062,0.3506,2904,0,0,0,0,0,0,0,0,0,0,0,0,0,0,0,0,0,0,0,0,0
1976320,965,0,28,21,5,0,2,-0.00267,0.01224,0.3911,2725,0,0,0,0,0,0,0,0,0,0,0,0,0,0,0,0,0,0,0,0,0
1978368,966,0,26,17,2,0,7,-0.00652,0.00987,0.33,3029,0,0,0,0,0,0,0,0,0,0,0,0,0,0,0,0,0,0,0,0,0
1980416,967,0,34,24,4,1,5,-0.00172,0.01361,0.3384,2903,0,0,0,0,0,0,0,0,0,0,0,0,0,0,0,0,0,0,0,0,0
1982464,968,0,32,24,5,0,3,-0.00157,0.01408,0.3479,2893,0,0,0,0,0,0,0,0,0,0,0,0,0,0,0,0,0,0,0,0,0
1984512,969,0,42,31,7,1,3,-0.00178,0.01666,0.3213,2883,0,0,0,0,0,0,0,0,0,0,0,0,0,0,0,0,0,0,0,0,0
1986560,970,0,33,27,4,0,2,-0.00022,0.01171,0.3101,2758,0,0,0,0,0,0,0,0,0,0,0,0,0,0,0,0,0,0,0,0,0
1988608,971,0,35,26,3,0,6,-0.0062,0.01468,0.3491,2840,0,0,0,0,0,0,0,0,0,0,0,0,0,0,0,0,0,0,0,0,0
1990656,972,0,44,34,6,0,4,-0.00439,0.01504,0.3144,2834,0,0,0,0,0,0,0,0,0,0,0,0,0,0,0,0,0,0,0,0,0
1992704,973,0,38,28,6,0,4,-0.00437,0.01205,0.3001,2585,0,0,0,0,0,0,0,0,0,0,0,0,0,0,0,0,0,0,0,0,0
1994752,974,0,39,28,6,1,4,-0.00199,0.01458,0.2959,2762,0,0,0,0,0,0,0,0,0,0,0,0,0,0,0,0,0,0,0,0,0
1996800,975,0,30,17,6,3,4,0.00322,0.01332,0.3457,2876,0,0,0,0,0,0,0,0,0,0,0,0,0,0,0,0,0,0,0,0,0
1998848,976,0,28,20,4,1,3,0.00104,0.01348,0.3261,3068,0,0,0,0,0,0,0,0,0,0,0,0,0,0,0,0,0,0,0,0,0
2000896,977,0,40,33,0,0,7,-0.00493,0.01505,0.3114,2947,0,0,0,0,0,0,0,0,0,0,0,0,0,0,0,0,0,0,0,0,0
2002944,978,0,33,28,2,1,2,-7e-05,0.01301,0.3441,3154,0,0,0,0,0,0,0,0,0,0,0,0,0,0,0,0,0,0,0,0,0
2004992,979,0,34,23,6,0,5,-0.00126,0.01433,0.3447,3148,0,0,0,0,0,0,0,0,0,0,0,0,0,0,0,0,0,0,0,0,0
2007040,980,0,42,31,7,1,3,0.00065,0.01581,0.3506,3010,0,0,0,0,0,0,0,0,0,0,0,0,0,0,0,0,0,0,0,0,0
2009088,981,0,29,20,5,1,3,0.00074,0.01261,0.3668,2954,0,0,0,0,0,0,0,0,0,0,0,0,0,0,0,0,0,0,0,0,0
2011136,982,0,28,19,3,0,6,-0.00458,0.01269,0.3674,2950,0,0,0,0,0,0,0,0,0,0,0,0,0,0,0,0,0,0,0,0,0
2013184,983,0,26,15,3,1,7,9e-05,0.01686,0.3582,2642,0,0,0,0,0,0,0,0,0,0,0,0,0,0,0,0,0,0,0,0,0
2015232,984,0,37,26,6,0,5,0.00249,0.01551,0.302,2882,0,0,0,0,0,0,0,0,0,0,0,0,0,0,0,0,0,0,0,0,0
2017280,985,0,28,22,3,0,3,-0.00597,0.01107,0.3279,3072,0,0,0,0,0,0,0,0,0,0,0,0,0,0,0,0,0,0,0,0,0
2019328,986,0,32,17,6,3,6,-0.00279,0.01422,0.3542,2790,0,0,0,0,0,0,0,0,0,0,0,0,0,0,0,0,0,0,0,0,0
2021376,987,0,44,31,8,2,3,-0.00181,0.01711,0.3519,2786,0,0,0,0,0,0,0,0,0,0,0,0,0,0,0,0,0,0,0,0,0
2023424,988,0,33,25,4,0,4,-0.00639,0.01483,0.3963,3019,0,0,0,0,0,0,0,0,0,0,0,0,0,0,0,0,0,0,0,0,0
2025472,989,0,44,37,3,1,3,-0.00321,0.01732,0.4092,2644,0,0,0,0,0,0,0,0,0,0,0,0,0,0,0,0,0,0,0,0,0
2027520,990,0,36,27,4,1,4,-0.00576,0.01332,0.3988,2909,0,0,0,0,0,0,0,0,0,0,0,0,0,0,0,0,0,0,0,0,0
2029568,991,0,44,32,7,2,3,-0.00223,0.01695,0.3442,2767,0,0,0,0,0,0,0,0,0,0,0,0,0,0,0,0,0,0,0,0,0
2031616,992,0,29,20,7,0,2,-0.00364,0.01177,0.3404,2929,0,0,0,0,0,0,0,0,0,0,0,0,0,0,0,0,0,0,0,0,0
2033664,993,0,39,27,4,2,6,-0.00158,0.01461,0.3827,3089,0,0,0,0,0,0,0,0,0,0,0,0,0,0,0,0,0,0,0,0,0
2035712,994,0,42,31,7,1,3,-0.00399,0.01657,0.3526,3007,0,0,0,0,0,0,0,0,0,0,0,0,0,0,0,0,0,0,0,0,0
2037760,995,0,39,29,7,1,2,-0.0048,0.01537,0.3267,2919,0,0,0,0,0,0,0,0,0,0,0,0,0,0,0,0,0,0,0,0,0
2039808,996,0,48,36,7,1,4,-0.00158,0.01926,0.318,2787,0,0,0,0,0,0,0,0,0,0,0,0,0,0,0,0,0,0,0,0,0
2041856,997,0,35,33,2,0,0,-0.00312,0.01163,0.3101,2875,0,0,0,0,0,0,0,0,0,0,0,0,0,0,0,0,0,0,0,0,0
2043904,998,0,46,32,8,1,5,-0.0021,0.01684,0.3351,2986,0,0,0,0,0,0,0,0,0,0,0,0,0,0,0,0,0,0,0,0,0
2045952,999,0,46,36,9,0,1,-0.00175,0.01692,0.3366,2685,0,0,0,0,0,0,0,0,0,0,0,0,0,0,0,0,0,0,0,0,0
2048000,1000,0,59,44,8,3,4,-0.00107,0.02015,0.3022,2806,0,0,0,0,0,0,0,0,0,0,0,0,0,0,0,0,0,0,0,0,0
2050048,1001,0,39,33,5,0,1,-0.00437,0.01389,0.2975,2629,0,0,0,0,0,0,0,0,0,0,0,0,0,0,0,0,0,0,0,0,0
2052096,1002,0,27,17,5,1,4,-0.00266,0.01228,0.2988,2647,0,0,0,0,0,0,0,0,0,0,0,0,0,0,0,0,0,0,0,0,0
2054144,1003,0,51,36,10,0,5,-0.00036,0.01903,0.2937,2611,0,0,0,0,0,0,0,0,0,0,0,0,0,0,0,0,0,0,0,0,0
2056192,1004,0,38,26,9,0,3,0.00132,0.01431,0.2767,2826,0,0,0,0,0,0,0,0,0,0,0,0,0,0,0,0,0,0,0,0,0
2058240,1005,0,39,31,6,0,2,-0.00658,0.01281,0.3012,2706,0,0,0,0,0,0,0,0,0,0,0,0,0,0,0,0,0,0,0,0,0
2060288,1006,0,44,36,6,1,1,-0.00199,0.0136,0.3039,2696,0,0,0,0,0,0,0,0,0,0,0,0,0,0,0,0,0,0,0,0,0
2062336,1007,0,52,47,3,0,2,-0.00311,0.01675,0.3299,2909,0,0,0,0,0,0,0,0,0,0,0,0,0,0,0,0,0,0,0,0,0
2064384,1008,0,44,37,5,0,2,0.00391,0.01298,0.3378,2842,0,0,0,0,0,0,0,0,0,0,0,0,0,0,0,0,0,0,0,0,0
2066432,1009,0,45,37,5,1,2,-0.00285,0.0135,0.3293,2853,0,0,0,0,0,0,0,0,0,0,0,0,0,0,0,0,0,0,0,0,0
2068480,1010,0,47,32,11,0,4,-0.00331,0.01724,0.2957,2849,0,0,0,0,0,0,0,0,0,0,0,0,0,0,0,0,0,0,0,0,0
2070528,1011,0,39,30,6,0,3,-0.00041,0.01387,0.3156,2831,0,0,0,0,0,0,0,0,0,0,0,0,0,0,0,0,0,0,0,0,0
2072576,1012,0,50,41,7,1,1,-0.00491,0.01552,0.3144,2661,0,0,0,0,0,0,0,0,0,0,0,0,0,0,0,0,0,0,0,0,0
2074624,1013,0,43,38,4,0,1,-0.00068,0.01275,0.2675,2924,0,0,0,0,0,0,0,0,0,0,0,0,0,0,0,0,0,0,0,0,0
2076672,1014,0,36,25,7,1,3,-0.00431,0.01345,0.2925,3066,0,0,0,0,0,0,0,0,0,0,0,0,0,0,0,0,0,0,0,0,0
2078720,1015,0,48,34,8,0,6,-0.00036,0.01534,0.2711,3095,0,0,0,0,0,0,0,0,0,0,0,0,0,0,0,0,0,0,0,0,0
2080768,1016,0,42,33,5,1,3,-0.00105,0.01408,0.287,2834,0,0,0,0,0,0,0,0,0,0,0,0,0,0,0,0,0,0,0,0,0
2082816,1017,0,34,24,8,1,1,0.00356,0.0119,0.2836,2824,0,0,0,0,0,0,0,0,0,0,0,0,0,0,0,0,0,0,0,0,0
2084864,1018,0,40,30,6,0,4,-0.00206,0.01401,0.2757,2849,0,0,0,0,0,0,0,0,0,0,0,0,0,0,0,0,0,0,0,0,0
2086912,1019,0,38,31,4,0,3,0.00099,0.01222,0.281,2856,0,0,0,0,0,0,0,0,0,0,0,0,0,0,0,0,0,0,0,0,0
2088960,1020,0,31,25,1,0,5,0.00015,0.01031,0.3012,2848,0,0,0,0,0,0,0,0,0,0,0,0,0,0,0,0,0,0,0,0,0
2091008,1021,0,41,34,2,0,5,-0.00056,0.01565,0.2536,2852,0,0,0,0,0,0,0,0,0,0,0,0,0,0,0,0,0,0,0,0,0
2093056,1022,0,20,15,0,0,5,-0.00306,0.0087,0.2766,2734,0,0,0,0,0,0,0,0,0,0,0,0,0,0,0,0,0,0,0,0,0
2095104,1023,0,43,30,7,0,6,-0.00058,0.01517,0.2635,2927,0,0,0,0,0,0,0,0,0,0,0,0,0,0,0,0,0,0,0,0,0
2097152,1024,0,32,28,3,0,1,0.00325,0.01143,0.2578,2720,0,0,0,0,0,0,0,0,0,0,0,0,0,0,0,0,0,0,0,0,0
2099200,1025,0,23,16,0,0,7,-0.00191,0.00864,0.2341,2942,0,0,0,0,0,0,0,0,0,0,0,0,0,0,0,0,0,0,0,0,0
2101248,1026,0,45,33,8,1,3,-0.00233,0.01426,0.2255,2742,0,0,0,0,0,0,0,0,0,0,0,0,0,0,0,0,0,0,0,0,0
2103296,1027,0,40,35,2,0,3,-0.00053,0.0127,0.2278,2972,0,0,0,0,0,0,0,0,0,0,0,0,0,0,0,0,0,0,0,0,0
2105344,1028,0,44,40,1,0,3,0.0029,0.01297,0.2355,2937,0,0,0,0,0,0,0,0,0,0,0,0,0,0,0,0,0,0,0,0,0
2107392,1029,0,35,25,5,1,4,-0.00333,0.01208,0.205,2897,0,0,0,0,0,0,0,0,0,0,0,0,0,0,0,0,0,0,0,0,0
2109440,1030,0,42,36,4,0,2,-0.00262,0.01143,0.2368,2963,0,0,0,0,0,0,0,0,0,0,0,0,0,0,0,0,0,0,0,0,0
2111488,1031,0,36,25,8,0,3,-0.00371,0.01257,0.2551,2626,0,0,0,0,0,0,0,0,0,0,0,0,0,0,0,0,0,0,0,0,0
2113536,1032,0,36,30,2,1,3,-0.00012,0.0114,0.2581,3031,0,0,0,0,0,0,0,0,0,0,0,0,0,0,0,0,0,0,0,0,0
2115584,1033,0,48,41,4,0,3,-0.0033,0.01387,0.2462,2907,0,0,0,0,0,0,0,0,0,0,0,0,0,0,0,0,0,0,0,0,0
2117632,1034,0,51,44,5,0,2,0.00125,0.01525,0.2273,2895,0,0,0,0,0,0,0,0,0,0,0,0,0,0,0,0,0,0,0,0,0
2119680,1035,0,31,23,5,0,3,-0.00277,0.01201,0.2307,2908,0,0,0,0,0,0,0,0,0,0,0,0,0,0,0,0,0,0,0,0,0
2121728,1036,0,40,31,4,0,5,-0.00643,0.01275,0.2691,2750,0,0,0,0,0,0,0,0,0,0,0,0,0,0,0,0,0,0,0,0,0
2123776,1037,0,27,23,2,0,2,-0.00482,0.00841,0.2649,3105,0,0,0,0,0,0,0,0,0,0,0,0,0,0,0,0,0,0,0,0,0
2125824,1038,0,40,32,4,0,4,-0.00076,0.01356,0.2316,2880,0,0,0,0,0,0,0,0,0,0,0,0,0,0,0,0,0,0,0,0,0
2127872,1039,0,33,26,3,0,4,-0.00099,0.01147,0.2221,2950,0,0,0,0,0,0,0,0,0,0,0,0,0,0,0,0,0,0,0,0,0
2129920,1040,0,51,44,4,0,3,-0.00224,0.01462,0.2179,2824,0,0,0,0,0,0,0,0,0,0,0,0,0,0,0,0,0,0,0,0,0
2131968,1041,0,37,33,2,0,2,-0.00425,0.00994,0.2296,2719,0,0,0,0,0,0,0,0,0,0,0,0,0,0,0,0,0,0,0,0,0
2134016,1042,0,52,39,6,2,5,-0.00161,0.01525,0.2376,2894,0,0,0,0,0,0,0,0,0,0,0,0,0,0,0,0,0,0,0,0,0
2136064,1043,0,32,27,2,0,3,-0.00267,0.01005,0.2446,2657,0,0,0,0,0,0,0,0,0,0,0,0,0,0,0,0,0,0,0,0,0
2138112,1044,0,40,30,4,0,6,0.00021,0.01284,0.1827,2838,0,0,0,0,0,0,0,0,0,0,0,0,0,0,0,0,0,0,0,0,0
2140160,1045,0,39,35,1,0,3,-0.00079,0.01054,0.1994,2879,0,0,0,0,0,0,0,0,0,0,0,0,0,0,0,0,0,0,0,0,0
2142208,1046,0,34,27,2,0,5,-0.0032,0.00874,0.1864,2782,0,0,0,0,0,0,0,0,0,0,0,0,0,0,0,0,0,0,0,0,0
2144256,1047,0,38,33,2,0,3,-0.00374,0.01131,0.1838,2836,0,0,0,0,0,0,0,0,0,0,0,0,0,0,0,0,0,0,0,0,0
2146304,1048,0,31,21,3,1,6,0.0009,0.01152,0.1909,2898,0,0,0,0,0,0,0,0,0,0,0,0,0,0,0,0,0,0,0,0,0
2148352,1049,0,31,24,2,0,5,-0.003,0.01087,0.2071,2944,0,0,0,0,0,0,0,0,0,0,0,0,0,0,0,0,0,0,0,0,0
2150400,1050,0,26,20,2,0,4,-0.00283,0.0113,0.1548,3013,0,0,0,0,0,0,0,0,0,0,0,0,0,0,0,0,0,0,0,0,0
2152448,1051,0,31,22,1,0,8,-0.00155,0.01007,0.2012,2729,0,0,0,0,0,0,0,0,0,0,0,0,0,0,0,0,0,0,0,0,0
2154496,1052,0,40,30,6,0,4,0.0037,0.01566,0.1965,2604,0,0,0,0,0,0,0,0,0,0,0,0,0,0,0,0,0,0,0,0,0
2156544,1053,0,43,34,6,1,2,-0.00322,0.01534,0.2077,2849,0,0,0,0,0,0,0,0,0,0,0,0,0,0,0,0,0,0,0,0,0
2158592,1054,0,43,37,3,0,3,-0.00244,0.01409,0.2133,2721,0,0,0,0,0,0,0,0,0,0,0,0,0,0,0,0,0,0,0,0,0
2160640,1055,0,56,45,7,1,3,-0.00164,0.01802,0.2097,2976,0,0,0,0,0,0,0,0,0,0,0,0,0,0,0,0,0,0,0,0,0
2162688,1056,0,42,36,5,0,1,-0.00389,0.01261,0.1951,2755,0,0,0,0,0,0,0,0,0,0,0,0,0,0,0,0,0,0,0,0,0
2164736,1057,0,44,38,4,0,2,-0.0029,0.01249,0.1798,2739,0,0,0,0,0,0,0,0,0,0,0,0,0,0,0,0,0,0,0,0,0
2166784,1058,0,46,35,6,2,3,-0.00097,0.0156,0.2136,2591,0,0,0,0,0,0,0,0,0,0,0,0,0,0,0,0,0,0,0,0,0
2168832,1059,0,54,45,2,1,6,-0.00407,0.01381,0.2264,2828,0,0,0,0,0,0,0,0,0,0,0,0,0,0,0,0,0,0,0,0,0
2170880,1060,0,45,41,2,0,2,0.00254,0.00932,0.2137,2880,0,0,0,0,0,0,0,0,0,0,0,0,0,0,0,0,0,0,0,0,0
2172928,1061,0,49,38,6,1,4,-0.00491,0.01361,0.2471,2514,0,0,0,0,0,0,0,0,0,0,0,0,0,0,0,0,0,0,0,0,0
2174976,1062,0,46,37,7,0,2,0.00038,0.01596,0.2651,2896,0,0,0,0,0,0,0,0,0,0,0,0,0,0,0,0,0,0,0,0,0
2177024,1063,0,45,34,7,1,3,-0.00427,0.01584,0.2588,2792,0,0,0,0,0,0,0,0,0,0,0,0,0,0,0,0,0,0,0,0,0
2179072,1064,0,35,30,3,0,2,-0.00045,0.00991,0.2483,2881,0,0,0,0,0,0,0,0,0,0,0,0,0,0,0,0,0,0,0,0,0
2181120,1065,0,37,27,3,0,7,-0.00445,0.01149,0.2088,2844,0,0,0,0,0,0,0,0,0,0,0,0,0,0,0,0,0,0,0,0,0
2183168,1066,0,42,35,2,1,4,-0.00227,0.01232,0.2338,2751,0,0,0,0,0,0,0,0,0,0,0,0,0,0,0,0,0,0,0,0,0
2185216,1067,0,40,35,3,0,2,-0.00397,0.01043,0.2775,2719,0,0,0,0,0,0,0,0,0,0,0,0,0,0,0,0,0,0,0,0,0
2187264,1068,0,53,39,6,2,6,-0.00402,0.01918,0.215,2802,0,0,0,0,0,0,0,0,0,0,0,0,0,0,0,0,0,0,0,0,0
2189312,1069,0,63,50,10,1,2,-0.00348,0.01892,0.2321,2825,0,0,0,0,0,0,0,0,0,0,0,0,0,0,0,0,0,0,0,0,0
2191360,1070,0,62,52,8,2,0,-0.0029,0.01544,0.2293,2931,0,0,0,0,0,0,0,0,0,0,0,0,0,0,0,0,0,0,0,0,0
2193408,1071,0,51,45,5,0,1,0.00188,0.01078,0.2197,2663,0,0,0,0,0,0,0,0,0,0,0,0,0,0,0,0,0,0,0,0,0
2195456,1072,0,47,39,4,0,4,-0.00321,0.01156,0.1752,3007,0,0,0,0,0,0,0,0,0,0,0,0,0,0,0,0,0,0,0,0,0
2197504,1073,0,48,39,6,1,2,-0.00517,0.01208,0.2008,2818,0,0,0,0,0,0,0,0,0,0,0,0,0,0,0,0,0,0,0,0,0
2199552,1074,0,39,34,3,0,2,-0.0049,0.01131,0.2524,2864,0,0,0,0,0,0,0,0,0,0,0,0,0,0,0,0,0,0,0,0,0
2201600,1075,0,51,44,1,0,6,-0.00016,0.01181,0.2118,3041,0,0,0,0,0,0,0,0,0,0,0,0,0,0,0,0,0,0,0,0,0
2203648,1076,0,60,53,5,0,2,0.00159,0.01248,0.2121,2803,0,0,0,0,0,0,0,0,0,0,0,0,0,0,0,0,0,0,0,0,0
2205696,1077,0,44,34,6,1,3,-0.00528,0.01294,0.2284,2761,0,0,0,0,0,0,0,0,0,0,0,0,0,0,0,0,0,0,0,0,0
2207744,1078,0,42,39,1,0,2,-0.00278,0.00902,0.2153,3019,0,0,0,0,0,0,0,0,0,0,0,0,0,0,0,0,0,0,0,0,0
2209792,1079,0,34,27,4,0,3,-0.00211,0.01117,0.212,2949,0,0,0,0,0,0,0,0,0,0,0,0,0,0,0,0,0,0,0,0,0
2211840,1080,0,32,23,4,1,4,0.00322,0.01046,0.1906,2785,0,0,0,0,0,0,0,0,0,0,0,0,0,0,0,0,0,0,0,0,0
2213888,1081,0,37,26,3,2,6,-0.00074,0.01311,0.227,2777,0,0,0,0,0,0,0,0,0,0,0,0,0,0,0,0,0,0,0,0,0
2215936,1082,0,37,31,3,0,3,0.00277,0.01293,0.2414,3035,0,0,0,0,0,0,0,0,0,0,0,0,0,0,0,0,0,0,0,0,0
2217984,1083,0,38,31,1,1,5,-0.00111,0.01318,0.2097,2893,0,0,0,0,0,0,0,0,0,0,0,0,0,0,0,0,0,0,0,0,0
2220032,1084,0,45,38,3,0,4,-0.00093,0.01343,0.1995,2882,0,0,0,0,0,0,0,0,0,0,0,0,0,0,0,0,0,0,0,0,0
2222080,1085,0,37,31,1,1,4,-0.00354,0.01013,0.2204,2872,0,0,0,0,0,0,0,0,0,0,0,0,0,0,0,0,0,0,0,0,0
2224128,1086,0,31,19,4,1,7,-0.00104,0.01256,0.2167,2724,0,0,0,0,0,0,0,0,0,0,0,0,0,0,0,0,0,0,0,0,0
2226176,1087,0,43,30,6,1,6,-0.0022,0.01561,0.2192,2558,0,0,0,0,0,0,0,0,0,0,0,0,0,0,0,0,0,0,0,0,0
2228224,1088,0,38,31,3,1,3,-0.00217,0.01481,0.2252,2752,0,0,0,0,0,0,0,0,0,0,0,0,0,0,0,0,0,0,0,0,0
2230272,1089,0,45,34,6,0,5,-0.0014,0.01426,0.1663,2717,0,0,0,0,0,0,0,0,0,0,0,0,0,0,0,0,0,0,0,0,0
2232320,1090,0,44,37,4,1,2,0.0001,0.01121,0.1494,2935,0,0,0,0,0,0,0,0,0,0,0,0,0,0,0,0,0,0,0,0,0
2234368,1091,0,40,33,2,0,5,-0.00113,0.0107,0.1631,2841,0,0,0,0,0,0,0,0,0,0,0,0,0,0,0,0,0,0,0,0,0
2236416,1092,0,42,34,3,0,5,-0.00331,0.01228,0.2172,2931,0,0,0,0,0,0,0,0,0,0,0,0,0,0,0,0,0,0,0,0,0
2238464,1093,0,37,30,1,0,6,0.00035,0.01195,0.232,2645,0,0,0,0,0,0,0,0,0,0,0,0,0,0,0,0,0,0,0,0,0
2240512,1094,0,32,29,0,0,3,-0.00351,0.01138,0.2274,2892,0,0,0,0,0,0,0,0,0,0,0,0,0,0,0,0,0,0,0,0,0
2242560,1095,0,57,47,5,1,4,-0.00343,0.01689,0.2136,2870,0,0,0,0,0,0,0,0,0,0,0,0,0,0,0,0,0,0,0,0,0
2244608,1096,0,37,34,1,2,0,-0.00335,0.01014,0.2207,2925,0,0,0,0,0,0,0,0,0,0,0,0,0,0,0,0,0,0,0,0,0
2246656,1097,0,57,47,3,1,6,9e-05,0.01465,0.2155,2629,0,0,0,0,0,0,0,0,0,0,0,0,0,0,0,0,0,0,0,0,0
2248704,1098,0,30,28,0,0,2,-0.0026,0.00827,0.212,2826,0,0,0,0,0,0,0,0,0,0,0,0,0,0,0,0,0,0,0,0,0
2250752,1099,0,36,25,3,0,8,-0.00221,0.01173,0.2241,2910,0,0,0,0,0,0,0,0,0,0,0,0,0,0,0,0,0,0,0,0,0
2252800,1100,0,44,34,6,0,4,-0.00223,0.01387,0.1717,2957,0,0,0,0,0,0,0,0,0,0,0,0,0,0,0,0,0,0,0,0,0
2254848,1101,0,46,32,10,0,4,0.00621,0.01537,0.1822,2933,0,0,0,0,0,0,0,0,0,0,0,0,0,0,0,0,0,0,0,0,0
2256896,1102,0,48,37,3,3,5,-0.0004,0.01528,0.1883,3088,0,0,0,0,0,0,0,0,0,0,0,0,0,0,0,0,0,0,0,0,0
2258944,1103,0,37,29,6,0,2,0.0006,0.01138,0.1999,2834,0,0,0,0,0,0,0,0,0,0,0,0,0,0,0,0,0,0,0,0,0
2260992,1104,0,50,40,3,2,5,-0.00217,0.01779,0.2033,2991,0,0,0,0,0,0,0,0,0,0,0,0,0,0,0,0,0,0,0,0,0
2263040,1105,0,55,50,4,0,1,0.0003,0.01413,0.184,3000,0,0,0,0,0,0,0,0,0,0,0,0,0,0,0,0,0,0,0,0,0
2265088,1106,0,39,34,3,0,2,-0.0006,0.01134,0.1998,2972,0,0,0,0,0,0,0,0,0,0,0,0,0,0,0,0,0,0,0,0,0
2267136,1107,0,43,37,1,0,5,-0.00296,0.01071,0.1883,2723,0,0,0,0,0,0,0,0,0,0,0,0,0,0,0,0,0,0,0,0,0
2269184,1108,0,39,33,2,1,3,-0.00315,0.01109,0.23,2720,0,0,0,0,0,0,0,0,0,0,0,0,0,0,0,0,0,0,0,0,0
2271232,1109,0,35,26,1,2,6,-0.00393,0.01166,0.2449,2798,0,0,0,0,0,0,0,0,0,0,0,0,0,0,0,0,0,0,0,0,0
2273280,1110,0,45,38,4,0,3,-0.0005,0.01233,0.2268,2914,0,0,0,0,0,0,0,0,0,0,0,0,0,0,0,0,0,0,0,0,0
2275328,1111,0,39,29,5,3,2,-0.00658,0.0126,0.2055,2683,0,0,0,0,0,0,0,0,0,0,0,0,0,0,0,0,0,0,0,0,0
2277376,1112,0,53,44,4,1,4,-0.00128,0.01443,0.1891,2901,0,0,0,0,0,0,0,0,0,0,0,0,0,0,0,0,0,0,0,0,0
2279424,1113,0,29,26,1,1,1,-0.00233,0.00987,0.2422,3111,0,0,0,0,0,0,0,0,0,0,0,0,0,0,0,0,0,0,0,0,0
2281472,1114,0,50,41,3,2,4,0.00076,0.01518,0.2214,2609,0,0,0,0,0,0,0,0,0,0,0,0,0,0,0,0,0,0,0,0,0
2283520,1115,0,39,30,7,0,2,-0.00314,0.01052,0.2223,2919,0,0,0,0,0,0,0,0,0,0,0,0,0,0,0,0,0,0,0,0,0
2285568,1116,0,27,22,1,0,4,-0.00029,0.00821,0.2317,3119,0,0,0,0,0,0,0,0,0,0,0,0,0,0,0,0,0,0,0,0,0
2287616,1117,0,43,32,4,0,7,-0.00153,0.01304,0.237,3061,0,0,0,0,0,0,0,0,0,0,0,0,0,0,0,0,0,0,0,0,0
2289664,1118,0,35,30,2,0,3,0.00029,0.01111,0.2234,2949,0,0,0,0,0,0,0,0,0,0,0,0,0,0,0,0,0,0,0,0,0
2291712,1119,0,45,32,5,2,6,-0.00482,0.01385,0.197,2870,0,0,0,0,0,0,0,0,0,0,0,0,0,0,0,0,0,0,0,0,0
2293760,1120,0,46,38,5,0,3,-0.00368,0.01493,0.1858,2979,0,0,0,0,0,0,0,0,0,0,0,0,0,0,0,0,0,0,0,0,0
2295808,1121,0,55,45,7,0,3,-0.00353,0.01383,0.1922,2976,0,0,0,0,0,0,0,0,0,0,0,0,0,0,0,0,0,0,0,0,0
2297856,1122,0,61,52,4,2,3,0.00302,0.01518,0.1998,3010,0,0,0,0,0,0,0,0,0,0,0,0,0,0,0,0,0,0,0,0,0
2299904,1123,0,41,35,2,1,3,-0.00373,0.00912,0.2166,3000,0,0,0,0,0,0,0,0,0,0,0,0,0,0,0,0,0,0,0,0,0
2301952,1124,0,54,45,5,0,4,-0.00348,0.0107,0.1813,2840,0,0,0,0,0,0,0,0,0,0,0,0,0,0,0,0,0,0,0,0,0
2304000,1125,0,47,42,3,0,2,-0.00664,0.01054,0.1991,2712,0,0,0,0,0,0,0,0,0,0,0,0,0,0,0,0,0,0,0,0,0
2306048,1126,0,42,37,2,0,3,-0.00591,0.00956,0.2059,2706,0,0,0,0,0,0,0,0,0,0,0,0,0,0,0,0,0,0,0,0,0
2308096,1127,0,58,50,2,3,3,-0.00226,0.0143,0.1945,2744,0,0,0,0,0,0,0,0,0,0,0,0,0,0,0,0,0,0,0,0,0
2310144,1128,0,45,33,7,2,3,-0.00087,0.01467,0.1715,2633,0,0,0,0,0,0,0,0,0,0,0,0,0,0,0,0,0,0,0,0,0
2312192,1129,0,45,37,3,0,5,-0.00161,0.01127,0.1706,2875,0,0,0,0,0,0,0,0,0,0,0,0,0,0,0,0,0,0,0,0,0
2314240,1130,0,41,32,7,0,2,-0.00064,0.0128,0.154,2863,0,0,0,0,0,0,0,0,0,0,0,0,0,0,0,0,0,0,0,0,0
2316288,1131,0,45,41,1,1,2,-0.00325,0.01144,0.1756,2768,0,0,0,0,0,0,0,0,0,0,0,0,0,0,0,0,0,0,0,0,0
2318336,1132,0,48,44,1,0,3,-0.00138,0.0117,0.1774,2742,0,0,0,0,0,0,0,0,0,0,0,0,0,0,0,0,0,0,0,0,0
2320384,1133,0,58,51,3,1,3,-0.00347,0.01475,0.1737,3032,0,0,0,0,0,0,0,0,0,0,0,0,0,0,0,0,0,0,0,0,0
2322432,1134,0,53,49,3,0,1,-0.00122,0.00954,0.1716,3091,0,0,0,0,0,0,0,0,0,0,0,0,0,0,0,0,0,0,0,0,0
2324480,1135,0,50,40,5,1,4,-0.00317,0.0115,0.1915,2796,0,0,0,0,0,0,0,0,0,0,0,0,0,0,0,0,0,0,0,0,0
2326528,1136,0,39,35,1,0,3,-0.00345,0.00949,0.1621,2928,0,0,0,0,0,0,0,0,0,0,0,0,0,0,0,0,0,0,0,0,0
2328576,1137,0,42,36,1,0,5,0.00204,0.00967,0.1833,2833,0,0,0,0,0,0,0,0,0,0,0,0,0,0,0,0,0,0,0,0,0
2330624,1138,0,36,28,3,0,5,0.00015,0.01196,0.1562,2887,0,0,0,0,0,0,0,0,0,0,0,0,0,0,0,0,0,0,0,0,0
2332672,1139,0,40,33,0,0,7,-0.00104,0.00956,0.1574,3096,0,0,0,0,0,0,0,0,0,0,0,0,0,0,0,0,0,0,0,0,0
2334720,1140,0,45,39,0,0,6,-0.00054,0.01409,0.1771,3152,0,0,0,0,0,0,0,0,0,0,0,0,0,0,0,0,0,0,0,0,0
2336768,1141,0,44,38,3,0,3,-0.00162,0.01102,0.1897,2871,0,0,0,0,0,0,0,0,0,0,0,0,0,0,0,0,0,0,0,0,0
2338816,1142,0,56,49,3,1,3,-0.00041,0.01151,0.1347,2920,0,0,0,0,0,0,0,0,0,0,0,0,0,0,0,0,0,0,0,0,0
2340864,1143,0,41,37,2,0,2,-0.001,0.0093,0.1739,2991,0,0,0,0,0,0,0,0,0,0,0,0,0,0,0,0,0,0,0,0,0
2342912,1144,0,36,30,1,0,5,-0.00183,0.0092,0.159,2924,0,0,0,0,0,0,0,0,0,0,0,0,0,0,0,0,0,0,0,0,0
2344960,1145,0,44,35,3,0,6,-0.00222,0.01118,0.1754,3041,0,0,0,0,0,0,0,0,0,0,0,0,0,0,0,0,0,0,0,0,0
2347008,1146,0,49,44,1,0,4,-0.00242,0.01206,0.1733,3124,0,0,0,0,0,0,0,0,0,0,0,0,0,0,0,0,0,0,0,0,0
2349056,1147,0,52,41,7,1,3,0.00215,0.01667,0.1772,2871,0,0,0,0,0,0,0,0,0,0,0,0,0,0,0,0,0,0,0,0,0
2351104,1148,0,50,43,2,0,5,-0.00415,0.01513,0.1931,3160,0,0,0,0,0,0,0,0,0,0,0,0,0,0,0,0,0,0,0,0,0
2353152,1149,0,39,33,3,1,2,0.00292,0.01001,0.2492,3080,0,0,0,0,0,0,0,0,0,0,0,0,0,0,0,0,0,0,0,0,0
2355200,1150,0,31,22,0,0,9,-0.00062,0.00879,0.2275,2939,0,0,0,0,0,0,0,0,0,0,0,0,0,0,0,0,0,0,0,0,0
2357248,1151,0,36,30,1,0,5,-0.00095,0.00974,0.2207,3121,0,0,0,0,0,0,0,0,0,0,0,0,0,0,0,0,0,0,0,0,0
2359296,1152,0,43,38,1,0,4,-0.00264,0.00993,0.1832,2927,0,0,0,0,0,0,0,0,0,0,0,0,0,0,0,0,0,0,0,0,0
2361344,1153,0,37,33,0,0,4,0.0,0.00866,0.1856,2580,0,0,0,0,0,0,0,0,0,0,0,0,0,0,0,0,0,0,0,0,0
2363392,1154,0,41,34,2,1,4,-0.00122,0.01291,0.1804,2920,0,0,0,0,0,0,0,0,0,0,0,0,0,0,0,0,0,0,0,0,0
2365440,1155,0,73,64,3,1,5,0.00183,0.01463,0.1678,3188,0,0,0,0,0,0,0,0,0,0,0,0,0,0,0,0,0,0,0,0,0
2367488,1156,0,52,50,2,0,0,0.00169,0.0104,0.1953,2955,0,0,0,0,0,0,0,0,0,0,0,0,0,0,0,0,0,0,0,0,0
2369536,1157,0,49,44,3,0,2,0.00067,0.00948,0.1805,3129,0,0,0,0,0,0,0,0,0,0,0,0,0,0,0,0,0,0,0,0,0
2371584,1158,0,42,37,3,0,2,-0.00252,0.00816,0.1646,2872,0,0,0,0,0,0,0,0,0,0,0,0,0,0,0,0,0,0,0,0,0
2373632,1159,0,61,50,4,0,7,0.00328,0.01232,0.165,2958,0,0,0,0,0,0,0,0,0,0,0,0,0,0,0,0,0,0,0,0,0
2375680,1160,0,48,38,5,3,2,-0.00684,0.01342,0.1607,2980,0,0,0,0,0,0,0,0,0,0,0,0,0,0,0,0,0,0,0,0,0
2377728,1161,0,37,30,1,1,5,-0.00043,0.01019,0.1493,2745,0,0,0,0,0,0,0,0,0,0,0,0,0,0,0,0,0,0,0,0,0
2379776,1162,0,40,30,5,0,5,-0.00068,0.01265,0.1688,2760,0,0,0,0,0,0,0,0,0,0,0,0,0,0,0,0,0,0,0,0,0
2381824,1163,0,50,41,5,0,4,0.00139,0.01213,0.1343,2956,0,0,0,0,0,0,0,0,0,0,0,0,0,0,0,0,0,0,0,0,0
2383872,1164,0,51,42,3,1,5,-0.00591,0.01143,0.1515,3026,0,0,0,0,0,0,0,0,0,0,0,0,0,0,0,0,0,0,0,0,0
2385920,1165,0,50,45,3,1,1,-0.00202,0.01056,0.144,3117,0,0,0,0,0,0,0,0,0,0,0,0,0,0,0,0,0,0,0,0,0
2387968,1166,0,34,28,2,0,4,-0.00138,0.00943,0.1891,2687,0,0,0,0,0,0,0,0,0,0,0,0,0,0,0,0,0,0,0,0,0
2390016,1167,0,47,36,4,0,7,-0.00298,0.01416,0.1878,2615,0,0,0,0,0,0,0,0,0,0,0,0,0,0,0,0,0,0,0,0,0
2392064,1168,0,41,33,3,1,4,-0.00459,0.01093,0.1833,2708,0,0,0,0,0,0,0,0,0,0,0,0,0,0,0,0,0,0,0,0,0
2394112,1169,0,50,45,1,0,4,-0.00076,0.01245,0.1998,2715,0,0,0,0,0,0,0,0,0,0,0,0,0,0,0,0,0,0,0,0,0
2396160,1170,0,43,37,3,0,3,-0.00036,0.01026,0.1779,3048,0,0,0,0,0,0,0,0,0,0,0,0,0,0,0,0,0,0,0,0,0
2398208,1171,0,49,38,4,2,5,-0.00167,0.01427,0.1777,3048,0,0,0,0,0,0,0,0,0,0,0,0,0,0,0,0,0,0,0,0,0
2400256,1172,0,52,47,1,0,4,0.00105,0.01004,0.1723,3119,0,0,0,0,0,0,0,0,0,0,0,0,0,0,0,0,0,0,0,0,0
2402304,1173,0,44,39,1,0,4,-0.0037,0.00875,0.1965,2812,0,0,0,0,0,0,0,0,0,0,0,0,0,0,0,0,0,0,0,0,0
2404352,1174,0,50,38,5,2,5,-0.00514,0.01181,0.2253,2783,0,0,0,0,0,0,0,0,0,0,0,0,0,0,0,0,0,0,0,0,0
2406400,1175,0,44,42,0,0,2,-0.00482,0.00992,0.2393,3009,0,0,0,0,0,0,0,0,0,0,0,0,0,0,0,0,0,0,0,0,0
2408448,1176,0,59,51,3,2,3,-0.00277,0.01472,0.1928,3078,0,0,0,0,0,0,0,0,0,0,0,0,0,0,0,0,0,0,0,0,0
2410496,1177,0,47,45,0,0,2,0.00062,0.00886,0.2503,2942,0,0,0,0,0,0,0,0,0,0,0,0,0,0,0,0,0,0,0,0,0
2412544,1178,0,48,41,0,2,5,-0.00227,0.01021,0.2546,2983,0,0,0,0,0,0,0,0,0,0,0,0,0,0,0,0,0,0,0,0,0
2414592,1179,0,43,40,1,0,2,-0.00427,0.0098,0.2419,3017,0,0,0,0,0,0,0,0,0,0,0,0,0,0,0,0,0,0,0,0,0
2416640,1180,0,57,49,0,2,6,0.00085,0.01308,0.2361,2965,0,0,0,0,0,0,0,0,0,0,0,0,0,0,0,0,0,0,0,0,0
2418688,1181,0,51,49,1,0,1,-0.00389,0.00937,0.2658,2931,0,0,0,0,0,0,0,0,0,0,0,0,0,0,0,0,0,0,0,0,0
2420736,1182,0,45,40,2,1,2,-0.00247,0.0115,0.2558,2807,0,0,0,0,0,0,0,0,0,0,0,0,0,0,0,0,0,0,0,0,0
2422784,1183,0,53,42,2,3,6,-0.00137,0.01203,0.2281,2629,0,0,0,0,0,0,0,0,0,0,0,0,0,0,0,0,0,0,0,0,0
2424832,1184,0,34,29,3,0,2,-0.00463,0.00873,0.2769,2865,0,0,0,0,0,0,0,0,0,0,0,0,0,0,0,0,0,0,0,0,0
2426880,1185,0,45,38,0,1,6,0.00117,0.00849,0.2713,2923,0,0,0,0,0,0,0,0,0,0,0,0,0,0,0,0,0,0,0,0,0
2428928,1186,0,34,28,2,1,3,-0.00268,0.0088,0.2931,2918,0,0,0,0,0,0,0,0,0,0,0,0,0,0,0,0,0,0,0,0,0
2430976,1187,0,48,42,0,0,6,-0.00268,0.01386,0.2592,3065,0,0,0,0,0,0,0,0,0,0,0,0,0,0,0,0,0,0,0,0,0
2433024,1188,0,48,40,3,2,3,-0.00244,0.01292,0.2218,3104,0,0,0,0,0,0,0,0,0,0,0,0,0,0,0,0,0,0,0,0,0
2435072,1189,0,57,50,1,2,4,-0.00109,0.01286,0.209,3192,0,0,0,0,0,0,0,0,0,0,0,0,0,0,0,0,0,0,0,0,0
2437120,1190,0,61,56,2,2,1,-0.00026,0.01336,0.1978,2770,0,0,0,0,0,0,0,0,0,0,0,0,0,0,0,0,0,0,0,0,0
2439168,1191,0,43,39,2,1,1,-0.0037,0.00971,0.2314,2905,0,0,0,0,0,0,0,0,0,0,0,0,0,0,0,0,0,0,0,0,0
2441216,1192,0,45,37,2,2,4,-0.00149,0.01053,0.2239,2888,0,0,0,0,0,0,0,0,0,0,0,0,0,0,0,0,0,0,0,0,0
2443264,1193,0,53,43,1,2,7,-0.00167,0.01101,0.2138,2997,0,0,0,0,0,0,0,0,0,0,0,0,0,0,0,0,0,0,0,0,0
2445312,1194,0,65,60,3,1,1,-0.00082,0.01245,0.1966,2868,0,0,0,0,0,0,0,0,0,0,0,0,0,0,0,0,0,0,0,0,0
2447360,1195,0,46,43,1,0,2,0.00084,0.01068,0.219,2591,0,0,0,0,0,0,0,0,0,0,0,0,0,0,0,0,0,0,0,0,0
2449408,1196,0,44,40,0,1,3,-0.00275,0.01041,0.2002,2653,0,0,0,0,0,0,0,0,0,0,0,0,0,0,0,0,0,0,0,0,0
2451456,1197,0,61,51,2,3,5,-0.0042,0.01262,0.2157,2837,0,0,0,0,0,0,0,0,0,0,0,0,0,0,0,0,0,0,0,0,0
2453504,1198,0,54,48,1,4,1,-0.0032,0.01104,0.2009,2822,0,0,0,0,0,0,0,0,0,0,0,0,0,0,0,0,0,0,0,0,0
2455552,1199,0,38,33,2,1,2,-0.0022,0.01105,0.2031,2549,0,0,0,0,0,0,0,0,0,0,0,0,0,0,0,0,0,0,0,0,0
2457600,1200,0,45,39,0,0,6,-0.00073,0.0116,0.1866,2949,0,0,0,0,0,0,0,0,0,0,0,0,0,0,0,0,0,0,0,0,0
2459648,1201,0,45,40,3,0,2,-0.00619,0.01036,0.2474,2916,0,0,0,0,0,0,0,0,0,0,0,0,0,0,0,0,0,0,0,0,0
2461696,1202,0,65,60,0,0,5,0.00538,0.01033,0.2188,2807,0,0,0,0,0,0,0,0,0,0,0,0,0,0,0,0,0,0,0,0,0
2463744,1203,0,39,36,2,0,1,-0.00062,0.00777,0.2383,2825,0,0,0,0,0,0,0,0,0,0,0,0,0,0,0,0,0,0,0,0,0
2465792,1204,0,55,49,0,0,6,-0.00561,0.00702,0.2256,3015,0,0,0,0,0,0,0,0,0,0,0,0,0,0,0,0,0,0,0,0,0
2467840,1205,0,41,38,1,0,2,-0.00128,0.00726,0.2857,2894,0,0,0,0,0,0,0,0,0,0,0,0,0,0,0,0,0,0,0,0,0
2469888,1206,0,41,36,1,0,4,-0.0061,0.00834,0.3014,2972,0,0,0,0,0,0,0,0,0,0,0,0,0,0,0,0,0,0,0,0,0
2471936,1207,0,58,52,1,1,4,-0.00035,0.01091,0.2474,2879,0,0,0,0,0,0,0,0,0,0,0,0,0,0,0,0,0,0,0,0,0
2473984,1208,0,56,54,2,0,0,-0.00274,0.00817,0.2256,2922,0,0,0,0,0,0,0,0,0,0,0,0,0,0,0,0,0,0,0,0,0
2476032,1209,0,41,35,1,0,5,0.00127,0.00873,0.2769,3062,0,0,0,0,0,0,0,0,0,0,0,0,0,0,0,0,0,0,0,0,0
2478080,1210,0,51,45,2,0,4,-0.00503,0.00955,0.278,2828,0,0,0,0,0,0,0,0,0,0,0,0,0,0,0,0,0,0,0,0,0
2480128,1211,0,43,37,1,0,5,-0.00897,0.00706,0.3346,2764,0,0,0,0,0,0,0,0,0,0,0,0,0,0,0,0,0,0,0,0,0
2482176,1212,0,54,46,2,3,3,-0.00293,0.01271,0.2604,2824,0,0,0,0,0,0,0,0,0,0,0,0,0,0,0,0,0,0,0,0,0
2484224,1213,0,47,43,1,0,3,-0.00362,0.00815,0.3215,2844,0,0,0,0,0,0,0,0,0,0,0,0,0,0,0,0,0,0,0,0,0
2486272,1214,0,34,26,0,2,6,-0.00319,0.01026,0.3546,2927,0,0,0,0,0,0,0,0,0,0,0,0,0,0,0,0,0,0,0,0,0
2488320,1215,0,48,41,0,1,6,-0.00206,0.00974,0.321,2832,0,0,0,0,0,0,0,0,0,0,0,0,0,0,0,0,0,0,0,0,0
2490368,1216,0,46,38,1,3,4,-0.00233,0.01051,0.3207,3086,0,0,0,0,0,0,0,0,0,0,0,0,0,0,0,0,0,0,0,0,0
2492416,1217,0,53,48,1,0,4,0.00165,0.00856,0.2607,3089,0,0,0,0,0,0,0,0,0,0,0,0,0,0,0,0,0,0,0,0,0
2494464,1218,0,50,46,0,1,3,-0.00282,0.01124,0.2426,3028,0,0,0,0,0,0,0,0,0,0,0,0,0,0,0,0,0,0,0,0,0
2496512,1219,0,37,32,1,1,3,-0.00488,0.00794,0.2765,2872,0,0,0,0,0,0,0,0,0,0,0,0,0,0,0,0,0,0,0,0,0
2498560,1220,0,53,47,1,0,5,-0.00262,0.00774,0.2676,2701,0,0,0,0,0,0,0,0,0,0,0,0,0,0,0,0,0,0,0,0,0
2500608,1221,0,43,39,0,0,4,0.00095,0.00703,0.2885,2802,0,0,0,0,0,0,0,0,0,0,0,0,0,0,0,0,0,0,0,0,0
2502656,1222,0,50,44,2,0,4,0.00242,0.00876,0.2899,2766,0,0,0,0,0,0,0,0,0,0,0,0,0,0,0,0,0,0,0,0,0
2504704,1223,0,59,50,2,2,5,-0.00378,0.01182,0.2535,2607,0,0,0,0,0,0,0,0,0,0,0,0,0,0,0,0,0,0,0,0,0
2506752,1224,0,50,44,1,2,3,-0.00483,0.01022,0.2912,2685,0,0,0,0,0,0,0,0,0,0,0,0,0,0,0,0,0,0,0,0,0
2508800,1225,0,49,45,0,0,4,-0.00364,0.00918,0.2932,2876,0,0,0,0,0,0,0,0,0,0,0,0,0,0,0,0,0,0,0,0,0
2510848,1226,0,58,55,2,0,1,-0.00082,0.0082,0.2644,2710,0,0,0,0,0,0,0,0,0,0,0,0,0,0,0,0,0,0,0,0,0
2512896,1227,0,63,56,3,1,3,-0.00059,0.01306,0.235,2878,0,0,0,0,0,0,0,0,0,0,0,0,0,0,0,0,0,0,0,0,0
2514944,1228,0,54,47,7,0,0,0.00469,0.01055,0.2622,2716,0,0,0,0,0,0,0,0,0,0,0,0,0,0,0,0,0,0,0,0,0
2516992,1229,0,61,56,2,0,3,-0.00288,0.0103,0.2637,2612,0,0,0,0,0,0,0,0,0,0,0,0,0,0,0,0,0,0,0,0,0
2519040,1230,0,50,47,1,0,2,-0.00429,0.00908,0.2817,2893,0,0,0,0,0,0,0,0,0,0,0,0,0,0,0,0,0,0,0,0,0
2521088,1231,0,58,51,3,0,4,-0.00317,0.0107,0.2793,3032,0,0,0,0,0,0,0,0,0,0,0,0,0,0,0,0,0,0,0,0,0
2523136,1232,0,55,52,1,0,2,-0.0069,0.00869,0.2467,2995,0,0,0,0,0,0,0,0,0,0,0,0,0,0,0,0,0,0,0,0,0
2525184,1233,0,64,58,3,2,1,-0.00348,0.00997,0.207,2901,0,0,0,0,0,0,0,0,0,0,0,0,0,0,0,0,0,0,0,0,0
2527232,1234,0,62,55,1,3,3,-0.00364,0.01122,0.2302,3027,0,0,0,0,0,0,0,0,0,0,0,0,0,0,0,0,0,0,0,0,0
2529280,1235,0,62,58,0,2,2,0.00022,0.01243,0.23,3044,0,0,0,0,0,0,0,0,0,0,0,0,0,0,0,0,0,0,0,0,0
2531328,1236,0,41,36,3,0,2,0.00183,0.01043,0.2496,2828,0,0,0,0,0,0,0,0,0,0,0,0,0,0,0,0,0,0,0,0,0
2533376,1237,0,52,42,3,3,4,-0.00175,0.01156,0.2017,2697,0,0,0,0,0,0,0,0,0,0,0,0,0,0,0,0,0,0,0,0,0
2535424,1238,0,55,53,0,0,2,-0.00112,0.00967,0.2155,2794,0,0,0,0,0,0,0,0,0,0,0,0,0,0,0,0,0,0,0,0,0
2537472,1239,0,42,39,1,0,2,-0.00406,0.00794,0.2416,3057,0,0,0,0,0,0,0,0,0,0,0,0,0,0,0,0,0,0,0,0,0
2539520,1240,0,45,36,1,1,7,-0.00471,0.00956,0.2063,2935,0,0,0,0,0,0,0,0,0,0,0,0,0,0,0,0,0,0,0,0,0
2541568,1241,0,38,33,1,0,4,-0.00032,0.00837,0.2587,2890,0,0,0,0,0,0,0,0,0,0,0,0,0,0,0,0,0,0,0,0,0
2543616,1242,0,45,41,1,1,2,-0.00072,0.00939,0.2478,2612,0,0,0,0,0,0,0,0,0,0,0,0,0,0,0,0,0,0,0,0,0
2545664,1243,0,58,51,1,0,6,-0.00329,0.01155,0.2205,2747,0,0,0,0,0,0,0,0,0,0,0,0,0,0,0,0,0,0,0,0,0
2547712,1244,0,61,55,4,0,2,-0.00306,0.01043,0.1939,2914,0,0,0,0,0,0,0,0,0,0,0,0,0,0,0,0,0,0,0,0,0
2549760,1245,0,48,43,2,0,3,-0.00314,0.00825,0.2569,2745,0,0,0,0,0,0,0,0,0,0,0,0,0,0,0,0,0,0,0,0,0
2551808,1246,0,50,40,2,2,6,-0.00016,0.01091,0.2315,2643,0,0,0,0,0,0,0,0,0,0,0,0,0,0,0,0,0,0,0,0,0
2553856,1247,0,44,42,0,0,2,-0.00456,0.00597,0.2611,3032,0,0,0,0,0,0,0,0,0,0,0,0,0,0,0,0,0,0,0,0,0
2555904,1248,0,48,41,1,0,6,-0.00262,0.00884,0.247,2922,0,0,0,0,0,0,0,0,0,0,0,0,0,0,0,0,0,0,0,0,0
2557952,1249,0,49,45,0,0,4,-0.00503,0.00844,0.3361,2834,0,0,0,0,0,0,0,0,0,0,0,0,0,0,0,0,0,0,0,0,0
2560000,1250,0,56,51,3,0,2,-0.00716,0.00818,0.2695,2601,0,0,0,0,0,0,0,0,0,0,0,0,0,0,0,0,0,0,0,0,0
2562048,1251,0,50,47,1,1,1,-0.00129,0.00837,0.2605,2975,0,0,0,0,0,0,0,0,0,0,0,0,0,0,0,0,0,0,0,0,0
2564096,1252,0,52,47,1,1,3,0.00012,0.00863,0.284,2991,0,0,0,0,0,0,0,0,0,0,0,0,0,0,0,0,0,0,0,0,0
2566144,1253,0,43,39,2,0,2,-0.00211,0.00835,0.2931,2856,0,0,0,0,0,0,0,0,0,0,0,0,0,0,0,0,0,0,0,0,0
2568192,1254,0,44,39,0,0,5,-0.00348,0.00752,0.2376,2743,0,0,0,0,0,0,0,0,0,0,0,0,0,0,0,0,0,0,0,0,0
2570240,1255,0,62,58,1,0,3,-0.00193,0.01063,0.2517,2781,0,0,0,0,0,0,0,0,0,0,0,0,0,0,0,0,0,0,0,0,0
2572288,1256,0,69,67,2,0,0,-0.00499,0.00946,0.2248,2696,0,0,0,0,0,0,0,0,0,0,0,0,0,0,0,0,0,0,0,0,0
2574336,1257,0,58,57,0,1,0,-0.00217,0.00897,0.224,2913,0,0,0,0,0,0,0,0,0,0,0,0,0,0,0,0,0,0,0,0,0
2576384,1258,0,58,53,4,0,1,-0.00135,0.00877,0.2367,2593,0,0,0,0,0,0,0,0,0,0,0,0,0,0,0,0,0,0,0,0,0
2578432,1259,0,42,38,0,0,4,-0.00548,0.0067,0.2651,2973,0,0,0,0,0,0,0,0,0,0,0,0,0,0,0,0,0,0,0,0,0
2580480,1260,0,37,30,3,1,3,-0.0039,0.00698,0.2908,2796,0,0,0,0,0,0,0,0,0,0,0,0,0,0,0,0,0,0,0,0,0
2582528,1261,0,38,33,3,0,2,-0.00282,0.01001,0.3429,3051,0,0,0,0,0,0,0,0,0,0,0,0,0,0,0,0,0,0,0,0,0
2584576,1262,0,33,29,0,0,4,-0.00512,0.00846,0.327,2885,0,0,0,0,0,0,0,0,0,0,0,0,0,0,0,0,0,0,0,0,0
2586624,1263,0,46,39,1,0,6,-0.00367,0.00797,0.3478,2851,0,0,0,0,0,0,0,0,0,0,0,0,0,0,0,0,0,0,0,0,0
2588672,1264,0,46,41,0,2,3,-0.0069,0.00945,0.3058,2973,0,0,0,0,0,0,0,0,0,0,0,0,0,0,0,0,0,0,0,0,0
2590720,1265,0,51,46,0,0,5,-0.00343,0.00849,0.3576,2850,0,0,0,0,0,0,0,0,0,0,0,0,0,0,0,0,0,0,0,0,0
2592768,1266,0,49,45,1,2,1,-0.00252,0.00953,0.3779,2688,0,0,0,0,0,0,0,0,0,0,0,0,0,0,0,0,0,0,0,0,0
2594816,1267,0,42,40,0,0,2,-0.00519,0.00622,0.3548,2860,0,0,0,0,0,0,0,0,0,0,0,0,0,0,0,0,0,0,0,0,0
2596864,1268,0,51,44,2,1,4,-0.00566,0.00856,0.386,2794,0,0,0,0,0,0,0,0,0,0,0,0,0,0,0,0,0,0,0,0,0
2598912,1269,0,49,44,2,0,3,-0.00331,0.00633,0.3937,2836,0,0,0,0,0,0,0,0,0,0,0,0,0,0,0,0,0,0,0,0,0
2600960,1270,0,44,38,4,0,2,0.00131,0.01011,0.3874,2890,0,0,0,0,0,0,0,0,0,0,0,0,0,0,0,0,0,0,0,0,0
2603008,1271,0,33,23,6,1,3,-0.00248,0.01356,0.4141,2818,0,0,0,0,0,0,0,0,0,0,0,0,0,0,0,0,0,0,0,0,0
2605056,1272,0,51,40,4,1,6,-0.00303,0.01199,0.385,3083,0,0,0,0,0,0,0,0,0,0,0,0,0,0,0,0,0,0,0,0,0
2607104,1273,0,59,56,1,0,2,-0.0072,0.01102,0.3175,2925,0,0,0,0,0,0,0,0,0,0,0,0,0,0,0,0,0,0,0,0,0
2609152,1274,0,55,50,2,2,1,-0.00323,0.00948,0.3003,2985,0,0,0,0,0,0,0,0,0,0,0,0,0,0,0,0,0,0,0,0,0
2611200,1275,0,54,50,1,1,2,-0.00328,0.00807,0.3017,3117,0,0,0,0,0,0,0,0,0,0,0,0,0,0,0,0,0,0,0,0,0
2613248,1276,0,60,53,0,3,4,0.0013,0.00981,0.2832,3171,0,0,0,0,0,0,0,0,0,0,0,0,0,0,0,0,0,0,0,0,0
2615296,1277,0,47,46,0,0,1,-0.00511,0.00622,0.2577,2933,0,0,0,0,0,0,0,0,0,0,0,0,0,0,0,0,0,0,0,0,0
2617344,1278,0,45,41,0,1,3,0.00082,0.00894,0.2568,3145,0,0,0,0,0,0,0,0,0,0,0,0,0,0,0,0,0,0,0,0,0
2619392,1279,0,52,46,1,1,4,-0.00429,0.00867,0.2857,2844,0,0,0,0,0,0,0,0,0,0,0,0,0,0,0,0,0,0,0,0,0
2621440,1280,0,70,62,2,3,3,-0.00271,0.01275,0.223,2989,0,0,0,0,0,0,0,0,0,0,0,0,0,0,0,0,0,0,0,0,0
2623488,1281,0,51,47,2,1,1,-0.00207,0.00948,0.2757,3000,0,0,0,0,0,0,0,0,0,0,0,0,0,0,0,0,0,0,0,0,0
2625536,1282,0,46,42,1,1,2,-0.00249,0.00735,0.2824,2793,0,0,0,0,0,0,0,0,0,0,0,0,0,0,0,0,0,0,0,0,0
2627584,1283,0,43,37,2,0,4,-0.00463,0.0086,0.2716,2790,0,0,0,0,0,0,0,0,0,0,0,0,0,0,0,0,0,0,0,0,0
2629632,1284,0,51,45,1,0,5,-0.0026,0.00954,0.2666,2946,0,0,0,0,0,0,0,0,0,0,0,0,0,0,0,0,0,0,0,0,0
2631680,1285,0,40,31,1,3,5,-0.00171,0.01073,0.2328,2732,0,0,0,0,0,0,0,0,0,0,0,0,0,0,0,0,0,0,0,0,0
2633728,1286,0,61,58,0,0,3,-0.00108,0.00904,0.2744,3027,0,0,0,0,0,0,0,0,0,0,0,0,0,0,0,0,0,0,0,0,0
2635776,1287,0,59,54,1,2,2,-0.00525,0.0093,0.2764,2943,0,0,0,0,0,0,0,0,0,0,0,0,0,0,0,0,0,0,0,0,0
2637824,1288,0,49,43,2,2,2,-0.00456,0.00922,0.3453,2862,0,0,0,0,0,0,0,0,0,0,0,0,0,0,0,0,0,0,0,0,0
2639872,1289,0,46,40,2,1,3,-0.00157,0.00785,0.3004,2931,0,0,0,0,0,0,0,0,0,0,0,0,0,0,0,0,0,0,0,0,0
2641920,1290,0,52,46,1,0,5,-0.00079,0.00697,0.3113,2799,0,0,0,0,0,0,0,0,0,0,0,0,0,0,0,0,0,0,0,0,0
2643968,1291,0,50,48,0,0,2,-0.00469,0.00927,0.3119,2901,0,0,0,0,0,0,0,0,0,0,0,0,0,0,0,0,0,0,0,0,0
2646016,1292,0,48,43,1,1,3,-0.0035,0.00784,0.3296,3003,0,0,0,0,0,0,0,0,0,0,0,0,0,0,0,0,0,0,0,0,0
2648064,1293,0,50,46,0,0,4,-0.00158,0.00834,0.335,2875,0,0,0,0,0,0,0,0,0,0,0,0,0,0,0,0,0,0,0,0,0
2650112,1294,0,52,45,1,2,4,-0.00088,0.01133,0.3238,2509,0,0,0,0,0,0,0,0,0,0,0,0,0,0,0,0,0,0,0,0,0
2652160,1295,0,40,38,0,0,2,-0.00257,0.00707,0.3373,2773,0,0,0,0,0,0,0,0,0,0,0,0,0,0,0,0,0,0,0,0,0
2654208,1296,0,51,42,2,1,6,-0.00288,0.01065,0.3432,2891,0,0,0,0,0,0,0,0,0,0,0,0,0,0,0,0,0,0,0,0,0
2656256,1297,0,48,40,5,1,2,-0.00344,0.01326,0.3744,3077,0,0,0,0,0,0,0,0,0,0,0,0,0,0,0,0,0,0,0,0,0
2658304,1298,0,48,41,2,2,3,-0.00139,0.01122,0.3231,3067,0,0,0,0,0,0,0,0,0,0,0,0,0,0,0,0,0,0,0,0,0
2660352,1299,0,59,53,4,0,2,0.00187,0.00817,0.3261,3049,0,0,0,0,0,0,0,0,0,0,0,0,0,0,0,0,0,0,0,0,0
2662400,1300,0,54,50,2,1,1,-0.00471,0.0095,0.3401,2770,0,0,0,0,0,0,0,0,0,0,0,0,0,0,0,0,0,0,0,0,0
2664448,1301,0,61,53,1,2,5,-0.0051,0.01058,0.3087,2984,0,0,0,0,0,0,0,0,0,0,0,0,0,0,0,0,0,0,0,0,0
2666496,1302,0,58,54,0,2,2,-0.00705,0.00918,0.3407,3144,0,0,0,0,0,0,0,0,0,0,0,0,0,0,0,0,0,0,0,0,0
2668544,1303,0,50,49,0,0,1,-0.00087,0.00838,0.3285,3230,0,0,0,0,0,0,0,0,0,0,0,0,0,0,0,0,0,0,0,0,0
2670592,1304,0,61,57,2,1,1,-0.00429,0.0107,0.3101,2867,0,0,0,0,0,0,0,0,0,0,0,0,0,0,0,0,0,0,0,0,0
2672640,1305,0,51,46,2,0,3,-0.00274,0.00817,0.3335,2829,0,0,0,0,0,0,0,0,0,0,0,0,0,0,0,0,0,0,0,0,0
2674688,1306,0,48,42,1,0,5,-0.00058,0.00901,0.3858,2586,0,0,0,0,0,0,0,0,0,0,0,0,0,0,0,0,0,0,0,0,0
2676736,1307,0,49,43,1,1,4,0.00084,0.00972,0.3822,2629,0,0,0,0,0,0,0,0,0,0,0,0,0,0,0,0,0,0,0,0,0
2678784,1308,0,57,51,1,1,4,-0.00374,0.00964,0.2984,2733,0,0,0,0,0,0,0,0,0,0,0,0,0,0,0,0,0,0,0,0,0
2680832,1309,0,53,49,1,0,3,-0.00379,0.00992,0.3709,2717,0,0,0,0,0,0,0,0,0,0,0,0,0,0,0,0,0,0,0,0,0
2682880,1310,0,53,50,0,0,3,-0.00373,0.00691,0.4036,2880,0,0,0,0,0,0,0,0,0,0,0,0,0,0,0,0,0,0,0,0,0
2684928,1311,0,51,48,1,0,2,-0.00105,0.0084,0.3747,2750,0,0,0,0,0,0,0,0,0,0,0,0,0,0,0,0,0,0,0,0,0
2686976,1312,0,57,53,1,0,3,-0.00506,0.00991,0.3037,2840,0,0,0,0,0,0,0,0,0,0,0,0,0,0,0,0,0,0,0,0,0
2689024,1313,0,50,47,0,0,3,-0.00306,0.00678,0.3628,2956,0,0,0,0,0,0,0,0,0,0,0,0,0,0,0,0,0,0,0,0,0
2691072,1314,0,53,47,4,0,2,-0.00098,0.00909,0.3981,2873,0,0,0,0,0,0,0,0,0,0,0,0,0,0,0,0,0,0,0,0,0
2693120,1315,0,51,47,1,0,3,-0.00793,0.00677,0.4177,3034,0,0,0,0,0,0,0,0,0,0,0,0,0,0,0,0,0,0,0,0,0
2695168,1316,0,43,37,2,2,2,-0.0044,0.00983,0.3892,3079,0,0,0,0,0,0,0,0,0,0,0,0,0,0,0,0,0,0,0,0,0
2697216,1317,0,60,55,0,0,5,0.00147,0.0083,0.3433,3033,0,0,0,0,0,0,0,0,0,0,0,0,0,0,0,0,0,0,0,0,0
2699264,1318,0,56,51,1,1,3,-0.00532,0.00998,0.3296,3042,0,0,0,0,0,0,0,0,0,0,0,0,0,0,0,0,0,0,0,0,0
2701312,1319,0,51,45,2,1,3,-0.00506,0.00999,0.333,2709,0,0,0,0,0,0,0,0,0,0,0,0,0,0,0,0,0,0,0,0,0
2703360,1320,0,59,51,3,1,4,-0.00548,0.00985,0.3291,2615,0,0,0,0,0,0,0,0,0,0,0,0,0,0,0,0,0,0,0,0,0
2705408,1321,0,60,54,2,0,4,-0.00236,0.00985,0.3163,2762,0,0,0,0,0,0,0,0,0,0,0,0,0,0,0,0,0,0,0,0,0
2707456,1322,0,42,37,4,1,0,-0.00453,0.01078,0.4129,2861,0,0,0,0,0,0,0,0,0,0,0,0,0,0,0,0,0,0,0,0,0
2709504,1323,0,47,40,2,0,5,-0.00583,0.00951,0.4006,2670,0,0,0,0,0,0,0,0,0,0,0,0,0,0,0,0,0,0,0,0,0
2711552,1324,0,47,41,4,0,2,-0.00348,0.01216,0.4163,2861,0,0,0,0,0,0,0,0,0,0,0,0,0,0,0,0,0,0,0,0,0
2713600,1325,0,59,55,0,0,4,-0.00339,0.00794,0.3371,2371,0,0,0,0,0,0,0,0,0,0,0,0,0,0,0,0,0,0,0,0,0
2715648,1326,0,49,47,1,0,1,-0.00216,0.00917,0.3656,2553,0,0,0,0,0,0,0,0,0,0,0,0,0,0,0,0,0,0,0,0,0
2717696,1327,0,66,59,2,2,3,-0.00514,0.01067,0.3194,2684,0,0,0,0,0,0,0,0,0,0,0,0,0,0,0,0,0,0,0,0,0
2719744,1328,0,57,54,0,3,0,-0.00256,0.0099,0.3699,2943,0,0,0,0,0,0,0,0,0,0,0,0,0,0,0,0,0,0,0,0,0
2721792,1329,0,52,46,1,1,4,-0.00454,0.00805,0.3697,2813,0,0,0,0,0,0,0,0,0,0,0,0,0,0,0,0,0,0,0,0,0
2723840,1330,0,63,61,0,0,2,-0.00758,0.00769,0.2853,2844,0,0,0,0,0,0,0,0,0,0,0,0,0,0,0,0,0,0,0,0,0
2725888,1331,0,60,58,1,0,1,-0.00309,0.00648,0.3402,2967,0,0,0,0,0,0,0,0,0,0,0,0,0,0,0,0,0,0,0,0,0
2727936,1332,0,42,39,0,0,3,-0.00742,0.00764,0.3899,2680,0,0,0,0,0,0,0,0,0,0,0,0,0,0,0,0,0,0,0,0,0
2729984,1333,0,56,48,0,2,6,-0.00121,0.0116,0.3138,2989,0,0,0,0,0,0,0,0,0,0,0,0,0,0,0,0,0,0,0,0,0
2732032,1334,0,63,62,1,0,0,-0.00203,0.00882,0.3759,2683,0,0,0,0,0,0,0,0,0,0,0,0,0,0,0,0,0,0,0,0,0
2734080,1335,0,39,36,0,0,3,-0.0033,0.00737,0.4789,2708,0,0,0,0,0,0,0,0,0,0,0,0,0,0,0,0,0,0,0,0,0
2736128,1336,0,55,50,0,0,5,0.00206,0.00741,0.4133,2837,0,0,0,0,0,0,0,0,0,0,0,0,0,0,0,0,0,0,0,0,0
2738176,1337,0,43,39,1,0,3,-0.00147,0.00664,0.4538,3033,0,0,0,0,0,0,0,0,0,0,0,0,0,0,0,0,0,0,0,0,0
2740224,1338,0,60,50,3,1,6,-0.00317,0.00967,0.399,2466,0,0,0,0,0,0,0,0,0,0,0,0,0,0,0,0,0,0,0,0,0
2742272,1339,0,73,68,3,0,2,-0.0049,0.00824,0.3626,2826,0,0,0,0,0,0,0,0,0,0,0,0,0,0,0,0,0,0,0,0,0
2744320,1340,0,57,53,1,0,3,-0.00481,0.00687,0.369,2628,0,0,0,0,0,0,0,0,0,0,0,0,0,0,0,0,0,0,0,0,0
2746368,1341,0,38,37,0,0,1,-0.00339,0.00542,0.3911,2799,0,0,0,0,0,0,0,0,0,0,0,0,0,0,0,0,0,0,0,0,0
2748416,1342,0,37,31,0,0,6,0.0001,0.0073,0.3876,3027,0,0,0,0,0,0,0,0,0,0,0,0,0,0,0,0,0,0,0,0,0
2750464,1343,0,59,54,0,0,5,-0.00644,0.00858,0.3476,2764,0,0,0,0,0,0,0,0,0,0,0,0,0,0,0,0,0,0,0,0,0
2752512,1344,0,61,59,0,2,0,-0.00108,0.0095,0.3434,2781,0,0,0,0,0,0,0,0,0,0,0,0,0,0,0,0,0,0,0,0,0
2754560,1345,0,61,57,0,1,3,-0.00315,0.00878,0.3104,2749,0,0,0,0,0,0,0,0,0,0,0,0,0,0,0,0,0,0,0,0,0
2756608,1346,0,53,47,2,0,4,-0.00523,0.00919,0.3508,2678,0,0,0,0,0,0,0,0,0,0,0,0,0,0,0,0,0,0,0,0,0
2758656,1347,0,58,52,3,0,3,-0.00495,0.00859,0.3257,2981,0,0,0,0,0,0,0,0,0,0,0,0,0,0,0,0,0,0,0,0,0
2760704,1348,0,62,61,0,0,1,-0.00386,0.00778,0.2866,2839,0,0,0,0,0,0,0,0,0,0,0,0,0,0,0,0,0,0,0,0,0
2762752,1349,0,61,59,1,0,1,-0.00532,0.00782,0.3202,2674,0,0,0,0,0,0,0,0,0,0,0,0,0,0,0,0,0,0,0,0,0
2764800,1350,0,55,49,3,0,3,-0.00335,0.00922,0.3517,3009,0,0,0,0,0,0,0,0,0,0,0,0,0,0,0,0,0,0,0,0,0
2766848,1351,0,64,56,6,0,2,-0.00351,0.01167,0.3444,3261,0,0,0,0,0,0,0,0,0,0,0,0,0,0,0,0,0,0,0,0,0
2768896,1352,0,67,62,3,1,1,-0.00301,0.0096,0.3338,3047,0,0,0,0,0,0,0,0,0,0,0,0,0,0,0,0,0,0,0,0,0
2770944,1353,0,50,44,2,1,3,-0.00431,0.00896,0.3801,3000,0,0,0,0,0,0,0,0,0,0,0,0,0,0,0,0,0,0,0,0,0
2772992,1354,0,56,51,1,0,4,-0.0061,0.00775,0.3374,3158,0,0,0,0,0,0,0,0,0,0,0,0,0,0,0,0,0,0,0,0,0
2775040,1355,0,68,64,1,0,3,-0.00217,0.00723,0.311,3241,0,0,0,0,0,0,0,0,0,0,0,0,0,0,0,0,0,0,0,0,0
2777088,1356,0,45,40,3,0,2,0.00089,0.00908,0.3869,3041,0,0,0,0,0,0,0,0,0,0,0,0,0,0,0,0,0,0,0,0,0
2779136,1357,0,53,48,2,1,2,-0.0002,0.0088,0.3694,2809,0,0,0,0,0,0,0,0,0,0,0,0,0,0,0,0,0,0,0,0,0
2781184,1358,0,42,35,3,0,4,1e-05,0.01001,0.3495,2807,0,0,0,0,0,0,0,0,0,0,0,0,0,0,0,0,0,0,0,0,0
2783232,1359,0,58,53,0,0,5,-0.00277,0.00914,0.3094,2699,0,0,0,0,0,0,0,0,0,0,0,0,0,0,0,0,0,0,0,0,0
2785280,1360,0,51,48,0,0,3,-0.00664,0.00824,0.3246,3007,0,0,0,0,0,0,0,0,0,0,0,0,0,0,0,0,0,0,0,0,0
2787328,1361,0,28,23,1,0,4,-0.00583,0.0065,0.4472,2891,0,0,0,0,0,0,0,0,0,0,0,0,0,0,0,0,0,0,0,0,0
2789376,1362,0,45,34,0,1,10,-0.0051,0.01056,0.3631,3049,0,0,0,0,0,0,0,0,0,0,0,0,0,0,0,0,0,0,0,0,0
2791424,1363,0,48,47,0,0,1,-0.00313,0.00749,0.3564,2907,0,0,0,0,0,0,0,0,0,0,0,0,0,0,0,0,0,0,0,0,0
2793472,1364,0,53,49,0,1,3,-0.00167,0.00686,0.3625,2864,0,0,0,0,0,0,0,0,0,0,0,0,0,0,0,0,0,0,0,0,0
2795520,1365,0,60,55,0,0,5,-0.00384,0.00705,0.3599,2863,0,0,0,0,0,0,0,0,0,0,0,0,0,0,0,0,0,0,0,0,0
2797568,1366,0,46,44,0,0,2,-0.00378,0.00674,0.3654,2561,0,0,0,0,0,0,0,0,0,0,0,0,0,0,0,0,0,0,0,0,0
2799616,1367,0,61,54,0,4,3,-0.00423,0.01155,0.385,2738,0,0,0,0,0,0,0,0,0,0,0,0,0,0,0,0,0,0,0,0,0
2801664,1368,0,42,39,0,0,3,-0.00245,0.00511,0.4334,2871,0,0,0,0,0,0,0,0,0,0,0,0,0,0,0,0,0,0,0,0,0
2803712,1369,0,69,61,2,0,6,-0.0016,0.00799,0.3407,2886,0,0,0,0,0,0,0,0,0,0,0,0,0,0,0,0,0,0,0,0,0
2805760,1370,0,61,58,1,1,1,-0.00302,0.00787,0.3712,2641,0,0,0,0,0,0,0,0,0,0,0,0,0,0,0,0,0,0,0,0,0
2807808,1371,0,56,48,1,3,4,-0.00415,0.01177,0.374,2731,0,0,0,0,0,0,0,0,0,0,0,0,0,0,0,0,0,0,0,0,0
2809856,1372,0,47,44,0,0,3,-0.00588,0.00575,0.4233,2936,0,0,0,0,0,0,0,0,0,0,0,0,0,0,0,0,0,0,0,0,0
2811904,1373,0,50,45,0,0,5,-0.00435,0.00808,0.403,2849,0,0,0,0,0,0,0,0,0,0,0,0,0,0,0,0,0,0,0,0,0
2813952,1374,0,51,45,1,1,4,-0.00255,0.00948,0.422,2869,0,0,0,0,0,0,0,0,0,0,0,0,0,0,0,0,0,0,0,0,0
2816000,1375,0,55,49,2,0,4,-0.00509,0.00759,0.3732,2747,0,0,0,0,0,0,0,0,0,0,0,0,0,0,0,0,0,0,0,0,0
2818048,1376,0,66,60,2,1,3,0.00165,0.01066,0.3122,3003,0,0,0,0,0,0,0,0,0,0,0,0,0,0,0,0,0,0,0,0,0
2820096,1377,0,58,54,2,2,0,-0.00193,0.01089,0.3166,2780,0,0,0,0,0,0,0,0,0,0,0,0,0,0,0,0,0,0,0,0,0
2822144,1378,0,58,53,1,1,3,-0.00027,0.01123,0.2891,2798,0,0,0,0,0,0,0,0,0,0,0,0,0,0,0,0,0,0,0,0,0
2824192,1379,0,52,48,1,1,2,-0.00379,0.01023,0.4067,2851,0,0,0,0,0,0,0,0,0,0,0,0,0,0,0,0,0,0,0,0,0
2826240,1380,0,45,39,2,0,4,0.00079,0.00874,0.4213,3123,0,0,0,0,0,0,0,0,0,0,0,0,0,0,0,0,0,0,0,0,0
2828288,1381,0,65,58,1,2,4,-0.0014,0.0086,0.316,2807,0,0,0,0,0,0,0,0,0,0,0,0,0,0,0,0,0,0,0,0,0
2830336,1382,0,49,46,2,1,0,-0.00841,0.00861,0.3926,2741,0,0,0,0,0,0,0,0,0,0,0,0,0,0,0,0,0,0,0,0,0
2832384,1383,0,67,61,0,0,6,-0.00453,0.00688,0.3229,2746,0,0,0,0,0,0,0,0,0,0,0,0,0,0,0,0,0,0,0,0,0
2834432,1384,0,44,42,0,0,2,0.00147,0.0047,0.3527,3092,0,0,0,0,0,0,0,0,0,0,0,0,0,0,0,0,0,0,0,0,0
2836480,1385,0,49,45,0,0,4,-0.00458,0.00406,0.3631,3002,0,0,0,0,0,0,0,0,0,0,0,0,0,0,0,0,0,0,0,0,0
2838528,1386,0,50,42,3,0,5,-0.00573,0.00872,0.318,2920,0,0,0,0,0,0,0,0,0,0,0,0,0,0,0,0,0,0,0,0,0
2840576,1387,0,54,50,1,1,2,-0.00576,0.00863,0.3175,2869,0,0,0,0,0,0,0,0,0,0,0,0,0,0,0,0,0,0,0,0,0
2842624,1388,0,48,45,1,0,2,-0.00484,0.00692,0.3481,2910,0,0,0,0,0,0,0,0,0,0,0,0,0,0,0,0,0,0,0,0,0
2844672,1389,0,56,46,2,4,4,-0.00521,0.01142,0.3446,2890,0,0,0,0,0,0,0,0,0,0,0,0,0,0,0,0,0,0,0,0,0
2846720,1390,0,60,57,1,1,1,-0.0028,0.00705,0.3598,2934,0,0,0,0,0,0,0,0,0,0,0,0,0,0,0,0,0,0,0,0,0
2848768,1391,0,62,58,0,1,3,-0.00156,0.00737,0.3531,2930,0,0,0,0,0,0,0,0,0,0,0,0,0,0,0,0,0,0,0,0,0
2850816,1392,0,59,54,1,2,2,-0.0036,0.00987,0.364,3057,0,0,0,0,0,0,0,0,0,0,0,0,0,0,0,0,0,0,0,0,0
2852864,1393,0,59,54,1,1,3,-6e-05,0.00818,0.3253,2969,0,0,0,0,0,0,0,0,0,0,0,0,0,0,0,0,0,0,0,0,0
2854912,1394,0,65,62,1,0,2,-0.0034,0.00618,0.3144,2840,0,0,0,0,0,0,0,0,0,0,0,0,0,0,0,0,0,0,0,0,0
2856960,1395,0,55,52,0,0,3,-0.00141,0.00573,0.3513,2764,0,0,0,0,0,0,0,0,0,0,0,0,0,0,0,0,0,0,0,0,0
2859008,1396,0,59,53,1,1,4,-0.00185,0.00743,0.3203,2769,0,0,0,0,0,0,0,0,0,0,0,0,0,0,0,0,0,0,0,0,0
2861056,1397,0,64,60,0,1,3,-0.00463,0.0069,0.3195,2745,0,0,0,0,0,0,0,0,0,0,0,0,0,0,0,0,0,0,0,0,0
2863104,1398,0,60,55,2,1,2,-0.00346,0.00832,0.3236,2895,0,0,0,0,0,0,0,0,0,0,0,0,0,0,0,0,0,0,0,0,0
2865152,1399,0,64,61,1,0,2,-0.0041,0.00856,0.2361,2752,0,0,0,0,0,0,0,0,0,0,0,0,0,0,0,0,0,0,0,0,0
2867200,1400,0,58,52,2,3,1,0.00033,0.00945,0.2335,2573,0,0,0,0,0,0,0,0,0,0,0,0,0,0,0,0,0,0,0,0,0
2869248,1401,0,60,55,1,1,3,-0.00276,0.01055,0.2556,2759,0,0,0,0,0,0,0,0,0,0,0,0,0,0,0,0,0,0,0,0,0
2871296,1402,0,60,56,1,1,2,-0.00152,0.00678,0.26,2771,0,0,0,0,0,0,0,0,0,0,0,0,0,0,0,0,0,0,0,0,0
2873344,1403,0,61,55,2,1,3,7e-05,0.00759,0.2537,2889,0,0,0,0,0,0,0,0,0,0,0,0,0,0,0,0,0,0,0,0,0
2875392,1404,0,73,68,3,0,2,-0.00146,0.00697,0.1857,2617,0,0,0,0,0,0,0,0,0,0,0,0,0,0,0,0,0,0,0,0,0
2877440,1405,0,72,69,1,1,1,0.00195,0.00787,0.1933,2746,0,0,0,0,0,0,0,0,0,0,0,0,0,0,0,0,0,0,0,0,0
2879488,1406,0,49,46,2,1,0,-0.00149,0.00767,0.2841,2857,0,0,0,0,0,0,0,0,0,0,0,0,0,0,0,0,0,0,0,0,0
2881536,1407,0,59,54,1,1,3,0.00033,0.0079,0.2902,2800,0,0,0,0,0,0,0,0,0,0,0,0,0,0,0,0,0,0,0,0,0
2883584,1408,0,53,49,2,0,2,-0.0036,0.00616,0.2843,2864,0,0,0,0,0,0,0,0,0,0,0,0,0,0,0,0,0,0,0,0,0
2885632,1409,0,56,52,1,1,2,0.00043,0.00836,0.2408,2885,0,0,0,0,0,0,0,0,0,0,0,0,0,0,0,0,0,0,0,0,0
2887680,1410,0,58,53,2,0,3,-0.00209,0.00687,0.2635,2662,0,0,0,0,0,0,0,0,0,0,0,0,0,0,0,0,0,0,0,0,0
2889728,1411,0,53,49,2,0,2,-0.00161,0.00636,0.2485,2769,0,0,0,0,0,0,0,0,0,0,0,0,0,0,0,0,0,0,0,0,0
2891776,1412,0,50,45,1,0,4,-0.00455,0.00687,0.3031,2859,0,0,0,0,0,0,0,0,0,0,0,0,0,0,0,0,0,0,0,0,0
2893824,1413,0,54,49,1,0,4,-0.00223,0.00719,0.2966,2570,0,0,0,0,0,0,0,0,0,0,0,0,0,0,0,0,0,0,0,0,0
2895872,1414,0,62,60,0,0,2,-0.00572,0.0063,0.2682,2726,0,0,0,0,0,0,0,0,0,0,0,0,0,0,0,0,0,0,0,0,0
2897920,1415,0,56,53,0,0,3,-0.00433,0.00734,0.3153,2738,0,0,0,0,0,0,0,0,0,0,0,0,0,0,0,0,0,0,0,0,0
2899968,1416,0,47,44,0,0,3,-0.00309,0.00736,0.3314,2802,0,0,0,0,0,0,0,0,0,0,0,0,0,0,0,0,0,0,0,0,0
2902016,1417,0,50,44,3,0,3,-0.00874,0.01106,0.3329,2490,0,0,0,0,0,0,0,0,0,0,0,0,0,0,0,0,0,0,0,0,0
2904064,1418,0,46,42,0,1,3,-0.00413,0.00767,0.3281,2542,0,0,0,0,0,0,0,0,0,0,0,0,0,0,0,0,0,0,0,0,0
2906112,1419,0,52,47,1,1,3,-0.0042,0.00994,0.2897,2697,0,0,0,0,0,0,0,0,0,0,0,0,0,0,0,0,0,0,0,0,0
2908160,1420,0,50,44,1,2,3,-0.00133,0.01301,0.2563,2711,0,0,0,0,0,0,0,0,0,0,0,0,0,0,0,0,0,0,0,0,0
2910208,1421,0,63,56,0,2,5,-0.00353,0.01048,0.2095,2648,0,0,0,0,0,0,0,0,0,0,0,0,0,0,0,0,0,0,0,0,0
2912256,1422,0,67,61,2,4,0,0.00065,0.012,0.2125,2565,0,0,0,0,0,0,0,0,0,0,0,0,0,0,0,0,0,0,0,0,0
2914304,1423,0,59,54,4,0,1,-0.00528,0.00653,0.2847,2509,0,0,0,0,0,0,0,0,0,0,0,0,0,0,0,0,0,0,0,0,0
2916352,1424,0,44,40,0,1,3,-0.00483,0.0055,0.3561,2802,0,0,0,0,0,0,0,0,0,0,0,0,0,0,0,0,0,0,0,0,0
2918400,1425,0,69,60,1,3,5,-0.00354,0.00885,0.2382,2926,0,0,0,0,0,0,0,0,0,0,0,0,0,0,0,0,0,0,0,0,0
2920448,1426,0,66,64,1,1,0,-0.00285,0.00751,0.2401,2620,0,0,0,0,0,0,0,0,0,0,0,0,0,0,0,0,0,0,0,0,0
2922496,1427,0,49,47,0,0,2,-0.00415,0.00452,0.2959,2887,0,0,0,0,0,0,0,0,0,0,0,0,0,0,0,0,0,0,0,0,0
2924544,1428,0,46,39,1,1,5,0.00025,0.00694,0.2654,2867,0,0,0,0,0,0,0,0,0,0,0,0,0,0,0,0,0,0,0,0,0
2926592,1429,0,51,47,0,1,3,-0.00364,0.00923,0.2917,3006,0,0,0,0,0,0,0,0,0,0,0,0,0,0,0,0,0,0,0,0,0
2928640,1430,0,45,41,0,0,4,-0.00372,0.00647,0.3119,2687,0,0,0,0,0,0,0,0,0,0,0,0,0,0,0,0,0,0,0,0,0
2930688,1431,0,54,49,0,0,5,0.00043,0.00692,0.3118,2753,0,0,0,0,0,0,0,0,0,0,0,0,0,0,0,0,0,0,0,0,0
2932736,1432,0,56,52,0,2,2,-0.00238,0.00852,0.2458,2738,0,0,0,0,0,0,0,0,0,0,0,0,0,0,0,0,0,0,0,0,0
2934784,1433,0,57,55,0,0,2,-0.0027,0.00717,0.2532,3004,0,0,0,0,0,0,0,0,0,0,0,0,0,0,0,0,0,0,0,0,0
2936832,1434,0,61,57,1,0,3,-0.00442,0.00657,0.2596,2515,0,0,0,0,0,0,0,0,0,0,0,0,0,0,0,0,0,0,0,0,0
2938880,1435,0,60,57,0,1,2,-0.00357,0.00874,0.2757,2763,0,0,0,0,0,0,0,0,0,0,0,0,0,0,0,0,0,0,0,0,0
2940928,1436,0,53,50,1,0,2,-0.00389,0.00615,0.2652,2866,0,0,0,0,0,0,0,0,0,0,0,0,0,0,0,0,0,0,0,0,0
2942976,1437,0,59,54,2,1,2,-0.00336,0.00919,0.2452,2834,0,0,0,0,0,0,0,0,0,0,0,0,0,0,0,0,0,0,0,0,0
2945024,1438,0,58,52,2,0,4,-0.00182,0.00973,0.2325,2816,0,0,0,0,0,0,0,0,0,0,0,0,0,0,0,0,0,0,0,0,0
2947072,1439,0,59,52,2,3,2,-0.00289,0.01067,0.2261,2831,0,0,0,0,0,0,0,0,0,0,0,0,0,0,0,0,0,0,0,0,0
2949120,1440,0,69,62,2,3,2,-0.00491,0.00915,0.2268,3050,0,0,0,0,0,0,0,0,0,0,0,0,0,0,0,0,0,0,0,0,0
2951168,1441,0,51,49,1,0,1,-0.00386,0.00529,0.294,2819,0,0,0,0,0,0,0,0,0,0,0,0,0,0,0,0,0,0,0,0,0
2953216,1442,0,56,51,0,0,5,7e-05,0.00518,0.2582,2750,0,0,0,0,0,0,0,0,0,0,0,0,0,0,0,0,0,0,0,0,0
2955264,1443,0,69,67,0,0,2,-0.00368,0.00442,0.2054,2710,0,0,0,0,0,0,0,0,0,0,0,0,0,0,0,0,0,0,0,0,0
2957312,1444,0,63,59,1,2,1,0.00342,0.00499,0.2303,2627,0,0,0,0,0,0,0,0,0,0,0,0,0,0,0,0,0,0,0,0,0
2959360,1445,0,57,50,1,2,4,0.00028,0.00724,0.2565,2583,0,0,0,0,0,0,0,0,0,0,0,0,0,0,0,0,0,0,0,0,0
2961408,1446,0,72,65,3,2,2,-0.0008,0.00991,0.1822,2552,0,0,0,0,0,0,0,0,0,0,0,0,0,0,0,0,0,0,0,0,0
2963456,1447,0,58,52,2,1,3,-0.00273,0.00721,0.2184,2540,0,0,0,0,0,0,0,0,0,0,0,0,0,0,0,0,0,0,0,0,0
2965504,1448,0,63,57,3,2,1,-0.00321,0.01033,0.2084,2713,0,0,0,0,0,0,0,0,0,0,0,0,0,0,0,0,0,0,0,0,0
2967552,1449,0,67,61,2,0,4,-0.00099,0.01076,0.1929,2841,0,0,0,0,0,0,0,0,0,0,0,0,0,0,0,0,0,0,0,0,0
2969600,1450,0,52,48,2,1,1,-0.0016,0.00872,0.2599,2903,0,0,0,0,0,0,0,0,0,0,0,0,0,0,0,0,0,0,0,0,0
2971648,1451,0,43,38,1,1,3,-0.00332,0.00839,0.31,2696,0,0,0,0,0,0,0,0,0,0,0,0,0,0,0,0,0,0,0,0,0
2973696,1452,0,61,56,1,0,4,-0.00583,0.00782,0.2764,2676,0,0,0,0,0,0,0,0,0,0,0,0,0,0,0,0,0,0,0,0,0
2975744,1453,0,55,50,1,0,4,-0.00564,0.00811,0.2621,2924,0,0,0,0,0,0,0,0,0,0,0,0,0,0,0,0,0,0,0,0,0
2977792,1454,0,66,63,0,0,3,-0.00559,0.00528,0.2318,2607,0,0,0,0,0,0,0,0,0,0,0,0,0,0,0,0,0,0,0,0,0
2979840,1455,0,53,52,0,0,1,-0.00147,0.00544,0.269,2691,0,0,0,0,0,0,0,0,0,0,0,0,0,0,0,0,0,0,0,0,0
2981888,1456,0,53,51,0,0,2,-0.00383,0.00669,0.2694,2704,0,0,0,0,0,0,0,0,0,0,0,0,0,0,0,0,0,0,0,0,0
2983936,1457,0,37,35,0,0,2,-0.00199,0.0057,0.2431,2895,0,0,0,0,0,0,0,0,0,0,0,0,0,0,0,0,0,0,0,0,0
2985984,1458,0,56,51,0,0,5,-0.00228,0.00685,0.2096,2716,0,0,0,0,0,0,0,0,0,0,0,0,0,0,0,0,0,0,0,0,0
2988032,1459,0,48,39,3,2,4,-0.00188,0.00739,0.2325,2606,0,0,0,0,0,0,0,0,0,0,0,0,0,0,0,0,0,0,0,0,0
2990080,1460,0,66,61,2,0,3,-0.00214,0.00671,0.2011,2678,0,0,0,0,0,0,0,0,0,0,0,0,0,0,0,0,0,0,0,0,0
2992128,1461,0,65,56,4,5,0,-0.0043,0.01289,0.2202,2580,0,0,0,0,0,0,0,0,0,0,0,0,0,0,0,0,0,0,0,0,0
2994176,1462,0,56,51,0,2,3,-0.0031,0.00831,0.2484,2550,0,0,0,0,0,0,0,0,0,0,0,0,0,0,0,0,0,0,0,0,0
2996224,1463,0,42,37,1,1,3,-0.00387,0.00674,0.2777,2571,0,0,0,0,0,0,0,0,0,0,0,0,0,0,0,0,0,0,0,0,0
2998272,1464,0,49,44,0,1,4,-0.00491,0.00784,0.3192,2963,0,0,0,0,0,0,0,0,0,0,0,0,0,0,0,0,0,0,0,0,0
3000320,1465,0,74,69,1,1,3,-0.0037,0.00845,0.2365,2903,0,0,0,0,0,0,0,0,0,0,0,0,0,0,0,0,0,0,0,0,0
3002368,1466,0,60,58,1,0,1,-0.00433,0.00677,0.3093,2722,0,0,0,0,0,0,0,0,0,0,0,0,0,0,0,0,0,0,0,0,0
3004416,1467,0,60,55,1,0,4,-0.00172,0.00706,0.2866,2778,0,0,0,0,0,0,0,0,0,0,0,0,0,0,0,0,0,0,0,0,0
3006464,1468,0,62,57,3,1,1,-0.00202,0.00783,0.3156,2782,0,0,0,0,0,0,0,0,0,0,0,0,0,0,0,0,0,0,0,0,0
3008512,1469,0,63,57,0,1,5,-0.00414,0.0073,0.282,2803,0,0,0,0,0,0,0,0,0,0,0,0,0,0,0,0,0,0,0,0,0
3010560,1470,0,61,60,0,0,1,0.00101,0.00527,0.2737,2854,0,0,0,0,0,0,0,0,0,0,0,0,0,0,0,0,0,0,0,0,0
3012608,1471,0,63,60,0,0,3,-0.00302,0.00527,0.3367,2904,0,0,0,0,0,0,0,0,0,0,0,0,0,0,0,0,0,0,0,0,0
3014656,1472,0,60,56,0,0,4,0.00092,0.00543,0.3783,2869,0,0,0,0,0,0,0,0,0,0,0,0,0,0,0,0,0,0,0,0,0
3016704,1473,0,58,54,0,1,3,-0.00627,0.00653,0.3886,2533,0,0,0,0,0,0,0,0,0,0,0,0,0,0,0,0,0,0,0,0,0
3018752,1474,0,58,52,1,1,4,-0.00226,0.00574,0.3993,2694,0,0,0,0,0,0,0,0,0,0,0,0,0,0,0,0,0,0,0,0,0
3020800,1475,0,62,58,2,0,2,-0.00026,0.00851,0.3741,2663,0,0,0,0,0,0,0,0,0,0,0,0,0,0,0,0,0,0,0,0,0
3022848,1476,0,51,45,0,2,4,-0.00479,0.00617,0.4214,2866,0,0,0,0,0,0,0,0,0,0,0,0,0,0,0,0,0,0,0,0,0
3024896,1477,0,44,41,0,2,1,-0.0017,0.00674,0.4629,2977,0,0,0,0,0,0,0,0,0,0,0,0,0,0,0,0,0,0,0,0,0
3026944,1478,0,61,51,3,1,6,-0.00302,0.01034,0.4126,2985,0,0,0,0,0,0,0,0,0,0,0,0,0,0,0,0,0,0,0,0,0
3028992,1479,0,52,46,3,1,2,-0.00425,0.00978,0.503,2818,0,0,0,0,0,0,0,0,0,0,0,0,0,0,0,0,0,0,0,0,0
3031040,1480,0,46,42,0,0,4,-0.00555,0.00684,0.4476,2875,0,0,0,0,0,0,0,0,0,0,0,0,0,0,0,0,0,0,0,0,0
3033088,1481,0,47,42,1,0,4,-0.0024,0.00712,0.5617,3100,0,0,0,0,0,0,0,0,0,0,0,0,0,0,0,0,0,0,0,0,0
3035136,1482,0,53,50,0,0,3,-0.00202,0.0062,0.4211,2867,0,0,0,0,0,0,0,0,0,0,0,0,0,0,0,0,0,0,0,0,0
3037184,1483,0,58,52,2,0,4,-0.00637,0.00665,0.3134,2871,0,0,0,0,0,0,0,0,0,0,0,0,0,0,0,0,0,0,0,0,0
3039232,1484,0,73,68,2,0,3,-0.00418,0.00898,0.2541,3022,0,0,0,0,0,0,0,0,0,0,0,0,0,0,0,0,0,0,0,0,0
3041280,1485,0,60,58,0,0,2,-0.00123,0.00548,0.2332,2983,0,0,0,0,0,0,0,0,0,0,0,0,0,0,0,0,0,0,0,0,0
3043328,1486,0,69,65,0,2,2,-0.00664,0.00679,0.2717,2792,0,0,0,0,0,0,0,0,0,0,0,0,0,0,0,0,0,0,0,0,0
3045376,1487,0,60,54,3,2,1,-0.00172,0.01109,0.3004,2771,0,0,0,0,0,0,0,0,0,0,0,0,0,0,0,0,0,0,0,0,0
3047424,1488,0,66,59,3,0,4,-0.00489,0.00837,0.3182,2837,0,0,0,0,0,0,0,0,0,0,0,0,0,0,0,0,0,0,0,0,0
3049472,1489,0,66,64,0,1,1,-0.00109,0.00621,0.257,3027,0,0,0,0,0,0,0,0,0,0,0,0,0,0,0,0,0,0,0,0,0
3051520,1490,0,63,60,1,0,2,-0.00203,0.00651,0.2474,2960,0,0,0,0,0,0,0,0,0,0,0,0,0,0,0,0,0,0,0,0,0
3053568,1491,0,60,57,1,0,2,-0.00282,0.00775,0.3084,3007,0,0,0,0,0,0,0,0,0,0,0,0,0,0,0,0,0,0,0,0,0
3055616,1492,0,59,56,1,0,2,0.00281,0.00785,0.306,3002,0,0,0,0,0,0,0,0,0,0,0,0,0,0,0,0,0,0,0,0,0
3057664,1493,0,62,58,1,0,3,-0.00061,0.0065,0.2671,3072,0,0,0,0,0,0,0,0,0,0,0,0,0,0,0,0,0,0,0,0,0
3059712,1494,0,59,57,0,0,2,-0.00309,0.00534,0.286,2959,0,0,0,0,0,0,0,0,0,0,0,0,0,0,0,0,0,0,0,0,0
3061760,1495,0,66,62,0,0,4,-0.00551,0.00539,0.2522,2877,0,0,0,0,0,0,0,0,0,0,0,0,0,0,0,0,0,0,0,0,0
3063808,1496,0,70,67,0,0,3,-0.00242,0.00457,0.2296,2420,0,0,0,0,0,0,0,0,0,0,0,0,0,0,0,0,0,0,0,0,0
3065856,1497,0,56,56,0,0,0,-0.00347,0.00561,0.2707,3118,0,0,0,0,0,0,0,0,0,0,0,0,0,0,0,0,0,0,0,0,0
3067904,1498,0,62,59,0,0,3,-0.00292,0.00563,0.2913,2941,0,0,0,0,0,0,0,0,0,0,0,0,0,0,0,0,0,0,0,0,0
3069952,1499,0,80,77,2,0,1,-0.00372,0.00673,0.1846,2406,0,0,0,0,0,0,0,0,0,0,0,0,0,0,0,0,0,0,0,0,0
3072000,1500,0,69,67,1,0,1,-0.00333,0.00597,0.2014,2678,0,0,0,0,0,0,0,0,0,0,0,0,0,0,0,0,0,0,0,0,0
3074048,1501,0,58,53,0,1,4,-0.00114,0.00801,0.1855,2504,0,0,0,0,0,0,0,0,0,0,0,0,0,0,0,0,0,0,0,0,0
3076096,1502,0,52,50,1,1,0,-0.0011,0.00771,0.237,2535,0,0,0,0,0,0,0,0,0,0,0,0,0,0,0,0,0,0,0,0,0
3078144,1503,0,64,60,0,0,4,-0.00457,0.00699,0.274,2848,0,0,0,0,0,0,0,0,0,0,0,0,0,0,0,0,0,0,0,0,0
3080192,1504,0,62,58,1,1,2,-0.00239,0.00589,0.2023,2767,0,0,0,0,0,0,0,0,0,0,0,0,0,0,0,0,0,0,0,0,0
3082240,1505,0,53,50,0,0,3,-0.00531,0.00418,0.3074,2978,0,0,0,0,0,0,0,0,0,0,0,0,0,0,0,0,0,0,0,0,0
3084288,1506,0,52,43,2,3,4,-0.00201,0.00718,0.2705,2961,0,0,0,0,0,0,0,0,0,0,0,0,0,0,0,0,0,0,0,0,0
3086336,1507,0,53,48,0,0,5,-0.00755,0.00539,0.297,2809,0,0,0,0,0,0,0,0,0,0,0,0,0,0,0,0,0,0,0,0,0
3088384,1508,0,54,49,0,0,5,-0.00152,0.00547,0.3005,2772,0,0,0,0,0,0,0,0,0,0,0,0,0,0,0,0,0,0,0,0,0
3090432,1509,0,53,50,1,0,2,0.01865,0.00747,0.348,2830,0,0,0,0,0,0,0,0,0,0,0,0,0,0,0,0,0,0,0,0,0
3092480,1510,0,53,48,1,0,4,-0.002,0.00635,0.33,2989,0,0,0,0,0,0,0,0,0,0,0,0,0,0,0,0,0,0,0,0,0
3094528,1511,0,66,62,0,0,4,-0.00306,0.00683,0.2649,2846,0,0,0,0,0,0,0,0,0,0,0,0,0,0,0,0,0,0,0,0,0
3096576,1512,0,64,61,1,0,2,-0.00299,0.00553,0.2714,2578,0,0,0,0,0,0,0,0,0,0,0,0,0,0,0,0,0,0,0,0,0
3098624,1513,0,67,61,3,0,3,-0.00407,0.00724,0.2428,2568,0,0,0,0,0,0,0,0,0,0,0,0,0,0,0,0,0,0,0,0,0
3100672,1514,0,45,42,0,0,3,-0.00361,0.00416,0.3605,2833,0,0,0,0,0,0,0,0,0,0,0,0,0,0,0,0,0,0,0,0,0
3102720,1515,0,53,45,0,0,8,-0.00623,0.00428,0.2809,2646,0,0,0,0,0,0,0,0,0,0,0,0,0,0,0,0,0,0,0,0,0
3104768,1516,0,51,49,1,0,1,-0.00473,0.00746,0.2166,2857,0,0,0,0,0,0,0,0,0,0,0,0,0,0,0,0,0,0,0,0,0
3106816,1517,0,60,54,1,1,4,-0.0006,0.00947,0.1828,2964,0,0,0,0,0,0,0,0,0,0,0,0,0,0,0,0,0,0,0,0,0
3108864,1518,0,66,61,3,0,2,-0.00439,0.00686,0.2367,2792,0,0,0,0,0,0,0,0,0,0,0,0,0,0,0,0,0,0,0,0,0
3110912,1519,0,48,45,0,0,3,-0.00371,0.00627,0.2749,2890,0,0,0,0,0,0,0,0,0,0,0,0,0,0,0,0,0,0,0,0,0
3112960,1520,0,55,52,0,0,3,-0.00301,0.00577,0.2374,2880,0,0,0,0,0,0,0,0,0,0,0,0,0,0,0,0,0,0,0,0,0
3115008,1521,0,62,59,0,0,3,-0.00279,0.00724,0.1979,3117,0,0,0,0,0,0,0,0,0,0,0,0,0,0,0,0,0,0,0,0,0
3117056,1522,0,52,50,1,0,1,-0.00898,0.00623,0.2975,2836,0,0,0,0,0,0,0,0,0,0,0,0,0,0,0,0,0,0,0,0,0
3119104,1523,0,53,49,0,0,4,-0.00261,0.00606,0.3529,2796,0,0,0,0,0,0,0,0,0,0,0,0,0,0,0,0,0,0,0,0,0
3121152,1524,0,55,51,0,0,4,-0.00295,0.00456,0.2876,2815,0,0,0,0,0,0,0,0,0,0,0,0,0,0,0,0,0,0,0,0,0
3123200,1525,0,56,50,1,3,2,0.00316,0.00893,0.2658,2637,0,0,0,0,0,0,0,0,0,0,0,0,0,0,0,0,0,0,0,0,0
3125248,1526,0,66,60,1,2,3,0.00068,0.00944,0.1977,2925,0,0,0,0,0,0,0,0,0,0,0,0,0,0,0,0,0,0,0,0,0
3127296,1527,0,82,74,3,3,2,0.00586,0.01039,0.1974,2982,0,0,0,0,0,0,0,0,0,0,0,0,0,0,0,0,0,0,0,0,0
3129344,1528,0,52,50,0,0,2,0.00027,0.00509,0.3044,2714,0,0,0,0,0,0,0,0,0,0,0,0,0,0,0,0,0,0,0,0,0
3131392,1529,0,46,42,0,0,4,-0.00241,0.00538,0.3527,2945,0,0,0,0,0,0,0,0,0,0,0,0,0,0,0,0,0,0,0,0,0
3133440,1530,0,53,46,1,1,5,-0.00501,0.00636,0.2514,2855,0,0,0,0,0,0,0,0,0,0,0,0,0,0,0,0,0,0,0,0,0
3135488,1531,0,53,48,0,1,4,-0.00419,0.00746,0.2732,3053,0,0,0,0,0,0,0,0,0,0,0,0,0,0,0,0,0,0,0,0,0
3137536,1532,0,67,63,0,1,3,-0.00443,0.00736,0.1882,2813,0,0,0,0,0,0,0,0,0,0,0,0,0,0,0,0,0,0,0,0,0
3139584,1533,0,58,56,0,1,1,-0.0044,0.00682,0.2205,2734,0,0,0,0,0,0,0,0,0,0,0,0,0,0,0,0,0,0,0,0,0
3141632,1534,0,59,56,0,0,3,-0.00323,0.00606,0.2382,3070,0,0,0,0,0,0,0,0,0,0,0,0,0,0,0,0,0,0,0,0,0
3143680,1535,0,59,57,0,0,2,-0.00188,0.00617,0.2701,3088,0,0,0,0,0,0,0,0,0,0,0,0,0,0,0,0,0,0,0,0,0
3145728,1536,0,43,42,0,0,1,-0.00371,0.00597,0.3449,3011,0,0,0,0,0,0,0,0,0,0,0,0,0,0,0,0,0,0,0,0,0
3147776,1537,0,53,48,0,0,5,-0.00446,0.00548,0.3221,3015,0,0,0,0,0,0,0,0,0,0,0,0,0,0,0,0,0,0,0,0,0
3149824,1538,0,59,52,1,1,5,-0.00311,0.00662,0.2519,2988,0,0,0,0,0,0,0,0,0,0,0,0,0,0,0,0,0,0,0,0,0
3151872,1539,0,69,65,1,0,3,-0.00746,0.00668,0.1956,3025,0,0,0,0,0,0,0,0,0,0,0,0,0,0,0,0,0,0,0,0,0
3153920,1540,0,63,62,0,1,0,-0.00333,0.00641,0.2004,3030,0,0,0,0,0,0,0,0,0,0,0,0,0,0,0,0,0,0,0,0,0
3155968,1541,0,56,51,1,2,2,-0.00052,0.00678,0.291,2880,0,0,0,0,0,0,0,0,0,0,0,0,0,0,0,0,0,0,0,0,0
3158016,1542,0,50,46,0,0,4,-0.00286,0.0056,0.2561,2925,0,0,0,0,0,0,0,0,0,0,0,0,0,0,0,0,0,0,0,0,0
3160064,1543,0,63,59,1,0,3,-0.00227,0.00584,0.2389,2952,0,0,0,0,0,0,0,0,0,0,0,0,0,0,0,0,0,0,0,0,0
3162112,1544,0,60,54,2,1,3,-0.0016,0.00698,0.2105,2810,0,0,0,0,0,0,0,0,0,0,0,0,0,0,0,0,0,0,0,0,0
3164160,1545,0,60,54,3,0,3,-0.00472,0.00785,0.2296,2908,0,0,0,0,0,0,0,0,0,0,0,0,0,0,0,0,0,0,0,0,0
3166208,1546,0,57,54,0,1,2,-0.00355,0.00671,0.2243,2910,0,0,0,0,0,0,0,0,0,0,0,0,0,0,0,0,0,0,0,0,0
3168256,1547,0,71,68,1,0,2,-0.00264,0.0073,0.1608,2572,0,0,0,0,0,0,0,0,0,0,0,0,0,0,0,0,0,0,0,0,0
3170304,1548,0,69,64,4,1,0,-0.00433,0.00619,0.1867,2687,0,0,0,0,0,0,0,0,0,0,0,0,0,0,0,0,0,0,0,0,0
3172352,1549,0,67,64,0,1,2,-0.00147,0.00612,0.1504,2857,0,0,0,0,0,0,0,0,0,0,0,0,0,0,0,0,0,0,0,0,0
3174400,1550,0,65,63,1,1,0,-0.00439,0.007,0.1922,2904,0,0,0,0,0,0,0,0,0,0,0,0,0,0,0,0,0,0,0,0,0
3176448,1551,0,57,54,0,0,3,-0.00552,0.00446,0.2131,2918,0,0,0,0,0,0,0,0,0,0,0,0,0,0,0,0,0,0,0,0,0
3178496,1552,0,53,49,0,1,3,-0.00302,0.00568,0.225,2813,0,0,0,0,0,0,0,0,0,0,0,0,0,0,0,0,0,0,0,0,0
3180544,1553,0,59,49,5,1,4,-0.0047,0.00667,0.2358,2850,0,0,0,0,0,0,0,0,0,0,0,0,0,0,0,0,0,0,0,0,0
3182592,1554,0,67,64,0,0,3,-0.00398,0.0046,0.1444,2809,0,0,0,0,0,0,0,0,0,0,0,0,0,0,0,0,0,0,0,0,0
3184640,1555,0,56,55,0,0,1,-0.00296,0.00456,0.1979,2891,0,0,0,0,0,0,0,0,0,0,0,0,0,0,0,0,0,0,0,0,0
3186688,1556,0,60,54,2,0,4,-0.00178,0.0079,0.2109,2764,0,0,0,0,0,0,0,0,0,0,0,0,0,0,0,0,0,0,0,0,0
3188736,1557,0,68,64,1,0,3,-0.00219,0.00496,0.1782,2915,0,0,0,0,0,0,0,0,0,0,0,0,0,0,0,0,0,0,0,0,0
3190784,1558,0,71,69,0,0,2,-0.00228,0.00532,0.1553,2933,0,0,0,0,0,0,0,0,0,0,0,0,0,0,0,0,0,0,0,0,0
3192832,1559,0,72,71,0,0,1,-0.00131,0.00424,0.125,2773,0,0,0,0,0,0,0,0,0,0,0,0,0,0,0,0,0,0,0,0,0
3194880,1560,0,66,64,1,0,1,-0.00259,0.00387,0.1598,2617,0,0,0,0,0,0,0,0,0,0,0,0,0,0,0,0,0,0,0,0,0
3196928,1561,0,69,66,0,0,3,-0.00215,0.00503,0.1391,2939,0,0,0,0,0,0,0,0,0,0,0,0,0,0,0,0,0,0,0,0,0
3198976,1562,0,71,68,2,0,1,0.00423,0.00675,0.1706,2925,0,0,0,0,0,0,0,0,0,0,0,0,0,0,0,0,0,0,0,0,0
3201024,1563,0,62,57,1,0,4,-0.0063,0.00617,0.2127,2883,0,0,0,0,0,0,0,0,0,0,0,0,0,0,0,0,0,0,0,0,0
3203072,1564,0,69,68,0,0,1,-0.00605,0.00393,0.1777,2915,0,0,0,0,0,0,0,0,0,0,0,0,0,0,0,0,0,0,0,0,0
3205120,1565,0,61,60,0,0,1,-0.00151,0.00488,0.1636,2989,0,0,0,0,0,0,0,0,0,0,0,0,0,0,0,0,0,0,0,0,0
3207168,1566,0,59,56,0,1,2,-0.00308,0.00457,0.2203,2842,0,0,0,0,0,0,0,0,0,0,0,0,0,0,0,0,0,0,0,0,0
3209216,1567,0,62,57,0,1,4,-0.00073,0.00619,0.1846,2817,0,0,0,0,0,0,0,0,0,0,0,0,0,0,0,0,0,0,0,0,0
3211264,1568,0,68,65,1,0,2,-0.00301,0.0058,0.1803,3123,0,0,0,0,0,0,0,0,0,0,0,0,0,0,0,0,0,0,0,0,0
3213312,1569,0,61,59,0,1,1,0.00034,0.00698,0.1588,2946,0,0,0,0,0,0,0,0,0,0,0,0,0,0,0,0,0,0,0,0,0
3215360,1570,0,68,65,1,0,2,-0.00286,0.00688,0.1369,3136,0,0,0,0,0,0,0,0,0,0,0,0,0,0,0,0,0,0,0,0,0
3217408,1571,0,66,59,5,1,1,-0.00132,0.00885,0.1858,3211,0,0,0,0,0,0,0,0,0,0,0,0,0,0,0,0,0,0,0,0,0
3219456,1572,0,52,50,0,0,2,0.0005,0.0053,0.1953,2840,0,0,0,0,0,0,0,0,0,0,0,0,0,0,0,0,0,0,0,0,0
3221504,1573,0,54,50,1,0,3,-0.00223,0.00556,0.2177,2934,0,0,0,0,0,0,0,0,0,0,0,0,0,0,0,0,0,0,0,0,0
3223552,1574,0,58,50,1,2,5,-0.00196,0.00787,0.205,2871,0,0,0,0,0,0,0,0,0,0,0,0,0,0,0,0,0,0,0,0,0
3225600,1575,0,59,56,0,0,3,-0.0026,0.00471,0.204,2496,0,0,0,0,0,0,0,0,0,0,0,0,0,0,0,0,0,0,0,0,0
3227648,1576,0,54,51,1,0,2,-0.00011,0.00329,0.2064,2819,0,0,0,0,0,0,0,0,0,0,0,0,0,0,0,0,0,0,0,0,0
3229696,1577,0,65,61,1,0,3,0.00039,0.00459,0.176,2680,0,0,0,0,0,0,0,0,0,0,0,0,0,0,0,0,0,0,0,0,0
3231744,1578,0,40,36,0,0,4,-0.00389,0.00413,0.2876,2614,0,0,0,0,0,0,0,0,0,0,0,0,0,0,0,0,0,0,0,0,0
3233792,1579,0,68,61,0,1,6,-0.00457,0.0062,0.214,2651,0,0,0,0,0,0,0,0,0,0,0,0,0,0,0,0,0,0,0,0,0
3235840,1580,0,50,47,0,3,0,-0.00222,0.00853,0.2082,2590,0,0,0,0,0,0,0,0,0,0,0,0,0,0,0,0,0,0,0,0,0
3237888,1581,0,64,59,1,0,4,-0.00551,0.00633,0.209,2764,0,0,0,0,0,0,0,0,0,0,0,0,0,0,0,0,0,0,0,0,0
3239936,1582,0,58,55,1,1,1,-0.00409,0.0074,0.243,2843,0,0,0,0,0,0,0,0,0,0,0,0,0,0,0,0,0,0,0,0,0
3241984,1583,0,53,50,0,0,3,-0.00327,0.00487,0.2596,2751,0,0,0,0,0,0,0,0,0,0,0,0,0,0,0,0,0,0,0,0,0
3244032,1584,0,60,55,0,0,5,-0.00302,0.00462,0.2477,2703,0,0,0,0,0,0,0,0,0,0,0,0,0,0,0,0,0,0,0,0,0
3246080,1585,0,53,50,2,0,1,-0.00451,0.00432,0.2574,2612,0,0,0,0,0,0,0,0,0,0,0,0,0,0,0,0,0,0,0,0,0
3248128,1586,0,46,42,0,0,4,-0.00175,0.00435,0.2577,2581,0,0,0,0,0,0,0,0,0,0,0,0,0,0,0,0,0,0,0,0,0
3250176,1587,0,68,62,0,3,3,-0.00111,0.00889,0.1742,2727,0,0,0,0,0,0,0,0,0,0,0,0,0,0,0,0,0,0,0,0,0
3252224,1588,0,73,69,1,2,1,-0.00311,0.00927,0.1471,2330,0,0,0,0,0,0,0,0,0,0,0,0,0,0,0,0,0,0,0,0,0
3254272,1589,0,65,61,2,1,1,-0.00431,0.00643,0.204,2632,0,0,0,0,0,0,0,0,0,0,0,0,0,0,0,0,0,0,0,0,0
3256320,1590,0,60,57,0,0,3,-0.0045,0.00505,0.2798,2754,0,0,0,0,0,0,0,0,0,0,0,0,0,0,0,0,0,0,0,0,0
3258368,1591,0,45,41,0,0,4,-0.00385,0.00377,0.3354,3019,0,0,0,0,0,0,0,0,0,0,0,0,0,0,0,0,0,0,0,0,0
3260416,1592,0,75,70,1,0,4,-0.00095,0.00632,0.1352,2956,0,0,0,0,0,0,0,0,0,0,0,0,0,0,0,0,0,0,0,0,0
3262464,1593,0,55,53,1,1,0,0.00122,0.00618,0.2162,2884,0,0,0,0,0,0,0,0,0,0,0,0,0,0,0,0,0,0,0,0,0
3264512,1594,0,46,43,1,0,2,-0.00417,0.00442,0.2389,2654,0,0,0,0,0,0,0,0,0,0,0,0,0,0,0,0,0,0,0,0,0
3266560,1595,0,66,60,1,1,4,-0.00064,0.00732,0.203,2644,0,0,0,0,0,0,0,0,0,0,0,0,0,0,0,0,0,0,0,0,0
3268608,1596,0,54,50,1,0,3,0.00056,0.00694,0.2529,2710,0,0,0,0,0,0,0,0,0,0,0,0,0,0,0,0,0,0,0,0,0
3270656,1597,0,47,42,0,1,4,-0.00266,0.00488,0.3017,2752,0,0,0,0,0,0,0,0,0,0,0,0,0,0,0,0,0,0,0,0,0
3272704,1598,0,57,51,1,0,5,-0.00519,0.00454,0.2811,3051,0,0,0,0,0,0,0,0,0,0,0,0,0,0,0,0,0,0,0,0,0
3274752,1599,0,73,69,2,0,2,-0.00538,0.00726,0.1995,2963,0,0,0,0,0,0,0,0,0,0,0,0,0,0,0,0,0,0,0,0,0
3276800,1600,0,58,56,0,0,2,-0.00176,0.00422,0.2059,2813,0,0,0,0,0,0,0,0,0,0,0,0,0,0,0,0,0,0,0,0,0
3278848,1601,0,62,59,1,0,2,-0.00117,0.00743,0.2007,2886,0,0,0,0,0,0,0,0,0,0,0,0,0,0,0,0,0,0,0,0,0
3280896,1602,0,55,52,0,0,3,-0.00214,0.00505,0.2585,2685,0,0,0,0,0,0,0,0,0,0,0,0,0,0,0,0,0,0,0,0,0
3282944,1603,0,70,64,3,1,2,-0.00309,0.0083,0.1974,2884,0,0,0,0,0,0,0,0,0,0,0,0,0,0,0,0,0,0,0,0,0
3284992,1604,0,51,50,1,0,0,-0.00254,0.00485,0.2656,2924,0,0,0,0,0,0,0,0,0,0,0,0,0,0,0,0,0,0,0,0,0
3287040,1605,0,67,60,1,2,4,-0.00062,0.00528,0.1858,2999,0,0,0,0,0,0,0,0,0,0,0,0,0,0,0,0,0,0,0,0,0
3289088,1606,0,63,61,1,0,1,-0.00538,0.00534,0.2147,3080,0,0,0,0,0,0,0,0,0,0,0,0,0,0,0,0,0,0,0,0,0
3291136,1607,0,63,59,1,0,3,-0.00197,0.00479,0.267,3007,0,0,0,0,0,0,0,0,0,0,0,0,0,0,0,0,0,0,0,0,0
3293184,1608,0,62,61,0,0,1,3e-05,0.00391,0.2303,2927,0,0,0,0,0,0,0,0,0,0,0,0,0,0,0,0,0,0,0,0,0
3295232,1609,0,68,65,1,0,2,-0.00245,0.0044,0.2042,3000,0,0,0,0,0,0,0,0,0,0,0,0,0,0,0,0,0,0,0,0,0
3297280,1610,0,59,56,1,0,2,-0.00935,0.00677,0.2106,2943,0,0,0,0,0,0,0,0,0,0,0,0,0,0,0,0,0,0,0,0,0
3299328,1611,0,54,50,3,0,1,-0.00339,0.00655,0.3208,2972,0,0,0,0,0,0,0,0,0,0,0,0,0,0,0,0,0,0,0,0,0
3301376,1612,0,57,50,3,0,4,-0.0027,0.00617,0.329,2997,0,0,0,0,0,0,0,0,0,0,0,0,0,0,0,0,0,0,0,0,0
3303424,1613,0,57,55,0,0,2,-0.0042,0.00455,0.2258,3098,0,0,0,0,0,0,0,0,0,0,0,0,0,0,0,0,0,0,0,0,0
3305472,1614,0,75,73,0,0,2,-0.00199,0.00463,0.1711,3051,0,0,0,0,0,0,0,0,0,0,0,0,0,0,0,0,0,0,0,0,0
3307520,1615,0,71,68,1,0,2,-0.00204,0.00509,0.1742,2989,0,0,0,0,0,0,0,0,0,0,0,0,0,0,0,0,0,0,0,0,0
3309568,1616,0,54,53,0,0,1,0.00023,0.00336,0.276,2810,0,0,0,0,0,0,0,0,0,0,0,0,0,0,0,0,0,0,0,0,0
3311616,1617,0,57,50,3,1,3,-0.0018,0.00503,0.3076,2990,0,0,0,0,0,0,0,0,0,0,0,0,0,0,0,0,0,0,0,0,0
3313664,1618,0,52,45,2,1,4,-0.00265,0.00432,0.3929,2902,0,0,0,0,0,0,0,0,0,0,0,0,0,0,0,0,0,0,0,0,0
3315712,1619,0,67,59,2,0,6,-0.00296,0.00422,0.2559,2768,0,0,0,0,0,0,0,0,0,0,0,0,0,0,0,0,0,0,0,0,0
3317760,1620,0,70,67,1,2,0,-0.00133,0.00676,0.1986,2620,0,0,0,0,0,0,0,0,0,0,0,0,0,0,0,0,0,0,0,0,0
3319808,1621,0,53,49,0,1,3,-0.00467,0.00364,0.2832,2774,0,0,0,0,0,0,0,0,0,0,0,0,0,0,0,0,0,0,0,0,0
3321856,1622,0,46,41,2,0,3,-0.0043,0.00513,0.2929,2688,0,0,0,0,0,0,0,0,0,0,0,0,0,0,0,0,0,0,0,0,0
3323904,1623,0,53,47,0,0,6,-0.00223,0.00436,0.3051,3121,0,0,0,0,0,0,0,0,0,0,0,0,0,0,0,0,0,0,0,0,0
3325952,1624,0,59,57,0,0,2,-0.0034,0.0042,0.2706,2748,0,0,0,0,0,0,0,0,0,0,0,0,0,0,0,0,0,0,0,0,0
3328000,1625,0,57,53,0,0,4,-0.00438,0.00364,0.218,3073,0,0,0,0,0,0,0,0,0,0,0,0,0,0,0,0,0,0,0,0,0
3330048,1626,0,66,64,0,0,2,-0.00607,0.00448,0.2222,3085,0,0,0,0,0,0,0,0,0,0,0,0,0,0,0,0,0,0,0,0,0
3332096,1627,0,66,64,0,0,2,-0.00447,0.00407,0.1899,2746,0,0,0,0,0,0,0,0,0,0,0,0,0,0,0,0,0,0,0,0,0
3334144,1628,0,69,66,1,0,2,-0.00171,0.00439,0.2415,2895,0,0,0,0,0,0,0,0,0,0,0,0,0,0,0,0,0,0,0,0,0
3336192,1629,0,63,60,1,0,2,-0.00164,0.0053,0.195,2939,0,0,0,0,0,0,0,0,0,0,0,0,0,0,0,0,0,0,0,0,0
3338240,1630,0,83,81,0,0,2,-0.00443,0.00431,0.1319,3008,0,0,0,0,0,0,0,0,0,0,0,0,0,0,0,0,0,0,0,0,0
3340288,1631,0,64,62,1,1,0,0.00088,0.00598,0.2085,3073,0,0,0,0,0,0,0,0,0,0,0,0,0,0,0,0,0,0,0,0,0
3342336,1632,0,54,49,1,0,4,-0.00536,0.00485,0.2497,3214,0,0,0,0,0,0,0,0,0,0,0,0,0,0,0,0,0,0,0,0,0
3344384,1633,0,71,65,2,1,3,-0.00159,0.0069,0.1962,3145,0,0,0,0,0,0,0,0,0,0,0,0,0,0,0,0,0,0,0,0,0
3346432,1634,0,70,67,1,0,2,-0.00385,0.00466,0.2431,3096,0,0,0,0,0,0,0,0,0,0,0,0,0,0,0,0,0,0,0,0,0
3348480,1635,0,50,46,1,0,3,-0.00513,0.00509,0.3717,3092,0,0,0,0,0,0,0,0,0,0,0,0,0,0,0,0,0,0,0,0,0
3350528,1636,0,49,44,0,0,5,-0.00239,0.00339,0.3348,3135,0,0,0,0,0,0,0,0,0,0,0,0,0,0,0,0,0,0,0,0,0
3352576,1637,0,73,68,0,1,4,-0.00207,0.00534,0.1851,2788,0,0,0,0,0,0,0,0,0,0,0,0,0,0,0,0,0,0,0,0,0
3354624,1638,0,71,69,1,0,1,0.0006,0.00428,0.1629,2892,0,0,0,0,0,0,0,0,0,0,0,0,0,0,0,0,0,0,0,0,0
3356672,1639,0,70,67,0,1,2,-0.00333,0.00472,0.1877,2832,0,0,0,0,0,0,0,0,0,0,0,0,0,0,0,0,0,0,0,0,0
3358720,1640,0,67,66,0,0,1,-0.00268,0.00366,0.1976,2789,0,0,0,0,0,0,0,0,0,0,0,0,0,0,0,0,0,0,0,0,0
3360768,1641,0,49,45,0,0,4,-0.00353,0.0049,0.2489,2855,0,0,0,0,0,0,0,0,0,0,0,0,0,0,0,0,0,0,0,0,0
3362816,1642,0,43,41,0,0,2,0.00106,0.00602,0.271,2744,0,0,0,0,0,0,0,0,0,0,0,0,0,0,0,0,0,0,0,0,0
3364864,1643,0,62,57,0,0,5,-0.0025,0.00478,0.2203,2836,0,0,0,0,0,0,0,0,0,0,0,0,0,0,0,0,0,0,0,0,0
3366912,1644,0,68,64,0,0,4,-0.0024,0.00461,0.1642,2835,0,0,0,0,0,0,0,0,0,0,0,0,0,0,0,0,0,0,0,0,0
3368960,1645,0,70,69,0,0,1,-0.00414,0.00386,0.1446,2873,0,0,0,0,0,0,0,0,0,0,0,0,0,0,0,0,0,0,0,0,0
3371008,1646,0,60,58,0,1,1,-0.00254,0.0049,0.1576,3127,0,0,0,0,0,0,0,0,0,0,0,0,0,0,0,0,0,0,0,0,0
3373056,1647,0,58,52,1,3,2,-0.00322,0.00876,0.1849,3183,0,0,0,0,0,0,0,0,0,0,0,0,0,0,0,0,0,0,0,0,0
3375104,1648,0,53,50,0,0,3,-0.00093,0.00615,0.2058,3174,0,0,0,0,0,0,0,0,0,0,0,0,0,0,0,0,0,0,0,0,0
3377152,1649,0,57,53,2,0,2,-0.00147,0.00657,0.252,2962,0,0,0,0,0,0,0,0,0,0,0,0,0,0,0,0,0,0,0,0,0
3379200,1650,0,53,49,0,0,4,-0.00307,0.00412,0.2918,2904,0,0,0,0,0,0,0,0,0,0,0,0,0,0,0,0,0,0,0,0,0
3381248,1651,0,60,57,0,0,3,-0.0012,0.00462,0.1899,2809,0,0,0,0,0,0,0,0,0,0,0,0,0,0,0,0,0,0,0,0,0
3383296,1652,0,68,64,1,0,3,-0.00072,0.00592,0.1931,2859,0,0,0,0,0,0,0,0,0,0,0,0,0,0,0,0,0,0,0,0,0
3385344,1653,0,66,64,0,0,2,-0.00193,0.00462,0.1927,3007,0,0,0,0,0,0,0,0,0,0,0,0,0,0,0,0,0,0,0,0,0
3387392,1654,0,69,66,1,1,1,0.0027,0.00517,0.1822,3171,0,0,0,0,0,0,0,0,0,0,0,0,0,0,0,0,0,0,0,0,0
3389440,1655,0,70,68,0,0,2,-0.00172,0.00343,0.2433,3159,0,0,0,0,0,0,0,0,0,0,0,0,0,0,0,0,0,0,0,0,0
3391488,1656,0,55,51,2,0,2,-0.00062,0.00468,0.3235,3054,0,0,0,0,0,0,0,0,0,0,0,0,0,0,0,0,0,0,0,0,0
3393536,1657,0,63,56,1,0,6,-0.00173,0.00462,0.2182,2871,0,0,0,0,0,0,0,0,0,0,0,0,0,0,0,0,0,0,0,0,0
3395584,1658,0,66,64,1,0,1,-0.00517,0.00492,0.1846,2884,0,0,0,0,0,0,0,0,0,0,0,0,0,0,0,0,0,0,0,0,0
3397632,1659,0,60,57,1,0,2,-0.0058,0.00422,0.2898,3113,0,0,0,0,0,0,0,0,0,0,0,0,0,0,0,0,0,0,0,0,0
3399680,1660,0,50,43,2,0,5,0.00092,0.0061,0.3455,2942,0,0,0,0,0,0,0,0,0,0,0,0,0,0,0,0,0,0,0,0,0
3401728,1661,0,73,67,3,0,3,-0.00438,0.00543,0.2542,3149,0,0,0,0,0,0,0,0,0,0,0,0,0,0,0,0,0,0,0,0,0
3403776,1662,0,57,55,1,1,0,0.00035,0.00479,0.3093,2852,0,0,0,0,0,0,0,0,0,0,0,0,0,0,0,0,0,0,0,0,0
3405824,1663,0,58,53,0,0,5,-0.00336,0.00529,0.2598,2942,0,0,0,0,0,0,0,0,0,0,0,0,0,0,0,0,0,0,0,0,0
3407872,1664,0,59,54,1,0,4,-0.00304,0.00415,0.2567,2941,0,0,0,0,0,0,0,0,0,0,0,0,0,0,0,0,0,0,0,0,0
3409920,1665,0,65,61,1,0,3,-0.00075,0.00441,0.2632,3039,0,0,0,0,0,0,0,0,0,0,0,0,0,0,0,0,0,0,0,0,0
3411968,1666,0,48,44,0,0,4,-0.00179,0.00399,0.2908,2971,0,0,0,0,0,0,0,0,0,0,0,0,0,0,0,0,0,0,0,0,0
3414016,1667,0,59,55,0,0,4,-0.00385,0.0039,0.2702,3187,0,0,0,0,0,0,0,0,0,0,0,0,0,0,0,0,0,0,0,0,0
3416064,1668,0,72,68,1,0,3,-0.00215,0.0047,0.2468,2873,0,0,0,0,0,0,0,0,0,0,0,0,0,0,0,0,0,0,0,0,0
3418112,1669,0,73,71,0,0,2,-0.00602,0.00384,0.2349,2777,0,0,0,0,0,0,0,0,0,0,0,0,0,0,0,0,0,0,0,0,0
3420160,1670,0,57,54,0,1,2,-0.00333,0.0047,0.2483,2641,0,0,0,0,0,0,0,0,0,0,0,0,0,0,0,0,0,0,0,0,0
3422208,1671,0,71,65,0,1,5,-0.00595,0.00559,0.2567,2595,0,0,0,0,0,0,0,0,0,0,0,0,0,0,0,0,0,0,0,0,0
3424256,1672,0,71,68,1,2,0,-0.00523,0.00572,0.2413,2641,0,0,0,0,0,0,0,0,0,0,0,0,0,0,0,0,0,0,0,0,0
3426304,1673,0,57,54,1,0,2,-0.00435,0.00533,0.2463,2808,0,0,0,0,0,0,0,0,0,0,0,0,0,0,0,0,0,0,0,0,0
3428352,1674,0,57,52,1,0,4,-0.00048,0.00608,0.313,2632,0,0,0,0,0,0,0,0,0,0,0,0,0,0,0,0,0,0,0,0,0
3430400,1675,0,70,64,2,0,4,-0.00402,0.00504,0.2745,2795,0,0,0,0,0,0,0,0,0,0,0,0,0,0,0,0,0,0,0,0,0
3432448,1676,0,58,55,0,1,2,-0.00144,0.00391,0.2662,2965,0,0,0,0,0,0,0,0,0,0,0,0,0,0,0,0,0,0,0,0,0
3434496,1677,0,57,51,1,1,4,9e-05,0.0059,0.2624,2816,0,0,0,0,0,0,0,0,0,0,0,0,0,0,0,0,0,0,0,0,0
3436544,1678,0,64,60,0,1,3,-0.00361,0.0052,0.3104,2760,0,0,0,0,0,0,0,0,0,0,0,0,0,0,0,0,0,0,0,0,0
3438592,1679,0,59,54,1,0,4,-0.00462,0.0038,0.3193,2952,0,0,0,0,0,0,0,0,0,0,0,0,0,0,0,0,0,0,0,0,0
3440640,1680,0,66,57,1,5,3,-0.00172,0.00943,0.2707,2943,0,0,0,0,0,0,0,0,0,0,0,0,0,0,0,0,0,0,0,0,0
3442688,1681,0,59,57,1,0,1,-0.00557,0.00476,0.3036,2863,0,0,0,0,0,0,0,0,0,0,0,0,0,0,0,0,0,0,0,0,0
3444736,1682,0,53,49,0,0,4,0.00202,0.0035,0.3199,2751,0,0,0,0,0,0,0,0,0,0,0,0,0,0,0,0,0,0,0,0,0
3446784,1683,0,55,49,0,1,5,-0.00272,0.00597,0.294,3005,0,0,0,0,0,0,0,0,0,0,0,0,0,0,0,0,0,0,0,0,0
3448832,1684,0,55,51,2,0,2,-0.00313,0.00347,0.2999,3029,0,0,0,0,0,0,0,0,0,0,0,0,0,0,0,0,0,0,0,0,0
3450880,1685,0,74,69,0,1,4,-0.00455,0.0046,0.2133,3005,0,0,0,0,0,0,0,0,0,0,0,0,0,0,0,0,0,0,0,0,0
3452928,1686,0,73,71,1,0,1,-0.00366,0.00576,0.1997,2941,0,0,0,0,0,0,0,0,0,0,0,0,0,0,0,0,0,0,0,0,0
3454976,1687,0,63,59,0,2,2,-0.0023,0.00722,0.3307,2851,0,0,0,0,0,0,0,0,0,0,0,0,0,0,0,0,0,0,0,0,0
3457024,1688,0,59,54,2,0,3,-0.00424,0.00506,0.3122,2981,0,0,0,0,0,0,0,0,0,0,0,0,0,0,0,0,0,0,0,0,0
3459072,1689,0,62,58,0,1,3,-0.0047,0.00508,0.2921,3124,0,0,0,0,0,0,0,0,0,0,0,0,0,0,0,0,0,0,0,0,0
3461120,1690,0,61,57,0,1,3,-0.00292,0.0056,0.3539,3060,0,0,0,0,0,0,0,0,0,0,0,0,0,0,0,0,0,0,0,0,0
3463168,1691,0,67,63,1,0,3,0.00104,0.00646,0.2681,3109,0,0,0,0,0,0,0,0,0,0,0,0,0,0,0,0,0,0,0,0,0
3465216,1692,0,61,56,3,0,2,-0.00386,0.00784,0.2658,2946,0,0,0,0,0,0,0,0,0,0,0,0,0,0,0,0,0,0,0,0,0
3467264,1693,0,56,53,0,0,3,-0.00319,0.0048,0.3817,2960,0,0,0,0,0,0,0,0,0,0,0,0,0,0,0,0,0,0,0,0,0
3469312,1694,0,62,56,0,1,5,-0.00321,0.00477,0.3157,3023,0,0,0,0,0,0,0,0,0,0,0,0,0,0,0,0,0,0,0,0,0
3471360,1695,0,63,60,0,0,3,-0.00776,0.00456,0.2734,2834,0,0,0,0,0,0,0,0,0,0,0,0,0,0,0,0,0,0,0,0,0
3473408,1696,0,65,61,1,0,3,-0.00426,0.00601,0.3372,2858,0,0,0,0,0,0,0,0,0,0,0,0,0,0,0,0,0,0,0,0,0
3475456,1697,0,67,63,0,0,4,-0.00539,0.00435,0.2742,2736,0,0,0,0,0,0,0,0,0,0,0,0,0,0,0,0,0,0,0,0,0
3477504,1698,0,62,59,1,1,1,-0.00357,0.007,0.2745,2906,0,0,0,0,0,0,0,0,0,0,0,0,0,0,0,0,0,0,0,0,0
3479552,1699,0,65,62,0,0,3,-0.00155,0.00431,0.3044,2856,0,0,0,0,0,0,0,0,0,0,0,0,0,0,0,0,0,0,0,0,0
3481600,1700,0,51,45,3,0,3,-0.00089,0.0068,0.376,3163,0,0,0,0,0,0,0,0,0,0,0,0,0,0,0,0,0,0,0,0,0
3483648,1701,0,60,54,1,0,5,-0.00513,0.00511,0.295,3027,0,0,0,0,0,0,0,0,0,0,0,0,0,0,0,0,0,0,0,0,0
3485696,1702,0,66,62,1,0,3,-0.00581,0.00481,0.2797,2805,0,0,0,0,0,0,0,0,0,0,0,0,0,0,0,0,0,0,0,0,0
3487744,1703,0,59,56,1,1,1,-0.00271,0.00375,0.3249,2955,0,0,0,0,0,0,0,0,0,0,0,0,0,0,0,0,0,0,0,0,0
3489792,1704,0,62,57,0,0,5,-0.00238,0.0043,0.3288,3021,0,0,0,0,0,0,0,0,0,0,0,0,0,0,0,0,0,0,0,0,0
3491840,1705,0,62,59,1,0,2,8e-05,0.0041,0.3099,3113,0,0,0,0,0,0,0,0,0,0,0,0,0,0,0,0,0,0,0,0,0
3493888,1706,0,67,64,1,0,2,0.00055,0.00478,0.2776,3236,0,0,0,0,0,0,0,0,0,0,0,0,0,0,0,0,0,0,0,0,0
3495936,1707,0,78,76,0,0,2,-0.00449,0.00378,0.209,2952,0,0,0,0,0,0,0,0,0,0,0,0,0,0,0,0,0,0,0,0,0
3497984,1708,0,61,57,3,0,1,-0.00176,0.00554,0.2894,2942,0,0,0,0,0,0,0,0,0,0,0,0,0,0,0,0,0,0,0,0,0
3500032,1709,0,59,55,0,0,4,0.00072,0.00507,0.3173,2834,0,0,0,0,0,0,0,0,0,0,0,0,0,0,0,0,0,0,0,0,0
3502080,1710,0,83,81,0,1,1,0.00095,0.00663,0.2336,2789,0,0,0,0,0,0,0,0,0,0,0,0,0,0,0,0,0,0,0,0,0
3504128,1711,0,67,65,1,1,0,-0.00157,0.00731,0.3126,2919,0,0,0,0,0,0,0,0,0,0,0,0,0,0,0,0,0,0,0,0,0
3506176,1712,0,58,54,1,1,2,-0.00376,0.00688,0.2976,2790,0,0,0,0,0,0,0,0,0,0,0,0,0,0,0,0,0,0,0,0,0
3508224,1713,0,74,67,2,3,2,-0.00232,0.0101,0.2956,2722,0,0,0,0,0,0,0,0,0,0,0,0,0,0,0,0,0,0,0,0,0
3510272,1714,0,65,63,0,0,2,-0.00676,0.00394,0.3463,2692,0,0,0,0,0,0,0,0,0,0,0,0,0,0,0,0,0,0,0,0,0
3512320,1715,0,58,54,1,0,3,-0.00861,0.00499,0.346,2617,0,0,0,0,0,0,0,0,0,0,0,0,0,0,0,0,0,0,0,0,0
3514368,1716,0,69,67,0,1,1,-0.00382,0.00609,0.3002,2716,0,0,0,0,0,0,0,0,0,0,0,0,0,0,0,0,0,0,0,0,0
3516416,1717,0,77,74,1,0,2,-0.00305,0.00486,0.2321,2968,0,0,0,0,0,0,0,0,0,0,0,0,0,0,0,0,0,0,0,0,0
3518464,1718,0,50,49,0,0,1,-0.00541,0.00396,0.3266,3031,0,0,0,0,0,0,0,0,0,0,0,0,0,0,0,0,0,0,0,0,0
3520512,1719,0,65,60,0,1,4,-0.00719,0.00585,0.3051,2710,0,0,0,0,0,0,0,0,0,0,0,0,0,0,0,0,0,0,0,0,0
3522560,1720,0,57,53,2,0,2,-0.00335,0.00693,0.34,2859,0,0,0,0,0,0,0,0,0,0,0,0,0,0,0,0,0,0,0,0,0
3524608,1721,0,72,68,0,1,3,-0.00441,0.00536,0.2951,2657,0,0,0,0,0,0,0,0,0,0,0,0,0,0,0,0,0,0,0,0,0
3526656,1722,0,65,61,2,1,1,-0.00029,0.0061,0.2983,2762,0,0,0,0,0,0,0,0,0,0,0,0,0,0,0,0,0,0,0,0,0
3528704,1723,0,67,62,2,0,3,-0.00287,0.00661,0.2835,2782,0,0,0,0,0,0,0,0,0,0,0,0,0,0,0,0,0,0,0,0,0
3530752,1724,0,62,52,1,7,2,-0.00317,0.01402,0.319,2608,0,0,0,0,0,0,0,0,0,0,0,0,0,0,0,0,0,0,0,0,0
3532800,1725,0,59,54,1,0,4,-0.00483,0.00422,0.3422,2988,0,0,0,0,0,0,0,0,0,0,0,0,0,0,0,0,0,0,0,0,0
3534848,1726,0,61,55,4,0,2,-0.00458,0.0065,0.3308,2960,0,0,0,0,0,0,0,0,0,0,0,0,0,0,0,0,0,0,0,0,0
3536896,1727,0,58,50,4,1,3,-0.00313,0.00639,0.3584,2683,0,0,0,0,0,0,0,0,0,0,0,0,0,0,0,0,0,0,0,0,0
3538944,1728,0,78,73,1,1,3,-0.0039,0.00423,0.2685,2577,0,0,0,0,0,0,0,0,0,0,0,0,0,0,0,0,0,0,0,0,0
3540992,1729,0,70,66,4,0,0,-0.00461,0.0043,0.248,2620,0,0,0,0,0,0,0,0,0,0,0,0,0,0,0,0,0,0,0,0,0
3543040,1730,0,63,61,1,0,1,-0.00421,0.00437,0.2752,2900,0,0,0,0,0,0,0,0,0,0,0,0,0,0,0,0,0,0,0,0,0
3545088,1731,0,59,54,2,2,1,-0.00057,0.00389,0.332,2806,0,0,0,0,0,0,0,0,0,0,0,0,0,0,0,0,0,0,0,0,0
3547136,1732,0,57,51,2,3,1,-0.00272,0.00629,0.3507,2910,0,0,0,0,0,0,0,0,0,0,0,0,0,0,0,0,0,0,0,0,0
3549184,1733,0,75,68,1,2,4,-0.00205,0.00619,0.2674,2834,0,0,0,0,0,0,0,0,0,0,0,0,0,0,0,0,0,0,0,0,0
3551232,1734,0,61,59,0,0,2,4e-05,0.0039,0.2463,2976,0,0,0,0,0,0,0,0,0,0,0,0,0,0,0,0,0,0,0,0,0
3553280,1735,0,78,75,1,0,2,-0.00407,0.00382,0.2796,2736,0,0,0,0,0,0,0,0,0,0,0,0,0,0,0,0,0,0,0,0,0
3555328,1736,0,73,69,1,2,1,-0.0042,0.00711,0.2132,2809,0,0,0,0,0,0,0,0,0,0,0,0,0,0,0,0,0,0,0,0,0
3557376,1737,0,63,61,2,0,0,-0.00325,0.00431,0.2905,2711,0,0,0,0,0,0,0,0,0,0,0,0,0,0,0,0,0,0,0,0,0
3559424,1738,0,59,55,1,0,3,-0.00225,0.00495,0.3154,2758,0,0,0,0,0,0,0,0,0,0,0,0,0,0,0,0,0,0,0,0,0
3561472,1739,0,70,66,1,1,2,-0.00438,0.00415,0.2386,2924,0,0,0,0,0,0,0,0,0,0,0,0,0,0,0,0,0,0,0,0,0
3563520,1740,0,70,68,0,0,2,-0.00309,0.00327,0.1908,2692,0,0,0,0,0,0,0,0,0,0,0,0,0,0,0,0,0,0,0,0,0
3565568,1741,0,67,66,0,0,1,-0.00065,0.00338,0.2365,2757,0,0,0,0,0,0,0,0,0,0,0,0,0,0,0,0,0,0,0,0,0
3567616,1742,0,42,40,0,1,1,-0.00114,0.00385,0.3755,2973,0,0,0,0,0,0,0,0,0,0,0,0,0,0,0,0,0,0,0,0,0
3569664,1743,0,55,48,1,0,6,-0.00443,0.00634,0.2984,3006,0,0,0,0,0,0,0,0,0,0,0,0,0,0,0,0,0,0,0,0,0
3571712,1744,0,68,63,3,0,2,-0.00343,0.00757,0.2678,3125,0,0,0,0,0,0,0,0,0,0,0,0,0,0,0,0,0,0,0,0,0
3573760,1745,0,72,68,0,2,2,-0.00143,0.00568,0.2341,2877,0,0,0,0,0,0,0,0,0,0,0,0,0,0,0,0,0,0,0,0,0
3575808,1746,0,76,71,1,2,2,-0.00036,0.0063,0.2028,2783,0,0,0,0,0,0,0,0,0,0,0,0,0,0,0,0,0,0,0,0,0
3577856,1747,0,61,59,0,1,1,-0.00438,0.00521,0.233,2788,0,0,0,0,0,0,0,0,0,0,0,0,0,0,0,0,0,0,0,0,0
3579904,1748,0,66,62,1,0,3,-0.00392,0.00577,0.2191,2987,0,0,0,0,0,0,0,0,0,0,0,0,0,0,0,0,0,0,0,0,0
3581952,1749,0,76,73,1,0,2,-0.00206,0.00404,0.1883,3035,0,0,0,0,0,0,0,0,0,0,0,0,0,0,0,0,0,0,0,0,0
3584000,1750,0,62,57,0,2,3,-0.0035,0.00662,0.2485,2880,0,0,0,0,0,0,0,0,0,0,0,0,0,0,0,0,0,0,0,0,0
3586048,1751,0,58,55,1,0,2,-0.00116,0.00483,0.2464,2916,0,0,0,0,0,0,0,0,0,0,0,0,0,0,0,0,0,0,0,0,0
3588096,1752,0,57,51,3,1,2,0.00159,0.00473,0.3175,2886,0,0,0,0,0,0,0,0,0,0,0,0,0,0,0,0,0,0,0,0,0
3590144,1753,0,53,48,1,0,4,-0.00516,0.00712,0.3402,3014,0,0,0,0,0,0,0,0,0,0,0,0,0,0,0,0,0,0,0,0,0
3592192,1754,0,64,56,1,1,6,0.00239,0.00759,0.2935,2808,0,0,0,0,0,0,0,0,0,0,0,0,0,0,0,0,0,0,0,0,0
3594240,1755,0,67,66,0,0,1,-0.00369,0.00348,0.2056,2751,0,0,0,0,0,0,0,0,0,0,0,0,0,0,0,0,0,0,0,0,0
3596288,1756,0,83,78,3,1,1,-0.00432,0.0055,0.1924,2784,0,0,0,0,0,0,0,0,0,0,0,0,0,0,0,0,0,0,0,0,0
3598336,1757,0,74,72,1,0,1,-0.00353,0.00574,0.2238,2795,0,0,0,0,0,0,0,0,0,0,0,0,0,0,0,0,0,0,0,0,0
3600384,1758,0,64,61,0,1,2,-0.0043,0.00296,0.2969,2964,0,0,0,0,0,0,0,0,0,0,0,0,0,0,0,0,0,0,0,0,0
3602432,1759,0,58,52,0,5,1,-0.00375,0.00967,0.2859,2907,0,0,0,0,0,0,0,0,0,0,0,0,0,0,0,0,0,0,0,0,0
3604480,1760,0,75,70,1,1,3,-0.00318,0.0061,0.2071,3060,0,0,0,0,0,0,0,0,0,0,0,0,0,0,0,0,0,0,0,0,0
3606528,1761,0,68,65,0,1,2,-0.00342,0.00507,0.2387,3260,0,0,0,0,0,0,0,0,0,0,0,0,0,0,0,0,0,0,0,0,0
3608576,1762,0,55,51,1,1,2,0.00241,0.00394,0.3464,2945,0,0,0,0,0,0,0,0,0,0,0,0,0,0,0,0,0,0,0,0,0
3610624,1763,0,73,67,1,0,5,-0.00528,0.00428,0.2697,2987,0,0,0,0,0,0,0,0,0,0,0,0,0,0,0,0,0,0,0,0,0
3612672,1764,0,82,76,4,1,1,-0.00086,0.00675,0.2623,2949,0,0,0,0,0,0,0,0,0,0,0,0,0,0,0,0,0,0,0,0,0
3614720,1765,0,71,65,3,3,0,-0.00293,0.00832,0.2716,3137,0,0,0,0,0,0,0,0,0,0,0,0,0,0,0,0,0,0,0,0,0
3616768,1766,0,65,60,1,2,2,-0.00469,0.00609,0.3719,3097,0,0,0,0,0,0,0,0,0,0,0,0,0,0,0,0,0,0,0,0,0
3618816,1767,0,65,62,2,0,1,-0.00529,0.00422,0.3271,2835,0,0,0,0,0,0,0,0,0,0,0,0,0,0,0,0,0,0,0,0,0
3620864,1768,0,72,66,1,3,2,-0.00689,0.00693,0.2494,3236,0,0,0,0,0,0,0,0,0,0,0,0,0,0,0,0,0,0,0,0,0
3622912,1769,0,58,57,0,0,1,-0.0045,0.0054,0.2722,2948,0,0,0,0,0,0,0,0,0,0,0,0,0,0,0,0,0,0,0,0,0
3624960,1770,0,54,51,0,0,3,-0.00636,0.00446,0.3717,2790,0,0,0,0,0,0,0,0,0,0,0,0,0,0,0,0,0,0,0,0,0
3627008,1771,0,48,45,1,0,2,-0.00371,0.00314,0.4742,2833,0,0,0,0,0,0,0,0,0,0,0,0,0,0,0,0,0,0,0,0,0
3629056,1772,0,62,55,2,0,5,-0.00589,0.00367,0.3971,3124,0,0,0,0,0,0,0,0,0,0,0,0,0,0,0,0,0,0,0,0,0
3631104,1773,0,70,67,0,0,3,-0.00547,0.00408,0.2683,3048,0,0,0,0,0,0,0,0,0,0,0,0,0,0,0,0,0,0,0,0,0
3633152,1774,0,70,69,0,0,1,-0.00376,0.0033,0.3023,2859,0,0,0,0,0,0,0,0,0,0,0,0,0,0,0,0,0,0,0,0,0
3635200,1775,0,64,59,0,2,3,-0.00776,0.00549,0.3333,3253,0,0,0,0,0,0,0,0,0,0,0,0,0,0,0,0,0,0,0,0,0
3637248,1776,0,57,52,0,3,2,-0.00585,0.00724,0.3399,3128,0,0,0,0,0,0,0,0,0,0,0,0,0,0,0,0,0,0,0,0,0
3639296,1777,0,51,48,0,0,3,-0.00699,0.006,0.3575,2877,0,0,0,0,0,0,0,0,0,0,0,0,0,0,0,0,0,0,0,0,0
3641344,1778,0,59,53,0,0,6,-0.00669,0.00479,0.3524,2543,0,0,0,0,0,0,0,0,0,0,0,0,0,0,0,0,0,0,0,0,0
3643392,1779,0,75,73,0,1,1,0.00064,0.00409,0.2906,2876,0,0,0,0,0,0,0,0,0,0,0,0,0,0,0,0,0,0,0,0,0
3645440,1780,0,73,68,3,0,2,-0.00379,0.00413,0.361,3030,0,0,0,0,0,0,0,0,0,0,0,0,0,0,0,0,0,0,0,0,0
3647488,1781,0,59,57,0,0,2,-0.0029,0.00357,0.4512,2693,0,0,0,0,0,0,0,0,0,0,0,0,0,0,0,0,0,0,0,0,0
3649536,1782,0,52,47,0,0,5,-0.00399,0.00573,0.3897,2827,0,0,0,0,0,0,0,0,0,0,0,0,0,0,0,0,0,0,0,0,0
3651584,1783,0,80,75,1,2,2,-0.00621,0.00532,0.2942,2832,0,0,0,0,0,0,0,0,0,0,0,0,0,0,0,0,0,0,0,0,0
3653632,1784,0,59,53,2,3,1,-0.00906,0.00741,0.422,2853,0,0,0,0,0,0,0,0,0,0,0,0,0,0,0,0,0,0,0,0,0
3655680,1785,0,51,41,1,4,5,-0.0071,0.01021,0.4278,2992,0,0,0,0,0,0,0,0,0,0,0,0,0,0,0,0,0,0,0,0,0
3657728,1786,0,59,54,2,0,3,-0.00553,0.00501,0.4275,2968,0,0,0,0,0,0,0,0,0,0,0,0,0,0,0,0,0,0,0,0,0
3659776,1787,0,47,42,0,1,4,-0.00716,0.00563,0.4208,3140,0,0,0,0,0,0,0,0,0,0,0,0,0,0,0,0,0,0,0,0,0
3661824,1788,0,58,52,1,0,5,-0.00505,0.00483,0.4284,3066,0,0,0,0,0,0,0,0,0,0,0,0,0,0,0,0,0,0,0,0,0
3663872,1789,0,52,47,0,2,3,-0.00324,0.0072,0.435,3061,0,0,0,0,0,0,0,0,0,0,0,0,0,0,0,0,0,0,0,0,0
3665920,1790,0,71,60,2,1,8,-0.00095,0.01144,0.3312,3118,0,0,0,0,0,0,0,0,0,0,0,0,0,0,0,0,0,0,0,0,0
3667968,1791,0,64,63,0,1,0,4e-05,0.00443,0.3072,3023,0,0,0,0,0,0,0,0,0,0,0,0,0,0,0,0,0,0,0,0,0
3670016,1792,0,50,45,1,0,4,-0.00533,0.005,0.407,3156,0,0,0,0,0,0,0,0,0,0,0,0,0,0,0,0,0,0,0,0,0
3672064,1793,0,60,57,1,0,2,-0.00024,0.0052,0.3968,3030,0,0,0,0,0,0,0,0,0,0,0,0,0,0,0,0,0,0,0,0,0
3674112,1794,0,54,47,2,3,2,-0.00345,0.00692,0.4713,2897,0,0,0,0,0,0,0,0,0,0,0,0,0,0,0,0,0,0,0,0,0
3676160,1795,0,59,54,1,0,4,-0.0032,0.00494,0.4457,3251,0,0,0,0,0,0,0,0,0,0,0,0,0,0,0,0,0,0,0,0,0
3678208,1796,0,55,50,0,1,4,-0.00392,0.00612,0.4208,2943,0,0,0,0,0,0,0,0,0,0,0,0,0,0,0,0,0,0,0,0,0
3680256,1797,0,74,69,1,0,4,0.00231,0.00569,0.2813,2893,0,0,0,0,0,0,0,0,0,0,0,0,0,0,0,0,0,0,0,0,0
3682304,1798,0,82,77,2,2,1,-0.00247,0.00828,0.2793,3239,0,0,0,0,0,0,0,0,0,0,0,0,0,0,0,0,0,0,0,0,0
3684352,1799,0,63,61,0,1,1,-0.0061,0.0038,0.4052,3221,0,0,0,0,0,0,0,0,0,0,0,0,0,0,0,0,0,0,0,0,0
3686400,1800,0,55,51,0,1,3,-0.00632,0.00406,0.5068,3123,0,0,0,0,0,0,0,0,0,0,0,0,0,0,0,0,0,0,0,0,0
3688448,1801,0,67,61,0,2,4,-0.00021,0.00685,0.3471,3053,0,0,0,0,0,0,0,0,0,0,0,0,0,0,0,0,0,0,0,0,0
3690496,1802,0,67,66,0,0,1,-0.00526,0.00333,0.391,3189,0,0,0,0,0,0,0,0,0,0,0,0,0,0,0,0,0,0,0,0,0
3692544,1803,0,56,48,3,2,3,-0.00544,0.00753,0.4456,3192,0,0,0,0,0,0,0,0,0,0,0,0,0,0,0,0,0,0,0,0,0
3694592,1804,0,65,60,0,0,5,-0.00644,0.00466,0.3565,3131,0,0,0,0,0,0,0,0,0,0,0,0,0,0,0,0,0,0,0,0,0
3696640,1805,0,58,56,1,0,1,-0.00143,0.00563,0.3623,3198,0,0,0,0,0,0,0,0,0,0,0,0,0,0,0,0,0,0,0,0,0
3698688,1806,0,62,59,0,0,3,-0.00203,0.00459,0.3728,3222,0,0,0,0,0,0,0,0,0,0,0,0,0,0,0,0,0,0,0,0,0
3700736,1807,0,73,68,2,0,3,-0.00085,0.00515,0.3405,3062,0,0,0,0,0,0,0,0,0,0,0,0,0,0,0,0,0,0,0,0,0
3702784,1808,0,78,73,1,2,2,-0.00413,0.00538,0.3291,2930,0,0,0,0,0,0,0,0,0,0,0,0,0,0,0,0,0,0,0,0,0
3704832,1809,0,57,55,1,0,1,-0.00025,0.00428,0.367,2866,0,0,0,0,0,0,0,0,0,0,0,0,0,0,0,0,0,0,0,0,0
3706880,1810,0,54,49,0,0,5,0.00079,0.00662,0.4342,2984,0,0,0,0,0,0,0,0,0,0,0,0,0,0,0,0,0,0,0,0,0
3708928,1811,0,71,65,1,1,4,-0.00593,0.00452,0.3637,3006,0,0,0,0,0,0,0,0,0,0,0,0,0,0,0,0,0,0,0,0,0
3710976,1812,0,63,60,1,1,1,0.00066,0.00706,0.3545,3089,0,0,0,0,0,0,0,0,0,0,0,0,0,0,0,0,0,0,0,0,0
3713024,1813,0,73,70,1,0,2,-0.00407,0.00414,0.3448,3005,0,0,0,0,0,0,0,0,0,0,0,0,0,0,0,0,0,0,0,0,0
3715072,1814,0,63,60,0,0,3,-0.00546,0.00389,0.3084,3109,0,0,0,0,0,0,0,0,0,0,0,0,0,0,0,0,0,0,0,0,0
3717120,1815,0,77,76,0,0,1,-0.00434,0.00516,0.2517,2970,0,0,0,0,0,0,0,0,0,0,0,0,0,0,0,0,0,0,0,0,0
3719168,1816,0,55,54,0,0,1,-0.00533,0.00379,0.3717,3129,0,0,0,0,0,0,0,0,0,0,0,0,0,0,0,0,0,0,0,0,0
3721216,1817,0,67,61,1,1,4,-0.002,0.00462,0.3911,3046,0,0,0,0,0,0,0,0,0,0,0,0,0,0,0,0,0,0,0,0,0
3723264,1818,0,54,51,1,0,2,-0.00174,0.00463,0.4028,2745,0,0,0,0,0,0,0,0,0,0,0,0,0,0,0,0,0,0,0,0,0
3725312,1819,0,71,66,0,0,5,-0.00381,0.00475,0.3483,3092,0,0,0,0,0,0,0,0,0,0,0,0,0,0,0,0,0,0,0,0,0
3727360,1820,0,73,67,0,5,1,-0.00607,0.00692,0.3199,3267,0,0,0,0,0,0,0,0,0,0,0,0,0,0,0,0,0,0,0,0,0
3729408,1821,0,72,68,1,1,2,-0.00136,0.00425,0.3315,3229,0,0,0,0,0,0,0,0,0,0,0,0,0,0,0,0,0,0,0,0,0
3731456,1822,0,72,67,1,1,3,-0.00494,0.00515,0.3142,3119,0,0,0,0,0,0,0,0,0,0,0,0,0,0,0,0,0,0,0,0,0
3733504,1823,0,83,82,1,0,0,-0.00471,0.0032,0.2318,3239,0,0,0,0,0,0,0,0,0,0,0,0,0,0,0,0,0,0,0,0,0
3735552,1824,0,74,73,0,1,0,-0.00418,0.00484,0.26,3178,0,0,0,0,0,0,0,0,0,0,0,0,0,0,0,0,0,0,0,0,0
3737600,1825,0,66,63,2,0,1,-0.00525,0.00498,0.3857,3171,0,0,0,0,0,0,0,0,0,0,0,0,0,0,0,0,0,0,0,0,0
3739648,1826,0,47,44,0,0,3,-0.00521,0.00412,0.485,3118,0,0,0,0,0,0,0,0,0,0,0,0,0,0,0,0,0,0,0,0,0
3741696,1827,0,60,54,0,0,6,-0.00315,0.00383,0.402,3148,0,0,0,0,0,0,0,0,0,0,0,0,0,0,0,0,0,0,0,0,0
3743744,1828,0,65,62,0,1,2,-0.0038,0.00623,0.3921,3204,0,0,0,0,0,0,0,0,0,0,0,0,0,0,0,0,0,0,0,0,0
3745792,1829,0,71,67,1,0,3,-0.00634,0.00415,0.3154,3039,0,0,0,0,0,0,0,0,0,0,0,0,0,0,0,0,0,0,0,0,0
3747840,1830,0,69,64,1,3,1,-0.00486,0.0063,0.3088,3181,0,0,0,0,0,0,0,0,0,0,0,0,0,0,0,0,0,0,0,0,0
3749888,1831,0,70,61,5,2,2,-0.00435,0.00667,0.3897,3031,0,0,0,0,0,0,0,0,0,0,0,0,0,0,0,0,0,0,0,0,0
3751936,1832,0,63,60,0,1,2,-0.00537,0.00327,0.4598,2886,0,0,0,0,0,0,0,0,0,0,0,0,0,0,0,0,0,0,0,0,0
3753984,1833,0,56,48,0,3,5,-0.00458,0.00611,0.5165,2978,0,0,0,0,0,0,0,0,0,0,0,0,0,0,0,0,0,0,0,0,0
3756032,1834,0,74,67,3,1,3,-0.00185,0.00779,0.3246,2834,0,0,0,0,0,0,0,0,0,0,0,0,0,0,0,0,0,0,0,0,0
3758080,1835,0,83,81,1,0,1,-0.0044,0.00418,0.2481,2836,0,0,0,0,0,0,0,0,0,0,0,0,0,0,0,0,0,0,0,0,0
3760128,1836,0,74,73,0,1,0,-0.00232,0.00438,0.3177,3192,0,0,0,0,0,0,0,0,0,0,0,0,0,0,0,0,0,0,0,0,0
3762176,1837,0,61,58,0,1,2,-0.00598,0.00435,0.4917,3094,0,0,0,0,0,0,0,0,0,0,0,0,0,0,0,0,0,0,0,0,0
3764224,1838,0,57,49,0,2,6,-0.0065,0.00571,0.5526,3093,0,0,0,0,0,0,0,0,0,0,0,0,0,0,0,0,0,0,0,0,0
3766272,1839,0,71,67,1,0,3,-0.00437,0.00452,0.3787,3179,0,0,0,0,0,0,0,0,0,0,0,0,0,0,0,0,0,0,0,0,0
3768320,1840,0,72,70,2,0,0,-0.00521,0.0045,0.4389,3179,0,0,0,0,0,0,0,0,0,0,0,0,0,0,0,0,0,0,0,0,0
3770368,1841,0,54,52,1,0,1,-0.00576,0.00339,0.5075,2984,0,0,0,0,0,0,0,0,0,0,0,0,0,0,0,0,0,0,0,0,0
3772416,1842,0,58,49,0,2,7,-0.0035,0.00561,0.5165,3167,0,0,0,0,0,0,0,0,0,0,0,0,0,0,0,0,0,0,0,0,0
3774464,1843,0,56,53,0,0,3,-0.00225,0.00386,0.5051,2854,0,0,0,0,0,0,0,0,0,0,0,0,0,0,0,0,0,0,0,0,0
3776512,1844,0,60,56,0,0,4,-0.00593,0.00398,0.4885,3147,0,0,0,0,0,0,0,0,0,0,0,0,0,0,0,0,0,0,0,0,0
3778560,1845,0,53,49,0,0,4,-0.00541,0.00362,0.5072,3280,0,0,0,0,0,0,0,0,0,0,0,0,0,0,0,0,0,0,0,0,0
3780608,1846,0,70,68,0,1,1,-0.00614,0.00431,0.3344,3183,0,0,0,0,0,0,0,0,0,0,0,0,0,0,0,0,0,0,0,0,0
3782656,1847,0,85,81,2,0,2,-0.00451,0.00431,0.25,3236,0,0,0,0,0,0,0,0,0,0,0,0,0,0,0,0,0,0,0,0,0
3784704,1848,0,79,78,0,0,1,-0.00705,0.00449,0.2568,3311,0,0,0,0,0,0,0,0,0,0,0,0,0,0,0,0,0,0,0,0,0
3786752,1849,0,77,75,0,1,1,-0.00301,0.0051,0.3072,3143,0,0,0,0,0,0,0,0,0,0,0,0,0,0,0,0,0,0,0,0,0
3788800,1850,0,59,59,0,0,0,-0.00567,0.00367,0.4007,3266,0,0,0,0,0,0,0,0,0,0,0,0,0,0,0,0,0,0,0,0,0
3790848,1851,0,63,58,2,0,3,-0.0029,0.00412,0.4877,3059,0,0,0,0,0,0,0,0,0,0,0,0,0,0,0,0,0,0,0,0,0
3792896,1852,0,69,66,0,0,3,-0.0039,0.00432,0.401,3274,0,0,0,0,0,0,0,0,0,0,0,0,0,0,0,0,0,0,0,0,0
3794944,1853,0,78,71,3,2,2,-0.004,0.00706,0.3328,3387,0,0,0,0,0,0,0,0,0,0,0,0,0,0,0,0,0,0,0,0,0
3796992,1854,0,69,66,1,0,2,-0.00282,0.00551,0.4014,2979,0,0,0,0,0,0,0,0,0,0,0,0,0,0,0,0,0,0,0,0,0
3799040,1855,0,61,58,0,1,2,-0.00655,0.00422,0.4413,2755,0,0,0,0,0,0,0,0,0,0,0,0,0,0,0,0,0,0,0,0,0
3801088,1856,0,61,57,0,0,4,-0.00342,0.00323,0.412,3185,0,0,0,0,0,0,0,0,0,0,0,0,0,0,0,0,0,0,0,0,0
3803136,1857,0,70,65,1,1,3,-0.00354,0.00519,0.3211,3094,0,0,0,0,0,0,0,0,0,0,0,0,0,0,0,0,0,0,0,0,0
3805184,1858,0,76,75,0,0,1,-0.00457,0.00296,0.3648,3210,0,0,0,0,0,0,0,0,0,0,0,0,0,0,0,0,0,0,0,0,0
3807232,1859,0,56,53,1,0,2,-0.00625,0.00413,0.5664,3002,0,0,0,0,0,0,0,0,0,0,0,0,0,0,0,0,0,0,0,0,0
3809280,1860,0,57,52,0,1,4,-0.0054,0.00392,0.5169,3172,0,0,0,0,0,0,0,0,0,0,0,0,0,0,0,0,0,0,0,0,0
3811328,1861,0,77,73,0,0,4,-0.00383,0.00356,0.3759,2906,0,0,0,0,0,0,0,0,0,0,0,0,0,0,0,0,0,0,0,0,0
3813376,1862,0,58,56,1,0,1,-0.00578,0.00438,0.4344,2967,0,0,0,0,0,0,0,0,0,0,0,0,0,0,0,0,0,0,0,0,0
3815424,1863,0,62,59,0,0,3,-0.00307,0.00368,0.4393,2832,0,0,0,0,0,0,0,0,0,0,0,0,0,0,0,0,0,0,0,0,0
3817472,1864,0,65,59,1,2,3,-0.00756,0.00587,0.4205,2956,0,0,0,0,0,0,0,0,0,0,0,0,0,0,0,0,0,0,0,0,0
3819520,1865,0,69,66,0,1,2,-0.00305,0.00505,0.4221,3085,0,0,0,0,0,0,0,0,0,0,0,0,0,0,0,0,0,0,0,0,0
3821568,1866,0,62,57,1,0,4,0.00454,0.00456,0.4669,3113,0,0,0,0,0,0,0,0,0,0,0,0,0,0,0,0,0,0,0,0,0
3823616,1867,0,88,86,0,0,2,-0.00025,0.00489,0.2628,3100,0,0,0,0,0,0,0,0,0,0,0,0,0,0,0,0,0,0,0,0,0
3825664,1868,0,68,65,1,1,1,0.0025,0.00565,0.338,3056,0,0,0,0,0,0,0,0,0,0,0,0,0,0,0,0,0,0,0,0,0
3827712,1869,0,74,70,1,0,3,-0.00244,0.00357,0.3818,3208,0,0,0,0,0,0,0,0,0,0,0,0,0,0,0,0,0,0,0,0,0
3829760,1870,0,69,67,0,1,1,-0.00357,0.00455,0.4311,2949,0,0,0,0,0,0,0,0,0,0,0,0,0,0,0,0,0,0,0,0,0
3831808,1871,0,69,62,1,1,5,-0.00701,0.00627,0.4481,2699,0,0,0,0,0,0,0,0,0,0,0,0,0,0,0,0,0,0,0,0,0
3833856,1872,0,77,72,2,1,2,-0.00364,0.00535,0.3899,2968,0,0,0,0,0,0,0,0,0,0,0,0,0,0,0,0,0,0,0,0,0
3835904,1873,0,60,57,1,1,1,-0.00664,0.00432,0.5223,2995,0,0,0,0,0,0,0,0,0,0,0,0,0,0,0,0,0,0,0,0,0
3837952,1874,0,68,60,3,0,5,-0.00208,0.00687,0.441,3208,0,0,0,0,0,0,0,0,0,0,0,0,0,0,0,0,0,0,0,0,0
3840000,1875,0,74,72,1,0,1,0.00205,0.0058,0.3088,3162,0,0,0,0,0,0,0,0,0,0,0,0,0,0,0,0,0,0,0,0,0
3842048,1876,0,60,57,1,0,2,-0.00462,0.00363,0.3867,3004,0,0,0,0,0,0,0,0,0,0,0,0,0,0,0,0,0,0,0,0,0
3844096,1877,0,54,49,2,0,3,-0.0018,0.00356,0.4101,3020,0,0,0,0,0,0,0,0,0,0,0,0,0,0,0,0,0,0,0,0,0
3846144,1878,0,70,66,0,0,4,-0.00603,0.00383,0.3236,3191,0,0,0,0,0,0,0,0,0,0,0,0,0,0,0,0,0,0,0,0,0
3848192,1879,0,62,60,1,0,1,0.00073,0.00464,0.35,2986,0,0,0,0,0,0,0,0,0,0,0,0,0,0,0,0,0,0,0,0,0
3850240,1880,0,69,63,1,2,3,-0.00716,0.00906,0.3386,3236,0,0,0,0,0,0,0,0,0,0,0,0,0,0,0,0,0,0,0,0,0
3852288,1881,0,76,73,0,1,2,-0.00104,0.00789,0.2852,2991,0,0,0,0,0,0,0,0,0,0,0,0,0,0,0,0,0,0,0,0,0
3854336,1882,0,71,69,0,1,1,-0.00496,0.00745,0.3303,3185,0,0,0,0,0,0,0,0,0,0,0,0,0,0,0,0,0,0,0,0,0
3856384,1883,0,66,64,1,0,1,-0.0052,0.00475,0.3881,3141,0,0,0,0,0,0,0,0,0,0,0,0,0,0,0,0,0,0,0,0,0
3858432,1884,0,59,53,1,2,3,0.00126,0.00691,0.4553,3028,0,0,0,0,0,0,0,0,0,0,0,0,0,0,0,0,0,0,0,0,0
3860480,1885,0,51,44,2,1,4,-0.00249,0.00544,0.5092,3129,0,0,0,0,0,0,0,0,0,0,0,0,0,0,0,0,0,0,0,0,0
3862528,1886,0,69,63,2,0,4,-0.00641,0.00573,0.3675,3056,0,0,0,0,0,0,0,0,0,0,0,0,0,0,0,0,0,0,0,0,0
3864576,1887,0,76,69,3,1,3,-0.00536,0.006,0.3314,3141,0,0,0,0,0,0,0,0,0,0,0,0,0,0,0,0,0,0,0,0,0
3866624,1888,0,66,61,2,1,2,-0.00582,0.00626,0.3467,2876,0,0,0,0,0,0,0,0,0,0,0,0,0,0,0,0,0,0,0,0,0
3868672,1889,0,52,47,1,0,4,-0.00489,0.00481,0.3795,2881,0,0,0,0,0,0,0,0,0,0,0,0,0,0,0,0,0,0,0,0,0
3870720,1890,0,74,68,2,1,3,-0.00882,0.00639,0.3357,2624,0,0,0,0,0,0,0,0,0,0,0,0,0,0,0,0,0,0,0,0,0
3872768,1891,0,59,57,1,0,1,-0.00377,0.00399,0.3766,2806,0,0,0,0,0,0,0,0,0,0,0,0,0,0,0,0,0,0,0,0,0
3874816,1892,0,57,53,1,0,3,-0.00516,0.00377,0.3888,3026,0,0,0,0,0,0,0,0,0,0,0,0,0,0,0,0,0,0,0,0,0
3876864,1893,0,64,60,1,0,3,-0.00305,0.00383,0.393,3125,0,0,0,0,0,0,0,0,0,0,0,0,0,0,0,0,0,0,0,0,0
3878912,1894,0,61,57,0,0,4,-0.00063,0.00377,0.3181,3046,0,0,0,0,0,0,0,0,0,0,0,0,0,0,0,0,0,0,0,0,0
3880960,1895,0,60,55,3,1,1,-0.00395,0.00788,0.3957,3098,0,0,0,0,0,0,0,0,0,0,0,0,0,0,0,0,0,0,0,0,0
3883008,1896,0,48,40,1,2,5,-0.00349,0.00604,0.4875,2979,0,0,0,0,0,0,0,0,0,0,0,0,0,0,0,0,0,0,0,0,0
3885056,1897,0,72,67,0,0,5,0.0032,0.00398,0.3278,3005,0,0,0,0,0,0,0,0,0,0,0,0,0,0,0,0,0,0,0,0,0
3887104,1898,0,80,78,0,2,0,-0.00458,0.00492,0.2443,2906,0,0,0,0,0,0,0,0,0,0,0,0,0,0,0,0,0,0,0,0,0
3889152,1899,0,72,70,0,0,2,-0.0052,0.0028,0.303,3296,0,0,0,0,0,0,0,0,0,0,0,0,0,0,0,0,0,0,0,0,0
3891200,1900,0,77,74,1,0,2,-0.00287,0.00435,0.2777,3254,0,0,0,0,0,0,0,0,0,0,0,0,0,0,0,0,0,0,0,0,0
3893248,1901,0,65,61,1,0,3,-0.00418,0.00375,0.3673,2864,0,0,0,0,0,0,0,0,0,0,0,0,0,0,0,0,0,0,0,0,0
3895296,1902,0,55,53,0,0,2,-0.00127,0.00286,0.3845,3003,0,0,0,0,0,0,0,0,0,0,0,0,0,0,0,0,0,0,0,0,0
3897344,1903,0,70,63,1,1,5,-0.00386,0.00679,0.3267,2984,0,0,0,0,0,0,0,0,0,0,0,0,0,0,0,0,0,0,0,0,0
3899392,1904,0,68,65,2,0,1,-0.00363,0.00428,0.3035,3125,0,0,0,0,0,0,0,0,0,0,0,0,0,0,0,0,0,0,0,0,0
3901440,1905,0,62,57,0,1,4,-0.00524,0.00487,0.3728,3010,0,0,0,0,0,0,0,0,0,0,0,0,0,0,0,0,0,0,0,0,0
3903488,1906,0,73,69,0,0,4,-0.00345,0.00414,0.2791,3023,0,0,0,0,0,0,0,0,0,0,0,0,0,0,0,0,0,0,0,0,0
3905536,1907,0,77,76,0,0,1,-0.00346,0.0034,0.2178,2897,0,0,0,0,0,0,0,0,0,0,0,0,0,0,0,0,0,0,0,0,0
3907584,1908,0,70,67,1,0,2,-0.00589,0.00356,0.2513,3076,0,0,0,0,0,0,0,0,0,0,0,0,0,0,0,0,0,0,0,0,0
3909632,1909,0,72,70,0,0,2,-0.00172,0.00347,0.2097,3078,0,0,0,0,0,0,0,0,0,0,0,0,0,0,0,0,0,0,0,0,0
3911680,1910,0,64,59,2,1,2,-0.00398,0.00407,0.2973,3122,0,0,0,0,0,0,0,0,0,0,0,0,0,0,0,0,0,0,0,0,0
3913728,1911,0,69,63,2,1,3,-0.00382,0.00488,0.2883,2925,0,0,0,0,0,0,0,0,0,0,0,0,0,0,0,0,0,0,0,0,0
3915776,1912,0,51,49,0,0,2,-0.00115,0.00289,0.3772,3185,0,0,0,0,0,0,0,0,0,0,0,0,0,0,0,0,0,0,0,0,0
3917824,1913,0,69,61,2,0,6,0.00194,0.00565,0.3499,3097,0,0,0,0,0,0,0,0,0,0,0,0,0,0,0,0,0,0,0,0,0
3919872,1914,0,75,74,0,0,1,-0.00329,0.00333,0.286,3355,0,0,0,0,0,0,0,0,0,0,0,0,0,0,0,0,0,0,0,0,0
3921920,1915,0,75,72,1,0,2,-0.00288,0.00473,0.3219,3397,0,0,0,0,0,0,0,0,0,0,0,0,0,0,0,0,0,0,0,0,0
3923968,1916,0,53,51,0,0,2,-0.00543,0.00341,0.4036,3140,0,0,0,0,0,0,0,0,0,0,0,0,0,0,0,0,0,0,0,0,0
3926016,1917,0,63,57,0,0,6,-0.0018,0.00563,0.3335,3083,0,0,0,0,0,0,0,0,0,0,0,0,0,0,0,0,0,0,0,0,0
3928064,1918,0,58,52,2,2,2,-0.0039,0.00525,0.414,2597,0,0,0,0,0,0,0,0,0,0,0,0,0,0,0,0,0,0,0,0,0
3930112,1919,0,50,43,0,0,7,-0.0011,0.00514,0.4144,2746,0,0,0,0,0,0,0,0,0,0,0,0,0,0,0,0,0,0,0,0,0
3932160,1920,0,46,42,1,1,2,-0.00607,0.00478,0.4116,2663,0,0,0,0,0,0,0,0,0,0,0,0,0,0,0,0,0,0,0,0,0
3934208,1921,0,65,58,0,2,5,-0.00128,0.00664,0.3503,3068,0,0,0,0,0,0,0,0,0,0,0,0,0,0,0,0,0,0,0,0,0
3936256,1922,0,66,64,0,1,1,-0.00597,0.00446,0.4004,3044,0,0,0,0,0,0,0,0,0,0,0,0,0,0,0,0,0,0,0,0,0
3938304,1923,0,68,64,0,1,3,-0.00738,0.00307,0.4099,2933,0,0,0,0,0,0,0,0,0,0,0,0,0,0,0,0,0,0,0,0,0
3940352,1924,0,74,72,0,0,2,-0.0034,0.00335,0.3033,2976,0,0,0,0,0,0,0,0,0,0,0,0,0,0,0,0,0,0,0,0,0
3942400,1925,0,74,72,0,0,2,-0.00744,0.00303,0.3482,3010,0,0,0,0,0,0,0,0,0,0,0,0,0,0,0,0,0,0,0,0,0
3944448,1926,0,61,58,0,0,3,-0.00474,0.00277,0.4483,2852,0,0,0,0,0,0,0,0,0,0,0,0,0,0,0,0,0,0,0,0,0
3946496,1927,0,62,56,0,0,6,-0.00493,0.00327,0.3692,2811,0,0,0,0,0,0,0,0,0,0,0,0,0,0,0,0,0,0,0,0,0
3948544,1928,0,67,65,1,1,0,-0.00068,0.00561,0.3205,2912,0,0,0,0,0,0,0,0,0,0,0,0,0,0,0,0,0,0,0,0,0
3950592,1929,0,71,65,0,1,5,-0.00469,0.0062,0.278,2844,0,0,0,0,0,0,0,0,0,0,0,0,0,0,0,0,0,0,0,0,0
3952640,1930,0,61,60,0,0,1,-0.00292,0.00334,0.3702,2762,0,0,0,0,0,0,0,0,0,0,0,0,0,0,0,0,0,0,0,0,0
3954688,1931,0,56,51,1,0,4,-0.00199,0.00363,0.4194,3003,0,0,0,0,0,0,0,0,0,0,0,0,0,0,0,0,0,0,0,0,0
3956736,1932,0,73,70,0,0,3,-0.00449,0.00404,0.3255,2811,0,0,0,0,0,0,0,0,0,0,0,0,0,0,0,0,0,0,0,0,0
3958784,1933,0,62,59,0,1,2,-0.0035,0.00488,0.3706,2888,0,0,0,0,0,0,0,0,0,0,0,0,0,0,0,0,0,0,0,0,0
3960832,1934,0,80,76,0,1,3,-0.00349,0.00411,0.3086,2865,0,0,0,0,0,0,0,0,0,0,0,0,0,0,0,0,0,0,0,0,0
3962880,1935,0,67,64,0,0,3,-0.00229,0.00425,0.3875,2968,0,0,0,0,0,0,0,0,0,0,0,0,0,0,0,0,0,0,0,0,0
3964928,1936,0,80,77,1,0,2,-0.0023,0.00399,0.3042,2752,0,0,0,0,0,0,0,0,0,0,0,0,0,0,0,0,0,0,0,0,0
3966976,1937,0,73,69,0,1,3,-0.00547,0.00386,0.3803,3012,0,0,0,0,0,0,0,0,0,0,0,0,0,0,0,0,0,0,0,0,0
3969024,1938,0,77,73,1,1,2,-0.0026,0.00516,0.289,2749,0,0,0,0,0,0,0,0,0,0,0,0,0,0,0,0,0,0,0,0,0
3971072,1939,0,73,72,1,0,0,-0.00517,0.00396,0.2713,3184,0,0,0,0,0,0,0,0,0,0,0,0,0,0,0,0,0,0,0,0,0
3973120,1940,0,69,66,0,0,3,-0.00161,0.00234,0.3242,3111,0,0,0,0,0,0,0,0,0,0,0,0,0,0,0,0,0,0,0,0,0
3975168,1941,0,61,57,0,0,4,-0.00823,0.0027,0.4061,2969,0,0,0,0,0,0,0,0,0,0,0,0,0,0,0,0,0,0,0,0,0
3977216,1942,0,75,70,0,3,2,-0.00464,0.00562,0.3608,2830,0,0,0,0,0,0,0,0,0,0,0,0,0,0,0,0,0,0,0,0,0
3979264,1943,0,71,66,0,3,2,-0.00517,0.00716,0.3109,3005,0,0,0,0,0,0,0,0,0,0,0,0,0,0,0,0,0,0,0,0,0
3981312,1944,0,67,66,0,0,1,-0.00653,0.00318,0.3408,2823,0,0,0,0,0,0,0,0,0,0,0,0,0,0,0,0,0,0,0,0,0
3983360,1945,0,65,60,0,2,3,-0.00561,0.00612,0.3805,2912,0,0,0,0,0,0,0,0,0,0,0,0,0,0,0,0,0,0,0,0,0
3985408,1946,0,64,60,2,1,1,-0.00292,0.00659,0.4076,2861,0,0,0,0,0,0,0,0,0,0,0,0,0,0,0,0,0,0,0,0,0
3987456,1947,0,54,51,0,0,3,-0.00456,0.00292,0.4371,2645,0,0,0,0,0,0,0,0,0,0,0,0,0,0,0,0,0,0,0,0,0
3989504,1948,0,65,60,0,0,5,-0.00591,0.0041,0.3364,2675,0,0,0,0,0,0,0,0,0,0,0,0,0,0,0,0,0,0,0,0,0
3991552,1949,0,80,76,1,0,3,-0.00244,0.00422,0.2105,2756,0,0,0,0,0,0,0,0,0,0,0,0,0,0,0,0,0,0,0,0,0
3993600,1950,0,63,62,1,0,0,-0.0059,0.00396,0.3477,3281,0,0,0,0,0,0,0,0,0,0,0,0,0,0,0,0,0,0,0,0,0
3995648,1951,0,77,71,0,2,4,-0.00415,0.00541,0.3357,3269,0,0,0,0,0,0,0,0,0,0,0,0,0,0,0,0,0,0,0,0,0
3997696,1952,0,73,68,2,1,2,-0.00304,0.0046,0.3311,2658,0,0,0,0,0,0,0,0,0,0,0,0,0,0,0,0,0,0,0,0,0
3999744,1953,0,73,73,0,0,0,-0.00552,0.0036,0.319,3211,0,0,0,0,0,0,0,0,0,0,0,0,0,0,0,0,0,0,0,0,0
4001792,1954,0,82,78,1,1,2,-0.00445,0.00537,0.2959,3203,0,0,0,0,0,0,0,0,0,0,0,0,0,0,0,0,0,0,0,0,0
4003840,1955,0,67,64,1,1,1,-0.00294,0.0043,0.3637,2999,0,0,0,0,0,0,0,0,0,0,0,0,0,0,0,0,0,0,0,0,0
4005888,1956,0,81,77,2,0,2,-0.00205,0.00392,0.3603,2955,0,0,0,0,0,0,0,0,0,0,0,0,0,0,0,0,0,0,0,0,0
4007936,1957,0,80,77,0,2,1,-0.00362,0.00527,0.291,3110,0,0,0,0,0,0,0,0,0,0,0,0,0,0,0,0,0,0,0,0,0
4009984,1958,0,79,78,0,0,1,0.00115,0.00296,0.3026,3100,0,0,0,0,0,0,0,0,0,0,0,0,0,0,0,0,0,0,0,0,0
4012032,1959,0,81,74,5,1,1,-0.00237,0.0097,0.3185,2750,0,0,0,0,0,0,0,0,0,0,0,0,0,0,0,0,0,0,0,0,0
4014080,1960,0,87,84,2,0,1,-0.00018,0.00472,0.2932,2940,0,0,0,0,0,0,0,0,0,0,0,0,0,0,0,0,0,0,0,0,0
4016128,1961,0,79,78,1,0,0,-0.00505,0.00445,0.3144,3282,0,0,0,0,0,0,0,0,0,0,0,0,0,0,0,0,0,0,0,0,0
4018176,1962,0,82,80,0,1,1,-0.00331,0.00465,0.356,3045,0,0,0,0,0,0,0,0,0,0,0,0,0,0,0,0,0,0,0,0,0
4020224,1963,0,74,71,3,0,0,-0.00498,0.00323,0.4251,2918,0,0,0,0,0,0,0,0,0,0,0,0,0,0,0,0,0,0,0,0,0
4022272,1964,0,71,69,0,0,2,-0.008,0.00378,0.3676,3043,0,0,0,0,0,0,0,0,0,0,0,0,0,0,0,0,0,0,0,0,0
4024320,1965,0,77,74,1,0,2,-0.00482,0.00294,0.3557,3188,0,0,0,0,0,0,0,0,0,0,0,0,0,0,0,0,0,0,0,0,0
4026368,1966,0,63,61,1,0,1,-0.00475,0.00466,0.4701,3105,0,0,0,0,0,0,0,0,0,0,0,0,0,0,0,0,0,0,0,0,0
4028416,1967,0,71,62,5,0,4,-0.00735,0.00809,0.4538,3064,0,0,0,0,0,0,0,0,0,0,0,0,0,0,0,0,0,0,0,0,0
4030464,1968,0,86,82,2,0,2,-0.00429,0.00549,0.2829,2944,0,0,0,0,0,0,0,0,0,0,0,0,0,0,0,0,0,0,0,0,0
4032512,1969,0,83,81,2,0,0,-0.0049,0.00307,0.2791,2924,0,0,0,0,0,0,0,0,0,0,0,0,0,0,0,0,0,0,0,0,0
4034560,1970,0,67,65,1,0,1,-0.0048,0.00457,0.3571,2895,0,0,0,0,0,0,0,0,0,0,0,0,0,0,0,0,0,0,0,0,0
4036608,1971,0,83,80,0,0,3,-0.00681,0.00356,0.2944,2974,0,0,0,0,0,0,0,0,0,0,0,0,0,0,0,0,0,0,0,0,0
4038656,1972,0,83,80,0,1,2,-0.00112,0.00539,0.2851,2948,0,0,0,0,0,0,0,0,0,0,0,0,0,0,0,0,0,0,0,0,0
4040704,1973,0,79,77,2,0,0,-0.00488,0.00434,0.2824,2607,0,0,0,0,0,0,0,0,0,0,0,0,0,0,0,0,0,0,0,0,0
4042752,1974,0,73,69,2,0,2,-0.00809,0.00444,0.3019,2525,0,0,0,0,0,0,0,0,0,0,0,0,0,0,0,0,0,0,0,0,0
4044800,1975,0,84,83,1,0,0,-0.00525,0.00401,0.2251,2564,0,0,0,0,0,0,0,0,0,0,0,0,0,0,0,0,0,0,0,0,0
4046848,1976,0,82,81,0,0,1,-0.00334,0.00461,0.2581,3121,0,0,0,0,0,0,0,0,0,0,0,0,0,0,0,0,0,0,0,0,0
4048896,1977,0,76,75,0,0,1,-0.00962,0.00473,0.3062,2803,0,0,0,0,0,0,0,0,0,0,0,0,0,0,0,0,0,0,0,0,0
4050944,1978,0,70,70,0,0,0,-0.00468,0.00395,0.2898,3016,0,0,0,0,0,0,0,0,0,0,0,0,0,0,0,0,0,0,0,0,0
4052992,1979,0,81,77,1,0,3,-0.00692,0.00328,0.2819,2874,0,0,0,0,0,0,0,0,0,0,0,0,0,0,0,0,0,0,0,0,0
4055040,1980,0,67,66,1,0,0,-0.00293,0.00364,0.2858,3000,0,0,0,0,0,0,0,0,0,0,0,0,0,0,0,0,0,0,0,0,0
4057088,1981,0,58,53,0,0,5,-0.00253,0.00675,0.3593,2646,0,0,0,0,0,0,0,0,0,0,0,0,0,0,0,0,0,0,0,0,0
4059136,1982,0,65,63,1,0,1,-0.00715,0.00349,0.3613,2768,0,0,0,0,0,0,0,0,0,0,0,0,0,0,0,0,0,0,0,0,0
4061184,1983,0,62,57,1,0,4,-0.00431,0.00436,0.5066,2829,0,0,0,0,0,0,0,0,0,0,0,0,0,0,0,0,0,0,0,0,0
4063232,1984,0,80,78,0,0,2,-0.00284,0.00411,0.2694,2763,0,0,0,0,0,0,0,0,0,0,0,0,0,0,0,0,0,0,0,0,0
4065280,1985,0,97,91,3,1,2,-0.00316,0.00704,0.2051,2910,0,0,0,0,0,0,0,0,0,0,0,0,0,0,0,0,0,0,0,0,0
4067328,1986,0,88,87,1,0,0,-0.00425,0.00462,0.1695,3045,0,0,0,0,0,0,0,0,0,0,0,0,0,0,0,0,0,0,0,0,0
4069376,1987,0,77,75,1,0,1,-0.00098,0.00828,0.2413,3169,0,0,0,0,0,0,0,0,0,0,0,0,0,0,0,0,0,0,0,0,0
4071424,1988,0,89,87,0,1,1,-0.00426,0.0057,0.1964,2908,0,0,0,0,0,0,0,0,0,0,0,0,0,0,0,0,0,0,0,0,0
4073472,1989,0,84,83,0,0,1,-0.005,0.00447,0.2279,2789,0,0,0,0,0,0,0,0,0,0,0,0,0,0,0,0,0,0,0,0,0
4075520,1990,0,83,80,2,0,1,-0.00646,0.00426,0.2507,2945,0,0,0,0,0,0,0,0,0,0,0,0,0,0,0,0,0,0,0,0,0
4077568,1991,0,86,85,1,0,0,-0.00095,0.00494,0.2419,2812,0,0,0,0,0,0,0,0,0,0,0,0,0,0,0,0,0,0,0,0,0
4079616,1992,0,79,76,2,0,1,-0.00457,0.00424,0.2592,2672,0,0,0,0,0,0,0,0,0,0,0,0,0,0,0,0,0,0,0,0,0
4081664,1993,0,75,73,2,0,0,0.00802,0.00614,0.2803,2966,0,0,0,0,0,0,0,0,0,0,0,0,0,0,0,0,0,0,0,0,0
4083712,1994,0,77,75,0,0,2,-0.00138,0.00368,0.2823,3124,0,0,0,0,0,0,0,0,0,0,0,0,0,0,0,0,0,0,0,0,0
4085760,1995,0,71,69,2,0,0,-0.00222,0.00569,0.2996,3127,0,0,0,0,0,0,0,0,0,0,0,0,0,0,0,0,0,0,0,0,0
4087808,1996,0,90,88,1,0,1,-0.00295,0.00431,0.2207,3167,0,0,0,0,0,0,0,0,0,0,0,0,0,0,0,0,0,0,0,0,0
4089856,1997,0,83,81,2,0,0,-0.0073,0.00528,0.2369,2861,0,0,0,0,0,0,0,0,0,0,0,0,0,0,0,0,0,0,0,0,0
4091904,1998,0,89,88,0,1,0,-0.00597,0.00399,0.2056,2959,0,0,0,0,0,0,0,0,0,0,0,0,0,0,0,0,0,0,0,0,0
4093952,1999,0,86,85,1,0,0,-0.0093,0.00443,0.2274,3181,0,0,0,0,0,0,0,0,0,0,0,0,0,0,0,0,0,0,0,0,0
4096000,2000,0,84,83,1,0,0,0.00201,0.00317,0.2005,2921,0,0,0,0,0,0,0,0,0,0,0,0,0,0,0,0,0,0,0,0,0
4098048,2001,0,87,87,0,0,0,-0.00474,0.00265,0.1982,2897,0,0,0,0,0,0,0,0,0,0,0,0,0,0,0,0,0,0,0,0,0
4100096,2002,0,82,80,1,1,0,-0.01043,0.00509,0.1898,2670,0,0,0,0,0,0,0,0,0,0,0,0,0,0,0,0,0,0,0,0,0
4102144,2003,0,94,94,0,0,0,-0.00375,0.00247,0.1761,2858,0,0,0,0,0,0,0,0,0,0,0,0,0,0,0,0,0,0,0,0,0
4104192,2004,0,96,96,0,0,0,-0.00062,0.0018,0.1605,2844,0,0,0,0,0,0,0,0,0,0,0,0,0,0,0,0,0,0,0,0,0
4106240,2005,0,82,81,0,1,0,-0.00681,0.00372,0.2202,2865,0,0,0,0,0,0,0,0,0,0,0,0,0,0,0,0,0,0,0,0,0
4108288,2006,0,90,89,1,0,0,-0.00415,0.00396,0.2212,2858,0,0,0,0,0,0,0,0,0,0,0,0,0,0,0,0,0,0,0,0,0
4110336,2007,0,87,85,1,1,0,-0.00376,0.00405,0.193,2893,0,0,0,0,0,0,0,0,0,0,0,0,0,0,0,0,0,0,0,0,0
4112384,2008,0,88,88,0,0,0,-0.00331,0.00252,0.2155,3138,0,0,0,0,0,0,0,0,0,0,0,0,0,0,0,0,0,0,0,0,0
4114432,2009,0,79,78,1,0,0,-0.00318,0.00418,0.2785,3123,0,0,0,0,0,0,0,0,0,0,0,0,0,0,0,0,0,0,0,0,0
4116480,2010,0,87,87,0,0,0,-0.00243,0.00287,0.1933,2766,0,0,0,0,0,0,0,0,0,0,0,0,0,0,0,0,0,0,0,0,0
4118528,2011,0,83,80,2,1,0,-0.00546,0.006,0.2105,2911,0,0,0,0,0,0,0,0,0,0,0,0,0,0,0,0,0,0,0,0,0
4120576,2012,0,87,87,0,0,0,-0.00316,0.00385,0.2414,3134,0,0,0,0,0,0,0,0,0,0,0,0,0,0,0,0,0,0,0,0,0
4122624,2013,0,94,92,1,1,0,-0.00178,0.00365,0.2582,2863,0,0,0,0,0,0,0,0,0,0,0,0,0,0,0,0,0,0,0,0,0
4124672,2014,0,78,77,0,0,1,-0.0046,0.00348,0.2488,2883,0,0,0,0,0,0,0,0,0,0,0,0,0,0,0,0,0,0,0,0,0
4126720,2015,0,78,77,0,1,0,-0.00814,0.00466,0.268,2932,0,0,0,0,0,0,0,0,0,0,0,0,0,0,0,0,0,0,0,0,0
4128768,2016,0,74,73,0,0,1,-0.00762,0.00515,0.2412,2689,0,0,0,0,0,0,0,0,0,0,0,0,0,0,0,0,0,0,0,0,0
4130816,2017,0,79,79,0,0,0,-0.00597,0.00464,0.3052,2740,0,0,0,0,0,0,0,0,0,0,0,0,0,0,0,0,0,0,0,0,0
4132864,2018,0,87,84,3,0,0,-0.00564,0.00408,0.2833,3054,0,0,0,0,0,0,0,0,0,0,0,0,0,0,0,0,0,0,0,0,0
4134912,2019,0,92,89,2,0,1,-0.00269,0.00467,0.2609,3061,0,0,0,0,0,0,0,0,0,0,0,0,0,0,0,0,0,0,0,0,0
4136960,2020,0,96,93,2,1,0,-0.00307,0.00668,0.2201,2976,0,0,0,0,0,0,0,0,0,0,0,0,0,0,0,0,0,0,0,0,0
4139008,2021,0,86,83,3,0,0,-0.00273,0.00437,0.2405,3249,0,0,0,0,0,0,0,0,0,0,0,0,0,0,0,0,0,0,0,0,0
4141056,2022,0,86,83,3,0,0,-0.00179,0.00576,0.2721,3185,0,0,0,0,0,0,0,0,0,0,0,0,0,0,0,0,0,0,0,0,0
4143104,2023,0,87,86,1,0,0,-0.00563,0.00398,0.2878,3005,0,0,0,0,0,0,0,0,0,0,0,0,0,0,0,0,0,0,0,0,0
4145152,2024,0,90,89,0,0,1,-0.00352,0.0026,0.2681,3132,0,0,0,0,0,0,0,0,0,0,0,0,0,0,0,0,0,0,0,0,0
4147200,2025,0,94,93,0,1,0,-0.00405,0.00345,0.2359,2956,0,0,0,0,0,0,0,0,0,0,0,0,0,0,0,0,0,0,0,0,0
4149248,2026,0,80,78,1,1,0,-0.00517,0.00552,0.2716,3123,0,0,0,0,0,0,0,0,0,0,0,0,0,0,0,0,0,0,0,0,0
4151296,2027,0,92,91,0,1,0,-0.00149,0.00458,0.2664,3135,0,0,0,0,0,0,0,0,0,0,0,0,0,0,0,0,0,0,0,0,0
4153344,2028,0,87,85,0,2,0,-0.00419,0.00468,0.2391,3207,0,0,0,0,0,0,0,0,0,0,0,0,0,0,0,0,0,0,0,0,0
4155392,2029,0,96,96,0,0,0,-0.00347,0.00259,0.2151,2848,0,0,0,0,0,0,0,0,0,0,0,0,0,0,0,0,0,0,0,0,0
4157440,2030,0,95,94,1,0,0,-0.00494,0.00379,0.2135,2752,0,0,0,0,0,0,0,0,0,0,0,0,0,0,0,0,0,0,0,0,0
4159488,2031,0,95,93,2,0,0,-0.00402,0.00564,0.1963,3041,0,0,0,0,0,0,0,0,0,0,0,0,0,0,0,0,0,0,0,0,0
4161536,2032,0,92,91,0,1,0,-0.0059,0.00364,0.2405,2773,0,0,0,0,0,0,0,0,0,0,0,0,0,0,0,0,0,0,0,0,0
4163584,2033,0,106,105,1,0,0,-0.00383,0.00249,0.1877,2647,0,0,0,0,0,0,0,0,0,0,0,0,0,0,0,0,0,0,0,0,0
4165632,2034,0,88,83,4,1,0,-0.00688,0.00623,0.2317,3029,0,0,0,0,0,0,0,0,0,0,0,0,0,0,0,0,0,0,0,0,0
4167680,2035,0,96,93,3,0,0,-0.00112,0.00574,0.2345,2992,0,0,0,0,0,0,0,0,0,0,0,0,0,0,0,0,0,0,0,0,0
4169728,2036,0,92,91,0,1,0,-0.00294,0.00461,0.2221,3127,0,0,0,0,0,0,0,0,0,0,0,0,0,0,0,0,0,0,0,0,0
4171776,2037,0,98,98,0,0,0,-0.00522,0.00204,0.2122,2612,0,0,0,0,0,0,0,0,0,0,0,0,0,0,0,0,0,0,0,0,0
4173824,2038,0,98,95,3,0,0,-0.00347,0.00414,0.1971,2891,0,0,0,0,0,0,0,0,0,0,0,0,0,0,0,0,0,0,0,0,0
4175872,2039,0,107,106,0,1,0,-0.00234,0.00343,0.1767,2861,0,0,0,0,0,0,0,0,0,0,0,0,0,0,0,0,0,0,0,0,0
4177920,2040,0,99,98,1,0,0,-0.00655,0.00251,0.1802,3127,0,0,0,0,0,0,0,0,0,0,0,0,0,0,0,0,0,0,0,0,0
4179968,2041,0,101,98,1,2,0,-0.0006,0.00473,0.2019,2891,0,0,0,0,0,0,0,0,0,0,0,0,0,0,0,0,0,0,0,0,0
4182016,2042,0,96,94,1,1,0,-0.00164,0.0047,0.1801,2945,0,0,0,0,0,0,0,0,0,0,0,0,0,0,0,0,0,0,0,0,0
4184064,2043,0,89,89,0,0,0,-0.00472,0.00277,0.1919,2784,0,0,0,0,0,0,0,0,0,0,0,0,0,0,0,0,0,0,0,0,0
4186112,2044,0,91,87,3,1,0,-0.00512,0.00722,0.1922,3006,0,0,0,0,0,0,0,0,0,0,0,0,0,0,0,0,0,0,0,0,0
4188160,2045,0,97,95,0,2,0,-0.00335,0.00508,0.1993,2964,0,0,0,0,0,0,0,0,0,0,0,0,0,0,0,0,0,0,0,0,0
4190208,2046,0,100,99,1,0,0,-0.00672,0.00311,0.1998,2888,0,0,0,0,0,0,0,0,0,0,0,0,0,0,0,0,0,0,0,0,0
4192256,2047,0,88,86,2,0,0,-0.00368,0.00543,0.1908,3119,0,0,0,0,0,0,0,0,0,0,0,0,0,0,0,0,0,0,0,0,0
4194304,2048,0,95,92,1,2,0,-0.00259,0.00469,0.1757,3211,0,0,0,0,0,0,0,0,0,0,0,0,0,0,0,0,0,0,0,0,0
4196352,2049,0,93,93,0,0,0,-0.00421,0.00209,0.1914,2868,0,0,0,0,0,0,0,0,0,0,0,0,0,0,0,0,0,0,0,0,0
4198400,2050,0,101,100,1,0,0,-0.00168,0.00311,0.1611,3147,0,0,0,0,0,0,0,0,0,0,0,0,0,0,0,0,0,0,0,0,0
4200448,2051,0,94,91,3,0,0,-0.00565,0.00558,0.1941,3070,0,0,0,0,0,0,0,0,0,0,0,0,0,0,0,0,0,0,0,0,0
4202496,2052,0,103,100,2,1,0,-0.00529,0.00472,0.1744,3103,0,0,0,0,0,0,0,0,0,0,0,0,0,0,0,0,0,0,0,0,0
4204544,2053,0,91,91,0,0,0,-0.00143,0.00327,0.1809,2897,0,0,0,0,0,0,0,0,0,0,0,0,0,0,0,0,0,0,0,0,0
4206592,2054,0,90,85,3,2,0,-0.00206,0.00597,0.1914,2897,0,0,0,0,0,0,0,0,0,0,0,0,0,0,0,0,0,0,0,0,0
4208640,2055,0,90,89,1,0,0,0.00049,0.00314,0.2048,2934,0,0,0,0,0,0,0,0,0,0,0,0,0,0,0,0,0,0,0,0,0
4210688,2056,0,85,85,0,0,0,-0.00111,0.00338,0.2404,2776,0,0,0,0,0,0,0,0,0,0,0,0,0,0,0,0,0,0,0,0,0
4212736,2057,0,85,85,0,0,0,-0.005,0.00214,0.2043,3148,0,0,0,0,0,0,0,0,0,0,0,0,0,0,0,0,0,0,0,0,0
4214784,2058,0,100,99,0,0,1,-0.00527,0.00222,0.1637,3144,0,0,0,0,0,0,0,0,0,0,0,0,0,0,0,0,0,0,0,0,0
4216832,2059,0,90,90,0,0,0,-0.00379,0.00199,0.199,2911,0,0,0,0,0,0,0,0,0,0,0,0,0,0,0,0,0,0,0,0,0
4218880,2060,0,98,94,2,2,0,-0.0007,0.00806,0.1952,2815,0,0,0,0,0,0,0,0,0,0,0,0,0,0,0,0,0,0,0,0,0
4220928,2061,0,94,89,5,0,0,0.00271,0.00713,0.196,2768,0,0,0,0,0,0,0,0,0,0,0,0,0,0,0,0,0,0,0,0,0
4222976,2062,0,97,93,4,0,0,-0.00244,0.00684,0.1896,2842,0,0,0,0,0,0,0,0,0,0,0,0,0,0,0,0,0,0,0,0,0
4225024,2063,0,105,104,1,0,0,0.01003,0.00467,0.1571,2554,0,0,0,0,0,0,0,0,0,0,0,0,0,0,0,0,0,0,0,0,0
4227072,2064,0,95,89,6,0,0,-0.00334,0.00601,0.1878,3129,0,0,0,0,0,0,0,0,0,0,0,0,0,0,0,0,0,0,0,0,0
4229120,2065,0,87,86,1,0,0,-0.0093,0.00394,0.2029,3071,0,0,0,0,0,0,0,0,0,0,0,0,0,0,0,0,0,0,0,0,0
4231168,2066,0,97,90,6,0,1,-0.00437,0.01039,0.2089,2879,0,0,0,0,0,0,0,0,0,0,0,0,0,0,0,0,0,0,0,0,0
4233216,2067,0,92,92,0,0,0,-0.00429,0.00247,0.181,2871,0,0,0,0,0,0,0,0,0,0,0,0,0,0,0,0,0,0,0,0,0
4235264,2068,0,101,98,2,1,0,-0.00419,0.00678,0.1584,2892,0,0,0,0,0,0,0,0,0,0,0,0,0,0,0,0,0,0,0,0,0
4237312,2069,0,95,93,2,0,0,-0.00218,0.00377,0.1628,2974,0,0,0,0,0,0,0,0,0,0,0,0,0,0,0,0,0,0,0,0,0
4239360,2070,0,109,103,6,0,0,-0.00479,0.00816,0.1481,3084,0,0,0,0,0,0,0,0,0,0,0,0,0,0,0,0,0,0,0,0,0
4241408,2071,0,106,104,2,0,0,-0.00801,0.00362,0.136,2942,0,0,0,0,0,0,0,0,0,0,0,0,0,0,0,0,0,0,0,0,0
4243456,2072,0,98,95,3,0,0,-0.00434,0.00709,0.1565,2678,0,0,0,0,0,0,0,0,0,0,0,0,0,0,0,0,0,0,0,0,0
4245504,2073,0,99,97,1,1,0,-0.00322,0.00311,0.1583,2983,0,0,0,0,0,0,0,0,0,0,0,0,0,0,0,0,0,0,0,0,0
4247552,2074,0,96,94,2,0,0,-0.0043,0.00382,0.1857,2758,0,0,0,0,0,0,0,0,0,0,0,0,0,0,0,0,0,0,0,0,0
4249600,2075,0,99,99,0,0,0,-0.00494,0.00168,0.1554,2559,0,0,0,0,0,0,0,0,0,0,0,0,0,0,0,0,0,0,0,0,0
4251648,2076,0,108,105,3,0,0,-0.00378,0.00328,0.1307,2812,0,0,0,0,0,0,0,0,0,0,0,0,0,0,0,0,0,0,0,0,0
4253696,2077,0,88,85,3,0,0,-0.00125,0.00445,0.1864,2783,0,0,0,0,0,0,0,0,0,0,0,0,0,0,0,0,0,0,0,0,0
4255744,2078,0,92,86,4,1,1,-0.00697,0.00714,0.2075,2881,0,0,0,0,0,0,0,0,0,0,0,0,0,0,0,0,0,0,0,0,0
4257792,2079,0,103,101,2,0,0,-0.00332,0.0046,0.1496,2825,0,0,0,0,0,0,0,0,0,0,0,0,0,0,0,0,0,0,0,0,0
4259840,2080,0,86,85,1,0,0,-0.00565,0.00297,0.183,2972,0,0,0,0,0,0,0,0,0,0,0,0,0,0,0,0,0,0,0,0,0
4261888,2081,0,100,100,0,0,0,-0.00173,0.00223,0.1476,3101,0,0,0,0,0,0,0,0,0,0,0,0,0,0,0,0,0,0,0,0,0
4263936,2082,0,97,96,1,0,0,0.00103,0.00355,0.1803,3087,0,0,0,0,0,0,0,0,0,0,0,0,0,0,0,0,0,0,0,0,0
4265984,2083,0,90,86,0,3,1,0.00304,0.00804,0.1889,3117,0,0,0,0,0,0,0,0,0,0,0,0,0,0,0,0,0,0,0,0,0
4268032,2084,0,92,92,0,0,0,-0.00488,0.00201,0.2079,3166,0,0,0,0,0,0,0,0,0,0,0,0,0,0,0,0,0,0,0,0,0
4270080,2085,0,94,92,1,0,1,0.00315,0.00425,0.1802,3030,0,0,0,0,0,0,0,0,0,0,0,0,0,0,0,0,0,0,0,0,0
4272128,2086,0,88,86,1,1,0,-0.00443,0.00632,0.2217,3082,0,0,0,0,0,0,0,0,0,0,0,0,0,0,0,0,0,0,0,0,0
4274176,2087,0,97,95,0,1,1,-0.00358,0.00509,0.1782,3133,0,0,0,0,0,0,0,0,0,0,0,0,0,0,0,0,0,0,0,0,0
4276224,2088,0,87,87,0,0,0,-0.00575,0.00338,0.1905,3344,0,0,0,0,0,0,0,0,0,0,0,0,0,0,0,0,0,0,0,0,0
4278272,2089,0,87,84,1,1,1,0.00088,0.00897,0.1828,2991,0,0,0,0,0,0,0,0,0,0,0,0,0,0,0,0,0,0,0,0,0
4280320,2090,0,89,87,0,1,1,0.00241,0.00624,0.2163,2781,0,0,0,0,0,0,0,0,0,0,0,0,0,0,0,0,0,0,0,0,0
4282368,2091,0,100,97,2,0,1,0.00144,0.0052,0.1993,2709,0,0,0,0,0,0,0,0,0,0,0,0,0,0,0,0,0,0,0,0,0
4284416,2092,0,100,100,0,0,0,-0.00035,0.00234,0.1801,2874,0,0,0,0,0,0,0,0,0,0,0,0,0,0,0,0,0,0,0,0,0
4286464,2093,0,96,96,0,0,0,-0.00547,0.00192,0.163,3156,0,0,0,0,0,0,0,0,0,0,0,0,0,0,0,0,0,0,0,0,0
4288512,2094,0,103,102,1,0,0,-0.00356,0.00295,0.1701,2921,0,0,0,0,0,0,0,0,0,0,0,0,0,0,0,0,0,0,0,0,0
4290560,2095,0,89,87,2,0,0,-0.00052,0.00536,0.2248,3176,0,0,0,0,0,0,0,0,0,0,0,0,0,0,0,0,0,0,0,0,0
4292608,2096,0,93,90,1,1,1,-0.00259,0.00591,0.2112,2879,0,0,0,0,0,0,0,0,0,0,0,0,0,0,0,0,0,0,0,0,0
4294656,2097,0,101,99,1,1,0,-0.00335,0.00434,0.1831,2873,0,0,0,0,0,0,0,0,0,0,0,0,0,0,0,0,0,0,0,0,0
4296704,2098,0,102,100,1,0,1,0.00269,0.00466,0.1711,2864,0,0,0,0,0,0,0,0,0,0,0,0,0,0,0,0,0,0,0,0,0
4298752,2099,0,109,108,1,0,0,-0.00365,0.00338,0.125,2824,0,0,0,0,0,0,0,0,0,0,0,0,0,0,0,0,0,0,0,0,0
4300800,2100,0,100,98,2,0,0,-0.00612,0.00432,0.1893,2869,0,0,0,0,0,0,0,0,0,0,0,0,0,0,0,0,0,0,0,0,0
4302848,2101,0,96,93,3,0,0,-0.00242,0.00591,0.1543,3073,0,0,0,0,0,0,0,0,0,0,0,0,0,0,0,0,0,0,0,0,0
4304896,2102,0,97,97,0,0,0,-0.00097,0.00247,0.1459,2757,0,0,0,0,0,0,0,0,0,0,0,0,0,0,0,0,0,0,0,0,0
4306944,2103,0,88,87,1,0,0,-0.00038,0.00363,0.2115,2726,0,0,0,0,0,0,0,0,0,0,0,0,0,0,0,0,0,0,0,0,0
4308992,2104,0,94,92,1,1,0,-0.00527,0.00455,0.2093,2829,0,0,0,0,0,0,0,0,0,0,0,0,0,0,0,0,0,0,0,0,0
4311040,2105,0,92,90,1,0,1,-0.00506,0.00436,0.1838,3169,0,0,0,0,0,0,0,0,0,0,0,0,0,0,0,0,0,0,0,0,0
4313088,2106,0,100,94,3,2,1,0.0008,0.00848,0.1668,3015,0,0,0,0,0,0,0,0,0,0,0,0,0,0,0,0,0,0,0,0,0
4315136,2107,0,103,102,1,0,0,-0.00183,0.00305,0.1732,2901,0,0,0,0,0,0,0,0,0,0,0,0,0,0,0,0,0,0,0,0,0
4317184,2108,0,83,82,1,0,0,-0.00638,0.00309,0.2162,2830,0,0,0,0,0,0,0,0,0,0,0,0,0,0,0,0,0,0,0,0,0
4319232,2109,0,90,89,0,0,1,0.00203,0.00367,0.1995,3176,0,0,0,0,0,0,0,0,0,0,0,0,0,0,0,0,0,0,0,0,0
4321280,2110,0,97,96,1,0,0,-0.00495,0.00346,0.1642,3010,0,0,0,0,0,0,0,0,0,0,0,0,0,0,0,0,0,0,0,0,0
4323328,2111,0,100,97,2,0,1,-0.00411,0.00597,0.1936,3115,0,0,0,0,0,0,0,0,0,0,0,0,0,0,0,0,0,0,0,0,0
4325376,2112,0,94,91,1,2,0,-0.00227,0.00601,0.1798,3259,0,0,0,0,0,0,0,0,0,0,0,0,0,0,0,0,0,0,0,0,0
4327424,2113,0,92,91,1,0,0,-0.00563,0.00338,0.2113,3043,0,0,0,0,0,0,0,0,0,0,0,0,0,0,0,0,0,0,0,0,0
4329472,2114,0,103,102,1,0,0,-0.002,0.00338,0.1392,2952,0,0,0,0,0,0,0,0,0,0,0,0,0,0,0,0,0,0,0,0,0
4331520,2115,0,110,107,3,0,0,-0.00565,0.00287,0.1233,2853,0,0,0,0,0,0,0,0,0,0,0,0,0,0,0,0,0,0,0,0,0
4333568,2116,0,98,96,2,0,0,-0.0046,0.00488,0.1609,2820,0,0,0,0,0,0,0,0,0,0,0,0,0,0,0,0,0,0,0,0,0
4335616,2117,0,99,99,0,0,0,-0.0042,0.00276,0.1683,3001,0,0,0,0,0,0,0,0,0,0,0,0,0,0,0,0,0,0,0,0,0
4337664,2118,0,95,93,2,0,0,-0.0037,0.0047,0.1559,2920,0,0,0,0,0,0,0,0,0,0,0,0,0,0,0,0,0,0,0,0,0
4339712,2119,0,92,90,1,1,0,-0.00328,0.00538,0.1721,3047,0,0,0,0,0,0,0,0,0,0,0,0,0,0,0,0,0,0,0,0,0
4341760,2120,0,102,101,0,0,1,-0.0029,0.00343,0.1435,2841,0,0,0,0,0,0,0,0,0,0,0,0,0,0,0,0,0,0,0,0,0
4343808,2121,0,103,103,0,0,0,-0.00435,0.00214,0.1361,2958,0,0,0,0,0,0,0,0,0,0,0,0,0,0,0,0,0,0,0,0,0
4345856,2122,0,94,93,1,0,0,-0.00812,0.00327,0.1787,2996,0,0,0,0,0,0,0,0,0,0,0,0,0,0,0,0,0,0,0,0,0
4347904,2123,0,99,99,0,0,0,-0.00206,0.0021,0.1589,3035,0,0,0,0,0,0,0,0,0,0,0,0,0,0,0,0,0,0,0,0,0
4349952,2124,0,100,100,0,0,0,-0.00376,0.00158,0.1434,3355,0,0,0,0,0,0,0,0,0,0,0,0,0,0,0,0,0,0,0,0,0
4352000,2125,0,93,91,1,1,0,-0.00359,0.00352,0.2139,3002,0,0,0,0,0,0,0,0,0,0,0,0,0,0,0,0,0,0,0,0,0
4354048,2126,0,95,93,0,1,1,0.00578,0.00518,0.197,3056,0,0,0,0,0,0,0,0,0,0,0,0,0,0,0,0,0,0,0,0,0
4356096,2127,0,115,115,0,0,0,-0.00406,0.00172,0.1252,2824,0,0,0,0,0,0,0,0,0,0,0,0,0,0,0,0,0,0,0,0,0
4358144,2128,0,98,97,1,0,0,-0.00337,0.00276,0.1646,2869,0,0,0,0,0,0,0,0,0,0,0,0,0,0,0,0,0,0,0,0,0
4360192,2129,0,100,98,1,0,1,0.00363,0.00453,0.1651,3014,0,0,0,0,0,0,0,0,0,0,0,0,0,0,0,0,0,0,0,0,0
4362240,2130,0,83,79,3,1,0,-0.00658,0.00789,0.2045,3021,0,0,0,0,0,0,0,0,0,0,0,0,0,0,0,0,0,0,0,0,0
4364288,2131,0,97,95,1,1,0,-0.0013,0.00479,0.1551,3008,0,0,0,0,0,0,0,0,0,0,0,0,0,0,0,0,0,0,0,0,0
4366336,2132,0,106,103,1,2,0,-0.00183,0.00543,0.1438,2914,0,0,0,0,0,0,0,0,0,0,0,0,0,0,0,0,0,0,0,0,0
4368384,2133,0,93,92,1,0,0,-0.00749,0.0029,0.1673,2676,0,0,0,0,0,0,0,0,0,0,0,0,0,0,0,0,0,0,0,0,0
4370432,2134,0,95,94,1,0,0,-0.00135,0.0039,0.1556,2901,0,0,0,0,0,0,0,0,0,0,0,0,0,0,0,0,0,0,0,0,0
4372480,2135,0,103,102,0,0,1,-0.00401,0.00503,0.1375,2713,0,0,0,0,0,0,0,0,0,0,0,0,0,0,0,0,0,0,0,0,0
4374528,2136,0,93,92,1,0,0,-0.00513,0.00374,0.1646,3135,0,0,0,0,0,0,0,0,0,0,0,0,0,0,0,0,0,0,0,0,0
4376576,2137,0,99,98,0,0,1,8e-05,0.00387,0.1669,3235,0,0,0,0,0,0,0,0,0,0,0,0,0,0,0,0,0,0,0,0,0
4378624,2138,0,99,98,1,0,0,-0.00112,0.00281,0.1542,2845,0,0,0,0,0,0,0,0,0,0,0,0,0,0,0,0,0,0,0,0,0
4380672,2139,0,90,89,1,0,0,-0.01081,0.00424,0.1699,3206,0,0,0,0,0,0,0,0,0,0,0,0,0,0,0,0,0,0,0,0,0
4382720,2140,0,103,100,1,1,1,-0.00331,0.00521,0.1604,2950,0,0,0,0,0,0,0,0,0,0,0,0,0,0,0,0,0,0,0,0,0
4384768,2141,0,104,103,1,0,0,-0.00435,0.00369,0.1281,3096,0,0,0,0,0,0,0,0,0,0,0,0,0,0,0,0,0,0,0,0,0
4386816,2142,0,102,101,1,0,0,-0.005,0.00288,0.152,2791,0,0,0,0,0,0,0,0,0,0,0,0,0,0,0,0,0,0,0,0,0
4388864,2143,0,108,107,1,0,0,-0.0044,0.0032,0.139,2933,0,0,0,0,0,0,0,0,0,0,0,0,0,0,0,0,0,0,0,0,0
4390912,2144,0,102,99,3,0,0,-0.00758,0.00465,0.1591,2569,0,0,0,0,0,0,0,0,0,0,0,0,0,0,0,0,0,0,0,0,0
4392960,2145,0,104,103,1,0,0,-0.00329,0.00326,0.1391,2788,0,0,0,0,0,0,0,0,0,0,0,0,0,0,0,0,0,0,0,0,0
4395008,2146,0,107,107,0,0,0,-0.00455,0.0019,0.1312,2640,0,0,0,0,0,0,0,0,0,0,0,0,0,0,0,0,0,0,0,0,0
4397056,2147,0,108,105,3,0,0,-0.00635,0.00464,0.1464,2541,0,0,0,0,0,0,0,0,0,0,0,0,0,0,0,0,0,0,0,0,0
4399104,2148,0,92,90,1,1,0,-0.00141,0.00497,0.1782,2764,0,0,0,0,0,0,0,0,0,0,0,0,0,0,0,0,0,0,0,0,0
4401152,2149,0,85,84,1,0,0,0.01242,0.0051,0.1848,2799,0,0,0,0,0,0,0,0,0,0,0,0,0,0,0,0,0,0,0,0,0
4403200,2150,0,107,107,0,0,0,-0.00378,0.00314,0.1281,2950,0,0,0,0,0,0,0,0,0,0,0,0,0,0,0,0,0,0,0,0,0
4405248,2151,0,90,88,1,1,0,-0.00171,0.00342,0.1776,3007,0,0,0,0,0,0,0,0,0,0,0,0,0,0,0,0,0,0,0,0,0
4407296,2152,0,104,103,0,0,1,0.0051,0.00304,0.1518,2707,0,0,0,0,0,0,0,0,0,0,0,0,0,0,0,0,0,0,0,0,0
4409344,2153,0,110,107,2,1,0,-0.00285,0.00467,0.1062,2192,0,0,0,0,0,0,0,0,0,0,0,0,0,0,0,0,0,0,0,0,0
4411392,2154,0,100,99,1,0,0,-0.01001,0.00328,0.1466,2608,0,0,0,0,0,0,0,0,0,0,0,0,0,0,0,0,0,0,0,0,0
4413440,2155,0,108,108,0,0,0,-0.00602,0.00174,0.1189,2824,0,0,0,0,0,0,0,0,0,0,0,0,0,0,0,0,0,0,0,0,0
4415488,2156,0,108,108,0,0,0,-0.002,0.00141,0.1216,3099,0,0,0,0,0,0,0,0,0,0,0,0,0,0,0,0,0,0,0,0,0
4417536,2157,0,95,95,0,0,0,-0.00561,0.00246,0.1132,2718,0,0,0,0,0,0,0,0,0,0,0,0,0,0,0,0,0,0,0,0,0
4419584,2158,0,100,99,0,0,1,-0.00094,0.0045,0.1361,2871,0,0,0,0,0,0,0,0,0,0,0,0,0,0,0,0,0,0,0,0,0
4421632,2159,0,101,101,0,0,0,-0.00011,0.00177,0.1326,2464,0,0,0,0,0,0,0,0,0,0,0,0,0,0,0,0,0,0,0,0,0
4423680,2160,0,105,104,1,0,0,-0.00354,0.00207,0.1022,2770,0,0,0,0,0,0,0,0,0,0,0,0,0,0,0,0,0,0,0,0,0
4425728,2161,0,96,93,2,0,1,0.00228,0.0044,0.1589,2971,0,0,0,0,0,0,0,0,0,0,0,0,0,0,0,0,0,0,0,0,0
4427776,2162,0,101,100,1,0,0,-0.00206,0.00371,0.1344,2857,0,0,0,0,0,0,0,0,0,0,0,0,0,0,0,0,0,0,0,0,0
4429824,2163,0,106,103,3,0,0,-0.00481,0.00584,0.116,3088,0,0,0,0,0,0,0,0,0,0,0,0,0,0,0,0,0,0,0,0,0
4431872,2164,0,107,105,2,0,0,-0.00219,0.00344,0.1196,3061,0,0,0,0,0,0,0,0,0,0,0,0,0,0,0,0,0,0,0,0,0
4433920,2165,0,100,99,1,0,0,-0.00315,0.00297,0.1477,2986,0,0,0,0,0,0,0,0,0,0,0,0,0,0,0,0,0,0,0,0,0
4435968,2166,0,103,102,0,0,1,-0.00554,0.00349,0.1369,3000,0,0,0,0,0,0,0,0,0,0,0,0,0,0,0,0,0,0,0,0,0
4438016,2167,0,105,101,4,0,0,-0.00038,0.00581,0.1363,2891,0,0,0,0,0,0,0,0,0,0,0,0,0,0,0,0,0,0,0,0,0
4440064,2168,0,97,96,1,0,0,-0.00213,0.0035,0.1295,3012,0,0,0,0,0,0,0,0,0,0,0,0,0,0,0,0,0,0,0,0,0
4442112,2169,0,90,90,0,0,0,-0.00634,0.00323,0.1267,3006,0,0,0,0,0,0,0,0,0,0,0,0,0,0,0,0,0,0,0,0,0
4444160,2170,0,103,101,1,0,1,-0.00087,0.00554,0.1351,2878,0,0,0,0,0,0,0,0,0,0,0,0,0,0,0,0,0,0,0,0,0
4446208,2171,0,107,107,0,0,0,-0.00286,0.00154,0.1279,2992,0,0,0,0,0,0,0,0,0,0,0,0,0,0,0,0,0,0,0,0,0
4448256,2172,0,100,100,0,0,0,-0.00652,0.00223,0.1629,3104,0,0,0,0,0,0,0,0,0,0,0,0,0,0,0,0,0,0,0,0,0
4450304,2173,0,104,103,1,0,0,-0.00514,0.00322,0.1262,3029,0,0,0,0,0,0,0,0,0,0,0,0,0,0,0,0,0,0,0,0,0
4452352,2174,0,106,106,0,0,0,-0.00096,0.00172,0.1362,3032,0,0,0,0,0,0,0,0,0,0,0,0,0,0,0,0,0,0,0,0,0
4454400,2175,0,117,115,2,0,0,-0.00433,0.00324,0.121,2641,0,0,0,0,0,0,0,0,0,0,0,0,0,0,0,0,0,0,0,0,0
4456448,2176,0,97,95,1,1,0,0.00105,0.00426,0.1592,3036,0,0,0,0,0,0,0,0,0,0,0,0,0,0,0,0,0,0,0,0,0
4458496,2177,0,108,106,2,0,0,-0.00393,0.00296,0.1302,2997,0,0,0,0,0,0,0,0,0,0,0,0,0,0,0,0,0,0,0,0,0
4460544,2178,0,90,89,1,0,0,-0.00517,0.00377,0.1737,3368,0,0,0,0,0,0,0,0,0,0,0,0,0,0,0,0,0,0,0,0,0
4462592,2179,0,100,99,0,0,1,-0.00427,0.00371,0.1533,2981,0,0,0,0,0,0,0,0,0,0,0,0,0,0,0,0,0,0,0,0,0
4464640,2180,0,108,107,1,0,0,-0.00163,0.00366,0.1253,2989,0,0,0,0,0,0,0,0,0,0,0,0,0,0,0,0,0,0,0,0,0
4466688,2181,0,96,95,1,0,0,-0.00548,0.00366,0.1211,3065,0,0,0,0,0,0,0,0,0,0,0,0,0,0,0,0,0,0,0,0,0
4468736,2182,0,97,97,0,0,0,-0.00257,0.00244,0.1416,3214,0,0,0,0,0,0,0,0,0,0,0,0,0,0,0,0,0,0,0,0,0
4470784,2183,0,108,107,0,0,1,-0.00187,0.00319,0.134,3016,0,0,0,0,0,0,0,0,0,0,0,0,0,0,0,0,0,0,0,0,0
4472832,2184,0,92,92,0,0,0,-0.00255,0.00217,0.1125,3086,0,0,0,0,0,0,0,0,0,0,0,0,0,0,0,0,0,0,0,0,0
4474880,2185,0,101,101,0,0,0,-0.00319,0.00386,0.1555,2982,0,0,0,0,0,0,0,0,0,0,0,0,0,0,0,0,0,0,0,0,0
4476928,2186,0,102,101,0,0,1,-0.00445,0.00298,0.0995,2749,0,0,0,0,0,0,0,0,0,0,0,0,0,0,0,0,0,0,0,0,0
4478976,2187,0,100,99,1,0,0,-0.00191,0.00297,0.1012,2861,0,0,0,0,0,0,0,0,0,0,0,0,0,0,0,0,0,0,0,0,0
4481024,2188,0,110,110,0,0,0,-0.0043,0.00139,0.0889,2876,0,0,0,0,0,0,0,0,0,0,0,0,0,0,0,0,0,0,0,0,0
4483072,2189,0,108,108,0,0,0,-0.00215,0.00144,0.0971,2830,0,0,0,0,0,0,0,0,0,0,0,0,0,0,0,0,0,0,0,0,0
4485120,2190,0,105,105,0,0,0,-0.00353,0.00146,0.0996,3089,0,0,0,0,0,0,0,0,0,0,0,0,0,0,0,0,0,0,0,0,0
4487168,2191,0,111,111,0,0,0,-0.00423,0.00143,0.0847,2983,0,0,0,0,0,0,0,0,0,0,0,0,0,0,0,0,0,0,0,0,0
4489216,2192,0,99,99,0,0,0,-0.00204,0.00193,0.1013,3232,0,0,0,0,0,0,0,0,0,0,0,0,0,0,0,0,0,0,0,0,0
4491264,2193,0,104,104,0,0,0,-0.00356,0.00347,0.0934,3320,0,0,0,0,0,0,0,0,0,0,0,0,0,0,0,0,0,0,0,0,0
4493312,2194,0,113,113,0,0,0,0.00042,0.00334,0.0977,3161,0,0,0,0,0,0,0,0,0,0,0,0,0,0,0,0,0,0,0,0,0
4495360,2195,0,56,55,1,0,0,-4e-05,0.00492,0.2366,3319,0,0,0,0,0,0,0,0,0,0,0,0,0,0,0,0,0,0,0,0,0
4497408,2196,0,54,53,1,0,0,0.00185,0.00975,0.2303,3208,0,0,0,0,0,0,0,0,0,0,0,0,0,0,0,0,0,0,0,0,0
4499456,2197,0,70,68,0,0,2,0.0001,0.00873,0.2221,3311,0,0,0,0,0,0,0,0,0,0,0,0,0,0,0,0,0,0,0,0,0
4501504,2198,0,93,92,0,0,1,-0.00555,0.00562,0.1803,3061,0,0,0,0,0,0,0,0,0,0,0,0,0,0,0,0,0,0,0,0,0
4503552,2199,0,97,97,0,0,0,-0.00601,0.00275,0.1377,3033,0,0,0,0,0,0,0,0,0,0,0,0,0,0,0,0,0,0,0,0,0
4505600,2200,0,104,101,3,0,0,-0.00278,0.00409,0.1367,2997,0,0,0,0,0,0,0,0,0,0,0,0,0,0,0,0,0,0,0,0,0
4507648,2201,0,103,102,1,0,0,-0.00265,0.00306,0.1367,3002,0,0,0,0,0,0,0,0,0,0,0,0,0,0,0,0,0,0,0,0,0
4509696,2202,0,106,106,0,0,0,-0.00342,0.00156,0.113,2988,0,0,0,0,0,0,0,0,0,0,0,0,0,0,0,0,0,0,0,0,0
4511744,2203,0,105,104,0,1,0,-0.00476,0.0031,0.1138,3037,0,0,0,0,0,0,0,0,0,0,0,0,0,0,0,0,0,0,0,0,0
4513792,2204,0,101,100,1,0,0,-0.00766,0.00283,0.1439,2936,0,0,0,0,0,0,0,0,0,0,0,0,0,0,0,0,0,0,0,0,0
4515840,2205,0,98,97,0,0,1,0.00324,0.00287,0.1436,2461,0,0,0,0,0,0,0,0,0,0,0,0,0,0,0,0,0,0,0,0,0
4517888,2206,0,103,102,1,0,0,-0.00456,0.00243,0.1164,2837,0,0,0,0,0,0,0,0,0,0,0,0,0,0,0,0,0,0,0,0,0
4519936,2207,0,105,104,1,0,0,-0.00525,0.0027,0.0994,2854,0,0,0,0,0,0,0,0,0,0,0,0,0,0,0,0,0,0,0,0,0
4521984,2208,0,108,108,0,0,0,-0.00173,0.00149,0.0956,3278,0,0,0,0,0,0,0,0,0,0,0,0,0,0,0,0,0,0,0,0,0
4524032,2209,0,113,112,1,0,0,-0.00273,0.00145,0.0909,3262,0,0,0,0,0,0,0,0,0,0,0,0,0,0,0,0,0,0,0,0,0
4526080,2210,0,96,96,0,0,0,-0.0024,0.00183,0.1194,3377,0,0,0,0,0,0,0,0,0,0,0,0,0,0,0,0,0,0,0,0,0
4528128,2211,0,101,100,1,0,0,0.003,0.00317,0.1346,3312,0,0,0,0,0,0,0,0,0,0,0,0,0,0,0,0,0,0,0,0,0
4530176,2212,0,101,99,1,0,1,0.00052,0.00354,0.1179,3183,0,0,0,0,0,0,0,0,0,0,0,0,0,0,0,0,0,0,0,0,0
4532224,2213,0,98,97,0,0,1,-0.00356,0.00324,0.1522,3093,0,0,0,0,0,0,0,0,0,0,0,0,0,0,0,0,0,0,0,0,0
4534272,2214,0,107,107,0,0,0,-0.00293,0.00202,0.0926,2998,0,0,0,0,0,0,0,0,0,0,0,0,0,0,0,0,0,0,0,0,0
4536320,2215,0,105,105,0,0,0,-0.00175,0.00153,0.094,3256,0,0,0,0,0,0,0,0,0,0,0,0,0,0,0,0,0,0,0,0,0
4538368,2216,0,108,107,1,0,0,-0.00171,0.00134,0.0992,3013,0,0,0,0,0,0,0,0,0,0,0,0,0,0,0,0,0,0,0,0,0
4540416,2217,0,111,110,1,0,0,-0.00248,0.00272,0.0921,2824,0,0,0,0,0,0,0,0,0,0,0,0,0,0,0,0,0,0,0,0,0
4542464,2218,0,106,106,0,0,0,-0.00313,0.00147,0.1132,2861,0,0,0,0,0,0,0,0,0,0,0,0,0,0,0,0,0,0,0,0,0
4544512,2219,0,104,103,1,0,0,-0.00464,0.00259,0.1116,2883,0,0,0,0,0,0,0,0,0,0,0,0,0,0,0,0,0,0,0,0,0
4546560,2220,0,98,96,2,0,0,0.00542,0.00514,0.1278,2935,0,0,0,0,0,0,0,0,0,0,0,0,0,0,0,0,0,0,0,0,0
4548608,2221,0,110,110,0,0,0,-0.00439,0.00181,0.0947,2860,0,0,0,0,0,0,0,0,0,0,0,0,0,0,0,0,0,0,0,0,0
4550656,2222,0,109,109,0,0,0,-0.00277,0.00113,0.0872,2935,0,0,0,0,0,0,0,0,0,0,0,0,0,0,0,0,0,0,0,0,0
4552704,2223,0,111,111,0,0,0,-0.00291,0.00105,0.1122,3121,0,0,0,0,0,0,0,0,0,0,0,0,0,0,0,0,0,0,0,0,0
4554752,2224,0,114,114,0,0,0,-0.00262,0.00105,0.1062,3003,0,0,0,0,0,0,0,0,0,0,0,0,0,0,0,0,0,0,0,0,0
4556800,2225,0,109,109,0,0,0,-0.00153,0.00134,0.1048,3050,0,0,0,0,0,0,0,0,0,0,0,0,0,0,0,0,0,0,0,0,0
4558848,2226,0,105,105,0,0,0,-0.01284,0.00163,0.1173,3203,0,0,0,0,0,0,0,0,0,0,0,0,0,0,0,0,0,0,0,0,0
4560896,2227,0,109,108,1,0,0,-0.00098,0.00296,0.1169,2785,0,0,0,0,0,0,0,0,0,0,0,0,0,0,0,0,0,0,0,0,0
4562944,2228,0,110,109,1,0,0,-0.00247,0.00172,0.1055,3045,0,0,0,0,0,0,0,0,0,0,0,0,0,0,0,0,0,0,0,0,0
4564992,2229,0,102,102,0,0,0,-0.00562,0.00105,0.1119,3064,0,0,0,0,0,0,0,0,0,0,0,0,0,0,0,0,0,0,0,0,0
4567040,2230,0,119,116,2,1,0,-0.00247,0.00378,0.1007,3022,0,0,0,0,0,0,0,0,0,0,0,0,0,0,0,0,0,0,0,0,0
4569088,2231,0,105,104,1,0,0,-0.00258,0.0024,0.1145,2767,0,0,0,0,0,0,0,0,0,0,0,0,0,0,0,0,0,0,0,0,0
4571136,2232,0,97,97,0,0,0,0.00778,0.00199,0.1181,2818,0,0,0,0,0,0,0,0,0,0,0,0,0,0,0,0,0,0,0,0,0
4573184,2233,0,101,100,1,0,0,-0.00053,0.00245,0.1241,2799,0,0,0,0,0,0,0,0,0,0,0,0,0,0,0,0,0,0,0,0,0
4575232,2234,0,105,105,0,0,0,-0.00556,0.00163,0.1132,2632,0,0,0,0,0,0,0,0,0,0,0,0,0,0,0,0,0,0,0,0,0
4577280,2235,0,111,109,2,0,0,-0.00932,0.00301,0.1331,2592,0,0,0,0,0,0,0,0,0,0,0,0,0,0,0,0,0,0,0,0,0
4579328,2236,0,108,108,0,0,0,-0.00233,0.00168,0.1355,3080,0,0,0,0,0,0,0,0,0,0,0,0,0,0,0,0,0,0,0,0,0
4581376,2237,0,111,108,2,1,0,-0.0011,0.0044,0.1251,3181,0,0,0,0,0,0,0,0,0,0,0,0,0,0,0,0,0,0,0,0,0
4583424,2238,0,106,106,0,0,0,-0.00228,0.00135,0.128,3276,0,0,0,0,0,0,0,0,0,0,0,0,0,0,0,0,0,0,0,0,0
4585472,2239,0,112,112,0,0,0,-0.00376,0.0011,0.1161,3133,0,0,0,0,0,0,0,0,0,0,0,0,0,0,0,0,0,0,0,0,0
4587520,2240,0,110,109,1,0,0,-0.0045,0.00224,0.1296,3111,0,0,0,0,0,0,0,0,0,0,0,0,0,0,0,0,0,0,0,0,0
4589568,2241,0,111,110,1,0,0,-0.00155,0.00138,0.1081,2967,0,0,0,0,0,0,0,0,0,0,0,0,0,0,0,0,0,0,0,0,0
4591616,2242,0,111,109,2,0,0,-0.00201,0.00273,0.0974,3242,0,0,0,0,0,0,0,0,0,0,0,0,0,0,0,0,0,0,0,0,0
4593664,2243,0,115,113,2,0,0,-0.00264,0.00247,0.101,3098,0,0,0,0,0,0,0,0,0,0,0,0,0,0,0,0,0,0,0,0,0
4595712,2244,0,101,101,0,0,0,-0.01309,0.00118,0.1207,3288,0,0,0,0,0,0,0,0,0,0,0,0,0,0,0,0,0,0,0,0,0
4597760,2245,0,107,107,0,0,0,0.00223,0.00181,0.1169,2952,0,0,0,0,0,0,0,0,0,0,0,0,0,0,0,0,0,0,0,0,0
4599808,2246,0,109,109,0,0,0,-0.00151,0.00105,0.0989,2815,0,0,0,0,0,0,0,0,0,0,0,0,0,0,0,0,0,0,0,0,0
4601856,2247,0,108,108,0,0,0,-0.0018,0.00093,0.0949,3023,0,0,0,0,0,0,0,0,0,0,0,0,0,0,0,0,0,0,0,0,0
4603904,2248,0,109,109,0,0,0,-0.00117,0.0019,0.1279,2953,0,0,0,0,0,0,0,0,0,0,0,0,0,0,0,0,0,0,0,0,0
4605952,2249,0,104,103,0,0,1,0.00367,0.00405,0.1307,2809,0,0,0,0,0,0,0,0,0,0,0,0,0,0,0,0,0,0,0,0,0
4608000,2250,0,113,111,2,0,0,-0.00189,0.00385,0.1167,2789,0,0,0,0,0,0,0,0,0,0,0,0,0,0,0,0,0,0,0,0,0
4610048,2251,0,110,109,1,0,0,0.0007,0.00182,0.1058,3169,0,0,0,0,0,0,0,0,0,0,0,0,0,0,0,0,0,0,0,0,0
4612096,2252,0,111,111,0,0,0,-0.00095,0.00119,0.1244,3292,0,0,0,0,0,0,0,0,0,0,0,0,0,0,0,0,0,0,0,0,0
4614144,2253,0,116,113,3,0,0,-0.0028,0.00557,0.1076,3333,0,0,0,0,0,0,0,0,0,0,0,0,0,0,0,0,0,0,0,0,0
4616192,2254,0,112,112,0,0,0,0.00345,0.00138,0.142,3338,0,0,0,0,0,0,0,0,0,0,0,0,0,0,0,0,0,0,0,0,0
4618240,2255,0,95,95,0,0,0,-0.00951,0.00211,0.1386,3088,0,0,0,0,0,0,0,0,0,0,0,0,0,0,0,0,0,0,0,0,0
4620288,2256,0,109,108,1,0,0,-0.00467,0.00272,0.1233,3100,0,0,0,0,0,0,0,0,0,0,0,0,0,0,0,0,0,0,0,0,0
4622336,2257,0,100,100,0,0,0,-0.00955,0.00178,0.1523,3229,0,0,0,0,0,0,0,0,0,0,0,0,0,0,0,0,0,0,0,0,0
4624384,2258,0,111,108,3,0,0,0.00885,0.00375,0.1402,3027,0,0,0,0,0,0,0,0,0,0,0,0,0,0,0,0,0,0,0,0,0
4626432,2259,0,100,100,0,0,0,-0.00297,0.00205,0.1375,3155,0,0,0,0,0,0,0,0,0,0,0,0,0,0,0,0,0,0,0,0,0
4628480,2260,0,107,106,1,0,0,-0.00429,0.00193,0.1509,3158,0,0,0,0,0,0,0,0,0,0,0,0,0,0,0,0,0,0,0,0,0
4630528,2261,0,116,113,3,0,0,-0.00491,0.0031,0.1642,2958,0,0,0,0,0,0,0,0,0,0,0,0,0,0,0,0,0,0,0,0,0
4632576,2262,0,107,106,1,0,0,-0.00769,0.00305,0.1701,3128,0,0,0,0,0,0,0,0,0,0,0,0,0,0,0,0,0,0,0,0,0
4634624,2263,0,106,105,1,0,0,-0.00532,0.00337,0.1604,3160,0,0,0,0,0,0,0,0,0,0,0,0,0,0,0,0,0,0,0,0,0
4636672,2264,0,113,113,0,0,0,-0.0024,0.00118,0.1311,3002,0,0,0,0,0,0,0,0,0,0,0,0,0,0,0,0,0,0,0,0,0
4638720,2265,0,118,117,1,0,0,-0.00122,0.00217,0.1411,2943,0,0,0,0,0,0,0,0,0,0,0,0,0,0,0,0,0,0,0,0,0
4640768,2266,0,111,110,1,0,0,-0.00337,0.00167,0.1437,3176,0,0,0,0,0,0,0,0,0,0,0,0,0,0,0,0,0,0,0,0,0
4642816,2267,0,111,111,0,0,0,-0.009,0.00105,0.1419,3133,0,0,0,0,0,0,0,0,0,0,0,0,0,0,0,0,0,0,0,0,0
4644864,2268,0,72,72,0,0,0,-0.00583,0.00363,0.2714,3331,0,0,0,0,0,0,0,0,0,0,0,0,0,0,0,0,0,0,0,0,0
4646912,2269,0,59,57,0,0,2,-0.00197,0.01406,0.2063,3231,0,0,0,0,0,0,0,0,0,0,0,0,0,0,0,0,0,0,0,0,0
4648960,2270,0,56,54,0,0,2,0.00439,0.008,0.2469,3205,0,0,0,0,0,0,0,0,0,0,0,0,0,0,0,0,0,0,0,0,0
4651008,2271,0,110,108,2,0,0,-0.00177,0.00509,0.1692,3177,0,0,0,0,0,0,0,0,0,0,0,0,0,0,0,0,0,0,0,0,0
4653056,2272,0,99,96,3,0,0,-0.00514,0.00643,0.1726,2913,0,0,0,0,0,0,0,0,0,0,0,0,0,0,0,0,0,0,0,0,0
4655104,2273,0,104,104,0,0,0,0.00223,0.00237,0.1434,2958,0,0,0,0,0,0,0,0,0,0,0,0,0,0,0,0,0,0,0,0,0
4657152,2274,0,112,111,1,0,0,-0.00214,0.00252,0.1454,2816,0,0,0,0,0,0,0,0,0,0,0,0,0,0,0,0,0,0,0,0,0
4659200,2275,0,97,96,1,0,0,-0.0058,0.00321,0.1863,2785,0,0,0,0,0,0,0,0,0,0,0,0,0,0,0,0,0,0,0,0,0
4661248,2276,0,104,102,1,0,1,-0.00085,0.00296,0.1339,2987,0,0,0,0,0,0,0,0,0,0,0,0,0,0,0,0,0,0,0,0,0
4663296,2277,0,104,103,1,0,0,-0.01371,0.00189,0.1693,2906,0,0,0,0,0,0,0,0,0,0,0,0,0,0,0,0,0,0,0,0,0
4665344,2278,0,104,103,1,0,0,-0.00376,0.00372,0.156,2900,0,0,0,0,0,0,0,0,0,0,0,0,0,0,0,0,0,0,0,0,0
4667392,2279,0,103,102,1,0,0,-0.00408,0.00299,0.1595,2976,0,0,0,0,0,0,0,0,0,0,0,0,0,0,0,0,0,0,0,0,0
4669440,2280,0,109,109,0,0,0,-0.00548,0.00155,0.1474,2864,0,0,0,0,0,0,0,0,0,0,0,0,0,0,0,0,0,0,0,0,0
4671488,2281,0,115,115,0,0,0,-0.0034,0.00099,0.1296,2897,0,0,0,0,0,0,0,0,0,0,0,0,0,0,0,0,0,0,0,0,0
4673536,2282,0,101,101,0,0,0,-0.00559,0.00128,0.1768,2861,0,0,0,0,0,0,0,0,0,0,0,0,0,0,0,0,0,0,0,0,0
4675584,2283,0,102,101,1,0,0,0.00213,0.00267,0.1751,2760,0,0,0,0,0,0,0,0,0,0,0,0,0,0,0,0,0,0,0,0,0
4677632,2284,0,103,103,0,0,0,-0.00322,0.00214,0.1454,3074,0,0,0,0,0,0,0,0,0,0,0,0,0,0,0,0,0,0,0,0,0
4679680,2285,0,113,112,1,0,0,-0.00332,0.00205,0.1352,3119,0,0,0,0,0,0,0,0,0,0,0,0,0,0,0,0,0,0,0,0,0
4681728,2286,0,107,107,0,0,0,-0.0045,0.00172,0.1357,3015,0,0,0,0,0,0,0,0,0,0,0,0,0,0,0,0,0,0,0,0,0
4683776,2287,0,110,110,0,0,0,-7e-05,0.00159,0.1586,2605,0,0,0,0,0,0,0,0,0,0,0,0,0,0,0,0,0,0,0,0,0
4685824,2288,0,110,109,1,0,0,-0.00272,0.0026,0.1302,2873,0,0,0,0,0,0,0,0,0,0,0,0,0,0,0,0,0,0,0,0,0
4687872,2289,0,101,101,0,0,0,-0.00616,0.00135,0.1422,2905,0,0,0,0,0,0,0,0,0,0,0,0,0,0,0,0,0,0,0,0,0
4689920,2290,0,102,101,1,0,0,-0.00014,0.00209,0.1406,2987,0,0,0,0,0,0,0,0,0,0,0,0,0,0,0,0,0,0,0,0,0
4691968,2291,0,109,107,2,0,0,-0.00273,0.0041,0.1313,3181,0,0,0,0,0,0,0,0,0,0,0,0,0,0,0,0,0,0,0,0,0
4694016,2292,0,91,90,1,0,0,-0.00669,0.00358,0.1687,3216,0,0,0,0,0,0,0,0,0,0,0,0,0,0,0,0,0,0,0,0,0
4696064,2293,0,105,104,0,0,1,0.00075,0.00401,0.1277,3112,0,0,0,0,0,0,0,0,0,0,0,0,0,0,0,0,0,0,0,0,0
4698112,2294,0,106,104,2,0,0,-0.00599,0.00341,0.1355,3186,0,0,0,0,0,0,0,0,0,0,0,0,0,0,0,0,0,0,0,0,0
4700160,2295,0,89,89,0,0,0,-0.00824,0.00378,0.2123,3115,0,0,0,0,0,0,0,0,0,0,0,0,0,0,0,0,0,0,0,0,0
4702208,2296,0,99,98,1,0,0,-0.00495,0.00345,0.1417,2932,0,0,0,0,0,0,0,0,0,0,0,0,0,0,0,0,0,0,0,0,0
4704256,2297,0,114,114,0,0,0,-0.00698,0.00165,0.1234,2735,0,0,0,0,0,0,0,0,0,0,0,0,0,0,0,0,0,0,0,0,0
4706304,2298,0,109,109,0,0,0,-0.00406,0.00165,0.1338,2863,0,0,0,0,0,0,0,0,0,0,0,0,0,0,0,0,0,0,0,0,0
4708352,2299,0,106,106,0,0,0,-0.0029,0.0013,0.121,2974,0,0,0,0,0,0,0,0,0,0,0,0,0,0,0,0,0,0,0,0,0
4710400,2300,0,116,116,0,0,0,-0.00247,0.00112,0.1234,2883,0,0,0,0,0,0,0,0,0,0,0,0,0,0,0,0,0,0,0,0,0
4712448,2301,0,107,107,0,0,0,-0.00925,0.00157,0.1148,3122,0,0,0,0,0,0,0,0,0,0,0,0,0,0,0,0,0,0,0,0,0
4714496,2302,0,114,112,2,0,0,0.00032,0.00348,0.1059,3018,0,0,0,0,0,0,0,0,0,0,0,0,0,0,0,0,0,0,0,0,0
4716544,2303,0,111,110,1,0,0,-0.00079,0.00168,0.1063,3041,0,0,0,0,0,0,0,0,0,0,0,0,0,0,0,0,0,0,0,0,0
4718592,2304,0,118,118,0,0,0,-0.00355,0.00101,0.1008,3048,0,0,0,0,0,0,0,0,0,0,0,0,0,0,0,0,0,0,0,0,0
4720640,2305,0,104,104,0,0,0,-0.00467,0.00189,0.1285,2959,0,0,0,0,0,0,0,0,0,0,0,0,0,0,0,0,0,0,0,0,0
4722688,2306,0,105,103,1,0,1,-0.0011,0.00561,0.1363,3279,0,0,0,0,0,0,0,0,0,0,0,0,0,0,0,0,0,0,0,0,0
4724736,2307,0,109,109,0,0,0,-0.00209,0.00156,0.123,2947,0,0,0,0,0,0,0,0,0,0,0,0,0,0,0,0,0,0,0,0,0
4726784,2308,0,104,103,1,0,0,-0.00207,0.00276,0.1265,3289,0,0,0,0,0,0,0,0,0,0,0,0,0,0,0,0,0,0,0,0,0
4728832,2309,0,94,92,1,0,1,-0.00227,0.00636,0.1378,2919,0,0,0,0,0,0,0,0,0,0,0,0,0,0,0,0,0,0,0,0,0
4730880,2310,0,112,112,0,0,0,-0.0033,0.00166,0.1223,3338,0,0,0,0,0,0,0,0,0,0,0,0,0,0,0,0,0,0,0,0,0
4732928,2311,0,115,113,2,0,0,-0.00165,0.00246,0.1005,3282,0,0,0,0,0,0,0,0,0,0,0,0,0,0,0,0,0,0,0,0,0
4734976,2312,0,111,110,1,0,0,-0.00144,0.00207,0.1159,3097,0,0,0,0,0,0,0,0,0,0,0,0,0,0,0,0,0,0,0,0,0
4737024,2313,0,107,106,1,0,0,-0.0018,0.00233,0.1167,3139,0,0,0,0,0,0,0,0,0,0,0,0,0,0,0,0,0,0,0,0,0
4739072,2314,0,100,99,0,0,1,-0.0026,0.00334,0.1441,3326,0,0,0,0,0,0,0,0,0,0,0,0,0,0,0,0,0,0,0,0,0
4741120,2315,0,112,110,2,0,0,0.00547,0.00315,0.1149,3012,0,0,0,0,0,0,0,0,0,0,0,0,0,0,0,0,0,0,0,0,0
4743168,2316,0,113,113,0,0,0,-0.00283,0.0014,0.1215,3194,0,0,0,0,0,0,0,0,0,0,0,0,0,0,0,0,0,0,0,0,0
4745216,2317,0,112,108,4,0,0,-0.004,0.00401,0.1525,3013,0,0,0,0,0,0,0,0,0,0,0,0,0,0,0,0,0,0,0,0,0
4747264,2318,0,110,108,1,0,1,-0.00477,0.00439,0.1337,3302,0,0,0,0,0,0,0,0,0,0,0,0,0,0,0,0,0,0,0,0,0
4749312,2319,0,105,105,0,0,0,-0.00415,0.00201,0.1264,2709,0,0,0,0,0,0,0,0,0,0,0,0,0,0,0,0,0,0,0,0,0
4751360,2320,0,104,104,0,0,0,-0.00305,0.00265,0.1264,2772,0,0,0,0,0,0,0,0,0,0,0,0,0,0,0,0,0,0,0,0,0
4753408,2321,0,117,115,2,0,0,-0.00146,0.00282,0.0995,2732,0,0,0,0,0,0,0,0,0,0,0,0,0,0,0,0,0,0,0,0,0
4755456,2322,0,110,109,1,0,0,-0.00516,0.00159,0.1046,2443,0,0,0,0,0,0,0,0,0,0,0,0,0,0,0,0,0,0,0,0,0
4757504,2323,0,115,114,0,1,0,-0.00313,0.00283,0.1185,3034,0,0,0,0,0,0,0,0,0,0,0,0,0,0,0,0,0,0,0,0,0
4759552,2324,0,115,115,0,0,0,-0.00264,0.00106,0.1135,2945,0,0,0,0,0,0,0,0,0,0,0,0,0,0,0,0,0,0,0,0,0
4761600,2325,0,109,109,0,0,0,-0.01235,0.00181,0.1423,2931,0,0,0,0,0,0,0,0,0,0,0,0,0,0,0,0,0,0,0,0,0
4763648,2326,0,114,112,2,0,0,-0.00356,0.00372,0.1033,2667,0,0,0,0,0,0,0,0,0,0,0,0,0,0,0,0,0,0,0,0,0
4765696,2327,0,114,114,0,0,0,-0.00369,0.00126,0.111,2841,0,0,0,0,0,0,0,0,0,0,0,0,0,0,0,0,0,0,0,0,0
4767744,2328,0,112,112,0,0,0,-0.0043,0.00098,0.1133,2980,0,0,0,0,0,0,0,0,0,0,0,0,0,0,0,0,0,0,0,0,0
4769792,2329,0,108,107,1,0,0,-0.00233,0.00173,0.1217,2945,0,0,0,0,0,0,0,0,0,0,0,0,0,0,0,0,0,0,0,0,0
4771840,2330,0,120,119,1,0,0,-0.00422,0.0014,0.1227,2984,0,0,0,0,0,0,0,0,0,0,0,0,0,0,0,0,0,0,0,0,0
4773888,2331,0,118,118,0,0,0,-0.00258,0.00103,0.1214,3069,0,0,0,0,0,0,0,0,0,0,0,0,0,0,0,0,0,0,0,0,0
4775936,2332,0,104,104,0,0,0,0.00379,0.0016,0.1478,2883,0,0,0,0,0,0,0,0,0,0,0,0,0,0,0,0,0,0,0,0,0
4777984,2333,0,100,100,0,0,0,-0.00863,0.00213,0.1645,2702,0,0,0,0,0,0,0,0,0,0,0,0,0,0,0,0,0,0,0,0,0
4780032,2334,0,100,100,0,0,0,-0.00383,0.00132,0.1609,2943,0,0,0,0,0,0,0,0,0,0,0,0,0,0,0,0,0,0,0,0,0
4782080,2335,0,100,100,0,0,0,-0.00796,0.00184,0.167,2865,0,0,0,0,0,0,0,0,0,0,0,0,0,0,0,0,0,0,0,0,0
4784128,2336,0,98,98,0,0,0,0.00046,0.00274,0.1397,2735,0,0,0,0,0,0,0,0,0,0,0,0,0,0,0,0,0,0,0,0,0
4786176,2337,0,114,114,0,0,0,0.00245,0.00194,0.1312,3109,0,0,0,0,0,0,0,0,0,0,0,0,0,0,0,0,0,0,0,0,0
4788224,2338,0,113,112,1,0,0,-0.00506,0.00184,0.122,2844,0,0,0,0,0,0,0,0,0,0,0,0,0,0,0,0,0,0,0,0,0
4790272,2339,0,116,116,0,0,0,-0.00849,0.00118,0.1281,3108,0,0,0,0,0,0,0,0,0,0,0,0,0,0,0,0,0,0,0,0,0
4792320,2340,0,113,112,1,0,0,-0.00427,0.00243,0.1251,3106,0,0,0,0,0,0,0,0,0,0,0,0,0,0,0,0,0,0,0,0,0
4794368,2341,0,111,110,1,0,0,0.00016,0.00148,0.1301,3295,0,0,0,0,0,0,0,0,0,0,0,0,0,0,0,0,0,0,0,0,0
4796416,2342,0,105,102,2,0,1,-0.00516,0.0056,0.1636,2924,0,0,0,0,0,0,0,0,0,0,0,0,0,0,0,0,0,0,0,0,0
4798464,2343,0,112,112,0,0,0,-0.00236,0.00178,0.1291,3123,0,0,0,0,0,0,0,0,0,0,0,0,0,0,0,0,0,0,0,0,0
4800512,2344,0,91,91,0,0,0,-0.00584,0.00191,0.213,3149,0,0,0,0,0,0,0,0,0,0,0,0,0,0,0,0,0,0,0,0,0
4802560,2345,0,110,110,0,0,0,-0.00588,0.00141,0.1351,3269,0,0,0,0,0,0,0,0,0,0,0,0,0,0,0,0,0,0,0,0,0
4804608,2346,0,110,109,1,0,0,-0.00306,0.00236,0.1237,3180,0,0,0,0,0,0,0,0,0,0,0,0,0,0,0,0,0,0,0,0,0
4806656,2347,0,111,110,1,0,0,0.00333,0.00308,0.1213,3233,0,0,0,0,0,0,0,0,0,0,0,0,0,0,0,0,0,0,0,0,0
4808704,2348,0,103,101,2,0,0,-0.00491,0.00554,0.1206,3176,0,0,0,0,0,0,0,0,0,0,0,0,0,0,0,0,0,0,0,0,0
4810752,2349,0,120,119,1,0,0,-0.00247,0.00429,0.1252,2993,0,0,0,0,0,0,0,0,0,0,0,0,0,0,0,0,0,0,0,0,0
4812800,2350,0,115,112,3,0,0,-0.00055,0.00574,0.1195,3178,0,0,0,0,0,0,0,0,0,0,0,0,0,0,0,0,0,0,0,0,0
4814848,2351,0,115,114,1,0,0,0.00308,0.00248,0.107,3090,0,0,0,0,0,0,0,0,0,0,0,0,0,0,0,0,0,0,0,0,0
4816896,2352,0,109,109,0,0,0,-0.00352,0.00309,0.123,3172,0,0,0,0,0,0,0,0,0,0,0,0,0,0,0,0,0,0,0,0,0
4818944,2353,0,112,107,5,0,0,-0.00615,0.0066,0.1528,3030,0,0,0,0,0,0,0,0,0,0,0,0,0,0,0,0,0,0,0,0,0
4820992,2354,0,107,107,0,0,0,-0.00389,0.00165,0.1461,3322,0,0,0,0,0,0,0,0,0,0,0,0,0,0,0,0,0,0,0,0,0
4823040,2355,0,109,109,0,0,0,-0.00553,0.00152,0.1672,3323,0,0,0,0,0,0,0,0,0,0,0,0,0,0,0,0,0,0,0,0,0
4825088,2356,0,80,80,0,0,0,-0.01036,0.00243,0.2187,3280,0,0,0,0,0,0,0,0,0,0,0,0,0,0,0,0,0,0,0,0,0
4827136,2357,0,112,110,2,0,0,-0.00185,0.00473,0.147,3252,0,0,0,0,0,0,0,0,0,0,0,0,0,0,0,0,0,0,0,0,0
4829184,2358,0,118,115,3,0,0,-0.0055,0.0043,0.1325,3067,0,0,0,0,0,0,0,0,0,0,0,0,0,0,0,0,0,0,0,0,0
4831232,2359,0,114,112,1,1,0,-0.00747,0.00411,0.1412,2272,0,0,0,0,0,0,0,0,0,0,0,0,0,0,0,0,0,0,0,0,0
4833280,2360,0,111,111,0,0,0,0.0016,0.00129,0.1343,2819,0,0,0,0,0,0,0,0,0,0,0,0,0,0,0,0,0,0,0,0,0
4835328,2361,0,100,100,0,0,0,-0.00173,0.00218,0.1582,3012,0,0,0,0,0,0,0,0,0,0,0,0,0,0,0,0,0,0,0,0,0
4837376,2362,0,107,106,1,0,0,-0.0105,0.00254,0.1623,2988,0,0,0,0,0,0,0,0,0,0,0,0,0,0,0,0,0,0,0,0,0
4839424,2363,0,119,119,0,0,0,-0.00164,0.00132,0.1378,3237,0,0,0,0,0,0,0,0,0,0,0,0,0,0,0,0,0,0,0,0,0
4841472,2364,0,115,115,0,0,0,-0.0053,0.00113,0.1098,3015,0,0,0,0,0,0,0,0,0,0,0,0,0,0,0,0,0,0,0,0,0
4843520,2365,0,111,110,1,0,0,-0.00394,0.00255,0.1406,2709,0,0,0,0,0,0,0,0,0,0,0,0,0,0,0,0,0,0,0,0,0
4845568,2366,0,116,114,2,0,0,-0.00652,0.00401,0.1209,2553,0,0,0,0,0,0,0,0,0,0,0,0,0,0,0,0,0,0,0,0,0
4847616,2367,0,110,109,1,0,0,-0.00218,0.00147,0.1141,2398,0,0,0,0,0,0,0,0,0,0,0,0,0,0,0,0,0,0,0,0,0
4849664,2368,0,113,112,0,1,0,-0.00108,0.00233,0.1234,2689,0,0,0,0,0,0,0,0,0,0,0,0,0,0,0,0,0,0,0,0,0
4851712,2369,0,123,121,2,0,0,-0.00328,0.0025,0.1004,2698,0,0,0,0,0,0,0,0,0,0,0,0,0,0,0,0,0,0,0,0,0
4853760,2370,0,113,112,1,0,0,-0.00396,0.00368,0.1195,2701,0,0,0,0,0,0,0,0,0,0,0,0,0,0,0,0,0,0,0,0,0
4855808,2371,0,114,111,3,0,0,-0.00494,0.00411,0.1068,2977,0,0,0,0,0,0,0,0,0,0,0,0,0,0,0,0,0,0,0,0,0
4857856,2372,0,109,108,0,0,1,0.00131,0.00302,0.1371,2971,0,0,0,0,0,0,0,0,0,0,0,0,0,0,0,0,0,0,0,0,0
4859904,2373,0,109,105,3,1,0,-0.00547,0.00641,0.1276,2947,0,0,0,0,0,0,0,0,0,0,0,0,0,0,0,0,0,0,0,0,0
4861952,2374,0,119,117,1,1,0,-0.00121,0.00369,0.0996,3008,0,0,0,0,0,0,0,0,0,0,0,0,0,0,0,0,0,0,0,0,0
4864000,2375,0,114,114,0,0,0,-0.00641,0.00154,0.1178,2932,0,0,0,0,0,0,0,0,0,0,0,0,0,0,0,0,0,0,0,0,0
4866048,2376,0,109,109,0,0,0,-0.00242,0.00133,0.1425,2967,0,0,0,0,0,0,0,0,0,0,0,0,0,0,0,0,0,0,0,0,0
4868096,2377,0,115,113,0,1,1,-0.00239,0.00386,0.1144,2913,0,0,0,0,0,0,0,0,0,0,0,0,0,0,0,0,0,0,0,0,0
4870144,2378,0,120,120,0,0,0,0.00645,0.00158,0.0991,2853,0,0,0,0,0,0,0,0,0,0,0,0,0,0,0,0,0,0,0,0,0
4872192,2379,0,113,113,0,0,0,-0.00371,0.00127,0.1092,3307,0,0,0,0,0,0,0,0,0,0,0,0,0,0,0,0,0,0,0,0,0
4874240,2380,0,103,103,0,0,0,-0.00113,0.00184,0.1459,2993,0,0,0,0,0,0,0,0,0,0,0,0,0,0,0,0,0,0,0,0,0
4876288,2381,0,89,89,0,0,0,0.00611,0.00502,0.1895,2804,0,0,0,0,0,0,0,0,0,0,0,0,0,0,0,0,0,0,0,0,0
4878336,2382,0,73,71,0,0,2,0.00472,0.01008,0.2103,2711,0,0,0,0,0,0,0,0,0,0,0,0,0,0,0,0,0,0,0,0,0
4880384,2383,0,87,85,0,0,2,-0.00947,0.01214,0.1641,3049,0,0,0,0,0,0,0,0,0,0,0,0,0,0,0,0,0,0,0,0,0
4882432,2384,0,96,95,1,0,0,-0.0006,0.00654,0.1423,2968,0,0,0,0,0,0,0,0,0,0,0,0,0,0,0,0,0,0,0,0,0
4884480,2385,0,99,99,0,0,0,-0.00788,0.00373,0.1758,3023,0,0,0,0,0,0,0,0,0,0,0,0,0,0,0,0,0,0,0,0,0
4886528,2386,0,93,93,0,0,0,-0.00072,0.00345,0.1461,2914,0,0,0,0,0,0,0,0,0,0,0,0,0,0,0,0,0,0,0,0,0
4888576,2387,0,107,107,0,0,0,0.00264,0.00267,0.1376,3000,0,0,0,0,0,0,0,0,0,0,0,0,0,0,0,0,0,0,0,0,0
4890624,2388,0,112,111,1,0,0,-0.00291,0.00196,0.1082,3087,0,0,0,0,0,0,0,0,0,0,0,0,0,0,0,0,0,0,0,0,0
4892672,2389,0,114,114,0,0,0,-0.00124,0.00131,0.1069,2866,0,0,0,0,0,0,0,0,0,0,0,0,0,0,0,0,0,0,0,0,0
4894720,2390,0,108,106,2,0,0,-0.00533,0.00285,0.1264,3021,0,0,0,0,0,0,0,0,0,0,0,0,0,0,0,0,0,0,0,0,0
4896768,2391,0,107,107,0,0,0,-0.00451,0.00176,0.1239,3029,0,0,0,0,0,0,0,0,0,0,0,0,0,0,0,0,0,0,0,0,0
4898816,2392,0,118,117,1,0,0,-0.00125,0.00235,0.1175,2666,0,0,0,0,0,0,0,0,0,0,0,0,0,0,0,0,0,0,0,0,0
4900864,2393,0,107,106,1,0,0,-0.00624,0.00324,0.1255,3079,0,0,0,0,0,0,0,0,0,0,0,0,0,0,0,0,0,0,0,0,0
4902912,2394,0,108,108,0,0,0,-0.0025,0.00169,0.1131,2846,0,0,0,0,0,0,0,0,0,0,0,0,0,0,0,0,0,0,0,0,0
4904960,2395,0,117,115,1,1,0,-0.00027,0.00412,0.1372,2901,0,0,0,0,0,0,0,0,0,0,0,0,0,0,0,0,0,0,0,0,0
4907008,2396,0,115,114,1,0,0,-0.00312,0.00255,0.1154,2766,0,0,0,0,0,0,0,0,0,0,0,0,0,0,0,0,0,0,0,0,0
4909056,2397,0,95,93,2,0,0,-0.00337,0.0044,0.1603,3207,0,0,0,0,0,0,0,0,0,0,0,0,0,0,0,0,0,0,0,0,0
4911104,2398,0,110,106,2,1,1,-0.00325,0.00711,0.1154,3337,0,0,0,0,0,0,0,0,0,0,0,0,0,0,0,0,0,0,0,0,0
4913152,2399,0,109,107,1,1,0,-0.00676,0.00461,0.1218,3178,0,0,0,0,0,0,0,0,0,0,0,0,0,0,0,0,0,0,0,0,0
4915200,2400,0,115,113,2,0,0,-0.00337,0.00275,0.1044,3220,0,0,0,0,0,0,0,0,0,0,0,0,0,0,0,0,0,0,0,0,0
4917248,2401,0,111,109,2,0,0,-0.00403,0.00229,0.1131,3164,0,0,0,0,0,0,0,0,0,0,0,0,0,0,0,0,0,0,0,0,0
4919296,2402,0,112,112,0,0,0,0.00026,0.001,0.099,3153,0,0,0,0,0,0,0,0,0,0,0,0,0,0,0,0,0,0,0,0,0
4921344,2403,0,110,110,0,0,0,-0.0056,0.0012,0.1026,3268,0,0,0,0,0,0,0,0,0,0,0,0,0,0,0,0,0,0,0,0,0
4923392,2404,0,112,111,1,0,0,0.0003,0.00285,0.1309,2790,0,0,0,0,0,0,0,0,0,0,0,0,0,0,0,0,0,0,0,0,0
4925440,2405,0,113,113,0,0,0,-0.00461,0.00107,0.1053,2911,0,0,0,0,0,0,0,0,0,0,0,0,0,0,0,0,0,0,0,0,0
4927488,2406,0,110,110,0,0,0,-0.00415,0.00114,0.1079,3057,0,0,0,0,0,0,0,0,0,0,0,0,0,0,0,0,0,0,0,0,0
4929536,2407,0,111,108,3,0,0,-0.00111,0.00348,0.1071,2885,0,0,0,0,0,0,0,0,0,0,0,0,0,0,0,0,0,0,0,0,0
4931584,2408,0,108,106,2,0,0,0.00356,0.00394,0.1163,2684,0,0,0,0,0,0,0,0,0,0,0,0,0,0,0,0,0,0,0,0,0
4933632,2409,0,112,110,2,0,0,0.01387,0.00386,0.099,2464,0,0,0,0,0,0,0,0,0,0,0,0,0,0,0,0,0,0,0,0,0
4935680,2410,0,109,108,1,0,0,-0.00354,0.00196,0.1184,2878,0,0,0,0,0,0,0,0,0,0,0,0,0,0,0,0,0,0,0,0,0
4937728,2411,0,119,119,0,0,0,-0.00251,0.00091,0.0935,3058,0,0,0,0,0,0,0,0,0,0,0,0,0,0,0,0,0,0,0,0,0
4939776,2412,0,122,122,0,0,0,-0.00195,0.00077,0.1011,3163,0,0,0,0,0,0,0,0,0,0,0,0,0,0,0,0,0,0,0,0,0
4941824,2413,0,116,115,1,0,0,-0.00198,0.0021,0.1036,3147,0,0,0,0,0,0,0,0,0,0,0,0,0,0,0,0,0,0,0,0,0
4943872,2414,0,117,117,0,0,0,-0.00349,0.00115,0.1191,2947,0,0,0,0,0,0,0,0,0,0,0,0,0,0,0,0,0,0,0,0,0
4945920,2415,0,111,111,0,0,0,-0.00472,0.00118,0.1271,3163,0,0,0,0,0,0,0,0,0,0,0,0,0,0,0,0,0,0,0,0,0
4947968,2416,0,102,102,0,0,0,-0.00826,0.0012,0.1392,3122,0,0,0,0,0,0,0,0,0,0,0,0,0,0,0,0,0,0,0,0,0
4950016,2417,0,113,112,1,0,0,-0.00578,0.00218,0.1192,2844,0,0,0,0,0,0,0,0,0,0,0,0,0,0,0,0,0,0,0,0,0
4952064,2418,0,107,107,0,0,0,0.00112,0.00148,0.1569,2954,0,0,0,0,0,0,0,0,0,0,0,0,0,0,0,0,0,0,0,0,0
4954112,2419,0,109,106,3,0,0,-0.00202,0.00482,0.1487,2839,0,0,0,0,0,0,0,0,0,0,0,0,0,0,0,0,0,0,0,0,0
4956160,2420,0,113,113,0,0,0,-0.00022,0.00125,0.1178,3013,0,0,0,0,0,0,0,0,0,0,0,0,0,0,0,0,0,0,0,0,0
4958208,2421,0,115,114,1,0,0,-0.00373,0.00128,0.1369,2767,0,0,0,0,0,0,0,0,0,0,0,0,0,0,0,0,0,0,0,0,0
4960256,2422,0,122,122,0,0,0,-0.00333,0.00093,0.1166,2916,0,0,0,0,0,0,0,0,0,0,0,0,0,0,0,0,0,0,0,0,0
4962304,2423,0,113,113,0,0,0,-0.00411,0.0009,0.1428,2873,0,0,0,0,0,0,0,0,0,0,0,0,0,0,0,0,0,0,0,0,0
4964352,2424,0,101,100,1,0,0,-0.00587,0.00172,0.19,2825,0,0,0,0,0,0,0,0,0,0,0,0,0,0,0,0,0,0,0,0,0
4966400,2425,0,116,116,0,0,0,0.00073,0.00192,0.1349,3071,0,0,0,0,0,0,0,0,0,0,0,0,0,0,0,0,0,0,0,0,0
4968448,2426,0,98,98,0,0,0,-0.00777,0.00201,0.1194,2868,0,0,0,0,0,0,0,0,0,0,0,0,0,0,0,0,0,0,0,0,0
4970496,2427,0,111,111,0,0,0,-0.01039,0.00212,0.1148,3235,0,0,0,0,0,0,0,0,0,0,0,0,0,0,0,0,0,0,0,0,0
4972544,2428,0,111,110,1,0,0,-0.00232,0.00289,0.0997,2858,0,0,0,0,0,0,0,0,0,0,0,0,0,0,0,0,0,0,0,0,0
4974592,2429,0,121,121,0,0,0,-0.00252,0.00089,0.0906,2815,0,0,0,0,0,0,0,0,0,0,0,0,0,0,0,0,0,0,0,0,0
4976640,2430,0,109,108,1,0,0,-0.00227,0.00236,0.1157,2701,0,0,0,0,0,0,0,0,0,0,0,0,0,0,0,0,0,0,0,0,0
4978688,2431,0,119,118,1,0,0,-0.00304,0.00248,0.1104,2895,0,0,0,0,0,0,0,0,0,0,0,0,0,0,0,0,0,0,0,0,0
4980736,2432,0,102,100,2,0,0,0.00082,0.00374,0.1345,2782,0,0,0,0,0,0,0,0,0,0,0,0,0,0,0,0,0,0,0,0,0
4982784,2433,0,102,100,1,0,1,-0.0003,0.00639,0.1592,2985,0,0,0,0,0,0,0,0,0,0,0,0,0,0,0,0,0,0,0,0,0
4984832,2434,0,110,110,0,0,0,-0.00436,0.00242,0.1011,3074,0,0,0,0,0,0,0,0,0,0,0,0,0,0,0,0,0,0,0,0,0
4986880,2435,0,112,110,1,1,0,-0.00523,0.00412,0.1069,3156,0,0,0,0,0,0,0,0,0,0,0,0,0,0,0,0,0,0,0,0,0
4988928,2436,0,114,114,0,0,0,-0.00334,0.00158,0.1056,3076,0,0,0,0,0,0,0,0,0,0,0,0,0,0,0,0,0,0,0,0,0
4990976,2437,0,110,109,1,0,0,-0.0031,0.00307,0.1287,3076,0,0,0,0,0,0,0,0,0,0,0,0,0,0,0,0,0,0,0,0,0
4993024,2438,0,114,113,1,0,0,-0.00119,0.00281,0.0967,3179,0,0,0,0,0,0,0,0,0,0,0,0,0,0,0,0,0,0,0,0,0
4995072,2439,0,119,119,0,0,0,-0.00507,0.00184,0.1107,3244,0,0,0,0,0,0,0,0,0,0,0,0,0,0,0,0,0,0,0,0,0
4997120,2440,0,118,117,1,0,0,-0.00214,0.0022,0.1005,2746,0,0,0,0,0,0,0,0,0,0,0,0,0,0,0,0,0,0,0,0,0
4999168,2441,0,114,110,4,0,0,-0.00091,0.00639,0.1064,3075,0,0,0,0,0,0,0,0,0,0,0,0,0,0,0,0,0,0,0,0,0
5001216,2442,0,113,111,2,0,0,-0.0061,0.00226,0.1121,3261,0,0,0,0,0,0,0,0,0,0,0,0,0,0,0,0,0,0,0,0,0
