cond,seed,episode,outcome,length,got_key,opened_door,filter_at_end,killer_hidden,frac_navigate,frac_hazard,frac_key_door
A,0,0,lava,166,0,0,none,0,,,
A,0,1,timeout,490,1,0,none,0,,,
A,0,2,timeout,490,0,0,none,0,,,
A,0,3,timeout,490,1,0,none,0,,,
A,0,4,timeout,490,0,0,none,0,,,
A,0,5,lava,223,1,0,none,0,,,
A,0,6,timeout,490,1,0,none,0,,,
A,0,7,lava,285,1,0,none,0,,,
A,0,8,timeout,490,1,0,none,0,,,
A,0,9,lava,177,0,0,none,0,,,
A,0,10,timeout,490,0,0,none,0,,,
A,0,11,timeout,490,1,0,none,0,,,
A,0,12,lava,4,0,0,none,0,,,
A,0,13,timeout,490,1,0,none,0,,,
A,0,14,timeout,490,1,0,none,0,,,
A,0,15,timeout,490,1,0,none,0,,,
A,0,16,lava,68,0,0,none,0,,,
A,0,17,timeout,490,1,0,none,0,,,
A,0,18,timeout,490,1,0,none,0,,,
A,0,19,timeout,490,0,0,none,0,,,
A,0,20,timeout,490,1,0,none,0,,,
A,0,21,timeout,490,0,0,none,0,,,
A,0,22,lava,362,0,0,none,0,,,
A,0,23,lava,51,0,0,none,0,,,
A,0,24,timeout,490,0,0,none,0,,,
A,0,25,timeout,490,0,0,none,0,,,
A,0,26,timeout,490,0,0,none,0,,,
A,0,27,timeout,490,0,0,none,0,,,
A,0,28,lava,227,0,0,none,0,,,
A,0,29,timeout,490,0,0,none,0,,,
A,0,30,timeout,490,0,0,none,0,,,
A,0,31,timeout,490,1,0,none,0,,,
A,0,32,timeout,490,0,0,none,0,,,
A,0,33,timeout,490,1,0,none,0,,,
A,0,34,lava,13,0,0,none,0,,,
A,0,35,timeout,490,1,0,none,0,,,
A,0,36,timeout,490,1,0,none,0,,,
A,0,37,lava,311,1,0,none,0,,,
A,0,38,timeout,490,1,0,none,0,,,
A,0,39,lava,77,1,0,none,0,,,
A,0,40,timeout,490,1,0,none,0,,,
A,0,41,timeout,490,1,0,none,0,,,
A,0,42,timeout,490,1,0,none,0,,,
A,0,43,timeout,490,1,0,none,0,,,
A,0,44,timeout,490,0,0,none,0,,,
A,0,45,timeout,490,1,0,none,0,,,
A,0,46,lava,41,0,0,none,0,,,
A,0,47,timeout,490,1,0,none,0,,,
A,0,48,timeout,490,0,0,none,0,,,
A,0,49,timeout,490,1,0,none,0,,,
A,0,50,timeout,490,0,0,none,0,,,
A,0,51,timeout,490,1,0,none,0,,,
A,0,52,timeout,490,1,1,none,0,,,
A,0,53,lava,102,0,0,none,0,,,
A,0,54,lava,89,0,0,none,0,,,
A,0,55,timeout,490,0,0,none,0,,,
A,0,56,timeout,490,1,0,none,0,,,
A,0,57,lava,409,0,0,none,0,,,
A,0,58,timeout,490,0,0,none,0,,,
A,0,59,timeout,490,1,0,none,0,,,
A,0,60,timeout,490,1,0,none,0,,,
A,0,61,timeout,490,0,0,none,0,,,
A,0,62,timeout,490,0,0,none,0,,,
A,0,63,timeout,490,1,0,none,0,,,
A,0,64,lava,449,1,0,none,0,,,
A,0,65,timeout,490,0,0,none,0,,,
A,0,66,lava,94,0,0,none,0,,,
A,0,67,timeout,490,0,0,none,0,,,
A,0,68,lava,308,1,0,none,0,,,
A,0,69,lava,143,0,0,none,0,,,
A,0,70,timeout,490,1,0,none,0,,,
A,0,71,lava,457,0,0,none,0,,,
A,0,72,timeout,490,1,0,none,0,,,
A,0,73,timeout,490,1,0,none,0,,,
A,0,74,timeout,490,1,0,none,0,,,
A,0,75,lava,67,1,0,none,0,,,
A,0,76,timeout,490,1,0,none,0,,,
A,0,77,timeout,490,1,0,none,0,,,
A,0,78,lava,373,1,0,none,0,,,
A,0,79,timeout,490,1,0,none,0,,,
A,0,80,timeout,490,1,0,none,0,,,
A,0,81,timeout,490,0,0,none,0,,,
A,0,82,timeout,490,1,0,none,0,,,
A,0,83,timeout,490,0,0,none,0,,,
A,0,84,timeout,490,1,0,none,0,,,
A,0,85,timeout,490,1,0,none,0,,,
A,0,86,lava,432,1,0,none,0,,,
A,0,87,lava,233,1,0,none,0,,,
A,0,88,lava,415,1,0,none,0,,,
A,0,89,timeout,490,1,0,none,0,,,
A,0,90,timeout,490,0,0,none,0,,,
A,0,91,timeout,490,0,0,none,0,,,
A,0,92,lava,470,1,0,none,0,,,
A,0,93,timeout,490,0,0,none,0,,,
A,0,94,timeout,490,0,0,none,0,,,
A,0,95,timeout,490,1,0,none,0,,,
A,0,96,timeout,490,0,0,none,0,,,
A,0,97,ball,408,1,1,none,0,,,
A,0,98,timeout,490,0,0,none,0,,,
A,0,99,timeout,490,1,0,none,0,,,
A,0,100,timeout,490,0,0,none,0,,,
A,0,101,lava,249,0,0,none,0,,,
A,0,102,lava,19,0,0,none,0,,,
A,0,103,timeout,490,0,0,none,0,,,
A,0,104,timeout,490,0,0,none,0,,,
A,0,105,timeout,490,1,0,none,0,,,
A,0,106,timeout,490,1,0,none,0,,,
A,0,107,timeout,490,1,0,none,0,,,
A,0,108,timeout,490,1,0,none,0,,,
A,0,109,timeout,490,0,0,none,0,,,
A,0,110,lava,5,0,0,none,0,,,
A,0,111,timeout,490,1,0,none,0,,,
A,0,112,timeout,490,1,0,none,0,,,
A,0,113,timeout,490,1,0,none,0,,,
A,0,114,timeout,490,1,0,none,0,,,
A,0,115,timeout,490,1,0,none,0,,,
A,0,116,lava,171,1,0,none,0,,,
A,0,117,timeout,490,0,0,none,0,,,
A,0,118,lava,19,0,0,none,0,,,
A,0,119,lava,421,0,0,none,0,,,
A,0,120,timeout,490,1,0,none,0,,,
A,0,121,timeout,490,0,0,none,0,,,
A,0,122,timeout,490,0,0,none,0,,,
A,0,123,timeout,490,0,0,none,0,,,
A,0,124,timeout,490,1,1,none,0,,,
A,0,125,lava,5,0,0,none,0,,,
A,0,126,timeout,490,0,0,none,0,,,
A,0,127,timeout,490,1,0,none,0,,,
A,0,128,timeout,490,1,0,none,0,,,
A,0,129,timeout,490,1,0,none,0,,,
A,0,130,timeout,490,0,0,none,0,,,
A,0,131,timeout,490,0,0,none,0,,,
A,0,132,timeout,490,1,0,none,0,,,
A,0,133,timeout,490,1,0,none,0,,,
A,0,134,timeout,490,1,1,none,0,,,
A,0,135,timeout,490,1,0,none,0,,,
A,0,136,timeout,490,0,0,none,0,,,
A,0,137,timeout,490,0,0,none,0,,,
A,0,138,timeout,490,1,0,none,0,,,
A,0,139,timeout,490,1,1,none,0,,,
A,0,140,timeout,490,1,0,none,0,,,
A,0,141,timeout,490,1,0,none,0,,,
A,0,142,timeout,490,0,0,none,0,,,
A,0,143,timeout,490,0,0,none,0,,,
A,0,144,timeout,490,0,0,none,0,,,
A,0,145,timeout,490,1,0,none,0,,,
A,0,146,timeout,490,1,0,none,0,,,
A,0,147,lava,274,0,0,none,0,,,
A,0,148,timeout,490,0,0,none,0,,,
A,0,149,timeout,490,0,0,none,0,,,
A,0,150,timeout,490,0,0,none,0,,,
A,0,151,timeout,490,1,0,none,0,,,
A,0,152,timeout,490,1,0,none,0,,,
A,0,153,timeout,490,1,0,none,0,,,
A,0,154,lava,139,0,0,none,0,,,
A,0,155,timeout,490,1,0,none,0,,,
A,0,156,lava,20,0,0,none,0,,,
A,0,157,lava,100,1,0,none,0,,,
A,0,158,timeout,490,1,0,none,0,,,
A,0,159,timeout,490,1,0,none,0,,,
A,0,160,lava,478,0,0,none,0,,,
A,0,161,timeout,490,1,0,none,0,,,
A,0,162,timeout,490,1,0,none,0,,,
A,0,163,timeout,490,1,0,none,0,,,
A,0,164,timeout,490,0,0,none,0,,,
A,0,165,lava,173,0,0,none,0,,,
A,0,166,timeout,490,1,1,none,0,,,
A,0,167,lava,21,0,0,none,0,,,
A,0,168,timeout,490,0,0,none,0,,,
A,0,169,timeout,490,1,0,none,0,,,
A,0,170,timeout,490,0,0,none,0,,,
A,0,171,timeout,490,1,0,none,0,,,
A,0,172,lava,354,0,0,none,0,,,
A,0,173,lava,313,1,0,none,0,,,
A,0,174,timeout,490,0,0,none,0,,,
A,0,175,timeout,490,0,0,none,0,,,
A,0,176,timeout,490,1,1,none,0,,,
A,0,177,timeout,490,1,0,none,0,,,
A,0,178,lava,186,0,0,none,0,,,
A,0,179,timeout,490,1,0,none,0,,,
A,0,180,timeout,490,1,0,none,0,,,
A,0,181,lava,45,0,0,none,0,,,
A,0,182,timeout,490,0,0,none,0,,,
A,0,183,timeout,490,0,0,none,0,,,
A,0,184,lava,20,0,0,none,0,,,
A,0,185,timeout,490,0,0,none,0,,,
A,0,186,lava,120,0,0,none,0,,,
A,0,187,lava,234,0,0,none,0,,,
A,0,188,timeout,490,0,0,none,0,,,
A,0,189,lava,14,0,0,none,0,,,
A,0,190,timeout,490,0,0,none,0,,,
A,0,191,lava,109,0,0,none,0,,,
A,0,192,timeout,490,1,0,none,0,,,
A,0,193,timeout,490,0,0,none,0,,,
A,0,194,timeout,490,0,0,none,0,,,
A,0,195,timeout,490,0,0,none,0,,,
A,0,196,timeout,490,1,0,none,0,,,
A,0,197,lava,250,0,0,none,0,,,
A,0,198,timeout,490,0,0,none,0,,,
A,0,199,timeout,490,0,0,none,0,,,
A,0,200,timeout,490,1,0,none,0,,,
A,0,201,lava,479,0,0,none,0,,,
A,0,202,timeout,490,1,0,none,0,,,
A,0,203,lava,369,1,0,none,0,,,
A,0,204,timeout,490,0,0,none,0,,,
A,0,205,timeout,490,1,0,none,0,,,
A,0,206,lava,275,1,0,none,0,,,
A,0,207,timeout,490,1,1,none,0,,,
A,0,208,timeout,490,0,0,none,0,,,
A,0,209,timeout,490,0,0,none,0,,,
A,0,210,timeout,490,0,0,none,0,,,
A,0,211,lava,238,0,0,none,0,,,
A,0,212,lava,10,0,0,none,0,,,
A,0,213,lava,309,0,0,none,0,,,
A,0,214,timeout,490,1,0,none,0,,,
A,0,215,timeout,490,1,0,none,0,,,
A,0,216,lava,461,0,0,none,0,,,
A,0,217,lava,5,0,0,none,0,,,
A,0,218,timeout,490,0,0,none,0,,,
A,0,219,lava,222,0,0,none,0,,,
A,0,220,lava,187,1,0,none,0,,,
A,0,221,timeout,490,0,0,none,0,,,
A,0,222,lava,341,1,0,none,0,,,
A,0,223,timeout,490,0,0,none,0,,,
A,0,224,lava,95,1,0,none,0,,,
A,0,225,lava,6,0,0,none,0,,,
A,0,226,timeout,490,0,0,none,0,,,
A,0,227,timeout,490,0,0,none,0,,,
A,0,228,lava,291,1,0,none,0,,,
A,0,229,lava,140,0,0,none,0,,,
A,0,230,lava,455,0,0,none,0,,,
A,0,231,timeout,490,0,0,none,0,,,
A,0,232,timeout,490,0,0,none,0,,,
A,0,233,timeout,490,1,0,none,0,,,
A,0,234,timeout,490,0,0,none,0,,,
A,0,235,timeout,490,1,0,none,0,,,
A,0,236,timeout,490,0,0,none,0,,,
A,0,237,timeout,490,0,0,none,0,,,
A,0,238,timeout,490,1,0,none,0,,,
A,0,239,lava,18,0,0,none,0,,,
A,0,240,lava,155,0,0,none,0,,,
A,0,241,lava,399,1,0,none,0,,,
A,0,242,timeout,490,0,0,none,0,,,
A,0,243,lava,2,0,0,none,0,,,
A,0,244,timeout,490,1,0,none,0,,,
A,0,245,timeout,490,0,0,none,0,,,
A,0,246,timeout,490,0,0,none,0,,,
A,0,247,success,305,1,1,none,0,,,
A,0,248,timeout,490,1,0,none,0,,,
A,0,249,ball,272,1,1,none,0,,,
A,0,250,lava,442,0,0,none,0,,,
A,0,251,timeout,490,1,0,none,0,,,
A,0,252,lava,115,0,0,none,0,,,
A,0,253,timeout,490,0,0,none,0,,,
A,0,254,timeout,490,0,0,none,0,,,
A,0,255,timeout,490,1,0,none,0,,,
A,0,256,timeout,490,0,0,none,0,,,
A,0,257,timeout,490,0,0,none,0,,,
A,0,258,lava,281,1,0,none,0,,,
A,0,259,lava,3,0,0,none,0,,,
A,0,260,timeout,490,1,0,none,0,,,
A,0,261,timeout,490,0,0,none,0,,,
A,0,262,timeout,490,0,0,none,0,,,
A,0,263,lava,138,1,0,none,0,,,
A,0,264,timeout,490,1,0,none,0,,,
A,0,265,lava,330,1,0,none,0,,,
A,0,266,lava,288,0,0,none,0,,,
A,0,267,timeout,490,0,0,none,0,,,
A,0,268,timeout,490,1,0,none,0,,,
A,0,269,timeout,490,1,0,none,0,,,
A,0,270,ball,448,1,1,none,0,,,
A,0,271,lava,198,0,0,none,0,,,
A,0,272,timeout,490,1,0,none,0,,,
A,0,273,timeout,490,0,0,none,0,,,
A,0,274,timeout,490,0,0,none,0,,,
A,0,275,timeout,490,0,0,none,0,,,
A,0,276,timeout,490,0,0,none,0,,,
A,0,277,timeout,490,0,0,none,0,,,
A,0,278,timeout,490,1,0,none,0,,,
A,0,279,timeout,490,1,0,none,0,,,
A,0,280,lava,367,0,0,none,0,,,
A,0,281,timeout,490,0,0,none,0,,,
A,0,282,timeout,490,1,0,none,0,,,
A,0,283,timeout,490,1,0,none,0,,,
A,0,284,timeout,490,0,0,none,0,,,
A,0,285,timeout,490,0,0,none,0,,,
A,0,286,timeout,490,0,0,none,0,,,
A,0,287,timeout,490,1,0,none,0,,,
A,0,288,timeout,490,0,0,none,0,,,
A,0,289,timeout,490,0,0,none,0,,,
A,0,290,lava,46,0,0,none,0,,,
A,0,291,lava,225,1,0,none,0,,,
A,0,292,timeout,490,1,0,none,0,,,
A,0,293,lava,182,0,0,none,0,,,
A,0,294,timeout,490,0,0,none,0,,,
A,0,295,lava,53,0,0,none,0,,,
A,0,296,lava,218,0,0,none,0,,,
A,0,297,timeout,490,1,1,none,0,,,
A,0,298,lava,182,1,0,none,0,,,
A,0,299,timeout,490,0,0,none,0,,,
A,0,300,timeout,490,0,0,none,0,,,
A,0,301,lava,8,0,0,none,0,,,
A,0,302,lava,357,1,0,none,0,,,
A,0,303,lava,150,0,0,none,0,,,
A,0,304,timeout,490,0,0,none,0,,,
A,0,305,lava,399,1,0,none,0,,,
A,0,306,lava,371,1,0,none,0,,,
A,0,307,lava,252,0,0,none,0,,,
A,0,308,lava,187,0,0,none,0,,,
A,0,309,timeout,490,1,0,none,0,,,
A,0,310,lava,38,0,0,none,0,,,
A,0,311,timeout,490,1,0,none,0,,,
A,0,312,timeout,490,0,0,none,0,,,
A,0,313,lava,375,1,0,none,0,,,
A,0,314,timeout,490,1,0,none,0,,,
A,0,315,timeout,490,1,0,none,0,,,
A,0,316,lava,149,1,0,none,0,,,
A,0,317,timeout,490,1,0,none,0,,,
A,0,318,lava,340,1,1,none,0,,,
A,0,319,timeout,490,1,0,none,0,,,
A,0,320,lava,238,1,0,none,0,,,
A,0,321,timeout,490,1,0,none,0,,,
A,0,322,timeout,490,1,0,none,0,,,
A,0,323,lava,121,1,0,none,0,,,
A,0,324,timeout,490,1,0,none,0,,,
A,0,325,lava,377,0,0,none,0,,,
A,0,326,timeout,490,0,0,none,0,,,
A,0,327,timeout,490,1,0,none,0,,,
A,0,328,timeout,490,1,0,none,0,,,
A,0,329,lava,490,1,1,none,0,,,
A,0,330,timeout,490,0,0,none,0,,,
A,0,331,timeout,490,1,0,none,0,,,
A,0,332,timeout,490,0,0,none,0,,,
A,0,333,timeout,490,1,0,none,0,,,
A,0,334,lava,3,0,0,none,0,,,
A,0,335,lava,449,1,0,none,0,,,
A,0,336,timeout,490,0,0,none,0,,,
A,0,337,timeout,490,1,0,none,0,,,
A,0,338,timeout,490,0,0,none,0,,,
A,0,339,lava,18,0,0,none,0,,,
A,0,340,lava,291,0,0,none,0,,,
A,0,341,lava,254,1,0,none,0,,,
A,0,342,timeout,490,1,0,none,0,,,
A,0,343,timeout,490,0,0,none,0,,,
A,0,344,timeout,490,1,0,none,0,,,
A,0,345,timeout,490,1,0,none,0,,,
A,0,346,lava,2,0,0,none,0,,,
A,0,347,timeout,490,1,0,none,0,,,
A,0,348,timeout,490,1,0,none,0,,,
A,0,349,timeout,490,1,0,none,0,,,
A,0,350,timeout,490,0,0,none,0,,,
A,0,351,timeout,490,0,0,none,0,,,
A,0,352,lava,312,1,0,none,0,,,
A,0,353,timeout,490,0,0,none,0,,,
A,0,354,lava,7,0,0,none,0,,,
A,0,355,timeout,490,0,0,none,0,,,
A,0,356,timeout,490,1,0,none,0,,,
A,0,357,lava,233,1,0,none,0,,,
A,0,358,timeout,490,0,0,none,0,,,
A,0,359,timeout,490,1,0,none,0,,,
A,0,360,lava,410,0,0,none,0,,,
A,0,361,timeout,490,0,0,none,0,,,
A,0,362,lava,173,0,0,none,0,,,
A,0,363,timeout,490,1,0,none,0,,,
A,0,364,timeout,490,0,0,none,0,,,
A,0,365,lava,315,1,0,none,0,,,
A,0,366,lava,373,1,0,none,0,,,
A,0,367,lava,10,0,0,none,0,,,
A,0,368,timeout,490,0,0,none,0,,,
A,0,369,timeout,490,0,0,none,0,,,
A,0,370,timeout,490,1,0,none,0,,,
A,0,371,timeout,490,0,0,none,0,,,
A,0,372,timeout,490,1,0,none,0,,,
A,0,373,timeout,490,0,0,none,0,,,
A,0,374,lava,204,1,1,none,0,,,
A,0,375,lava,125,0,0,none,0,,,
A,0,376,timeout,490,0,0,none,0,,,
A,0,377,timeout,490,1,0,none,0,,,
A,0,378,timeout,490,1,0,none,0,,,
A,0,379,timeout,490,0,0,none,0,,,
A,0,380,timeout,490,1,0,none,0,,,
A,0,381,timeout,490,1,1,none,0,,,
A,0,382,timeout,490,1,0,none,0,,,
A,0,383,timeout,490,1,0,none,0,,,
A,0,384,lava,40,0,0,none,0,,,
A,0,385,lava,286,1,0,none,0,,,
A,0,386,timeout,490,1,0,none,0,,,
A,0,387,lava,17,0,0,none,0,,,
A,0,388,timeout,490,1,0,none,0,,,
A,0,389,timeout,490,1,1,none,0,,,
A,0,390,timeout,490,1,0,none,0,,,
A,0,391,timeout,490,0,0,none,0,,,
A,0,392,timeout,490,1,1,none,0,,,
A,0,393,timeout,490,1,0,none,0,,,
A,0,394,timeout,490,0,0,none,0,,,
A,0,395,timeout,490,1,0,none,0,,,
A,0,396,lava,6,0,0,none,0,,,
A,0,397,timeout,490,0,0,none,0,,,
A,0,398,timeout,490,0,0,none,0,,,
A,0,399,timeout,490,1,0,none,0,,,
A,0,400,timeout,490,1,0,none,0,,,
A,0,401,timeout,490,1,0,none,0,,,
A,0,402,timeout,490,0,0,none,0,,,
A,0,403,timeout,490,1,0,none,0,,,
A,0,404,timeout,490,1,0,none,0,,,
A,0,405,timeout,490,1,0,none,0,,,
A,0,406,timeout,490,1,0,none,0,,,
A,0,407,timeout,490,1,0,none,0,,,
A,0,408,timeout,490,1,1,none,0,,,
A,0,409,timeout,490,0,0,none,0,,,
A,0,410,lava,149,0,0,none,0,,,
A,0,411,timeout,490,1,0,none,0,,,
A,0,412,timeout,490,0,0,none,0,,,
A,0,413,timeout,490,1,0,none,0,,,
A,0,414,success,479,1,1,none,0,,,
A,0,415,timeout,490,1,0,none,0,,,
A,0,416,lava,37,0,0,none,0,,,
A,0,417,timeout,490,0,0,none,0,,,
A,0,418,timeout,490,0,0,none,0,,,
A,0,419,lava,43,0,0,none,0,,,
A,0,420,timeout,490,1,0,none,0,,,
A,0,421,timeout,490,0,0,none,0,,,
A,0,422,timeout,490,0,0,none,0,,,
A,0,423,lava,227,1,0,none,0,,,
A,0,424,lava,16,0,0,none,0,,,
A,0,425,timeout,490,1,0,none,0,,,
A,0,426,timeout,490,0,0,none,0,,,
A,0,427,timeout,490,1,0,none,0,,,
A,0,428,timeout,490,0,0,none,0,,,
A,0,429,timeout,490,1,0,none,0,,,
A,0,430,timeout,490,1,0,none,0,,,
A,0,431,lava,4,0,0,none,0,,,
A,0,432,lava,388,0,0,none,0,,,
A,0,433,timeout,490,0,0,none,0,,,
A,0,434,timeout,490,1,0,none,0,,,
A,0,435,lava,48,0,0,none,0,,,
A,0,436,timeout,490,0,0,none,0,,,
A,0,437,timeout,490,0,0,none,0,,,
A,0,438,lava,6,0,0,none,0,,,
A,0,439,lava,481,1,1,none,0,,,
A,0,440,timeout,490,1,0,none,0,,,
A,0,441,timeout,490,0,0,none,0,,,
A,0,442,timeout,490,0,0,none,0,,,
A,0,443,lava,3,0,0,none,0,,,
A,0,444,timeout,490,1,0,none,0,,,
A,0,445,timeout,490,1,0,none,0,,,
A,0,446,timeout,490,0,0,none,0,,,
A,0,447,timeout,490,1,0,none,0,,,
A,0,448,timeout,490,0,0,none,0,,,
A,0,449,lava,26,0,0,none,0,,,
A,0,450,timeout,490,1,0,none,0,,,
A,0,451,timeout,490,0,0,none,0,,,
A,0,452,timeout,490,0,0,none,0,,,
A,0,453,timeout,490,1,0,none,0,,,
A,0,454,lava,19,0,0,none,0,,,
A,0,455,timeout,490,0,0,none,0,,,
A,0,456,lava,9,0,0,none,0,,,
A,0,457,lava,130,0,0,none,0,,,
A,0,458,timeout,490,1,0,none,0,,,
A,0,459,timeout,490,1,0,none,0,,,
A,0,460,lava,3,0,0,none,0,,,
A,0,461,timeout,490,1,0,none,0,,,
A,0,462,lava,19,1,0,none,0,,,
A,0,463,timeout,490,1,0,none,0,,,
A,0,464,lava,17,0,0,none,0,,,
A,0,465,timeout,490,0,0,none,0,,,
A,0,466,timeout,490,0,0,none,0,,,
A,0,467,lava,176,1,0,none,0,,,
A,0,468,lava,13,0,0,none,0,,,
A,0,469,timeout,490,0,0,none,0,,,
A,0,470,timeout,490,1,0,none,0,,,
A,0,471,timeout,490,0,0,none,0,,,
A,0,472,timeout,490,1,0,none,0,,,
A,0,473,timeout,490,1,0,none,0,,,
A,0,474,timeout,490,1,0,none,0,,,
A,0,475,timeout,490,0,0,none,0,,,
A,0,476,timeout,490,0,0,none,0,,,
A,0,477,timeout,490,0,0,none,0,,,
A,0,478,lava,33,0,0,none,0,,,
A,0,479,timeout,490,0,0,none,0,,,
A,0,480,timeout,490,0,0,none,0,,,
A,0,481,timeout,490,1,0,none,0,,,
A,0,482,timeout,490,0,0,none,0,,,
A,0,483,timeout,490,1,0,none,0,,,
A,0,484,timeout,490,1,0,none,0,,,
A,0,485,timeout,490,1,0,none,0,,,
A,0,486,lava,278,1,0,none,0,,,
A,0,487,timeout,490,1,1,none,0,,,
A,0,488,timeout,490,1,0,none,0,,,
A,0,489,timeout,490,1,1,none,0,,,
A,0,490,lava,5,0,0,none,0,,,
A,0,491,timeout,490,1,0,none,0,,,
A,0,492,timeout,490,0,0,none,0,,,
A,0,493,timeout,490,1,0,none,0,,,
A,0,494,timeout,490,1,0,none,0,,,
A,0,495,timeout,490,1,0,none,0,,,
A,0,496,timeout,490,0,0,none,0,,,
A,0,497,lava,107,0,0,none,0,,,
A,0,498,lava,206,0,0,none,0,,,
A,0,499,lava,100,1,0,none,0,,,
A,1,0,lava,139,1,0,none,0,,,
A,1,1,timeout,490,1,0,none,0,,,
A,1,2,timeout,490,1,0,none,0,,,
A,1,3,lava,118,1,0,none,0,,,
A,1,4,timeout,490,1,0,none,0,,,
A,1,5,timeout,490,1,0,none,0,,,
A,1,6,lava,261,1,0,none,0,,,
A,1,7,lava,294,1,0,none,0,,,
A,1,8,timeout,490,0,0,none,0,,,
A,1,9,timeout,490,1,0,none,0,,,
A,1,10,lava,49,1,0,none,0,,,
A,1,11,timeout,490,1,0,none,0,,,
A,1,12,lava,8,0,0,none,0,,,
A,1,13,timeout,490,1,0,none,0,,,
A,1,14,timeout,490,1,0,none,0,,,
A,1,15,timeout,490,1,0,none,0,,,
A,1,16,lava,191,0,0,none,0,,,
A,1,17,timeout,490,1,0,none,0,,,
A,1,18,timeout,490,1,0,none,0,,,
A,1,19,lava,30,0,0,none,0,,,
A,1,20,timeout,490,1,0,none,0,,,
A,1,21,lava,240,1,0,none,0,,,
A,1,22,lava,256,1,0,none,0,,,
A,1,23,lava,264,0,0,none,0,,,
A,1,24,timeout,490,1,0,none,0,,,
A,1,25,timeout,490,1,0,none,0,,,
A,1,26,timeout,490,1,0,none,0,,,
A,1,27,timeout,490,1,1,none,0,,,
A,1,28,lava,193,0,0,none,0,,,
A,1,29,lava,146,0,0,none,0,,,
A,1,30,timeout,490,1,0,none,0,,,
A,1,31,ball,347,1,1,none,0,,,
A,1,32,timeout,490,1,0,none,0,,,
A,1,33,timeout,490,1,0,none,0,,,
A,1,34,lava,171,0,0,none,0,,,
A,1,35,timeout,490,1,0,none,0,,,
A,1,36,timeout,490,1,0,none,0,,,
A,1,37,lava,175,0,0,none,0,,,
A,1,38,lava,490,1,0,none,0,,,
A,1,39,timeout,490,1,0,none,0,,,
A,1,40,timeout,490,1,0,none,0,,,
A,1,41,lava,451,1,0,none,0,,,
A,1,42,timeout,490,1,0,none,0,,,
A,1,43,success,208,1,1,none,0,,,
A,1,44,lava,159,1,0,none,0,,,
A,1,45,lava,269,0,0,none,0,,,
A,1,46,ball,479,1,1,none,0,,,
A,1,47,timeout,490,1,0,none,0,,,
A,1,48,timeout,490,1,0,none,0,,,
A,1,49,timeout,490,1,0,none,0,,,
A,1,50,timeout,490,0,0,none,0,,,
A,1,51,timeout,490,1,1,none,0,,,
A,1,52,timeout,490,1,0,none,0,,,
A,1,53,timeout,490,1,0,none,0,,,
A,1,54,timeout,490,1,0,none,0,,,
A,1,55,timeout,490,1,0,none,0,,,
A,1,56,timeout,490,1,0,none,0,,,
A,1,57,lava,14,0,0,none,0,,,
A,1,58,timeout,490,1,1,none,0,,,
A,1,59,timeout,490,1,0,none,0,,,
A,1,60,timeout,490,1,0,none,0,,,
A,1,61,timeout,490,1,0,none,0,,,
A,1,62,timeout,490,1,0,none,0,,,
A,1,63,timeout,490,1,0,none,0,,,
A,1,64,timeout,490,1,0,none,0,,,
A,1,65,timeout,490,1,1,none,0,,,
A,1,66,lava,22,0,0,none,0,,,
A,1,67,timeout,490,1,0,none,0,,,
A,1,68,timeout,490,1,0,none,0,,,
A,1,69,timeout,490,1,0,none,0,,,
A,1,70,timeout,490,1,0,none,0,,,
A,1,71,lava,54,0,0,none,0,,,
A,1,72,lava,252,0,0,none,0,,,
A,1,73,timeout,490,1,0,none,0,,,
A,1,74,timeout,490,1,0,none,0,,,
A,1,75,lava,157,0,0,none,0,,,
A,1,76,timeout,490,1,0,none,0,,,
A,1,77,timeout,490,1,0,none,0,,,
A,1,78,lava,169,1,0,none,0,,,
A,1,79,timeout,490,1,0,none,0,,,
A,1,80,timeout,490,0,0,none,0,,,
A,1,81,lava,316,1,0,none,0,,,
A,1,82,timeout,490,1,0,none,0,,,
A,1,83,timeout,490,1,0,none,0,,,
A,1,84,timeout,490,1,0,none,0,,,
A,1,85,timeout,490,1,0,none,0,,,
A,1,86,lava,42,1,0,none,0,,,
A,1,87,lava,411,1,0,none,0,,,
A,1,88,lava,252,0,0,none,0,,,
A,1,89,timeout,490,1,0,none,0,,,
A,1,90,timeout,490,0,0,none,0,,,
A,1,91,timeout,490,1,0,none,0,,,
A,1,92,lava,70,0,0,none,0,,,
A,1,93,timeout,490,1,0,none,0,,,
A,1,94,lava,319,0,0,none,0,,,
A,1,95,timeout,490,1,0,none,0,,,
A,1,96,timeout,490,1,0,none,0,,,
A,1,97,timeout,490,1,0,none,0,,,
A,1,98,timeout,490,1,0,none,0,,,
A,1,99,timeout,490,1,0,none,0,,,
A,1,100,timeout,490,1,0,none,0,,,
A,1,101,lava,31,0,0,none,0,,,
A,1,102,lava,12,0,0,none,0,,,
A,1,103,lava,192,1,0,none,0,,,
A,1,104,timeout,490,0,0,none,0,,,
A,1,105,lava,84,1,0,none,0,,,
A,1,106,timeout,490,0,0,none,0,,,
A,1,107,timeout,490,1,0,none,0,,,
A,1,108,ball,333,1,1,none,0,,,
A,1,109,timeout,490,0,0,none,0,,,
A,1,110,lava,7,0,0,none,0,,,
A,1,111,lava,171,0,0,none,0,,,
A,1,112,timeout,490,0,0,none,0,,,
A,1,113,timeout,490,1,0,none,0,,,
A,1,114,timeout,490,1,0,none,0,,,
A,1,115,timeout,490,1,0,none,0,,,
A,1,116,lava,332,1,0,none,0,,,
A,1,117,timeout,490,1,1,none,0,,,
A,1,118,lava,31,0,0,none,0,,,
A,1,119,timeout,490,0,0,none,0,,,
A,1,120,lava,337,1,0,none,0,,,
A,1,121,lava,32,0,0,none,0,,,
A,1,122,timeout,490,1,0,none,0,,,
A,1,123,timeout,490,1,0,none,0,,,
A,1,124,timeout,490,1,0,none,0,,,
A,1,125,lava,51,1,0,none,0,,,
A,1,126,timeout,490,1,0,none,0,,,
A,1,127,timeout,490,1,0,none,0,,,
A,1,128,timeout,490,1,0,none,0,,,
A,1,129,timeout,490,1,0,none,0,,,
A,1,130,timeout,490,1,0,none,0,,,
A,1,131,lava,308,1,0,none,0,,,
A,1,132,timeout,490,1,0,none,0,,,
A,1,133,timeout,490,1,0,none,0,,,
A,1,134,timeout,490,1,0,none,0,,,
A,1,135,timeout,490,1,0,none,0,,,
A,1,136,lava,122,1,0,none,0,,,
A,1,137,lava,3,0,0,none,0,,,
A,1,138,timeout,490,1,0,none,0,,,
A,1,139,timeout,490,1,0,none,0,,,
A,1,140,timeout,490,1,0,none,0,,,
A,1,141,timeout,490,1,0,none,0,,,
A,1,142,timeout,490,1,0,none,0,,,
A,1,143,timeout,490,1,0,none,0,,,
A,1,144,timeout,490,1,0,none,0,,,
A,1,145,timeout,490,1,0,none,0,,,
A,1,146,timeout,490,1,0,none,0,,,
A,1,147,lava,39,0,0,none,0,,,
A,1,148,timeout,490,1,0,none,0,,,
A,1,149,timeout,490,0,0,none,0,,,
A,1,150,timeout,490,1,0,none,0,,,
A,1,151,timeout,490,1,0,none,0,,,
A,1,152,timeout,490,1,0,none,0,,,
A,1,153,timeout,490,1,0,none,0,,,
A,1,154,lava,404,1,0,none,0,,,
A,1,155,timeout,490,1,0,none,0,,,
A,1,156,lava,27,0,0,none,0,,,
A,1,157,lava,28,0,0,none,0,,,
A,1,158,timeout,490,1,0,none,0,,,
A,1,159,ball,467,1,1,none,0,,,
A,1,160,lava,397,1,0,none,0,,,
A,1,161,timeout,490,1,0,none,0,,,
A,1,162,lava,189,0,0,none,0,,,
A,1,163,timeout,490,1,0,none,0,,,
A,1,164,timeout,490,1,0,none,0,,,
A,1,165,lava,89,0,0,none,0,,,
A,1,166,timeout,490,1,0,none,0,,,
A,1,167,lava,324,1,0,none,0,,,
A,1,168,timeout,490,1,0,none,0,,,
A,1,169,timeout,490,1,0,none,0,,,
A,1,170,timeout,490,1,0,none,0,,,
A,1,171,timeout,490,1,0,none,0,,,
A,1,172,lava,176,1,0,none,0,,,
A,1,173,timeout,490,1,0,none,0,,,
A,1,174,timeout,490,1,0,none,0,,,
A,1,175,timeout,490,1,0,none,0,,,
A,1,176,timeout,490,1,0,none,0,,,
A,1,177,timeout,490,1,0,none,0,,,
A,1,178,lava,30,0,0,none,0,,,
A,1,179,timeout,490,1,0,none,0,,,
A,1,180,lava,434,0,0,none,0,,,
A,1,181,timeout,490,1,0,none,0,,,
A,1,182,timeout,490,1,0,none,0,,,
A,1,183,timeout,490,1,0,none,0,,,
A,1,184,lava,460,1,0,none,0,,,
A,1,185,timeout,490,1,0,none,0,,,
A,1,186,lava,214,1,0,none,0,,,
A,1,187,lava,30,0,0,none,0,,,
A,1,188,success,377,1,1,none,0,,,
A,1,189,lava,152,1,0,none,0,,,
A,1,190,timeout,490,1,0,none,0,,,
A,1,191,lava,456,1,0,none,0,,,
A,1,192,timeout,490,1,0,none,0,,,
A,1,193,lava,325,0,0,none,0,,,
A,1,194,timeout,490,1,0,none,0,,,
A,1,195,lava,293,1,0,none,0,,,
A,1,196,timeout,490,1,0,none,0,,,
A,1,197,timeout,490,1,1,none,0,,,
A,1,198,timeout,490,1,0,none,0,,,
A,1,199,timeout,490,1,0,none,0,,,
A,1,200,timeout,490,1,0,none,0,,,
A,1,201,lava,462,1,0,none,0,,,
A,1,202,lava,490,1,0,none,0,,,
A,1,203,lava,13,0,0,none,0,,,
A,1,204,timeout,490,1,0,none,0,,,
A,1,205,timeout,490,1,0,none,0,,,
A,1,206,lava,415,1,0,none,0,,,
A,1,207,timeout,490,0,0,none,0,,,
A,1,208,timeout,490,1,0,none,0,,,
A,1,209,lava,38,0,0,none,0,,,
A,1,210,lava,351,1,0,none,0,,,
A,1,211,lava,132,1,0,none,0,,,
A,1,212,lava,26,0,0,none,0,,,
A,1,213,lava,284,1,0,none,0,,,
A,1,214,timeout,490,0,0,none,0,,,
A,1,215,timeout,490,1,0,none,0,,,
A,1,216,lava,107,0,0,none,0,,,
A,1,217,lava,42,0,0,none,0,,,
A,1,218,timeout,490,1,0,none,0,,,
A,1,219,lava,226,0,0,none,0,,,
A,1,220,timeout,490,1,0,none,0,,,
A,1,221,timeout,490,1,0,none,0,,,
A,1,222,lava,152,0,0,none,0,,,
A,1,223,timeout,490,1,0,none,0,,,
A,1,224,lava,107,0,0,none,0,,,
A,1,225,lava,50,0,0,none,0,,,
A,1,226,timeout,490,1,0,none,0,,,
A,1,227,timeout,490,1,0,none,0,,,
A,1,228,lava,216,0,0,none,0,,,
A,1,229,lava,58,0,0,none,0,,,
A,1,230,lava,222,1,0,none,0,,,
A,1,231,timeout,490,1,0,none,0,,,
A,1,232,timeout,490,1,0,none,0,,,
A,1,233,timeout,490,1,0,none,0,,,
A,1,234,timeout,490,1,0,none,0,,,
A,1,235,lava,374,0,0,none,0,,,
A,1,236,timeout,490,1,0,none,0,,,
A,1,237,timeout,490,1,0,none,0,,,
A,1,238,timeout,490,1,0,none,0,,,
A,1,239,lava,119,1,0,none,0,,,
A,1,240,timeout,490,1,0,none,0,,,
A,1,241,lava,454,1,0,none,0,,,
A,1,242,timeout,490,1,0,none,0,,,
A,1,243,lava,10,0,0,none,0,,,
A,1,244,timeout,490,1,0,none,0,,,
A,1,245,timeout,490,1,0,none,0,,,
A,1,246,timeout,490,1,0,none,0,,,
A,1,247,timeout,490,1,0,none,0,,,
A,1,248,timeout,490,1,0,none,0,,,
A,1,249,ball,459,1,1,none,0,,,
A,1,250,lava,38,0,0,none,0,,,
A,1,251,timeout,490,1,0,none,0,,,
A,1,252,lava,8,0,0,none,0,,,
A,1,253,lava,12,0,0,none,0,,,
A,1,254,timeout,490,1,0,none,0,,,
A,1,255,timeout,490,1,0,none,0,,,
A,1,256,timeout,490,1,0,none,0,,,
A,1,257,lava,194,1,0,none,0,,,
A,1,258,lava,46,0,0,none,0,,,
A,1,259,lava,149,0,0,none,0,,,
A,1,260,timeout,490,1,0,none,0,,,
A,1,261,timeout,490,1,0,none,0,,,
A,1,262,timeout,490,1,0,none,0,,,
A,1,263,lava,208,0,0,none,0,,,
A,1,264,timeout,490,1,0,none,0,,,
A,1,265,lava,176,1,0,none,0,,,
A,1,266,lava,89,0,0,none,0,,,
A,1,267,timeout,490,1,0,none,0,,,
A,1,268,ball,245,1,1,none,0,,,
A,1,269,timeout,490,1,0,none,0,,,
A,1,270,lava,99,1,0,none,0,,,
A,1,271,lava,399,1,1,none,0,,,
A,1,272,timeout,490,1,0,none,0,,,
A,1,273,timeout,490,1,0,none,0,,,
A,1,274,lava,485,1,1,none,0,,,
A,1,275,timeout,490,1,0,none,0,,,
A,1,276,lava,22,0,0,none,0,,,
A,1,277,timeout,490,1,0,none,0,,,
A,1,278,timeout,490,1,0,none,0,,,
A,1,279,timeout,490,1,0,none,0,,,
A,1,280,lava,208,1,0,none,0,,,
A,1,281,timeout,490,1,0,none,0,,,
A,1,282,timeout,490,1,0,none,0,,,
A,1,283,timeout,490,1,0,none,0,,,
A,1,284,timeout,490,1,0,none,0,,,
A,1,285,timeout,490,1,0,none,0,,,
A,1,286,timeout,490,1,0,none,0,,,
A,1,287,timeout,490,1,0,none,0,,,
A,1,288,timeout,490,1,0,none,0,,,
A,1,289,lava,159,1,1,none,0,,,
A,1,290,lava,213,1,0,none,0,,,
A,1,291,lava,270,1,0,none,0,,,
A,1,292,timeout,490,1,0,none,0,,,
A,1,293,lava,335,0,0,none,0,,,
A,1,294,timeout,490,1,1,none,0,,,
A,1,295,lava,351,1,0,none,0,,,
A,1,296,lava,166,0,0,none,0,,,
A,1,297,timeout,490,1,0,none,0,,,
A,1,298,lava,243,0,0,none,0,,,
A,1,299,timeout,490,1,0,none,0,,,
A,1,300,lava,95,0,0,none,0,,,
A,1,301,lava,1,0,0,none,0,,,
A,1,302,lava,6,0,0,none,0,,,
A,1,303,timeout,490,1,0,none,0,,,
A,1,304,timeout,490,1,0,none,0,,,
A,1,305,lava,422,1,0,none,0,,,
A,1,306,lava,152,1,0,none,0,,,
A,1,307,lava,173,1,0,none,0,,,
A,1,308,lava,337,0,0,none,0,,,
A,1,309,ball,110,1,1,none,0,,,
A,1,310,lava,437,1,0,none,0,,,
A,1,311,lava,108,0,0,none,0,,,
A,1,312,lava,52,1,0,none,0,,,
A,1,313,timeout,490,0,0,none,0,,,
A,1,314,timeout,490,1,0,none,0,,,
A,1,315,lava,118,1,0,none,0,,,
A,1,316,lava,280,1,0,none,0,,,
A,1,317,timeout,490,0,0,none,0,,,
A,1,318,timeout,490,1,0,none,0,,,
A,1,319,lava,51,0,0,none,0,,,
A,1,320,lava,312,1,0,none,0,,,
A,1,321,timeout,490,1,0,none,0,,,
A,1,322,timeout,490,1,0,none,0,,,
A,1,323,lava,94,0,0,none,0,,,
A,1,324,timeout,490,1,0,none,0,,,
A,1,325,lava,77,0,0,none,0,,,
A,1,326,timeout,490,1,0,none,0,,,
A,1,327,timeout,490,1,0,none,0,,,
A,1,328,timeout,490,1,1,none,0,,,
A,1,329,lava,33,1,0,none,0,,,
A,1,330,timeout,490,1,0,none,0,,,
A,1,331,timeout,490,0,0,none,0,,,
A,1,332,timeout,490,0,0,none,0,,,
A,1,333,timeout,490,1,0,none,0,,,
A,1,334,lava,153,1,0,none,0,,,
A,1,335,lava,10,0,0,none,0,,,
A,1,336,timeout,490,1,0,none,0,,,
A,1,337,timeout,490,1,0,none,0,,,
A,1,338,timeout,490,1,0,none,0,,,
A,1,339,lava,59,0,0,none,0,,,
A,1,340,lava,309,1,0,none,0,,,
A,1,341,lava,265,1,0,none,0,,,
A,1,342,timeout,490,1,0,none,0,,,
A,1,343,lava,44,0,0,none,0,,,
A,1,344,timeout,490,1,0,none,0,,,
A,1,345,timeout,490,1,0,none,0,,,
A,1,346,lava,4,0,0,none,0,,,
A,1,347,timeout,490,1,0,none,0,,,
A,1,348,timeout,490,1,0,none,0,,,
A,1,349,timeout,490,1,0,none,0,,,
A,1,350,lava,132,1,0,none,0,,,
A,1,351,lava,226,1,0,none,0,,,
A,1,352,lava,111,1,0,none,0,,,
A,1,353,timeout,490,1,0,none,0,,,
A,1,354,lava,19,0,0,none,0,,,
A,1,355,lava,158,1,0,none,0,,,
A,1,356,timeout,490,1,0,none,0,,,
A,1,357,lava,29,1,0,none,0,,,
A,1,358,timeout,490,1,0,none,0,,,
A,1,359,timeout,490,0,0,none,0,,,
A,1,360,lava,130,1,0,none,0,,,
A,1,361,timeout,490,1,0,none,0,,,
A,1,362,lava,383,1,0,none,0,,,
A,1,363,timeout,490,1,0,none,0,,,
A,1,364,timeout,490,1,0,none,0,,,
A,1,365,timeout,490,1,1,none,0,,,
A,1,366,lava,317,1,0,none,0,,,
A,1,367,lava,77,0,0,none,0,,,
A,1,368,timeout,490,1,0,none,0,,,
A,1,369,lava,42,0,0,none,0,,,
A,1,370,timeout,490,1,0,none,0,,,
A,1,371,timeout,490,1,0,none,0,,,
A,1,372,lava,229,1,0,none,0,,,
A,1,373,timeout,490,1,0,none,0,,,
A,1,374,timeout,490,0,0,none,0,,,
A,1,375,lava,456,1,0,none,0,,,
A,1,376,lava,95,0,0,none,0,,,
A,1,377,lava,467,0,0,none,0,,,
A,1,378,timeout,490,1,0,none,0,,,
A,1,379,timeout,490,1,0,none,0,,,
A,1,380,timeout,490,1,0,none,0,,,
A,1,381,timeout,490,1,0,none,0,,,
A,1,382,timeout,490,0,0,none,0,,,
A,1,383,timeout,490,1,0,none,0,,,
A,1,384,lava,63,0,0,none,0,,,
A,1,385,lava,14,0,0,none,0,,,
A,1,386,timeout,490,1,0,none,0,,,
A,1,387,timeout,490,1,1,none,0,,,
A,1,388,timeout,490,1,0,none,0,,,
A,1,389,timeout,490,1,0,none,0,,,
A,1,390,lava,11,0,0,none,0,,,
A,1,391,lava,58,0,0,none,0,,,
A,1,392,lava,69,1,0,none,0,,,
A,1,393,timeout,490,1,0,none,0,,,
A,1,394,timeout,490,1,0,none,0,,,
A,1,395,lava,68,0,0,none,0,,,
A,1,396,timeout,490,1,0,none,0,,,
A,1,397,timeout,490,1,0,none,0,,,
A,1,398,timeout,490,1,0,none,0,,,
A,1,399,timeout,490,1,0,none,0,,,
A,1,400,lava,285,1,1,none,0,,,
A,1,401,lava,185,0,0,none,0,,,
A,1,402,timeout,490,0,0,none,0,,,
A,1,403,timeout,490,1,0,none,0,,,
A,1,404,timeout,490,1,0,none,0,,,
A,1,405,timeout,490,1,0,none,0,,,
A,1,406,timeout,490,1,0,none,0,,,
A,1,407,timeout,490,1,0,none,0,,,
A,1,408,timeout,490,1,0,none,0,,,
A,1,409,timeout,490,1,0,none,0,,,
A,1,410,lava,397,0,0,none,0,,,
A,1,411,timeout,490,1,1,none,0,,,
A,1,412,lava,235,0,0,none,0,,,
A,1,413,timeout,490,1,0,none,0,,,
A,1,414,lava,438,1,0,none,0,,,
A,1,415,timeout,490,1,0,none,0,,,
A,1,416,lava,395,1,0,none,0,,,
A,1,417,timeout,490,1,0,none,0,,,
A,1,418,timeout,490,1,0,none,0,,,
A,1,419,lava,266,0,0,none,0,,,
A,1,420,timeout,490,1,0,none,0,,,
A,1,421,lava,220,0,0,none,0,,,
A,1,422,timeout,490,1,0,none,0,,,
A,1,423,lava,138,1,0,none,0,,,
A,1,424,timeout,490,1,0,none,0,,,
A,1,425,lava,150,1,0,none,0,,,
A,1,426,lava,263,1,0,none,0,,,
A,1,427,timeout,490,1,0,none,0,,,
A,1,428,timeout,490,1,0,none,0,,,
A,1,429,lava,47,0,0,none,0,,,
A,1,430,timeout,490,1,0,none,0,,,
A,1,431,lava,6,0,0,none,0,,,
A,1,432,lava,230,1,0,none,0,,,
A,1,433,timeout,490,1,0,none,0,,,
A,1,434,timeout,490,1,0,none,0,,,
A,1,435,lava,20,0,0,none,0,,,
A,1,436,timeout,490,1,0,none,0,,,
A,1,437,lava,64,0,0,none,0,,,
A,1,438,lava,4,0,0,none,0,,,
A,1,439,timeout,490,1,0,none,0,,,
A,1,440,lava,260,0,0,none,0,,,
A,1,441,timeout,490,1,1,none,0,,,
A,1,442,lava,10,0,0,none,0,,,
A,1,443,lava,4,0,0,none,0,,,
A,1,444,lava,166,0,0,none,0,,,
A,1,445,timeout,490,1,0,none,0,,,
A,1,446,lava,73,0,0,none,0,,,
A,1,447,timeout,490,1,0,none,0,,,
A,1,448,timeout,490,0,0,none,0,,,
A,1,449,lava,12,0,0,none,0,,,
A,1,450,timeout,490,1,0,none,0,,,
A,1,451,lava,25,0,0,none,0,,,
A,1,452,lava,51,0,0,none,0,,,
A,1,453,timeout,490,0,0,none,0,,,
A,1,454,lava,1,0,0,none,0,,,
A,1,455,timeout,490,1,0,none,0,,,
A,1,456,lava,427,1,1,none,0,,,
A,1,457,lava,78,0,0,none,0,,,
A,1,458,timeout,490,1,0,none,0,,,
A,1,459,timeout,490,1,0,none,0,,,
A,1,460,timeout,490,1,0,none,0,,,
A,1,461,timeout,490,1,0,none,0,,,
A,1,462,lava,225,1,0,none,0,,,
A,1,463,timeout,490,1,0,none,0,,,
A,1,464,lava,14,0,0,none,0,,,
A,1,465,lava,44,0,0,none,0,,,
A,1,466,timeout,490,1,0,none,0,,,
A,1,467,timeout,490,1,1,none,0,,,
A,1,468,lava,7,0,0,none,0,,,
A,1,469,timeout,490,1,0,none,0,,,
A,1,470,timeout,490,1,0,none,0,,,
A,1,471,timeout,490,1,0,none,0,,,
A,1,472,timeout,490,1,0,none,0,,,
A,1,473,timeout,490,1,0,none,0,,,
A,1,474,timeout,490,1,0,none,0,,,
A,1,475,timeout,490,1,0,none,0,,,
A,1,476,timeout,490,1,0,none,0,,,
A,1,477,timeout,490,0,0,none,0,,,
A,1,478,lava,81,1,0,none,0,,,
A,1,479,lava,24,0,0,none,0,,,
A,1,480,timeout,490,1,0,none,0,,,
A,1,481,timeout,490,1,0,none,0,,,
A,1,482,timeout,490,1,0,none,0,,,
A,1,483,timeout,490,1,1,none,0,,,
A,1,484,timeout,490,1,0,none,0,,,
A,1,485,timeout,490,1,0,none,0,,,
A,1,486,lava,241,0,0,none,0,,,
A,1,487,timeout,490,1,0,none,0,,,
A,1,488,timeout,490,1,0,none,0,,,
A,1,489,lava,68,0,0,none,0,,,
A,1,490,lava,142,0,0,none,0,,,
A,1,491,timeout,490,1,0,none,0,,,
A,1,492,timeout,490,1,0,none,0,,,
A,1,493,timeout,490,1,0,none,0,,,
A,1,494,timeout,490,1,0,none,0,,,
A,1,495,lava,299,0,0,none,0,,,
A,1,496,lava,14,0,0,none,0,,,
A,1,497,lava,334,1,0,none,0,,,
A,1,498,lava,46,0,0,none,0,,,
A,1,499,lava,281,1,0,none,0,,,
B,0,0,success,63,1,1,hazard,0,0.0,0.6825,0.3175
B,0,1,success,115,1,1,hazard,0,0.0,0.687,0.313
B,0,2,ball,39,1,1,key_door,1,0.0,0.5128,0.4872
B,0,3,success,28,1,1,hazard,0,0.0,0.7143,0.2857
B,0,4,success,63,1,1,hazard,0,0.0635,0.8095,0.127
B,0,5,success,199,1,1,hazard,0,0.0201,0.7186,0.2613
B,0,6,success,20,1,1,navigate,0,0.2,0.4,0.4
B,0,7,lava,21,0,0,key_door,1,0.0,0.7619,0.2381
B,0,8,success,67,1,1,hazard,0,0.0,0.7015,0.2985
B,0,9,success,76,1,1,hazard,0,0.0,0.7368,0.2632
B,0,10,success,60,1,1,hazard,0,0.0667,0.7333,0.2
B,0,11,ball,343,1,1,key_door,1,0.0117,0.6297,0.3586
B,0,12,lava,1,0,0,key_door,1,0.0,0.0,1.0
B,0,13,success,174,1,1,hazard,0,0.046,0.7931,0.1609
B,0,14,success,69,1,1,hazard,0,0.0,0.7101,0.2899
B,0,15,success,87,1,1,hazard,0,0.0,0.8161,0.1839
B,0,16,lava,4,0,0,key_door,1,0.0,0.0,1.0
B,0,17,success,56,1,1,hazard,0,0.0,0.7143,0.2857
B,0,18,timeout,490,1,1,navigate,0,0.0204,0.7429,0.2367
B,0,19,success,94,1,1,hazard,0,0.0,0.7021,0.2979
B,0,20,success,26,1,1,key_door,0,0.0,0.7692,0.2308
B,0,21,success,307,1,1,hazard,0,0.0261,0.6482,0.3257
B,0,22,success,112,1,1,hazard,0,0.0357,0.8929,0.0714
B,0,23,lava,2,0,0,key_door,1,0.0,0.0,1.0
B,0,24,success,71,1,1,hazard,0,0.0,0.831,0.169
B,0,25,ball,181,1,1,key_door,1,0.0,0.7514,0.2486
B,0,26,success,65,1,1,hazard,0,0.0615,0.7538,0.1846
B,0,27,success,32,1,1,hazard,0,0.0,0.75,0.25
B,0,28,success,82,1,1,hazard,0,0.0,0.8537,0.1463
B,0,29,success,46,1,1,hazard,0,0.0,0.6522,0.3478
B,0,30,success,89,1,1,hazard,0,0.0,0.6854,0.3146
B,0,31,ball,133,1,1,key_door,1,0.0,0.6917,0.3083
B,0,32,success,68,1,1,hazard,0,0.0,0.7647,0.2353
B,0,33,ball,16,1,1,key_door,1,0.0,0.25,0.75
B,0,34,lava,2,0,0,key_door,1,0.0,0.0,1.0
B,0,35,success,257,1,1,key_door,0,0.0311,0.7782,0.1907
B,0,36,lava,160,1,1,key_door,1,0.0,0.675,0.325
B,0,37,success,45,1,1,hazard,0,0.0,0.8222,0.1778
B,0,38,success,94,1,1,hazard,0,0.0851,0.7021,0.2128
B,0,39,lava,66,0,0,key_door,1,0.0,0.7879,0.2121
B,0,40,success,109,1,1,hazard,0,0.0,0.7064,0.2936
B,0,41,success,83,1,1,hazard,0,0.0,0.8554,0.1446
B,0,42,lava,76,1,1,key_door,1,0.0,0.6316,0.3684
B,0,43,ball,49,1,1,key_door,1,0.0816,0.5714,0.3469
B,0,44,lava,16,0,0,key_door,1,0.0,0.5,0.5
B,0,45,ball,22,1,1,hazard,0,0.0,0.8182,0.1818
B,0,46,success,56,1,1,hazard,0,0.0,0.6429,0.3571
B,0,47,success,137,1,1,hazard,0,0.0,0.7372,0.2628
B,0,48,ball,44,1,1,key_door,1,0.0,0.5455,0.4545
B,0,49,success,114,1,1,hazard,0,0.0,0.7544,0.2456
B,0,50,success,47,1,1,hazard,0,0.0,0.8298,0.1702
B,0,51,ball,34,1,1,hazard,0,0.0,0.7647,0.2353
B,0,52,ball,151,1,1,hazard,0,0.0,0.7881,0.2119
B,0,53,success,111,1,1,hazard,0,0.036,0.6036,0.3604
B,0,54,success,58,1,1,hazard,0,0.0,0.5172,0.4828
B,0,55,success,152,1,1,hazard,0,0.0526,0.7632,0.1842
B,0,56,success,24,1,1,hazard,0,0.0,0.8333,0.1667
B,0,57,ball,80,1,1,key_door,1,0.0,0.6,0.4
B,0,58,lava,451,1,1,hazard,0,0.0089,0.7339,0.2572
B,0,59,success,100,1,1,hazard,0,0.04,0.68,0.28
B,0,60,ball,276,1,1,key_door,1,0.0,0.7246,0.2754
B,0,61,success,98,1,1,hazard,0,0.0,0.7959,0.2041
B,0,62,success,66,1,1,hazard,0,0.0,0.697,0.303
B,0,63,success,81,1,1,hazard,0,0.0494,0.8025,0.1481
B,0,64,success,44,1,1,hazard,0,0.0,0.6364,0.3636
B,0,65,success,42,1,1,hazard,0,0.0,0.7143,0.2857
B,0,66,ball,40,1,1,hazard,0,0.0,0.5,0.5
B,0,67,success,58,1,1,hazard,0,0.0,0.5172,0.4828
B,0,68,success,103,1,1,hazard,0,0.0,0.7282,0.2718
B,0,69,lava,19,0,0,key_door,1,0.0,0.6316,0.3684
B,0,70,success,76,1,1,hazard,0,0.0526,0.8421,0.1053
B,0,71,lava,73,0,0,key_door,1,0.0,0.6027,0.3973
B,0,72,success,64,1,1,hazard,0,0.0,0.5625,0.4375
B,0,73,success,19,1,1,hazard,0,0.0,0.5789,0.4211
B,0,74,ball,38,1,1,key_door,1,0.0,0.5263,0.4737
B,0,75,success,121,1,1,hazard,0,0.0,0.7355,0.2645
B,0,76,success,39,1,1,hazard,0,0.0,0.4872,0.5128
B,0,77,success,61,1,1,hazard,0,0.0,0.9344,0.0656
B,0,78,lava,36,0,0,key_door,1,0.0,0.6667,0.3333
B,0,79,success,344,1,1,hazard,0,0.0,0.7791,0.2209
B,0,80,success,113,1,1,hazard,0,0.0,0.7876,0.2124
B,0,81,success,49,1,1,hazard,0,0.0,0.7551,0.2449
B,0,82,ball,37,1,1,hazard,0,0.0,0.5676,0.4324
B,0,83,success,480,1,1,hazard,0,0.0,0.6917,0.3083
B,0,84,success,65,1,1,hazard,0,0.0,0.8154,0.1846
B,0,85,success,49,1,1,hazard,0,0.0816,0.7551,0.1633
B,0,86,ball,111,1,1,key_door,1,0.036,0.6126,0.3514
B,0,87,success,35,1,1,hazard,0,0.0,0.4286,0.5714
B,0,88,success,66,1,1,hazard,0,0.0,0.7576,0.2424
B,0,89,ball,20,1,1,key_door,1,0.0,0.6,0.4
B,0,90,success,24,1,1,hazard,0,0.0,0.6667,0.3333
B,0,91,success,45,1,1,hazard,0,0.0889,0.6444,0.2667
B,0,92,success,113,1,1,hazard,0,0.0,0.7168,0.2832
B,0,93,success,121,1,1,hazard,0,0.0,0.8347,0.1653
B,0,94,ball,73,1,1,key_door,1,0.0,0.6027,0.3973
B,0,95,ball,425,1,1,key_door,1,0.0282,0.7247,0.2471
B,0,96,lava,222,1,1,key_door,1,0.036,0.6306,0.3333
B,0,97,ball,193,1,1,hazard,0,0.0,0.7513,0.2487
B,0,98,ball,197,1,1,key_door,1,0.0,0.6497,0.3503
B,0,99,success,23,1,1,hazard,0,0.0,0.4783,0.5217
B,0,100,success,252,1,1,key_door,0,0.0159,0.8571,0.127
B,0,101,success,110,1,1,hazard,0,0.0,0.7818,0.2182
B,0,102,success,90,1,1,hazard,0,0.0,0.7778,0.2222
B,0,103,success,41,1,1,navigate,0,0.0244,0.6829,0.2927
B,0,104,ball,62,1,1,key_door,1,0.0,0.5161,0.4839
B,0,105,ball,22,1,1,hazard,0,0.0,0.8182,0.1818
B,0,106,success,182,1,1,hazard,0,0.0,0.7802,0.2198
B,0,107,ball,39,1,1,hazard,0,0.0,1.0,0.0
B,0,108,success,59,1,1,hazard,0,0.0678,0.7288,0.2034
B,0,109,ball,245,1,1,key_door,1,0.0327,0.8,0.1673
B,0,110,success,62,1,1,hazard,0,0.0,0.7419,0.2581
B,0,111,ball,140,1,1,key_door,1,0.0,0.8571,0.1429
B,0,112,ball,142,1,1,key_door,1,0.0,0.7324,0.2676
B,0,113,success,19,1,1,hazard,0,0.0,0.3684,0.6316
B,0,114,success,108,1,1,hazard,0,0.0,0.8519,0.1481
B,0,115,success,143,1,1,hazard,0,0.0,0.8042,0.1958
B,0,116,success,141,1,1,hazard,0,0.0,0.8865,0.1135
B,0,117,success,58,1,1,hazard,0,0.0,0.7241,0.2759
B,0,118,success,72,1,1,hazard,0,0.0,0.7778,0.2222
B,0,119,success,86,1,1,key_door,0,0.0465,0.6047,0.3488
B,0,120,success,33,1,1,hazard,0,0.0,0.8788,0.1212
B,0,121,success,75,1,1,hazard,0,0.0533,0.7867,0.16
B,0,122,success,54,1,1,hazard,0,0.0,0.6296,0.3704
B,0,123,success,95,1,1,hazard,0,0.0,0.9158,0.0842
B,0,124,lava,89,1,1,key_door,1,0.0449,0.809,0.1461
B,0,125,success,68,1,1,hazard,0,0.0,0.7059,0.2941
B,0,126,success,33,1,1,hazard,0,0.0,0.6364,0.3636
B,0,127,success,122,1,1,hazard,0,0.0328,0.8361,0.1311
B,0,128,success,154,1,1,hazard,0,0.026,0.7922,0.1818
B,0,129,success,82,1,1,hazard,0,0.0,0.7561,0.2439
B,0,130,lava,107,1,1,navigate,1,0.028,0.6355,0.3364
B,0,131,lava,64,0,0,key_door,1,0.0,0.75,0.25
B,0,132,success,50,1,1,hazard,0,0.0,0.68,0.32
B,0,133,ball,40,1,1,key_door,1,0.0,0.7,0.3
B,0,134,ball,53,1,1,key_door,1,0.0,0.8302,0.1698
B,0,135,success,60,1,1,hazard,0,0.0,0.4667,0.5333
B,0,136,lava,6,0,0,key_door,1,0.0,0.6667,0.3333
B,0,137,success,32,1,1,hazard,0,0.0,0.625,0.375
B,0,138,lava,102,1,1,key_door,1,0.0,0.7843,0.2157
B,0,139,success,53,1,1,hazard,0,0.0,0.6981,0.3019
B,0,140,success,68,1,1,hazard,0,0.0588,0.7647,0.1765
B,0,141,success,222,1,1,hazard,0,0.0,0.8198,0.1802
B,0,142,success,35,1,1,hazard,0,0.0,0.8857,0.1143
B,0,143,success,51,1,1,hazard,0,0.0,0.7647,0.2353
B,0,144,ball,144,1,1,key_door,1,0.0,0.6667,0.3333
B,0,145,success,114,1,1,hazard,0,0.0,0.7193,0.2807
B,0,146,success,16,1,1,hazard,0,0.0,0.75,0.25
B,0,147,success,45,1,1,hazard,0,0.0,0.7333,0.2667
B,0,148,success,98,1,1,hazard,0,0.0,0.7143,0.2857
B,0,149,ball,59,1,1,key_door,1,0.0,0.8136,0.1864
B,0,150,success,73,1,1,hazard,0,0.0548,0.5616,0.3836
B,0,151,ball,300,1,1,key_door,1,0.0,0.76,0.24
B,0,152,ball,87,1,1,key_door,1,0.046,0.7356,0.2184
B,0,153,success,154,1,1,hazard,0,0.026,0.7403,0.2338
B,0,154,success,69,1,1,hazard,0,0.0,0.7681,0.2319
B,0,155,lava,198,1,1,key_door,1,0.0,0.6465,0.3535
B,0,156,success,65,1,1,hazard,0,0.0615,0.6923,0.2462
B,0,157,lava,180,1,1,key_door,1,0.0,0.7778,0.2222
B,0,158,success,59,1,1,hazard,0,0.0678,0.7288,0.2034
B,0,159,success,77,1,1,hazard,0,0.0,0.7403,0.2597
B,0,160,success,51,1,1,hazard,0,0.0,0.7647,0.2353
B,0,161,success,64,1,1,hazard,0,0.0625,0.75,0.1875
B,0,162,success,67,1,1,hazard,0,0.0,0.7015,0.2985
B,0,163,success,156,1,1,hazard,0,0.0256,0.7179,0.2564
B,0,164,success,87,1,1,hazard,0,0.046,0.6322,0.3218
B,0,165,success,134,1,1,hazard,0,0.0,0.7313,0.2687
B,0,166,ball,35,1,1,key_door,1,0.0,0.6857,0.3143
B,0,167,success,46,1,1,hazard,0,0.0,0.7391,0.2609
B,0,168,success,26,1,1,hazard,0,0.0,0.5385,0.4615
B,0,169,success,45,1,1,hazard,0,0.0,0.7333,0.2667
B,0,170,success,273,1,1,hazard,0,0.0147,0.7949,0.1905
B,0,171,success,119,1,1,hazard,0,0.0,0.6303,0.3697
B,0,172,timeout,490,0,0,hazard,0,0.0082,0.7551,0.2367
B,0,173,success,31,1,1,hazard,0,0.0,0.6129,0.3871
B,0,174,lava,35,1,1,key_door,1,0.0,0.6857,0.3143
B,0,175,lava,19,0,0,key_door,1,0.0,0.4211,0.5789
B,0,176,success,75,1,1,hazard,0,0.0533,0.84,0.1067
B,0,177,ball,308,1,1,key_door,1,0.013,0.7662,0.2208
B,0,178,success,39,1,1,hazard,0,0.0,0.7949,0.2051
B,0,179,ball,30,1,1,hazard,0,0.0,0.7333,0.2667
B,0,180,success,358,1,1,hazard,0,0.0112,0.7207,0.2682
B,0,181,success,103,1,1,hazard,0,0.0,0.767,0.233
B,0,182,success,23,1,1,hazard,0,0.0,0.4783,0.5217
B,0,183,success,133,1,1,hazard,0,0.0,0.8195,0.1805
B,0,184,success,33,1,1,hazard,0,0.0,0.6364,0.3636
B,0,185,ball,50,1,1,navigate,1,0.04,0.88,0.08
B,0,186,success,52,1,1,hazard,0,0.0,0.8462,0.1538
B,0,187,success,103,1,1,hazard,0,0.0388,0.6893,0.2718
B,0,188,success,45,1,1,hazard,0,0.0889,0.5556,0.3556
B,0,189,ball,148,1,1,key_door,1,0.0,0.7027,0.2973
B,0,190,success,140,1,1,hazard,0,0.0,0.9429,0.0571
B,0,191,ball,165,1,1,key_door,1,0.0242,0.7758,0.2
B,0,192,ball,129,1,1,key_door,1,0.062,0.7132,0.2248
B,0,193,success,48,1,1,hazard,0,0.0,0.6667,0.3333
B,0,194,success,47,1,1,hazard,0,0.0,0.5745,0.4255
B,0,195,ball,19,1,1,hazard,0,0.0,0.5789,0.4211
B,0,196,success,73,1,1,hazard,0,0.0,0.6712,0.3288
B,0,197,success,227,1,1,hazard,0,0.0176,0.7357,0.2467
B,0,198,success,136,1,1,hazard,0,0.0,0.7059,0.2941
B,0,199,ball,34,1,1,hazard,0,0.2353,0.7647,0.0
B,0,200,success,162,1,1,hazard,0,0.0247,0.7778,0.1975
B,0,201,success,58,1,1,hazard,0,0.0,0.5862,0.4138
B,0,202,success,42,1,1,hazard,0,0.0,0.619,0.381
B,0,203,success,117,1,1,hazard,0,0.0,0.7949,0.2051
B,0,204,ball,48,1,1,key_door,1,0.0,0.5833,0.4167
B,0,205,ball,100,1,1,key_door,1,0.0,0.68,0.32
B,0,206,success,60,1,1,hazard,0,0.0,0.7333,0.2667
B,0,207,success,104,1,1,hazard,0,0.0385,0.7692,0.1923
B,0,208,success,40,1,1,hazard,0,0.0,0.7,0.3
B,0,209,success,44,1,1,hazard,0,0.0,0.7273,0.2727
B,0,210,success,59,1,1,key_door,0,0.0,0.4746,0.5254
B,0,211,lava,32,0,0,key_door,1,0.0,0.5,0.5
B,0,212,success,56,1,1,hazard,0,0.0,0.7143,0.2857
B,0,213,success,53,1,1,hazard,0,0.0,0.6226,0.3774
B,0,214,success,104,1,1,hazard,0,0.0,0.7308,0.2692
B,0,215,ball,24,1,1,hazard,0,0.0,0.5,0.5
B,0,216,success,45,1,1,hazard,0,0.0,0.8222,0.1778
B,0,217,success,51,1,1,hazard,0,0.0,0.7647,0.2353
B,0,218,lava,6,0,0,key_door,1,0.0,0.0,1.0
B,0,219,success,74,1,1,hazard,0,0.0,0.7297,0.2703
B,0,220,success,20,1,1,hazard,0,0.2,0.6,0.2
B,0,221,lava,9,0,0,key_door,1,0.0,0.8889,0.1111
B,0,222,ball,103,1,1,key_door,1,0.0388,0.7379,0.2233
B,0,223,success,170,1,1,hazard,0,0.0235,0.7176,0.2588
B,0,224,success,244,1,1,hazard,0,0.0,0.6721,0.3279
B,0,225,success,41,1,1,hazard,0,0.0,0.8049,0.1951
B,0,226,success,42,1,1,hazard,0,0.0,0.7143,0.2857
B,0,227,ball,58,1,1,key_door,1,0.0,0.8966,0.1034
B,0,228,lava,18,1,0,key_door,1,0.0,0.8889,0.1111
B,0,229,success,120,1,1,hazard,0,0.0,0.8,0.2
B,0,230,success,37,1,1,hazard,0,0.0,0.4595,0.5405
B,0,231,success,51,1,1,hazard,0,0.0,0.7647,0.2353
B,0,232,success,57,1,1,navigate,0,0.0175,0.6316,0.3509
B,0,233,success,50,1,1,hazard,0,0.0,0.76,0.24
B,0,234,success,39,1,1,hazard,0,0.0,0.6923,0.3077
B,0,235,success,24,1,1,hazard,0,0.0,0.6667,0.3333
B,0,236,ball,55,1,1,key_door,1,0.0,0.6545,0.3455
B,0,237,success,61,1,1,hazard,0,0.0656,0.6066,0.3279
B,0,238,lava,158,1,1,navigate,1,0.038,0.8354,0.1266
B,0,239,success,23,1,1,hazard,0,0.0,0.6522,0.3478
B,0,240,success,245,1,1,hazard,0,0.0163,0.6898,0.2939
B,0,241,success,93,1,1,hazard,0,0.0,0.7849,0.2151
B,0,242,ball,31,1,1,key_door,1,0.0,0.7742,0.2258
B,0,243,lava,15,1,0,key_door,1,0.0,0.5333,0.4667
B,0,244,ball,93,1,1,key_door,1,0.0,0.7312,0.2688
B,0,245,success,34,1,1,hazard,0,0.0,0.7647,0.2353
B,0,246,ball,24,1,1,key_door,1,0.0,0.6667,0.3333
B,0,247,success,96,1,1,hazard,0,0.0,0.7917,0.2083
B,0,248,success,43,1,1,hazard,0,0.186,0.6279,0.186
B,0,249,success,76,1,1,hazard,0,0.0,0.7368,0.2632
B,0,250,success,247,1,1,hazard,0,0.0,0.7733,0.2267
B,0,251,success,133,1,1,hazard,0,0.0,0.7594,0.2406
B,0,252,success,85,1,1,hazard,0,0.0,0.8118,0.1882
B,0,253,success,89,1,1,hazard,0,0.0,0.6854,0.3146
B,0,254,ball,24,1,1,key_door,1,0.0,0.3333,0.6667
B,0,255,success,64,1,1,hazard,0,0.0625,0.8125,0.125
B,0,256,ball,281,1,1,key_door,1,0.0,0.7117,0.2883
B,0,257,lava,10,1,0,key_door,1,0.0,0.4,0.6
B,0,258,success,53,1,1,hazard,0,0.0755,0.8491,0.0755
B,0,259,lava,36,1,0,key_door,1,0.1111,0.7778,0.1111
B,0,260,success,109,1,1,hazard,0,0.0367,0.8165,0.1468
B,0,261,ball,139,1,1,hazard,0,0.0,0.7122,0.2878
B,0,262,lava,303,1,1,key_door,1,0.0132,0.6733,0.3135
B,0,263,success,199,1,1,hazard,0,0.0402,0.6583,0.3015
B,0,264,timeout,490,1,1,hazard,0,0.0163,0.7143,0.2694
B,0,265,success,36,1,1,hazard,0,0.0,0.8889,0.1111
B,0,266,success,50,1,1,hazard,0,0.08,0.76,0.16
B,0,267,success,243,1,1,hazard,0,0.0,0.786,0.214
B,0,268,success,32,1,1,hazard,0,0.0,0.875,0.125
B,0,269,success,123,1,1,hazard,0,0.0,0.7724,0.2276
B,0,270,ball,108,1,1,key_door,1,0.0,0.7778,0.2222
B,0,271,success,40,1,1,hazard,0,0.0,0.6,0.4
B,0,272,success,199,1,1,hazard,0,0.0,0.799,0.201
B,0,273,success,91,1,1,hazard,0,0.0,0.6484,0.3516
B,0,274,ball,46,1,1,key_door,1,0.0,0.5217,0.4783
B,0,275,success,30,1,1,key_door,0,0.0,0.8,0.2
B,0,276,success,35,1,1,hazard,0,0.0,0.7714,0.2286
B,0,277,success,112,1,1,hazard,0,0.0,0.7143,0.2857
B,0,278,success,45,1,1,hazard,0,0.0,0.6444,0.3556
B,0,279,success,50,1,1,navigate,0,0.04,0.88,0.08
B,0,280,success,21,1,1,hazard,0,0.0,0.619,0.381
B,0,281,ball,28,1,1,key_door,1,0.0,0.5714,0.4286
B,0,282,success,53,1,1,hazard,0,0.0,0.4717,0.5283
B,0,283,success,17,1,1,hazard,0,0.0,0.5294,0.4706
B,0,284,success,74,1,1,hazard,0,0.0,0.7838,0.2162
B,0,285,success,84,1,1,hazard,0,0.0476,0.8095,0.1429
B,0,286,success,130,1,1,hazard,0,0.0308,0.7846,0.1846
B,0,287,success,86,1,1,hazard,0,0.0,0.6744,0.3256
B,0,288,success,48,1,1,hazard,0,0.0833,0.5,0.4167
B,0,289,success,67,1,1,hazard,0,0.0,0.8209,0.1791
B,0,290,lava,3,0,0,key_door,1,0.0,0.0,1.0
B,0,291,success,106,1,1,hazard,0,0.0,0.6981,0.3019
B,0,292,success,217,1,1,hazard,0,0.0,0.7604,0.2396
B,0,293,success,60,1,1,hazard,0,0.0,0.8667,0.1333
B,0,294,ball,63,1,1,key_door,1,0.0,0.6984,0.3016
B,0,295,success,35,1,1,hazard,0,0.0,0.6571,0.3429
B,0,296,lava,4,0,0,navigate,1,1.0,0.0,0.0
B,0,297,lava,138,1,1,hazard,0,0.0,0.7681,0.2319
B,0,298,success,34,1,1,hazard,0,0.0,0.6471,0.3529
B,0,299,ball,46,1,1,key_door,1,0.087,0.6087,0.3043
B,0,300,timeout,490,0,0,hazard,0,0.0,0.7551,0.2449
B,0,301,success,46,1,1,hazard,0,0.0,0.6522,0.3478
B,0,302,ball,43,1,1,key_door,1,0.0,0.5581,0.4419
B,0,303,lava,48,1,0,key_door,1,0.0833,0.6667,0.25
B,0,304,success,58,1,1,hazard,0,0.0,0.7241,0.2759
B,0,305,lava,6,0,0,key_door,1,0.0,0.6667,0.3333
B,0,306,lava,31,0,0,key_door,1,0.129,0.6452,0.2258
B,0,307,success,65,1,1,hazard,0,0.0,0.5077,0.4923
B,0,308,success,99,1,1,hazard,0,0.0,0.7576,0.2424
B,0,309,success,191,1,1,hazard,0,0.0,0.7696,0.2304
B,0,310,success,94,1,1,hazard,0,0.0426,0.617,0.3404
B,0,311,success,32,1,1,hazard,0,0.0,0.75,0.25
B,0,312,success,80,1,1,hazard,0,0.0,0.9,0.1
B,0,313,success,140,1,1,hazard,0,0.0,0.7429,0.2571
B,0,314,ball,25,1,1,key_door,1,0.16,0.64,0.2
B,0,315,success,126,1,1,hazard,0,0.0,0.746,0.254
B,0,316,ball,131,1,1,navigate,1,0.0229,0.7634,0.2137
B,0,317,success,111,1,1,hazard,0,0.0,0.7838,0.2162
B,0,318,success,56,1,1,hazard,0,0.0,0.7143,0.2857
B,0,319,success,113,1,1,hazard,0,0.0,0.7876,0.2124
B,0,320,ball,81,1,1,hazard,0,0.0,0.6543,0.3457
B,0,321,ball,309,1,1,key_door,1,0.0129,0.8285,0.1586
B,0,322,success,91,1,1,hazard,0,0.0,0.6484,0.3516
B,0,323,ball,64,1,1,hazard,0,0.0625,0.75,0.1875
B,0,324,success,239,1,1,hazard,0,0.0,0.682,0.318
B,0,325,success,79,1,1,hazard,0,0.0,0.6456,0.3544
B,0,326,success,51,1,1,hazard,0,0.0,0.6863,0.3137
B,0,327,success,20,1,1,hazard,0,0.0,0.6,0.4
B,0,328,success,28,1,1,hazard,0,0.0,0.5714,0.4286
B,0,329,lava,4,1,0,key_door,1,0.0,0.0,1.0
B,0,330,success,142,1,1,hazard,0,0.0,0.7183,0.2817
B,0,331,ball,304,1,1,key_door,1,0.0,0.7237,0.2763
B,0,332,success,96,1,1,hazard,0,0.0,0.7917,0.2083
B,0,333,success,105,1,1,hazard,0,0.0,0.8095,0.1905
B,0,334,ball,34,1,1,hazard,0,0.0,0.4118,0.5882
B,0,335,success,170,1,1,hazard,0,0.0,0.7176,0.2824
B,0,336,success,137,1,1,hazard,0,0.0,0.854,0.146
B,0,337,success,25,1,1,hazard,0,0.0,0.36,0.64
B,0,338,ball,39,1,1,navigate,1,0.0769,0.7179,0.2051
B,0,339,ball,43,1,1,hazard,0,0.0,0.7209,0.2791
B,0,340,success,31,1,1,key_door,0,0.0,0.3871,0.6129
B,0,341,lava,11,0,0,key_door,1,0.0,0.7273,0.2727
B,0,342,success,121,1,1,hazard,0,0.0,0.7686,0.2314
B,0,343,success,219,1,1,hazard,0,0.0,0.7443,0.2557
B,0,344,success,15,1,1,hazard,0,0.0,0.2,0.8
B,0,345,success,32,1,1,hazard,0,0.0,0.5,0.5
B,0,346,lava,2,0,0,key_door,1,0.0,0.0,1.0
B,0,347,success,36,1,1,hazard,0,0.0,0.5556,0.4444
B,0,348,ball,45,1,1,key_door,1,0.0,0.8,0.2
B,0,349,success,24,1,1,hazard,0,0.0,0.6667,0.3333
B,0,350,lava,27,0,0,key_door,1,0.0,0.8889,0.1111
B,0,351,lava,3,0,0,key_door,1,0.0,0.0,1.0
B,0,352,ball,16,1,1,key_door,1,0.0,0.75,0.25
B,0,353,success,61,1,1,hazard,0,0.0,0.6066,0.3934
B,0,354,success,30,1,1,hazard,0,0.1333,0.6,0.2667
B,0,355,ball,30,1,1,key_door,1,0.0,0.4,0.6
B,0,356,success,124,1,1,hazard,0,0.0,0.6452,0.3548
B,0,357,ball,30,1,1,key_door,1,0.0,0.6667,0.3333
B,0,358,success,80,1,1,hazard,0,0.0,0.65,0.35
B,0,359,success,49,1,1,hazard,0,0.0,0.5918,0.4082
B,0,360,success,24,1,1,hazard,0,0.0,0.8333,0.1667
B,0,361,success,131,1,1,hazard,0,0.0,0.6947,0.3053
B,0,362,success,21,1,1,hazard,0,0.0,0.4286,0.5714
B,0,363,success,44,1,1,key_door,0,0.0,0.5455,0.4545
B,0,364,success,22,1,1,hazard,0,0.0,0.6364,0.3636
B,0,365,lava,50,0,0,key_door,1,0.0,0.88,0.12
B,0,366,ball,103,1,1,key_door,1,0.0,0.8544,0.1456
B,0,367,lava,2,0,0,key_door,1,0.0,0.0,1.0
B,0,368,success,76,1,1,hazard,0,0.0,0.6842,0.3158
B,0,369,success,72,1,1,navigate,0,0.1111,0.6111,0.2778
B,0,370,success,100,1,1,hazard,0,0.0,0.76,0.24
B,0,371,ball,266,1,1,hazard,0,0.0,0.8195,0.1805
B,0,372,lava,14,0,0,key_door,1,0.0,0.8571,0.1429
B,0,373,ball,208,1,1,navigate,1,0.0192,0.75,0.2308
B,0,374,success,43,1,1,hazard,0,0.0,0.6279,0.3721
B,0,375,success,57,1,1,hazard,0,0.0,0.5789,0.4211
B,0,376,ball,70,1,1,key_door,1,0.0,0.8,0.2
B,0,377,success,115,1,1,hazard,0,0.0,0.687,0.313
B,0,378,success,134,1,1,hazard,0,0.0299,0.791,0.1791
B,0,379,success,83,1,1,hazard,0,0.0,0.8554,0.1446
B,0,380,ball,161,1,1,hazard,0,0.0248,0.8012,0.1739
B,0,381,success,31,1,1,hazard,0,0.0,0.7419,0.2581
B,0,382,success,46,1,1,hazard,0,0.0,0.913,0.087
B,0,383,success,24,1,1,hazard,0,0.1667,0.6667,0.1667
B,0,384,success,121,1,1,hazard,0,0.0,0.7686,0.2314
B,0,385,success,59,1,1,hazard,0,0.0,0.661,0.339
B,0,386,success,53,1,1,hazard,0,0.0,0.8491,0.1509
B,0,387,lava,121,1,1,key_door,1,0.0,0.7603,0.2397
B,0,388,ball,15,1,1,key_door,1,0.0,0.2667,0.7333
B,0,389,ball,330,1,1,hazard,0,0.0,0.7333,0.2667
B,0,390,success,62,1,1,hazard,0,0.0,0.7419,0.2581
B,0,391,lava,39,0,0,key_door,1,0.0,0.7179,0.2821
B,0,392,success,174,1,1,hazard,0,0.0,0.8161,0.1839
B,0,393,ball,25,1,1,key_door,1,0.0,0.32,0.68
B,0,394,ball,165,1,1,key_door,1,0.0242,0.8,0.1758
B,0,395,success,34,1,1,hazard,0,0.0,0.6471,0.3529
B,0,396,success,69,1,1,key_door,0,0.0,0.7536,0.2464
B,0,397,ball,41,1,1,key_door,1,0.0,0.6829,0.3171
B,0,398,success,114,1,1,hazard,0,0.0,0.6842,0.3158
B,0,399,success,13,1,1,hazard,0,0.0,0.6923,0.3077
B,0,400,success,50,1,1,hazard,0,0.0,0.84,0.16
B,0,401,success,34,1,1,hazard,0,0.0,0.5294,0.4706
B,0,402,success,172,1,1,hazard,0,0.0,0.7442,0.2558
B,0,403,success,175,1,1,hazard,0,0.0,0.7029,0.2971
B,0,404,success,23,1,1,hazard,0,0.0,0.6522,0.3478
B,0,405,ball,64,1,1,key_door,1,0.0,0.625,0.375
B,0,406,ball,62,1,1,key_door,1,0.0,0.7097,0.2903
B,0,407,timeout,490,1,1,hazard,0,0.0082,0.7469,0.2449
B,0,408,success,135,1,1,hazard,0,0.0,0.7926,0.2074
B,0,409,success,45,1,1,hazard,0,0.0,0.6444,0.3556
B,0,410,success,58,1,1,hazard,0,0.0,0.7931,0.2069
B,0,411,success,47,1,1,hazard,0,0.0,0.8298,0.1702
B,0,412,lava,8,0,0,key_door,1,0.0,0.5,0.5
B,0,413,success,85,1,1,hazard,0,0.0,0.7176,0.2824
B,0,414,success,104,1,1,hazard,0,0.0769,0.7692,0.1538
B,0,415,success,132,1,1,hazard,0,0.0,0.8182,0.1818
B,0,416,success,74,1,1,hazard,0,0.0541,0.8378,0.1081
B,0,417,success,60,1,1,hazard,0,0.0,0.7333,0.2667
B,0,418,ball,60,1,1,key_door,1,0.0,0.6667,0.3333
B,0,419,success,64,1,1,hazard,0,0.0,0.625,0.375
B,0,420,ball,221,1,1,navigate,1,0.0226,0.7964,0.181
B,0,421,ball,178,1,1,hazard,0,0.0,0.7528,0.2472
B,0,422,success,26,1,1,hazard,0,0.0,0.5385,0.4615
B,0,423,lava,44,0,0,key_door,1,0.0909,0.5455,0.3636
B,0,424,ball,99,1,1,key_door,1,0.0404,0.8889,0.0707
B,0,425,success,82,1,1,hazard,0,0.0488,0.7561,0.1951
B,0,426,success,30,1,1,hazard,0,0.0,0.6,0.4
B,0,427,ball,63,1,1,key_door,1,0.0,0.5714,0.4286
B,0,428,success,114,1,1,hazard,0,0.0,0.8596,0.1404
B,0,429,success,52,1,1,hazard,0,0.0,0.7692,0.2308
B,0,430,success,48,1,1,hazard,0,0.0,0.6667,0.3333
B,0,431,success,35,1,1,hazard,0,0.0,0.4286,0.5714
B,0,432,success,33,1,1,hazard,0,0.0,0.3939,0.6061
B,0,433,ball,38,1,1,key_door,1,0.0,0.5263,0.4737
B,0,434,success,66,1,1,hazard,0,0.0606,0.7576,0.1818
B,0,435,success,43,1,1,hazard,0,0.0,0.907,0.093
B,0,436,ball,60,1,1,key_door,1,0.0,0.7333,0.2667
B,0,437,lava,4,0,0,key_door,1,0.0,0.0,1.0
B,0,438,lava,35,0,0,key_door,1,0.0,0.8,0.2
B,0,439,ball,52,1,1,key_door,1,0.0,0.6923,0.3077
B,0,440,success,57,1,1,hazard,0,0.0,0.7895,0.2105
B,0,441,success,72,1,1,hazard,0,0.0556,0.8889,0.0556
B,0,442,ball,42,1,1,hazard,0,0.0,0.9048,0.0952
B,0,443,success,39,1,1,hazard,0,0.0,0.5897,0.4103
B,0,444,success,40,1,1,hazard,0,0.0,0.8,0.2
B,0,445,lava,102,1,1,key_door,1,0.0392,0.6667,0.2941
B,0,446,success,88,1,1,hazard,0,0.0,0.9091,0.0909
B,0,447,lava,123,1,1,key_door,1,0.0325,0.5854,0.3821
B,0,448,success,102,1,1,hazard,0,0.0,0.6863,0.3137
B,0,449,success,91,1,1,hazard,0,0.0,0.8242,0.1758
B,0,450,success,91,1,1,navigate,0,0.033,0.6593,0.3077
B,0,451,ball,21,1,1,hazard,0,0.0,0.4286,0.5714
B,0,452,lava,18,0,0,key_door,1,0.0,0.8889,0.1111
B,0,453,success,33,1,1,hazard,0,0.0,0.5152,0.4848
B,0,454,lava,118,1,1,key_door,1,0.0,0.7119,0.2881
B,0,455,success,86,1,1,hazard,0,0.0,0.814,0.186
B,0,456,lava,3,0,0,key_door,1,0.0,0.0,1.0
B,0,457,success,318,1,1,hazard,0,0.0377,0.7358,0.2264
B,0,458,ball,90,1,1,key_door,1,0.0,0.6222,0.3778
B,0,459,success,66,1,1,hazard,0,0.0,0.7576,0.2424
B,0,460,lava,35,0,0,hazard,0,0.0,1.0,0.0
B,0,461,ball,110,1,1,key_door,1,0.0727,0.7636,0.1636
B,0,462,lava,7,1,0,hazard,0,0.0,1.0,0.0
B,0,463,success,26,1,1,hazard,0,0.0,0.5385,0.4615
B,0,464,lava,144,1,1,key_door,1,0.0,0.6389,0.3611
B,0,465,ball,47,1,1,hazard,0,0.0,0.7447,0.2553
B,0,466,success,64,1,1,hazard,0,0.0,0.9375,0.0625
B,0,467,success,41,1,1,hazard,0,0.0976,0.6098,0.2927
B,0,468,ball,39,1,1,key_door,1,0.0,0.6154,0.3846
B,0,469,success,78,1,1,hazard,0,0.0,0.8462,0.1538
B,0,470,success,51,1,1,hazard,0,0.0,0.6863,0.3137
B,0,471,success,34,1,1,hazard,0,0.1176,0.8824,0.0
B,0,472,success,84,1,1,hazard,0,0.0,0.7143,0.2857
B,0,473,success,318,1,1,hazard,0,0.0,0.7107,0.2893
B,0,474,ball,62,1,1,hazard,0,0.0,0.9355,0.0645
B,0,475,lava,3,0,0,key_door,1,0.0,0.0,1.0
B,0,476,success,285,1,1,hazard,0,0.014,0.8596,0.1263
B,0,477,success,137,1,1,hazard,0,0.0,0.8248,0.1752
B,0,478,lava,12,0,0,key_door,1,0.0,0.6667,0.3333
B,0,479,lava,39,0,0,key_door,1,0.2051,0.6154,0.1795
B,0,480,success,310,1,1,hazard,0,0.0,0.7419,0.2581
B,0,481,success,38,1,1,hazard,0,0.0,0.6842,0.3158
B,0,482,ball,356,1,1,navigate,1,0.0225,0.7753,0.2022
B,0,483,lava,81,1,1,hazard,0,0.0494,0.7531,0.1975
B,0,484,success,62,1,1,hazard,0,0.0,0.8065,0.1935
B,0,485,success,79,1,1,hazard,0,0.0,0.7468,0.2532
B,0,486,success,67,1,1,hazard,0,0.0,0.7612,0.2388
B,0,487,ball,156,1,1,key_door,1,0.0256,0.6923,0.2821
B,0,488,success,34,1,1,hazard,0,0.0,0.6471,0.3529
B,0,489,success,139,1,1,hazard,0,0.0,0.7122,0.2878
B,0,490,ball,66,1,1,key_door,1,0.0,0.6667,0.3333
B,0,491,success,101,1,1,hazard,0,0.0,0.7624,0.2376
B,0,492,success,66,1,1,hazard,0,0.0,0.697,0.303
B,0,493,success,137,1,1,hazard,0,0.0,0.708,0.292
B,0,494,success,88,1,1,hazard,0,0.0455,0.7273,0.2273
B,0,495,success,29,1,1,hazard,0,0.0,0.7241,0.2759
B,0,496,success,49,1,1,hazard,0,0.0,0.7551,0.2449
B,0,497,success,43,1,1,hazard,0,0.0,0.6279,0.3721
B,0,498,lava,20,0,0,key_door,1,0.0,0.6,0.4
B,0,499,success,40,1,1,hazard,0,0.0,0.9,0.1
B,1,0,success,13,1,1,hazard,0,0.0,0.0769,0.9231
B,1,1,success,34,1,1,hazard,0,0.0,0.7647,0.2353
B,1,2,success,60,1,1,hazard,0,0.0,0.9333,0.0667
B,1,3,success,39,1,1,hazard,0,0.0,0.6923,0.3077
B,1,4,ball,79,1,1,key_door,1,0.0,0.7089,0.2911
B,1,5,ball,67,1,1,key_door,1,0.0,0.4776,0.5224
B,1,6,ball,62,1,1,key_door,1,0.0,0.7742,0.2258
B,1,7,lava,10,0,0,key_door,1,0.0,0.8,0.2
B,1,8,ball,88,1,1,key_door,1,0.0,0.6818,0.3182
B,1,9,ball,96,1,1,key_door,1,0.0,0.6667,0.3333
B,1,10,success,35,1,1,hazard,0,0.0,0.7714,0.2286
B,1,11,success,121,1,1,key_door,0,0.0,0.8264,0.1736
B,1,12,ball,58,1,1,key_door,1,0.0,0.7586,0.2414
B,1,13,success,53,1,1,hazard,0,0.0,0.7736,0.2264
B,1,14,lava,62,1,1,key_door,1,0.0,0.8387,0.1613
B,1,15,success,26,1,1,hazard,0,0.0,0.5385,0.4615
B,1,16,success,54,1,1,hazard,0,0.0,0.6296,0.3704
B,1,17,success,156,1,1,hazard,0,0.0,0.8462,0.1538
B,1,18,lava,289,1,1,key_door,1,0.0,0.8028,0.1972
B,1,19,success,152,1,1,hazard,0,0.0,0.8158,0.1842
B,1,20,success,20,1,1,hazard,0,0.0,0.6,0.4
B,1,21,success,72,1,1,hazard,0,0.0,0.7778,0.2222
B,1,22,lava,8,0,0,key_door,1,0.0,0.5,0.5
B,1,23,lava,2,0,0,key_door,1,0.0,0.0,1.0
B,1,24,ball,181,1,1,hazard,0,0.0,0.6906,0.3094
B,1,25,success,75,1,1,hazard,0,0.0,0.84,0.16
B,1,26,lava,54,1,1,key_door,1,0.0,0.7407,0.2593
B,1,27,success,347,1,1,key_door,0,0.0,0.7954,0.2046
B,1,28,success,36,1,1,hazard,0,0.0,0.6667,0.3333
B,1,29,ball,21,1,1,key_door,1,0.0,0.381,0.619
B,1,30,success,33,1,1,hazard,0,0.0,0.5152,0.4848
B,1,31,ball,69,1,1,key_door,1,0.0,0.8116,0.1884
B,1,32,success,42,1,1,key_door,0,0.0,0.7619,0.2381
B,1,33,success,67,1,1,hazard,0,0.0,0.7015,0.2985
B,1,34,success,48,1,1,hazard,0,0.0,0.8333,0.1667
B,1,35,ball,45,1,1,key_door,1,0.0,0.7111,0.2889
B,1,36,success,108,1,1,hazard,0,0.0,0.8519,0.1481
B,1,37,success,65,1,1,hazard,0,0.0,0.7538,0.2462
B,1,38,success,34,1,1,hazard,0,0.0,0.5294,0.4706
B,1,39,lava,6,1,0,key_door,1,0.0,0.0,1.0
B,1,40,success,88,1,1,hazard,0,0.0,0.7727,0.2273
B,1,41,success,85,1,1,hazard,0,0.0,0.7176,0.2824
B,1,42,success,126,1,1,hazard,0,0.0,0.9048,0.0952
B,1,43,success,61,1,1,hazard,0,0.0,0.6721,0.3279
B,1,44,success,226,1,1,hazard,0,0.0,0.7699,0.2301
B,1,45,lava,6,0,0,key_door,1,0.0,0.6667,0.3333
B,1,46,success,59,1,1,hazard,0,0.0,0.7966,0.2034
B,1,47,ball,131,1,1,key_door,1,0.0,0.8244,0.1756
B,1,48,success,10,1,1,hazard,0,0.0,0.2,0.8
B,1,49,success,106,1,1,hazard,0,0.0,0.8113,0.1887
B,1,50,success,39,1,1,hazard,0,0.0,0.5897,0.4103
B,1,51,success,88,1,1,hazard,0,0.0,0.7273,0.2727
B,1,52,success,95,1,1,hazard,0,0.0,0.7053,0.2947
B,1,53,success,41,1,1,hazard,0,0.0,0.8049,0.1951
B,1,54,success,51,1,1,hazard,0,0.0,0.8431,0.1569
B,1,55,success,26,1,1,hazard,0,0.0,0.8462,0.1538
B,1,56,success,219,1,1,hazard,0,0.0,0.8356,0.1644
B,1,57,lava,13,0,0,key_door,1,0.0,0.9231,0.0769
B,1,58,lava,83,1,1,key_door,1,0.0,0.6747,0.3253
B,1,59,success,116,1,1,hazard,0,0.0,0.7586,0.2414
B,1,60,success,127,1,1,hazard,0,0.0,0.9685,0.0315
B,1,61,success,18,1,1,hazard,0,0.0,0.5556,0.4444
B,1,62,success,32,1,1,hazard,0,0.0,0.75,0.25
B,1,63,success,36,1,1,key_door,0,0.0,0.6667,0.3333
B,1,64,success,94,1,1,key_door,0,0.0,0.8936,0.1064
B,1,65,ball,52,1,1,key_door,1,0.0,0.7692,0.2308
B,1,66,lava,62,1,0,key_door,1,0.0,0.7742,0.2258
B,1,67,success,26,1,1,hazard,0,0.0,0.3846,0.6154
B,1,68,success,42,1,1,hazard,0,0.0,0.7143,0.2857
B,1,69,success,252,1,1,hazard,0,0.0,0.6667,0.3333
B,1,70,success,24,1,1,hazard,0,0.0,0.8333,0.1667
B,1,71,lava,3,0,0,key_door,1,0.0,0.0,1.0
B,1,72,success,45,1,1,hazard,0,0.0,0.8222,0.1778
B,1,73,success,204,1,1,key_door,0,0.0,0.7843,0.2157
B,1,74,success,41,1,1,hazard,0,0.0,0.7073,0.2927
B,1,75,success,125,1,1,hazard,0,0.0,0.776,0.224
B,1,76,success,25,1,1,hazard,0,0.0,0.52,0.48
B,1,77,success,80,1,1,hazard,0,0.0,0.7,0.3
B,1,78,lava,30,1,0,key_door,1,0.0,0.8,0.2
B,1,79,ball,91,1,1,key_door,1,0.0,0.7912,0.2088
B,1,80,success,71,1,1,hazard,0,0.0,0.7746,0.2254
B,1,81,lava,31,0,0,key_door,1,0.0,0.9032,0.0968
B,1,82,ball,33,1,1,key_door,1,0.0,0.4848,0.5152
B,1,83,ball,233,1,1,key_door,1,0.0,0.8584,0.1416
B,1,84,success,74,1,1,hazard,0,0.0,0.7297,0.2703
B,1,85,lava,24,1,1,key_door,1,0.0,0.5,0.5
B,1,86,success,59,1,1,hazard,0,0.0,0.8644,0.1356
B,1,87,success,49,1,1,hazard,0,0.0,0.7551,0.2449
B,1,88,success,141,1,1,hazard,0,0.0,0.8298,0.1702
B,1,89,success,56,1,1,hazard,0,0.0,0.8571,0.1429
B,1,90,success,37,1,1,hazard,0,0.0,0.6757,0.3243
B,1,91,success,10,1,1,hazard,0,0.0,0.2,0.8
B,1,92,success,110,1,1,hazard,0,0.0,0.7818,0.2182
B,1,93,success,81,1,1,hazard,0,0.0,0.8025,0.1975
B,1,94,lava,18,1,0,key_door,1,0.0,0.6667,0.3333
B,1,95,ball,96,1,1,key_door,1,0.0,0.8333,0.1667
B,1,96,success,264,1,1,hazard,0,0.0,0.8636,0.1364
B,1,97,ball,83,1,1,key_door,1,0.0,0.8193,0.1807
B,1,98,success,113,1,1,hazard,0,0.0,0.6814,0.3186
B,1,99,ball,94,1,1,key_door,1,0.0,0.6383,0.3617
B,1,100,success,108,1,1,key_door,0,0.0,0.7407,0.2593
B,1,101,ball,62,1,1,key_door,1,0.0,0.7097,0.2903
B,1,102,success,72,1,1,hazard,0,0.0,0.5556,0.4444
B,1,103,lava,32,0,0,key_door,1,0.0,0.75,0.25
B,1,104,lava,77,1,1,key_door,1,0.0,0.7792,0.2208
B,1,105,success,18,1,1,hazard,0,0.0,0.5556,0.4444
B,1,106,success,32,1,1,hazard,0,0.0,0.875,0.125
B,1,107,ball,26,1,1,key_door,1,0.0,0.6154,0.3846
B,1,108,success,257,1,1,hazard,0,0.0,0.7821,0.2179
B,1,109,ball,75,1,1,key_door,1,0.0,0.8,0.2
B,1,110,lava,1,0,0,key_door,1,0.0,0.0,1.0
B,1,111,success,86,1,1,key_door,0,0.0,0.5581,0.4419
B,1,112,success,154,1,1,hazard,0,0.0,0.9221,0.0779
B,1,113,success,17,1,1,hazard,0,0.0,0.5294,0.4706
B,1,114,success,87,1,1,hazard,0,0.0,0.8621,0.1379
B,1,115,success,406,1,1,hazard,0,0.0,0.8227,0.1773
B,1,116,ball,24,1,1,key_door,1,0.0,0.3333,0.6667
B,1,117,lava,18,1,1,key_door,1,0.0,0.4444,0.5556
B,1,118,ball,51,1,1,key_door,1,0.0,0.8627,0.1373
B,1,119,success,71,1,1,hazard,0,0.0,0.662,0.338
B,1,120,success,23,1,1,hazard,0,0.0,0.6522,0.3478
B,1,121,success,93,1,1,hazard,0,0.0,0.7849,0.2151
B,1,122,success,100,1,1,hazard,0,0.0,0.68,0.32
B,1,123,ball,87,1,1,key_door,1,0.0,0.7816,0.2184
B,1,124,lava,30,1,1,key_door,1,0.0,0.6667,0.3333
B,1,125,ball,169,1,1,key_door,1,0.0,0.8521,0.1479
B,1,126,success,22,1,1,hazard,0,0.0,0.6364,0.3636
B,1,127,success,82,1,1,hazard,0,0.0,0.8049,0.1951
B,1,128,success,90,1,1,hazard,0,0.0,0.8222,0.1778
B,1,129,success,49,1,1,hazard,0,0.0,0.7551,0.2449
B,1,130,success,64,1,1,hazard,0,0.0,0.875,0.125
B,1,131,lava,20,0,0,key_door,1,0.0,0.8,0.2
B,1,132,success,42,1,1,hazard,0,0.0,0.7143,0.2857
B,1,133,success,53,1,1,hazard,0,0.0,0.7736,0.2264
B,1,134,success,164,1,1,hazard,0,0.0,0.8049,0.1951
B,1,135,success,76,1,1,hazard,0,0.0,0.8947,0.1053
B,1,136,lava,62,0,0,key_door,1,0.0,0.7097,0.2903
B,1,137,success,32,1,1,hazard,0,0.0,0.75,0.25
B,1,138,success,96,1,1,hazard,0,0.0,0.8333,0.1667
B,1,139,success,51,1,1,hazard,0,0.0,0.9216,0.0784
B,1,140,success,68,1,1,hazard,0,0.0,0.8235,0.1765
B,1,141,success,121,1,1,hazard,0,0.0,0.7686,0.2314
B,1,142,success,22,1,1,hazard,0,0.0,0.6364,0.3636
B,1,143,success,80,1,1,hazard,0,0.0,0.85,0.15
B,1,144,success,118,1,1,hazard,0,0.0,0.8983,0.1017
B,1,145,success,45,1,1,hazard,0,0.0,0.7333,0.2667
B,1,146,success,89,1,1,hazard,0,0.0,0.6854,0.3146
B,1,147,ball,60,1,1,key_door,1,0.0,0.8,0.2
B,1,148,success,333,1,1,hazard,0,0.0,0.8078,0.1922
B,1,149,success,50,1,1,hazard,0,0.0,0.92,0.08
B,1,150,success,62,1,1,hazard,0,0.0,0.6774,0.3226
B,1,151,success,81,1,1,hazard,0,0.0,0.8519,0.1481
B,1,152,success,70,1,1,hazard,0,0.0,0.7714,0.2286
B,1,153,success,41,1,1,key_door,0,0.0,0.6829,0.3171
B,1,154,success,43,1,1,hazard,0,0.0,0.814,0.186
B,1,155,ball,94,1,1,key_door,1,0.0,0.8085,0.1915
B,1,156,ball,56,1,1,key_door,1,0.0,0.6429,0.3571
B,1,157,success,12,1,1,key_door,0,0.0,0.3333,0.6667
B,1,158,ball,16,1,1,key_door,1,0.0,0.5,0.5
B,1,159,success,234,1,1,hazard,0,0.0,0.7778,0.2222
B,1,160,lava,75,1,0,key_door,1,0.0,0.64,0.36
B,1,161,lava,62,1,1,key_door,1,0.0,0.7097,0.2903
B,1,162,success,151,1,1,hazard,0,0.0,0.7881,0.2119
B,1,163,ball,73,1,1,key_door,1,0.0,0.8767,0.1233
B,1,164,success,124,1,1,hazard,0,0.0,0.871,0.129
B,1,165,ball,119,1,1,key_door,1,0.0,0.8739,0.1261
B,1,166,ball,59,1,1,key_door,1,0.0,0.8814,0.1186
B,1,167,ball,119,1,1,key_door,1,0.0,0.9076,0.0924
B,1,168,success,24,1,1,hazard,0,0.0,0.8333,0.1667
B,1,169,success,148,1,1,hazard,0,0.0,0.8378,0.1622
B,1,170,ball,244,1,1,key_door,1,0.0,0.8197,0.1803
B,1,171,ball,111,1,1,key_door,1,0.0,0.8288,0.1712
B,1,172,ball,209,1,1,hazard,0,0.0,0.7703,0.2297
B,1,173,success,55,1,1,hazard,0,0.0,0.7818,0.2182
B,1,174,lava,60,1,1,key_door,1,0.0,0.6,0.4
B,1,175,lava,18,0,0,key_door,1,0.0,0.8889,0.1111
B,1,176,success,43,1,1,hazard,0,0.0,0.7209,0.2791
B,1,177,ball,45,1,1,key_door,1,0.0,0.6222,0.3778
B,1,178,success,89,1,1,hazard,0,0.0,0.7303,0.2697
B,1,179,success,95,1,1,hazard,0,0.0,0.8737,0.1263
B,1,180,success,109,1,1,hazard,0,0.0,0.8165,0.1835
B,1,181,success,35,1,1,hazard,0,0.0,0.7714,0.2286
B,1,182,success,47,1,1,hazard,0,0.0,0.8298,0.1702
B,1,183,success,39,1,1,key_door,0,0.0,0.8205,0.1795
B,1,184,success,50,1,1,hazard,0,0.0,0.76,0.24
B,1,185,success,174,1,1,hazard,0,0.0,0.7701,0.2299
B,1,186,success,102,1,1,hazard,0,0.0,0.8039,0.1961
B,1,187,success,98,1,1,hazard,0,0.0,0.8367,0.1633
B,1,188,success,114,1,1,hazard,0,0.0,0.7544,0.2456
B,1,189,lava,5,0,0,key_door,1,0.0,0.8,0.2
B,1,190,ball,12,1,1,key_door,1,0.0,0.3333,0.6667
B,1,191,success,97,1,1,hazard,0,0.0,0.7113,0.2887
B,1,192,success,159,1,1,hazard,0,0.0,0.8742,0.1258
B,1,193,ball,407,1,1,key_door,1,0.0,0.7961,0.2039
B,1,194,success,75,1,1,hazard,0,0.0,0.8933,0.1067
B,1,195,ball,21,1,1,key_door,1,0.0,0.5714,0.4286
B,1,196,ball,44,1,1,key_door,1,0.0,0.7273,0.2727
B,1,197,success,59,1,1,hazard,0,0.0,0.7288,0.2712
B,1,198,success,21,1,1,key_door,0,0.0,0.5714,0.4286
B,1,199,ball,60,1,1,key_door,1,0.0,0.8667,0.1333
B,1,200,success,93,1,1,hazard,0,0.0,0.871,0.129
B,1,201,success,380,1,1,hazard,0,0.0,0.7895,0.2105
B,1,202,success,108,1,1,key_door,0,0.0,0.6667,0.3333
B,1,203,lava,32,0,0,key_door,1,0.0,0.875,0.125
B,1,204,success,25,1,1,hazard,0,0.0,0.52,0.48
B,1,205,success,83,1,1,hazard,0,0.0,0.8554,0.1446
B,1,206,ball,24,1,1,key_door,1,0.0,0.6667,0.3333
B,1,207,success,23,1,1,hazard,0,0.0,0.6522,0.3478
B,1,208,success,29,1,1,key_door,0,0.0,0.8276,0.1724
B,1,209,success,67,1,1,hazard,0,0.0,0.8806,0.1194
B,1,210,lava,14,0,0,key_door,1,0.0,0.8571,0.1429
B,1,211,success,395,1,1,hazard,0,0.0,0.8278,0.1722
B,1,212,ball,59,1,1,key_door,1,0.0,0.678,0.322
B,1,213,success,43,1,1,hazard,0,0.0,0.814,0.186
B,1,214,success,21,1,1,hazard,0,0.0,0.4286,0.5714
B,1,215,success,35,1,1,hazard,0,0.0,0.6571,0.3429
B,1,216,success,167,1,1,hazard,0,0.0,0.9281,0.0719
B,1,217,success,146,1,1,hazard,0,0.0,0.8356,0.1644
B,1,218,lava,5,0,0,key_door,1,0.0,0.8,0.2
B,1,219,success,117,1,1,hazard,0,0.0,0.6923,0.3077
B,1,220,success,35,1,1,hazard,0,0.0,0.7714,0.2286
B,1,221,success,125,1,1,hazard,0,0.0,0.872,0.128
B,1,222,success,84,1,1,hazard,0,0.0,0.8095,0.1905
B,1,223,success,92,1,1,hazard,0,0.0,0.5652,0.4348
B,1,224,success,50,1,1,hazard,0,0.0,0.84,0.16
B,1,225,ball,20,1,1,key_door,1,0.0,0.4,0.6
B,1,226,lava,44,1,1,key_door,1,0.0,0.7273,0.2727
B,1,227,success,56,1,1,hazard,0,0.0,0.6429,0.3571
B,1,228,lava,75,1,0,key_door,1,0.0,0.9067,0.0933
B,1,229,lava,204,1,1,key_door,1,0.0,0.8039,0.1961
B,1,230,success,98,1,1,hazard,0,0.0,0.5918,0.4082
B,1,231,ball,130,1,1,key_door,1,0.0,0.8308,0.1692
B,1,232,success,59,1,1,hazard,0,0.0,0.7288,0.2712
B,1,233,success,43,1,1,hazard,0,0.0,0.814,0.186
B,1,234,success,46,1,1,hazard,0,0.0,0.8261,0.1739
B,1,235,success,24,1,1,key_door,0,0.0,0.6667,0.3333
B,1,236,success,28,1,1,hazard,0,0.0,0.7143,0.2857
B,1,237,success,46,1,1,hazard,0,0.0,0.8261,0.1739
B,1,238,ball,175,1,1,key_door,1,0.0,0.8457,0.1543
B,1,239,success,23,1,1,hazard,0,0.0,0.8261,0.1739
B,1,240,success,92,1,1,hazard,0,0.0,0.8696,0.1304
B,1,241,success,20,1,1,hazard,0,0.0,0.6,0.4
B,1,242,success,20,1,1,hazard,0,0.0,0.6,0.4
B,1,243,lava,30,1,0,key_door,1,0.0,0.9333,0.0667
B,1,244,success,73,1,1,hazard,0,0.0,0.8356,0.1644
B,1,245,success,45,1,1,hazard,0,0.0,0.8222,0.1778
B,1,246,ball,47,1,1,key_door,1,0.0,0.8511,0.1489
B,1,247,success,76,1,1,key_door,0,0.0,0.6842,0.3158
B,1,248,ball,56,1,1,key_door,1,0.0,0.8571,0.1429
B,1,249,ball,20,1,1,key_door,1,0.0,0.2,0.8
B,1,250,lava,82,0,0,key_door,1,0.0,0.8293,0.1707
B,1,251,ball,35,1,1,key_door,1,0.0,0.8,0.2
B,1,252,lava,16,0,0,hazard,0,0.0,1.0,0.0
B,1,253,success,152,1,1,hazard,0,0.0,0.7632,0.2368
B,1,254,ball,91,1,1,key_door,1,0.0,0.7912,0.2088
B,1,255,ball,11,1,1,key_door,1,0.0,0.0,1.0
B,1,256,success,130,1,1,hazard,0,0.0,0.8154,0.1846
B,1,257,lava,30,0,0,key_door,1,0.0,0.9333,0.0667
B,1,258,success,46,1,1,hazard,0,0.0,0.7391,0.2609
B,1,259,lava,92,1,0,key_door,1,0.0,0.8696,0.1304
B,1,260,success,52,1,1,key_door,0,0.0,0.6923,0.3077
B,1,261,ball,25,1,1,key_door,1,0.0,0.32,0.68
B,1,262,ball,147,1,1,key_door,1,0.0,0.7619,0.2381
B,1,263,success,77,1,1,hazard,0,0.0,0.8961,0.1039
B,1,264,ball,295,1,1,key_door,1,0.0,0.7864,0.2136
B,1,265,success,35,1,1,hazard,0,0.0,0.4286,0.5714
B,1,266,ball,34,1,1,key_door,1,0.0,0.4706,0.5294
B,1,267,success,129,1,1,hazard,0,0.0,0.938,0.062
B,1,268,success,35,1,1,hazard,0,0.0,0.8857,0.1143
B,1,269,success,48,1,1,hazard,0,0.0,0.8333,0.1667
B,1,270,ball,56,1,1,key_door,1,0.0,0.6429,0.3571
B,1,271,success,107,1,1,hazard,0,0.0,0.8131,0.1869
B,1,272,success,48,1,1,hazard,0,0.0,0.8333,0.1667
B,1,273,ball,89,1,1,key_door,1,0.0,0.809,0.191
B,1,274,success,115,1,1,hazard,0,0.0,0.8957,0.1043
B,1,275,success,296,1,1,hazard,0,0.0,0.7838,0.2162
B,1,276,success,38,1,1,hazard,0,0.0,0.5789,0.4211
B,1,277,success,111,1,1,hazard,0,0.0,0.8919,0.1081
B,1,278,success,45,1,1,hazard,0,0.0,0.5556,0.4444
B,1,279,success,83,1,1,hazard,0,0.0,0.9036,0.0964
B,1,280,lava,66,0,0,key_door,1,0.0,0.8485,0.1515
B,1,281,ball,48,1,1,key_door,1,0.0,0.75,0.25
B,1,282,success,332,1,1,hazard,0,0.0,0.8675,0.1325
B,1,283,success,18,1,1,hazard,0,0.0,0.5556,0.4444
B,1,284,success,79,1,1,hazard,0,0.0,0.7468,0.2532
B,1,285,success,18,1,1,hazard,0,0.0,0.5556,0.4444
B,1,286,lava,26,1,1,key_door,1,0.0,0.6154,0.3846
B,1,287,success,65,1,1,hazard,0,0.0,0.8769,0.1231
B,1,288,success,68,1,1,hazard,0,0.0,0.8824,0.1176
B,1,289,ball,9,1,1,key_door,1,0.0,0.4444,0.5556
B,1,290,ball,160,1,1,key_door,1,0.0,0.675,0.325
B,1,291,success,32,1,1,hazard,0,0.0,0.625,0.375
B,1,292,success,37,1,1,hazard,0,0.0,0.7838,0.2162
B,1,293,success,26,1,1,hazard,0,0.0,0.6923,0.3077
B,1,294,success,18,1,1,hazard,0,0.0,0.7778,0.2222
B,1,295,success,48,1,1,hazard,0,0.0,0.6667,0.3333
B,1,296,lava,4,0,0,key_door,1,0.0,0.0,1.0
B,1,297,success,118,1,1,hazard,0,0.0,0.8644,0.1356
B,1,298,lava,3,0,0,key_door,1,0.0,0.0,1.0
B,1,299,success,45,1,1,hazard,0,0.0,0.8222,0.1778
B,1,300,success,53,1,1,hazard,0,0.0,0.7736,0.2264
B,1,301,success,68,1,1,hazard,0,0.0,0.8235,0.1765
B,1,302,lava,122,0,0,key_door,1,0.0,0.7541,0.2459
B,1,303,success,119,1,1,hazard,0,0.0,0.8655,0.1345
B,1,304,success,17,1,1,hazard,0,0.0,0.5294,0.4706
B,1,305,lava,38,1,0,key_door,1,0.0,0.8421,0.1579
B,1,306,lava,92,0,0,key_door,1,0.0,0.8696,0.1304
B,1,307,lava,22,1,0,key_door,1,0.0,0.5455,0.4545
B,1,308,ball,123,1,1,key_door,1,0.0,0.6829,0.3171
B,1,309,success,26,1,1,hazard,0,0.0,0.6923,0.3077
B,1,310,lava,11,0,0,key_door,1,0.0,0.7273,0.2727
B,1,311,ball,43,1,1,key_door,1,0.0,0.4651,0.5349
B,1,312,success,19,1,1,hazard,0,0.0,0.5789,0.4211
B,1,313,ball,76,1,1,key_door,1,0.0,0.8421,0.1579
B,1,314,ball,12,1,1,key_door,1,0.0,0.3333,0.6667
B,1,315,success,83,1,1,hazard,0,0.0,0.759,0.241
B,1,316,ball,67,1,1,key_door,1,0.0,0.7164,0.2836
B,1,317,ball,41,1,1,key_door,1,0.0,0.6829,0.3171
B,1,318,success,19,1,1,hazard,0,0.0,0.7895,0.2105
B,1,319,ball,43,1,1,key_door,1,0.0,0.5581,0.4419
B,1,320,success,46,1,1,hazard,0,0.0,0.8261,0.1739
B,1,321,lava,72,1,1,hazard,0,0.0,0.7778,0.2222
B,1,322,success,44,1,1,hazard,0,0.0,0.8182,0.1818
B,1,323,success,20,1,1,hazard,0,0.0,0.4,0.6
B,1,324,success,72,1,1,hazard,0,0.0,0.6111,0.3889
B,1,325,lava,50,1,1,key_door,1,0.0,0.72,0.28
B,1,326,success,57,1,1,key_door,0,0.0,0.7018,0.2982
B,1,327,success,42,1,1,hazard,0,0.0,0.9048,0.0952
B,1,328,success,82,1,1,hazard,0,0.0,0.8049,0.1951
B,1,329,lava,3,1,0,key_door,1,0.0,0.0,1.0
B,1,330,success,129,1,1,key_door,0,0.0,0.8992,0.1008
B,1,331,lava,45,1,1,key_door,1,0.0,0.6222,0.3778
B,1,332,success,63,1,1,hazard,0,0.0,0.746,0.254
B,1,333,lava,61,1,1,key_door,1,0.0,0.8525,0.1475
B,1,334,success,131,1,1,hazard,0,0.0,0.8779,0.1221
B,1,335,ball,34,1,1,key_door,1,0.0,0.5882,0.4118
B,1,336,success,68,1,1,hazard,0,0.0,0.5294,0.4706
B,1,337,success,32,1,1,hazard,0,0.0,0.875,0.125
B,1,338,ball,64,1,1,key_door,1,0.0,0.625,0.375
B,1,339,ball,75,1,1,key_door,1,0.0,0.8,0.2
B,1,340,success,20,1,1,hazard,0,0.0,0.6,0.4
B,1,341,lava,42,0,0,key_door,1,0.0,0.7619,0.2381
B,1,342,success,51,1,1,hazard,0,0.0,0.6863,0.3137
B,1,343,success,111,1,1,hazard,0,0.0,0.8559,0.1441
B,1,344,success,31,1,1,hazard,0,0.0,0.7419,0.2581
B,1,345,success,40,1,1,hazard,0,0.0,0.8,0.2
B,1,346,ball,104,1,1,key_door,1,0.0,0.6538,0.3462
B,1,347,success,158,1,1,hazard,0,0.0,0.8228,0.1772
B,1,348,success,96,1,1,hazard,0,0.0,0.8333,0.1667
B,1,349,lava,37,1,1,key_door,1,0.0,0.7568,0.2432
B,1,350,success,114,1,1,hazard,0,0.0,0.7895,0.2105
B,1,351,success,30,1,1,hazard,0,0.0,0.7333,0.2667
B,1,352,success,15,1,1,hazard,0,0.0,0.4667,0.5333
B,1,353,success,21,1,1,hazard,0,0.0,0.4286,0.5714
B,1,354,timeout,490,0,0,hazard,0,0.0,0.8041,0.1959
B,1,355,success,35,1,1,hazard,0,0.0,0.7714,0.2286
B,1,356,ball,93,1,1,key_door,1,0.0,0.8602,0.1398
B,1,357,success,28,1,1,hazard,0,0.0,0.8571,0.1429
B,1,358,ball,69,1,1,key_door,1,0.0,0.6957,0.3043
B,1,359,success,50,1,1,hazard,0,0.0,0.76,0.24
B,1,360,ball,43,1,1,key_door,1,0.0,0.8372,0.1628
B,1,361,success,58,1,1,hazard,0,0.0,0.7931,0.2069
B,1,362,ball,85,1,1,hazard,0,0.0,0.9059,0.0941
B,1,363,success,74,1,1,hazard,0,0.0,0.8378,0.1622
B,1,364,success,156,1,1,key_door,0,0.0,0.8205,0.1795
B,1,365,success,57,1,1,hazard,0,0.0,0.7193,0.2807
B,1,366,lava,8,1,0,key_door,1,0.0,0.5,0.5
B,1,367,lava,2,0,0,key_door,1,0.0,0.0,1.0
B,1,368,success,115,1,1,hazard,0,0.0,0.8609,0.1391
B,1,369,success,194,1,1,key_door,0,0.0,0.8247,0.1753
B,1,370,success,11,1,1,hazard,0,0.0,0.2727,0.7273
B,1,371,success,36,1,1,hazard,0,0.0,1.0,0.0
B,1,372,lava,43,1,0,key_door,1,0.0,0.7442,0.2558
B,1,373,success,16,1,1,hazard,0,0.0,0.5,0.5
B,1,374,success,76,1,1,hazard,0,0.0,0.7895,0.2105
B,1,375,success,47,1,1,hazard,0,0.0,0.8298,0.1702
B,1,376,lava,56,1,0,key_door,1,0.0,0.7143,0.2857
B,1,377,lava,42,0,0,key_door,1,0.0,0.8571,0.1429
B,1,378,success,66,1,1,hazard,0,0.0,0.8182,0.1818
B,1,379,ball,54,1,1,key_door,1,0.0,0.8889,0.1111
B,1,380,ball,31,1,1,key_door,1,0.0,0.7742,0.2258
B,1,381,success,48,1,1,hazard,0,0.0,0.5833,0.4167
B,1,382,ball,51,1,1,key_door,1,0.0,0.7059,0.2941
B,1,383,success,43,1,1,hazard,0,0.0,0.7209,0.2791
B,1,384,success,25,1,1,hazard,0,0.0,0.68,0.32
B,1,385,success,39,1,1,hazard,0,0.0,0.5897,0.4103
B,1,386,ball,22,1,1,key_door,1,0.0,0.5455,0.4545
B,1,387,success,35,1,1,hazard,0,0.0,0.6571,0.3429
B,1,388,success,44,1,1,hazard,0,0.0,0.8182,0.1818
B,1,389,ball,98,1,1,key_door,1,0.0,0.7347,0.2653
B,1,390,success,28,1,1,hazard,0,0.0,0.8571,0.1429
B,1,391,lava,16,0,0,key_door,1,0.0,0.75,0.25
B,1,392,ball,114,1,1,key_door,1,0.0,0.807,0.193
B,1,393,success,101,1,1,hazard,0,0.0,0.9208,0.0792
B,1,394,success,135,1,1,key_door,0,0.0,0.8,0.2
B,1,395,success,66,1,1,hazard,0,0.0,0.9394,0.0606
B,1,396,lava,43,0,0,key_door,1,0.0,0.9302,0.0698
B,1,397,success,51,1,1,hazard,0,0.0,0.7647,0.2353
B,1,398,success,48,1,1,hazard,0,0.0,0.75,0.25
B,1,399,ball,8,1,1,key_door,1,0.0,0.0,1.0
B,1,400,success,97,1,1,hazard,0,0.0,0.8351,0.1649
B,1,401,lava,76,0,0,key_door,1,0.0,0.9474,0.0526
B,1,402,success,180,1,1,hazard,0,0.0,0.8444,0.1556
B,1,403,success,19,1,1,hazard,0,0.0,0.5789,0.4211
B,1,404,success,66,1,1,key_door,0,0.0,0.6667,0.3333
B,1,405,lava,42,1,0,key_door,1,0.0,0.7619,0.2381
B,1,406,success,38,1,1,hazard,0,0.0,0.7895,0.2105
B,1,407,success,42,1,1,hazard,0,0.0,0.619,0.381
B,1,408,lava,100,1,1,key_door,1,0.0,0.8,0.2
B,1,409,success,74,1,1,hazard,0,0.0,0.8378,0.1622
B,1,410,ball,17,1,1,hazard,0,0.0,0.5294,0.4706
B,1,411,success,37,1,1,hazard,0,0.0,0.7838,0.2162
B,1,412,lava,4,0,0,key_door,1,0.0,0.0,1.0
B,1,413,success,27,1,1,hazard,0,0.0,0.5556,0.4444
B,1,414,ball,81,1,1,key_door,1,0.0,0.8395,0.1605
B,1,415,success,67,1,1,hazard,0,0.0,0.9403,0.0597
B,1,416,ball,28,1,1,key_door,1,0.0,0.5714,0.4286
B,1,417,success,161,1,1,hazard,0,0.0,0.8758,0.1242
B,1,418,success,45,1,1,key_door,0,0.0,0.7111,0.2889
B,1,419,lava,93,1,1,key_door,1,0.0,0.7742,0.2258
B,1,420,ball,66,1,1,key_door,1,0.0,0.8485,0.1515
B,1,421,ball,75,1,1,key_door,1,0.0,0.8533,0.1467
B,1,422,success,92,1,1,hazard,0,0.0,0.8261,0.1739
B,1,423,success,30,1,1,hazard,0,0.0,0.6,0.4
B,1,424,success,28,1,1,hazard,0,0.0,0.7143,0.2857
B,1,425,ball,104,1,1,key_door,1,0.0,0.7692,0.2308
B,1,426,success,63,1,1,hazard,0,0.0,0.4286,0.5714
B,1,427,success,62,1,1,hazard,0,0.0,0.7419,0.2581
B,1,428,success,45,1,1,hazard,0,0.0,0.6444,0.3556
B,1,429,success,24,1,1,hazard,0,0.0,0.6667,0.3333
B,1,430,lava,40,1,1,key_door,1,0.0,0.8,0.2
B,1,431,lava,266,0,0,key_door,1,0.0,0.812,0.188
B,1,432,success,124,1,1,hazard,0,0.0,0.7419,0.2581
B,1,433,success,143,1,1,hazard,0,0.0,0.8881,0.1119
B,1,434,success,41,1,1,hazard,0,0.0,0.8049,0.1951
B,1,435,success,55,1,1,hazard,0,0.0,0.6364,0.3636
B,1,436,success,42,1,1,hazard,0,0.0,0.8095,0.1905
B,1,437,lava,10,0,0,key_door,1,0.0,0.8,0.2
B,1,438,ball,41,1,1,key_door,1,0.0,0.7805,0.2195
B,1,439,ball,36,1,1,key_door,1,0.0,0.6667,0.3333
B,1,440,success,26,1,1,hazard,0,0.0,0.6923,0.3077
B,1,441,ball,96,1,1,key_door,1,0.0,0.7917,0.2083
B,1,442,success,26,1,1,hazard,0,0.0,0.5385,0.4615
B,1,443,lava,7,1,0,key_door,1,0.0,0.5714,0.4286
B,1,444,success,11,1,1,hazard,0,0.0,0.6364,0.3636
B,1,445,ball,47,1,1,key_door,1,0.0,0.5106,0.4894
B,1,446,ball,203,1,1,key_door,1,0.0,0.7685,0.2315
B,1,447,success,48,1,1,hazard,0,0.0,0.8333,0.1667
B,1,448,success,69,1,1,hazard,0,0.0,0.6522,0.3478
B,1,449,success,54,1,1,hazard,0,0.0,0.8519,0.1481
B,1,450,lava,128,1,1,key_door,1,0.0,0.8438,0.1562
B,1,451,ball,16,1,1,key_door,1,0.0,0.5,0.5
B,1,452,lava,2,0,0,key_door,1,0.0,0.0,1.0
B,1,453,success,40,1,1,hazard,0,0.0,0.8,0.2
B,1,454,success,76,1,1,hazard,0,0.0,0.7895,0.2105
B,1,455,success,32,1,1,hazard,0,0.0,0.625,0.375
B,1,456,success,19,1,1,hazard,0,0.0,0.5789,0.4211
B,1,457,success,29,1,1,hazard,0,0.0,0.7241,0.2759
B,1,458,success,112,1,1,hazard,0,0.0,0.75,0.25
B,1,459,success,92,1,1,hazard,0,0.0,0.8696,0.1304
B,1,460,lava,11,0,0,hazard,0,0.0,1.0,0.0
B,1,461,ball,88,1,1,key_door,1,0.0,0.8182,0.1818
B,1,462,lava,27,1,0,key_door,1,0.0,0.8889,0.1111
B,1,463,success,90,1,1,hazard,0,0.0,0.8222,0.1778
B,1,464,lava,56,1,0,key_door,1,0.0,0.7143,0.2857
B,1,465,success,98,1,1,hazard,0,0.0,0.8776,0.1224
B,1,466,ball,16,1,1,key_door,1,0.0,0.25,0.75
B,1,467,success,38,1,1,hazard,0,0.0,0.7895,0.2105
B,1,468,success,65,1,1,hazard,0,0.0,0.8154,0.1846
B,1,469,ball,45,1,1,key_door,1,0.0,0.8889,0.1111
B,1,470,ball,22,1,1,key_door,1,0.0,0.5455,0.4545
B,1,471,success,88,1,1,key_door,0,0.0,0.8636,0.1364
B,1,472,success,181,1,1,hazard,0,0.0,0.8232,0.1768
B,1,473,lava,153,1,1,key_door,1,0.0,0.7582,0.2418
B,1,474,success,90,1,1,key_door,0,0.0,0.8444,0.1556
B,1,475,lava,23,0,0,key_door,1,0.0,0.8696,0.1304
B,1,476,ball,24,1,1,key_door,1,0.0,0.5,0.5
B,1,477,success,76,1,1,hazard,0,0.0,0.8421,0.1579
B,1,478,success,288,1,1,hazard,0,0.0,0.8333,0.1667
B,1,479,lava,2,0,0,key_door,1,0.0,0.0,1.0
B,1,480,success,78,1,1,hazard,0,0.0,0.7949,0.2051
B,1,481,success,39,1,1,hazard,0,0.0,0.7949,0.2051
B,1,482,success,108,1,1,hazard,0,0.0,0.6667,0.3333
B,1,483,ball,59,1,1,key_door,1,0.0,0.8136,0.1864
B,1,484,success,29,1,1,hazard,0,0.0,0.7241,0.2759
B,1,485,success,71,1,1,hazard,0,0.0,0.831,0.169
B,1,486,success,310,1,1,hazard,0,0.0,0.7806,0.2194
B,1,487,success,78,1,1,hazard,0,0.0,0.7949,0.2051
B,1,488,success,67,1,1,hazard,0,0.0,0.8806,0.1194
B,1,489,success,116,1,1,hazard,0,0.0,0.8621,0.1379
B,1,490,ball,75,1,1,key_door,1,0.0,0.8533,0.1467
B,1,491,ball,27,1,1,key_door,1,0.0,0.5926,0.4074
B,1,492,success,25,1,1,key_door,0,0.0,0.48,0.52
B,1,493,success,49,1,1,hazard,0,0.0,0.6735,0.3265
B,1,494,success,86,1,1,hazard,0,0.0,0.7674,0.2326
B,1,495,success,56,1,1,key_door,0,0.0,0.8571,0.1429
B,1,496,ball,136,1,1,key_door,1,0.0,0.7059,0.2941
B,1,497,lava,3,0,0,key_door,1,0.0,0.0,1.0
B,1,498,success,85,1,1,hazard,0,0.0,0.7647,0.2353
B,1,499,success,187,1,1,hazard,0,0.0,0.8289,0.1711
C,0,0,lava,139,1,0,key_door,1,0.0576,0.5468,0.3957
C,0,1,success,281,1,1,navigate,0,0.0747,0.4555,0.4698
C,0,2,timeout,490,1,1,key_door,0,0.1061,0.4898,0.4041
C,0,3,lava,317,1,0,hazard,0,0.1893,0.3943,0.4164
C,0,4,lava,450,1,1,key_door,1,0.16,0.3911,0.4489
C,0,5,lava,56,1,0,key_door,1,0.1429,0.2143,0.6429
C,0,6,ball,172,1,1,navigate,1,0.1395,0.4651,0.3953
C,0,7,lava,69,0,0,key_door,1,0.1739,0.2899,0.5362
C,0,8,ball,394,1,1,key_door,1,0.1624,0.467,0.3706
C,0,9,lava,115,1,0,key_door,1,0.1391,0.4174,0.4435
C,0,10,lava,121,1,0,key_door,1,0.0331,0.4959,0.4711
C,0,11,timeout,490,1,0,navigate,0,0.1755,0.3673,0.4571
C,0,12,lava,3,0,0,key_door,1,0.0,0.0,1.0
C,0,13,lava,118,1,1,key_door,1,0.1695,0.339,0.4915
C,0,14,timeout,490,1,1,hazard,0,0.1224,0.4449,0.4327
C,0,15,lava,98,1,1,hazard,0,0.0408,0.5918,0.3673
C,0,16,lava,356,1,0,key_door,1,0.1124,0.4607,0.427
C,0,17,timeout,490,1,1,key_door,0,0.1469,0.5061,0.3469
C,0,18,timeout,490,1,1,hazard,0,0.1143,0.4449,0.4408
C,0,19,lava,5,0,0,key_door,1,0.0,0.8,0.2
C,0,20,lava,229,1,1,hazard,0,0.1397,0.5109,0.3493
C,0,21,lava,142,1,0,hazard,0,0.169,0.4366,0.3944
C,0,22,lava,50,0,0,hazard,0,0.16,0.44,0.4
C,0,23,lava,181,1,0,hazard,0,0.1326,0.5138,0.3536
C,0,24,timeout,490,1,1,hazard,0,0.1388,0.4204,0.4408
C,0,25,ball,219,1,1,key_door,1,0.1461,0.5297,0.3242
C,0,26,timeout,490,1,0,hazard,0,0.1143,0.4449,0.4408
C,0,27,timeout,490,1,0,hazard,0,0.1061,0.5102,0.3837
C,0,28,lava,57,1,0,key_door,1,0.1404,0.5614,0.2982
C,0,29,lava,8,0,0,key_door,1,0.0,0.5,0.5
C,0,30,success,456,1,1,hazard,0,0.1404,0.4649,0.3947
C,0,31,ball,387,1,1,key_door,1,0.1344,0.4444,0.4212
C,0,32,ball,159,1,1,hazard,0,0.1258,0.3459,0.5283
C,0,33,timeout,490,1,1,key_door,0,0.1388,0.4408,0.4204
C,0,34,lava,94,0,0,hazard,0,0.1277,0.3191,0.5532
C,0,35,lava,24,0,0,hazard,0,0.1667,0.6667,0.1667
C,0,36,timeout,490,1,0,key_door,0,0.1551,0.4653,0.3796
C,0,37,lava,140,0,0,key_door,1,0.1143,0.3714,0.5143
C,0,38,lava,13,0,0,key_door,1,0.0,0.6154,0.3846
C,0,39,lava,60,0,0,key_door,1,0.0667,0.4,0.5333
C,0,40,timeout,490,1,0,navigate,0,0.2,0.4571,0.3429
C,0,41,lava,71,0,0,key_door,1,0.169,0.5634,0.2676
C,0,42,timeout,490,1,0,key_door,0,0.1306,0.4245,0.4449
C,0,43,success,203,1,1,key_door,0,0.1379,0.4335,0.4286
C,0,44,lava,147,1,0,hazard,0,0.1633,0.4014,0.4354
C,0,45,lava,40,0,0,key_door,1,0.1,0.1,0.8
C,0,46,lava,44,0,0,hazard,0,0.0,0.6364,0.3636
C,0,47,lava,430,1,1,key_door,1,0.1767,0.3721,0.4512
C,0,48,timeout,490,1,0,hazard,0,0.1633,0.4122,0.4245
C,0,49,success,390,1,1,hazard,0,0.2256,0.3231,0.4513
C,0,50,timeout,490,0,0,key_door,0,0.1388,0.4163,0.4449
C,0,51,timeout,490,1,1,hazard,0,0.1796,0.4694,0.351
C,0,52,ball,337,1,1,key_door,1,0.095,0.4629,0.4421
C,0,53,lava,14,0,0,hazard,0,0.5714,0.4286,0.0
C,0,54,success,59,1,1,key_door,0,0.2034,0.678,0.1186
C,0,55,timeout,490,1,1,key_door,0,0.1469,0.3837,0.4694
C,0,56,ball,272,1,1,key_door,1,0.1618,0.3824,0.4559
C,0,57,lava,203,1,1,hazard,0,0.1379,0.3695,0.4926
C,0,58,ball,160,1,1,key_door,1,0.175,0.575,0.25
C,0,59,timeout,490,1,0,key_door,0,0.1061,0.3918,0.502
C,0,60,ball,444,1,1,key_door,1,0.1441,0.5135,0.3423
C,0,61,ball,374,1,1,key_door,1,0.0963,0.4599,0.4439
C,0,62,timeout,490,1,1,navigate,0,0.151,0.4327,0.4163
C,0,63,timeout,490,1,0,key_door,0,0.1306,0.4082,0.4612
C,0,64,lava,20,0,0,hazard,0,0.4,0.2,0.4
C,0,65,ball,36,1,1,key_door,1,0.2222,0.2222,0.5556
C,0,66,lava,77,0,0,key_door,1,0.2597,0.2078,0.5325
C,0,67,timeout,490,1,0,navigate,0,0.1184,0.4163,0.4653
C,0,68,lava,44,0,0,hazard,0,0.1818,0.5455,0.2727
C,0,69,lava,35,1,0,hazard,0,0.3429,0.2,0.4571
C,0,70,success,156,1,1,key_door,0,0.1282,0.5641,0.3077
C,0,71,lava,38,0,0,key_door,1,0.2105,0.0,0.7895
C,0,72,lava,64,0,0,key_door,1,0.0625,0.5625,0.375
C,0,73,success,328,1,1,key_door,0,0.1341,0.4146,0.4512
C,0,74,lava,78,1,0,key_door,1,0.0,0.6154,0.3846
C,0,75,lava,123,1,0,key_door,1,0.1951,0.3902,0.4146
C,0,76,lava,372,1,1,navigate,1,0.1828,0.4301,0.3871
C,0,77,timeout,490,1,0,key_door,0,0.1633,0.4735,0.3633
C,0,78,lava,30,0,0,navigate,1,0.2,0.5333,0.2667
C,0,79,timeout,490,1,0,key_door,0,0.1878,0.3755,0.4367
C,0,80,ball,129,1,1,key_door,1,0.2481,0.2791,0.4729
C,0,81,lava,47,1,0,key_door,1,0.0851,0.2553,0.6596
C,0,82,timeout,490,1,0,hazard,0,0.1469,0.4204,0.4327
C,0,83,timeout,490,1,1,hazard,0,0.1061,0.4531,0.4408
C,0,84,timeout,490,1,0,key_door,0,0.0898,0.4898,0.4204
C,0,85,timeout,490,1,0,key_door,0,0.1143,0.4735,0.4122
C,0,86,ball,89,1,1,key_door,1,0.0449,0.6742,0.2809
C,0,87,lava,61,0,0,hazard,0,0.0656,0.2787,0.6557
C,0,88,lava,59,1,1,key_door,1,0.2712,0.339,0.3898
C,0,89,lava,51,1,0,key_door,1,0.1569,0.4706,0.3725
C,0,90,success,219,1,1,hazard,0,0.1096,0.5251,0.3653
C,0,91,timeout,490,1,0,hazard,0,0.1388,0.4857,0.3755
C,0,92,lava,28,0,0,key_door,1,0.1429,0.5714,0.2857
C,0,93,ball,99,1,1,navigate,1,0.1515,0.5253,0.3232
C,0,94,lava,29,1,0,hazard,0,0.1379,0.1724,0.6897
C,0,95,timeout,490,1,0,navigate,0,0.1429,0.3918,0.4653
C,0,96,lava,371,1,1,hazard,0,0.1833,0.3962,0.4205
C,0,97,timeout,490,1,0,key_door,0,0.1633,0.4653,0.3714
C,0,98,timeout,490,1,0,key_door,0,0.1633,0.4163,0.4204
C,0,99,timeout,490,1,0,key_door,0,0.1143,0.4816,0.4041
C,0,100,timeout,490,1,0,navigate,0,0.1429,0.5061,0.351
C,0,101,lava,2,0,0,key_door,1,0.0,0.0,1.0
C,0,102,lava,8,0,0,key_door,1,0.0,0.0,1.0
C,0,103,lava,101,0,0,hazard,0,0.1188,0.5644,0.3168
C,0,104,ball,255,1,1,key_door,1,0.1098,0.4706,0.4196
C,0,105,lava,33,0,0,hazard,0,0.2424,0.6364,0.1212
C,0,106,lava,245,1,1,key_door,1,0.098,0.3918,0.5102
C,0,107,timeout,490,1,0,navigate,0,0.1347,0.4898,0.3755
C,0,108,lava,131,1,1,hazard,0,0.0916,0.5115,0.3969
C,0,109,lava,216,1,1,hazard,0,0.1296,0.4444,0.4259
C,0,110,lava,2,0,0,navigate,1,1.0,0.0,0.0
C,0,111,lava,86,1,0,navigate,1,0.1163,0.5116,0.3721
C,0,112,timeout,490,1,0,hazard,0,0.1878,0.3959,0.4163
C,0,113,lava,12,0,0,key_door,1,0.0,0.3333,0.6667
C,0,114,timeout,490,1,0,key_door,0,0.1143,0.449,0.4367
C,0,115,timeout,490,1,0,hazard,0,0.098,0.4449,0.4571
C,0,116,lava,13,0,0,hazard,0,0.0,0.6923,0.3077
C,0,117,timeout,490,1,0,key_door,0,0.1714,0.4408,0.3878
C,0,118,lava,177,1,0,navigate,1,0.096,0.5198,0.3842
C,0,119,lava,212,1,0,navigate,1,0.1509,0.4151,0.434
C,0,120,lava,79,1,0,hazard,0,0.1013,0.5443,0.3544
C,0,121,lava,38,0,0,key_door,1,0.2105,0.5263,0.2632
C,0,122,success,410,1,1,key_door,0,0.0976,0.5756,0.3268
C,0,123,timeout,490,1,0,key_door,0,0.1306,0.5061,0.3633
C,0,124,lava,346,1,1,hazard,0,0.1272,0.422,0.4509
C,0,125,lava,123,0,0,hazard,0,0.1301,0.4797,0.3902
C,0,126,timeout,490,1,0,key_door,0,0.1796,0.4245,0.3959
C,0,127,timeout,490,1,1,key_door,0,0.1959,0.4245,0.3796
C,0,128,timeout,490,1,0,key_door,0,0.1224,0.498,0.3796
C,0,129,timeout,490,1,0,navigate,0,0.1918,0.3837,0.4245
C,0,130,timeout,490,1,0,hazard,0,0.0735,0.502,0.4245
C,0,131,lava,36,0,0,hazard,0,0.0,0.5556,0.4444
C,0,132,timeout,490,1,0,hazard,0,0.098,0.4531,0.449
C,0,133,timeout,490,1,0,key_door,0,0.1143,0.4653,0.4204
C,0,134,timeout,490,1,0,hazard,0,0.1306,0.4531,0.4163
C,0,135,timeout,490,1,0,key_door,0,0.098,0.4816,0.4204
C,0,136,lava,72,1,0,hazard,0,0.1111,0.3333,0.5556
C,0,137,lava,92,1,0,hazard,0,0.1739,0.4348,0.3913
C,0,138,timeout,490,1,0,key_door,0,0.1796,0.4735,0.3469
C,0,139,ball,157,1,1,navigate,1,0.1592,0.3567,0.4841
C,0,140,timeout,490,1,0,hazard,0,0.0898,0.4612,0.449
C,0,141,timeout,490,1,0,hazard,0,0.1388,0.4367,0.4245
C,0,142,timeout,490,1,1,key_door,0,0.098,0.5143,0.3878
C,0,143,timeout,490,1,0,key_door,0,0.1306,0.4898,0.3796
C,0,144,timeout,490,1,0,hazard,0,0.1796,0.4449,0.3755
C,0,145,ball,477,1,1,hazard,0,0.1174,0.4801,0.4025
C,0,146,timeout,490,1,0,key_door,0,0.1061,0.5061,0.3878
C,0,147,lava,52,0,0,hazard,0,0.0,0.4615,0.5385
C,0,148,timeout,490,1,1,hazard,0,0.1143,0.4939,0.3918
C,0,149,timeout,490,1,0,key_door,0,0.1469,0.4245,0.4286
C,0,150,timeout,490,1,0,hazard,0,0.1551,0.4857,0.3592
C,0,151,timeout,490,1,0,hazard,0,0.1714,0.4286,0.4
C,0,152,timeout,490,1,0,navigate,0,0.1592,0.4245,0.4163
C,0,153,ball,400,1,1,hazard,0,0.12,0.45,0.43
C,0,154,lava,237,1,0,hazard,0,0.135,0.443,0.4219
C,0,155,timeout,490,1,1,hazard,0,0.1061,0.4776,0.4163
C,0,156,lava,220,0,0,hazard,0,0.1636,0.4364,0.4
C,0,157,lava,47,0,0,key_door,1,0.3404,0.2553,0.4043
C,0,158,timeout,490,1,1,key_door,0,0.098,0.3918,0.5102
C,0,159,lava,19,1,0,key_door,1,0.2105,0.2105,0.5789
C,0,160,lava,97,1,0,key_door,1,0.0,0.7423,0.2577
C,0,161,ball,384,1,1,navigate,1,0.1458,0.4375,0.4167
C,0,162,lava,303,1,0,hazard,0,0.132,0.4455,0.4224
C,0,163,ball,123,1,1,hazard,0,0.065,0.3821,0.5528
C,0,164,timeout,490,1,0,navigate,0,0.102,0.5551,0.3429
C,0,165,lava,80,1,0,hazard,0,0.2,0.4,0.4
C,0,166,timeout,490,1,0,navigate,0,0.1592,0.4163,0.4245
C,0,167,lava,65,1,0,key_door,1,0.0615,0.5538,0.3846
C,0,168,timeout,490,1,1,hazard,0,0.098,0.4531,0.449
C,0,169,lava,237,1,1,key_door,1,0.135,0.4557,0.4093
C,0,170,ball,360,1,1,hazard,0,0.1333,0.4556,0.4111
C,0,171,timeout,490,1,0,hazard,0,0.1061,0.4612,0.4327
C,0,172,lava,219,1,0,navigate,1,0.1233,0.4566,0.4201
C,0,173,lava,96,1,0,key_door,1,0.125,0.5417,0.3333
C,0,174,timeout,490,1,0,key_door,0,0.1551,0.5061,0.3388
C,0,175,lava,23,0,0,key_door,1,0.0,0.5217,0.4783
C,0,176,timeout,490,1,1,hazard,0,0.1714,0.4531,0.3755
C,0,177,timeout,490,1,0,hazard,0,0.1959,0.4286,0.3755
C,0,178,ball,66,1,1,key_door,1,0.1818,0.303,0.5152
C,0,179,lava,193,1,1,navigate,1,0.0466,0.5803,0.3731
C,0,180,lava,24,0,0,hazard,0,0.0,0.6667,0.3333
C,0,181,lava,157,1,0,hazard,0,0.0764,0.465,0.4586
C,0,182,lava,203,1,1,key_door,1,0.0985,0.4138,0.4877
C,0,183,timeout,490,1,0,key_door,0,0.1388,0.4898,0.3714
C,0,184,lava,80,0,0,key_door,1,0.15,0.35,0.5
C,0,185,timeout,490,1,0,key_door,0,0.1388,0.3673,0.4939
C,0,186,lava,104,1,0,navigate,1,0.3462,0.3462,0.3077
C,0,187,lava,82,0,0,hazard,0,0.0488,0.4146,0.5366
C,0,188,lava,271,1,1,hazard,0,0.059,0.4539,0.4871
C,0,189,lava,66,1,0,hazard,0,0.0606,0.5758,0.3636
C,0,190,timeout,490,1,0,hazard,0,0.2041,0.4286,0.3673
C,0,191,lava,122,0,0,hazard,0,0.1639,0.4098,0.4262
C,0,192,timeout,490,1,0,key_door,0,0.1061,0.4571,0.4367
C,0,193,lava,190,1,1,hazard,0,0.1263,0.4105,0.4632
C,0,194,ball,467,1,1,key_door,1,0.1627,0.4283,0.409
C,0,195,lava,39,1,0,key_door,1,0.1026,0.3077,0.5897
C,0,196,timeout,490,1,0,key_door,0,0.1551,0.4653,0.3796
C,0,197,lava,336,1,1,key_door,1,0.1071,0.5476,0.3452
C,0,198,lava,484,1,0,key_door,1,0.1901,0.4711,0.3388
C,0,199,ball,469,1,1,key_door,1,0.1962,0.452,0.3518
C,0,200,timeout,490,1,0,hazard,0,0.1388,0.4694,0.3918
C,0,201,lava,186,1,0,key_door,1,0.086,0.4731,0.4409
C,0,202,lava,109,1,1,key_door,1,0.0734,0.4404,0.4862
C,0,203,lava,276,1,1,key_door,1,0.0435,0.4348,0.5217
C,0,204,timeout,490,1,0,key_door,0,0.1959,0.4571,0.3469
C,0,205,timeout,490,1,0,key_door,0,0.1551,0.4571,0.3878
C,0,206,lava,276,1,0,key_door,1,0.1594,0.4493,0.3913
C,0,207,success,343,1,1,key_door,0,0.1749,0.4431,0.3819
C,0,208,timeout,490,1,1,key_door,0,0.2041,0.4082,0.3878
C,0,209,lava,57,1,0,navigate,1,0.0175,0.4211,0.5614
C,0,210,lava,22,0,0,key_door,1,0.1818,0.3636,0.4545
C,0,211,lava,185,0,0,navigate,1,0.0919,0.5405,0.3676
C,0,212,lava,85,0,0,key_door,1,0.0941,0.4235,0.4824
C,0,213,lava,8,0,0,hazard,0,0.5,0.5,0.0
C,0,214,success,463,1,1,key_door,0,0.1037,0.3715,0.5248
C,0,215,timeout,490,1,1,hazard,0,0.1061,0.4204,0.4735
C,0,216,lava,8,0,0,hazard,0,0.0,1.0,0.0
C,0,217,lava,11,0,0,key_door,1,0.3636,0.0,0.6364
C,0,218,lava,196,0,0,navigate,1,0.1633,0.4286,0.4082
C,0,219,lava,32,0,0,key_door,1,0.0,0.25,0.75
C,0,220,lava,154,1,0,navigate,1,0.1169,0.4416,0.4416
C,0,221,lava,4,0,0,hazard,0,0.0,1.0,0.0
C,0,222,lava,213,1,1,hazard,0,0.1878,0.4742,0.338
C,0,223,timeout,490,1,1,key_door,0,0.1224,0.449,0.4286
C,0,224,lava,175,1,1,hazard,0,0.1371,0.4514,0.4114
C,0,225,lava,3,0,0,hazard,0,0.0,1.0,0.0
C,0,226,timeout,490,1,0,navigate,0,0.1265,0.4408,0.4327
C,0,227,timeout,490,1,1,key_door,0,0.1633,0.4163,0.4204
C,0,228,lava,69,1,0,hazard,0,0.058,0.4203,0.5217
C,0,229,lava,52,0,0,hazard,0,0.2308,0.6154,0.1538
C,0,230,ball,116,1,1,key_door,1,0.2414,0.4138,0.3448
C,0,231,timeout,490,1,0,hazard,0,0.1551,0.4204,0.4245
C,0,232,ball,306,1,1,hazard,0,0.0654,0.5686,0.366
C,0,233,ball,97,1,1,key_door,1,0.1237,0.2887,0.5876
C,0,234,timeout,490,1,1,key_door,0,0.1878,0.4653,0.3469
C,0,235,lava,25,0,0,key_door,1,0.16,0.48,0.36
C,0,236,timeout,490,1,0,key_door,0,0.1224,0.4653,0.4122
C,0,237,timeout,490,1,1,hazard,0,0.1388,0.4531,0.4082
C,0,238,timeout,490,1,0,hazard,0,0.1224,0.3714,0.5061
C,0,239,success,157,1,1,key_door,0,0.0764,0.5605,0.3631
C,0,240,lava,28,1,0,hazard,0,0.2857,0.5714,0.1429
C,0,241,lava,158,0,0,hazard,0,0.1013,0.4177,0.481
C,0,242,lava,150,1,0,hazard,0,0.1067,0.4667,0.4267
C,0,243,lava,9,0,0,key_door,1,0.0,0.4444,0.5556
C,0,244,ball,331,1,1,hazard,0,0.1208,0.4683,0.4109
C,0,245,timeout,490,1,1,navigate,0,0.1347,0.4163,0.449
C,0,246,ball,258,1,1,hazard,0,0.1085,0.3798,0.5116
C,0,247,success,388,1,1,key_door,0,0.134,0.433,0.433
C,0,248,timeout,490,1,0,key_door,0,0.1388,0.4327,0.4286
C,0,249,timeout,490,1,0,key_door,0,0.1551,0.4898,0.3551
C,0,250,lava,20,0,0,hazard,0,0.6,0.4,0.0
C,0,251,timeout,490,1,0,key_door,0,0.1061,0.4898,0.4041
C,0,252,lava,4,0,0,hazard,0,0.0,1.0,0.0
C,0,253,lava,4,0,0,key_door,1,0.0,0.0,1.0
C,0,254,ball,152,1,1,key_door,1,0.1316,0.4737,0.3947
C,0,255,lava,43,0,0,hazard,0,0.093,0.4419,0.4651
C,0,256,timeout,490,1,0,hazard,0,0.1143,0.4204,0.4653
C,0,257,lava,68,0,0,hazard,0,0.1176,0.5294,0.3529
C,0,258,lava,16,1,0,key_door,1,0.25,0.25,0.5
C,0,259,lava,3,0,0,key_door,1,0.0,0.0,1.0
C,0,260,timeout,490,1,1,key_door,0,0.1633,0.498,0.3388
C,0,261,timeout,490,1,0,hazard,0,0.1388,0.4122,0.449
C,0,262,lava,474,1,1,key_door,1,0.1266,0.4726,0.4008
C,0,263,lava,146,1,0,key_door,1,0.0822,0.5753,0.3425
C,0,264,timeout,490,1,0,hazard,0,0.1633,0.4531,0.3837
C,0,265,success,89,1,1,key_door,0,0.0449,0.4045,0.5506
C,0,266,lava,35,1,0,key_door,1,0.1143,0.5714,0.3143
C,0,267,ball,468,1,1,key_door,1,0.1795,0.3248,0.4957
C,0,268,success,382,1,1,hazard,0,0.178,0.3508,0.4712
C,0,269,timeout,490,1,1,hazard,0,0.1388,0.3714,0.4898
C,0,270,lava,200,1,0,hazard,0,0.1,0.52,0.38
C,0,271,lava,48,0,0,navigate,1,0.0833,0.5,0.4167
C,0,272,timeout,490,1,0,navigate,0,0.1592,0.4816,0.3592
C,0,273,lava,232,1,1,key_door,1,0.1724,0.3793,0.4483
C,0,274,timeout,490,1,1,hazard,0,0.1796,0.4286,0.3918
C,0,275,lava,141,1,1,navigate,1,0.2057,0.2837,0.5106
C,0,276,lava,141,0,0,key_door,1,0.1135,0.5106,0.3759
C,0,277,ball,423,1,1,key_door,1,0.1608,0.435,0.4043
C,0,278,timeout,490,1,1,hazard,0,0.1878,0.4367,0.3755
C,0,279,success,288,1,1,key_door,0,0.1667,0.4028,0.4306
C,0,280,lava,68,1,0,key_door,1,0.1176,0.2941,0.5882
C,0,281,timeout,490,1,0,hazard,0,0.0571,0.5429,0.4
C,0,282,timeout,490,1,1,navigate,0,0.1429,0.4245,0.4327
C,0,283,timeout,490,1,1,hazard,0,0.1469,0.5184,0.3347
C,0,284,timeout,490,1,0,hazard,0,0.0898,0.4857,0.4245
C,0,285,timeout,490,1,0,key_door,0,0.1388,0.4327,0.4286
C,0,286,timeout,490,1,0,hazard,0,0.0735,0.4694,0.4571
C,0,287,timeout,490,1,0,hazard,0,0.1878,0.4531,0.3592
C,0,288,timeout,490,1,0,hazard,0,0.1061,0.4857,0.4082
C,0,289,lava,69,0,0,navigate,1,0.1884,0.2319,0.5797
C,0,290,success,121,1,1,hazard,0,0.1983,0.4711,0.3306
C,0,291,lava,71,1,0,navigate,1,0.1549,0.2254,0.6197
C,0,292,timeout,490,1,0,key_door,0,0.1714,0.449,0.3796
C,0,293,lava,11,0,0,navigate,1,0.2727,0.3636,0.3636
C,0,294,success,454,1,1,key_door,0,0.141,0.4581,0.4009
C,0,295,lava,11,0,0,hazard,0,0.0,1.0,0.0
C,0,296,lava,72,1,0,key_door,1,0.1111,0.3889,0.5
C,0,297,timeout,490,1,1,navigate,0,0.1592,0.5388,0.302
C,0,298,lava,176,1,0,hazard,0,0.1818,0.5227,0.2955
C,0,299,lava,386,1,1,key_door,1,0.1347,0.4041,0.4611
C,0,300,lava,15,0,0,key_door,1,0.2667,0.2667,0.4667
C,0,301,lava,1,0,0,hazard,0,0.0,1.0,0.0
C,0,302,lava,90,0,0,key_door,1,0.2667,0.3111,0.4222
C,0,303,lava,15,0,0,hazard,0,0.0,0.4667,0.5333
C,0,304,timeout,490,1,0,hazard,0,0.1224,0.4122,0.4653
C,0,305,lava,17,0,0,key_door,1,0.0,0.7059,0.2941
C,0,306,lava,45,0,0,key_door,1,0.0889,0.6222,0.2889
C,0,307,success,262,1,1,hazard,0,0.1679,0.4504,0.3817
C,0,308,lava,67,0,0,key_door,1,0.1791,0.3582,0.4627
C,0,309,lava,38,0,0,navigate,1,0.2632,0.3158,0.4211
C,0,310,lava,116,1,1,key_door,1,0.1034,0.4138,0.4828
C,0,311,lava,21,0,0,hazard,0,0.1905,0.2381,0.5714
C,0,312,lava,69,1,0,hazard,0,0.1739,0.4783,0.3478
C,0,313,lava,36,0,0,hazard,0,0.3333,0.5556,0.1111
C,0,314,timeout,490,1,0,hazard,0,0.1143,0.4204,0.4653
C,0,315,lava,36,1,0,hazard,0,0.1111,0.5556,0.3333
C,0,316,lava,93,1,0,key_door,1,0.086,0.5161,0.3978
C,0,317,lava,216,1,1,hazard,0,0.1852,0.5,0.3148
C,0,318,timeout,490,1,0,key_door,0,0.1469,0.5061,0.3469
C,0,319,lava,19,0,0,hazard,0,0.2105,0.1579,0.6316
C,0,320,lava,50,0,0,key_door,1,0.08,0.32,0.6
C,0,321,ball,472,1,1,key_door,1,0.1271,0.5,0.3729
C,0,322,ball,463,1,1,hazard,0,0.1382,0.4384,0.4233
C,0,323,lava,93,0,0,key_door,1,0.172,0.3011,0.5269
C,0,324,timeout,490,1,0,key_door,0,0.1959,0.4163,0.3878
C,0,325,lava,57,1,0,navigate,1,0.2281,0.4912,0.2807
C,0,326,timeout,490,1,0,key_door,0,0.1388,0.4408,0.4204
C,0,327,timeout,490,1,1,navigate,0,0.1592,0.4,0.4408
C,0,328,ball,100,1,1,key_door,1,0.16,0.4,0.44
C,0,329,lava,165,1,0,key_door,1,0.097,0.5818,0.3212
C,0,330,timeout,490,1,1,hazard,0,0.1306,0.4367,0.4327
C,0,331,timeout,490,1,1,hazard,0,0.1224,0.4122,0.4653
C,0,332,timeout,490,1,1,hazard,0,0.1306,0.4449,0.4245
C,0,333,timeout,490,1,0,navigate,0,0.1837,0.4,0.4163
C,0,334,lava,3,0,0,key_door,1,0.0,0.0,1.0
C,0,335,lava,4,0,0,key_door,1,0.0,0.0,1.0
C,0,336,timeout,490,1,0,hazard,0,0.1959,0.4531,0.351
C,0,337,lava,84,1,0,hazard,0,0.1905,0.4286,0.381
C,0,338,timeout,490,1,0,hazard,0,0.1551,0.4531,0.3918
C,0,339,lava,196,1,0,key_door,1,0.102,0.4694,0.4286
C,0,340,ball,129,1,1,key_door,1,0.186,0.6202,0.1938
C,0,341,lava,145,0,0,hazard,0,0.1103,0.4207,0.469
C,0,342,ball,396,1,1,key_door,1,0.1414,0.4545,0.404
C,0,343,lava,36,0,0,key_door,1,0.3333,0.2222,0.4444
C,0,344,timeout,490,0,0,hazard,0,0.1224,0.5184,0.3592
C,0,345,timeout,490,1,0,key_door,0,0.1224,0.4163,0.4612
C,0,346,lava,61,0,0,key_door,1,0.1311,0.5902,0.2787
C,0,347,timeout,490,1,1,navigate,0,0.0776,0.498,0.4245
C,0,348,success,358,1,1,navigate,0,0.0838,0.4581,0.4581
C,0,349,timeout,490,1,1,hazard,0,0.1143,0.4286,0.4571
C,0,350,lava,84,1,0,navigate,1,0.3333,0.4286,0.2381
C,0,351,lava,60,0,0,key_door,1,0.1333,0.5333,0.3333
C,0,352,lava,279,1,0,hazard,0,0.1434,0.4265,0.4301
C,0,353,timeout,490,1,1,key_door,0,0.1796,0.4245,0.3959
C,0,354,lava,1,0,0,key_door,1,0.0,0.0,1.0
C,0,355,lava,59,1,0,navigate,1,0.1186,0.2712,0.6102
C,0,356,timeout,490,1,0,navigate,0,0.102,0.4163,0.4816
C,0,357,lava,129,1,1,key_door,1,0.186,0.2791,0.5349
C,0,358,timeout,490,1,1,hazard,0,0.098,0.5592,0.3429
C,0,359,success,361,1,1,key_door,0,0.1108,0.5097,0.3795
C,0,360,lava,314,1,1,navigate,1,0.1083,0.4586,0.4331
C,0,361,timeout,490,1,0,key_door,0,0.2286,0.3755,0.3959
C,0,362,lava,19,0,0,hazard,0,0.0,0.5789,0.4211
C,0,363,timeout,490,1,0,hazard,0,0.1633,0.4122,0.4245
C,0,364,timeout,490,1,0,key_door,0,0.2286,0.3429,0.4286
C,0,365,lava,9,0,0,hazard,0,0.0,1.0,0.0
C,0,366,success,51,1,1,navigate,0,0.2157,0.3922,0.3922
C,0,367,lava,3,0,0,key_door,1,0.0,0.0,1.0
C,0,368,timeout,490,1,1,navigate,0,0.1592,0.3918,0.449
C,0,369,lava,92,0,0,key_door,1,0.2609,0.4783,0.2609
C,0,370,success,316,1,1,key_door,0,0.0886,0.4304,0.481
C,0,371,ball,305,1,1,hazard,0,0.0656,0.4098,0.5246
C,0,372,lava,85,1,0,navigate,1,0.1059,0.3765,0.5176
C,0,373,ball,304,1,1,key_door,1,0.1447,0.3421,0.5132
C,0,374,timeout,490,1,1,hazard,0,0.1388,0.4531,0.4082
C,0,375,lava,62,1,1,navigate,1,0.2258,0.2581,0.5161
C,0,376,lava,203,1,0,hazard,0,0.1379,0.4089,0.4532
C,0,377,lava,221,1,0,navigate,1,0.095,0.5249,0.3801
C,0,378,ball,117,1,1,hazard,0,0.1368,0.3846,0.4786
C,0,379,timeout,490,1,0,hazard,0,0.0898,0.4041,0.5061
C,0,380,lava,435,1,1,key_door,1,0.1563,0.4782,0.3655
C,0,381,lava,46,0,0,navigate,1,0.1304,0.6087,0.2609
C,0,382,ball,326,1,1,key_door,1,0.1472,0.4908,0.362
C,0,383,timeout,490,1,0,key_door,0,0.1796,0.4327,0.3878
C,0,384,lava,11,0,0,key_door,1,0.3636,0.3636,0.2727
C,0,385,lava,2,0,0,key_door,1,0.0,0.0,1.0
C,0,386,timeout,490,1,0,hazard,0,0.1224,0.4531,0.4245
C,0,387,lava,17,1,0,hazard,0,0.0,0.7647,0.2353
C,0,388,lava,23,1,0,navigate,1,0.3043,0.1739,0.5217
C,0,389,timeout,490,1,1,key_door,0,0.1551,0.4327,0.4122
C,0,390,lava,103,1,0,key_door,1,0.1553,0.5437,0.301
C,0,391,lava,11,0,0,hazard,0,0.3636,0.2727,0.3636
C,0,392,lava,266,1,1,navigate,1,0.1729,0.4812,0.3459
C,0,393,success,250,1,1,hazard,0,0.128,0.504,0.368
C,0,394,timeout,490,1,0,navigate,0,0.1265,0.4245,0.449
C,0,395,lava,70,0,0,navigate,1,0.0286,0.5143,0.4571
C,0,396,lava,80,0,0,key_door,1,0.15,0.5,0.35
C,0,397,success,363,1,1,key_door,0,0.1653,0.4298,0.405
C,0,398,timeout,490,1,1,hazard,0,0.1469,0.3469,0.5061
C,0,399,timeout,490,1,1,key_door,0,0.1959,0.4735,0.3306
C,0,400,lava,59,1,1,key_door,1,0.0,0.6102,0.3898
C,0,401,lava,72,0,0,key_door,1,0.1667,0.2778,0.5556
C,0,402,timeout,490,1,0,hazard,0,0.1714,0.4531,0.3755
C,0,403,lava,159,1,1,navigate,1,0.1698,0.3522,0.478
C,0,404,timeout,490,1,0,key_door,0,0.1143,0.4245,0.4612
C,0,405,success,290,1,1,key_door,0,0.2207,0.4552,0.3241
C,0,406,timeout,490,1,0,hazard,0,0.1143,0.4041,0.4816
C,0,407,lava,474,1,1,navigate,1,0.1646,0.481,0.3544
C,0,408,lava,308,1,1,key_door,1,0.1558,0.4675,0.3766
C,0,409,timeout,490,1,0,hazard,0,0.1061,0.5184,0.3755
C,0,410,lava,23,1,0,navigate,1,0.1304,0.1739,0.6957
C,0,411,timeout,490,1,0,key_door,0,0.1224,0.4082,0.4694
C,0,412,lava,213,0,0,navigate,1,0.1362,0.507,0.3568
C,0,413,timeout,490,1,0,hazard,0,0.1306,0.4204,0.449
C,0,414,lava,171,1,0,key_door,1,0.2105,0.4211,0.3684
C,0,415,timeout,490,1,1,key_door,0,0.1714,0.4,0.4286
C,0,416,lava,51,1,1,key_door,1,0.0784,0.6275,0.2941
C,0,417,timeout,490,1,0,hazard,0,0.1143,0.4776,0.4082
C,0,418,timeout,490,1,0,hazard,0,0.1061,0.5184,0.3755
C,0,419,lava,33,0,0,hazard,0,0.1212,0.6364,0.2424
C,0,420,lava,117,1,1,key_door,1,0.0,0.547,0.453
C,0,421,ball,105,1,1,hazard,0,0.1524,0.3524,0.4952
C,0,422,timeout,490,1,0,key_door,0,0.1878,0.4571,0.3551
C,0,423,lava,75,1,0,navigate,1,0.1467,0.32,0.5333
C,0,424,lava,78,1,0,hazard,0,0.1026,0.5385,0.359
C,0,425,lava,37,0,0,navigate,1,0.2432,0.4324,0.3243
C,0,426,lava,246,1,0,key_door,1,0.1626,0.5203,0.3171
C,0,427,timeout,490,1,0,hazard,0,0.0898,0.5265,0.3837
C,0,428,success,372,1,1,navigate,0,0.1613,0.4624,0.3763
C,0,429,lava,211,1,0,hazard,0,0.1327,0.4502,0.4171
C,0,430,lava,133,1,1,key_door,1,0.1203,0.4812,0.3985
C,0,431,lava,83,1,1,key_door,1,0.1446,0.3373,0.5181
C,0,432,lava,458,1,0,key_door,1,0.131,0.4803,0.3886
C,0,433,timeout,490,1,1,key_door,0,0.1959,0.4327,0.3714
C,0,434,timeout,490,1,0,key_door,0,0.1469,0.4898,0.3633
C,0,435,lava,122,1,0,key_door,1,0.1639,0.459,0.377
C,0,436,timeout,490,1,0,hazard,0,0.1469,0.5837,0.2694
C,0,437,lava,36,0,0,key_door,1,0.1111,0.6667,0.2222
C,0,438,lava,107,1,0,key_door,1,0.1495,0.4486,0.4019
C,0,439,timeout,490,1,0,hazard,0,0.1388,0.3796,0.4816
C,0,440,lava,17,0,0,key_door,1,0.0,0.7059,0.2941
C,0,441,timeout,490,1,1,key_door,0,0.1878,0.4082,0.4041
C,0,442,lava,91,0,0,key_door,1,0.1758,0.4835,0.3407
C,0,443,lava,5,0,0,hazard,0,0.0,0.2,0.8
C,0,444,lava,63,1,0,navigate,1,0.3016,0.3175,0.381
C,0,445,timeout,490,1,0,navigate,0,0.1265,0.4898,0.3837
C,0,446,lava,55,0,0,hazard,0,0.1455,0.4182,0.4364
C,0,447,timeout,490,1,0,hazard,0,0.1878,0.3796,0.4327
C,0,448,timeout,490,1,0,key_door,0,0.098,0.498,0.4041
C,0,449,lava,15,0,0,hazard,0,0.2667,0.7333,0.0
C,0,450,timeout,490,1,0,key_door,0,0.2122,0.3755,0.4122
C,0,451,ball,114,1,1,key_door,1,0.2105,0.386,0.4035
C,0,452,lava,25,0,0,key_door,1,0.16,0.48,0.36
C,0,453,timeout,490,1,1,navigate,0,0.1102,0.498,0.3918
C,0,454,lava,2,0,0,key_door,1,0.0,0.0,1.0
C,0,455,timeout,490,1,0,key_door,0,0.1796,0.3918,0.4286
C,0,456,lava,43,0,0,hazard,0,0.186,0.2558,0.5581
C,0,457,lava,193,1,0,hazard,0,0.1036,0.4819,0.4145
C,0,458,timeout,490,1,0,hazard,0,0.1633,0.4449,0.3918
C,0,459,timeout,490,1,0,key_door,0,0.1061,0.4163,0.4776
C,0,460,lava,2,0,0,key_door,1,0.0,0.0,1.0
C,0,461,timeout,490,1,0,hazard,0,0.1224,0.4449,0.4327
C,0,462,lava,90,1,0,navigate,1,0.2,0.4889,0.3111
C,0,463,success,455,1,1,key_door,0,0.1143,0.4659,0.4198
C,0,464,lava,29,0,0,hazard,0,0.2759,0.4483,0.2759
C,0,465,lava,64,0,0,hazard,0,0.0625,0.6875,0.25
C,0,466,timeout,490,1,0,navigate,0,0.1429,0.4245,0.4327
C,0,467,lava,178,1,0,hazard,0,0.1798,0.5955,0.2247
C,0,468,lava,202,1,0,key_door,1,0.0792,0.5149,0.4059
C,0,469,timeout,490,1,1,hazard,0,0.1306,0.4449,0.4245
C,0,470,timeout,490,1,1,hazard,0,0.1551,0.4449,0.4
C,0,471,timeout,490,1,0,hazard,0,0.0898,0.4857,0.4245
C,0,472,timeout,490,1,1,key_door,0,0.1878,0.4245,0.3878
C,0,473,ball,279,1,1,navigate,1,0.2401,0.4301,0.3297
C,0,474,timeout,490,1,0,hazard,0,0.1224,0.4612,0.4163
C,0,475,lava,94,0,0,key_door,1,0.2128,0.4255,0.3617
C,0,476,timeout,490,1,0,navigate,0,0.1184,0.4653,0.4163
C,0,477,timeout,490,1,0,navigate,0,0.1102,0.5306,0.3592
C,0,478,lava,6,0,0,navigate,1,0.3333,0.6667,0.0
C,0,479,lava,70,0,0,key_door,1,0.2857,0.4,0.3143
C,0,480,ball,134,1,1,key_door,1,0.1194,0.4776,0.403
C,0,481,ball,479,1,1,key_door,1,0.1754,0.4259,0.3987
C,0,482,timeout,490,1,1,hazard,0,0.098,0.4939,0.4082
C,0,483,lava,373,1,1,key_door,1,0.1501,0.5898,0.2601
C,0,484,timeout,490,1,0,hazard,0,0.1714,0.4449,0.3837
C,0,485,timeout,490,1,0,navigate,0,0.1102,0.4735,0.4163
C,0,486,lava,100,0,0,key_door,1,0.12,0.44,0.44
C,0,487,timeout,490,1,0,key_door,0,0.0408,0.4816,0.4776
C,0,488,timeout,490,1,0,key_door,0,0.1551,0.4653,0.3796
C,0,489,lava,156,1,0,hazard,0,0.0769,0.5128,0.4103
C,0,490,lava,1,0,0,key_door,1,0.0,0.0,1.0
C,0,491,timeout,490,1,1,navigate,0,0.1265,0.4327,0.4408
C,0,492,timeout,490,1,0,hazard,0,0.1388,0.3959,0.4653
C,0,493,timeout,490,1,0,hazard,0,0.1143,0.3714,0.5143
C,0,494,timeout,490,1,0,key_door,0,0.1714,0.4653,0.3633
C,0,495,lava,132,0,0,key_door,1,0.0909,0.4242,0.4848
C,0,496,lava,223,1,0,hazard,0,0.1435,0.5516,0.3049
C,0,497,lava,118,1,0,key_door,1,0.1017,0.4068,0.4915
C,0,498,lava,62,0,0,key_door,1,0.0645,0.3226,0.6129
C,0,499,lava,18,1,0,key_door,1,0.2222,0.4444,0.3333
D,0,0,lava,76,1,0,none,0,,,
D,0,1,timeout,490,1,0,none,0,,,
D,0,2,timeout,490,1,1,none,0,,,
D,0,3,lava,32,0,0,none,0,,,
D,0,4,timeout,490,1,1,none,0,,,
D,0,5,lava,35,1,0,none,0,,,
D,0,6,lava,18,0,0,none,0,,,
D,0,7,lava,51,1,0,none,0,,,
D,0,8,timeout,490,1,0,none,0,,,
D,0,9,lava,86,0,0,none,0,,,
D,0,10,lava,196,1,0,none,0,,,
D,0,11,timeout,490,1,1,none,0,,,
D,0,12,lava,2,0,0,none,0,,,
D,0,13,timeout,490,1,1,none,0,,,
D,0,14,success,310,1,1,none,0,,,
D,0,15,lava,385,1,1,none,0,,,
D,0,16,lava,28,0,0,none,0,,,
D,0,17,timeout,490,1,0,none,0,,,
D,0,18,timeout,490,1,0,none,0,,,
D,0,19,lava,131,1,0,none,0,,,
D,0,20,timeout,490,1,1,none,0,,,
D,0,21,lava,82,0,0,none,0,,,
D,0,22,lava,58,0,0,none,0,,,
D,0,23,lava,6,0,0,none,0,,,
D,0,24,timeout,490,1,0,none,0,,,
D,0,25,timeout,490,1,1,none,0,,,
D,0,26,timeout,490,1,1,none,0,,,
D,0,27,timeout,490,1,0,none,0,,,
D,0,28,ball,66,1,1,none,0,,,
D,0,29,lava,151,1,0,none,0,,,
D,0,30,ball,177,1,1,none,0,,,
D,0,31,timeout,490,1,1,none,0,,,
D,0,32,lava,334,1,1,none,0,,,
D,0,33,timeout,490,1,0,none,0,,,
D,0,34,lava,34,0,0,none,0,,,
D,0,35,ball,104,1,1,none,0,,,
D,0,36,lava,471,1,1,none,0,,,
D,0,37,lava,45,1,0,none,0,,,
D,0,38,lava,46,1,0,none,0,,,
D,0,39,lava,147,1,0,none,0,,,
D,0,40,timeout,490,1,1,none,0,,,
D,0,41,lava,125,1,0,none,0,,,
D,0,42,timeout,490,1,1,none,0,,,
D,0,43,timeout,490,1,0,none,0,,,
D,0,44,lava,220,0,0,none,0,,,
D,0,45,ball,64,1,1,none,0,,,
D,0,46,lava,21,0,0,none,0,,,
D,0,47,timeout,490,1,0,none,0,,,
D,0,48,timeout,490,1,0,none,0,,,
D,0,49,timeout,490,1,0,none,0,,,
D,0,50,timeout,490,1,0,none,0,,,
D,0,51,timeout,490,1,0,none,0,,,
D,0,52,timeout,490,1,1,none,0,,,
D,0,53,lava,151,1,0,none,0,,,
D,0,54,lava,301,1,0,none,0,,,
D,0,55,timeout,490,1,1,none,0,,,
D,0,56,timeout,490,1,0,none,0,,,
D,0,57,lava,52,0,0,none,0,,,
D,0,58,timeout,490,1,0,none,0,,,
D,0,59,ball,462,1,1,none,0,,,
D,0,60,timeout,490,1,1,none,0,,,
D,0,61,timeout,490,1,1,none,0,,,
D,0,62,ball,122,1,1,none,0,,,
D,0,63,lava,379,1,1,none,0,,,
D,0,64,lava,15,0,0,none,0,,,
D,0,65,ball,229,1,1,none,0,,,
D,0,66,lava,145,1,0,none,0,,,
D,0,67,timeout,490,1,0,none,0,,,
D,0,68,lava,40,0,0,none,0,,,
D,0,69,lava,402,0,0,none,0,,,
D,0,70,timeout,490,1,0,none,0,,,
D,0,71,lava,35,0,0,none,0,,,
D,0,72,lava,117,1,0,none,0,,,
D,0,73,ball,309,1,1,none,0,,,
D,0,74,lava,161,1,0,none,0,,,
D,0,75,lava,386,1,1,none,0,,,
D,0,76,success,344,1,1,none,0,,,
D,0,77,timeout,490,1,1,none,0,,,
D,0,78,lava,12,0,0,none,0,,,
D,0,79,timeout,490,1,0,none,0,,,
D,0,80,timeout,490,1,1,none,0,,,
D,0,81,lava,36,0,0,none,0,,,
D,0,82,ball,287,1,1,none,0,,,
D,0,83,timeout,490,1,0,none,0,,,
D,0,84,timeout,490,1,0,none,0,,,
D,0,85,ball,78,1,1,none,0,,,
D,0,86,lava,30,1,0,none,0,,,
D,0,87,lava,113,1,0,none,0,,,
D,0,88,lava,70,1,0,none,0,,,
D,0,89,lava,202,1,0,none,0,,,
D,0,90,success,267,1,1,none,0,,,
D,0,91,timeout,490,1,1,none,0,,,
D,0,92,lava,6,0,0,none,0,,,
D,0,93,lava,343,1,1,none,0,,,
D,0,94,lava,135,0,0,none,0,,,
D,0,95,timeout,490,1,1,none,0,,,
D,0,96,timeout,490,1,0,none,0,,,
D,0,97,lava,385,1,1,none,0,,,
D,0,98,ball,173,1,1,none,0,,,
D,0,99,timeout,490,1,0,none,0,,,
D,0,100,lava,34,1,1,none,0,,,
D,0,101,lava,66,0,0,none,0,,,
D,0,102,lava,168,1,0,none,0,,,
D,0,103,lava,80,0,0,none,0,,,
D,0,104,timeout,490,1,1,none,0,,,
D,0,105,lava,146,1,0,none,0,,,
D,0,106,lava,80,1,1,none,0,,,
D,0,107,ball,316,1,1,none,0,,,
D,0,108,timeout,490,1,0,none,0,,,
D,0,109,timeout,490,1,0,none,0,,,
D,0,110,lava,1,0,0,none,0,,,
D,0,111,lava,42,1,0,none,0,,,
D,0,112,timeout,490,1,1,none,0,,,
D,0,113,lava,21,0,0,none,0,,,
D,0,114,success,255,1,1,none,0,,,
D,0,115,timeout,490,1,1,none,0,,,
D,0,116,lava,274,1,1,none,0,,,
D,0,117,lava,138,1,1,none,0,,,
D,0,118,lava,31,0,0,none,0,,,
D,0,119,ball,88,1,1,none,0,,,
D,0,120,lava,115,1,0,none,0,,,
D,0,121,lava,4,0,0,none,0,,,
D,0,122,timeout,490,1,1,none,0,,,
D,0,123,ball,241,1,1,none,0,,,
D,0,124,success,175,1,1,none,0,,,
D,0,125,lava,23,0,0,none,0,,,
D,0,126,timeout,490,1,0,none,0,,,
D,0,127,ball,419,1,1,none,0,,,
D,0,128,timeout,490,1,0,none,0,,,
D,0,129,ball,360,1,1,none,0,,,
D,0,130,lava,369,1,1,none,0,,,
D,0,131,lava,110,0,0,none,0,,,
D,0,132,ball,241,1,1,none,0,,,
D,0,133,ball,354,1,1,none,0,,,
D,0,134,timeout,490,1,1,none,0,,,
D,0,135,success,235,1,1,none,0,,,
D,0,136,lava,42,0,0,none,0,,,
D,0,137,lava,99,0,0,none,0,,,
D,0,138,timeout,490,1,0,none,0,,,
D,0,139,ball,163,1,1,none,0,,,
D,0,140,timeout,490,1,0,none,0,,,
D,0,141,timeout,490,1,0,none,0,,,
D,0,142,lava,203,1,1,none,0,,,
D,0,143,lava,117,1,1,none,0,,,
D,0,144,ball,302,1,1,none,0,,,
D,0,145,timeout,490,1,0,none,0,,,
D,0,146,timeout,490,1,1,none,0,,,
D,0,147,lava,132,0,0,none,0,,,
D,0,148,success,278,1,1,none,0,,,
D,0,149,timeout,490,1,0,none,0,,,
D,0,150,timeout,490,1,0,none,0,,,
D,0,151,lava,317,1,1,none,0,,,
D,0,152,ball,153,1,1,none,0,,,
D,0,153,ball,359,1,1,none,0,,,
D,0,154,lava,82,0,0,none,0,,,
D,0,155,timeout,490,1,1,none,0,,,
D,0,156,lava,2,0,0,none,0,,,
D,0,157,lava,78,0,0,none,0,,,
D,0,158,timeout,490,1,1,none,0,,,
D,0,159,lava,104,1,0,none,0,,,
D,0,160,lava,150,1,0,none,0,,,
D,0,161,ball,279,1,1,none,0,,,
D,0,162,lava,108,1,1,none,0,,,
D,0,163,timeout,490,1,1,none,0,,,
D,0,164,timeout,490,1,1,none,0,,,
D,0,165,lava,78,1,0,none,0,,,
D,0,166,success,191,1,1,none,0,,,
D,0,167,lava,23,0,0,none,0,,,
D,0,168,timeout,490,1,1,none,0,,,
D,0,169,ball,416,1,1,none,0,,,
D,0,170,timeout,490,1,1,none,0,,,
D,0,171,ball,370,1,1,none,0,,,
D,0,172,lava,102,1,0,none,0,,,
D,0,173,lava,320,1,0,none,0,,,
D,0,174,ball,154,1,1,none,0,,,
D,0,175,lava,92,1,0,none,0,,,
D,0,176,timeout,490,1,0,none,0,,,
D,0,177,timeout,490,1,0,none,0,,,
D,0,178,lava,51,0,0,none,0,,,
D,0,179,timeout,490,1,1,none,0,,,
D,0,180,lava,44,0,0,none,0,,,
D,0,181,lava,27,1,0,none,0,,,
D,0,182,success,333,1,1,none,0,,,
D,0,183,lava,182,1,1,none,0,,,
D,0,184,lava,102,1,0,none,0,,,
D,0,185,timeout,490,1,1,none,0,,,
D,0,186,lava,136,0,0,none,0,,,
D,0,187,lava,102,1,1,none,0,,,
D,0,188,timeout,490,1,1,none,0,,,
D,0,189,lava,10,0,0,none,0,,,
D,0,190,ball,431,1,1,none,0,,,
D,0,191,lava,10,0,0,none,0,,,
D,0,192,ball,289,1,1,none,0,,,
D,0,193,lava,346,0,0,none,0,,,
D,0,194,timeout,490,1,1,none,0,,,
D,0,195,lava,293,1,1,none,0,,,
D,0,196,lava,334,1,1,none,0,,,
D,0,197,lava,9,0,0,none,0,,,
D,0,198,lava,176,1,0,none,0,,,
D,0,199,timeout,490,1,0,none,0,,,
D,0,200,success,183,1,1,none,0,,,
D,0,201,lava,14,0,0,none,0,,,
D,0,202,lava,137,1,0,none,0,,,
D,0,203,lava,46,0,0,none,0,,,
D,0,204,timeout,490,1,0,none,0,,,
D,0,205,timeout,490,1,1,none,0,,,
D,0,206,lava,131,1,0,none,0,,,
D,0,207,lava,149,1,1,none,0,,,
D,0,208,lava,217,1,1,none,0,,,
D,0,209,lava,20,0,0,none,0,,,
D,0,210,lava,48,0,0,none,0,,,
D,0,211,lava,10,0,0,none,0,,,
D,0,212,lava,272,1,1,none,0,,,
D,0,213,lava,33,0,0,none,0,,,
D,0,214,lava,279,1,1,none,0,,,
D,0,215,timeout,490,1,1,none,0,,,
D,0,216,lava,12,0,0,none,0,,,
D,0,217,lava,4,0,0,none,0,,,
D,0,218,lava,80,0,0,none,0,,,
D,0,219,lava,145,0,0,none,0,,,
D,0,220,lava,80,0,0,none,0,,,
D,0,221,lava,30,0,0,none,0,,,
D,0,222,lava,40,0,0,none,0,,,
D,0,223,timeout,490,1,0,none,0,,,
D,0,224,lava,162,1,1,none,0,,,
D,0,225,lava,92,1,0,none,0,,,
D,0,226,timeout,490,1,1,none,0,,,
D,0,227,ball,141,1,1,none,0,,,
D,0,228,lava,229,1,0,none,0,,,
D,0,229,lava,50,0,0,none,0,,,
D,0,230,lava,117,0,0,none,0,,,
D,0,231,lava,473,1,1,none,0,,,
D,0,232,timeout,490,1,0,none,0,,,
D,0,233,timeout,490,1,0,none,0,,,
D,0,234,timeout,490,1,0,none,0,,,
D,0,235,lava,192,1,1,none,0,,,
D,0,236,lava,317,1,1,none,0,,,
D,0,237,lava,476,1,1,none,0,,,
D,0,238,lava,431,1,1,none,0,,,
D,0,239,lava,86,1,0,none,0,,,
D,0,240,lava,188,0,0,none,0,,,
D,0,241,lava,265,1,0,none,0,,,
D,0,242,lava,184,1,0,none,0,,,
D,0,243,lava,2,0,0,none,0,,,
D,0,244,timeout,490,1,0,none,0,,,
D,0,245,success,372,1,1,none,0,,,
D,0,246,timeout,490,1,1,none,0,,,
D,0,247,ball,160,1,1,none,0,,,
D,0,248,timeout,490,1,0,none,0,,,
D,0,249,ball,436,1,1,none,0,,,
D,0,250,lava,120,1,0,none,0,,,
D,0,251,ball,104,1,1,none,0,,,
D,0,252,lava,27,0,0,none,0,,,
D,0,253,lava,24,0,0,none,0,,,
D,0,254,timeout,490,1,1,none,0,,,
D,0,255,lava,350,1,1,none,0,,,
D,0,256,ball,352,1,1,none,0,,,
D,0,257,lava,7,0,0,none,0,,,
D,0,258,lava,150,0,0,none,0,,,
D,0,259,lava,40,1,0,none,0,,,
D,0,260,timeout,490,1,1,none,0,,,
D,0,261,timeout,490,1,0,none,0,,,
D,0,262,ball,169,1,1,none,0,,,
D,0,263,lava,82,1,0,none,0,,,
D,0,264,timeout,490,1,0,none,0,,,
D,0,265,lava,68,0,0,none,0,,,
D,0,266,lava,22,0,0,none,0,,,
D,0,267,timeout,490,1,1,none,0,,,
D,0,268,ball,250,1,1,none,0,,,
D,0,269,success,296,1,1,none,0,,,
D,0,270,lava,90,1,1,none,0,,,
D,0,271,lava,20,0,0,none,0,,,
D,0,272,timeout,490,1,1,none,0,,,
D,0,273,timeout,490,1,1,none,0,,,
D,0,274,ball,185,1,1,none,0,,,
D,0,275,timeout,490,1,1,none,0,,,
D,0,276,lava,56,0,0,none,0,,,
D,0,277,success,191,1,1,none,0,,,
D,0,278,ball,348,1,1,none,0,,,
D,0,279,success,419,1,1,none,0,,,
D,0,280,lava,263,1,0,none,0,,,
D,0,281,timeout,490,1,0,none,0,,,
D,0,282,timeout,490,1,0,none,0,,,
D,0,283,success,316,1,1,none,0,,,
D,0,284,timeout,490,1,0,none,0,,,
D,0,285,timeout,490,1,0,none,0,,,
D,0,286,timeout,490,1,1,none,0,,,
D,0,287,timeout,490,1,0,none,0,,,
D,0,288,timeout,490,1,1,none,0,,,
D,0,289,lava,224,1,1,none,0,,,
D,0,290,lava,17,0,0,none,0,,,
D,0,291,lava,365,1,0,none,0,,,
D,0,292,timeout,490,1,0,none,0,,,
D,0,293,lava,149,1,0,none,0,,,
D,0,294,lava,447,1,1,none,0,,,
D,0,295,lava,8,0,0,none,0,,,
D,0,296,lava,145,0,0,none,0,,,
D,0,297,ball,137,1,1,none,0,,,
D,0,298,lava,14,0,0,none,0,,,
D,0,299,timeout,490,1,1,none,0,,,
D,0,300,lava,20,0,0,none,0,,,
D,0,301,lava,1,0,0,none,0,,,
D,0,302,lava,54,0,0,none,0,,,
D,0,303,lava,13,0,0,none,0,,,
D,0,304,timeout,490,1,1,none,0,,,
D,0,305,lava,52,1,0,none,0,,,
D,0,306,lava,36,1,0,none,0,,,
D,0,307,lava,124,1,0,none,0,,,
D,0,308,lava,127,0,0,none,0,,,
D,0,309,lava,65,1,0,none,0,,,
D,0,310,lava,112,1,0,none,0,,,
D,0,311,ball,174,1,1,none,0,,,
D,0,312,lava,56,0,0,none,0,,,
D,0,313,lava,225,0,0,none,0,,,
D,0,314,ball,473,1,1,none,0,,,
D,0,315,lava,64,0,0,none,0,,,
D,0,316,lava,69,1,0,none,0,,,
D,0,317,timeout,490,1,1,none,0,,,
D,0,318,ball,134,1,1,none,0,,,
D,0,319,lava,22,0,0,none,0,,,
D,0,320,lava,163,1,0,none,0,,,
D,0,321,ball,211,1,1,none,0,,,
D,0,322,ball,374,1,1,none,0,,,
D,0,323,lava,188,1,0,none,0,,,
D,0,324,timeout,490,1,1,none,0,,,
D,0,325,lava,97,1,1,none,0,,,
D,0,326,timeout,490,1,0,none,0,,,
D,0,327,ball,111,1,1,none,0,,,
D,0,328,timeout,490,1,1,none,0,,,
D,0,329,lava,178,1,0,none,0,,,
D,0,330,success,111,1,1,none,0,,,
D,0,331,ball,203,1,1,none,0,,,
D,0,332,timeout,490,1,0,none,0,,,
D,0,333,ball,174,1,1,none,0,,,
D,0,334,lava,66,1,0,none,0,,,
D,0,335,lava,3,0,0,none,0,,,
D,0,336,timeout,490,1,1,none,0,,,
D,0,337,lava,251,1,1,none,0,,,
D,0,338,timeout,490,1,1,none,0,,,
D,0,339,lava,10,0,0,none,0,,,
D,0,340,lava,69,0,0,none,0,,,
D,0,341,lava,55,0,0,none,0,,,
D,0,342,timeout,490,1,1,none,0,,,
D,0,343,lava,104,1,0,none,0,,,
D,0,344,timeout,490,1,1,none,0,,,
D,0,345,success,362,1,1,none,0,,,
D,0,346,lava,42,0,0,none,0,,,
D,0,347,timeout,490,1,0,none,0,,,
D,0,348,timeout,490,1,0,none,0,,,
D,0,349,lava,208,1,1,none,0,,,
D,0,350,lava,26,0,0,none,0,,,
D,0,351,lava,11,0,0,none,0,,,
D,0,352,lava,10,0,0,none,0,,,
D,0,353,timeout,490,1,1,none,0,,,
D,0,354,lava,163,1,0,none,0,,,
D,0,355,lava,46,1,0,none,0,,,
D,0,356,ball,442,1,1,none,0,,,
D,0,357,lava,50,0,0,none,0,,,
D,0,358,lava,304,1,1,none,0,,,
D,0,359,success,401,1,1,none,0,,,
D,0,360,lava,37,0,0,none,0,,,
D,0,361,ball,101,1,1,none,0,,,
D,0,362,lava,212,1,0,none,0,,,
D,0,363,timeout,490,1,1,none,0,,,
D,0,364,timeout,490,1,0,none,0,,,
D,0,365,lava,30,0,0,none,0,,,
D,0,366,lava,8,1,0,none,0,,,
D,0,367,lava,15,0,0,none,0,,,
D,0,368,ball,125,1,1,none,0,,,
D,0,369,lava,31,0,0,none,0,,,
D,0,370,success,317,1,1,none,0,,,
D,0,371,timeout,490,1,0,none,0,,,
D,0,372,lava,46,0,0,none,0,,,
D,0,373,ball,336,1,1,none,0,,,
D,0,374,lava,273,1,1,none,0,,,
D,0,375,lava,53,1,0,none,0,,,
D,0,376,lava,108,1,0,none,0,,,
D,0,377,lava,216,1,0,none,0,,,
D,0,378,timeout,490,1,0,none,0,,,
D,0,379,ball,305,1,1,none,0,,,
D,0,380,timeout,490,1,0,none,0,,,
D,0,381,lava,23,1,0,none,0,,,
D,0,382,timeout,490,1,1,none,0,,,
D,0,383,timeout,490,1,0,none,0,,,
D,0,384,lava,13,0,0,none,0,,,
D,0,385,lava,6,0,0,none,0,,,
D,0,386,timeout,490,1,0,none,0,,,
D,0,387,lava,171,0,0,none,0,,,
D,0,388,lava,17,0,0,none,0,,,
D,0,389,timeout,490,1,1,none,0,,,
D,0,390,lava,4,0,0,none,0,,,
D,0,391,lava,254,1,1,none,0,,,
D,0,392,lava,49,1,0,none,0,,,
D,0,393,success,218,1,1,none,0,,,
D,0,394,timeout,490,1,0,none,0,,,
D,0,395,lava,277,1,1,none,0,,,
D,0,396,lava,50,1,0,none,0,,,
D,0,397,success,282,1,1,none,0,,,
D,0,398,success,428,1,1,none,0,,,
D,0,399,timeout,490,1,0,none,0,,,
D,0,400,ball,354,1,1,none,0,,,
D,0,401,lava,68,1,0,none,0,,,
D,0,402,timeout,490,1,1,none,0,,,
D,0,403,timeout,490,1,1,none,0,,,
D,0,404,timeout,490,1,0,none,0,,,
D,0,405,lava,42,1,0,none,0,,,
D,0,406,timeout,490,1,1,none,0,,,
D,0,407,timeout,490,1,1,none,0,,,
D,0,408,timeout,490,1,0,none,0,,,
D,0,409,timeout,490,1,0,none,0,,,
D,0,410,lava,55,0,0,none,0,,,
D,0,411,success,232,1,1,none,0,,,
D,0,412,lava,26,0,0,none,0,,,
D,0,413,timeout,490,1,0,none,0,,,
D,0,414,lava,54,0,0,none,0,,,
D,0,415,timeout,490,1,1,none,0,,,
D,0,416,lava,103,1,0,none,0,,,
D,0,417,lava,296,1,1,none,0,,,
D,0,418,timeout,490,1,1,none,0,,,
D,0,419,lava,82,0,0,none,0,,,
D,0,420,timeout,490,1,0,none,0,,,
D,0,421,lava,54,0,0,none,0,,,
D,0,422,timeout,490,1,1,none,0,,,
D,0,423,lava,24,0,0,none,0,,,
D,0,424,lava,1,0,0,none,0,,,
D,0,425,success,152,1,1,none,0,,,
D,0,426,lava,186,0,0,none,0,,,
D,0,427,timeout,490,1,0,none,0,,,
D,0,428,timeout,490,1,0,none,0,,,
D,0,429,lava,9,0,0,none,0,,,
D,0,430,timeout,490,1,1,none,0,,,
D,0,431,lava,1,0,0,none,0,,,
D,0,432,lava,31,0,0,none,0,,,
D,0,433,timeout,490,1,0,none,0,,,
D,0,434,timeout,490,1,0,none,0,,,
D,0,435,lava,19,0,0,none,0,,,
D,0,436,ball,393,1,1,none,0,,,
D,0,437,lava,74,1,0,none,0,,,
D,0,438,lava,20,1,0,none,0,,,
D,0,439,ball,332,1,1,none,0,,,
D,0,440,lava,218,1,0,none,0,,,
D,0,441,lava,60,1,0,none,0,,,
D,0,442,lava,231,1,0,none,0,,,
D,0,443,lava,3,0,0,none,0,,,
D,0,444,lava,86,1,0,none,0,,,
D,0,445,ball,170,1,1,none,0,,,
D,0,446,lava,211,1,1,none,0,,,
D,0,447,timeout,490,1,0,none,0,,,
D,0,448,timeout,490,1,1,none,0,,,
D,0,449,lava,4,0,0,none,0,,,
D,0,450,timeout,490,1,0,none,0,,,
D,0,451,lava,116,1,0,none,0,,,
D,0,452,lava,30,0,0,none,0,,,
D,0,453,timeout,490,1,1,none,0,,,
D,0,454,lava,322,1,0,none,0,,,
D,0,455,timeout,490,1,0,none,0,,,
D,0,456,lava,2,0,0,none,0,,,
D,0,457,lava,6,0,0,none,0,,,
D,0,458,timeout,490,1,0,none,0,,,
D,0,459,ball,198,1,1,none,0,,,
D,0,460,lava,5,0,0,none,0,,,
D,0,461,timeout,490,1,1,none,0,,,
D,0,462,lava,4,1,0,none,0,,,
D,0,463,ball,344,1,1,none,0,,,
D,0,464,lava,30,0,0,none,0,,,
D,0,465,lava,12,0,0,none,0,,,
D,0,466,success,305,1,1,none,0,,,
D,0,467,lava,40,1,0,none,0,,,
D,0,468,lava,26,0,0,none,0,,,
D,0,469,success,464,1,1,none,0,,,
D,0,470,ball,50,1,1,none,0,,,
D,0,471,success,427,1,1,none,0,,,
D,0,472,timeout,490,1,1,none,0,,,
D,0,473,timeout,490,1,1,none,0,,,
D,0,474,timeout,490,1,0,none,0,,,
D,0,475,lava,26,0,0,none,0,,,
D,0,476,success,66,1,1,none,0,,,
D,0,477,ball,412,1,1,none,0,,,
D,0,478,lava,46,0,0,none,0,,,
D,0,479,lava,43,1,0,none,0,,,
D,0,480,lava,345,1,1,none,0,,,
D,0,481,success,129,1,1,none,0,,,
D,0,482,ball,482,1,1,none,0,,,
D,0,483,timeout,490,1,0,none,0,,,
D,0,484,timeout,490,1,1,none,0,,,
D,0,485,timeout,490,1,0,none,0,,,
D,0,486,lava,132,0,0,none,0,,,
D,0,487,ball,229,1,1,none,0,,,
D,0,488,timeout,490,1,0,none,0,,,
D,0,489,lava,202,1,0,none,0,,,
D,0,490,lava,6,0,0,none,0,,,
D,0,491,ball,97,1,1,none,0,,,
D,0,492,ball,425,1,1,none,0,,,
D,0,493,timeout,490,1,0,none,0,,,
D,0,494,success,456,1,1,none,0,,,
D,0,495,lava,138,1,0,none,0,,,
D,0,496,lava,134,1,0,none,0,,,
D,0,497,lava,8,0,0,none,0,,,
D,0,498,lava,24,0,0,none,0,,,
D,0,499,lava,30,1,0,none,0,,,
