global_step,update,phase,episodes,success,lava,ball,timeout,pg_loss,v_loss,entropy,sps,sub_navigate_n,sub_navigate_success,sub_hazard_n,sub_hazard_success,sub_key_door_n,sub_key_door_success,choose_navigate,choose_hazard,choose_key_door,success_under_navigate,lava_under_navigate,ball_under_navigate,timeout_under_navigate,success_under_hazard,lava_under_hazard,ball_under_hazard,timeout_under_hazard,success_under_key_door,lava_under_key_door,ball_under_key_door,timeout_under_key_door
2048,1,0,6,0,6,0,0,-0.00023,0.00063,1.9459,2772,0,0,0,0,0,0,0,0,0,0,0,0,0,0,0,0,0,0,0,0,0
4096,2,0,16,0,4,0,12,-0.00014,0.00069,1.9457,2957,0,0,0,0,0,0,0,0,0,0,0,0,0,0,0,0,0,0,0,0,0
6144,3,0,11,0,7,0,4,-0.00041,0.00027,1.9454,2973,0,0,0,0,0,0,0,0,0,0,0,0,0,0,0,0,0,0,0,0,0
8192,4,0,15,0,3,0,12,-0.0015,0.00037,1.9406,2709,0,0,0,0,0,0,0,0,0,0,0,0,0,0,0,0,0,0,0,0,0
10240,5,0,12,0,2,0,10,0.00065,0.00056,1.9409,2914,0,0,0,0,0,0,0,0,0,0,0,0,0,0,0,0,0,0,0,0,0
12288,6,0,11,0,4,0,7,-0.00236,0.0005,1.9314,2851,0,0,0,0,0,0,0,0,0,0,0,0,0,0,0,0,0,0,0,0,0
14336,7,0,14,0,3,0,11,-0.00071,0.00105,1.9347,2972,0,0,0,0,0,0,0,0,0,0,0,0,0,0,0,0,0,0,0,0,0
16384,8,0,11,0,3,0,8,-0.00083,0.00054,1.8988,2834,0,0,0,0,0,0,0,0,0,0,0,0,0,0,0,0,0,0,0,0,0
18432,9,0,15,0,7,0,8,-0.00196,0.00065,1.9045,2631,0,0,0,0,0,0,0,0,0,0,0,0,0,0,0,0,0,0,0,0,0
20480,10,0,16,0,5,0,11,-0.0037,0.00062,1.8889,2949,0,0,0,0,0,0,0,0,0,0,0,0,0,0,0,0,0,0,0,0,0
22528,11,0,8,0,2,0,6,-0.0006,0.00062,1.8915,3152,0,0,0,0,0,0,0,0,0,0,0,0,0,0,0,0,0,0,0,0,0
24576,12,0,15,1,3,0,11,-0.00245,0.00087,1.8454,3132,0,0,0,0,0,0,0,0,0,0,0,0,0,0,0,0,0,0,0,0,0
26624,13,0,10,0,1,0,9,-0.00229,0.00083,1.8421,2969,0,0,0,0,0,0,0,0,0,0,0,0,0,0,0,0,0,0,0,0,0
28672,14,0,12,0,4,0,8,4e-05,0.00067,1.865,3062,0,0,0,0,0,0,0,0,0,0,0,0,0,0,0,0,0,0,0,0,0
30720,15,0,14,0,3,0,11,-0.00078,0.00051,1.8633,3033,0,0,0,0,0,0,0,0,0,0,0,0,0,0,0,0,0,0,0,0,0
32768,16,0,12,0,1,0,11,-0.00103,0.0006,1.8705,3005,0,0,0,0,0,0,0,0,0,0,0,0,0,0,0,0,0,0,0,0,0
34816,17,0,9,0,1,0,8,-0.00337,0.00018,1.861,2980,0,0,0,0,0,0,0,0,0,0,0,0,0,0,0,0,0,0,0,0,0
36864,18,0,13,0,1,0,12,-0.00036,0.00091,1.87,2793,0,0,0,0,0,0,0,0,0,0,0,0,0,0,0,0,0,0,0,0,0
38912,19,0,13,0,5,0,8,-0.001,0.00047,1.8405,2831,0,0,0,0,0,0,0,0,0,0,0,0,0,0,0,0,0,0,0,0,0
40960,20,0,9,0,4,0,5,-0.001,0.00085,1.8475,2783,0,0,0,0,0,0,0,0,0,0,0,0,0,0,0,0,0,0,0,0,0
43008,21,0,16,0,2,0,14,-0.00089,0.00035,1.832,2414,0,0,0,0,0,0,0,0,0,0,0,0,0,0,0,0,0,0,0,0,0
45056,22,0,7,0,0,0,7,-0.00322,0.00071,1.8844,2757,0,0,0,0,0,0,0,0,0,0,0,0,0,0,0,0,0,0,0,0,0
47104,23,0,13,0,2,0,11,-0.00148,0.00052,1.8943,2824,0,0,0,0,0,0,0,0,0,0,0,0,0,0,0,0,0,0,0,0,0
49152,24,0,13,0,3,0,10,0.00021,0.00041,1.8532,2520,0,0,0,0,0,0,0,0,0,0,0,0,0,0,0,0,0,0,0,0,0
51200,25,0,10,0,1,0,9,-0.0025,0.00063,1.8922,2772,0,0,0,0,0,0,0,0,0,0,0,0,0,0,0,0,0,0,0,0,0
53248,26,0,10,0,2,0,8,-0.00149,0.00058,1.897,2861,0,0,0,0,0,0,0,0,0,0,0,0,0,0,0,0,0,0,0,0,0
55296,27,0,16,0,3,0,13,-0.00238,0.00068,1.8372,2977,0,0,0,0,0,0,0,0,0,0,0,0,0,0,0,0,0,0,0,0,0
57344,28,0,15,0,6,0,9,-0.001,0.00062,1.833,2975,0,0,0,0,0,0,0,0,0,0,0,0,0,0,0,0,0,0,0,0,0
59392,29,0,13,0,8,0,5,-0.0019,0.00055,1.722,2718,0,0,0,0,0,0,0,0,0,0,0,0,0,0,0,0,0,0,0,0,0
61440,30,0,15,0,4,0,11,-0.00384,0.00074,1.819,2814,0,0,0,0,0,0,0,0,0,0,0,0,0,0,0,0,0,0,0,0,0
63488,31,0,11,0,1,1,9,-0.00119,0.00077,1.8207,2874,0,0,0,0,0,0,0,0,0,0,0,0,0,0,0,0,0,0,0,0,0
65536,32,0,12,0,4,0,8,-0.00235,0.00051,1.8268,2965,0,0,0,0,0,0,0,0,0,0,0,0,0,0,0,0,0,0,0,0,0
67584,33,0,16,0,4,0,12,-0.00174,0.0007,1.8659,3027,0,0,0,0,0,0,0,0,0,0,0,0,0,0,0,0,0,0,0,0,0
69632,34,0,11,0,2,0,9,-0.00119,0.00033,1.8578,2985,0,0,0,0,0,0,0,0,0,0,0,0,0,0,0,0,0,0,0,0,0
71680,35,0,10,0,1,1,8,9e-05,0.00071,1.8244,2869,0,0,0,0,0,0,0,0,0,0,0,0,0,0,0,0,0,0,0,0,0
73728,36,0,12,0,3,0,9,-8e-05,0.00063,1.857,2863,0,0,0,0,0,0,0,0,0,0,0,0,0,0,0,0,0,0,0,0,0
75776,37,0,16,0,6,1,9,-0.00136,0.00092,1.8405,2848,0,0,0,0,0,0,0,0,0,0,0,0,0,0,0,0,0,0,0,0,0
77824,38,0,10,0,3,0,7,-0.00122,0.00047,1.7596,2836,0,0,0,0,0,0,0,0,0,0,0,0,0,0,0,0,0,0,0,0,0
79872,39,0,12,0,1,0,11,-0.00154,0.00068,1.7561,2920,0,0,0,0,0,0,0,0,0,0,0,0,0,0,0,0,0,0,0,0,0
81920,40,0,14,0,3,0,11,-0.00062,0.00062,1.732,2965,0,0,0,0,0,0,0,0,0,0,0,0,0,0,0,0,0,0,0,0,0
83968,41,0,11,1,5,0,5,-0.00106,0.0009,1.7906,2842,0,0,0,0,0,0,0,0,0,0,0,0,0,0,0,0,0,0,0,0,0
86016,42,0,10,0,2,0,8,-0.00043,0.0008,1.7652,2848,0,0,0,0,0,0,0,0,0,0,0,0,0,0,0,0,0,0,0,0,0
88064,43,0,16,0,4,0,12,-0.00075,0.00079,1.7724,2989,0,0,0,0,0,0,0,0,0,0,0,0,0,0,0,0,0,0,0,0,0
90112,44,0,12,1,4,0,7,-0.00315,0.00048,1.7104,2758,0,0,0,0,0,0,0,0,0,0,0,0,0,0,0,0,0,0,0,0,0
92160,45,0,8,0,1,0,7,0.00031,0.00072,1.753,3009,0,0,0,0,0,0,0,0,0,0,0,0,0,0,0,0,0,0,0,0,0
94208,46,0,14,0,0,0,14,-0.00408,0.00068,1.6816,2813,0,0,0,0,0,0,0,0,0,0,0,0,0,0,0,0,0,0,0,0,0
96256,47,0,13,0,6,0,7,-0.00186,0.00072,1.7393,2886,0,0,0,0,0,0,0,0,0,0,0,0,0,0,0,0,0,0,0,0,0
98304,48,0,14,0,7,0,7,-0.00017,0.00089,1.6997,2742,0,0,0,0,0,0,0,0,0,0,0,0,0,0,0,0,0,0,0,0,0
100352,49,0,18,1,7,1,9,-0.00171,0.00136,1.6378,2710,0,0,0,0,0,0,0,0,0,0,0,0,0,0,0,0,0,0,0,0,0
102400,50,0,12,0,2,1,9,-0.00128,0.00064,1.6026,2820,0,0,0,0,0,0,0,0,0,0,0,0,0,0,0,0,0,0,0,0,0
104448,51,0,12,0,5,0,7,-0.00186,0.00082,1.6271,2831,0,0,0,0,0,0,0,0,0,0,0,0,0,0,0,0,0,0,0,0,0
106496,52,0,13,0,2,0,11,0.00012,0.00048,1.7062,2852,0,0,0,0,0,0,0,0,0,0,0,0,0,0,0,0,0,0,0,0,0
108544,53,0,13,1,3,0,9,-0.00292,0.0007,1.6142,2870,0,0,0,0,0,0,0,0,0,0,0,0,0,0,0,0,0,0,0,0,0
110592,54,0,9,0,2,0,7,-0.00281,0.00092,1.6288,2784,0,0,0,0,0,0,0,0,0,0,0,0,0,0,0,0,0,0,0,0,0
112640,55,0,15,0,3,0,12,-0.00122,0.00077,1.5922,2925,0,0,0,0,0,0,0,0,0,0,0,0,0,0,0,0,0,0,0,0,0
114688,56,0,13,0,2,1,10,-0.00159,0.00053,1.5365,2749,0,0,0,0,0,0,0,0,0,0,0,0,0,0,0,0,0,0,0,0,0
116736,57,0,11,0,3,0,8,-0.00121,0.0009,1.553,2921,0,0,0,0,0,0,0,0,0,0,0,0,0,0,0,0,0,0,0,0,0
118784,58,0,15,0,5,1,9,-0.00324,0.0009,1.6126,2882,0,0,0,0,0,0,0,0,0,0,0,0,0,0,0,0,0,0,0,0,0
120832,59,0,18,0,8,1,9,-0.00419,0.00083,1.5698,2506,0,0,0,0,0,0,0,0,0,0,0,0,0,0,0,0,0,0,0,0,0
122880,60,0,14,1,6,1,6,0.00033,0.00126,1.5639,2586,0,0,0,0,0,0,0,0,0,0,0,0,0,0,0,0,0,0,0,0,0
124928,61,0,11,0,3,0,8,-0.00023,0.0008,1.5563,2784,0,0,0,0,0,0,0,0,0,0,0,0,0,0,0,0,0,0,0,0,0
126976,62,0,15,0,6,0,9,-0.00099,0.00116,1.582,2781,0,0,0,0,0,0,0,0,0,0,0,0,0,0,0,0,0,0,0,0,0
129024,63,0,12,0,5,0,7,-0.00114,0.00075,1.5463,3156,0,0,0,0,0,0,0,0,0,0,0,0,0,0,0,0,0,0,0,0,0
131072,64,0,16,1,4,1,10,-0.00092,0.00217,1.5626,3042,0,0,0,0,0,0,0,0,0,0,0,0,0,0,0,0,0,0,0,0,0
133120,65,0,11,0,4,1,6,-0.00094,0.00094,1.5695,3112,0,0,0,0,0,0,0,0,0,0,0,0,0,0,0,0,0,0,0,0,0
135168,66,0,10,0,1,0,9,-0.001,0.00071,1.5123,2906,0,0,0,0,0,0,0,0,0,0,0,0,0,0,0,0,0,0,0,0,0
137216,67,0,16,0,4,0,12,-0.00239,0.00103,1.582,3157,0,0,0,0,0,0,0,0,0,0,0,0,0,0,0,0,0,0,0,0,0
139264,68,0,16,0,10,1,5,-0.00074,0.00071,1.5603,3079,0,0,0,0,0,0,0,0,0,0,0,0,0,0,0,0,0,0,0,0,0
141312,69,0,9,0,2,0,7,-0.00211,0.00096,1.5822,2998,0,0,0,0,0,0,0,0,0,0,0,0,0,0,0,0,0,0,0,0,0
143360,70,0,20,1,11,1,7,-0.00265,0.0019,1.5394,2889,0,0,0,0,0,0,0,0,0,0,0,0,0,0,0,0,0,0,0,0,0
145408,71,0,10,0,5,0,5,-0.00017,0.00056,1.6019,2579,0,0,0,0,0,0,0,0,0,0,0,0,0,0,0,0,0,0,0,0,0
147456,72,0,15,0,3,0,12,-0.00278,0.00097,1.5806,2774,0,0,0,0,0,0,0,0,0,0,0,0,0,0,0,0,0,0,0,0,0
149504,73,0,14,1,5,0,8,-0.00163,0.00162,1.6236,3007,0,0,0,0,0,0,0,0,0,0,0,0,0,0,0,0,0,0,0,0,0
151552,74,0,14,1,3,2,8,-0.00168,0.00147,1.622,2820,0,0,0,0,0,0,0,0,0,0,0,0,0,0,0,0,0,0,0,0,0
153600,75,0,15,0,8,1,6,-0.00347,0.00107,1.5849,2875,0,0,0,0,0,0,0,0,0,0,0,0,0,0,0,0,0,0,0,0,0
155648,76,0,15,0,3,0,12,-0.00194,0.00075,1.5747,2893,0,0,0,0,0,0,0,0,0,0,0,0,0,0,0,0,0,0,0,0,0
157696,77,0,17,0,10,2,5,-0.00028,0.00087,1.5712,2829,0,0,0,0,0,0,0,0,0,0,0,0,0,0,0,0,0,0,0,0,0
159744,78,0,15,0,4,0,11,-0.00373,0.00129,1.5683,2813,0,0,0,0,0,0,0,0,0,0,0,0,0,0,0,0,0,0,0,0,0
161792,79,0,12,0,5,0,7,-0.0014,0.00093,1.4975,2960,0,0,0,0,0,0,0,0,0,0,0,0,0,0,0,0,0,0,0,0,0
163840,80,0,13,0,2,0,11,-0.00136,0.00055,1.5549,2796,0,0,0,0,0,0,0,0,0,0,0,0,0,0,0,0,0,0,0,0,0
165888,81,0,11,0,2,0,9,-0.00234,0.00083,1.6004,2868,0,0,0,0,0,0,0,0,0,0,0,0,0,0,0,0,0,0,0,0,0
167936,82,0,17,0,7,0,10,-0.00086,0.00081,1.5925,2914,0,0,0,0,0,0,0,0,0,0,0,0,0,0,0,0,0,0,0,0,0
169984,83,0,15,0,6,1,8,-0.00213,0.00101,1.6438,3045,0,0,0,0,0,0,0,0,0,0,0,0,0,0,0,0,0,0,0,0,0
172032,84,0,9,0,1,1,7,-0.00094,0.00058,1.6127,3097,0,0,0,0,0,0,0,0,0,0,0,0,0,0,0,0,0,0,0,0,0
174080,85,0,13,0,4,0,9,-0.00023,0.00065,1.6027,2752,0,0,0,0,0,0,0,0,0,0,0,0,0,0,0,0,0,0,0,0,0
176128,86,0,18,1,7,0,10,-0.0006,0.00112,1.584,3018,0,0,0,0,0,0,0,0,0,0,0,0,0,0,0,0,0,0,0,0,0
178176,87,0,13,0,5,0,8,-0.00054,0.00068,1.6256,2729,0,0,0,0,0,0,0,0,0,0,0,0,0,0,0,0,0,0,0,0,0
180224,88,0,16,0,8,0,8,-0.00207,0.0009,1.5997,2981,0,0,0,0,0,0,0,0,0,0,0,0,0,0,0,0,0,0,0,0,0
182272,89,0,14,0,5,1,8,-0.00074,0.00108,1.6178,3167,0,0,0,0,0,0,0,0,0,0,0,0,0,0,0,0,0,0,0,0,0
184320,90,0,13,0,3,0,10,-0.00082,0.00079,1.574,3143,0,0,0,0,0,0,0,0,0,0,0,0,0,0,0,0,0,0,0,0,0
186368,91,0,14,0,6,0,8,-0.00057,0.00073,1.6181,2801,0,0,0,0,0,0,0,0,0,0,0,0,0,0,0,0,0,0,0,0,0
188416,92,0,13,0,3,0,10,-0.0011,0.00104,1.619,2883,0,0,0,0,0,0,0,0,0,0,0,0,0,0,0,0,0,0,0,0,0
190464,93,0,10,0,3,0,7,-0.00163,0.00079,1.6416,2743,0,0,0,0,0,0,0,0,0,0,0,0,0,0,0,0,0,0,0,0,0
192512,94,0,17,1,5,0,11,-0.00138,0.0025,1.5793,2867,0,0,0,0,0,0,0,0,0,0,0,0,0,0,0,0,0,0,0,0,0
194560,95,0,10,0,1,0,9,-0.0021,0.00068,1.6266,2843,0,0,0,0,0,0,0,0,0,0,0,0,0,0,0,0,0,0,0,0,0
196608,96,0,13,0,3,0,10,-0.00118,0.00076,1.5754,3060,0,0,0,0,0,0,0,0,0,0,0,0,0,0,0,0,0,0,0,0,0
198656,97,0,15,0,5,0,10,-0.00113,0.0007,1.581,3126,0,0,0,0,0,0,0,0,0,0,0,0,0,0,0,0,0,0,0,0,0
200704,98,0,16,0,9,0,7,-0.00181,0.00061,1.6381,2966,0,0,0,0,0,0,0,0,0,0,0,0,0,0,0,0,0,0,0,0,0
202752,99,0,18,0,10,0,8,-0.00331,0.00081,1.5721,2986,0,0,0,0,0,0,0,0,0,0,0,0,0,0,0,0,0,0,0,0,0
204800,100,0,15,0,7,1,7,-0.00344,0.00089,1.6157,3027,0,0,0,0,0,0,0,0,0,0,0,0,0,0,0,0,0,0,0,0,0
206848,101,0,13,0,3,0,10,-0.003,0.00075,1.6068,2882,0,0,0,0,0,0,0,0,0,0,0,0,0,0,0,0,0,0,0,0,0
208896,102,0,14,0,6,0,8,-0.0019,0.00049,1.588,2886,0,0,0,0,0,0,0,0,0,0,0,0,0,0,0,0,0,0,0,0,0
210944,103,0,12,0,4,0,8,-0.00424,0.00069,1.6542,3170,0,0,0,0,0,0,0,0,0,0,0,0,0,0,0,0,0,0,0,0,0
212992,104,0,14,0,4,0,10,-0.00313,0.00047,1.5799,3295,0,0,0,0,0,0,0,0,0,0,0,0,0,0,0,0,0,0,0,0,0
215040,105,0,13,0,5,0,8,-0.00155,0.00064,1.62,3330,0,0,0,0,0,0,0,0,0,0,0,0,0,0,0,0,0,0,0,0,0
217088,106,0,16,0,7,0,9,-0.00093,0.00065,1.6615,2890,0,0,0,0,0,0,0,0,0,0,0,0,0,0,0,0,0,0,0,0,0
219136,107,0,14,0,5,0,9,-0.00226,0.00108,1.6291,3045,0,0,0,0,0,0,0,0,0,0,0,0,0,0,0,0,0,0,0,0,0
221184,108,0,13,0,6,0,7,-0.00113,0.0009,1.6403,3189,0,0,0,0,0,0,0,0,0,0,0,0,0,0,0,0,0,0,0,0,0
223232,109,0,13,0,2,1,10,-0.00535,0.00115,1.6371,3183,0,0,0,0,0,0,0,0,0,0,0,0,0,0,0,0,0,0,0,0,0
225280,110,0,13,0,3,0,10,-0.00273,0.00041,1.5891,3093,0,0,0,0,0,0,0,0,0,0,0,0,0,0,0,0,0,0,0,0,0
227328,111,0,11,0,4,0,7,-0.00462,0.00088,1.5133,3079,0,0,0,0,0,0,0,0,0,0,0,0,0,0,0,0,0,0,0,0,0
229376,112,0,18,0,9,0,9,-0.0041,0.00114,1.5586,2803,0,0,0,0,0,0,0,0,0,0,0,0,0,0,0,0,0,0,0,0,0
231424,113,0,11,0,4,0,7,-0.00073,0.0008,1.6488,2769,0,0,0,0,0,0,0,0,0,0,0,0,0,0,0,0,0,0,0,0,0
233472,114,0,16,2,8,0,6,-0.00259,0.0008,1.6032,2700,0,0,0,0,0,0,0,0,0,0,0,0,0,0,0,0,0,0,0,0,0
235520,115,0,13,0,1,1,11,-0.00284,0.00102,1.5917,2818,0,0,0,0,0,0,0,0,0,0,0,0,0,0,0,0,0,0,0,0,0
237568,116,0,10,0,4,0,6,-0.00214,0.00095,1.5837,2710,0,0,0,0,0,0,0,0,0,0,0,0,0,0,0,0,0,0,0,0,0
239616,117,0,14,0,5,0,9,-0.00274,0.0007,1.5358,2520,0,0,0,0,0,0,0,0,0,0,0,0,0,0,0,0,0,0,0,0,0
241664,118,0,17,0,5,0,12,-0.0011,0.00064,1.5157,3013,0,0,0,0,0,0,0,0,0,0,0,0,0,0,0,0,0,0,0,0,0
243712,119,0,10,1,4,0,5,-0.00201,0.00155,1.557,2962,0,0,0,0,0,0,0,0,0,0,0,0,0,0,0,0,0,0,0,0,0
245760,120,0,18,0,9,0,9,-0.00277,0.00097,1.5552,2618,0,0,0,0,0,0,0,0,0,0,0,0,0,0,0,0,0,0,0,0,0
247808,121,0,14,1,5,0,8,-0.00135,0.00087,1.6187,2786,0,0,0,0,0,0,0,0,0,0,0,0,0,0,0,0,0,0,0,0,0
249856,122,0,11,0,2,0,9,-0.00392,0.0009,1.5892,2771,0,0,0,0,0,0,0,0,0,0,0,0,0,0,0,0,0,0,0,0,0
251904,123,0,17,1,9,0,7,-0.00309,0.00091,1.5694,2666,0,0,0,0,0,0,0,0,0,0,0,0,0,0,0,0,0,0,0,0,0
253952,124,0,13,0,1,1,11,-0.00335,0.00102,1.6219,2781,0,0,0,0,0,0,0,0,0,0,0,0,0,0,0,0,0,0,0,0,0
256000,125,0,18,0,9,1,8,-0.00401,0.00098,1.5588,2845,0,0,0,0,0,0,0,0,0,0,0,0,0,0,0,0,0,0,0,0,0
258048,126,0,12,0,6,0,6,-0.0027,0.00082,1.6371,2943,0,0,0,0,0,0,0,0,0,0,0,0,0,0,0,0,0,0,0,0,0
260096,127,0,15,0,6,0,9,-0.00282,0.00138,1.6213,2901,0,0,0,0,0,0,0,0,0,0,0,0,0,0,0,0,0,0,0,0,0
262144,128,0,18,0,6,0,12,-0.00313,0.00115,1.6277,2725,0,0,0,0,0,0,0,0,0,0,0,0,0,0,0,0,0,0,0,0,0
264192,129,0,13,1,8,0,4,-0.00291,0.00112,1.6995,2490,0,0,0,0,0,0,0,0,0,0,0,0,0,0,0,0,0,0,0,0,0
266240,130,0,16,0,4,0,12,-0.00246,0.001,1.7159,2873,0,0,0,0,0,0,0,0,0,0,0,0,0,0,0,0,0,0,0,0,0
268288,131,0,13,0,6,0,7,-0.00152,0.00082,1.7645,2964,0,0,0,0,0,0,0,0,0,0,0,0,0,0,0,0,0,0,0,0,0
270336,132,0,13,0,1,1,11,-0.00328,0.00093,1.6923,3143,0,0,0,0,0,0,0,0,0,0,0,0,0,0,0,0,0,0,0,0,0
272384,133,0,15,0,6,1,8,-0.00341,0.00111,1.6786,2758,0,0,0,0,0,0,0,0,0,0,0,0,0,0,0,0,0,0,0,0,0
274432,134,0,11,0,4,1,6,-0.00391,0.00075,1.7186,2881,0,0,0,0,0,0,0,0,0,0,0,0,0,0,0,0,0,0,0,0,0
276480,135,0,13,0,3,0,10,-0.00395,0.00093,1.7042,3126,0,0,0,0,0,0,0,0,0,0,0,0,0,0,0,0,0,0,0,0,0
278528,136,0,11,0,1,0,10,-0.00428,0.001,1.6847,3033,0,0,0,0,0,0,0,0,0,0,0,0,0,0,0,0,0,0,0,0,0
280576,137,0,13,0,4,0,9,-0.00514,0.00099,1.6672,3035,0,0,0,0,0,0,0,0,0,0,0,0,0,0,0,0,0,0,0,0,0
282624,138,0,12,0,2,1,9,-0.00266,0.00113,1.6004,3175,0,0,0,0,0,0,0,0,0,0,0,0,0,0,0,0,0,0,0,0,0
284672,139,0,15,0,5,1,9,-0.00447,0.00095,1.5998,2983,0,0,0,0,0,0,0,0,0,0,0,0,0,0,0,0,0,0,0,0,0
286720,140,0,16,0,7,0,9,-0.00284,0.00129,1.5702,2967,0,0,0,0,0,0,0,0,0,0,0,0,0,0,0,0,0,0,0,0,0
288768,141,0,12,0,4,0,8,-0.00294,0.00098,1.5984,3130,0,0,0,0,0,0,0,0,0,0,0,0,0,0,0,0,0,0,0,0,0
290816,142,0,12,0,5,0,7,-0.00244,0.00102,1.6815,2970,0,0,0,0,0,0,0,0,0,0,0,0,0,0,0,0,0,0,0,0,0
292864,143,0,16,0,6,0,10,-0.00627,0.00102,1.7007,2914,0,0,0,0,0,0,0,0,0,0,0,0,0,0,0,0,0,0,0,0,0
294912,144,0,15,0,8,0,7,-0.00638,0.00119,1.7231,2879,0,0,0,0,0,0,0,0,0,0,0,0,0,0,0,0,0,0,0,0,0
296960,145,0,7,0,2,0,5,-0.00346,0.00089,1.7783,3040,0,0,0,0,0,0,0,0,0,0,0,0,0,0,0,0,0,0,0,0,0
299008,146,0,16,0,3,0,13,-0.00359,0.0011,1.7526,2960,0,0,0,0,0,0,0,0,0,0,0,0,0,0,0,0,0,0,0,0,0
301056,147,0,14,0,1,0,13,-0.00383,0.00078,1.7504,3019,0,0,0,0,0,0,0,0,0,0,0,0,0,0,0,0,0,0,0,0,0
303104,148,0,10,0,5,0,5,-0.00546,0.00093,1.7373,2758,0,0,0,0,0,0,0,0,0,0,0,0,0,0,0,0,0,0,0,0,0
305152,149,0,12,0,3,0,9,-0.0059,0.00069,1.7306,3086,0,0,0,0,0,0,0,0,0,0,0,0,0,0,0,0,0,0,0,0,0
307200,150,0,12,0,2,0,10,-0.00315,0.00081,1.6467,2956,0,0,0,0,0,0,0,0,0,0,0,0,0,0,0,0,0,0,0,0,0
309248,151,0,16,0,7,0,9,-0.00649,0.00066,1.6615,3062,0,0,0,0,0,0,0,0,0,0,0,0,0,0,0,0,0,0,0,0,0
311296,152,0,9,0,2,0,7,-0.00512,0.00104,1.6679,3001,0,0,0,0,0,0,0,0,0,0,0,0,0,0,0,0,0,0,0,0,0
313344,153,0,20,0,10,0,10,-0.00374,0.00115,1.5877,2737,0,0,0,0,0,0,0,0,0,0,0,0,0,0,0,0,0,0,0,0,0
315392,154,0,11,0,2,0,9,0.00033,0.00072,1.6318,2706,0,0,0,0,0,0,0,0,0,0,0,0,0,0,0,0,0,0,0,0,0
317440,155,0,9,0,2,0,7,-0.00371,0.00042,1.5323,2753,0,0,0,0,0,0,0,0,0,0,0,0,0,0,0,0,0,0,0,0,0
319488,156,0,14,0,5,0,9,-0.00587,0.00144,1.6235,2626,0,0,0,0,0,0,0,0,0,0,0,0,0,0,0,0,0,0,0,0,0
321536,157,0,12,0,3,0,9,-0.00641,0.00078,1.6135,2875,0,0,0,0,0,0,0,0,0,0,0,0,0,0,0,0,0,0,0,0,0
323584,158,0,16,0,7,0,9,-0.00291,0.0009,1.5792,2505,0,0,0,0,0,0,0,0,0,0,0,0,0,0,0,0,0,0,0,0,0
325632,159,0,11,0,3,0,8,-0.00455,0.00093,1.5756,3026,0,0,0,0,0,0,0,0,0,0,0,0,0,0,0,0,0,0,0,0,0
327680,160,0,12,1,1,1,9,-0.00319,0.00106,1.6494,3131,0,0,0,0,0,0,0,0,0,0,0,0,0,0,0,0,0,0,0,0,0
329728,161,0,15,0,6,0,9,-0.0051,0.00087,1.6677,3023,0,0,0,0,0,0,0,0,0,0,0,0,0,0,0,0,0,0,0,0,0
331776,162,0,9,0,1,0,8,-0.00353,0.00112,1.6475,2999,0,0,0,0,0,0,0,0,0,0,0,0,0,0,0,0,0,0,0,0,0
333824,163,0,14,0,3,0,11,-0.00225,0.00093,1.619,2999,0,0,0,0,0,0,0,0,0,0,0,0,0,0,0,0,0,0,0,0,0
335872,164,0,19,0,8,0,11,-0.00504,0.00115,1.6788,2707,0,0,0,0,0,0,0,0,0,0,0,0,0,0,0,0,0,0,0,0,0
337920,165,0,11,0,5,0,6,-0.00324,0.00093,1.7002,2831,0,0,0,0,0,0,0,0,0,0,0,0,0,0,0,0,0,0,0,0,0
339968,166,0,15,0,5,0,10,-0.00422,0.00095,1.7132,2814,0,0,0,0,0,0,0,0,0,0,0,0,0,0,0,0,0,0,0,0,0
342016,167,0,11,0,2,0,9,-0.00521,0.00064,1.6307,2956,0,0,0,0,0,0,0,0,0,0,0,0,0,0,0,0,0,0,0,0,0
344064,168,0,12,0,2,0,10,-0.00651,0.00097,1.5308,3085,0,0,0,0,0,0,0,0,0,0,0,0,0,0,0,0,0,0,0,0,0
346112,169,0,10,0,3,0,7,-0.00515,0.0014,1.4904,3068,0,0,0,0,0,0,0,0,0,0,0,0,0,0,0,0,0,0,0,0,0
348160,170,0,14,0,3,0,11,-0.0033,0.00149,1.3923,2895,0,0,0,0,0,0,0,0,0,0,0,0,0,0,0,0,0,0,0,0,0
350208,171,0,10,0,1,0,9,-0.00285,0.00098,1.415,2849,0,0,0,0,0,0,0,0,0,0,0,0,0,0,0,0,0,0,0,0,0
352256,172,0,14,0,5,0,9,-0.00467,0.00118,1.4999,2820,0,0,0,0,0,0,0,0,0,0,0,0,0,0,0,0,0,0,0,0,0
354304,173,0,16,0,3,1,12,-0.00413,0.00075,1.4568,2920,0,0,0,0,0,0,0,0,0,0,0,0,0,0,0,0,0,0,0,0,0
356352,174,0,7,0,1,0,6,-0.00527,0.00109,1.4012,3303,0,0,0,0,0,0,0,0,0,0,0,0,0,0,0,0,0,0,0,0,0
358400,175,0,15,0,5,0,10,-0.004,0.00115,1.4365,3125,0,0,0,0,0,0,0,0,0,0,0,0,0,0,0,0,0,0,0,0,0
360448,176,0,11,0,2,0,9,-0.00354,0.00079,1.4077,2998,0,0,0,0,0,0,0,0,0,0,0,0,0,0,0,0,0,0,0,0,0
362496,177,0,10,0,2,0,8,-0.00513,0.00099,1.4137,2841,0,0,0,0,0,0,0,0,0,0,0,0,0,0,0,0,0,0,0,0,0
364544,178,0,13,0,1,0,12,-0.00599,0.00172,1.3305,2892,0,0,0,0,0,0,0,0,0,0,0,0,0,0,0,0,0,0,0,0,0
366592,179,0,8,0,0,0,8,-0.00272,0.00149,1.3545,3011,0,0,0,0,0,0,0,0,0,0,0,0,0,0,0,0,0,0,0,0,0
368640,180,0,13,0,2,0,11,-0.00421,0.00128,1.3798,3006,0,0,0,0,0,0,0,0,0,0,0,0,0,0,0,0,0,0,0,0,0
370688,181,0,13,0,2,0,11,-0.00341,0.0014,1.3509,3019,0,0,0,0,0,0,0,0,0,0,0,0,0,0,0,0,0,0,0,0,0
372736,182,0,10,0,2,0,8,-0.00426,0.00063,1.4027,2767,0,0,0,0,0,0,0,0,0,0,0,0,0,0,0,0,0,0,0,0,0
374784,183,0,14,0,3,0,11,-0.00244,0.001,1.3658,2989,0,0,0,0,0,0,0,0,0,0,0,0,0,0,0,0,0,0,0,0,0
376832,184,0,12,0,2,1,9,-0.00524,0.00109,1.3578,2922,0,0,0,0,0,0,0,0,0,0,0,0,0,0,0,0,0,0,0,0,0
378880,185,0,7,0,0,0,7,-0.00496,0.00106,1.3377,3040,0,0,0,0,0,0,0,0,0,0,0,0,0,0,0,0,0,0,0,0,0
380928,186,0,14,0,2,0,12,-0.00296,0.00076,1.3285,2960,0,0,0,0,0,0,0,0,0,0,0,0,0,0,0,0,0,0,0,0,0
382976,187,0,12,0,3,0,9,-0.00491,0.00071,1.3562,3078,0,0,0,0,0,0,0,0,0,0,0,0,0,0,0,0,0,0,0,0,0
385024,188,0,8,0,0,0,8,-0.00315,0.00128,1.3955,3058,0,0,0,0,0,0,0,0,0,0,0,0,0,0,0,0,0,0,0,0,0
387072,189,0,18,0,8,0,10,-0.0038,0.00103,1.4124,3052,0,0,0,0,0,0,0,0,0,0,0,0,0,0,0,0,0,0,0,0,0
389120,190,0,10,0,2,0,8,-0.0054,0.00112,1.392,2862,0,0,0,0,0,0,0,0,0,0,0,0,0,0,0,0,0,0,0,0,0
391168,191,0,12,0,3,0,9,-0.00298,0.00109,1.3653,2827,0,0,0,0,0,0,0,0,0,0,0,0,0,0,0,0,0,0,0,0,0
393216,192,0,13,0,2,0,11,-0.00243,0.00086,1.3558,2722,0,0,0,0,0,0,0,0,0,0,0,0,0,0,0,0,0,0,0,0,0
395264,193,0,8,0,0,0,8,-0.00508,0.00079,1.3217,2704,0,0,0,0,0,0,0,0,0,0,0,0,0,0,0,0,0,0,0,0,0
397312,194,0,11,0,0,0,11,-0.00257,0.00131,1.3246,2623,0,0,0,0,0,0,0,0,0,0,0,0,0,0,0,0,0,0,0,0,0
399360,195,0,13,0,1,0,12,-0.00691,0.00096,1.2309,2864,0,0,0,0,0,0,0,0,0,0,0,0,0,0,0,0,0,0,0,0,0
401408,196,0,9,0,1,0,8,-0.00159,0.00102,1.2879,2952,0,0,0,0,0,0,0,0,0,0,0,0,0,0,0,0,0,0,0,0,0
403456,197,0,14,1,3,0,10,-0.00717,0.00121,1.2712,2882,0,0,0,0,0,0,0,0,0,0,0,0,0,0,0,0,0,0,0,0,0
405504,198,0,11,0,2,0,9,-0.00454,0.00068,1.2982,2535,0,0,0,0,0,0,0,0,0,0,0,0,0,0,0,0,0,0,0,0,0
407552,199,0,9,0,2,0,7,-0.00451,0.00095,1.2512,2492,0,0,0,0,0,0,0,0,0,0,0,0,0,0,0,0,0,0,0,0,0
409600,200,0,15,0,2,0,13,-0.00273,0.00081,1.2402,2610,0,0,0,0,0,0,0,0,0,0,0,0,0,0,0,0,0,0,0,0,0
411648,201,0,10,0,2,0,8,-0.00237,0.00109,1.2699,2812,0,0,0,0,0,0,0,0,0,0,0,0,0,0,0,0,0,0,0,0,0
413696,202,0,11,0,2,0,9,-0.0023,0.00093,1.2892,2988,0,0,0,0,0,0,0,0,0,0,0,0,0,0,0,0,0,0,0,0,0
415744,203,0,11,1,0,0,10,-0.00059,0.00101,1.255,2787,0,0,0,0,0,0,0,0,0,0,0,0,0,0,0,0,0,0,0,0,0
417792,204,0,10,0,1,0,9,-0.00624,0.00086,1.18,2772,0,0,0,0,0,0,0,0,0,0,0,0,0,0,0,0,0,0,0,0,0
419840,205,0,16,0,4,0,12,-0.00388,0.00113,1.2185,2911,0,0,0,0,0,0,0,0,0,0,0,0,0,0,0,0,0,0,0,0,0
421888,206,0,9,0,0,0,9,-0.0044,0.00102,1.1545,2915,0,0,0,0,0,0,0,0,0,0,0,0,0,0,0,0,0,0,0,0,0
423936,207,0,11,0,1,0,10,-0.00235,0.00125,1.1448,2875,0,0,0,0,0,0,0,0,0,0,0,0,0,0,0,0,0,0,0,0,0
425984,208,0,12,0,2,0,10,-0.00281,0.00107,1.1491,2783,0,0,0,0,0,0,0,0,0,0,0,0,0,0,0,0,0,0,0,0,0
428032,209,0,13,0,1,0,12,-0.00316,0.00116,1.1937,2786,0,0,0,0,0,0,0,0,0,0,0,0,0,0,0,0,0,0,0,0,0
430080,210,0,10,0,1,0,9,-0.00239,0.00135,1.2381,2814,0,0,0,0,0,0,0,0,0,0,0,0,0,0,0,0,0,0,0,0,0
432128,211,0,10,0,0,0,10,-0.00384,0.00079,1.2187,2669,0,0,0,0,0,0,0,0,0,0,0,0,0,0,0,0,0,0,0,0,0
434176,212,0,12,0,3,0,9,-0.00286,0.00142,1.205,3169,0,0,0,0,0,0,0,0,0,0,0,0,0,0,0,0,0,0,0,0,0
436224,213,0,12,0,2,0,10,-0.00398,0.00099,1.232,2697,0,0,0,0,0,0,0,0,0,0,0,0,0,0,0,0,0,0,0,0,0
438272,214,0,16,0,6,0,10,-0.00327,0.00084,1.2129,2871,0,0,0,0,0,0,0,0,0,0,0,0,0,0,0,0,0,0,0,0,0
440320,215,0,9,0,1,0,8,-0.00296,0.00086,1.2228,2811,0,0,0,0,0,0,0,0,0,0,0,0,0,0,0,0,0,0,0,0,0
442368,216,0,11,0,1,0,10,-0.00349,0.00097,1.2062,2823,0,0,0,0,0,0,0,0,0,0,0,0,0,0,0,0,0,0,0,0,0
444416,217,0,11,0,0,0,11,-0.00608,0.00072,1.2555,2939,0,0,0,0,0,0,0,0,0,0,0,0,0,0,0,0,0,0,0,0,0
446464,218,0,11,0,1,0,10,-0.00398,0.00087,1.1914,2999,0,0,0,0,0,0,0,0,0,0,0,0,0,0,0,0,0,0,0,0,0
448512,219,0,12,0,1,0,11,-0.00308,0.00136,1.1629,2869,0,0,0,0,0,0,0,0,0,0,0,0,0,0,0,0,0,0,0,0,0
450560,220,0,10,0,0,0,10,-0.00412,0.00097,1.1779,2987,0,0,0,0,0,0,0,0,0,0,0,0,0,0,0,0,0,0,0,0,0
452608,221,0,9,0,0,0,9,-0.00162,0.00074,1.0977,3131,0,0,0,0,0,0,0,0,0,0,0,0,0,0,0,0,0,0,0,0,0
454656,222,0,14,0,2,0,12,-0.00374,0.00117,1.1069,2771,0,0,0,0,0,0,0,0,0,0,0,0,0,0,0,0,0,0,0,0,0
456704,223,0,9,0,2,0,7,-0.00635,0.00051,1.0569,2848,0,0,0,0,0,0,0,0,0,0,0,0,0,0,0,0,0,0,0,0,0
458752,224,0,13,0,2,0,11,-0.00309,0.00105,1.1276,2875,0,0,0,0,0,0,0,0,0,0,0,0,0,0,0,0,0,0,0,0,0
460800,225,0,12,0,1,0,11,-0.00345,0.0009,1.1216,2745,0,0,0,0,0,0,0,0,0,0,0,0,0,0,0,0,0,0,0,0,0
462848,226,0,10,0,2,0,8,-0.00258,0.00082,1.1361,3122,0,0,0,0,0,0,0,0,0,0,0,0,0,0,0,0,0,0,0,0,0
464896,227,0,12,0,1,0,11,-0.0054,0.0012,1.1533,2889,0,0,0,0,0,0,0,0,0,0,0,0,0,0,0,0,0,0,0,0,0
466944,228,0,11,0,0,0,11,-0.00389,0.00094,1.135,2930,0,0,0,0,0,0,0,0,0,0,0,0,0,0,0,0,0,0,0,0,0
468992,229,0,10,0,3,0,7,-0.00281,0.00075,1.1291,2814,0,0,0,0,0,0,0,0,0,0,0,0,0,0,0,0,0,0,0,0,0
471040,230,0,14,0,2,0,12,-0.00493,0.00109,1.0877,3252,0,0,0,0,0,0,0,0,0,0,0,0,0,0,0,0,0,0,0,0,0
473088,231,0,12,0,2,0,10,-0.00498,0.00075,1.1355,3060,0,0,0,0,0,0,0,0,0,0,0,0,0,0,0,0,0,0,0,0,0
475136,232,0,8,0,1,0,7,-0.00488,0.00102,1.1071,3104,0,0,0,0,0,0,0,0,0,0,0,0,0,0,0,0,0,0,0,0,0
477184,233,0,12,0,0,0,12,-0.00263,0.00094,1.155,3277,0,0,0,0,0,0,0,0,0,0,0,0,0,0,0,0,0,0,0,0,0
479232,234,0,12,0,0,0,12,-0.00207,0.00108,1.1501,2772,0,0,0,0,0,0,0,0,0,0,0,0,0,0,0,0,0,0,0,0,0
481280,235,0,9,0,1,0,8,-0.00438,0.00104,1.1888,2206,0,0,0,0,0,0,0,0,0,0,0,0,0,0,0,0,0,0,0,0,0
483328,236,0,13,0,1,0,12,-0.00379,0.00113,1.195,2337,0,0,0,0,0,0,0,0,0,0,0,0,0,0,0,0,0,0,0,0,0
485376,237,0,13,0,2,0,11,-0.00136,0.00065,1.1682,2546,0,0,0,0,0,0,0,0,0,0,0,0,0,0,0,0,0,0,0,0,0
487424,238,0,9,0,1,0,8,-0.00336,0.00071,1.1671,3166,0,0,0,0,0,0,0,0,0,0,0,0,0,0,0,0,0,0,0,0,0
489472,239,0,14,0,1,0,13,-0.00543,0.00128,1.1364,3095,0,0,0,0,0,0,0,0,0,0,0,0,0,0,0,0,0,0,0,0,0
491520,240,0,12,0,2,0,10,-0.00458,0.00088,1.167,2912,0,0,0,0,0,0,0,0,0,0,0,0,0,0,0,0,0,0,0,0,0
493568,241,0,6,0,0,0,6,-0.0028,0.00097,1.1657,2829,0,0,0,0,0,0,0,0,0,0,0,0,0,0,0,0,0,0,0,0,0
495616,242,0,15,0,1,0,14,-0.00466,0.00147,1.106,2613,0,0,0,0,0,0,0,0,0,0,0,0,0,0,0,0,0,0,0,0,0
497664,243,0,12,0,2,0,10,-0.00316,0.00081,1.092,2628,0,0,0,0,0,0,0,0,0,0,0,0,0,0,0,0,0,0,0,0,0
499712,244,0,9,0,1,0,8,-0.00258,0.00118,1.0318,2803,0,0,0,0,0,0,0,0,0,0,0,0,0,0,0,0,0,0,0,0,0
501760,245,0,15,0,2,0,13,-0.00422,0.00101,1.0785,2855,0,0,0,0,0,0,0,0,0,0,0,0,0,0,0,0,0,0,0,0,0
503808,246,0,9,0,2,0,7,-0.00232,0.00091,1.0556,2954,0,0,0,0,0,0,0,0,0,0,0,0,0,0,0,0,0,0,0,0,0
505856,247,0,12,0,1,0,11,-0.00331,0.0015,1.0885,2938,0,0,0,0,0,0,0,0,0,0,0,0,0,0,0,0,0,0,0,0,0
507904,248,0,13,0,1,0,12,-0.00483,0.00113,1.0719,2872,0,0,0,0,0,0,0,0,0,0,0,0,0,0,0,0,0,0,0,0,0
509952,249,0,7,0,0,0,7,-0.00477,0.0009,1.0662,3143,0,0,0,0,0,0,0,0,0,0,0,0,0,0,0,0,0,0,0,0,0
512000,250,0,13,0,0,0,13,-0.00532,0.00131,1.0264,2530,0,0,0,0,0,0,0,0,0,0,0,0,0,0,0,0,0,0,0,0,0
514048,251,0,12,0,0,0,12,-0.00273,0.00084,1.0056,2665,0,0,0,0,0,0,0,0,0,0,0,0,0,0,0,0,0,0,0,0,0
516096,252,0,7,0,2,0,5,-0.00554,0.00108,1.03,2801,0,0,0,0,0,0,0,0,0,0,0,0,0,0,0,0,0,0,0,0,0
518144,253,0,17,0,2,0,15,-0.0036,0.00117,0.9847,2835,0,0,0,0,0,0,0,0,0,0,0,0,0,0,0,0,0,0,0,0,0
520192,254,0,10,0,2,0,8,-0.00544,0.00101,1.0047,2819,0,0,0,0,0,0,0,0,0,0,0,0,0,0,0,0,0,0,0,0,0
522240,255,0,8,0,0,0,8,-0.00526,0.00102,0.9724,2550,0,0,0,0,0,0,0,0,0,0,0,0,0,0,0,0,0,0,0,0,0
524288,256,0,16,0,1,0,15,-0.00295,0.0011,1.0,2535,0,0,0,0,0,0,0,0,0,0,0,0,0,0,0,0,0,0,0,0,0
526336,257,0,7,0,1,0,6,-0.00518,0.00079,0.9739,2571,0,0,0,0,0,0,0,0,0,0,0,0,0,0,0,0,0,0,0,0,0
528384,258,0,12,0,1,0,11,-0.00342,0.00119,0.9397,2923,0,0,0,0,0,0,0,0,0,0,0,0,0,0,0,0,0,0,0,0,0
530432,259,0,14,0,2,0,12,-0.00522,0.00099,1.0338,2669,0,0,0,0,0,0,0,0,0,0,0,0,0,0,0,0,0,0,0,0,0
532480,260,0,6,0,0,0,6,-0.00418,0.00142,0.9833,2834,0,0,0,0,0,0,0,0,0,0,0,0,0,0,0,0,0,0,0,0,0
534528,261,0,17,0,3,0,14,-0.00221,0.00112,0.9604,1771,0,0,0,0,0,0,0,0,0,0,0,0,0,0,0,0,0,0,0,0,0
536576,262,0,15,0,5,0,10,-0.00325,0.00132,0.9351,2505,0,0,0,0,0,0,0,0,0,0,0,0,0,0,0,0,0,0,0,0,0
538624,263,0,6,0,0,0,6,-0.00274,0.00117,0.9151,2876,0,0,0,0,0,0,0,0,0,0,0,0,0,0,0,0,0,0,0,0,0
540672,264,0,17,0,2,0,15,-0.00621,0.00113,0.9423,1637,0,0,0,0,0,0,0,0,0,0,0,0,0,0,0,0,0,0,0,0,0
542720,265,0,12,0,3,0,9,-0.00376,0.00109,0.9054,2780,0,0,0,0,0,0,0,0,0,0,0,0,0,0,0,0,0,0,0,0,0
544768,266,0,7,0,0,0,7,-0.00256,0.00087,0.9209,2656,0,0,0,0,0,0,0,0,0,0,0,0,0,0,0,0,0,0,0,0,0
546816,267,0,14,0,0,0,14,-0.00332,0.00135,0.9957,2504,0,0,0,0,0,0,0,0,0,0,0,0,0,0,0,0,0,0,0,0,0
548864,268,0,10,0,0,0,10,-0.00117,0.00117,0.9588,2218,0,0,0,0,0,0,0,0,0,0,0,0,0,0,0,0,0,0,0,0,0
550912,269,0,8,0,0,0,8,-0.00364,0.00136,0.9445,2487,0,0,0,0,0,0,0,0,0,0,0,0,0,0,0,0,0,0,0,0,0
552960,270,0,13,0,1,0,12,-0.00524,0.00101,0.9784,2308,0,0,0,0,0,0,0,0,0,0,0,0,0,0,0,0,0,0,0,0,0
555008,271,0,10,0,0,0,10,-0.00423,0.00073,0.9747,2749,0,0,0,0,0,0,0,0,0,0,0,0,0,0,0,0,0,0,0,0,0
557056,272,0,9,0,0,0,9,-0.00308,0.00112,0.999,2756,0,0,0,0,0,0,0,0,0,0,0,0,0,0,0,0,0,0,0,0,0
559104,273,0,17,0,4,0,13,-0.00483,0.00117,0.9732,2989,0,0,0,0,0,0,0,0,0,0,0,0,0,0,0,0,0,0,0,0,0
561152,274,0,10,0,3,0,7,-0.0062,0.00083,0.9859,2966,0,0,0,0,0,0,0,0,0,0,0,0,0,0,0,0,0,0,0,0,0
563200,275,0,11,0,1,0,10,-0.00413,0.00116,0.9908,2783,0,0,0,0,0,0,0,0,0,0,0,0,0,0,0,0,0,0,0,0,0
565248,276,0,12,0,1,0,11,-0.00112,0.00091,1.0007,2835,0,0,0,0,0,0,0,0,0,0,0,0,0,0,0,0,0,0,0,0,0
567296,277,0,12,0,2,0,10,-0.00306,0.00101,0.9418,2469,0,0,0,0,0,0,0,0,0,0,0,0,0,0,0,0,0,0,0,0,0
569344,278,0,13,0,4,0,9,-0.00444,0.00147,0.8745,3073,0,0,0,0,0,0,0,0,0,0,0,0,0,0,0,0,0,0,0,0,0
571392,279,0,12,0,2,0,10,0.00192,0.00104,0.9102,2962,0,0,0,0,0,0,0,0,0,0,0,0,0,0,0,0,0,0,0,0,0
573440,280,0,10,0,0,0,10,-0.00169,0.0011,0.9459,3025,0,0,0,0,0,0,0,0,0,0,0,0,0,0,0,0,0,0,0,0,0
575488,281,0,14,0,3,0,11,-0.00113,0.00162,0.8686,2918,0,0,0,0,0,0,0,0,0,0,0,0,0,0,0,0,0,0,0,0,0
577536,282,0,9,0,0,0,9,-0.00257,0.00136,0.885,2729,0,0,0,0,0,0,0,0,0,0,0,0,0,0,0,0,0,0,0,0,0
579584,283,0,13,0,4,0,9,-0.00212,0.00167,0.896,3199,0,0,0,0,0,0,0,0,0,0,0,0,0,0,0,0,0,0,0,0,0
581632,284,0,11,0,0,0,11,-0.00138,0.00143,0.956,3073,0,0,0,0,0,0,0,0,0,0,0,0,0,0,0,0,0,0,0,0,0
583680,285,0,10,0,1,0,9,-0.00258,0.00161,0.9875,3010,0,0,0,0,0,0,0,0,0,0,0,0,0,0,0,0,0,0,0,0,0
585728,286,0,12,0,1,0,11,-0.00338,0.0025,0.9884,3132,0,0,0,0,0,0,0,0,0,0,0,0,0,0,0,0,0,0,0,0,0
587776,287,0,10,0,0,0,10,-0.0046,0.0015,0.9283,3341,0,0,0,0,0,0,0,0,0,0,0,0,0,0,0,0,0,0,0,0,0
589824,288,0,13,0,2,0,11,-0.00263,0.00101,0.8968,3093,0,0,0,0,0,0,0,0,0,0,0,0,0,0,0,0,0,0,0,0,0
591872,289,0,11,0,1,0,10,-0.00353,0.00106,0.9135,2963,0,0,0,0,0,0,0,0,0,0,0,0,0,0,0,0,0,0,0,0,0
593920,290,0,11,0,2,0,9,-0.00466,0.00086,0.8446,3177,0,0,0,0,0,0,0,0,0,0,0,0,0,0,0,0,0,0,0,0,0
595968,291,0,14,0,6,0,8,-0.00757,0.00131,0.8367,2995,0,0,0,0,0,0,0,0,0,0,0,0,0,0,0,0,0,0,0,0,0
598016,292,0,12,0,0,0,12,-0.00068,0.00106,0.9225,3210,0,0,0,0,0,0,0,0,0,0,0,0,0,0,0,0,0,0,0,0,0
600064,293,0,8,0,1,0,7,-0.00026,0.00119,0.8457,2998,0,0,0,0,0,0,0,0,0,0,0,0,0,0,0,0,0,0,0,0,0
602112,294,0,13,0,0,0,13,-0.00385,0.0013,0.876,3083,0,0,0,0,0,0,0,0,0,0,0,0,0,0,0,0,0,0,0,0,0
604160,295,0,12,0,1,0,11,-0.00275,0.00118,0.8988,2958,0,0,0,0,0,0,0,0,0,0,0,0,0,0,0,0,0,0,0,0,0
606208,296,0,9,0,1,0,8,-0.00225,0.00108,0.8088,3145,0,0,0,0,0,0,0,0,0,0,0,0,0,0,0,0,0,0,0,0,0
608256,297,0,17,0,5,0,12,-0.00145,0.00142,0.837,2870,0,0,0,0,0,0,0,0,0,0,0,0,0,0,0,0,0,0,0,0,0
610304,298,0,10,0,1,0,9,-0.00314,0.00112,0.872,3263,0,0,0,0,0,0,0,0,0,0,0,0,0,0,0,0,0,0,0,0,0
612352,299,0,10,0,0,0,10,-0.00143,0.0013,0.9098,3001,0,0,0,0,0,0,0,0,0,0,0,0,0,0,0,0,0,0,0,0,0
614400,300,0,14,0,1,0,13,-0.00488,0.00111,0.8919,3269,0,0,0,0,0,0,0,0,0,0,0,0,0,0,0,0,0,0,0,0,0
616448,301,0,6,0,0,0,6,-0.0028,0.00104,0.8917,3016,0,0,0,0,0,0,0,0,0,0,0,0,0,0,0,0,0,0,0,0,0
618496,302,0,14,0,1,0,13,-0.00325,0.00131,0.9003,2954,0,0,0,0,0,0,0,0,0,0,0,0,0,0,0,0,0,0,0,0,0
620544,303,0,12,0,1,0,11,-0.00354,0.001,0.9544,3138,0,0,0,0,0,0,0,0,0,0,0,0,0,0,0,0,0,0,0,0,0
622592,304,0,6,0,1,0,5,-0.00279,0.00076,0.9729,2798,0,0,0,0,0,0,0,0,0,0,0,0,0,0,0,0,0,0,0,0,0
624640,305,0,18,0,3,0,15,-0.00273,0.00099,0.8749,3141,0,0,0,0,0,0,0,0,0,0,0,0,0,0,0,0,0,0,0,0,0
626688,306,0,16,0,6,0,10,-0.00327,0.00108,0.9122,3216,0,0,0,0,0,0,0,0,0,0,0,0,0,0,0,0,0,0,0,0,0
628736,307,0,7,0,2,0,5,-0.00402,0.00093,0.9555,2572,0,0,0,0,0,0,0,0,0,0,0,0,0,0,0,0,0,0,0,0,0
630784,308,0,17,0,4,0,13,-0.00097,0.00094,0.9485,2595,0,0,0,0,0,0,0,0,0,0,0,0,0,0,0,0,0,0,0,0,0
632832,309,0,11,0,1,0,10,-0.00443,0.00107,0.9727,2857,0,0,0,0,0,0,0,0,0,0,0,0,0,0,0,0,0,0,0,0,0
634880,310,0,9,0,0,0,9,-0.00301,0.001,1.0116,3103,0,0,0,0,0,0,0,0,0,0,0,0,0,0,0,0,0,0,0,0,0
636928,311,0,14,0,2,0,12,-0.00371,0.00112,0.9065,2596,0,0,0,0,0,0,0,0,0,0,0,0,0,0,0,0,0,0,0,0,0
638976,312,0,10,0,1,0,9,-0.0023,0.00124,0.9326,2661,0,0,0,0,0,0,0,0,0,0,0,0,0,0,0,0,0,0,0,0,0
641024,313,0,9,0,1,0,8,-0.00195,0.00097,0.9627,2970,0,0,0,0,0,0,0,0,0,0,0,0,0,0,0,0,0,0,0,0,0
643072,314,0,11,0,1,0,10,-0.0029,0.00099,0.9287,2931,0,0,0,0,0,0,0,0,0,0,0,0,0,0,0,0,0,0,0,0,0
645120,315,0,13,0,1,0,12,-0.00379,0.00141,0.9664,2984,0,0,0,0,0,0,0,0,0,0,0,0,0,0,0,0,0,0,0,0,0
647168,316,0,12,0,4,0,8,-0.00097,0.0015,0.9506,2835,0,0,0,0,0,0,0,0,0,0,0,0,0,0,0,0,0,0,0,0,0
649216,317,0,10,0,1,0,9,-0.00561,0.001,0.9426,2946,0,0,0,0,0,0,0,0,0,0,0,0,0,0,0,0,0,0,0,0,0
651264,318,0,10,0,1,0,9,-0.00265,0.00097,0.9214,3039,0,0,0,0,0,0,0,0,0,0,0,0,0,0,0,0,0,0,0,0,0
653312,319,0,13,0,1,0,12,-0.00193,0.00109,0.8871,2988,0,0,0,0,0,0,0,0,0,0,0,0,0,0,0,0,0,0,0,0,0
655360,320,0,10,0,1,0,9,-0.00348,0.00107,0.901,3030,0,0,0,0,0,0,0,0,0,0,0,0,0,0,0,0,0,0,0,0,0
657408,321,0,9,0,1,0,8,-0.00394,0.00111,0.9469,2957,0,0,0,0,0,0,0,0,0,0,0,0,0,0,0,0,0,0,0,0,0
659456,322,0,15,0,1,0,14,-0.0018,0.00122,0.9164,2832,0,0,0,0,0,0,0,0,0,0,0,0,0,0,0,0,0,0,0,0,0
661504,323,0,9,0,0,0,9,-0.00273,0.001,0.9959,3150,0,0,0,0,0,0,0,0,0,0,0,0,0,0,0,0,0,0,0,0,0
663552,324,0,10,0,1,1,8,-0.00376,0.00141,0.901,2768,0,0,0,0,0,0,0,0,0,0,0,0,0,0,0,0,0,0,0,0,0
665600,325,0,16,0,2,1,13,-0.00347,0.00163,0.9428,2738,0,0,0,0,0,0,0,0,0,0,0,0,0,0,0,0,0,0,0,0,0
667648,326,0,10,0,3,0,7,-0.00245,0.00092,0.9456,2917,0,0,0,0,0,0,0,0,0,0,0,0,0,0,0,0,0,0,0,0,0
669696,327,0,8,0,0,0,8,-0.00372,0.00117,0.9299,2928,0,0,0,0,0,0,0,0,0,0,0,0,0,0,0,0,0,0,0,0,0
671744,328,0,17,0,3,0,14,-0.00313,0.00146,0.9319,2815,0,0,0,0,0,0,0,0,0,0,0,0,0,0,0,0,0,0,0,0,0
673792,329,0,8,0,0,0,8,-0.00316,0.00081,0.8288,2875,0,0,0,0,0,0,0,0,0,0,0,0,0,0,0,0,0,0,0,0,0
675840,330,0,8,0,0,0,8,-0.00119,0.00119,0.7685,2972,0,0,0,0,0,0,0,0,0,0,0,0,0,0,0,0,0,0,0,0,0
677888,331,0,18,0,2,0,16,-0.00284,0.00106,0.8205,3035,0,0,0,0,0,0,0,0,0,0,0,0,0,0,0,0,0,0,0,0,0
679936,332,0,6,0,0,0,6,-0.00163,0.00077,0.8978,3003,0,0,0,0,0,0,0,0,0,0,0,0,0,0,0,0,0,0,0,0,0
681984,333,0,10,0,1,0,9,-0.00264,0.00105,0.9322,3107,0,0,0,0,0,0,0,0,0,0,0,0,0,0,0,0,0,0,0,0,0
684032,334,0,17,1,3,0,13,-0.00281,0.00151,0.9784,2806,0,0,0,0,0,0,0,0,0,0,0,0,0,0,0,0,0,0,0,0,0
686080,335,0,6,0,0,0,6,-0.00397,0.00074,1.0394,3010,0,0,0,0,0,0,0,0,0,0,0,0,0,0,0,0,0,0,0,0,0
688128,336,0,10,0,1,0,9,-0.00618,0.00093,0.9429,3135,0,0,0,0,0,0,0,0,0,0,0,0,0,0,0,0,0,0,0,0,0
690176,337,0,15,0,2,0,13,-0.00311,0.00102,0.9107,2978,0,0,0,0,0,0,0,0,0,0,0,0,0,0,0,0,0,0,0,0,0
692224,338,0,7,0,1,0,6,-0.00533,0.00099,0.9782,3017,0,0,0,0,0,0,0,0,0,0,0,0,0,0,0,0,0,0,0,0,0
694272,339,0,14,0,2,0,12,-0.00488,0.00121,0.928,2965,0,0,0,0,0,0,0,0,0,0,0,0,0,0,0,0,0,0,0,0,0
696320,340,0,11,0,2,0,9,-0.00218,0.00068,0.9291,2974,0,0,0,0,0,0,0,0,0,0,0,0,0,0,0,0,0,0,0,0,0
698368,341,0,10,1,0,0,9,-0.00161,0.00138,1.0444,3140,0,0,0,0,0,0,0,0,0,0,0,0,0,0,0,0,0,0,0,0,0
700416,342,0,14,0,2,0,12,-0.00383,0.00106,0.9759,3034,0,0,0,0,0,0,0,0,0,0,0,0,0,0,0,0,0,0,0,0,0
702464,343,0,10,0,2,0,8,-0.00448,0.00073,1.058,3103,0,0,0,0,0,0,0,0,0,0,0,0,0,0,0,0,0,0,0,0,0
704512,344,0,10,0,0,0,10,-0.00266,0.00106,1.0207,3125,0,0,0,0,0,0,0,0,0,0,0,0,0,0,0,0,0,0,0,0,0
706560,345,0,16,0,2,1,13,-0.00423,0.00108,1.0366,3014,0,0,0,0,0,0,0,0,0,0,0,0,0,0,0,0,0,0,0,0,0
708608,346,0,11,0,3,0,8,-0.00116,0.00109,1.042,2756,0,0,0,0,0,0,0,0,0,0,0,0,0,0,0,0,0,0,0,0,0
710656,347,0,7,0,0,0,7,-0.0053,0.00064,1.167,2684,0,0,0,0,0,0,0,0,0,0,0,0,0,0,0,0,0,0,0,0,0
712704,348,0,15,0,2,0,13,-0.00509,0.00129,1.1259,2900,0,0,0,0,0,0,0,0,0,0,0,0,0,0,0,0,0,0,0,0,0
714752,349,0,14,0,2,0,12,-0.00176,0.00111,1.108,3091,0,0,0,0,0,0,0,0,0,0,0,0,0,0,0,0,0,0,0,0,0
716800,350,0,8,1,1,0,6,-0.00376,0.00083,1.1807,2997,0,0,0,0,0,0,0,0,0,0,0,0,0,0,0,0,0,0,0,0,0
718848,351,0,15,0,2,1,12,-0.00474,0.00102,1.1246,3095,0,0,0,0,0,0,0,0,0,0,0,0,0,0,0,0,0,0,0,0,0
720896,352,0,12,0,3,0,9,-0.00318,0.00092,1.183,3014,0,0,0,0,0,0,0,0,0,0,0,0,0,0,0,0,0,0,0,0,0
722944,353,0,8,0,1,0,7,-0.00488,0.0009,1.1392,2981,0,0,0,0,0,0,0,0,0,0,0,0,0,0,0,0,0,0,0,0,0
724992,354,0,13,0,1,0,12,-0.00409,0.00103,1.0865,2839,0,0,0,0,0,0,0,0,0,0,0,0,0,0,0,0,0,0,0,0,0
727040,355,0,14,0,3,0,11,-0.00393,0.00105,1.1275,2628,0,0,0,0,0,0,0,0,0,0,0,0,0,0,0,0,0,0,0,0,0
729088,356,0,10,0,2,0,8,-0.00259,0.00134,1.1871,2724,0,0,0,0,0,0,0,0,0,0,0,0,0,0,0,0,0,0,0,0,0
731136,357,0,10,1,0,0,9,-0.00212,0.00072,1.2763,2802,0,0,0,0,0,0,0,0,0,0,0,0,0,0,0,0,0,0,0,0,0
733184,358,0,11,0,1,0,10,-0.00356,0.00089,1.1744,3005,0,0,0,0,0,0,0,0,0,0,0,0,0,0,0,0,0,0,0,0,0
735232,359,0,12,0,3,0,9,-0.00168,0.00134,1.2232,3067,0,0,0,0,0,0,0,0,0,0,0,0,0,0,0,0,0,0,0,0,0
737280,360,0,9,0,0,0,9,-0.00386,0.00075,1.1969,3045,0,0,0,0,0,0,0,0,0,0,0,0,0,0,0,0,0,0,0,0,0
739328,361,0,12,0,1,0,11,-0.00399,0.00103,1.2022,2979,0,0,0,0,0,0,0,0,0,0,0,0,0,0,0,0,0,0,0,0,0
741376,362,0,14,0,3,0,11,-0.00288,0.00101,1.1564,2930,0,0,0,0,0,0,0,0,0,0,0,0,0,0,0,0,0,0,0,0,0
743424,363,0,8,0,1,0,7,-0.00331,0.00078,1.1104,2921,0,0,0,0,0,0,0,0,0,0,0,0,0,0,0,0,0,0,0,0,0
745472,364,0,13,0,3,0,10,-0.00074,0.00091,1.0835,2923,0,0,0,0,0,0,0,0,0,0,0,0,0,0,0,0,0,0,0,0,0
747520,365,0,14,0,1,0,13,-0.00282,0.0008,1.0867,2830,0,0,0,0,0,0,0,0,0,0,0,0,0,0,0,0,0,0,0,0,0
749568,366,0,5,0,0,0,5,-0.00483,0.00084,1.0176,2894,0,0,0,0,0,0,0,0,0,0,0,0,0,0,0,0,0,0,0,0,0
751616,367,0,13,0,0,0,13,-0.00296,0.00119,1.0176,2977,0,0,0,0,0,0,0,0,0,0,0,0,0,0,0,0,0,0,0,0,0
753664,368,0,13,0,2,0,11,-0.00284,0.00087,1.0556,2768,0,0,0,0,0,0,0,0,0,0,0,0,0,0,0,0,0,0,0,0,0
755712,369,0,9,0,3,0,6,-0.00138,0.00079,0.9678,2949,0,0,0,0,0,0,0,0,0,0,0,0,0,0,0,0,0,0,0,0,0
757760,370,0,14,0,1,0,13,-0.00446,0.00083,0.9959,2660,0,0,0,0,0,0,0,0,0,0,0,0,0,0,0,0,0,0,0,0,0
759808,371,0,9,0,0,0,9,-0.00506,0.00075,0.9659,2758,0,0,0,0,0,0,0,0,0,0,0,0,0,0,0,0,0,0,0,0,0
761856,372,0,10,0,1,0,9,-0.00443,0.00104,0.9461,2739,0,0,0,0,0,0,0,0,0,0,0,0,0,0,0,0,0,0,0,0,0
763904,373,0,15,0,1,0,14,0.00151,0.00115,0.9394,2817,0,0,0,0,0,0,0,0,0,0,0,0,0,0,0,0,0,0,0,0,0
765952,374,0,7,0,0,0,7,-0.00164,0.00049,0.9714,2895,0,0,0,0,0,0,0,0,0,0,0,0,0,0,0,0,0,0,0,0,0
768000,375,0,11,0,1,0,10,-0.00116,0.00101,0.8874,2504,0,0,0,0,0,0,0,0,0,0,0,0,0,0,0,0,0,0,0,0,0
770048,376,0,15,0,1,0,14,-0.00375,0.00096,0.8805,3066,0,0,0,0,0,0,0,0,0,0,0,0,0,0,0,0,0,0,0,0,0
772096,377,0,8,0,3,0,5,-0.00617,0.00101,0.9129,2792,0,0,0,0,0,0,0,0,0,0,0,0,0,0,0,0,0,0,0,0,0
774144,378,0,12,1,1,0,10,-0.00187,0.00081,0.9298,2791,0,0,0,0,0,0,0,0,0,0,0,0,0,0,0,0,0,0,0,0,0
776192,379,0,12,0,0,0,12,-0.00129,0.00104,0.8959,2787,0,0,0,0,0,0,0,0,0,0,0,0,0,0,0,0,0,0,0,0,0
778240,380,0,8,0,0,0,8,-0.00393,0.00071,0.9559,2723,0,0,0,0,0,0,0,0,0,0,0,0,0,0,0,0,0,0,0,0,0
780288,381,0,13,0,1,0,12,-0.00199,0.00091,0.973,2959,0,0,0,0,0,0,0,0,0,0,0,0,0,0,0,0,0,0,0,0,0
782336,382,0,13,0,2,0,11,-0.00324,0.00094,0.9469,2841,0,0,0,0,0,0,0,0,0,0,0,0,0,0,0,0,0,0,0,0,0
784384,383,0,8,0,1,0,7,-0.0023,0.00086,0.9158,2681,0,0,0,0,0,0,0,0,0,0,0,0,0,0,0,0,0,0,0,0,0
786432,384,0,12,0,0,0,12,-0.00514,0.00096,0.9044,2784,0,0,0,0,0,0,0,0,0,0,0,0,0,0,0,0,0,0,0,0,0
788480,385,0,11,0,1,0,10,-0.00264,0.00096,1.0117,2884,0,0,0,0,0,0,0,0,0,0,0,0,0,0,0,0,0,0,0,0,0
790528,386,0,9,0,0,0,9,-0.00337,0.00065,0.9507,2678,0,0,0,0,0,0,0,0,0,0,0,0,0,0,0,0,0,0,0,0,0
792576,387,0,11,0,0,0,11,-0.00561,0.00111,0.9551,2718,0,0,0,0,0,0,0,0,0,0,0,0,0,0,0,0,0,0,0,0,0
794624,388,0,13,0,1,0,12,-0.00042,0.00114,0.9356,2837,0,0,0,0,0,0,0,0,0,0,0,0,0,0,0,0,0,0,0,0,0
796672,389,0,8,0,0,0,8,-0.0057,0.00108,0.9506,2693,0,0,0,0,0,0,0,0,0,0,0,0,0,0,0,0,0,0,0,0,0
798720,390,0,13,0,2,0,11,-0.00212,0.00111,0.9286,2821,0,0,0,0,0,0,0,0,0,0,0,0,0,0,0,0,0,0,0,0,0
800768,391,0,11,0,1,0,10,-0.00385,0.00096,1.0075,3038,0,0,0,0,0,0,0,0,0,0,0,0,0,0,0,0,0,0,0,0,0
802816,392,0,11,1,1,1,8,-0.00371,0.00138,1.0843,2822,0,0,0,0,0,0,0,0,0,0,0,0,0,0,0,0,0,0,0,0,0
804864,393,0,11,0,1,0,10,-0.00335,0.00086,1.0383,3179,0,0,0,0,0,0,0,0,0,0,0,0,0,0,0,0,0,0,0,0,0
806912,394,0,13,0,2,1,10,-0.00212,0.00074,1.0746,2665,0,0,0,0,0,0,0,0,0,0,0,0,0,0,0,0,0,0,0,0,0
808960,395,0,12,1,3,1,7,-0.00799,0.00186,0.9431,2860,0,0,0,0,0,0,0,0,0,0,0,0,0,0,0,0,0,0,0,0,0
811008,396,0,12,0,3,0,9,-0.00215,0.00118,1.025,2836,0,0,0,0,0,0,0,0,0,0,0,0,0,0,0,0,0,0,0,0,0
813056,397,0,11,0,2,0,9,-0.00228,0.00082,1.0878,2829,0,0,0,0,0,0,0,0,0,0,0,0,0,0,0,0,0,0,0,0,0
815104,398,0,10,0,0,0,10,-0.00483,0.00075,1.0738,3063,0,0,0,0,0,0,0,0,0,0,0,0,0,0,0,0,0,0,0,0,0
817152,399,0,14,0,3,1,10,-0.00298,0.00136,1.0673,2947,0,0,0,0,0,0,0,0,0,0,0,0,0,0,0,0,0,0,0,0,0
819200,400,0,12,1,2,0,9,-0.00014,0.00103,1.073,3032,0,0,0,0,0,0,0,0,0,0,0,0,0,0,0,0,0,0,0,0,0
821248,401,0,10,0,1,0,9,-0.00172,0.00084,1.0593,2879,0,0,0,0,0,0,0,0,0,0,0,0,0,0,0,0,0,0,0,0,0
823296,402,0,13,0,2,2,9,-0.00253,0.00101,0.9822,2981,0,0,0,0,0,0,0,0,0,0,0,0,0,0,0,0,0,0,0,0,0
825344,403,0,12,0,0,0,12,-0.00736,0.00105,1.0252,2820,0,0,0,0,0,0,0,0,0,0,0,0,0,0,0,0,0,0,0,0,0
827392,404,0,8,0,0,1,7,-0.00299,0.00079,1.0747,2819,0,0,0,0,0,0,0,0,0,0,0,0,0,0,0,0,0,0,0,0,0
829440,405,0,12,1,1,0,10,-0.00433,0.00132,1.0502,3081,0,0,0,0,0,0,0,0,0,0,0,0,0,0,0,0,0,0,0,0,0
831488,406,0,15,0,5,0,10,-0.0017,0.00081,1.1073,2974,0,0,0,0,0,0,0,0,0,0,0,0,0,0,0,0,0,0,0,0,0
833536,407,0,11,0,5,1,5,-0.00142,0.00082,1.0715,2793,0,0,0,0,0,0,0,0,0,0,0,0,0,0,0,0,0,0,0,0,0
835584,408,0,15,1,0,3,11,-0.00346,0.00184,1.0536,2971,0,0,0,0,0,0,0,0,0,0,0,0,0,0,0,0,0,0,0,0,0
837632,409,0,13,0,4,0,9,-0.00483,0.00094,1.1077,2805,0,0,0,0,0,0,0,0,0,0,0,0,0,0,0,0,0,0,0,0,0
839680,410,0,10,0,3,0,7,-0.00263,0.00091,1.098,2617,0,0,0,0,0,0,0,0,0,0,0,0,0,0,0,0,0,0,0,0,0
841728,411,0,13,1,1,0,11,-0.00437,0.00079,1.1895,3034,0,0,0,0,0,0,0,0,0,0,0,0,0,0,0,0,0,0,0,0,0
843776,412,0,12,0,2,1,9,-0.00667,0.00096,1.0976,3180,0,0,0,0,0,0,0,0,0,0,0,0,0,0,0,0,0,0,0,0,0
845824,413,0,11,0,3,0,8,-0.004,0.00107,1.0822,2978,0,0,0,0,0,0,0,0,0,0,0,0,0,0,0,0,0,0,0,0,0
847872,414,0,14,0,4,1,9,-0.00313,0.00086,1.1905,3022,0,0,0,0,0,0,0,0,0,0,0,0,0,0,0,0,0,0,0,0,0
849920,415,0,10,0,3,1,6,-0.00402,0.00097,1.191,3176,0,0,0,0,0,0,0,0,0,0,0,0,0,0,0,0,0,0,0,0,0
851968,416,0,13,0,1,0,12,-0.00293,0.001,1.1372,2996,0,0,0,0,0,0,0,0,0,0,0,0,0,0,0,0,0,0,0,0,0
854016,417,0,10,0,0,1,9,-0.0048,0.00074,1.2161,3023,0,0,0,0,0,0,0,0,0,0,0,0,0,0,0,0,0,0,0,0,0
856064,418,0,16,0,6,1,9,-0.00111,0.00123,1.0673,3326,0,0,0,0,0,0,0,0,0,0,0,0,0,0,0,0,0,0,0,0,0
858112,419,0,12,1,2,0,9,-0.00464,0.00128,1.1369,2815,0,0,0,0,0,0,0,0,0,0,0,0,0,0,0,0,0,0,0,0,0
860160,420,0,9,1,0,0,8,-0.00131,0.00077,1.1199,3293,0,0,0,0,0,0,0,0,0,0,0,0,0,0,0,0,0,0,0,0,0
862208,421,0,14,0,2,0,12,-0.00431,0.00113,1.06,3118,0,0,0,0,0,0,0,0,0,0,0,0,0,0,0,0,0,0,0,0,0
864256,422,0,10,0,1,1,8,-0.00579,0.00105,1.0478,3167,0,0,0,0,0,0,0,0,0,0,0,0,0,0,0,0,0,0,0,0,0
866304,423,0,13,0,3,0,10,-0.00238,0.00081,1.0551,3016,0,0,0,0,0,0,0,0,0,0,0,0,0,0,0,0,0,0,0,0,0
868352,424,0,11,0,1,1,9,0.00052,0.00089,1.0952,3078,0,0,0,0,0,0,0,0,0,0,0,0,0,0,0,0,0,0,0,0,0
870400,425,0,12,0,0,1,11,-0.00645,0.00115,1.0586,2960,0,0,0,0,0,0,0,0,0,0,0,0,0,0,0,0,0,0,0,0,0
872448,426,0,11,0,0,1,10,-0.00671,0.00065,1.1006,2961,0,0,0,0,0,0,0,0,0,0,0,0,0,0,0,0,0,0,0,0,0
874496,427,0,10,0,1,1,8,-0.00457,0.00092,1.1157,2856,0,0,0,0,0,0,0,0,0,0,0,0,0,0,0,0,0,0,0,0,0
876544,428,0,13,1,0,0,12,-0.00467,0.00089,1.1137,2822,0,0,0,0,0,0,0,0,0,0,0,0,0,0,0,0,0,0,0,0,0
878592,429,0,9,0,1,0,8,-0.00328,0.00068,1.1435,3242,0,0,0,0,0,0,0,0,0,0,0,0,0,0,0,0,0,0,0,0,0
880640,430,0,12,0,2,0,10,-0.00566,0.00086,1.2024,2978,0,0,0,0,0,0,0,0,0,0,0,0,0,0,0,0,0,0,0,0,0
882688,431,0,13,0,1,2,10,-0.00318,0.00081,1.1832,2946,0,0,0,0,0,0,0,0,0,0,0,0,0,0,0,0,0,0,0,0,0
884736,432,0,11,0,1,2,8,-0.00623,0.00076,1.1534,2906,0,0,0,0,0,0,0,0,0,0,0,0,0,0,0,0,0,0,0,0,0
886784,433,0,12,1,1,1,9,-0.00372,0.00099,1.1343,2909,0,0,0,0,0,0,0,0,0,0,0,0,0,0,0,0,0,0,0,0,0
888832,434,0,13,0,2,0,11,-0.00058,0.00075,1.0744,3111,0,0,0,0,0,0,0,0,0,0,0,0,0,0,0,0,0,0,0,0,0
890880,435,0,9,0,2,0,7,-0.00555,0.00058,1.1282,3130,0,0,0,0,0,0,0,0,0,0,0,0,0,0,0,0,0,0,0,0,0
892928,436,0,16,2,2,2,10,-0.00475,0.00128,1.1514,3114,0,0,0,0,0,0,0,0,0,0,0,0,0,0,0,0,0,0,0,0,0
894976,437,0,11,0,1,0,10,-0.00136,0.00081,1.1371,2993,0,0,0,0,0,0,0,0,0,0,0,0,0,0,0,0,0,0,0,0,0
897024,438,0,7,0,0,1,6,-0.00566,0.00062,1.2156,2837,0,0,0,0,0,0,0,0,0,0,0,0,0,0,0,0,0,0,0,0,0
899072,439,0,17,0,4,0,13,-0.00822,0.0009,1.0665,2864,0,0,0,0,0,0,0,0,0,0,0,0,0,0,0,0,0,0,0,0,0
901120,440,0,9,0,0,0,9,-0.00363,0.00057,1.0948,3111,0,0,0,0,0,0,0,0,0,0,0,0,0,0,0,0,0,0,0,0,0
903168,441,0,8,0,1,1,6,-0.00531,0.00061,1.1729,2763,0,0,0,0,0,0,0,0,0,0,0,0,0,0,0,0,0,0,0,0,0
905216,442,0,16,0,2,0,14,-0.00434,0.00068,1.1979,2777,0,0,0,0,0,0,0,0,0,0,0,0,0,0,0,0,0,0,0,0,0
907264,443,0,10,0,2,0,8,-0.00523,0.00056,1.1267,2805,0,0,0,0,0,0,0,0,0,0,0,0,0,0,0,0,0,0,0,0,0
909312,444,0,13,1,5,1,6,-0.0059,0.00175,1.0577,2713,0,0,0,0,0,0,0,0,0,0,0,0,0,0,0,0,0,0,0,0,0
911360,445,0,13,0,2,1,10,-0.00573,0.00072,1.1138,2919,0,0,0,0,0,0,0,0,0,0,0,0,0,0,0,0,0,0,0,0,0
913408,446,0,10,0,2,1,7,-0.00342,0.00058,1.1699,2900,0,0,0,0,0,0,0,0,0,0,0,0,0,0,0,0,0,0,0,0,0
915456,447,0,12,0,1,0,11,-0.00268,0.00071,0.9913,2733,0,0,0,0,0,0,0,0,0,0,0,0,0,0,0,0,0,0,0,0,0
917504,448,0,16,0,5,2,9,-0.00269,0.00127,0.9439,2922,0,0,0,0,0,0,0,0,0,0,0,0,0,0,0,0,0,0,0,0,0
919552,449,0,9,0,0,3,6,-0.00119,0.00076,1.0828,2653,0,0,0,0,0,0,0,0,0,0,0,0,0,0,0,0,0,0,0,0,0
921600,450,0,13,0,2,0,11,0.00041,0.00116,1.0354,2593,0,0,0,0,0,0,0,0,0,0,0,0,0,0,0,0,0,0,0,0,0
923648,451,0,12,0,0,1,11,-0.00391,0.00075,1.1271,2649,0,0,0,0,0,0,0,0,0,0,0,0,0,0,0,0,0,0,0,0,0
925696,452,0,10,0,3,2,5,-0.00286,0.001,1.1393,2763,0,0,0,0,0,0,0,0,0,0,0,0,0,0,0,0,0,0,0,0,0
927744,453,0,15,0,2,2,11,-0.00304,0.00085,1.1399,2976,0,0,0,0,0,0,0,0,0,0,0,0,0,0,0,0,0,0,0,0,0
929792,454,0,9,0,3,0,6,-0.00433,0.0008,1.0779,2969,0,0,0,0,0,0,0,0,0,0,0,0,0,0,0,0,0,0,0,0,0
931840,455,0,10,0,0,1,9,-0.00238,0.00094,1.1433,2925,0,0,0,0,0,0,0,0,0,0,0,0,0,0,0,0,0,0,0,0,0
933888,456,0,17,1,5,0,11,-0.00338,0.00105,1.0807,2787,0,0,0,0,0,0,0,0,0,0,0,0,0,0,0,0,0,0,0,0,0
935936,457,0,11,1,1,0,9,-0.00342,0.00109,1.113,2906,0,0,0,0,0,0,0,0,0,0,0,0,0,0,0,0,0,0,0,0,0
937984,458,0,8,0,1,0,7,-0.00502,0.00048,1.1333,2909,0,0,0,0,0,0,0,0,0,0,0,0,0,0,0,0,0,0,0,0,0
940032,459,0,20,0,5,2,13,-0.00229,0.00103,1.1417,2409,0,0,0,0,0,0,0,0,0,0,0,0,0,0,0,0,0,0,0,0,0
942080,460,0,7,0,1,0,6,-0.00106,0.00052,1.2772,2876,0,0,0,0,0,0,0,0,0,0,0,0,0,0,0,0,0,0,0,0,0
944128,461,0,14,1,3,1,9,-0.00611,0.00173,1.18,2606,0,0,0,0,0,0,0,0,0,0,0,0,0,0,0,0,0,0,0,0,0
946176,462,0,15,0,2,0,13,-0.00288,0.00078,1.1779,2686,0,0,0,0,0,0,0,0,0,0,0,0,0,0,0,0,0,0,0,0,0
948224,463,0,10,0,4,0,6,-0.00132,0.0006,1.2331,2984,0,0,0,0,0,0,0,0,0,0,0,0,0,0,0,0,0,0,0,0,0
950272,464,0,10,0,1,0,9,-0.00233,0.00081,1.1667,2866,0,0,0,0,0,0,0,0,0,0,0,0,0,0,0,0,0,0,0,0,0
952320,465,0,14,0,0,1,13,-0.0034,0.00065,1.1742,2713,0,0,0,0,0,0,0,0,0,0,0,0,0,0,0,0,0,0,0,0,0
954368,466,0,8,0,3,0,5,-0.0033,0.00069,1.1799,2404,0,0,0,0,0,0,0,0,0,0,0,0,0,0,0,0,0,0,0,0,0
956416,467,0,16,0,1,2,13,-0.00807,0.00095,1.0648,2840,0,0,0,0,0,0,0,0,0,0,0,0,0,0,0,0,0,0,0,0,0
958464,468,0,11,1,0,1,9,-0.00232,0.00156,1.0493,3233,0,0,0,0,0,0,0,0,0,0,0,0,0,0,0,0,0,0,0,0,0
960512,469,0,9,0,1,1,7,-0.00256,0.00074,1.0598,2771,0,0,0,0,0,0,0,0,0,0,0,0,0,0,0,0,0,0,0,0,0
962560,470,0,13,0,1,0,12,0.00139,0.001,1.0561,2932,0,0,0,0,0,0,0,0,0,0,0,0,0,0,0,0,0,0,0,0,0
964608,471,0,13,0,4,0,9,-0.00151,0.00072,1.1326,2883,0,0,0,0,0,0,0,0,0,0,0,0,0,0,0,0,0,0,0,0,0
966656,472,0,9,0,2,0,7,-0.00241,0.00073,1.0204,3002,0,0,0,0,0,0,0,0,0,0,0,0,0,0,0,0,0,0,0,0,0
968704,473,0,15,0,3,1,11,-0.00287,0.00105,1.0564,2737,0,0,0,0,0,0,0,0,0,0,0,0,0,0,0,0,0,0,0,0,0
970752,474,0,14,0,2,1,11,-0.00319,0.00099,1.1076,2933,0,0,0,0,0,0,0,0,0,0,0,0,0,0,0,0,0,0,0,0,0
972800,475,0,11,1,3,1,6,-0.00676,0.00119,1.0941,3019,0,0,0,0,0,0,0,0,0,0,0,0,0,0,0,0,0,0,0,0,0
974848,476,0,13,0,3,2,8,-0.00405,0.00096,1.11,2989,0,0,0,0,0,0,0,0,0,0,0,0,0,0,0,0,0,0,0,0,0
976896,477,0,13,0,4,0,9,-0.00768,0.00077,1.054,2885,0,0,0,0,0,0,0,0,0,0,0,0,0,0,0,0,0,0,0,0,0
978944,478,0,14,1,3,3,7,-0.00264,0.00098,1.1059,2978,0,0,0,0,0,0,0,0,0,0,0,0,0,0,0,0,0,0,0,0,0
980992,479,0,10,0,1,0,9,-0.006,0.0008,1.0442,2990,0,0,0,0,0,0,0,0,0,0,0,0,0,0,0,0,0,0,0,0,0
983040,480,0,12,0,0,2,10,-0.00452,0.0006,1.0632,3090,0,0,0,0,0,0,0,0,0,0,0,0,0,0,0,0,0,0,0,0,0
985088,481,0,11,0,2,0,9,-0.00265,0.0009,0.9307,3043,0,0,0,0,0,0,0,0,0,0,0,0,0,0,0,0,0,0,0,0,0
987136,482,0,13,0,2,0,11,-0.00397,0.00064,0.9577,2896,0,0,0,0,0,0,0,0,0,0,0,0,0,0,0,0,0,0,0,0,0
989184,483,0,8,0,0,0,8,-0.00488,0.00048,1.001,2873,0,0,0,0,0,0,0,0,0,0,0,0,0,0,0,0,0,0,0,0,0
991232,484,0,13,0,1,0,12,-0.00676,0.00054,1.003,3000,0,0,0,0,0,0,0,0,0,0,0,0,0,0,0,0,0,0,0,0,0
993280,485,0,11,0,1,0,10,-0.00016,0.00082,1.0166,3019,0,0,0,0,0,0,0,0,0,0,0,0,0,0,0,0,0,0,0,0,0
995328,486,0,10,0,1,0,9,-0.00417,0.0006,1.0098,2898,0,0,0,0,0,0,0,0,0,0,0,0,0,0,0,0,0,0,0,0,0
997376,487,0,11,1,0,1,9,-0.00464,0.00133,1.0304,2879,0,0,0,0,0,0,0,0,0,0,0,0,0,0,0,0,0,0,0,0,0
999424,488,0,16,0,4,0,12,-0.00143,0.00096,1.0165,2966,0,0,0,0,0,0,0,0,0,0,0,0,0,0,0,0,0,0,0,0,0
1001472,489,0,13,0,5,2,6,0.0002,0.00087,1.0287,2855,0,0,0,0,0,0,0,0,0,0,0,0,0,0,0,0,0,0,0,0,0
1003520,490,0,10,0,2,1,7,-0.00395,0.00072,0.9977,2706,0,0,0,0,0,0,0,0,0,0,0,0,0,0,0,0,0,0,0,0,0
1005568,491,0,13,1,0,1,11,-0.0033,0.00161,1.0607,2779,0,0,0,0,0,0,0,0,0,0,0,0,0,0,0,0,0,0,0,0,0
1007616,492,0,10,1,1,0,8,-0.0016,0.00124,1.0608,2922,0,0,0,0,0,0,0,0,0,0,0,0,0,0,0,0,0,0,0,0,0
1009664,493,0,15,0,4,2,9,-0.00391,0.00083,0.9413,2840,0,0,0,0,0,0,0,0,0,0,0,0,0,0,0,0,0,0,0,0,0
1011712,494,0,13,0,5,0,8,-0.00292,0.00142,0.8834,3120,0,0,0,0,0,0,0,0,0,0,0,0,0,0,0,0,0,0,0,0,0
1013760,495,0,9,0,2,1,6,-0.00304,0.00082,0.9592,2839,0,0,0,0,0,0,0,0,0,0,0,0,0,0,0,0,0,0,0,0,0
1015808,496,0,16,2,1,2,11,-0.00437,0.00183,0.888,2879,0,0,0,0,0,0,0,0,0,0,0,0,0,0,0,0,0,0,0,0,0
1017856,497,0,12,0,2,2,8,-0.00222,0.00095,0.9321,2895,0,0,0,0,0,0,0,0,0,0,0,0,0,0,0,0,0,0,0,0,0
1019904,498,0,11,2,2,1,6,-0.00541,0.0019,0.9917,2869,0,0,0,0,0,0,0,0,0,0,0,0,0,0,0,0,0,0,0,0,0
1021952,499,0,13,0,2,0,11,-0.00329,0.00104,0.9404,2750,0,0,0,0,0,0,0,0,0,0,0,0,0,0,0,0,0,0,0,0,0
1024000,500,0,16,0,3,3,10,-0.00501,0.00108,0.9539,2868,0,0,0,0,0,0,0,0,0,0,0,0,0,0,0,0,0,0,0,0,0
1026048,501,0,9,0,0,2,7,-0.00316,0.0009,1.0716,2961,0,0,0,0,0,0,0,0,0,0,0,0,0,0,0,0,0,0,0,0,0
1028096,502,0,13,0,2,1,10,-0.00188,0.00094,0.9665,2948,0,0,0,0,0,0,0,0,0,0,0,0,0,0,0,0,0,0,0,0,0
1030144,503,0,15,2,4,2,7,-0.00212,0.00198,1.0615,3099,0,0,0,0,0,0,0,0,0,0,0,0,0,0,0,0,0,0,0,0,0
1032192,504,0,14,1,3,0,10,-0.00305,0.00257,1.0362,2907,0,0,0,0,0,0,0,0,0,0,0,0,0,0,0,0,0,0,0,0,0
1034240,505,0,13,1,1,2,9,-0.00401,0.00132,1.1691,3006,0,0,0,0,0,0,0,0,0,0,0,0,0,0,0,0,0,0,0,0,0
1036288,506,0,10,0,2,1,7,-0.00355,0.00061,1.2183,3186,0,0,0,0,0,0,0,0,0,0,0,0,0,0,0,0,0,0,0,0,0
1038336,507,0,12,0,2,0,10,-0.0048,0.00071,1.1961,2793,0,0,0,0,0,0,0,0,0,0,0,0,0,0,0,0,0,0,0,0,0
1040384,508,0,13,2,1,0,10,-0.00552,0.00106,1.0701,2671,0,0,0,0,0,0,0,0,0,0,0,0,0,0,0,0,0,0,0,0,0
1042432,509,0,10,2,4,0,4,-0.00652,0.00349,1.07,2974,0,0,0,0,0,0,0,0,0,0,0,0,0,0,0,0,0,0,0,0,0
1044480,510,0,18,0,3,2,13,-0.00358,0.00128,0.9482,2766,0,0,0,0,0,0,0,0,0,0,0,0,0,0,0,0,0,0,0,0,0
1046528,511,0,13,0,7,3,3,-0.0011,0.00102,0.9641,2838,0,0,0,0,0,0,0,0,0,0,0,0,0,0,0,0,0,0,0,0,0
1048576,512,0,13,1,2,1,9,-0.00394,0.00092,0.9855,2833,0,0,0,0,0,0,0,0,0,0,0,0,0,0,0,0,0,0,0,0,0
1050624,513,0,10,1,1,1,7,-0.00574,0.00069,0.965,3107,0,0,0,0,0,0,0,0,0,0,0,0,0,0,0,0,0,0,0,0,0
1052672,514,0,15,2,3,0,10,-0.00395,0.00103,1.0183,3073,0,0,0,0,0,0,0,0,0,0,0,0,0,0,0,0,0,0,0,0,0
1054720,515,0,9,0,2,2,5,-0.00244,0.00081,0.9998,2858,0,0,0,0,0,0,0,0,0,0,0,0,0,0,0,0,0,0,0,0,0
1056768,516,0,16,2,2,1,11,-0.00566,0.00177,1.0686,2842,0,0,0,0,0,0,0,0,0,0,0,0,0,0,0,0,0,0,0,0,0
1058816,517,0,12,0,5,1,6,-0.00537,0.00067,1.031,2874,0,0,0,0,0,0,0,0,0,0,0,0,0,0,0,0,0,0,0,0,0
1060864,518,0,8,0,0,0,8,-0.00398,0.00046,1.0375,2917,0,0,0,0,0,0,0,0,0,0,0,0,0,0,0,0,0,0,0,0,0
1062912,519,0,13,0,0,0,13,-0.00117,0.00067,0.934,2885,0,0,0,0,0,0,0,0,0,0,0,0,0,0,0,0,0,0,0,0,0
1064960,520,0,13,0,2,2,9,-0.00067,0.00089,0.9571,3008,0,0,0,0,0,0,0,0,0,0,0,0,0,0,0,0,0,0,0,0,0
1067008,521,0,13,1,1,3,8,-0.00509,0.00165,1.006,2821,0,0,0,0,0,0,0,0,0,0,0,0,0,0,0,0,0,0,0,0,0
1069056,522,0,15,1,2,0,12,-0.00136,0.00224,1.0723,2715,0,0,0,0,0,0,0,0,0,0,0,0,0,0,0,0,0,0,0,0,0
1071104,523,0,20,7,7,2,4,-0.00515,0.00653,1.1115,2907,0,0,0,0,0,0,0,0,0,0,0,0,0,0,0,0,0,0,0,0,0
1073152,524,0,14,1,5,4,4,-0.00049,0.00149,1.1977,2629,0,0,0,0,0,0,0,0,0,0,0,0,0,0,0,0,0,0,0,0,0
1075200,525,0,17,1,6,3,7,-0.00329,0.00235,1.1013,2815,0,0,0,0,0,0,0,0,0,0,0,0,0,0,0,0,0,0,0,0,0
1077248,526,0,19,1,2,3,13,-0.00373,0.00232,1.1347,2871,0,0,0,0,0,0,0,0,0,0,0,0,0,0,0,0,0,0,0,0,0
1079296,527,0,8,3,1,2,2,-0.00641,0.00242,1.2062,2621,0,0,0,0,0,0,0,0,0,0,0,0,0,0,0,0,0,0,0,0,0
1081344,528,0,18,3,0,4,11,-0.00489,0.00294,1.1321,2786,0,0,0,0,0,0,0,0,0,0,0,0,0,0,0,0,0,0,0,0,0
1083392,529,0,12,1,1,1,9,-0.00238,0.00139,1.1684,2790,0,0,0,0,0,0,0,0,0,0,0,0,0,0,0,0,0,0,0,0,0
1085440,530,0,15,1,5,3,6,-0.00321,0.00116,0.9995,2818,0,0,0,0,0,0,0,0,0,0,0,0,0,0,0,0,0,0,0,0,0
1087488,531,0,13,1,4,1,7,-0.0077,0.00107,1.1484,2859,0,0,0,0,0,0,0,0,0,0,0,0,0,0,0,0,0,0,0,0,0
1089536,532,0,14,0,2,3,9,-0.00217,0.00064,1.1392,3157,0,0,0,0,0,0,0,0,0,0,0,0,0,0,0,0,0,0,0,0,0
1091584,533,0,19,4,2,6,7,-0.0019,0.00361,1.1523,2946,0,0,0,0,0,0,0,0,0,0,0,0,0,0,0,0,0,0,0,0,0
1093632,534,0,15,2,4,3,6,-0.00399,0.00199,1.0978,2716,0,0,0,0,0,0,0,0,0,0,0,0,0,0,0,0,0,0,0,0,0
1095680,535,0,18,6,4,2,6,-0.00795,0.00444,1.0687,2569,0,0,0,0,0,0,0,0,0,0,0,0,0,0,0,0,0,0,0,0,0
1097728,536,0,18,1,5,7,5,-0.00527,0.00151,1.038,2887,0,0,0,0,0,0,0,0,0,0,0,0,0,0,0,0,0,0,0,0,0
1099776,537,0,16,1,3,6,6,-0.00527,0.00135,1.0179,2759,0,0,0,0,0,0,0,0,0,0,0,0,0,0,0,0,0,0,0,0,0
1101824,538,0,14,5,1,3,5,-0.00287,0.00381,1.031,2539,0,0,0,0,0,0,0,0,0,0,0,0,0,0,0,0,0,0,0,0,0
1103872,539,0,20,3,4,8,5,0.00055,0.00262,0.9965,2544,0,0,0,0,0,0,0,0,0,0,0,0,0,0,0,0,0,0,0,0,0
1105920,540,0,25,3,8,6,8,-0.00278,0.00425,1.0751,2847,0,0,0,0,0,0,0,0,0,0,0,0,0,0,0,0,0,0,0,0,0
1107968,541,0,20,5,2,8,5,-0.00473,0.00622,1.1285,2943,0,0,0,0,0,0,0,0,0,0,0,0,0,0,0,0,0,0,0,0,0
1110016,542,0,21,2,6,7,6,-0.00506,0.0029,0.9783,3020,0,0,0,0,0,0,0,0,0,0,0,0,0,0,0,0,0,0,0,0,0
1112064,543,0,24,4,5,9,6,-0.00647,0.00572,1.0723,2921,0,0,0,0,0,0,0,0,0,0,0,0,0,0,0,0,0,0,0,0,0
1114112,544,0,15,2,6,3,4,-0.00247,0.00178,1.0543,2935,0,0,0,0,0,0,0,0,0,0,0,0,0,0,0,0,0,0,0,0,0
1116160,545,0,18,5,6,2,5,-0.00289,0.00337,1.0656,2830,0,0,0,0,0,0,0,0,0,0,0,0,0,0,0,0,0,0,0,0,0
1118208,546,0,19,2,6,4,7,0.00141,0.00306,0.9469,2877,0,0,0,0,0,0,0,0,0,0,0,0,0,0,0,0,0,0,0,0,0
1120256,547,0,15,3,2,5,5,-0.00365,0.00352,0.9621,2987,0,0,0,0,0,0,0,0,0,0,0,0,0,0,0,0,0,0,0,0,0
1122304,548,0,26,5,6,10,5,-0.00419,0.00877,0.9588,2914,0,0,0,0,0,0,0,0,0,0,0,0,0,0,0,0,0,0,0,0,0
1124352,549,0,21,3,3,9,6,-0.00288,0.0054,1.0112,2711,0,0,0,0,0,0,0,0,0,0,0,0,0,0,0,0,0,0,0,0,0
1126400,550,0,24,11,5,7,1,-0.00611,0.00951,0.9057,2995,0,0,0,0,0,0,0,0,0,0,0,0,0,0,0,0,0,0,0,0,0
1128448,551,0,22,3,4,10,5,-0.00377,0.00419,1.0388,2508,0,0,0,0,0,0,0,0,0,0,0,0,0,0,0,0,0,0,0,0,0
1130496,552,0,17,4,3,6,4,-0.00464,0.004,1.0572,2950,0,0,0,0,0,0,0,0,0,0,0,0,0,0,0,0,0,0,0,0,0
1132544,553,0,17,4,2,4,7,-0.00593,0.00385,1.0366,3045,0,0,0,0,0,0,0,0,0,0,0,0,0,0,0,0,0,0,0,0,0
1134592,554,0,22,7,5,6,4,-0.0033,0.00638,0.9971,2907,0,0,0,0,0,0,0,0,0,0,0,0,0,0,0,0,0,0,0,0,0
1136640,555,0,30,8,5,11,6,-0.0048,0.0092,0.9932,2675,0,0,0,0,0,0,0,0,0,0,0,0,0,0,0,0,0,0,0,0,0
1138688,556,0,32,11,2,17,2,-0.00572,0.00632,0.9681,2693,0,0,0,0,0,0,0,0,0,0,0,0,0,0,0,0,0,0,0,0,0
1140736,557,0,18,6,3,6,3,-0.00193,0.00431,0.9903,2731,0,0,0,0,0,0,0,0,0,0,0,0,0,0,0,0,0,0,0,0,0
1142784,558,0,19,3,6,4,6,-0.00468,0.00443,0.9319,2785,0,0,0,0,0,0,0,0,0,0,0,0,0,0,0,0,0,0,0,0,0
1144832,559,0,19,3,3,8,5,-0.00631,0.00507,1.0025,2702,0,0,0,0,0,0,0,0,0,0,0,0,0,0,0,0,0,0,0,0,0
1146880,560,0,26,3,6,12,5,0.00358,0.00462,0.9778,2707,0,0,0,0,0,0,0,0,0,0,0,0,0,0,0,0,0,0,0,0,0
1148928,561,0,21,3,8,6,4,-0.00451,0.00314,0.9843,2853,0,0,0,0,0,0,0,0,0,0,0,0,0,0,0,0,0,0,0,0,0
1150976,562,0,25,5,5,11,4,0.00035,0.00565,0.9563,2757,0,0,0,0,0,0,0,0,0,0,0,0,0,0,0,0,0,0,0,0,0
1153024,563,0,24,5,7,8,4,0.00501,0.00659,1.0054,2934,0,0,0,0,0,0,0,0,0,0,0,0,0,0,0,0,0,0,0,0,0
1155072,564,0,23,5,6,9,3,-0.0045,0.00371,1.0721,2915,0,0,0,0,0,0,0,0,0,0,0,0,0,0,0,0,0,0,0,0,0
1157120,565,0,22,9,1,10,2,-0.00306,0.00714,1.0297,2898,0,0,0,0,0,0,0,0,0,0,0,0,0,0,0,0,0,0,0,0,0
1159168,566,0,20,5,3,6,6,-0.00342,0.00437,0.9711,2949,0,0,0,0,0,0,0,0,0,0,0,0,0,0,0,0,0,0,0,0,0
1161216,567,0,23,5,8,8,2,-0.00656,0.00707,0.9207,3056,0,0,0,0,0,0,0,0,0,0,0,0,0,0,0,0,0,0,0,0,0
1163264,568,0,23,5,5,8,5,-0.00378,0.00542,0.9449,3002,0,0,0,0,0,0,0,0,0,0,0,0,0,0,0,0,0,0,0,0,0
1165312,569,0,31,9,6,13,3,-0.00435,0.0088,0.8931,3133,0,0,0,0,0,0,0,0,0,0,0,0,0,0,0,0,0,0,0,0,0
1167360,570,0,32,10,7,14,1,-0.0022,0.00942,0.8904,2994,0,0,0,0,0,0,0,0,0,0,0,0,0,0,0,0,0,0,0,0,0
1169408,571,0,31,10,8,10,3,0.00157,0.01074,0.9287,3101,0,0,0,0,0,0,0,0,0,0,0,0,0,0,0,0,0,0,0,0,0
1171456,572,0,22,5,4,12,1,-0.00409,0.00533,0.9408,2899,0,0,0,0,0,0,0,0,0,0,0,0,0,0,0,0,0,0,0,0,0
1173504,573,0,26,12,2,10,2,-0.00351,0.00986,0.9007,2825,0,0,0,0,0,0,0,0,0,0,0,0,0,0,0,0,0,0,0,0,0
1175552,574,0,25,13,3,5,4,-0.00259,0.01018,0.8388,2738,0,0,0,0,0,0,0,0,0,0,0,0,0,0,0,0,0,0,0,0,0
1177600,575,0,23,8,5,5,5,-0.00157,0.00864,0.9067,2898,0,0,0,0,0,0,0,0,0,0,0,0,0,0,0,0,0,0,0,0,0
1179648,576,0,29,11,3,13,2,-0.00448,0.00926,0.8588,2632,0,0,0,0,0,0,0,0,0,0,0,0,0,0,0,0,0,0,0,0,0
1181696,577,0,36,12,6,16,2,-0.00426,0.01057,0.8308,2983,0,0,0,0,0,0,0,0,0,0,0,0,0,0,0,0,0,0,0,0,0
1183744,578,0,33,10,8,11,4,-0.0066,0.01021,0.8753,2746,0,0,0,0,0,0,0,0,0,0,0,0,0,0,0,0,0,0,0,0,0
1185792,579,0,20,4,3,11,2,-0.00135,0.00599,0.9404,2903,0,0,0,0,0,0,0,0,0,0,0,0,0,0,0,0,0,0,0,0,0
1187840,580,0,41,11,6,20,4,-0.00456,0.01223,0.8029,3135,0,0,0,0,0,0,0,0,0,0,0,0,0,0,0,0,0,0,0,0,0
1189888,581,0,34,9,7,16,2,-0.00337,0.0102,0.8289,3059,0,0,0,0,0,0,0,0,0,0,0,0,0,0,0,0,0,0,0,0,0
1191936,582,0,32,9,5,15,3,-0.00399,0.01145,0.7628,2839,0,0,0,0,0,0,0,0,0,0,0,0,0,0,0,0,0,0,0,0,0
1193984,583,0,35,9,2,21,3,-0.00413,0.01068,0.7997,2791,0,0,0,0,0,0,0,0,0,0,0,0,0,0,0,0,0,0,0,0,0
1196032,584,0,34,16,4,13,1,-0.0007,0.01424,0.7857,2971,0,0,0,0,0,0,0,0,0,0,0,0,0,0,0,0,0,0,0,0,0
1198080,585,0,43,16,8,18,1,-0.00395,0.01701,0.7696,3129,0,0,0,0,0,0,0,0,0,0,0,0,0,0,0,0,0,0,0,0,0
1200128,586,0,47,18,7,20,2,-0.00369,0.01582,0.7399,3087,0,0,0,0,0,0,0,0,0,0,0,0,0,0,0,0,0,0,0,0,0
1202176,587,0,40,16,10,14,0,-0.00448,0.01397,0.8083,3111,0,0,0,0,0,0,0,0,0,0,0,0,0,0,0,0,0,0,0,0,0
1204224,588,0,39,17,5,14,3,-0.00308,0.01504,0.8249,3058,0,0,0,0,0,0,0,0,0,0,0,0,0,0,0,0,0,0,0,0,0
1206272,589,0,27,16,0,9,2,-0.00565,0.01063,0.845,2857,0,0,0,0,0,0,0,0,0,0,0,0,0,0,0,0,0,0,0,0,0
1208320,590,0,23,9,2,8,4,-0.00686,0.00935,0.7894,2960,0,0,0,0,0,0,0,0,0,0,0,0,0,0,0,0,0,0,0,0,0
1210368,591,0,35,17,4,9,5,-0.00699,0.01389,0.862,2449,0,0,0,0,0,0,0,0,0,0,0,0,0,0,0,0,0,0,0,0,0
1212416,592,0,19,7,2,6,4,-0.00527,0.0065,0.862,2826,0,0,0,0,0,0,0,0,0,0,0,0,0,0,0,0,0,0,0,0,0
1214464,593,0,37,14,9,8,6,-0.00292,0.01361,0.775,2713,0,0,0,0,0,0,0,0,0,0,0,0,0,0,0,0,0,0,0,0,0
1216512,594,0,22,7,2,9,4,-0.00804,0.00746,0.7095,2606,0,0,0,0,0,0,0,0,0,0,0,0,0,0,0,0,0,0,0,0,0
1218560,595,0,23,12,1,5,5,-0.00426,0.01002,0.7908,2804,0,0,0,0,0,0,0,0,0,0,0,0,0,0,0,0,0,0,0,0,0
1220608,596,0,25,12,1,8,4,-0.00041,0.00876,0.8104,2672,0,0,0,0,0,0,0,0,0,0,0,0,0,0,0,0,0,0,0,0,0
1222656,597,0,29,18,1,7,3,-0.00715,0.01527,0.7645,2738,0,0,0,0,0,0,0,0,0,0,0,0,0,0,0,0,0,0,0,0,0
1224704,598,0,37,21,3,9,4,-0.00432,0.01547,0.7653,2885,0,0,0,0,0,0,0,0,0,0,0,0,0,0,0,0,0,0,0,0,0
1226752,599,0,31,10,3,14,4,0.00496,0.01186,0.7503,3007,0,0,0,0,0,0,0,0,0,0,0,0,0,0,0,0,0,0,0,0,0
1228800,600,0,39,21,5,11,2,-0.00216,0.01608,0.7765,2628,0,0,0,0,0,0,0,0,0,0,0,0,0,0,0,0,0,0,0,0,0
1230848,601,0,41,23,8,8,2,-0.0001,0.01603,0.7734,2729,0,0,0,0,0,0,0,0,0,0,0,0,0,0,0,0,0,0,0,0,0
1232896,602,0,30,15,3,7,5,-0.0033,0.01226,0.7503,2822,0,0,0,0,0,0,0,0,0,0,0,0,0,0,0,0,0,0,0,0,0
1234944,603,0,28,12,2,12,2,-0.00288,0.01104,0.6161,2793,0,0,0,0,0,0,0,0,0,0,0,0,0,0,0,0,0,0,0,0,0
1236992,604,0,44,20,6,12,6,0.00047,0.01797,0.6192,2827,0,0,0,0,0,0,0,0,0,0,0,0,0,0,0,0,0,0,0,0,0
1239040,605,0,37,22,3,11,1,-0.0026,0.0158,0.6208,2822,0,0,0,0,0,0,0,0,0,0,0,0,0,0,0,0,0,0,0,0,0
1241088,606,0,37,28,2,5,2,-0.00249,0.01437,0.6029,2629,0,0,0,0,0,0,0,0,0,0,0,0,0,0,0,0,0,0,0,0,0
1243136,607,0,26,18,5,2,1,-0.00397,0.00978,0.6557,2746,0,0,0,0,0,0,0,0,0,0,0,0,0,0,0,0,0,0,0,0,0
1245184,608,0,24,17,1,5,1,-0.00216,0.00942,0.5818,2990,0,0,0,0,0,0,0,0,0,0,0,0,0,0,0,0,0,0,0,0,0
1247232,609,0,30,16,2,5,7,-0.00383,0.01212,0.6054,2842,0,0,0,0,0,0,0,0,0,0,0,0,0,0,0,0,0,0,0,0,0
1249280,610,0,34,19,3,11,1,-0.00409,0.0129,0.6472,3042,0,0,0,0,0,0,0,0,0,0,0,0,0,0,0,0,0,0,0,0,0
1251328,611,0,34,19,4,7,4,-0.00207,0.01455,0.6772,2802,0,0,0,0,0,0,0,0,0,0,0,0,0,0,0,0,0,0,0,0,0
1253376,612,0,29,18,3,7,1,-0.00332,0.0113,0.6848,2977,0,0,0,0,0,0,0,0,0,0,0,0,0,0,0,0,0,0,0,0,0
1255424,613,0,33,18,1,8,6,-0.00687,0.01346,0.6157,2955,0,0,0,0,0,0,0,0,0,0,0,0,0,0,0,0,0,0,0,0,0
1257472,614,0,29,22,3,3,1,-0.0017,0.01151,0.6124,2891,0,0,0,0,0,0,0,0,0,0,0,0,0,0,0,0,0,0,0,0,0
1259520,615,0,28,18,3,2,5,-0.00296,0.0121,0.6111,3086,0,0,0,0,0,0,0,0,0,0,0,0,0,0,0,0,0,0,0,0,0
1261568,616,0,29,18,3,4,4,-0.00482,0.0112,0.605,2557,0,0,0,0,0,0,0,0,0,0,0,0,0,0,0,0,0,0,0,0,0
1263616,617,0,26,17,0,6,3,-0.00393,0.01038,0.5401,2787,0,0,0,0,0,0,0,0,0,0,0,0,0,0,0,0,0,0,0,0,0
1265664,618,0,31,18,2,7,4,-0.0033,0.01315,0.5568,2884,0,0,0,0,0,0,0,0,0,0,0,0,0,0,0,0,0,0,0,0,0
1267712,619,0,36,27,1,3,5,-0.00216,0.01381,0.4782,2793,0,0,0,0,0,0,0,0,0,0,0,0,0,0,0,0,0,0,0,0,0
1269760,620,0,29,23,1,1,4,0.00327,0.01196,0.5487,2735,0,0,0,0,0,0,0,0,0,0,0,0,0,0,0,0,0,0,0,0,0
1271808,621,0,42,26,6,7,3,-0.00117,0.01656,0.5405,2978,0,0,0,0,0,0,0,0,0,0,0,0,0,0,0,0,0,0,0,0,0
1273856,622,0,32,23,2,7,0,-0.00077,0.01293,0.5063,2770,0,0,0,0,0,0,0,0,0,0,0,0,0,0,0,0,0,0,0,0,0
1275904,623,0,44,29,1,9,5,-0.00353,0.01756,0.505,2763,0,0,0,0,0,0,0,0,0,0,0,0,0,0,0,0,0,0,0,0,0
1277952,624,0,49,31,4,12,2,0.00709,0.01806,0.5165,2728,0,0,0,0,0,0,0,0,0,0,0,0,0,0,0,0,0,0,0,0,0
1280000,625,0,40,28,4,6,2,-0.00183,0.01615,0.5266,2804,0,0,0,0,0,0,0,0,0,0,0,0,0,0,0,0,0,0,0,0,0
1282048,626,0,32,17,2,9,4,-0.00302,0.01252,0.5307,2819,0,0,0,0,0,0,0,0,0,0,0,0,0,0,0,0,0,0,0,0,0
1284096,627,0,35,26,2,4,3,-0.00183,0.01418,0.456,2655,0,0,0,0,0,0,0,0,0,0,0,0,0,0,0,0,0,0,0,0,0
1286144,628,0,39,27,2,3,7,4e-05,0.01557,0.5065,2953,0,0,0,0,0,0,0,0,0,0,0,0,0,0,0,0,0,0,0,0,0
1288192,629,0,34,21,3,9,1,-0.00159,0.01405,0.5027,2988,0,0,0,0,0,0,0,0,0,0,0,0,0,0,0,0,0,0,0,0,0
1290240,630,0,40,27,3,5,5,-0.00602,0.01578,0.6,3005,0,0,0,0,0,0,0,0,0,0,0,0,0,0,0,0,0,0,0,0,0
1292288,631,0,33,22,6,4,1,0.00105,0.0122,0.6307,3008,0,0,0,0,0,0,0,0,0,0,0,0,0,0,0,0,0,0,0,0,0
1294336,632,0,27,21,1,2,3,-0.00043,0.00946,0.5563,3100,0,0,0,0,0,0,0,0,0,0,0,0,0,0,0,0,0,0,0,0,0
1296384,633,0,20,11,1,1,7,-0.0027,0.01067,0.4803,2854,0,0,0,0,0,0,0,0,0,0,0,0,0,0,0,0,0,0,0,0,0
1298432,634,0,34,24,4,3,3,0.00769,0.0134,0.499,2996,0,0,0,0,0,0,0,0,0,0,0,0,0,0,0,0,0,0,0,0,0
1300480,635,0,45,24,8,8,5,-0.00089,0.01739,0.5309,3012,0,0,0,0,0,0,0,0,0,0,0,0,0,0,0,0,0,0,0,0,0
1302528,636,0,32,20,7,4,1,-0.0032,0.01242,0.5281,2991,0,0,0,0,0,0,0,0,0,0,0,0,0,0,0,0,0,0,0,0,0
1304576,637,0,36,28,2,4,2,-0.0054,0.01219,0.525,3073,0,0,0,0,0,0,0,0,0,0,0,0,0,0,0,0,0,0,0,0,0
1306624,638,0,43,29,2,9,3,0.00093,0.01524,0.5877,2855,0,0,0,0,0,0,0,0,0,0,0,0,0,0,0,0,0,0,0,0,0
1308672,639,0,38,30,3,5,0,0.0015,0.01226,0.5294,2832,0,0,0,0,0,0,0,0,0,0,0,0,0,0,0,0,0,0,0,0,0
1310720,640,0,37,21,5,4,7,0.00077,0.01432,0.5267,3051,0,0,0,0,0,0,0,0,0,0,0,0,0,0,0,0,0,0,0,0,0
1312768,641,0,32,21,3,7,1,-0.00447,0.01317,0.6018,3138,0,0,0,0,0,0,0,0,0,0,0,0,0,0,0,0,0,0,0,0,0
1314816,642,0,34,27,1,2,4,-0.00127,0.01178,0.5588,3023,0,0,0,0,0,0,0,0,0,0,0,0,0,0,0,0,0,0,0,0,0
1316864,643,0,30,21,2,5,2,-0.00291,0.01127,0.504,2969,0,0,0,0,0,0,0,0,0,0,0,0,0,0,0,0,0,0,0,0,0
1318912,644,0,37,22,4,7,4,-0.00477,0.01311,0.5417,2568,0,0,0,0,0,0,0,0,0,0,0,0,0,0,0,0,0,0,0,0,0
1320960,645,0,37,26,3,6,2,-0.00481,0.01229,0.5177,2922,0,0,0,0,0,0,0,0,0,0,0,0,0,0,0,0,0,0,0,0,0
1323008,646,0,33,26,0,5,2,-0.00229,0.01211,0.4828,3059,0,0,0,0,0,0,0,0,0,0,0,0,0,0,0,0,0,0,0,0,0
1325056,647,0,34,23,3,3,5,-0.00315,0.013,0.4835,2758,0,0,0,0,0,0,0,0,0,0,0,0,0,0,0,0,0,0,0,0,0
1327104,648,0,28,16,2,5,5,0.00101,0.01073,0.494,2733,0,0,0,0,0,0,0,0,0,0,0,0,0,0,0,0,0,0,0,0,0
1329152,649,0,40,30,3,4,3,-0.00136,0.01636,0.4876,3035,0,0,0,0,0,0,0,0,0,0,0,0,0,0,0,0,0,0,0,0,0
1331200,650,0,34,25,2,3,4,-0.00181,0.0133,0.4709,2770,0,0,0,0,0,0,0,0,0,0,0,0,0,0,0,0,0,0,0,0,0
1333248,651,0,39,31,1,4,3,-0.00021,0.01247,0.4497,2772,0,0,0,0,0,0,0,0,0,0,0,0,0,0,0,0,0,0,0,0,0
1335296,652,0,34,28,1,2,3,-0.00035,0.01249,0.4788,2889,0,0,0,0,0,0,0,0,0,0,0,0,0,0,0,0,0,0,0,0,0
1337344,653,0,30,18,1,7,4,-0.00146,0.01221,0.4069,2502,0,0,0,0,0,0,0,0,0,0,0,0,0,0,0,0,0,0,0,0,0
1339392,654,0,36,28,3,0,5,-0.00577,0.01128,0.4613,3012,0,0,0,0,0,0,0,0,0,0,0,0,0,0,0,0,0,0,0,0,0
1341440,655,0,33,27,2,2,2,-0.00201,0.0102,0.4117,2759,0,0,0,0,0,0,0,0,0,0,0,0,0,0,0,0,0,0,0,0,0
1343488,656,0,30,24,1,1,4,-0.00125,0.00991,0.4852,2946,0,0,0,0,0,0,0,0,0,0,0,0,0,0,0,0,0,0,0,0,0
1345536,657,0,40,29,2,3,6,-0.00099,0.01311,0.4966,2903,0,0,0,0,0,0,0,0,0,0,0,0,0,0,0,0,0,0,0,0,0
1347584,658,0,41,34,2,1,4,-0.00559,0.01268,0.4984,2712,0,0,0,0,0,0,0,0,0,0,0,0,0,0,0,0,0,0,0,0,0
1349632,659,0,29,25,0,3,1,-0.00045,0.00942,0.465,2903,0,0,0,0,0,0,0,0,0,0,0,0,0,0,0,0,0,0,0,0,0
1351680,660,0,34,28,0,0,6,-0.00351,0.01254,0.4925,2546,0,0,0,0,0,0,0,0,0,0,0,0,0,0,0,0,0,0,0,0,0
1353728,661,0,33,28,1,2,2,0.00426,0.01127,0.4519,2688,0,0,0,0,0,0,0,0,0,0,0,0,0,0,0,0,0,0,0,0,0
1355776,662,0,30,22,2,1,5,-0.0055,0.01204,0.3947,2643,0,0,0,0,0,0,0,0,0,0,0,0,0,0,0,0,0,0,0,0,0
1357824,663,0,37,30,3,0,4,-0.00433,0.01215,0.4696,2486,0,0,0,0,0,0,0,0,0,0,0,0,0,0,0,0,0,0,0,0,0
1359872,664,0,42,33,4,2,3,-0.00179,0.01381,0.4457,2964,0,0,0,0,0,0,0,0,0,0,0,0,0,0,0,0,0,0,0,0,0
1361920,665,0,41,34,1,2,4,-0.00238,0.01416,0.443,2697,0,0,0,0,0,0,0,0,0,0,0,0,0,0,0,0,0,0,0,0,0
1363968,666,0,48,44,2,1,1,-0.00366,0.01381,0.4246,2773,0,0,0,0,0,0,0,0,0,0,0,0,0,0,0,0,0,0,0,0,0
1366016,667,0,37,35,0,1,1,-0.00151,0.00894,0.4019,2538,0,0,0,0,0,0,0,0,0,0,0,0,0,0,0,0,0,0,0,0,0
1368064,668,0,34,26,2,1,5,-0.00093,0.00944,0.3463,2625,0,0,0,0,0,0,0,0,0,0,0,0,0,0,0,0,0,0,0,0,0
1370112,669,0,38,27,4,1,6,0.00135,0.01543,0.3637,2662,0,0,0,0,0,0,0,0,0,0,0,0,0,0,0,0,0,0,0,0,0
1372160,670,0,39,35,1,2,1,0.00021,0.0116,0.456,2589,0,0,0,0,0,0,0,0,0,0,0,0,0,0,0,0,0,0,0,0,0
1374208,671,0,46,37,3,2,4,-0.00387,0.0148,0.4389,3083,0,0,0,0,0,0,0,0,0,0,0,0,0,0,0,0,0,0,0,0,0
1376256,672,0,40,31,3,4,2,0.00032,0.01501,0.4227,2922,0,0,0,0,0,0,0,0,0,0,0,0,0,0,0,0,0,0,0,0,0
1378304,673,0,46,39,2,3,2,-0.00284,0.01719,0.4232,2874,0,0,0,0,0,0,0,0,0,0,0,0,0,0,0,0,0,0,0,0,0
1380352,674,0,33,28,1,2,2,-0.00524,0.01135,0.4508,2974,0,0,0,0,0,0,0,0,0,0,0,0,0,0,0,0,0,0,0,0,0
1382400,675,0,35,27,2,1,5,0.00113,0.01151,0.385,2735,0,0,0,0,0,0,0,0,0,0,0,0,0,0,0,0,0,0,0,0,0
1384448,676,0,52,45,3,2,2,-0.00476,0.01449,0.4317,2654,0,0,0,0,0,0,0,0,0,0,0,0,0,0,0,0,0,0,0,0,0
1386496,677,0,35,31,1,2,1,-0.0023,0.01084,0.439,2604,0,0,0,0,0,0,0,0,0,0,0,0,0,0,0,0,0,0,0,0,0
1388544,678,0,40,30,2,3,5,0.00071,0.01354,0.4126,2921,0,0,0,0,0,0,0,0,0,0,0,0,0,0,0,0,0,0,0,0,0
1390592,679,0,39,32,4,1,2,0.00441,0.01154,0.3749,2852,0,0,0,0,0,0,0,0,0,0,0,0,0,0,0,0,0,0,0,0,0
1392640,680,0,41,32,3,2,4,-0.00259,0.01392,0.3604,2744,0,0,0,0,0,0,0,0,0,0,0,0,0,0,0,0,0,0,0,0,0
1394688,681,0,46,40,2,2,2,0.00095,0.01192,0.373,2610,0,0,0,0,0,0,0,0,0,0,0,0,0,0,0,0,0,0,0,0,0
1396736,682,0,42,38,0,0,4,-0.00197,0.01269,0.3694,2734,0,0,0,0,0,0,0,0,0,0,0,0,0,0,0,0,0,0,0,0,0
1398784,683,0,52,48,1,0,3,-0.0013,0.01231,0.3385,3066,0,0,0,0,0,0,0,0,0,0,0,0,0,0,0,0,0,0,0,0,0
1400832,684,0,50,47,0,1,2,-0.00272,0.01013,0.3228,3090,0,0,0,0,0,0,0,0,0,0,0,0,0,0,0,0,0,0,0,0,0
1402880,685,0,28,22,1,2,3,-0.00087,0.01021,0.3058,3049,0,0,0,0,0,0,0,0,0,0,0,0,0,0,0,0,0,0,0,0,0
1404928,686,0,41,33,1,1,6,-0.00324,0.01191,0.2966,2806,0,0,0,0,0,0,0,0,0,0,0,0,0,0,0,0,0,0,0,0,0
1406976,687,0,29,22,1,2,4,0.00252,0.00925,0.3039,2719,0,0,0,0,0,0,0,0,0,0,0,0,0,0,0,0,0,0,0,0,0
1409024,688,0,47,36,2,2,7,-0.00034,0.01572,0.31,2807,0,0,0,0,0,0,0,0,0,0,0,0,0,0,0,0,0,0,0,0,0
1411072,689,0,35,29,4,0,2,-0.00156,0.0131,0.3075,2939,0,0,0,0,0,0,0,0,0,0,0,0,0,0,0,0,0,0,0,0,0
1413120,690,0,43,35,2,1,5,0.00878,0.01396,0.3038,2951,0,0,0,0,0,0,0,0,0,0,0,0,0,0,0,0,0,0,0,0,0
1415168,691,0,39,34,2,1,2,-0.00442,0.01374,0.341,2943,0,0,0,0,0,0,0,0,0,0,0,0,0,0,0,0,0,0,0,0,0
1417216,692,0,43,36,1,1,5,-0.00236,0.01242,0.3532,2798,0,0,0,0,0,0,0,0,0,0,0,0,0,0,0,0,0,0,0,0,0
1419264,693,0,36,29,1,2,4,-0.00244,0.01209,0.3079,2596,0,0,0,0,0,0,0,0,0,0,0,0,0,0,0,0,0,0,0,0,0
1421312,694,0,36,29,1,1,5,0.00079,0.01582,0.2749,2803,0,0,0,0,0,0,0,0,0,0,0,0,0,0,0,0,0,0,0,0,0
1423360,695,0,43,40,0,2,1,0.00167,0.0143,0.3309,2932,0,0,0,0,0,0,0,0,0,0,0,0,0,0,0,0,0,0,0,0,0
1425408,696,0,28,23,0,0,5,0.00089,0.01113,0.3235,2869,0,0,0,0,0,0,0,0,0,0,0,0,0,0,0,0,0,0,0,0,0
1427456,697,0,38,30,1,0,7,-0.00353,0.01504,0.3476,2970,0,0,0,0,0,0,0,0,0,0,0,0,0,0,0,0,0,0,0,0,0
1429504,698,0,45,41,0,0,4,-0.00164,0.01341,0.3187,2813,0,0,0,0,0,0,0,0,0,0,0,0,0,0,0,0,0,0,0,0,0
1431552,699,0,26,21,1,1,3,0.00366,0.00992,0.3129,2732,0,0,0,0,0,0,0,0,0,0,0,0,0,0,0,0,0,0,0,0,0
1433600,700,0,43,34,0,1,8,-0.00023,0.01313,0.2862,2682,0,0,0,0,0,0,0,0,0,0,0,0,0,0,0,0,0,0,0,0,0
1435648,701,0,35,30,0,1,4,-0.00096,0.01126,0.3248,2923,0,0,0,0,0,0,0,0,0,0,0,0,0,0,0,0,0,0,0,0,0
1437696,702,0,51,43,3,2,3,-0.00126,0.01492,0.3176,2943,0,0,0,0,0,0,0,0,0,0,0,0,0,0,0,0,0,0,0,0,0
1439744,703,0,36,33,2,0,1,0.00342,0.01078,0.2729,3035,0,0,0,0,0,0,0,0,0,0,0,0,0,0,0,0,0,0,0,0,0
1441792,704,0,51,42,3,1,5,-0.00321,0.01422,0.337,3066,0,0,0,0,0,0,0,0,0,0,0,0,0,0,0,0,0,0,0,0,0
1443840,705,0,40,34,1,3,2,-0.00083,0.0118,0.3603,3086,0,0,0,0,0,0,0,0,0,0,0,0,0,0,0,0,0,0,0,0,0
1445888,706,0,36,30,1,1,4,-0.00288,0.01034,0.3038,2905,0,0,0,0,0,0,0,0,0,0,0,0,0,0,0,0,0,0,0,0,0
1447936,707,0,43,35,4,1,3,-0.00229,0.01227,0.3566,3016,0,0,0,0,0,0,0,0,0,0,0,0,0,0,0,0,0,0,0,0,0
1449984,708,0,41,38,0,0,3,-0.00131,0.01112,0.3475,2853,0,0,0,0,0,0,0,0,0,0,0,0,0,0,0,0,0,0,0,0,0
1452032,709,0,44,37,3,0,4,-0.00372,0.01269,0.3489,2963,0,0,0,0,0,0,0,0,0,0,0,0,0,0,0,0,0,0,0,0,0
1454080,710,0,47,42,2,0,3,-0.00169,0.01088,0.2742,3004,0,0,0,0,0,0,0,0,0,0,0,0,0,0,0,0,0,0,0,0,0
1456128,711,0,42,40,0,0,2,0.00136,0.01047,0.3272,3111,0,0,0,0,0,0,0,0,0,0,0,0,0,0,0,0,0,0,0,0,0
1458176,712,0,46,39,2,1,4,-0.00237,0.01235,0.3023,3096,0,0,0,0,0,0,0,0,0,0,0,0,0,0,0,0,0,0,0,0,0
1460224,713,0,36,30,0,1,5,-0.00371,0.01149,0.3034,2943,0,0,0,0,0,0,0,0,0,0,0,0,0,0,0,0,0,0,0,0,0
1462272,714,0,44,39,2,0,3,-0.00075,0.01201,0.2697,3030,0,0,0,0,0,0,0,0,0,0,0,0,0,0,0,0,0,0,0,0,0
1464320,715,0,36,30,1,0,5,0.00014,0.01098,0.2518,2909,0,0,0,0,0,0,0,0,0,0,0,0,0,0,0,0,0,0,0,0,0
1466368,716,0,45,38,0,0,7,-0.00018,0.01512,0.2526,2758,0,0,0,0,0,0,0,0,0,0,0,0,0,0,0,0,0,0,0,0,0
1468416,717,0,40,36,1,1,2,-0.00378,0.01192,0.2475,2865,0,0,0,0,0,0,0,0,0,0,0,0,0,0,0,0,0,0,0,0,0
1470464,718,0,38,31,3,1,3,-0.00293,0.01123,0.2425,2628,0,0,0,0,0,0,0,0,0,0,0,0,0,0,0,0,0,0,0,0,0
1472512,719,0,45,39,2,1,3,0.00017,0.01362,0.2715,2957,0,0,0,0,0,0,0,0,0,0,0,0,0,0,0,0,0,0,0,0,0
1474560,720,0,50,42,2,2,4,-0.0022,0.01222,0.3223,2561,0,0,0,0,0,0,0,0,0,0,0,0,0,0,0,0,0,0,0,0,0
1476608,721,0,50,47,2,1,0,-0.00276,0.01098,0.2553,2687,0,0,0,0,0,0,0,0,0,0,0,0,0,0,0,0,0,0,0,0,0
1478656,722,0,39,33,2,0,4,-0.00288,0.0123,0.2644,2789,0,0,0,0,0,0,0,0,0,0,0,0,0,0,0,0,0,0,0,0,0
1480704,723,0,48,42,1,0,5,-0.00265,0.01421,0.274,2810,0,0,0,0,0,0,0,0,0,0,0,0,0,0,0,0,0,0,0,0,0
1482752,724,0,46,38,2,3,3,-0.00433,0.01363,0.3137,2979,0,0,0,0,0,0,0,0,0,0,0,0,0,0,0,0,0,0,0,0,0
1484800,725,0,47,43,1,0,3,-0.00211,0.01028,0.2946,3138,0,0,0,0,0,0,0,0,0,0,0,0,0,0,0,0,0,0,0,0,0
1486848,726,0,43,36,2,1,4,-0.0017,0.01231,0.2762,2887,0,0,0,0,0,0,0,0,0,0,0,0,0,0,0,0,0,0,0,0,0
1488896,727,0,42,37,0,1,4,-0.00198,0.01096,0.2642,2845,0,0,0,0,0,0,0,0,0,0,0,0,0,0,0,0,0,0,0,0,0
1490944,728,0,40,34,1,0,5,-0.00086,0.01274,0.2962,2920,0,0,0,0,0,0,0,0,0,0,0,0,0,0,0,0,0,0,0,0,0
1492992,729,0,41,35,1,1,4,0.00115,0.01211,0.2907,2607,0,0,0,0,0,0,0,0,0,0,0,0,0,0,0,0,0,0,0,0,0
1495040,730,0,54,47,3,3,1,0.00416,0.01287,0.3195,2799,0,0,0,0,0,0,0,0,0,0,0,0,0,0,0,0,0,0,0,0,0
1497088,731,0,52,43,4,1,4,-0.00367,0.01385,0.2893,2688,0,0,0,0,0,0,0,0,0,0,0,0,0,0,0,0,0,0,0,0,0
1499136,732,0,31,25,0,1,5,-0.00701,0.01088,0.3166,3081,0,0,0,0,0,0,0,0,0,0,0,0,0,0,0,0,0,0,0,0,0
1501184,733,0,48,39,3,1,5,-0.00282,0.01442,0.3275,3122,0,0,0,0,0,0,0,0,0,0,0,0,0,0,0,0,0,0,0,0,0
1503232,734,0,41,35,5,0,1,-0.00268,0.01253,0.3097,2704,0,0,0,0,0,0,0,0,0,0,0,0,0,0,0,0,0,0,0,0,0
1505280,735,0,47,40,2,1,4,-0.00591,0.01142,0.314,2992,0,0,0,0,0,0,0,0,0,0,0,0,0,0,0,0,0,0,0,0,0
1507328,736,0,57,53,1,1,2,-0.00804,0.01199,0.303,2730,0,0,0,0,0,0,0,0,0,0,0,0,0,0,0,0,0,0,0,0,0
1509376,737,0,39,36,2,0,1,-0.00051,0.00814,0.295,2807,0,0,0,0,0,0,0,0,0,0,0,0,0,0,0,0,0,0,0,0,0
1511424,738,0,57,45,3,4,5,0.00396,0.01636,0.2893,2926,0,0,0,0,0,0,0,0,0,0,0,0,0,0,0,0,0,0,0,0,0
1513472,739,0,45,37,6,2,0,-0.00486,0.01402,0.337,2950,0,0,0,0,0,0,0,0,0,0,0,0,0,0,0,0,0,0,0,0,0
1515520,740,0,49,39,4,1,5,-0.00331,0.0145,0.3139,3118,0,0,0,0,0,0,0,0,0,0,0,0,0,0,0,0,0,0,0,0,0
1517568,741,0,50,41,3,3,3,0.00022,0.01425,0.3333,2911,0,0,0,0,0,0,0,0,0,0,0,0,0,0,0,0,0,0,0,0,0
1519616,742,0,48,42,2,2,2,-0.00361,0.01092,0.298,2702,0,0,0,0,0,0,0,0,0,0,0,0,0,0,0,0,0,0,0,0,0
1521664,743,0,49,46,0,1,2,0.00205,0.0095,0.3115,2934,0,0,0,0,0,0,0,0,0,0,0,0,0,0,0,0,0,0,0,0,0
1523712,744,0,42,36,2,0,4,-0.0037,0.00898,0.3224,2726,0,0,0,0,0,0,0,0,0,0,0,0,0,0,0,0,0,0,0,0,0
1525760,745,0,48,40,1,2,5,0.00166,0.0136,0.3404,2481,0,0,0,0,0,0,0,0,0,0,0,0,0,0,0,0,0,0,0,0,0
1527808,746,0,52,47,1,0,4,-0.00073,0.01054,0.3159,2943,0,0,0,0,0,0,0,0,0,0,0,0,0,0,0,0,0,0,0,0,0
1529856,747,0,52,47,2,2,1,-0.00374,0.01209,0.2891,3068,0,0,0,0,0,0,0,0,0,0,0,0,0,0,0,0,0,0,0,0,0
1531904,748,0,41,40,0,0,1,-0.00281,0.00814,0.3211,2890,0,0,0,0,0,0,0,0,0,0,0,0,0,0,0,0,0,0,0,0,0
1533952,749,0,45,37,3,0,5,-0.00374,0.01255,0.3407,2907,0,0,0,0,0,0,0,0,0,0,0,0,0,0,0,0,0,0,0,0,0
1536000,750,0,36,27,0,4,5,-0.00107,0.01203,0.3269,2855,0,0,0,0,0,0,0,0,0,0,0,0,0,0,0,0,0,0,0,0,0
1538048,751,0,46,37,4,1,4,-0.00525,0.013,0.335,2933,0,0,0,0,0,0,0,0,0,0,0,0,0,0,0,0,0,0,0,0,0
1540096,752,0,45,40,2,0,3,0.001,0.01193,0.3433,2803,0,0,0,0,0,0,0,0,0,0,0,0,0,0,0,0,0,0,0,0,0
1542144,753,0,45,40,0,0,5,0.0016,0.01244,0.2985,2887,0,0,0,0,0,0,0,0,0,0,0,0,0,0,0,0,0,0,0,0,0
1544192,754,0,50,42,4,1,3,-0.0042,0.01417,0.2856,2682,0,0,0,0,0,0,0,0,0,0,0,0,0,0,0,0,0,0,0,0,0
1546240,755,0,49,47,0,0,2,0.00077,0.01187,0.2725,2967,0,0,0,0,0,0,0,0,0,0,0,0,0,0,0,0,0,0,0,0,0
1548288,756,0,67,58,4,0,5,0.00073,0.01298,0.2711,2988,0,0,0,0,0,0,0,0,0,0,0,0,0,0,0,0,0,0,0,0,0
1550336,757,0,57,54,1,0,2,0.00033,0.01324,0.2508,2427,0,0,0,0,0,0,0,0,0,0,0,0,0,0,0,0,0,0,0,0,0
1552384,758,0,53,50,1,1,1,-0.0026,0.01098,0.2346,2713,0,0,0,0,0,0,0,0,0,0,0,0,0,0,0,0,0,0,0,0,0
1554432,759,0,52,49,0,0,3,-0.00043,0.00912,0.2706,2921,0,0,0,0,0,0,0,0,0,0,0,0,0,0,0,0,0,0,0,0,0
1556480,760,0,48,44,1,1,2,0.002,0.01156,0.2966,2902,0,0,0,0,0,0,0,0,0,0,0,0,0,0,0,0,0,0,0,0,0
1558528,761,0,56,50,1,1,4,0.00531,0.01078,0.2699,2931,0,0,0,0,0,0,0,0,0,0,0,0,0,0,0,0,0,0,0,0,0
1560576,762,0,49,45,2,0,2,-0.0028,0.01067,0.2783,2769,0,0,0,0,0,0,0,0,0,0,0,0,0,0,0,0,0,0,0,0,0
1562624,763,0,44,42,1,0,1,-0.00145,0.01136,0.2692,2622,0,0,0,0,0,0,0,0,0,0,0,0,0,0,0,0,0,0,0,0,0
1564672,764,0,42,38,0,0,4,-0.00013,0.0107,0.2669,2594,0,0,0,0,0,0,0,0,0,0,0,0,0,0,0,0,0,0,0,0,0
1566720,765,0,36,30,1,0,5,-0.00234,0.00992,0.2486,2704,0,0,0,0,0,0,0,0,0,0,0,0,0,0,0,0,0,0,0,0,0
1568768,766,0,51,42,2,0,7,-0.00151,0.01358,0.2765,2939,0,0,0,0,0,0,0,0,0,0,0,0,0,0,0,0,0,0,0,0,0
1570816,767,0,43,40,0,0,3,0.00345,0.00962,0.3135,3144,0,0,0,0,0,0,0,0,0,0,0,0,0,0,0,0,0,0,0,0,0
1572864,768,0,46,40,2,0,4,0.00187,0.01049,0.2994,3018,0,0,0,0,0,0,0,0,0,0,0,0,0,0,0,0,0,0,0,0,0
1574912,769,0,57,52,0,2,3,-0.00119,0.01208,0.3161,2656,0,0,0,0,0,0,0,0,0,0,0,0,0,0,0,0,0,0,0,0,0
1576960,770,0,51,43,2,2,4,0.01932,0.01305,0.362,2865,0,0,0,0,0,0,0,0,0,0,0,0,0,0,0,0,0,0,0,0,0
1579008,771,0,46,39,4,3,0,-0.0044,0.01148,0.381,2928,0,0,0,0,0,0,0,0,0,0,0,0,0,0,0,0,0,0,0,0,0
1581056,772,0,61,51,3,4,3,-0.00306,0.0142,0.3528,3129,0,0,0,0,0,0,0,0,0,0,0,0,0,0,0,0,0,0,0,0,0
1583104,773,0,52,45,2,5,0,0.01298,0.0123,0.3304,3040,0,0,0,0,0,0,0,0,0,0,0,0,0,0,0,0,0,0,0,0,0
1585152,774,0,45,38,2,0,5,-0.00332,0.01335,0.314,2836,0,0,0,0,0,0,0,0,0,0,0,0,0,0,0,0,0,0,0,0,0
1587200,775,0,46,44,0,0,2,-0.00036,0.00856,0.3023,2991,0,0,0,0,0,0,0,0,0,0,0,0,0,0,0,0,0,0,0,0,0
1589248,776,0,47,45,0,0,2,0.00095,0.0075,0.3086,2867,0,0,0,0,0,0,0,0,0,0,0,0,0,0,0,0,0,0,0,0,0
1591296,777,0,47,43,1,0,3,-0.00455,0.01074,0.338,3029,0,0,0,0,0,0,0,0,0,0,0,0,0,0,0,0,0,0,0,0,0
1593344,778,0,47,43,1,0,3,-0.00143,0.01348,0.3209,2952,0,0,0,0,0,0,0,0,0,0,0,0,0,0,0,0,0,0,0,0,0
1595392,779,0,46,41,1,0,4,0.00034,0.01183,0.2369,2991,0,0,0,0,0,0,0,0,0,0,0,0,0,0,0,0,0,0,0,0,0
1597440,780,0,33,29,0,0,4,0.00134,0.0109,0.2328,2789,0,0,0,0,0,0,0,0,0,0,0,0,0,0,0,0,0,0,0,0,0
1599488,781,0,44,38,0,0,6,-0.00308,0.01196,0.2635,2813,0,0,0,0,0,0,0,0,0,0,0,0,0,0,0,0,0,0,0,0,0
1601536,782,0,33,30,0,0,3,-0.00206,0.00765,0.2548,2891,0,0,0,0,0,0,0,0,0,0,0,0,0,0,0,0,0,0,0,0,0
1603584,783,0,43,35,4,0,4,-0.00399,0.00994,0.2722,2727,0,0,0,0,0,0,0,0,0,0,0,0,0,0,0,0,0,0,0,0,0
1605632,784,0,30,28,0,0,2,-0.00313,0.00736,0.2525,2624,0,0,0,0,0,0,0,0,0,0,0,0,0,0,0,0,0,0,0,0,0
1607680,785,0,57,53,2,0,2,-0.00191,0.01279,0.2655,2736,0,0,0,0,0,0,0,0,0,0,0,0,0,0,0,0,0,0,0,0,0
1609728,786,0,42,40,0,0,2,-0.00455,0.00939,0.2785,2857,0,0,0,0,0,0,0,0,0,0,0,0,0,0,0,0,0,0,0,0,0
1611776,787,0,41,32,3,1,5,-0.00179,0.01505,0.2543,2910,0,0,0,0,0,0,0,0,0,0,0,0,0,0,0,0,0,0,0,0,0
1613824,788,0,50,47,0,0,3,-0.0026,0.01196,0.2541,3018,0,0,0,0,0,0,0,0,0,0,0,0,0,0,0,0,0,0,0,0,0
1615872,789,0,65,59,5,0,1,-0.00483,0.01232,0.2648,2967,0,0,0,0,0,0,0,0,0,0,0,0,0,0,0,0,0,0,0,0,0
1617920,790,0,57,55,1,1,0,-0.00341,0.00821,0.3041,2380,0,0,0,0,0,0,0,0,0,0,0,0,0,0,0,0,0,0,0,0,0
1619968,791,0,53,48,1,3,1,-0.00493,0.01011,0.301,2466,0,0,0,0,0,0,0,0,0,0,0,0,0,0,0,0,0,0,0,0,0
1622016,792,0,61,57,1,1,2,-0.00366,0.01054,0.3038,2534,0,0,0,0,0,0,0,0,0,0,0,0,0,0,0,0,0,0,0,0,0
1624064,793,0,52,50,1,0,1,-0.00107,0.00817,0.3334,2720,0,0,0,0,0,0,0,0,0,0,0,0,0,0,0,0,0,0,0,0,0
1626112,794,0,59,54,1,1,3,-0.00294,0.00948,0.2886,2917,0,0,0,0,0,0,0,0,0,0,0,0,0,0,0,0,0,0,0,0,0
1628160,795,0,52,49,0,1,2,0.00294,0.00775,0.2215,2895,0,0,0,0,0,0,0,0,0,0,0,0,0,0,0,0,0,0,0,0,0
1630208,796,0,54,52,0,0,2,0.00135,0.0093,0.2865,2754,0,0,0,0,0,0,0,0,0,0,0,0,0,0,0,0,0,0,0,0,0
1632256,797,0,53,50,1,0,2,-0.00088,0.00766,0.3029,3074,0,0,0,0,0,0,0,0,0,0,0,0,0,0,0,0,0,0,0,0,0
1634304,798,0,48,45,1,0,2,-0.00233,0.0065,0.3159,3035,0,0,0,0,0,0,0,0,0,0,0,0,0,0,0,0,0,0,0,0,0
1636352,799,0,54,51,1,0,2,-0.00424,0.00775,0.3136,2620,0,0,0,0,0,0,0,0,0,0,0,0,0,0,0,0,0,0,0,0,0
1638400,800,0,51,50,0,0,1,0.00153,0.00699,0.2763,2632,0,0,0,0,0,0,0,0,0,0,0,0,0,0,0,0,0,0,0,0,0
1640448,801,0,61,57,1,0,3,-0.0036,0.00955,0.2682,2763,0,0,0,0,0,0,0,0,0,0,0,0,0,0,0,0,0,0,0,0,0
1642496,802,0,61,60,1,0,0,0.00015,0.00809,0.2767,2664,0,0,0,0,0,0,0,0,0,0,0,0,0,0,0,0,0,0,0,0,0
1644544,803,0,44,41,1,0,2,0.00022,0.00813,0.2382,2914,0,0,0,0,0,0,0,0,0,0,0,0,0,0,0,0,0,0,0,0,0
1646592,804,0,56,48,1,2,5,-0.0022,0.01117,0.236,2941,0,0,0,0,0,0,0,0,0,0,0,0,0,0,0,0,0,0,0,0,0
1648640,805,0,62,57,0,1,4,-0.00292,0.01025,0.2722,2806,0,0,0,0,0,0,0,0,0,0,0,0,0,0,0,0,0,0,0,0,0
1650688,806,0,51,50,1,0,0,0.0003,0.00717,0.2636,3080,0,0,0,0,0,0,0,0,0,0,0,0,0,0,0,0,0,0,0,0,0
1652736,807,0,51,47,0,0,4,0.0016,0.0102,0.2413,3385,0,0,0,0,0,0,0,0,0,0,0,0,0,0,0,0,0,0,0,0,0
1654784,808,0,40,37,1,0,2,-0.0023,0.00828,0.2324,3105,0,0,0,0,0,0,0,0,0,0,0,0,0,0,0,0,0,0,0,0,0
1656832,809,0,53,47,1,0,5,-0.0028,0.01358,0.24,3275,0,0,0,0,0,0,0,0,0,0,0,0,0,0,0,0,0,0,0,0,0
1658880,810,0,66,62,1,0,3,0.00149,0.01243,0.2712,3233,0,0,0,0,0,0,0,0,0,0,0,0,0,0,0,0,0,0,0,0,0
1660928,811,0,58,53,3,0,2,-0.00085,0.01033,0.2599,2785,0,0,0,0,0,0,0,0,0,0,0,0,0,0,0,0,0,0,0,0,0
1662976,812,0,52,51,0,0,1,-0.00145,0.00907,0.2991,2673,0,0,0,0,0,0,0,0,0,0,0,0,0,0,0,0,0,0,0,0,0
1665024,813,0,51,47,1,0,3,-0.00017,0.00852,0.2667,2842,0,0,0,0,0,0,0,0,0,0,0,0,0,0,0,0,0,0,0,0,0
1667072,814,0,50,48,0,0,2,-0.00322,0.00802,0.2412,2754,0,0,0,0,0,0,0,0,0,0,0,0,0,0,0,0,0,0,0,0,0
1669120,815,0,59,57,0,0,2,-0.00289,0.00777,0.2674,2877,0,0,0,0,0,0,0,0,0,0,0,0,0,0,0,0,0,0,0,0,0
1671168,816,0,51,50,0,0,1,-0.00264,0.00677,0.2002,3083,0,0,0,0,0,0,0,0,0,0,0,0,0,0,0,0,0,0,0,0,0
1673216,817,0,66,60,1,0,5,-0.00251,0.01058,0.2173,2972,0,0,0,0,0,0,0,0,0,0,0,0,0,0,0,0,0,0,0,0,0
1675264,818,0,49,48,0,0,1,-0.00114,0.00659,0.2523,2913,0,0,0,0,0,0,0,0,0,0,0,0,0,0,0,0,0,0,0,0,0
1677312,819,0,65,62,1,0,2,-0.00305,0.00796,0.2318,2951,0,0,0,0,0,0,0,0,0,0,0,0,0,0,0,0,0,0,0,0,0
1679360,820,0,56,54,1,0,1,-0.00264,0.00849,0.2632,2877,0,0,0,0,0,0,0,0,0,0,0,0,0,0,0,0,0,0,0,0,0
1681408,821,0,59,56,1,0,2,-0.00163,0.0089,0.2558,2788,0,0,0,0,0,0,0,0,0,0,0,0,0,0,0,0,0,0,0,0,0
1683456,822,0,58,53,2,0,3,0.00036,0.00999,0.2557,2980,0,0,0,0,0,0,0,0,0,0,0,0,0,0,0,0,0,0,0,0,0
1685504,823,0,61,58,0,0,3,-0.00134,0.0064,0.2201,2939,0,0,0,0,0,0,0,0,0,0,0,0,0,0,0,0,0,0,0,0,0
1687552,824,0,49,45,1,0,3,0.00262,0.00885,0.1894,2892,0,0,0,0,0,0,0,0,0,0,0,0,0,0,0,0,0,0,0,0,0
1689600,825,0,46,41,1,0,4,-0.00185,0.00958,0.1862,2815,0,0,0,0,0,0,0,0,0,0,0,0,0,0,0,0,0,0,0,0,0
1691648,826,0,50,46,0,0,4,-0.00123,0.00862,0.2058,2801,0,0,0,0,0,0,0,0,0,0,0,0,0,0,0,0,0,0,0,0,0
1693696,827,0,53,51,0,1,1,-0.00084,0.00949,0.1999,2915,0,0,0,0,0,0,0,0,0,0,0,0,0,0,0,0,0,0,0,0,0
1695744,828,0,59,54,1,0,4,-0.00219,0.01042,0.2275,2734,0,0,0,0,0,0,0,0,0,0,0,0,0,0,0,0,0,0,0,0,0
1697792,829,0,57,54,1,0,2,0.00457,0.00958,0.2564,2724,0,0,0,0,0,0,0,0,0,0,0,0,0,0,0,0,0,0,0,0,0
1699840,830,0,76,72,1,1,2,-6e-05,0.0108,0.2025,2737,0,0,0,0,0,0,0,0,0,0,0,0,0,0,0,0,0,0,0,0,0
1701888,831,0,52,52,0,0,0,-0.00217,0.00496,0.2158,2926,0,0,0,0,0,0,0,0,0,0,0,0,0,0,0,0,0,0,0,0,0
1703936,832,0,45,39,1,0,5,0.00029,0.01049,0.1889,2883,0,0,0,0,0,0,0,0,0,0,0,0,0,0,0,0,0,0,0,0,0
1705984,833,0,70,64,1,2,3,0.00836,0.01027,0.1992,2991,0,0,0,0,0,0,0,0,0,0,0,0,0,0,0,0,0,0,0,0,0
1708032,834,0,62,60,1,0,1,-0.00317,0.00716,0.2282,2887,0,0,0,0,0,0,0,0,0,0,0,0,0,0,0,0,0,0,0,0,0
1710080,835,0,56,55,1,0,0,-0.00104,0.00798,0.2628,2655,0,0,0,0,0,0,0,0,0,0,0,0,0,0,0,0,0,0,0,0,0
1712128,836,0,57,55,0,1,1,-0.00371,0.00877,0.2456,2611,0,0,0,0,0,0,0,0,0,0,0,0,0,0,0,0,0,0,0,0,0
1714176,837,0,46,40,1,3,2,-0.00521,0.00988,0.2895,2809,0,0,0,0,0,0,0,0,0,0,0,0,0,0,0,0,0,0,0,0,0
1716224,838,0,61,56,1,0,4,-0.00332,0.0108,0.2726,2610,0,0,0,0,0,0,0,0,0,0,0,0,0,0,0,0,0,0,0,0,0
1718272,839,0,70,64,2,2,2,-0.00415,0.00952,0.2343,2094,0,0,0,0,0,0,0,0,0,0,0,0,0,0,0,0,0,0,0,0,0
1720320,840,0,61,58,0,3,0,0.00096,0.00946,0.2202,2552,0,0,0,0,0,0,0,0,0,0,0,0,0,0,0,0,0,0,0,0,0
1722368,841,0,68,67,0,0,1,-0.00168,0.00883,0.2069,2834,0,0,0,0,0,0,0,0,0,0,0,0,0,0,0,0,0,0,0,0,0
1724416,842,0,70,68,1,0,1,-0.00075,0.00741,0.2276,2610,0,0,0,0,0,0,0,0,0,0,0,0,0,0,0,0,0,0,0,0,0
1726464,843,0,52,51,0,0,1,-0.00202,0.00626,0.2397,2639,0,0,0,0,0,0,0,0,0,0,0,0,0,0,0,0,0,0,0,0,0
1728512,844,0,65,62,1,0,2,-0.00337,0.00816,0.2258,2384,0,0,0,0,0,0,0,0,0,0,0,0,0,0,0,0,0,0,0,0,0
1730560,845,0,57,55,0,1,1,-0.00088,0.00841,0.1833,2922,0,0,0,0,0,0,0,0,0,0,0,0,0,0,0,0,0,0,0,0,0
1732608,846,0,51,49,0,0,2,-0.00461,0.00747,0.1919,2641,0,0,0,0,0,0,0,0,0,0,0,0,0,0,0,0,0,0,0,0,0
1734656,847,0,53,49,0,1,3,-0.00215,0.01099,0.2132,2712,0,0,0,0,0,0,0,0,0,0,0,0,0,0,0,0,0,0,0,0,0
1736704,848,0,62,57,2,0,3,-0.00365,0.00871,0.1857,2600,0,0,0,0,0,0,0,0,0,0,0,0,0,0,0,0,0,0,0,0,0
1738752,849,0,62,61,0,1,0,-0.00039,0.00645,0.2456,2841,0,0,0,0,0,0,0,0,0,0,0,0,0,0,0,0,0,0,0,0,0
1740800,850,0,57,55,1,0,1,-0.00267,0.00713,0.2117,3179,0,0,0,0,0,0,0,0,0,0,0,0,0,0,0,0,0,0,0,0,0
1742848,851,0,77,76,1,0,0,-0.00129,0.00676,0.2227,2744,0,0,0,0,0,0,0,0,0,0,0,0,0,0,0,0,0,0,0,0,0
1744896,852,0,69,66,1,1,1,-0.00208,0.00816,0.2065,2881,0,0,0,0,0,0,0,0,0,0,0,0,0,0,0,0,0,0,0,0,0
1746944,853,0,73,71,0,1,1,-0.00311,0.00696,0.2031,3013,0,0,0,0,0,0,0,0,0,0,0,0,0,0,0,0,0,0,0,0,0
1748992,854,0,70,69,1,0,0,0.00112,0.00578,0.202,2960,0,0,0,0,0,0,0,0,0,0,0,0,0,0,0,0,0,0,0,0,0
1751040,855,0,66,65,0,1,0,0.00655,0.00675,0.235,2824,0,0,0,0,0,0,0,0,0,0,0,0,0,0,0,0,0,0,0,0,0
1753088,856,0,58,56,0,0,2,-0.00221,0.00667,0.2341,2824,0,0,0,0,0,0,0,0,0,0,0,0,0,0,0,0,0,0,0,0,0
1755136,857,0,63,63,0,0,0,-0.00103,0.00623,0.2227,2907,0,0,0,0,0,0,0,0,0,0,0,0,0,0,0,0,0,0,0,0,0
1757184,858,0,68,61,4,2,1,-0.00242,0.0112,0.2294,2952,0,0,0,0,0,0,0,0,0,0,0,0,0,0,0,0,0,0,0,0,0
1759232,859,0,66,63,2,1,0,-0.00252,0.00893,0.242,2955,0,0,0,0,0,0,0,0,0,0,0,0,0,0,0,0,0,0,0,0,0
1761280,860,0,66,64,1,1,0,-0.00095,0.00943,0.215,2637,0,0,0,0,0,0,0,0,0,0,0,0,0,0,0,0,0,0,0,0,0
1763328,861,0,52,48,1,1,2,-0.00471,0.009,0.1964,2655,0,0,0,0,0,0,0,0,0,0,0,0,0,0,0,0,0,0,0,0,0
1765376,862,0,65,61,0,2,2,0.00128,0.00869,0.2375,2656,0,0,0,0,0,0,0,0,0,0,0,0,0,0,0,0,0,0,0,0,0
1767424,863,0,65,64,0,1,0,0.00052,0.00679,0.2142,2943,0,0,0,0,0,0,0,0,0,0,0,0,0,0,0,0,0,0,0,0,0
1769472,864,0,67,66,0,0,1,-0.00852,0.00726,0.2449,2710,0,0,0,0,0,0,0,0,0,0,0,0,0,0,0,0,0,0,0,0,0
1771520,865,0,71,70,1,0,0,-2e-05,0.00649,0.228,2818,0,0,0,0,0,0,0,0,0,0,0,0,0,0,0,0,0,0,0,0,0
1773568,866,0,60,59,1,0,0,-0.00026,0.00536,0.2333,2760,0,0,0,0,0,0,0,0,0,0,0,0,0,0,0,0,0,0,0,0,0
1775616,867,0,62,60,0,1,1,-0.00153,0.0064,0.2275,2608,0,0,0,0,0,0,0,0,0,0,0,0,0,0,0,0,0,0,0,0,0
1777664,868,0,66,64,1,1,0,-0.00012,0.00806,0.2088,2817,0,0,0,0,0,0,0,0,0,0,0,0,0,0,0,0,0,0,0,0,0
1779712,869,0,85,80,3,0,2,-0.00283,0.00871,0.2117,2872,0,0,0,0,0,0,0,0,0,0,0,0,0,0,0,0,0,0,0,0,0
1781760,870,0,61,58,2,1,0,0.00153,0.00685,0.2438,2915,0,0,0,0,0,0,0,0,0,0,0,0,0,0,0,0,0,0,0,0,0
1783808,871,0,75,73,0,0,2,3e-05,0.00643,0.2199,2818,0,0,0,0,0,0,0,0,0,0,0,0,0,0,0,0,0,0,0,0,0
1785856,872,0,71,68,2,1,0,-0.00391,0.00721,0.2053,3079,0,0,0,0,0,0,0,0,0,0,0,0,0,0,0,0,0,0,0,0,0
1787904,873,0,74,71,1,1,1,-0.00594,0.00692,0.2148,2651,0,0,0,0,0,0,0,0,0,0,0,0,0,0,0,0,0,0,0,0,0
1789952,874,0,71,71,0,0,0,-0.0044,0.0043,0.2088,2838,0,0,0,0,0,0,0,0,0,0,0,0,0,0,0,0,0,0,0,0,0
1792000,875,0,71,70,1,0,0,-0.00354,0.00516,0.1967,2961,0,0,0,0,0,0,0,0,0,0,0,0,0,0,0,0,0,0,0,0,0
1794048,876,0,72,67,3,1,1,-0.00286,0.00907,0.1934,2817,0,0,0,0,0,0,0,0,0,0,0,0,0,0,0,0,0,0,0,0,0
1796096,877,0,76,73,2,1,0,-0.00329,0.00805,0.1991,2669,0,0,0,0,0,0,0,0,0,0,0,0,0,0,0,0,0,0,0,0,0
1798144,878,0,65,62,1,2,0,-0.0035,0.00683,0.1782,2772,0,0,0,0,0,0,0,0,0,0,0,0,0,0,0,0,0,0,0,0,0
1800192,879,0,75,74,1,0,0,-0.00631,0.00473,0.1969,2757,0,0,0,0,0,0,0,0,0,0,0,0,0,0,0,0,0,0,0,0,0
1802240,880,0,70,69,1,0,0,-0.00284,0.00617,0.1944,2965,0,0,0,0,0,0,0,0,0,0,0,0,0,0,0,0,0,0,0,0,0
1804288,881,0,70,66,0,3,1,-0.00348,0.0082,0.214,2778,0,0,0,0,0,0,0,0,0,0,0,0,0,0,0,0,0,0,0,0,0
1806336,882,0,72,68,3,0,1,-0.00316,0.00605,0.2063,2767,0,0,0,0,0,0,0,0,0,0,0,0,0,0,0,0,0,0,0,0,0
1808384,883,0,67,65,1,0,1,-0.00208,0.0052,0.2184,2502,0,0,0,0,0,0,0,0,0,0,0,0,0,0,0,0,0,0,0,0,0
1810432,884,0,75,74,1,0,0,-0.00015,0.00572,0.2197,2946,0,0,0,0,0,0,0,0,0,0,0,0,0,0,0,0,0,0,0,0,0
1812480,885,0,77,77,0,0,0,-0.00299,0.00383,0.2026,3064,0,0,0,0,0,0,0,0,0,0,0,0,0,0,0,0,0,0,0,0,0
1814528,886,0,66,65,0,1,0,0.00408,0.00501,0.2145,2955,0,0,0,0,0,0,0,0,0,0,0,0,0,0,0,0,0,0,0,0,0
1816576,887,0,69,67,0,1,1,-0.00488,0.0061,0.2207,3088,0,0,0,0,0,0,0,0,0,0,0,0,0,0,0,0,0,0,0,0,0
1818624,888,0,67,67,0,0,0,-0.00195,0.00397,0.1918,2758,0,0,0,0,0,0,0,0,0,0,0,0,0,0,0,0,0,0,0,0,0
1820672,889,0,60,60,0,0,0,-0.00265,0.00418,0.1853,2918,0,0,0,0,0,0,0,0,0,0,0,0,0,0,0,0,0,0,0,0,0
1822720,890,0,68,66,0,0,2,0.00474,0.00846,0.1965,2608,0,0,0,0,0,0,0,0,0,0,0,0,0,0,0,0,0,0,0,0,0
1824768,891,0,61,60,0,0,1,-0.00166,0.00496,0.1872,2791,0,0,0,0,0,0,0,0,0,0,0,0,0,0,0,0,0,0,0,0,0
1826816,892,0,69,68,0,0,1,-0.0061,0.00577,0.1952,2955,0,0,0,0,0,0,0,0,0,0,0,0,0,0,0,0,0,0,0,0,0
1828864,893,0,71,69,1,1,0,-0.00458,0.00648,0.2142,2531,0,0,0,0,0,0,0,0,0,0,0,0,0,0,0,0,0,0,0,0,0
1830912,894,0,72,72,0,0,0,-0.00319,0.00576,0.1883,2511,0,0,0,0,0,0,0,0,0,0,0,0,0,0,0,0,0,0,0,0,0
1832960,895,0,68,67,0,1,0,-0.00052,0.00551,0.1829,2471,0,0,0,0,0,0,0,0,0,0,0,0,0,0,0,0,0,0,0,0,0
1835008,896,0,78,78,0,0,0,-0.00229,0.00471,0.1758,2623,0,0,0,0,0,0,0,0,0,0,0,0,0,0,0,0,0,0,0,0,0
1837056,897,0,75,71,2,1,1,-0.00398,0.00899,0.2059,2891,0,0,0,0,0,0,0,0,0,0,0,0,0,0,0,0,0,0,0,0,0
1839104,898,0,72,69,0,2,1,0.00299,0.00702,0.1635,2632,0,0,0,0,0,0,0,0,0,0,0,0,0,0,0,0,0,0,0,0,0
1841152,899,0,77,75,2,0,0,3e-05,0.00718,0.1778,2392,0,0,0,0,0,0,0,0,0,0,0,0,0,0,0,0,0,0,0,0,0
1843200,900,0,71,70,1,0,0,0.0054,0.00555,0.1995,2495,0,0,0,0,0,0,0,0,0,0,0,0,0,0,0,0,0,0,0,0,0
1845248,901,0,74,73,0,0,1,-0.00464,0.00582,0.2056,2666,0,0,0,0,0,0,0,0,0,0,0,0,0,0,0,0,0,0,0,0,0
1847296,902,0,75,74,0,0,1,-0.00355,0.00739,0.2252,2794,0,0,0,0,0,0,0,0,0,0,0,0,0,0,0,0,0,0,0,0,0
1849344,903,0,77,74,3,0,0,-0.00528,0.00795,0.1729,2672,0,0,0,0,0,0,0,0,0,0,0,0,0,0,0,0,0,0,0,0,0
1851392,904,0,78,71,3,4,0,-0.00137,0.01348,0.1937,2568,0,0,0,0,0,0,0,0,0,0,0,0,0,0,0,0,0,0,0,0,0
1853440,905,0,86,80,3,3,0,-0.00483,0.01015,0.1682,2446,0,0,0,0,0,0,0,0,0,0,0,0,0,0,0,0,0,0,0,0,0
1855488,906,0,71,69,0,2,0,0.00599,0.00765,0.1817,2743,0,0,0,0,0,0,0,0,0,0,0,0,0,0,0,0,0,0,0,0,0
1857536,907,0,79,78,0,0,1,-0.0013,0.0055,0.1941,2745,0,0,0,0,0,0,0,0,0,0,0,0,0,0,0,0,0,0,0,0,0
1859584,908,0,79,77,0,2,0,0.00038,0.00592,0.1794,2707,0,0,0,0,0,0,0,0,0,0,0,0,0,0,0,0,0,0,0,0,0
1861632,909,0,64,58,3,1,2,-0.00215,0.01023,0.2302,2550,0,0,0,0,0,0,0,0,0,0,0,0,0,0,0,0,0,0,0,0,0
1863680,910,0,68,64,1,2,1,-0.00365,0.00881,0.257,2560,0,0,0,0,0,0,0,0,0,0,0,0,0,0,0,0,0,0,0,0,0
1865728,911,0,84,79,2,3,0,-0.00377,0.00918,0.2439,2733,0,0,0,0,0,0,0,0,0,0,0,0,0,0,0,0,0,0,0,0,0
1867776,912,0,78,78,0,0,0,-0.00104,0.0044,0.2437,2724,0,0,0,0,0,0,0,0,0,0,0,0,0,0,0,0,0,0,0,0,0
1869824,913,0,72,72,0,0,0,-0.00046,0.00486,0.2272,2674,0,0,0,0,0,0,0,0,0,0,0,0,0,0,0,0,0,0,0,0,0
1871872,914,0,83,82,0,0,1,-0.00251,0.00513,0.184,2685,0,0,0,0,0,0,0,0,0,0,0,0,0,0,0,0,0,0,0,0,0
1873920,915,0,68,67,1,0,0,-0.00612,0.00602,0.2279,2908,0,0,0,0,0,0,0,0,0,0,0,0,0,0,0,0,0,0,0,0,0
1875968,916,0,74,70,0,2,2,-0.00038,0.00843,0.2613,2472,0,0,0,0,0,0,0,0,0,0,0,0,0,0,0,0,0,0,0,0,0
1878016,917,0,75,70,2,3,0,0.00367,0.00872,0.2737,2722,0,0,0,0,0,0,0,0,0,0,0,0,0,0,0,0,0,0,0,0,0
1880064,918,0,73,71,0,1,1,-0.00266,0.00747,0.2664,2793,0,0,0,0,0,0,0,0,0,0,0,0,0,0,0,0,0,0,0,0,0
1882112,919,0,72,70,1,1,0,-0.00635,0.00519,0.2915,2816,0,0,0,0,0,0,0,0,0,0,0,0,0,0,0,0,0,0,0,0,0
1884160,920,0,70,70,0,0,0,-0.00358,0.00365,0.2955,2910,0,0,0,0,0,0,0,0,0,0,0,0,0,0,0,0,0,0,0,0,0
1886208,921,0,78,76,0,1,1,-0.00055,0.00496,0.2486,2918,0,0,0,0,0,0,0,0,0,0,0,0,0,0,0,0,0,0,0,0,0
1888256,922,0,78,76,2,0,0,0.00126,0.00539,0.2396,2249,0,0,0,0,0,0,0,0,0,0,0,0,0,0,0,0,0,0,0,0,0
1890304,923,0,73,73,0,0,0,-0.00311,0.00349,0.2167,2640,0,0,0,0,0,0,0,0,0,0,0,0,0,0,0,0,0,0,0,0,0
1892352,924,0,87,85,1,0,1,-0.00179,0.00505,0.1632,2624,0,0,0,0,0,0,0,0,0,0,0,0,0,0,0,0,0,0,0,0,0
1894400,925,0,80,80,0,0,0,-0.00169,0.00321,0.1774,2768,0,0,0,0,0,0,0,0,0,0,0,0,0,0,0,0,0,0,0,0,0
1896448,926,0,73,73,0,0,0,0.00604,0.00395,0.1979,2995,0,0,0,0,0,0,0,0,0,0,0,0,0,0,0,0,0,0,0,0,0
1898496,927,0,67,64,0,3,0,0.00505,0.00683,0.1712,3167,0,0,0,0,0,0,0,0,0,0,0,0,0,0,0,0,0,0,0,0,0
1900544,928,0,73,72,0,0,1,-0.00477,0.00485,0.1912,3066,0,0,0,0,0,0,0,0,0,0,0,0,0,0,0,0,0,0,0,0,0
1902592,929,0,77,77,0,0,0,-0.00506,0.00343,0.188,2651,0,0,0,0,0,0,0,0,0,0,0,0,0,0,0,0,0,0,0,0,0
1904640,930,0,80,79,0,0,1,-0.00259,0.00492,0.1854,2706,0,0,0,0,0,0,0,0,0,0,0,0,0,0,0,0,0,0,0,0,0
1906688,931,0,74,74,0,0,0,-0.00375,0.00333,0.1735,2773,0,0,0,0,0,0,0,0,0,0,0,0,0,0,0,0,0,0,0,0,0
1908736,932,0,72,72,0,0,0,-0.00149,0.00369,0.168,2758,0,0,0,0,0,0,0,0,0,0,0,0,0,0,0,0,0,0,0,0,0
1910784,933,0,75,75,0,0,0,-0.00134,0.0044,0.1761,2656,0,0,0,0,0,0,0,0,0,0,0,0,0,0,0,0,0,0,0,0,0
1912832,934,0,73,71,0,2,0,0.00173,0.0058,0.207,2591,0,0,0,0,0,0,0,0,0,0,0,0,0,0,0,0,0,0,0,0,0
1914880,935,0,65,64,0,0,1,-0.00135,0.00597,0.2198,2274,0,0,0,0,0,0,0,0,0,0,0,0,0,0,0,0,0,0,0,0,0
1916928,936,0,67,67,0,0,0,0.00274,0.00449,0.1924,2783,0,0,0,0,0,0,0,0,0,0,0,0,0,0,0,0,0,0,0,0,0
1918976,937,0,73,72,0,0,1,-0.00586,0.00694,0.1959,3036,0,0,0,0,0,0,0,0,0,0,0,0,0,0,0,0,0,0,0,0,0
1921024,938,0,63,63,0,0,0,-0.00218,0.00471,0.1917,2786,0,0,0,0,0,0,0,0,0,0,0,0,0,0,0,0,0,0,0,0,0
1923072,939,0,78,76,0,0,2,0.00059,0.00714,0.1699,2963,0,0,0,0,0,0,0,0,0,0,0,0,0,0,0,0,0,0,0,0,0
1925120,940,0,78,76,1,1,0,0.00075,0.00589,0.1611,2943,0,0,0,0,0,0,0,0,0,0,0,0,0,0,0,0,0,0,0,0,0
1927168,941,0,72,70,0,2,0,-0.00089,0.00567,0.1885,2476,0,0,0,0,0,0,0,0,0,0,0,0,0,0,0,0,0,0,0,0,0
1929216,942,0,73,71,1,1,0,-0.00444,0.00598,0.2218,2728,0,0,0,0,0,0,0,0,0,0,0,0,0,0,0,0,0,0,0,0,0
1931264,943,0,73,72,0,1,0,-0.00382,0.00649,0.1856,2252,0,0,0,0,0,0,0,0,0,0,0,0,0,0,0,0,0,0,0,0,0
1933312,944,0,72,69,2,1,0,-0.0041,0.00554,0.17,2783,0,0,0,0,0,0,0,0,0,0,0,0,0,0,0,0,0,0,0,0,0
1935360,945,0,79,77,1,0,1,-0.00012,0.00548,0.1991,2657,0,0,0,0,0,0,0,0,0,0,0,0,0,0,0,0,0,0,0,0,0
1937408,946,0,78,77,0,1,0,-0.004,0.0049,0.16,2655,0,0,0,0,0,0,0,0,0,0,0,0,0,0,0,0,0,0,0,0,0
1939456,947,0,79,78,0,1,0,0.00049,0.0044,0.1901,2840,0,0,0,0,0,0,0,0,0,0,0,0,0,0,0,0,0,0,0,0,0
1941504,948,0,81,80,0,0,1,-0.00393,0.00358,0.1624,2411,0,0,0,0,0,0,0,0,0,0,0,0,0,0,0,0,0,0,0,0,0
1943552,949,0,74,73,0,1,0,-0.00342,0.00374,0.2106,2574,0,0,0,0,0,0,0,0,0,0,0,0,0,0,0,0,0,0,0,0,0
1945600,950,0,68,64,1,1,2,-0.00238,0.00748,0.2368,2915,0,0,0,0,0,0,0,0,0,0,0,0,0,0,0,0,0,0,0,0,0
1947648,951,0,80,80,0,0,0,-0.00012,0.00403,0.1944,2576,0,0,0,0,0,0,0,0,0,0,0,0,0,0,0,0,0,0,0,0,0
1949696,952,0,84,84,0,0,0,-0.00324,0.00285,0.1464,2362,0,0,0,0,0,0,0,0,0,0,0,0,0,0,0,0,0,0,0,0,0
1951744,953,0,74,71,1,2,0,-0.00208,0.00669,0.1777,2635,0,0,0,0,0,0,0,0,0,0,0,0,0,0,0,0,0,0,0,0,0
1953792,954,0,73,71,1,1,0,-0.00323,0.00536,0.1984,2378,0,0,0,0,0,0,0,0,0,0,0,0,0,0,0,0,0,0,0,0,0
1955840,955,0,69,68,0,0,1,-0.00045,0.00515,0.1961,2709,0,0,0,0,0,0,0,0,0,0,0,0,0,0,0,0,0,0,0,0,0
1957888,956,0,79,76,1,1,1,-0.00215,0.00731,0.1593,2826,0,0,0,0,0,0,0,0,0,0,0,0,0,0,0,0,0,0,0,0,0
1959936,957,0,69,67,1,0,1,-0.00073,0.00524,0.172,2795,0,0,0,0,0,0,0,0,0,0,0,0,0,0,0,0,0,0,0,0,0
1961984,958,0,76,76,0,0,0,-0.00305,0.00348,0.1451,2611,0,0,0,0,0,0,0,0,0,0,0,0,0,0,0,0,0,0,0,0,0
1964032,959,0,84,80,2,2,0,-0.00448,0.00611,0.1499,2709,0,0,0,0,0,0,0,0,0,0,0,0,0,0,0,0,0,0,0,0,0
1966080,960,0,75,73,1,1,0,-0.00095,0.0051,0.1658,2859,0,0,0,0,0,0,0,0,0,0,0,0,0,0,0,0,0,0,0,0,0
1968128,961,0,76,74,1,1,0,-0.00546,0.00407,0.1798,2739,0,0,0,0,0,0,0,0,0,0,0,0,0,0,0,0,0,0,0,0,0
1970176,962,0,78,75,3,0,0,-0.00286,0.00538,0.1672,2661,0,0,0,0,0,0,0,0,0,0,0,0,0,0,0,0,0,0,0,0,0
1972224,963,0,65,64,0,1,0,-0.00031,0.00542,0.1821,2821,0,0,0,0,0,0,0,0,0,0,0,0,0,0,0,0,0,0,0,0,0
1974272,964,0,81,78,0,1,2,-0.00458,0.0067,0.164,2545,0,0,0,0,0,0,0,0,0,0,0,0,0,0,0,0,0,0,0,0,0
1976320,965,0,82,81,0,1,0,0.00204,0.00486,0.1513,2651,0,0,0,0,0,0,0,0,0,0,0,0,0,0,0,0,0,0,0,0,0
1978368,966,0,76,75,0,1,0,0.00253,0.00476,0.1901,2777,0,0,0,0,0,0,0,0,0,0,0,0,0,0,0,0,0,0,0,0,0
1980416,967,0,80,78,0,2,0,0.00583,0.00654,0.1961,2752,0,0,0,0,0,0,0,0,0,0,0,0,0,0,0,0,0,0,0,0,0
1982464,968,0,78,77,0,1,0,-0.00199,0.00519,0.1577,2794,0,0,0,0,0,0,0,0,0,0,0,0,0,0,0,0,0,0,0,0,0
1984512,969,0,83,83,0,0,0,-0.00283,0.00334,0.1661,2672,0,0,0,0,0,0,0,0,0,0,0,0,0,0,0,0,0,0,0,0,0
1986560,970,0,79,78,0,0,1,-0.00498,0.00326,0.1515,2919,0,0,0,0,0,0,0,0,0,0,0,0,0,0,0,0,0,0,0,0,0
1988608,971,0,74,74,0,0,0,0.00012,0.00304,0.1503,2823,0,0,0,0,0,0,0,0,0,0,0,0,0,0,0,0,0,0,0,0,0
1990656,972,0,71,69,2,0,0,-0.00236,0.00553,0.1948,2723,0,0,0,0,0,0,0,0,0,0,0,0,0,0,0,0,0,0,0,0,0
1992704,973,0,63,61,0,1,1,-0.00064,0.00528,0.2045,2511,0,0,0,0,0,0,0,0,0,0,0,0,0,0,0,0,0,0,0,0,0
1994752,974,0,71,70,0,0,1,0.00351,0.00558,0.2253,2436,0,0,0,0,0,0,0,0,0,0,0,0,0,0,0,0,0,0,0,0,0
1996800,975,0,87,87,0,0,0,-0.00653,0.00375,0.133,2471,0,0,0,0,0,0,0,0,0,0,0,0,0,0,0,0,0,0,0,0,0
1998848,976,0,93,91,1,0,1,-0.00242,0.00391,0.1273,2426,0,0,0,0,0,0,0,0,0,0,0,0,0,0,0,0,0,0,0,0,0
2000896,977,0,78,78,0,0,0,0.00257,0.00263,0.1639,2883,0,0,0,0,0,0,0,0,0,0,0,0,0,0,0,0,0,0,0,0,0
2002944,978,0,77,76,0,0,1,0.0007,0.00319,0.1662,2906,0,0,0,0,0,0,0,0,0,0,0,0,0,0,0,0,0,0,0,0,0
2004992,979,0,87,87,0,0,0,0.00422,0.00249,0.1035,3048,0,0,0,0,0,0,0,0,0,0,0,0,0,0,0,0,0,0,0,0,0
2007040,980,0,72,71,1,0,0,-0.00124,0.00413,0.1248,3053,0,0,0,0,0,0,0,0,0,0,0,0,0,0,0,0,0,0,0,0,0
2009088,981,0,71,70,0,1,0,-0.00293,0.00393,0.1163,2728,0,0,0,0,0,0,0,0,0,0,0,0,0,0,0,0,0,0,0,0,0
2011136,982,0,85,85,0,0,0,-0.00238,0.00314,0.1177,2298,0,0,0,0,0,0,0,0,0,0,0,0,0,0,0,0,0,0,0,0,0
2013184,983,0,82,81,1,0,0,0.00376,0.00419,0.1128,2828,0,0,0,0,0,0,0,0,0,0,0,0,0,0,0,0,0,0,0,0,0
2015232,984,0,77,76,1,0,0,0.00083,0.00343,0.1204,2958,0,0,0,0,0,0,0,0,0,0,0,0,0,0,0,0,0,0,0,0,0
2017280,985,0,74,74,0,0,0,-0.00985,0.00304,0.1744,2782,0,0,0,0,0,0,0,0,0,0,0,0,0,0,0,0,0,0,0,0,0
2019328,986,0,67,66,1,0,0,0.00052,0.00395,0.1537,2852,0,0,0,0,0,0,0,0,0,0,0,0,0,0,0,0,0,0,0,0,0
2021376,987,0,66,65,0,0,1,-0.00133,0.00456,0.173,2919,0,0,0,0,0,0,0,0,0,0,0,0,0,0,0,0,0,0,0,0,0
2023424,988,0,78,76,0,1,1,2e-05,0.0065,0.1423,2542,0,0,0,0,0,0,0,0,0,0,0,0,0,0,0,0,0,0,0,0,0
2025472,989,0,53,52,0,0,1,-0.00239,0.00442,0.168,2662,0,0,0,0,0,0,0,0,0,0,0,0,0,0,0,0,0,0,0,0,0
2027520,990,0,60,60,0,0,0,0.00084,0.00577,0.1598,2757,0,0,0,0,0,0,0,0,0,0,0,0,0,0,0,0,0,0,0,0,0
2029568,991,0,72,70,0,0,2,-0.0077,0.00513,0.1657,2594,0,0,0,0,0,0,0,0,0,0,0,0,0,0,0,0,0,0,0,0,0
2031616,992,0,69,68,0,0,1,-0.00339,0.00487,0.1974,2726,0,0,0,0,0,0,0,0,0,0,0,0,0,0,0,0,0,0,0,0,0
2033664,993,0,66,66,0,0,0,-0.00419,0.00388,0.1587,2582,0,0,0,0,0,0,0,0,0,0,0,0,0,0,0,0,0,0,0,0,0
2035712,994,0,65,62,1,1,1,-0.00279,0.00669,0.1968,2801,0,0,0,0,0,0,0,0,0,0,0,0,0,0,0,0,0,0,0,0,0
2037760,995,0,74,72,0,0,2,-0.00229,0.00485,0.1933,2656,0,0,0,0,0,0,0,0,0,0,0,0,0,0,0,0,0,0,0,0,0
2039808,996,0,69,67,0,0,2,-0.00315,0.00603,0.2233,2488,0,0,0,0,0,0,0,0,0,0,0,0,0,0,0,0,0,0,0,0,0
2041856,997,0,61,60,0,0,1,-0.00347,0.00483,0.2425,2682,0,0,0,0,0,0,0,0,0,0,0,0,0,0,0,0,0,0,0,0,0
2043904,998,0,67,66,0,0,1,9e-05,0.00547,0.2193,3068,0,0,0,0,0,0,0,0,0,0,0,0,0,0,0,0,0,0,0,0,0
2045952,999,0,78,74,3,0,1,-0.00404,0.00618,0.1625,2674,0,0,0,0,0,0,0,0,0,0,0,0,0,0,0,0,0,0,0,0,0
2048000,1000,0,82,80,1,1,0,-0.00336,0.00568,0.1434,2676,0,0,0,0,0,0,0,0,0,0,0,0,0,0,0,0,0,0,0,0,0
2050048,1001,0,77,77,0,0,0,-0.00141,0.00356,0.1538,2549,0,0,0,0,0,0,0,0,0,0,0,0,0,0,0,0,0,0,0,0,0
2052096,1002,0,79,77,0,2,0,-0.00247,0.00538,0.1613,2852,0,0,0,0,0,0,0,0,0,0,0,0,0,0,0,0,0,0,0,0,0
2054144,1003,0,77,76,1,0,0,-0.00193,0.00389,0.1392,2832,0,0,0,0,0,0,0,0,0,0,0,0,0,0,0,0,0,0,0,0,0
2056192,1004,0,81,80,0,1,0,-0.00144,0.00431,0.1572,2728,0,0,0,0,0,0,0,0,0,0,0,0,0,0,0,0,0,0,0,0,0
2058240,1005,0,83,81,1,0,1,-0.0012,0.00429,0.1469,2771,0,0,0,0,0,0,0,0,0,0,0,0,0,0,0,0,0,0,0,0,0
2060288,1006,0,79,79,0,0,0,-0.00431,0.00447,0.1628,2725,0,0,0,0,0,0,0,0,0,0,0,0,0,0,0,0,0,0,0,0,0
2062336,1007,0,87,86,1,0,0,-0.00144,0.00427,0.1413,2539,0,0,0,0,0,0,0,0,0,0,0,0,0,0,0,0,0,0,0,0,0
2064384,1008,0,78,78,0,0,0,0.00286,0.00287,0.1515,2746,0,0,0,0,0,0,0,0,0,0,0,0,0,0,0,0,0,0,0,0,0
2066432,1009,0,77,76,0,0,1,0.00898,0.0046,0.1534,2852,0,0,0,0,0,0,0,0,0,0,0,0,0,0,0,0,0,0,0,0,0
2068480,1010,0,69,69,0,0,0,-0.00096,0.00354,0.1569,2856,0,0,0,0,0,0,0,0,0,0,0,0,0,0,0,0,0,0,0,0,0
2070528,1011,0,78,77,0,0,1,0.00769,0.00468,0.1388,2829,0,0,0,0,0,0,0,0,0,0,0,0,0,0,0,0,0,0,0,0,0
2072576,1012,0,83,82,1,0,0,-0.00903,0.00288,0.1443,2840,0,0,0,0,0,0,0,0,0,0,0,0,0,0,0,0,0,0,0,0,0
2074624,1013,0,83,82,0,1,0,-0.00132,0.00436,0.119,2764,0,0,0,0,0,0,0,0,0,0,0,0,0,0,0,0,0,0,0,0,0
2076672,1014,0,76,73,2,1,0,-0.00392,0.00582,0.1047,2931,0,0,0,0,0,0,0,0,0,0,0,0,0,0,0,0,0,0,0,0,0
2078720,1015,0,81,80,0,1,0,-0.00128,0.00349,0.1226,2765,0,0,0,0,0,0,0,0,0,0,0,0,0,0,0,0,0,0,0,0,0
2080768,1016,0,75,73,1,0,1,0.00742,0.00453,0.1495,2784,0,0,0,0,0,0,0,0,0,0,0,0,0,0,0,0,0,0,0,0,0
2082816,1017,0,87,83,2,2,0,-0.00064,0.00643,0.1497,2856,0,0,0,0,0,0,0,0,0,0,0,0,0,0,0,0,0,0,0,0,0
2084864,1018,0,84,82,1,1,0,-0.00454,0.0048,0.1751,2591,0,0,0,0,0,0,0,0,0,0,0,0,0,0,0,0,0,0,0,0,0
2086912,1019,0,68,67,0,1,0,-0.00522,0.00429,0.1996,2827,0,0,0,0,0,0,0,0,0,0,0,0,0,0,0,0,0,0,0,0,0
2088960,1020,0,86,77,3,4,2,-0.00297,0.00989,0.2054,2655,0,0,0,0,0,0,0,0,0,0,0,0,0,0,0,0,0,0,0,0,0
2091008,1021,0,78,70,2,6,0,-0.00313,0.012,0.2469,2698,0,0,0,0,0,0,0,0,0,0,0,0,0,0,0,0,0,0,0,0,0
2093056,1022,0,73,71,0,1,1,-0.00223,0.00507,0.2133,2818,0,0,0,0,0,0,0,0,0,0,0,0,0,0,0,0,0,0,0,0,0
2095104,1023,0,75,71,0,3,1,-0.00359,0.00722,0.1893,2602,0,0,0,0,0,0,0,0,0,0,0,0,0,0,0,0,0,0,0,0,0
2097152,1024,0,73,73,0,0,0,-0.00169,0.00404,0.1507,2701,0,0,0,0,0,0,0,0,0,0,0,0,0,0,0,0,0,0,0,0,0
2099200,1025,0,76,73,2,1,0,-0.00266,0.00633,0.1647,2591,0,0,0,0,0,0,0,0,0,0,0,0,0,0,0,0,0,0,0,0,0
2101248,1026,0,79,76,1,2,0,0.0009,0.00585,0.1516,2627,0,0,0,0,0,0,0,0,0,0,0,0,0,0,0,0,0,0,0,0,0
2103296,1027,0,70,70,0,0,0,-0.00685,0.00398,0.1637,2493,0,0,0,0,0,0,0,0,0,0,0,0,0,0,0,0,0,0,0,0,0
2105344,1028,0,66,65,0,1,0,-0.00372,0.00448,0.1512,2797,0,0,0,0,0,0,0,0,0,0,0,0,0,0,0,0,0,0,0,0,0
2107392,1029,0,84,83,0,0,1,-0.00073,0.00347,0.1471,2693,0,0,0,0,0,0,0,0,0,0,0,0,0,0,0,0,0,0,0,0,0
2109440,1030,0,79,76,2,0,1,-0.0028,0.00599,0.1671,2631,0,0,0,0,0,0,0,0,0,0,0,0,0,0,0,0,0,0,0,0,0
2111488,1031,0,78,77,1,0,0,-0.00033,0.00506,0.1662,2785,0,0,0,0,0,0,0,0,0,0,0,0,0,0,0,0,0,0,0,0,0
2113536,1032,0,75,74,0,0,1,-0.00287,0.00366,0.1866,2575,0,0,0,0,0,0,0,0,0,0,0,0,0,0,0,0,0,0,0,0,0
2115584,1033,0,75,75,0,0,0,-0.00224,0.00332,0.2399,2580,0,0,0,0,0,0,0,0,0,0,0,0,0,0,0,0,0,0,0,0,0
2117632,1034,0,70,67,0,2,1,-0.00336,0.00682,0.2694,2482,0,0,0,0,0,0,0,0,0,0,0,0,0,0,0,0,0,0,0,0,0
2119680,1035,0,86,86,0,0,0,-0.0013,0.00366,0.1705,2542,0,0,0,0,0,0,0,0,0,0,0,0,0,0,0,0,0,0,0,0,0
2121728,1036,0,84,83,1,0,0,-0.00303,0.00339,0.1299,2688,0,0,0,0,0,0,0,0,0,0,0,0,0,0,0,0,0,0,0,0,0
2123776,1037,0,82,81,1,0,0,0.00638,0.00423,0.1267,2554,0,0,0,0,0,0,0,0,0,0,0,0,0,0,0,0,0,0,0,0,0
2125824,1038,0,83,81,2,0,0,2e-05,0.00437,0.1354,2819,0,0,0,0,0,0,0,0,0,0,0,0,0,0,0,0,0,0,0,0,0
2127872,1039,0,82,82,0,0,0,0.00274,0.0031,0.139,2766,0,0,0,0,0,0,0,0,0,0,0,0,0,0,0,0,0,0,0,0,0
2129920,1040,0,80,80,0,0,0,0.0038,0.00338,0.1968,2715,0,0,0,0,0,0,0,0,0,0,0,0,0,0,0,0,0,0,0,0,0
2131968,1041,0,83,82,0,0,1,-0.00136,0.00358,0.1737,2922,0,0,0,0,0,0,0,0,0,0,0,0,0,0,0,0,0,0,0,0,0
2134016,1042,0,85,84,0,1,0,0.0011,0.00336,0.1321,2853,0,0,0,0,0,0,0,0,0,0,0,0,0,0,0,0,0,0,0,0,0
2136064,1043,0,71,71,0,0,0,-2e-05,0.00453,0.1495,2850,0,0,0,0,0,0,0,0,0,0,0,0,0,0,0,0,0,0,0,0,0
2138112,1044,0,82,79,1,1,1,-0.00274,0.00815,0.1383,3000,0,0,0,0,0,0,0,0,0,0,0,0,0,0,0,0,0,0,0,0,0
2140160,1045,0,83,82,0,0,1,0.00275,0.00476,0.133,2719,0,0,0,0,0,0,0,0,0,0,0,0,0,0,0,0,0,0,0,0,0
2142208,1046,0,81,79,1,1,0,-0.00185,0.00569,0.1681,2677,0,0,0,0,0,0,0,0,0,0,0,0,0,0,0,0,0,0,0,0,0
2144256,1047,0,81,80,1,0,0,-0.00338,0.0027,0.1375,2552,0,0,0,0,0,0,0,0,0,0,0,0,0,0,0,0,0,0,0,0,0
2146304,1048,0,72,70,1,1,0,-0.00149,0.00514,0.1502,2718,0,0,0,0,0,0,0,0,0,0,0,0,0,0,0,0,0,0,0,0,0
2148352,1049,0,84,81,0,2,1,-0.00223,0.00574,0.1641,2724,0,0,0,0,0,0,0,0,0,0,0,0,0,0,0,0,0,0,0,0,0
2150400,1050,0,92,88,2,2,0,-0.00204,0.00661,0.1374,2779,0,0,0,0,0,0,0,0,0,0,0,0,0,0,0,0,0,0,0,0,0
2152448,1051,0,74,74,0,0,0,-0.00196,0.00392,0.127,2841,0,0,0,0,0,0,0,0,0,0,0,0,0,0,0,0,0,0,0,0,0
2154496,1052,0,81,80,1,0,0,-0.00015,0.00322,0.128,2611,0,0,0,0,0,0,0,0,0,0,0,0,0,0,0,0,0,0,0,0,0
2156544,1053,0,82,81,0,0,1,0.00198,0.00402,0.1124,2878,0,0,0,0,0,0,0,0,0,0,0,0,0,0,0,0,0,0,0,0,0
2158592,1054,0,70,70,0,0,0,2e-05,0.00342,0.1356,2744,0,0,0,0,0,0,0,0,0,0,0,0,0,0,0,0,0,0,0,0,0
2160640,1055,0,89,89,0,0,0,-0.00375,0.00242,0.1273,2839,0,0,0,0,0,0,0,0,0,0,0,0,0,0,0,0,0,0,0,0,0
2162688,1056,0,70,69,0,1,0,-0.00467,0.00383,0.1435,2785,0,0,0,0,0,0,0,0,0,0,0,0,0,0,0,0,0,0,0,0,0
2164736,1057,0,89,89,0,0,0,-0.00679,0.00253,0.1584,2831,0,0,0,0,0,0,0,0,0,0,0,0,0,0,0,0,0,0,0,0,0
2166784,1058,0,74,74,0,0,0,-0.00166,0.00238,0.1405,2918,0,0,0,0,0,0,0,0,0,0,0,0,0,0,0,0,0,0,0,0,0
2168832,1059,0,71,70,0,0,1,-0.00511,0.00443,0.1501,2739,0,0,0,0,0,0,0,0,0,0,0,0,0,0,0,0,0,0,0,0,0
2170880,1060,0,72,72,0,0,0,-0.00061,0.00235,0.1287,2896,0,0,0,0,0,0,0,0,0,0,0,0,0,0,0,0,0,0,0,0,0
2172928,1061,0,65,65,0,0,0,-0.00135,0.00357,0.1531,2851,0,0,0,0,0,0,0,0,0,0,0,0,0,0,0,0,0,0,0,0,0
2174976,1062,0,73,69,1,1,2,-0.0049,0.00827,0.1311,2664,0,0,0,0,0,0,0,0,0,0,0,0,0,0,0,0,0,0,0,0,0
2177024,1063,0,87,87,0,0,0,-0.00168,0.00253,0.1041,2784,0,0,0,0,0,0,0,0,0,0,0,0,0,0,0,0,0,0,0,0,0
2179072,1064,0,84,84,0,0,0,-0.00196,0.00236,0.1139,2552,0,0,0,0,0,0,0,0,0,0,0,0,0,0,0,0,0,0,0,0,0
2181120,1065,0,81,81,0,0,0,0.00061,0.00226,0.1311,2912,0,0,0,0,0,0,0,0,0,0,0,0,0,0,0,0,0,0,0,0,0
2183168,1066,0,75,75,0,0,0,-0.00189,0.00273,0.1083,2775,0,0,0,0,0,0,0,0,0,0,0,0,0,0,0,0,0,0,0,0,0
2185216,1067,0,76,73,0,2,1,-0.00031,0.0068,0.1159,2700,0,0,0,0,0,0,0,0,0,0,0,0,0,0,0,0,0,0,0,0,0
2187264,1068,0,73,73,0,0,0,-0.00143,0.00286,0.1206,2962,0,0,0,0,0,0,0,0,0,0,0,0,0,0,0,0,0,0,0,0,0
2189312,1069,0,77,75,0,1,1,-0.00318,0.00654,0.096,2929,0,0,0,0,0,0,0,0,0,0,0,0,0,0,0,0,0,0,0,0,0
2191360,1070,0,82,82,0,0,0,-0.00236,0.00287,0.1012,2720,0,0,0,0,0,0,0,0,0,0,0,0,0,0,0,0,0,0,0,0,0
2193408,1071,0,88,87,0,1,0,-0.00241,0.00345,0.0868,2093,0,0,0,0,0,0,0,0,0,0,0,0,0,0,0,0,0,0,0,0,0
2195456,1072,0,86,86,0,0,0,-0.00119,0.0027,0.0897,2834,0,0,0,0,0,0,0,0,0,0,0,0,0,0,0,0,0,0,0,0,0
2197504,1073,0,88,87,0,0,1,0.00164,0.00424,0.1067,3022,0,0,0,0,0,0,0,0,0,0,0,0,0,0,0,0,0,0,0,0,0
2199552,1074,0,86,86,0,0,0,-0.00293,0.00224,0.1026,2841,0,0,0,0,0,0,0,0,0,0,0,0,0,0,0,0,0,0,0,0,0
2201600,1075,0,89,89,0,0,0,0.00557,0.00207,0.0842,3143,0,0,0,0,0,0,0,0,0,0,0,0,0,0,0,0,0,0,0,0,0
2203648,1076,0,91,91,0,0,0,-0.00054,0.00279,0.0862,3042,0,0,0,0,0,0,0,0,0,0,0,0,0,0,0,0,0,0,0,0,0
2205696,1077,0,85,85,0,0,0,-0.00292,0.00339,0.1092,3184,0,0,0,0,0,0,0,0,0,0,0,0,0,0,0,0,0,0,0,0,0
2207744,1078,0,86,86,0,0,0,-0.00141,0.00507,0.0894,2894,0,0,0,0,0,0,0,0,0,0,0,0,0,0,0,0,0,0,0,0,0
2209792,1079,0,91,91,0,0,0,-0.00203,0.00279,0.0924,2962,0,0,0,0,0,0,0,0,0,0,0,0,0,0,0,0,0,0,0,0,0
2211840,1080,0,80,80,0,0,0,-0.00127,0.00281,0.1023,2529,0,0,0,0,0,0,0,0,0,0,0,0,0,0,0,0,0,0,0,0,0
2213888,1081,0,86,86,0,0,0,-0.00057,0.00217,0.1051,2680,0,0,0,0,0,0,0,0,0,0,0,0,0,0,0,0,0,0,0,0,0
2215936,1082,0,85,85,0,0,0,-0.00389,0.0019,0.0907,2550,0,0,0,0,0,0,0,0,0,0,0,0,0,0,0,0,0,0,0,0,0
2217984,1083,0,78,78,0,0,0,-0.00252,0.00232,0.1015,2730,0,0,0,0,0,0,0,0,0,0,0,0,0,0,0,0,0,0,0,0,0
2220032,1084,0,71,69,0,1,1,0.00086,0.00573,0.111,2601,0,0,0,0,0,0,0,0,0,0,0,0,0,0,0,0,0,0,0,0,0
2222080,1085,0,65,64,0,0,1,-0.00464,0.00393,0.1061,2683,0,0,0,0,0,0,0,0,0,0,0,0,0,0,0,0,0,0,0,0,0
2224128,1086,0,75,74,0,0,1,-0.00395,0.00457,0.1305,2804,0,0,0,0,0,0,0,0,0,0,0,0,0,0,0,0,0,0,0,0,0
2226176,1087,0,85,84,0,1,0,-0.00015,0.00408,0.1128,2483,0,0,0,0,0,0,0,0,0,0,0,0,0,0,0,0,0,0,0,0,0
2228224,1088,0,81,79,1,0,1,-0.00299,0.00532,0.1726,2946,0,0,0,0,0,0,0,0,0,0,0,0,0,0,0,0,0,0,0,0,0
2230272,1089,0,82,78,1,3,0,0.00572,0.0083,0.1451,2964,0,0,0,0,0,0,0,0,0,0,0,0,0,0,0,0,0,0,0,0,0
2232320,1090,0,75,73,2,0,0,0.0001,0.00519,0.1486,3057,0,0,0,0,0,0,0,0,0,0,0,0,0,0,0,0,0,0,0,0,0
2234368,1091,0,72,69,1,1,1,-0.00051,0.00643,0.1499,3012,0,0,0,0,0,0,0,0,0,0,0,0,0,0,0,0,0,0,0,0,0
2236416,1092,0,88,84,1,2,1,-0.0021,0.00592,0.1186,3113,0,0,0,0,0,0,0,0,0,0,0,0,0,0,0,0,0,0,0,0,0
2238464,1093,0,84,84,0,0,0,-0.0035,0.00302,0.1402,3180,0,0,0,0,0,0,0,0,0,0,0,0,0,0,0,0,0,0,0,0,0
2240512,1094,0,89,88,0,1,0,-0.0036,0.00364,0.1231,2944,0,0,0,0,0,0,0,0,0,0,0,0,0,0,0,0,0,0,0,0,0
2242560,1095,0,86,84,0,2,0,-0.00017,0.00543,0.1325,3103,0,0,0,0,0,0,0,0,0,0,0,0,0,0,0,0,0,0,0,0,0
2244608,1096,0,83,83,0,0,0,-0.0035,0.00243,0.1343,2662,0,0,0,0,0,0,0,0,0,0,0,0,0,0,0,0,0,0,0,0,0
2246656,1097,0,85,85,0,0,0,0.00165,0.00202,0.1262,2906,0,0,0,0,0,0,0,0,0,0,0,0,0,0,0,0,0,0,0,0,0
2248704,1098,0,82,80,1,1,0,-0.00066,0.00462,0.1398,3219,0,0,0,0,0,0,0,0,0,0,0,0,0,0,0,0,0,0,0,0,0
2250752,1099,0,87,84,2,1,0,0.00224,0.0065,0.1443,2897,0,0,0,0,0,0,0,0,0,0,0,0,0,0,0,0,0,0,0,0,0
2252800,1100,0,82,80,1,0,1,-0.00608,0.00457,0.1646,3000,0,0,0,0,0,0,0,0,0,0,0,0,0,0,0,0,0,0,0,0,0
2254848,1101,0,78,75,3,0,0,-0.00608,0.00527,0.1561,2876,0,0,0,0,0,0,0,0,0,0,0,0,0,0,0,0,0,0,0,0,0
2256896,1102,0,79,79,0,0,0,-0.00326,0.00249,0.1385,2905,0,0,0,0,0,0,0,0,0,0,0,0,0,0,0,0,0,0,0,0,0
2258944,1103,0,80,78,1,1,0,-0.00356,0.00461,0.1518,2880,0,0,0,0,0,0,0,0,0,0,0,0,0,0,0,0,0,0,0,0,0
2260992,1104,0,92,91,0,1,0,-0.00167,0.0039,0.1201,2885,0,0,0,0,0,0,0,0,0,0,0,0,0,0,0,0,0,0,0,0,0
2263040,1105,0,75,74,1,0,0,-0.00262,0.00334,0.1265,2901,0,0,0,0,0,0,0,0,0,0,0,0,0,0,0,0,0,0,0,0,0
2265088,1106,0,70,70,0,0,0,-0.00542,0.00413,0.1177,2734,0,0,0,0,0,0,0,0,0,0,0,0,0,0,0,0,0,0,0,0,0
2267136,1107,0,75,72,1,1,1,-0.00799,0.00898,0.1109,2721,0,0,0,0,0,0,0,0,0,0,0,0,0,0,0,0,0,0,0,0,0
2269184,1108,0,80,79,1,0,0,0.00191,0.00601,0.1148,2969,0,0,0,0,0,0,0,0,0,0,0,0,0,0,0,0,0,0,0,0,0
2271232,1109,0,72,72,0,0,0,-0.00235,0.00293,0.1266,2595,0,0,0,0,0,0,0,0,0,0,0,0,0,0,0,0,0,0,0,0,0
2273280,1110,0,79,75,4,0,0,-0.00125,0.00591,0.1195,2473,0,0,0,0,0,0,0,0,0,0,0,0,0,0,0,0,0,0,0,0,0
2275328,1111,0,77,77,0,0,0,0.00285,0.00265,0.1069,2668,0,0,0,0,0,0,0,0,0,0,0,0,0,0,0,0,0,0,0,0,0
2277376,1112,0,85,81,0,2,2,-0.00133,0.00711,0.1195,2777,0,0,0,0,0,0,0,0,0,0,0,0,0,0,0,0,0,0,0,0,0
2279424,1113,0,69,68,0,1,0,-4e-05,0.00366,0.1041,2778,0,0,0,0,0,0,0,0,0,0,0,0,0,0,0,0,0,0,0,0,0
2281472,1114,0,86,85,0,0,1,0.00444,0.00352,0.1035,2501,0,0,0,0,0,0,0,0,0,0,0,0,0,0,0,0,0,0,0,0,0
2283520,1115,0,85,85,0,0,0,-0.00312,0.00244,0.0818,2687,0,0,0,0,0,0,0,0,0,0,0,0,0,0,0,0,0,0,0,0,0
2285568,1116,0,89,88,1,0,0,-0.00246,0.00238,0.0913,2753,0,0,0,0,0,0,0,0,0,0,0,0,0,0,0,0,0,0,0,0,0
2287616,1117,0,76,75,0,1,0,-0.00235,0.0034,0.0991,2678,0,0,0,0,0,0,0,0,0,0,0,0,0,0,0,0,0,0,0,0,0
2289664,1118,0,85,85,0,0,0,-0.00287,0.00238,0.107,2693,0,0,0,0,0,0,0,0,0,0,0,0,0,0,0,0,0,0,0,0,0
2291712,1119,0,92,92,0,0,0,-0.00066,0.00211,0.0877,2691,0,0,0,0,0,0,0,0,0,0,0,0,0,0,0,0,0,0,0,0,0
2293760,1120,0,83,83,0,0,0,-0.00492,0.00227,0.1113,2558,0,0,0,0,0,0,0,0,0,0,0,0,0,0,0,0,0,0,0,0,0
2295808,1121,0,81,79,2,0,0,-0.01159,0.00302,0.1049,2725,0,0,0,0,0,0,0,0,0,0,0,0,0,0,0,0,0,0,0,0,0
2297856,1122,0,83,80,1,2,0,-0.00094,0.00573,0.1062,2633,0,0,0,0,0,0,0,0,0,0,0,0,0,0,0,0,0,0,0,0,0
2299904,1123,0,79,79,0,0,0,-0.00231,0.00243,0.0898,2709,0,0,0,0,0,0,0,0,0,0,0,0,0,0,0,0,0,0,0,0,0
2301952,1124,0,83,82,1,0,0,-0.00057,0.0034,0.1024,2669,0,0,0,0,0,0,0,0,0,0,0,0,0,0,0,0,0,0,0,0,0
2304000,1125,0,86,86,0,0,0,-0.00025,0.00246,0.0749,2716,0,0,0,0,0,0,0,0,0,0,0,0,0,0,0,0,0,0,0,0,0
2306048,1126,0,84,83,1,0,0,-0.00344,0.00326,0.102,2779,0,0,0,0,0,0,0,0,0,0,0,0,0,0,0,0,0,0,0,0,0
2308096,1127,0,89,88,0,0,1,-0.00188,0.00377,0.1023,2814,0,0,0,0,0,0,0,0,0,0,0,0,0,0,0,0,0,0,0,0,0
2310144,1128,0,87,84,2,1,0,0.00225,0.00656,0.1015,2771,0,0,0,0,0,0,0,0,0,0,0,0,0,0,0,0,0,0,0,0,0
2312192,1129,0,94,94,0,0,0,-0.00064,0.00213,0.093,2954,0,0,0,0,0,0,0,0,0,0,0,0,0,0,0,0,0,0,0,0,0
2314240,1130,0,85,82,2,1,0,-0.00288,0.00476,0.1129,2976,0,0,0,0,0,0,0,0,0,0,0,0,0,0,0,0,0,0,0,0,0
2316288,1131,0,77,76,1,0,0,-0.004,0.00282,0.131,3037,0,0,0,0,0,0,0,0,0,0,0,0,0,0,0,0,0,0,0,0,0
2318336,1132,0,89,89,0,0,0,-0.00257,0.00172,0.0945,3001,0,0,0,0,0,0,0,0,0,0,0,0,0,0,0,0,0,0,0,0,0
2320384,1133,0,80,78,1,1,0,-0.00333,0.0043,0.1171,2588,0,0,0,0,0,0,0,0,0,0,0,0,0,0,0,0,0,0,0,0,0
2322432,1134,0,82,80,1,1,0,-0.00604,0.0041,0.1422,2785,0,0,0,0,0,0,0,0,0,0,0,0,0,0,0,0,0,0,0,0,0
2324480,1135,0,72,71,0,1,0,-0.00154,0.0041,0.1486,3248,0,0,0,0,0,0,0,0,0,0,0,0,0,0,0,0,0,0,0,0,0
2326528,1136,0,68,67,0,0,1,0.00094,0.00506,0.1536,3062,0,0,0,0,0,0,0,0,0,0,0,0,0,0,0,0,0,0,0,0,0
2328576,1137,0,74,72,0,1,1,-0.00399,0.0068,0.1704,3110,0,0,0,0,0,0,0,0,0,0,0,0,0,0,0,0,0,0,0,0,0
2330624,1138,0,81,81,0,0,0,-0.00248,0.00298,0.1353,2892,0,0,0,0,0,0,0,0,0,0,0,0,0,0,0,0,0,0,0,0,0
2332672,1139,0,88,87,0,1,0,-0.00127,0.00384,0.1479,2972,0,0,0,0,0,0,0,0,0,0,0,0,0,0,0,0,0,0,0,0,0
2334720,1140,0,82,81,0,0,1,0.0011,0.00355,0.1231,2709,0,0,0,0,0,0,0,0,0,0,0,0,0,0,0,0,0,0,0,0,0
2336768,1141,0,88,85,1,1,1,-0.00241,0.00424,0.0996,2892,0,0,0,0,0,0,0,0,0,0,0,0,0,0,0,0,0,0,0,0,0
2338816,1142,0,91,90,0,1,0,-0.00353,0.00336,0.1117,2855,0,0,0,0,0,0,0,0,0,0,0,0,0,0,0,0,0,0,0,0,0
2340864,1143,0,84,81,2,1,0,-0.0001,0.00473,0.1211,2985,0,0,0,0,0,0,0,0,0,0,0,0,0,0,0,0,0,0,0,0,0
2342912,1144,0,76,76,0,0,0,-0.00379,0.00242,0.1243,2664,0,0,0,0,0,0,0,0,0,0,0,0,0,0,0,0,0,0,0,0,0
2344960,1145,0,85,82,1,0,2,-0.00414,0.00449,0.125,2865,0,0,0,0,0,0,0,0,0,0,0,0,0,0,0,0,0,0,0,0,0
2347008,1146,0,84,84,0,0,0,-0.00242,0.00217,0.122,2787,0,0,0,0,0,0,0,0,0,0,0,0,0,0,0,0,0,0,0,0,0
2349056,1147,0,65,64,1,0,0,-0.00827,0.00362,0.1347,3087,0,0,0,0,0,0,0,0,0,0,0,0,0,0,0,0,0,0,0,0,0
2351104,1148,0,83,82,0,0,1,0.0005,0.00382,0.1313,2836,0,0,0,0,0,0,0,0,0,0,0,0,0,0,0,0,0,0,0,0,0
2353152,1149,0,82,82,0,0,0,0.00088,0.00207,0.1503,2874,0,0,0,0,0,0,0,0,0,0,0,0,0,0,0,0,0,0,0,0,0
2355200,1150,0,84,83,1,0,0,-0.00078,0.00309,0.1725,2884,0,0,0,0,0,0,0,0,0,0,0,0,0,0,0,0,0,0,0,0,0
2357248,1151,0,86,85,0,0,1,-7e-05,0.0028,0.124,2839,0,0,0,0,0,0,0,0,0,0,0,0,0,0,0,0,0,0,0,0,0
2359296,1152,0,88,88,0,0,0,-0.00131,0.0018,0.1062,2996,0,0,0,0,0,0,0,0,0,0,0,0,0,0,0,0,0,0,0,0,0
2361344,1153,0,83,82,1,0,0,-0.00073,0.00236,0.1083,2902,0,0,0,0,0,0,0,0,0,0,0,0,0,0,0,0,0,0,0,0,0
2363392,1154,0,83,83,0,0,0,-0.0035,0.00189,0.1078,3043,0,0,0,0,0,0,0,0,0,0,0,0,0,0,0,0,0,0,0,0,0
2365440,1155,0,80,80,0,0,0,0.00328,0.003,0.119,2926,0,0,0,0,0,0,0,0,0,0,0,0,0,0,0,0,0,0,0,0,0
2367488,1156,0,79,78,0,1,0,-0.00302,0.00345,0.107,2925,0,0,0,0,0,0,0,0,0,0,0,0,0,0,0,0,0,0,0,0,0
2369536,1157,0,90,87,2,1,0,0.00285,0.00776,0.1002,2824,0,0,0,0,0,0,0,0,0,0,0,0,0,0,0,0,0,0,0,0,0
2371584,1158,0,84,83,0,1,0,-0.00097,0.00479,0.087,2879,0,0,0,0,0,0,0,0,0,0,0,0,0,0,0,0,0,0,0,0,0
2373632,1159,0,84,84,0,0,0,-0.0018,0.00264,0.082,3167,0,0,0,0,0,0,0,0,0,0,0,0,0,0,0,0,0,0,0,0,0
2375680,1160,0,76,75,1,0,0,-0.00268,0.00333,0.078,2989,0,0,0,0,0,0,0,0,0,0,0,0,0,0,0,0,0,0,0,0,0
2377728,1161,0,74,72,0,1,1,-0.00365,0.0049,0.0993,2818,0,0,0,0,0,0,0,0,0,0,0,0,0,0,0,0,0,0,0,0,0
2379776,1162,0,73,72,0,0,1,-0.00027,0.0041,0.1034,2856,0,0,0,0,0,0,0,0,0,0,0,0,0,0,0,0,0,0,0,0,0
2381824,1163,0,81,81,0,0,0,-0.00063,0.00316,0.11,2911,0,0,0,0,0,0,0,0,0,0,0,0,0,0,0,0,0,0,0,0,0
2383872,1164,0,90,89,0,0,1,-0.00049,0.00245,0.0896,2786,0,0,0,0,0,0,0,0,0,0,0,0,0,0,0,0,0,0,0,0,0
2385920,1165,0,87,85,1,1,0,-0.00029,0.00377,0.0896,2810,0,0,0,0,0,0,0,0,0,0,0,0,0,0,0,0,0,0,0,0,0
2387968,1166,0,87,87,0,0,0,-0.00089,0.00226,0.1102,3010,0,0,0,0,0,0,0,0,0,0,0,0,0,0,0,0,0,0,0,0,0
2390016,1167,0,84,83,0,1,0,0.00242,0.00326,0.1075,2965,0,0,0,0,0,0,0,0,0,0,0,0,0,0,0,0,0,0,0,0,0
2392064,1168,0,89,89,0,0,0,-0.00374,0.00197,0.0924,3053,0,0,0,0,0,0,0,0,0,0,0,0,0,0,0,0,0,0,0,0,0
2394112,1169,0,87,87,0,0,0,0.00236,0.00226,0.1036,3216,0,0,0,0,0,0,0,0,0,0,0,0,0,0,0,0,0,0,0,0,0
2396160,1170,0,85,85,0,0,0,-0.00147,0.00227,0.0879,2701,0,0,0,0,0,0,0,0,0,0,0,0,0,0,0,0,0,0,0,0,0
2398208,1171,0,89,88,0,1,0,-0.00164,0.00298,0.0987,2651,0,0,0,0,0,0,0,0,0,0,0,0,0,0,0,0,0,0,0,0,0
2400256,1172,0,87,87,0,0,0,-0.00117,0.00198,0.1044,2811,0,0,0,0,0,0,0,0,0,0,0,0,0,0,0,0,0,0,0,0,0
2402304,1173,0,84,84,0,0,0,-0.00088,0.00173,0.1171,2856,0,0,0,0,0,0,0,0,0,0,0,0,0,0,0,0,0,0,0,0,0
2404352,1174,0,81,81,0,0,0,-0.00205,0.00174,0.1289,3128,0,0,0,0,0,0,0,0,0,0,0,0,0,0,0,0,0,0,0,0,0
2406400,1175,0,78,78,0,0,0,-0.00262,0.0019,0.1394,3045,0,0,0,0,0,0,0,0,0,0,0,0,0,0,0,0,0,0,0,0,0
2408448,1176,0,85,83,1,1,0,-0.00089,0.00278,0.1165,2849,0,0,0,0,0,0,0,0,0,0,0,0,0,0,0,0,0,0,0,0,0
2410496,1177,0,79,76,2,1,0,-0.00815,0.00485,0.1184,2628,0,0,0,0,0,0,0,0,0,0,0,0,0,0,0,0,0,0,0,0,0
2412544,1178,0,96,96,0,0,0,-0.00258,0.0025,0.1052,2800,0,0,0,0,0,0,0,0,0,0,0,0,0,0,0,0,0,0,0,0,0
2414592,1179,0,88,86,0,2,0,-0.00431,0.00407,0.0886,2889,0,0,0,0,0,0,0,0,0,0,0,0,0,0,0,0,0,0,0,0,0
2416640,1180,0,86,85,0,1,0,-0.00184,0.00293,0.1051,3003,0,0,0,0,0,0,0,0,0,0,0,0,0,0,0,0,0,0,0,0,0
2418688,1181,0,85,84,0,1,0,6e-05,0.00314,0.1128,2903,0,0,0,0,0,0,0,0,0,0,0,0,0,0,0,0,0,0,0,0,0
2420736,1182,0,82,82,0,0,0,-0.00249,0.00256,0.1259,2768,0,0,0,0,0,0,0,0,0,0,0,0,0,0,0,0,0,0,0,0,0
2422784,1183,0,86,84,1,1,0,-8e-05,0.00565,0.1077,2576,0,0,0,0,0,0,0,0,0,0,0,0,0,0,0,0,0,0,0,0,0
2424832,1184,0,85,84,1,0,0,-0.00881,0.00241,0.1156,2704,0,0,0,0,0,0,0,0,0,0,0,0,0,0,0,0,0,0,0,0,0
2426880,1185,0,80,77,3,0,0,-0.00324,0.0052,0.1307,2725,0,0,0,0,0,0,0,0,0,0,0,0,0,0,0,0,0,0,0,0,0
2428928,1186,0,84,83,0,0,1,0.00064,0.00358,0.1083,2873,0,0,0,0,0,0,0,0,0,0,0,0,0,0,0,0,0,0,0,0,0
2430976,1187,0,89,85,1,3,0,-0.0022,0.00691,0.1127,2598,0,0,0,0,0,0,0,0,0,0,0,0,0,0,0,0,0,0,0,0,0
2433024,1188,0,79,77,1,1,0,-0.00051,0.00457,0.1217,2832,0,0,0,0,0,0,0,0,0,0,0,0,0,0,0,0,0,0,0,0,0
2435072,1189,0,89,89,0,0,0,0.00544,0.00238,0.0801,2661,0,0,0,0,0,0,0,0,0,0,0,0,0,0,0,0,0,0,0,0,0
2437120,1190,0,89,88,1,0,0,-0.00076,0.00313,0.0953,2631,0,0,0,0,0,0,0,0,0,0,0,0,0,0,0,0,0,0,0,0,0
2439168,1191,0,81,81,0,0,0,-0.00114,0.0033,0.0855,2677,0,0,0,0,0,0,0,0,0,0,0,0,0,0,0,0,0,0,0,0,0
2441216,1192,0,95,92,3,0,0,-0.00106,0.00596,0.0828,2914,0,0,0,0,0,0,0,0,0,0,0,0,0,0,0,0,0,0,0,0,0
2443264,1193,0,88,88,0,0,0,-0.00405,0.00302,0.0908,2788,0,0,0,0,0,0,0,0,0,0,0,0,0,0,0,0,0,0,0,0,0
2445312,1194,0,84,83,0,1,0,-0.00315,0.00373,0.0824,3075,0,0,0,0,0,0,0,0,0,0,0,0,0,0,0,0,0,0,0,0,0
2447360,1195,0,81,81,0,0,0,-0.00051,0.00264,0.0797,2901,0,0,0,0,0,0,0,0,0,0,0,0,0,0,0,0,0,0,0,0,0
2449408,1196,0,86,85,0,1,0,-0.00071,0.00264,0.0934,3258,0,0,0,0,0,0,0,0,0,0,0,0,0,0,0,0,0,0,0,0,0
2451456,1197,0,88,87,0,1,0,-0.00031,0.00325,0.0858,2870,0,0,0,0,0,0,0,0,0,0,0,0,0,0,0,0,0,0,0,0,0
2453504,1198,0,84,82,1,1,0,0.01634,0.00483,0.1237,2799,0,0,0,0,0,0,0,0,0,0,0,0,0,0,0,0,0,0,0,0,0
2455552,1199,0,83,76,3,4,0,-0.00151,0.009,0.1415,2731,0,0,0,0,0,0,0,0,0,0,0,0,0,0,0,0,0,0,0,0,0
2457600,1200,0,75,72,0,3,0,0.00036,0.00634,0.1585,2726,0,0,0,0,0,0,0,0,0,0,0,0,0,0,0,0,0,0,0,0,0
2459648,1201,0,77,76,0,1,0,-0.00189,0.00392,0.1509,2707,0,0,0,0,0,0,0,0,0,0,0,0,0,0,0,0,0,0,0,0,0
2461696,1202,0,79,77,0,1,1,0.00052,0.00461,0.1721,2512,0,0,0,0,0,0,0,0,0,0,0,0,0,0,0,0,0,0,0,0,0
2463744,1203,0,82,80,0,2,0,-0.00343,0.00391,0.1683,2797,0,0,0,0,0,0,0,0,0,0,0,0,0,0,0,0,0,0,0,0,0
2465792,1204,0,79,78,0,1,0,0.00256,0.00423,0.1501,2975,0,0,0,0,0,0,0,0,0,0,0,0,0,0,0,0,0,0,0,0,0
2467840,1205,0,83,82,0,0,1,-0.00244,0.00531,0.1342,2862,0,0,0,0,0,0,0,0,0,0,0,0,0,0,0,0,0,0,0,0,0
2469888,1206,0,90,90,0,0,0,0.00097,0.00283,0.1179,2794,0,0,0,0,0,0,0,0,0,0,0,0,0,0,0,0,0,0,0,0,0
2471936,1207,0,91,91,0,0,0,-0.00139,0.00194,0.1011,3170,0,0,0,0,0,0,0,0,0,0,0,0,0,0,0,0,0,0,0,0,0
2473984,1208,0,81,81,0,0,0,0.00235,0.0022,0.098,3230,0,0,0,0,0,0,0,0,0,0,0,0,0,0,0,0,0,0,0,0,0
2476032,1209,0,83,83,0,0,0,0.0018,0.00179,0.1193,3172,0,0,0,0,0,0,0,0,0,0,0,0,0,0,0,0,0,0,0,0,0
2478080,1210,0,87,87,0,0,0,-0.00074,0.00213,0.0833,3056,0,0,0,0,0,0,0,0,0,0,0,0,0,0,0,0,0,0,0,0,0
2480128,1211,0,85,85,0,0,0,-3e-05,0.00199,0.0956,3070,0,0,0,0,0,0,0,0,0,0,0,0,0,0,0,0,0,0,0,0,0
2482176,1212,0,79,77,0,1,1,-0.00699,0.00428,0.1218,3033,0,0,0,0,0,0,0,0,0,0,0,0,0,0,0,0,0,0,0,0,0
2484224,1213,0,78,78,0,0,0,-0.00032,0.00315,0.0907,2995,0,0,0,0,0,0,0,0,0,0,0,0,0,0,0,0,0,0,0,0,0
2486272,1214,0,86,86,0,0,0,-0.00063,0.00181,0.0863,2773,0,0,0,0,0,0,0,0,0,0,0,0,0,0,0,0,0,0,0,0,0
2488320,1215,0,91,90,0,1,0,0.00343,0.00286,0.0888,2785,0,0,0,0,0,0,0,0,0,0,0,0,0,0,0,0,0,0,0,0,0
2490368,1216,0,86,86,0,0,0,-0.00065,0.00186,0.0968,2770,0,0,0,0,0,0,0,0,0,0,0,0,0,0,0,0,0,0,0,0,0
2492416,1217,0,72,72,0,0,0,-0.01514,0.00306,0.1391,2871,0,0,0,0,0,0,0,0,0,0,0,0,0,0,0,0,0,0,0,0,0
2494464,1218,0,87,87,0,0,0,-0.00152,0.00336,0.0984,2839,0,0,0,0,0,0,0,0,0,0,0,0,0,0,0,0,0,0,0,0,0
2496512,1219,0,91,91,0,0,0,0.00243,0.00227,0.0822,2799,0,0,0,0,0,0,0,0,0,0,0,0,0,0,0,0,0,0,0,0,0
2498560,1220,0,82,81,1,0,0,-0.00359,0.00312,0.0779,3038,0,0,0,0,0,0,0,0,0,0,0,0,0,0,0,0,0,0,0,0,0
2500608,1221,0,86,83,3,0,0,0.00107,0.00505,0.0919,2773,0,0,0,0,0,0,0,0,0,0,0,0,0,0,0,0,0,0,0,0,0
2502656,1222,0,95,94,0,1,0,0.00579,0.00497,0.071,3112,0,0,0,0,0,0,0,0,0,0,0,0,0,0,0,0,0,0,0,0,0
2504704,1223,0,80,78,0,2,0,-0.00577,0.00474,0.0901,2743,0,0,0,0,0,0,0,0,0,0,0,0,0,0,0,0,0,0,0,0,0
2506752,1224,0,85,83,1,1,0,0.00641,0.00443,0.1602,2813,0,0,0,0,0,0,0,0,0,0,0,0,0,0,0,0,0,0,0,0,0
2508800,1225,0,81,80,0,1,0,-0.00426,0.00336,0.1397,3127,0,0,0,0,0,0,0,0,0,0,0,0,0,0,0,0,0,0,0,0,0
2510848,1226,0,83,83,0,0,0,-0.00185,0.00243,0.1284,2960,0,0,0,0,0,0,0,0,0,0,0,0,0,0,0,0,0,0,0,0,0
2512896,1227,0,87,87,0,0,0,-0.00082,0.00202,0.1302,2914,0,0,0,0,0,0,0,0,0,0,0,0,0,0,0,0,0,0,0,0,0
2514944,1228,0,83,82,0,0,1,0.00717,0.00374,0.1351,2891,0,0,0,0,0,0,0,0,0,0,0,0,0,0,0,0,0,0,0,0,0
2516992,1229,0,83,82,0,1,0,0.00046,0.00365,0.1178,2764,0,0,0,0,0,0,0,0,0,0,0,0,0,0,0,0,0,0,0,0,0
2519040,1230,0,78,78,0,0,0,-0.00446,0.00431,0.141,2762,0,0,0,0,0,0,0,0,0,0,0,0,0,0,0,0,0,0,0,0,0
2521088,1231,0,79,78,0,1,0,-0.00044,0.00474,0.1323,2987,0,0,0,0,0,0,0,0,0,0,0,0,0,0,0,0,0,0,0,0,0
2523136,1232,0,83,79,1,3,0,-0.00275,0.00688,0.1651,2730,0,0,0,0,0,0,0,0,0,0,0,0,0,0,0,0,0,0,0,0,0
2525184,1233,0,87,85,0,1,1,-0.0018,0.00517,0.1722,3005,0,0,0,0,0,0,0,0,0,0,0,0,0,0,0,0,0,0,0,0,0
2527232,1234,0,90,88,0,2,0,-0.00453,0.00498,0.1797,3049,0,0,0,0,0,0,0,0,0,0,0,0,0,0,0,0,0,0,0,0,0
2529280,1235,0,73,73,0,0,0,-0.00544,0.00348,0.1774,2956,0,0,0,0,0,0,0,0,0,0,0,0,0,0,0,0,0,0,0,0,0
2531328,1236,0,86,85,0,0,1,-0.00172,0.00342,0.1237,2675,0,0,0,0,0,0,0,0,0,0,0,0,0,0,0,0,0,0,0,0,0
2533376,1237,0,81,78,0,3,0,-0.00562,0.00677,0.1501,2930,0,0,0,0,0,0,0,0,0,0,0,0,0,0,0,0,0,0,0,0,0
2535424,1238,0,87,84,1,1,1,0.00159,0.00546,0.1612,2989,0,0,0,0,0,0,0,0,0,0,0,0,0,0,0,0,0,0,0,0,0
2537472,1239,0,72,71,0,1,0,-0.00037,0.00414,0.1623,3180,0,0,0,0,0,0,0,0,0,0,0,0,0,0,0,0,0,0,0,0,0
2539520,1240,0,80,79,0,1,0,-0.00273,0.00446,0.1339,3148,0,0,0,0,0,0,0,0,0,0,0,0,0,0,0,0,0,0,0,0,0
2541568,1241,0,65,63,0,0,2,8e-05,0.00486,0.1515,2891,0,0,0,0,0,0,0,0,0,0,0,0,0,0,0,0,0,0,0,0,0
2543616,1242,0,95,89,2,2,2,-0.00253,0.00894,0.1515,2833,0,0,0,0,0,0,0,0,0,0,0,0,0,0,0,0,0,0,0,0,0
2545664,1243,0,88,87,0,1,0,-0.0014,0.00336,0.14,2815,0,0,0,0,0,0,0,0,0,0,0,0,0,0,0,0,0,0,0,0,0
2547712,1244,0,87,86,0,1,0,-0.00189,0.00343,0.1627,2747,0,0,0,0,0,0,0,0,0,0,0,0,0,0,0,0,0,0,0,0,0
2549760,1245,0,88,87,0,1,0,-0.00171,0.00284,0.1396,2839,0,0,0,0,0,0,0,0,0,0,0,0,0,0,0,0,0,0,0,0,0
2551808,1246,0,78,78,0,0,0,-0.00377,0.00216,0.1471,2686,0,0,0,0,0,0,0,0,0,0,0,0,0,0,0,0,0,0,0,0,0
2553856,1247,0,81,78,2,1,0,-0.00157,0.00625,0.1542,2821,0,0,0,0,0,0,0,0,0,0,0,0,0,0,0,0,0,0,0,0,0
2555904,1248,0,86,84,1,0,1,-0.00872,0.00481,0.1584,2806,0,0,0,0,0,0,0,0,0,0,0,0,0,0,0,0,0,0,0,0,0
2557952,1249,0,95,95,0,0,0,-0.00259,0.00183,0.1122,2766,0,0,0,0,0,0,0,0,0,0,0,0,0,0,0,0,0,0,0,0,0
2560000,1250,0,81,81,0,0,0,-0.00248,0.00204,0.0978,2753,0,0,0,0,0,0,0,0,0,0,0,0,0,0,0,0,0,0,0,0,0
2562048,1251,0,78,77,0,0,1,-0.00159,0.00284,0.1023,2611,0,0,0,0,0,0,0,0,0,0,0,0,0,0,0,0,0,0,0,0,0
2564096,1252,0,91,91,0,0,0,-0.00358,0.00254,0.1018,2744,0,0,0,0,0,0,0,0,0,0,0,0,0,0,0,0,0,0,0,0,0
2566144,1253,0,88,88,0,0,0,-0.00204,0.00176,0.0939,2790,0,0,0,0,0,0,0,0,0,0,0,0,0,0,0,0,0,0,0,0,0
2568192,1254,0,85,83,0,2,0,-0.00415,0.00412,0.0938,2758,0,0,0,0,0,0,0,0,0,0,0,0,0,0,0,0,0,0,0,0,0
2570240,1255,0,83,83,0,0,0,-0.00415,0.00166,0.0981,2882,0,0,0,0,0,0,0,0,0,0,0,0,0,0,0,0,0,0,0,0,0
2572288,1256,0,82,80,1,1,0,-0.0011,0.00397,0.1022,2872,0,0,0,0,0,0,0,0,0,0,0,0,0,0,0,0,0,0,0,0,0
2574336,1257,0,87,87,0,0,0,0.00176,0.00183,0.0825,3056,0,0,0,0,0,0,0,0,0,0,0,0,0,0,0,0,0,0,0,0,0
2576384,1258,0,80,79,1,0,0,-0.00035,0.00258,0.106,2897,0,0,0,0,0,0,0,0,0,0,0,0,0,0,0,0,0,0,0,0,0
2578432,1259,0,95,94,1,0,0,-0.00207,0.00316,0.0784,2737,0,0,0,0,0,0,0,0,0,0,0,0,0,0,0,0,0,0,0,0,0
2580480,1260,0,94,93,0,1,0,-0.00051,0.0029,0.077,2711,0,0,0,0,0,0,0,0,0,0,0,0,0,0,0,0,0,0,0,0,0
2582528,1261,0,83,80,0,3,0,0.0001,0.00558,0.0873,2925,0,0,0,0,0,0,0,0,0,0,0,0,0,0,0,0,0,0,0,0,0
2584576,1262,0,98,98,0,0,0,0.00063,0.00154,0.0656,2517,0,0,0,0,0,0,0,0,0,0,0,0,0,0,0,0,0,0,0,0,0
2586624,1263,0,90,90,0,0,0,-0.00062,0.0013,0.0713,2532,0,0,0,0,0,0,0,0,0,0,0,0,0,0,0,0,0,0,0,0,0
2588672,1264,0,90,88,0,2,0,-0.00105,0.0038,0.0762,2666,0,0,0,0,0,0,0,0,0,0,0,0,0,0,0,0,0,0,0,0,0
2590720,1265,0,85,84,0,1,0,-0.00249,0.00324,0.0853,2454,0,0,0,0,0,0,0,0,0,0,0,0,0,0,0,0,0,0,0,0,0
2592768,1266,0,91,90,1,0,0,-0.00404,0.00216,0.094,2909,0,0,0,0,0,0,0,0,0,0,0,0,0,0,0,0,0,0,0,0,0
2594816,1267,0,86,86,0,0,0,-0.00045,0.00176,0.0958,3021,0,0,0,0,0,0,0,0,0,0,0,0,0,0,0,0,0,0,0,0,0
2596864,1268,0,82,81,0,1,0,-0.00292,0.0031,0.0783,2920,0,0,0,0,0,0,0,0,0,0,0,0,0,0,0,0,0,0,0,0,0
2598912,1269,0,83,83,0,0,0,0.00014,0.0026,0.0829,2913,0,0,0,0,0,0,0,0,0,0,0,0,0,0,0,0,0,0,0,0,0
2600960,1270,0,89,87,0,2,0,-0.00064,0.00591,0.0784,3043,0,0,0,0,0,0,0,0,0,0,0,0,0,0,0,0,0,0,0,0,0
2603008,1271,0,92,92,0,0,0,-0.00192,0.00188,0.0853,2888,0,0,0,0,0,0,0,0,0,0,0,0,0,0,0,0,0,0,0,0,0
2605056,1272,0,88,87,1,0,0,-1e-05,0.00278,0.0924,2871,0,0,0,0,0,0,0,0,0,0,0,0,0,0,0,0,0,0,0,0,0
2607104,1273,0,90,88,2,0,0,0.00797,0.00243,0.0771,2363,0,0,0,0,0,0,0,0,0,0,0,0,0,0,0,0,0,0,0,0,0
2609152,1274,0,87,87,0,0,0,-0.00131,0.00132,0.0768,2402,0,0,0,0,0,0,0,0,0,0,0,0,0,0,0,0,0,0,0,0,0
2611200,1275,0,83,83,0,0,0,-0.00302,0.0026,0.0956,2761,0,0,0,0,0,0,0,0,0,0,0,0,0,0,0,0,0,0,0,0,0
2613248,1276,0,81,81,0,0,0,-0.00216,0.00322,0.0945,2670,0,0,0,0,0,0,0,0,0,0,0,0,0,0,0,0,0,0,0,0,0
2615296,1277,0,86,84,2,0,0,-0.00961,0.00439,0.1063,2878,0,0,0,0,0,0,0,0,0,0,0,0,0,0,0,0,0,0,0,0,0
2617344,1278,0,88,88,0,0,0,-0.00199,0.00169,0.07,3046,0,0,0,0,0,0,0,0,0,0,0,0,0,0,0,0,0,0,0,0,0
2619392,1279,0,88,88,0,0,0,-0.00175,0.00188,0.0766,2885,0,0,0,0,0,0,0,0,0,0,0,0,0,0,0,0,0,0,0,0,0
2621440,1280,0,76,76,0,0,0,-0.0034,0.00297,0.0916,2912,0,0,0,0,0,0,0,0,0,0,0,0,0,0,0,0,0,0,0,0,0
2623488,1281,0,75,75,0,0,0,1e-05,0.00352,0.0874,3301,0,0,0,0,0,0,0,0,0,0,0,0,0,0,0,0,0,0,0,0,0
2625536,1282,0,82,82,0,0,0,-0.00139,0.00289,0.0708,3146,0,0,0,0,0,0,0,0,0,0,0,0,0,0,0,0,0,0,0,0,0
2627584,1283,0,90,89,0,1,0,0.00143,0.00402,0.0675,2779,0,0,0,0,0,0,0,0,0,0,0,0,0,0,0,0,0,0,0,0,0
2629632,1284,0,93,93,0,0,0,-0.00323,0.00196,0.0736,3128,0,0,0,0,0,0,0,0,0,0,0,0,0,0,0,0,0,0,0,0,0
2631680,1285,0,79,79,0,0,0,-0.00066,0.00176,0.1008,2895,0,0,0,0,0,0,0,0,0,0,0,0,0,0,0,0,0,0,0,0,0
2633728,1286,0,82,80,2,0,0,0.00151,0.00388,0.1233,2839,0,0,0,0,0,0,0,0,0,0,0,0,0,0,0,0,0,0,0,0,0
2635776,1287,0,92,89,1,1,1,0.00212,0.00569,0.0881,2984,0,0,0,0,0,0,0,0,0,0,0,0,0,0,0,0,0,0,0,0,0
2637824,1288,0,83,82,0,0,1,-0.00097,0.00347,0.0849,3051,0,0,0,0,0,0,0,0,0,0,0,0,0,0,0,0,0,0,0,0,0
2639872,1289,0,91,90,1,0,0,-0.00034,0.00328,0.1072,2864,0,0,0,0,0,0,0,0,0,0,0,0,0,0,0,0,0,0,0,0,0
2641920,1290,0,86,85,1,0,0,0.00038,0.00239,0.0993,2833,0,0,0,0,0,0,0,0,0,0,0,0,0,0,0,0,0,0,0,0,0
2643968,1291,0,79,78,1,0,0,-0.0016,0.00284,0.0939,3110,0,0,0,0,0,0,0,0,0,0,0,0,0,0,0,0,0,0,0,0,0
2646016,1292,0,98,97,1,0,0,-0.00049,0.00234,0.077,2981,0,0,0,0,0,0,0,0,0,0,0,0,0,0,0,0,0,0,0,0,0
2648064,1293,0,95,94,1,0,0,-0.00282,0.00185,0.0675,2890,0,0,0,0,0,0,0,0,0,0,0,0,0,0,0,0,0,0,0,0,0
2650112,1294,0,92,92,0,0,0,-0.00053,0.00126,0.0761,3297,0,0,0,0,0,0,0,0,0,0,0,0,0,0,0,0,0,0,0,0,0
2652160,1295,0,85,85,0,0,0,-0.00306,0.00163,0.099,2702,0,0,0,0,0,0,0,0,0,0,0,0,0,0,0,0,0,0,0,0,0
2654208,1296,0,85,85,0,0,0,-0.00148,0.00157,0.0958,2997,0,0,0,0,0,0,0,0,0,0,0,0,0,0,0,0,0,0,0,0,0
2656256,1297,0,72,71,0,1,0,-0.00723,0.0036,0.1401,2868,0,0,0,0,0,0,0,0,0,0,0,0,0,0,0,0,0,0,0,0,0
2658304,1298,0,75,75,0,0,0,3e-05,0.00237,0.1152,2926,0,0,0,0,0,0,0,0,0,0,0,0,0,0,0,0,0,0,0,0,0
2660352,1299,0,93,92,0,0,1,-0.00587,0.00254,0.0917,3121,0,0,0,0,0,0,0,0,0,0,0,0,0,0,0,0,0,0,0,0,0
2662400,1300,0,87,86,1,0,0,-0.00268,0.00238,0.0992,2779,0,0,0,0,0,0,0,0,0,0,0,0,0,0,0,0,0,0,0,0,0
2664448,1301,0,92,92,0,0,0,-0.00185,0.00182,0.1043,2882,0,0,0,0,0,0,0,0,0,0,0,0,0,0,0,0,0,0,0,0,0
2666496,1302,0,73,73,0,0,0,-0.00083,0.00203,0.1422,3040,0,0,0,0,0,0,0,0,0,0,0,0,0,0,0,0,0,0,0,0,0
2668544,1303,0,84,84,0,0,0,-0.00463,0.00297,0.1484,2884,0,0,0,0,0,0,0,0,0,0,0,0,0,0,0,0,0,0,0,0,0
2670592,1304,0,85,80,0,5,0,0.00222,0.00708,0.1389,2999,0,0,0,0,0,0,0,0,0,0,0,0,0,0,0,0,0,0,0,0,0
2672640,1305,0,97,95,1,1,0,0.0018,0.00405,0.1235,3003,0,0,0,0,0,0,0,0,0,0,0,0,0,0,0,0,0,0,0,0,0
2674688,1306,0,82,81,0,1,0,-0.00399,0.0035,0.1416,2580,0,0,0,0,0,0,0,0,0,0,0,0,0,0,0,0,0,0,0,0,0
2676736,1307,0,88,86,1,1,0,-0.00208,0.00397,0.1386,2765,0,0,0,0,0,0,0,0,0,0,0,0,0,0,0,0,0,0,0,0,0
2678784,1308,0,79,72,1,6,0,-0.00641,0.00868,0.1261,3035,0,0,0,0,0,0,0,0,0,0,0,0,0,0,0,0,0,0,0,0,0
2680832,1309,0,83,80,0,1,2,0.00308,0.005,0.0967,2934,0,0,0,0,0,0,0,0,0,0,0,0,0,0,0,0,0,0,0,0,0
2682880,1310,0,86,85,0,1,0,0.00117,0.00295,0.1116,2733,0,0,0,0,0,0,0,0,0,0,0,0,0,0,0,0,0,0,0,0,0
2684928,1311,0,94,94,0,0,0,-0.00104,0.00176,0.1219,2929,0,0,0,0,0,0,0,0,0,0,0,0,0,0,0,0,0,0,0,0,0
2686976,1312,0,87,86,0,1,0,-0.0012,0.00303,0.1112,2848,0,0,0,0,0,0,0,0,0,0,0,0,0,0,0,0,0,0,0,0,0
2689024,1313,0,77,76,0,1,0,-0.00389,0.00346,0.1253,2577,0,0,0,0,0,0,0,0,0,0,0,0,0,0,0,0,0,0,0,0,0
2691072,1314,0,66,64,0,1,1,-0.01175,0.00431,0.1942,2803,0,0,0,0,0,0,0,0,0,0,0,0,0,0,0,0,0,0,0,0,0
2693120,1315,0,84,82,0,0,2,-0.00584,0.00376,0.1281,2788,0,0,0,0,0,0,0,0,0,0,0,0,0,0,0,0,0,0,0,0,0
2695168,1316,0,85,85,0,0,0,-0.00105,0.00239,0.1477,2803,0,0,0,0,0,0,0,0,0,0,0,0,0,0,0,0,0,0,0,0,0
2697216,1317,0,89,88,0,1,0,-0.00528,0.00341,0.1702,2775,0,0,0,0,0,0,0,0,0,0,0,0,0,0,0,0,0,0,0,0,0
2699264,1318,0,88,88,0,0,0,-0.0042,0.00155,0.1192,2948,0,0,0,0,0,0,0,0,0,0,0,0,0,0,0,0,0,0,0,0,0
2701312,1319,0,86,85,0,1,0,-0.00259,0.00315,0.1333,2881,0,0,0,0,0,0,0,0,0,0,0,0,0,0,0,0,0,0,0,0,0
2703360,1320,0,84,84,0,0,0,-0.00066,0.00182,0.1386,2977,0,0,0,0,0,0,0,0,0,0,0,0,0,0,0,0,0,0,0,0,0
2705408,1321,0,83,83,0,0,0,-0.00024,0.00184,0.1373,2955,0,0,0,0,0,0,0,0,0,0,0,0,0,0,0,0,0,0,0,0,0
2707456,1322,0,90,90,0,0,0,-0.00294,0.00162,0.136,2987,0,0,0,0,0,0,0,0,0,0,0,0,0,0,0,0,0,0,0,0,0
2709504,1323,0,81,78,1,2,0,-0.00179,0.00513,0.1415,2853,0,0,0,0,0,0,0,0,0,0,0,0,0,0,0,0,0,0,0,0,0
2711552,1324,0,82,81,0,0,1,-0.00446,0.00398,0.1347,2865,0,0,0,0,0,0,0,0,0,0,0,0,0,0,0,0,0,0,0,0,0
2713600,1325,0,85,85,0,0,0,-0.00137,0.00276,0.1036,2807,0,0,0,0,0,0,0,0,0,0,0,0,0,0,0,0,0,0,0,0,0
2715648,1326,0,83,82,0,0,1,-8e-05,0.00372,0.1472,2710,0,0,0,0,0,0,0,0,0,0,0,0,0,0,0,0,0,0,0,0,0
2717696,1327,0,87,87,0,0,0,-0.00997,0.00217,0.1291,2592,0,0,0,0,0,0,0,0,0,0,0,0,0,0,0,0,0,0,0,0,0
2719744,1328,0,92,91,0,0,1,-0.00378,0.00239,0.1,2962,0,0,0,0,0,0,0,0,0,0,0,0,0,0,0,0,0,0,0,0,0
2721792,1329,0,89,89,0,0,0,0.00474,0.00143,0.0966,3053,0,0,0,0,0,0,0,0,0,0,0,0,0,0,0,0,0,0,0,0,0
2723840,1330,0,90,90,0,0,0,-0.00015,0.00194,0.078,2717,0,0,0,0,0,0,0,0,0,0,0,0,0,0,0,0,0,0,0,0,0
2725888,1331,0,77,76,0,1,0,-0.00411,0.00262,0.1006,2822,0,0,0,0,0,0,0,0,0,0,0,0,0,0,0,0,0,0,0,0,0
2727936,1332,0,82,82,0,0,0,-0.0048,0.00199,0.1011,2878,0,0,0,0,0,0,0,0,0,0,0,0,0,0,0,0,0,0,0,0,0
2729984,1333,0,91,91,0,0,0,-0.00215,0.00186,0.0994,2978,0,0,0,0,0,0,0,0,0,0,0,0,0,0,0,0,0,0,0,0,0
2732032,1334,0,94,93,0,1,0,-0.00078,0.00249,0.0901,3066,0,0,0,0,0,0,0,0,0,0,0,0,0,0,0,0,0,0,0,0,0
2734080,1335,0,86,86,0,0,0,-0.00424,0.00168,0.1234,2925,0,0,0,0,0,0,0,0,0,0,0,0,0,0,0,0,0,0,0,0,0
2736128,1336,0,85,84,0,0,1,-0.00337,0.0031,0.185,2887,0,0,0,0,0,0,0,0,0,0,0,0,0,0,0,0,0,0,0,0,0
2738176,1337,0,72,70,1,1,0,-0.00328,0.00419,0.1731,2776,0,0,0,0,0,0,0,0,0,0,0,0,0,0,0,0,0,0,0,0,0
2740224,1338,0,84,81,1,1,1,0.00339,0.00642,0.1584,2703,0,0,0,0,0,0,0,0,0,0,0,0,0,0,0,0,0,0,0,0,0
2742272,1339,0,89,89,0,0,0,-0.00185,0.00226,0.1225,2552,0,0,0,0,0,0,0,0,0,0,0,0,0,0,0,0,0,0,0,0,0
2744320,1340,0,75,74,0,1,0,-0.00159,0.00382,0.1298,2899,0,0,0,0,0,0,0,0,0,0,0,0,0,0,0,0,0,0,0,0,0
2746368,1341,0,91,90,0,0,1,-0.00194,0.00235,0.128,2870,0,0,0,0,0,0,0,0,0,0,0,0,0,0,0,0,0,0,0,0,0
2748416,1342,0,79,79,0,0,0,-0.00248,0.00226,0.1541,2840,0,0,0,0,0,0,0,0,0,0,0,0,0,0,0,0,0,0,0,0,0
2750464,1343,0,75,74,0,0,1,-0.00663,0.00401,0.1472,3041,0,0,0,0,0,0,0,0,0,0,0,0,0,0,0,0,0,0,0,0,0
2752512,1344,0,82,81,1,0,0,-0.00337,0.00277,0.1256,3242,0,0,0,0,0,0,0,0,0,0,0,0,0,0,0,0,0,0,0,0,0
2754560,1345,0,81,79,2,0,0,0.00222,0.004,0.1529,3129,0,0,0,0,0,0,0,0,0,0,0,0,0,0,0,0,0,0,0,0,0
2756608,1346,0,88,87,1,0,0,0.00382,0.00415,0.1187,3020,0,0,0,0,0,0,0,0,0,0,0,0,0,0,0,0,0,0,0,0,0
2758656,1347,0,87,87,0,0,0,-0.00096,0.00201,0.1133,2894,0,0,0,0,0,0,0,0,0,0,0,0,0,0,0,0,0,0,0,0,0
2760704,1348,0,84,83,0,0,1,-0.00272,0.00354,0.0876,2995,0,0,0,0,0,0,0,0,0,0,0,0,0,0,0,0,0,0,0,0,0
2762752,1349,0,81,80,1,0,0,-0.00312,0.00291,0.1095,3189,0,0,0,0,0,0,0,0,0,0,0,0,0,0,0,0,0,0,0,0,0
2764800,1350,0,82,81,1,0,0,-0.00056,0.00266,0.1135,2571,0,0,0,0,0,0,0,0,0,0,0,0,0,0,0,0,0,0,0,0,0
2766848,1351,0,73,72,1,0,0,-0.00395,0.00309,0.1456,3155,0,0,0,0,0,0,0,0,0,0,0,0,0,0,0,0,0,0,0,0,0
2768896,1352,0,85,84,0,1,0,-0.00231,0.00373,0.1701,2839,0,0,0,0,0,0,0,0,0,0,0,0,0,0,0,0,0,0,0,0,0
2770944,1353,0,77,73,2,1,1,-0.00208,0.00443,0.2007,2940,0,0,0,0,0,0,0,0,0,0,0,0,0,0,0,0,0,0,0,0,0
2772992,1354,0,80,76,0,3,1,-0.00141,0.00644,0.1662,3005,0,0,0,0,0,0,0,0,0,0,0,0,0,0,0,0,0,0,0,0,0
2775040,1355,0,86,84,1,1,0,-0.00061,0.00442,0.1737,2790,0,0,0,0,0,0,0,0,0,0,0,0,0,0,0,0,0,0,0,0,0
2777088,1356,0,93,92,0,1,0,-0.00339,0.00319,0.1616,2748,0,0,0,0,0,0,0,0,0,0,0,0,0,0,0,0,0,0,0,0,0
2779136,1357,0,86,83,0,3,0,0.00258,0.00536,0.1718,2521,0,0,0,0,0,0,0,0,0,0,0,0,0,0,0,0,0,0,0,0,0
2781184,1358,0,75,74,0,1,0,-0.00288,0.00302,0.1348,2729,0,0,0,0,0,0,0,0,0,0,0,0,0,0,0,0,0,0,0,0,0
2783232,1359,0,82,78,0,3,1,0.00451,0.00548,0.1453,2646,0,0,0,0,0,0,0,0,0,0,0,0,0,0,0,0,0,0,0,0,0
2785280,1360,0,85,81,2,2,0,6e-05,0.00529,0.1459,2764,0,0,0,0,0,0,0,0,0,0,0,0,0,0,0,0,0,0,0,0,0
2787328,1361,0,76,76,0,0,0,0.00261,0.00316,0.1772,2929,0,0,0,0,0,0,0,0,0,0,0,0,0,0,0,0,0,0,0,0,0
2789376,1362,0,87,86,0,1,0,-0.00027,0.00331,0.1214,2871,0,0,0,0,0,0,0,0,0,0,0,0,0,0,0,0,0,0,0,0,0
2791424,1363,0,87,87,0,0,0,-0.0031,0.00196,0.107,2558,0,0,0,0,0,0,0,0,0,0,0,0,0,0,0,0,0,0,0,0,0
2793472,1364,0,88,88,0,0,0,-0.00311,0.00178,0.0958,2996,0,0,0,0,0,0,0,0,0,0,0,0,0,0,0,0,0,0,0,0,0
2795520,1365,0,84,83,1,0,0,-0.00294,0.00284,0.096,2513,0,0,0,0,0,0,0,0,0,0,0,0,0,0,0,0,0,0,0,0,0
2797568,1366,0,90,90,0,0,0,-0.00261,0.00226,0.0897,2725,0,0,0,0,0,0,0,0,0,0,0,0,0,0,0,0,0,0,0,0,0
2799616,1367,0,73,71,2,0,0,-0.00122,0.00464,0.1095,3008,0,0,0,0,0,0,0,0,0,0,0,0,0,0,0,0,0,0,0,0,0
2801664,1368,0,81,78,1,0,2,-0.0001,0.00517,0.0953,2533,0,0,0,0,0,0,0,0,0,0,0,0,0,0,0,0,0,0,0,0,0
2803712,1369,0,92,91,0,0,1,0.00671,0.00305,0.1075,2996,0,0,0,0,0,0,0,0,0,0,0,0,0,0,0,0,0,0,0,0,0
2805760,1370,0,91,88,2,1,0,-0.00057,0.00585,0.1303,2990,0,0,0,0,0,0,0,0,0,0,0,0,0,0,0,0,0,0,0,0,0
2807808,1371,0,73,73,0,0,0,-0.00139,0.00261,0.1574,2752,0,0,0,0,0,0,0,0,0,0,0,0,0,0,0,0,0,0,0,0,0
2809856,1372,0,76,74,0,1,1,0.00335,0.00511,0.1968,2913,0,0,0,0,0,0,0,0,0,0,0,0,0,0,0,0,0,0,0,0,0
2811904,1373,0,81,80,1,0,0,-0.00167,0.00354,0.1205,2759,0,0,0,0,0,0,0,0,0,0,0,0,0,0,0,0,0,0,0,0,0
2813952,1374,0,78,77,0,1,0,-0.00107,0.00324,0.1258,2747,0,0,0,0,0,0,0,0,0,0,0,0,0,0,0,0,0,0,0,0,0
2816000,1375,0,92,90,0,1,1,-0.00324,0.00412,0.1165,3094,0,0,0,0,0,0,0,0,0,0,0,0,0,0,0,0,0,0,0,0,0
2818048,1376,0,90,89,0,1,0,0.00139,0.00338,0.0756,3191,0,0,0,0,0,0,0,0,0,0,0,0,0,0,0,0,0,0,0,0,0
2820096,1377,0,91,90,0,1,0,-0.00442,0.00317,0.0883,2808,0,0,0,0,0,0,0,0,0,0,0,0,0,0,0,0,0,0,0,0,0
2822144,1378,0,95,94,0,1,0,0.00379,0.00321,0.0798,2785,0,0,0,0,0,0,0,0,0,0,0,0,0,0,0,0,0,0,0,0,0
2824192,1379,0,85,85,0,0,0,-0.00208,0.00237,0.0771,3021,0,0,0,0,0,0,0,0,0,0,0,0,0,0,0,0,0,0,0,0,0
2826240,1380,0,89,89,0,0,0,-0.00192,0.00233,0.0937,3140,0,0,0,0,0,0,0,0,0,0,0,0,0,0,0,0,0,0,0,0,0
2828288,1381,0,87,85,1,0,1,0.00599,0.00456,0.1767,3163,0,0,0,0,0,0,0,0,0,0,0,0,0,0,0,0,0,0,0,0,0
2830336,1382,0,84,84,0,0,0,-0.00434,0.00205,0.126,3050,0,0,0,0,0,0,0,0,0,0,0,0,0,0,0,0,0,0,0,0,0
2832384,1383,0,86,85,0,1,0,-0.00304,0.00284,0.1208,2981,0,0,0,0,0,0,0,0,0,0,0,0,0,0,0,0,0,0,0,0,0
2834432,1384,0,89,88,0,0,1,-0.00394,0.00291,0.1293,2802,0,0,0,0,0,0,0,0,0,0,0,0,0,0,0,0,0,0,0,0,0
2836480,1385,0,97,97,0,0,0,-0.00173,0.00195,0.0851,2778,0,0,0,0,0,0,0,0,0,0,0,0,0,0,0,0,0,0,0,0,0
2838528,1386,0,80,80,0,0,0,-0.0029,0.002,0.0919,2768,0,0,0,0,0,0,0,0,0,0,0,0,0,0,0,0,0,0,0,0,0
2840576,1387,0,86,86,0,0,0,-0.00515,0.00248,0.0887,2984,0,0,0,0,0,0,0,0,0,0,0,0,0,0,0,0,0,0,0,0,0
2842624,1388,0,82,82,0,0,0,-0.00118,0.00248,0.0778,2934,0,0,0,0,0,0,0,0,0,0,0,0,0,0,0,0,0,0,0,0,0
2844672,1389,0,93,90,1,2,0,-0.00133,0.0052,0.0852,2837,0,0,0,0,0,0,0,0,0,0,0,0,0,0,0,0,0,0,0,0,0
2846720,1390,0,86,86,0,0,0,0.00025,0.00139,0.0986,2707,0,0,0,0,0,0,0,0,0,0,0,0,0,0,0,0,0,0,0,0,0
2848768,1391,0,94,93,1,0,0,-0.00679,0.00202,0.0891,2652,0,0,0,0,0,0,0,0,0,0,0,0,0,0,0,0,0,0,0,0,0
2850816,1392,0,82,80,1,1,0,0.00119,0.00328,0.0795,2620,0,0,0,0,0,0,0,0,0,0,0,0,0,0,0,0,0,0,0,0,0
2852864,1393,0,75,75,0,0,0,-0.00382,0.00237,0.0747,2811,0,0,0,0,0,0,0,0,0,0,0,0,0,0,0,0,0,0,0,0,0
2854912,1394,0,87,85,1,0,1,-0.00146,0.00457,0.0599,2734,0,0,0,0,0,0,0,0,0,0,0,0,0,0,0,0,0,0,0,0,0
2856960,1395,0,88,88,0,0,0,-0.00479,0.00215,0.0602,2737,0,0,0,0,0,0,0,0,0,0,0,0,0,0,0,0,0,0,0,0,0
2859008,1396,0,88,87,0,0,1,-0.00251,0.00357,0.0619,2684,0,0,0,0,0,0,0,0,0,0,0,0,0,0,0,0,0,0,0,0,0
2861056,1397,0,93,92,1,0,0,-0.00235,0.00309,0.0768,2894,0,0,0,0,0,0,0,0,0,0,0,0,0,0,0,0,0,0,0,0,0
2863104,1398,0,77,77,0,0,0,0.0001,0.00213,0.0999,2701,0,0,0,0,0,0,0,0,0,0,0,0,0,0,0,0,0,0,0,0,0
2865152,1399,0,98,97,0,0,1,-0.00378,0.00332,0.0664,2659,0,0,0,0,0,0,0,0,0,0,0,0,0,0,0,0,0,0,0,0,0
2867200,1400,0,86,84,2,0,0,-0.00108,0.00401,0.0752,3006,0,0,0,0,0,0,0,0,0,0,0,0,0,0,0,0,0,0,0,0,0
2869248,1401,0,88,88,0,0,0,-0.00125,0.00182,0.0686,2958,0,0,0,0,0,0,0,0,0,0,0,0,0,0,0,0,0,0,0,0,0
2871296,1402,0,86,86,0,0,0,-0.00197,0.00171,0.0865,2971,0,0,0,0,0,0,0,0,0,0,0,0,0,0,0,0,0,0,0,0,0
2873344,1403,0,85,85,0,0,0,-4e-05,0.00213,0.0918,2817,0,0,0,0,0,0,0,0,0,0,0,0,0,0,0,0,0,0,0,0,0
2875392,1404,0,82,82,0,0,0,-0.00179,0.00236,0.0909,2632,0,0,0,0,0,0,0,0,0,0,0,0,0,0,0,0,0,0,0,0,0
2877440,1405,0,92,90,0,2,0,-0.00304,0.00346,0.08,2705,0,0,0,0,0,0,0,0,0,0,0,0,0,0,0,0,0,0,0,0,0
2879488,1406,0,90,89,0,1,0,-0.00317,0.00316,0.0759,2954,0,0,0,0,0,0,0,0,0,0,0,0,0,0,0,0,0,0,0,0,0
2881536,1407,0,89,89,0,0,0,-0.00144,0.00189,0.0638,2993,0,0,0,0,0,0,0,0,0,0,0,0,0,0,0,0,0,0,0,0,0
2883584,1408,0,87,85,1,0,1,-0.00061,0.00403,0.0762,2810,0,0,0,0,0,0,0,0,0,0,0,0,0,0,0,0,0,0,0,0,0
2885632,1409,0,89,89,0,0,0,-0.00068,0.00165,0.0857,2810,0,0,0,0,0,0,0,0,0,0,0,0,0,0,0,0,0,0,0,0,0
2887680,1410,0,84,84,0,0,0,-0.00496,0.00218,0.1039,2788,0,0,0,0,0,0,0,0,0,0,0,0,0,0,0,0,0,0,0,0,0
2889728,1411,0,83,83,0,0,0,-1e-05,0.00182,0.0893,2829,0,0,0,0,0,0,0,0,0,0,0,0,0,0,0,0,0,0,0,0,0
2891776,1412,0,80,78,1,1,0,-0.00243,0.00439,0.0991,2733,0,0,0,0,0,0,0,0,0,0,0,0,0,0,0,0,0,0,0,0,0
2893824,1413,0,77,72,3,0,2,-0.00621,0.00658,0.1197,2886,0,0,0,0,0,0,0,0,0,0,0,0,0,0,0,0,0,0,0,0,0
2895872,1414,0,84,82,0,1,1,-0.00053,0.0064,0.1092,2895,0,0,0,0,0,0,0,0,0,0,0,0,0,0,0,0,0,0,0,0,0
2897920,1415,0,89,88,0,0,1,-0.00019,0.00452,0.1008,2654,0,0,0,0,0,0,0,0,0,0,0,0,0,0,0,0,0,0,0,0,0
2899968,1416,0,91,90,1,0,0,-0.00194,0.00312,0.0881,2940,0,0,0,0,0,0,0,0,0,0,0,0,0,0,0,0,0,0,0,0,0
2902016,1417,0,87,86,0,0,1,-0.00243,0.00285,0.083,3036,0,0,0,0,0,0,0,0,0,0,0,0,0,0,0,0,0,0,0,0,0
2904064,1418,0,86,86,0,0,0,-0.00315,0.00189,0.1003,3057,0,0,0,0,0,0,0,0,0,0,0,0,0,0,0,0,0,0,0,0,0
2906112,1419,0,94,94,0,0,0,-0.00106,0.00166,0.1149,3005,0,0,0,0,0,0,0,0,0,0,0,0,0,0,0,0,0,0,0,0,0
2908160,1420,0,82,81,0,1,0,-0.0023,0.0033,0.1001,2710,0,0,0,0,0,0,0,0,0,0,0,0,0,0,0,0,0,0,0,0,0
2910208,1421,0,91,91,0,0,0,-0.00269,0.00191,0.1083,2843,0,0,0,0,0,0,0,0,0,0,0,0,0,0,0,0,0,0,0,0,0
2912256,1422,0,83,83,0,0,0,-0.00299,0.00207,0.1301,2704,0,0,0,0,0,0,0,0,0,0,0,0,0,0,0,0,0,0,0,0,0
2914304,1423,0,84,83,0,0,1,0.00925,0.00301,0.1239,2741,0,0,0,0,0,0,0,0,0,0,0,0,0,0,0,0,0,0,0,0,0
2916352,1424,0,95,95,0,0,0,-0.0027,0.00186,0.083,3068,0,0,0,0,0,0,0,0,0,0,0,0,0,0,0,0,0,0,0,0,0
2918400,1425,0,84,84,0,0,0,-0.00187,0.00153,0.0993,2651,0,0,0,0,0,0,0,0,0,0,0,0,0,0,0,0,0,0,0,0,0
2920448,1426,0,98,96,0,1,1,-4e-05,0.0032,0.1085,2722,0,0,0,0,0,0,0,0,0,0,0,0,0,0,0,0,0,0,0,0,0
2922496,1427,0,89,89,0,0,0,-0.00216,0.00209,0.1082,2980,0,0,0,0,0,0,0,0,0,0,0,0,0,0,0,0,0,0,0,0,0
2924544,1428,0,71,70,1,0,0,-0.00424,0.00325,0.1868,2851,0,0,0,0,0,0,0,0,0,0,0,0,0,0,0,0,0,0,0,0,0
2926592,1429,0,86,85,0,0,1,0.00572,0.00432,0.1303,2558,0,0,0,0,0,0,0,0,0,0,0,0,0,0,0,0,0,0,0,0,0
2928640,1430,0,88,88,0,0,0,-0.00073,0.0018,0.1071,2755,0,0,0,0,0,0,0,0,0,0,0,0,0,0,0,0,0,0,0,0,0
2930688,1431,0,90,89,0,1,0,-0.00072,0.00269,0.0951,3155,0,0,0,0,0,0,0,0,0,0,0,0,0,0,0,0,0,0,0,0,0
2932736,1432,0,79,78,0,0,1,-0.00032,0.00328,0.1299,2898,0,0,0,0,0,0,0,0,0,0,0,0,0,0,0,0,0,0,0,0,0
2934784,1433,0,87,85,1,1,0,-0.00336,0.00313,0.1382,2851,0,0,0,0,0,0,0,0,0,0,0,0,0,0,0,0,0,0,0,0,0
2936832,1434,0,77,77,0,0,0,-0.00132,0.00193,0.1784,2871,0,0,0,0,0,0,0,0,0,0,0,0,0,0,0,0,0,0,0,0,0
2938880,1435,0,79,78,1,0,0,-0.00042,0.00366,0.1752,2768,0,0,0,0,0,0,0,0,0,0,0,0,0,0,0,0,0,0,0,0,0
2940928,1436,0,81,80,0,0,1,0.00246,0.00284,0.1633,3107,0,0,0,0,0,0,0,0,0,0,0,0,0,0,0,0,0,0,0,0,0
2942976,1437,0,83,82,0,1,0,0.00197,0.00357,0.1358,3167,0,0,0,0,0,0,0,0,0,0,0,0,0,0,0,0,0,0,0,0,0
2945024,1438,0,87,87,0,0,0,-0.00179,0.0024,0.1572,3017,0,0,0,0,0,0,0,0,0,0,0,0,0,0,0,0,0,0,0,0,0
2947072,1439,0,72,72,0,0,0,0.00205,0.00248,0.1482,3121,0,0,0,0,0,0,0,0,0,0,0,0,0,0,0,0,0,0,0,0,0
2949120,1440,0,84,83,0,0,1,-0.00114,0.00377,0.1522,3074,0,0,0,0,0,0,0,0,0,0,0,0,0,0,0,0,0,0,0,0,0
2951168,1441,0,85,83,1,1,0,0.001,0.00473,0.1551,2665,0,0,0,0,0,0,0,0,0,0,0,0,0,0,0,0,0,0,0,0,0
2953216,1442,0,84,83,0,1,0,-0.0021,0.00361,0.1415,2816,0,0,0,0,0,0,0,0,0,0,0,0,0,0,0,0,0,0,0,0,0
2955264,1443,0,90,90,0,0,0,-0.00246,0.00194,0.1363,2600,0,0,0,0,0,0,0,0,0,0,0,0,0,0,0,0,0,0,0,0,0
2957312,1444,0,79,79,0,0,0,-0.00174,0.00237,0.1363,2840,0,0,0,0,0,0,0,0,0,0,0,0,0,0,0,0,0,0,0,0,0
2959360,1445,0,88,86,1,1,0,8e-05,0.00499,0.0885,3021,0,0,0,0,0,0,0,0,0,0,0,0,0,0,0,0,0,0,0,0,0
2961408,1446,0,96,96,0,0,0,-0.00125,0.00172,0.0976,2714,0,0,0,0,0,0,0,0,0,0,0,0,0,0,0,0,0,0,0,0,0
2963456,1447,0,72,72,0,0,0,-0.00649,0.00258,0.1189,2568,0,0,0,0,0,0,0,0,0,0,0,0,0,0,0,0,0,0,0,0,0
2965504,1448,0,74,74,0,0,0,-0.00478,0.00294,0.1442,2871,0,0,0,0,0,0,0,0,0,0,0,0,0,0,0,0,0,0,0,0,0
2967552,1449,0,64,63,0,0,1,-0.0031,0.00386,0.1386,2829,0,0,0,0,0,0,0,0,0,0,0,0,0,0,0,0,0,0,0,0,0
2969600,1450,0,81,81,0,0,0,-0.00235,0.00285,0.1227,2762,0,0,0,0,0,0,0,0,0,0,0,0,0,0,0,0,0,0,0,0,0
2971648,1451,0,87,86,1,0,0,-0.00241,0.00317,0.0977,2774,0,0,0,0,0,0,0,0,0,0,0,0,0,0,0,0,0,0,0,0,0
2973696,1452,0,93,92,1,0,0,-0.0016,0.00211,0.0942,2651,0,0,0,0,0,0,0,0,0,0,0,0,0,0,0,0,0,0,0,0,0
2975744,1453,0,92,92,0,0,0,-0.00501,0.00168,0.1076,2935,0,0,0,0,0,0,0,0,0,0,0,0,0,0,0,0,0,0,0,0,0
2977792,1454,0,81,81,0,0,0,-0.00432,0.00157,0.1175,2830,0,0,0,0,0,0,0,0,0,0,0,0,0,0,0,0,0,0,0,0,0
2979840,1455,0,93,91,0,1,1,0.00013,0.00325,0.1171,2925,0,0,0,0,0,0,0,0,0,0,0,0,0,0,0,0,0,0,0,0,0
2981888,1456,0,93,93,0,0,0,-0.00114,0.00148,0.0956,2742,0,0,0,0,0,0,0,0,0,0,0,0,0,0,0,0,0,0,0,0,0
2983936,1457,0,93,93,0,0,0,-0.00512,0.00143,0.1411,2826,0,0,0,0,0,0,0,0,0,0,0,0,0,0,0,0,0,0,0,0,0
2985984,1458,0,80,80,0,0,0,-0.0038,0.00169,0.1213,2923,0,0,0,0,0,0,0,0,0,0,0,0,0,0,0,0,0,0,0,0,0
2988032,1459,0,92,92,0,0,0,-0.00121,0.0013,0.1014,2864,0,0,0,0,0,0,0,0,0,0,0,0,0,0,0,0,0,0,0,0,0
2990080,1460,0,88,86,1,1,0,-0.0027,0.00274,0.0996,2896,0,0,0,0,0,0,0,0,0,0,0,0,0,0,0,0,0,0,0,0,0
2992128,1461,0,88,87,0,1,0,-0.00472,0.00275,0.1262,2711,0,0,0,0,0,0,0,0,0,0,0,0,0,0,0,0,0,0,0,0,0
2994176,1462,0,84,83,1,0,0,-0.0038,0.00252,0.0893,2725,0,0,0,0,0,0,0,0,0,0,0,0,0,0,0,0,0,0,0,0,0
2996224,1463,0,91,90,0,1,0,0.00177,0.00333,0.1031,3010,0,0,0,0,0,0,0,0,0,0,0,0,0,0,0,0,0,0,0,0,0
2998272,1464,0,89,89,0,0,0,-0.0017,0.00169,0.1047,3029,0,0,0,0,0,0,0,0,0,0,0,0,0,0,0,0,0,0,0,0,0
3000320,1465,0,83,82,0,1,0,-0.00081,0.00286,0.115,2881,0,0,0,0,0,0,0,0,0,0,0,0,0,0,0,0,0,0,0,0,0
3002368,1466,0,101,101,0,0,0,-0.0028,0.00146,0.0952,2887,0,0,0,0,0,0,0,0,0,0,0,0,0,0,0,0,0,0,0,0,0
3004416,1467,0,102,102,0,0,0,-0.00121,0.00102,0.0871,2778,0,0,0,0,0,0,0,0,0,0,0,0,0,0,0,0,0,0,0,0,0
3006464,1468,0,95,95,0,0,0,-0.00109,0.00131,0.0689,2957,0,0,0,0,0,0,0,0,0,0,0,0,0,0,0,0,0,0,0,0,0
3008512,1469,0,89,89,0,0,0,-0.00157,0.00149,0.085,2796,0,0,0,0,0,0,0,0,0,0,0,0,0,0,0,0,0,0,0,0,0
3010560,1470,0,87,87,0,0,0,-0.00153,0.00155,0.1003,2751,0,0,0,0,0,0,0,0,0,0,0,0,0,0,0,0,0,0,0,0,0
3012608,1471,0,87,85,1,1,0,-0.00508,0.00392,0.1116,2796,0,0,0,0,0,0,0,0,0,0,0,0,0,0,0,0,0,0,0,0,0
3014656,1472,0,80,79,0,1,0,-0.00076,0.00317,0.128,2855,0,0,0,0,0,0,0,0,0,0,0,0,0,0,0,0,0,0,0,0,0
3016704,1473,0,84,81,0,1,2,-0.00167,0.0051,0.1198,3036,0,0,0,0,0,0,0,0,0,0,0,0,0,0,0,0,0,0,0,0,0
3018752,1474,0,82,79,1,2,0,-0.00326,0.00586,0.1219,2777,0,0,0,0,0,0,0,0,0,0,0,0,0,0,0,0,0,0,0,0,0
3020800,1475,0,87,87,0,0,0,-0.0054,0.00181,0.1061,3006,0,0,0,0,0,0,0,0,0,0,0,0,0,0,0,0,0,0,0,0,0
3022848,1476,0,90,86,1,3,0,-0.00337,0.00604,0.0938,3026,0,0,0,0,0,0,0,0,0,0,0,0,0,0,0,0,0,0,0,0,0
3024896,1477,0,92,91,1,0,0,-0.00124,0.00374,0.0779,2928,0,0,0,0,0,0,0,0,0,0,0,0,0,0,0,0,0,0,0,0,0
3026944,1478,0,76,75,0,1,0,-0.00265,0.00396,0.1061,2883,0,0,0,0,0,0,0,0,0,0,0,0,0,0,0,0,0,0,0,0,0
3028992,1479,0,94,94,0,0,0,-0.00223,0.00217,0.0886,3042,0,0,0,0,0,0,0,0,0,0,0,0,0,0,0,0,0,0,0,0,0
3031040,1480,0,78,77,0,1,0,-0.00382,0.00272,0.0878,2884,0,0,0,0,0,0,0,0,0,0,0,0,0,0,0,0,0,0,0,0,0
3033088,1481,0,89,87,1,0,1,0.00072,0.00324,0.1015,3055,0,0,0,0,0,0,0,0,0,0,0,0,0,0,0,0,0,0,0,0,0
3035136,1482,0,94,93,0,1,0,-0.00137,0.0025,0.0946,2975,0,0,0,0,0,0,0,0,0,0,0,0,0,0,0,0,0,0,0,0,0
3037184,1483,0,82,81,0,1,0,-0.00353,0.00291,0.1085,2866,0,0,0,0,0,0,0,0,0,0,0,0,0,0,0,0,0,0,0,0,0
3039232,1484,0,88,87,0,1,0,-0.00345,0.00288,0.1067,2753,0,0,0,0,0,0,0,0,0,0,0,0,0,0,0,0,0,0,0,0,0
3041280,1485,0,80,78,0,2,0,0.00066,0.00441,0.1023,2257,0,0,0,0,0,0,0,0,0,0,0,0,0,0,0,0,0,0,0,0,0
3043328,1486,0,83,83,0,0,0,-0.00236,0.00201,0.1094,2598,0,0,0,0,0,0,0,0,0,0,0,0,0,0,0,0,0,0,0,0,0
3045376,1487,0,94,94,0,0,0,-0.00166,0.00173,0.0759,2445,0,0,0,0,0,0,0,0,0,0,0,0,0,0,0,0,0,0,0,0,0
3047424,1488,0,94,92,1,1,0,-0.00097,0.00375,0.0793,2706,0,0,0,0,0,0,0,0,0,0,0,0,0,0,0,0,0,0,0,0,0
3049472,1489,0,82,82,0,0,0,-0.00312,0.00265,0.0977,2510,0,0,0,0,0,0,0,0,0,0,0,0,0,0,0,0,0,0,0,0,0
3051520,1490,0,85,83,0,2,0,-0.00367,0.00404,0.0874,2859,0,0,0,0,0,0,0,0,0,0,0,0,0,0,0,0,0,0,0,0,0
3053568,1491,0,88,86,0,2,0,-0.0051,0.00493,0.1081,2789,0,0,0,0,0,0,0,0,0,0,0,0,0,0,0,0,0,0,0,0,0
3055616,1492,0,86,82,2,2,0,-0.00278,0.00546,0.0968,2698,0,0,0,0,0,0,0,0,0,0,0,0,0,0,0,0,0,0,0,0,0
3057664,1493,0,84,83,0,1,0,-0.00143,0.0036,0.099,2639,0,0,0,0,0,0,0,0,0,0,0,0,0,0,0,0,0,0,0,0,0
3059712,1494,0,87,87,0,0,0,-0.00317,0.00186,0.0696,2795,0,0,0,0,0,0,0,0,0,0,0,0,0,0,0,0,0,0,0,0,0
3061760,1495,0,82,82,0,0,0,0.00025,0.00198,0.0863,2812,0,0,0,0,0,0,0,0,0,0,0,0,0,0,0,0,0,0,0,0,0
3063808,1496,0,100,98,0,2,0,-0.00074,0.00361,0.0858,2028,0,0,0,0,0,0,0,0,0,0,0,0,0,0,0,0,0,0,0,0,0
3065856,1497,0,87,87,0,0,0,-0.0017,0.00195,0.0831,2644,0,0,0,0,0,0,0,0,0,0,0,0,0,0,0,0,0,0,0,0,0
3067904,1498,0,80,80,0,0,0,-0.00152,0.0018,0.0942,2627,0,0,0,0,0,0,0,0,0,0,0,0,0,0,0,0,0,0,0,0,0
3069952,1499,0,76,76,0,0,0,-0.00505,0.00271,0.1154,2891,0,0,0,0,0,0,0,0,0,0,0,0,0,0,0,0,0,0,0,0,0
3072000,1500,0,81,81,0,0,0,-0.00131,0.00408,0.0953,2717,0,0,0,0,0,0,0,0,0,0,0,0,0,0,0,0,0,0,0,0,0
3074048,1501,0,95,92,1,2,0,-0.00204,0.00424,0.0934,2516,0,0,0,0,0,0,0,0,0,0,0,0,0,0,0,0,0,0,0,0,0
3076096,1502,0,79,77,2,0,0,-0.00544,0.00589,0.1174,2803,0,0,0,0,0,0,0,0,0,0,0,0,0,0,0,0,0,0,0,0,0
3078144,1503,0,73,70,1,1,1,0.0053,0.00619,0.1355,2770,0,0,0,0,0,0,0,0,0,0,0,0,0,0,0,0,0,0,0,0,0
3080192,1504,0,98,97,1,0,0,-0.00295,0.00257,0.0805,2671,0,0,0,0,0,0,0,0,0,0,0,0,0,0,0,0,0,0,0,0,0
3082240,1505,0,86,85,1,0,0,0.00246,0.0028,0.0838,2651,0,0,0,0,0,0,0,0,0,0,0,0,0,0,0,0,0,0,0,0,0
3084288,1506,0,86,84,0,1,1,0.00874,0.0041,0.103,2691,0,0,0,0,0,0,0,0,0,0,0,0,0,0,0,0,0,0,0,0,0
3086336,1507,0,89,88,1,0,0,0.00375,0.0025,0.0889,2783,0,0,0,0,0,0,0,0,0,0,0,0,0,0,0,0,0,0,0,0,0
3088384,1508,0,91,91,0,0,0,-0.00359,0.00164,0.1006,2711,0,0,0,0,0,0,0,0,0,0,0,0,0,0,0,0,0,0,0,0,0
3090432,1509,0,89,88,1,0,0,-0.00664,0.00201,0.1004,2906,0,0,0,0,0,0,0,0,0,0,0,0,0,0,0,0,0,0,0,0,0
3092480,1510,0,82,82,0,0,0,-0.00771,0.00256,0.1151,3033,0,0,0,0,0,0,0,0,0,0,0,0,0,0,0,0,0,0,0,0,0
3094528,1511,0,82,81,1,0,0,-0.00067,0.00467,0.0888,2851,0,0,0,0,0,0,0,0,0,0,0,0,0,0,0,0,0,0,0,0,0
3096576,1512,0,93,92,0,1,0,-0.00203,0.00471,0.0742,2982,0,0,0,0,0,0,0,0,0,0,0,0,0,0,0,0,0,0,0,0,0
3098624,1513,0,92,92,0,0,0,-0.00205,0.00143,0.07,2888,0,0,0,0,0,0,0,0,0,0,0,0,0,0,0,0,0,0,0,0,0
3100672,1514,0,85,85,0,0,0,-0.00362,0.00159,0.079,2879,0,0,0,0,0,0,0,0,0,0,0,0,0,0,0,0,0,0,0,0,0
3102720,1515,0,92,91,0,1,0,-0.00248,0.00306,0.0625,2816,0,0,0,0,0,0,0,0,0,0,0,0,0,0,0,0,0,0,0,0,0
3104768,1516,0,87,87,0,0,0,-0.00519,0.00169,0.0666,2835,0,0,0,0,0,0,0,0,0,0,0,0,0,0,0,0,0,0,0,0,0
3106816,1517,0,81,81,0,0,0,-0.00159,0.002,0.054,3024,0,0,0,0,0,0,0,0,0,0,0,0,0,0,0,0,0,0,0,0,0
3108864,1518,0,92,91,0,0,1,-0.00365,0.00288,0.0776,2953,0,0,0,0,0,0,0,0,0,0,0,0,0,0,0,0,0,0,0,0,0
3110912,1519,0,91,91,0,0,0,0.00183,0.00162,0.0767,2778,0,0,0,0,0,0,0,0,0,0,0,0,0,0,0,0,0,0,0,0,0
3112960,1520,0,82,82,0,0,0,-0.0029,0.0019,0.0771,3148,0,0,0,0,0,0,0,0,0,0,0,0,0,0,0,0,0,0,0,0,0
3115008,1521,0,83,83,0,0,0,0.00291,0.00305,0.0594,2906,0,0,0,0,0,0,0,0,0,0,0,0,0,0,0,0,0,0,0,0,0
3117056,1522,0,80,79,0,0,1,-0.00043,0.004,0.0629,3065,0,0,0,0,0,0,0,0,0,0,0,0,0,0,0,0,0,0,0,0,0
3119104,1523,0,82,81,0,0,1,-0.00653,0.00299,0.0621,2536,0,0,0,0,0,0,0,0,0,0,0,0,0,0,0,0,0,0,0,0,0
3121152,1524,0,93,93,0,0,0,-0.00064,0.00207,0.0573,2623,0,0,0,0,0,0,0,0,0,0,0,0,0,0,0,0,0,0,0,0,0
3123200,1525,0,90,90,0,0,0,-0.00022,0.00187,0.0616,2651,0,0,0,0,0,0,0,0,0,0,0,0,0,0,0,0,0,0,0,0,0
3125248,1526,0,89,89,0,0,0,-0.00094,0.00157,0.0448,2816,0,0,0,0,0,0,0,0,0,0,0,0,0,0,0,0,0,0,0,0,0
3127296,1527,0,86,86,0,0,0,0.0198,0.00237,0.0592,2853,0,0,0,0,0,0,0,0,0,0,0,0,0,0,0,0,0,0,0,0,0
3129344,1528,0,95,94,1,0,0,1e-05,0.00231,0.0544,2864,0,0,0,0,0,0,0,0,0,0,0,0,0,0,0,0,0,0,0,0,0
3131392,1529,0,90,89,0,1,0,-0.00212,0.00305,0.076,2913,0,0,0,0,0,0,0,0,0,0,0,0,0,0,0,0,0,0,0,0,0
3133440,1530,0,80,80,0,0,0,-0.00209,0.00242,0.0868,2974,0,0,0,0,0,0,0,0,0,0,0,0,0,0,0,0,0,0,0,0,0
3135488,1531,0,85,84,1,0,0,-0.00057,0.00366,0.1008,2908,0,0,0,0,0,0,0,0,0,0,0,0,0,0,0,0,0,0,0,0,0
3137536,1532,0,92,91,1,0,0,-0.00478,0.00335,0.0825,2590,0,0,0,0,0,0,0,0,0,0,0,0,0,0,0,0,0,0,0,0,0
3139584,1533,0,80,80,0,0,0,-0.00855,0.00303,0.1102,2813,0,0,0,0,0,0,0,0,0,0,0,0,0,0,0,0,0,0,0,0,0
3141632,1534,0,86,86,0,0,0,-0.00345,0.00235,0.0869,2716,0,0,0,0,0,0,0,0,0,0,0,0,0,0,0,0,0,0,0,0,0
3143680,1535,0,101,101,0,0,0,-0.00255,0.00125,0.0795,2855,0,0,0,0,0,0,0,0,0,0,0,0,0,0,0,0,0,0,0,0,0
3145728,1536,0,92,92,0,0,0,-0.00247,0.00143,0.086,2807,0,0,0,0,0,0,0,0,0,0,0,0,0,0,0,0,0,0,0,0,0
3147776,1537,0,86,85,1,0,0,-0.00155,0.00221,0.1112,2962,0,0,0,0,0,0,0,0,0,0,0,0,0,0,0,0,0,0,0,0,0
3149824,1538,0,90,89,0,0,1,0.0003,0.00267,0.0941,2880,0,0,0,0,0,0,0,0,0,0,0,0,0,0,0,0,0,0,0,0,0
3151872,1539,0,82,82,0,0,0,0.00216,0.00179,0.1017,2842,0,0,0,0,0,0,0,0,0,0,0,0,0,0,0,0,0,0,0,0,0
3153920,1540,0,85,85,0,0,0,-0.00536,0.00194,0.0926,3101,0,0,0,0,0,0,0,0,0,0,0,0,0,0,0,0,0,0,0,0,0
3155968,1541,0,86,86,0,0,0,-0.00313,0.00278,0.0808,3214,0,0,0,0,0,0,0,0,0,0,0,0,0,0,0,0,0,0,0,0,0
3158016,1542,0,80,76,0,3,1,-0.00035,0.00525,0.0856,2968,0,0,0,0,0,0,0,0,0,0,0,0,0,0,0,0,0,0,0,0,0
3160064,1543,0,89,89,0,0,0,-0.00354,0.00154,0.0962,2869,0,0,0,0,0,0,0,0,0,0,0,0,0,0,0,0,0,0,0,0,0
3162112,1544,0,88,88,0,0,0,-0.00152,0.00119,0.0677,2879,0,0,0,0,0,0,0,0,0,0,0,0,0,0,0,0,0,0,0,0,0
3164160,1545,0,89,89,0,0,0,-0.00096,0.00119,0.0874,2736,0,0,0,0,0,0,0,0,0,0,0,0,0,0,0,0,0,0,0,0,0
3166208,1546,0,81,81,0,0,0,-0.00677,0.00158,0.1114,2682,0,0,0,0,0,0,0,0,0,0,0,0,0,0,0,0,0,0,0,0,0
3168256,1547,0,80,80,0,0,0,-0.0013,0.00276,0.1297,2865,0,0,0,0,0,0,0,0,0,0,0,0,0,0,0,0,0,0,0,0,0
3170304,1548,0,91,89,1,0,1,0.0009,0.00405,0.1258,2785,0,0,0,0,0,0,0,0,0,0,0,0,0,0,0,0,0,0,0,0,0
3172352,1549,0,94,90,2,2,0,-0.00493,0.00403,0.1221,2617,0,0,0,0,0,0,0,0,0,0,0,0,0,0,0,0,0,0,0,0,0
3174400,1550,0,90,90,0,0,0,0.00211,0.00184,0.112,2898,0,0,0,0,0,0,0,0,0,0,0,0,0,0,0,0,0,0,0,0,0
3176448,1551,0,81,80,0,1,0,-0.0013,0.00408,0.1214,2850,0,0,0,0,0,0,0,0,0,0,0,0,0,0,0,0,0,0,0,0,0
3178496,1552,0,97,96,0,1,0,-0.00135,0.00279,0.1042,2813,0,0,0,0,0,0,0,0,0,0,0,0,0,0,0,0,0,0,0,0,0
3180544,1553,0,87,87,0,0,0,-0.00325,0.00156,0.0828,2907,0,0,0,0,0,0,0,0,0,0,0,0,0,0,0,0,0,0,0,0,0
3182592,1554,0,92,91,0,1,0,0.00361,0.0029,0.0879,2666,0,0,0,0,0,0,0,0,0,0,0,0,0,0,0,0,0,0,0,0,0
3184640,1555,0,85,85,0,0,0,0.00159,0.00209,0.0839,2942,0,0,0,0,0,0,0,0,0,0,0,0,0,0,0,0,0,0,0,0,0
3186688,1556,0,98,98,0,0,0,-0.00277,0.00144,0.071,2813,0,0,0,0,0,0,0,0,0,0,0,0,0,0,0,0,0,0,0,0,0
3188736,1557,0,89,89,0,0,0,-0.00123,0.00128,0.0833,3071,0,0,0,0,0,0,0,0,0,0,0,0,0,0,0,0,0,0,0,0,0
3190784,1558,0,88,88,0,0,0,-0.00114,0.00162,0.0749,2892,0,0,0,0,0,0,0,0,0,0,0,0,0,0,0,0,0,0,0,0,0
3192832,1559,0,87,86,0,1,0,-0.00186,0.0031,0.0957,2985,0,0,0,0,0,0,0,0,0,0,0,0,0,0,0,0,0,0,0,0,0
3194880,1560,0,78,78,0,0,0,-0.00254,0.00301,0.0861,2758,0,0,0,0,0,0,0,0,0,0,0,0,0,0,0,0,0,0,0,0,0
3196928,1561,0,85,85,0,0,0,-0.00631,0.0037,0.0999,2731,0,0,0,0,0,0,0,0,0,0,0,0,0,0,0,0,0,0,0,0,0
3198976,1562,0,87,85,1,1,0,-0.0024,0.00518,0.1008,2940,0,0,0,0,0,0,0,0,0,0,0,0,0,0,0,0,0,0,0,0,0
3201024,1563,0,82,82,0,0,0,-0.00195,0.00227,0.1148,2802,0,0,0,0,0,0,0,0,0,0,0,0,0,0,0,0,0,0,0,0,0
3203072,1564,0,88,87,0,1,0,-0.00159,0.00301,0.0861,2811,0,0,0,0,0,0,0,0,0,0,0,0,0,0,0,0,0,0,0,0,0
3205120,1565,0,91,89,1,0,1,0.00112,0.00355,0.0779,2662,0,0,0,0,0,0,0,0,0,0,0,0,0,0,0,0,0,0,0,0,0
3207168,1566,0,96,96,0,0,0,-0.00204,0.00188,0.0693,2823,0,0,0,0,0,0,0,0,0,0,0,0,0,0,0,0,0,0,0,0,0
3209216,1567,0,94,93,0,1,0,0.00133,0.00326,0.0579,2936,0,0,0,0,0,0,0,0,0,0,0,0,0,0,0,0,0,0,0,0,0
3211264,1568,0,88,88,0,0,0,-0.00196,0.00209,0.0639,2987,0,0,0,0,0,0,0,0,0,0,0,0,0,0,0,0,0,0,0,0,0
3213312,1569,0,87,86,0,1,0,-0.00349,0.00286,0.0581,3051,0,0,0,0,0,0,0,0,0,0,0,0,0,0,0,0,0,0,0,0,0
3215360,1570,0,90,90,0,0,0,0.00226,0.00232,0.0766,2827,0,0,0,0,0,0,0,0,0,0,0,0,0,0,0,0,0,0,0,0,0
3217408,1571,0,85,85,0,0,0,-0.00209,0.00237,0.0878,2963,0,0,0,0,0,0,0,0,0,0,0,0,0,0,0,0,0,0,0,0,0
3219456,1572,0,92,92,0,0,0,-0.00168,0.00152,0.0852,2740,0,0,0,0,0,0,0,0,0,0,0,0,0,0,0,0,0,0,0,0,0
3221504,1573,0,95,95,0,0,0,-0.00238,0.0015,0.0837,2736,0,0,0,0,0,0,0,0,0,0,0,0,0,0,0,0,0,0,0,0,0
3223552,1574,0,87,87,0,0,0,-0.00419,0.00156,0.0808,2790,0,0,0,0,0,0,0,0,0,0,0,0,0,0,0,0,0,0,0,0,0
3225600,1575,0,79,79,0,0,0,-0.00623,0.0019,0.0935,2793,0,0,0,0,0,0,0,0,0,0,0,0,0,0,0,0,0,0,0,0,0
3227648,1576,0,92,92,0,0,0,-0.00244,0.00243,0.0792,2958,0,0,0,0,0,0,0,0,0,0,0,0,0,0,0,0,0,0,0,0,0
3229696,1577,0,77,77,0,0,0,-0.00229,0.00212,0.0975,2927,0,0,0,0,0,0,0,0,0,0,0,0,0,0,0,0,0,0,0,0,0
3231744,1578,0,92,92,0,0,0,0.0011,0.0017,0.0761,3060,0,0,0,0,0,0,0,0,0,0,0,0,0,0,0,0,0,0,0,0,0
3233792,1579,0,92,92,0,0,0,-0.00032,0.00144,0.072,2914,0,0,0,0,0,0,0,0,0,0,0,0,0,0,0,0,0,0,0,0,0
3235840,1580,0,88,88,0,0,0,-0.00422,0.0017,0.0924,2721,0,0,0,0,0,0,0,0,0,0,0,0,0,0,0,0,0,0,0,0,0
3237888,1581,0,86,85,0,0,1,0.00555,0.00393,0.0871,2852,0,0,0,0,0,0,0,0,0,0,0,0,0,0,0,0,0,0,0,0,0
3239936,1582,0,82,82,0,0,0,-0.00529,0.00194,0.0855,3078,0,0,0,0,0,0,0,0,0,0,0,0,0,0,0,0,0,0,0,0,0
3241984,1583,0,86,86,0,0,0,-0.00397,0.00152,0.0783,2923,0,0,0,0,0,0,0,0,0,0,0,0,0,0,0,0,0,0,0,0,0
3244032,1584,0,86,86,0,0,0,-0.00027,0.00174,0.0768,2880,0,0,0,0,0,0,0,0,0,0,0,0,0,0,0,0,0,0,0,0,0
3246080,1585,0,78,78,0,0,0,-0.00359,0.00203,0.0795,2906,0,0,0,0,0,0,0,0,0,0,0,0,0,0,0,0,0,0,0,0,0
3248128,1586,0,80,79,0,0,1,-0.00249,0.00268,0.0906,2977,0,0,0,0,0,0,0,0,0,0,0,0,0,0,0,0,0,0,0,0,0
3250176,1587,0,82,82,0,0,0,-0.00474,0.00225,0.0815,2851,0,0,0,0,0,0,0,0,0,0,0,0,0,0,0,0,0,0,0,0,0
3252224,1588,0,82,82,0,0,0,-0.00522,0.00215,0.0923,2979,0,0,0,0,0,0,0,0,0,0,0,0,0,0,0,0,0,0,0,0,0
3254272,1589,0,91,91,0,0,0,-0.00265,0.00188,0.0655,3122,0,0,0,0,0,0,0,0,0,0,0,0,0,0,0,0,0,0,0,0,0
3256320,1590,0,81,80,1,0,0,-0.00423,0.00383,0.0826,3273,0,0,0,0,0,0,0,0,0,0,0,0,0,0,0,0,0,0,0,0,0
3258368,1591,0,81,81,0,0,0,-0.00817,0.00191,0.0669,2977,0,0,0,0,0,0,0,0,0,0,0,0,0,0,0,0,0,0,0,0,0
3260416,1592,0,91,91,0,0,0,-0.00187,0.00189,0.0768,3142,0,0,0,0,0,0,0,0,0,0,0,0,0,0,0,0,0,0,0,0,0
3262464,1593,0,93,92,1,0,0,-0.00333,0.00189,0.0765,3052,0,0,0,0,0,0,0,0,0,0,0,0,0,0,0,0,0,0,0,0,0
3264512,1594,0,84,82,1,0,1,-0.00919,0.00283,0.0658,2942,0,0,0,0,0,0,0,0,0,0,0,0,0,0,0,0,0,0,0,0,0
3266560,1595,0,85,85,0,0,0,-0.00125,0.0015,0.0733,3123,0,0,0,0,0,0,0,0,0,0,0,0,0,0,0,0,0,0,0,0,0
3268608,1596,0,84,83,1,0,0,-0.00205,0.00247,0.0925,2893,0,0,0,0,0,0,0,0,0,0,0,0,0,0,0,0,0,0,0,0,0
3270656,1597,0,81,80,1,0,0,-0.00425,0.00324,0.0874,3151,0,0,0,0,0,0,0,0,0,0,0,0,0,0,0,0,0,0,0,0,0
3272704,1598,0,76,75,0,0,1,-0.00274,0.00446,0.0971,3193,0,0,0,0,0,0,0,0,0,0,0,0,0,0,0,0,0,0,0,0,0
3274752,1599,0,93,92,0,0,1,-0.00016,0.00341,0.0586,2836,0,0,0,0,0,0,0,0,0,0,0,0,0,0,0,0,0,0,0,0,0
3276800,1600,0,89,89,0,0,0,-0.00997,0.00209,0.0926,2794,0,0,0,0,0,0,0,0,0,0,0,0,0,0,0,0,0,0,0,0,0
3278848,1601,0,87,87,0,0,0,-0.00388,0.00172,0.0671,2532,0,0,0,0,0,0,0,0,0,0,0,0,0,0,0,0,0,0,0,0,0
3280896,1602,0,93,93,0,0,0,-0.00279,0.00134,0.0725,2458,0,0,0,0,0,0,0,0,0,0,0,0,0,0,0,0,0,0,0,0,0
3282944,1603,0,87,87,0,0,0,-0.00335,0.00203,0.1021,2584,0,0,0,0,0,0,0,0,0,0,0,0,0,0,0,0,0,0,0,0,0
3284992,1604,0,88,87,0,0,1,0.00031,0.00324,0.1082,2641,0,0,0,0,0,0,0,0,0,0,0,0,0,0,0,0,0,0,0,0,0
3287040,1605,0,90,90,0,0,0,-0.00315,0.00124,0.104,2735,0,0,0,0,0,0,0,0,0,0,0,0,0,0,0,0,0,0,0,0,0
3289088,1606,0,93,93,0,0,0,0.0015,0.0014,0.0941,2707,0,0,0,0,0,0,0,0,0,0,0,0,0,0,0,0,0,0,0,0,0
3291136,1607,0,92,88,0,4,0,0.00035,0.00519,0.1109,2547,0,0,0,0,0,0,0,0,0,0,0,0,0,0,0,0,0,0,0,0,0
3293184,1608,0,91,90,0,1,0,-0.00333,0.0032,0.1473,2863,0,0,0,0,0,0,0,0,0,0,0,0,0,0,0,0,0,0,0,0,0
3295232,1609,0,92,91,0,1,0,-0.00315,0.00192,0.1223,2749,0,0,0,0,0,0,0,0,0,0,0,0,0,0,0,0,0,0,0,0,0
3297280,1610,0,85,84,0,1,0,-0.00302,0.00268,0.1378,2898,0,0,0,0,0,0,0,0,0,0,0,0,0,0,0,0,0,0,0,0,0
3299328,1611,0,92,92,0,0,0,-0.00212,0.00112,0.109,2887,0,0,0,0,0,0,0,0,0,0,0,0,0,0,0,0,0,0,0,0,0
3301376,1612,0,90,88,0,2,0,-0.0023,0.00339,0.108,2936,0,0,0,0,0,0,0,0,0,0,0,0,0,0,0,0,0,0,0,0,0
3303424,1613,0,89,88,0,1,0,-0.00196,0.00308,0.1156,3084,0,0,0,0,0,0,0,0,0,0,0,0,0,0,0,0,0,0,0,0,0
3305472,1614,0,83,82,0,1,0,-0.00607,0.00333,0.105,3046,0,0,0,0,0,0,0,0,0,0,0,0,0,0,0,0,0,0,0,0,0
3307520,1615,0,89,88,0,1,0,8e-05,0.00274,0.1108,3005,0,0,0,0,0,0,0,0,0,0,0,0,0,0,0,0,0,0,0,0,0
3309568,1616,0,91,90,1,0,0,-0.00198,0.00324,0.1098,2757,0,0,0,0,0,0,0,0,0,0,0,0,0,0,0,0,0,0,0,0,0
3311616,1617,0,85,85,0,0,0,-0.00364,0.00182,0.1141,3095,0,0,0,0,0,0,0,0,0,0,0,0,0,0,0,0,0,0,0,0,0
3313664,1618,0,94,93,0,1,0,-0.00257,0.00218,0.0889,2945,0,0,0,0,0,0,0,0,0,0,0,0,0,0,0,0,0,0,0,0,0
3315712,1619,0,96,95,0,1,0,-0.00133,0.00237,0.1013,2851,0,0,0,0,0,0,0,0,0,0,0,0,0,0,0,0,0,0,0,0,0
3317760,1620,0,75,73,0,2,0,-0.00342,0.00441,0.1559,2842,0,0,0,0,0,0,0,0,0,0,0,0,0,0,0,0,0,0,0,0,0
3319808,1621,0,86,85,0,0,1,-0.00181,0.0026,0.1396,2670,0,0,0,0,0,0,0,0,0,0,0,0,0,0,0,0,0,0,0,0,0
3321856,1622,0,86,86,0,0,0,-0.00349,0.00187,0.1673,2750,0,0,0,0,0,0,0,0,0,0,0,0,0,0,0,0,0,0,0,0,0
3323904,1623,0,83,82,1,0,0,-0.00475,0.00273,0.193,2673,0,0,0,0,0,0,0,0,0,0,0,0,0,0,0,0,0,0,0,0,0
3325952,1624,0,80,78,1,1,0,-0.00674,0.00355,0.2148,2808,0,0,0,0,0,0,0,0,0,0,0,0,0,0,0,0,0,0,0,0,0
3328000,1625,0,80,79,0,0,1,-0.00782,0.00337,0.1782,2785,0,0,0,0,0,0,0,0,0,0,0,0,0,0,0,0,0,0,0,0,0
3330048,1626,0,88,87,0,1,0,-0.0022,0.00316,0.1358,2869,0,0,0,0,0,0,0,0,0,0,0,0,0,0,0,0,0,0,0,0,0
3332096,1627,0,80,80,0,0,0,-0.01298,0.00265,0.1661,2838,0,0,0,0,0,0,0,0,0,0,0,0,0,0,0,0,0,0,0,0,0
3334144,1628,0,86,83,2,1,0,-0.0032,0.00617,0.1436,2615,0,0,0,0,0,0,0,0,0,0,0,0,0,0,0,0,0,0,0,0,0
3336192,1629,0,97,95,1,1,0,-0.00411,0.00432,0.1346,2546,0,0,0,0,0,0,0,0,0,0,0,0,0,0,0,0,0,0,0,0,0
3338240,1630,0,91,89,1,1,0,-0.00276,0.00455,0.1341,2657,0,0,0,0,0,0,0,0,0,0,0,0,0,0,0,0,0,0,0,0,0
3340288,1631,0,88,87,0,1,0,-0.0013,0.0027,0.1486,2807,0,0,0,0,0,0,0,0,0,0,0,0,0,0,0,0,0,0,0,0,0
3342336,1632,0,89,87,0,2,0,-0.004,0.00391,0.1373,2841,0,0,0,0,0,0,0,0,0,0,0,0,0,0,0,0,0,0,0,0,0
3344384,1633,0,83,83,0,0,0,-0.00307,0.002,0.148,2738,0,0,0,0,0,0,0,0,0,0,0,0,0,0,0,0,0,0,0,0,0
3346432,1634,0,84,83,0,0,1,-0.00259,0.00305,0.1556,2562,0,0,0,0,0,0,0,0,0,0,0,0,0,0,0,0,0,0,0,0,0
3348480,1635,0,87,84,0,2,1,-0.00197,0.00538,0.1237,2823,0,0,0,0,0,0,0,0,0,0,0,0,0,0,0,0,0,0,0,0,0
3350528,1636,0,100,100,0,0,0,-0.0012,0.00145,0.1072,2976,0,0,0,0,0,0,0,0,0,0,0,0,0,0,0,0,0,0,0,0,0
3352576,1637,0,86,86,0,0,0,-0.00248,0.00169,0.1162,2794,0,0,0,0,0,0,0,0,0,0,0,0,0,0,0,0,0,0,0,0,0
3354624,1638,0,90,89,1,0,0,0.00431,0.00281,0.0982,2429,0,0,0,0,0,0,0,0,0,0,0,0,0,0,0,0,0,0,0,0,0
3356672,1639,0,96,95,1,0,0,-0.00237,0.00193,0.0966,2491,0,0,0,0,0,0,0,0,0,0,0,0,0,0,0,0,0,0,0,0,0
3358720,1640,0,89,89,0,0,0,-0.00146,0.00146,0.1015,2624,0,0,0,0,0,0,0,0,0,0,0,0,0,0,0,0,0,0,0,0,0
3360768,1641,0,89,89,0,0,0,-0.00128,0.00152,0.0894,2737,0,0,0,0,0,0,0,0,0,0,0,0,0,0,0,0,0,0,0,0,0
3362816,1642,0,95,94,0,1,0,-0.00434,0.00238,0.083,2501,0,0,0,0,0,0,0,0,0,0,0,0,0,0,0,0,0,0,0,0,0
3364864,1643,0,88,88,0,0,0,-0.00028,0.00137,0.0845,2723,0,0,0,0,0,0,0,0,0,0,0,0,0,0,0,0,0,0,0,0,0
3366912,1644,0,90,89,0,1,0,-0.00569,0.00257,0.1018,2758,0,0,0,0,0,0,0,0,0,0,0,0,0,0,0,0,0,0,0,0,0
3368960,1645,0,95,95,0,0,0,-0.00156,0.00163,0.1078,2774,0,0,0,0,0,0,0,0,0,0,0,0,0,0,0,0,0,0,0,0,0
3371008,1646,0,92,90,2,0,0,-0.00161,0.00342,0.0932,2465,0,0,0,0,0,0,0,0,0,0,0,0,0,0,0,0,0,0,0,0,0
3373056,1647,0,98,97,0,1,0,-0.00297,0.00243,0.0882,2666,0,0,0,0,0,0,0,0,0,0,0,0,0,0,0,0,0,0,0,0,0
3375104,1648,0,93,91,0,2,0,-0.00205,0.0034,0.0894,2790,0,0,0,0,0,0,0,0,0,0,0,0,0,0,0,0,0,0,0,0,0
3377152,1649,0,85,84,0,1,0,-0.00503,0.00313,0.1501,2662,0,0,0,0,0,0,0,0,0,0,0,0,0,0,0,0,0,0,0,0,0
3379200,1650,0,94,94,0,0,0,-0.00293,0.00185,0.1183,2617,0,0,0,0,0,0,0,0,0,0,0,0,0,0,0,0,0,0,0,0,0
3381248,1651,0,91,91,0,0,0,-0.00545,0.00191,0.127,2637,0,0,0,0,0,0,0,0,0,0,0,0,0,0,0,0,0,0,0,0,0
3383296,1652,0,94,93,1,0,0,-0.00284,0.00268,0.141,2686,0,0,0,0,0,0,0,0,0,0,0,0,0,0,0,0,0,0,0,0,0
3385344,1653,0,94,92,1,1,0,-0.00164,0.00357,0.1244,2918,0,0,0,0,0,0,0,0,0,0,0,0,0,0,0,0,0,0,0,0,0
3387392,1654,0,88,87,0,1,0,-0.00137,0.00244,0.1087,3022,0,0,0,0,0,0,0,0,0,0,0,0,0,0,0,0,0,0,0,0,0
3389440,1655,0,86,86,0,0,0,-0.0026,0.00161,0.1273,2838,0,0,0,0,0,0,0,0,0,0,0,0,0,0,0,0,0,0,0,0,0
3391488,1656,0,90,90,0,0,0,-0.00321,0.00141,0.0938,2631,0,0,0,0,0,0,0,0,0,0,0,0,0,0,0,0,0,0,0,0,0
3393536,1657,0,91,91,0,0,0,-0.00211,0.00134,0.1127,2890,0,0,0,0,0,0,0,0,0,0,0,0,0,0,0,0,0,0,0,0,0
3395584,1658,0,79,79,0,0,0,0.00244,0.00169,0.1256,3021,0,0,0,0,0,0,0,0,0,0,0,0,0,0,0,0,0,0,0,0,0
3397632,1659,0,88,88,0,0,0,-0.00082,0.00185,0.1154,2974,0,0,0,0,0,0,0,0,0,0,0,0,0,0,0,0,0,0,0,0,0
3399680,1660,0,99,97,1,1,0,0.00319,0.00372,0.1121,2830,0,0,0,0,0,0,0,0,0,0,0,0,0,0,0,0,0,0,0,0,0
3401728,1661,0,86,85,0,1,0,-0.00103,0.00333,0.1425,2865,0,0,0,0,0,0,0,0,0,0,0,0,0,0,0,0,0,0,0,0,0
3403776,1662,0,78,78,0,0,0,0.00141,0.00271,0.1657,2570,0,0,0,0,0,0,0,0,0,0,0,0,0,0,0,0,0,0,0,0,0
3405824,1663,0,86,84,0,1,1,-0.00049,0.0043,0.1328,2835,0,0,0,0,0,0,0,0,0,0,0,0,0,0,0,0,0,0,0,0,0
3407872,1664,0,89,89,0,0,0,-0.00312,0.00156,0.1107,3048,0,0,0,0,0,0,0,0,0,0,0,0,0,0,0,0,0,0,0,0,0
3409920,1665,0,89,88,1,0,0,-0.00201,0.0021,0.1154,2960,0,0,0,0,0,0,0,0,0,0,0,0,0,0,0,0,0,0,0,0,0
3411968,1666,0,90,90,0,0,0,-0.00204,0.00151,0.1028,2734,0,0,0,0,0,0,0,0,0,0,0,0,0,0,0,0,0,0,0,0,0
3414016,1667,0,90,89,0,1,0,-0.00026,0.00266,0.1098,2906,0,0,0,0,0,0,0,0,0,0,0,0,0,0,0,0,0,0,0,0,0
3416064,1668,0,89,88,0,1,0,-0.00168,0.0026,0.1042,2862,0,0,0,0,0,0,0,0,0,0,0,0,0,0,0,0,0,0,0,0,0
3418112,1669,0,92,91,1,0,0,-0.00252,0.00181,0.1202,2840,0,0,0,0,0,0,0,0,0,0,0,0,0,0,0,0,0,0,0,0,0
3420160,1670,0,82,81,0,1,0,-0.00359,0.00301,0.1233,2785,0,0,0,0,0,0,0,0,0,0,0,0,0,0,0,0,0,0,0,0,0
3422208,1671,0,93,92,0,1,0,-0.00222,0.00289,0.1335,2714,0,0,0,0,0,0,0,0,0,0,0,0,0,0,0,0,0,0,0,0,0
3424256,1672,0,90,88,1,1,0,-0.00301,0.00316,0.1819,2797,0,0,0,0,0,0,0,0,0,0,0,0,0,0,0,0,0,0,0,0,0
3426304,1673,0,85,84,0,1,0,-0.00135,0.00248,0.1644,2943,0,0,0,0,0,0,0,0,0,0,0,0,0,0,0,0,0,0,0,0,0
3428352,1674,0,96,92,3,1,0,-0.00494,0.00556,0.1396,2914,0,0,0,0,0,0,0,0,0,0,0,0,0,0,0,0,0,0,0,0,0
3430400,1675,0,89,85,1,3,0,-0.00414,0.00642,0.1715,2966,0,0,0,0,0,0,0,0,0,0,0,0,0,0,0,0,0,0,0,0,0
3432448,1676,0,94,91,1,2,0,-0.0038,0.00515,0.1796,2942,0,0,0,0,0,0,0,0,0,0,0,0,0,0,0,0,0,0,0,0,0
3434496,1677,0,99,98,0,1,0,-0.004,0.00246,0.1624,2782,0,0,0,0,0,0,0,0,0,0,0,0,0,0,0,0,0,0,0,0,0
3436544,1678,0,84,81,1,2,0,-0.00253,0.00455,0.2058,2732,0,0,0,0,0,0,0,0,0,0,0,0,0,0,0,0,0,0,0,0,0
3438592,1679,0,90,90,0,0,0,-0.00463,0.00308,0.1643,3013,0,0,0,0,0,0,0,0,0,0,0,0,0,0,0,0,0,0,0,0,0
3440640,1680,0,94,91,2,1,0,-0.00346,0.00472,0.1777,3110,0,0,0,0,0,0,0,0,0,0,0,0,0,0,0,0,0,0,0,0,0
3442688,1681,0,82,81,0,1,0,0.00014,0.00316,0.1501,3156,0,0,0,0,0,0,0,0,0,0,0,0,0,0,0,0,0,0,0,0,0
3444736,1682,0,89,88,0,0,1,-0.00093,0.0044,0.1448,3062,0,0,0,0,0,0,0,0,0,0,0,0,0,0,0,0,0,0,0,0,0
3446784,1683,0,92,92,0,0,0,-0.00298,0.00197,0.1471,2834,0,0,0,0,0,0,0,0,0,0,0,0,0,0,0,0,0,0,0,0,0
3448832,1684,0,82,79,1,2,0,-0.00354,0.00552,0.1699,2768,0,0,0,0,0,0,0,0,0,0,0,0,0,0,0,0,0,0,0,0,0
3450880,1685,0,96,96,0,0,0,-0.00295,0.00142,0.1291,2703,0,0,0,0,0,0,0,0,0,0,0,0,0,0,0,0,0,0,0,0,0
3452928,1686,0,88,87,0,1,0,-0.00043,0.00285,0.1647,2601,0,0,0,0,0,0,0,0,0,0,0,0,0,0,0,0,0,0,0,0,0
3454976,1687,0,89,89,0,0,0,-0.00287,0.00168,0.1503,2594,0,0,0,0,0,0,0,0,0,0,0,0,0,0,0,0,0,0,0,0,0
3457024,1688,0,81,81,0,0,0,0.00258,0.00208,0.1792,2415,0,0,0,0,0,0,0,0,0,0,0,0,0,0,0,0,0,0,0,0,0
3459072,1689,0,93,91,0,1,1,-0.00087,0.00394,0.1508,2605,0,0,0,0,0,0,0,0,0,0,0,0,0,0,0,0,0,0,0,0,0
3461120,1690,0,91,90,0,1,0,-0.00317,0.00196,0.122,2662,0,0,0,0,0,0,0,0,0,0,0,0,0,0,0,0,0,0,0,0,0
3463168,1691,0,105,103,0,2,0,-0.0012,0.00281,0.109,2632,0,0,0,0,0,0,0,0,0,0,0,0,0,0,0,0,0,0,0,0,0
3465216,1692,0,88,87,0,1,0,-0.00442,0.00231,0.1343,2364,0,0,0,0,0,0,0,0,0,0,0,0,0,0,0,0,0,0,0,0,0
3467264,1693,0,101,99,0,2,0,0.00941,0.00448,0.1322,2496,0,0,0,0,0,0,0,0,0,0,0,0,0,0,0,0,0,0,0,0,0
3469312,1694,0,92,92,0,0,0,-0.00389,0.00156,0.1226,2975,0,0,0,0,0,0,0,0,0,0,0,0,0,0,0,0,0,0,0,0,0
3471360,1695,0,95,93,1,1,0,-0.00451,0.00343,0.1201,2772,0,0,0,0,0,0,0,0,0,0,0,0,0,0,0,0,0,0,0,0,0
3473408,1696,0,89,88,0,1,0,-0.00451,0.00299,0.1296,2835,0,0,0,0,0,0,0,0,0,0,0,0,0,0,0,0,0,0,0,0,0
3475456,1697,0,89,88,0,1,0,-0.00368,0.00325,0.1249,2894,0,0,0,0,0,0,0,0,0,0,0,0,0,0,0,0,0,0,0,0,0
3477504,1698,0,92,91,0,0,1,-0.0015,0.00393,0.0975,2953,0,0,0,0,0,0,0,0,0,0,0,0,0,0,0,0,0,0,0,0,0
3479552,1699,0,79,79,0,0,0,-0.00668,0.00307,0.1322,2871,0,0,0,0,0,0,0,0,0,0,0,0,0,0,0,0,0,0,0,0,0
3481600,1700,0,88,88,0,0,0,-0.00508,0.0032,0.1359,3156,0,0,0,0,0,0,0,0,0,0,0,0,0,0,0,0,0,0,0,0,0
3483648,1701,0,98,97,1,0,0,0.0036,0.00334,0.14,3030,0,0,0,0,0,0,0,0,0,0,0,0,0,0,0,0,0,0,0,0,0
3485696,1702,0,101,97,1,3,0,-0.00345,0.00629,0.1224,3015,0,0,0,0,0,0,0,0,0,0,0,0,0,0,0,0,0,0,0,0,0
3487744,1703,0,95,92,2,1,0,-0.00253,0.00517,0.1249,2936,0,0,0,0,0,0,0,0,0,0,0,0,0,0,0,0,0,0,0,0,0
3489792,1704,0,100,98,2,0,0,-0.00323,0.00247,0.1415,2743,0,0,0,0,0,0,0,0,0,0,0,0,0,0,0,0,0,0,0,0,0
3491840,1705,0,93,91,2,0,0,-0.00438,0.00249,0.1614,2686,0,0,0,0,0,0,0,0,0,0,0,0,0,0,0,0,0,0,0,0,0
3493888,1706,0,90,88,1,0,1,0.00116,0.00473,0.1248,3026,0,0,0,0,0,0,0,0,0,0,0,0,0,0,0,0,0,0,0,0,0
3495936,1707,0,99,97,0,2,0,-0.00059,0.00397,0.1112,3063,0,0,0,0,0,0,0,0,0,0,0,0,0,0,0,0,0,0,0,0,0
3497984,1708,0,102,102,0,0,0,-0.00271,0.00113,0.0958,2870,0,0,0,0,0,0,0,0,0,0,0,0,0,0,0,0,0,0,0,0,0
3500032,1709,0,102,101,1,0,0,-0.00444,0.00188,0.0904,3143,0,0,0,0,0,0,0,0,0,0,0,0,0,0,0,0,0,0,0,0,0
3502080,1710,0,98,98,0,0,0,-0.00038,0.00171,0.0954,3046,0,0,0,0,0,0,0,0,0,0,0,0,0,0,0,0,0,0,0,0,0
3504128,1711,0,91,90,1,0,0,-0.00224,0.00259,0.1144,2915,0,0,0,0,0,0,0,0,0,0,0,0,0,0,0,0,0,0,0,0,0
3506176,1712,0,100,99,0,1,0,-0.00226,0.00277,0.1065,2824,0,0,0,0,0,0,0,0,0,0,0,0,0,0,0,0,0,0,0,0,0
3508224,1713,0,103,102,0,1,0,-0.00425,0.002,0.101,2987,0,0,0,0,0,0,0,0,0,0,0,0,0,0,0,0,0,0,0,0,0
3510272,1714,0,89,87,1,1,0,-0.00751,0.00456,0.1417,3039,0,0,0,0,0,0,0,0,0,0,0,0,0,0,0,0,0,0,0,0,0
3512320,1715,0,99,97,0,2,0,-0.0013,0.00395,0.1088,2905,0,0,0,0,0,0,0,0,0,0,0,0,0,0,0,0,0,0,0,0,0
3514368,1716,0,96,95,0,1,0,-0.002,0.00302,0.0995,2864,0,0,0,0,0,0,0,0,0,0,0,0,0,0,0,0,0,0,0,0,0
3516416,1717,0,98,96,0,2,0,-0.00258,0.00354,0.0999,3000,0,0,0,0,0,0,0,0,0,0,0,0,0,0,0,0,0,0,0,0,0
3518464,1718,0,91,90,0,1,0,-0.00465,0.00324,0.1095,2950,0,0,0,0,0,0,0,0,0,0,0,0,0,0,0,0,0,0,0,0,0
3520512,1719,0,95,95,0,0,0,-0.00262,0.00146,0.0893,3009,0,0,0,0,0,0,0,0,0,0,0,0,0,0,0,0,0,0,0,0,0
3522560,1720,0,97,97,0,0,0,-0.00247,0.00114,0.0737,3050,0,0,0,0,0,0,0,0,0,0,0,0,0,0,0,0,0,0,0,0,0
3524608,1721,0,107,103,2,2,0,0.01204,0.00497,0.078,3092,0,0,0,0,0,0,0,0,0,0,0,0,0,0,0,0,0,0,0,0,0
3526656,1722,0,105,104,0,1,0,-0.00567,0.0026,0.0834,2889,0,0,0,0,0,0,0,0,0,0,0,0,0,0,0,0,0,0,0,0,0
3528704,1723,0,94,92,0,2,0,-0.00114,0.00392,0.0941,3011,0,0,0,0,0,0,0,0,0,0,0,0,0,0,0,0,0,0,0,0,0
3530752,1724,0,96,90,1,5,0,-0.00235,0.0075,0.0821,3009,0,0,0,0,0,0,0,0,0,0,0,0,0,0,0,0,0,0,0,0,0
3532800,1725,0,95,90,1,3,1,-0.00678,0.00663,0.0974,2870,0,0,0,0,0,0,0,0,0,0,0,0,0,0,0,0,0,0,0,0,0
3534848,1726,0,102,99,0,3,0,-0.00272,0.0046,0.1141,2776,0,0,0,0,0,0,0,0,0,0,0,0,0,0,0,0,0,0,0,0,0
3536896,1727,0,94,90,2,2,0,-0.00497,0.0063,0.1154,2836,0,0,0,0,0,0,0,0,0,0,0,0,0,0,0,0,0,0,0,0,0
3538944,1728,0,97,97,0,0,0,-0.00483,0.00158,0.0995,3019,0,0,0,0,0,0,0,0,0,0,0,0,0,0,0,0,0,0,0,0,0
3540992,1729,0,89,86,1,2,0,-0.00077,0.00404,0.1504,2994,0,0,0,0,0,0,0,0,0,0,0,0,0,0,0,0,0,0,0,0,0
3543040,1730,0,98,97,0,0,1,0.00416,0.00306,0.1468,2837,0,0,0,0,0,0,0,0,0,0,0,0,0,0,0,0,0,0,0,0,0
3545088,1731,0,97,96,0,0,1,0.0014,0.00289,0.1144,2659,0,0,0,0,0,0,0,0,0,0,0,0,0,0,0,0,0,0,0,0,0
3547136,1732,0,101,98,0,3,0,-0.00051,0.00478,0.09,2885,0,0,0,0,0,0,0,0,0,0,0,0,0,0,0,0,0,0,0,0,0
3549184,1733,0,101,97,1,3,0,-0.00321,0.00642,0.1041,2625,0,0,0,0,0,0,0,0,0,0,0,0,0,0,0,0,0,0,0,0,0
3551232,1734,0,86,84,0,2,0,-0.00155,0.00454,0.1057,3065,0,0,0,0,0,0,0,0,0,0,0,0,0,0,0,0,0,0,0,0,0
3553280,1735,0,89,88,0,0,1,-0.00201,0.00302,0.1113,3142,0,0,0,0,0,0,0,0,0,0,0,0,0,0,0,0,0,0,0,0,0
3555328,1736,0,103,101,1,1,0,-0.00394,0.00365,0.094,2873,0,0,0,0,0,0,0,0,0,0,0,0,0,0,0,0,0,0,0,0,0
3557376,1737,0,99,95,1,3,0,-0.0052,0.00647,0.1162,2886,0,0,0,0,0,0,0,0,0,0,0,0,0,0,0,0,0,0,0,0,0
3559424,1738,0,99,99,0,0,0,-0.00133,0.00139,0.1052,2650,0,0,0,0,0,0,0,0,0,0,0,0,0,0,0,0,0,0,0,0,0
3561472,1739,0,101,101,0,0,0,-0.00351,0.00117,0.1099,2921,0,0,0,0,0,0,0,0,0,0,0,0,0,0,0,0,0,0,0,0,0
3563520,1740,0,88,88,0,0,0,-0.0022,0.00136,0.1212,2744,0,0,0,0,0,0,0,0,0,0,0,0,0,0,0,0,0,0,0,0,0
3565568,1741,0,105,104,0,1,0,-0.00054,0.00247,0.0823,2934,0,0,0,0,0,0,0,0,0,0,0,0,0,0,0,0,0,0,0,0,0
3567616,1742,0,97,97,0,0,0,-0.00384,0.0012,0.0751,2670,0,0,0,0,0,0,0,0,0,0,0,0,0,0,0,0,0,0,0,0,0
3569664,1743,0,95,95,0,0,0,-0.00291,0.00136,0.0931,2841,0,0,0,0,0,0,0,0,0,0,0,0,0,0,0,0,0,0,0,0,0
3571712,1744,0,99,97,1,1,0,-0.00157,0.00324,0.0827,2880,0,0,0,0,0,0,0,0,0,0,0,0,0,0,0,0,0,0,0,0,0
3573760,1745,0,87,87,0,0,0,0.00188,0.00178,0.1088,2887,0,0,0,0,0,0,0,0,0,0,0,0,0,0,0,0,0,0,0,0,0
3575808,1746,0,105,103,1,1,0,-0.00236,0.00379,0.0904,2829,0,0,0,0,0,0,0,0,0,0,0,0,0,0,0,0,0,0,0,0,0
3577856,1747,0,102,102,0,0,0,0.00063,0.00185,0.0652,2749,0,0,0,0,0,0,0,0,0,0,0,0,0,0,0,0,0,0,0,0,0
3579904,1748,0,95,95,0,0,0,-0.00233,0.00165,0.0719,2953,0,0,0,0,0,0,0,0,0,0,0,0,0,0,0,0,0,0,0,0,0
3581952,1749,0,97,97,0,0,0,-0.00079,0.00112,0.0695,2675,0,0,0,0,0,0,0,0,0,0,0,0,0,0,0,0,0,0,0,0,0
3584000,1750,0,89,88,0,1,0,-0.00024,0.0023,0.1059,2830,0,0,0,0,0,0,0,0,0,0,0,0,0,0,0,0,0,0,0,0,0
3586048,1751,0,94,92,1,1,0,-0.0033,0.00487,0.0998,3114,0,0,0,0,0,0,0,0,0,0,0,0,0,0,0,0,0,0,0,0,0
3588096,1752,0,87,87,0,0,0,-0.00294,0.00139,0.091,3148,0,0,0,0,0,0,0,0,0,0,0,0,0,0,0,0,0,0,0,0,0
3590144,1753,0,94,94,0,0,0,-0.003,0.00116,0.0983,2896,0,0,0,0,0,0,0,0,0,0,0,0,0,0,0,0,0,0,0,0,0
3592192,1754,0,94,93,1,0,0,-0.00888,0.00266,0.1092,2967,0,0,0,0,0,0,0,0,0,0,0,0,0,0,0,0,0,0,0,0,0
3594240,1755,0,84,84,0,0,0,0.00451,0.00193,0.124,2935,0,0,0,0,0,0,0,0,0,0,0,0,0,0,0,0,0,0,0,0,0
3596288,1756,0,90,90,0,0,0,-0.00118,0.00207,0.1287,2860,0,0,0,0,0,0,0,0,0,0,0,0,0,0,0,0,0,0,0,0,0
3598336,1757,0,95,93,1,1,0,-0.00239,0.00234,0.0882,2959,0,0,0,0,0,0,0,0,0,0,0,0,0,0,0,0,0,0,0,0,0
3600384,1758,0,100,100,0,0,0,0.0002,0.00085,0.0663,2904,0,0,0,0,0,0,0,0,0,0,0,0,0,0,0,0,0,0,0,0,0
3602432,1759,0,92,92,0,0,0,0.00036,0.00129,0.0812,3023,0,0,0,0,0,0,0,0,0,0,0,0,0,0,0,0,0,0,0,0,0
3604480,1760,0,102,101,0,1,0,0.00211,0.00263,0.0588,2988,0,0,0,0,0,0,0,0,0,0,0,0,0,0,0,0,0,0,0,0,0
3606528,1761,0,97,97,0,0,0,-0.00374,0.00098,0.0644,2860,0,0,0,0,0,0,0,0,0,0,0,0,0,0,0,0,0,0,0,0,0
3608576,1762,0,90,90,0,0,0,-0.00155,0.00104,0.0708,3100,0,0,0,0,0,0,0,0,0,0,0,0,0,0,0,0,0,0,0,0,0
3610624,1763,0,93,93,0,0,0,-0.00412,0.00106,0.0781,2907,0,0,0,0,0,0,0,0,0,0,0,0,0,0,0,0,0,0,0,0,0
3612672,1764,0,102,102,0,0,0,-0.0052,0.00111,0.0735,2834,0,0,0,0,0,0,0,0,0,0,0,0,0,0,0,0,0,0,0,0,0
3614720,1765,0,101,101,0,0,0,-0.00275,0.00101,0.0521,2921,0,0,0,0,0,0,0,0,0,0,0,0,0,0,0,0,0,0,0,0,0
3616768,1766,0,95,94,1,0,0,0.00028,0.00256,0.0567,3060,0,0,0,0,0,0,0,0,0,0,0,0,0,0,0,0,0,0,0,0,0
3618816,1767,0,98,98,0,0,0,0.00213,0.00135,0.0527,2818,0,0,0,0,0,0,0,0,0,0,0,0,0,0,0,0,0,0,0,0,0
3620864,1768,0,75,74,0,1,0,-0.01035,0.00348,0.0902,2740,0,0,0,0,0,0,0,0,0,0,0,0,0,0,0,0,0,0,0,0,0
3622912,1769,0,92,92,0,0,0,-0.00125,0.00293,0.0916,2588,0,0,0,0,0,0,0,0,0,0,0,0,0,0,0,0,0,0,0,0,0
3624960,1770,0,103,101,2,0,0,0.00254,0.00245,0.0814,2622,0,0,0,0,0,0,0,0,0,0,0,0,0,0,0,0,0,0,0,0,0
3627008,1771,0,104,100,0,4,0,-0.00263,0.00632,0.0985,2859,0,0,0,0,0,0,0,0,0,0,0,0,0,0,0,0,0,0,0,0,0
3629056,1772,0,94,92,1,1,0,-0.00227,0.00279,0.1094,2780,0,0,0,0,0,0,0,0,0,0,0,0,0,0,0,0,0,0,0,0,0
3631104,1773,0,86,85,0,1,0,-0.00579,0.00204,0.1426,2716,0,0,0,0,0,0,0,0,0,0,0,0,0,0,0,0,0,0,0,0,0
3633152,1774,0,102,101,1,0,0,0.00528,0.00406,0.0997,2282,0,0,0,0,0,0,0,0,0,0,0,0,0,0,0,0,0,0,0,0,0
3635200,1775,0,105,105,0,0,0,-0.00089,0.0011,0.0859,2612,0,0,0,0,0,0,0,0,0,0,0,0,0,0,0,0,0,0,0,0,0
3637248,1776,0,94,94,0,0,0,-0.00403,0.00173,0.1301,2500,0,0,0,0,0,0,0,0,0,0,0,0,0,0,0,0,0,0,0,0,0
3639296,1777,0,93,91,2,0,0,-0.0038,0.0034,0.1238,2710,0,0,0,0,0,0,0,0,0,0,0,0,0,0,0,0,0,0,0,0,0
3641344,1778,0,96,94,0,2,0,-0.00366,0.00356,0.1009,2895,0,0,0,0,0,0,0,0,0,0,0,0,0,0,0,0,0,0,0,0,0
3643392,1779,0,97,97,0,0,0,-0.00338,0.00116,0.0891,2764,0,0,0,0,0,0,0,0,0,0,0,0,0,0,0,0,0,0,0,0,0
3645440,1780,0,101,101,0,0,0,-0.00148,0.00095,0.0668,2941,0,0,0,0,0,0,0,0,0,0,0,0,0,0,0,0,0,0,0,0,0
3647488,1781,0,92,92,0,0,0,-0.00138,0.00179,0.1043,3016,0,0,0,0,0,0,0,0,0,0,0,0,0,0,0,0,0,0,0,0,0
3649536,1782,0,91,89,1,0,1,-0.00101,0.00391,0.0916,2873,0,0,0,0,0,0,0,0,0,0,0,0,0,0,0,0,0,0,0,0,0
3651584,1783,0,98,97,0,1,0,-0.00244,0.00273,0.0692,2687,0,0,0,0,0,0,0,0,0,0,0,0,0,0,0,0,0,0,0,0,0
3653632,1784,0,101,101,0,0,0,-0.00039,0.00139,0.0912,2997,0,0,0,0,0,0,0,0,0,0,0,0,0,0,0,0,0,0,0,0,0
3655680,1785,0,104,104,0,0,0,-0.00086,0.00141,0.0974,3172,0,0,0,0,0,0,0,0,0,0,0,0,0,0,0,0,0,0,0,0,0
3657728,1786,0,87,86,0,1,0,-0.00033,0.00287,0.1307,2990,0,0,0,0,0,0,0,0,0,0,0,0,0,0,0,0,0,0,0,0,0
3659776,1787,0,81,80,1,0,0,-0.00521,0.00324,0.1641,2876,0,0,0,0,0,0,0,0,0,0,0,0,0,0,0,0,0,0,0,0,0
3661824,1788,0,90,89,0,1,0,0.00079,0.00268,0.1101,2783,0,0,0,0,0,0,0,0,0,0,0,0,0,0,0,0,0,0,0,0,0
3663872,1789,0,89,88,1,0,0,-0.00551,0.00264,0.1342,3066,0,0,0,0,0,0,0,0,0,0,0,0,0,0,0,0,0,0,0,0,0
3665920,1790,0,86,86,0,0,0,-0.00253,0.00202,0.1137,3033,0,0,0,0,0,0,0,0,0,0,0,0,0,0,0,0,0,0,0,0,0
3667968,1791,0,97,97,0,0,0,-0.00141,0.00186,0.0965,3029,0,0,0,0,0,0,0,0,0,0,0,0,0,0,0,0,0,0,0,0,0
3670016,1792,0,93,92,1,0,0,-0.00325,0.00206,0.1148,2879,0,0,0,0,0,0,0,0,0,0,0,0,0,0,0,0,0,0,0,0,0
3672064,1793,0,90,88,1,0,1,-0.00129,0.00421,0.136,2794,0,0,0,0,0,0,0,0,0,0,0,0,0,0,0,0,0,0,0,0,0
3674112,1794,0,102,101,0,1,0,0.00498,0.00298,0.0941,3098,0,0,0,0,0,0,0,0,0,0,0,0,0,0,0,0,0,0,0,0,0
3676160,1795,0,88,88,0,0,0,-0.00347,0.00122,0.1399,3092,0,0,0,0,0,0,0,0,0,0,0,0,0,0,0,0,0,0,0,0,0
3678208,1796,0,99,99,0,0,0,-0.00338,0.00127,0.1187,3076,0,0,0,0,0,0,0,0,0,0,0,0,0,0,0,0,0,0,0,0,0
3680256,1797,0,89,89,0,0,0,-0.00269,0.0015,0.1088,2905,0,0,0,0,0,0,0,0,0,0,0,0,0,0,0,0,0,0,0,0,0
3682304,1798,0,100,99,1,0,0,-0.00041,0.00348,0.1212,2993,0,0,0,0,0,0,0,0,0,0,0,0,0,0,0,0,0,0,0,0,0
3684352,1799,0,101,100,0,1,0,-0.00208,0.00247,0.0781,2799,0,0,0,0,0,0,0,0,0,0,0,0,0,0,0,0,0,0,0,0,0
3686400,1800,0,95,95,0,0,0,-0.00477,0.00138,0.0934,3151,0,0,0,0,0,0,0,0,0,0,0,0,0,0,0,0,0,0,0,0,0
3688448,1801,0,91,90,1,0,0,-0.00188,0.00317,0.087,2977,0,0,0,0,0,0,0,0,0,0,0,0,0,0,0,0,0,0,0,0,0
3690496,1802,0,101,100,0,1,0,-0.00204,0.00239,0.0882,3256,0,0,0,0,0,0,0,0,0,0,0,0,0,0,0,0,0,0,0,0,0
3692544,1803,0,99,99,0,0,0,-0.00268,0.00088,0.0809,3177,0,0,0,0,0,0,0,0,0,0,0,0,0,0,0,0,0,0,0,0,0
3694592,1804,0,99,95,1,3,0,-0.00108,0.00531,0.1001,3016,0,0,0,0,0,0,0,0,0,0,0,0,0,0,0,0,0,0,0,0,0
3696640,1805,0,96,94,2,0,0,-0.00178,0.0037,0.0838,2961,0,0,0,0,0,0,0,0,0,0,0,0,0,0,0,0,0,0,0,0,0
3698688,1806,0,86,84,1,1,0,-0.00441,0.00404,0.1082,3266,0,0,0,0,0,0,0,0,0,0,0,0,0,0,0,0,0,0,0,0,0
3700736,1807,0,101,98,1,1,1,-0.00182,0.00615,0.1099,3093,0,0,0,0,0,0,0,0,0,0,0,0,0,0,0,0,0,0,0,0,0
3702784,1808,0,109,109,0,0,0,-0.00168,0.00136,0.0947,3126,0,0,0,0,0,0,0,0,0,0,0,0,0,0,0,0,0,0,0,0,0
3704832,1809,0,100,97,2,1,0,-0.00249,0.0053,0.1317,2946,0,0,0,0,0,0,0,0,0,0,0,0,0,0,0,0,0,0,0,0,0
3706880,1810,0,99,98,0,1,0,-0.00348,0.00254,0.0983,2902,0,0,0,0,0,0,0,0,0,0,0,0,0,0,0,0,0,0,0,0,0
3708928,1811,0,91,89,0,2,0,-0.00853,0.00381,0.134,2996,0,0,0,0,0,0,0,0,0,0,0,0,0,0,0,0,0,0,0,0,0
3710976,1812,0,95,93,1,1,0,-0.00481,0.00239,0.1196,2912,0,0,0,0,0,0,0,0,0,0,0,0,0,0,0,0,0,0,0,0,0
3713024,1813,0,98,98,0,0,0,-0.00328,0.0013,0.1034,2890,0,0,0,0,0,0,0,0,0,0,0,0,0,0,0,0,0,0,0,0,0
3715072,1814,0,86,86,0,0,0,-0.01205,0.00168,0.1257,3045,0,0,0,0,0,0,0,0,0,0,0,0,0,0,0,0,0,0,0,0,0
3717120,1815,0,101,100,0,1,0,-0.00196,0.0028,0.104,2612,0,0,0,0,0,0,0,0,0,0,0,0,0,0,0,0,0,0,0,0,0
3719168,1816,0,92,91,0,1,0,-0.00499,0.00242,0.1248,2756,0,0,0,0,0,0,0,0,0,0,0,0,0,0,0,0,0,0,0,0,0
3721216,1817,0,98,97,0,1,0,-0.00354,0.00263,0.092,2573,0,0,0,0,0,0,0,0,0,0,0,0,0,0,0,0,0,0,0,0,0
3723264,1818,0,96,95,0,1,0,-0.00065,0.00259,0.08,2674,0,0,0,0,0,0,0,0,0,0,0,0,0,0,0,0,0,0,0,0,0
3725312,1819,0,99,99,0,0,0,-0.00578,0.00137,0.0832,2369,0,0,0,0,0,0,0,0,0,0,0,0,0,0,0,0,0,0,0,0,0
3727360,1820,0,94,94,0,0,0,-0.00261,0.00133,0.0601,2615,0,0,0,0,0,0,0,0,0,0,0,0,0,0,0,0,0,0,0,0,0
3729408,1821,0,97,97,0,0,0,0.08779,0.00203,0.0717,2754,0,0,0,0,0,0,0,0,0,0,0,0,0,0,0,0,0,0,0,0,0
3731456,1822,0,107,106,1,0,0,-0.00387,0.00184,0.0505,2728,0,0,0,0,0,0,0,0,0,0,0,0,0,0,0,0,0,0,0,0,0
3733504,1823,0,99,98,0,1,0,0.0002,0.00284,0.0685,2627,0,0,0,0,0,0,0,0,0,0,0,0,0,0,0,0,0,0,0,0,0
3735552,1824,0,108,107,1,0,0,-0.00281,0.00197,0.0541,2610,0,0,0,0,0,0,0,0,0,0,0,0,0,0,0,0,0,0,0,0,0
3737600,1825,0,98,98,0,0,0,-0.00088,0.00088,0.0743,2689,0,0,0,0,0,0,0,0,0,0,0,0,0,0,0,0,0,0,0,0,0
3739648,1826,0,98,97,0,1,0,-0.003,0.00228,0.0774,2781,0,0,0,0,0,0,0,0,0,0,0,0,0,0,0,0,0,0,0,0,0
3741696,1827,0,100,100,0,0,0,-0.00293,0.00169,0.0882,2918,0,0,0,0,0,0,0,0,0,0,0,0,0,0,0,0,0,0,0,0,0
3743744,1828,0,104,104,0,0,0,-0.00224,0.00186,0.0883,2863,0,0,0,0,0,0,0,0,0,0,0,0,0,0,0,0,0,0,0,0,0
3745792,1829,0,97,94,0,3,0,0.00057,0.00528,0.0982,2851,0,0,0,0,0,0,0,0,0,0,0,0,0,0,0,0,0,0,0,0,0
3747840,1830,0,88,87,1,0,0,-0.00386,0.00257,0.1107,2559,0,0,0,0,0,0,0,0,0,0,0,0,0,0,0,0,0,0,0,0,0
3749888,1831,0,102,99,1,2,0,0.00091,0.00607,0.1007,2542,0,0,0,0,0,0,0,0,0,0,0,0,0,0,0,0,0,0,0,0,0
3751936,1832,0,94,94,0,0,0,-0.0232,0.0018,0.1209,2862,0,0,0,0,0,0,0,0,0,0,0,0,0,0,0,0,0,0,0,0,0
3753984,1833,0,105,103,2,0,0,-0.00357,0.00307,0.0796,2742,0,0,0,0,0,0,0,0,0,0,0,0,0,0,0,0,0,0,0,0,0
3756032,1834,0,98,96,1,1,0,-0.00492,0.00347,0.0867,2716,0,0,0,0,0,0,0,0,0,0,0,0,0,0,0,0,0,0,0,0,0
3758080,1835,0,108,105,2,1,0,0.00041,0.00347,0.0616,2688,0,0,0,0,0,0,0,0,0,0,0,0,0,0,0,0,0,0,0,0,0
3760128,1836,0,92,92,0,0,0,-0.0009,0.0016,0.0786,2591,0,0,0,0,0,0,0,0,0,0,0,0,0,0,0,0,0,0,0,0,0
3762176,1837,0,91,90,0,0,1,0.00563,0.00326,0.0801,2682,0,0,0,0,0,0,0,0,0,0,0,0,0,0,0,0,0,0,0,0,0
3764224,1838,0,99,99,0,0,0,0.00309,0.00155,0.0607,2924,0,0,0,0,0,0,0,0,0,0,0,0,0,0,0,0,0,0,0,0,0
3766272,1839,0,101,101,0,0,0,-0.0022,0.00095,0.0635,2898,0,0,0,0,0,0,0,0,0,0,0,0,0,0,0,0,0,0,0,0,0
3768320,1840,0,98,97,1,0,0,-0.00147,0.00238,0.0607,2846,0,0,0,0,0,0,0,0,0,0,0,0,0,0,0,0,0,0,0,0,0
3770368,1841,0,92,90,0,2,0,0.0038,0.00528,0.0703,2841,0,0,0,0,0,0,0,0,0,0,0,0,0,0,0,0,0,0,0,0,0
3772416,1842,0,102,101,0,1,0,0.00089,0.00349,0.0913,2632,0,0,0,0,0,0,0,0,0,0,0,0,0,0,0,0,0,0,0,0,0
3774464,1843,0,93,93,0,0,0,-0.00315,0.0018,0.07,2757,0,0,0,0,0,0,0,0,0,0,0,0,0,0,0,0,0,0,0,0,0
3776512,1844,0,93,92,0,0,1,-0.01269,0.00344,0.0877,2811,0,0,0,0,0,0,0,0,0,0,0,0,0,0,0,0,0,0,0,0,0
3778560,1845,0,96,96,0,0,0,-0.00719,0.00192,0.091,2773,0,0,0,0,0,0,0,0,0,0,0,0,0,0,0,0,0,0,0,0,0
3780608,1846,0,86,85,1,0,0,-0.00612,0.00213,0.0731,2813,0,0,0,0,0,0,0,0,0,0,0,0,0,0,0,0,0,0,0,0,0
3782656,1847,0,105,105,0,0,0,-0.00231,0.0016,0.0835,2624,0,0,0,0,0,0,0,0,0,0,0,0,0,0,0,0,0,0,0,0,0
3784704,1848,0,106,105,0,1,0,-0.0026,0.00227,0.09,2749,0,0,0,0,0,0,0,0,0,0,0,0,0,0,0,0,0,0,0,0,0
3786752,1849,0,99,99,0,0,0,-0.00488,0.00098,0.1032,2577,0,0,0,0,0,0,0,0,0,0,0,0,0,0,0,0,0,0,0,0,0
3788800,1850,0,104,104,0,0,0,-0.00281,0.00081,0.1047,2816,0,0,0,0,0,0,0,0,0,0,0,0,0,0,0,0,0,0,0,0,0
3790848,1851,0,94,93,0,1,0,-0.00234,0.00315,0.1231,2745,0,0,0,0,0,0,0,0,0,0,0,0,0,0,0,0,0,0,0,0,0
3792896,1852,0,93,92,0,0,1,-0.00153,0.00328,0.1259,2629,0,0,0,0,0,0,0,0,0,0,0,0,0,0,0,0,0,0,0,0,0
3794944,1853,0,103,101,0,1,1,-0.00275,0.00415,0.1229,2536,0,0,0,0,0,0,0,0,0,0,0,0,0,0,0,0,0,0,0,0,0
3796992,1854,0,99,98,0,1,0,-0.00373,0.00231,0.1084,2627,0,0,0,0,0,0,0,0,0,0,0,0,0,0,0,0,0,0,0,0,0
3799040,1855,0,101,101,0,0,0,-0.0036,0.00125,0.0839,2556,0,0,0,0,0,0,0,0,0,0,0,0,0,0,0,0,0,0,0,0,0
3801088,1856,0,104,104,0,0,0,-0.00182,0.00095,0.0684,2746,0,0,0,0,0,0,0,0,0,0,0,0,0,0,0,0,0,0,0,0,0
3803136,1857,0,103,101,0,2,0,0.00163,0.00385,0.0729,2633,0,0,0,0,0,0,0,0,0,0,0,0,0,0,0,0,0,0,0,0,0
3805184,1858,0,100,100,0,0,0,-0.00098,0.00145,0.0966,2807,0,0,0,0,0,0,0,0,0,0,0,0,0,0,0,0,0,0,0,0,0
3807232,1859,0,84,83,0,1,0,0.00046,0.00373,0.1242,2827,0,0,0,0,0,0,0,0,0,0,0,0,0,0,0,0,0,0,0,0,0
3809280,1860,0,97,97,0,0,0,-0.00452,0.00122,0.0988,2745,0,0,0,0,0,0,0,0,0,0,0,0,0,0,0,0,0,0,0,0,0
3811328,1861,0,93,93,0,0,0,-0.00194,0.0015,0.115,2874,0,0,0,0,0,0,0,0,0,0,0,0,0,0,0,0,0,0,0,0,0
3813376,1862,0,94,92,0,2,0,-0.00019,0.00443,0.1097,2765,0,0,0,0,0,0,0,0,0,0,0,0,0,0,0,0,0,0,0,0,0
3815424,1863,0,109,109,0,0,0,-0.00139,0.00108,0.0711,2051,0,0,0,0,0,0,0,0,0,0,0,0,0,0,0,0,0,0,0,0,0
3817472,1864,0,92,92,0,0,0,-0.00943,0.00157,0.1099,2776,0,0,0,0,0,0,0,0,0,0,0,0,0,0,0,0,0,0,0,0,0
3819520,1865,0,106,106,0,0,0,-0.00385,0.00116,0.0808,1705,0,0,0,0,0,0,0,0,0,0,0,0,0,0,0,0,0,0,0,0,0
3821568,1866,0,105,105,0,0,0,-0.00188,0.00089,0.0639,2993,0,0,0,0,0,0,0,0,0,0,0,0,0,0,0,0,0,0,0,0,0
3823616,1867,0,99,98,0,1,0,-0.0028,0.00131,0.0694,2759,0,0,0,0,0,0,0,0,0,0,0,0,0,0,0,0,0,0,0,0,0
3825664,1868,0,105,104,0,1,0,-0.00516,0.00238,0.0715,2719,0,0,0,0,0,0,0,0,0,0,0,0,0,0,0,0,0,0,0,0,0
3827712,1869,0,100,100,0,0,0,-0.00331,0.00095,0.0547,2802,0,0,0,0,0,0,0,0,0,0,0,0,0,0,0,0,0,0,0,0,0
3829760,1870,0,106,104,0,2,0,-0.00027,0.00349,0.0557,2636,0,0,0,0,0,0,0,0,0,0,0,0,0,0,0,0,0,0,0,0,0
3831808,1871,0,100,97,0,3,0,-0.00156,0.00481,0.0603,2569,0,0,0,0,0,0,0,0,0,0,0,0,0,0,0,0,0,0,0,0,0
3833856,1872,0,109,107,2,0,0,-0.00287,0.0035,0.0535,2725,0,0,0,0,0,0,0,0,0,0,0,0,0,0,0,0,0,0,0,0,0
3835904,1873,0,99,96,1,2,0,-0.00342,0.00326,0.0566,2499,0,0,0,0,0,0,0,0,0,0,0,0,0,0,0,0,0,0,0,0,0
3837952,1874,0,107,106,0,1,0,-0.0028,0.00149,0.0463,2515,0,0,0,0,0,0,0,0,0,0,0,0,0,0,0,0,0,0,0,0,0
3840000,1875,0,104,104,0,0,0,-0.00141,0.00085,0.0458,2546,0,0,0,0,0,0,0,0,0,0,0,0,0,0,0,0,0,0,0,0,0
3842048,1876,0,102,101,0,1,0,0.0064,0.00233,0.0498,2675,0,0,0,0,0,0,0,0,0,0,0,0,0,0,0,0,0,0,0,0,0
3844096,1877,0,101,100,0,1,0,-0.00502,0.00268,0.0627,2911,0,0,0,0,0,0,0,0,0,0,0,0,0,0,0,0,0,0,0,0,0
3846144,1878,0,102,100,0,2,0,-0.0018,0.00383,0.0462,3029,0,0,0,0,0,0,0,0,0,0,0,0,0,0,0,0,0,0,0,0,0
3848192,1879,0,104,103,1,0,0,-0.00266,0.00202,0.0626,2746,0,0,0,0,0,0,0,0,0,0,0,0,0,0,0,0,0,0,0,0,0
3850240,1880,0,96,96,0,0,0,-0.00243,0.00109,0.0852,2615,0,0,0,0,0,0,0,0,0,0,0,0,0,0,0,0,0,0,0,0,0
3852288,1881,0,96,96,0,0,0,-0.00231,0.00097,0.0802,2627,0,0,0,0,0,0,0,0,0,0,0,0,0,0,0,0,0,0,0,0,0
3854336,1882,0,107,106,1,0,0,0.00184,0.00152,0.0569,2633,0,0,0,0,0,0,0,0,0,0,0,0,0,0,0,0,0,0,0,0,0
3856384,1883,0,95,95,0,0,0,-0.00427,0.00099,0.1024,2375,0,0,0,0,0,0,0,0,0,0,0,0,0,0,0,0,0,0,0,0,0
3858432,1884,0,101,101,0,0,0,-0.00282,0.0009,0.0785,2614,0,0,0,0,0,0,0,0,0,0,0,0,0,0,0,0,0,0,0,0,0
3860480,1885,0,100,100,0,0,0,-0.00455,0.0011,0.0619,2913,0,0,0,0,0,0,0,0,0,0,0,0,0,0,0,0,0,0,0,0,0
3862528,1886,0,84,84,0,0,0,0.00336,0.00215,0.1489,2853,0,0,0,0,0,0,0,0,0,0,0,0,0,0,0,0,0,0,0,0,0
3864576,1887,0,77,75,0,0,2,0.00341,0.00516,0.1884,2663,0,0,0,0,0,0,0,0,0,0,0,0,0,0,0,0,0,0,0,0,0
3866624,1888,0,95,92,0,1,2,-0.00098,0.00644,0.1173,2726,0,0,0,0,0,0,0,0,0,0,0,0,0,0,0,0,0,0,0,0,0
3868672,1889,0,104,103,0,0,1,0.01098,0.00309,0.0892,2821,0,0,0,0,0,0,0,0,0,0,0,0,0,0,0,0,0,0,0,0,0
3870720,1890,0,109,109,0,0,0,-0.00486,0.00109,0.0832,2862,0,0,0,0,0,0,0,0,0,0,0,0,0,0,0,0,0,0,0,0,0
3872768,1891,0,77,77,0,0,0,-0.00328,0.0023,0.197,2742,0,0,0,0,0,0,0,0,0,0,0,0,0,0,0,0,0,0,0,0,0
