global_step,update,phase,episodes,success,lava,ball,timeout,pg_loss,v_loss,entropy,sps,sub_navigate_n,sub_navigate_success,sub_hazard_n,sub_hazard_success,sub_key_door_n,sub_key_door_success,choose_navigate,choose_hazard,choose_key_door,success_under_navigate,lava_under_navigate,ball_under_navigate,timeout_under_navigate,success_under_hazard,lava_under_hazard,ball_under_hazard,timeout_under_hazard,success_under_key_door,lava_under_key_door,ball_under_key_door,timeout_under_key_door
2048,1,0,6,1,5,0,0,-0.00027,0.00138,1.9459,1421,0,0,0,0,0,0,0,0,0,0,0,0,0,0,0,0,0,0,0,0,0
4096,2,0,2,0,2,0,0,-0.00095,6e-05,1.9438,1611,0,0,0,0,0,0,0,0,0,0,0,0,0,0,0,0,0,0,0,0,0
6144,3,0,0,0,0,0,0,-0.00183,0.00011,1.9366,1572,0,0,0,0,0,0,0,0,0,0,0,0,0,0,0,0,0,0,0,0,0
8192,4,0,10,0,2,1,7,-0.00084,0.00013,1.9103,1582,0,0,0,0,0,0,0,0,0,0,0,0,0,0,0,0,0,0,0,0,0
10240,5,0,11,0,5,1,5,-0.00118,2e-05,1.9236,1645,0,0,0,0,0,0,0,0,0,0,0,0,0,0,0,0,0,0,0,0,0
12288,6,0,3,0,2,0,1,-0.0019,6e-05,1.8999,1600,0,0,0,0,0,0,0,0,0,0,0,0,0,0,0,0,0,0,0,0,0
14336,7,0,1,0,1,0,0,-0.00173,0.00015,1.8658,1582,0,0,0,0,0,0,0,0,0,0,0,0,0,0,0,0,0,0,0,0,0
16384,8,0,13,0,5,0,8,-9e-05,9e-05,1.8358,1648,0,0,0,0,0,0,0,0,0,0,0,0,0,0,0,0,0,0,0,0,0
18432,9,0,10,0,5,0,5,-0.00243,0.00012,1.8582,1631,0,0,0,0,0,0,0,0,0,0,0,0,0,0,0,0,0,0,0,0,0
20480,10,0,2,0,0,0,2,-0.00084,0.00011,1.8135,1623,0,0,0,0,0,0,0,0,0,0,0,0,0,0,0,0,0,0,0,0,0
22528,11,0,2,0,2,0,0,0.00028,3e-05,1.8054,1514,0,0,0,0,0,0,0,0,0,0,0,0,0,0,0,0,0,0,0,0,0
24576,12,0,11,0,4,0,7,-0.00379,6e-05,1.7829,1406,0,0,0,0,0,0,0,0,0,0,0,0,0,0,0,0,0,0,0,0,0
26624,13,0,10,0,2,0,8,-0.0012,0.00012,1.8063,1346,0,0,0,0,0,0,0,0,0,0,0,0,0,0,0,0,0,0,0,0,0
28672,14,0,6,0,6,0,0,0.00062,4e-05,1.784,1373,0,0,0,0,0,0,0,0,0,0,0,0,0,0,0,0,0,0,0,0,0
30720,15,0,4,0,2,0,2,-0.0025,2e-05,1.8046,1419,0,0,0,0,0,0,0,0,0,0,0,0,0,0,0,0,0,0,0,0,0
32768,16,0,4,0,1,0,3,-0.00128,2e-05,1.8322,1492,0,0,0,0,0,0,0,0,0,0,0,0,0,0,0,0,0,0,0,0,0
34816,17,0,6,0,1,0,5,-0.00243,2e-05,1.7613,1396,0,0,0,0,0,0,0,0,0,0,0,0,0,0,0,0,0,0,0,0,0
36864,18,0,6,1,1,0,4,-0.0012,0.00057,1.7994,1599,0,0,0,0,0,0,0,0,0,0,0,0,0,0,0,0,0,0,0,0,0
38912,19,0,7,0,4,0,3,-0.00022,2e-05,1.7984,1583,0,0,0,0,0,0,0,0,0,0,0,0,0,0,0,0,0,0,0,0,0
40960,20,0,7,0,3,0,4,-0.00279,1e-05,1.8748,1452,0,0,0,0,0,0,0,0,0,0,0,0,0,0,0,0,0,0,0,0,0
43008,21,0,7,0,4,0,3,-0.00029,2e-05,1.8896,1539,0,0,0,0,0,0,0,0,0,0,0,0,0,0,0,0,0,0,0,0,0
45056,22,0,4,0,0,0,4,0.00015,1e-05,1.9186,1503,0,0,0,0,0,0,0,0,0,0,0,0,0,0,0,0,0,0,0,0,0
47104,23,0,4,0,0,0,4,-0.00207,1e-05,1.9144,1476,0,0,0,0,0,0,0,0,0,0,0,0,0,0,0,0,0,0,0,0,0
49152,24,0,4,0,1,0,3,-0.00204,3e-05,1.8687,1472,0,0,0,0,0,0,0,0,0,0,0,0,0,0,0,0,0,0,0,0,0
51200,25,0,7,0,1,0,6,-0.00264,2e-05,1.8208,1592,0,0,0,0,0,0,0,0,0,0,0,0,0,0,0,0,0,0,0,0,0
53248,26,0,7,0,4,0,3,0.00018,1e-05,1.8389,1432,0,0,0,0,0,0,0,0,0,0,0,0,0,0,0,0,0,0,0,0,0
55296,27,0,2,0,0,0,2,-0.00256,3e-05,1.8165,1435,0,0,0,0,0,0,0,0,0,0,0,0,0,0,0,0,0,0,0,0,0
57344,28,0,7,0,3,0,4,-0.00057,1e-05,1.8384,1466,0,0,0,0,0,0,0,0,0,0,0,0,0,0,0,0,0,0,0,0,0
59392,29,0,8,0,2,0,6,-0.00432,6e-05,1.8074,1499,0,0,0,0,0,0,0,0,0,0,0,0,0,0,0,0,0,0,0,0,0
61440,30,0,7,0,4,0,3,-0.00131,2e-05,1.7575,1498,0,0,0,0,0,0,0,0,0,0,0,0,0,0,0,0,0,0,0,0,0
63488,31,0,2,0,1,0,1,-0.00532,2e-05,1.8144,1651,0,0,0,0,0,0,0,0,0,0,0,0,0,0,0,0,0,0,0,0,0
65536,32,0,12,1,3,0,8,-0.00074,0.00087,1.8063,1638,0,0,0,0,0,0,0,0,0,0,0,0,0,0,0,0,0,0,0,0,0
67584,33,0,5,0,3,0,2,-0.00201,1e-05,1.6968,1402,0,0,0,0,0,0,0,0,0,0,0,0,0,0,0,0,0,0,0,0,0
69632,34,0,5,0,2,0,3,-0.0027,2e-05,1.7768,1471,0,0,0,0,0,0,0,0,0,0,0,0,0,0,0,0,0,0,0,0,0
71680,35,0,3,0,1,0,2,-0.0014,4e-05,1.8227,1482,0,0,0,0,0,0,0,0,0,0,0,0,0,0,0,0,0,0,0,0,0
73728,36,0,15,0,8,0,7,-0.00119,2e-05,1.851,1463,0,0,0,0,0,0,0,0,0,0,0,0,0,0,0,0,0,0,0,0,0
75776,37,0,5,0,3,0,2,-0.00183,2e-05,1.807,1487,0,0,0,0,0,0,0,0,0,0,0,0,0,0,0,0,0,0,0,0,0
77824,38,0,7,0,5,0,2,-0.00045,0.0,1.8228,1451,0,0,0,0,0,0,0,0,0,0,0,0,0,0,0,0,0,0,0,0,0
79872,39,0,7,0,4,0,3,-0.00106,0.0,1.849,1484,0,0,0,0,0,0,0,0,0,0,0,0,0,0,0,0,0,0,0,0,0
81920,40,0,8,0,2,0,6,-0.0012,0.0,1.8449,1549,0,0,0,0,0,0,0,0,0,0,0,0,0,0,0,0,0,0,0,0,0
83968,41,0,5,0,2,0,3,-0.00158,1e-05,1.8281,1451,0,0,0,0,0,0,0,0,0,0,0,0,0,0,0,0,0,0,0,0,0
86016,42,0,2,0,1,0,1,-0.00294,0.0,1.8426,1558,0,0,0,0,0,0,0,0,0,0,0,0,0,0,0,0,0,0,0,0,0
88064,43,0,6,0,1,0,5,-0.00085,0.0,1.8621,1461,0,0,0,0,0,0,0,0,0,0,0,0,0,0,0,0,0,0,0,0,0
90112,44,0,8,1,2,0,5,-0.00018,0.00015,1.8765,1479,0,0,0,0,0,0,0,0,0,0,0,0,0,0,0,0,0,0,0,0,0
92160,45,0,7,0,5,0,2,-0.00051,1e-05,1.8975,1489,0,0,0,0,0,0,0,0,0,0,0,0,0,0,0,0,0,0,0,0,0
94208,46,0,3,0,1,0,2,-0.0001,1e-05,1.8903,1488,0,0,0,0,0,0,0,0,0,0,0,0,0,0,0,0,0,0,0,0,0
96256,47,0,3,0,0,0,3,-0.00066,1e-05,1.8596,1491,0,0,0,0,0,0,0,0,0,0,0,0,0,0,0,0,0,0,0,0,0
98304,48,0,7,0,2,0,5,-0.00153,1e-05,1.8551,1111,0,0,0,0,0,0,0,0,0,0,0,0,0,0,0,0,0,0,0,0,0
100352,49,0,10,0,4,0,6,-0.0014,1e-05,1.8276,1325,0,0,0,0,0,0,0,0,0,0,0,0,0,0,0,0,0,0,0,0,0
102400,50,0,6,1,4,0,1,-0.00069,0.00112,1.8112,1576,0,0,0,0,0,0,0,0,0,0,0,0,0,0,0,0,0,0,0,0,0
104448,51,0,4,0,2,0,2,-0.00446,1e-05,1.7428,1608,0,0,0,0,0,0,0,0,0,0,0,0,0,0,0,0,0,0,0,0,0
106496,52,0,7,0,4,0,3,-0.00108,2e-05,1.7048,1407,0,0,0,0,0,0,0,0,0,0,0,0,0,0,0,0,0,0,0,0,0
108544,53,0,9,0,4,0,5,-0.00522,3e-05,1.5695,1555,0,0,0,0,0,0,0,0,0,0,0,0,0,0,0,0,0,0,0,0,0
110592,54,0,3,0,2,0,1,-0.00088,1e-05,1.604,1533,0,0,0,0,0,0,0,0,0,0,0,0,0,0,0,0,0,0,0,0,0
112640,55,0,3,0,0,0,3,-0.00532,1e-05,1.49,1503,0,0,0,0,0,0,0,0,0,0,0,0,0,0,0,0,0,0,0,0,0
114688,56,0,8,0,2,0,6,-0.00197,2e-05,1.464,1481,0,0,0,0,0,0,0,0,0,0,0,0,0,0,0,0,0,0,0,0,0
116736,57,0,3,0,0,0,3,-0.0027,4e-05,1.4716,1513,0,0,0,0,0,0,0,0,0,0,0,0,0,0,0,0,0,0,0,0,0
118784,58,0,4,0,1,0,3,-0.00204,3e-05,1.5585,1442,0,0,0,0,0,0,0,0,0,0,0,0,0,0,0,0,0,0,0,0,0
120832,59,0,4,0,1,0,3,-0.00257,1e-05,1.4054,1403,0,0,0,0,0,0,0,0,0,0,0,0,0,0,0,0,0,0,0,0,0
122880,60,0,10,0,2,0,8,-0.00166,3e-05,1.4881,1577,0,0,0,0,0,0,0,0,0,0,0,0,0,0,0,0,0,0,0,0,0
124928,61,0,8,0,4,0,4,-0.00192,2e-05,1.4524,1441,0,0,0,0,0,0,0,0,0,0,0,0,0,0,0,0,0,0,0,0,0
126976,62,0,7,0,6,0,1,-0.001,3e-05,1.5403,1443,0,0,0,0,0,0,0,0,0,0,0,0,0,0,0,0,0,0,0,0,0
129024,63,0,2,0,2,0,0,-0.0026,2e-05,1.3992,1510,0,0,0,0,0,0,0,0,0,0,0,0,0,0,0,0,0,0,0,0,0
131072,64,0,8,0,3,0,5,-0.00159,1e-05,1.3871,1542,0,0,0,0,0,0,0,0,0,0,0,0,0,0,0,0,0,0,0,0,0
133120,65,0,6,0,3,0,3,0.00011,2e-05,1.4839,1641,0,0,0,0,0,0,0,0,0,0,0,0,0,0,0,0,0,0,0,0,0
135168,66,0,7,0,4,0,3,-0.00189,1e-05,1.4134,1519,0,0,0,0,0,0,0,0,0,0,0,0,0,0,0,0,0,0,0,0,0
137216,67,0,2,0,0,0,2,0.00051,0.0,1.4625,1545,0,0,0,0,0,0,0,0,0,0,0,0,0,0,0,0,0,0,0,0,0
139264,68,0,8,0,2,1,5,-0.00013,0.0,1.4391,1425,0,0,0,0,0,0,0,0,0,0,0,0,0,0,0,0,0,0,0,0,0
141312,69,0,8,0,4,0,4,-0.00246,1e-05,1.4735,1527,0,0,0,0,0,0,0,0,0,0,0,0,0,0,0,0,0,0,0,0,0
143360,70,0,8,0,4,0,4,-0.00407,1e-05,1.439,1443,0,0,0,0,0,0,0,0,0,0,0,0,0,0,0,0,0,0,0,0,0
145408,71,0,3,0,3,0,0,0.00025,1e-05,1.4735,1487,0,0,0,0,0,0,0,0,0,0,0,0,0,0,0,0,0,0,0,0,0
147456,72,0,5,0,1,0,4,-0.00024,1e-05,1.3818,1439,0,0,0,0,0,0,0,0,0,0,0,0,0,0,0,0,0,0,0,0,0
149504,73,0,8,0,2,0,6,-0.00516,1e-05,1.3811,1517,0,0,0,0,0,0,0,0,0,0,0,0,0,0,0,0,0,0,0,0,0
151552,74,0,5,0,1,0,4,-0.00074,1e-05,1.3596,1529,0,0,0,0,0,0,0,0,0,0,0,0,0,0,0,0,0,0,0,0,0
153600,75,0,3,0,1,0,2,-0.00029,1e-05,1.4475,1503,0,0,0,0,0,0,0,0,0,0,0,0,0,0,0,0,0,0,0,0,0
155648,76,0,6,0,2,0,4,0.00022,3e-05,1.4906,1552,0,0,0,0,0,0,0,0,0,0,0,0,0,0,0,0,0,0,0,0,0
157696,77,0,7,0,3,0,4,-0.00282,2e-05,1.5717,1390,0,0,0,0,0,0,0,0,0,0,0,0,0,0,0,0,0,0,0,0,0
159744,78,0,5,0,1,0,4,0.00106,2e-05,1.6266,1504,0,0,0,0,0,0,0,0,0,0,0,0,0,0,0,0,0,0,0,0,0
161792,79,0,6,0,3,0,3,-0.00148,1e-05,1.535,1513,0,0,0,0,0,0,0,0,0,0,0,0,0,0,0,0,0,0,0,0,0
163840,80,0,5,0,2,0,3,-0.00025,0.0,1.5994,1585,0,0,0,0,0,0,0,0,0,0,0,0,0,0,0,0,0,0,0,0,0
165888,81,0,6,0,2,0,4,-0.00067,1e-05,1.5043,1385,0,0,0,0,0,0,0,0,0,0,0,0,0,0,0,0,0,0,0,0,0
167936,82,0,5,0,1,0,4,-0.00351,1e-05,1.4392,1496,0,0,0,0,0,0,0,0,0,0,0,0,0,0,0,0,0,0,0,0,0
169984,83,0,6,0,2,0,4,-0.00339,1e-05,1.5028,1564,0,0,0,0,0,0,0,0,0,0,0,0,0,0,0,0,0,0,0,0,0
172032,84,0,4,0,2,0,2,-0.00248,1e-05,1.4406,1411,0,0,0,0,0,0,0,0,0,0,0,0,0,0,0,0,0,0,0,0,0
174080,85,0,4,0,0,0,4,-0.00043,1e-05,1.4871,1512,0,0,0,0,0,0,0,0,0,0,0,0,0,0,0,0,0,0,0,0,0
176128,86,0,4,0,0,0,4,-0.00217,1e-05,1.4499,1507,0,0,0,0,0,0,0,0,0,0,0,0,0,0,0,0,0,0,0,0,0
178176,87,0,8,0,2,0,6,-0.0019,1e-05,1.4495,1576,0,0,0,0,0,0,0,0,0,0,0,0,0,0,0,0,0,0,0,0,0
180224,88,0,2,0,1,0,1,0.00104,1e-05,1.4374,1539,0,0,0,0,0,0,0,0,0,0,0,0,0,0,0,0,0,0,0,0,0
182272,89,0,3,0,1,0,2,-0.00156,1e-05,1.5627,1501,0,0,0,0,0,0,0,0,0,0,0,0,0,0,0,0,0,0,0,0,0
184320,90,0,6,0,2,0,4,-0.00088,0.0,1.6201,1484,0,0,0,0,0,0,0,0,0,0,0,0,0,0,0,0,0,0,0,0,0
186368,91,0,9,0,3,0,6,-0.00207,0.0,1.6121,1505,0,0,0,0,0,0,0,0,0,0,0,0,0,0,0,0,0,0,0,0,0
188416,92,0,3,0,1,0,2,-6e-05,0.0,1.5631,1543,0,0,0,0,0,0,0,0,0,0,0,0,0,0,0,0,0,0,0,0,0
190464,93,0,5,1,1,0,3,-0.00029,0.00076,1.6091,1463,0,0,0,0,0,0,0,0,0,0,0,0,0,0,0,0,0,0,0,0,0
192512,94,0,3,0,0,0,3,-0.00078,0.0,1.5834,1463,0,0,0,0,0,0,0,0,0,0,0,0,0,0,0,0,0,0,0,0,0
194560,95,0,8,0,3,0,5,-0.0005,1e-05,1.5777,1372,0,0,0,0,0,0,0,0,0,0,0,0,0,0,0,0,0,0,0,0,0
196608,96,0,4,0,2,0,2,-0.00283,0.0,1.5548,1466,0,0,0,0,0,0,0,0,0,0,0,0,0,0,0,0,0,0,0,0,0
198656,97,0,6,0,2,0,4,-0.00112,0.0,1.4865,1593,0,0,0,0,0,0,0,0,0,0,0,0,0,0,0,0,0,0,0,0,0
200704,98,0,3,0,0,0,3,0.00011,1e-05,1.5032,1472,0,0,0,0,0,0,0,0,0,0,0,0,0,0,0,0,0,0,0,0,0
202752,99,0,7,0,2,0,5,-0.00048,0.0,1.5011,1468,0,0,0,0,0,0,0,0,0,0,0,0,0,0,0,0,0,0,0,0,0
204800,100,0,6,0,2,0,4,-0.00366,0.0,1.5836,1375,0,0,0,0,0,0,0,0,0,0,0,0,0,0,0,0,0,0,0,0,0
206848,101,0,5,0,3,0,2,-0.00193,0.0,1.5508,1609,0,0,0,0,0,0,0,0,0,0,0,0,0,0,0,0,0,0,0,0,0
208896,102,0,4,0,0,0,4,-0.00095,0.0,1.585,1494,0,0,0,0,0,0,0,0,0,0,0,0,0,0,0,0,0,0,0,0,0
210944,103,0,2,0,0,0,2,-0.00172,1e-05,1.4911,1428,0,0,0,0,0,0,0,0,0,0,0,0,0,0,0,0,0,0,0,0,0
212992,104,0,5,0,0,0,5,-0.00407,1e-05,1.5466,1498,0,0,0,0,0,0,0,0,0,0,0,0,0,0,0,0,0,0,0,0,0
215040,105,0,5,0,0,0,5,-0.0008,0.0,1.5416,1436,0,0,0,0,0,0,0,0,0,0,0,0,0,0,0,0,0,0,0,0,0
217088,106,0,4,0,0,0,4,-0.00187,0.0,1.4705,1430,0,0,0,0,0,0,0,0,0,0,0,0,0,0,0,0,0,0,0,0,0
219136,107,0,4,0,0,0,4,-0.00164,1e-05,1.5323,1389,0,0,0,0,0,0,0,0,0,0,0,0,0,0,0,0,0,0,0,0,0
221184,108,0,5,0,2,0,3,-0.00223,2e-05,1.5957,1525,0,0,0,0,0,0,0,0,0,0,0,0,0,0,0,0,0,0,0,0,0
223232,109,0,8,0,3,0,5,-0.00088,2e-05,1.6607,1429,0,0,0,0,0,0,0,0,0,0,0,0,0,0,0,0,0,0,0,0,0
225280,110,0,4,0,0,0,4,-0.00116,1e-05,1.6813,1469,0,0,0,0,0,0,0,0,0,0,0,0,0,0,0,0,0,0,0,0,0
227328,111,0,5,0,2,0,3,-0.00012,1e-05,1.704,1446,0,0,0,0,0,0,0,0,0,0,0,0,0,0,0,0,0,0,0,0,0
229376,112,0,9,0,4,0,5,-0.00292,2e-05,1.7811,1411,0,0,0,0,0,0,0,0,0,0,0,0,0,0,0,0,0,0,0,0,0
231424,113,0,7,0,4,0,3,-0.00014,1e-05,1.7956,1507,0,0,0,0,0,0,0,0,0,0,0,0,0,0,0,0,0,0,0,0,0
233472,114,0,3,0,2,0,1,0.00063,0.0,1.8628,1465,0,0,0,0,0,0,0,0,0,0,0,0,0,0,0,0,0,0,0,0,0
235520,115,0,5,0,2,0,3,-0.00016,0.0,1.8816,1434,0,0,0,0,0,0,0,0,0,0,0,0,0,0,0,0,0,0,0,0,0
237568,116,0,9,0,4,0,5,-0.00114,0.0,1.9049,1432,0,0,0,0,0,0,0,0,0,0,0,0,0,0,0,0,0,0,0,0,0
239616,117,0,6,0,1,0,5,-0.00027,0.0,1.9256,1526,0,0,0,0,0,0,0,0,0,0,0,0,0,0,0,0,0,0,0,0,0
241664,118,0,2,0,1,0,1,-0.00097,0.0,1.9373,1615,0,0,0,0,0,0,0,0,0,0,0,0,0,0,0,0,0,0,0,0,0
243712,119,0,5,0,3,0,2,-0.00354,0.0,1.9436,1498,0,0,0,0,0,0,0,0,0,0,0,0,0,0,0,0,0,0,0,0,0
245760,120,0,7,0,1,0,6,-0.00305,2e-05,1.9264,1469,0,0,0,0,0,0,0,0,0,0,0,0,0,0,0,0,0,0,0,0,0
247808,121,0,8,0,5,0,3,-0.00083,2e-05,1.9294,1378,0,0,0,0,0,0,0,0,0,0,0,0,0,0,0,0,0,0,0,0,0
249856,122,0,5,0,3,0,2,-0.00109,1e-05,1.9293,1382,0,0,0,0,0,0,0,0,0,0,0,0,0,0,0,0,0,0,0,0,0
251904,123,0,5,0,3,0,2,-0.00181,2e-05,1.9224,1558,0,0,0,0,0,0,0,0,0,0,0,0,0,0,0,0,0,0,0,0,0
253952,124,0,8,0,2,0,6,-0.00223,1e-05,1.919,1429,0,0,0,0,0,0,0,0,0,0,0,0,0,0,0,0,0,0,0,0,0
256000,125,0,7,0,3,0,4,-0.00289,1e-05,1.9176,1469,0,0,0,0,0,0,0,0,0,0,0,0,0,0,0,0,0,0,0,0,0
258048,126,0,7,0,5,0,2,-0.00174,0.0,1.8923,1486,0,0,0,0,0,0,0,0,0,0,0,0,0,0,0,0,0,0,0,0,0
260096,127,0,7,0,2,0,5,-0.00241,0.0,1.8868,1528,0,0,0,0,0,0,0,0,0,0,0,0,0,0,0,0,0,0,0,0,0
262144,128,0,4,0,2,0,2,-0.0014,0.0,1.8565,1474,0,0,0,0,0,0,0,0,0,0,0,0,0,0,0,0,0,0,0,0,0
264192,129,0,5,0,2,0,3,-0.00044,0.0,1.8643,1464,0,0,0,0,0,0,0,0,0,0,0,0,0,0,0,0,0,0,0,0,0
266240,130,0,5,0,2,0,3,-0.00305,0.0,1.824,1415,0,0,0,0,0,0,0,0,0,0,0,0,0,0,0,0,0,0,0,0,0
268288,131,0,6,0,2,0,4,-0.00044,1e-05,1.826,1411,0,0,0,0,0,0,0,0,0,0,0,0,0,0,0,0,0,0,0,0,0
270336,132,0,7,0,1,0,6,-0.00328,1e-05,1.7397,1467,0,0,0,0,0,0,0,0,0,0,0,0,0,0,0,0,0,0,0,0,0
272384,133,0,10,0,7,0,3,-0.00319,0.0,1.67,1393,0,0,0,0,0,0,0,0,0,0,0,0,0,0,0,0,0,0,0,0,0
274432,134,0,7,0,6,0,1,-0.00179,0.0,1.7511,1268,0,0,0,0,0,0,0,0,0,0,0,0,0,0,0,0,0,0,0,0,0
276480,135,0,7,0,3,0,4,-0.00054,0.0,1.6898,1470,0,0,0,0,0,0,0,0,0,0,0,0,0,0,0,0,0,0,0,0,0
278528,136,0,4,0,2,0,2,-0.00225,0.0,1.797,1530,0,0,0,0,0,0,0,0,0,0,0,0,0,0,0,0,0,0,0,0,0
280576,137,0,5,0,1,0,4,-0.00137,0.0,1.8298,1419,0,0,0,0,0,0,0,0,0,0,0,0,0,0,0,0,0,0,0,0,0
282624,138,0,12,0,8,0,4,0.00075,0.0,1.8255,1437,0,0,0,0,0,0,0,0,0,0,0,0,0,0,0,0,0,0,0,0,0
284672,139,0,6,0,0,0,6,7e-05,0.0,1.8521,1416,0,0,0,0,0,0,0,0,0,0,0,0,0,0,0,0,0,0,0,0,0
286720,140,0,5,0,2,0,3,-0.00189,0.0,1.8615,1317,0,0,0,0,0,0,0,0,0,0,0,0,0,0,0,0,0,0,0,0,0
288768,141,0,2,0,1,0,1,-0.0023,0.0,1.8893,1409,0,0,0,0,0,0,0,0,0,0,0,0,0,0,0,0,0,0,0,0,0
290816,142,0,8,0,1,0,7,-0.00085,0.0,1.9173,1319,0,0,0,0,0,0,0,0,0,0,0,0,0,0,0,0,0,0,0,0,0
292864,143,0,5,0,2,0,3,-0.0007,0.0,1.9314,1425,0,0,0,0,0,0,0,0,0,0,0,0,0,0,0,0,0,0,0,0,0
294912,144,0,7,0,2,0,5,0.00012,0.0,1.9381,1102,0,0,0,0,0,0,0,0,0,0,0,0,0,0,0,0,0,0,0,0,0
296960,145,0,3,0,2,0,1,-0.00025,0.0,1.9357,1356,0,0,0,0,0,0,0,0,0,0,0,0,0,0,0,0,0,0,0,0,0
299008,146,0,8,0,2,0,6,-0.0007,1e-05,1.9328,1316,0,0,0,0,0,0,0,0,0,0,0,0,0,0,0,0,0,0,0,0,0
301056,147,0,8,0,3,1,4,-0.00014,0.0,1.9336,1447,0,0,0,0,0,0,0,0,0,0,0,0,0,0,0,0,0,0,0,0,0
303104,148,0,7,0,3,0,4,-0.00042,1e-05,1.9326,1239,0,0,0,0,0,0,0,0,0,0,0,0,0,0,0,0,0,0,0,0,0
305152,149,0,4,0,3,0,1,-0.00035,0.0,1.9285,1218,0,0,0,0,0,0,0,0,0,0,0,0,0,0,0,0,0,0,0,0,0
307200,150,0,7,0,5,0,2,-0.00024,0.0,1.9334,1531,0,0,0,0,0,0,0,0,0,0,0,0,0,0,0,0,0,0,0,0,0
309248,151,0,11,0,4,0,7,-0.00118,1e-05,1.9381,1318,0,0,0,0,0,0,0,0,0,0,0,0,0,0,0,0,0,0,0,0,0
311296,152,0,5,0,3,0,2,-0.00068,0.0,1.9422,1514,0,0,0,0,0,0,0,0,0,0,0,0,0,0,0,0,0,0,0,0,0
313344,153,0,1,0,0,0,1,-0.00049,1e-05,1.9374,1432,0,0,0,0,0,0,0,0,0,0,0,0,0,0,0,0,0,0,0,0,0
315392,154,0,6,0,1,0,5,-0.0018,3e-05,1.9192,1550,0,0,0,0,0,0,0,0,0,0,0,0,0,0,0,0,0,0,0,0,0
317440,155,0,7,0,3,0,4,-0.00067,2e-05,1.9322,1529,0,0,0,0,0,0,0,0,0,0,0,0,0,0,0,0,0,0,0,0,0
319488,156,0,6,0,2,0,4,4e-05,1e-05,1.9398,1389,0,0,0,0,0,0,0,0,0,0,0,0,0,0,0,0,0,0,0,0,0
321536,157,0,4,0,2,0,2,-0.00031,0.0,1.9377,1550,0,0,0,0,0,0,0,0,0,0,0,0,0,0,0,0,0,0,0,0,0
323584,158,0,5,0,0,1,4,-0.00019,0.0,1.9313,1548,0,0,0,0,0,0,0,0,0,0,0,0,0,0,0,0,0,0,0,0,0
325632,159,0,6,0,2,0,4,-0.00079,0.0,1.9227,1428,0,0,0,0,0,0,0,0,0,0,0,0,0,0,0,0,0,0,0,0,0
327680,160,0,6,0,3,0,3,-0.00044,0.0,1.9166,1359,0,0,0,0,0,0,0,0,0,0,0,0,0,0,0,0,0,0,0,0,0
329728,161,0,6,0,2,1,3,-2e-05,0.0,1.9284,1403,0,0,0,0,0,0,0,0,0,0,0,0,0,0,0,0,0,0,0,0,0
331776,162,0,6,0,1,0,5,-0.00097,1e-05,1.9241,1403,0,0,0,0,0,0,0,0,0,0,0,0,0,0,0,0,0,0,0,0,0
333824,163,0,4,0,2,0,2,-0.00298,1e-05,1.8849,1526,0,0,0,0,0,0,0,0,0,0,0,0,0,0,0,0,0,0,0,0,0
335872,164,0,3,0,0,0,3,0.00056,0.0,1.8925,1458,0,0,0,0,0,0,0,0,0,0,0,0,0,0,0,0,0,0,0,0,0
337920,165,0,8,0,3,0,5,-0.00161,0.0,1.9049,1441,0,0,0,0,0,0,0,0,0,0,0,0,0,0,0,0,0,0,0,0,0
339968,166,0,6,0,0,0,6,-0.00049,0.0,1.9151,1552,0,0,0,0,0,0,0,0,0,0,0,0,0,0,0,0,0,0,0,0,0
342016,167,0,3,0,2,0,1,-0.00063,0.0,1.8933,1343,0,0,0,0,0,0,0,0,0,0,0,0,0,0,0,0,0,0,0,0,0
344064,168,0,4,0,2,0,2,-0.00235,1e-05,1.8568,1433,0,0,0,0,0,0,0,0,0,0,0,0,0,0,0,0,0,0,0,0,0
346112,169,0,12,0,4,0,8,0.0001,1e-05,1.8691,1375,0,0,0,0,0,0,0,0,0,0,0,0,0,0,0,0,0,0,0,0,0
348160,170,0,3,0,2,0,1,-0.00032,0.0,1.8856,1340,0,0,0,0,0,0,0,0,0,0,0,0,0,0,0,0,0,0,0,0,0
350208,171,0,4,0,2,0,2,-0.00174,0.0,1.9092,1256,0,0,0,0,0,0,0,0,0,0,0,0,0,0,0,0,0,0,0,0,0
352256,172,0,6,0,3,0,3,-0.00127,0.0,1.9328,1530,0,0,0,0,0,0,0,0,0,0,0,0,0,0,0,0,0,0,0,0,0
354304,173,0,9,0,3,0,6,-0.00053,0.0,1.9388,1597,0,0,0,0,0,0,0,0,0,0,0,0,0,0,0,0,0,0,0,0,0
356352,174,0,3,0,3,0,0,-0.00032,0.0,1.9343,1541,0,0,0,0,0,0,0,0,0,0,0,0,0,0,0,0,0,0,0,0,0
358400,175,0,5,0,4,0,1,-0.00053,0.0,1.9361,1579,0,0,0,0,0,0,0,0,0,0,0,0,0,0,0,0,0,0,0,0,0
360448,176,0,7,0,3,0,4,-0.00139,0.0,1.926,1508,0,0,0,0,0,0,0,0,0,0,0,0,0,0,0,0,0,0,0,0,0
362496,177,0,9,0,4,0,5,-0.00082,0.0,1.9265,1600,0,0,0,0,0,0,0,0,0,0,0,0,0,0,0,0,0,0,0,0,0
364544,178,0,4,0,2,0,2,-0.00071,0.0,1.9326,1524,0,0,0,0,0,0,0,0,0,0,0,0,0,0,0,0,0,0,0,0,0
366592,179,0,4,0,0,0,4,-0.00212,0.0,1.9225,1490,0,0,0,0,0,0,0,0,0,0,0,0,0,0,0,0,0,0,0,0,0
368640,180,0,7,0,5,0,2,-0.00021,0.0,1.9175,1327,0,0,0,0,0,0,0,0,0,0,0,0,0,0,0,0,0,0,0,0,0
370688,181,0,7,0,2,0,5,-0.00105,0.0,1.881,1539,0,0,0,0,0,0,0,0,0,0,0,0,0,0,0,0,0,0,0,0,0
372736,182,0,9,1,3,0,5,-0.00468,0.00068,1.8515,1405,0,0,0,0,0,0,0,0,0,0,0,0,0,0,0,0,0,0,0,0,0
374784,183,0,4,0,2,0,2,0.00018,0.0,1.8273,1228,0,0,0,0,0,0,0,0,0,0,0,0,0,0,0,0,0,0,0,0,0
376832,184,0,2,0,0,0,2,-0.00347,0.0,1.8599,1350,0,0,0,0,0,0,0,0,0,0,0,0,0,0,0,0,0,0,0,0,0
378880,185,0,7,0,2,0,5,-0.00044,0.0,1.8447,1551,0,0,0,0,0,0,0,0,0,0,0,0,0,0,0,0,0,0,0,0,0
380928,186,0,10,0,6,0,4,-0.00048,0.0,1.8402,1360,0,0,0,0,0,0,0,0,0,0,0,0,0,0,0,0,0,0,0,0,0
382976,187,0,7,0,2,0,5,-0.00255,0.0,1.8862,1202,0,0,0,0,0,0,0,0,0,0,0,0,0,0,0,0,0,0,0,0,0
385024,188,0,2,0,0,0,2,-0.00046,0.0,1.9145,1489,0,0,0,0,0,0,0,0,0,0,0,0,0,0,0,0,0,0,0,0,0
387072,189,0,8,0,5,0,3,-0.00037,0.0,1.9095,1646,0,0,0,0,0,0,0,0,0,0,0,0,0,0,0,0,0,0,0,0,0
389120,190,0,9,0,4,0,5,-0.00064,0.0,1.8809,1379,0,0,0,0,0,0,0,0,0,0,0,0,0,0,0,0,0,0,0,0,0
391168,191,0,13,0,8,0,5,-0.00085,0.0,1.8273,1506,0,0,0,0,0,0,0,0,0,0,0,0,0,0,0,0,0,0,0,0,0
393216,192,0,5,0,4,0,1,-0.0016,0.0,1.8193,1485,0,0,0,0,0,0,0,0,0,0,0,0,0,0,0,0,0,0,0,0,0
395264,193,0,1,0,0,0,1,-0.00054,0.0,1.8545,1533,0,0,0,0,0,0,0,0,0,0,0,0,0,0,0,0,0,0,0,0,0
397312,194,0,6,0,4,0,2,-0.00132,0.0,1.8749,1522,0,0,0,0,0,0,0,0,0,0,0,0,0,0,0,0,0,0,0,0,0
399360,195,0,9,0,2,0,7,0.00058,0.0,1.8969,1527,0,0,0,0,0,0,0,0,0,0,0,0,0,0,0,0,0,0,0,0,0
401408,196,0,6,0,3,0,3,-0.00049,0.0,1.8956,1406,0,0,0,0,0,0,0,0,0,0,0,0,0,0,0,0,0,0,0,0,0
403456,197,0,1,0,1,0,0,-0.00126,0.0,1.8819,1247,0,0,0,0,0,0,0,0,0,0,0,0,0,0,0,0,0,0,0,0,0
405504,198,0,9,0,2,1,6,-0.00027,0.0,1.8663,1438,0,0,0,0,0,0,0,0,0,0,0,0,0,0,0,0,0,0,0,0,0
407552,199,0,7,0,3,0,4,-0.00056,0.0,1.8725,1447,0,0,0,0,0,0,0,0,0,0,0,0,0,0,0,0,0,0,0,0,0
409600,200,0,9,0,5,0,4,0.00023,0.0,1.886,1491,0,0,0,0,0,0,0,0,0,0,0,0,0,0,0,0,0,0,0,0,0
411648,201,0,6,1,5,0,0,-0.001,0.00093,1.8733,1496,0,0,0,0,0,0,0,0,0,0,0,0,0,0,0,0,0,0,0,0,0
413696,202,0,4,0,1,0,3,-0.00094,0.0,1.8689,1586,0,0,0,0,0,0,0,0,0,0,0,0,0,0,0,0,0,0,0,0,0
415744,203,0,5,0,2,0,3,-9e-05,0.0,1.8979,1519,0,0,0,0,0,0,0,0,0,0,0,0,0,0,0,0,0,0,0,0,0
417792,204,0,7,0,3,0,4,0.0003,0.0,1.9045,1390,0,0,0,0,0,0,0,0,0,0,0,0,0,0,0,0,0,0,0,0,0
419840,205,0,9,0,5,0,4,-0.00042,0.0,1.9129,1467,0,0,0,0,0,0,0,0,0,0,0,0,0,0,0,0,0,0,0,0,0
421888,206,0,5,0,2,0,3,-0.00079,0.0,1.909,1621,0,0,0,0,0,0,0,0,0,0,0,0,0,0,0,0,0,0,0,0,0
423936,207,0,4,0,1,0,3,-0.00016,0.0,1.8904,1633,0,0,0,0,0,0,0,0,0,0,0,0,0,0,0,0,0,0,0,0,0
425984,208,0,6,0,1,0,5,-0.00145,0.0,1.8772,1598,0,0,0,0,0,0,0,0,0,0,0,0,0,0,0,0,0,0,0,0,0
428032,209,0,7,0,2,0,5,-0.00319,0.0,1.8266,1509,0,0,0,0,0,0,0,0,0,0,0,0,0,0,0,0,0,0,0,0,0
430080,210,0,5,1,0,0,4,-0.00074,0.00167,1.7964,1615,0,0,0,0,0,0,0,0,0,0,0,0,0,0,0,0,0,0,0,0,0
432128,211,0,5,0,3,1,1,-0.00326,1e-05,1.8453,1535,0,0,0,0,0,0,0,0,0,0,0,0,0,0,0,0,0,0,0,0,0
434176,212,0,9,0,4,0,5,-0.00109,0.0,1.8839,1419,0,0,0,0,0,0,0,0,0,0,0,0,0,0,0,0,0,0,0,0,0
436224,213,0,2,0,0,0,2,4e-05,0.0,1.907,1366,0,0,0,0,0,0,0,0,0,0,0,0,0,0,0,0,0,0,0,0,0
438272,214,0,7,0,3,0,4,-0.00099,0.0,1.9122,1569,0,0,0,0,0,0,0,0,0,0,0,0,0,0,0,0,0,0,0,0,0
440320,215,0,5,0,1,0,4,-0.00059,0.0,1.9244,1516,0,0,0,0,0,0,0,0,0,0,0,0,0,0,0,0,0,0,0,0,0
442368,216,0,7,1,3,0,3,-0.0012,0.00173,1.9216,1503,0,0,0,0,0,0,0,0,0,0,0,0,0,0,0,0,0,0,0,0,0
444416,217,0,7,0,6,0,1,0.00036,0.0,1.8831,1576,0,0,0,0,0,0,0,0,0,0,0,0,0,0,0,0,0,0,0,0,0
446464,218,0,6,0,1,0,5,-0.00281,1e-05,1.8587,1537,0,0,0,0,0,0,0,0,0,0,0,0,0,0,0,0,0,0,0,0,0
448512,219,0,4,0,1,0,3,-0.00253,0.0,1.8777,1517,0,0,0,0,0,0,0,0,0,0,0,0,0,0,0,0,0,0,0,0,0
450560,220,0,8,0,2,0,6,-0.00168,0.0,1.8962,1463,0,0,0,0,0,0,0,0,0,0,0,0,0,0,0,0,0,0,0,0,0
452608,221,0,4,0,1,0,3,-0.00165,0.0,1.9127,1575,0,0,0,0,0,0,0,0,0,0,0,0,0,0,0,0,0,0,0,0,0
454656,222,0,8,0,6,0,2,2e-05,0.0,1.9223,1592,0,0,0,0,0,0,0,0,0,0,0,0,0,0,0,0,0,0,0,0,0
456704,223,0,7,0,4,0,3,-0.0002,0.0,1.9184,1567,0,0,0,0,0,0,0,0,0,0,0,0,0,0,0,0,0,0,0,0,0
458752,224,0,4,0,0,1,3,-0.00042,0.0,1.9135,1529,0,0,0,0,0,0,0,0,0,0,0,0,0,0,0,0,0,0,0,0,0
460800,225,0,4,0,1,0,3,-0.00125,0.0,1.8998,1567,0,0,0,0,0,0,0,0,0,0,0,0,0,0,0,0,0,0,0,0,0
462848,226,0,9,0,4,0,5,-0.00134,0.0,1.8573,1541,0,0,0,0,0,0,0,0,0,0,0,0,0,0,0,0,0,0,0,0,0
464896,227,0,8,0,4,0,4,-0.0003,0.0,1.8476,1457,0,0,0,0,0,0,0,0,0,0,0,0,0,0,0,0,0,0,0,0,0
466944,228,0,9,1,4,0,4,-0.00323,0.00076,1.7682,1358,0,0,0,0,0,0,0,0,0,0,0,0,0,0,0,0,0,0,0,0,0
468992,229,0,0,0,0,0,0,-0.00068,0.0,1.8077,1469,0,0,0,0,0,0,0,0,0,0,0,0,0,0,0,0,0,0,0,0,0
471040,230,0,6,0,2,0,4,-0.0014,1e-05,1.803,1509,0,0,0,0,0,0,0,0,0,0,0,0,0,0,0,0,0,0,0,0,0
473088,231,0,8,1,3,0,4,-0.00194,0.00022,1.849,1625,0,0,0,0,0,0,0,0,0,0,0,0,0,0,0,0,0,0,0,0,0
475136,232,0,12,0,6,0,6,-0.00083,0.0,1.8721,1549,0,0,0,0,0,0,0,0,0,0,0,0,0,0,0,0,0,0,0,0,0
477184,233,0,2,0,1,0,1,-0.0038,0.0,1.8674,1505,0,0,0,0,0,0,0,0,0,0,0,0,0,0,0,0,0,0,0,0,0
479232,234,0,1,0,0,0,1,5e-05,0.0,1.802,1437,0,0,0,0,0,0,0,0,0,0,0,0,0,0,0,0,0,0,0,0,0
481280,235,0,6,0,1,0,5,-0.00049,0.0,1.776,1476,0,0,0,0,0,0,0,0,0,0,0,0,0,0,0,0,0,0,0,0,0
483328,236,0,10,0,2,0,8,1e-05,0.0,1.7388,1522,0,0,0,0,0,0,0,0,0,0,0,0,0,0,0,0,0,0,0,0,0
485376,237,0,3,0,1,0,2,-0.00064,0.0,1.796,1527,0,0,0,0,0,0,0,0,0,0,0,0,0,0,0,0,0,0,0,0,0
487424,238,0,3,0,1,0,2,-0.00213,0.0,1.8284,1520,0,0,0,0,0,0,0,0,0,0,0,0,0,0,0,0,0,0,0,0,0
489472,239,0,6,0,1,1,4,-0.00228,0.0,1.8238,1620,0,0,0,0,0,0,0,0,0,0,0,0,0,0,0,0,0,0,0,0,0
491520,240,0,8,0,1,0,7,-0.00129,0.0,1.8258,1472,0,0,0,0,0,0,0,0,0,0,0,0,0,0,0,0,0,0,0,0,0
493568,241,0,1,0,0,0,1,-0.00017,0.0,1.8301,1421,0,0,0,0,0,0,0,0,0,0,0,0,0,0,0,0,0,0,0,0,0
495616,242,0,4,0,2,0,2,-0.00237,0.0,1.7882,1333,0,0,0,0,0,0,0,0,0,0,0,0,0,0,0,0,0,0,0,0,0
497664,243,0,8,0,1,0,7,0.00054,0.0,1.7883,1425,0,0,0,0,0,0,0,0,0,0,0,0,0,0,0,0,0,0,0,0,0
499712,244,0,7,0,2,0,5,-0.00095,0.0,1.7908,1493,0,0,0,0,0,0,0,0,0,0,0,0,0,0,0,0,0,0,0,0,0
501760,245,0,2,0,1,0,1,-0.0014,0.0,1.742,1421,0,0,0,0,0,0,0,0,0,0,0,0,0,0,0,0,0,0,0,0,0
503808,246,0,4,0,1,0,3,-0.00097,0.0,1.7425,1443,0,0,0,0,0,0,0,0,0,0,0,0,0,0,0,0,0,0,0,0,0
505856,247,0,7,0,0,0,7,-0.00324,0.0,1.6993,1480,0,0,0,0,0,0,0,0,0,0,0,0,0,0,0,0,0,0,0,0,0
507904,248,0,5,0,2,0,3,-0.00429,0.0,1.6856,1375,0,0,0,0,0,0,0,0,0,0,0,0,0,0,0,0,0,0,0,0,0
509952,249,0,4,0,2,0,2,-0.00115,0.0,1.7046,1334,0,0,0,0,0,0,0,0,0,0,0,0,0,0,0,0,0,0,0,0,0
512000,250,0,7,0,3,0,4,-0.00145,0.0,1.6959,1421,0,0,0,0,0,0,0,0,0,0,0,0,0,0,0,0,0,0,0,0,0
514048,251,0,6,0,2,0,4,-0.0,0.0,1.73,1492,0,0,0,0,0,0,0,0,0,0,0,0,0,0,0,0,0,0,0,0,0
516096,252,0,1,0,0,0,1,-0.00078,0.0,1.7373,1463,0,0,0,0,0,0,0,0,0,0,0,0,0,0,0,0,0,0,0,0,0
518144,253,0,5,0,1,0,4,-0.0014,0.0,1.7466,1663,0,0,0,0,0,0,0,0,0,0,0,0,0,0,0,0,0,0,0,0,0
520192,254,0,6,0,0,0,6,-4e-05,0.0,1.7379,1597,0,0,0,0,0,0,0,0,0,0,0,0,0,0,0,0,0,0,0,0,0
522240,255,0,6,0,1,0,5,0.00023,0.0,1.7322,1452,0,0,0,0,0,0,0,0,0,0,0,0,0,0,0,0,0,0,0,0,0
524288,256,0,2,0,0,0,2,-0.00095,0.0,1.7641,1539,0,0,0,0,0,0,0,0,0,0,0,0,0,0,0,0,0,0,0,0,0
526336,257,0,3,0,1,0,2,-0.00168,0.0,1.7923,1540,0,0,0,0,0,0,0,0,0,0,0,0,0,0,0,0,0,0,0,0,0
528384,258,0,7,0,0,0,7,-0.00176,0.0,1.832,1550,0,0,0,0,0,0,0,0,0,0,0,0,0,0,0,0,0,0,0,0,0
530432,259,0,7,0,2,0,5,8e-05,0.0,1.8255,1530,0,0,0,0,0,0,0,0,0,0,0,0,0,0,0,0,0,0,0,0,0
532480,260,0,3,0,1,0,2,-0.00058,0.0,1.8372,1435,0,0,0,0,0,0,0,0,0,0,0,0,0,0,0,0,0,0,0,0,0
534528,261,0,6,0,3,0,3,-0.00166,0.0,1.8751,1508,0,0,0,0,0,0,0,0,0,0,0,0,0,0,0,0,0,0,0,0,0
536576,262,0,6,0,2,0,4,-0.00099,1e-05,1.9008,1446,0,0,0,0,0,0,0,0,0,0,0,0,0,0,0,0,0,0,0,0,0
538624,263,0,8,0,2,0,6,-0.00111,0.0001,1.9302,1599,0,0,0,0,0,0,0,0,0,0,0,0,0,0,0,0,0,0,0,0,0
540672,264,0,6,0,4,0,2,-0.00123,3e-05,1.9374,1534,0,0,0,0,0,0,0,0,0,0,0,0,0,0,0,0,0,0,0,0,0
542720,265,0,7,0,3,0,4,-0.00145,6e-05,1.9426,1521,0,0,0,0,0,0,0,0,0,0,0,0,0,0,0,0,0,0,0,0,0
544768,266,0,5,0,1,0,4,-0.00161,7e-05,1.9437,1470,0,0,0,0,0,0,0,0,0,0,0,0,0,0,0,0,0,0,0,0,0
546816,267,0,6,0,4,0,2,0.00044,4e-05,1.9433,1548,0,0,0,0,0,0,0,0,0,0,0,0,0,0,0,0,0,0,0,0,0
548864,268,0,5,0,2,0,3,-0.00068,3e-05,1.9437,1570,0,0,0,0,0,0,0,0,0,0,0,0,0,0,0,0,0,0,0,0,0
550912,269,0,6,0,2,0,4,0.00031,3e-05,1.9421,1442,0,0,0,0,0,0,0,0,0,0,0,0,0,0,0,0,0,0,0,0,0
552960,270,0,6,0,2,0,4,-0.0007,1e-05,1.9422,1456,0,0,0,0,0,0,0,0,0,0,0,0,0,0,0,0,0,0,0,0,0
555008,271,0,4,0,2,0,2,-0.00263,2e-05,1.9221,1454,0,0,0,0,0,0,0,0,0,0,0,0,0,0,0,0,0,0,0,0,0
557056,272,0,5,0,2,0,3,-0.00221,1e-05,1.9311,1454,0,0,0,0,0,0,0,0,0,0,0,0,0,0,0,0,0,0,0,0,0
559104,273,0,8,0,3,0,5,-0.00025,1e-05,1.9307,1420,0,0,0,0,0,0,0,0,0,0,0,0,0,0,0,0,0,0,0,0,0
561152,274,0,6,0,2,0,4,-0.00167,2e-05,1.8884,1532,0,0,0,0,0,0,0,0,0,0,0,0,0,0,0,0,0,0,0,0,0
563200,275,0,7,0,4,0,3,-0.0033,1e-05,1.9097,1411,0,0,0,0,0,0,0,0,0,0,0,0,0,0,0,0,0,0,0,0,0
565248,276,0,5,1,0,0,4,-0.00043,0.00019,1.9175,1488,0,0,0,0,0,0,0,0,0,0,0,0,0,0,0,0,0,0,0,0,0
567296,277,0,3,0,1,0,2,-0.00252,0.0,1.909,1541,0,0,0,0,0,0,0,0,0,0,0,0,0,0,0,0,0,0,0,0,0
569344,278,0,2,0,0,0,2,-0.00251,0.0,1.9199,1572,0,0,0,0,0,0,0,0,0,0,0,0,0,0,0,0,0,0,0,0,0
571392,279,0,7,0,0,0,7,-0.00146,0.0,1.9332,1496,0,0,0,0,0,0,0,0,0,0,0,0,0,0,0,0,0,0,0,0,0
573440,280,0,6,0,1,0,5,-6e-05,2e-05,1.9387,1592,0,0,0,0,0,0,0,0,0,0,0,0,0,0,0,0,0,0,0,0,0
575488,281,0,5,0,3,0,2,-0.00057,2e-05,1.9418,1592,0,0,0,0,0,0,0,0,0,0,0,0,0,0,0,0,0,0,0,0,0
577536,282,0,5,0,1,0,4,0.00068,1e-05,1.9356,1536,0,0,0,0,0,0,0,0,0,0,0,0,0,0,0,0,0,0,0,0,0
579584,283,0,6,0,0,1,5,-0.00045,1e-05,1.9442,1593,0,0,0,0,0,0,0,0,0,0,0,0,0,0,0,0,0,0,0,0,0
581632,284,0,4,0,2,0,2,-0.00032,1e-05,1.9452,1590,0,0,0,0,0,0,0,0,0,0,0,0,0,0,0,0,0,0,0,0,0
583680,285,0,9,0,5,0,4,0.00034,2e-05,1.9438,1452,0,0,0,0,0,0,0,0,0,0,0,0,0,0,0,0,0,0,0,0,0
585728,286,0,6,0,3,0,3,-0.0008,1e-05,1.9409,1402,0,0,0,0,0,0,0,0,0,0,0,0,0,0,0,0,0,0,0,0,0
587776,287,0,6,0,1,1,4,-0.00251,2e-05,1.9223,1481,0,0,0,0,0,0,0,0,0,0,0,0,0,0,0,0,0,0,0,0,0
589824,288,0,3,0,1,0,2,0.00063,1e-05,1.9155,1601,0,0,0,0,0,0,0,0,0,0,0,0,0,0,0,0,0,0,0,0,0
591872,289,0,8,0,3,0,5,0.00052,0.0,1.9085,1562,0,0,0,0,0,0,0,0,0,0,0,0,0,0,0,0,0,0,0,0,0
593920,290,0,5,0,2,0,3,-0.0007,1e-05,1.9118,1590,0,0,0,0,0,0,0,0,0,0,0,0,0,0,0,0,0,0,0,0,0
595968,291,0,5,0,2,0,3,-0.00085,1e-05,1.8898,1527,0,0,0,0,0,0,0,0,0,0,0,0,0,0,0,0,0,0,0,0,0
598016,292,0,7,0,5,0,2,-0.00262,0.0,1.8903,1487,0,0,0,0,0,0,0,0,0,0,0,0,0,0,0,0,0,0,0,0,0
600064,293,0,8,0,3,1,4,-0.00231,1e-05,1.8841,1509,0,0,0,0,0,0,0,0,0,0,0,0,0,0,0,0,0,0,0,0,0
602112,294,0,5,0,3,0,2,-2e-05,0.0,1.8861,1378,0,0,0,0,0,0,0,0,0,0,0,0,0,0,0,0,0,0,0,0,0
604160,295,0,1,0,0,0,1,-0.00193,0.0,1.9147,1460,0,0,0,0,0,0,0,0,0,0,0,0,0,0,0,0,0,0,0,0,0
606208,296,0,6,0,1,0,5,-0.00084,0.0,1.902,1486,0,0,0,0,0,0,0,0,0,0,0,0,0,0,0,0,0,0,0,0,0
608256,297,0,9,0,2,0,7,-0.00096,0.0,1.8931,1523,0,0,0,0,0,0,0,0,0,0,0,0,0,0,0,0,0,0,0,0,0
610304,298,0,6,0,3,0,3,-0.00575,1e-05,1.9181,1493,0,0,0,0,0,0,0,0,0,0,0,0,0,0,0,0,0,0,0,0,0
612352,299,0,1,0,1,0,0,0.00025,0.0,1.9122,1405,0,0,0,0,0,0,0,0,0,0,0,0,0,0,0,0,0,0,0,0,0
614400,300,0,7,0,2,0,5,-0.00031,1e-05,1.9106,1429,0,0,0,0,0,0,0,0,0,0,0,0,0,0,0,0,0,0,0,0,0
616448,301,0,5,0,1,0,4,0.00016,0.0,1.8959,1485,0,0,0,0,0,0,0,0,0,0,0,0,0,0,0,0,0,0,0,0,0
618496,302,0,10,0,4,1,5,-0.00141,0.0,1.8767,1429,0,0,0,0,0,0,0,0,0,0,0,0,0,0,0,0,0,0,0,0,0
620544,303,0,4,1,2,0,1,-0.00147,0.00135,1.892,1447,0,0,0,0,0,0,0,0,0,0,0,0,0,0,0,0,0,0,0,0,0
622592,304,0,4,0,1,0,3,-0.0007,0.0,1.9048,1534,0,0,0,0,0,0,0,0,0,0,0,0,0,0,0,0,0,0,0,0,0
624640,305,0,5,0,3,0,2,-0.00221,0.0,1.8975,1532,0,0,0,0,0,0,0,0,0,0,0,0,0,0,0,0,0,0,0,0,0
626688,306,0,9,1,2,0,6,-0.00305,4e-05,1.8781,1550,0,0,0,0,0,0,0,0,0,0,0,0,0,0,0,0,0,0,0,0,0
628736,307,0,6,0,2,0,4,-0.00182,0.0,1.8751,1428,0,0,0,0,0,0,0,0,0,0,0,0,0,0,0,0,0,0,0,0,0
630784,308,0,5,0,4,0,1,-0.0027,0.0,1.8361,1523,0,0,0,0,0,0,0,0,0,0,0,0,0,0,0,0,0,0,0,0,0
632832,309,0,6,0,1,0,5,-0.00258,1e-05,1.8496,1435,0,0,0,0,0,0,0,0,0,0,0,0,0,0,0,0,0,0,0,0,0
634880,310,0,11,0,6,0,5,-0.00477,0.0,1.8144,1539,0,0,0,0,0,0,0,0,0,0,0,0,0,0,0,0,0,0,0,0,0
636928,311,0,4,0,2,0,2,-0.00105,0.0,1.8214,1441,0,0,0,0,0,0,0,0,0,0,0,0,0,0,0,0,0,0,0,0,0
638976,312,0,4,0,2,0,2,0.00198,1e-05,1.8396,1443,0,0,0,0,0,0,0,0,0,0,0,0,0,0,0,0,0,0,0,0,0
641024,313,0,4,0,1,0,3,-0.00123,0.0,1.8577,1493,0,0,0,0,0,0,0,0,0,0,0,0,0,0,0,0,0,0,0,0,0
643072,314,0,10,0,4,0,6,-0.0017,0.0,1.8563,1449,0,0,0,0,0,0,0,0,0,0,0,0,0,0,0,0,0,0,0,0,0
645120,315,0,5,0,3,0,2,-0.00191,0.0,1.7756,1372,0,0,0,0,0,0,0,0,0,0,0,0,0,0,0,0,0,0,0,0,0
647168,316,0,6,0,4,0,2,0.00054,0.0,1.8039,1436,0,0,0,0,0,0,0,0,0,0,0,0,0,0,0,0,0,0,0,0,0
649216,317,0,6,0,3,0,3,-0.00268,0.0,1.7447,1476,0,0,0,0,0,0,0,0,0,0,0,0,0,0,0,0,0,0,0,0,0
651264,318,0,10,0,4,0,6,-0.00081,0.0,1.8071,1427,0,0,0,0,0,0,0,0,0,0,0,0,0,0,0,0,0,0,0,0,0
653312,319,0,3,0,1,0,2,-0.00247,0.0,1.8039,1271,0,0,0,0,0,0,0,0,0,0,0,0,0,0,0,0,0,0,0,0,0
655360,320,0,5,0,1,0,4,-0.0003,0.0,1.8131,1362,0,0,0,0,0,0,0,0,0,0,0,0,0,0,0,0,0,0,0,0,0
657408,321,0,9,1,4,0,4,-0.00071,4e-05,1.8303,1437,0,0,0,0,0,0,0,0,0,0,0,0,0,0,0,0,0,0,0,0,0
659456,322,0,6,0,4,0,2,-0.00104,0.0,1.8359,1562,0,0,0,0,0,0,0,0,0,0,0,0,0,0,0,0,0,0,0,0,0
661504,323,0,5,0,3,0,2,-0.00134,0.0,1.8148,1448,0,0,0,0,0,0,0,0,0,0,0,0,0,0,0,0,0,0,0,0,0
663552,324,0,3,0,0,0,3,-0.00212,0.0,1.7804,1482,0,0,0,0,0,0,0,0,0,0,0,0,0,0,0,0,0,0,0,0,0
665600,325,0,6,0,1,0,5,0.0002,0.0,1.7349,1390,0,0,0,0,0,0,0,0,0,0,0,0,0,0,0,0,0,0,0,0,0
667648,326,0,9,1,3,0,5,-0.00326,0.00041,1.7973,1378,0,0,0,0,0,0,0,0,0,0,0,0,0,0,0,0,0,0,0,0,0
669696,327,0,4,0,2,0,2,-0.00021,0.0,1.8471,1393,0,0,0,0,0,0,0,0,0,0,0,0,0,0,0,0,0,0,0,0,0
671744,328,0,4,0,3,0,1,0.00051,0.0,1.8561,1391,0,0,0,0,0,0,0,0,0,0,0,0,0,0,0,0,0,0,0,0,0
673792,329,0,7,0,2,0,5,-0.00099,1e-05,1.8547,1377,0,0,0,0,0,0,0,0,0,0,0,0,0,0,0,0,0,0,0,0,0
675840,330,0,5,0,1,0,4,-0.00048,0.0,1.8521,1493,0,0,0,0,0,0,0,0,0,0,0,0,0,0,0,0,0,0,0,0,0
677888,331,0,5,0,1,0,4,-0.00027,0.0,1.8737,1489,0,0,0,0,0,0,0,0,0,0,0,0,0,0,0,0,0,0,0,0,0
679936,332,0,5,0,2,0,3,-0.00063,0.0,1.8967,1508,0,0,0,0,0,0,0,0,0,0,0,0,0,0,0,0,0,0,0,0,0
681984,333,0,7,0,3,0,4,-0.00081,0.0,1.9039,1535,0,0,0,0,0,0,0,0,0,0,0,0,0,0,0,0,0,0,0,0,0
684032,334,0,4,0,2,0,2,-0.00212,0.0,1.9277,1440,0,0,0,0,0,0,0,0,0,0,0,0,0,0,0,0,0,0,0,0,0
686080,335,0,6,0,3,0,3,-0.00291,2e-05,1.9391,1515,0,0,0,0,0,0,0,0,0,0,0,0,0,0,0,0,0,0,0,0,0
688128,336,0,6,0,2,0,4,-0.00093,1e-05,1.9433,1431,0,0,0,0,0,0,0,0,0,0,0,0,0,0,0,0,0,0,0,0,0
690176,337,0,5,0,2,0,3,-0.00133,1e-05,1.937,1540,0,0,0,0,0,0,0,0,0,0,0,0,0,0,0,0,0,0,0,0,0
692224,338,0,3,0,2,0,1,-0.00255,1e-05,1.9421,1583,0,0,0,0,0,0,0,0,0,0,0,0,0,0,0,0,0,0,0,0,0
694272,339,0,10,1,4,0,5,-0.00052,0.00076,1.9417,1602,0,0,0,0,0,0,0,0,0,0,0,0,0,0,0,0,0,0,0,0,0
696320,340,0,7,0,4,0,3,-0.0018,2e-05,1.9355,1478,0,0,0,0,0,0,0,0,0,0,0,0,0,0,0,0,0,0,0,0,0
698368,341,0,8,0,2,1,5,-0.00176,2e-05,1.934,1559,0,0,0,0,0,0,0,0,0,0,0,0,0,0,0,0,0,0,0,0,0
700416,342,0,2,0,2,0,0,-0.00288,2e-05,1.9387,1486,0,0,0,0,0,0,0,0,0,0,0,0,0,0,0,0,0,0,0,0,0
702464,343,0,10,0,6,0,4,-0.00096,2e-05,1.9344,1326,0,0,0,0,0,0,0,0,0,0,0,0,0,0,0,0,0,0,0,0,0
704512,344,0,9,0,4,0,5,-0.00013,0.0,1.9301,1489,0,0,0,0,0,0,0,0,0,0,0,0,0,0,0,0,0,0,0,0,0
706560,345,0,7,0,5,0,2,-0.00041,0.0,1.9261,1165,0,0,0,0,0,0,0,0,0,0,0,0,0,0,0,0,0,0,0,0,0
708608,346,0,4,0,2,0,2,-0.0004,0.0,1.9178,1485,0,0,0,0,0,0,0,0,0,0,0,0,0,0,0,0,0,0,0,0,0
710656,347,0,5,0,1,0,4,-0.00143,0.0,1.9194,1505,0,0,0,0,0,0,0,0,0,0,0,0,0,0,0,0,0,0,0,0,0
712704,348,0,4,0,1,0,3,-6e-05,0.0,1.926,1502,0,0,0,0,0,0,0,0,0,0,0,0,0,0,0,0,0,0,0,0,0
714752,349,0,6,0,1,0,5,-0.00058,0.0,1.919,1575,0,0,0,0,0,0,0,0,0,0,0,0,0,0,0,0,0,0,0,0,0
716800,350,0,6,0,3,0,3,-0.00158,0.0,1.9207,1476,0,0,0,0,0,0,0,0,0,0,0,0,0,0,0,0,0,0,0,0,0
718848,351,0,7,0,1,0,6,-0.00026,0.0,1.9285,1524,0,0,0,0,0,0,0,0,0,0,0,0,0,0,0,0,0,0,0,0,0
720896,352,0,5,0,3,0,2,-0.00037,0.0,1.9343,1424,0,0,0,0,0,0,0,0,0,0,0,0,0,0,0,0,0,0,0,0,0
722944,353,0,6,0,1,1,4,-0.00037,0.0,1.9397,1481,0,0,0,0,0,0,0,0,0,0,0,0,0,0,0,0,0,0,0,0,0
724992,354,0,4,0,2,0,2,-0.00014,0.0,1.9413,1414,0,0,0,0,0,0,0,0,0,0,0,0,0,0,0,0,0,0,0,0,0
727040,355,0,8,0,1,0,7,-0.00018,0.0,1.9412,1525,0,0,0,0,0,0,0,0,0,0,0,0,0,0,0,0,0,0,0,0,0
729088,356,0,6,0,6,0,0,-0.0008,0.0,1.9425,1482,0,0,0,0,0,0,0,0,0,0,0,0,0,0,0,0,0,0,0,0,0
731136,357,0,7,0,3,0,4,-0.0001,0.0,1.9432,1384,0,0,0,0,0,0,0,0,0,0,0,0,0,0,0,0,0,0,0,0,0
733184,358,0,7,0,3,0,4,-0.00089,0.0,1.9438,1411,0,0,0,0,0,0,0,0,0,0,0,0,0,0,0,0,0,0,0,0,0
735232,359,0,6,0,3,0,3,-0.00024,0.0,1.9451,1492,0,0,0,0,0,0,0,0,0,0,0,0,0,0,0,0,0,0,0,0,0
737280,360,0,4,0,1,0,3,-0.00037,0.0,1.9444,1485,0,0,0,0,0,0,0,0,0,0,0,0,0,0,0,0,0,0,0,0,0
739328,361,0,4,0,0,0,4,-0.00153,1e-05,1.9406,1551,0,0,0,0,0,0,0,0,0,0,0,0,0,0,0,0,0,0,0,0,0
741376,362,0,9,0,3,0,6,-0.00117,1e-05,1.911,1534,0,0,0,0,0,0,0,0,0,0,0,0,0,0,0,0,0,0,0,0,0
743424,363,0,7,0,3,1,3,-0.00666,0.0,1.8795,1250,0,0,0,0,0,0,0,0,0,0,0,0,0,0,0,0,0,0,0,0,0
745472,364,0,1,0,0,0,1,-0.00065,0.0,1.8648,1490,0,0,0,0,0,0,0,0,0,0,0,0,0,0,0,0,0,0,0,0,0
747520,365,0,5,0,2,0,3,-0.00082,0.0,1.8554,1460,0,0,0,0,0,0,0,0,0,0,0,0,0,0,0,0,0,0,0,0,0
749568,366,0,8,0,2,0,6,-0.00051,0.0,1.8773,1503,0,0,0,0,0,0,0,0,0,0,0,0,0,0,0,0,0,0,0,0,0
751616,367,0,3,0,0,0,3,-0.00032,0.0,1.8995,1508,0,0,0,0,0,0,0,0,0,0,0,0,0,0,0,0,0,0,0,0,0
753664,368,0,1,0,0,0,1,-0.00116,0.0,1.9177,1580,0,0,0,0,0,0,0,0,0,0,0,0,0,0,0,0,0,0,0,0,0
755712,369,0,5,0,1,0,4,-0.0007,0.0,1.9294,1538,0,0,0,0,0,0,0,0,0,0,0,0,0,0,0,0,0,0,0,0,0
757760,370,0,9,0,2,0,7,-0.00075,0.0,1.9392,1585,0,0,0,0,0,0,0,0,0,0,0,0,0,0,0,0,0,0,0,0,0
759808,371,0,5,0,3,0,2,-0.00045,0.0,1.9426,1456,0,0,0,0,0,0,0,0,0,0,0,0,0,0,0,0,0,0,0,0,0
761856,372,0,4,0,1,0,3,7e-05,1e-05,1.9438,1572,0,0,0,0,0,0,0,0,0,0,0,0,0,0,0,0,0,0,0,0,0
763904,373,0,3,0,1,0,2,-0.00043,1e-05,1.9445,1512,0,0,0,0,0,0,0,0,0,0,0,0,0,0,0,0,0,0,0,0,0
765952,374,0,8,0,3,0,5,-0.00066,1e-05,1.9439,1533,0,0,0,0,0,0,0,0,0,0,0,0,0,0,0,0,0,0,0,0,0
768000,375,0,4,0,0,0,4,-0.00092,1e-05,1.9439,1497,0,0,0,0,0,0,0,0,0,0,0,0,0,0,0,0,0,0,0,0,0
770048,376,0,9,0,4,1,4,-0.00171,0.0,1.9425,1409,0,0,0,0,0,0,0,0,0,0,0,0,0,0,0,0,0,0,0,0,0
772096,377,0,5,0,4,0,1,-0.00219,1e-05,1.9362,1440,0,0,0,0,0,0,0,0,0,0,0,0,0,0,0,0,0,0,0,0,0
774144,378,0,6,0,0,0,6,-0.00353,1e-05,1.9232,1427,0,0,0,0,0,0,0,0,0,0,0,0,0,0,0,0,0,0,0,0,0
776192,379,0,2,0,0,1,1,-0.00293,1e-05,1.9162,1526,0,0,0,0,0,0,0,0,0,0,0,0,0,0,0,0,0,0,0,0,0
778240,380,0,8,0,4,0,4,0.0007,0.0,1.9272,1297,0,0,0,0,0,0,0,0,0,0,0,0,0,0,0,0,0,0,0,0,0
780288,381,0,6,0,2,0,4,-0.00198,1e-05,1.9187,1173,0,0,0,0,0,0,0,0,0,0,0,0,0,0,0,0,0,0,0,0,0
782336,382,0,5,0,2,0,3,-0.00148,1e-05,1.9286,1485,0,0,0,0,0,0,0,0,0,0,0,0,0,0,0,0,0,0,0,0,0
784384,383,0,5,0,2,0,3,-0.00195,1e-05,1.9351,1463,0,0,0,0,0,0,0,0,0,0,0,0,0,0,0,0,0,0,0,0,0
786432,384,0,5,0,0,0,5,-0.00025,1e-05,1.934,1552,0,0,0,0,0,0,0,0,0,0,0,0,0,0,0,0,0,0,0,0,0
788480,385,0,5,0,4,0,1,-0.00011,1e-05,1.9396,1251,0,0,0,0,0,0,0,0,0,0,0,0,0,0,0,0,0,0,0,0,0
790528,386,0,8,0,2,0,6,6e-05,1e-05,1.9398,1341,0,0,0,0,0,0,0,0,0,0,0,0,0,0,0,0,0,0,0,0,0
792576,387,0,5,0,2,0,3,-0.00245,1e-05,1.9294,1428,0,0,0,0,0,0,0,0,0,0,0,0,0,0,0,0,0,0,0,0,0
794624,388,0,3,0,1,0,2,0.00177,1e-05,1.917,1412,0,0,0,0,0,0,0,0,0,0,0,0,0,0,0,0,0,0,0,0,0
796672,389,0,2,0,0,0,2,-0.00082,2e-05,1.9122,1277,0,0,0,0,0,0,0,0,0,0,0,0,0,0,0,0,0,0,0,0,0
798720,390,0,7,0,0,0,7,-0.00232,2e-05,1.8799,1186,0,0,0,0,0,0,0,0,0,0,0,0,0,0,0,0,0,0,0,0,0
800768,391,0,7,0,2,0,5,-0.0038,1e-05,1.9049,1489,0,0,0,0,0,0,0,0,0,0,0,0,0,0,0,0,0,0,0,0,0
802816,392,0,6,0,4,0,2,-0.00014,0.0,1.922,1459,0,0,0,0,0,0,0,0,0,0,0,0,0,0,0,0,0,0,0,0,0
804864,393,0,4,0,2,0,2,-0.00077,1e-05,1.9058,1479,0,0,0,0,0,0,0,0,0,0,0,0,0,0,0,0,0,0,0,0,0
806912,394,0,8,0,5,0,3,-0.00296,1e-05,1.868,1487,0,0,0,0,0,0,0,0,0,0,0,0,0,0,0,0,0,0,0,0,0
808960,395,0,8,0,4,0,4,5e-05,1e-05,1.8799,1419,0,0,0,0,0,0,0,0,0,0,0,0,0,0,0,0,0,0,0,0,0
811008,396,0,6,1,1,0,4,-0.00112,0.00163,1.9045,1431,0,0,0,0,0,0,0,0,0,0,0,0,0,0,0,0,0,0,0,0,0
813056,397,0,2,0,0,0,2,-0.00132,1e-05,1.9207,1432,0,0,0,0,0,0,0,0,0,0,0,0,0,0,0,0,0,0,0,0,0
815104,398,0,6,1,3,0,2,-0.00163,9e-05,1.9305,1396,0,0,0,0,0,0,0,0,0,0,0,0,0,0,0,0,0,0,0,0,0
817152,399,0,8,0,2,0,6,-0.00207,2e-05,1.9266,1317,0,0,0,0,0,0,0,0,0,0,0,0,0,0,0,0,0,0,0,0,0
819200,400,0,7,0,3,0,4,-0.00213,1e-05,1.9063,1367,0,0,0,0,0,0,0,0,0,0,0,0,0,0,0,0,0,0,0,0,0
821248,401,0,3,0,2,0,1,-0.00017,1e-05,1.919,1375,0,0,0,0,0,0,0,0,0,0,0,0,0,0,0,0,0,0,0,0,0
823296,402,0,4,0,1,0,3,-0.00086,1e-05,1.9135,1319,0,0,0,0,0,0,0,0,0,0,0,0,0,0,0,0,0,0,0,0,0
825344,403,0,12,0,4,1,7,-0.0038,1e-05,1.9006,1414,0,0,0,0,0,0,0,0,0,0,0,0,0,0,0,0,0,0,0,0,0
827392,404,0,4,1,2,0,1,-0.00325,0.00079,1.8543,1391,0,0,0,0,0,0,0,0,0,0,0,0,0,0,0,0,0,0,0,0,0
829440,405,0,7,0,6,0,1,-0.00047,0.0,1.8727,1475,0,0,0,0,0,0,0,0,0,0,0,0,0,0,0,0,0,0,0,0,0
831488,406,0,5,0,3,0,2,-0.00209,1e-05,1.8628,1460,0,0,0,0,0,0,0,0,0,0,0,0,0,0,0,0,0,0,0,0,0
833536,407,0,8,0,2,0,6,-0.00599,4e-05,1.8597,1504,0,0,0,0,0,0,0,0,0,0,0,0,0,0,0,0,0,0,0,0,0
835584,408,0,3,0,1,0,2,-0.00049,2e-05,1.8871,1468,0,0,0,0,0,0,0,0,0,0,0,0,0,0,0,0,0,0,0,0,0
837632,409,0,6,0,0,1,5,-0.00066,1e-05,1.871,1380,0,0,0,0,0,0,0,0,0,0,0,0,0,0,0,0,0,0,0,0,0
839680,410,0,6,0,2,0,4,-0.0008,1e-05,1.8953,1477,0,0,0,0,0,0,0,0,0,0,0,0,0,0,0,0,0,0,0,0,0
841728,411,0,6,1,2,0,3,-0.00162,0.00074,1.8806,1533,0,0,0,0,0,0,0,0,0,0,0,0,0,0,0,0,0,0,0,0,0
843776,412,0,5,0,2,0,3,-0.00306,1e-05,1.8948,1304,0,0,0,0,0,0,0,0,0,0,0,0,0,0,0,0,0,0,0,0,0
845824,413,0,4,0,0,0,4,-0.00112,1e-05,1.8986,1497,0,0,0,0,0,0,0,0,0,0,0,0,0,0,0,0,0,0,0,0,0
847872,414,0,6,0,1,0,5,-0.00152,1e-05,1.9023,1484,0,0,0,0,0,0,0,0,0,0,0,0,0,0,0,0,0,0,0,0,0
849920,415,0,8,0,5,0,3,-0.00261,1e-05,1.8683,1346,0,0,0,0,0,0,0,0,0,0,0,0,0,0,0,0,0,0,0,0,0
851968,416,0,6,0,2,0,4,-0.00016,1e-05,1.871,1392,0,0,0,0,0,0,0,0,0,0,0,0,0,0,0,0,0,0,0,0,0
854016,417,0,5,0,2,0,3,-0.00159,1e-05,1.8479,1389,0,0,0,0,0,0,0,0,0,0,0,0,0,0,0,0,0,0,0,0,0
856064,418,0,5,1,0,1,3,-0.00564,5e-05,1.8868,1432,0,0,0,0,0,0,0,0,0,0,0,0,0,0,0,0,0,0,0,0,0
858112,419,0,7,0,2,0,5,0.00017,0.0,1.8968,1302,0,0,0,0,0,0,0,0,0,0,0,0,0,0,0,0,0,0,0,0,0
860160,420,0,5,0,2,0,3,0.00031,0.0,1.8894,1414,0,0,0,0,0,0,0,0,0,0,0,0,0,0,0,0,0,0,0,0,0
862208,421,0,6,1,1,0,4,-0.00015,0.0003,1.8891,1333,0,0,0,0,0,0,0,0,0,0,0,0,0,0,0,0,0,0,0,0,0
864256,422,0,4,1,2,1,0,-0.00045,1e-05,1.9034,1398,0,0,0,0,0,0,0,0,0,0,0,0,0,0,0,0,0,0,0,0,0
866304,423,0,6,0,2,0,4,-0.00048,0.0,1.9091,1492,0,0,0,0,0,0,0,0,0,0,0,0,0,0,0,0,0,0,0,0,0
868352,424,0,8,0,3,0,5,-0.00052,0.0,1.9097,1349,0,0,0,0,0,0,0,0,0,0,0,0,0,0,0,0,0,0,0,0,0
870400,425,0,3,0,0,0,3,-5e-05,0.0,1.9136,1210,0,0,0,0,0,0,0,0,0,0,0,0,0,0,0,0,0,0,0,0,0
872448,426,0,6,0,4,0,2,-0.00113,0.0,1.9024,1349,0,0,0,0,0,0,0,0,0,0,0,0,0,0,0,0,0,0,0,0,0
874496,427,0,6,0,0,0,6,0.00033,0.0,1.8817,1358,0,0,0,0,0,0,0,0,0,0,0,0,0,0,0,0,0,0,0,0,0
876544,428,0,8,0,5,0,3,-0.00108,1e-05,1.8898,1467,0,0,0,0,0,0,0,0,0,0,0,0,0,0,0,0,0,0,0,0,0
878592,429,0,7,0,2,1,4,-0.00015,0.0,1.9106,1414,0,0,0,0,0,0,0,0,0,0,0,0,0,0,0,0,0,0,0,0,0
880640,430,0,2,0,2,0,0,-0.00207,0.0,1.9085,1514,0,0,0,0,0,0,0,0,0,0,0,0,0,0,0,0,0,0,0,0,0
882688,431,0,8,0,4,0,4,6e-05,0.0,1.8937,1449,0,0,0,0,0,0,0,0,0,0,0,0,0,0,0,0,0,0,0,0,0
884736,432,0,4,0,2,0,2,-0.00067,0.0,1.881,1409,0,0,0,0,0,0,0,0,0,0,0,0,0,0,0,0,0,0,0,0,0
886784,433,0,5,0,1,0,4,0.00033,1e-05,1.8645,1081,0,0,0,0,0,0,0,0,0,0,0,0,0,0,0,0,0,0,0,0,0
888832,434,0,4,0,2,0,2,-0.00231,1e-05,1.8846,1409,0,0,0,0,0,0,0,0,0,0,0,0,0,0,0,0,0,0,0,0,0
890880,435,0,10,0,4,0,6,-0.00037,0.0,1.8999,1527,0,0,0,0,0,0,0,0,0,0,0,0,0,0,0,0,0,0,0,0,0
892928,436,0,4,0,1,0,3,-0.00099,1e-05,1.905,1478,0,0,0,0,0,0,0,0,0,0,0,0,0,0,0,0,0,0,0,0,0
894976,437,0,8,0,3,1,4,-0.00124,1e-05,1.9003,1579,0,0,0,0,0,0,0,0,0,0,0,0,0,0,0,0,0,0,0,0,0
897024,438,0,10,0,5,2,3,-0.00018,0.0,1.8969,1484,0,0,0,0,0,0,0,0,0,0,0,0,0,0,0,0,0,0,0,0,0
899072,439,0,8,0,6,0,2,0.00065,0.0,1.9185,1358,0,0,0,0,0,0,0,0,0,0,0,0,0,0,0,0,0,0,0,0,0
901120,440,0,4,0,1,0,3,-0.00054,0.0,1.9212,1357,0,0,0,0,0,0,0,0,0,0,0,0,0,0,0,0,0,0,0,0,0
903168,441,0,5,0,2,0,3,-0.00038,0.0,1.9227,1318,0,0,0,0,0,0,0,0,0,0,0,0,0,0,0,0,0,0,0,0,0
905216,442,0,6,0,2,0,4,-9e-05,0.0,1.9214,1452,0,0,0,0,0,0,0,0,0,0,0,0,0,0,0,0,0,0,0,0,0
907264,443,0,8,0,4,0,4,0.00011,1e-05,1.9233,1246,0,0,0,0,0,0,0,0,0,0,0,0,0,0,0,0,0,0,0,0,0
909312,444,0,4,0,1,1,2,-0.00064,0.0,1.9197,1352,0,0,0,0,0,0,0,0,0,0,0,0,0,0,0,0,0,0,0,0,0
911360,445,0,5,0,2,0,3,-0.00078,0.0,1.9144,1261,0,0,0,0,0,0,0,0,0,0,0,0,0,0,0,0,0,0,0,0,0
913408,446,0,5,0,1,0,4,-0.00141,0.0,1.9141,1358,0,0,0,0,0,0,0,0,0,0,0,0,0,0,0,0,0,0,0,0,0
915456,447,0,13,1,7,0,5,0.00014,0.0001,1.9205,1320,0,0,0,0,0,0,0,0,0,0,0,0,0,0,0,0,0,0,0,0,0
917504,448,0,4,0,1,2,1,-0.00147,0.0,1.908,1378,0,0,0,0,0,0,0,0,0,0,0,0,0,0,0,0,0,0,0,0,0
919552,449,0,7,0,2,1,4,-7e-05,0.0,1.8925,1475,0,0,0,0,0,0,0,0,0,0,0,0,0,0,0,0,0,0,0,0,0
921600,450,0,4,1,1,0,2,7e-05,2e-05,1.902,1352,0,0,0,0,0,0,0,0,0,0,0,0,0,0,0,0,0,0,0,0,0
923648,451,0,9,0,4,0,5,-0.00175,0.0,1.8847,1364,0,0,0,0,0,0,0,0,0,0,0,0,0,0,0,0,0,0,0,0,0
925696,452,0,5,0,3,0,2,-0.00109,0.0,1.87,1328,0,0,0,0,0,0,0,0,0,0,0,0,0,0,0,0,0,0,0,0,0
927744,453,0,7,0,3,0,4,-0.00042,1e-05,1.8766,1363,0,0,0,0,0,0,0,0,0,0,0,0,0,0,0,0,0,0,0,0,0
929792,454,0,4,0,2,0,2,-0.00205,0.0,1.8937,1326,0,0,0,0,0,0,0,0,0,0,0,0,0,0,0,0,0,0,0,0,0
931840,455,0,7,0,1,1,5,-0.00053,0.0,1.8975,1454,0,0,0,0,0,0,0,0,0,0,0,0,0,0,0,0,0,0,0,0,0
933888,456,0,8,0,4,0,4,-0.00159,0.0,1.8787,1453,0,0,0,0,0,0,0,0,0,0,0,0,0,0,0,0,0,0,0,0,0
935936,457,0,5,0,1,1,3,-0.00203,0.0,1.8406,1482,0,0,0,0,0,0,0,0,0,0,0,0,0,0,0,0,0,0,0,0,0
937984,458,0,5,0,3,0,2,-0.00113,0.0,1.817,1496,0,0,0,0,0,0,0,0,0,0,0,0,0,0,0,0,0,0,0,0,0
940032,459,0,10,0,4,2,4,-0.00209,0.0,1.8278,1459,0,0,0,0,0,0,0,0,0,0,0,0,0,0,0,0,0,0,0,0,0
942080,460,0,8,0,4,0,4,-0.00012,0.0,1.8121,1393,0,0,0,0,0,0,0,0,0,0,0,0,0,0,0,0,0,0,0,0,0
944128,461,0,7,0,3,1,3,-0.00366,0.0,1.7614,1376,0,0,0,0,0,0,0,0,0,0,0,0,0,0,0,0,0,0,0,0,0
946176,462,0,5,0,3,0,2,-0.00052,0.0,1.7521,1377,0,0,0,0,0,0,0,0,0,0,0,0,0,0,0,0,0,0,0,0,0
948224,463,0,8,0,4,0,4,-0.00039,0.0,1.7328,1383,0,0,0,0,0,0,0,0,0,0,0,0,0,0,0,0,0,0,0,0,0
950272,464,0,7,0,3,0,4,-0.00066,1e-05,1.683,1082,0,0,0,0,0,0,0,0,0,0,0,0,0,0,0,0,0,0,0,0,0
952320,465,0,7,1,3,0,3,-0.00073,0.00013,1.6795,1240,0,0,0,0,0,0,0,0,0,0,0,0,0,0,0,0,0,0,0,0,0
954368,466,0,9,0,5,1,3,-0.00302,0.0,1.6022,1333,0,0,0,0,0,0,0,0,0,0,0,0,0,0,0,0,0,0,0,0,0
956416,467,0,8,0,4,0,4,-0.00274,0.0,1.6368,1386,0,0,0,0,0,0,0,0,0,0,0,0,0,0,0,0,0,0,0,0,0
958464,468,0,11,0,10,0,1,0.00033,1e-05,1.6402,1392,0,0,0,0,0,0,0,0,0,0,0,0,0,0,0,0,0,0,0,0,0
960512,469,0,10,0,6,0,4,-0.00093,1e-05,1.6271,1518,0,0,0,0,0,0,0,0,0,0,0,0,0,0,0,0,0,0,0,0,0
962560,470,0,8,0,5,1,2,-0.00721,1e-05,1.5154,1449,0,0,0,0,0,0,0,0,0,0,0,0,0,0,0,0,0,0,0,0,0
964608,471,0,9,1,4,0,4,-0.00114,0.00109,1.5261,1485,0,0,0,0,0,0,0,0,0,0,0,0,0,0,0,0,0,0,0,0,0
966656,472,0,3,0,1,0,2,-0.00165,1e-05,1.4545,1356,0,0,0,0,0,0,0,0,0,0,0,0,0,0,0,0,0,0,0,0,0
968704,473,0,8,0,5,0,3,-0.00227,1e-05,1.4058,1502,0,0,0,0,0,0,0,0,0,0,0,0,0,0,0,0,0,0,0,0,0
970752,474,0,6,0,1,1,4,-0.00078,1e-05,1.4181,1466,0,0,0,0,0,0,0,0,0,0,0,0,0,0,0,0,0,0,0,0,0
972800,475,0,6,0,3,1,2,-0.00227,1e-05,1.3204,1401,0,0,0,0,0,0,0,0,0,0,0,0,0,0,0,0,0,0,0,0,0
974848,476,0,5,1,2,0,2,-3e-05,9e-05,1.2866,1489,0,0,0,0,0,0,0,0,0,0,0,0,0,0,0,0,0,0,0,0,0
976896,477,0,6,0,3,1,2,-0.00323,0.0,1.2328,1407,0,0,0,0,0,0,0,0,0,0,0,0,0,0,0,0,0,0,0,0,0
978944,478,0,8,1,3,0,4,-0.00029,0.00019,1.1988,1536,0,0,0,0,0,0,0,0,0,0,0,0,0,0,0,0,0,0,0,0,0
980992,479,0,13,0,6,2,5,-0.0015,1e-05,1.0509,1441,0,0,0,0,0,0,0,0,0,0,0,0,0,0,0,0,0,0,0,0,0
983040,480,0,5,1,3,0,1,-0.00166,0.00086,0.9195,1328,0,0,0,0,0,0,0,0,0,0,0,0,0,0,0,0,0,0,0,0,0
985088,481,0,12,0,9,0,3,-0.00074,2e-05,0.9543,1317,0,0,0,0,0,0,0,0,0,0,0,0,0,0,0,0,0,0,0,0,0
987136,482,0,4,0,2,0,2,0.00012,0.0,0.9142,1511,0,0,0,0,0,0,0,0,0,0,0,0,0,0,0,0,0,0,0,0,0
989184,483,0,10,1,4,0,5,-0.0009,0.00057,1.0671,1512,0,0,0,0,0,0,0,0,0,0,0,0,0,0,0,0,0,0,0,0,0
991232,484,0,5,0,1,0,4,-0.00021,0.0,1.0725,1196,0,0,0,0,0,0,0,0,0,0,0,0,0,0,0,0,0,0,0,0,0
993280,485,0,5,0,3,0,2,-0.00036,0.0,0.959,1478,0,0,0,0,0,0,0,0,0,0,0,0,0,0,0,0,0,0,0,0,0
995328,486,0,5,0,5,0,0,-0.00327,0.0,0.9919,1456,0,0,0,0,0,0,0,0,0,0,0,0,0,0,0,0,0,0,0,0,0
997376,487,0,13,1,6,0,6,0.00131,0.00103,1.0986,1112,0,0,0,0,0,0,0,0,0,0,0,0,0,0,0,0,0,0,0,0,0
999424,488,0,6,0,3,1,2,-0.00073,0.0,1.0298,1019,0,0,0,0,0,0,0,0,0,0,0,0,0,0,0,0,0,0,0,0,0
1001472,489,0,4,1,2,0,1,0.00015,0.00084,1.0721,1461,0,0,0,0,0,0,0,0,0,0,0,0,0,0,0,0,0,0,0,0,0
1003520,490,0,5,0,4,0,1,3e-05,1e-05,1.0995,1339,0,0,0,0,0,0,0,0,0,0,0,0,0,0,0,0,0,0,0,0,0
1005568,491,0,12,0,3,0,9,7e-05,1e-05,1.0964,1497,0,0,0,0,0,0,0,0,0,0,0,0,0,0,0,0,0,0,0,0,0
1007616,492,0,5,0,3,0,2,-0.00172,0.0,1.1008,1545,0,0,0,0,0,0,0,0,0,0,0,0,0,0,0,0,0,0,0,0,0
1009664,493,0,11,0,9,0,2,-0.00211,0.0,1.0327,1371,0,0,0,0,0,0,0,0,0,0,0,0,0,0,0,0,0,0,0,0,0
1011712,494,0,4,0,2,0,2,-0.00087,0.0,1.0596,1091,0,0,0,0,0,0,0,0,0,0,0,0,0,0,0,0,0,0,0,0,0
1013760,495,0,7,0,2,0,5,-0.00099,0.0,1.0341,1493,0,0,0,0,0,0,0,0,0,0,0,0,0,0,0,0,0,0,0,0,0
1015808,496,0,9,0,4,1,4,-0.00163,0.0,0.9521,1513,0,0,0,0,0,0,0,0,0,0,0,0,0,0,0,0,0,0,0,0,0
1017856,497,0,10,0,6,1,3,-0.00089,0.0,1.0447,1518,0,0,0,0,0,0,0,0,0,0,0,0,0,0,0,0,0,0,0,0,0
1019904,498,0,4,0,3,0,1,0.0,0.0,1.0554,1513,0,0,0,0,0,0,0,0,0,0,0,0,0,0,0,0,0,0,0,0,0
1021952,499,0,8,0,2,1,5,-0.0023,0.0,1.0858,1192,0,0,0,0,0,0,0,0,0,0,0,0,0,0,0,0,0,0,0,0,0
1024000,500,0,11,1,8,1,1,-0.00028,6e-05,1.0635,1366,0,0,0,0,0,0,0,0,0,0,0,0,0,0,0,0,0,0,0,0,0
1026048,501,0,7,0,2,0,5,0.00019,0.0,1.1757,1437,0,0,0,0,0,0,0,0,0,0,0,0,0,0,0,0,0,0,0,0,0
1028096,502,0,1,0,1,0,0,-0.00072,0.0,1.2228,1464,0,0,0,0,0,0,0,0,0,0,0,0,0,0,0,0,0,0,0,0,0
1030144,503,0,11,0,2,1,8,-0.00051,0.0,1.2504,1494,0,0,0,0,0,0,0,0,0,0,0,0,0,0,0,0,0,0,0,0,0
1032192,504,0,9,0,7,0,2,-0.00117,0.0,1.2848,1448,0,0,0,0,0,0,0,0,0,0,0,0,0,0,0,0,0,0,0,0,0
1034240,505,0,6,0,0,1,5,-0.00355,0.0,1.4332,1398,0,0,0,0,0,0,0,0,0,0,0,0,0,0,0,0,0,0,0,0,0
1036288,506,0,5,0,4,1,0,-0.00193,0.0,1.3933,1369,0,0,0,0,0,0,0,0,0,0,0,0,0,0,0,0,0,0,0,0,0
1038336,507,0,6,0,0,1,5,-0.00349,0.0,1.4109,1366,0,0,0,0,0,0,0,0,0,0,0,0,0,0,0,0,0,0,0,0,0
1040384,508,0,4,0,0,0,4,-0.00189,0.0,1.4255,1486,0,0,0,0,0,0,0,0,0,0,0,0,0,0,0,0,0,0,0,0,0
1042432,509,0,7,1,3,0,3,-0.00078,0.00023,1.3923,1401,0,0,0,0,0,0,0,0,0,0,0,0,0,0,0,0,0,0,0,0,0
1044480,510,0,12,0,9,1,2,-0.00203,0.0,1.3919,1382,0,0,0,0,0,0,0,0,0,0,0,0,0,0,0,0,0,0,0,0,0
1046528,511,0,10,0,6,0,4,0.00027,0.0,1.3653,1196,0,0,0,0,0,0,0,0,0,0,0,0,0,0,0,0,0,0,0,0,0
1048576,512,0,3,0,1,0,2,-0.00283,0.0,1.416,1059,0,0,0,0,0,0,0,0,0,0,0,0,0,0,0,0,0,0,0,0,0
1050624,513,0,9,0,5,1,3,-0.00366,0.0,1.4222,1354,0,0,0,0,0,0,0,0,0,0,0,0,0,0,0,0,0,0,0,0,0
1052672,514,0,12,1,4,1,6,-0.00021,0.00126,1.4521,1446,0,0,0,0,0,0,0,0,0,0,0,0,0,0,0,0,0,0,0,0,0
1054720,515,0,6,0,4,0,2,-0.00053,1e-05,1.4769,1494,0,0,0,0,0,0,0,0,0,0,0,0,0,0,0,0,0,0,0,0,0
1056768,516,0,4,1,1,0,2,-0.00071,0.00165,1.5375,1412,0,0,0,0,0,0,0,0,0,0,0,0,0,0,0,0,0,0,0,0,0
1058816,517,0,4,0,2,0,2,-0.00166,1e-05,1.6087,1288,0,0,0,0,0,0,0,0,0,0,0,0,0,0,0,0,0,0,0,0,0
1060864,518,0,14,0,5,0,9,0.00028,1e-05,1.6142,1454,0,0,0,0,0,0,0,0,0,0,0,0,0,0,0,0,0,0,0,0,0
1062912,519,0,2,0,2,0,0,9e-05,0.0,1.6331,1511,0,0,0,0,0,0,0,0,0,0,0,0,0,0,0,0,0,0,0,0,0
1064960,520,0,5,0,3,0,2,-0.00023,0.0,1.6259,1496,0,0,0,0,0,0,0,0,0,0,0,0,0,0,0,0,0,0,0,0,0
1067008,521,0,4,0,2,0,2,-6e-05,0.0,1.6678,1367,0,0,0,0,0,0,0,0,0,0,0,0,0,0,0,0,0,0,0,0,0
1069056,522,0,13,1,2,0,10,-0.0003,0.00021,1.6436,1389,0,0,0,0,0,0,0,0,0,0,0,0,0,0,0,0,0,0,0,0,0
1071104,523,0,3,0,2,0,1,-0.00188,0.0,1.6697,1553,0,0,0,0,0,0,0,0,0,0,0,0,0,0,0,0,0,0,0,0,0
1073152,524,0,7,0,4,1,2,-0.00083,0.0,1.7191,1312,0,0,0,0,0,0,0,0,0,0,0,0,0,0,0,0,0,0,0,0,0
1075200,525,0,8,1,4,2,1,-0.00046,8e-05,1.7585,1509,0,0,0,0,0,0,0,0,0,0,0,0,0,0,0,0,0,0,0,0,0
1077248,526,0,10,0,5,0,5,-0.00089,0.0,1.7753,1315,0,0,0,0,0,0,0,0,0,0,0,0,0,0,0,0,0,0,0,0,0
1079296,527,0,3,0,2,0,1,-0.00073,0.0,1.8036,1420,0,0,0,0,0,0,0,0,0,0,0,0,0,0,0,0,0,0,0,0,0
1081344,528,0,6,0,3,1,2,-0.00023,0.0,1.8232,1295,0,0,0,0,0,0,0,0,0,0,0,0,0,0,0,0,0,0,0,0,0
1083392,529,0,10,0,4,1,5,-0.00036,0.0,1.8212,1604,0,0,0,0,0,0,0,0,0,0,0,0,0,0,0,0,0,0,0,0,0
1085440,530,0,8,0,5,0,3,-0.00033,0.0,1.8263,1554,0,0,0,0,0,0,0,0,0,0,0,0,0,0,0,0,0,0,0,0,0
1087488,531,0,4,0,1,0,3,-0.00257,0.0,1.8028,1486,0,0,0,0,0,0,0,0,0,0,0,0,0,0,0,0,0,0,0,0,0
1089536,532,0,6,0,2,0,4,-0.00187,0.0,1.7492,1502,0,0,0,0,0,0,0,0,0,0,0,0,0,0,0,0,0,0,0,0,0
1091584,533,0,8,0,2,1,5,-0.00034,0.0,1.7528,1423,0,0,0,0,0,0,0,0,0,0,0,0,0,0,0,0,0,0,0,0,0
1093632,534,0,7,0,4,0,3,-0.00187,0.0,1.7226,1233,0,0,0,0,0,0,0,0,0,0,0,0,0,0,0,0,0,0,0,0,0
1095680,535,0,8,0,5,1,2,-0.00199,0.0,1.6974,1285,0,0,0,0,0,0,0,0,0,0,0,0,0,0,0,0,0,0,0,0,0
1097728,536,0,4,0,1,0,3,-0.00078,0.0,1.6227,1448,0,0,0,0,0,0,0,0,0,0,0,0,0,0,0,0,0,0,0,0,0
1099776,537,0,9,0,4,1,4,-0.00089,0.0,1.6363,1355,0,0,0,0,0,0,0,0,0,0,0,0,0,0,0,0,0,0,0,0,0
1101824,538,0,6,0,3,2,1,-0.00038,0.0,1.6442,1486,0,0,0,0,0,0,0,0,0,0,0,0,0,0,0,0,0,0,0,0,0
1103872,539,0,10,0,4,1,5,-0.00071,0.0,1.6458,1419,0,0,0,0,0,0,0,0,0,0,0,0,0,0,0,0,0,0,0,0,0
1105920,540,0,3,0,1,0,2,-0.00086,0.0,1.6135,1435,0,0,0,0,0,0,0,0,0,0,0,0,0,0,0,0,0,0,0,0,0
1107968,541,0,12,0,6,2,4,-0.00164,0.0,1.5749,1428,0,0,0,0,0,0,0,0,0,0,0,0,0,0,0,0,0,0,0,0,0
1110016,542,0,4,0,2,0,2,-0.00019,0.0,1.5602,1329,0,0,0,0,0,0,0,0,0,0,0,0,0,0,0,0,0,0,0,0,0
1112064,543,0,6,0,1,2,3,-0.00091,0.0,1.5352,1353,0,0,0,0,0,0,0,0,0,0,0,0,0,0,0,0,0,0,0,0,0
1114112,544,0,10,0,5,3,2,-0.00147,0.0,1.5205,1383,0,0,0,0,0,0,0,0,0,0,0,0,0,0,0,0,0,0,0,0,0
1116160,545,0,8,0,2,1,5,-0.00163,0.0,1.4843,1583,0,0,0,0,0,0,0,0,0,0,0,0,0,0,0,0,0,0,0,0,0
1118208,546,0,2,0,1,0,1,-0.00255,0.0,1.4478,1408,0,0,0,0,0,0,0,0,0,0,0,0,0,0,0,0,0,0,0,0,0
1120256,547,0,8,0,4,1,3,-0.00122,0.0,1.4917,1419,0,0,0,0,0,0,0,0,0,0,0,0,0,0,0,0,0,0,0,0,0
1122304,548,0,8,1,2,2,3,-6e-05,0.00125,1.4898,1554,0,0,0,0,0,0,0,0,0,0,0,0,0,0,0,0,0,0,0,0,0
1124352,549,0,10,0,4,1,5,-0.00125,0.0,1.5658,1449,0,0,0,0,0,0,0,0,0,0,0,0,0,0,0,0,0,0,0,0,0
1126400,550,0,5,0,3,0,2,-0.00115,0.0,1.6105,1478,0,0,0,0,0,0,0,0,0,0,0,0,0,0,0,0,0,0,0,0,0
1128448,551,0,13,1,8,3,1,-0.0012,2e-05,1.6587,1468,0,0,0,0,0,0,0,0,0,0,0,0,0,0,0,0,0,0,0,0,0
1130496,552,0,8,0,3,0,5,-0.00182,0.0,1.7107,1473,0,0,0,0,0,0,0,0,0,0,0,0,0,0,0,0,0,0,0,0,0
1132544,553,0,6,0,2,1,3,-0.00097,0.0,1.7059,1534,0,0,0,0,0,0,0,0,0,0,0,0,0,0,0,0,0,0,0,0,0
1134592,554,0,6,1,3,1,1,-0.0005,0.00106,1.7064,1587,0,0,0,0,0,0,0,0,0,0,0,0,0,0,0,0,0,0,0,0,0
1136640,555,0,7,0,4,0,3,-0.00145,0.0,1.7572,1333,0,0,0,0,0,0,0,0,0,0,0,0,0,0,0,0,0,0,0,0,0
1138688,556,0,10,0,5,0,5,-0.0007,0.0,1.7635,1357,0,0,0,0,0,0,0,0,0,0,0,0,0,0,0,0,0,0,0,0,0
1140736,557,0,4,0,1,0,3,-0.00052,0.0,1.7849,1401,0,0,0,0,0,0,0,0,0,0,0,0,0,0,0,0,0,0,0,0,0
1142784,558,0,5,0,3,0,2,-0.00019,0.0,1.8029,1318,0,0,0,0,0,0,0,0,0,0,0,0,0,0,0,0,0,0,0,0,0
1144832,559,0,10,0,5,1,4,-0.00101,0.0,1.7882,1460,0,0,0,0,0,0,0,0,0,0,0,0,0,0,0,0,0,0,0,0,0
1146880,560,0,8,0,3,0,5,-0.0006,0.0,1.7714,1403,0,0,0,0,0,0,0,0,0,0,0,0,0,0,0,0,0,0,0,0,0
1148928,561,0,7,1,4,0,2,0.00022,0.00064,1.794,1467,0,0,0,0,0,0,0,0,0,0,0,0,0,0,0,0,0,0,0,0,0
1150976,562,0,12,0,9,1,2,-7e-05,0.0,1.7985,1421,0,0,0,0,0,0,0,0,0,0,0,0,0,0,0,0,0,0,0,0,0
1153024,563,0,10,0,6,1,3,-0.00065,0.0,1.7984,1296,0,0,0,0,0,0,0,0,0,0,0,0,0,0,0,0,0,0,0,0,0
1155072,564,0,2,0,0,0,2,-0.00176,0.0,1.7912,1558,0,0,0,0,0,0,0,0,0,0,0,0,0,0,0,0,0,0,0,0,0
1157120,565,0,7,0,3,0,4,-0.0008,0.0,1.7868,1606,0,0,0,0,0,0,0,0,0,0,0,0,0,0,0,0,0,0,0,0,0
1159168,566,0,6,0,2,0,4,-0.00214,0.0,1.7956,1585,0,0,0,0,0,0,0,0,0,0,0,0,0,0,0,0,0,0,0,0,0
1161216,567,0,6,0,1,0,5,0.00014,0.0,1.8174,1453,0,0,0,0,0,0,0,0,0,0,0,0,0,0,0,0,0,0,0,0,0
1163264,568,0,6,0,4,0,2,0.00025,0.0,1.8198,1540,0,0,0,0,0,0,0,0,0,0,0,0,0,0,0,0,0,0,0,0,0
1165312,569,0,7,0,4,0,3,-0.00034,0.0,1.8267,1579,0,0,0,0,0,0,0,0,0,0,0,0,0,0,0,0,0,0,0,0,0
1167360,570,0,7,0,4,0,3,-0.00172,0.0,1.8253,1486,0,0,0,0,0,0,0,0,0,0,0,0,0,0,0,0,0,0,0,0,0
1169408,571,0,4,0,1,1,2,-0.00087,1e-05,1.8324,1419,0,0,0,0,0,0,0,0,0,0,0,0,0,0,0,0,0,0,0,0,0
1171456,572,0,8,0,4,0,4,-0.00352,1e-05,1.79,1464,0,0,0,0,0,0,0,0,0,0,0,0,0,0,0,0,0,0,0,0,0
1173504,573,0,6,1,2,0,3,-0.00291,0.00044,1.7137,1440,0,0,0,0,0,0,0,0,0,0,0,0,0,0,0,0,0,0,0,0,0
1175552,574,0,6,0,2,0,4,-0.00119,0.0,1.6968,1499,0,0,0,0,0,0,0,0,0,0,0,0,0,0,0,0,0,0,0,0,0
1177600,575,0,5,0,4,0,1,-0.00079,0.0,1.6648,1536,0,0,0,0,0,0,0,0,0,0,0,0,0,0,0,0,0,0,0,0,0
1179648,576,0,7,0,0,0,7,-0.0003,0.0,1.7189,1434,0,0,0,0,0,0,0,0,0,0,0,0,0,0,0,0,0,0,0,0,0
1181696,577,0,3,0,0,0,3,-0.00012,0.0,1.7247,1601,0,0,0,0,0,0,0,0,0,0,0,0,0,0,0,0,0,0,0,0,0
1183744,578,0,5,0,2,0,3,0.00037,0.0,1.7715,1435,0,0,0,0,0,0,0,0,0,0,0,0,0,0,0,0,0,0,0,0,0
1185792,579,0,7,0,1,0,6,-0.00147,0.0,1.7782,1458,0,0,0,0,0,0,0,0,0,0,0,0,0,0,0,0,0,0,0,0,0
1187840,580,0,11,1,6,1,3,-0.00104,0.00066,1.7647,1571,0,0,0,0,0,0,0,0,0,0,0,0,0,0,0,0,0,0,0,0,0
1189888,581,0,3,0,1,0,2,-0.00054,0.0,1.761,1379,0,0,0,0,0,0,0,0,0,0,0,0,0,0,0,0,0,0,0,0,0
1191936,582,0,5,0,4,1,0,-0.00069,0.0,1.7832,1418,0,0,0,0,0,0,0,0,0,0,0,0,0,0,0,0,0,0,0,0,0
1193984,583,0,10,0,4,0,6,-0.00074,0.0,1.7915,1498,0,0,0,0,0,0,0,0,0,0,0,0,0,0,0,0,0,0,0,0,0
1196032,584,0,5,0,1,0,4,-0.00044,0.0,1.7953,1420,0,0,0,0,0,0,0,0,0,0,0,0,0,0,0,0,0,0,0,0,0
1198080,585,0,1,0,0,0,1,-0.00089,0.0,1.7709,1305,0,0,0,0,0,0,0,0,0,0,0,0,0,0,0,0,0,0,0,0,0
1200128,586,0,8,0,2,1,5,-0.00024,0.0,1.7903,1473,0,0,0,0,0,0,0,0,0,0,0,0,0,0,0,0,0,0,0,0,0
1202176,587,0,8,0,4,0,4,-0.00139,0.0,1.7725,1374,0,0,0,0,0,0,0,0,0,0,0,0,0,0,0,0,0,0,0,0,0
1204224,588,0,8,0,3,0,5,-0.00237,0.0,1.7513,1431,0,0,0,0,0,0,0,0,0,0,0,0,0,0,0,0,0,0,0,0,0
1206272,589,0,0,0,0,0,0,-0.00058,0.0,1.7438,1501,0,0,0,0,0,0,0,0,0,0,0,0,0,0,0,0,0,0,0,0,0
1208320,590,0,9,0,4,0,5,-0.00147,0.0,1.7274,1455,0,0,0,0,0,0,0,0,0,0,0,0,0,0,0,0,0,0,0,0,0
1210368,591,0,5,0,1,0,4,-0.00137,0.0,1.7033,1512,0,0,0,0,0,0,0,0,0,0,0,0,0,0,0,0,0,0,0,0,0
1212416,592,0,7,0,2,0,5,-0.00111,0.0,1.6926,1448,0,0,0,0,0,0,0,0,0,0,0,0,0,0,0,0,0,0,0,0,0
1214464,593,0,1,0,1,0,0,-0.00161,1e-05,1.7261,1512,0,0,0,0,0,0,0,0,0,0,0,0,0,0,0,0,0,0,0,0,0
1216512,594,0,10,2,2,1,5,-0.00165,0.00018,1.7206,1596,0,0,0,0,0,0,0,0,0,0,0,0,0,0,0,0,0,0,0,0,0
1218560,595,0,10,0,6,0,4,-0.0005,1e-05,1.6684,1546,0,0,0,0,0,0,0,0,0,0,0,0,0,0,0,0,0,0,0,0,0
1220608,596,0,10,0,7,0,3,-0.00066,3e-05,1.6585,1461,0,0,0,0,0,0,0,0,0,0,0,0,0,0,0,0,0,0,0,0,0
1222656,597,0,6,1,2,2,1,-0.00319,0.00036,1.5663,1362,0,0,0,0,0,0,0,0,0,0,0,0,0,0,0,0,0,0,0,0,0
1224704,598,0,8,1,5,1,1,-0.00096,0.00019,1.5732,1510,0,0,0,0,0,0,0,0,0,0,0,0,0,0,0,0,0,0,0,0,0
1226752,599,0,10,0,4,3,3,-0.00019,1e-05,1.5015,1521,0,0,0,0,0,0,0,0,0,0,0,0,0,0,0,0,0,0,0,0,0
1228800,600,0,8,0,5,1,2,-0.00204,1e-05,1.5997,1570,0,0,0,0,0,0,0,0,0,0,0,0,0,0,0,0,0,0,0,0,0
1230848,601,0,9,0,4,1,4,-0.00133,2e-05,1.6027,1439,0,0,0,0,0,0,0,0,0,0,0,0,0,0,0,0,0,0,0,0,0
1232896,602,0,9,0,6,1,2,-0.00244,1e-05,1.5839,1476,0,0,0,0,0,0,0,0,0,0,0,0,0,0,0,0,0,0,0,0,0
1234944,603,0,9,1,3,2,3,-4e-05,0.00041,1.5995,1410,0,0,0,0,0,0,0,0,0,0,0,0,0,0,0,0,0,0,0,0,0
1236992,604,0,6,0,2,1,3,-0.0007,1e-05,1.645,1473,0,0,0,0,0,0,0,0,0,0,0,0,0,0,0,0,0,0,0,0,0
1239040,605,0,9,1,5,1,2,-0.00174,0.00101,1.6271,1413,0,0,0,0,0,0,0,0,0,0,0,0,0,0,0,0,0,0,0,0,0
1241088,606,0,9,0,4,1,4,-0.00117,1e-05,1.6289,1382,0,0,0,0,0,0,0,0,0,0,0,0,0,0,0,0,0,0,0,0,0
1243136,607,0,7,0,4,0,3,-0.00355,0.0,1.5946,1439,0,0,0,0,0,0,0,0,0,0,0,0,0,0,0,0,0,0,0,0,0
1245184,608,0,10,1,4,2,3,-0.0002,0.00176,1.609,1535,0,0,0,0,0,0,0,0,0,0,0,0,0,0,0,0,0,0,0,0,0
1247232,609,0,12,2,7,2,1,-0.00087,0.00034,1.5869,1501,0,0,0,0,0,0,0,0,0,0,0,0,0,0,0,0,0,0,0,0,0
1249280,610,0,8,0,5,0,3,-0.00228,1e-05,1.5147,1439,0,0,0,0,0,0,0,0,0,0,0,0,0,0,0,0,0,0,0,0,0
1251328,611,0,9,0,5,2,2,-0.00031,1e-05,1.4831,1450,0,0,0,0,0,0,0,0,0,0,0,0,0,0,0,0,0,0,0,0,0
1253376,612,0,7,0,5,0,2,-0.0028,1e-05,1.4371,1378,0,0,0,0,0,0,0,0,0,0,0,0,0,0,0,0,0,0,0,0,0
1255424,613,0,8,0,6,0,2,-0.00122,1e-05,1.4799,1436,0,0,0,0,0,0,0,0,0,0,0,0,0,0,0,0,0,0,0,0,0
1257472,614,0,6,0,3,0,3,-0.00096,1e-05,1.461,1504,0,0,0,0,0,0,0,0,0,0,0,0,0,0,0,0,0,0,0,0,0
1259520,615,0,8,1,3,0,4,-0.0021,0.00023,1.5066,1526,0,0,0,0,0,0,0,0,0,0,0,0,0,0,0,0,0,0,0,0,0
1261568,616,0,7,1,3,0,3,0.0005,0.00053,1.5895,1571,0,0,0,0,0,0,0,0,0,0,0,0,0,0,0,0,0,0,0,0,0
1263616,617,0,4,0,3,1,0,-0.0008,1e-05,1.5789,1499,0,0,0,0,0,0,0,0,0,0,0,0,0,0,0,0,0,0,0,0,0
1265664,618,0,7,0,4,0,3,-0.0015,0.0,1.5842,1561,0,0,0,0,0,0,0,0,0,0,0,0,0,0,0,0,0,0,0,0,0
1267712,619,0,11,0,6,0,5,-0.00157,0.0,1.5483,1533,0,0,0,0,0,0,0,0,0,0,0,0,0,0,0,0,0,0,0,0,0
1269760,620,0,2,0,1,0,1,-0.00165,0.0,1.5757,1473,0,0,0,0,0,0,0,0,0,0,0,0,0,0,0,0,0,0,0,0,0
1271808,621,0,4,0,2,0,2,-0.00143,0.0,1.6496,1428,0,0,0,0,0,0,0,0,0,0,0,0,0,0,0,0,0,0,0,0,0
1273856,622,0,8,0,3,0,5,-0.00072,1e-05,1.6742,1437,0,0,0,0,0,0,0,0,0,0,0,0,0,0,0,0,0,0,0,0,0
1275904,623,0,6,0,1,0,5,-0.00085,0.0,1.6376,1479,0,0,0,0,0,0,0,0,0,0,0,0,0,0,0,0,0,0,0,0,0
1277952,624,0,5,0,4,0,1,-0.0024,1e-05,1.6323,1441,0,0,0,0,0,0,0,0,0,0,0,0,0,0,0,0,0,0,0,0,0
1280000,625,0,7,1,2,2,2,-0.00069,0.00126,1.6678,1355,0,0,0,0,0,0,0,0,0,0,0,0,0,0,0,0,0,0,0,0,0
1282048,626,0,6,0,3,0,3,-0.00081,1e-05,1.7175,1437,0,0,0,0,0,0,0,0,0,0,0,0,0,0,0,0,0,0,0,0,0
1284096,627,0,7,0,4,1,2,-0.00253,1e-05,1.7074,1386,0,0,0,0,0,0,0,0,0,0,0,0,0,0,0,0,0,0,0,0,0
1286144,628,0,5,0,3,0,2,-0.00099,0.0,1.6859,1470,0,0,0,0,0,0,0,0,0,0,0,0,0,0,0,0,0,0,0,0,0
1288192,629,0,5,0,2,0,3,-0.00273,1e-05,1.6826,1549,0,0,0,0,0,0,0,0,0,0,0,0,0,0,0,0,0,0,0,0,0
1290240,630,0,5,0,1,0,4,-0.00265,0.0,1.6514,1529,0,0,0,0,0,0,0,0,0,0,0,0,0,0,0,0,0,0,0,0,0
1292288,631,0,7,0,2,1,4,-0.00026,0.0,1.6401,1553,0,0,0,0,0,0,0,0,0,0,0,0,0,0,0,0,0,0,0,0,0
1294336,632,0,8,0,3,1,4,-0.00136,0.0,1.6429,1319,0,0,0,0,0,0,0,0,0,0,0,0,0,0,0,0,0,0,0,0,0
1296384,633,0,5,0,3,1,1,-0.00228,1e-05,1.6308,1575,0,0,0,0,0,0,0,0,0,0,0,0,0,0,0,0,0,0,0,0,0
1298432,634,0,7,0,3,2,2,-0.00174,1e-05,1.6458,1432,0,0,0,0,0,0,0,0,0,0,0,0,0,0,0,0,0,0,0,0,0
1300480,635,0,6,0,2,0,4,-0.00227,1e-05,1.6272,1395,0,0,0,0,0,0,0,0,0,0,0,0,0,0,0,0,0,0,0,0,0
1302528,636,0,7,0,2,0,5,-0.00345,0.0,1.6344,1543,0,0,0,0,0,0,0,0,0,0,0,0,0,0,0,0,0,0,0,0,0
1304576,637,0,3,1,1,0,1,-0.00061,0.00154,1.6095,1502,0,0,0,0,0,0,0,0,0,0,0,0,0,0,0,0,0,0,0,0,0
1306624,638,0,10,0,4,2,4,0.00185,2e-05,1.6162,1520,0,0,0,0,0,0,0,0,0,0,0,0,0,0,0,0,0,0,0,0,0
1308672,639,0,8,0,4,2,2,0.00029,1e-05,1.6695,1513,0,0,0,0,0,0,0,0,0,0,0,0,0,0,0,0,0,0,0,0,0
1310720,640,0,10,1,5,0,4,6e-05,0.00034,1.6932,1317,0,0,0,0,0,0,0,0,0,0,0,0,0,0,0,0,0,0,0,0,0
1312768,641,0,2,0,0,1,1,-0.00267,1e-05,1.6868,1403,0,0,0,0,0,0,0,0,0,0,0,0,0,0,0,0,0,0,0,0,0
1314816,642,0,9,1,4,1,3,-0.00098,0.0003,1.6981,1517,0,0,0,0,0,0,0,0,0,0,0,0,0,0,0,0,0,0,0,0,0
1316864,643,0,10,0,6,0,4,-0.00194,0.0,1.7534,1548,0,0,0,0,0,0,0,0,0,0,0,0,0,0,0,0,0,0,0,0,0
1318912,644,0,5,0,1,0,4,-0.00145,1e-05,1.7614,1467,0,0,0,0,0,0,0,0,0,0,0,0,0,0,0,0,0,0,0,0,0
1320960,645,0,5,0,3,1,1,-0.00028,0.0,1.753,1481,0,0,0,0,0,0,0,0,0,0,0,0,0,0,0,0,0,0,0,0,0
1323008,646,0,5,1,2,0,2,-0.00015,0.00046,1.7803,1581,0,0,0,0,0,0,0,0,0,0,0,0,0,0,0,0,0,0,0,0,0
1325056,647,0,8,0,3,1,4,-0.00232,1e-05,1.7413,1524,0,0,0,0,0,0,0,0,0,0,0,0,0,0,0,0,0,0,0,0,0
1327104,648,0,7,0,3,1,3,0.00028,1e-05,1.7038,1419,0,0,0,0,0,0,0,0,0,0,0,0,0,0,0,0,0,0,0,0,0
1329152,649,0,8,0,4,1,3,-0.00085,1e-05,1.7238,1480,0,0,0,0,0,0,0,0,0,0,0,0,0,0,0,0,0,0,0,0,0
1331200,650,0,9,1,7,0,1,-8e-05,0.00159,1.7341,1451,0,0,0,0,0,0,0,0,0,0,0,0,0,0,0,0,0,0,0,0,0
1333248,651,0,9,1,5,1,2,-0.00115,0.00055,1.7006,1472,0,0,0,0,0,0,0,0,0,0,0,0,0,0,0,0,0,0,0,0,0
1335296,652,0,8,1,1,1,5,-0.00054,0.00133,1.6799,1450,0,0,0,0,0,0,0,0,0,0,0,0,0,0,0,0,0,0,0,0,0
1337344,653,0,9,0,5,2,2,0.00032,1e-05,1.7077,1558,0,0,0,0,0,0,0,0,0,0,0,0,0,0,0,0,0,0,0,0,0
1339392,654,0,6,0,2,1,3,-0.00073,1e-05,1.7184,1545,0,0,0,0,0,0,0,0,0,0,0,0,0,0,0,0,0,0,0,0,0
1341440,655,0,8,0,4,0,4,-0.00017,0.0,1.715,1577,0,0,0,0,0,0,0,0,0,0,0,0,0,0,0,0,0,0,0,0,0
1343488,656,0,5,0,5,0,0,-0.00231,0.0,1.7305,1319,0,0,0,0,0,0,0,0,0,0,0,0,0,0,0,0,0,0,0,0,0
1345536,657,0,6,0,2,0,4,0.00037,0.0,1.7395,1513,0,0,0,0,0,0,0,0,0,0,0,0,0,0,0,0,0,0,0,0,0
1347584,658,0,7,0,2,0,5,-0.0008,0.0,1.7495,1558,0,0,0,0,0,0,0,0,0,0,0,0,0,0,0,0,0,0,0,0,0
1349632,659,0,8,0,4,0,4,-0.00184,0.0,1.7401,1608,0,0,0,0,0,0,0,0,0,0,0,0,0,0,0,0,0,0,0,0,0
1351680,660,0,5,0,2,1,2,-0.00058,0.0,1.719,1554,0,0,0,0,0,0,0,0,0,0,0,0,0,0,0,0,0,0,0,0,0
1353728,661,0,4,0,0,0,4,-0.00152,0.0,1.7105,1533,0,0,0,0,0,0,0,0,0,0,0,0,0,0,0,0,0,0,0,0,0
1355776,662,0,4,0,1,0,3,-0.00087,0.0,1.6665,1584,0,0,0,0,0,0,0,0,0,0,0,0,0,0,0,0,0,0,0,0,0
1357824,663,0,5,0,0,0,5,-0.0019,0.0,1.6035,1434,0,0,0,0,0,0,0,0,0,0,0,0,0,0,0,0,0,0,0,0,0
1359872,664,0,6,0,1,1,4,-0.00016,0.0,1.5621,1558,0,0,0,0,0,0,0,0,0,0,0,0,0,0,0,0,0,0,0,0,0
1361920,665,0,6,0,4,0,2,-0.00377,1e-05,1.5383,1517,0,0,0,0,0,0,0,0,0,0,0,0,0,0,0,0,0,0,0,0,0
1363968,666,0,5,0,3,0,2,-0.00107,0.0,1.61,1536,0,0,0,0,0,0,0,0,0,0,0,0,0,0,0,0,0,0,0,0,0
1366016,667,0,8,0,3,0,5,-0.00244,0.0,1.6162,1617,0,0,0,0,0,0,0,0,0,0,0,0,0,0,0,0,0,0,0,0,0
1368064,668,0,5,0,1,0,4,-0.00083,0.0,1.5663,1593,0,0,0,0,0,0,0,0,0,0,0,0,0,0,0,0,0,0,0,0,0
1370112,669,0,4,0,2,0,2,-0.00231,0.0,1.516,1631,0,0,0,0,0,0,0,0,0,0,0,0,0,0,0,0,0,0,0,0,0
1372160,670,0,5,0,2,0,3,-0.00034,0.0,1.5225,1470,0,0,0,0,0,0,0,0,0,0,0,0,0,0,0,0,0,0,0,0,0
1374208,671,0,9,0,2,0,7,-0.00128,0.0,1.5427,1475,0,0,0,0,0,0,0,0,0,0,0,0,0,0,0,0,0,0,0,0,0
1376256,672,0,7,0,4,1,2,-0.00337,0.0,1.5651,1463,0,0,0,0,0,0,0,0,0,0,0,0,0,0,0,0,0,0,0,0,0
1378304,673,0,2,0,1,0,1,6e-05,0.0,1.596,1476,0,0,0,0,0,0,0,0,0,0,0,0,0,0,0,0,0,0,0,0,0
1380352,674,0,4,0,0,0,4,-0.00142,0.0,1.5788,1648,0,0,0,0,0,0,0,0,0,0,0,0,0,0,0,0,0,0,0,0,0
1382400,675,0,7,0,1,0,6,-0.00339,1e-05,1.6119,1637,0,0,0,0,0,0,0,0,0,0,0,0,0,0,0,0,0,0,0,0,0
1384448,676,0,5,0,0,1,4,-0.00216,1e-05,1.5853,1532,0,0,0,0,0,0,0,0,0,0,0,0,0,0,0,0,0,0,0,0,0
1386496,677,0,7,0,4,0,3,-0.00187,0.0,1.5628,1478,0,0,0,0,0,0,0,0,0,0,0,0,0,0,0,0,0,0,0,0,0
1388544,678,0,5,0,1,0,4,-0.00242,1e-05,1.549,1536,0,0,0,0,0,0,0,0,0,0,0,0,0,0,0,0,0,0,0,0,0
1390592,679,0,6,0,3,0,3,0.00081,1e-05,1.5035,1492,0,0,0,0,0,0,0,0,0,0,0,0,0,0,0,0,0,0,0,0,0
1392640,680,0,4,0,0,0,4,0.0018,0.0,1.4706,1563,0,0,0,0,0,0,0,0,0,0,0,0,0,0,0,0,0,0,0,0,0
1394688,681,0,5,0,2,0,3,-0.00554,0.0,1.4234,1583,0,0,0,0,0,0,0,0,0,0,0,0,0,0,0,0,0,0,0,0,0
1396736,682,0,6,0,1,0,5,-0.00242,0.0,1.4464,1576,0,0,0,0,0,0,0,0,0,0,0,0,0,0,0,0,0,0,0,0,0
1398784,683,0,7,0,2,0,5,-0.00365,0.0,1.4067,1501,0,0,0,0,0,0,0,0,0,0,0,0,0,0,0,0,0,0,0,0,0
1400832,684,0,2,0,0,0,2,0.00064,0.0,1.3799,1599,0,0,0,0,0,0,0,0,0,0,0,0,0,0,0,0,0,0,0,0,0
1402880,685,0,4,0,1,0,3,-0.00173,0.0,1.3362,1551,0,0,0,0,0,0,0,0,0,0,0,0,0,0,0,0,0,0,0,0,0
1404928,686,0,8,0,3,0,5,0.00285,0.0,1.2795,1452,0,0,0,0,0,0,0,0,0,0,0,0,0,0,0,0,0,0,0,0,0
1406976,687,0,7,0,3,0,4,0.00049,0.0,1.2331,1526,0,0,0,0,0,0,0,0,0,0,0,0,0,0,0,0,0,0,0,0,0
1409024,688,0,2,0,0,0,2,-0.0023,0.0,1.1904,1513,0,0,0,0,0,0,0,0,0,0,0,0,0,0,0,0,0,0,0,0,0
1411072,689,0,4,0,0,1,3,0.0002,0.0,1.2107,1528,0,0,0,0,0,0,0,0,0,0,0,0,0,0,0,0,0,0,0,0,0
1413120,690,0,7,0,2,0,5,0.00133,0.0,1.1561,1519,0,0,0,0,0,0,0,0,0,0,0,0,0,0,0,0,0,0,0,0,0
1415168,691,0,4,0,1,0,3,-0.00125,0.0,1.1146,1567,0,0,0,0,0,0,0,0,0,0,0,0,0,0,0,0,0,0,0,0,0
1417216,692,0,4,0,3,0,1,-0.00042,0.0,1.0864,1524,0,0,0,0,0,0,0,0,0,0,0,0,0,0,0,0,0,0,0,0,0
1419264,693,0,4,0,1,0,3,0.00152,0.0,1.1304,1478,0,0,0,0,0,0,0,0,0,0,0,0,0,0,0,0,0,0,0,0,0
1421312,694,0,6,0,0,0,6,-0.0008,0.0,1.1969,1319,0,0,0,0,0,0,0,0,0,0,0,0,0,0,0,0,0,0,0,0,0
1423360,695,0,4,0,0,0,4,-0.00093,0.0,1.1773,1566,0,0,0,0,0,0,0,0,0,0,0,0,0,0,0,0,0,0,0,0,0
1425408,696,0,3,0,0,0,3,-0.00257,0.0,1.2172,1522,0,0,0,0,0,0,0,0,0,0,0,0,0,0,0,0,0,0,0,0,0
1427456,697,0,6,1,1,0,4,-0.00012,0.00034,1.2907,1602,0,0,0,0,0,0,0,0,0,0,0,0,0,0,0,0,0,0,0,0,0
1429504,698,0,5,0,2,0,3,-0.00176,1e-05,1.3162,1588,0,0,0,0,0,0,0,0,0,0,0,0,0,0,0,0,0,0,0,0,0
1431552,699,0,6,0,0,1,5,-0.00312,0.0,1.2972,1417,0,0,0,0,0,0,0,0,0,0,0,0,0,0,0,0,0,0,0,0,0
1433600,700,0,5,0,2,1,2,0.00059,1e-05,1.2794,1432,0,0,0,0,0,0,0,0,0,0,0,0,0,0,0,0,0,0,0,0,0
1435648,701,0,9,1,2,1,5,-0.00185,0.00034,1.353,1444,0,0,0,0,0,0,0,0,0,0,0,0,0,0,0,0,0,0,0,0,0
1437696,702,0,5,0,2,1,2,-3e-05,1e-05,1.4221,1489,0,0,0,0,0,0,0,0,0,0,0,0,0,0,0,0,0,0,0,0,0
1439744,703,0,3,1,1,0,1,0.00176,0.00074,1.4513,1493,0,0,0,0,0,0,0,0,0,0,0,0,0,0,0,0,0,0,0,0,0
1441792,704,0,5,0,0,1,4,-0.00303,1e-05,1.4958,1473,0,0,0,0,0,0,0,0,0,0,0,0,0,0,0,0,0,0,0,0,0
1443840,705,0,9,0,5,0,4,-0.00086,0.0,1.4763,1389,0,0,0,0,0,0,0,0,0,0,0,0,0,0,0,0,0,0,0,0,0
1445888,706,0,2,0,1,0,1,-0.00146,0.0,1.4537,1473,0,0,0,0,0,0,0,0,0,0,0,0,0,0,0,0,0,0,0,0,0
1447936,707,0,6,3,1,1,1,-0.00275,0.00063,1.4325,1438,0,0,0,0,0,0,0,0,0,0,0,0,0,0,0,0,0,0,0,0,0
1449984,708,0,6,0,3,0,3,-0.00072,1e-05,1.522,1376,0,0,0,0,0,0,0,0,0,0,0,0,0,0,0,0,0,0,0,0,0
1452032,709,0,6,0,1,0,5,-0.00262,1e-05,1.491,1323,0,0,0,0,0,0,0,0,0,0,0,0,0,0,0,0,0,0,0,0,0
1454080,710,0,6,1,3,0,2,-0.00443,8e-05,1.4686,1432,0,0,0,0,0,0,0,0,0,0,0,0,0,0,0,0,0,0,0,0,0
1456128,711,0,11,0,6,1,4,-0.00096,1e-05,1.5042,1483,0,0,0,0,0,0,0,0,0,0,0,0,0,0,0,0,0,0,0,0,0
1458176,712,0,7,1,4,0,2,0.00062,0.0001,1.5094,1338,0,0,0,0,0,0,0,0,0,0,0,0,0,0,0,0,0,0,0,0,0
1460224,713,0,8,0,6,0,2,-0.00051,1e-05,1.5128,1393,0,0,0,0,0,0,0,0,0,0,0,0,0,0,0,0,0,0,0,0,0
1462272,714,0,0,0,0,0,0,-0.00227,1e-05,1.4834,1308,0,0,0,0,0,0,0,0,0,0,0,0,0,0,0,0,0,0,0,0,0
1464320,715,0,10,1,2,0,7,-0.00106,0.00047,1.4747,1330,0,0,0,0,0,0,0,0,0,0,0,0,0,0,0,0,0,0,0,0,0
1466368,716,0,6,0,4,0,2,-0.00416,1e-05,1.428,1437,0,0,0,0,0,0,0,0,0,0,0,0,0,0,0,0,0,0,0,0,0
1468416,717,0,7,0,3,0,4,-0.00162,1e-05,1.4369,1392,0,0,0,0,0,0,0,0,0,0,0,0,0,0,0,0,0,0,0,0,0
1470464,718,0,9,0,8,0,1,-0.00357,2e-05,1.4558,1429,0,0,0,0,0,0,0,0,0,0,0,0,0,0,0,0,0,0,0,0,0
1472512,719,0,7,0,3,0,4,-0.00152,1e-05,1.4778,1491,0,0,0,0,0,0,0,0,0,0,0,0,0,0,0,0,0,0,0,0,0
1474560,720,0,10,0,5,1,4,-0.00045,2e-05,1.4929,1466,0,0,0,0,0,0,0,0,0,0,0,0,0,0,0,0,0,0,0,0,0
1476608,721,0,6,1,3,0,2,-0.00189,0.0001,1.5356,1406,0,0,0,0,0,0,0,0,0,0,0,0,0,0,0,0,0,0,0,0,0
1478656,722,0,7,0,5,2,0,-0.00293,1e-05,1.5684,1355,0,0,0,0,0,0,0,0,0,0,0,0,0,0,0,0,0,0,0,0,0
1480704,723,0,12,1,7,1,3,-0.00421,0.00013,1.5532,1426,0,0,0,0,0,0,0,0,0,0,0,0,0,0,0,0,0,0,0,0,0
1482752,724,0,10,1,5,1,3,0.00011,0.00106,1.5752,1445,0,0,0,0,0,0,0,0,0,0,0,0,0,0,0,0,0,0,0,0,0
1484800,725,0,3,0,2,1,0,-0.00397,1e-05,1.5565,1481,0,0,0,0,0,0,0,0,0,0,0,0,0,0,0,0,0,0,0,0,0
1486848,726,0,7,2,1,0,4,-0.00138,0.00116,1.5372,1405,0,0,0,0,0,0,0,0,0,0,0,0,0,0,0,0,0,0,0,0,0
1488896,727,0,10,1,6,1,2,-0.0007,0.00044,1.5038,1388,0,0,0,0,0,0,0,0,0,0,0,0,0,0,0,0,0,0,0,0,0
1490944,728,0,10,1,5,0,4,-0.00129,4e-05,1.5045,1539,0,0,0,0,0,0,0,0,0,0,0,0,0,0,0,0,0,0,0,0,0
1492992,729,0,5,0,1,2,2,-0.00031,0.0,1.5648,1559,0,0,0,0,0,0,0,0,0,0,0,0,0,0,0,0,0,0,0,0,0
1495040,730,0,6,0,3,2,1,-0.00129,1e-05,1.5974,1535,0,0,0,0,0,0,0,0,0,0,0,0,0,0,0,0,0,0,0,0,0
1497088,731,0,4,0,1,0,3,-0.00075,1e-05,1.6399,1503,0,0,0,0,0,0,0,0,0,0,0,0,0,0,0,0,0,0,0,0,0
1499136,732,0,15,0,9,0,6,-4e-05,0.0,1.682,1618,0,0,0,0,0,0,0,0,0,0,0,0,0,0,0,0,0,0,0,0,0
1501184,733,0,6,0,1,2,3,-0.00123,0.0,1.679,1519,0,0,0,0,0,0,0,0,0,0,0,0,0,0,0,0,0,0,0,0,0
1503232,734,0,5,0,3,1,1,-0.0004,0.0,1.6802,1442,0,0,0,0,0,0,0,0,0,0,0,0,0,0,0,0,0,0,0,0,0
1505280,735,0,2,0,1,0,1,-0.00055,0.0,1.7015,1520,0,0,0,0,0,0,0,0,0,0,0,0,0,0,0,0,0,0,0,0,0
1507328,736,0,7,0,1,0,6,-0.00052,0.0,1.7291,1328,0,0,0,0,0,0,0,0,0,0,0,0,0,0,0,0,0,0,0,0,0
1509376,737,0,7,0,3,0,4,-0.00112,0.0,1.7413,1469,0,0,0,0,0,0,0,0,0,0,0,0,0,0,0,0,0,0,0,0,0
1511424,738,0,9,0,5,0,4,0.00029,0.0,1.7409,1543,0,0,0,0,0,0,0,0,0,0,0,0,0,0,0,0,0,0,0,0,0
1513472,739,0,10,0,6,2,2,-0.00169,1e-05,1.7649,1525,0,0,0,0,0,0,0,0,0,0,0,0,0,0,0,0,0,0,0,0,0
1515520,740,0,3,0,1,1,1,-0.00098,1e-05,1.7435,1570,0,0,0,0,0,0,0,0,0,0,0,0,0,0,0,0,0,0,0,0,0
1517568,741,0,5,0,1,0,4,-0.00088,0.0,1.7363,1392,0,0,0,0,0,0,0,0,0,0,0,0,0,0,0,0,0,0,0,0,0
1519616,742,0,6,0,1,0,5,-4e-05,0.0,1.7394,1376,0,0,0,0,0,0,0,0,0,0,0,0,0,0,0,0,0,0,0,0,0
1521664,743,0,6,0,2,0,4,-0.00039,0.0,1.7438,1291,0,0,0,0,0,0,0,0,0,0,0,0,0,0,0,0,0,0,0,0,0
1523712,744,0,5,0,4,0,1,-0.00018,0.0,1.7685,1613,0,0,0,0,0,0,0,0,0,0,0,0,0,0,0,0,0,0,0,0,0
1525760,745,0,9,0,4,0,5,-0.00078,0.0,1.7683,1602,0,0,0,0,0,0,0,0,0,0,0,0,0,0,0,0,0,0,0,0,0
1527808,746,0,5,0,2,0,3,-0.0009,0.0,1.7529,1446,0,0,0,0,0,0,0,0,0,0,0,0,0,0,0,0,0,0,0,0,0
1529856,747,0,13,0,10,0,3,-9e-05,0.0,1.7812,1444,0,0,0,0,0,0,0,0,0,0,0,0,0,0,0,0,0,0,0,0,0
1531904,748,0,5,0,3,0,2,-0.00063,0.0,1.7815,1553,0,0,0,0,0,0,0,0,0,0,0,0,0,0,0,0,0,0,0,0,0
1533952,749,0,10,1,5,0,4,-0.00048,0.00043,1.8117,1558,0,0,0,0,0,0,0,0,0,0,0,0,0,0,0,0,0,0,0,0,0
1536000,750,0,2,0,2,0,0,-0.00122,0.0,1.8256,1581,0,0,0,0,0,0,0,0,0,0,0,0,0,0,0,0,0,0,0,0,0
1538048,751,0,9,0,3,0,6,-0.00018,0.0,1.8128,1435,0,0,0,0,0,0,0,0,0,0,0,0,0,0,0,0,0,0,0,0,0
1540096,752,0,4,1,0,0,3,-0.00044,0.00011,1.8167,1366,0,0,0,0,0,0,0,0,0,0,0,0,0,0,0,0,0,0,0,0,0
1542144,753,0,4,0,1,0,3,-0.00036,0.0,1.8054,1415,0,0,0,0,0,0,0,0,0,0,0,0,0,0,0,0,0,0,0,0,0
1544192,754,0,6,0,3,2,1,-0.00018,0.0,1.8157,1256,0,0,0,0,0,0,0,0,0,0,0,0,0,0,0,0,0,0,0,0,0
1546240,755,0,8,0,0,0,8,-0.00239,1e-05,1.8229,1437,0,0,0,0,0,0,0,0,0,0,0,0,0,0,0,0,0,0,0,0,0
1548288,756,0,5,0,3,0,2,-0.00035,0.0,1.8391,1337,0,0,0,0,0,0,0,0,0,0,0,0,0,0,0,0,0,0,0,0,0
1550336,757,0,7,1,4,0,2,-0.00078,0.00018,1.8202,1166,0,0,0,0,0,0,0,0,0,0,0,0,0,0,0,0,0,0,0,0,0
1552384,758,0,7,0,5,0,2,-0.00153,1e-05,1.8134,1376,0,0,0,0,0,0,0,0,0,0,0,0,0,0,0,0,0,0,0,0,0
1554432,759,0,10,0,5,0,5,-0.00047,0.0,1.84,1490,0,0,0,0,0,0,0,0,0,0,0,0,0,0,0,0,0,0,0,0,0
1556480,760,0,7,0,5,0,2,-0.00075,0.0,1.8611,1449,0,0,0,0,0,0,0,0,0,0,0,0,0,0,0,0,0,0,0,0,0
1558528,761,0,10,0,6,0,4,-0.00015,0.0,1.8744,1388,0,0,0,0,0,0,0,0,0,0,0,0,0,0,0,0,0,0,0,0,0
1560576,762,0,5,0,5,0,0,-0.00146,1e-05,1.8796,1393,0,0,0,0,0,0,0,0,0,0,0,0,0,0,0,0,0,0,0,0,0
1562624,763,0,11,0,5,0,6,-0.00108,0.0,1.9038,1503,0,0,0,0,0,0,0,0,0,0,0,0,0,0,0,0,0,0,0,0,0
1564672,764,0,5,0,1,0,4,-0.00035,0.0,1.9175,1442,0,0,0,0,0,0,0,0,0,0,0,0,0,0,0,0,0,0,0,0,0
1566720,765,0,5,0,2,1,2,-0.00063,0.0,1.9164,1476,0,0,0,0,0,0,0,0,0,0,0,0,0,0,0,0,0,0,0,0,0
1568768,766,0,5,1,1,0,3,-0.00024,0.00079,1.924,1536,0,0,0,0,0,0,0,0,0,0,0,0,0,0,0,0,0,0,0,0,0
1570816,767,0,10,0,4,0,6,-0.00049,1e-05,1.9304,1396,0,0,0,0,0,0,0,0,0,0,0,0,0,0,0,0,0,0,0,0,0
1572864,768,0,6,0,2,0,4,-4e-05,0.0,1.9344,1526,0,0,0,0,0,0,0,0,0,0,0,0,0,0,0,0,0,0,0,0,0
1574912,769,0,1,0,0,0,1,-4e-05,0.0,1.9361,1599,0,0,0,0,0,0,0,0,0,0,0,0,0,0,0,0,0,0,0,0,0
1576960,770,0,7,0,2,0,5,-0.00015,0.0,1.9383,1500,0,0,0,0,0,0,0,0,0,0,0,0,0,0,0,0,0,0,0,0,0
1579008,771,0,8,0,3,0,5,-0.00048,0.0,1.9403,1414,0,0,0,0,0,0,0,0,0,0,0,0,0,0,0,0,0,0,0,0,0
1581056,772,0,11,1,7,0,3,-0.00084,6e-05,1.9433,1381,0,0,0,0,0,0,0,0,0,0,0,0,0,0,0,0,0,0,0,0,0
1583104,773,0,4,1,2,0,1,-2e-05,0.00089,1.944,1462,0,0,0,0,0,0,0,0,0,0,0,0,0,0,0,0,0,0,0,0,0
1585152,774,0,4,0,1,0,3,-0.00014,0.0,1.944,1314,0,0,0,0,0,0,0,0,0,0,0,0,0,0,0,0,0,0,0,0,0
1587200,775,0,5,0,3,0,2,-0.00059,0.0,1.944,1539,0,0,0,0,0,0,0,0,0,0,0,0,0,0,0,0,0,0,0,0,0
1589248,776,0,8,0,2,0,6,-0.00012,0.0,1.943,1557,0,0,0,0,0,0,0,0,0,0,0,0,0,0,0,0,0,0,0,0,0
1591296,777,0,5,0,2,0,3,-0.00061,1e-05,1.9416,1495,0,0,0,0,0,0,0,0,0,0,0,0,0,0,0,0,0,0,0,0,0
1593344,778,0,4,0,3,0,1,-0.00148,0.0,1.941,1388,0,0,0,0,0,0,0,0,0,0,0,0,0,0,0,0,0,0,0,0,0
1595392,779,0,9,0,3,1,5,-0.00172,1e-05,1.9385,1385,0,0,0,0,0,0,0,0,0,0,0,0,0,0,0,0,0,0,0,0,0
1597440,780,0,10,0,5,0,5,-0.00028,1e-05,1.94,1608,0,0,0,0,0,0,0,0,0,0,0,0,0,0,0,0,0,0,0,0,0
1599488,781,0,3,0,1,0,2,-0.00092,0.0,1.938,1486,0,0,0,0,0,0,0,0,0,0,0,0,0,0,0,0,0,0,0,0,0
1601536,782,0,1,0,1,0,0,-0.00449,1e-05,1.9236,1518,0,0,0,0,0,0,0,0,0,0,0,0,0,0,0,0,0,0,0,0,0
1603584,783,0,11,0,3,1,7,-0.00197,1e-05,1.8961,1437,0,0,0,0,0,0,0,0,0,0,0,0,0,0,0,0,0,0,0,0,0
1605632,784,0,8,0,4,0,4,-0.0034,1e-05,1.9031,1563,0,0,0,0,0,0,0,0,0,0,0,0,0,0,0,0,0,0,0,0,0
1607680,785,0,3,0,1,0,2,-0.00144,1e-05,1.922,1435,0,0,0,0,0,0,0,0,0,0,0,0,0,0,0,0,0,0,0,0,0
1609728,786,0,0,0,0,0,0,-0.00106,0.0,1.9336,1553,0,0,0,0,0,0,0,0,0,0,0,0,0,0,0,0,0,0,0,0,0
1611776,787,0,9,0,1,1,7,-0.00122,1e-05,1.9284,1558,0,0,0,0,0,0,0,0,0,0,0,0,0,0,0,0,0,0,0,0,0
1613824,788,0,11,0,6,0,5,-0.0022,2e-05,1.8916,1553,0,0,0,0,0,0,0,0,0,0,0,0,0,0,0,0,0,0,0,0,0
1615872,789,0,6,0,3,0,3,-0.00385,1e-05,1.8841,1406,0,0,0,0,0,0,0,0,0,0,0,0,0,0,0,0,0,0,0,0,0
1617920,790,0,1,0,1,0,0,-0.00303,1e-05,1.8865,1540,0,0,0,0,0,0,0,0,0,0,0,0,0,0,0,0,0,0,0,0,0
1619968,791,0,5,0,1,0,4,-0.00236,1e-05,1.8618,1385,0,0,0,0,0,0,0,0,0,0,0,0,0,0,0,0,0,0,0,0,0
1622016,792,0,9,0,2,0,7,-0.0045,1e-05,1.8339,1442,0,0,0,0,0,0,0,0,0,0,0,0,0,0,0,0,0,0,0,0,0
1624064,793,0,5,1,1,0,3,-7e-05,0.00028,1.8353,1429,0,0,0,0,0,0,0,0,0,0,0,0,0,0,0,0,0,0,0,0,0
1626112,794,0,2,0,1,0,1,-0.0044,1e-05,1.8163,1487,0,0,0,0,0,0,0,0,0,0,0,0,0,0,0,0,0,0,0,0,0
1628160,795,0,6,0,3,0,3,-0.00186,3e-05,1.8446,1569,0,0,0,0,0,0,0,0,0,0,0,0,0,0,0,0,0,0,0,0,0
1630208,796,0,9,0,3,0,6,0.00026,3e-05,1.8312,1406,0,0,0,0,0,0,0,0,0,0,0,0,0,0,0,0,0,0,0,0,0
1632256,797,0,6,0,4,0,2,-0.00174,1e-05,1.8501,1552,0,0,0,0,0,0,0,0,0,0,0,0,0,0,0,0,0,0,0,0,0
1634304,798,0,3,0,2,0,1,-0.00045,1e-05,1.813,1398,0,0,0,0,0,0,0,0,0,0,0,0,0,0,0,0,0,0,0,0,0
1636352,799,0,4,0,0,0,4,-0.00112,1e-05,1.8299,1375,0,0,0,0,0,0,0,0,0,0,0,0,0,0,0,0,0,0,0,0,0
1638400,800,0,8,0,3,0,5,-0.00325,2e-05,1.7809,1567,0,0,0,0,0,0,0,0,0,0,0,0,0,0,0,0,0,0,0,0,0
1640448,801,0,5,0,1,0,4,-0.00082,1e-05,1.7762,1573,0,0,0,0,0,0,0,0,0,0,0,0,0,0,0,0,0,0,0,0,0
1642496,802,0,7,0,3,0,4,-0.00142,1e-05,1.8215,1592,0,0,0,0,0,0,0,0,0,0,0,0,0,0,0,0,0,0,0,0,0
1644544,803,0,4,0,2,0,2,-0.00103,1e-05,1.8224,1586,0,0,0,0,0,0,0,0,0,0,0,0,0,0,0,0,0,0,0,0,0
1646592,804,0,6,0,1,1,4,-0.00153,0.0,1.8276,1486,0,0,0,0,0,0,0,0,0,0,0,0,0,0,0,0,0,0,0,0,0
1648640,805,0,5,0,2,0,3,-0.00039,0.0,1.8141,1535,0,0,0,0,0,0,0,0,0,0,0,0,0,0,0,0,0,0,0,0,0
1650688,806,0,5,1,1,0,3,0.00094,0.00019,1.7978,1540,0,0,0,0,0,0,0,0,0,0,0,0,0,0,0,0,0,0,0,0,0
1652736,807,0,8,0,6,0,2,-0.00187,0.0,1.8412,1409,0,0,0,0,0,0,0,0,0,0,0,0,0,0,0,0,0,0,0,0,0
1654784,808,0,4,0,1,0,3,-0.00133,0.0,1.8619,1423,0,0,0,0,0,0,0,0,0,0,0,0,0,0,0,0,0,0,0,0,0
1656832,809,0,5,0,1,0,4,-0.0005,0.0,1.8939,1456,0,0,0,0,0,0,0,0,0,0,0,0,0,0,0,0,0,0,0,0,0
1658880,810,0,6,0,3,0,3,-0.00055,0.0,1.9074,1429,0,0,0,0,0,0,0,0,0,0,0,0,0,0,0,0,0,0,0,0,0
1660928,811,0,11,0,5,0,6,-0.00067,0.0,1.913,1380,0,0,0,0,0,0,0,0,0,0,0,0,0,0,0,0,0,0,0,0,0
1662976,812,0,6,0,5,0,1,0.00016,0.0,1.9151,1333,0,0,0,0,0,0,0,0,0,0,0,0,0,0,0,0,0,0,0,0,0
1665024,813,0,3,0,1,0,2,-0.00032,0.0,1.9254,1399,0,0,0,0,0,0,0,0,0,0,0,0,0,0,0,0,0,0,0,0,0
1667072,814,0,6,0,1,1,4,-0.00027,0.0,1.9346,1359,0,0,0,0,0,0,0,0,0,0,0,0,0,0,0,0,0,0,0,0,0
1669120,815,0,6,0,1,0,5,-0.00046,0.0,1.9324,1567,0,0,0,0,0,0,0,0,0,0,0,0,0,0,0,0,0,0,0,0,0
1671168,816,0,10,0,4,0,6,-0.0013,0.0,1.9358,1605,0,0,0,0,0,0,0,0,0,0,0,0,0,0,0,0,0,0,0,0,0
1673216,817,0,5,0,4,0,1,-0.00168,2e-05,1.9363,1544,0,0,0,0,0,0,0,0,0,0,0,0,0,0,0,0,0,0,0,0,0
1675264,818,0,5,0,2,0,3,-0.001,0.0,1.9172,1537,0,0,0,0,0,0,0,0,0,0,0,0,0,0,0,0,0,0,0,0,0
1677312,819,0,6,0,4,0,2,-0.0011,0.0,1.9024,1510,0,0,0,0,0,0,0,0,0,0,0,0,0,0,0,0,0,0,0,0,0
1679360,820,0,13,0,7,0,6,-0.00119,0.0,1.8989,1483,0,0,0,0,0,0,0,0,0,0,0,0,0,0,0,0,0,0,0,0,0
1681408,821,0,4,0,2,0,2,0.00024,0.0,1.9114,1548,0,0,0,0,0,0,0,0,0,0,0,0,0,0,0,0,0,0,0,0,0
1683456,822,0,3,0,1,0,2,-0.00206,0.0,1.9121,1343,0,0,0,0,0,0,0,0,0,0,0,0,0,0,0,0,0,0,0,0,0
1685504,823,0,3,0,1,0,2,-0.00117,0.0,1.9246,1376,0,0,0,0,0,0,0,0,0,0,0,0,0,0,0,0,0,0,0,0,0
1687552,824,0,11,0,2,1,8,0.00018,0.0,1.9313,1435,0,0,0,0,0,0,0,0,0,0,0,0,0,0,0,0,0,0,0,0,0
1689600,825,0,3,0,1,0,2,-0.00018,0.0,1.9305,1429,0,0,0,0,0,0,0,0,0,0,0,0,0,0,0,0,0,0,0,0,0
1691648,826,0,3,0,1,0,2,-0.00019,0.0,1.925,1234,0,0,0,0,0,0,0,0,0,0,0,0,0,0,0,0,0,0,0,0,0
1693696,827,0,4,0,0,1,3,-0.00139,0.0,1.9266,1521,0,0,0,0,0,0,0,0,0,0,0,0,0,0,0,0,0,0,0,0,0
1695744,828,0,10,0,3,0,7,0.00045,0.0,1.9332,1453,0,0,0,0,0,0,0,0,0,0,0,0,0,0,0,0,0,0,0,0,0
1697792,829,0,4,0,3,0,1,-0.00039,0.0,1.9332,1516,0,0,0,0,0,0,0,0,0,0,0,0,0,0,0,0,0,0,0,0,0
1699840,830,0,9,0,7,0,2,-2e-05,0.0,1.9352,1484,0,0,0,0,0,0,0,0,0,0,0,0,0,0,0,0,0,0,0,0,0
1701888,831,0,3,0,0,1,2,-0.0002,0.0,1.9361,1504,0,0,0,0,0,0,0,0,0,0,0,0,0,0,0,0,0,0,0,0,0
1703936,832,0,10,0,4,1,5,-4e-05,0.0,1.934,1421,0,0,0,0,0,0,0,0,0,0,0,0,0,0,0,0,0,0,0,0,0
1705984,833,0,6,0,3,0,3,-0.00101,0.0,1.9319,1578,0,0,0,0,0,0,0,0,0,0,0,0,0,0,0,0,0,0,0,0,0
1708032,834,0,5,0,1,0,4,-0.00042,0.0,1.9242,1516,0,0,0,0,0,0,0,0,0,0,0,0,0,0,0,0,0,0,0,0,0
1710080,835,0,2,0,2,0,0,-0.00059,0.0,1.9159,1451,0,0,0,0,0,0,0,0,0,0,0,0,0,0,0,0,0,0,0,0,0
1712128,836,0,7,0,0,0,7,-0.00016,0.0,1.9047,1487,0,0,0,0,0,0,0,0,0,0,0,0,0,0,0,0,0,0,0,0,0
1714176,837,0,7,0,2,0,5,-0.00166,0.0,1.9071,1531,0,0,0,0,0,0,0,0,0,0,0,0,0,0,0,0,0,0,0,0,0
1716224,838,0,4,0,1,0,3,-0.00032,0.0,1.9213,1529,0,0,0,0,0,0,0,0,0,0,0,0,0,0,0,0,0,0,0,0,0
1718272,839,0,4,0,3,0,1,-0.00018,0.0,1.9248,1572,0,0,0,0,0,0,0,0,0,0,0,0,0,0,0,0,0,0,0,0,0
1720320,840,0,10,0,3,0,7,-0.00114,0.0,1.9277,1510,0,0,0,0,0,0,0,0,0,0,0,0,0,0,0,0,0,0,0,0,0
1722368,841,0,6,0,3,0,3,-0.00121,0.0,1.9337,1569,0,0,0,0,0,0,0,0,0,0,0,0,0,0,0,0,0,0,0,0,0
1724416,842,0,3,0,2,0,1,-0.00017,0.0,1.9372,1556,0,0,0,0,0,0,0,0,0,0,0,0,0,0,0,0,0,0,0,0,0
1726464,843,0,6,0,2,0,4,-0.00072,0.0,1.9344,1474,0,0,0,0,0,0,0,0,0,0,0,0,0,0,0,0,0,0,0,0,0
1728512,844,0,7,0,1,0,6,-0.0014,0.0,1.9286,1479,0,0,0,0,0,0,0,0,0,0,0,0,0,0,0,0,0,0,0,0,0
1730560,845,0,5,0,2,0,3,-0.00021,0.0,1.917,1635,0,0,0,0,0,0,0,0,0,0,0,0,0,0,0,0,0,0,0,0,0
1732608,846,0,1,0,1,0,0,-0.00091,0.0,1.9131,1637,0,0,0,0,0,0,0,0,0,0,0,0,0,0,0,0,0,0,0,0,0
1734656,847,0,9,0,2,0,7,-0.00111,0.0,1.9109,1631,0,0,0,0,0,0,0,0,0,0,0,0,0,0,0,0,0,0,0,0,0
1736704,848,0,6,0,1,0,5,-0.0017,0.0,1.9057,1501,0,0,0,0,0,0,0,0,0,0,0,0,0,0,0,0,0,0,0,0,0
1738752,849,0,4,0,2,0,2,-0.00174,0.0,1.8849,1524,0,0,0,0,0,0,0,0,0,0,0,0,0,0,0,0,0,0,0,0,0
1740800,850,0,5,0,3,0,2,-0.0003,0.0,1.9113,1472,0,0,0,0,0,0,0,0,0,0,0,0,0,0,0,0,0,0,0,0,0
1742848,851,0,9,0,4,0,5,-0.00017,0.0,1.9214,1519,0,0,0,0,0,0,0,0,0,0,0,0,0,0,0,0,0,0,0,0,0
1744896,852,0,4,0,2,0,2,-0.00069,0.0,1.927,1532,0,0,0,0,0,0,0,0,0,0,0,0,0,0,0,0,0,0,0,0,0
1746944,853,0,4,0,2,0,2,-0.0002,0.0,1.9331,1439,0,0,0,0,0,0,0,0,0,0,0,0,0,0,0,0,0,0,0,0,0
1748992,854,0,6,0,1,0,5,-0.00084,0.0,1.9374,1425,0,0,0,0,0,0,0,0,0,0,0,0,0,0,0,0,0,0,0,0,0
1751040,855,0,6,0,0,0,6,-1e-05,0.0,1.9404,1465,0,0,0,0,0,0,0,0,0,0,0,0,0,0,0,0,0,0,0,0,0
1753088,856,0,3,0,1,0,2,-0.00067,1e-05,1.9385,1494,0,0,0,0,0,0,0,0,0,0,0,0,0,0,0,0,0,0,0,0,0
1755136,857,0,10,0,6,1,3,0.00024,0.0,1.9345,1486,0,0,0,0,0,0,0,0,0,0,0,0,0,0,0,0,0,0,0,0,0
1757184,858,0,4,0,1,0,3,-0.00057,0.0,1.937,1455,0,0,0,0,0,0,0,0,0,0,0,0,0,0,0,0,0,0,0,0,0
1759232,859,0,6,0,2,0,4,-0.00063,0.0,1.94,1599,0,0,0,0,0,0,0,0,0,0,0,0,0,0,0,0,0,0,0,0,0
1761280,860,0,3,0,1,0,2,-0.00153,0.0,1.942,1593,0,0,0,0,0,0,0,0,0,0,0,0,0,0,0,0,0,0,0,0,0
1763328,861,0,9,0,3,0,6,-0.00014,1e-05,1.9426,1541,0,0,0,0,0,0,0,0,0,0,0,0,0,0,0,0,0,0,0,0,0
1765376,862,0,4,0,2,0,2,0.0003,2e-05,1.9333,1584,0,0,0,0,0,0,0,0,0,0,0,0,0,0,0,0,0,0,0,0,0
1767424,863,0,7,0,2,0,5,-8e-05,1e-05,1.9291,1587,0,0,0,0,0,0,0,0,0,0,0,0,0,0,0,0,0,0,0,0,0
1769472,864,0,4,0,2,1,1,-0.00363,0.0,1.8985,1482,0,0,0,0,0,0,0,0,0,0,0,0,0,0,0,0,0,0,0,0,0
1771520,865,0,10,0,6,0,4,-0.00274,0.0,1.8636,1509,0,0,0,0,0,0,0,0,0,0,0,0,0,0,0,0,0,0,0,0,0
1773568,866,0,6,1,3,0,2,-0.00032,4e-05,1.8646,1369,0,0,0,0,0,0,0,0,0,0,0,0,0,0,0,0,0,0,0,0,0
1775616,867,0,6,0,1,1,4,-0.00215,0.0,1.9013,1539,0,0,0,0,0,0,0,0,0,0,0,0,0,0,0,0,0,0,0,0,0
1777664,868,0,3,0,2,0,1,-0.00179,1e-05,1.9062,1518,0,0,0,0,0,0,0,0,0,0,0,0,0,0,0,0,0,0,0,0,0
1779712,869,0,7,1,2,0,4,8e-05,0.00029,1.9029,1545,0,0,0,0,0,0,0,0,0,0,0,0,0,0,0,0,0,0,0,0,0
1781760,870,0,5,0,1,0,4,-0.00046,0.0,1.9018,1526,0,0,0,0,0,0,0,0,0,0,0,0,0,0,0,0,0,0,0,0,0
1783808,871,0,11,1,6,0,4,-1e-05,0.00181,1.9128,1587,0,0,0,0,0,0,0,0,0,0,0,0,0,0,0,0,0,0,0,0,0
1785856,872,0,2,0,1,0,1,8e-05,0.0,1.9052,1468,0,0,0,0,0,0,0,0,0,0,0,0,0,0,0,0,0,0,0,0,0
1787904,873,0,6,0,2,1,3,-0.00154,0.0,1.8921,1428,0,0,0,0,0,0,0,0,0,0,0,0,0,0,0,0,0,0,0,0,0
1789952,874,0,7,0,3,0,4,-0.00108,1e-05,1.8672,1532,0,0,0,0,0,0,0,0,0,0,0,0,0,0,0,0,0,0,0,0,0
1792000,875,0,8,0,3,0,5,-4e-05,1e-05,1.8726,1615,0,0,0,0,0,0,0,0,0,0,0,0,0,0,0,0,0,0,0,0,0
1794048,876,0,6,0,2,1,3,-0.00097,1e-05,1.8843,1587,0,0,0,0,0,0,0,0,0,0,0,0,0,0,0,0,0,0,0,0,0
1796096,877,0,5,0,3,0,2,-0.00196,1e-05,1.8986,1618,0,0,0,0,0,0,0,0,0,0,0,0,0,0,0,0,0,0,0,0,0
1798144,878,0,10,1,5,1,3,0.00081,0.00016,1.8876,1632,0,0,0,0,0,0,0,0,0,0,0,0,0,0,0,0,0,0,0,0,0
1800192,879,0,11,1,5,1,4,0.00029,0.00018,1.8951,1495,0,0,0,0,0,0,0,0,0,0,0,0,0,0,0,0,0,0,0,0,0
1802240,880,0,3,0,2,1,0,-0.00021,0.0,1.9001,1481,0,0,0,0,0,0,0,0,0,0,0,0,0,0,0,0,0,0,0,0,0
1804288,881,0,6,0,3,1,2,0.00013,0.0,1.8929,1433,0,0,0,0,0,0,0,0,0,0,0,0,0,0,0,0,0,0,0,0,0
1806336,882,0,7,0,2,1,4,-0.00047,0.0,1.8747,1456,0,0,0,0,0,0,0,0,0,0,0,0,0,0,0,0,0,0,0,0,0
1808384,883,0,8,0,4,0,4,-0.00091,0.0,1.8695,1576,0,0,0,0,0,0,0,0,0,0,0,0,0,0,0,0,0,0,0,0,0
1810432,884,0,14,3,8,0,3,-0.00023,0.00175,1.8992,1556,0,0,0,0,0,0,0,0,0,0,0,0,0,0,0,0,0,0,0,0,0
1812480,885,0,5,0,3,0,2,-0.0013,0.0,1.8976,1595,0,0,0,0,0,0,0,0,0,0,0,0,0,0,0,0,0,0,0,0,0
1814528,886,0,5,0,3,0,2,2e-05,0.0,1.8824,1588,0,0,0,0,0,0,0,0,0,0,0,0,0,0,0,0,0,0,0,0,0
1816576,887,0,10,1,5,1,3,-5e-05,0.00018,1.8815,1500,0,0,0,0,0,0,0,0,0,0,0,0,0,0,0,0,0,0,0,0,0
1818624,888,0,8,0,4,0,4,-0.00028,0.0,1.8881,1420,0,0,0,0,0,0,0,0,0,0,0,0,0,0,0,0,0,0,0,0,0
1820672,889,0,6,0,2,2,2,-0.0005,0.0,1.8945,1424,0,0,0,0,0,0,0,0,0,0,0,0,0,0,0,0,0,0,0,0,0
1822720,890,0,6,0,3,0,3,-0.0011,0.0,1.8877,1573,0,0,0,0,0,0,0,0,0,0,0,0,0,0,0,0,0,0,0,0,0
1824768,891,0,4,0,0,0,4,-0.00125,0.0,1.8469,1500,0,0,0,0,0,0,0,0,0,0,0,0,0,0,0,0,0,0,0,0,0
1826816,892,0,8,0,4,1,3,-0.00037,0.0,1.8447,1551,0,0,0,0,0,0,0,0,0,0,0,0,0,0,0,0,0,0,0,0,0
1828864,893,0,7,0,3,0,4,-0.00029,0.0,1.8563,1426,0,0,0,0,0,0,0,0,0,0,0,0,0,0,0,0,0,0,0,0,0
1830912,894,0,8,0,5,0,3,-0.00066,0.0,1.8635,1429,0,0,0,0,0,0,0,0,0,0,0,0,0,0,0,0,0,0,0,0,0
1832960,895,0,9,1,5,0,3,-0.00105,0.00023,1.8373,1387,0,0,0,0,0,0,0,0,0,0,0,0,0,0,0,0,0,0,0,0,0
1835008,896,0,6,0,3,0,3,-0.0013,0.0,1.7967,1557,0,0,0,0,0,0,0,0,0,0,0,0,0,0,0,0,0,0,0,0,0
1837056,897,0,6,0,2,1,3,0.00017,0.0,1.7943,1587,0,0,0,0,0,0,0,0,0,0,0,0,0,0,0,0,0,0,0,0,0
1839104,898,0,6,0,2,2,2,-0.00223,0.0,1.8084,1531,0,0,0,0,0,0,0,0,0,0,0,0,0,0,0,0,0,0,0,0,0
1841152,899,0,6,0,3,0,3,-0.00217,0.0,1.8092,1521,0,0,0,0,0,0,0,0,0,0,0,0,0,0,0,0,0,0,0,0,0
1843200,900,0,4,0,1,0,3,0.00054,0.0,1.7841,1468,0,0,0,0,0,0,0,0,0,0,0,0,0,0,0,0,0,0,0,0,0
1845248,901,0,5,0,2,1,2,-0.00198,0.0,1.7489,1398,0,0,0,0,0,0,0,0,0,0,0,0,0,0,0,0,0,0,0,0,0
1847296,902,0,10,0,1,3,6,-0.00077,0.0,1.737,1574,0,0,0,0,0,0,0,0,0,0,0,0,0,0,0,0,0,0,0,0,0
1849344,903,0,6,0,3,0,3,-0.00342,0.0,1.6827,1505,0,0,0,0,0,0,0,0,0,0,0,0,0,0,0,0,0,0,0,0,0
1851392,904,0,5,0,3,0,2,-0.00067,0.0,1.7162,1558,0,0,0,0,0,0,0,0,0,0,0,0,0,0,0,0,0,0,0,0,0
1853440,905,0,11,1,3,2,5,-0.00201,0.00048,1.7094,1610,0,0,0,0,0,0,0,0,0,0,0,0,0,0,0,0,0,0,0,0,0
1855488,906,0,7,1,3,0,3,-0.00045,0.00082,1.7491,1394,0,0,0,0,0,0,0,0,0,0,0,0,0,0,0,0,0,0,0,0,0
1857536,907,0,5,1,2,1,1,-0.00028,0.0009,1.755,1453,0,0,0,0,0,0,0,0,0,0,0,0,0,0,0,0,0,0,0,0,0
1859584,908,0,8,1,5,0,2,-0.0007,0.00054,1.7951,1478,0,0,0,0,0,0,0,0,0,0,0,0,0,0,0,0,0,0,0,0,0
1861632,909,0,6,0,1,0,5,-0.0005,0.0,1.8109,1431,0,0,0,0,0,0,0,0,0,0,0,0,0,0,0,0,0,0,0,0,0
1863680,910,0,7,0,3,1,3,4e-05,0.0,1.7465,1365,0,0,0,0,0,0,0,0,0,0,0,0,0,0,0,0,0,0,0,0,0
1865728,911,0,7,1,4,0,2,-0.00104,9e-05,1.7414,1487,0,0,0,0,0,0,0,0,0,0,0,0,0,0,0,0,0,0,0,0,0
1867776,912,0,8,0,3,1,4,-0.00175,0.0,1.7537,1498,0,0,0,0,0,0,0,0,0,0,0,0,0,0,0,0,0,0,0,0,0
1869824,913,0,6,0,2,1,3,-0.00395,0.0,1.6502,1367,0,0,0,0,0,0,0,0,0,0,0,0,0,0,0,0,0,0,0,0,0
1871872,914,0,10,2,4,0,4,-0.00403,0.00056,1.5919,1493,0,0,0,0,0,0,0,0,0,0,0,0,0,0,0,0,0,0,0,0,0
1873920,915,0,5,0,4,0,1,-0.00147,1e-05,1.6226,1463,0,0,0,0,0,0,0,0,0,0,0,0,0,0,0,0,0,0,0,0,0
1875968,916,0,5,0,1,0,4,-0.0024,0.0,1.7175,1274,0,0,0,0,0,0,0,0,0,0,0,0,0,0,0,0,0,0,0,0,0
1878016,917,0,10,2,3,1,4,-0.00103,0.00158,1.724,1542,0,0,0,0,0,0,0,0,0,0,0,0,0,0,0,0,0,0,0,0,0
1880064,918,0,6,0,2,0,4,-0.00161,1e-05,1.7019,1437,0,0,0,0,0,0,0,0,0,0,0,0,0,0,0,0,0,0,0,0,0
1882112,919,0,13,1,9,0,3,-0.00102,0.00014,1.7523,1486,0,0,0,0,0,0,0,0,0,0,0,0,0,0,0,0,0,0,0,0,0
1884160,920,0,7,1,3,1,2,-0.00043,0.0006,1.757,1503,0,0,0,0,0,0,0,0,0,0,0,0,0,0,0,0,0,0,0,0,0
1886208,921,0,9,0,5,0,4,-0.00082,0.0,1.7997,1526,0,0,0,0,0,0,0,0,0,0,0,0,0,0,0,0,0,0,0,0,0
1888256,922,0,4,0,2,0,2,-0.00266,0.0,1.836,1360,0,0,0,0,0,0,0,0,0,0,0,0,0,0,0,0,0,0,0,0,0
1890304,923,0,5,0,0,0,5,-0.00069,0.0,1.8721,1430,0,0,0,0,0,0,0,0,0,0,0,0,0,0,0,0,0,0,0,0,0
1892352,924,0,7,0,3,0,4,-0.00199,0.0,1.8463,1406,0,0,0,0,0,0,0,0,0,0,0,0,0,0,0,0,0,0,0,0,0
1894400,925,0,6,1,2,0,3,-0.0034,0.00067,1.7878,1464,0,0,0,0,0,0,0,0,0,0,0,0,0,0,0,0,0,0,0,0,0
1896448,926,0,6,0,2,0,4,-0.0011,0.0,1.7547,1496,0,0,0,0,0,0,0,0,0,0,0,0,0,0,0,0,0,0,0,0,0
1898496,927,0,5,0,2,0,3,-0.00138,0.0,1.733,1467,0,0,0,0,0,0,0,0,0,0,0,0,0,0,0,0,0,0,0,0,0
1900544,928,0,8,1,3,0,4,-0.00145,0.00107,1.7047,1409,0,0,0,0,0,0,0,0,0,0,0,0,0,0,0,0,0,0,0,0,0
1902592,929,0,13,0,9,1,3,-0.00156,0.0,1.6575,1418,0,0,0,0,0,0,0,0,0,0,0,0,0,0,0,0,0,0,0,0,0
1904640,930,0,7,0,3,1,3,-0.00077,1e-05,1.581,1301,0,0,0,0,0,0,0,0,0,0,0,0,0,0,0,0,0,0,0,0,0
1906688,931,0,4,0,2,0,2,-0.00448,0.0,1.6133,1428,0,0,0,0,0,0,0,0,0,0,0,0,0,0,0,0,0,0,0,0,0
1908736,932,0,6,1,3,1,1,-0.00338,0.0001,1.5936,1551,0,0,0,0,0,0,0,0,0,0,0,0,0,0,0,0,0,0,0,0,0
1910784,933,0,8,0,3,1,4,-0.00141,1e-05,1.646,1540,0,0,0,0,0,0,0,0,0,0,0,0,0,0,0,0,0,0,0,0,0
1912832,934,0,8,0,5,0,3,-0.00391,1e-05,1.5836,1436,0,0,0,0,0,0,0,0,0,0,0,0,0,0,0,0,0,0,0,0,0
1914880,935,0,3,0,1,0,2,-0.00023,0.0,1.5932,1493,0,0,0,0,0,0,0,0,0,0,0,0,0,0,0,0,0,0,0,0,0
1916928,936,0,4,0,1,0,3,-0.00066,1e-05,1.6379,1477,0,0,0,0,0,0,0,0,0,0,0,0,0,0,0,0,0,0,0,0,0
1918976,937,0,7,0,3,0,4,-0.00244,1e-05,1.576,1317,0,0,0,0,0,0,0,0,0,0,0,0,0,0,0,0,0,0,0,0,0
1921024,938,0,11,0,6,0,5,0.00044,1e-05,1.5828,1411,0,0,0,0,0,0,0,0,0,0,0,0,0,0,0,0,0,0,0,0,0
1923072,939,0,5,0,1,0,4,-0.00057,0.0,1.4826,1553,0,0,0,0,0,0,0,0,0,0,0,0,0,0,0,0,0,0,0,0,0
1925120,940,0,7,0,5,0,2,-0.00026,0.0,1.432,1570,0,0,0,0,0,0,0,0,0,0,0,0,0,0,0,0,0,0,0,0,0
1927168,941,0,2,0,0,0,2,-0.0019,0.0,1.441,1453,0,0,0,0,0,0,0,0,0,0,0,0,0,0,0,0,0,0,0,0,0
1929216,942,0,9,0,4,0,5,-0.00114,0.0,1.4542,1620,0,0,0,0,0,0,0,0,0,0,0,0,0,0,0,0,0,0,0,0,0
1931264,943,0,5,0,2,0,3,-0.00103,0.0,1.5005,1608,0,0,0,0,0,0,0,0,0,0,0,0,0,0,0,0,0,0,0,0,0
1933312,944,0,9,0,3,1,5,8e-05,1e-05,1.5359,1543,0,0,0,0,0,0,0,0,0,0,0,0,0,0,0,0,0,0,0,0,0
1935360,945,0,5,0,4,0,1,-0.00012,0.0,1.5285,1398,0,0,0,0,0,0,0,0,0,0,0,0,0,0,0,0,0,0,0,0,0
1937408,946,0,5,0,3,0,2,-0.00374,0.0,1.4905,1450,0,0,0,0,0,0,0,0,0,0,0,0,0,0,0,0,0,0,0,0,0
1939456,947,0,8,1,2,0,5,-0.00059,0.00095,1.5173,1404,0,0,0,0,0,0,0,0,0,0,0,0,0,0,0,0,0,0,0,0,0
1941504,948,0,5,0,2,0,3,-0.00203,1e-05,1.4919,1456,0,0,0,0,0,0,0,0,0,0,0,0,0,0,0,0,0,0,0,0,0
1943552,949,0,6,0,3,1,2,-0.00019,1e-05,1.501,1442,0,0,0,0,0,0,0,0,0,0,0,0,0,0,0,0,0,0,0,0,0
1945600,950,0,7,0,5,0,2,-0.00045,1e-05,1.522,1563,0,0,0,0,0,0,0,0,0,0,0,0,0,0,0,0,0,0,0,0,0
1947648,951,0,6,0,1,0,5,-0.0002,1e-05,1.574,1561,0,0,0,0,0,0,0,0,0,0,0,0,0,0,0,0,0,0,0,0,0
1949696,952,0,6,0,4,0,2,-0.00107,0.0,1.53,1543,0,0,0,0,0,0,0,0,0,0,0,0,0,0,0,0,0,0,0,0,0
1951744,953,0,12,1,6,1,4,0.0006,0.00015,1.5289,1558,0,0,0,0,0,0,0,0,0,0,0,0,0,0,0,0,0,0,0,0,0
1953792,954,0,5,0,4,0,1,-0.00154,0.0,1.5593,1640,0,0,0,0,0,0,0,0,0,0,0,0,0,0,0,0,0,0,0,0,0
1955840,955,0,8,0,3,1,4,-0.00058,0.0,1.5068,1497,0,0,0,0,0,0,0,0,0,0,0,0,0,0,0,0,0,0,0,0,0
1957888,956,0,6,0,2,2,2,0.00079,0.0,1.5103,1507,0,0,0,0,0,0,0,0,0,0,0,0,0,0,0,0,0,0,0,0,0
1959936,957,0,8,0,4,0,4,0.0008,0.0,1.5379,1447,0,0,0,0,0,0,0,0,0,0,0,0,0,0,0,0,0,0,0,0,0
1961984,958,0,5,1,2,0,2,-0.00204,0.00123,1.5508,1532,0,0,0,0,0,0,0,0,0,0,0,0,0,0,0,0,0,0,0,0,0
1964032,959,0,5,0,4,1,0,-0.002,0.0,1.5185,1453,0,0,0,0,0,0,0,0,0,0,0,0,0,0,0,0,0,0,0,0,0
1966080,960,0,10,0,3,2,5,-0.00076,0.0,1.5414,1467,0,0,0,0,0,0,0,0,0,0,0,0,0,0,0,0,0,0,0,0,0
1968128,961,0,6,0,2,1,3,-0.0039,0.0,1.4584,1541,0,0,0,0,0,0,0,0,0,0,0,0,0,0,0,0,0,0,0,0,0
1970176,962,0,6,0,3,1,2,-0.00443,0.0,1.3809,1504,0,0,0,0,0,0,0,0,0,0,0,0,0,0,0,0,0,0,0,0,0
1972224,963,0,4,0,2,0,2,-0.00191,0.0,1.3532,1525,0,0,0,0,0,0,0,0,0,0,0,0,0,0,0,0,0,0,0,0,0
1974272,964,0,6,0,1,0,5,-0.00215,0.0,1.3124,1478,0,0,0,0,0,0,0,0,0,0,0,0,0,0,0,0,0,0,0,0,0
1976320,965,0,6,0,1,0,5,-0.00179,0.0,1.3071,1417,0,0,0,0,0,0,0,0,0,0,0,0,0,0,0,0,0,0,0,0,0
1978368,966,0,4,0,3,0,1,-0.00163,0.0,1.2209,1479,0,0,0,0,0,0,0,0,0,0,0,0,0,0,0,0,0,0,0,0,0
1980416,967,0,9,0,5,0,4,-0.00066,0.0,1.2537,1235,0,0,0,0,0,0,0,0,0,0,0,0,0,0,0,0,0,0,0,0,0
1982464,968,0,8,0,3,1,4,-0.0008,0.0,1.2605,1412,0,0,0,0,0,0,0,0,0,0,0,0,0,0,0,0,0,0,0,0,0
1984512,969,0,9,0,5,0,4,-0.00049,1e-05,1.2227,1559,0,0,0,0,0,0,0,0,0,0,0,0,0,0,0,0,0,0,0,0,0
1986560,970,0,8,0,4,2,2,-0.0014,1e-05,1.2744,1600,0,0,0,0,0,0,0,0,0,0,0,0,0,0,0,0,0,0,0,0,0
1988608,971,0,4,0,0,0,4,-0.0034,1e-05,1.2444,1583,0,0,0,0,0,0,0,0,0,0,0,0,0,0,0,0,0,0,0,0,0
1990656,972,0,8,0,6,0,2,-0.00269,0.0,1.2493,1411,0,0,0,0,0,0,0,0,0,0,0,0,0,0,0,0,0,0,0,0,0
1992704,973,0,6,0,3,0,3,-0.0004,0.0,1.2412,1486,0,0,0,0,0,0,0,0,0,0,0,0,0,0,0,0,0,0,0,0,0
1994752,974,0,7,0,2,0,5,-0.00442,0.0,1.2456,1427,0,0,0,0,0,0,0,0,0,0,0,0,0,0,0,0,0,0,0,0,0
1996800,975,0,3,0,2,0,1,-0.00174,0.0,1.2332,1439,0,0,0,0,0,0,0,0,0,0,0,0,0,0,0,0,0,0,0,0,0
1998848,976,0,8,0,3,0,5,-0.0019,0.0,1.3013,1478,0,0,0,0,0,0,0,0,0,0,0,0,0,0,0,0,0,0,0,0,0
2000896,977,0,9,0,5,1,3,-0.00349,0.0,1.2683,1590,0,0,0,0,0,0,0,0,0,0,0,0,0,0,0,0,0,0,0,0,0
2002944,978,0,10,3,3,0,4,-0.00045,0.00185,1.3793,1496,0,0,0,0,0,0,0,0,0,0,0,0,0,0,0,0,0,0,0,0,0
2004992,979,0,4,1,2,0,1,-0.00084,0.00013,1.4212,1668,0,0,0,0,0,0,0,0,0,0,0,0,0,0,0,0,0,0,0,0,0
2007040,980,0,6,0,3,0,3,-0.00268,0.0,1.4134,1656,0,0,0,0,0,0,0,0,0,0,0,0,0,0,0,0,0,0,0,0,0
2009088,981,0,5,0,0,1,4,-0.00315,0.0,1.3548,1326,0,0,0,0,0,0,0,0,0,0,0,0,0,0,0,0,0,0,0,0,0
2011136,982,0,7,0,2,0,5,-0.00018,0.0,1.379,1489,0,0,0,0,0,0,0,0,0,0,0,0,0,0,0,0,0,0,0,0,0
2013184,983,0,7,0,4,0,3,-0.00148,0.0,1.2646,1427,0,0,0,0,0,0,0,0,0,0,0,0,0,0,0,0,0,0,0,0,0
2015232,984,0,4,0,2,0,2,-0.00076,0.0,1.3044,1375,0,0,0,0,0,0,0,0,0,0,0,0,0,0,0,0,0,0,0,0,0
2017280,985,0,7,1,0,3,3,-0.0003,0.00088,1.331,1538,0,0,0,0,0,0,0,0,0,0,0,0,0,0,0,0,0,0,0,0,0
2019328,986,0,9,1,3,0,5,0.00059,0.00149,1.4188,1594,0,0,0,0,0,0,0,0,0,0,0,0,0,0,0,0,0,0,0,0,0
2021376,987,0,5,0,2,2,1,-0.00083,0.0,1.3797,1531,0,0,0,0,0,0,0,0,0,0,0,0,0,0,0,0,0,0,0,0,0
2023424,988,0,2,0,1,0,1,0.00012,0.0,1.3959,1475,0,0,0,0,0,0,0,0,0,0,0,0,0,0,0,0,0,0,0,0,0
2025472,989,0,8,0,4,0,4,-0.00027,0.0,1.3549,1453,0,0,0,0,0,0,0,0,0,0,0,0,0,0,0,0,0,0,0,0,0
2027520,990,0,13,1,5,0,7,-0.00059,0.00102,1.4106,1519,0,0,0,0,0,0,0,0,0,0,0,0,0,0,0,0,0,0,0,0,0
2029568,991,0,6,0,4,0,2,0.00057,0.0,1.4654,1404,0,0,0,0,0,0,0,0,0,0,0,0,0,0,0,0,0,0,0,0,0
2031616,992,0,0,0,0,0,0,0.0002,0.0,1.4459,1466,0,0,0,0,0,0,0,0,0,0,0,0,0,0,0,0,0,0,0,0,0
2033664,993,0,11,0,6,1,4,-0.00192,0.0,1.4413,1479,0,0,0,0,0,0,0,0,0,0,0,0,0,0,0,0,0,0,0,0,0
2035712,994,0,11,0,4,0,7,-0.002,0.0,1.4281,1366,0,0,0,0,0,0,0,0,0,0,0,0,0,0,0,0,0,0,0,0,0
2037760,995,0,4,0,2,0,2,-0.00173,0.0,1.507,1327,0,0,0,0,0,0,0,0,0,0,0,0,0,0,0,0,0,0,0,0,0
2039808,996,0,4,0,3,1,0,-0.00185,0.0,1.5873,1384,0,0,0,0,0,0,0,0,0,0,0,0,0,0,0,0,0,0,0,0,0
2041856,997,0,7,0,2,0,5,-0.00026,0.0,1.6284,1540,0,0,0,0,0,0,0,0,0,0,0,0,0,0,0,0,0,0,0,0,0
2043904,998,0,5,0,1,0,4,-0.00079,0.0,1.6627,1508,0,0,0,0,0,0,0,0,0,0,0,0,0,0,0,0,0,0,0,0,0
2045952,999,0,7,0,2,0,5,-0.00173,0.0,1.6809,1509,0,0,0,0,0,0,0,0,0,0,0,0,0,0,0,0,0,0,0,0,0
2048000,1000,0,3,0,2,0,1,-0.00159,0.0,1.6334,1482,0,0,0,0,0,0,0,0,0,0,0,0,0,0,0,0,0,0,0,0,0
2050048,1001,0,9,1,0,1,7,-0.00033,0.00016,1.6177,1610,0,0,0,0,0,0,0,0,0,0,0,0,0,0,0,0,0,0,0,0,0
2052096,1002,0,6,0,5,1,0,-0.00057,0.0,1.5809,1593,0,0,0,0,0,0,0,0,0,0,0,0,0,0,0,0,0,0,0,0,0
2054144,1003,0,9,0,4,0,5,-0.00085,0.0,1.5459,1544,0,0,0,0,0,0,0,0,0,0,0,0,0,0,0,0,0,0,0,0,0
2056192,1004,0,4,0,1,1,2,-0.00424,0.0,1.4788,1590,0,0,0,0,0,0,0,0,0,0,0,0,0,0,0,0,0,0,0,0,0
2058240,1005,0,8,0,2,2,4,-0.00189,0.0,1.4363,1459,0,0,0,0,0,0,0,0,0,0,0,0,0,0,0,0,0,0,0,0,0
2060288,1006,0,5,0,1,0,4,-0.00367,0.0,1.3171,1569,0,0,0,0,0,0,0,0,0,0,0,0,0,0,0,0,0,0,0,0,0
2062336,1007,0,7,0,3,0,4,-0.00265,0.0,1.3206,1561,0,0,0,0,0,0,0,0,0,0,0,0,0,0,0,0,0,0,0,0,0
2064384,1008,0,3,0,2,0,1,-0.00388,0.0,1.2805,1564,0,0,0,0,0,0,0,0,0,0,0,0,0,0,0,0,0,0,0,0,0
2066432,1009,0,7,0,2,0,5,-0.00245,1e-05,1.2925,1511,0,0,0,0,0,0,0,0,0,0,0,0,0,0,0,0,0,0,0,0,0
2068480,1010,0,5,0,0,0,5,-0.00051,1e-05,1.3206,1562,0,0,0,0,0,0,0,0,0,0,0,0,0,0,0,0,0,0,0,0,0
2070528,1011,0,5,0,2,0,3,-0.00215,1e-05,1.2854,1599,0,0,0,0,0,0,0,0,0,0,0,0,0,0,0,0,0,0,0,0,0
2072576,1012,0,3,0,1,0,2,-0.00416,0.0,1.2086,1566,0,0,0,0,0,0,0,0,0,0,0,0,0,0,0,0,0,0,0,0,0
2074624,1013,0,9,1,4,0,4,-0.00039,5e-05,1.2785,1565,0,0,0,0,0,0,0,0,0,0,0,0,0,0,0,0,0,0,0,0,0
2076672,1014,0,6,0,1,0,5,0.00055,0.0,1.1833,1520,0,0,0,0,0,0,0,0,0,0,0,0,0,0,0,0,0,0,0,0,0
2078720,1015,0,7,0,4,0,3,-0.00224,0.0,1.2639,1416,0,0,0,0,0,0,0,0,0,0,0,0,0,0,0,0,0,0,0,0,0
2080768,1016,0,6,0,3,0,3,-0.00234,0.0,1.2153,1557,0,0,0,0,0,0,0,0,0,0,0,0,0,0,0,0,0,0,0,0,0
2082816,1017,0,8,0,4,0,4,-0.00169,0.0,1.2388,1578,0,0,0,0,0,0,0,0,0,0,0,0,0,0,0,0,0,0,0,0,0
2084864,1018,0,3,0,1,0,2,-0.00224,0.0,1.2566,1381,0,0,0,0,0,0,0,0,0,0,0,0,0,0,0,0,0,0,0,0,0
2086912,1019,0,4,0,0,0,4,-0.00102,0.0,1.2047,1519,0,0,0,0,0,0,0,0,0,0,0,0,0,0,0,0,0,0,0,0,0
2088960,1020,0,5,0,2,0,3,-0.00085,0.0,1.2502,1577,0,0,0,0,0,0,0,0,0,0,0,0,0,0,0,0,0,0,0,0,0
2091008,1021,0,8,0,3,0,5,-0.00125,0.0,1.1967,1519,0,0,0,0,0,0,0,0,0,0,0,0,0,0,0,0,0,0,0,0,0
2093056,1022,0,8,1,3,0,4,-0.0008,0.0005,1.2607,1611,0,0,0,0,0,0,0,0,0,0,0,0,0,0,0,0,0,0,0,0,0
2095104,1023,0,5,0,2,1,2,0.0006,0.0,1.2942,1593,0,0,0,0,0,0,0,0,0,0,0,0,0,0,0,0,0,0,0,0,0
2097152,1024,0,6,0,3,0,3,0.00055,0.0,1.2651,1601,0,0,0,0,0,0,0,0,0,0,0,0,0,0,0,0,0,0,0,0,0
2099200,1025,0,6,0,3,0,3,-0.0025,0.0,1.2485,1554,0,0,0,0,0,0,0,0,0,0,0,0,0,0,0,0,0,0,0,0,0
2101248,1026,0,6,0,1,1,4,-0.00268,0.0,1.1653,1542,0,0,0,0,0,0,0,0,0,0,0,0,0,0,0,0,0,0,0,0,0
2103296,1027,0,5,0,1,0,4,-0.00226,0.0,1.1526,1516,0,0,0,0,0,0,0,0,0,0,0,0,0,0,0,0,0,0,0,0,0
2105344,1028,0,3,0,2,0,1,-0.00317,0.0,1.0584,1526,0,0,0,0,0,0,0,0,0,0,0,0,0,0,0,0,0,0,0,0,0
2107392,1029,0,7,0,3,0,4,-0.00097,0.0,1.0838,1656,0,0,0,0,0,0,0,0,0,0,0,0,0,0,0,0,0,0,0,0,0
2109440,1030,0,7,0,2,0,5,-0.0008,0.0,1.0721,1537,0,0,0,0,0,0,0,0,0,0,0,0,0,0,0,0,0,0,0,0,0
2111488,1031,0,6,0,1,0,5,-0.00466,0.0,0.949,1494,0,0,0,0,0,0,0,0,0,0,0,0,0,0,0,0,0,0,0,0,0
2113536,1032,0,2,0,2,0,0,-0.00298,0.0,1.0125,1508,0,0,0,0,0,0,0,0,0,0,0,0,0,0,0,0,0,0,0,0,0
2115584,1033,0,7,0,1,0,6,-0.00061,0.0,1.0216,1605,0,0,0,0,0,0,0,0,0,0,0,0,0,0,0,0,0,0,0,0,0
2117632,1034,0,5,0,3,0,2,-0.00142,0.0,1.0228,1629,0,0,0,0,0,0,0,0,0,0,0,0,0,0,0,0,0,0,0,0,0
2119680,1035,0,6,0,0,0,6,-0.00245,0.0,1.0236,1603,0,0,0,0,0,0,0,0,0,0,0,0,0,0,0,0,0,0,0,0,0
2121728,1036,0,5,0,3,0,2,-0.00294,0.0,1.0675,1583,0,0,0,0,0,0,0,0,0,0,0,0,0,0,0,0,0,0,0,0,0
2123776,1037,0,5,0,0,0,5,-0.00219,0.0,1.1133,1604,0,0,0,0,0,0,0,0,0,0,0,0,0,0,0,0,0,0,0,0,0
2125824,1038,0,3,0,1,0,2,-0.00047,0.0,1.1076,1626,0,0,0,0,0,0,0,0,0,0,0,0,0,0,0,0,0,0,0,0,0
2127872,1039,0,4,0,1,0,3,-0.00057,0.0,1.008,1600,0,0,0,0,0,0,0,0,0,0,0,0,0,0,0,0,0,0,0,0,0
2129920,1040,0,6,0,0,0,6,0.00019,0.0,1.1002,1460,0,0,0,0,0,0,0,0,0,0,0,0,0,0,0,0,0,0,0,0,0
2131968,1041,0,4,0,1,0,3,0.00146,0.0,1.0566,1425,0,0,0,0,0,0,0,0,0,0,0,0,0,0,0,0,0,0,0,0,0
2134016,1042,0,3,0,1,0,2,-0.00163,0.0,1.0593,1509,0,0,0,0,0,0,0,0,0,0,0,0,0,0,0,0,0,0,0,0,0
2136064,1043,0,5,0,1,0,4,-0.00218,0.0,1.09,1584,0,0,0,0,0,0,0,0,0,0,0,0,0,0,0,0,0,0,0,0,0
2138112,1044,0,7,0,2,0,5,-0.00112,0.0,1.0569,1537,0,0,0,0,0,0,0,0,0,0,0,0,0,0,0,0,0,0,0,0,0
2140160,1045,0,4,0,0,0,4,-0.00203,0.0,1.0619,1536,0,0,0,0,0,0,0,0,0,0,0,0,0,0,0,0,0,0,0,0,0
2142208,1046,0,4,0,0,0,4,-0.00055,1e-05,1.1335,1561,0,0,0,0,0,0,0,0,0,0,0,0,0,0,0,0,0,0,0,0,0
2144256,1047,0,3,0,0,0,3,-0.00125,1e-05,1.1392,1461,0,0,0,0,0,0,0,0,0,0,0,0,0,0,0,0,0,0,0,0,0
2146304,1048,0,7,0,1,0,6,-0.00125,0.0,1.1191,1507,0,0,0,0,0,0,0,0,0,0,0,0,0,0,0,0,0,0,0,0,0
2148352,1049,0,2,1,0,0,1,0.00032,8e-05,1.1837,1578,0,0,0,0,0,0,0,0,0,0,0,0,0,0,0,0,0,0,0,0,0
2150400,1050,0,5,0,0,0,5,-0.00361,0.0,1.2095,1638,0,0,0,0,0,0,0,0,0,0,0,0,0,0,0,0,0,0,0,0,0
2152448,1051,0,4,0,1,0,3,-0.0028,0.0,1.2263,1577,0,0,0,0,0,0,0,0,0,0,0,0,0,0,0,0,0,0,0,0,0
2154496,1052,0,8,1,1,0,6,1e-05,7e-05,1.3112,1644,0,0,0,0,0,0,0,0,0,0,0,0,0,0,0,0,0,0,0,0,0
2156544,1053,0,3,0,2,0,1,-0.00209,0.0,1.44,1553,0,0,0,0,0,0,0,0,0,0,0,0,0,0,0,0,0,0,0,0,0
2158592,1054,0,7,0,2,1,4,-0.00145,0.0,1.4264,1600,0,0,0,0,0,0,0,0,0,0,0,0,0,0,0,0,0,0,0,0,0
2160640,1055,0,4,0,1,0,3,-0.00175,0.0,1.4396,1540,0,0,0,0,0,0,0,0,0,0,0,0,0,0,0,0,0,0,0,0,0
2162688,1056,0,7,0,2,0,5,-0.00459,0.0,1.4065,1521,0,0,0,0,0,0,0,0,0,0,0,0,0,0,0,0,0,0,0,0,0
2164736,1057,0,3,0,1,0,2,-0.00494,0.0,1.4,1523,0,0,0,0,0,0,0,0,0,0,0,0,0,0,0,0,0,0,0,0,0
2166784,1058,0,7,0,2,0,5,-0.00256,0.0,1.3928,1468,0,0,0,0,0,0,0,0,0,0,0,0,0,0,0,0,0,0,0,0,0
2168832,1059,0,3,0,0,0,3,-0.00158,0.0,1.4152,1546,0,0,0,0,0,0,0,0,0,0,0,0,0,0,0,0,0,0,0,0,0
2170880,1060,0,4,0,0,0,4,-0.00157,0.0,1.4106,1484,0,0,0,0,0,0,0,0,0,0,0,0,0,0,0,0,0,0,0,0,0
2172928,1061,0,6,0,2,0,4,-0.00316,0.0,1.379,1571,0,0,0,0,0,0,0,0,0,0,0,0,0,0,0,0,0,0,0,0,0
2174976,1062,0,7,1,2,0,4,0.00013,0.00159,1.401,1499,0,0,0,0,0,0,0,0,0,0,0,0,0,0,0,0,0,0,0,0,0
2177024,1063,0,4,0,0,0,4,-0.00109,0.0,1.3902,1573,0,0,0,0,0,0,0,0,0,0,0,0,0,0,0,0,0,0,0,0,0
2179072,1064,0,6,0,3,0,3,-0.00246,0.0,1.3655,1523,0,0,0,0,0,0,0,0,0,0,0,0,0,0,0,0,0,0,0,0,0
2181120,1065,0,8,0,4,0,4,-0.00196,0.0,1.3213,1602,0,0,0,0,0,0,0,0,0,0,0,0,0,0,0,0,0,0,0,0,0
2183168,1066,0,5,0,2,0,3,-0.00333,0.0,1.3184,1539,0,0,0,0,0,0,0,0,0,0,0,0,0,0,0,0,0,0,0,0,0
2185216,1067,0,3,0,2,0,1,-0.00241,0.0,1.3139,1586,0,0,0,0,0,0,0,0,0,0,0,0,0,0,0,0,0,0,0,0,0
2187264,1068,0,8,0,3,0,5,-0.00374,0.0,1.3421,1612,0,0,0,0,0,0,0,0,0,0,0,0,0,0,0,0,0,0,0,0,0
2189312,1069,0,8,0,2,0,6,-0.0021,0.0,1.3494,1607,0,0,0,0,0,0,0,0,0,0,0,0,0,0,0,0,0,0,0,0,0
2191360,1070,0,2,0,1,0,1,-0.00114,0.0,1.3331,717,0,0,0,0,0,0,0,0,0,0,0,0,0,0,0,0,0,0,0,0,0
2193408,1071,0,7,0,2,1,4,-0.00055,0.0,1.2838,1495,0,0,0,0,0,0,0,0,0,0,0,0,0,0,0,0,0,0,0,0,0
2195456,1072,0,3,0,0,0,3,-0.0034,0.0,1.2614,1602,0,0,0,0,0,0,0,0,0,0,0,0,0,0,0,0,0,0,0,0,0
2197504,1073,0,6,0,2,0,4,-0.00221,0.0,1.2741,1599,0,0,0,0,0,0,0,0,0,0,0,0,0,0,0,0,0,0,0,0,0
2199552,1074,0,4,0,1,0,3,-0.00156,0.0,1.2487,1359,0,0,0,0,0,0,0,0,0,0,0,0,0,0,0,0,0,0,0,0,0
2201600,1075,0,6,0,1,0,5,-0.00094,0.0,1.2059,1523,0,0,0,0,0,0,0,0,0,0,0,0,0,0,0,0,0,0,0,0,0
2203648,1076,0,3,0,0,0,3,-0.00095,0.0,1.2078,1522,0,0,0,0,0,0,0,0,0,0,0,0,0,0,0,0,0,0,0,0,0
2205696,1077,0,7,0,1,0,6,-0.0033,0.0,1.2762,1409,0,0,0,0,0,0,0,0,0,0,0,0,0,0,0,0,0,0,0,0,0
2207744,1078,0,3,0,0,0,3,-0.00234,0.0,1.2745,1467,0,0,0,0,0,0,0,0,0,0,0,0,0,0,0,0,0,0,0,0,0
2209792,1079,0,4,0,0,0,4,-0.00414,0.0,1.273,1465,0,0,0,0,0,0,0,0,0,0,0,0,0,0,0,0,0,0,0,0,0
2211840,1080,0,5,0,1,0,4,-0.00106,0.0,1.2495,1591,0,0,0,0,0,0,0,0,0,0,0,0,0,0,0,0,0,0,0,0,0
2213888,1081,0,4,0,0,0,4,-0.00371,0.0,1.2564,1591,0,0,0,0,0,0,0,0,0,0,0,0,0,0,0,0,0,0,0,0,0
2215936,1082,0,9,0,4,0,5,6e-05,0.0,1.2501,1426,0,0,0,0,0,0,0,0,0,0,0,0,0,0,0,0,0,0,0,0,0
2217984,1083,0,4,0,3,0,1,-0.00287,0.0,1.324,1632,0,0,0,0,0,0,0,0,0,0,0,0,0,0,0,0,0,0,0,0,0
2220032,1084,0,5,0,0,0,5,-0.00105,0.0,1.3625,1449,0,0,0,0,0,0,0,0,0,0,0,0,0,0,0,0,0,0,0,0,0
2222080,1085,0,3,0,0,0,3,-0.00183,0.0,1.3741,1493,0,0,0,0,0,0,0,0,0,0,0,0,0,0,0,0,0,0,0,0,0
2224128,1086,0,8,0,3,0,5,-0.00179,0.0,1.3619,1546,0,0,0,0,0,0,0,0,0,0,0,0,0,0,0,0,0,0,0,0,0
2226176,1087,0,5,0,1,0,4,-3e-05,0.0,1.4037,1554,0,0,0,0,0,0,0,0,0,0,0,0,0,0,0,0,0,0,0,0,0
2228224,1088,0,5,0,0,0,5,-0.00034,0.0,1.4441,1409,0,0,0,0,0,0,0,0,0,0,0,0,0,0,0,0,0,0,0,0,0
2230272,1089,0,6,0,4,0,2,-0.00152,0.0,1.4911,1370,0,0,0,0,0,0,0,0,0,0,0,0,0,0,0,0,0,0,0,0,0
2232320,1090,0,7,0,1,1,5,-0.0018,0.0,1.4624,1442,0,0,0,0,0,0,0,0,0,0,0,0,0,0,0,0,0,0,0,0,0
2234368,1091,0,4,0,1,0,3,-0.00434,0.0,1.4288,1428,0,0,0,0,0,0,0,0,0,0,0,0,0,0,0,0,0,0,0,0,0
2236416,1092,0,4,1,1,0,2,0.00105,0.00058,1.3959,1480,0,0,0,0,0,0,0,0,0,0,0,0,0,0,0,0,0,0,0,0,0
2238464,1093,0,4,0,0,0,4,-0.00091,0.0,1.3287,1541,0,0,0,0,0,0,0,0,0,0,0,0,0,0,0,0,0,0,0,0,0
2240512,1094,0,10,0,4,1,5,-0.00072,0.0,1.2991,1546,0,0,0,0,0,0,0,0,0,0,0,0,0,0,0,0,0,0,0,0,0
2242560,1095,0,6,0,4,0,2,-0.00476,0.0,1.2602,1576,0,0,0,0,0,0,0,0,0,0,0,0,0,0,0,0,0,0,0,0,0
2244608,1096,0,5,0,0,0,5,-0.00152,0.0,1.2736,1580,0,0,0,0,0,0,0,0,0,0,0,0,0,0,0,0,0,0,0,0,0
2246656,1097,0,4,0,4,0,0,-0.00067,0.0,1.2444,1615,0,0,0,0,0,0,0,0,0,0,0,0,0,0,0,0,0,0,0,0,0
2248704,1098,0,8,0,4,0,4,-0.00109,0.0,1.2657,1517,0,0,0,0,0,0,0,0,0,0,0,0,0,0,0,0,0,0,0,0,0
2250752,1099,0,9,0,6,0,3,0.00113,0.0,1.316,1472,0,0,0,0,0,0,0,0,0,0,0,0,0,0,0,0,0,0,0,0,0
2252800,1100,0,6,0,3,0,3,7e-05,0.0,1.3371,1458,0,0,0,0,0,0,0,0,0,0,0,0,0,0,0,0,0,0,0,0,0
2254848,1101,0,4,0,2,0,2,-0.00179,0.0,1.3179,1593,0,0,0,0,0,0,0,0,0,0,0,0,0,0,0,0,0,0,0,0,0
2256896,1102,0,7,0,2,0,5,-0.00155,0.0,1.3591,1524,0,0,0,0,0,0,0,0,0,0,0,0,0,0,0,0,0,0,0,0,0
2258944,1103,0,5,0,1,0,4,-0.00115,0.0,1.4005,1594,0,0,0,0,0,0,0,0,0,0,0,0,0,0,0,0,0,0,0,0,0
2260992,1104,0,7,0,5,0,2,-0.00133,0.0,1.444,1608,0,0,0,0,0,0,0,0,0,0,0,0,0,0,0,0,0,0,0,0,0
2263040,1105,0,9,0,6,0,3,-0.00104,0.0,1.4104,1595,0,0,0,0,0,0,0,0,0,0,0,0,0,0,0,0,0,0,0,0,0
2265088,1106,0,2,0,0,1,1,-0.0033,0.0,1.3371,1546,0,0,0,0,0,0,0,0,0,0,0,0,0,0,0,0,0,0,0,0,0
2267136,1107,0,6,0,1,0,5,-0.00482,0.0,1.2511,1599,0,0,0,0,0,0,0,0,0,0,0,0,0,0,0,0,0,0,0,0,0
2269184,1108,0,3,0,1,0,2,-0.00208,0.0,1.2712,1552,0,0,0,0,0,0,0,0,0,0,0,0,0,0,0,0,0,0,0,0,0
2271232,1109,0,9,0,2,1,6,-0.00225,0.0,1.2201,1597,0,0,0,0,0,0,0,0,0,0,0,0,0,0,0,0,0,0,0,0,0
2273280,1110,0,4,0,2,0,2,-0.00149,0.0,1.2445,1606,0,0,0,0,0,0,0,0,0,0,0,0,0,0,0,0,0,0,0,0,0
2275328,1111,0,4,0,0,0,4,-0.00127,0.0,1.2248,1509,0,0,0,0,0,0,0,0,0,0,0,0,0,0,0,0,0,0,0,0,0
2277376,1112,0,6,0,2,0,4,-0.00058,0.0,1.2522,1595,0,0,0,0,0,0,0,0,0,0,0,0,0,0,0,0,0,0,0,0,0
2279424,1113,0,4,0,0,0,4,-0.00285,0.0,1.2281,1594,0,0,0,0,0,0,0,0,0,0,0,0,0,0,0,0,0,0,0,0,0
2281472,1114,0,3,0,1,0,2,-0.00309,0.0,1.1413,1401,0,0,0,0,0,0,0,0,0,0,0,0,0,0,0,0,0,0,0,0,0
2283520,1115,0,6,0,0,0,6,-0.00274,0.0,1.06,1467,0,0,0,0,0,0,0,0,0,0,0,0,0,0,0,0,0,0,0,0,0
2285568,1116,0,5,1,0,0,4,-6e-05,0.00132,1.0655,1627,0,0,0,0,0,0,0,0,0,0,0,0,0,0,0,0,0,0,0,0,0
2287616,1117,0,4,0,1,0,3,-0.00338,0.0,1.0504,1641,0,0,0,0,0,0,0,0,0,0,0,0,0,0,0,0,0,0,0,0,0
2289664,1118,0,3,0,0,0,3,-0.00151,0.0,1.039,1646,0,0,0,0,0,0,0,0,0,0,0,0,0,0,0,0,0,0,0,0,0
2291712,1119,0,6,0,1,1,4,-0.00089,0.0,1.014,1651,0,0,0,0,0,0,0,0,0,0,0,0,0,0,0,0,0,0,0,0,0
2293760,1120,0,5,0,0,0,5,-0.00303,0.0,1.1319,1564,0,0,0,0,0,0,0,0,0,0,0,0,0,0,0,0,0,0,0,0,0
2295808,1121,0,5,0,2,0,3,-0.00012,0.0,1.117,1668,0,0,0,0,0,0,0,0,0,0,0,0,0,0,0,0,0,0,0,0,0
2297856,1122,0,3,0,0,0,3,-0.00078,0.0,1.1963,1538,0,0,0,0,0,0,0,0,0,0,0,0,0,0,0,0,0,0,0,0,0
2299904,1123,0,6,0,2,0,4,-0.00116,0.0,1.1674,1506,0,0,0,0,0,0,0,0,0,0,0,0,0,0,0,0,0,0,0,0,0
2301952,1124,0,6,0,1,0,5,-0.00025,0.0,1.1197,1565,0,0,0,0,0,0,0,0,0,0,0,0,0,0,0,0,0,0,0,0,0
2304000,1125,0,6,0,1,0,5,-0.00169,0.0,1.0977,1528,0,0,0,0,0,0,0,0,0,0,0,0,0,0,0,0,0,0,0,0,0
2306048,1126,0,2,0,1,0,1,-0.00139,0.0,1.0597,1639,0,0,0,0,0,0,0,0,0,0,0,0,0,0,0,0,0,0,0,0,0
2308096,1127,0,4,1,0,0,3,-0.00327,0.00071,1.1524,1582,0,0,0,0,0,0,0,0,0,0,0,0,0,0,0,0,0,0,0,0,0
2310144,1128,0,9,0,3,0,6,0.00012,0.0,1.2077,1426,0,0,0,0,0,0,0,0,0,0,0,0,0,0,0,0,0,0,0,0,0
2312192,1129,0,5,0,1,0,4,-0.00079,0.0,1.3017,1271,0,0,0,0,0,0,0,0,0,0,0,0,0,0,0,0,0,0,0,0,0
2314240,1130,0,8,0,6,0,2,8e-05,0.0,1.3348,1148,0,0,0,0,0,0,0,0,0,0,0,0,0,0,0,0,0,0,0,0,0
2316288,1131,0,3,0,1,0,2,-0.00326,0.0,1.3087,1506,0,0,0,0,0,0,0,0,0,0,0,0,0,0,0,0,0,0,0,0,0
2318336,1132,0,3,0,2,0,1,-0.00179,0.0,1.2655,1544,0,0,0,0,0,0,0,0,0,0,0,0,0,0,0,0,0,0,0,0,0
2320384,1133,0,9,0,3,0,6,-0.00387,0.0,1.1739,1488,0,0,0,0,0,0,0,0,0,0,0,0,0,0,0,0,0,0,0,0,0
2322432,1134,0,4,0,1,0,3,-0.00347,0.0,1.1936,1500,0,0,0,0,0,0,0,0,0,0,0,0,0,0,0,0,0,0,0,0,0
2324480,1135,0,3,0,1,0,2,-9e-05,0.0,1.2714,1512,0,0,0,0,0,0,0,0,0,0,0,0,0,0,0,0,0,0,0,0,0
2326528,1136,0,3,0,0,0,3,-0.00135,0.0,1.2925,1507,0,0,0,0,0,0,0,0,0,0,0,0,0,0,0,0,0,0,0,0,0
2328576,1137,0,9,0,0,0,9,-0.00058,0.0,1.2929,1577,0,0,0,0,0,0,0,0,0,0,0,0,0,0,0,0,0,0,0,0,0
2330624,1138,0,3,0,1,0,2,-0.00155,0.0,1.278,1625,0,0,0,0,0,0,0,0,0,0,0,0,0,0,0,0,0,0,0,0,0
2332672,1139,0,4,0,1,0,3,-0.00056,0.0,1.3242,1658,0,0,0,0,0,0,0,0,0,0,0,0,0,0,0,0,0,0,0,0,0
2334720,1140,0,5,0,3,0,2,-0.00086,0.0,1.3341,1671,0,0,0,0,0,0,0,0,0,0,0,0,0,0,0,0,0,0,0,0,0
2336768,1141,0,7,0,1,0,6,-0.00059,0.0,1.3459,1595,0,0,0,0,0,0,0,0,0,0,0,0,0,0,0,0,0,0,0,0,0
2338816,1142,0,4,0,2,0,2,-0.00071,0.0,1.3411,1574,0,0,0,0,0,0,0,0,0,0,0,0,0,0,0,0,0,0,0,0,0
2340864,1143,0,3,0,0,0,3,-0.0016,0.0,1.3931,1594,0,0,0,0,0,0,0,0,0,0,0,0,0,0,0,0,0,0,0,0,0
2342912,1144,0,4,0,1,0,3,-0.00286,0.0,1.3867,1563,0,0,0,0,0,0,0,0,0,0,0,0,0,0,0,0,0,0,0,0,0
2344960,1145,0,8,0,3,0,5,-0.0021,0.0,1.3807,1542,0,0,0,0,0,0,0,0,0,0,0,0,0,0,0,0,0,0,0,0,0
2347008,1146,0,4,1,1,0,2,-0.0004,0.00103,1.4087,1528,0,0,0,0,0,0,0,0,0,0,0,0,0,0,0,0,0,0,0,0,0
2349056,1147,0,3,0,0,0,3,-0.00023,1e-05,1.4228,1587,0,0,0,0,0,0,0,0,0,0,0,0,0,0,0,0,0,0,0,0,0
2351104,1148,0,9,1,5,0,3,-0.00258,0.00074,1.4632,1563,0,0,0,0,0,0,0,0,0,0,0,0,0,0,0,0,0,0,0,0,0
2353152,1149,0,7,0,3,0,4,-0.00068,0.0,1.4709,1626,0,0,0,0,0,0,0,0,0,0,0,0,0,0,0,0,0,0,0,0,0
2355200,1150,0,3,0,1,0,2,-0.00039,0.0,1.4324,1599,0,0,0,0,0,0,0,0,0,0,0,0,0,0,0,0,0,0,0,0,0
2357248,1151,0,3,0,0,0,3,-0.00081,0.0,1.43,1615,0,0,0,0,0,0,0,0,0,0,0,0,0,0,0,0,0,0,0,0,0
2359296,1152,0,9,1,3,0,5,-0.00095,0.00017,1.4661,1606,0,0,0,0,0,0,0,0,0,0,0,0,0,0,0,0,0,0,0,0,0
2361344,1153,0,3,0,1,0,2,-0.0016,0.0,1.4654,1632,0,0,0,0,0,0,0,0,0,0,0,0,0,0,0,0,0,0,0,0,0
2363392,1154,0,3,0,0,0,3,-0.00049,0.0,1.4428,1610,0,0,0,0,0,0,0,0,0,0,0,0,0,0,0,0,0,0,0,0,0
2365440,1155,0,4,0,1,0,3,-0.00154,0.0,1.4636,1616,0,0,0,0,0,0,0,0,0,0,0,0,0,0,0,0,0,0,0,0,0
2367488,1156,0,7,0,0,0,7,-0.00201,0.0,1.4395,1528,0,0,0,0,0,0,0,0,0,0,0,0,0,0,0,0,0,0,0,0,0
2369536,1157,0,8,1,3,0,4,-0.00112,0.00051,1.4168,1574,0,0,0,0,0,0,0,0,0,0,0,0,0,0,0,0,0,0,0,0,0
2371584,1158,0,1,0,1,0,0,-0.00295,0.0,1.4247,1606,0,0,0,0,0,0,0,0,0,0,0,0,0,0,0,0,0,0,0,0,0
2373632,1159,0,4,0,0,0,4,-0.00261,0.0,1.3612,1634,0,0,0,0,0,0,0,0,0,0,0,0,0,0,0,0,0,0,0,0,0
2375680,1160,0,5,0,0,0,5,-0.00177,0.0,1.3718,1617,0,0,0,0,0,0,0,0,0,0,0,0,0,0,0,0,0,0,0,0,0
2377728,1161,0,7,0,1,0,6,-2e-05,0.0,1.3581,1468,0,0,0,0,0,0,0,0,0,0,0,0,0,0,0,0,0,0,0,0,0
2379776,1162,0,2,0,1,0,1,-0.00138,0.0,1.3585,1508,0,0,0,0,0,0,0,0,0,0,0,0,0,0,0,0,0,0,0,0,0
2381824,1163,0,3,0,0,0,3,-0.00423,0.0,1.3452,1504,0,0,0,0,0,0,0,0,0,0,0,0,0,0,0,0,0,0,0,0,0
2383872,1164,0,6,0,0,0,6,-0.00326,0.0,1.2419,1571,0,0,0,0,0,0,0,0,0,0,0,0,0,0,0,0,0,0,0,0,0
2385920,1165,0,5,0,0,0,5,-0.0011,0.0,1.2019,1598,0,0,0,0,0,0,0,0,0,0,0,0,0,0,0,0,0,0,0,0,0
2387968,1166,0,2,0,0,0,2,-0.00064,0.0,1.2192,1561,0,0,0,0,0,0,0,0,0,0,0,0,0,0,0,0,0,0,0,0,0
2390016,1167,0,4,0,0,0,4,-0.00198,0.0,1.1969,1483,0,0,0,0,0,0,0,0,0,0,0,0,0,0,0,0,0,0,0,0,0
2392064,1168,0,5,0,0,0,5,-0.00269,0.0,1.1367,1504,0,0,0,0,0,0,0,0,0,0,0,0,0,0,0,0,0,0,0,0,0
2394112,1169,0,5,0,0,0,5,-0.00086,0.0,1.0506,1509,0,0,0,0,0,0,0,0,0,0,0,0,0,0,0,0,0,0,0,0,0
2396160,1170,0,2,0,0,0,2,-8e-05,0.0,1.0621,1510,0,0,0,0,0,0,0,0,0,0,0,0,0,0,0,0,0,0,0,0,0
2398208,1171,0,4,0,0,0,4,-0.00194,0.0,0.9692,1492,0,0,0,0,0,0,0,0,0,0,0,0,0,0,0,0,0,0,0,0,0
2400256,1172,0,7,0,0,0,7,0.00044,0.0,0.9393,1506,0,0,0,0,0,0,0,0,0,0,0,0,0,0,0,0,0,0,0,0,0
2402304,1173,0,5,0,1,0,4,-0.00082,0.0,0.9696,1631,0,0,0,0,0,0,0,0,0,0,0,0,0,0,0,0,0,0,0,0,0
2404352,1174,0,2,0,0,0,2,-7e-05,0.0,0.9584,1538,0,0,0,0,0,0,0,0,0,0,0,0,0,0,0,0,0,0,0,0,0
2406400,1175,0,7,0,1,0,6,-0.00023,0.0,0.9462,1498,0,0,0,0,0,0,0,0,0,0,0,0,0,0,0,0,0,0,0,0,0
2408448,1176,0,4,0,0,0,4,-0.0014,0.0,0.9486,1365,0,0,0,0,0,0,0,0,0,0,0,0,0,0,0,0,0,0,0,0,0
2410496,1177,0,4,0,0,0,4,-0.00281,0.0,0.8046,1492,0,0,0,0,0,0,0,0,0,0,0,0,0,0,0,0,0,0,0,0,0
2412544,1178,0,3,0,0,0,3,-0.00148,0.0,0.8662,1517,0,0,0,0,0,0,0,0,0,0,0,0,0,0,0,0,0,0,0,0,0
2414592,1179,0,5,0,0,0,5,-0.00162,0.0,0.7902,1620,0,0,0,0,0,0,0,0,0,0,0,0,0,0,0,0,0,0,0,0,0
2416640,1180,0,9,0,2,0,7,-0.00165,0.0,0.7937,1436,0,0,0,0,0,0,0,0,0,0,0,0,0,0,0,0,0,0,0,0,0
2418688,1181,0,2,0,0,0,2,-0.00164,0.0,0.7687,1567,0,0,0,0,0,0,0,0,0,0,0,0,0,0,0,0,0,0,0,0,0
2420736,1182,0,3,0,0,0,3,-0.0005,0.0,0.7367,1499,0,0,0,0,0,0,0,0,0,0,0,0,0,0,0,0,0,0,0,0,0
2422784,1183,0,6,0,0,0,6,0.00032,0.0,0.7476,1440,0,0,0,0,0,0,0,0,0,0,0,0,0,0,0,0,0,0,0,0,0
2424832,1184,0,7,0,2,0,5,-0.00124,0.0,0.7934,1470,0,0,0,0,0,0,0,0,0,0,0,0,0,0,0,0,0,0,0,0,0
2426880,1185,0,3,0,1,0,2,-0.00031,0.0,0.8152,1554,0,0,0,0,0,0,0,0,0,0,0,0,0,0,0,0,0,0,0,0,0
2428928,1186,0,4,0,1,0,3,-0.00085,0.0,0.8642,1472,0,0,0,0,0,0,0,0,0,0,0,0,0,0,0,0,0,0,0,0,0
2430976,1187,0,5,0,0,0,5,-0.00131,0.0,0.8551,1602,0,0,0,0,0,0,0,0,0,0,0,0,0,0,0,0,0,0,0,0,0
2433024,1188,0,7,0,1,0,6,0.00086,0.0,0.851,1558,0,0,0,0,0,0,0,0,0,0,0,0,0,0,0,0,0,0,0,0,0
2435072,1189,0,3,0,1,0,2,-0.00071,0.0,0.8705,1540,0,0,0,0,0,0,0,0,0,0,0,0,0,0,0,0,0,0,0,0,0
2437120,1190,0,4,0,0,0,4,-0.00036,0.0,0.812,1445,0,0,0,0,0,0,0,0,0,0,0,0,0,0,0,0,0,0,0,0,0
2439168,1191,0,6,0,1,0,5,-0.0031,0.0,0.7749,1531,0,0,0,0,0,0,0,0,0,0,0,0,0,0,0,0,0,0,0,0,0
2441216,1192,0,5,0,0,0,5,-0.00045,0.0,0.7397,1548,0,0,0,0,0,0,0,0,0,0,0,0,0,0,0,0,0,0,0,0,0
2443264,1193,0,2,0,0,0,2,-0.00264,0.0,0.6067,1610,0,0,0,0,0,0,0,0,0,0,0,0,0,0,0,0,0,0,0,0,0
2445312,1194,0,5,0,0,0,5,-0.00038,0.0,0.6171,1646,0,0,0,0,0,0,0,0,0,0,0,0,0,0,0,0,0,0,0,0,0
2447360,1195,0,6,0,0,0,6,-0.001,0.0,0.5539,1499,0,0,0,0,0,0,0,0,0,0,0,0,0,0,0,0,0,0,0,0,0
2449408,1196,0,4,0,0,0,4,0.00048,0.0,0.5878,1572,0,0,0,0,0,0,0,0,0,0,0,0,0,0,0,0,0,0,0,0,0
2451456,1197,0,2,0,0,0,2,-0.00109,0.0,0.5581,1527,0,0,0,0,0,0,0,0,0,0,0,0,0,0,0,0,0,0,0,0,0
2453504,1198,0,6,0,0,0,6,-0.00145,0.0,0.5212,1535,0,0,0,0,0,0,0,0,0,0,0,0,0,0,0,0,0,0,0,0,0
2455552,1199,0,4,0,0,0,4,0.00028,0.0,0.5697,1546,0,0,0,0,0,0,0,0,0,0,0,0,0,0,0,0,0,0,0,0,0
2457600,1200,0,6,0,2,0,4,0.00235,0.0,0.5783,1454,0,0,0,0,0,0,0,0,0,0,0,0,0,0,0,0,0,0,0,0,0
2459648,1201,0,3,0,0,0,3,-6e-05,0.0,0.6259,1366,0,0,0,0,0,0,0,0,0,0,0,0,0,0,0,0,0,0,0,0,0
2461696,1202,0,5,0,0,0,5,-6e-05,0.0,0.6483,1402,0,0,0,0,0,0,0,0,0,0,0,0,0,0,0,0,0,0,0,0,0
2463744,1203,0,6,0,0,0,6,-0.00136,0.0,0.7263,1471,0,0,0,0,0,0,0,0,0,0,0,0,0,0,0,0,0,0,0,0,0
2465792,1204,0,3,0,0,0,3,-0.00011,0.0,0.6863,1431,0,0,0,0,0,0,0,0,0,0,0,0,0,0,0,0,0,0,0,0,0
2467840,1205,0,3,0,0,0,3,-0.0003,0.0,0.7296,1562,0,0,0,0,0,0,0,0,0,0,0,0,0,0,0,0,0,0,0,0,0
2469888,1206,0,5,0,0,0,5,-0.0011,0.0,0.7221,1533,0,0,0,0,0,0,0,0,0,0,0,0,0,0,0,0,0,0,0,0,0
2471936,1207,0,5,0,0,0,5,-0.0005,0.0,0.6798,1450,0,0,0,0,0,0,0,0,0,0,0,0,0,0,0,0,0,0,0,0,0
2473984,1208,0,3,0,0,0,3,-0.0008,0.0,0.7232,1502,0,0,0,0,0,0,0,0,0,0,0,0,0,0,0,0,0,0,0,0,0
2476032,1209,0,4,0,1,0,3,-0.00012,0.0,0.6973,1370,0,0,0,0,0,0,0,0,0,0,0,0,0,0,0,0,0,0,0,0,0
2478080,1210,0,5,0,0,0,5,-0.00134,0.0,0.7414,1559,0,0,0,0,0,0,0,0,0,0,0,0,0,0,0,0,0,0,0,0,0
2480128,1211,0,7,0,1,0,6,0.00031,0.0,0.834,1596,0,0,0,0,0,0,0,0,0,0,0,0,0,0,0,0,0,0,0,0,0
2482176,1212,0,2,0,0,0,2,-0.00063,0.0,0.7669,1521,0,0,0,0,0,0,0,0,0,0,0,0,0,0,0,0,0,0,0,0,0
2484224,1213,0,4,0,0,0,4,-0.00177,0.0,0.7404,1490,0,0,0,0,0,0,0,0,0,0,0,0,0,0,0,0,0,0,0,0,0
2486272,1214,0,5,0,0,0,5,-0.00196,0.0,0.7834,1651,0,0,0,0,0,0,0,0,0,0,0,0,0,0,0,0,0,0,0,0,0
2488320,1215,0,5,0,0,0,5,0.00039,0.0,0.7926,1578,0,0,0,0,0,0,0,0,0,0,0,0,0,0,0,0,0,0,0,0,0
2490368,1216,0,2,0,0,0,2,-0.00182,0.0,0.9008,1596,0,0,0,0,0,0,0,0,0,0,0,0,0,0,0,0,0,0,0,0,0
2492416,1217,0,5,0,0,0,5,-0.00147,0.0,0.9188,1546,0,0,0,0,0,0,0,0,0,0,0,0,0,0,0,0,0,0,0,0,0
2494464,1218,0,6,0,0,0,6,-0.00237,0.0,1.0287,1465,0,0,0,0,0,0,0,0,0,0,0,0,0,0,0,0,0,0,0,0,0
2496512,1219,0,4,0,0,0,4,-0.0001,0.0,1.0475,1504,0,0,0,0,0,0,0,0,0,0,0,0,0,0,0,0,0,0,0,0,0
2498560,1220,0,3,0,1,0,2,-0.0028,0.0,1.1069,1528,0,0,0,0,0,0,0,0,0,0,0,0,0,0,0,0,0,0,0,0,0
2500608,1221,0,7,0,1,0,6,-0.00114,0.0,1.1111,1570,0,0,0,0,0,0,0,0,0,0,0,0,0,0,0,0,0,0,0,0,0
2502656,1222,0,5,0,1,0,4,0.00098,0.0,1.1436,1565,0,0,0,0,0,0,0,0,0,0,0,0,0,0,0,0,0,0,0,0,0
2504704,1223,0,6,0,2,0,4,9e-05,0.0,1.1525,1491,0,0,0,0,0,0,0,0,0,0,0,0,0,0,0,0,0,0,0,0,0
2506752,1224,0,4,0,1,0,3,-0.00049,0.0,1.1779,1507,0,0,0,0,0,0,0,0,0,0,0,0,0,0,0,0,0,0,0,0,0
2508800,1225,0,5,0,0,0,5,0.00157,0.0,1.1769,1496,0,0,0,0,0,0,0,0,0,0,0,0,0,0,0,0,0,0,0,0,0
2510848,1226,0,7,0,2,0,5,0.00145,0.0,1.1925,1510,0,0,0,0,0,0,0,0,0,0,0,0,0,0,0,0,0,0,0,0,0
2512896,1227,0,5,0,1,0,4,-0.00196,0.0,1.1797,1385,0,0,0,0,0,0,0,0,0,0,0,0,0,0,0,0,0,0,0,0,0
2514944,1228,0,4,0,1,0,3,-0.00169,0.0,1.1177,1525,0,0,0,0,0,0,0,0,0,0,0,0,0,0,0,0,0,0,0,0,0
2516992,1229,0,5,0,0,0,5,-0.00269,0.0,1.0784,1273,0,0,0,0,0,0,0,0,0,0,0,0,0,0,0,0,0,0,0,0,0
2519040,1230,0,5,0,0,0,5,-0.00191,0.0,1.0573,1612,0,0,0,0,0,0,0,0,0,0,0,0,0,0,0,0,0,0,0,0,0
2521088,1231,0,3,0,0,0,3,-0.00057,0.0,1.0374,1488,0,0,0,0,0,0,0,0,0,0,0,0,0,0,0,0,0,0,0,0,0
2523136,1232,0,5,0,1,0,4,-0.00177,0.0,1.0763,1532,0,0,0,0,0,0,0,0,0,0,0,0,0,0,0,0,0,0,0,0,0
2525184,1233,0,6,0,2,0,4,-0.0028,0.0,1.1618,1590,0,0,0,0,0,0,0,0,0,0,0,0,0,0,0,0,0,0,0,0,0
2527232,1234,0,7,0,1,0,6,-7e-05,0.0,1.2218,1622,0,0,0,0,0,0,0,0,0,0,0,0,0,0,0,0,0,0,0,0,0
2529280,1235,0,1,0,0,0,1,-0.00306,0.0,1.2366,1588,0,0,0,0,0,0,0,0,0,0,0,0,0,0,0,0,0,0,0,0,0
2531328,1236,0,5,0,1,0,4,-0.0038,0.0,1.3296,1527,0,0,0,0,0,0,0,0,0,0,0,0,0,0,0,0,0,0,0,0,0
2533376,1237,0,5,0,0,0,5,-0.00133,0.0,1.3422,1585,0,0,0,0,0,0,0,0,0,0,0,0,0,0,0,0,0,0,0,0,0
2535424,1238,0,5,0,0,0,5,-0.00276,0.0,1.3498,1539,0,0,0,0,0,0,0,0,0,0,0,0,0,0,0,0,0,0,0,0,0
2537472,1239,0,1,0,0,0,1,-0.00238,0.0,1.327,1400,0,0,0,0,0,0,0,0,0,0,0,0,0,0,0,0,0,0,0,0,0
2539520,1240,0,7,0,2,0,5,-0.00146,0.0,1.2999,1573,0,0,0,0,0,0,0,0,0,0,0,0,0,0,0,0,0,0,0,0,0
2541568,1241,0,4,0,0,0,4,-0.00108,0.0,1.3099,1582,0,0,0,0,0,0,0,0,0,0,0,0,0,0,0,0,0,0,0,0,0
2543616,1242,0,5,0,1,0,4,-0.00323,0.0,1.2733,1555,0,0,0,0,0,0,0,0,0,0,0,0,0,0,0,0,0,0,0,0,0
2545664,1243,0,3,0,0,0,3,-0.00209,0.0,1.2411,1533,0,0,0,0,0,0,0,0,0,0,0,0,0,0,0,0,0,0,0,0,0
2547712,1244,0,6,0,1,0,5,-0.00011,0.0,1.2301,1370,0,0,0,0,0,0,0,0,0,0,0,0,0,0,0,0,0,0,0,0,0
2549760,1245,0,5,0,1,0,4,-0.00377,0.0,1.2605,1523,0,0,0,0,0,0,0,0,0,0,0,0,0,0,0,0,0,0,0,0,0
2551808,1246,0,4,0,0,0,4,-0.00284,0.0,1.3045,1555,0,0,0,0,0,0,0,0,0,0,0,0,0,0,0,0,0,0,0,0,0
2553856,1247,0,3,0,0,0,3,-0.00219,0.0,1.3049,1369,0,0,0,0,0,0,0,0,0,0,0,0,0,0,0,0,0,0,0,0,0
2555904,1248,0,6,0,1,0,5,0.00063,0.0,1.3322,1497,0,0,0,0,0,0,0,0,0,0,0,0,0,0,0,0,0,0,0,0,0
2557952,1249,0,7,0,1,0,6,-0.0002,0.0,1.3061,1490,0,0,0,0,0,0,0,0,0,0,0,0,0,0,0,0,0,0,0,0,0
2560000,1250,0,4,0,1,0,3,-0.00298,0.0,1.3173,1512,0,0,0,0,0,0,0,0,0,0,0,0,0,0,0,0,0,0,0,0,0
2562048,1251,0,4,0,1,0,3,-0.00253,0.0,1.3246,1587,0,0,0,0,0,0,0,0,0,0,0,0,0,0,0,0,0,0,0,0,0
2564096,1252,0,4,0,1,0,3,-0.00382,0.0,1.2936,1579,0,0,0,0,0,0,0,0,0,0,0,0,0,0,0,0,0,0,0,0,0
2566144,1253,0,7,0,1,0,6,-0.00038,0.0,1.2688,1591,0,0,0,0,0,0,0,0,0,0,0,0,0,0,0,0,0,0,0,0,0
2568192,1254,0,5,0,2,0,3,-0.00135,1e-05,1.217,1612,0,0,0,0,0,0,0,0,0,0,0,0,0,0,0,0,0,0,0,0,0
2570240,1255,0,4,0,0,0,4,0.0006,1e-05,1.2075,1505,0,0,0,0,0,0,0,0,0,0,0,0,0,0,0,0,0,0,0,0,0
2572288,1256,0,4,0,0,0,4,-0.00142,1e-05,1.1784,1580,0,0,0,0,0,0,0,0,0,0,0,0,0,0,0,0,0,0,0,0,0
2574336,1257,0,7,0,1,0,6,-0.00189,0.0,1.226,1627,0,0,0,0,0,0,0,0,0,0,0,0,0,0,0,0,0,0,0,0,0
2576384,1258,0,2,0,0,0,2,0.00068,1e-05,1.2081,1620,0,0,0,0,0,0,0,0,0,0,0,0,0,0,0,0,0,0,0,0,0
2578432,1259,0,5,0,0,0,5,-0.00358,1e-05,1.243,1635,0,0,0,0,0,0,0,0,0,0,0,0,0,0,0,0,0,0,0,0,0
2580480,1260,0,4,0,0,0,4,0.00145,0.0,1.2338,1645,0,0,0,0,0,0,0,0,0,0,0,0,0,0,0,0,0,0,0,0,0
2582528,1261,0,7,0,1,0,6,-0.0009,0.0,1.1532,1665,0,0,0,0,0,0,0,0,0,0,0,0,0,0,0,0,0,0,0,0,0
2584576,1262,0,2,0,0,0,2,-0.00024,1e-05,1.1537,1700,0,0,0,0,0,0,0,0,0,0,0,0,0,0,0,0,0,0,0,0,0
2586624,1263,0,5,0,0,0,5,-0.00037,0.0,1.1749,1626,0,0,0,0,0,0,0,0,0,0,0,0,0,0,0,0,0,0,0,0,0
2588672,1264,0,5,0,0,0,5,-0.00031,0.0,1.1863,1546,0,0,0,0,0,0,0,0,0,0,0,0,0,0,0,0,0,0,0,0,0
2590720,1265,0,4,0,0,0,4,-0.00106,0.0,1.1841,1535,0,0,0,0,0,0,0,0,0,0,0,0,0,0,0,0,0,0,0,0,0
2592768,1266,0,5,0,1,0,4,0.00074,1e-05,1.1987,1563,0,0,0,0,0,0,0,0,0,0,0,0,0,0,0,0,0,0,0,0,0
2594816,1267,0,4,0,0,0,4,-0.00511,1e-05,1.2119,1547,0,0,0,0,0,0,0,0,0,0,0,0,0,0,0,0,0,0,0,0,0
2596864,1268,0,5,0,0,0,5,-0.00105,0.0,1.1721,1672,0,0,0,0,0,0,0,0,0,0,0,0,0,0,0,0,0,0,0,0,0
2598912,1269,0,3,0,0,0,3,-0.00541,0.0,1.2186,1558,0,0,0,0,0,0,0,0,0,0,0,0,0,0,0,0,0,0,0,0,0
2600960,1270,0,5,0,0,0,5,-0.00268,0.0,1.2083,1657,0,0,0,0,0,0,0,0,0,0,0,0,0,0,0,0,0,0,0,0,0
2603008,1271,0,3,0,0,0,3,-0.0027,0.0,1.1755,1630,0,0,0,0,0,0,0,0,0,0,0,0,0,0,0,0,0,0,0,0,0
2605056,1272,0,6,0,1,0,5,-0.0009,0.0,1.1399,1677,0,0,0,0,0,0,0,0,0,0,0,0,0,0,0,0,0,0,0,0,0
2607104,1273,0,4,0,0,0,4,-0.00047,0.0,1.1964,1601,0,0,0,0,0,0,0,0,0,0,0,0,0,0,0,0,0,0,0,0,0
2609152,1274,0,4,0,0,0,4,-0.00195,1e-05,1.2593,1541,0,0,0,0,0,0,0,0,0,0,0,0,0,0,0,0,0,0,0,0,0
2611200,1275,0,4,0,1,0,3,-0.00224,1e-05,1.2511,1563,0,0,0,0,0,0,0,0,0,0,0,0,0,0,0,0,0,0,0,0,0
2613248,1276,0,7,0,0,1,6,-0.00398,0.0,1.1975,1631,0,0,0,0,0,0,0,0,0,0,0,0,0,0,0,0,0,0,0,0,0
2615296,1277,0,3,0,0,0,3,-0.00243,0.0,1.2023,1603,0,0,0,0,0,0,0,0,0,0,0,0,0,0,0,0,0,0,0,0,0
2617344,1278,0,3,0,0,0,3,0.00025,0.0,1.1929,1633,0,0,0,0,0,0,0,0,0,0,0,0,0,0,0,0,0,0,0,0,0
2619392,1279,0,4,0,0,0,4,-0.00587,0.0,1.2231,1582,0,0,0,0,0,0,0,0,0,0,0,0,0,0,0,0,0,0,0,0,0
2621440,1280,0,7,0,0,0,7,-0.00111,1e-05,1.2315,1605,0,0,0,0,0,0,0,0,0,0,0,0,0,0,0,0,0,0,0,0,0
2623488,1281,0,2,0,0,0,2,-0.00095,0.0,1.2363,1590,0,0,0,0,0,0,0,0,0,0,0,0,0,0,0,0,0,0,0,0,0
2625536,1282,0,4,0,1,0,3,0.0041,0.0,1.1993,1651,0,0,0,0,0,0,0,0,0,0,0,0,0,0,0,0,0,0,0,0,0
2627584,1283,0,5,0,0,0,5,-0.00266,0.0,1.1528,1686,0,0,0,0,0,0,0,0,0,0,0,0,0,0,0,0,0,0,0,0,0
2629632,1284,0,9,0,3,0,6,-0.00229,1e-05,1.2424,1619,0,0,0,0,0,0,0,0,0,0,0,0,0,0,0,0,0,0,0,0,0
2631680,1285,0,3,0,1,0,2,-0.00033,0.0,1.2823,1673,0,0,0,0,0,0,0,0,0,0,0,0,0,0,0,0,0,0,0,0,0
2633728,1286,0,3,0,0,0,3,-0.0004,0.0,1.3743,1603,0,0,0,0,0,0,0,0,0,0,0,0,0,0,0,0,0,0,0,0,0
2635776,1287,0,5,0,0,0,5,-0.00455,1e-05,1.4031,1668,0,0,0,0,0,0,0,0,0,0,0,0,0,0,0,0,0,0,0,0,0
2637824,1288,0,5,0,0,0,5,-0.0029,2e-05,1.3985,1632,0,0,0,0,0,0,0,0,0,0,0,0,0,0,0,0,0,0,0,0,0
2639872,1289,0,4,0,0,0,4,-0.00072,1e-05,1.407,1536,0,0,0,0,0,0,0,0,0,0,0,0,0,0,0,0,0,0,0,0,0
2641920,1290,0,2,0,0,0,2,-0.00281,0.0,1.337,1661,0,0,0,0,0,0,0,0,0,0,0,0,0,0,0,0,0,0,0,0,0
2643968,1291,0,6,0,0,0,6,-0.00091,0.0,1.3406,1605,0,0,0,0,0,0,0,0,0,0,0,0,0,0,0,0,0,0,0,0,0
2646016,1292,0,4,0,0,0,4,-0.001,0.0,1.3346,1555,0,0,0,0,0,0,0,0,0,0,0,0,0,0,0,0,0,0,0,0,0
2648064,1293,0,5,0,0,0,5,-0.00201,0.0,1.344,1536,0,0,0,0,0,0,0,0,0,0,0,0,0,0,0,0,0,0,0,0,0
2650112,1294,0,1,0,0,0,1,-0.00017,0.0,1.3789,1670,0,0,0,0,0,0,0,0,0,0,0,0,0,0,0,0,0,0,0,0,0
2652160,1295,0,7,0,0,0,7,-0.00049,0.0,1.4219,1634,0,0,0,0,0,0,0,0,0,0,0,0,0,0,0,0,0,0,0,0,0
2654208,1296,0,11,0,6,0,5,-0.00306,0.0,1.3825,1692,0,0,0,0,0,0,0,0,0,0,0,0,0,0,0,0,0,0,0,0,0
2656256,1297,0,1,0,0,0,1,-0.00181,0.0,1.4044,1658,0,0,0,0,0,0,0,0,0,0,0,0,0,0,0,0,0,0,0,0,0
2658304,1298,0,1,0,1,0,0,-0.00196,0.0,1.4153,1669,0,0,0,0,0,0,0,0,0,0,0,0,0,0,0,0,0,0,0,0,0
2660352,1299,0,8,0,1,0,7,-0.001,0.0,1.4139,1654,0,0,0,0,0,0,0,0,0,0,0,0,0,0,0,0,0,0,0,0,0
2662400,1300,0,6,0,0,0,6,-0.00252,0.0,1.4318,1642,0,0,0,0,0,0,0,0,0,0,0,0,0,0,0,0,0,0,0,0,0
2664448,1301,0,2,0,1,0,1,-0.00143,0.0,1.4425,1632,0,0,0,0,0,0,0,0,0,0,0,0,0,0,0,0,0,0,0,0,0
2666496,1302,0,3,0,1,0,2,-0.00056,0.0,1.4476,1631,0,0,0,0,0,0,0,0,0,0,0,0,0,0,0,0,0,0,0,0,0
2668544,1303,0,10,0,2,0,8,-0.00266,0.0,1.4194,1447,0,0,0,0,0,0,0,0,0,0,0,0,0,0,0,0,0,0,0,0,0
2670592,1304,0,3,0,0,0,3,-0.00362,0.0,1.3907,1596,0,0,0,0,0,0,0,0,0,0,0,0,0,0,0,0,0,0,0,0,0
2672640,1305,0,1,0,0,0,1,-0.00052,0.0,1.393,1719,0,0,0,0,0,0,0,0,0,0,0,0,0,0,0,0,0,0,0,0,0
2674688,1306,0,4,0,0,0,4,-0.0031,0.0,1.3763,1700,0,0,0,0,0,0,0,0,0,0,0,0,0,0,0,0,0,0,0,0,0
2676736,1307,0,9,0,1,0,8,-0.00313,0.0,1.2922,1700,0,0,0,0,0,0,0,0,0,0,0,0,0,0,0,0,0,0,0,0,0
2678784,1308,0,4,0,1,0,3,0.00016,0.0,1.3275,1689,0,0,0,0,0,0,0,0,0,0,0,0,0,0,0,0,0,0,0,0,0
2680832,1309,0,3,0,1,0,2,-0.00065,0.0,1.3743,1623,0,0,0,0,0,0,0,0,0,0,0,0,0,0,0,0,0,0,0,0,0
2682880,1310,0,7,0,1,0,6,-0.00117,0.0,1.4079,1595,0,0,0,0,0,0,0,0,0,0,0,0,0,0,0,0,0,0,0,0,0
2684928,1311,0,6,0,1,0,5,-0.00139,0.0,1.4148,1582,0,0,0,0,0,0,0,0,0,0,0,0,0,0,0,0,0,0,0,0,0
2686976,1312,0,3,0,1,0,2,-0.00134,0.0,1.4028,1614,0,0,0,0,0,0,0,0,0,0,0,0,0,0,0,0,0,0,0,0,0
2689024,1313,0,3,0,0,0,3,-0.00139,0.0,1.3411,1658,0,0,0,0,0,0,0,0,0,0,0,0,0,0,0,0,0,0,0,0,0
2691072,1314,0,7,0,1,0,6,-0.00191,0.0,1.3606,1660,0,0,0,0,0,0,0,0,0,0,0,0,0,0,0,0,0,0,0,0,0
2693120,1315,0,5,0,0,0,5,0.00032,0.0,1.3982,1650,0,0,0,0,0,0,0,0,0,0,0,0,0,0,0,0,0,0,0,0,0
2695168,1316,0,2,0,0,0,2,6e-05,0.0,1.4016,1589,0,0,0,0,0,0,0,0,0,0,0,0,0,0,0,0,0,0,0,0,0
2697216,1317,0,3,0,0,0,3,-0.00096,0.0,1.377,1631,0,0,0,0,0,0,0,0,0,0,0,0,0,0,0,0,0,0,0,0,0
2699264,1318,0,9,0,2,0,7,-0.00259,0.0,1.4463,1651,0,0,0,0,0,0,0,0,0,0,0,0,0,0,0,0,0,0,0,0,0
2701312,1319,0,6,0,0,0,6,-0.00349,0.0,1.4653,1565,0,0,0,0,0,0,0,0,0,0,0,0,0,0,0,0,0,0,0,0,0
2703360,1320,0,0,0,0,0,0,-0.00378,0.0,1.4602,1667,0,0,0,0,0,0,0,0,0,0,0,0,0,0,0,0,0,0,0,0,0
2705408,1321,0,4,0,2,0,2,-0.00399,0.0,1.4877,1662,0,0,0,0,0,0,0,0,0,0,0,0,0,0,0,0,0,0,0,0,0
2707456,1322,0,7,0,0,0,7,0.0003,0.0,1.4689,1698,0,0,0,0,0,0,0,0,0,0,0,0,0,0,0,0,0,0,0,0,0
2709504,1323,0,9,0,3,0,6,-0.00029,0.0,1.4838,1602,0,0,0,0,0,0,0,0,0,0,0,0,0,0,0,0,0,0,0,0,0
2711552,1324,0,0,0,0,0,0,-0.0022,0.0,1.4961,1658,0,0,0,0,0,0,0,0,0,0,0,0,0,0,0,0,0,0,0,0,0
2713600,1325,0,4,0,0,0,4,-0.00325,0.0,1.5066,1668,0,0,0,0,0,0,0,0,0,0,0,0,0,0,0,0,0,0,0,0,0
2715648,1326,0,8,0,0,0,8,-0.00288,0.0,1.5047,1653,0,0,0,0,0,0,0,0,0,0,0,0,0,0,0,0,0,0,0,0,0
2717696,1327,0,4,0,0,0,4,-0.00182,0.0,1.4948,1677,0,0,0,0,0,0,0,0,0,0,0,0,0,0,0,0,0,0,0,0,0
2719744,1328,0,1,0,0,0,1,-0.0031,0.0,1.4364,1600,0,0,0,0,0,0,0,0,0,0,0,0,0,0,0,0,0,0,0,0,0
2721792,1329,0,3,0,0,0,3,-0.00257,0.0,1.436,1551,0,0,0,0,0,0,0,0,0,0,0,0,0,0,0,0,0,0,0,0,0
2723840,1330,0,9,0,1,0,8,-0.00478,0.0,1.4592,1632,0,0,0,0,0,0,0,0,0,0,0,0,0,0,0,0,0,0,0,0,0
2725888,1331,0,5,0,1,0,4,-0.00252,0.0,1.4766,1597,0,0,0,0,0,0,0,0,0,0,0,0,0,0,0,0,0,0,0,0,0
2727936,1332,0,1,0,0,0,1,-0.00088,0.0,1.4977,1449,0,0,0,0,0,0,0,0,0,0,0,0,0,0,0,0,0,0,0,0,0
2729984,1333,0,6,0,0,0,6,-0.00552,0.0,1.4742,1643,0,0,0,0,0,0,0,0,0,0,0,0,0,0,0,0,0,0,0,0,0
2732032,1334,0,5,0,0,0,5,-0.0018,0.0,1.4431,1508,0,0,0,0,0,0,0,0,0,0,0,0,0,0,0,0,0,0,0,0,0
2734080,1335,0,4,0,0,0,4,-0.00116,0.0,1.4869,1521,0,0,0,0,0,0,0,0,0,0,0,0,0,0,0,0,0,0,0,0,0
2736128,1336,0,2,0,0,0,2,-0.00202,0.0,1.4898,1515,0,0,0,0,0,0,0,0,0,0,0,0,0,0,0,0,0,0,0,0,0
2738176,1337,0,8,0,1,0,7,0.00083,1e-05,1.5122,1644,0,0,0,0,0,0,0,0,0,0,0,0,0,0,0,0,0,0,0,0,0
2740224,1338,0,5,0,0,0,5,-0.00092,0.0,1.5112,1618,0,0,0,0,0,0,0,0,0,0,0,0,0,0,0,0,0,0,0,0,0
2742272,1339,0,2,0,0,0,2,-0.00304,0.0,1.4163,1543,0,0,0,0,0,0,0,0,0,0,0,0,0,0,0,0,0,0,0,0,0
2744320,1340,0,2,0,0,0,2,-0.00203,0.0,1.351,1649,0,0,0,0,0,0,0,0,0,0,0,0,0,0,0,0,0,0,0,0,0
2746368,1341,0,10,0,2,0,8,-0.00066,0.0,1.3188,1684,0,0,0,0,0,0,0,0,0,0,0,0,0,0,0,0,0,0,0,0,0
2748416,1342,0,6,0,0,0,6,-0.00188,0.0,1.3137,1571,0,0,0,0,0,0,0,0,0,0,0,0,0,0,0,0,0,0,0,0,0
2750464,1343,0,1,0,1,0,0,-0.00177,0.0,1.3744,1615,0,0,0,0,0,0,0,0,0,0,0,0,0,0,0,0,0,0,0,0,0
2752512,1344,0,3,0,0,0,3,0.0019,0.0,1.4233,1629,0,0,0,0,0,0,0,0,0,0,0,0,0,0,0,0,0,0,0,0,0
2754560,1345,0,8,0,2,0,6,-0.00259,0.0,1.5111,1659,0,0,0,0,0,0,0,0,0,0,0,0,0,0,0,0,0,0,0,0,0
2756608,1346,0,7,0,0,0,7,-0.00021,0.0,1.5462,1515,0,0,0,0,0,0,0,0,0,0,0,0,0,0,0,0,0,0,0,0,0
2758656,1347,0,1,0,1,0,0,0.00216,0.0,1.5459,1583,0,0,0,0,0,0,0,0,0,0,0,0,0,0,0,0,0,0,0,0,0
2760704,1348,0,4,0,0,0,4,0.00097,0.0,1.5447,1658,0,0,0,0,0,0,0,0,0,0,0,0,0,0,0,0,0,0,0,0,0
2762752,1349,0,7,0,0,0,7,-0.00359,0.0,1.5436,1509,0,0,0,0,0,0,0,0,0,0,0,0,0,0,0,0,0,0,0,0,0
2764800,1350,0,6,0,1,0,5,-0.00058,0.0,1.5243,1560,0,0,0,0,0,0,0,0,0,0,0,0,0,0,0,0,0,0,0,0,0
2766848,1351,0,1,0,0,0,1,-0.00259,0.0,1.5027,1640,0,0,0,0,0,0,0,0,0,0,0,0,0,0,0,0,0,0,0,0,0
2768896,1352,0,3,0,0,0,3,-0.00277,0.0,1.5262,1649,0,0,0,0,0,0,0,0,0,0,0,0,0,0,0,0,0,0,0,0,0
2770944,1353,0,7,0,0,0,7,-0.00316,0.0,1.5329,1728,0,0,0,0,0,0,0,0,0,0,0,0,0,0,0,0,0,0,0,0,0
2772992,1354,0,6,0,1,0,5,0.00084,0.0,1.5211,1640,0,0,0,0,0,0,0,0,0,0,0,0,0,0,0,0,0,0,0,0,0
2775040,1355,0,2,0,1,0,1,-0.0036,0.0,1.5357,1696,0,0,0,0,0,0,0,0,0,0,0,0,0,0,0,0,0,0,0,0,0
2777088,1356,0,4,0,0,0,4,-0.00112,0.0,1.55,1617,0,0,0,0,0,0,0,0,0,0,0,0,0,0,0,0,0,0,0,0,0
2779136,1357,0,7,0,0,0,7,0.00144,0.0,1.5653,1665,0,0,0,0,0,0,0,0,0,0,0,0,0,0,0,0,0,0,0,0,0
2781184,1358,0,4,0,0,0,4,0.00288,0.0,1.611,1509,0,0,0,0,0,0,0,0,0,0,0,0,0,0,0,0,0,0,0,0,0
2783232,1359,0,2,0,0,0,2,-0.00153,0.0,1.6277,1701,0,0,0,0,0,0,0,0,0,0,0,0,0,0,0,0,0,0,0,0,0
2785280,1360,0,7,0,1,0,6,0.0006,0.0,1.6282,1707,0,0,0,0,0,0,0,0,0,0,0,0,0,0,0,0,0,0,0,0,0
2787328,1361,0,6,0,1,0,5,-0.00102,0.0,1.6261,1719,0,0,0,0,0,0,0,0,0,0,0,0,0,0,0,0,0,0,0,0,0
2789376,1362,0,3,0,1,0,2,-0.00132,0.0,1.6326,1734,0,0,0,0,0,0,0,0,0,0,0,0,0,0,0,0,0,0,0,0,0
2791424,1363,0,2,0,1,0,1,-0.00335,0.0,1.616,1634,0,0,0,0,0,0,0,0,0,0,0,0,0,0,0,0,0,0,0,0,0
2793472,1364,0,12,0,5,1,6,-0.00433,0.0,1.5872,1706,0,0,0,0,0,0,0,0,0,0,0,0,0,0,0,0,0,0,0,0,0
2795520,1365,0,5,0,1,0,4,-0.00056,0.0,1.5792,1682,0,0,0,0,0,0,0,0,0,0,0,0,0,0,0,0,0,0,0,0,0
2797568,1366,0,2,0,1,0,1,-0.00151,0.0,1.5875,1721,0,0,0,0,0,0,0,0,0,0,0,0,0,0,0,0,0,0,0,0,0
2799616,1367,0,2,1,1,0,0,-0.00281,8e-05,1.5963,1527,0,0,0,0,0,0,0,0,0,0,0,0,0,0,0,0,0,0,0,0,0
2801664,1368,0,9,0,0,0,9,-0.00387,0.0,1.5863,1672,0,0,0,0,0,0,0,0,0,0,0,0,0,0,0,0,0,0,0,0,0
2803712,1369,0,5,0,1,0,4,-0.00335,0.0,1.5564,1707,0,0,0,0,0,0,0,0,0,0,0,0,0,0,0,0,0,0,0,0,0
2805760,1370,0,2,0,1,0,1,-0.00306,0.0,1.5531,1486,0,0,0,0,0,0,0,0,0,0,0,0,0,0,0,0,0,0,0,0,0
2807808,1371,0,3,0,0,0,3,-0.0012,0.0,1.5543,1640,0,0,0,0,0,0,0,0,0,0,0,0,0,0,0,0,0,0,0,0,0
2809856,1372,0,7,0,0,0,7,-0.00256,0.0,1.5471,1663,0,0,0,0,0,0,0,0,0,0,0,0,0,0,0,0,0,0,0,0,0
2811904,1373,0,5,0,1,0,4,-0.00306,0.0,1.5185,1552,0,0,0,0,0,0,0,0,0,0,0,0,0,0,0,0,0,0,0,0,0
2813952,1374,0,2,0,0,0,2,-0.0016,0.0,1.5374,1606,0,0,0,0,0,0,0,0,0,0,0,0,0,0,0,0,0,0,0,0,0
2816000,1375,0,6,0,1,0,5,-0.00226,0.0,1.5089,1648,0,0,0,0,0,0,0,0,0,0,0,0,0,0,0,0,0,0,0,0,0
2818048,1376,0,7,0,3,0,4,-0.00184,0.0,1.5432,1668,0,0,0,0,0,0,0,0,0,0,0,0,0,0,0,0,0,0,0,0,0
2820096,1377,0,5,0,0,0,5,-0.00125,0.0,1.5903,1607,0,0,0,0,0,0,0,0,0,0,0,0,0,0,0,0,0,0,0,0,0
2822144,1378,0,5,0,4,0,1,-0.00079,0.0,1.6051,1574,0,0,0,0,0,0,0,0,0,0,0,0,0,0,0,0,0,0,0,0,0
2824192,1379,0,4,0,0,0,4,-0.00194,0.0,1.6257,1552,0,0,0,0,0,0,0,0,0,0,0,0,0,0,0,0,0,0,0,0,0
2826240,1380,0,7,0,3,0,4,-0.00058,0.0,1.639,1625,0,0,0,0,0,0,0,0,0,0,0,0,0,0,0,0,0,0,0,0,0
2828288,1381,0,4,0,1,0,3,0.0002,0.0,1.6332,1662,0,0,0,0,0,0,0,0,0,0,0,0,0,0,0,0,0,0,0,0,0
2830336,1382,0,3,0,0,0,3,0.00046,0.0,1.6134,1612,0,0,0,0,0,0,0,0,0,0,0,0,0,0,0,0,0,0,0,0,0
2832384,1383,0,5,0,0,0,5,-0.00079,0.0,1.6063,1601,0,0,0,0,0,0,0,0,0,0,0,0,0,0,0,0,0,0,0,0,0
2834432,1384,0,6,0,1,0,5,-0.001,0.0,1.5928,1604,0,0,0,0,0,0,0,0,0,0,0,0,0,0,0,0,0,0,0,0,0
2836480,1385,0,5,0,1,0,4,0.00098,0.0,1.6084,1560,0,0,0,0,0,0,0,0,0,0,0,0,0,0,0,0,0,0,0,0,0
2838528,1386,0,3,0,1,0,2,-0.00098,0.0,1.6152,1604,0,0,0,0,0,0,0,0,0,0,0,0,0,0,0,0,0,0,0,0,0
2840576,1387,0,7,0,1,0,6,-0.0011,0.0,1.6203,1598,0,0,0,0,0,0,0,0,0,0,0,0,0,0,0,0,0,0,0,0,0
2842624,1388,0,3,0,1,0,2,-0.00136,0.0,1.6195,1561,0,0,0,0,0,0,0,0,0,0,0,0,0,0,0,0,0,0,0,0,0
2844672,1389,0,5,0,0,0,5,-0.00158,0.0,1.6015,1432,0,0,0,0,0,0,0,0,0,0,0,0,0,0,0,0,0,0,0,0,0
2846720,1390,0,4,0,0,1,3,-0.00069,0.0,1.593,1554,0,0,0,0,0,0,0,0,0,0,0,0,0,0,0,0,0,0,0,0,0
2848768,1391,0,7,0,1,0,6,-0.00104,0.0,1.6071,1618,0,0,0,0,0,0,0,0,0,0,0,0,0,0,0,0,0,0,0,0,0
2850816,1392,0,4,0,2,0,2,-0.00013,0.0,1.6131,1606,0,0,0,0,0,0,0,0,0,0,0,0,0,0,0,0,0,0,0,0,0
2852864,1393,0,5,0,3,0,2,-0.00204,0.0,1.6242,1529,0,0,0,0,0,0,0,0,0,0,0,0,0,0,0,0,0,0,0,0,0
2854912,1394,0,6,0,1,0,5,-0.00378,0.0,1.645,1603,0,0,0,0,0,0,0,0,0,0,0,0,0,0,0,0,0,0,0,0,0
2856960,1395,0,7,1,4,1,1,-0.00095,0.00018,1.6616,1555,0,0,0,0,0,0,0,0,0,0,0,0,0,0,0,0,0,0,0,0,0
2859008,1396,0,5,0,3,0,2,-0.00039,0.0,1.6712,1539,0,0,0,0,0,0,0,0,0,0,0,0,0,0,0,0,0,0,0,0,0
2861056,1397,0,8,0,2,0,6,-0.00336,0.0,1.6686,1464,0,0,0,0,0,0,0,0,0,0,0,0,0,0,0,0,0,0,0,0,0
2863104,1398,0,2,0,0,0,2,0.00065,0.0,1.6739,1477,0,0,0,0,0,0,0,0,0,0,0,0,0,0,0,0,0,0,0,0,0
2865152,1399,0,7,0,1,0,6,-0.00272,0.0,1.683,1550,0,0,0,0,0,0,0,0,0,0,0,0,0,0,0,0,0,0,0,0,0
2867200,1400,0,6,1,2,0,3,-0.00169,0.00024,1.6761,1462,0,0,0,0,0,0,0,0,0,0,0,0,0,0,0,0,0,0,0,0,0
2869248,1401,0,6,0,1,0,5,0.00066,1e-05,1.6753,1416,0,0,0,0,0,0,0,0,0,0,0,0,0,0,0,0,0,0,0,0,0
2871296,1402,0,0,0,0,0,0,-0.00088,1e-05,1.6745,1544,0,0,0,0,0,0,0,0,0,0,0,0,0,0,0,0,0,0,0,0,0
2873344,1403,0,8,0,1,0,7,-0.00117,1e-05,1.6838,1559,0,0,0,0,0,0,0,0,0,0,0,0,0,0,0,0,0,0,0,0,0
2875392,1404,0,7,0,3,0,4,-0.00138,1e-05,1.6934,1500,0,0,0,0,0,0,0,0,0,0,0,0,0,0,0,0,0,0,0,0,0
2877440,1405,0,8,0,4,0,4,-0.00055,0.0,1.6943,1450,0,0,0,0,0,0,0,0,0,0,0,0,0,0,0,0,0,0,0,0,0
2879488,1406,0,4,0,3,0,1,-0.00196,0.0,1.6911,1482,0,0,0,0,0,0,0,0,0,0,0,0,0,0,0,0,0,0,0,0,0
2881536,1407,0,8,0,2,0,6,-0.0013,0.0,1.69,1591,0,0,0,0,0,0,0,0,0,0,0,0,0,0,0,0,0,0,0,0,0
2883584,1408,0,6,0,3,0,3,-0.00128,0.0,1.6898,1582,0,0,0,0,0,0,0,0,0,0,0,0,0,0,0,0,0,0,0,0,0
2885632,1409,0,4,0,0,0,4,-0.00148,0.0,1.6975,1523,0,0,0,0,0,0,0,0,0,0,0,0,0,0,0,0,0,0,0,0,0
2887680,1410,0,2,0,1,0,1,0.00017,0.0,1.7108,1518,0,0,0,0,0,0,0,0,0,0,0,0,0,0,0,0,0,0,0,0,0
2889728,1411,0,8,0,2,0,6,-0.00104,0.0,1.7114,1639,0,0,0,0,0,0,0,0,0,0,0,0,0,0,0,0,0,0,0,0,0
2891776,1412,0,8,0,3,1,4,-0.00039,0.0,1.7152,1567,0,0,0,0,0,0,0,0,0,0,0,0,0,0,0,0,0,0,0,0,0
2893824,1413,0,2,0,1,0,1,0.00033,0.0,1.7091,1578,0,0,0,0,0,0,0,0,0,0,0,0,0,0,0,0,0,0,0,0,0
2895872,1414,0,3,0,0,0,3,-0.00075,0.0,1.7157,1492,0,0,0,0,0,0,0,0,0,0,0,0,0,0,0,0,0,0,0,0,0
2897920,1415,0,10,0,2,0,8,-0.00168,0.0,1.7247,1506,0,0,0,0,0,0,0,0,0,0,0,0,0,0,0,0,0,0,0,0,0
2899968,1416,0,6,0,3,0,3,-0.00062,0.0,1.7384,1514,0,0,0,0,0,0,0,0,0,0,0,0,0,0,0,0,0,0,0,0,0
2902016,1417,0,9,0,7,0,2,-0.00185,0.0,1.7352,1529,0,0,0,0,0,0,0,0,0,0,0,0,0,0,0,0,0,0,0,0,0
2904064,1418,0,4,0,3,0,1,0.00085,1e-05,1.7217,1502,0,0,0,0,0,0,0,0,0,0,0,0,0,0,0,0,0,0,0,0,0
2906112,1419,0,4,0,0,0,4,0.00151,0.0,1.6968,1469,0,0,0,0,0,0,0,0,0,0,0,0,0,0,0,0,0,0,0,0,0
2908160,1420,0,7,1,3,0,3,0.00022,0.00013,1.6697,1471,0,0,0,0,0,0,0,0,0,0,0,0,0,0,0,0,0,0,0,0,0
2910208,1421,0,7,0,3,0,4,-0.00152,0.0,1.6626,1425,0,0,0,0,0,0,0,0,0,0,0,0,0,0,0,0,0,0,0,0,0
2912256,1422,0,6,0,5,1,0,-0.00088,0.0,1.664,1443,0,0,0,0,0,0,0,0,0,0,0,0,0,0,0,0,0,0,0,0,0
2914304,1423,0,6,0,2,0,4,-0.004,0.0,1.6358,1533,0,0,0,0,0,0,0,0,0,0,0,0,0,0,0,0,0,0,0,0,0
2916352,1424,0,5,0,2,0,3,-0.00222,1e-05,1.6327,1582,0,0,0,0,0,0,0,0,0,0,0,0,0,0,0,0,0,0,0,0,0
2918400,1425,0,3,0,0,0,3,-0.00158,3e-05,1.6258,1537,0,0,0,0,0,0,0,0,0,0,0,0,0,0,0,0,0,0,0,0,0
2920448,1426,0,7,0,2,1,4,-0.00123,0.0,1.6344,1183,0,0,0,0,0,0,0,0,0,0,0,0,0,0,0,0,0,0,0,0,0
2922496,1427,0,6,0,1,0,5,-0.00197,1e-05,1.6471,1454,0,0,0,0,0,0,0,0,0,0,0,0,0,0,0,0,0,0,0,0,0
2924544,1428,0,4,0,1,0,3,-0.00037,0.0,1.6521,1499,0,0,0,0,0,0,0,0,0,0,0,0,0,0,0,0,0,0,0,0,0
2926592,1429,0,6,0,0,2,4,-0.00189,1e-05,1.6285,1565,0,0,0,0,0,0,0,0,0,0,0,0,0,0,0,0,0,0,0,0,0
2928640,1430,0,2,0,0,0,2,0.001,2e-05,1.5942,1524,0,0,0,0,0,0,0,0,0,0,0,0,0,0,0,0,0,0,0,0,0
2930688,1431,0,7,0,3,0,4,-0.00192,1e-05,1.5838,1568,0,0,0,0,0,0,0,0,0,0,0,0,0,0,0,0,0,0,0,0,0
2932736,1432,0,8,0,2,0,6,-0.00342,1e-05,1.6032,1490,0,0,0,0,0,0,0,0,0,0,0,0,0,0,0,0,0,0,0,0,0
2934784,1433,0,5,0,3,0,2,-0.00149,1e-05,1.5813,1455,0,0,0,0,0,0,0,0,0,0,0,0,0,0,0,0,0,0,0,0,0
2936832,1434,0,2,0,1,0,1,-0.00209,1e-05,1.5909,1547,0,0,0,0,0,0,0,0,0,0,0,0,0,0,0,0,0,0,0,0,0
2938880,1435,0,10,0,2,0,8,-0.00067,1e-05,1.6047,1495,0,0,0,0,0,0,0,0,0,0,0,0,0,0,0,0,0,0,0,0,0
2940928,1436,0,5,0,1,0,4,-0.00066,1e-05,1.6181,1455,0,0,0,0,0,0,0,0,0,0,0,0,0,0,0,0,0,0,0,0,0
2942976,1437,0,3,0,1,0,2,-0.00327,1e-05,1.611,1499,0,0,0,0,0,0,0,0,0,0,0,0,0,0,0,0,0,0,0,0,0
2945024,1438,0,2,0,0,0,2,-0.00074,1e-05,1.5933,1553,0,0,0,0,0,0,0,0,0,0,0,0,0,0,0,0,0,0,0,0,0
2947072,1439,0,8,0,1,0,7,9e-05,0.0,1.5793,1571,0,0,0,0,0,0,0,0,0,0,0,0,0,0,0,0,0,0,0,0,0
2949120,1440,0,6,0,2,0,4,0.00035,0.0,1.5779,1486,0,0,0,0,0,0,0,0,0,0,0,0,0,0,0,0,0,0,0,0,0
2951168,1441,0,4,0,0,1,3,-0.00161,0.0,1.5664,1514,0,0,0,0,0,0,0,0,0,0,0,0,0,0,0,0,0,0,0,0,0
2953216,1442,0,2,0,0,0,2,0.00058,0.0,1.5693,1554,0,0,0,0,0,0,0,0,0,0,0,0,0,0,0,0,0,0,0,0,0
2955264,1443,0,5,0,0,0,5,-0.00131,0.0,1.5448,1556,0,0,0,0,0,0,0,0,0,0,0,0,0,0,0,0,0,0,0,0,0
2957312,1444,0,6,0,0,0,6,-0.0052,1e-05,1.5197,1599,0,0,0,0,0,0,0,0,0,0,0,0,0,0,0,0,0,0,0,0,0
2959360,1445,0,3,0,0,0,3,-0.00182,0.0,1.5564,1599,0,0,0,0,0,0,0,0,0,0,0,0,0,0,0,0,0,0,0,0,0
2961408,1446,0,2,0,0,0,2,-0.00295,0.0,1.5599,1553,0,0,0,0,0,0,0,0,0,0,0,0,0,0,0,0,0,0,0,0,0
2963456,1447,0,8,0,1,0,7,-0.00091,1e-05,1.5563,1578,0,0,0,0,0,0,0,0,0,0,0,0,0,0,0,0,0,0,0,0,0
2965504,1448,0,6,0,1,0,5,-0.00217,1e-05,1.5545,1598,0,0,0,0,0,0,0,0,0,0,0,0,0,0,0,0,0,0,0,0,0
2967552,1449,0,3,0,1,0,2,-0.00049,0.0,1.5814,1595,0,0,0,0,0,0,0,0,0,0,0,0,0,0,0,0,0,0,0,0,0
2969600,1450,0,5,0,1,0,4,-0.00154,0.0,1.5626,1465,0,0,0,0,0,0,0,0,0,0,0,0,0,0,0,0,0,0,0,0,0
2971648,1451,0,5,0,1,0,4,-0.00185,0.0,1.5587,1566,0,0,0,0,0,0,0,0,0,0,0,0,0,0,0,0,0,0,0,0,0
2973696,1452,0,8,0,2,0,6,-0.00474,0.0,1.5519,1569,0,0,0,0,0,0,0,0,0,0,0,0,0,0,0,0,0,0,0,0,0
2975744,1453,0,2,0,1,0,1,0.00091,0.0,1.5791,1627,0,0,0,0,0,0,0,0,0,0,0,0,0,0,0,0,0,0,0,0,0
2977792,1454,0,6,0,2,0,4,-0.00072,0.0,1.5815,1562,0,0,0,0,0,0,0,0,0,0,0,0,0,0,0,0,0,0,0,0,0
2979840,1455,0,8,0,3,0,5,0.00034,0.0,1.5961,1600,0,0,0,0,0,0,0,0,0,0,0,0,0,0,0,0,0,0,0,0,0
2981888,1456,0,4,0,0,0,4,0.00022,0.0,1.6028,1586,0,0,0,0,0,0,0,0,0,0,0,0,0,0,0,0,0,0,0,0,0
2983936,1457,0,1,0,0,0,1,-0.00047,0.0,1.6067,1543,0,0,0,0,0,0,0,0,0,0,0,0,0,0,0,0,0,0,0,0,0
2985984,1458,0,6,0,0,0,6,-0.00145,1e-05,1.6011,1538,0,0,0,0,0,0,0,0,0,0,0,0,0,0,0,0,0,0,0,0,0
2988032,1459,0,6,0,1,0,5,-0.0036,0.0,1.5977,1601,0,0,0,0,0,0,0,0,0,0,0,0,0,0,0,0,0,0,0,0,0
2990080,1460,0,5,0,1,1,3,-0.00047,0.0,1.5797,1605,0,0,0,0,0,0,0,0,0,0,0,0,0,0,0,0,0,0,0,0,0
2992128,1461,0,3,0,2,0,1,-0.00698,0.0,1.6005,1579,0,0,0,0,0,0,0,0,0,0,0,0,0,0,0,0,0,0,0,0,0
2994176,1462,0,10,0,4,0,6,0.00031,0.0,1.5881,1556,0,0,0,0,0,0,0,0,0,0,0,0,0,0,0,0,0,0,0,0,0
2996224,1463,0,7,0,3,0,4,-0.00154,0.0,1.5905,1544,0,0,0,0,0,0,0,0,0,0,0,0,0,0,0,0,0,0,0,0,0
2998272,1464,0,3,0,1,0,2,-0.00145,0.0,1.6016,1625,0,0,0,0,0,0,0,0,0,0,0,0,0,0,0,0,0,0,0,0,0
3000320,1465,0,4,0,2,0,2,-0.00039,0.0,1.6164,1618,0,0,0,0,0,0,0,0,0,0,0,0,0,0,0,0,0,0,0,0,0
3002368,1466,0,4,0,0,0,4,-0.00096,0.0,1.6174,1567,0,0,0,0,0,0,0,0,0,0,0,0,0,0,0,0,0,0,0,0,0
3004416,1467,0,6,0,0,0,6,-0.00173,0.0,1.6346,1607,0,0,0,0,0,0,0,0,0,0,0,0,0,0,0,0,0,0,0,0,0
3006464,1468,0,2,0,0,0,2,-0.00173,0.0,1.6393,1642,0,0,0,0,0,0,0,0,0,0,0,0,0,0,0,0,0,0,0,0,0
3008512,1469,0,5,0,0,0,5,2e-05,0.0,1.6361,1583,0,0,0,0,0,0,0,0,0,0,0,0,0,0,0,0,0,0,0,0,0
3010560,1470,0,4,1,1,0,2,-0.00101,6e-05,1.6427,1561,0,0,0,0,0,0,0,0,0,0,0,0,0,0,0,0,0,0,0,0,0
3012608,1471,0,8,0,4,0,4,-0.00033,0.0,1.6529,1496,0,0,0,0,0,0,0,0,0,0,0,0,0,0,0,0,0,0,0,0,0
3014656,1472,0,3,0,0,0,3,-0.00218,0.0,1.6517,1584,0,0,0,0,0,0,0,0,0,0,0,0,0,0,0,0,0,0,0,0,0
3016704,1473,0,4,0,2,0,2,-0.00124,0.0,1.6492,1532,0,0,0,0,0,0,0,0,0,0,0,0,0,0,0,0,0,0,0,0,0
3018752,1474,0,3,0,0,0,3,-0.00042,0.0,1.6439,1620,0,0,0,0,0,0,0,0,0,0,0,0,0,0,0,0,0,0,0,0,0
3020800,1475,0,9,0,1,0,8,-0.00099,0.0,1.6411,1626,0,0,0,0,0,0,0,0,0,0,0,0,0,0,0,0,0,0,0,0,0
3022848,1476,0,2,0,0,0,2,-0.0008,0.0,1.6355,1374,0,0,0,0,0,0,0,0,0,0,0,0,0,0,0,0,0,0,0,0,0
3024896,1477,0,7,0,2,0,5,-0.00152,0.0,1.6351,1587,0,0,0,0,0,0,0,0,0,0,0,0,0,0,0,0,0,0,0,0,0
3026944,1478,0,2,0,0,0,2,-0.00154,0.0,1.6334,1563,0,0,0,0,0,0,0,0,0,0,0,0,0,0,0,0,0,0,0,0,0
3028992,1479,0,8,0,2,0,6,-0.00239,0.0,1.6312,1609,0,0,0,0,0,0,0,0,0,0,0,0,0,0,0,0,0,0,0,0,0
3031040,1480,0,3,0,0,0,3,-0.00034,0.0,1.6115,1519,0,0,0,0,0,0,0,0,0,0,0,0,0,0,0,0,0,0,0,0,0
3033088,1481,0,7,0,2,0,5,-0.00126,0.0,1.6023,1528,0,0,0,0,0,0,0,0,0,0,0,0,0,0,0,0,0,0,0,0,0
3035136,1482,0,4,0,0,0,4,-0.00409,0.0,1.601,1619,0,0,0,0,0,0,0,0,0,0,0,0,0,0,0,0,0,0,0,0,0
3037184,1483,0,3,0,0,0,3,0.0005,0.0,1.5924,1560,0,0,0,0,0,0,0,0,0,0,0,0,0,0,0,0,0,0,0,0,0
3039232,1484,0,5,0,3,0,2,-0.00163,0.0,1.5766,1544,0,0,0,0,0,0,0,0,0,0,0,0,0,0,0,0,0,0,0,0,0
3041280,1485,0,7,0,0,0,7,-0.00412,0.0,1.5223,1477,0,0,0,0,0,0,0,0,0,0,0,0,0,0,0,0,0,0,0,0,0
3043328,1486,0,3,0,0,0,3,1e-05,0.0,1.5021,1583,0,0,0,0,0,0,0,0,0,0,0,0,0,0,0,0,0,0,0,0,0
3045376,1487,0,3,0,1,0,2,-0.00092,0.0,1.4896,1536,0,0,0,0,0,0,0,0,0,0,0,0,0,0,0,0,0,0,0,0,0
3047424,1488,0,5,0,0,0,5,-0.00249,0.0,1.5132,1531,0,0,0,0,0,0,0,0,0,0,0,0,0,0,0,0,0,0,0,0,0
3049472,1489,0,6,0,1,0,5,-0.00202,0.0,1.5521,1515,0,0,0,0,0,0,0,0,0,0,0,0,0,0,0,0,0,0,0,0,0
3051520,1490,0,5,0,2,0,3,-0.00078,0.0,1.5579,1573,0,0,0,0,0,0,0,0,0,0,0,0,0,0,0,0,0,0,0,0,0
3053568,1491,0,4,0,1,0,3,-0.00188,0.0,1.5398,1452,0,0,0,0,0,0,0,0,0,0,0,0,0,0,0,0,0,0,0,0,0
3055616,1492,0,8,0,3,0,5,-0.0025,0.0,1.5168,1531,0,0,0,0,0,0,0,0,0,0,0,0,0,0,0,0,0,0,0,0,0
3057664,1493,0,3,0,1,0,2,-0.00162,0.0,1.4982,1508,0,0,0,0,0,0,0,0,0,0,0,0,0,0,0,0,0,0,0,0,0
3059712,1494,0,7,0,1,0,6,-0.00557,0.0,1.528,1583,0,0,0,0,0,0,0,0,0,0,0,0,0,0,0,0,0,0,0,0,0
3061760,1495,0,3,0,1,0,2,-0.00046,0.0,1.5552,1594,0,0,0,0,0,0,0,0,0,0,0,0,0,0,0,0,0,0,0,0,0
3063808,1496,0,7,0,2,0,5,-0.0038,0.0,1.5187,1575,0,0,0,0,0,0,0,0,0,0,0,0,0,0,0,0,0,0,0,0,0
3065856,1497,0,3,0,2,0,1,-0.00329,0.0,1.4148,1479,0,0,0,0,0,0,0,0,0,0,0,0,0,0,0,0,0,0,0,0,0
3067904,1498,0,5,0,0,0,5,-0.00183,0.0,1.3643,1590,0,0,0,0,0,0,0,0,0,0,0,0,0,0,0,0,0,0,0,0,0
3069952,1499,0,4,0,0,0,4,-0.00243,0.0,1.4049,1555,0,0,0,0,0,0,0,0,0,0,0,0,0,0,0,0,0,0,0,0,0
3072000,1500,0,5,0,0,0,5,-0.00123,1e-05,1.4401,1569,0,0,0,0,0,0,0,0,0,0,0,0,0,0,0,0,0,0,0,0,0
3074048,1501,0,2,0,0,0,2,-0.00011,0.0,1.4943,1602,0,0,0,0,0,0,0,0,0,0,0,0,0,0,0,0,0,0,0,0,0
3076096,1502,0,6,0,1,0,5,-0.00173,0.0,1.5016,1483,0,0,0,0,0,0,0,0,0,0,0,0,0,0,0,0,0,0,0,0,0
3078144,1503,0,4,0,0,0,4,-0.00077,0.0,1.5205,1608,0,0,0,0,0,0,0,0,0,0,0,0,0,0,0,0,0,0,0,0,0
3080192,1504,0,6,0,0,0,6,-0.00111,0.0,1.5129,1615,0,0,0,0,0,0,0,0,0,0,0,0,0,0,0,0,0,0,0,0,0
3082240,1505,0,3,0,2,0,1,-0.0019,0.0,1.5562,1651,0,0,0,0,0,0,0,0,0,0,0,0,0,0,0,0,0,0,0,0,0
3084288,1506,0,7,0,2,0,5,-0.00058,0.0,1.5934,1595,0,0,0,0,0,0,0,0,0,0,0,0,0,0,0,0,0,0,0,0,0
3086336,1507,0,3,0,1,0,2,0.00011,0.0,1.6213,1537,0,0,0,0,0,0,0,0,0,0,0,0,0,0,0,0,0,0,0,0,0
3088384,1508,0,6,0,1,0,5,-0.00196,0.0,1.611,1606,0,0,0,0,0,0,0,0,0,0,0,0,0,0,0,0,0,0,0,0,0
3090432,1509,0,5,0,1,0,4,-0.00178,0.0,1.6318,1618,0,0,0,0,0,0,0,0,0,0,0,0,0,0,0,0,0,0,0,0,0
3092480,1510,0,4,0,0,0,4,-0.00173,0.0,1.6446,1534,0,0,0,0,0,0,0,0,0,0,0,0,0,0,0,0,0,0,0,0,0
3094528,1511,0,4,0,1,0,3,-0.00081,0.0,1.6634,1535,0,0,0,0,0,0,0,0,0,0,0,0,0,0,0,0,0,0,0,0,0
3096576,1512,0,4,0,0,0,4,-0.00115,0.0,1.6682,1554,0,0,0,0,0,0,0,0,0,0,0,0,0,0,0,0,0,0,0,0,0
3098624,1513,0,8,0,4,0,4,-0.00223,0.0,1.651,1649,0,0,0,0,0,0,0,0,0,0,0,0,0,0,0,0,0,0,0,0,0
3100672,1514,0,4,0,3,0,1,-0.00125,0.0,1.6767,1543,0,0,0,0,0,0,0,0,0,0,0,0,0,0,0,0,0,0,0,0,0
3102720,1515,0,5,0,2,0,3,-7e-05,0.0,1.6664,1546,0,0,0,0,0,0,0,0,0,0,0,0,0,0,0,0,0,0,0,0,0
3104768,1516,0,2,0,0,1,1,6e-05,0.0,1.6674,1622,0,0,0,0,0,0,0,0,0,0,0,0,0,0,0,0,0,0,0,0,0
3106816,1517,0,9,0,2,0,7,-0.00299,0.0,1.6904,1585,0,0,0,0,0,0,0,0,0,0,0,0,0,0,0,0,0,0,0,0,0
3108864,1518,0,3,0,1,0,2,-0.00109,0.0,1.6797,1590,0,0,0,0,0,0,0,0,0,0,0,0,0,0,0,0,0,0,0,0,0
3110912,1519,0,7,0,3,0,4,-0.00307,0.0,1.684,1532,0,0,0,0,0,0,0,0,0,0,0,0,0,0,0,0,0,0,0,0,0
3112960,1520,0,5,0,2,0,3,0.00055,0.0,1.677,1628,0,0,0,0,0,0,0,0,0,0,0,0,0,0,0,0,0,0,0,0,0
3115008,1521,0,8,0,3,0,5,-0.0007,0.0,1.6679,1626,0,0,0,0,0,0,0,0,0,0,0,0,0,0,0,0,0,0,0,0,0
3117056,1522,0,2,0,2,0,0,-0.0023,0.0,1.6535,1514,0,0,0,0,0,0,0,0,0,0,0,0,0,0,0,0,0,0,0,0,0
3119104,1523,0,4,0,0,0,4,-0.00178,0.0,1.6458,1526,0,0,0,0,0,0,0,0,0,0,0,0,0,0,0,0,0,0,0,0,0
3121152,1524,0,7,0,4,0,3,-0.00298,0.0,1.64,1536,0,0,0,0,0,0,0,0,0,0,0,0,0,0,0,0,0,0,0,0,0
3123200,1525,0,6,0,0,0,6,-0.00151,0.0,1.6377,1583,0,0,0,0,0,0,0,0,0,0,0,0,0,0,0,0,0,0,0,0,0
3125248,1526,0,4,0,3,0,1,0.00011,0.0,1.6409,1608,0,0,0,0,0,0,0,0,0,0,0,0,0,0,0,0,0,0,0,0,0
3127296,1527,0,5,0,2,0,3,-0.00226,0.0,1.6506,1546,0,0,0,0,0,0,0,0,0,0,0,0,0,0,0,0,0,0,0,0,0
3129344,1528,0,6,0,2,0,4,-0.00144,0.0,1.6415,1544,0,0,0,0,0,0,0,0,0,0,0,0,0,0,0,0,0,0,0,0,0
3131392,1529,0,4,0,0,0,4,-0.00123,0.0,1.6458,1581,0,0,0,0,0,0,0,0,0,0,0,0,0,0,0,0,0,0,0,0,0
3133440,1530,0,3,0,1,0,2,0.00043,0.0,1.6529,1553,0,0,0,0,0,0,0,0,0,0,0,0,0,0,0,0,0,0,0,0,0
3135488,1531,0,5,0,0,0,5,0.00016,0.0,1.6558,1553,0,0,0,0,0,0,0,0,0,0,0,0,0,0,0,0,0,0,0,0,0
3137536,1532,0,8,0,2,0,6,-0.00121,0.0,1.6543,1572,0,0,0,0,0,0,0,0,0,0,0,0,0,0,0,0,0,0,0,0,0
3139584,1533,0,4,0,1,0,3,-0.00209,0.0,1.6534,1615,0,0,0,0,0,0,0,0,0,0,0,0,0,0,0,0,0,0,0,0,0
3141632,1534,0,8,0,4,0,4,-0.00114,0.0,1.66,1577,0,0,0,0,0,0,0,0,0,0,0,0,0,0,0,0,0,0,0,0,0
3143680,1535,0,5,0,2,0,3,-0.00121,0.0,1.6655,1589,0,0,0,0,0,0,0,0,0,0,0,0,0,0,0,0,0,0,0,0,0
3145728,1536,0,5,0,2,0,3,-0.00217,0.0,1.6481,1538,0,0,0,0,0,0,0,0,0,0,0,0,0,0,0,0,0,0,0,0,0
3147776,1537,0,4,0,2,0,2,0.00068,0.0,1.6409,1603,0,0,0,0,0,0,0,0,0,0,0,0,0,0,0,0,0,0,0,0,0
3149824,1538,0,5,0,0,0,5,-0.00037,0.0,1.6354,1632,0,0,0,0,0,0,0,0,0,0,0,0,0,0,0,0,0,0,0,0,0
3151872,1539,0,6,0,2,0,4,-0.00284,0.0,1.6192,1623,0,0,0,0,0,0,0,0,0,0,0,0,0,0,0,0,0,0,0,0,0
3153920,1540,0,4,0,0,0,4,0.00109,0.0,1.6068,1602,0,0,0,0,0,0,0,0,0,0,0,0,0,0,0,0,0,0,0,0,0
3155968,1541,0,7,0,3,0,4,-0.00257,0.0,1.6098,1585,0,0,0,0,0,0,0,0,0,0,0,0,0,0,0,0,0,0,0,0,0
3158016,1542,0,5,0,0,0,5,-0.00071,0.0,1.6163,1528,0,0,0,0,0,0,0,0,0,0,0,0,0,0,0,0,0,0,0,0,0
3160064,1543,0,6,1,1,0,4,-0.00088,0.00025,1.6215,1644,0,0,0,0,0,0,0,0,0,0,0,0,0,0,0,0,0,0,0,0,0
3162112,1544,0,8,0,6,0,2,-0.00077,0.0,1.646,1581,0,0,0,0,0,0,0,0,0,0,0,0,0,0,0,0,0,0,0,0,0
3164160,1545,0,9,1,4,0,4,1e-05,0.00018,1.6519,1613,0,0,0,0,0,0,0,0,0,0,0,0,0,0,0,0,0,0,0,0,0
3166208,1546,0,4,0,2,0,2,-0.00012,0.0,1.6799,1654,0,0,0,0,0,0,0,0,0,0,0,0,0,0,0,0,0,0,0,0,0
3168256,1547,0,3,0,0,1,2,-0.00279,0.0,1.6723,1576,0,0,0,0,0,0,0,0,0,0,0,0,0,0,0,0,0,0,0,0,0
3170304,1548,0,5,0,0,0,5,-0.00121,0.0,1.6805,1594,0,0,0,0,0,0,0,0,0,0,0,0,0,0,0,0,0,0,0,0,0
3172352,1549,0,10,0,5,0,5,-0.00014,0.0,1.6803,1515,0,0,0,0,0,0,0,0,0,0,0,0,0,0,0,0,0,0,0,0,0
3174400,1550,0,4,0,1,0,3,-0.00132,0.0,1.6778,1512,0,0,0,0,0,0,0,0,0,0,0,0,0,0,0,0,0,0,0,0,0
3176448,1551,0,5,0,1,0,4,-0.00046,0.0,1.6756,1500,0,0,0,0,0,0,0,0,0,0,0,0,0,0,0,0,0,0,0,0,0
3178496,1552,0,6,0,1,0,5,-0.00159,0.0,1.663,1594,0,0,0,0,0,0,0,0,0,0,0,0,0,0,0,0,0,0,0,0,0
3180544,1553,0,8,0,3,0,5,-0.00073,0.0,1.6552,1524,0,0,0,0,0,0,0,0,0,0,0,0,0,0,0,0,0,0,0,0,0
3182592,1554,0,2,0,1,0,1,-0.00042,0.0,1.6598,1660,0,0,0,0,0,0,0,0,0,0,0,0,0,0,0,0,0,0,0,0,0
3184640,1555,0,8,0,2,1,5,-0.00139,0.0,1.6481,1617,0,0,0,0,0,0,0,0,0,0,0,0,0,0,0,0,0,0,0,0,0
3186688,1556,0,3,0,0,0,3,-0.00299,0.0,1.6237,1604,0,0,0,0,0,0,0,0,0,0,0,0,0,0,0,0,0,0,0,0,0
3188736,1557,0,8,0,4,1,3,-0.00055,0.0,1.6225,1579,0,0,0,0,0,0,0,0,0,0,0,0,0,0,0,0,0,0,0,0,0
3190784,1558,0,3,0,1,0,2,-0.00239,0.0,1.6123,1572,0,0,0,0,0,0,0,0,0,0,0,0,0,0,0,0,0,0,0,0,0
3192832,1559,0,6,0,1,0,5,-0.0021,0.0,1.5798,1578,0,0,0,0,0,0,0,0,0,0,0,0,0,0,0,0,0,0,0,0,0
3194880,1560,0,4,0,2,0,2,-0.00338,0.0,1.5484,1580,0,0,0,0,0,0,0,0,0,0,0,0,0,0,0,0,0,0,0,0,0
3196928,1561,0,7,0,0,0,7,-0.00125,0.0,1.5745,1538,0,0,0,0,0,0,0,0,0,0,0,0,0,0,0,0,0,0,0,0,0
3198976,1562,0,2,0,1,0,1,-0.00083,0.0,1.5845,1634,0,0,0,0,0,0,0,0,0,0,0,0,0,0,0,0,0,0,0,0,0
3201024,1563,0,6,0,2,0,4,-0.00082,0.0,1.592,1494,0,0,0,0,0,0,0,0,0,0,0,0,0,0,0,0,0,0,0,0,0
3203072,1564,0,5,1,1,0,3,-3e-05,8e-05,1.602,1581,0,0,0,0,0,0,0,0,0,0,0,0,0,0,0,0,0,0,0,0,0
3205120,1565,0,5,0,0,0,5,-0.00142,0.0,1.6128,1611,0,0,0,0,0,0,0,0,0,0,0,0,0,0,0,0,0,0,0,0,0
3207168,1566,0,4,0,2,0,2,-0.00425,0.0,1.6276,1534,0,0,0,0,0,0,0,0,0,0,0,0,0,0,0,0,0,0,0,0,0
3209216,1567,0,3,0,2,0,1,0.00036,0.0,1.6207,1678,0,0,0,0,0,0,0,0,0,0,0,0,0,0,0,0,0,0,0,0,0
3211264,1568,0,7,0,2,0,5,-0.00173,0.0,1.601,1673,0,0,0,0,0,0,0,0,0,0,0,0,0,0,0,0,0,0,0,0,0
3213312,1569,0,9,0,6,0,3,0.00136,0.0,1.5804,1641,0,0,0,0,0,0,0,0,0,0,0,0,0,0,0,0,0,0,0,0,0
3215360,1570,0,4,0,0,1,3,-0.00267,0.0,1.5733,1638,0,0,0,0,0,0,0,0,0,0,0,0,0,0,0,0,0,0,0,0,0
3217408,1571,0,3,0,1,0,2,0.00023,0.0,1.5504,1639,0,0,0,0,0,0,0,0,0,0,0,0,0,0,0,0,0,0,0,0,0
3219456,1572,0,6,0,2,1,3,-0.00107,0.0,1.5527,1473,0,0,0,0,0,0,0,0,0,0,0,0,0,0,0,0,0,0,0,0,0
3221504,1573,0,8,0,2,0,6,-0.00301,1e-05,1.4827,1529,0,0,0,0,0,0,0,0,0,0,0,0,0,0,0,0,0,0,0,0,0
3223552,1574,0,3,0,0,1,2,-0.00184,0.0,1.4678,1545,0,0,0,0,0,0,0,0,0,0,0,0,0,0,0,0,0,0,0,0,0
3225600,1575,0,1,0,1,0,0,0.00199,0.0,1.4808,1612,0,0,0,0,0,0,0,0,0,0,0,0,0,0,0,0,0,0,0,0,0
3227648,1576,0,9,1,0,0,8,-0.00114,0.00038,1.4824,1637,0,0,0,0,0,0,0,0,0,0,0,0,0,0,0,0,0,0,0,0,0
3229696,1577,0,8,0,4,0,4,-0.0021,0.0,1.5353,1651,0,0,0,0,0,0,0,0,0,0,0,0,0,0,0,0,0,0,0,0,0
3231744,1578,0,4,0,3,0,1,-0.00173,0.0,1.5528,1651,0,0,0,0,0,0,0,0,0,0,0,0,0,0,0,0,0,0,0,0,0
3233792,1579,0,7,0,5,0,2,-0.00197,0.0,1.5991,1617,0,0,0,0,0,0,0,0,0,0,0,0,0,0,0,0,0,0,0,0,0
3235840,1580,0,5,0,2,0,3,-0.00154,0.0,1.6241,1576,0,0,0,0,0,0,0,0,0,0,0,0,0,0,0,0,0,0,0,0,0
3237888,1581,0,2,0,0,0,2,-0.00071,0.0,1.6311,1573,0,0,0,0,0,0,0,0,0,0,0,0,0,0,0,0,0,0,0,0,0
3239936,1582,0,3,0,0,0,3,-0.00616,0.0,1.6192,1609,0,0,0,0,0,0,0,0,0,0,0,0,0,0,0,0,0,0,0,0,0
3241984,1583,0,13,0,4,0,9,-0.00276,0.0,1.5963,1578,0,0,0,0,0,0,0,0,0,0,0,0,0,0,0,0,0,0,0,0,0
3244032,1584,0,4,0,3,0,1,-0.001,0.0,1.5817,1491,0,0,0,0,0,0,0,0,0,0,0,0,0,0,0,0,0,0,0,0,0
3246080,1585,0,4,0,1,0,3,-0.00041,0.0,1.5789,1613,0,0,0,0,0,0,0,0,0,0,0,0,0,0,0,0,0,0,0,0,0
3248128,1586,0,3,0,1,0,2,-0.00201,0.0,1.5629,1566,0,0,0,0,0,0,0,0,0,0,0,0,0,0,0,0,0,0,0,0,0
3250176,1587,0,6,0,0,0,6,-0.00089,0.0,1.5464,1542,0,0,0,0,0,0,0,0,0,0,0,0,0,0,0,0,0,0,0,0,0
3252224,1588,0,4,0,0,0,4,-0.00197,0.0,1.5263,1447,0,0,0,0,0,0,0,0,0,0,0,0,0,0,0,0,0,0,0,0,0
3254272,1589,0,3,0,0,0,3,-0.00035,0.0,1.4992,1482,0,0,0,0,0,0,0,0,0,0,0,0,0,0,0,0,0,0,0,0,0
3256320,1590,0,8,0,3,0,5,-0.0018,1e-05,1.4443,1619,0,0,0,0,0,0,0,0,0,0,0,0,0,0,0,0,0,0,0,0,0
3258368,1591,0,4,0,1,0,3,-0.0009,0.0,1.47,1579,0,0,0,0,0,0,0,0,0,0,0,0,0,0,0,0,0,0,0,0,0
3260416,1592,0,5,0,1,0,4,-0.00283,0.0,1.4523,1605,0,0,0,0,0,0,0,0,0,0,0,0,0,0,0,0,0,0,0,0,0
3262464,1593,0,2,0,0,0,2,-0.00205,0.0,1.4728,1542,0,0,0,0,0,0,0,0,0,0,0,0,0,0,0,0,0,0,0,0,0
3264512,1594,0,7,0,0,0,7,0.00215,0.0,1.4725,1546,0,0,0,0,0,0,0,0,0,0,0,0,0,0,0,0,0,0,0,0,0
3266560,1595,0,5,0,0,0,5,-0.00396,0.0,1.4296,1578,0,0,0,0,0,0,0,0,0,0,0,0,0,0,0,0,0,0,0,0,0
3268608,1596,0,4,0,1,0,3,0.00108,0.0,1.4347,1554,0,0,0,0,0,0,0,0,0,0,0,0,0,0,0,0,0,0,0,0,0
3270656,1597,0,3,0,0,0,3,-0.0054,0.0,1.3486,1564,0,0,0,0,0,0,0,0,0,0,0,0,0,0,0,0,0,0,0,0,0
3272704,1598,0,8,0,2,0,6,-0.00103,0.0,1.3871,1524,0,0,0,0,0,0,0,0,0,0,0,0,0,0,0,0,0,0,0,0,0
3274752,1599,0,3,0,1,0,2,-0.00119,0.0,1.4086,1532,0,0,0,0,0,0,0,0,0,0,0,0,0,0,0,0,0,0,0,0,0
3276800,1600,0,5,0,1,0,4,-0.00352,0.0,1.3798,1617,0,0,0,0,0,0,0,0,0,0,0,0,0,0,0,0,0,0,0,0,0
3278848,1601,0,3,0,1,0,2,-0.00455,0.0,1.3913,1598,0,0,0,0,0,0,0,0,0,0,0,0,0,0,0,0,0,0,0,0,0
3280896,1602,0,7,0,0,0,7,-0.00067,0.0,1.3833,1615,0,0,0,0,0,0,0,0,0,0,0,0,0,0,0,0,0,0,0,0,0
3282944,1603,0,3,0,0,0,3,-8e-05,0.0,1.4301,1571,0,0,0,0,0,0,0,0,0,0,0,0,0,0,0,0,0,0,0,0,0
3284992,1604,0,5,0,1,0,4,-0.00176,0.0,1.3469,1614,0,0,0,0,0,0,0,0,0,0,0,0,0,0,0,0,0,0,0,0,0
3287040,1605,0,2,1,0,0,1,-0.0007,7e-05,1.3527,1598,0,0,0,0,0,0,0,0,0,0,0,0,0,0,0,0,0,0,0,0,0
3289088,1606,0,7,0,0,0,7,-0.00172,0.0,1.4025,1512,0,0,0,0,0,0,0,0,0,0,0,0,0,0,0,0,0,0,0,0,0
3291136,1607,0,4,0,1,0,3,-0.00248,0.0,1.449,1614,0,0,0,0,0,0,0,0,0,0,0,0,0,0,0,0,0,0,0,0,0
3293184,1608,0,5,0,0,0,5,-0.0003,0.0,1.4755,1633,0,0,0,0,0,0,0,0,0,0,0,0,0,0,0,0,0,0,0,0,0
3295232,1609,0,2,0,0,0,2,0.00034,0.0,1.5107,1464,0,0,0,0,0,0,0,0,0,0,0,0,0,0,0,0,0,0,0,0,0
3297280,1610,0,5,0,0,0,5,0.00049,0.0,1.5001,1524,0,0,0,0,0,0,0,0,0,0,0,0,0,0,0,0,0,0,0,0,0
3299328,1611,0,6,0,1,0,5,-0.00077,0.0,1.5068,1583,0,0,0,0,0,0,0,0,0,0,0,0,0,0,0,0,0,0,0,0,0
3301376,1612,0,5,0,1,0,4,-0.00128,0.0,1.5353,1662,0,0,0,0,0,0,0,0,0,0,0,0,0,0,0,0,0,0,0,0,0
3303424,1613,0,5,0,3,0,2,-0.00112,0.0,1.5459,1619,0,0,0,0,0,0,0,0,0,0,0,0,0,0,0,0,0,0,0,0,0
3305472,1614,0,5,0,1,0,4,4e-05,0.0,1.5417,1588,0,0,0,0,0,0,0,0,0,0,0,0,0,0,0,0,0,0,0,0,0
3307520,1615,0,4,0,0,0,4,-0.00143,0.0,1.5203,1615,0,0,0,0,0,0,0,0,0,0,0,0,0,0,0,0,0,0,0,0,0
3309568,1616,0,3,0,0,0,3,0.00053,0.0,1.5318,1571,0,0,0,0,0,0,0,0,0,0,0,0,0,0,0,0,0,0,0,0,0
3311616,1617,0,5,1,1,0,3,-0.00093,0.00023,1.5404,1544,0,0,0,0,0,0,0,0,0,0,0,0,0,0,0,0,0,0,0,0,0
3313664,1618,0,6,0,2,0,4,-0.00115,0.0,1.5689,1550,0,0,0,0,0,0,0,0,0,0,0,0,0,0,0,0,0,0,0,0,0
3315712,1619,0,5,0,1,0,4,-0.00465,0.0,1.5541,1513,0,0,0,0,0,0,0,0,0,0,0,0,0,0,0,0,0,0,0,0,0
3317760,1620,0,2,0,0,0,2,-0.0038,0.0,1.5722,1498,0,0,0,0,0,0,0,0,0,0,0,0,0,0,0,0,0,0,0,0,0
3319808,1621,0,7,0,1,0,6,-0.00259,0.0,1.5866,1606,0,0,0,0,0,0,0,0,0,0,0,0,0,0,0,0,0,0,0,0,0
3321856,1622,0,5,0,1,0,4,-0.00158,0.0,1.6009,1571,0,0,0,0,0,0,0,0,0,0,0,0,0,0,0,0,0,0,0,0,0
3323904,1623,0,5,0,1,0,4,-0.00242,0.0,1.5856,1544,0,0,0,0,0,0,0,0,0,0,0,0,0,0,0,0,0,0,0,0,0
3325952,1624,0,3,0,1,0,2,-0.00323,0.0,1.5921,1531,0,0,0,0,0,0,0,0,0,0,0,0,0,0,0,0,0,0,0,0,0
3328000,1625,0,4,0,1,0,3,-0.00057,0.0,1.6414,1565,0,0,0,0,0,0,0,0,0,0,0,0,0,0,0,0,0,0,0,0,0
3330048,1626,0,6,0,2,0,4,-0.00272,0.0,1.6357,1594,0,0,0,0,0,0,0,0,0,0,0,0,0,0,0,0,0,0,0,0,0
3332096,1627,0,6,0,0,0,6,0.00122,0.0,1.6282,1595,0,0,0,0,0,0,0,0,0,0,0,0,0,0,0,0,0,0,0,0,0
3334144,1628,0,1,0,0,0,1,-0.00254,0.0,1.6123,1624,0,0,0,0,0,0,0,0,0,0,0,0,0,0,0,0,0,0,0,0,0
3336192,1629,0,3,0,0,0,3,-0.00084,0.0,1.592,1646,0,0,0,0,0,0,0,0,0,0,0,0,0,0,0,0,0,0,0,0,0
3338240,1630,0,8,0,0,0,8,-0.00396,0.0,1.5823,1585,0,0,0,0,0,0,0,0,0,0,0,0,0,0,0,0,0,0,0,0,0
3340288,1631,0,5,0,2,0,3,-0.00063,0.0,1.5524,1624,0,0,0,0,0,0,0,0,0,0,0,0,0,0,0,0,0,0,0,0,0
3342336,1632,0,3,0,1,0,2,0.00093,0.0,1.5204,1651,0,0,0,0,0,0,0,0,0,0,0,0,0,0,0,0,0,0,0,0,0
3344384,1633,0,3,0,1,0,2,-0.00291,0.0,1.5517,1573,0,0,0,0,0,0,0,0,0,0,0,0,0,0,0,0,0,0,0,0,0
3346432,1634,0,7,0,1,0,6,0.00234,0.0,1.5605,1441,0,0,0,0,0,0,0,0,0,0,0,0,0,0,0,0,0,0,0,0,0
3348480,1635,0,3,0,0,0,3,0.00117,0.0,1.5661,1545,0,0,0,0,0,0,0,0,0,0,0,0,0,0,0,0,0,0,0,0,0
3350528,1636,0,3,0,0,0,3,-0.00208,0.0,1.5939,1577,0,0,0,0,0,0,0,0,0,0,0,0,0,0,0,0,0,0,0,0,0
3352576,1637,0,4,0,0,0,4,-0.0026,0.0,1.5823,1599,0,0,0,0,0,0,0,0,0,0,0,0,0,0,0,0,0,0,0,0,0
3354624,1638,0,6,0,0,0,6,-0.00098,0.0,1.5967,1642,0,0,0,0,0,0,0,0,0,0,0,0,0,0,0,0,0,0,0,0,0
3356672,1639,0,3,0,0,0,3,-0.00345,0.0,1.6098,1595,0,0,0,0,0,0,0,0,0,0,0,0,0,0,0,0,0,0,0,0,0
3358720,1640,0,5,0,1,0,4,-0.00085,0.0,1.6061,1622,0,0,0,0,0,0,0,0,0,0,0,0,0,0,0,0,0,0,0,0,0
3360768,1641,0,7,0,2,0,5,-0.00188,0.0,1.605,1609,0,0,0,0,0,0,0,0,0,0,0,0,0,0,0,0,0,0,0,0,0
3362816,1642,0,5,0,0,0,5,-0.00341,0.0,1.5936,1547,0,0,0,0,0,0,0,0,0,0,0,0,0,0,0,0,0,0,0,0,0
3364864,1643,0,3,0,2,0,1,-0.00187,0.0,1.6006,1645,0,0,0,0,0,0,0,0,0,0,0,0,0,0,0,0,0,0,0,0,0
3366912,1644,0,5,0,0,0,5,-0.00521,0.0,1.5889,1641,0,0,0,0,0,0,0,0,0,0,0,0,0,0,0,0,0,0,0,0,0
3368960,1645,0,5,0,0,0,5,-0.00095,0.0,1.5854,1640,0,0,0,0,0,0,0,0,0,0,0,0,0,0,0,0,0,0,0,0,0
3371008,1646,0,5,0,0,0,5,-0.00076,0.0,1.5932,1628,0,0,0,0,0,0,0,0,0,0,0,0,0,0,0,0,0,0,0,0,0
3373056,1647,0,3,0,0,0,3,-0.00353,0.0,1.5917,1637,0,0,0,0,0,0,0,0,0,0,0,0,0,0,0,0,0,0,0,0,0
3375104,1648,0,5,0,0,1,4,-0.00193,0.0,1.5749,1668,0,0,0,0,0,0,0,0,0,0,0,0,0,0,0,0,0,0,0,0,0
3377152,1649,0,5,0,0,0,5,0.00128,0.0,1.5504,1565,0,0,0,0,0,0,0,0,0,0,0,0,0,0,0,0,0,0,0,0,0
3379200,1650,0,6,0,2,0,4,-0.00133,0.0,1.5342,1612,0,0,0,0,0,0,0,0,0,0,0,0,0,0,0,0,0,0,0,0,0
3381248,1651,0,1,0,1,0,0,-0.00046,0.0,1.561,697,0,0,0,0,0,0,0,0,0,0,0,0,0,0,0,0,0,0,0,0,0
3383296,1652,0,1,0,1,0,0,0.00029,0.0,1.5803,1752,0,0,0,0,0,0,0,0,0,0,0,0,0,0,0,0,0,0,0,0,0
3385344,1653,0,0,0,0,0,0,-0.00196,0.0,1.5888,1736,0,0,0,0,0,0,0,0,0,0,0,0,0,0,0,0,0,0,0,0,0
3387392,1654,0,16,0,1,0,15,0.00033,0.0,1.5885,1727,0,0,0,0,0,0,0,0,0,0,0,0,0,0,0,0,0,0,0,0,0
3389440,1655,0,0,0,0,0,0,-0.00188,0.0,1.5953,1870,0,0,0,0,0,0,0,0,0,0,0,0,0,0,0,0,0,0,0,0,0
3391488,1656,0,1,0,0,0,1,-0.00186,0.0,1.6128,1784,0,0,0,0,0,0,0,0,0,0,0,0,0,0,0,0,0,0,0,0,0
3393536,1657,0,0,0,0,0,0,-0.00322,0.0,1.6016,1796,0,0,0,0,0,0,0,0,0,0,0,0,0,0,0,0,0,0,0,0,0
3395584,1658,0,15,0,0,0,15,-0.00069,0.0,1.593,1786,0,0,0,0,0,0,0,0,0,0,0,0,0,0,0,0,0,0,0,0,0
3397632,1659,0,0,0,0,0,0,-0.0013,0.0,1.5833,1887,0,0,0,0,0,0,0,0,0,0,0,0,0,0,0,0,0,0,0,0,0
3399680,1660,0,1,0,0,0,1,-0.00214,0.0,1.5618,1853,0,0,0,0,0,0,0,0,0,0,0,0,0,0,0,0,0,0,0,0,0
3401728,1661,0,0,0,0,0,0,-0.00355,0.0,1.5413,1788,0,0,0,0,0,0,0,0,0,0,0,0,0,0,0,0,0,0,0,0,0
3403776,1662,0,15,0,0,0,15,-0.00392,0.0,1.5417,1682,0,0,0,0,0,0,0,0,0,0,0,0,0,0,0,0,0,0,0,0,0
3405824,1663,0,1,0,0,0,1,-0.0028,0.0,1.5308,1588,0,0,0,0,0,0,0,0,0,0,0,0,0,0,0,0,0,0,0,0,0
3407872,1664,0,0,0,0,0,0,-0.00178,0.0,1.5429,1777,0,0,0,0,0,0,0,0,0,0,0,0,0,0,0,0,0,0,0,0,0
3409920,1665,0,0,0,0,0,0,-0.00297,0.0,1.5375,1831,0,0,0,0,0,0,0,0,0,0,0,0,0,0,0,0,0,0,0,0,0
3411968,1666,0,17,0,2,0,15,-0.00077,0.0,1.5108,1718,0,0,0,0,0,0,0,0,0,0,0,0,0,0,0,0,0,0,0,0,0
3414016,1667,0,1,0,0,0,1,-0.00123,0.0,1.5217,1652,0,0,0,0,0,0,0,0,0,0,0,0,0,0,0,0,0,0,0,0,0
3416064,1668,0,0,0,0,0,0,-0.00177,0.0,1.5536,1614,0,0,0,0,0,0,0,0,0,0,0,0,0,0,0,0,0,0,0,0,0
3418112,1669,0,0,0,0,0,0,-0.00271,0.0,1.5253,1804,0,0,0,0,0,0,0,0,0,0,0,0,0,0,0,0,0,0,0,0,0
3420160,1670,0,15,0,0,0,15,-0.00143,0.0,1.5091,1795,0,0,0,0,0,0,0,0,0,0,0,0,0,0,0,0,0,0,0,0,0
3422208,1671,0,1,0,0,0,1,-0.00262,0.0,1.5546,1663,0,0,0,0,0,0,0,0,0,0,0,0,0,0,0,0,0,0,0,0,0
3424256,1672,0,0,0,0,0,0,-0.00352,0.0,1.5944,1573,0,0,0,0,0,0,0,0,0,0,0,0,0,0,0,0,0,0,0,0,0
3426304,1673,0,13,0,0,0,13,0.0006,1e-05,1.6032,1662,0,0,0,0,0,0,0,0,0,0,0,0,0,0,0,0,0,0,0,0,0
3428352,1674,0,3,0,1,0,2,-0.00065,0.0,1.5876,1640,0,0,0,0,0,0,0,0,0,0,0,0,0,0,0,0,0,0,0,0,0
3430400,1675,0,1,0,0,0,1,-0.00466,0.0,1.5555,1767,0,0,0,0,0,0,0,0,0,0,0,0,0,0,0,0,0,0,0,0,0
3432448,1676,0,0,0,0,0,0,-0.00299,0.0,1.5329,1809,0,0,0,0,0,0,0,0,0,0,0,0,0,0,0,0,0,0,0,0,0
3434496,1677,0,15,0,0,0,15,-0.00254,0.0,1.5111,1791,0,0,0,0,0,0,0,0,0,0,0,0,0,0,0,0,0,0,0,0,0
3436544,1678,0,0,0,0,0,0,-0.00178,0.0,1.498,1757,0,0,0,0,0,0,0,0,0,0,0,0,0,0,0,0,0,0,0,0,0
3438592,1679,0,1,0,0,0,1,-0.00215,0.0,1.4822,1742,0,0,0,0,0,0,0,0,0,0,0,0,0,0,0,0,0,0,0,0,0
3440640,1680,0,0,0,0,0,0,0.00018,0.0,1.5002,1748,0,0,0,0,0,0,0,0,0,0,0,0,0,0,0,0,0,0,0,0,0
3442688,1681,0,17,0,2,0,15,-0.00098,0.0,1.4688,1739,0,0,0,0,0,0,0,0,0,0,0,0,0,0,0,0,0,0,0,0,0
3444736,1682,0,0,0,0,0,0,-0.00265,0.0,1.4432,1697,0,0,0,0,0,0,0,0,0,0,0,0,0,0,0,0,0,0,0,0,0
3446784,1683,0,1,0,0,0,1,-0.00285,0.0,1.3555,1758,0,0,0,0,0,0,0,0,0,0,0,0,0,0,0,0,0,0,0,0,0
3448832,1684,0,0,0,0,0,0,-0.00235,0.0,1.3838,1830,0,0,0,0,0,0,0,0,0,0,0,0,0,0,0,0,0,0,0,0,0
3450880,1685,0,16,0,1,0,15,0.00193,1e-05,1.3943,1722,0,0,0,0,0,0,0,0,0,0,0,0,0,0,0,0,0,0,0,0,0
3452928,1686,0,1,0,0,0,1,-0.00327,0.0,1.4374,1787,0,0,0,0,0,0,0,0,0,0,0,0,0,0,0,0,0,0,0,0,0
3454976,1687,0,0,0,0,0,0,-0.00132,0.0,1.4686,1764,0,0,0,0,0,0,0,0,0,0,0,0,0,0,0,0,0,0,0,0,0
3457024,1688,0,0,0,0,0,0,-0.00226,0.0,1.4751,1732,0,0,0,0,0,0,0,0,0,0,0,0,0,0,0,0,0,0,0,0,0
3459072,1689,0,16,0,1,0,15,-0.00385,0.0,1.4854,1634,0,0,0,0,0,0,0,0,0,0,0,0,0,0,0,0,0,0,0,0,0
3461120,1690,0,1,0,0,0,1,0.00068,0.0,1.5206,1735,0,0,0,0,0,0,0,0,0,0,0,0,0,0,0,0,0,0,0,0,0
3463168,1691,0,0,0,0,0,0,-0.00078,0.0,1.543,1692,0,0,0,0,0,0,0,0,0,0,0,0,0,0,0,0,0,0,0,0,0
3465216,1692,0,0,0,0,0,0,-0.00108,0.0,1.5342,1856,0,0,0,0,0,0,0,0,0,0,0,0,0,0,0,0,0,0,0,0,0
3467264,1693,0,16,0,1,0,15,-0.00144,0.0,1.5157,1834,0,0,0,0,0,0,0,0,0,0,0,0,0,0,0,0,0,0,0,0,0
3469312,1694,0,1,0,0,0,1,-0.00223,0.0,1.4989,1717,0,0,0,0,0,0,0,0,0,0,0,0,0,0,0,0,0,0,0,0,0
3471360,1695,0,0,0,0,0,0,-0.00559,0.0,1.4707,1756,0,0,0,0,0,0,0,0,0,0,0,0,0,0,0,0,0,0,0,0,0
3473408,1696,0,12,0,0,0,12,-0.0018,0.0,1.4446,1665,0,0,0,0,0,0,0,0,0,0,0,0,0,0,0,0,0,0,0,0,0
3475456,1697,0,3,0,0,0,3,-6e-05,0.0,1.4098,1804,0,0,0,0,0,0,0,0,0,0,0,0,0,0,0,0,0,0,0,0,0
3477504,1698,0,1,0,0,0,1,-0.00143,0.0,1.3958,1708,0,0,0,0,0,0,0,0,0,0,0,0,0,0,0,0,0,0,0,0,0
3479552,1699,0,0,0,0,0,0,-0.00179,0.0,1.4243,1738,0,0,0,0,0,0,0,0,0,0,0,0,0,0,0,0,0,0,0,0,0
3481600,1700,0,15,0,0,0,15,-0.00186,0.0,1.4805,1794,0,0,0,0,0,0,0,0,0,0,0,0,0,0,0,0,0,0,0,0,0
3483648,1701,0,2,0,2,0,0,-0.00147,0.0,1.4854,1843,0,0,0,0,0,0,0,0,0,0,0,0,0,0,0,0,0,0,0,0,0
3485696,1702,0,2,0,1,0,1,-0.00031,0.0,1.438,1876,0,0,0,0,0,0,0,0,0,0,0,0,0,0,0,0,0,0,0,0,0
3487744,1703,0,0,0,0,0,0,-0.00211,0.0,1.4016,1893,0,0,0,0,0,0,0,0,0,0,0,0,0,0,0,0,0,0,0,0,0
3489792,1704,0,14,0,0,0,14,-0.00143,0.0,1.3748,1648,0,0,0,0,0,0,0,0,0,0,0,0,0,0,0,0,0,0,0,0,0
3491840,1705,0,1,0,0,0,1,-0.00066,0.0,1.4282,1930,0,0,0,0,0,0,0,0,0,0,0,0,0,0,0,0,0,0,0,0,0
3493888,1706,0,1,0,0,0,1,-0.00188,0.0,1.4489,1750,0,0,0,0,0,0,0,0,0,0,0,0,0,0,0,0,0,0,0,0,0
3495936,1707,0,0,0,0,0,0,-0.00142,0.0,1.475,1858,0,0,0,0,0,0,0,0,0,0,0,0,0,0,0,0,0,0,0,0,0
3497984,1708,0,15,0,1,0,14,-0.00159,0.0,1.4392,1842,0,0,0,0,0,0,0,0,0,0,0,0,0,0,0,0,0,0,0,0,0
3500032,1709,0,2,0,0,0,2,0.00016,0.0,1.3938,1740,0,0,0,0,0,0,0,0,0,0,0,0,0,0,0,0,0,0,0,0,0
3502080,1710,0,0,0,0,0,0,-0.0007,0.0,1.4016,1794,0,0,0,0,0,0,0,0,0,0,0,0,0,0,0,0,0,0,0,0,0
3504128,1711,0,1,0,1,0,0,-0.00391,0.0,1.253,1806,0,0,0,0,0,0,0,0,0,0,0,0,0,0,0,0,0,0,0,0,0
3506176,1712,0,16,0,3,0,13,-0.00232,0.0,1.2619,1764,0,0,0,0,0,0,0,0,0,0,0,0,0,0,0,0,0,0,0,0,0
3508224,1713,0,2,0,0,0,2,-0.00122,0.0,1.3371,1687,0,0,0,0,0,0,0,0,0,0,0,0,0,0,0,0,0,0,0,0,0
3510272,1714,0,0,0,0,0,0,-0.00153,0.0,1.4243,1771,0,0,0,0,0,0,0,0,0,0,0,0,0,0,0,0,0,0,0,0,0
3512320,1715,0,1,0,0,0,1,0.00049,0.0,1.4799,1649,0,0,0,0,0,0,0,0,0,0,0,0,0,0,0,0,0,0,0,0,0
3514368,1716,0,14,0,1,0,13,-0.00133,0.0,1.4958,1750,0,0,0,0,0,0,0,0,0,0,0,0,0,0,0,0,0,0,0,0,0
3516416,1717,0,2,0,0,0,2,-9e-05,0.0,1.482,1759,0,0,0,0,0,0,0,0,0,0,0,0,0,0,0,0,0,0,0,0,0
3518464,1718,0,1,0,0,0,1,-0.00056,0.0,1.4623,1946,0,0,0,0,0,0,0,0,0,0,0,0,0,0,0,0,0,0,0,0,0
3520512,1719,0,11,0,1,0,10,-0.00035,0.0,1.4497,1860,0,0,0,0,0,0,0,0,0,0,0,0,0,0,0,0,0,0,0,0,0
3522560,1720,0,3,0,0,0,3,-0.00121,0.0,1.4603,1824,0,0,0,0,0,0,0,0,0,0,0,0,0,0,0,0,0,0,0,0,0
3524608,1721,0,3,0,1,0,2,-0.0045,0.0,1.5391,1867,0,0,0,0,0,0,0,0,0,0,0,0,0,0,0,0,0,0,0,0,0
3526656,1722,0,2,0,1,0,1,-0.00222,0.0,1.565,1880,0,0,0,0,0,0,0,0,0,0,0,0,0,0,0,0,0,0,0,0,0
3528704,1723,0,11,0,0,0,11,-0.00434,0.0,1.5628,1851,0,0,0,0,0,0,0,0,0,0,0,0,0,0,0,0,0,0,0,0,0
3530752,1724,0,2,0,2,0,0,0.00162,0.0,1.5577,1704,0,0,0,0,0,0,0,0,0,0,0,0,0,0,0,0,0,0,0,0,0
3532800,1725,0,3,0,0,0,3,-0.00013,0.0,1.5558,1802,0,0,0,0,0,0,0,0,0,0,0,0,0,0,0,0,0,0,0,0,0
3534848,1726,0,0,0,0,0,0,-0.00142,0.0,1.5635,1832,0,0,0,0,0,0,0,0,0,0,0,0,0,0,0,0,0,0,0,0,0
3536896,1727,0,12,0,1,0,11,0.00069,0.0,1.5712,1916,0,0,0,0,0,0,0,0,0,0,0,0,0,0,0,0,0,0,0,0,0
3538944,1728,0,5,0,1,0,4,0.00297,0.0,1.566,1958,0,0,0,0,0,0,0,0,0,0,0,0,0,0,0,0,0,0,0,0,0
3540992,1729,0,1,0,1,0,0,-0.00023,0.0,1.5631,1866,0,0,0,0,0,0,0,0,0,0,0,0,0,0,0,0,0,0,0,0,0
3543040,1730,0,1,0,1,0,0,6e-05,0.0,1.5289,1851,0,0,0,0,0,0,0,0,0,0,0,0,0,0,0,0,0,0,0,0,0
3545088,1731,0,11,0,0,0,11,0.00085,0.0,1.5139,1805,0,0,0,0,0,0,0,0,0,0,0,0,0,0,0,0,0,0,0,0,0
3547136,1732,0,4,0,1,0,3,-0.00119,0.0,1.5161,1841,0,0,0,0,0,0,0,0,0,0,0,0,0,0,0,0,0,0,0,0,0
3549184,1733,0,3,0,2,0,1,-0.00223,0.0,1.5153,1692,0,0,0,0,0,0,0,0,0,0,0,0,0,0,0,0,0,0,0,0,0
3551232,1734,0,2,0,1,0,1,-0.00076,0.0,1.5383,1801,0,0,0,0,0,0,0,0,0,0,0,0,0,0,0,0,0,0,0,0,0
3553280,1735,0,10,0,1,0,9,-0.00086,0.0,1.5554,1825,0,0,0,0,0,0,0,0,0,0,0,0,0,0,0,0,0,0,0,0,0
3555328,1736,0,4,0,0,0,4,0.00044,0.0,1.5509,1752,0,0,0,0,0,0,0,0,0,0,0,0,0,0,0,0,0,0,0,0,0
3557376,1737,0,1,0,0,0,1,-0.00032,0.0,1.5536,1795,0,0,0,0,0,0,0,0,0,0,0,0,0,0,0,0,0,0,0,0,0
3559424,1738,0,2,0,0,0,2,-0.00155,0.0,1.5573,1661,0,0,0,0,0,0,0,0,0,0,0,0,0,0,0,0,0,0,0,0,0
3561472,1739,0,14,0,5,0,9,0.00099,0.0,1.5602,1638,0,0,0,0,0,0,0,0,0,0,0,0,0,0,0,0,0,0,0,0,0
3563520,1740,0,5,0,0,0,5,-0.00182,0.0,1.566,1469,0,0,0,0,0,0,0,0,0,0,0,0,0,0,0,0,0,0,0,0,0
3565568,1741,0,1,0,1,0,0,0.0017,0.0,1.5502,1494,0,0,0,0,0,0,0,0,0,0,0,0,0,0,0,0,0,0,0,0,0
3567616,1742,0,7,0,0,0,7,-0.00123,0.0,1.5561,1561,0,0,0,0,0,0,0,0,0,0,0,0,0,0,0,0,0,0,0,0,0
3569664,1743,0,5,0,1,0,4,0.00037,0.0,1.5423,1509,0,0,0,0,0,0,0,0,0,0,0,0,0,0,0,0,0,0,0,0,0
3571712,1744,0,5,0,1,0,4,-0.0007,0.0,1.5583,1645,0,0,0,0,0,0,0,0,0,0,0,0,0,0,0,0,0,0,0,0,0
3573760,1745,0,3,0,2,0,1,0.00081,0.0,1.5604,1666,0,0,0,0,0,0,0,0,0,0,0,0,0,0,0,0,0,0,0,0,0
3575808,1746,0,11,0,6,0,5,0.00049,0.0,1.5603,1620,0,0,0,0,0,0,0,0,0,0,0,0,0,0,0,0,0,0,0,0,0
3577856,1747,0,3,0,0,0,3,-0.00322,0.0,1.553,1674,0,0,0,0,0,0,0,0,0,0,0,0,0,0,0,0,0,0,0,0,0
3579904,1748,0,3,0,1,0,2,-0.00069,0.0,1.5372,1630,0,0,0,0,0,0,0,0,0,0,0,0,0,0,0,0,0,0,0,0,0
3581952,1749,0,4,0,0,0,4,-0.00067,0.0,1.544,1552,0,0,0,0,0,0,0,0,0,0,0,0,0,0,0,0,0,0,0,0,0
3584000,1750,0,8,0,0,0,8,-0.00218,0.0,1.5235,1620,0,0,0,0,0,0,0,0,0,0,0,0,0,0,0,0,0,0,0,0,0
3586048,1751,0,1,0,0,0,1,-0.00464,0.0,1.4758,1596,0,0,0,0,0,0,0,0,0,0,0,0,0,0,0,0,0,0,0,0,0
3588096,1752,0,5,0,0,0,5,-0.00165,0.0,1.4406,1698,0,0,0,0,0,0,0,0,0,0,0,0,0,0,0,0,0,0,0,0,0
3590144,1753,0,3,0,1,0,2,-0.00304,0.0,1.4619,1682,0,0,0,0,0,0,0,0,0,0,0,0,0,0,0,0,0,0,0,0,0
3592192,1754,0,9,0,2,0,7,-0.00281,0.0,1.4977,1553,0,0,0,0,0,0,0,0,0,0,0,0,0,0,0,0,0,0,0,0,0
3594240,1755,0,4,0,1,0,3,-0.00066,0.0,1.5047,1658,0,0,0,0,0,0,0,0,0,0,0,0,0,0,0,0,0,0,0,0,0
3596288,1756,0,3,0,0,0,3,-0.00179,0.0,1.4955,1607,0,0,0,0,0,0,0,0,0,0,0,0,0,0,0,0,0,0,0,0,0
3598336,1757,0,3,0,0,0,3,-0.00131,0.0,1.4667,1615,0,0,0,0,0,0,0,0,0,0,0,0,0,0,0,0,0,0,0,0,0
3600384,1758,0,9,0,2,0,7,-0.00058,0.0,1.4677,1703,0,0,0,0,0,0,0,0,0,0,0,0,0,0,0,0,0,0,0,0,0
3602432,1759,0,3,0,1,0,2,-0.00048,0.0,1.4938,1607,0,0,0,0,0,0,0,0,0,0,0,0,0,0,0,0,0,0,0,0,0
3604480,1760,0,4,0,2,0,2,-0.0005,0.0,1.4902,1662,0,0,0,0,0,0,0,0,0,0,0,0,0,0,0,0,0,0,0,0,0
3606528,1761,0,4,0,0,0,4,-0.00193,0.0,1.495,1578,0,0,0,0,0,0,0,0,0,0,0,0,0,0,0,0,0,0,0,0,0
3608576,1762,0,9,0,1,0,8,-0.00153,0.0,1.5067,1665,0,0,0,0,0,0,0,0,0,0,0,0,0,0,0,0,0,0,0,0,0
3610624,1763,0,3,0,1,0,2,-0.00105,0.0,1.5201,1673,0,0,0,0,0,0,0,0,0,0,0,0,0,0,0,0,0,0,0,0,0
3612672,1764,0,2,0,0,0,2,0.00048,0.0,1.5314,1656,0,0,0,0,0,0,0,0,0,0,0,0,0,0,0,0,0,0,0,0,0
3614720,1765,0,5,0,0,0,5,0.00046,0.0,1.5259,1566,0,0,0,0,0,0,0,0,0,0,0,0,0,0,0,0,0,0,0,0,0
3616768,1766,0,6,0,0,0,6,-0.0005,0.0,1.5201,1619,0,0,0,0,0,0,0,0,0,0,0,0,0,0,0,0,0,0,0,0,0
3618816,1767,0,4,0,1,0,3,-0.00277,0.0,1.4985,1721,0,0,0,0,0,0,0,0,0,0,0,0,0,0,0,0,0,0,0,0,0
3620864,1768,0,3,0,0,0,3,-0.00016,0.0,1.501,1774,0,0,0,0,0,0,0,0,0,0,0,0,0,0,0,0,0,0,0,0,0
3622912,1769,0,7,0,1,0,6,-0.00131,0.0,1.5109,1694,0,0,0,0,0,0,0,0,0,0,0,0,0,0,0,0,0,0,0,0,0
3624960,1770,0,3,0,1,0,2,-0.00045,0.0,1.5245,1834,0,0,0,0,0,0,0,0,0,0,0,0,0,0,0,0,0,0,0,0,0
3627008,1771,0,6,0,2,0,4,-0.00163,0.0,1.5562,1857,0,0,0,0,0,0,0,0,0,0,0,0,0,0,0,0,0,0,0,0,0
3629056,1772,0,4,0,1,0,3,-0.00188,0.0,1.5751,1780,0,0,0,0,0,0,0,0,0,0,0,0,0,0,0,0,0,0,0,0,0
3631104,1773,0,7,0,0,0,7,-0.00306,0.0,1.57,1617,0,0,0,0,0,0,0,0,0,0,0,0,0,0,0,0,0,0,0,0,0
3633152,1774,0,1,0,0,0,1,-0.00561,1e-05,1.5189,1727,0,0,0,0,0,0,0,0,0,0,0,0,0,0,0,0,0,0,0,0,0
3635200,1775,0,8,0,1,0,7,-0.0053,0.0,1.4711,1654,0,0,0,0,0,0,0,0,0,0,0,0,0,0,0,0,0,0,0,0,0
3637248,1776,0,3,0,0,0,3,-0.0014,0.0,1.4967,1764,0,0,0,0,0,0,0,0,0,0,0,0,0,0,0,0,0,0,0,0,0
3639296,1777,0,5,0,0,0,5,-0.00163,0.0,1.5132,1791,0,0,0,0,0,0,0,0,0,0,0,0,0,0,0,0,0,0,0,0,0
3641344,1778,0,2,0,1,0,1,-0.00331,0.0,1.514,1774,0,0,0,0,0,0,0,0,0,0,0,0,0,0,0,0,0,0,0,0,0
3643392,1779,0,7,0,1,0,6,-0.00237,0.0,1.482,1663,0,0,0,0,0,0,0,0,0,0,0,0,0,0,0,0,0,0,0,0,0
3645440,1780,0,6,0,2,0,4,-2e-05,0.0,1.5034,1659,0,0,0,0,0,0,0,0,0,0,0,0,0,0,0,0,0,0,0,0,0
3647488,1781,0,6,0,0,0,6,-0.00282,0.0,1.5261,1652,0,0,0,0,0,0,0,0,0,0,0,0,0,0,0,0,0,0,0,0,0
3649536,1782,0,1,0,0,0,1,-0.00412,0.0,1.5046,1650,0,0,0,0,0,0,0,0,0,0,0,0,0,0,0,0,0,0,0,0,0
3651584,1783,0,5,0,0,0,5,-0.00166,0.0,1.4898,1659,0,0,0,0,0,0,0,0,0,0,0,0,0,0,0,0,0,0,0,0,0
3653632,1784,0,4,0,0,0,4,-0.00224,0.0,1.4742,1676,0,0,0,0,0,0,0,0,0,0,0,0,0,0,0,0,0,0,0,0,0
3655680,1785,0,6,0,0,0,6,-0.00282,0.0,1.4764,1709,0,0,0,0,0,0,0,0,0,0,0,0,0,0,0,0,0,0,0,0,0
3657728,1786,0,2,0,0,0,2,-0.00213,0.0,1.4809,1631,0,0,0,0,0,0,0,0,0,0,0,0,0,0,0,0,0,0,0,0,0
3659776,1787,0,5,0,0,0,5,-0.00095,0.0,1.4536,1729,0,0,0,0,0,0,0,0,0,0,0,0,0,0,0,0,0,0,0,0,0
3661824,1788,0,4,0,0,0,4,-0.00109,1e-05,1.3667,1655,0,0,0,0,0,0,0,0,0,0,0,0,0,0,0,0,0,0,0,0,0
3663872,1789,0,6,0,1,0,5,0.00131,0.0,1.3547,1584,0,0,0,0,0,0,0,0,0,0,0,0,0,0,0,0,0,0,0,0,0
3665920,1790,0,2,0,0,0,2,0.0002,0.0,1.371,1677,0,0,0,0,0,0,0,0,0,0,0,0,0,0,0,0,0,0,0,0,0
3667968,1791,0,6,0,1,0,5,0.00461,0.0,1.347,1744,0,0,0,0,0,0,0,0,0,0,0,0,0,0,0,0,0,0,0,0,0
3670016,1792,0,5,0,0,0,5,0.00176,1e-05,1.3482,1832,0,0,0,0,0,0,0,0,0,0,0,0,0,0,0,0,0,0,0,0,0
3672064,1793,0,5,0,1,0,4,-0.00165,0.0,1.279,1798,0,0,0,0,0,0,0,0,0,0,0,0,0,0,0,0,0,0,0,0,0
3674112,1794,0,3,0,1,0,2,-0.00035,0.0,1.2527,1812,0,0,0,0,0,0,0,0,0,0,0,0,0,0,0,0,0,0,0,0,0
3676160,1795,0,7,0,1,0,6,0.00128,0.0,1.253,1746,0,0,0,0,0,0,0,0,0,0,0,0,0,0,0,0,0,0,0,0,0
3678208,1796,0,6,0,1,0,5,-0.00132,0.0,1.2639,1749,0,0,0,0,0,0,0,0,0,0,0,0,0,0,0,0,0,0,0,0,0
3680256,1797,0,3,0,0,0,3,-0.00486,0.0,1.2802,1674,0,0,0,0,0,0,0,0,0,0,0,0,0,0,0,0,0,0,0,0,0
3682304,1798,0,3,0,0,0,3,0.00488,0.0,1.3493,1694,0,0,0,0,0,0,0,0,0,0,0,0,0,0,0,0,0,0,0,0,0
3684352,1799,0,5,0,0,0,5,-0.00108,0.0,1.3296,1780,0,0,0,0,0,0,0,0,0,0,0,0,0,0,0,0,0,0,0,0,0
3686400,1800,0,8,0,0,0,8,0.00434,0.0,1.287,1681,0,0,0,0,0,0,0,0,0,0,0,0,0,0,0,0,0,0,0,0,0
3688448,1801,0,0,0,0,0,0,-0.00174,0.0,1.3272,1705,0,0,0,0,0,0,0,0,0,0,0,0,0,0,0,0,0,0,0,0,0
3690496,1802,0,5,0,1,0,4,0.00105,0.0,1.2687,1734,0,0,0,0,0,0,0,0,0,0,0,0,0,0,0,0,0,0,0,0,0
3692544,1803,0,6,0,0,0,6,-0.00026,0.0,1.2423,1713,0,0,0,0,0,0,0,0,0,0,0,0,0,0,0,0,0,0,0,0,0
3694592,1804,0,7,0,1,0,6,-0.00196,0.0,1.2632,1562,0,0,0,0,0,0,0,0,0,0,0,0,0,0,0,0,0,0,0,0,0
3696640,1805,0,1,0,0,0,1,-0.00059,0.0,1.2735,1713,0,0,0,0,0,0,0,0,0,0,0,0,0,0,0,0,0,0,0,0,0
3698688,1806,0,5,0,1,0,4,-0.00037,0.0,1.2795,1560,0,0,0,0,0,0,0,0,0,0,0,0,0,0,0,0,0,0,0,0,0
3700736,1807,0,5,0,0,0,5,-0.00088,0.0,1.2041,1537,0,0,0,0,0,0,0,0,0,0,0,0,0,0,0,0,0,0,0,0,0
3702784,1808,0,6,0,0,0,6,-0.00165,0.0,1.2155,1535,0,0,0,0,0,0,0,0,0,0,0,0,0,0,0,0,0,0,0,0,0
3704832,1809,0,1,0,0,0,1,-0.00083,0.0,1.2072,1552,0,0,0,0,0,0,0,0,0,0,0,0,0,0,0,0,0,0,0,0,0
3706880,1810,0,5,0,0,0,5,-0.00344,0.0,1.2407,1564,0,0,0,0,0,0,0,0,0,0,0,0,0,0,0,0,0,0,0,0,0
3708928,1811,0,6,0,1,0,5,-0.00247,0.0,1.2442,1558,0,0,0,0,0,0,0,0,0,0,0,0,0,0,0,0,0,0,0,0,0
3710976,1812,0,5,0,0,0,5,-0.00286,0.0,1.2926,1641,0,0,0,0,0,0,0,0,0,0,0,0,0,0,0,0,0,0,0,0,0
3713024,1813,0,2,0,0,0,2,-0.00409,0.0,1.2796,1519,0,0,0,0,0,0,0,0,0,0,0,0,0,0,0,0,0,0,0,0,0
3715072,1814,0,4,0,0,0,4,-0.00263,0.0,1.316,1661,0,0,0,0,0,0,0,0,0,0,0,0,0,0,0,0,0,0,0,0,0
3717120,1815,0,6,0,0,0,6,0.00013,0.0,1.3339,1639,0,0,0,0,0,0,0,0,0,0,0,0,0,0,0,0,0,0,0,0,0
3719168,1816,0,4,0,0,0,4,-0.00155,0.0,1.2871,1611,0,0,0,0,0,0,0,0,0,0,0,0,0,0,0,0,0,0,0,0,0
3721216,1817,0,2,0,0,0,2,-0.00086,0.0,1.2531,1625,0,0,0,0,0,0,0,0,0,0,0,0,0,0,0,0,0,0,0,0,0
3723264,1818,0,6,0,1,0,5,-0.00022,0.0,1.3532,1678,0,0,0,0,0,0,0,0,0,0,0,0,0,0,0,0,0,0,0,0,0
3725312,1819,0,6,0,0,0,6,-0.00023,0.0,1.4268,1568,0,0,0,0,0,0,0,0,0,0,0,0,0,0,0,0,0,0,0,0,0
3727360,1820,0,3,0,0,0,3,-0.00296,0.0,1.4822,1631,0,0,0,0,0,0,0,0,0,0,0,0,0,0,0,0,0,0,0,0,0
3729408,1821,0,3,0,0,0,3,0.00023,0.0,1.5022,1485,0,0,0,0,0,0,0,0,0,0,0,0,0,0,0,0,0,0,0,0,0
3731456,1822,0,5,0,0,0,5,-0.00221,0.0,1.5077,1586,0,0,0,0,0,0,0,0,0,0,0,0,0,0,0,0,0,0,0,0,0
3733504,1823,0,11,0,3,0,8,0.00022,0.0,1.5156,1581,0,0,0,0,0,0,0,0,0,0,0,0,0,0,0,0,0,0,0,0,0
3735552,1824,0,0,0,0,0,0,-0.00095,0.0,1.5091,1546,0,0,0,0,0,0,0,0,0,0,0,0,0,0,0,0,0,0,0,0,0
3737600,1825,0,4,0,0,0,4,-0.00019,0.0,1.505,1611,0,0,0,0,0,0,0,0,0,0,0,0,0,0,0,0,0,0,0,0,0
3739648,1826,0,6,0,1,0,5,-0.00065,0.0,1.5046,1570,0,0,0,0,0,0,0,0,0,0,0,0,0,0,0,0,0,0,0,0,0
3741696,1827,0,7,0,1,0,6,-0.0001,0.0,1.4811,1652,0,0,0,0,0,0,0,0,0,0,0,0,0,0,0,0,0,0,0,0,0
3743744,1828,0,1,0,0,0,1,-0.00121,0.0,1.4727,1635,0,0,0,0,0,0,0,0,0,0,0,0,0,0,0,0,0,0,0,0,0
3745792,1829,0,3,0,0,0,3,0.00083,0.0,1.4493,1486,0,0,0,0,0,0,0,0,0,0,0,0,0,0,0,0,0,0,0,0,0
3747840,1830,0,6,0,0,0,6,-0.0015,0.0,1.4647,1537,0,0,0,0,0,0,0,0,0,0,0,0,0,0,0,0,0,0,0,0,0
3749888,1831,0,7,0,1,0,6,-0.00395,0.0,1.4672,1565,0,0,0,0,0,0,0,0,0,0,0,0,0,0,0,0,0,0,0,0,0
3751936,1832,0,1,0,0,0,1,-0.00035,0.0,1.4809,1374,0,0,0,0,0,0,0,0,0,0,0,0,0,0,0,0,0,0,0,0,0
3753984,1833,0,4,0,1,0,3,5e-05,0.0,1.5257,1593,0,0,0,0,0,0,0,0,0,0,0,0,0,0,0,0,0,0,0,0,0
3756032,1834,0,8,0,1,0,7,-0.00054,0.0,1.5196,1557,0,0,0,0,0,0,0,0,0,0,0,0,0,0,0,0,0,0,0,0,0
3758080,1835,0,5,0,0,0,5,-0.00046,0.0,1.4957,1528,0,0,0,0,0,0,0,0,0,0,0,0,0,0,0,0,0,0,0,0,0
3760128,1836,0,2,0,0,0,2,-0.00274,0.0,1.4914,1395,0,0,0,0,0,0,0,0,0,0,0,0,0,0,0,0,0,0,0,0,0
3762176,1837,0,4,0,0,0,4,-0.00038,0.0,1.4978,1457,0,0,0,0,0,0,0,0,0,0,0,0,0,0,0,0,0,0,0,0,0
3764224,1838,0,7,1,0,0,6,-0.0006,0.00075,1.5203,1591,0,0,0,0,0,0,0,0,0,0,0,0,0,0,0,0,0,0,0,0,0
3766272,1839,0,6,0,2,0,4,0.00075,1e-05,1.5339,1457,0,0,0,0,0,0,0,0,0,0,0,0,0,0,0,0,0,0,0,0,0
3768320,1840,0,1,0,0,0,1,-0.00082,0.0,1.5317,1620,0,0,0,0,0,0,0,0,0,0,0,0,0,0,0,0,0,0,0,0,0
3770368,1841,0,6,0,1,0,5,-0.0019,0.0,1.5288,1607,0,0,0,0,0,0,0,0,0,0,0,0,0,0,0,0,0,0,0,0,0
3772416,1842,0,7,0,0,0,7,-0.0035,0.0,1.5364,1548,0,0,0,0,0,0,0,0,0,0,0,0,0,0,0,0,0,0,0,0,0
3774464,1843,0,4,0,1,0,3,-0.00054,0.0,1.5233,1445,0,0,0,0,0,0,0,0,0,0,0,0,0,0,0,0,0,0,0,0,0
3776512,1844,0,2,0,0,0,2,-0.00214,0.0,1.5092,1546,0,0,0,0,0,0,0,0,0,0,0,0,0,0,0,0,0,0,0,0,0
3778560,1845,0,9,0,3,0,6,-0.00043,0.0,1.5026,1584,0,0,0,0,0,0,0,0,0,0,0,0,0,0,0,0,0,0,0,0,0
3780608,1846,0,5,1,0,0,4,0.00012,0.00109,1.5083,1421,0,0,0,0,0,0,0,0,0,0,0,0,0,0,0,0,0,0,0,0,0
3782656,1847,0,2,0,0,0,2,-0.00435,0.0,1.4825,1479,0,0,0,0,0,0,0,0,0,0,0,0,0,0,0,0,0,0,0,0,0
3784704,1848,0,2,0,0,0,2,-0.0001,0.0,1.4305,1508,0,0,0,0,0,0,0,0,0,0,0,0,0,0,0,0,0,0,0,0,0
3786752,1849,0,8,0,0,0,8,-0.00303,0.0,1.4085,1457,0,0,0,0,0,0,0,0,0,0,0,0,0,0,0,0,0,0,0,0,0
3788800,1850,0,4,0,0,0,4,-0.00271,0.0,1.3872,1547,0,0,0,0,0,0,0,0,0,0,0,0,0,0,0,0,0,0,0,0,0
3790848,1851,0,2,0,0,0,2,-0.00468,0.0,1.3563,1472,0,0,0,0,0,0,0,0,0,0,0,0,0,0,0,0,0,0,0,0,0
3792896,1852,0,2,0,0,0,2,-0.00359,0.0,1.4196,1509,0,0,0,0,0,0,0,0,0,0,0,0,0,0,0,0,0,0,0,0,0
3794944,1853,0,9,0,1,0,8,-0.00096,0.0,1.4308,1526,0,0,0,0,0,0,0,0,0,0,0,0,0,0,0,0,0,0,0,0,0
3796992,1854,0,4,0,0,0,4,-0.00209,0.0,1.4426,1525,0,0,0,0,0,0,0,0,0,0,0,0,0,0,0,0,0,0,0,0,0
3799040,1855,0,2,0,0,0,2,-0.00042,0.0,1.4802,1607,0,0,0,0,0,0,0,0,0,0,0,0,0,0,0,0,0,0,0,0,0
3801088,1856,0,3,0,0,0,3,-0.00127,0.0,1.5065,1639,0,0,0,0,0,0,0,0,0,0,0,0,0,0,0,0,0,0,0,0,0
3803136,1857,0,10,0,2,0,8,-0.00182,0.0,1.5294,1554,0,0,0,0,0,0,0,0,0,0,0,0,0,0,0,0,0,0,0,0,0
3805184,1858,0,7,0,2,0,5,-0.0017,0.0,1.5262,1545,0,0,0,0,0,0,0,0,0,0,0,0,0,0,0,0,0,0,0,0,0
3807232,1859,0,1,0,0,0,1,-0.00162,0.0,1.4967,1457,0,0,0,0,0,0,0,0,0,0,0,0,0,0,0,0,0,0,0,0,0
3809280,1860,0,3,0,0,0,3,-0.00129,0.0,1.4651,1490,0,0,0,0,0,0,0,0,0,0,0,0,0,0,0,0,0,0,0,0,0
3811328,1861,0,8,0,1,0,7,-0.00215,0.0,1.4247,1447,0,0,0,0,0,0,0,0,0,0,0,0,0,0,0,0,0,0,0,0,0
3813376,1862,0,6,0,1,0,5,0.00021,0.0,1.419,1579,0,0,0,0,0,0,0,0,0,0,0,0,0,0,0,0,0,0,0,0,0
3815424,1863,0,1,0,0,0,1,-0.00022,0.0,1.4228,1510,0,0,0,0,0,0,0,0,0,0,0,0,0,0,0,0,0,0,0,0,0
3817472,1864,0,5,0,0,0,5,-0.00346,0.0,1.3934,1703,0,0,0,0,0,0,0,0,0,0,0,0,0,0,0,0,0,0,0,0,0
3819520,1865,0,6,0,0,0,6,-0.0002,0.0,1.3807,1615,0,0,0,0,0,0,0,0,0,0,0,0,0,0,0,0,0,0,0,0,0
3821568,1866,0,4,0,0,0,4,-0.00134,0.0,1.3844,1555,0,0,0,0,0,0,0,0,0,0,0,0,0,0,0,0,0,0,0,0,0
3823616,1867,0,2,0,0,0,2,-0.00537,0.0,1.4002,1521,0,0,0,0,0,0,0,0,0,0,0,0,0,0,0,0,0,0,0,0,0
3825664,1868,0,6,0,0,0,6,0.00046,0.0,1.3896,1496,0,0,0,0,0,0,0,0,0,0,0,0,0,0,0,0,0,0,0,0,0
3827712,1869,0,5,0,0,0,5,-0.00327,0.0,1.3951,1567,0,0,0,0,0,0,0,0,0,0,0,0,0,0,0,0,0,0,0,0,0
3829760,1870,0,3,0,0,0,3,-0.00032,0.0,1.3974,1649,0,0,0,0,0,0,0,0,0,0,0,0,0,0,0,0,0,0,0,0,0
3831808,1871,0,2,0,0,0,2,-0.00098,0.0,1.4194,1667,0,0,0,0,0,0,0,0,0,0,0,0,0,0,0,0,0,0,0,0,0
3833856,1872,0,7,0,1,0,6,-0.00329,0.0,1.4007,1478,0,0,0,0,0,0,0,0,0,0,0,0,0,0,0,0,0,0,0,0,0
3835904,1873,0,7,0,1,0,6,-0.00402,0.0,1.3871,1641,0,0,0,0,0,0,0,0,0,0,0,0,0,0,0,0,0,0,0,0,0
3837952,1874,0,5,0,3,0,2,0.0002,0.0,1.354,1548,0,0,0,0,0,0,0,0,0,0,0,0,0,0,0,0,0,0,0,0,0
3840000,1875,0,2,0,0,0,2,-0.00295,0.0,1.3556,1600,0,0,0,0,0,0,0,0,0,0,0,0,0,0,0,0,0,0,0,0,0
3842048,1876,0,8,0,2,0,6,-0.00194,0.0,1.4009,1616,0,0,0,0,0,0,0,0,0,0,0,0,0,0,0,0,0,0,0,0,0
3844096,1877,0,6,0,0,0,6,-0.00176,0.0,1.4177,1635,0,0,0,0,0,0,0,0,0,0,0,0,0,0,0,0,0,0,0,0,0
3846144,1878,0,4,0,1,0,3,-0.0014,0.0,1.4208,1674,0,0,0,0,0,0,0,0,0,0,0,0,0,0,0,0,0,0,0,0,0
3848192,1879,0,2,0,0,0,2,-0.00073,0.0,1.4147,1718,0,0,0,0,0,0,0,0,0,0,0,0,0,0,0,0,0,0,0,0,0
3850240,1880,0,6,0,0,0,6,-0.00105,0.0,1.4282,1608,0,0,0,0,0,0,0,0,0,0,0,0,0,0,0,0,0,0,0,0,0
3852288,1881,0,6,0,0,0,6,-0.00112,0.0,1.4345,1677,0,0,0,0,0,0,0,0,0,0,0,0,0,0,0,0,0,0,0,0,0
3854336,1882,0,2,0,0,0,2,-0.00232,0.0,1.3859,1509,0,0,0,0,0,0,0,0,0,0,0,0,0,0,0,0,0,0,0,0,0
3856384,1883,0,4,0,1,0,3,-0.00159,0.0,1.3514,1514,0,0,0,0,0,0,0,0,0,0,0,0,0,0,0,0,0,0,0,0,0
3858432,1884,0,6,0,1,0,5,-0.00106,0.0,1.3205,1488,0,0,0,0,0,0,0,0,0,0,0,0,0,0,0,0,0,0,0,0,0
3860480,1885,0,8,0,2,0,6,-0.00109,0.0,1.2805,1518,0,0,0,0,0,0,0,0,0,0,0,0,0,0,0,0,0,0,0,0,0
3862528,1886,0,2,0,0,0,2,-0.00038,0.0,1.2517,1450,0,0,0,0,0,0,0,0,0,0,0,0,0,0,0,0,0,0,0,0,0
3864576,1887,0,5,0,1,0,4,-0.00024,0.0,1.2496,1534,0,0,0,0,0,0,0,0,0,0,0,0,0,0,0,0,0,0,0,0,0
3866624,1888,0,6,0,0,0,6,-0.00131,0.0,1.2554,1652,0,0,0,0,0,0,0,0,0,0,0,0,0,0,0,0,0,0,0,0,0
3868672,1889,0,4,0,0,0,4,-0.0017,0.0,1.2621,1629,0,0,0,0,0,0,0,0,0,0,0,0,0,0,0,0,0,0,0,0,0
3870720,1890,0,3,0,0,0,3,-0.00123,0.0,1.2591,1739,0,0,0,0,0,0,0,0,0,0,0,0,0,0,0,0,0,0,0,0,0
3872768,1891,0,6,0,1,0,5,-0.00199,0.0,1.2588,1604,0,0,0,0,0,0,0,0,0,0,0,0,0,0,0,0,0,0,0,0,0
3874816,1892,0,6,0,1,0,5,-0.00189,0.0,1.2974,1645,0,0,0,0,0,0,0,0,0,0,0,0,0,0,0,0,0,0,0,0,0
3876864,1893,0,3,0,0,0,3,-0.00244,0.0,1.3138,1707,0,0,0,0,0,0,0,0,0,0,0,0,0,0,0,0,0,0,0,0,0
3878912,1894,0,5,0,2,0,3,-0.00014,0.0,1.3659,1663,0,0,0,0,0,0,0,0,0,0,0,0,0,0,0,0,0,0,0,0,0
3880960,1895,0,6,0,1,0,5,-0.00074,0.0,1.3826,1728,0,0,0,0,0,0,0,0,0,0,0,0,0,0,0,0,0,0,0,0,0
3883008,1896,0,6,0,0,0,6,-0.00079,0.0,1.4279,1767,0,0,0,0,0,0,0,0,0,0,0,0,0,0,0,0,0,0,0,0,0
3885056,1897,0,2,0,0,0,2,-0.00203,0.0,1.4851,1781,0,0,0,0,0,0,0,0,0,0,0,0,0,0,0,0,0,0,0,0,0
3887104,1898,0,3,0,0,0,3,-0.00208,0.0,1.5206,1600,0,0,0,0,0,0,0,0,0,0,0,0,0,0,0,0,0,0,0,0,0
3889152,1899,0,7,0,2,0,5,-0.00202,0.0,1.5241,1614,0,0,0,0,0,0,0,0,0,0,0,0,0,0,0,0,0,0,0,0,0
3891200,1900,0,8,0,1,1,6,0.00033,0.0,1.4739,1517,0,0,0,0,0,0,0,0,0,0,0,0,0,0,0,0,0,0,0,0,0
3893248,1901,0,2,0,0,0,2,-0.00152,0.0,1.4359,1625,0,0,0,0,0,0,0,0,0,0,0,0,0,0,0,0,0,0,0,0,0
3895296,1902,0,2,0,0,0,2,-0.00208,0.0,1.3891,1604,0,0,0,0,0,0,0,0,0,0,0,0,0,0,0,0,0,0,0,0,0
3897344,1903,0,7,0,1,0,6,-0.00189,0.0,1.3592,1619,0,0,0,0,0,0,0,0,0,0,0,0,0,0,0,0,0,0,0,0,0
3899392,1904,0,7,0,1,0,6,0.00026,0.0,1.38,1566,0,0,0,0,0,0,0,0,0,0,0,0,0,0,0,0,0,0,0,0,0
3901440,1905,0,3,0,0,0,3,0.00059,0.0,1.392,1550,0,0,0,0,0,0,0,0,0,0,0,0,0,0,0,0,0,0,0,0,0
3903488,1906,0,4,0,1,0,3,-0.00135,0.0,1.3813,1569,0,0,0,0,0,0,0,0,0,0,0,0,0,0,0,0,0,0,0,0,0
3905536,1907,0,5,0,0,0,5,-0.00312,0.0,1.3805,1649,0,0,0,0,0,0,0,0,0,0,0,0,0,0,0,0,0,0,0,0,0
3907584,1908,0,6,0,0,0,6,-0.0013,0.0,1.3796,1543,0,0,0,0,0,0,0,0,0,0,0,0,0,0,0,0,0,0,0,0,0
3909632,1909,0,4,0,1,0,3,0.00213,0.0,1.3905,1631,0,0,0,0,0,0,0,0,0,0,0,0,0,0,0,0,0,0,0,0,0
3911680,1910,0,5,0,1,0,4,-0.00217,0.0,1.3809,1662,0,0,0,0,0,0,0,0,0,0,0,0,0,0,0,0,0,0,0,0,0
3913728,1911,0,4,0,0,0,4,-0.002,0.0,1.3394,1711,0,0,0,0,0,0,0,0,0,0,0,0,0,0,0,0,0,0,0,0,0
3915776,1912,0,3,0,0,0,3,-0.00172,0.0,1.3362,1690,0,0,0,0,0,0,0,0,0,0,0,0,0,0,0,0,0,0,0,0,0
3917824,1913,0,4,0,0,0,4,-0.00053,0.0,1.3643,1668,0,0,0,0,0,0,0,0,0,0,0,0,0,0,0,0,0,0,0,0,0
3919872,1914,0,5,0,0,0,5,-0.00452,0.0,1.3439,1639,0,0,0,0,0,0,0,0,0,0,0,0,0,0,0,0,0,0,0,0,0
3921920,1915,0,5,0,0,0,5,-0.0023,0.0,1.3787,1594,0,0,0,0,0,0,0,0,0,0,0,0,0,0,0,0,0,0,0,0,0
3923968,1916,0,3,0,1,0,2,-0.00017,0.0,1.4265,1600,0,0,0,0,0,0,0,0,0,0,0,0,0,0,0,0,0,0,0,0,0
3926016,1917,0,4,0,0,0,4,-0.00229,0.0,1.4447,1601,0,0,0,0,0,0,0,0,0,0,0,0,0,0,0,0,0,0,0,0,0
3928064,1918,0,5,0,0,0,5,0.00666,0.0,1.5103,1600,0,0,0,0,0,0,0,0,0,0,0,0,0,0,0,0,0,0,0,0,0
3930112,1919,0,6,0,0,0,6,-0.00253,0.0,1.4755,1620,0,0,0,0,0,0,0,0,0,0,0,0,0,0,0,0,0,0,0,0,0
3932160,1920,0,1,0,0,0,1,-0.00568,0.0,1.4339,1544,0,0,0,0,0,0,0,0,0,0,0,0,0,0,0,0,0,0,0,0,0
3934208,1921,0,6,0,2,0,4,-0.0017,0.0,1.3656,1617,0,0,0,0,0,0,0,0,0,0,0,0,0,0,0,0,0,0,0,0,0
3936256,1922,0,6,0,0,0,6,-0.00401,0.0,1.3503,1572,0,0,0,0,0,0,0,0,0,0,0,0,0,0,0,0,0,0,0,0,0
3938304,1923,0,7,0,1,0,6,-0.00095,0.0,1.319,1581,0,0,0,0,0,0,0,0,0,0,0,0,0,0,0,0,0,0,0,0,0
3940352,1924,0,1,0,0,0,1,0.00022,0.0,1.3772,1612,0,0,0,0,0,0,0,0,0,0,0,0,0,0,0,0,0,0,0,0,0
3942400,1925,0,5,0,0,0,5,-0.00158,0.0,1.3697,1481,0,0,0,0,0,0,0,0,0,0,0,0,0,0,0,0,0,0,0,0,0
3944448,1926,0,5,0,0,0,5,-0.00143,0.0,1.388,1590,0,0,0,0,0,0,0,0,0,0,0,0,0,0,0,0,0,0,0,0,0
3946496,1927,0,5,0,0,0,5,-0.00052,0.0,1.3876,1548,0,0,0,0,0,0,0,0,0,0,0,0,0,0,0,0,0,0,0,0,0
3948544,1928,0,3,0,0,0,3,-0.00465,0.0,1.3975,1559,0,0,0,0,0,0,0,0,0,0,0,0,0,0,0,0,0,0,0,0,0
3950592,1929,0,5,0,1,0,4,0.00405,0.0,1.3841,1557,0,0,0,0,0,0,0,0,0,0,0,0,0,0,0,0,0,0,0,0,0
3952640,1930,0,4,0,0,0,4,-0.00106,0.0,1.3781,1376,0,0,0,0,0,0,0,0,0,0,0,0,0,0,0,0,0,0,0,0,0
3954688,1931,0,6,0,1,0,5,-0.00231,0.0,1.3294,1466,0,0,0,0,0,0,0,0,0,0,0,0,0,0,0,0,0,0,0,0,0
3956736,1932,0,5,0,1,0,4,0.00029,0.0,1.3421,1584,0,0,0,0,0,0,0,0,0,0,0,0,0,0,0,0,0,0,0,0,0
3958784,1933,0,5,0,0,0,5,-0.00151,0.0,1.3579,1603,0,0,0,0,0,0,0,0,0,0,0,0,0,0,0,0,0,0,0,0,0
3960832,1934,0,6,0,1,0,5,-0.00412,0.0,1.3716,1605,0,0,0,0,0,0,0,0,0,0,0,0,0,0,0,0,0,0,0,0,0
3962880,1935,0,2,0,0,0,2,-0.00049,0.0,1.382,1618,0,0,0,0,0,0,0,0,0,0,0,0,0,0,0,0,0,0,0,0,0
3964928,1936,0,4,0,0,0,4,0.00724,0.0,1.3734,1522,0,0,0,0,0,0,0,0,0,0,0,0,0,0,0,0,0,0,0,0,0
3966976,1937,0,6,0,1,0,5,-0.00347,0.0,1.4007,1592,0,0,0,0,0,0,0,0,0,0,0,0,0,0,0,0,0,0,0,0,0
3969024,1938,0,5,0,0,0,5,-0.00212,0.0,1.4208,1362,0,0,0,0,0,0,0,0,0,0,0,0,0,0,0,0,0,0,0,0,0
3971072,1939,0,2,0,0,0,2,-0.00551,0.0,1.4678,1477,0,0,0,0,0,0,0,0,0,0,0,0,0,0,0,0,0,0,0,0,0
3973120,1940,0,4,0,0,0,4,0.00013,0.0,1.4723,1657,0,0,0,0,0,0,0,0,0,0,0,0,0,0,0,0,0,0,0,0,0
3975168,1941,0,5,0,0,0,5,0.00065,0.0,1.4376,1628,0,0,0,0,0,0,0,0,0,0,0,0,0,0,0,0,0,0,0,0,0
3977216,1942,0,6,0,0,0,6,-0.00284,0.0,1.4548,1488,0,0,0,0,0,0,0,0,0,0,0,0,0,0,0,0,0,0,0,0,0
3979264,1943,0,1,0,0,0,1,-0.00192,0.0,1.4577,1559,0,0,0,0,0,0,0,0,0,0,0,0,0,0,0,0,0,0,0,0,0
3981312,1944,0,4,0,0,0,4,-0.00121,0.0,1.4335,1634,0,0,0,0,0,0,0,0,0,0,0,0,0,0,0,0,0,0,0,0,0
3983360,1945,0,7,0,1,0,6,-0.00143,0.0,1.4558,1651,0,0,0,0,0,0,0,0,0,0,0,0,0,0,0,0,0,0,0,0,0
3985408,1946,0,5,0,0,0,5,0.00435,0.0,1.4712,1525,0,0,0,0,0,0,0,0,0,0,0,0,0,0,0,0,0,0,0,0,0
3987456,1947,0,2,0,1,0,1,-0.00253,0.0,1.459,1614,0,0,0,0,0,0,0,0,0,0,0,0,0,0,0,0,0,0,0,0,0
3989504,1948,0,6,0,1,0,5,-0.00057,0.0,1.4448,1662,0,0,0,0,0,0,0,0,0,0,0,0,0,0,0,0,0,0,0,0,0
3991552,1949,0,7,0,2,0,5,-0.00383,0.0,1.4337,1629,0,0,0,0,0,0,0,0,0,0,0,0,0,0,0,0,0,0,0,0,0
3993600,1950,0,5,0,0,0,5,-0.00247,0.0,1.4217,1570,0,0,0,0,0,0,0,0,0,0,0,0,0,0,0,0,0,0,0,0,0
3995648,1951,0,3,0,0,0,3,-0.00442,0.0,1.4087,1441,0,0,0,0,0,0,0,0,0,0,0,0,0,0,0,0,0,0,0,0,0
3997696,1952,0,5,0,1,0,4,-0.00086,1e-05,1.3822,1489,0,0,0,0,0,0,0,0,0,0,0,0,0,0,0,0,0,0,0,0,0
3999744,1953,0,5,0,1,0,4,-0.00102,1e-05,1.3516,1451,0,0,0,0,0,0,0,0,0,0,0,0,0,0,0,0,0,0,0,0,0
4001792,1954,0,5,0,0,0,5,-0.00449,2e-05,1.2935,1513,0,0,0,0,0,0,0,0,0,0,0,0,0,0,0,0,0,0,0,0,0
4003840,1955,0,3,0,0,0,3,-0.00431,1e-05,1.295,1559,0,0,0,0,0,0,0,0,0,0,0,0,0,0,0,0,0,0,0,0,0
4005888,1956,0,5,0,0,0,5,-0.00173,1e-05,1.3575,1636,0,0,0,0,0,0,0,0,0,0,0,0,0,0,0,0,0,0,0,0,0
4007936,1957,0,5,0,0,0,5,0.00057,2e-05,1.3788,1712,0,0,0,0,0,0,0,0,0,0,0,0,0,0,0,0,0,0,0,0,0
4009984,1958,0,3,0,0,0,3,0.00299,1e-05,1.4089,1486,0,0,0,0,0,0,0,0,0,0,0,0,0,0,0,0,0,0,0,0,0
4012032,1959,0,5,0,1,0,4,0.00243,3e-05,1.4153,1545,0,0,0,0,0,0,0,0,0,0,0,0,0,0,0,0,0,0,0,0,0
4014080,1960,0,5,0,0,0,5,-0.00014,1e-05,1.4852,1624,0,0,0,0,0,0,0,0,0,0,0,0,0,0,0,0,0,0,0,0,0
4016128,1961,0,4,0,0,0,4,0.00132,1e-05,1.4895,1658,0,0,0,0,0,0,0,0,0,0,0,0,0,0,0,0,0,0,0,0,0
4018176,1962,0,3,0,1,0,2,0.00635,0.0,1.5064,1606,0,0,0,0,0,0,0,0,0,0,0,0,0,0,0,0,0,0,0,0,0
4020224,1963,0,4,0,0,0,4,0.00231,1e-05,1.5022,1634,0,0,0,0,0,0,0,0,0,0,0,0,0,0,0,0,0,0,0,0,0
4022272,1964,0,8,0,3,0,5,-0.00225,1e-05,1.4674,1591,0,0,0,0,0,0,0,0,0,0,0,0,0,0,0,0,0,0,0,0,0
4024320,1965,0,8,0,2,0,6,-0.00198,1e-05,1.4458,1712,0,0,0,0,0,0,0,0,0,0,0,0,0,0,0,0,0,0,0,0,0
4026368,1966,0,0,0,0,0,0,-0.00188,0.0,1.4547,1486,0,0,0,0,0,0,0,0,0,0,0,0,0,0,0,0,0,0,0,0,0
4028416,1967,0,4,0,0,0,4,-0.0015,1e-05,1.4246,1465,0,0,0,0,0,0,0,0,0,0,0,0,0,0,0,0,0,0,0,0,0
4030464,1968,0,7,0,0,0,7,-0.00151,1e-05,1.4389,1458,0,0,0,0,0,0,0,0,0,0,0,0,0,0,0,0,0,0,0,0,0
4032512,1969,0,6,0,1,0,5,-3e-05,0.0,1.4154,1610,0,0,0,0,0,0,0,0,0,0,0,0,0,0,0,0,0,0,0,0,0
4034560,1970,0,1,0,0,0,1,-0.00324,0.0,1.4075,1487,0,0,0,0,0,0,0,0,0,0,0,0,0,0,0,0,0,0,0,0,0
4036608,1971,0,4,0,0,0,4,-0.00039,0.0,1.4196,1522,0,0,0,0,0,0,0,0,0,0,0,0,0,0,0,0,0,0,0,0,0
4038656,1972,0,7,0,0,0,7,-0.00135,0.0,1.4528,1565,0,0,0,0,0,0,0,0,0,0,0,0,0,0,0,0,0,0,0,0,0
4040704,1973,0,4,0,0,0,4,-0.00116,1e-05,1.4657,1571,0,0,0,0,0,0,0,0,0,0,0,0,0,0,0,0,0,0,0,0,0
4042752,1974,0,4,0,1,0,3,-0.00369,1e-05,1.4611,1571,0,0,0,0,0,0,0,0,0,0,0,0,0,0,0,0,0,0,0,0,0
4044800,1975,0,3,0,0,0,3,-0.00042,0.0,1.397,1524,0,0,0,0,0,0,0,0,0,0,0,0,0,0,0,0,0,0,0,0,0
4046848,1976,0,5,0,0,0,5,-0.00114,0.0,1.3765,1624,0,0,0,0,0,0,0,0,0,0,0,0,0,0,0,0,0,0,0,0,0
4048896,1977,0,5,0,0,0,5,0.00023,0.0,1.3519,1576,0,0,0,0,0,0,0,0,0,0,0,0,0,0,0,0,0,0,0,0,0
4050944,1978,0,3,0,0,0,3,0.00032,0.0,1.3714,1619,0,0,0,0,0,0,0,0,0,0,0,0,0,0,0,0,0,0,0,0,0
4052992,1979,0,5,0,0,0,5,0.00494,0.0,1.3079,1696,0,0,0,0,0,0,0,0,0,0,0,0,0,0,0,0,0,0,0,0,0
4055040,1980,0,5,0,0,0,5,-0.00197,0.0,1.2586,1704,0,0,0,0,0,0,0,0,0,0,0,0,0,0,0,0,0,0,0,0,0
4057088,1981,0,3,0,0,0,3,-0.00057,0.0,1.1666,1718,0,0,0,0,0,0,0,0,0,0,0,0,0,0,0,0,0,0,0,0,0
4059136,1982,0,3,0,0,0,3,-0.00189,0.0,1.169,1637,0,0,0,0,0,0,0,0,0,0,0,0,0,0,0,0,0,0,0,0,0
4061184,1983,0,7,0,1,0,6,-0.00029,0.0,1.1996,1664,0,0,0,0,0,0,0,0,0,0,0,0,0,0,0,0,0,0,0,0,0
4063232,1984,0,4,0,0,0,4,-0.00023,0.0,1.2892,1584,0,0,0,0,0,0,0,0,0,0,0,0,0,0,0,0,0,0,0,0,0
4065280,1985,0,4,0,1,0,3,7e-05,0.0,1.2874,1645,0,0,0,0,0,0,0,0,0,0,0,0,0,0,0,0,0,0,0,0,0
4067328,1986,0,3,0,0,0,3,-0.00402,0.0,1.2934,1637,0,0,0,0,0,0,0,0,0,0,0,0,0,0,0,0,0,0,0,0,0
4069376,1987,0,7,0,1,0,6,-0.0035,0.0,1.2272,1738,0,0,0,0,0,0,0,0,0,0,0,0,0,0,0,0,0,0,0,0,0
4071424,1988,0,5,0,0,0,5,-0.0011,0.0,1.2528,1621,0,0,0,0,0,0,0,0,0,0,0,0,0,0,0,0,0,0,0,0,0
4073472,1989,0,2,0,0,0,2,0.00106,0.0,1.3037,1546,0,0,0,0,0,0,0,0,0,0,0,0,0,0,0,0,0,0,0,0,0
4075520,1990,0,5,0,1,0,4,-0.00095,0.0,1.2631,1729,0,0,0,0,0,0,0,0,0,0,0,0,0,0,0,0,0,0,0,0,0
4077568,1991,0,6,0,0,0,6,-0.00103,0.0,1.2738,1630,0,0,0,0,0,0,0,0,0,0,0,0,0,0,0,0,0,0,0,0,0
4079616,1992,0,5,0,0,0,5,-0.00509,0.0,1.3775,1661,0,0,0,0,0,0,0,0,0,0,0,0,0,0,0,0,0,0,0,0,0
4081664,1993,0,4,0,2,0,2,-0.00057,0.0,1.4227,1696,0,0,0,0,0,0,0,0,0,0,0,0,0,0,0,0,0,0,0,0,0
4083712,1994,0,3,0,0,0,3,-0.00071,0.0,1.4,1755,0,0,0,0,0,0,0,0,0,0,0,0,0,0,0,0,0,0,0,0,0
4085760,1995,0,7,0,1,0,6,2e-05,0.0,1.3899,1781,0,0,0,0,0,0,0,0,0,0,0,0,0,0,0,0,0,0,0,0,0
4087808,1996,0,5,0,1,0,4,-0.00233,0.0,1.3946,1822,0,0,0,0,0,0,0,0,0,0,0,0,0,0,0,0,0,0,0,0,0
4089856,1997,0,4,0,0,0,4,-0.00071,0.0,1.4127,1671,0,0,0,0,0,0,0,0,0,0,0,0,0,0,0,0,0,0,0,0,0
4091904,1998,0,3,0,0,0,3,-0.0021,0.0,1.4007,1600,0,0,0,0,0,0,0,0,0,0,0,0,0,0,0,0,0,0,0,0,0
4093952,1999,0,5,0,0,0,5,-0.00212,0.0,1.3793,1513,0,0,0,0,0,0,0,0,0,0,0,0,0,0,0,0,0,0,0,0,0
4096000,2000,0,7,0,1,0,6,0.00221,0.0,1.3521,1543,0,0,0,0,0,0,0,0,0,0,0,0,0,0,0,0,0,0,0,0,0
4098048,2001,0,2,0,0,0,2,-0.00019,0.0,1.3492,1598,0,0,0,0,0,0,0,0,0,0,0,0,0,0,0,0,0,0,0,0,0
4100096,2002,0,6,0,1,0,5,0.00043,0.0,1.3797,1660,0,0,0,0,0,0,0,0,0,0,0,0,0,0,0,0,0,0,0,0,0
4102144,2003,0,5,0,0,0,5,-0.00156,0.0,1.428,1705,0,0,0,0,0,0,0,0,0,0,0,0,0,0,0,0,0,0,0,0,0
4104192,2004,0,4,0,0,0,4,0.00132,0.0,1.4763,1775,0,0,0,0,0,0,0,0,0,0,0,0,0,0,0,0,0,0,0,0,0
4106240,2005,0,2,0,0,0,2,0.00062,0.0,1.4575,1680,0,0,0,0,0,0,0,0,0,0,0,0,0,0,0,0,0,0,0,0,0
4108288,2006,0,8,0,2,0,6,-0.00106,0.0,1.4534,1707,0,0,0,0,0,0,0,0,0,0,0,0,0,0,0,0,0,0,0,0,0
4110336,2007,0,5,0,0,0,5,-0.0015,0.0,1.4467,1632,0,0,0,0,0,0,0,0,0,0,0,0,0,0,0,0,0,0,0,0,0
4112384,2008,0,3,0,0,0,3,-0.00064,0.0,1.4591,1630,0,0,0,0,0,0,0,0,0,0,0,0,0,0,0,0,0,0,0,0,0
4114432,2009,0,2,0,0,0,2,-0.00222,0.0,1.4853,1583,0,0,0,0,0,0,0,0,0,0,0,0,0,0,0,0,0,0,0,0,0
4116480,2010,0,7,0,1,0,6,-0.00231,0.0,1.4902,1581,0,0,0,0,0,0,0,0,0,0,0,0,0,0,0,0,0,0,0,0,0
4118528,2011,0,6,0,0,0,6,-0.00203,0.0,1.4626,1505,0,0,0,0,0,0,0,0,0,0,0,0,0,0,0,0,0,0,0,0,0
4120576,2012,0,2,0,0,0,2,-0.00163,0.0,1.4318,1574,0,0,0,0,0,0,0,0,0,0,0,0,0,0,0,0,0,0,0,0,0
4122624,2013,0,4,0,0,0,4,-0.00135,0.0,1.4126,1574,0,0,0,0,0,0,0,0,0,0,0,0,0,0,0,0,0,0,0,0,0
4124672,2014,0,5,0,0,0,5,-0.00477,0.0,1.3996,1575,0,0,0,0,0,0,0,0,0,0,0,0,0,0,0,0,0,0,0,0,0
4126720,2015,0,5,0,0,0,5,-0.00121,0.0,1.4177,1522,0,0,0,0,0,0,0,0,0,0,0,0,0,0,0,0,0,0,0,0,0
4128768,2016,0,3,0,0,0,3,-0.00083,0.0,1.4451,1649,0,0,0,0,0,0,0,0,0,0,0,0,0,0,0,0,0,0,0,0,0
4130816,2017,0,4,0,0,0,4,0.00024,0.0,1.4652,1565,0,0,0,0,0,0,0,0,0,0,0,0,0,0,0,0,0,0,0,0,0
4132864,2018,0,5,0,0,0,5,-0.00046,0.0,1.4806,1641,0,0,0,0,0,0,0,0,0,0,0,0,0,0,0,0,0,0,0,0,0
4134912,2019,0,4,0,0,0,4,0.0014,0.0,1.4858,1530,0,0,0,0,0,0,0,0,0,0,0,0,0,0,0,0,0,0,0,0,0
4136960,2020,0,4,0,0,0,4,-0.00368,0.0,1.4858,1579,0,0,0,0,0,0,0,0,0,0,0,0,0,0,0,0,0,0,0,0,0
4139008,2021,0,3,0,0,0,3,-0.00146,0.0,1.5058,1615,0,0,0,0,0,0,0,0,0,0,0,0,0,0,0,0,0,0,0,0,0
4141056,2022,0,8,0,2,0,6,0.00128,0.0,1.5006,1585,0,0,0,0,0,0,0,0,0,0,0,0,0,0,0,0,0,0,0,0,0
4143104,2023,0,5,0,0,0,5,-0.00368,0.0,1.4835,1538,0,0,0,0,0,0,0,0,0,0,0,0,0,0,0,0,0,0,0,0,0
4145152,2024,0,3,0,1,0,2,-0.0028,0.0,1.4526,1622,0,0,0,0,0,0,0,0,0,0,0,0,0,0,0,0,0,0,0,0,0
4147200,2025,0,6,0,2,0,4,-0.00028,0.0,1.4231,1697,0,0,0,0,0,0,0,0,0,0,0,0,0,0,0,0,0,0,0,0,0
4149248,2026,0,5,0,0,0,5,-0.00025,0.0,1.4198,1641,0,0,0,0,0,0,0,0,0,0,0,0,0,0,0,0,0,0,0,0,0
4151296,2027,0,4,0,0,0,4,0.00024,0.0,1.4584,1626,0,0,0,0,0,0,0,0,0,0,0,0,0,0,0,0,0,0,0,0,0
4153344,2028,0,2,0,0,0,2,-0.00199,0.0,1.4679,1626,0,0,0,0,0,0,0,0,0,0,0,0,0,0,0,0,0,0,0,0,0
4155392,2029,0,6,0,0,0,6,-0.00042,0.0,1.4687,1535,0,0,0,0,0,0,0,0,0,0,0,0,0,0,0,0,0,0,0,0,0
4157440,2030,0,5,0,0,0,5,-0.00316,0.0,1.4471,1699,0,0,0,0,0,0,0,0,0,0,0,0,0,0,0,0,0,0,0,0,0
4159488,2031,0,4,0,1,0,3,-1e-05,0.0,1.3708,1705,0,0,0,0,0,0,0,0,0,0,0,0,0,0,0,0,0,0,0,0,0
4161536,2032,0,4,0,0,0,4,-0.00133,0.0,1.3786,1648,0,0,0,0,0,0,0,0,0,0,0,0,0,0,0,0,0,0,0,0,0
4163584,2033,0,4,0,0,0,4,0.00289,0.0,1.3985,1608,0,0,0,0,0,0,0,0,0,0,0,0,0,0,0,0,0,0,0,0,0
4165632,2034,0,6,0,0,0,6,0.00145,0.0,1.402,1574,0,0,0,0,0,0,0,0,0,0,0,0,0,0,0,0,0,0,0,0,0
4167680,2035,0,2,0,0,0,2,-0.00155,0.0,1.3753,1571,0,0,0,0,0,0,0,0,0,0,0,0,0,0,0,0,0,0,0,0,0
4169728,2036,0,4,0,0,0,4,-0.0031,0.0,1.376,1810,0,0,0,0,0,0,0,0,0,0,0,0,0,0,0,0,0,0,0,0,0
4171776,2037,0,5,0,0,0,5,-0.00274,0.0,1.4698,1878,0,0,0,0,0,0,0,0,0,0,0,0,0,0,0,0,0,0,0,0,0
4173824,2038,0,5,0,0,0,5,0.00111,0.0,1.5028,1884,0,0,0,0,0,0,0,0,0,0,0,0,0,0,0,0,0,0,0,0,0
4175872,2039,0,3,0,0,0,3,-0.00107,0.0,1.5113,1850,0,0,0,0,0,0,0,0,0,0,0,0,0,0,0,0,0,0,0,0,0
4177920,2040,0,4,0,0,0,4,0.00017,0.0,1.5494,1882,0,0,0,0,0,0,0,0,0,0,0,0,0,0,0,0,0,0,0,0,0
4179968,2041,0,6,0,1,0,5,-7e-05,0.0,1.5701,1925,0,0,0,0,0,0,0,0,0,0,0,0,0,0,0,0,0,0,0,0,0
4182016,2042,0,6,0,2,0,4,0.0003,0.0,1.5657,1796,0,0,0,0,0,0,0,0,0,0,0,0,0,0,0,0,0,0,0,0,0
4184064,2043,0,5,0,1,0,4,0.00016,0.0,1.5706,1837,0,0,0,0,0,0,0,0,0,0,0,0,0,0,0,0,0,0,0,0,0
4186112,2044,0,3,0,1,0,2,-0.00193,0.0,1.5795,1710,0,0,0,0,0,0,0,0,0,0,0,0,0,0,0,0,0,0,0,0,0
4188160,2045,0,8,0,2,0,6,2e-05,0.0,1.5842,1732,0,0,0,0,0,0,0,0,0,0,0,0,0,0,0,0,0,0,0,0,0
4190208,2046,0,5,0,1,0,4,-0.00023,0.0,1.6017,1685,0,0,0,0,0,0,0,0,0,0,0,0,0,0,0,0,0,0,0,0,0
4192256,2047,0,3,0,0,0,3,0.00124,0.0,1.6068,1528,0,0,0,0,0,0,0,0,0,0,0,0,0,0,0,0,0,0,0,0,0
4194304,2048,0,5,0,0,0,5,-0.00067,1e-05,1.6129,1566,0,0,0,0,0,0,0,0,0,0,0,0,0,0,0,0,0,0,0,0,0
4196352,2049,0,6,0,2,0,4,0.00063,0.0,1.5955,1650,0,0,0,0,0,0,0,0,0,0,0,0,0,0,0,0,0,0,0,0,0
4198400,2050,0,5,0,1,0,4,-0.0016,0.0,1.5977,1669,0,0,0,0,0,0,0,0,0,0,0,0,0,0,0,0,0,0,0,0,0
4200448,2051,0,4,0,0,0,4,-0.00157,1e-05,1.603,1731,0,0,0,0,0,0,0,0,0,0,0,0,0,0,0,0,0,0,0,0,0
4202496,2052,0,6,0,1,0,5,-0.00479,1e-05,1.5796,1642,0,0,0,0,0,0,0,0,0,0,0,0,0,0,0,0,0,0,0,0,0
4204544,2053,0,5,0,2,0,3,-0.00198,0.0,1.547,1624,0,0,0,0,0,0,0,0,0,0,0,0,0,0,0,0,0,0,0,0,0
4206592,2054,0,6,0,2,1,3,-0.00276,0.0,1.5108,1663,0,0,0,0,0,0,0,0,0,0,0,0,0,0,0,0,0,0,0,0,0
4208640,2055,0,5,0,2,0,3,-0.00169,0.0,1.4999,1582,0,0,0,0,0,0,0,0,0,0,0,0,0,0,0,0,0,0,0,0,0
4210688,2056,0,3,0,0,0,3,-0.00022,0.0,1.5352,1684,0,0,0,0,0,0,0,0,0,0,0,0,0,0,0,0,0,0,0,0,0
4212736,2057,0,3,0,0,0,3,-0.00051,0.0,1.5384,1533,0,0,0,0,0,0,0,0,0,0,0,0,0,0,0,0,0,0,0,0,0
4214784,2058,0,6,0,2,0,4,-0.00055,1e-05,1.5228,1518,0,0,0,0,0,0,0,0,0,0,0,0,0,0,0,0,0,0,0,0,0
4216832,2059,0,5,0,1,0,4,-0.00045,0.0,1.5371,1571,0,0,0,0,0,0,0,0,0,0,0,0,0,0,0,0,0,0,0,0,0
4218880,2060,0,6,0,0,1,5,0.00182,0.0,1.5551,1637,0,0,0,0,0,0,0,0,0,0,0,0,0,0,0,0,0,0,0,0,0
4220928,2061,0,1,0,0,0,1,-0.00115,0.0,1.56,1600,0,0,0,0,0,0,0,0,0,0,0,0,0,0,0,0,0,0,0,0,0
4222976,2062,0,8,0,1,0,7,-0.00158,0.0,1.5559,1701,0,0,0,0,0,0,0,0,0,0,0,0,0,0,0,0,0,0,0,0,0
4225024,2063,0,4,0,2,0,2,-0.00295,0.0,1.5617,1647,0,0,0,0,0,0,0,0,0,0,0,0,0,0,0,0,0,0,0,0,0
4227072,2064,0,6,0,1,0,5,-0.00169,0.0,1.5663,1589,0,0,0,0,0,0,0,0,0,0,0,0,0,0,0,0,0,0,0,0,0
4229120,2065,0,2,0,0,0,2,-0.00096,0.0,1.5369,1665,0,0,0,0,0,0,0,0,0,0,0,0,0,0,0,0,0,0,0,0,0
4231168,2066,0,6,0,1,0,5,-0.00139,0.0,1.5433,1673,0,0,0,0,0,0,0,0,0,0,0,0,0,0,0,0,0,0,0,0,0
4233216,2067,0,5,0,1,0,4,-0.00069,0.0,1.5676,1698,0,0,0,0,0,0,0,0,0,0,0,0,0,0,0,0,0,0,0,0,0
4235264,2068,0,5,0,0,0,5,-0.00225,0.0,1.5564,1695,0,0,0,0,0,0,0,0,0,0,0,0,0,0,0,0,0,0,0,0,0
4237312,2069,0,3,0,0,0,3,-0.00169,0.0,1.5468,1708,0,0,0,0,0,0,0,0,0,0,0,0,0,0,0,0,0,0,0,0,0
4239360,2070,0,6,0,1,0,5,-0.00032,0.0,1.5498,1723,0,0,0,0,0,0,0,0,0,0,0,0,0,0,0,0,0,0,0,0,0
4241408,2071,0,4,0,0,0,4,-0.00063,0.0,1.5539,1652,0,0,0,0,0,0,0,0,0,0,0,0,0,0,0,0,0,0,0,0,0
4243456,2072,0,4,0,0,0,4,-0.0032,0.0,1.5718,1684,0,0,0,0,0,0,0,0,0,0,0,0,0,0,0,0,0,0,0,0,0
4245504,2073,0,4,0,0,0,4,-0.00139,0.0,1.5688,1787,0,0,0,0,0,0,0,0,0,0,0,0,0,0,0,0,0,0,0,0,0
4247552,2074,0,5,0,0,1,4,-0.00049,0.0,1.5589,1619,0,0,0,0,0,0,0,0,0,0,0,0,0,0,0,0,0,0,0,0,0
4249600,2075,0,3,0,0,0,3,-0.00328,0.0,1.5522,1634,0,0,0,0,0,0,0,0,0,0,0,0,0,0,0,0,0,0,0,0,0
4251648,2076,0,4,0,0,0,4,0.00036,0.0,1.5796,1607,0,0,0,0,0,0,0,0,0,0,0,0,0,0,0,0,0,0,0,0,0
4253696,2077,0,6,0,0,0,6,-0.00316,0.0,1.5571,1633,0,0,0,0,0,0,0,0,0,0,0,0,0,0,0,0,0,0,0,0,0
4255744,2078,0,5,0,1,0,4,-0.00261,0.0,1.541,1764,0,0,0,0,0,0,0,0,0,0,0,0,0,0,0,0,0,0,0,0,0
4257792,2079,0,3,0,0,0,3,-0.00049,0.0,1.528,1739,0,0,0,0,0,0,0,0,0,0,0,0,0,0,0,0,0,0,0,0,0
4259840,2080,0,3,0,0,0,3,-0.00361,0.0,1.5296,1876,0,0,0,0,0,0,0,0,0,0,0,0,0,0,0,0,0,0,0,0,0
4261888,2081,0,7,0,1,0,6,-3e-05,0.0,1.5342,1829,0,0,0,0,0,0,0,0,0,0,0,0,0,0,0,0,0,0,0,0,0
4263936,2082,0,4,0,0,0,4,-0.00094,0.0,1.5274,1852,0,0,0,0,0,0,0,0,0,0,0,0,0,0,0,0,0,0,0,0,0
4265984,2083,0,6,0,1,0,5,-0.0013,0.0,1.5633,1754,0,0,0,0,0,0,0,0,0,0,0,0,0,0,0,0,0,0,0,0,0
4268032,2084,0,0,0,0,0,0,0.00043,0.0,1.5679,1840,0,0,0,0,0,0,0,0,0,0,0,0,0,0,0,0,0,0,0,0,0
4270080,2085,0,8,0,1,0,7,-8e-05,0.0,1.5862,1855,0,0,0,0,0,0,0,0,0,0,0,0,0,0,0,0,0,0,0,0,0
4272128,2086,0,4,0,1,0,3,-0.00152,0.0,1.5969,1698,0,0,0,0,0,0,0,0,0,0,0,0,0,0,0,0,0,0,0,0,0
4274176,2087,0,7,0,2,0,5,-6e-05,0.0,1.6099,1786,0,0,0,0,0,0,0,0,0,0,0,0,0,0,0,0,0,0,0,0,0
4276224,2088,0,2,1,0,0,1,-0.00011,0.0003,1.6145,1658,0,0,0,0,0,0,0,0,0,0,0,0,0,0,0,0,0,0,0,0,0
4278272,2089,0,6,0,0,0,6,0.0006,0.0,1.6107,1752,0,0,0,0,0,0,0,0,0,0,0,0,0,0,0,0,0,0,0,0,0
4280320,2090,0,5,0,1,0,4,-0.00129,0.0,1.5953,1757,0,0,0,0,0,0,0,0,0,0,0,0,0,0,0,0,0,0,0,0,0
4282368,2091,0,9,0,5,0,4,-0.00112,0.0,1.5881,1751,0,0,0,0,0,0,0,0,0,0,0,0,0,0,0,0,0,0,0,0,0
4284416,2092,0,5,1,2,0,2,-0.00037,0.00031,1.5866,1744,0,0,0,0,0,0,0,0,0,0,0,0,0,0,0,0,0,0,0,0,0
4286464,2093,0,4,0,0,0,4,-0.00409,0.0,1.5846,1787,0,0,0,0,0,0,0,0,0,0,0,0,0,0,0,0,0,0,0,0,0
4288512,2094,0,3,0,1,0,2,8e-05,0.0,1.5832,1690,0,0,0,0,0,0,0,0,0,0,0,0,0,0,0,0,0,0,0,0,0
4290560,2095,0,5,0,0,0,5,-0.00383,0.0,1.5836,1819,0,0,0,0,0,0,0,0,0,0,0,0,0,0,0,0,0,0,0,0,0
4292608,2096,0,6,0,0,0,6,-0.00057,0.0,1.5918,1858,0,0,0,0,0,0,0,0,0,0,0,0,0,0,0,0,0,0,0,0,0
4294656,2097,0,3,0,1,0,2,-0.00108,0.0,1.5995,1661,0,0,0,0,0,0,0,0,0,0,0,0,0,0,0,0,0,0,0,0,0
4296704,2098,0,3,0,1,0,2,-0.00092,0.0,1.5988,1681,0,0,0,0,0,0,0,0,0,0,0,0,0,0,0,0,0,0,0,0,0
4298752,2099,0,5,0,0,0,5,-0.0008,0.0,1.587,1616,0,0,0,0,0,0,0,0,0,0,0,0,0,0,0,0,0,0,0,0,0
4300800,2100,0,8,0,3,0,5,-0.0011,0.0,1.586,1834,0,0,0,0,0,0,0,0,0,0,0,0,0,0,0,0,0,0,0,0,0
4302848,2101,0,5,0,1,0,4,-0.00018,0.0,1.5892,1801,0,0,0,0,0,0,0,0,0,0,0,0,0,0,0,0,0,0,0,0,0
4304896,2102,0,1,0,0,0,1,-0.00291,0.0,1.5841,1850,0,0,0,0,0,0,0,0,0,0,0,0,0,0,0,0,0,0,0,0,0
4306944,2103,0,7,0,1,0,6,0.00432,0.0,1.5799,1845,0,0,0,0,0,0,0,0,0,0,0,0,0,0,0,0,0,0,0,0,0
4308992,2104,0,6,0,0,0,6,-0.00153,0.0,1.5895,1888,0,0,0,0,0,0,0,0,0,0,0,0,0,0,0,0,0,0,0,0,0
4311040,2105,0,4,0,1,0,3,-0.0006,1e-05,1.5992,1709,0,0,0,0,0,0,0,0,0,0,0,0,0,0,0,0,0,0,0,0,0
4313088,2106,0,2,0,0,0,2,-0.00249,0.0,1.5855,1923,0,0,0,0,0,0,0,0,0,0,0,0,0,0,0,0,0,0,0,0,0
4315136,2107,0,5,0,1,0,4,0.00019,0.0,1.5819,1741,0,0,0,0,0,0,0,0,0,0,0,0,0,0,0,0,0,0,0,0,0
4317184,2108,0,6,0,0,0,6,-0.00219,0.0,1.5851,1855,0,0,0,0,0,0,0,0,0,0,0,0,0,0,0,0,0,0,0,0,0
4319232,2109,0,5,0,1,0,4,-0.00332,0.0,1.5668,1896,0,0,0,0,0,0,0,0,0,0,0,0,0,0,0,0,0,0,0,0,0
4321280,2110,0,5,0,0,0,5,-0.00412,0.0,1.5548,1854,0,0,0,0,0,0,0,0,0,0,0,0,0,0,0,0,0,0,0,0,0
4323328,2111,0,4,0,1,0,3,0.0018,0.0,1.551,1677,0,0,0,0,0,0,0,0,0,0,0,0,0,0,0,0,0,0,0,0,0
4325376,2112,0,4,0,0,0,4,-0.00046,0.0,1.5327,1832,0,0,0,0,0,0,0,0,0,0,0,0,0,0,0,0,0,0,0,0,0
4327424,2113,0,3,0,0,0,3,-0.0003,0.0,1.52,1920,0,0,0,0,0,0,0,0,0,0,0,0,0,0,0,0,0,0,0,0,0
4329472,2114,0,6,0,1,0,5,-0.00112,0.0,1.5188,1889,0,0,0,0,0,0,0,0,0,0,0,0,0,0,0,0,0,0,0,0,0
4331520,2115,0,5,0,0,0,5,-0.00117,1e-05,1.5077,1884,0,0,0,0,0,0,0,0,0,0,0,0,0,0,0,0,0,0,0,0,0
4333568,2116,0,3,0,1,0,2,-0.0035,0.0,1.5403,1773,0,0,0,0,0,0,0,0,0,0,0,0,0,0,0,0,0,0,0,0,0
4335616,2117,0,3,0,0,0,3,-0.00092,0.0,1.5462,1767,0,0,0,0,0,0,0,0,0,0,0,0,0,0,0,0,0,0,0,0,0
4337664,2118,0,7,0,0,0,7,-0.00112,0.0,1.5244,1774,0,0,0,0,0,0,0,0,0,0,0,0,0,0,0,0,0,0,0,0,0
4339712,2119,0,4,0,0,0,4,-0.00373,0.0,1.511,1834,0,0,0,0,0,0,0,0,0,0,0,0,0,0,0,0,0,0,0,0,0
4341760,2120,0,2,0,0,0,2,-0.00078,0.0,1.5068,1787,0,0,0,0,0,0,0,0,0,0,0,0,0,0,0,0,0,0,0,0,0
4343808,2121,0,3,0,0,0,3,-0.00076,0.0,1.5267,1754,0,0,0,0,0,0,0,0,0,0,0,0,0,0,0,0,0,0,0,0,0
4345856,2122,0,8,0,1,0,7,-0.00139,0.0,1.5421,1772,0,0,0,0,0,0,0,0,0,0,0,0,0,0,0,0,0,0,0,0,0
4347904,2123,0,4,0,0,0,4,-0.00187,0.0,1.5458,1517,0,0,0,0,0,0,0,0,0,0,0,0,0,0,0,0,0,0,0,0,0
4349952,2124,0,3,0,0,0,3,-0.00122,1e-05,1.536,1645,0,0,0,0,0,0,0,0,0,0,0,0,0,0,0,0,0,0,0,0,0
4352000,2125,0,4,1,0,0,3,-0.00284,0.00074,1.5198,1689,0,0,0,0,0,0,0,0,0,0,0,0,0,0,0,0,0,0,0,0,0
4354048,2126,0,8,0,2,0,6,0.00532,3e-05,1.5041,1828,0,0,0,0,0,0,0,0,0,0,0,0,0,0,0,0,0,0,0,0,0
4356096,2127,0,5,0,1,0,4,-0.0047,1e-05,1.4704,1905,0,0,0,0,0,0,0,0,0,0,0,0,0,0,0,0,0,0,0,0,0
4358144,2128,0,5,0,1,0,4,-0.00163,1e-05,1.4451,1866,0,0,0,0,0,0,0,0,0,0,0,0,0,0,0,0,0,0,0,0,0
4360192,2129,0,3,0,0,0,3,-0.00204,0.0,1.4564,1936,0,0,0,0,0,0,0,0,0,0,0,0,0,0,0,0,0,0,0,0,0
4362240,2130,0,6,0,1,0,5,-0.00486,0.0,1.4756,1841,0,0,0,0,0,0,0,0,0,0,0,0,0,0,0,0,0,0,0,0,0
4364288,2131,0,4,0,0,0,4,0.0036,0.0,1.4195,1892,0,0,0,0,0,0,0,0,0,0,0,0,0,0,0,0,0,0,0,0,0
4366336,2132,0,6,0,1,0,5,-0.00011,1e-05,1.4165,1842,0,0,0,0,0,0,0,0,0,0,0,0,0,0,0,0,0,0,0,0,0
4368384,2133,0,5,0,0,0,5,-0.00313,1e-05,1.3867,1624,0,0,0,0,0,0,0,0,0,0,0,0,0,0,0,0,0,0,0,0,0
4370432,2134,0,3,0,0,0,3,0.00053,0.0,1.3936,1652,0,0,0,0,0,0,0,0,0,0,0,0,0,0,0,0,0,0,0,0,0
4372480,2135,0,3,0,0,0,3,-0.00295,0.0,1.378,1753,0,0,0,0,0,0,0,0,0,0,0,0,0,0,0,0,0,0,0,0,0
4374528,2136,0,5,0,0,0,5,-0.00251,0.0,1.3761,1701,0,0,0,0,0,0,0,0,0,0,0,0,0,0,0,0,0,0,0,0,0
4376576,2137,0,7,0,2,0,5,0.00269,1e-05,1.3789,1776,0,0,0,0,0,0,0,0,0,0,0,0,0,0,0,0,0,0,0,0,0
4378624,2138,0,5,0,1,0,4,-0.00137,0.0,1.3703,1821,0,0,0,0,0,0,0,0,0,0,0,0,0,0,0,0,0,0,0,0,0
4380672,2139,0,3,0,0,0,3,-0.00238,0.0,1.3725,1838,0,0,0,0,0,0,0,0,0,0,0,0,0,0,0,0,0,0,0,0,0
4382720,2140,0,4,0,0,0,4,-0.00139,0.0,1.2864,1821,0,0,0,0,0,0,0,0,0,0,0,0,0,0,0,0,0,0,0,0,0
4384768,2141,0,8,0,2,0,6,0.00452,1e-05,1.2713,1676,0,0,0,0,0,0,0,0,0,0,0,0,0,0,0,0,0,0,0,0,0
4386816,2142,0,4,0,0,0,4,0.00066,1e-05,1.3058,1748,0,0,0,0,0,0,0,0,0,0,0,0,0,0,0,0,0,0,0,0,0
4388864,2143,0,2,0,0,0,2,-0.00271,0.0,1.3296,1756,0,0,0,0,0,0,0,0,0,0,0,0,0,0,0,0,0,0,0,0,0
4390912,2144,0,4,0,0,0,4,-0.00454,0.0,1.3648,1617,0,0,0,0,0,0,0,0,0,0,0,0,0,0,0,0,0,0,0,0,0
4392960,2145,0,6,0,0,0,6,-0.00109,0.0,1.4164,1707,0,0,0,0,0,0,0,0,0,0,0,0,0,0,0,0,0,0,0,0,0
4395008,2146,0,5,0,0,0,5,-0.0018,0.0,1.4573,1709,0,0,0,0,0,0,0,0,0,0,0,0,0,0,0,0,0,0,0,0,0
4397056,2147,0,3,0,0,0,3,-0.00179,0.0,1.449,1579,0,0,0,0,0,0,0,0,0,0,0,0,0,0,0,0,0,0,0,0,0
4399104,2148,0,2,0,0,0,2,-0.00127,0.0,1.4234,1610,0,0,0,0,0,0,0,0,0,0,0,0,0,0,0,0,0,0,0,0,0
4401152,2149,0,8,0,1,0,7,-0.00027,0.0,1.3978,1517,0,0,0,0,0,0,0,0,0,0,0,0,0,0,0,0,0,0,0,0,0
4403200,2150,0,4,0,0,0,4,-0.00214,0.0,1.4007,1548,0,0,0,0,0,0,0,0,0,0,0,0,0,0,0,0,0,0,0,0,0
4405248,2151,0,4,0,0,0,4,-0.00129,0.0,1.3589,1689,0,0,0,0,0,0,0,0,0,0,0,0,0,0,0,0,0,0,0,0,0
4407296,2152,0,4,0,1,0,3,-0.00251,0.0,1.3664,1759,0,0,0,0,0,0,0,0,0,0,0,0,0,0,0,0,0,0,0,0,0
4409344,2153,0,5,0,0,0,5,0.00049,1e-05,1.3063,1859,0,0,0,0,0,0,0,0,0,0,0,0,0,0,0,0,0,0,0,0,0
4411392,2154,0,5,0,1,0,4,0.00238,0.0,1.341,1788,0,0,0,0,0,0,0,0,0,0,0,0,0,0,0,0,0,0,0,0,0
4413440,2155,0,5,0,0,0,5,-0.00113,0.0,1.3334,1934,0,0,0,0,0,0,0,0,0,0,0,0,0,0,0,0,0,0,0,0,0
4415488,2156,0,4,0,0,0,4,0.00109,0.0,1.3728,1801,0,0,0,0,0,0,0,0,0,0,0,0,0,0,0,0,0,0,0,0,0
4417536,2157,0,4,0,0,0,4,0.00178,0.0,1.4191,1806,0,0,0,0,0,0,0,0,0,0,0,0,0,0,0,0,0,0,0,0,0
4419584,2158,0,3,0,0,0,3,-0.00219,0.0,1.4235,1834,0,0,0,0,0,0,0,0,0,0,0,0,0,0,0,0,0,0,0,0,0
4421632,2159,0,5,0,0,0,5,-0.00436,0.0,1.4574,1720,0,0,0,0,0,0,0,0,0,0,0,0,0,0,0,0,0,0,0,0,0
4423680,2160,0,5,0,0,0,5,-0.00058,0.0,1.4861,1836,0,0,0,0,0,0,0,0,0,0,0,0,0,0,0,0,0,0,0,0,0
4425728,2161,0,4,0,0,0,4,-0.00189,0.0,1.4744,1705,0,0,0,0,0,0,0,0,0,0,0,0,0,0,0,0,0,0,0,0,0
4427776,2162,0,4,0,1,0,3,0.00049,0.0,1.4883,1747,0,0,0,0,0,0,0,0,0,0,0,0,0,0,0,0,0,0,0,0,0
4429824,2163,0,5,0,1,0,4,-0.00096,0.0,1.5058,1733,0,0,0,0,0,0,0,0,0,0,0,0,0,0,0,0,0,0,0,0,0
4431872,2164,0,7,0,1,0,6,0.0017,0.0,1.5364,1681,0,0,0,0,0,0,0,0,0,0,0,0,0,0,0,0,0,0,0,0,0
4433920,2165,0,6,0,3,0,3,-0.00137,0.0,1.5391,1800,0,0,0,0,0,0,0,0,0,0,0,0,0,0,0,0,0,0,0,0,0
4435968,2166,0,5,0,2,1,2,-0.00028,0.0,1.5383,1692,0,0,0,0,0,0,0,0,0,0,0,0,0,0,0,0,0,0,0,0,0
4438016,2167,0,3,0,0,0,3,-0.00053,0.0,1.5576,1663,0,0,0,0,0,0,0,0,0,0,0,0,0,0,0,0,0,0,0,0,0
4440064,2168,0,6,0,1,0,5,-0.00153,0.0,1.5572,1861,0,0,0,0,0,0,0,0,0,0,0,0,0,0,0,0,0,0,0,0,0
4442112,2169,0,4,0,1,0,3,-0.00303,0.0,1.5695,1819,0,0,0,0,0,0,0,0,0,0,0,0,0,0,0,0,0,0,0,0,0
4444160,2170,0,7,0,1,0,6,0.00185,1e-05,1.5736,1912,0,0,0,0,0,0,0,0,0,0,0,0,0,0,0,0,0,0,0,0,0
4446208,2171,0,3,0,2,0,1,0.00185,1e-05,1.5808,1875,0,0,0,0,0,0,0,0,0,0,0,0,0,0,0,0,0,0,0,0,0
4448256,2172,0,6,0,3,0,3,0.00084,1e-05,1.5898,1785,0,0,0,0,0,0,0,0,0,0,0,0,0,0,0,0,0,0,0,0,0
4450304,2173,0,4,0,0,0,4,-0.00063,0.0,1.5925,1801,0,0,0,0,0,0,0,0,0,0,0,0,0,0,0,0,0,0,0,0,0
4452352,2174,0,5,0,0,0,5,-0.00247,0.0,1.6107,1775,0,0,0,0,0,0,0,0,0,0,0,0,0,0,0,0,0,0,0,0,0
4454400,2175,0,5,0,2,0,3,-0.00195,0.0,1.6144,1730,0,0,0,0,0,0,0,0,0,0,0,0,0,0,0,0,0,0,0,0,0
4456448,2176,0,6,0,3,0,3,-0.00313,0.0,1.6206,1686,0,0,0,0,0,0,0,0,0,0,0,0,0,0,0,0,0,0,0,0,0
4458496,2177,0,3,0,0,0,3,-0.00316,1e-05,1.6296,1732,0,0,0,0,0,0,0,0,0,0,0,0,0,0,0,0,0,0,0,0,0
4460544,2178,0,9,0,4,0,5,-3e-05,0.0,1.6504,1725,0,0,0,0,0,0,0,0,0,0,0,0,0,0,0,0,0,0,0,0,0
4462592,2179,0,7,0,5,0,2,0.00034,0.0,1.675,1603,0,0,0,0,0,0,0,0,0,0,0,0,0,0,0,0,0,0,0,0,0
4464640,2180,0,6,0,2,0,4,-0.00441,1e-05,1.6806,1615,0,0,0,0,0,0,0,0,0,0,0,0,0,0,0,0,0,0,0,0,0
4466688,2181,0,3,0,2,0,1,0.00078,1e-05,1.6737,1754,0,0,0,0,0,0,0,0,0,0,0,0,0,0,0,0,0,0,0,0,0
4468736,2182,0,6,0,1,0,5,0.00141,0.0,1.6851,1559,0,0,0,0,0,0,0,0,0,0,0,0,0,0,0,0,0,0,0,0,0
4470784,2183,0,5,0,0,0,5,-0.00092,0.0,1.6936,1737,0,0,0,0,0,0,0,0,0,0,0,0,0,0,0,0,0,0,0,0,0
4472832,2184,0,7,0,3,0,4,-0.00193,1e-05,1.69,1625,0,0,0,0,0,0,0,0,0,0,0,0,0,0,0,0,0,0,0,0,0
4474880,2185,0,5,1,1,0,3,-0.00026,0.00114,1.7021,1632,0,0,0,0,0,0,0,0,0,0,0,0,0,0,0,0,0,0,0,0,0
4476928,2186,0,7,0,4,1,2,-0.00111,1e-05,1.702,1689,0,0,0,0,0,0,0,0,0,0,0,0,0,0,0,0,0,0,0,0,0
4478976,2187,0,5,0,2,0,3,-0.00208,1e-05,1.6844,1595,0,0,0,0,0,0,0,0,0,0,0,0,0,0,0,0,0,0,0,0,0
4481024,2188,0,5,0,2,0,3,-0.00197,0.0,1.6653,1600,0,0,0,0,0,0,0,0,0,0,0,0,0,0,0,0,0,0,0,0,0
4483072,2189,0,7,0,3,0,4,-0.00155,0.0,1.6586,1712,0,0,0,0,0,0,0,0,0,0,0,0,0,0,0,0,0,0,0,0,0
4485120,2190,0,8,1,1,1,5,0.00013,3e-05,1.6512,1498,0,0,0,0,0,0,0,0,0,0,0,0,0,0,0,0,0,0,0,0,0
4487168,2191,0,5,0,2,0,3,-0.00101,1e-05,1.6391,1552,0,0,0,0,0,0,0,0,0,0,0,0,0,0,0,0,0,0,0,0,0
4489216,2192,0,2,0,0,0,2,-0.00301,1e-05,1.6438,1569,0,0,0,0,0,0,0,0,0,0,0,0,0,0,0,0,0,0,0,0,0
4491264,2193,0,4,0,1,0,3,0.00133,2e-05,1.6303,1602,0,0,0,0,0,0,0,0,0,0,0,0,0,0,0,0,0,0,0,0,0
4493312,2194,0,10,0,3,0,7,-0.00026,1e-05,1.6395,1635,0,0,0,0,0,0,0,0,0,0,0,0,0,0,0,0,0,0,0,0,0
4495360,2195,0,6,0,4,0,2,-0.00047,1e-05,1.6633,1460,0,0,0,0,0,0,0,0,0,0,0,0,0,0,0,0,0,0,0,0,0
4497408,2196,0,3,0,2,0,1,-0.00103,1e-05,1.6741,1633,0,0,0,0,0,0,0,0,0,0,0,0,0,0,0,0,0,0,0,0,0
4499456,2197,0,4,0,2,0,2,-0.0026,0.0,1.6815,1662,0,0,0,0,0,0,0,0,0,0,0,0,0,0,0,0,0,0,0,0,0
4501504,2198,0,9,0,3,0,6,-0.00136,0.0,1.68,1701,0,0,0,0,0,0,0,0,0,0,0,0,0,0,0,0,0,0,0,0,0
4503552,2199,0,3,0,0,0,3,-0.00149,0.0,1.6707,1488,0,0,0,0,0,0,0,0,0,0,0,0,0,0,0,0,0,0,0,0,0
4505600,2200,0,7,0,4,0,3,0.0003,0.0,1.6702,1634,0,0,0,0,0,0,0,0,0,0,0,0,0,0,0,0,0,0,0,0,0
4507648,2201,0,5,0,3,0,2,-0.00158,0.0,1.6768,1783,0,0,0,0,0,0,0,0,0,0,0,0,0,0,0,0,0,0,0,0,0
4509696,2202,0,7,0,2,0,5,0.00022,0.0,1.6729,1613,0,0,0,0,0,0,0,0,0,0,0,0,0,0,0,0,0,0,0,0,0
4511744,2203,0,4,0,1,0,3,-0.00114,0.0,1.6821,1791,0,0,0,0,0,0,0,0,0,0,0,0,0,0,0,0,0,0,0,0,0
4513792,2204,0,5,0,1,0,4,-0.00081,1e-05,1.6879,1675,0,0,0,0,0,0,0,0,0,0,0,0,0,0,0,0,0,0,0,0,0
4515840,2205,0,6,0,3,0,3,0.00079,0.0,1.6938,1794,0,0,0,0,0,0,0,0,0,0,0,0,0,0,0,0,0,0,0,0,0
4517888,2206,0,5,0,1,0,4,-0.00164,0.0,1.6918,1884,0,0,0,0,0,0,0,0,0,0,0,0,0,0,0,0,0,0,0,0,0
4519936,2207,0,3,0,0,0,3,-0.0019,0.0,1.6914,1884,0,0,0,0,0,0,0,0,0,0,0,0,0,0,0,0,0,0,0,0,0
4521984,2208,0,9,1,4,0,4,0.00023,0.00011,1.7084,1806,0,0,0,0,0,0,0,0,0,0,0,0,0,0,0,0,0,0,0,0,0
4524032,2209,0,6,0,3,0,3,0.00091,0.0,1.7208,1824,0,0,0,0,0,0,0,0,0,0,0,0,0,0,0,0,0,0,0,0,0
4526080,2210,0,6,0,1,0,5,-0.00213,0.0,1.7171,1821,0,0,0,0,0,0,0,0,0,0,0,0,0,0,0,0,0,0,0,0,0
4528128,2211,0,3,0,2,1,0,0.00019,0.0,1.7241,1691,0,0,0,0,0,0,0,0,0,0,0,0,0,0,0,0,0,0,0,0,0
4530176,2212,0,7,0,3,0,4,-0.00198,1e-05,1.7241,1816,0,0,0,0,0,0,0,0,0,0,0,0,0,0,0,0,0,0,0,0,0
4532224,2213,0,7,0,3,0,4,-0.00115,0.0,1.7209,1791,0,0,0,0,0,0,0,0,0,0,0,0,0,0,0,0,0,0,0,0,0
4534272,2214,0,6,0,3,0,3,-0.00341,0.0,1.7205,1869,0,0,0,0,0,0,0,0,0,0,0,0,0,0,0,0,0,0,0,0,0
4536320,2215,0,5,0,2,0,3,0.00064,0.0,1.7282,1762,0,0,0,0,0,0,0,0,0,0,0,0,0,0,0,0,0,0,0,0,0
4538368,2216,0,9,0,4,0,5,0.00028,0.0,1.7284,1632,0,0,0,0,0,0,0,0,0,0,0,0,0,0,0,0,0,0,0,0,0
4540416,2217,0,3,0,0,0,3,-0.0018,0.0,1.7214,1783,0,0,0,0,0,0,0,0,0,0,0,0,0,0,0,0,0,0,0,0,0
4542464,2218,0,4,0,1,0,3,-0.00152,0.0,1.7147,1818,0,0,0,0,0,0,0,0,0,0,0,0,0,0,0,0,0,0,0,0,0
4544512,2219,0,5,0,0,0,5,-0.0009,0.0,1.7013,1684,0,0,0,0,0,0,0,0,0,0,0,0,0,0,0,0,0,0,0,0,0
4546560,2220,0,6,0,3,0,3,-0.00056,0.0,1.7057,1695,0,0,0,0,0,0,0,0,0,0,0,0,0,0,0,0,0,0,0,0,0
4548608,2221,0,8,0,5,0,3,-0.00172,0.0,1.6875,1602,0,0,0,0,0,0,0,0,0,0,0,0,0,0,0,0,0,0,0,0,0
4550656,2222,0,8,0,4,0,4,-0.00206,0.0,1.6918,1702,0,0,0,0,0,0,0,0,0,0,0,0,0,0,0,0,0,0,0,0,0
4552704,2223,0,7,0,3,0,4,-0.00084,0.0,1.6952,1613,0,0,0,0,0,0,0,0,0,0,0,0,0,0,0,0,0,0,0,0,0
4554752,2224,0,3,0,2,0,1,-0.00118,0.0,1.7007,1654,0,0,0,0,0,0,0,0,0,0,0,0,0,0,0,0,0,0,0,0,0
4556800,2225,0,5,0,1,0,4,-0.0022,0.0,1.6901,1727,0,0,0,0,0,0,0,0,0,0,0,0,0,0,0,0,0,0,0,0,0
4558848,2226,0,3,0,0,1,2,-0.00255,0.0,1.6835,1628,0,0,0,0,0,0,0,0,0,0,0,0,0,0,0,0,0,0,0,0,0
4560896,2227,0,6,0,0,0,6,-0.00068,0.0,1.6777,1747,0,0,0,0,0,0,0,0,0,0,0,0,0,0,0,0,0,0,0,0,0
4562944,2228,0,5,0,2,0,3,-0.00158,0.0,1.6861,1764,0,0,0,0,0,0,0,0,0,0,0,0,0,0,0,0,0,0,0,0,0
4564992,2229,0,9,0,4,0,5,-0.00088,0.0,1.6703,1756,0,0,0,0,0,0,0,0,0,0,0,0,0,0,0,0,0,0,0,0,0
4567040,2230,0,7,0,4,0,3,-0.00084,0.0,1.6574,1637,0,0,0,0,0,0,0,0,0,0,0,0,0,0,0,0,0,0,0,0,0
4569088,2231,0,6,0,3,0,3,-6e-05,0.0,1.6483,1733,0,0,0,0,0,0,0,0,0,0,0,0,0,0,0,0,0,0,0,0,0
4571136,2232,0,6,0,2,1,3,-0.00132,0.0,1.649,1775,0,0,0,0,0,0,0,0,0,0,0,0,0,0,0,0,0,0,0,0,0
4573184,2233,0,10,0,4,0,6,-0.00079,0.0,1.634,1731,0,0,0,0,0,0,0,0,0,0,0,0,0,0,0,0,0,0,0,0,0
4575232,2234,0,3,0,1,1,1,-0.00145,0.0,1.61,1742,0,0,0,0,0,0,0,0,0,0,0,0,0,0,0,0,0,0,0,0,0
4577280,2235,0,2,0,0,0,2,-0.00062,0.0,1.6036,1689,0,0,0,0,0,0,0,0,0,0,0,0,0,0,0,0,0,0,0,0,0
4579328,2236,0,5,0,0,0,5,-0.00279,0.0,1.6007,1843,0,0,0,0,0,0,0,0,0,0,0,0,0,0,0,0,0,0,0,0,0
4581376,2237,0,7,0,0,0,7,-0.00125,0.0,1.5575,1832,0,0,0,0,0,0,0,0,0,0,0,0,0,0,0,0,0,0,0,0,0
4583424,2238,0,4,0,2,0,2,-0.00334,0.0,1.5079,1663,0,0,0,0,0,0,0,0,0,0,0,0,0,0,0,0,0,0,0,0,0
4585472,2239,0,4,0,2,0,2,-0.00267,1e-05,1.4742,1733,0,0,0,0,0,0,0,0,0,0,0,0,0,0,0,0,0,0,0,0,0
4587520,2240,0,7,0,1,0,6,-0.00299,1e-05,1.4678,1767,0,0,0,0,0,0,0,0,0,0,0,0,0,0,0,0,0,0,0,0,0
4589568,2241,0,5,0,2,0,3,-0.00338,0.0,1.5515,1809,0,0,0,0,0,0,0,0,0,0,0,0,0,0,0,0,0,0,0,0,0
4591616,2242,0,3,0,0,0,3,-0.0017,0.0,1.6099,1907,0,0,0,0,0,0,0,0,0,0,0,0,0,0,0,0,0,0,0,0,0
4593664,2243,0,6,0,3,0,3,-0.00116,0.0,1.6592,1877,0,0,0,0,0,0,0,0,0,0,0,0,0,0,0,0,0,0,0,0,0
4595712,2244,0,7,0,1,0,6,0.00045,0.0,1.6672,1884,0,0,0,0,0,0,0,0,0,0,0,0,0,0,0,0,0,0,0,0,0
4597760,2245,0,5,0,0,1,4,-0.00269,0.0,1.6474,1697,0,0,0,0,0,0,0,0,0,0,0,0,0,0,0,0,0,0,0,0,0
4599808,2246,0,2,0,2,0,0,-0.00094,0.0,1.6486,1817,0,0,0,0,0,0,0,0,0,0,0,0,0,0,0,0,0,0,0,0,0
4601856,2247,0,10,0,4,0,6,0.0002,1e-05,1.6656,1728,0,0,0,0,0,0,0,0,0,0,0,0,0,0,0,0,0,0,0,0,0
4603904,2248,0,6,0,3,0,3,-0.00253,0.0,1.6516,1722,0,0,0,0,0,0,0,0,0,0,0,0,0,0,0,0,0,0,0,0,0
4605952,2249,0,3,0,1,0,2,0.00046,1e-05,1.6397,1682,0,0,0,0,0,0,0,0,0,0,0,0,0,0,0,0,0,0,0,0,0
4608000,2250,0,5,0,2,0,3,0.00047,1e-05,1.6525,1645,0,0,0,0,0,0,0,0,0,0,0,0,0,0,0,0,0,0,0,0,0
4610048,2251,0,9,0,2,1,6,-0.00062,2e-05,1.6422,1606,0,0,0,0,0,0,0,0,0,0,0,0,0,0,0,0,0,0,0,0,0
4612096,2252,0,5,0,3,0,2,-0.00195,1e-05,1.6417,1696,0,0,0,0,0,0,0,0,0,0,0,0,0,0,0,0,0,0,0,0,0
4614144,2253,0,0,0,0,0,0,0.0051,1e-05,1.6067,1655,0,0,0,0,0,0,0,0,0,0,0,0,0,0,0,0,0,0,0,0,0
4616192,2254,0,10,0,3,0,7,-0.00109,0.0,1.5946,1819,0,0,0,0,0,0,0,0,0,0,0,0,0,0,0,0,0,0,0,0,0
4618240,2255,0,10,0,5,1,4,0.0015,1e-05,1.603,1674,0,0,0,0,0,0,0,0,0,0,0,0,0,0,0,0,0,0,0,0,0
4620288,2256,0,6,0,5,0,1,-0.0019,0.0,1.6038,1759,0,0,0,0,0,0,0,0,0,0,0,0,0,0,0,0,0,0,0,0,0
4622336,2257,0,0,0,0,0,0,4e-05,0.0,1.6204,1649,0,0,0,0,0,0,0,0,0,0,0,0,0,0,0,0,0,0,0,0,0
4624384,2258,0,10,0,4,1,5,-0.00281,0.0,1.5902,1795,0,0,0,0,0,0,0,0,0,0,0,0,0,0,0,0,0,0,0,0,0
4626432,2259,0,4,0,0,0,4,0.00145,0.0,1.5875,1842,0,0,0,0,0,0,0,0,0,0,0,0,0,0,0,0,0,0,0,0,0
4628480,2260,0,5,0,1,0,4,-0.0024,0.0,1.5712,1720,0,0,0,0,0,0,0,0,0,0,0,0,0,0,0,0,0,0,0,0,0
4630528,2261,0,2,0,2,0,0,-0.00174,0.0,1.5597,1779,0,0,0,0,0,0,0,0,0,0,0,0,0,0,0,0,0,0,0,0,0
4632576,2262,0,8,0,1,0,7,-0.001,0.0,1.5251,1732,0,0,0,0,0,0,0,0,0,0,0,0,0,0,0,0,0,0,0,0,0
4634624,2263,0,6,0,1,0,5,-0.00229,0.0,1.522,1786,0,0,0,0,0,0,0,0,0,0,0,0,0,0,0,0,0,0,0,0,0
4636672,2264,0,5,0,1,1,3,0.00266,0.0,1.5358,1912,0,0,0,0,0,0,0,0,0,0,0,0,0,0,0,0,0,0,0,0,0
4638720,2265,0,2,0,1,0,1,-0.00203,0.0,1.5537,1769,0,0,0,0,0,0,0,0,0,0,0,0,0,0,0,0,0,0,0,0,0
4640768,2266,0,7,0,1,0,6,-0.00108,0.0,1.5817,1829,0,0,0,0,0,0,0,0,0,0,0,0,0,0,0,0,0,0,0,0,0
4642816,2267,0,5,0,0,0,5,-0.00162,0.0,1.5893,1700,0,0,0,0,0,0,0,0,0,0,0,0,0,0,0,0,0,0,0,0,0
4644864,2268,0,4,0,1,0,3,-0.00082,0.0,1.5907,1658,0,0,0,0,0,0,0,0,0,0,0,0,0,0,0,0,0,0,0,0,0
4646912,2269,0,4,0,3,0,1,-0.00157,0.0,1.594,1614,0,0,0,0,0,0,0,0,0,0,0,0,0,0,0,0,0,0,0,0,0
4648960,2270,0,7,0,2,0,5,-0.00181,0.0,1.5979,1728,0,0,0,0,0,0,0,0,0,0,0,0,0,0,0,0,0,0,0,0,0
4651008,2271,0,8,0,3,0,5,-0.00225,0.0,1.5751,1754,0,0,0,0,0,0,0,0,0,0,0,0,0,0,0,0,0,0,0,0,0
4653056,2272,0,1,0,0,0,1,-0.00306,0.0,1.5262,1641,0,0,0,0,0,0,0,0,0,0,0,0,0,0,0,0,0,0,0,0,0
4655104,2273,0,7,0,3,0,4,-0.00262,1e-05,1.5518,1517,0,0,0,0,0,0,0,0,0,0,0,0,0,0,0,0,0,0,0,0,0
4657152,2274,0,4,0,1,0,3,0.00062,0.0,1.5422,1500,0,0,0,0,0,0,0,0,0,0,0,0,0,0,0,0,0,0,0,0,0
4659200,2275,0,6,0,1,0,5,-0.00142,0.0,1.556,1457,0,0,0,0,0,0,0,0,0,0,0,0,0,0,0,0,0,0,0,0,0
4661248,2276,0,2,0,1,0,1,0.00523,0.0,1.5866,1547,0,0,0,0,0,0,0,0,0,0,0,0,0,0,0,0,0,0,0,0,0
4663296,2277,0,7,0,3,0,4,0.00145,1e-05,1.5465,1574,0,0,0,0,0,0,0,0,0,0,0,0,0,0,0,0,0,0,0,0,0
4665344,2278,0,6,0,2,0,4,-0.00084,0.0,1.564,1508,0,0,0,0,0,0,0,0,0,0,0,0,0,0,0,0,0,0,0,0,0
4667392,2279,0,7,0,3,0,4,0.00097,0.0,1.624,1583,0,0,0,0,0,0,0,0,0,0,0,0,0,0,0,0,0,0,0,0,0
4669440,2280,0,3,0,0,0,3,5e-05,0.0,1.6235,1502,0,0,0,0,0,0,0,0,0,0,0,0,0,0,0,0,0,0,0,0,0
4671488,2281,0,4,0,0,0,4,0.00122,0.0,1.6064,1644,0,0,0,0,0,0,0,0,0,0,0,0,0,0,0,0,0,0,0,0,0
4673536,2282,0,8,0,6,0,2,-0.00113,0.0,1.5768,1530,0,0,0,0,0,0,0,0,0,0,0,0,0,0,0,0,0,0,0,0,0
4675584,2283,0,5,0,0,0,5,0.00041,0.0,1.5936,1603,0,0,0,0,0,0,0,0,0,0,0,0,0,0,0,0,0,0,0,0,0
4677632,2284,0,4,0,1,0,3,-0.00042,0.0,1.6262,1595,0,0,0,0,0,0,0,0,0,0,0,0,0,0,0,0,0,0,0,0,0
4679680,2285,0,6,0,1,1,4,-0.00138,0.0,1.6423,1668,0,0,0,0,0,0,0,0,0,0,0,0,0,0,0,0,0,0,0,0,0
4681728,2286,0,4,0,2,0,2,-0.0016,0.0,1.6459,1630,0,0,0,0,0,0,0,0,0,0,0,0,0,0,0,0,0,0,0,0,0
4683776,2287,0,6,0,2,0,4,-0.00262,1e-05,1.6291,1453,0,0,0,0,0,0,0,0,0,0,0,0,0,0,0,0,0,0,0,0,0
4685824,2288,0,3,0,1,0,2,-0.00238,1e-05,1.619,1553,0,0,0,0,0,0,0,0,0,0,0,0,0,0,0,0,0,0,0,0,0
4687872,2289,0,5,0,2,0,3,0.00026,1e-05,1.6038,1619,0,0,0,0,0,0,0,0,0,0,0,0,0,0,0,0,0,0,0,0,0
4689920,2290,0,6,0,0,0,6,0.00242,1e-05,1.627,1642,0,0,0,0,0,0,0,0,0,0,0,0,0,0,0,0,0,0,0,0,0
4691968,2291,0,6,0,4,0,2,-0.00221,1e-05,1.6308,1616,0,0,0,0,0,0,0,0,0,0,0,0,0,0,0,0,0,0,0,0,0
4694016,2292,0,4,0,2,0,2,-0.00153,1e-05,1.6423,1574,0,0,0,0,0,0,0,0,0,0,0,0,0,0,0,0,0,0,0,0,0
4696064,2293,0,8,0,4,0,4,-0.00267,1e-05,1.6501,1596,0,0,0,0,0,0,0,0,0,0,0,0,0,0,0,0,0,0,0,0,0
4698112,2294,0,5,0,1,0,4,-0.001,0.0,1.6526,1566,0,0,0,0,0,0,0,0,0,0,0,0,0,0,0,0,0,0,0,0,0
4700160,2295,0,5,0,3,0,2,-0.00225,1e-05,1.6458,1537,0,0,0,0,0,0,0,0,0,0,0,0,0,0,0,0,0,0,0,0,0
4702208,2296,0,5,0,3,0,2,-0.00475,1e-05,1.6411,1604,0,0,0,0,0,0,0,0,0,0,0,0,0,0,0,0,0,0,0,0,0
4704256,2297,0,7,0,2,0,5,-0.00177,0.0,1.6344,1498,0,0,0,0,0,0,0,0,0,0,0,0,0,0,0,0,0,0,0,0,0
4706304,2298,0,6,0,2,0,4,-0.00086,0.0,1.6299,1409,0,0,0,0,0,0,0,0,0,0,0,0,0,0,0,0,0,0,0,0,0
4708352,2299,0,4,0,1,0,3,-0.00474,1e-05,1.6239,1412,0,0,0,0,0,0,0,0,0,0,0,0,0,0,0,0,0,0,0,0,0
4710400,2300,0,5,0,2,0,3,0.0003,1e-05,1.6192,1597,0,0,0,0,0,0,0,0,0,0,0,0,0,0,0,0,0,0,0,0,0
4712448,2301,0,5,0,0,0,5,-0.00093,0.0,1.6209,1712,0,0,0,0,0,0,0,0,0,0,0,0,0,0,0,0,0,0,0,0,0
4714496,2302,0,4,0,1,0,3,-0.00297,0.0,1.6199,1667,0,0,0,0,0,0,0,0,0,0,0,0,0,0,0,0,0,0,0,0,0
4716544,2303,0,6,0,1,0,5,-0.00319,0.0,1.6145,1643,0,0,0,0,0,0,0,0,0,0,0,0,0,0,0,0,0,0,0,0,0
4718592,2304,0,4,0,2,0,2,-0.00118,0.0,1.6105,1677,0,0,0,0,0,0,0,0,0,0,0,0,0,0,0,0,0,0,0,0,0
4720640,2305,0,5,0,1,0,4,-0.00259,0.0,1.6097,1662,0,0,0,0,0,0,0,0,0,0,0,0,0,0,0,0,0,0,0,0,0
4722688,2306,0,3,0,0,0,3,-0.00352,0.0,1.6137,1703,0,0,0,0,0,0,0,0,0,0,0,0,0,0,0,0,0,0,0,0,0
4724736,2307,0,6,0,0,0,6,-0.0008,0.0,1.6045,1607,0,0,0,0,0,0,0,0,0,0,0,0,0,0,0,0,0,0,0,0,0
4726784,2308,0,9,0,4,0,5,-0.00062,0.0,1.6022,1616,0,0,0,0,0,0,0,0,0,0,0,0,0,0,0,0,0,0,0,0,0
4728832,2309,0,3,0,1,0,2,-0.00193,0.0,1.6046,1616,0,0,0,0,0,0,0,0,0,0,0,0,0,0,0,0,0,0,0,0,0
4730880,2310,0,4,0,2,0,2,-0.00046,0.0,1.6052,1609,0,0,0,0,0,0,0,0,0,0,0,0,0,0,0,0,0,0,0,0,0
4732928,2311,0,8,0,1,1,6,-0.00306,0.0,1.6067,1654,0,0,0,0,0,0,0,0,0,0,0,0,0,0,0,0,0,0,0,0,0
4734976,2312,0,4,0,1,0,3,-0.00012,0.0,1.6107,1669,0,0,0,0,0,0,0,0,0,0,0,0,0,0,0,0,0,0,0,0,0
4737024,2313,0,1,0,0,0,1,-0.00153,0.0,1.6089,1644,0,0,0,0,0,0,0,0,0,0,0,0,0,0,0,0,0,0,0,0,0
4739072,2314,0,5,0,2,0,3,-0.0013,0.0,1.6073,1528,0,0,0,0,0,0,0,0,0,0,0,0,0,0,0,0,0,0,0,0,0
4741120,2315,0,7,0,1,0,6,-0.00133,0.0,1.6001,1550,0,0,0,0,0,0,0,0,0,0,0,0,0,0,0,0,0,0,0,0,0
4743168,2316,0,5,0,1,0,4,-0.00382,0.0,1.5766,1638,0,0,0,0,0,0,0,0,0,0,0,0,0,0,0,0,0,0,0,0,0
4745216,2317,0,2,0,0,0,2,-0.00274,0.0,1.5663,1547,0,0,0,0,0,0,0,0,0,0,0,0,0,0,0,0,0,0,0,0,0
4747264,2318,0,5,0,0,0,5,0.00037,0.0,1.5921,1517,0,0,0,0,0,0,0,0,0,0,0,0,0,0,0,0,0,0,0,0,0
4749312,2319,0,6,0,0,0,6,-0.0019,0.0,1.5836,1621,0,0,0,0,0,0,0,0,0,0,0,0,0,0,0,0,0,0,0,0,0
4751360,2320,0,3,0,0,0,3,-0.00475,0.0,1.5746,1601,0,0,0,0,0,0,0,0,0,0,0,0,0,0,0,0,0,0,0,0,0
4753408,2321,0,4,0,1,0,3,-0.00205,0.0,1.559,1597,0,0,0,0,0,0,0,0,0,0,0,0,0,0,0,0,0,0,0,0,0
4755456,2322,0,6,0,2,0,4,-0.00289,0.0,1.5511,1549,0,0,0,0,0,0,0,0,0,0,0,0,0,0,0,0,0,0,0,0,0
4757504,2323,0,6,0,1,0,5,0.00063,0.0,1.568,1610,0,0,0,0,0,0,0,0,0,0,0,0,0,0,0,0,0,0,0,0,0
4759552,2324,0,2,0,0,0,2,-0.00068,0.0,1.5646,1767,0,0,0,0,0,0,0,0,0,0,0,0,0,0,0,0,0,0,0,0,0
4761600,2325,0,5,0,0,0,5,-0.00058,0.0,1.5633,1662,0,0,0,0,0,0,0,0,0,0,0,0,0,0,0,0,0,0,0,0,0
4763648,2326,0,6,0,1,0,5,0.00249,0.0,1.5779,1654,0,0,0,0,0,0,0,0,0,0,0,0,0,0,0,0,0,0,0,0,0
4765696,2327,0,4,0,0,0,4,-0.00082,0.0,1.6063,1720,0,0,0,0,0,0,0,0,0,0,0,0,0,0,0,0,0,0,0,0,0
4767744,2328,0,4,0,1,0,3,0.00037,0.0,1.6171,1666,0,0,0,0,0,0,0,0,0,0,0,0,0,0,0,0,0,0,0,0,0
4769792,2329,0,5,0,0,0,5,0.00017,0.0,1.6201,1463,0,0,0,0,0,0,0,0,0,0,0,0,0,0,0,0,0,0,0,0,0
4771840,2330,0,6,0,1,0,5,-0.00109,0.0,1.6149,1530,0,0,0,0,0,0,0,0,0,0,0,0,0,0,0,0,0,0,0,0,0
4773888,2331,0,3,0,0,0,3,0.0015,0.0,1.613,1560,0,0,0,0,0,0,0,0,0,0,0,0,0,0,0,0,0,0,0,0,0
4775936,2332,0,5,0,2,0,3,0.00114,0.0,1.6221,1659,0,0,0,0,0,0,0,0,0,0,0,0,0,0,0,0,0,0,0,0,0
4777984,2333,0,6,0,1,0,5,0.0009,0.0,1.6227,1591,0,0,0,0,0,0,0,0,0,0,0,0,0,0,0,0,0,0,0,0,0
4780032,2334,0,3,0,0,0,3,-0.00047,0.0,1.6206,1597,0,0,0,0,0,0,0,0,0,0,0,0,0,0,0,0,0,0,0,0,0
4782080,2335,0,5,0,2,0,3,-0.00107,0.0,1.6099,1593,0,0,0,0,0,0,0,0,0,0,0,0,0,0,0,0,0,0,0,0,0
4784128,2336,0,9,0,4,0,5,-0.00305,0.0,1.6022,1633,0,0,0,0,0,0,0,0,0,0,0,0,0,0,0,0,0,0,0,0,0
4786176,2337,0,6,0,2,0,4,-0.0013,0.0,1.5959,1666,0,0,0,0,0,0,0,0,0,0,0,0,0,0,0,0,0,0,0,0,0
4788224,2338,0,4,0,2,0,2,-0.0007,0.0,1.5902,1694,0,0,0,0,0,0,0,0,0,0,0,0,0,0,0,0,0,0,0,0,0
4790272,2339,0,3,0,1,0,2,-0.00248,0.0,1.5966,1591,0,0,0,0,0,0,0,0,0,0,0,0,0,0,0,0,0,0,0,0,0
4792320,2340,0,5,0,0,0,5,-0.00147,0.0,1.6035,1636,0,0,0,0,0,0,0,0,0,0,0,0,0,0,0,0,0,0,0,0,0
4794368,2341,0,6,0,0,0,6,-0.00104,1e-05,1.5892,1746,0,0,0,0,0,0,0,0,0,0,0,0,0,0,0,0,0,0,0,0,0
4796416,2342,0,4,0,1,0,3,1e-05,0.0,1.5718,1650,0,0,0,0,0,0,0,0,0,0,0,0,0,0,0,0,0,0,0,0,0
4798464,2343,0,3,0,2,0,1,-0.00093,0.0,1.5694,1567,0,0,0,0,0,0,0,0,0,0,0,0,0,0,0,0,0,0,0,0,0
4800512,2344,0,3,0,0,0,3,-0.0023,0.0,1.5537,1547,0,0,0,0,0,0,0,0,0,0,0,0,0,0,0,0,0,0,0,0,0
4802560,2345,0,9,0,3,0,6,-0.00312,0.0,1.5268,1534,0,0,0,0,0,0,0,0,0,0,0,0,0,0,0,0,0,0,0,0,0
4804608,2346,0,7,0,2,0,5,-0.00028,0.0,1.5515,1638,0,0,0,0,0,0,0,0,0,0,0,0,0,0,0,0,0,0,0,0,0
4806656,2347,0,3,0,1,0,2,-0.00059,0.0,1.5718,1576,0,0,0,0,0,0,0,0,0,0,0,0,0,0,0,0,0,0,0,0,0
4808704,2348,0,4,0,1,0,3,-0.00158,0.0,1.6055,1571,0,0,0,0,0,0,0,0,0,0,0,0,0,0,0,0,0,0,0,0,0
4810752,2349,0,9,0,3,1,5,-0.00317,0.0,1.6307,1574,0,0,0,0,0,0,0,0,0,0,0,0,0,0,0,0,0,0,0,0,0
4812800,2350,0,4,0,2,0,2,0.0003,0.0,1.6289,1569,0,0,0,0,0,0,0,0,0,0,0,0,0,0,0,0,0,0,0,0,0
4814848,2351,0,6,0,4,0,2,-0.00034,0.0,1.6273,1517,0,0,0,0,0,0,0,0,0,0,0,0,0,0,0,0,0,0,0,0,0
4816896,2352,0,6,0,4,0,2,-0.00357,0.0,1.641,1558,0,0,0,0,0,0,0,0,0,0,0,0,0,0,0,0,0,0,0,0,0
4818944,2353,0,7,0,3,0,4,0.00195,0.0,1.6457,1616,0,0,0,0,0,0,0,0,0,0,0,0,0,0,0,0,0,0,0,0,0
4820992,2354,0,6,0,3,0,3,0.00073,0.0,1.6403,1408,0,0,0,0,0,0,0,0,0,0,0,0,0,0,0,0,0,0,0,0,0
4823040,2355,0,6,0,2,0,4,0.00123,0.0,1.6417,1586,0,0,0,0,0,0,0,0,0,0,0,0,0,0,0,0,0,0,0,0,0
4825088,2356,0,6,0,3,0,3,-0.00229,0.0,1.6572,1590,0,0,0,0,0,0,0,0,0,0,0,0,0,0,0,0,0,0,0,0,0
4827136,2357,0,4,0,1,0,3,-0.00038,0.0,1.6597,1580,0,0,0,0,0,0,0,0,0,0,0,0,0,0,0,0,0,0,0,0,0
4829184,2358,0,6,0,2,1,3,0.00121,0.0,1.6527,1613,0,0,0,0,0,0,0,0,0,0,0,0,0,0,0,0,0,0,0,0,0
4831232,2359,0,9,0,4,0,5,5e-05,0.0,1.6471,1623,0,0,0,0,0,0,0,0,0,0,0,0,0,0,0,0,0,0,0,0,0
4833280,2360,0,4,0,2,0,2,-0.00053,0.0,1.6482,1559,0,0,0,0,0,0,0,0,0,0,0,0,0,0,0,0,0,0,0,0,0
4835328,2361,0,6,0,5,0,1,-0.00095,0.0,1.6533,1612,0,0,0,0,0,0,0,0,0,0,0,0,0,0,0,0,0,0,0,0,0
4837376,2362,0,4,0,0,0,4,0.00122,0.0,1.6624,1667,0,0,0,0,0,0,0,0,0,0,0,0,0,0,0,0,0,0,0,0,0
4839424,2363,0,6,0,2,0,4,0.0003,0.0,1.6745,1540,0,0,0,0,0,0,0,0,0,0,0,0,0,0,0,0,0,0,0,0,0
4841472,2364,0,6,0,3,0,3,0.00139,0.0,1.6817,1505,0,0,0,0,0,0,0,0,0,0,0,0,0,0,0,0,0,0,0,0,0
4843520,2365,0,8,1,2,0,5,0.00015,6e-05,1.6952,1503,0,0,0,0,0,0,0,0,0,0,0,0,0,0,0,0,0,0,0,0,0
4845568,2366,0,6,0,4,0,2,-0.00156,0.0,1.6915,1454,0,0,0,0,0,0,0,0,0,0,0,0,0,0,0,0,0,0,0,0,0
4847616,2367,0,3,1,0,0,2,0.00083,0.00066,1.6802,1488,0,0,0,0,0,0,0,0,0,0,0,0,0,0,0,0,0,0,0,0,0
4849664,2368,0,8,0,4,0,4,0.0015,0.0,1.6808,1556,0,0,0,0,0,0,0,0,0,0,0,0,0,0,0,0,0,0,0,0,0
4851712,2369,0,5,0,2,0,3,-0.00301,0.0,1.6881,1657,0,0,0,0,0,0,0,0,0,0,0,0,0,0,0,0,0,0,0,0,0
4853760,2370,0,7,1,4,0,2,-0.0012,0.00032,1.6923,1603,0,0,0,0,0,0,0,0,0,0,0,0,0,0,0,0,0,0,0,0,0
4855808,2371,0,4,0,4,0,0,-0.00136,0.0,1.6895,1618,0,0,0,0,0,0,0,0,0,0,0,0,0,0,0,0,0,0,0,0,0
4857856,2372,0,11,0,4,0,7,-0.0034,0.0,1.6765,1646,0,0,0,0,0,0,0,0,0,0,0,0,0,0,0,0,0,0,0,0,0
4859904,2373,0,4,0,2,0,2,-0.00108,0.0,1.679,1620,0,0,0,0,0,0,0,0,0,0,0,0,0,0,0,0,0,0,0,0,0
4861952,2374,0,2,0,0,0,2,-0.00305,0.0,1.671,1395,0,0,0,0,0,0,0,0,0,0,0,0,0,0,0,0,0,0,0,0,0
4864000,2375,0,5,0,1,0,4,0.00078,0.0,1.6481,1685,0,0,0,0,0,0,0,0,0,0,0,0,0,0,0,0,0,0,0,0,0
4866048,2376,0,12,0,5,0,7,-0.00706,0.0,1.6136,1553,0,0,0,0,0,0,0,0,0,0,0,0,0,0,0,0,0,0,0,0,0
4868096,2377,0,8,0,6,0,2,0.00059,0.0,1.6293,1513,0,0,0,0,0,0,0,0,0,0,0,0,0,0,0,0,0,0,0,0,0
4870144,2378,0,2,0,0,0,2,-0.00361,0.0,1.5631,1591,0,0,0,0,0,0,0,0,0,0,0,0,0,0,0,0,0,0,0,0,0
4872192,2379,0,7,1,5,0,1,-0.00139,0.00043,1.6172,1550,0,0,0,0,0,0,0,0,0,0,0,0,0,0,0,0,0,0,0,0,0
4874240,2380,0,6,0,1,0,5,-0.00089,1e-05,1.6406,1493,0,0,0,0,0,0,0,0,0,0,0,0,0,0,0,0,0,0,0,0,0
4876288,2381,0,7,0,2,1,4,-0.0007,0.0,1.6323,1592,0,0,0,0,0,0,0,0,0,0,0,0,0,0,0,0,0,0,0,0,0
4878336,2382,0,5,0,4,0,1,-0.00234,0.0,1.6225,1621,0,0,0,0,0,0,0,0,0,0,0,0,0,0,0,0,0,0,0,0,0
4880384,2383,0,6,0,3,0,3,-0.00037,0.0,1.6537,1586,0,0,0,0,0,0,0,0,0,0,0,0,0,0,0,0,0,0,0,0,0
4882432,2384,0,5,0,1,0,4,-0.00197,0.0,1.6654,1644,0,0,0,0,0,0,0,0,0,0,0,0,0,0,0,0,0,0,0,0,0
4884480,2385,0,6,0,1,0,5,-0.00195,0.0,1.6854,1448,0,0,0,0,0,0,0,0,0,0,0,0,0,0,0,0,0,0,0,0,0
4886528,2386,0,6,1,1,0,4,-0.00439,0.00034,1.683,1528,0,0,0,0,0,0,0,0,0,0,0,0,0,0,0,0,0,0,0,0,0
4888576,2387,0,8,0,4,0,4,-0.00087,1e-05,1.7083,1429,0,0,0,0,0,0,0,0,0,0,0,0,0,0,0,0,0,0,0,0,0
4890624,2388,0,6,0,3,0,3,-0.00072,0.0,1.699,1571,0,0,0,0,0,0,0,0,0,0,0,0,0,0,0,0,0,0,0,0,0
4892672,2389,0,5,0,2,0,3,0.001,0.0,1.6927,1500,0,0,0,0,0,0,0,0,0,0,0,0,0,0,0,0,0,0,0,0,0
4894720,2390,0,6,0,1,1,4,0.00045,0.0,1.7038,1570,0,0,0,0,0,0,0,0,0,0,0,0,0,0,0,0,0,0,0,0,0
4896768,2391,0,3,0,0,0,3,-0.00093,0.0,1.7034,1474,0,0,0,0,0,0,0,0,0,0,0,0,0,0,0,0,0,0,0,0,0
4898816,2392,0,6,0,3,0,3,-0.00034,0.0,1.6882,1534,0,0,0,0,0,0,0,0,0,0,0,0,0,0,0,0,0,0,0,0,0
4900864,2393,0,4,0,1,0,3,0.00027,0.0,1.6868,1684,0,0,0,0,0,0,0,0,0,0,0,0,0,0,0,0,0,0,0,0,0
4902912,2394,0,7,0,2,0,5,-0.00252,0.0,1.6776,1691,0,0,0,0,0,0,0,0,0,0,0,0,0,0,0,0,0,0,0,0,0
4904960,2395,0,6,0,4,0,2,-0.00144,0.0,1.6819,1692,0,0,0,0,0,0,0,0,0,0,0,0,0,0,0,0,0,0,0,0,0
4907008,2396,0,5,0,1,0,4,-0.00162,0.0,1.7023,1753,0,0,0,0,0,0,0,0,0,0,0,0,0,0,0,0,0,0,0,0,0
4909056,2397,0,5,0,3,0,2,-0.00202,0.0,1.7012,1592,0,0,0,0,0,0,0,0,0,0,0,0,0,0,0,0,0,0,0,0,0
4911104,2398,0,9,0,6,0,3,-0.00142,0.0,1.6916,1672,0,0,0,0,0,0,0,0,0,0,0,0,0,0,0,0,0,0,0,0,0
4913152,2399,0,5,0,0,0,5,-0.00029,0.0,1.6863,1689,0,0,0,0,0,0,0,0,0,0,0,0,0,0,0,0,0,0,0,0,0
4915200,2400,0,5,0,3,0,2,-0.00193,0.0,1.6941,1578,0,0,0,0,0,0,0,0,0,0,0,0,0,0,0,0,0,0,0,0,0
4917248,2401,0,6,0,2,0,4,-0.0034,0.0,1.6903,1652,0,0,0,0,0,0,0,0,0,0,0,0,0,0,0,0,0,0,0,0,0
4919296,2402,0,7,0,2,0,5,-0.00272,0.0,1.6916,1553,0,0,0,0,0,0,0,0,0,0,0,0,0,0,0,0,0,0,0,0,0
4921344,2403,0,4,0,1,0,3,-0.00083,0.0,1.6828,1699,0,0,0,0,0,0,0,0,0,0,0,0,0,0,0,0,0,0,0,0,0
4923392,2404,0,10,0,5,0,5,-0.00467,0.0,1.6842,1644,0,0,0,0,0,0,0,0,0,0,0,0,0,0,0,0,0,0,0,0,0
4925440,2405,0,5,0,1,0,4,0.0003,0.0,1.6673,1485,0,0,0,0,0,0,0,0,0,0,0,0,0,0,0,0,0,0,0,0,0
4927488,2406,0,6,0,4,0,2,-0.00231,0.0,1.6627,1543,0,0,0,0,0,0,0,0,0,0,0,0,0,0,0,0,0,0,0,0,0
4929536,2407,0,3,0,0,0,3,-0.00358,0.0,1.6692,1619,0,0,0,0,0,0,0,0,0,0,0,0,0,0,0,0,0,0,0,0,0
4931584,2408,0,7,1,1,0,5,-0.001,0.0013,1.6653,1619,0,0,0,0,0,0,0,0,0,0,0,0,0,0,0,0,0,0,0,0,0
4933632,2409,0,4,0,1,0,3,-0.00211,2e-05,1.6676,1575,0,0,0,0,0,0,0,0,0,0,0,0,0,0,0,0,0,0,0,0,0
4935680,2410,0,4,0,0,0,4,-0.00165,1e-05,1.6745,1671,0,0,0,0,0,0,0,0,0,0,0,0,0,0,0,0,0,0,0,0,0
4937728,2411,0,4,0,2,0,2,-0.00299,1e-05,1.6767,1625,0,0,0,0,0,0,0,0,0,0,0,0,0,0,0,0,0,0,0,0,0
4939776,2412,0,8,0,1,0,7,-0.00309,0.0,1.6752,1621,0,0,0,0,0,0,0,0,0,0,0,0,0,0,0,0,0,0,0,0,0
4941824,2413,0,3,0,0,0,3,-0.00326,0.0,1.6718,1712,0,0,0,0,0,0,0,0,0,0,0,0,0,0,0,0,0,0,0,0,0
4943872,2414,0,4,0,1,0,3,0.00092,0.0,1.6668,1671,0,0,0,0,0,0,0,0,0,0,0,0,0,0,0,0,0,0,0,0,0
4945920,2415,0,6,0,3,0,3,0.00176,0.0,1.6725,1643,0,0,0,0,0,0,0,0,0,0,0,0,0,0,0,0,0,0,0,0,0
4947968,2416,0,7,0,1,0,6,-0.00316,0.0,1.6737,1603,0,0,0,0,0,0,0,0,0,0,0,0,0,0,0,0,0,0,0,0,0
4950016,2417,0,1,0,0,0,1,-0.00128,0.0,1.6687,1577,0,0,0,0,0,0,0,0,0,0,0,0,0,0,0,0,0,0,0,0,0
4952064,2418,0,7,0,1,1,5,-0.00284,0.0,1.6728,1487,0,0,0,0,0,0,0,0,0,0,0,0,0,0,0,0,0,0,0,0,0
4954112,2419,0,6,0,1,0,5,-0.00106,0.0,1.6696,1470,0,0,0,0,0,0,0,0,0,0,0,0,0,0,0,0,0,0,0,0,0
4956160,2420,0,8,0,4,0,4,0.00078,0.0,1.6628,1517,0,0,0,0,0,0,0,0,0,0,0,0,0,0,0,0,0,0,0,0,0
4958208,2421,0,5,0,2,0,3,-0.00268,0.0,1.6779,1503,0,0,0,0,0,0,0,0,0,0,0,0,0,0,0,0,0,0,0,0,0
4960256,2422,0,5,0,1,0,4,-0.00113,1e-05,1.677,1554,0,0,0,0,0,0,0,0,0,0,0,0,0,0,0,0,0,0,0,0,0
4962304,2423,0,2,0,1,0,1,-0.00335,1e-05,1.6834,1579,0,0,0,0,0,0,0,0,0,0,0,0,0,0,0,0,0,0,0,0,0
4964352,2424,0,6,0,0,0,6,-0.00086,1e-05,1.6969,1574,0,0,0,0,0,0,0,0,0,0,0,0,0,0,0,0,0,0,0,0,0
4966400,2425,0,7,0,3,0,4,-0.00203,0.0,1.7042,1658,0,0,0,0,0,0,0,0,0,0,0,0,0,0,0,0,0,0,0,0,0
4968448,2426,0,4,0,1,0,3,0.00028,0.0,1.7207,1688,0,0,0,0,0,0,0,0,0,0,0,0,0,0,0,0,0,0,0,0,0
4970496,2427,0,6,0,3,0,3,0.00189,0.0,1.7266,1667,0,0,0,0,0,0,0,0,0,0,0,0,0,0,0,0,0,0,0,0,0
4972544,2428,0,3,0,0,0,3,-0.0035,0.0,1.7385,1609,0,0,0,0,0,0,0,0,0,0,0,0,0,0,0,0,0,0,0,0,0
4974592,2429,0,8,0,3,0,5,-0.00365,0.0,1.7569,1637,0,0,0,0,0,0,0,0,0,0,0,0,0,0,0,0,0,0,0,0,0
4976640,2430,0,3,0,1,0,2,-0.00035,1e-05,1.7463,1527,0,0,0,0,0,0,0,0,0,0,0,0,0,0,0,0,0,0,0,0,0
4978688,2431,0,8,0,3,1,4,-0.00127,0.0,1.732,1621,0,0,0,0,0,0,0,0,0,0,0,0,0,0,0,0,0,0,0,0,0
4980736,2432,0,2,0,0,0,2,-0.0038,1e-05,1.7327,1673,0,0,0,0,0,0,0,0,0,0,0,0,0,0,0,0,0,0,0,0,0
4982784,2433,0,5,0,1,0,4,0.00525,1e-05,1.7549,1596,0,0,0,0,0,0,0,0,0,0,0,0,0,0,0,0,0,0,0,0,0
4984832,2434,0,5,0,1,0,4,-0.00486,1e-05,1.754,1624,0,0,0,0,0,0,0,0,0,0,0,0,0,0,0,0,0,0,0,0,0
4986880,2435,0,7,0,2,0,5,-0.00321,1e-05,1.7474,1710,0,0,0,0,0,0,0,0,0,0,0,0,0,0,0,0,0,0,0,0,0
4988928,2436,0,3,0,0,0,3,0.0001,1e-05,1.7212,1721,0,0,0,0,0,0,0,0,0,0,0,0,0,0,0,0,0,0,0,0,0
4990976,2437,0,4,0,1,0,3,-0.00134,1e-05,1.735,1569,0,0,0,0,0,0,0,0,0,0,0,0,0,0,0,0,0,0,0,0,0
4993024,2438,0,4,0,0,0,4,0.00047,1e-05,1.7503,1635,0,0,0,0,0,0,0,0,0,0,0,0,0,0,0,0,0,0,0,0,0
4995072,2439,0,7,0,1,0,6,0.00157,1e-05,1.7283,1570,0,0,0,0,0,0,0,0,0,0,0,0,0,0,0,0,0,0,0,0,0
4997120,2440,0,5,0,2,0,3,-0.00296,0.0,1.6923,1651,0,0,0,0,0,0,0,0,0,0,0,0,0,0,0,0,0,0,0,0,0
4999168,2441,0,3,0,1,0,2,0.001,0.0,1.6974,1543,0,0,0,0,0,0,0,0,0,0,0,0,0,0,0,0,0,0,0,0,0
5001216,2442,0,6,0,1,0,5,-0.00255,1e-05,1.6757,1597,0,0,0,0,0,0,0,0,0,0,0,0,0,0,0,0,0,0,0,0,0
