global_step,update,phase,episodes,success,lava,ball,timeout,pg_loss,v_loss,entropy,sps,sub_navigate_n,sub_navigate_success,sub_hazard_n,sub_hazard_success,sub_key_door_n,sub_key_door_success,choose_navigate,choose_hazard,choose_key_door,success_under_navigate,lava_under_navigate,ball_under_navigate,timeout_under_navigate,success_under_hazard,lava_under_hazard,ball_under_hazard,timeout_under_hazard,success_under_key_door,lava_under_key_door,ball_under_key_door,timeout_under_key_door
2048,1,0,9,0,9,0,0,-0.00034,0.00049,1.9459,2910,0,0,0,0,0,0,0,0,0,0,0,0,0,0,0,0,0,0,0,0,0
4096,2,0,14,0,2,0,12,-0.00184,0.00026,1.9447,3160,0,0,0,0,0,0,0,0,0,0,0,0,0,0,0,0,0,0,0,0,0
6144,3,0,5,0,1,0,4,-0.00134,0.00064,1.9232,3067,0,0,0,0,0,0,0,0,0,0,0,0,0,0,0,0,0,0,0,0,0
8192,4,0,20,0,8,0,12,-0.00172,0.00072,1.9248,3254,0,0,0,0,0,0,0,0,0,0,0,0,0,0,0,0,0,0,0,0,0
10240,5,0,15,0,4,0,11,-0.00109,0.00052,1.8996,3052,0,0,0,0,0,0,0,0,0,0,0,0,0,0,0,0,0,0,0,0,0
12288,6,0,9,0,6,0,3,-0.00121,0.00055,1.8797,3046,0,0,0,0,0,0,0,0,0,0,0,0,0,0,0,0,0,0,0,0,0
14336,7,0,14,1,1,0,12,-0.00439,0.00123,1.8964,2904,0,0,0,0,0,0,0,0,0,0,0,0,0,0,0,0,0,0,0,0,0
16384,8,0,13,0,4,0,9,-0.00186,0.00094,1.9133,2938,0,0,0,0,0,0,0,0,0,0,0,0,0,0,0,0,0,0,0,0,0
18432,9,0,13,0,6,0,7,-0.00021,0.0006,1.9118,3239,0,0,0,0,0,0,0,0,0,0,0,0,0,0,0,0,0,0,0,0,0
20480,10,0,11,0,7,0,4,-0.00266,0.00073,1.8717,3522,0,0,0,0,0,0,0,0,0,0,0,0,0,0,0,0,0,0,0,0,0
22528,11,0,18,0,5,0,13,-0.00116,0.0007,1.8556,3259,0,0,0,0,0,0,0,0,0,0,0,0,0,0,0,0,0,0,0,0,0
24576,12,0,8,0,3,0,5,-0.00068,0.00079,1.8361,3084,0,0,0,0,0,0,0,0,0,0,0,0,0,0,0,0,0,0,0,0,0
26624,13,0,20,0,9,0,11,-0.0043,0.00099,1.878,2757,0,0,0,0,0,0,0,0,0,0,0,0,0,0,0,0,0,0,0,0,0
28672,14,0,13,1,6,0,6,-0.00059,0.00136,1.8694,2966,0,0,0,0,0,0,0,0,0,0,0,0,0,0,0,0,0,0,0,0,0
30720,15,0,16,0,8,0,8,-0.00104,0.0007,1.882,2751,0,0,0,0,0,0,0,0,0,0,0,0,0,0,0,0,0,0,0,0,0
32768,16,0,16,0,7,0,9,-0.00125,0.00082,1.8553,2921,0,0,0,0,0,0,0,0,0,0,0,0,0,0,0,0,0,0,0,0,0
34816,17,0,8,0,2,0,6,-0.00214,0.00078,1.8272,3058,0,0,0,0,0,0,0,0,0,0,0,0,0,0,0,0,0,0,0,0,0
36864,18,0,14,0,3,0,11,-0.00083,0.00052,1.8138,3169,0,0,0,0,0,0,0,0,0,0,0,0,0,0,0,0,0,0,0,0,0
38912,19,0,16,0,7,0,9,0.00017,0.00094,1.7947,3025,0,0,0,0,0,0,0,0,0,0,0,0,0,0,0,0,0,0,0,0,0
40960,20,0,17,0,8,0,9,-0.00269,0.00077,1.742,2687,0,0,0,0,0,0,0,0,0,0,0,0,0,0,0,0,0,0,0,0,0
43008,21,0,10,0,3,1,6,0.00016,0.00082,1.7481,2929,0,0,0,0,0,0,0,0,0,0,0,0,0,0,0,0,0,0,0,0,0
45056,22,0,17,0,6,1,10,-0.00212,0.00113,1.7194,3067,0,0,0,0,0,0,0,0,0,0,0,0,0,0,0,0,0,0,0,0,0
47104,23,0,9,0,3,0,6,-0.00217,0.00101,1.7444,3156,0,0,0,0,0,0,0,0,0,0,0,0,0,0,0,0,0,0,0,0,0
49152,24,0,13,0,2,1,10,-0.00102,0.00111,1.7447,3155,0,0,0,0,0,0,0,0,0,0,0,0,0,0,0,0,0,0,0,0,0
51200,25,0,13,0,4,0,9,-0.00236,0.00074,1.7059,3135,0,0,0,0,0,0,0,0,0,0,0,0,0,0,0,0,0,0,0,0,0
53248,26,0,16,0,9,0,7,-0.00147,0.00096,1.7618,2959,0,0,0,0,0,0,0,0,0,0,0,0,0,0,0,0,0,0,0,0,0
55296,27,0,14,0,2,1,11,-0.00031,0.00095,1.723,2944,0,0,0,0,0,0,0,0,0,0,0,0,0,0,0,0,0,0,0,0,0
57344,28,0,14,0,5,0,9,-0.00127,0.00059,1.6525,2915,0,0,0,0,0,0,0,0,0,0,0,0,0,0,0,0,0,0,0,0,0
59392,29,0,12,0,5,0,7,-0.0025,0.00047,1.6239,2966,0,0,0,0,0,0,0,0,0,0,0,0,0,0,0,0,0,0,0,0,0
61440,30,0,12,0,2,0,10,-0.0036,0.00096,1.658,2927,0,0,0,0,0,0,0,0,0,0,0,0,0,0,0,0,0,0,0,0,0
63488,31,0,14,0,4,0,10,-0.00463,0.0006,1.559,2874,0,0,0,0,0,0,0,0,0,0,0,0,0,0,0,0,0,0,0,0,0
65536,32,0,8,0,4,0,4,-0.00026,0.00063,1.5534,3058,0,0,0,0,0,0,0,0,0,0,0,0,0,0,0,0,0,0,0,0,0
67584,33,0,17,0,7,0,10,-0.00284,0.0012,1.6045,2717,0,0,0,0,0,0,0,0,0,0,0,0,0,0,0,0,0,0,0,0,0
69632,34,0,11,1,2,1,7,-0.00133,0.00075,1.6667,3053,0,0,0,0,0,0,0,0,0,0,0,0,0,0,0,0,0,0,0,0,0
71680,35,0,14,0,5,0,9,-0.00162,0.00072,1.6719,3200,0,0,0,0,0,0,0,0,0,0,0,0,0,0,0,0,0,0,0,0,0
73728,36,0,14,0,4,0,10,-0.00128,0.00073,1.6836,3070,0,0,0,0,0,0,0,0,0,0,0,0,0,0,0,0,0,0,0,0,0
75776,37,0,10,0,5,0,5,-0.00021,0.00069,1.6431,2868,0,0,0,0,0,0,0,0,0,0,0,0,0,0,0,0,0,0,0,0,0
77824,38,0,19,0,5,0,14,-0.00132,0.00094,1.6253,2886,0,0,0,0,0,0,0,0,0,0,0,0,0,0,0,0,0,0,0,0,0
79872,39,0,12,0,5,0,7,-0.00043,0.00066,1.6436,3059,0,0,0,0,0,0,0,0,0,0,0,0,0,0,0,0,0,0,0,0,0
81920,40,0,9,0,1,0,8,-0.00247,0.00126,1.6674,2977,0,0,0,0,0,0,0,0,0,0,0,0,0,0,0,0,0,0,0,0,0
83968,41,0,17,0,6,0,11,-0.00273,0.0008,1.7015,2877,0,0,0,0,0,0,0,0,0,0,0,0,0,0,0,0,0,0,0,0,0
86016,42,0,13,0,4,0,9,-0.00359,0.00082,1.66,3424,0,0,0,0,0,0,0,0,0,0,0,0,0,0,0,0,0,0,0,0,0
88064,43,0,10,0,2,0,8,-0.00316,0.00043,1.6587,3285,0,0,0,0,0,0,0,0,0,0,0,0,0,0,0,0,0,0,0,0,0
90112,44,0,13,0,2,0,11,-0.00024,0.00089,1.6123,3207,0,0,0,0,0,0,0,0,0,0,0,0,0,0,0,0,0,0,0,0,0
92160,45,0,13,0,4,0,9,-0.00127,0.0007,1.5461,3205,0,0,0,0,0,0,0,0,0,0,0,0,0,0,0,0,0,0,0,0,0
94208,46,0,13,0,4,0,9,-0.00248,0.0008,1.5819,3227,0,0,0,0,0,0,0,0,0,0,0,0,0,0,0,0,0,0,0,0,0
96256,47,0,16,0,6,2,8,-0.00353,0.00108,1.4955,3283,0,0,0,0,0,0,0,0,0,0,0,0,0,0,0,0,0,0,0,0,0
98304,48,0,15,0,5,0,10,-0.00293,0.00078,1.4431,2801,0,0,0,0,0,0,0,0,0,0,0,0,0,0,0,0,0,0,0,0,0
100352,49,0,16,0,7,0,9,-0.00192,0.00094,1.5204,3145,0,0,0,0,0,0,0,0,0,0,0,0,0,0,0,0,0,0,0,0,0
102400,50,0,10,0,5,0,5,-0.00328,0.00054,1.575,2645,0,0,0,0,0,0,0,0,0,0,0,0,0,0,0,0,0,0,0,0,0
104448,51,0,11,0,0,0,11,-0.0032,0.00074,1.4585,3035,0,0,0,0,0,0,0,0,0,0,0,0,0,0,0,0,0,0,0,0,0
106496,52,0,16,0,4,0,12,-0.00209,0.00095,1.4612,3018,0,0,0,0,0,0,0,0,0,0,0,0,0,0,0,0,0,0,0,0,0
108544,53,0,18,0,10,0,8,-0.00102,0.00084,1.4964,3163,0,0,0,0,0,0,0,0,0,0,0,0,0,0,0,0,0,0,0,0,0
110592,54,0,9,0,3,0,6,-0.00193,0.00057,1.499,3271,0,0,0,0,0,0,0,0,0,0,0,0,0,0,0,0,0,0,0,0,0
112640,55,0,18,0,6,1,11,-0.001,0.00092,1.506,3317,0,0,0,0,0,0,0,0,0,0,0,0,0,0,0,0,0,0,0,0,0
114688,56,0,13,0,6,1,6,-0.00151,0.00102,1.5401,3070,0,0,0,0,0,0,0,0,0,0,0,0,0,0,0,0,0,0,0,0,0
116736,57,0,14,1,7,0,6,-0.00037,0.00083,1.535,3364,0,0,0,0,0,0,0,0,0,0,0,0,0,0,0,0,0,0,0,0,0
118784,58,0,17,0,4,2,11,-0.00155,0.00095,1.4783,3388,0,0,0,0,0,0,0,0,0,0,0,0,0,0,0,0,0,0,0,0,0
120832,59,0,19,0,15,0,4,0.00015,0.00056,1.4917,3216,0,0,0,0,0,0,0,0,0,0,0,0,0,0,0,0,0,0,0,0,0
122880,60,0,13,0,8,0,5,-0.00179,0.00097,1.5371,2910,0,0,0,0,0,0,0,0,0,0,0,0,0,0,0,0,0,0,0,0,0
124928,61,0,15,0,3,1,11,-0.00178,0.001,1.5294,2597,0,0,0,0,0,0,0,0,0,0,0,0,0,0,0,0,0,0,0,0,0
126976,62,0,11,0,3,1,7,0.00043,0.00095,1.5356,2926,0,0,0,0,0,0,0,0,0,0,0,0,0,0,0,0,0,0,0,0,0
129024,63,0,15,0,4,0,11,-0.00061,0.00058,1.556,3149,0,0,0,0,0,0,0,0,0,0,0,0,0,0,0,0,0,0,0,0,0
131072,64,0,14,0,5,0,9,-0.00091,0.00076,1.573,3024,0,0,0,0,0,0,0,0,0,0,0,0,0,0,0,0,0,0,0,0,0
133120,65,0,10,0,2,0,8,-0.00519,0.00067,1.5087,2809,0,0,0,0,0,0,0,0,0,0,0,0,0,0,0,0,0,0,0,0,0
135168,66,0,16,0,7,0,9,-0.00257,0.00073,1.4421,3024,0,0,0,0,0,0,0,0,0,0,0,0,0,0,0,0,0,0,0,0,0
137216,67,0,13,0,5,0,8,-0.00071,0.00085,1.4779,3146,0,0,0,0,0,0,0,0,0,0,0,0,0,0,0,0,0,0,0,0,0
139264,68,0,15,0,6,0,9,-0.00013,0.00116,1.4959,3279,0,0,0,0,0,0,0,0,0,0,0,0,0,0,0,0,0,0,0,0,0
141312,69,0,15,3,5,2,5,-0.00122,0.00136,1.4841,3325,0,0,0,0,0,0,0,0,0,0,0,0,0,0,0,0,0,0,0,0,0
143360,70,0,13,0,3,2,8,-0.00403,0.00092,1.4609,3116,0,0,0,0,0,0,0,0,0,0,0,0,0,0,0,0,0,0,0,0,0
145408,71,0,12,1,4,0,7,-0.00138,0.00092,1.4998,3368,0,0,0,0,0,0,0,0,0,0,0,0,0,0,0,0,0,0,0,0,0
147456,72,0,18,0,7,0,11,-0.00239,0.00109,1.4938,3249,0,0,0,0,0,0,0,0,0,0,0,0,0,0,0,0,0,0,0,0,0
149504,73,0,9,1,4,0,4,-0.00128,0.00089,1.493,3242,0,0,0,0,0,0,0,0,0,0,0,0,0,0,0,0,0,0,0,0,0
151552,74,0,16,0,7,0,9,-0.00504,0.00117,1.4932,3337,0,0,0,0,0,0,0,0,0,0,0,0,0,0,0,0,0,0,0,0,0
153600,75,0,18,0,6,1,11,-0.00404,0.00081,1.4687,3016,0,0,0,0,0,0,0,0,0,0,0,0,0,0,0,0,0,0,0,0,0
155648,76,0,10,0,6,0,4,-0.00352,0.00105,1.4951,3381,0,0,0,0,0,0,0,0,0,0,0,0,0,0,0,0,0,0,0,0,0
157696,77,0,19,0,8,0,11,-0.00098,0.00083,1.4851,2966,0,0,0,0,0,0,0,0,0,0,0,0,0,0,0,0,0,0,0,0,0
159744,78,0,11,1,3,0,7,-0.00116,0.00079,1.4862,3407,0,0,0,0,0,0,0,0,0,0,0,0,0,0,0,0,0,0,0,0,0
161792,79,0,16,0,8,0,8,-0.00091,0.00094,1.4664,3205,0,0,0,0,0,0,0,0,0,0,0,0,0,0,0,0,0,0,0,0,0
163840,80,0,11,0,2,1,8,-0.00124,0.00092,1.4906,3089,0,0,0,0,0,0,0,0,0,0,0,0,0,0,0,0,0,0,0,0,0
165888,81,0,18,0,9,2,7,-0.00127,0.00115,1.5191,3110,0,0,0,0,0,0,0,0,0,0,0,0,0,0,0,0,0,0,0,0,0
167936,82,0,12,0,3,2,7,-0.00281,0.0009,1.5571,3001,0,0,0,0,0,0,0,0,0,0,0,0,0,0,0,0,0,0,0,0,0
169984,83,0,15,0,7,1,7,-0.00211,0.00092,1.5248,2978,0,0,0,0,0,0,0,0,0,0,0,0,0,0,0,0,0,0,0,0,0
172032,84,0,18,0,8,1,9,-0.00098,0.00077,1.5831,3245,0,0,0,0,0,0,0,0,0,0,0,0,0,0,0,0,0,0,0,0,0
174080,85,0,13,1,7,0,5,-0.00096,0.00214,1.5876,3342,0,0,0,0,0,0,0,0,0,0,0,0,0,0,0,0,0,0,0,0,0
176128,86,0,16,0,6,0,10,-0.00231,0.00077,1.6142,3371,0,0,0,0,0,0,0,0,0,0,0,0,0,0,0,0,0,0,0,0,0
178176,87,0,16,0,7,1,8,-0.00158,0.00109,1.5964,3034,0,0,0,0,0,0,0,0,0,0,0,0,0,0,0,0,0,0,0,0,0
180224,88,0,15,1,5,0,9,-0.00202,0.00115,1.574,2758,0,0,0,0,0,0,0,0,0,0,0,0,0,0,0,0,0,0,0,0,0
182272,89,0,10,1,3,0,6,-0.0038,0.00144,1.4666,2941,0,0,0,0,0,0,0,0,0,0,0,0,0,0,0,0,0,0,0,0,0
184320,90,0,16,0,6,0,10,-0.00198,0.00063,1.5244,2804,0,0,0,0,0,0,0,0,0,0,0,0,0,0,0,0,0,0,0,0,0
186368,91,0,12,0,4,0,8,-0.00037,0.00089,1.5337,3238,0,0,0,0,0,0,0,0,0,0,0,0,0,0,0,0,0,0,0,0,0
188416,92,0,17,2,6,0,9,-0.0021,0.0013,1.5208,3215,0,0,0,0,0,0,0,0,0,0,0,0,0,0,0,0,0,0,0,0,0
190464,93,0,14,0,6,1,7,-0.00123,0.00073,1.5103,3230,0,0,0,0,0,0,0,0,0,0,0,0,0,0,0,0,0,0,0,0,0
192512,94,0,15,0,7,0,8,-0.00147,0.00079,1.4907,3412,0,0,0,0,0,0,0,0,0,0,0,0,0,0,0,0,0,0,0,0,0
194560,95,0,16,1,8,1,6,-0.00361,0.00101,1.5115,3280,0,0,0,0,0,0,0,0,0,0,0,0,0,0,0,0,0,0,0,0,0
196608,96,0,13,0,3,0,10,-0.00315,0.00099,1.4653,3071,0,0,0,0,0,0,0,0,0,0,0,0,0,0,0,0,0,0,0,0,0
198656,97,0,19,0,8,1,10,-0.00112,0.00072,1.5335,3147,0,0,0,0,0,0,0,0,0,0,0,0,0,0,0,0,0,0,0,0,0
200704,98,0,9,0,2,1,6,-0.0044,0.00081,1.5593,2749,0,0,0,0,0,0,0,0,0,0,0,0,0,0,0,0,0,0,0,0,0
202752,99,0,17,0,6,2,9,-0.00375,0.00092,1.6085,2911,0,0,0,0,0,0,0,0,0,0,0,0,0,0,0,0,0,0,0,0,0
204800,100,0,14,0,4,0,10,-0.00391,0.00091,1.6335,3160,0,0,0,0,0,0,0,0,0,0,0,0,0,0,0,0,0,0,0,0,0
206848,101,0,22,0,13,0,9,-0.00478,0.00096,1.6266,2872,0,0,0,0,0,0,0,0,0,0,0,0,0,0,0,0,0,0,0,0,0
208896,102,0,12,0,4,1,7,-0.00282,0.00057,1.5917,2788,0,0,0,0,0,0,0,0,0,0,0,0,0,0,0,0,0,0,0,0,0
210944,103,0,14,0,4,0,10,-0.00269,0.00117,1.5543,2660,0,0,0,0,0,0,0,0,0,0,0,0,0,0,0,0,0,0,0,0,0
212992,104,0,12,0,5,0,7,-0.00232,0.00053,1.5508,3199,0,0,0,0,0,0,0,0,0,0,0,0,0,0,0,0,0,0,0,0,0
215040,105,0,13,0,4,0,9,-0.00252,0.00062,1.54,3029,0,0,0,0,0,0,0,0,0,0,0,0,0,0,0,0,0,0,0,0,0
217088,106,0,11,0,4,0,7,-0.00285,0.00078,1.4867,2496,0,0,0,0,0,0,0,0,0,0,0,0,0,0,0,0,0,0,0,0,0
219136,107,0,15,0,3,0,12,-0.00375,0.00079,1.4675,2606,0,0,0,0,0,0,0,0,0,0,0,0,0,0,0,0,0,0,0,0,0
221184,108,0,11,0,5,1,5,-0.00127,0.00078,1.5266,2825,0,0,0,0,0,0,0,0,0,0,0,0,0,0,0,0,0,0,0,0,0
223232,109,0,13,0,3,0,10,-0.00268,0.0006,1.4563,2562,0,0,0,0,0,0,0,0,0,0,0,0,0,0,0,0,0,0,0,0,0
225280,110,0,20,0,7,1,12,-0.0022,0.00094,1.5595,3031,0,0,0,0,0,0,0,0,0,0,0,0,0,0,0,0,0,0,0,0,0
227328,111,0,11,0,5,0,6,-0.00213,0.00059,1.4902,2665,0,0,0,0,0,0,0,0,0,0,0,0,0,0,0,0,0,0,0,0,0
229376,112,0,15,1,5,1,8,-0.00386,0.00089,1.5564,2953,0,0,0,0,0,0,0,0,0,0,0,0,0,0,0,0,0,0,0,0,0
231424,113,0,14,0,5,0,9,-0.00154,0.00086,1.5785,3197,0,0,0,0,0,0,0,0,0,0,0,0,0,0,0,0,0,0,0,0,0
233472,114,0,9,0,4,0,5,-0.00385,0.00102,1.6564,3010,0,0,0,0,0,0,0,0,0,0,0,0,0,0,0,0,0,0,0,0,0
235520,115,0,14,0,4,0,10,-0.0018,0.00055,1.6239,2878,0,0,0,0,0,0,0,0,0,0,0,0,0,0,0,0,0,0,0,0,0
237568,116,0,14,0,1,0,13,-0.00275,0.00072,1.5768,3240,0,0,0,0,0,0,0,0,0,0,0,0,0,0,0,0,0,0,0,0,0
239616,117,0,11,0,4,0,7,-0.00254,0.00093,1.6119,3099,0,0,0,0,0,0,0,0,0,0,0,0,0,0,0,0,0,0,0,0,0
241664,118,0,13,0,4,0,9,-0.00594,0.00073,1.5492,3131,0,0,0,0,0,0,0,0,0,0,0,0,0,0,0,0,0,0,0,0,0
243712,119,0,16,0,5,0,11,-0.00202,0.00075,1.5304,2799,0,0,0,0,0,0,0,0,0,0,0,0,0,0,0,0,0,0,0,0,0
245760,120,0,14,0,7,0,7,-0.00237,0.00076,1.5007,3005,0,0,0,0,0,0,0,0,0,0,0,0,0,0,0,0,0,0,0,0,0
247808,121,0,17,0,7,1,9,-0.00523,0.00113,1.5617,3264,0,0,0,0,0,0,0,0,0,0,0,0,0,0,0,0,0,0,0,0,0
249856,122,0,17,0,9,1,7,-0.00178,0.00096,1.572,3124,0,0,0,0,0,0,0,0,0,0,0,0,0,0,0,0,0,0,0,0,0
251904,123,0,15,0,8,0,7,-0.00291,0.00097,1.6309,3274,0,0,0,0,0,0,0,0,0,0,0,0,0,0,0,0,0,0,0,0,0
253952,124,0,19,1,11,0,7,-0.00311,0.00107,1.5878,3090,0,0,0,0,0,0,0,0,0,0,0,0,0,0,0,0,0,0,0,0,0
256000,125,0,16,0,7,0,9,-0.00204,0.0008,1.601,2983,0,0,0,0,0,0,0,0,0,0,0,0,0,0,0,0,0,0,0,0,0
258048,126,0,16,0,7,0,9,-0.00371,0.00104,1.5721,2995,0,0,0,0,0,0,0,0,0,0,0,0,0,0,0,0,0,0,0,0,0
260096,127,0,12,0,3,0,9,-0.0037,0.00106,1.5863,3278,0,0,0,0,0,0,0,0,0,0,0,0,0,0,0,0,0,0,0,0,0
262144,128,0,15,0,6,0,9,-0.0025,0.00091,1.6081,3329,0,0,0,0,0,0,0,0,0,0,0,0,0,0,0,0,0,0,0,0,0
264192,129,0,12,0,4,1,7,-0.00394,0.00096,1.6129,3349,0,0,0,0,0,0,0,0,0,0,0,0,0,0,0,0,0,0,0,0,0
266240,130,0,15,0,7,0,8,-0.00335,0.00122,1.5616,3153,0,0,0,0,0,0,0,0,0,0,0,0,0,0,0,0,0,0,0,0,0
268288,131,0,16,0,6,1,9,-0.00344,0.00103,1.5948,2902,0,0,0,0,0,0,0,0,0,0,0,0,0,0,0,0,0,0,0,0,0
270336,132,0,17,1,7,0,9,-0.00341,0.00192,1.5557,2696,0,0,0,0,0,0,0,0,0,0,0,0,0,0,0,0,0,0,0,0,0
272384,133,0,12,0,5,0,7,-0.00721,0.0009,1.4881,3052,0,0,0,0,0,0,0,0,0,0,0,0,0,0,0,0,0,0,0,0,0
274432,134,0,16,0,5,0,11,-0.00457,0.00128,1.4835,2929,0,0,0,0,0,0,0,0,0,0,0,0,0,0,0,0,0,0,0,0,0
276480,135,0,15,0,8,0,7,-0.00094,0.00108,1.3977,2823,0,0,0,0,0,0,0,0,0,0,0,0,0,0,0,0,0,0,0,0,0
278528,136,0,15,0,6,0,9,-0.00266,0.00096,1.4074,2976,0,0,0,0,0,0,0,0,0,0,0,0,0,0,0,0,0,0,0,0,0
280576,137,0,10,0,2,0,8,-0.0027,0.00126,1.3396,2797,0,0,0,0,0,0,0,0,0,0,0,0,0,0,0,0,0,0,0,0,0
282624,138,0,12,0,3,0,9,-0.00393,0.00107,1.3846,2989,0,0,0,0,0,0,0,0,0,0,0,0,0,0,0,0,0,0,0,0,0
284672,139,0,18,0,5,0,13,-0.00584,0.00115,1.3255,3298,0,0,0,0,0,0,0,0,0,0,0,0,0,0,0,0,0,0,0,0,0
286720,140,0,16,0,10,0,6,-0.00159,0.00141,1.3312,3341,0,0,0,0,0,0,0,0,0,0,0,0,0,0,0,0,0,0,0,0,0
288768,141,0,11,0,6,0,5,0.00211,0.00136,1.2947,3037,0,0,0,0,0,0,0,0,0,0,0,0,0,0,0,0,0,0,0,0,0
290816,142,0,18,0,5,0,13,-0.00611,0.00568,1.2583,3226,0,0,0,0,0,0,0,0,0,0,0,0,0,0,0,0,0,0,0,0,0
292864,143,0,10,0,4,0,6,-0.00328,0.00218,1.274,2946,0,0,0,0,0,0,0,0,0,0,0,0,0,0,0,0,0,0,0,0,0
294912,144,0,14,0,3,1,10,-0.00591,0.00193,1.2773,3226,0,0,0,0,0,0,0,0,0,0,0,0,0,0,0,0,0,0,0,0,0
296960,145,0,14,0,3,0,11,-0.00294,0.00153,1.2286,2965,0,0,0,0,0,0,0,0,0,0,0,0,0,0,0,0,0,0,0,0,0
299008,146,0,8,0,1,1,6,-0.00656,0.00135,1.2579,1998,0,0,0,0,0,0,0,0,0,0,0,0,0,0,0,0,0,0,0,0,0
301056,147,0,15,0,2,0,13,0.00239,0.00172,1.2415,2280,0,0,0,0,0,0,0,0,0,0,0,0,0,0,0,0,0,0,0,0,0
303104,148,0,16,0,6,0,10,-0.00112,0.00152,1.2416,2728,0,0,0,0,0,0,0,0,0,0,0,0,0,0,0,0,0,0,0,0,0
305152,149,0,11,0,4,0,7,-0.00078,0.00152,1.2408,2988,0,0,0,0,0,0,0,0,0,0,0,0,0,0,0,0,0,0,0,0,0
307200,150,0,17,0,5,0,12,-0.00119,0.00133,1.2513,2912,0,0,0,0,0,0,0,0,0,0,0,0,0,0,0,0,0,0,0,0,0
309248,151,0,9,0,2,0,7,-0.00428,0.00128,1.2912,2748,0,0,0,0,0,0,0,0,0,0,0,0,0,0,0,0,0,0,0,0,0
311296,152,0,12,0,1,0,11,-0.00258,0.00169,1.3092,2868,0,0,0,0,0,0,0,0,0,0,0,0,0,0,0,0,0,0,0,0,0
313344,153,0,14,0,2,0,12,-0.00529,0.00134,1.2805,2848,0,0,0,0,0,0,0,0,0,0,0,0,0,0,0,0,0,0,0,0,0
315392,154,0,8,0,1,1,6,-0.00126,0.00134,1.3615,2804,0,0,0,0,0,0,0,0,0,0,0,0,0,0,0,0,0,0,0,0,0
317440,155,0,14,0,2,0,12,-0.00257,0.00162,1.3216,2955,0,0,0,0,0,0,0,0,0,0,0,0,0,0,0,0,0,0,0,0,0
319488,156,0,9,0,0,1,8,-0.00321,0.00107,1.3481,3332,0,0,0,0,0,0,0,0,0,0,0,0,0,0,0,0,0,0,0,0,0
321536,157,0,13,0,4,1,8,-0.004,0.00127,1.2986,3061,0,0,0,0,0,0,0,0,0,0,0,0,0,0,0,0,0,0,0,0,0
323584,158,0,18,0,5,0,13,-0.0004,0.00121,1.3523,2745,0,0,0,0,0,0,0,0,0,0,0,0,0,0,0,0,0,0,0,0,0
325632,159,0,9,0,3,0,6,-0.00526,0.00103,1.31,3101,0,0,0,0,0,0,0,0,0,0,0,0,0,0,0,0,0,0,0,0,0
327680,160,0,16,0,5,0,11,-0.00324,0.00129,1.3215,2703,0,0,0,0,0,0,0,0,0,0,0,0,0,0,0,0,0,0,0,0,0
329728,161,0,17,0,6,0,11,-0.00317,0.00148,1.3007,2840,0,0,0,0,0,0,0,0,0,0,0,0,0,0,0,0,0,0,0,0,0
331776,162,0,8,0,2,0,6,-0.00412,0.00106,1.3205,2788,0,0,0,0,0,0,0,0,0,0,0,0,0,0,0,0,0,0,0,0,0
333824,163,0,12,0,0,0,12,-0.0019,0.00105,1.323,3107,0,0,0,0,0,0,0,0,0,0,0,0,0,0,0,0,0,0,0,0,0
335872,164,0,15,0,2,0,13,-0.00299,0.00104,1.3976,2823,0,0,0,0,0,0,0,0,0,0,0,0,0,0,0,0,0,0,0,0,0
337920,165,0,8,0,2,0,6,-0.00445,0.00144,1.4221,3160,0,0,0,0,0,0,0,0,0,0,0,0,0,0,0,0,0,0,0,0,0
339968,166,0,12,0,2,0,10,-0.00422,0.00098,1.3952,3261,0,0,0,0,0,0,0,0,0,0,0,0,0,0,0,0,0,0,0,0,0
342016,167,0,13,0,4,0,9,-0.00394,0.00125,1.3895,3051,0,0,0,0,0,0,0,0,0,0,0,0,0,0,0,0,0,0,0,0,0
344064,168,0,14,0,6,0,8,-0.00569,0.00145,1.3836,3068,0,0,0,0,0,0,0,0,0,0,0,0,0,0,0,0,0,0,0,0,0
346112,169,0,9,0,1,0,8,-0.00418,0.00114,1.4126,2960,0,0,0,0,0,0,0,0,0,0,0,0,0,0,0,0,0,0,0,0,0
348160,170,0,12,0,1,0,11,-0.00566,0.00163,1.424,3200,0,0,0,0,0,0,0,0,0,0,0,0,0,0,0,0,0,0,0,0,0
350208,171,0,12,0,1,0,11,-0.00569,0.00145,1.4243,3027,0,0,0,0,0,0,0,0,0,0,0,0,0,0,0,0,0,0,0,0,0
352256,172,0,13,0,3,0,10,0.00213,0.00172,1.4826,3175,0,0,0,0,0,0,0,0,0,0,0,0,0,0,0,0,0,0,0,0,0
354304,173,0,10,0,2,1,7,-0.00343,0.00158,1.4509,3088,0,0,0,0,0,0,0,0,0,0,0,0,0,0,0,0,0,0,0,0,0
356352,174,0,13,0,2,0,11,-0.00455,0.00131,1.4021,2225,0,0,0,0,0,0,0,0,0,0,0,0,0,0,0,0,0,0,0,0,0
358400,175,0,13,0,2,0,11,-0.00339,0.00156,1.4032,1763,0,0,0,0,0,0,0,0,0,0,0,0,0,0,0,0,0,0,0,0,0
360448,176,0,9,0,0,0,9,0.00016,0.00121,1.3843,2160,0,0,0,0,0,0,0,0,0,0,0,0,0,0,0,0,0,0,0,0,0
362496,177,0,14,0,5,0,9,-0.00233,0.0013,1.3593,2658,0,0,0,0,0,0,0,0,0,0,0,0,0,0,0,0,0,0,0,0,0
364544,178,0,14,0,2,0,12,-0.00311,0.00138,1.3842,2897,0,0,0,0,0,0,0,0,0,0,0,0,0,0,0,0,0,0,0,0,0
366592,179,0,11,0,2,0,9,-0.00551,0.00119,1.3001,3126,0,0,0,0,0,0,0,0,0,0,0,0,0,0,0,0,0,0,0,0,0
368640,180,0,11,0,2,1,8,-0.00217,0.00125,1.2693,3355,0,0,0,0,0,0,0,0,0,0,0,0,0,0,0,0,0,0,0,0,0
370688,181,0,15,0,3,0,12,-0.00136,0.00123,1.2723,3157,0,0,0,0,0,0,0,0,0,0,0,0,0,0,0,0,0,0,0,0,0
372736,182,0,9,0,1,0,8,-0.00077,0.0012,1.3031,3320,0,0,0,0,0,0,0,0,0,0,0,0,0,0,0,0,0,0,0,0,0
374784,183,0,13,0,2,0,11,-0.00429,0.00152,1.256,2813,0,0,0,0,0,0,0,0,0,0,0,0,0,0,0,0,0,0,0,0,0
376832,184,0,12,0,2,0,10,-0.00475,0.00123,1.3289,3361,0,0,0,0,0,0,0,0,0,0,0,0,0,0,0,0,0,0,0,0,0
378880,185,0,10,0,3,0,7,-0.00233,0.00111,1.3009,2969,0,0,0,0,0,0,0,0,0,0,0,0,0,0,0,0,0,0,0,0,0
380928,186,0,16,0,2,0,14,-0.00173,0.00135,1.361,2787,0,0,0,0,0,0,0,0,0,0,0,0,0,0,0,0,0,0,0,0,0
382976,187,0,12,0,2,1,9,-0.00263,0.00139,1.3604,3144,0,0,0,0,0,0,0,0,0,0,0,0,0,0,0,0,0,0,0,0,0
385024,188,0,8,0,1,0,7,-0.00506,0.00098,1.4314,3205,0,0,0,0,0,0,0,0,0,0,0,0,0,0,0,0,0,0,0,0,0
387072,189,0,18,0,5,0,13,-0.00409,0.00152,1.3957,3332,0,0,0,0,0,0,0,0,0,0,0,0,0,0,0,0,0,0,0,0,0
389120,190,0,11,0,1,0,10,-0.00176,0.00125,1.4651,3011,0,0,0,0,0,0,0,0,0,0,0,0,0,0,0,0,0,0,0,0,0
391168,191,0,12,0,5,0,7,-0.00494,0.0013,1.3615,3471,0,0,0,0,0,0,0,0,0,0,0,0,0,0,0,0,0,0,0,0,0
393216,192,0,18,2,6,0,10,-0.00374,0.00122,1.4296,3170,0,0,0,0,0,0,0,0,0,0,0,0,0,0,0,0,0,0,0,0,0
395264,193,0,12,1,2,0,9,-0.00403,0.00256,1.4539,3164,0,0,0,0,0,0,0,0,0,0,0,0,0,0,0,0,0,0,0,0,0
397312,194,0,11,2,1,0,8,-0.00397,0.00231,1.4808,2965,0,0,0,0,0,0,0,0,0,0,0,0,0,0,0,0,0,0,0,0,0
399360,195,0,15,0,2,1,12,-0.00345,0.00152,1.4674,2957,0,0,0,0,0,0,0,0,0,0,0,0,0,0,0,0,0,0,0,0,0
401408,196,0,13,0,2,1,10,-0.00371,0.00133,1.4807,3093,0,0,0,0,0,0,0,0,0,0,0,0,0,0,0,0,0,0,0,0,0
403456,197,0,11,0,3,1,7,-0.00182,0.00113,1.397,3321,0,0,0,0,0,0,0,0,0,0,0,0,0,0,0,0,0,0,0,0,0
405504,198,0,17,0,6,0,11,-0.00575,0.00125,1.4197,3167,0,0,0,0,0,0,0,0,0,0,0,0,0,0,0,0,0,0,0,0,0
407552,199,0,10,0,0,0,10,-0.00077,0.00089,1.3852,3030,0,0,0,0,0,0,0,0,0,0,0,0,0,0,0,0,0,0,0,0,0
409600,200,0,11,1,3,0,7,9e-05,0.00132,1.3028,3184,0,0,0,0,0,0,0,0,0,0,0,0,0,0,0,0,0,0,0,0,0
411648,201,0,15,0,3,0,12,-0.00279,0.00136,1.3351,2844,0,0,0,0,0,0,0,0,0,0,0,0,0,0,0,0,0,0,0,0,0
413696,202,0,8,0,0,0,8,-0.00211,0.00092,1.3146,2770,0,0,0,0,0,0,0,0,0,0,0,0,0,0,0,0,0,0,0,0,0
415744,203,0,11,0,1,0,10,-0.00251,0.00136,1.287,3100,0,0,0,0,0,0,0,0,0,0,0,0,0,0,0,0,0,0,0,0,0
417792,204,0,12,0,1,0,11,-0.00316,0.00097,1.2976,2962,0,0,0,0,0,0,0,0,0,0,0,0,0,0,0,0,0,0,0,0,0
419840,205,0,9,0,0,0,9,-0.00247,0.00106,1.3377,3108,0,0,0,0,0,0,0,0,0,0,0,0,0,0,0,0,0,0,0,0,0
421888,206,0,14,0,3,0,11,-0.00628,0.00124,1.2944,2738,0,0,0,0,0,0,0,0,0,0,0,0,0,0,0,0,0,0,0,0,0
423936,207,0,12,1,4,0,7,-0.0055,0.00089,1.3472,3048,0,0,0,0,0,0,0,0,0,0,0,0,0,0,0,0,0,0,0,0,0
425984,208,0,14,0,2,1,11,-0.00194,0.00117,1.2851,2975,0,0,0,0,0,0,0,0,0,0,0,0,0,0,0,0,0,0,0,0,0
428032,209,0,10,1,2,0,7,5e-05,0.00123,1.3237,2997,0,0,0,0,0,0,0,0,0,0,0,0,0,0,0,0,0,0,0,0,0
430080,210,0,12,0,1,1,10,-0.00278,0.00115,1.3012,2535,0,0,0,0,0,0,0,0,0,0,0,0,0,0,0,0,0,0,0,0,0
432128,211,0,13,0,2,1,10,-0.00522,0.00116,1.3434,2804,0,0,0,0,0,0,0,0,0,0,0,0,0,0,0,0,0,0,0,0,0
434176,212,0,11,0,0,0,11,-0.00242,0.0012,1.356,2610,0,0,0,0,0,0,0,0,0,0,0,0,0,0,0,0,0,0,0,0,0
436224,213,0,10,1,1,0,8,-0.00233,0.00061,1.4073,2979,0,0,0,0,0,0,0,0,0,0,0,0,0,0,0,0,0,0,0,0,0
438272,214,0,12,0,2,0,10,-0.00166,0.00114,1.4184,3018,0,0,0,0,0,0,0,0,0,0,0,0,0,0,0,0,0,0,0,0,0
440320,215,0,11,0,1,0,10,-0.00731,0.0011,1.4065,2987,0,0,0,0,0,0,0,0,0,0,0,0,0,0,0,0,0,0,0,0,0
442368,216,0,12,0,4,0,8,-0.00379,0.00134,1.4556,2903,0,0,0,0,0,0,0,0,0,0,0,0,0,0,0,0,0,0,0,0,0
444416,217,0,12,0,1,0,11,-0.00563,0.00098,1.3995,2892,0,0,0,0,0,0,0,0,0,0,0,0,0,0,0,0,0,0,0,0,0
446464,218,0,14,0,4,0,10,-0.0036,0.00103,1.4576,3059,0,0,0,0,0,0,0,0,0,0,0,0,0,0,0,0,0,0,0,0,0
448512,219,0,10,0,3,1,6,-0.00232,0.0009,1.4305,3080,0,0,0,0,0,0,0,0,0,0,0,0,0,0,0,0,0,0,0,0,0
450560,220,0,13,0,3,0,10,-0.00528,0.00102,1.4359,2946,0,0,0,0,0,0,0,0,0,0,0,0,0,0,0,0,0,0,0,0,0
452608,221,0,15,0,5,0,10,-0.00709,0.00109,1.4963,3271,0,0,0,0,0,0,0,0,0,0,0,0,0,0,0,0,0,0,0,0,0
454656,222,0,9,1,2,0,6,-0.00744,0.00091,1.435,3312,0,0,0,0,0,0,0,0,0,0,0,0,0,0,0,0,0,0,0,0,0
456704,223,0,17,0,6,1,10,-0.00319,0.00104,1.397,3141,0,0,0,0,0,0,0,0,0,0,0,0,0,0,0,0,0,0,0,0,0
458752,224,0,10,0,1,0,9,-0.00363,0.00088,1.3932,2675,0,0,0,0,0,0,0,0,0,0,0,0,0,0,0,0,0,0,0,0,0
460800,225,0,13,0,3,0,10,-0.00354,0.00123,1.4247,2806,0,0,0,0,0,0,0,0,0,0,0,0,0,0,0,0,0,0,0,0,0
462848,226,0,10,0,0,1,9,-0.00342,0.00081,1.4066,3136,0,0,0,0,0,0,0,0,0,0,0,0,0,0,0,0,0,0,0,0,0
464896,227,0,13,0,1,1,11,-0.0063,0.00101,1.3967,2873,0,0,0,0,0,0,0,0,0,0,0,0,0,0,0,0,0,0,0,0,0
466944,228,0,15,0,4,1,10,-0.00407,0.00122,1.3127,2673,0,0,0,0,0,0,0,0,0,0,0,0,0,0,0,0,0,0,0,0,0
468992,229,0,11,0,4,0,7,-0.00263,0.00085,1.3775,3080,0,0,0,0,0,0,0,0,0,0,0,0,0,0,0,0,0,0,0,0,0
471040,230,0,14,0,4,0,10,-0.00203,0.00082,1.3792,3166,0,0,0,0,0,0,0,0,0,0,0,0,0,0,0,0,0,0,0,0,0
473088,231,0,14,0,3,1,10,-0.00518,0.0009,1.3226,3316,0,0,0,0,0,0,0,0,0,0,0,0,0,0,0,0,0,0,0,0,0
475136,232,0,9,0,1,0,8,-0.00405,0.00089,1.3565,3334,0,0,0,0,0,0,0,0,0,0,0,0,0,0,0,0,0,0,0,0,0
477184,233,0,13,0,2,1,10,-0.00097,0.00098,1.323,3288,0,0,0,0,0,0,0,0,0,0,0,0,0,0,0,0,0,0,0,0,0
479232,234,0,11,0,2,0,9,-0.00506,0.00064,1.3735,3255,0,0,0,0,0,0,0,0,0,0,0,0,0,0,0,0,0,0,0,0,0
481280,235,0,13,0,3,0,10,-0.00283,0.00088,1.3332,3318,0,0,0,0,0,0,0,0,0,0,0,0,0,0,0,0,0,0,0,0,0
483328,236,0,13,0,2,0,11,-0.0038,0.00077,1.3623,2892,0,0,0,0,0,0,0,0,0,0,0,0,0,0,0,0,0,0,0,0,0
485376,237,0,7,0,2,0,5,-0.00417,0.00068,1.3063,2965,0,0,0,0,0,0,0,0,0,0,0,0,0,0,0,0,0,0,0,0,0
487424,238,0,14,0,0,0,14,-0.00533,0.00099,1.2822,3153,0,0,0,0,0,0,0,0,0,0,0,0,0,0,0,0,0,0,0,0,0
489472,239,0,12,0,1,1,10,-0.00393,0.00083,1.3341,3052,0,0,0,0,0,0,0,0,0,0,0,0,0,0,0,0,0,0,0,0,0
491520,240,0,5,0,0,0,5,-0.00549,0.00054,1.2904,3036,0,0,0,0,0,0,0,0,0,0,0,0,0,0,0,0,0,0,0,0,0
493568,241,0,13,0,0,0,13,-0.00899,0.00069,1.2521,3028,0,0,0,0,0,0,0,0,0,0,0,0,0,0,0,0,0,0,0,0,0
495616,242,0,15,0,2,0,13,-0.00299,0.00075,1.2833,2960,0,0,0,0,0,0,0,0,0,0,0,0,0,0,0,0,0,0,0,0,0
497664,243,0,10,0,5,0,5,0.00467,0.00082,1.3398,3018,0,0,0,0,0,0,0,0,0,0,0,0,0,0,0,0,0,0,0,0,0
499712,244,0,14,0,2,0,12,-0.00368,0.00088,1.2743,2888,0,0,0,0,0,0,0,0,0,0,0,0,0,0,0,0,0,0,0,0,0
501760,245,0,12,0,3,0,9,-0.00271,0.00087,1.2981,3258,0,0,0,0,0,0,0,0,0,0,0,0,0,0,0,0,0,0,0,0,0
503808,246,0,9,0,0,0,9,-0.00322,0.00069,1.33,3000,0,0,0,0,0,0,0,0,0,0,0,0,0,0,0,0,0,0,0,0,0
505856,247,0,15,0,4,0,11,-0.00638,0.00085,1.2598,3235,0,0,0,0,0,0,0,0,0,0,0,0,0,0,0,0,0,0,0,0,0
507904,248,0,12,1,2,1,8,-0.00362,0.00102,1.2897,2918,0,0,0,0,0,0,0,0,0,0,0,0,0,0,0,0,0,0,0,0,0
509952,249,0,12,0,3,1,8,-0.00237,0.00098,1.2792,2870,0,0,0,0,0,0,0,0,0,0,0,0,0,0,0,0,0,0,0,0,0
512000,250,0,11,1,2,0,8,-0.00453,0.00106,1.2063,3082,0,0,0,0,0,0,0,0,0,0,0,0,0,0,0,0,0,0,0,0,0
514048,251,0,13,0,4,0,9,-0.00205,0.0008,1.3234,2945,0,0,0,0,0,0,0,0,0,0,0,0,0,0,0,0,0,0,0,0,0
516096,252,0,12,0,1,0,11,-0.00162,0.00075,1.2884,2582,0,0,0,0,0,0,0,0,0,0,0,0,0,0,0,0,0,0,0,0,0
518144,253,0,12,0,2,1,9,-0.00115,0.00091,1.3024,2988,0,0,0,0,0,0,0,0,0,0,0,0,0,0,0,0,0,0,0,0,0
520192,254,0,9,0,0,0,9,-0.00356,0.00089,1.2465,3126,0,0,0,0,0,0,0,0,0,0,0,0,0,0,0,0,0,0,0,0,0
522240,255,0,18,0,6,1,11,-0.00256,0.0011,1.2849,2917,0,0,0,0,0,0,0,0,0,0,0,0,0,0,0,0,0,0,0,0,0
524288,256,0,12,0,1,0,11,-0.00366,0.00064,1.2543,2870,0,0,0,0,0,0,0,0,0,0,0,0,0,0,0,0,0,0,0,0,0
526336,257,0,8,0,2,0,6,-0.00405,0.00077,1.2933,3110,0,0,0,0,0,0,0,0,0,0,0,0,0,0,0,0,0,0,0,0,0
528384,258,0,16,1,3,0,12,-0.00475,0.00217,1.2577,3284,0,0,0,0,0,0,0,0,0,0,0,0,0,0,0,0,0,0,0,0,0
530432,259,0,11,0,2,0,9,0.00058,0.00064,1.2182,3054,0,0,0,0,0,0,0,0,0,0,0,0,0,0,0,0,0,0,0,0,0
532480,260,0,12,0,2,0,10,-0.00291,0.00055,1.2912,3155,0,0,0,0,0,0,0,0,0,0,0,0,0,0,0,0,0,0,0,0,0
534528,261,0,9,0,0,1,8,-0.00287,0.00071,1.2792,3116,0,0,0,0,0,0,0,0,0,0,0,0,0,0,0,0,0,0,0,0,0
536576,262,0,17,0,5,1,11,-0.0043,0.00095,1.2213,2984,0,0,0,0,0,0,0,0,0,0,0,0,0,0,0,0,0,0,0,0,0
538624,263,0,11,0,2,0,9,-0.0025,0.0008,1.2453,3044,0,0,0,0,0,0,0,0,0,0,0,0,0,0,0,0,0,0,0,0,0
540672,264,0,9,0,2,0,7,0.00301,0.00093,1.224,3191,0,0,0,0,0,0,0,0,0,0,0,0,0,0,0,0,0,0,0,0,0
542720,265,0,12,0,2,0,10,-0.00272,0.00079,1.2069,3344,0,0,0,0,0,0,0,0,0,0,0,0,0,0,0,0,0,0,0,0,0
544768,266,0,13,1,2,0,10,-0.00284,0.00147,1.2651,3252,0,0,0,0,0,0,0,0,0,0,0,0,0,0,0,0,0,0,0,0,0
546816,267,0,12,0,3,0,9,-0.00351,0.00096,1.1995,2993,0,0,0,0,0,0,0,0,0,0,0,0,0,0,0,0,0,0,0,0,0
548864,268,0,12,0,4,0,8,-0.00456,0.00116,1.1304,3104,0,0,0,0,0,0,0,0,0,0,0,0,0,0,0,0,0,0,0,0,0
550912,269,0,14,0,2,0,12,-0.00422,0.00085,1.1692,3240,0,0,0,0,0,0,0,0,0,0,0,0,0,0,0,0,0,0,0,0,0
552960,270,0,9,1,1,0,7,-0.00569,0.00086,1.155,2991,0,0,0,0,0,0,0,0,0,0,0,0,0,0,0,0,0,0,0,0,0
555008,271,0,12,0,3,0,9,-0.00255,0.00083,1.0938,2846,0,0,0,0,0,0,0,0,0,0,0,0,0,0,0,0,0,0,0,0,0
557056,272,0,12,0,1,0,11,-0.00244,0.00053,1.1495,3116,0,0,0,0,0,0,0,0,0,0,0,0,0,0,0,0,0,0,0,0,0
559104,273,0,12,0,3,0,9,-0.00278,0.00097,1.1343,2690,0,0,0,0,0,0,0,0,0,0,0,0,0,0,0,0,0,0,0,0,0
561152,274,0,12,0,3,0,9,-0.00528,0.00119,1.1361,3063,0,0,0,0,0,0,0,0,0,0,0,0,0,0,0,0,0,0,0,0,0
563200,275,0,11,0,1,0,10,-0.00093,0.0009,1.1915,3010,0,0,0,0,0,0,0,0,0,0,0,0,0,0,0,0,0,0,0,0,0
565248,276,0,12,0,5,0,7,-0.0018,0.00077,1.1633,3198,0,0,0,0,0,0,0,0,0,0,0,0,0,0,0,0,0,0,0,0,0
567296,277,0,14,1,4,0,9,-0.00289,0.00121,1.1637,3261,0,0,0,0,0,0,0,0,0,0,0,0,0,0,0,0,0,0,0,0,0
569344,278,0,13,0,3,0,10,-0.00181,0.00111,1.2029,3261,0,0,0,0,0,0,0,0,0,0,0,0,0,0,0,0,0,0,0,0,0
571392,279,0,12,0,2,1,9,-0.00084,0.00086,1.1782,3088,0,0,0,0,0,0,0,0,0,0,0,0,0,0,0,0,0,0,0,0,0
573440,280,0,10,0,1,0,9,-0.00119,0.0009,1.206,3235,0,0,0,0,0,0,0,0,0,0,0,0,0,0,0,0,0,0,0,0,0
575488,281,0,10,0,0,0,10,-0.00331,0.00057,1.2992,3139,0,0,0,0,0,0,0,0,0,0,0,0,0,0,0,0,0,0,0,0,0
577536,282,0,12,0,2,0,10,-0.00306,0.0007,1.2765,2797,0,0,0,0,0,0,0,0,0,0,0,0,0,0,0,0,0,0,0,0,0
579584,283,0,13,0,3,1,9,-0.0015,0.00086,1.2502,2796,0,0,0,0,0,0,0,0,0,0,0,0,0,0,0,0,0,0,0,0,0
581632,284,0,10,0,1,1,8,-0.00154,0.00084,1.2864,2814,0,0,0,0,0,0,0,0,0,0,0,0,0,0,0,0,0,0,0,0,0
583680,285,0,15,0,4,0,11,-0.00286,0.00085,1.2334,3129,0,0,0,0,0,0,0,0,0,0,0,0,0,0,0,0,0,0,0,0,0
585728,286,0,9,1,0,0,8,0.0013,0.00089,1.1684,2875,0,0,0,0,0,0,0,0,0,0,0,0,0,0,0,0,0,0,0,0,0
587776,287,0,13,0,2,0,11,0.00018,0.00133,1.1288,3289,0,0,0,0,0,0,0,0,0,0,0,0,0,0,0,0,0,0,0,0,0
589824,288,0,9,0,0,0,9,-0.00317,0.0032,1.219,3181,0,0,0,0,0,0,0,0,0,0,0,0,0,0,0,0,0,0,0,0,0
591872,289,0,13,0,5,0,8,-0.0043,0.00314,1.1044,3287,0,0,0,0,0,0,0,0,0,0,0,0,0,0,0,0,0,0,0,0,0
593920,290,0,13,0,1,1,11,0.00481,0.00256,1.1379,3309,0,0,0,0,0,0,0,0,0,0,0,0,0,0,0,0,0,0,0,0,0
595968,291,0,7,0,1,0,6,-0.00378,0.00168,1.2006,2836,0,0,0,0,0,0,0,0,0,0,0,0,0,0,0,0,0,0,0,0,0
598016,292,0,17,1,3,0,13,-0.00505,0.00329,1.0564,3319,0,0,0,0,0,0,0,0,0,0,0,0,0,0,0,0,0,0,0,0,0
600064,293,0,10,0,0,0,10,-0.00396,0.0053,1.0241,3354,0,0,0,0,0,0,0,0,0,0,0,0,0,0,0,0,0,0,0,0,0
602112,294,0,8,0,1,0,7,-0.00648,0.00394,0.8942,2902,0,0,0,0,0,0,0,0,0,0,0,0,0,0,0,0,0,0,0,0,0
604160,295,0,15,1,1,0,13,-0.0052,0.00359,0.9715,3155,0,0,0,0,0,0,0,0,0,0,0,0,0,0,0,0,0,0,0,0,0
606208,296,0,8,0,1,0,7,-0.00199,0.00167,1.1061,3285,0,0,0,0,0,0,0,0,0,0,0,0,0,0,0,0,0,0,0,0,0
608256,297,0,13,1,2,0,10,-0.00802,0.00132,1.0636,3277,0,0,0,0,0,0,0,0,0,0,0,0,0,0,0,0,0,0,0,0,0
610304,298,0,13,0,2,2,9,-0.00385,0.00135,1.0229,3291,0,0,0,0,0,0,0,0,0,0,0,0,0,0,0,0,0,0,0,0,0
612352,299,0,10,0,3,0,7,-0.00555,0.00107,1.0447,2755,0,0,0,0,0,0,0,0,0,0,0,0,0,0,0,0,0,0,0,0,0
614400,300,0,12,0,0,0,12,-0.00351,0.00133,1.0628,3222,0,0,0,0,0,0,0,0,0,0,0,0,0,0,0,0,0,0,0,0,0
616448,301,0,14,0,4,1,9,0.00158,0.00177,1.0208,3285,0,0,0,0,0,0,0,0,0,0,0,0,0,0,0,0,0,0,0,0,0
618496,302,0,7,0,0,1,6,-0.00292,0.00077,1.1106,3096,0,0,0,0,0,0,0,0,0,0,0,0,0,0,0,0,0,0,0,0,0
620544,303,0,15,0,3,1,11,-0.0041,0.00141,1.1829,3112,0,0,0,0,0,0,0,0,0,0,0,0,0,0,0,0,0,0,0,0,0
622592,304,0,14,0,3,1,10,-0.0042,0.001,1.2392,3366,0,0,0,0,0,0,0,0,0,0,0,0,0,0,0,0,0,0,0,0,0
624640,305,0,10,1,2,1,6,-0.0006,0.00109,1.1987,3212,0,0,0,0,0,0,0,0,0,0,0,0,0,0,0,0,0,0,0,0,0
626688,306,0,15,0,2,2,11,-0.00602,0.00131,1.1546,3127,0,0,0,0,0,0,0,0,0,0,0,0,0,0,0,0,0,0,0,0,0
628736,307,0,14,0,5,3,6,-0.00266,0.00113,1.1351,2970,0,0,0,0,0,0,0,0,0,0,0,0,0,0,0,0,0,0,0,0,0
630784,308,0,12,0,3,2,7,-0.00351,0.00088,1.1262,2822,0,0,0,0,0,0,0,0,0,0,0,0,0,0,0,0,0,0,0,0,0
632832,309,0,10,0,1,0,9,0.00164,0.0011,1.1476,3355,0,0,0,0,0,0,0,0,0,0,0,0,0,0,0,0,0,0,0,0,0
634880,310,0,14,0,3,0,11,-0.00113,0.00106,1.0445,3490,0,0,0,0,0,0,0,0,0,0,0,0,0,0,0,0,0,0,0,0,0
636928,311,0,11,1,1,0,9,0.00037,0.00167,1.1931,3343,0,0,0,0,0,0,0,0,0,0,0,0,0,0,0,0,0,0,0,0,0
638976,312,0,13,0,2,0,11,-0.00446,0.0011,1.1629,2945,0,0,0,0,0,0,0,0,0,0,0,0,0,0,0,0,0,0,0,0,0
641024,313,0,8,0,0,0,8,-0.00486,0.00078,1.1365,2958,0,0,0,0,0,0,0,0,0,0,0,0,0,0,0,0,0,0,0,0,0
643072,314,0,16,0,4,1,11,-0.00234,0.00112,1.0331,2789,0,0,0,0,0,0,0,0,0,0,0,0,0,0,0,0,0,0,0,0,0
645120,315,0,12,0,2,0,10,-0.0027,0.00109,1.0715,3097,0,0,0,0,0,0,0,0,0,0,0,0,0,0,0,0,0,0,0,0,0
647168,316,0,6,0,0,0,6,-0.00315,0.00083,1.06,2952,0,0,0,0,0,0,0,0,0,0,0,0,0,0,0,0,0,0,0,0,0
649216,317,0,16,0,1,0,15,-0.00609,0.00105,1.0522,3180,0,0,0,0,0,0,0,0,0,0,0,0,0,0,0,0,0,0,0,0,0
651264,318,0,11,0,2,0,9,-0.00082,0.00088,1.0603,2765,0,0,0,0,0,0,0,0,0,0,0,0,0,0,0,0,0,0,0,0,0
653312,319,0,9,0,2,0,7,-0.00262,0.00098,0.9826,3273,0,0,0,0,0,0,0,0,0,0,0,0,0,0,0,0,0,0,0,0,0
655360,320,0,13,0,1,0,12,0.00419,0.00101,0.9855,3043,0,0,0,0,0,0,0,0,0,0,0,0,0,0,0,0,0,0,0,0,0
657408,321,0,9,0,0,0,9,0.0066,0.00092,1.0015,3225,0,0,0,0,0,0,0,0,0,0,0,0,0,0,0,0,0,0,0,0,0
659456,322,0,14,0,4,0,10,5e-05,0.00096,1.0902,3368,0,0,0,0,0,0,0,0,0,0,0,0,0,0,0,0,0,0,0,0,0
661504,323,0,12,0,1,0,11,-0.00198,0.00053,1.0837,3327,0,0,0,0,0,0,0,0,0,0,0,0,0,0,0,0,0,0,0,0,0
663552,324,0,11,0,3,0,8,-0.00401,0.00087,1.0522,3087,0,0,0,0,0,0,0,0,0,0,0,0,0,0,0,0,0,0,0,0,0
665600,325,0,11,0,2,1,8,-0.00416,0.00077,1.1032,3292,0,0,0,0,0,0,0,0,0,0,0,0,0,0,0,0,0,0,0,0,0
667648,326,0,11,0,1,0,10,-0.0046,0.00109,1.2012,3394,0,0,0,0,0,0,0,0,0,0,0,0,0,0,0,0,0,0,0,0,0
669696,327,0,11,0,0,0,11,-0.00553,0.00082,1.1809,3339,0,0,0,0,0,0,0,0,0,0,0,0,0,0,0,0,0,0,0,0,0
671744,328,0,12,0,1,2,9,-0.00695,0.00098,1.1108,3210,0,0,0,0,0,0,0,0,0,0,0,0,0,0,0,0,0,0,0,0,0
673792,329,0,11,0,1,0,10,-0.00373,0.00099,1.093,3122,0,0,0,0,0,0,0,0,0,0,0,0,0,0,0,0,0,0,0,0,0
675840,330,0,16,1,4,0,11,-0.00535,0.00182,1.1387,3326,0,0,0,0,0,0,0,0,0,0,0,0,0,0,0,0,0,0,0,0,0
677888,331,0,10,0,0,0,10,-0.00164,0.00149,1.2242,3184,0,0,0,0,0,0,0,0,0,0,0,0,0,0,0,0,0,0,0,0,0
679936,332,0,12,0,4,1,7,-0.00192,0.0015,1.1518,2961,0,0,0,0,0,0,0,0,0,0,0,0,0,0,0,0,0,0,0,0,0
681984,333,0,13,0,4,0,9,-0.00225,0.00143,1.1781,3087,0,0,0,0,0,0,0,0,0,0,0,0,0,0,0,0,0,0,0,0,0
684032,334,0,11,0,1,1,9,-0.00277,0.0013,1.1022,3242,0,0,0,0,0,0,0,0,0,0,0,0,0,0,0,0,0,0,0,0,0
686080,335,0,10,0,2,0,8,-0.00346,0.00118,1.0971,3410,0,0,0,0,0,0,0,0,0,0,0,0,0,0,0,0,0,0,0,0,0
688128,336,0,11,0,1,0,10,-0.0046,0.00123,1.1241,3183,0,0,0,0,0,0,0,0,0,0,0,0,0,0,0,0,0,0,0,0,0
690176,337,0,11,0,0,1,10,-0.00502,0.00125,1.1186,2732,0,0,0,0,0,0,0,0,0,0,0,0,0,0,0,0,0,0,0,0,0
692224,338,0,11,0,1,1,9,-0.00539,0.00106,1.1478,3107,0,0,0,0,0,0,0,0,0,0,0,0,0,0,0,0,0,0,0,0,0
694272,339,0,14,1,5,0,8,-0.00245,0.00183,1.1033,3114,0,0,0,0,0,0,0,0,0,0,0,0,0,0,0,0,0,0,0,0,0
696320,340,0,9,0,0,0,9,0.00197,0.00083,1.2223,3039,0,0,0,0,0,0,0,0,0,0,0,0,0,0,0,0,0,0,0,0,0
698368,341,0,14,1,4,0,9,-0.00335,0.00136,1.1911,3245,0,0,0,0,0,0,0,0,0,0,0,0,0,0,0,0,0,0,0,0,0
700416,342,0,13,0,2,0,11,-0.00595,0.00087,1.2515,2680,0,0,0,0,0,0,0,0,0,0,0,0,0,0,0,0,0,0,0,0,0
702464,343,0,11,0,3,2,6,-0.00035,0.00106,1.2759,2922,0,0,0,0,0,0,0,0,0,0,0,0,0,0,0,0,0,0,0,0,0
704512,344,0,11,0,1,0,10,-0.00099,0.00087,1.2422,3058,0,0,0,0,0,0,0,0,0,0,0,0,0,0,0,0,0,0,0,0,0
706560,345,0,14,1,3,1,9,-0.00457,0.00119,1.1858,2988,0,0,0,0,0,0,0,0,0,0,0,0,0,0,0,0,0,0,0,0,0
708608,346,0,9,0,1,1,7,0.00303,0.00099,1.1662,3113,0,0,0,0,0,0,0,0,0,0,0,0,0,0,0,0,0,0,0,0,0
710656,347,0,14,0,4,0,10,-0.00488,0.00107,1.293,3213,0,0,0,0,0,0,0,0,0,0,0,0,0,0,0,0,0,0,0,0,0
712704,348,0,14,1,2,4,7,0.00062,0.00139,1.2166,3275,0,0,0,0,0,0,0,0,0,0,0,0,0,0,0,0,0,0,0,0,0
714752,349,0,16,0,4,2,10,0.00581,0.00134,1.1635,3547,0,0,0,0,0,0,0,0,0,0,0,0,0,0,0,0,0,0,0,0,0
716800,350,0,10,1,2,1,6,-0.00478,0.00195,1.2324,3127,0,0,0,0,0,0,0,0,0,0,0,0,0,0,0,0,0,0,0,0,0
718848,351,0,16,1,5,0,10,-0.00441,0.00111,1.1989,2971,0,0,0,0,0,0,0,0,0,0,0,0,0,0,0,0,0,0,0,0,0
720896,352,0,10,1,1,1,7,-0.00496,0.00196,1.1782,3050,0,0,0,0,0,0,0,0,0,0,0,0,0,0,0,0,0,0,0,0,0
722944,353,0,13,0,3,0,10,-0.00411,0.00101,1.1419,3092,0,0,0,0,0,0,0,0,0,0,0,0,0,0,0,0,0,0,0,0,0
724992,354,0,14,2,1,2,9,-0.00387,0.00289,1.2666,2999,0,0,0,0,0,0,0,0,0,0,0,0,0,0,0,0,0,0,0,0,0
727040,355,0,18,3,4,3,8,-0.00686,0.00356,1.0643,2856,0,0,0,0,0,0,0,0,0,0,0,0,0,0,0,0,0,0,0,0,0
729088,356,0,17,3,5,2,7,0.00061,0.00261,1.0808,2899,0,0,0,0,0,0,0,0,0,0,0,0,0,0,0,0,0,0,0,0,0
731136,357,0,8,0,2,2,4,-0.00272,0.00106,1.1127,2946,0,0,0,0,0,0,0,0,0,0,0,0,0,0,0,0,0,0,0,0,0
733184,358,0,15,1,3,2,9,-0.00291,0.00141,1.185,3036,0,0,0,0,0,0,0,0,0,0,0,0,0,0,0,0,0,0,0,0,0
735232,359,0,13,0,3,0,10,-0.00514,0.00115,1.0917,3277,0,0,0,0,0,0,0,0,0,0,0,0,0,0,0,0,0,0,0,0,0
737280,360,0,18,3,4,2,9,-0.0052,0.00294,1.0789,2732,0,0,0,0,0,0,0,0,0,0,0,0,0,0,0,0,0,0,0,0,0
739328,361,0,14,1,5,0,8,-0.00312,0.00262,1.1567,3103,0,0,0,0,0,0,0,0,0,0,0,0,0,0,0,0,0,0,0,0,0
741376,362,0,19,2,4,6,7,-0.00397,0.00316,1.099,3147,0,0,0,0,0,0,0,0,0,0,0,0,0,0,0,0,0,0,0,0,0
743424,363,0,19,1,7,6,5,-0.00322,0.00256,1.0195,3237,0,0,0,0,0,0,0,0,0,0,0,0,0,0,0,0,0,0,0,0,0
745472,364,0,14,3,0,6,5,-0.00414,0.0025,0.9973,2989,0,0,0,0,0,0,0,0,0,0,0,0,0,0,0,0,0,0,0,0,0
747520,365,0,18,2,4,6,6,-0.00645,0.00253,1.0176,3249,0,0,0,0,0,0,0,0,0,0,0,0,0,0,0,0,0,0,0,0,0
749568,366,0,15,2,5,2,6,-0.00341,0.00336,1.0264,3203,0,0,0,0,0,0,0,0,0,0,0,0,0,0,0,0,0,0,0,0,0
751616,367,0,16,1,3,4,8,-0.00453,0.00257,0.9572,3190,0,0,0,0,0,0,0,0,0,0,0,0,0,0,0,0,0,0,0,0,0
753664,368,0,23,4,3,6,10,-0.00609,0.00581,0.8345,3152,0,0,0,0,0,0,0,0,0,0,0,0,0,0,0,0,0,0,0,0,0
755712,369,0,25,7,4,10,4,-0.00469,0.00543,0.901,3048,0,0,0,0,0,0,0,0,0,0,0,0,0,0,0,0,0,0,0,0,0
757760,370,0,18,4,3,9,2,-0.00272,0.00537,0.9327,2975,0,0,0,0,0,0,0,0,0,0,0,0,0,0,0,0,0,0,0,0,0
759808,371,0,25,4,2,11,8,-0.00303,0.00596,0.8988,2810,0,0,0,0,0,0,0,0,0,0,0,0,0,0,0,0,0,0,0,0,0
761856,372,0,22,4,3,9,6,-0.00132,0.0065,0.8562,3157,0,0,0,0,0,0,0,0,0,0,0,0,0,0,0,0,0,0,0,0,0
763904,373,0,24,1,3,13,7,-0.00332,0.00273,0.9051,2764,0,0,0,0,0,0,0,0,0,0,0,0,0,0,0,0,0,0,0,0,0
765952,374,0,35,12,0,16,7,-0.00357,0.015,0.8538,2847,0,0,0,0,0,0,0,0,0,0,0,0,0,0,0,0,0,0,0,0,0
768000,375,0,26,4,5,15,2,-0.00157,0.00479,0.8891,2932,0,0,0,0,0,0,0,0,0,0,0,0,0,0,0,0,0,0,0,0,0
770048,376,0,26,3,4,13,6,-0.00382,0.005,0.8853,2889,0,0,0,0,0,0,0,0,0,0,0,0,0,0,0,0,0,0,0,0,0
772096,377,0,28,4,8,11,5,-0.00247,0.00695,0.8989,3088,0,0,0,0,0,0,0,0,0,0,0,0,0,0,0,0,0,0,0,0,0
774144,378,0,32,6,2,22,2,-0.00443,0.00737,0.8845,2851,0,0,0,0,0,0,0,0,0,0,0,0,0,0,0,0,0,0,0,0,0
776192,379,0,29,1,4,19,5,-0.00504,0.00301,0.8706,2852,0,0,0,0,0,0,0,0,0,0,0,0,0,0,0,0,0,0,0,0,0
778240,380,0,25,6,6,8,5,-0.00237,0.00806,0.8092,3116,0,0,0,0,0,0,0,0,0,0,0,0,0,0,0,0,0,0,0,0,0
780288,381,0,24,9,2,7,6,-0.00407,0.011,0.7598,2802,0,0,0,0,0,0,0,0,0,0,0,0,0,0,0,0,0,0,0,0,0
782336,382,0,29,4,7,12,6,-0.00183,0.00795,0.6729,2894,0,0,0,0,0,0,0,0,0,0,0,0,0,0,0,0,0,0,0,0,0
784384,383,0,32,3,10,16,3,-0.00267,0.00412,0.7176,2770,0,0,0,0,0,0,0,0,0,0,0,0,0,0,0,0,0,0,0,0,0
786432,384,0,30,7,6,14,3,-0.00303,0.00798,0.8109,2967,0,0,0,0,0,0,0,0,0,0,0,0,0,0,0,0,0,0,0,0,0
788480,385,0,35,5,8,17,5,-0.00428,0.00831,0.7336,3037,0,0,0,0,0,0,0,0,0,0,0,0,0,0,0,0,0,0,0,0,0
790528,386,0,31,9,7,13,2,-0.0024,0.00938,0.7144,3290,0,0,0,0,0,0,0,0,0,0,0,0,0,0,0,0,0,0,0,0,0
792576,387,0,31,6,10,12,3,-0.00557,0.00783,0.7762,2856,0,0,0,0,0,0,0,0,0,0,0,0,0,0,0,0,0,0,0,0,0
794624,388,0,43,9,10,20,4,-0.00585,0.01258,0.6798,2736,0,0,0,0,0,0,0,0,0,0,0,0,0,0,0,0,0,0,0,0,0
796672,389,0,27,1,10,14,2,-0.00315,0.00359,0.6032,3038,0,0,0,0,0,0,0,0,0,0,0,0,0,0,0,0,0,0,0,0,0
798720,390,0,44,7,11,21,5,-0.00299,0.01049,0.619,2795,0,0,0,0,0,0,0,0,0,0,0,0,0,0,0,0,0,0,0,0,0
800768,391,0,27,4,3,17,3,-0.00127,0.00655,0.6259,2845,0,0,0,0,0,0,0,0,0,0,0,0,0,0,0,0,0,0,0,0,0
802816,392,0,28,3,2,16,7,-0.00051,0.00455,0.6967,2956,0,0,0,0,0,0,0,0,0,0,0,0,0,0,0,0,0,0,0,0,0
804864,393,0,27,2,5,14,6,-0.00355,0.00409,0.7105,3091,0,0,0,0,0,0,0,0,0,0,0,0,0,0,0,0,0,0,0,0,0
806912,394,0,30,11,6,8,5,-0.0049,0.01152,0.7605,3083,0,0,0,0,0,0,0,0,0,0,0,0,0,0,0,0,0,0,0,0,0
808960,395,0,23,3,7,9,4,-0.00382,0.00641,0.7705,2867,0,0,0,0,0,0,0,0,0,0,0,0,0,0,0,0,0,0,0,0,0
811008,396,0,18,1,5,8,4,-0.00453,0.00301,0.715,3087,0,0,0,0,0,0,0,0,0,0,0,0,0,0,0,0,0,0,0,0,0
813056,397,0,25,7,6,7,5,-0.00606,0.00778,0.688,3149,0,0,0,0,0,0,0,0,0,0,0,0,0,0,0,0,0,0,0,0,0
815104,398,0,22,1,4,11,6,0.00222,0.00258,0.7547,3383,0,0,0,0,0,0,0,0,0,0,0,0,0,0,0,0,0,0,0,0,0
817152,399,0,23,4,4,12,3,-0.00435,0.00497,0.7584,2949,0,0,0,0,0,0,0,0,0,0,0,0,0,0,0,0,0,0,0,0,0
819200,400,0,24,1,5,10,8,-0.00212,0.00316,0.8013,3069,0,0,0,0,0,0,0,0,0,0,0,0,0,0,0,0,0,0,0,0,0
821248,401,0,21,5,3,10,3,-0.00272,0.00473,0.8809,3004,0,0,0,0,0,0,0,0,0,0,0,0,0,0,0,0,0,0,0,0,0
823296,402,0,19,3,2,7,7,0.00017,0.00445,0.8733,2863,0,0,0,0,0,0,0,0,0,0,0,0,0,0,0,0,0,0,0,0,0
825344,403,0,26,6,2,10,8,-0.00518,0.00748,0.8041,2968,0,0,0,0,0,0,0,0,0,0,0,0,0,0,0,0,0,0,0,0,0
827392,404,0,17,4,4,5,4,-0.00394,0.00402,0.7618,3093,0,0,0,0,0,0,0,0,0,0,0,0,0,0,0,0,0,0,0,0,0
829440,405,0,35,4,7,18,6,-0.00238,0.00751,0.7766,3193,0,0,0,0,0,0,0,0,0,0,0,0,0,0,0,0,0,0,0,0,0
831488,406,0,25,5,9,7,4,-0.00188,0.00648,0.8257,2835,0,0,0,0,0,0,0,0,0,0,0,0,0,0,0,0,0,0,0,0,0
833536,407,0,21,7,1,8,5,-0.00121,0.00925,0.8377,3040,0,0,0,0,0,0,0,0,0,0,0,0,0,0,0,0,0,0,0,0,0
835584,408,0,49,6,9,29,5,-0.00139,0.00768,0.7477,3020,0,0,0,0,0,0,0,0,0,0,0,0,0,0,0,0,0,0,0,0,0
837632,409,0,26,9,5,10,2,-0.00193,0.01056,0.6361,3055,0,0,0,0,0,0,0,0,0,0,0,0,0,0,0,0,0,0,0,0,0
839680,410,0,28,2,3,14,9,-0.00082,0.00675,0.6817,2880,0,0,0,0,0,0,0,0,0,0,0,0,0,0,0,0,0,0,0,0,0
841728,411,0,21,2,8,7,4,-0.00514,0.00437,0.8082,2940,0,0,0,0,0,0,0,0,0,0,0,0,0,0,0,0,0,0,0,0,0
843776,412,0,30,8,4,13,5,0.00085,0.01109,0.7103,2838,0,0,0,0,0,0,0,0,0,0,0,0,0,0,0,0,0,0,0,0,0
845824,413,0,17,3,2,4,8,-0.00459,0.00453,0.7923,2918,0,0,0,0,0,0,0,0,0,0,0,0,0,0,0,0,0,0,0,0,0
847872,414,0,30,7,4,14,5,-0.00363,0.00827,0.7916,2731,0,0,0,0,0,0,0,0,0,0,0,0,0,0,0,0,0,0,0,0,0
849920,415,0,35,8,3,21,3,0.00218,0.00867,0.6133,3088,0,0,0,0,0,0,0,0,0,0,0,0,0,0,0,0,0,0,0,0,0
851968,416,0,33,9,5,14,5,-0.00159,0.01162,0.7749,3090,0,0,0,0,0,0,0,0,0,0,0,0,0,0,0,0,0,0,0,0,0
854016,417,0,22,4,2,9,7,-0.00184,0.00605,0.8428,2922,0,0,0,0,0,0,0,0,0,0,0,0,0,0,0,0,0,0,0,0,0
856064,418,0,21,5,3,11,2,-0.00176,0.00679,0.6771,2764,0,0,0,0,0,0,0,0,0,0,0,0,0,0,0,0,0,0,0,0,0
858112,419,0,27,6,5,7,9,0.00513,0.00933,0.7553,2894,0,0,0,0,0,0,0,0,0,0,0,0,0,0,0,0,0,0,0,0,0
860160,420,0,35,6,6,20,3,-0.0041,0.0077,0.7711,2804,0,0,0,0,0,0,0,0,0,0,0,0,0,0,0,0,0,0,0,0,0
862208,421,0,26,7,0,16,3,-0.00221,0.00884,0.8243,2852,0,0,0,0,0,0,0,0,0,0,0,0,0,0,0,0,0,0,0,0,0
864256,422,0,42,12,10,16,4,-0.00232,0.01488,0.7716,2575,0,0,0,0,0,0,0,0,0,0,0,0,0,0,0,0,0,0,0,0,0
866304,423,0,23,3,4,10,6,-0.0048,0.00475,0.8331,2811,0,0,0,0,0,0,0,0,0,0,0,0,0,0,0,0,0,0,0,0,0
868352,424,0,20,2,6,8,4,-0.00186,0.00364,0.9171,2989,0,0,0,0,0,0,0,0,0,0,0,0,0,0,0,0,0,0,0,0,0
870400,425,0,36,11,8,16,1,-0.00333,0.0122,0.7874,2980,0,0,0,0,0,0,0,0,0,0,0,0,0,0,0,0,0,0,0,0,0
872448,426,0,14,5,4,3,2,-0.00299,0.00573,0.8792,2921,0,0,0,0,0,0,0,0,0,0,0,0,0,0,0,0,0,0,0,0,0
874496,427,0,32,6,6,12,8,-0.00602,0.00878,0.8567,2733,0,0,0,0,0,0,0,0,0,0,0,0,0,0,0,0,0,0,0,0,0
876544,428,0,33,8,4,19,2,-0.00452,0.00978,0.7649,2910,0,0,0,0,0,0,0,0,0,0,0,0,0,0,0,0,0,0,0,0,0
878592,429,0,15,5,1,5,4,-0.00333,0.0057,0.7562,2611,0,0,0,0,0,0,0,0,0,0,0,0,0,0,0,0,0,0,0,0,0
880640,430,0,29,8,7,8,6,-0.00224,0.00959,0.7531,2835,0,0,0,0,0,0,0,0,0,0,0,0,0,0,0,0,0,0,0,0,0
882688,431,0,23,3,3,14,3,-0.00413,0.00611,0.7771,2808,0,0,0,0,0,0,0,0,0,0,0,0,0,0,0,0,0,0,0,0,0
884736,432,0,33,5,5,16,7,-0.00342,0.00602,0.7875,2597,0,0,0,0,0,0,0,0,0,0,0,0,0,0,0,0,0,0,0,0,0
886784,433,0,28,8,5,12,3,-0.00478,0.00922,0.8323,2599,0,0,0,0,0,0,0,0,0,0,0,0,0,0,0,0,0,0,0,0,0
888832,434,0,25,7,4,9,5,-0.00657,0.00786,0.8106,2529,0,0,0,0,0,0,0,0,0,0,0,0,0,0,0,0,0,0,0,0,0
890880,435,0,22,7,6,7,2,-0.00251,0.00741,0.7469,2922,0,0,0,0,0,0,0,0,0,0,0,0,0,0,0,0,0,0,0,0,0
892928,436,0,24,6,2,12,4,-0.00209,0.00491,0.7726,2926,0,0,0,0,0,0,0,0,0,0,0,0,0,0,0,0,0,0,0,0,0
894976,437,0,25,10,4,7,4,0.0008,0.00913,0.7189,2996,0,0,0,0,0,0,0,0,0,0,0,0,0,0,0,0,0,0,0,0,0
897024,438,0,21,6,5,5,5,0.00031,0.00693,0.7849,2854,0,0,0,0,0,0,0,0,0,0,0,0,0,0,0,0,0,0,0,0,0
899072,439,0,21,2,4,10,5,-0.00412,0.00382,0.8433,2997,0,0,0,0,0,0,0,0,0,0,0,0,0,0,0,0,0,0,0,0,0
901120,440,0,36,14,4,12,6,-0.00399,0.01401,0.8536,2968,0,0,0,0,0,0,0,0,0,0,0,0,0,0,0,0,0,0,0,0,0
903168,441,0,30,11,4,14,1,-0.00292,0.01079,0.8548,2999,0,0,0,0,0,0,0,0,0,0,0,0,0,0,0,0,0,0,0,0,0
905216,442,0,31,5,4,18,4,-0.00868,0.00683,0.9074,2893,0,0,0,0,0,0,0,0,0,0,0,0,0,0,0,0,0,0,0,0,0
907264,443,0,34,14,5,10,5,-0.00528,0.01248,0.8531,2765,0,0,0,0,0,0,0,0,0,0,0,0,0,0,0,0,0,0,0,0,0
909312,444,0,37,13,10,12,2,-0.00151,0.01422,0.7599,2831,0,0,0,0,0,0,0,0,0,0,0,0,0,0,0,0,0,0,0,0,0
911360,445,0,28,8,6,10,4,-0.00286,0.01111,0.796,2890,0,0,0,0,0,0,0,0,0,0,0,0,0,0,0,0,0,0,0,0,0
913408,446,0,23,1,5,12,5,-0.00673,0.00362,0.8301,2899,0,0,0,0,0,0,0,0,0,0,0,0,0,0,0,0,0,0,0,0,0
915456,447,0,20,3,3,9,5,-0.00378,0.00523,0.7679,2762,0,0,0,0,0,0,0,0,0,0,0,0,0,0,0,0,0,0,0,0,0
917504,448,0,30,7,8,8,7,-0.00678,0.00791,0.8634,2814,0,0,0,0,0,0,0,0,0,0,0,0,0,0,0,0,0,0,0,0,0
919552,449,0,26,8,5,11,2,-0.00629,0.00745,0.8177,2615,0,0,0,0,0,0,0,0,0,0,0,0,0,0,0,0,0,0,0,0,0
921600,450,0,21,6,2,9,4,-0.00372,0.00581,0.862,2874,0,0,0,0,0,0,0,0,0,0,0,0,0,0,0,0,0,0,0,0,0
923648,451,0,38,12,6,18,2,0.00175,0.01218,0.7931,2520,0,0,0,0,0,0,0,0,0,0,0,0,0,0,0,0,0,0,0,0,0
925696,452,0,30,8,8,10,4,-0.00372,0.00819,0.8117,2746,0,0,0,0,0,0,0,0,0,0,0,0,0,0,0,0,0,0,0,0,0
927744,453,0,19,7,2,8,2,-0.00213,0.0061,0.8492,2815,0,0,0,0,0,0,0,0,0,0,0,0,0,0,0,0,0,0,0,0,0
929792,454,0,43,8,5,25,5,-0.00023,0.00991,0.8428,2877,0,0,0,0,0,0,0,0,0,0,0,0,0,0,0,0,0,0,0,0,0
931840,455,0,35,8,9,15,3,0.00427,0.00941,0.8062,2874,0,0,0,0,0,0,0,0,0,0,0,0,0,0,0,0,0,0,0,0,0
933888,456,0,30,9,5,15,1,-0.00209,0.00982,0.8034,2920,0,0,0,0,0,0,0,0,0,0,0,0,0,0,0,0,0,0,0,0,0
935936,457,0,39,17,4,12,6,-0.00488,0.01416,0.7408,2667,0,0,0,0,0,0,0,0,0,0,0,0,0,0,0,0,0,0,0,0,0
937984,458,0,45,20,6,18,1,-0.00107,0.02,0.7495,2823,0,0,0,0,0,0,0,0,0,0,0,0,0,0,0,0,0,0,0,0,0
940032,459,0,44,17,10,14,3,-0.00459,0.01549,0.7531,2562,0,0,0,0,0,0,0,0,0,0,0,0,0,0,0,0,0,0,0,0,0
942080,460,0,37,14,8,13,2,-0.00438,0.01348,0.744,2588,0,0,0,0,0,0,0,0,0,0,0,0,0,0,0,0,0,0,0,0,0
944128,461,0,49,16,15,15,3,-0.00414,0.01672,0.7323,2421,0,0,0,0,0,0,0,0,0,0,0,0,0,0,0,0,0,0,0,0,0
946176,462,0,41,15,6,18,2,-0.00313,0.01468,0.7815,2822,0,0,0,0,0,0,0,0,0,0,0,0,0,0,0,0,0,0,0,0,0
948224,463,0,40,12,7,19,2,-0.00477,0.01412,0.7888,2847,0,0,0,0,0,0,0,0,0,0,0,0,0,0,0,0,0,0,0,0,0
950272,464,0,33,10,8,10,5,-0.00657,0.01185,0.7618,2917,0,0,0,0,0,0,0,0,0,0,0,0,0,0,0,0,0,0,0,0,0
952320,465,0,47,16,8,19,4,-0.00503,0.01874,0.7067,2742,0,0,0,0,0,0,0,0,0,0,0,0,0,0,0,0,0,0,0,0,0
954368,466,0,32,11,5,14,2,-0.00683,0.01234,0.7256,2648,0,0,0,0,0,0,0,0,0,0,0,0,0,0,0,0,0,0,0,0,0
956416,467,0,44,19,6,17,2,-0.00337,0.01586,0.6772,2993,0,0,0,0,0,0,0,0,0,0,0,0,0,0,0,0,0,0,0,0,0
958464,468,0,34,12,7,10,5,-0.00224,0.01297,0.7265,2545,0,0,0,0,0,0,0,0,0,0,0,0,0,0,0,0,0,0,0,0,0
960512,469,0,33,15,4,10,4,-0.00578,0.0131,0.6694,2441,0,0,0,0,0,0,0,0,0,0,0,0,0,0,0,0,0,0,0,0,0
962560,470,0,26,16,2,4,4,-0.00281,0.01112,0.6698,2829,0,0,0,0,0,0,0,0,0,0,0,0,0,0,0,0,0,0,0,0,0
964608,471,0,34,11,6,10,7,-0.00414,0.01317,0.6503,2842,0,0,0,0,0,0,0,0,0,0,0,0,0,0,0,0,0,0,0,0,0
966656,472,0,31,17,2,11,1,-0.00105,0.0142,0.6466,2798,0,0,0,0,0,0,0,0,0,0,0,0,0,0,0,0,0,0,0,0,0
968704,473,0,30,13,6,5,6,-0.00442,0.01101,0.6609,2875,0,0,0,0,0,0,0,0,0,0,0,0,0,0,0,0,0,0,0,0,0
970752,474,0,21,11,3,5,2,-0.00335,0.00909,0.6395,2675,0,0,0,0,0,0,0,0,0,0,0,0,0,0,0,0,0,0,0,0,0
972800,475,0,36,17,5,9,5,-0.0044,0.01321,0.6893,2679,0,0,0,0,0,0,0,0,0,0,0,0,0,0,0,0,0,0,0,0,0
974848,476,0,29,15,3,8,3,-0.00353,0.01234,0.6655,2938,0,0,0,0,0,0,0,0,0,0,0,0,0,0,0,0,0,0,0,0,0
976896,477,0,28,12,2,11,3,-0.00418,0.01156,0.7083,2786,0,0,0,0,0,0,0,0,0,0,0,0,0,0,0,0,0,0,0,0,0
978944,478,0,40,22,9,6,3,-0.00612,0.01549,0.6663,2529,0,0,0,0,0,0,0,0,0,0,0,0,0,0,0,0,0,0,0,0,0
980992,479,0,29,20,4,2,3,-0.00656,0.0134,0.7644,2724,0,0,0,0,0,0,0,0,0,0,0,0,0,0,0,0,0,0,0,0,0
983040,480,0,35,16,5,8,6,-0.00358,0.01429,0.732,2735,0,0,0,0,0,0,0,0,0,0,0,0,0,0,0,0,0,0,0,0,0
985088,481,0,27,13,2,8,4,-0.00363,0.01075,0.7504,2883,0,0,0,0,0,0,0,0,0,0,0,0,0,0,0,0,0,0,0,0,0
987136,482,0,36,17,2,12,5,-0.00321,0.01456,0.6765,2940,0,0,0,0,0,0,0,0,0,0,0,0,0,0,0,0,0,0,0,0,0
989184,483,0,37,25,5,4,3,-0.00456,0.0162,0.6174,3040,0,0,0,0,0,0,0,0,0,0,0,0,0,0,0,0,0,0,0,0,0
991232,484,0,34,19,5,5,5,-0.00537,0.01694,0.5439,2744,0,0,0,0,0,0,0,0,0,0,0,0,0,0,0,0,0,0,0,0,0
993280,485,0,38,18,11,4,5,-0.00166,0.01645,0.6393,2553,0,0,0,0,0,0,0,0,0,0,0,0,0,0,0,0,0,0,0,0,0
995328,486,0,32,22,3,4,3,0.00176,0.01248,0.6143,2870,0,0,0,0,0,0,0,0,0,0,0,0,0,0,0,0,0,0,0,0,0
997376,487,0,20,13,2,3,2,-0.00354,0.00861,0.5646,2889,0,0,0,0,0,0,0,0,0,0,0,0,0,0,0,0,0,0,0,0,0
999424,488,0,37,16,5,8,8,-0.00381,0.01382,0.4944,2980,0,0,0,0,0,0,0,0,0,0,0,0,0,0,0,0,0,0,0,0,0
1001472,489,0,38,18,7,11,2,-0.00192,0.01429,0.4832,2827,0,0,0,0,0,0,0,0,0,0,0,0,0,0,0,0,0,0,0,0,0
1003520,490,0,37,24,5,5,3,-0.00652,0.01517,0.5707,2889,0,0,0,0,0,0,0,0,0,0,0,0,0,0,0,0,0,0,0,0,0
1005568,491,0,46,30,4,9,3,-0.00281,0.01897,0.5195,3086,0,0,0,0,0,0,0,0,0,0,0,0,0,0,0,0,0,0,0,0,0
1007616,492,0,34,17,3,11,3,-0.00307,0.01453,0.4824,3176,0,0,0,0,0,0,0,0,0,0,0,0,0,0,0,0,0,0,0,0,0
1009664,493,0,35,19,5,6,5,-0.00122,0.01578,0.5412,3006,0,0,0,0,0,0,0,0,0,0,0,0,0,0,0,0,0,0,0,0,0
1011712,494,0,41,25,5,7,4,-0.00251,0.01725,0.5484,2850,0,0,0,0,0,0,0,0,0,0,0,0,0,0,0,0,0,0,0,0,0
1013760,495,0,36,24,4,7,1,-0.00504,0.01407,0.3512,2862,0,0,0,0,0,0,0,0,0,0,0,0,0,0,0,0,0,0,0,0,0
1015808,496,0,33,19,2,7,5,-0.00315,0.01188,0.4995,2853,0,0,0,0,0,0,0,0,0,0,0,0,0,0,0,0,0,0,0,0,0
1017856,497,0,31,21,3,2,5,-0.00446,0.01177,0.5512,2719,0,0,0,0,0,0,0,0,0,0,0,0,0,0,0,0,0,0,0,0,0
1019904,498,0,34,23,5,3,3,-0.00183,0.01412,0.5148,2598,0,0,0,0,0,0,0,0,0,0,0,0,0,0,0,0,0,0,0,0,0
1021952,499,0,32,24,3,1,4,-0.00352,0.01295,0.4743,2619,0,0,0,0,0,0,0,0,0,0,0,0,0,0,0,0,0,0,0,0,0
1024000,500,0,31,18,5,2,6,-0.00191,0.01234,0.4031,2648,0,0,0,0,0,0,0,0,0,0,0,0,0,0,0,0,0,0,0,0,0
1026048,501,0,29,18,2,3,6,-0.0044,0.0132,0.402,2391,0,0,0,0,0,0,0,0,0,0,0,0,0,0,0,0,0,0,0,0,0
1028096,502,0,31,19,3,3,6,0.00216,0.01338,0.418,2301,0,0,0,0,0,0,0,0,0,0,0,0,0,0,0,0,0,0,0,0,0
1030144,503,0,26,12,3,5,6,-0.00391,0.01413,0.4703,2671,0,0,0,0,0,0,0,0,0,0,0,0,0,0,0,0,0,0,0,0,0
1032192,504,0,35,17,4,7,7,-0.0014,0.01609,0.4582,2779,0,0,0,0,0,0,0,0,0,0,0,0,0,0,0,0,0,0,0,0,0
1034240,505,0,19,15,0,1,3,-0.00215,0.01063,0.4024,2532,0,0,0,0,0,0,0,0,0,0,0,0,0,0,0,0,0,0,0,0,0
1036288,506,0,33,17,4,2,10,-0.00285,0.01332,0.4616,2634,0,0,0,0,0,0,0,0,0,0,0,0,0,0,0,0,0,0,0,0,0
1038336,507,0,36,23,4,8,1,-0.00306,0.0148,0.4805,2705,0,0,0,0,0,0,0,0,0,0,0,0,0,0,0,0,0,0,0,0,0
1040384,508,0,47,36,1,5,5,-0.00339,0.01904,0.4885,2753,0,0,0,0,0,0,0,0,0,0,0,0,0,0,0,0,0,0,0,0,0
1042432,509,0,29,24,0,4,1,-0.00359,0.01109,0.4451,2670,0,0,0,0,0,0,0,0,0,0,0,0,0,0,0,0,0,0,0,0,0
1044480,510,0,42,27,3,4,8,-0.00523,0.01508,0.4346,2761,0,0,0,0,0,0,0,0,0,0,0,0,0,0,0,0,0,0,0,0,0
1046528,511,0,30,24,3,1,2,-0.00336,0.01045,0.465,2954,0,0,0,0,0,0,0,0,0,0,0,0,0,0,0,0,0,0,0,0,0
1048576,512,0,22,12,2,2,6,-0.00432,0.00933,0.4747,3124,0,0,0,0,0,0,0,0,0,0,0,0,0,0,0,0,0,0,0,0,0
1050624,513,0,28,16,2,5,5,-0.00583,0.01211,0.4591,2947,0,0,0,0,0,0,0,0,0,0,0,0,0,0,0,0,0,0,0,0,0
1052672,514,0,33,20,4,2,7,-0.0034,0.0155,0.5269,3069,0,0,0,0,0,0,0,0,0,0,0,0,0,0,0,0,0,0,0,0,0
1054720,515,0,30,20,3,4,3,-0.0032,0.01213,0.4843,2728,0,0,0,0,0,0,0,0,0,0,0,0,0,0,0,0,0,0,0,0,0
1056768,516,0,36,27,2,3,4,-0.00468,0.01422,0.4338,2706,0,0,0,0,0,0,0,0,0,0,0,0,0,0,0,0,0,0,0,0,0
1058816,517,0,35,24,4,3,4,-0.00135,0.01338,0.3959,2850,0,0,0,0,0,0,0,0,0,0,0,0,0,0,0,0,0,0,0,0,0
1060864,518,0,38,28,3,2,5,0.00017,0.01473,0.388,2978,0,0,0,0,0,0,0,0,0,0,0,0,0,0,0,0,0,0,0,0,0
1062912,519,0,38,26,4,7,1,-0.00282,0.01242,0.3438,2962,0,0,0,0,0,0,0,0,0,0,0,0,0,0,0,0,0,0,0,0,0
1064960,520,0,26,19,0,2,5,-0.00331,0.01021,0.3569,2896,0,0,0,0,0,0,0,0,0,0,0,0,0,0,0,0,0,0,0,0,0
1067008,521,0,39,27,1,3,8,-0.00027,0.0164,0.4341,2964,0,0,0,0,0,0,0,0,0,0,0,0,0,0,0,0,0,0,0,0,0
1069056,522,0,34,28,1,0,5,-0.00183,0.01439,0.448,2668,0,0,0,0,0,0,0,0,0,0,0,0,0,0,0,0,0,0,0,0,0
1071104,523,0,33,22,1,5,5,-0.00351,0.01358,0.4416,2552,0,0,0,0,0,0,0,0,0,0,0,0,0,0,0,0,0,0,0,0,0
1073152,524,0,32,23,2,4,3,-0.00313,0.01184,0.4188,2900,0,0,0,0,0,0,0,0,0,0,0,0,0,0,0,0,0,0,0,0,0
1075200,525,0,28,21,0,3,4,-0.00326,0.0102,0.3779,2904,0,0,0,0,0,0,0,0,0,0,0,0,0,0,0,0,0,0,0,0,0
1077248,526,0,39,31,1,1,6,-0.00335,0.01368,0.4285,2885,0,0,0,0,0,0,0,0,0,0,0,0,0,0,0,0,0,0,0,0,0
1079296,527,0,44,35,4,3,2,0.00374,0.01513,0.4632,2882,0,0,0,0,0,0,0,0,0,0,0,0,0,0,0,0,0,0,0,0,0
1081344,528,0,37,28,4,2,3,-0.00093,0.01281,0.3919,3048,0,0,0,0,0,0,0,0,0,0,0,0,0,0,0,0,0,0,0,0,0
1083392,529,0,30,18,3,4,5,-0.00369,0.01336,0.3698,2820,0,0,0,0,0,0,0,0,0,0,0,0,0,0,0,0,0,0,0,0,0
1085440,530,0,32,23,4,3,2,-0.00531,0.01079,0.3685,2685,0,0,0,0,0,0,0,0,0,0,0,0,0,0,0,0,0,0,0,0,0
1087488,531,0,25,18,0,1,6,0.00045,0.01064,0.3901,2948,0,0,0,0,0,0,0,0,0,0,0,0,0,0,0,0,0,0,0,0,0
1089536,532,0,42,30,5,1,6,0.00557,0.01686,0.4039,2783,0,0,0,0,0,0,0,0,0,0,0,0,0,0,0,0,0,0,0,0,0
1091584,533,0,32,24,3,3,2,-0.00231,0.01121,0.4497,2638,0,0,0,0,0,0,0,0,0,0,0,0,0,0,0,0,0,0,0,0,0
1093632,534,0,34,23,4,1,6,0.00032,0.01516,0.4412,2852,0,0,0,0,0,0,0,0,0,0,0,0,0,0,0,0,0,0,0,0,0
1095680,535,0,37,32,1,1,3,-0.00108,0.01285,0.3773,3071,0,0,0,0,0,0,0,0,0,0,0,0,0,0,0,0,0,0,0,0,0
1097728,536,0,41,33,2,0,6,-0.00456,0.01342,0.3848,2916,0,0,0,0,0,0,0,0,0,0,0,0,0,0,0,0,0,0,0,0,0
1099776,537,0,24,20,0,3,1,-0.00286,0.0096,0.4158,3005,0,0,0,0,0,0,0,0,0,0,0,0,0,0,0,0,0,0,0,0,0
1101824,538,0,26,17,2,0,7,-0.00076,0.01152,0.3746,2986,0,0,0,0,0,0,0,0,0,0,0,0,0,0,0,0,0,0,0,0,0
1103872,539,0,33,24,2,2,5,-0.00011,0.01157,0.3372,2691,0,0,0,0,0,0,0,0,0,0,0,0,0,0,0,0,0,0,0,0,0
1105920,540,0,27,22,3,0,2,-0.00404,0.01095,0.3605,2736,0,0,0,0,0,0,0,0,0,0,0,0,0,0,0,0,0,0,0,0,0
1107968,541,0,26,16,4,0,6,-0.0027,0.00961,0.3803,2610,0,0,0,0,0,0,0,0,0,0,0,0,0,0,0,0,0,0,0,0,0
1110016,542,0,33,24,0,1,8,-0.00082,0.01284,0.3838,2726,0,0,0,0,0,0,0,0,0,0,0,0,0,0,0,0,0,0,0,0,0
1112064,543,0,25,21,1,0,3,-1e-05,0.00985,0.3464,2788,0,0,0,0,0,0,0,0,0,0,0,0,0,0,0,0,0,0,0,0,0
1114112,544,0,29,18,2,2,7,-0.00325,0.0111,0.4014,2895,0,0,0,0,0,0,0,0,0,0,0,0,0,0,0,0,0,0,0,0,0
1116160,545,0,28,24,1,0,3,-0.00388,0.01031,0.4451,3037,0,0,0,0,0,0,0,0,0,0,0,0,0,0,0,0,0,0,0,0,0
1118208,546,0,31,25,1,1,4,-0.00132,0.01145,0.3619,2953,0,0,0,0,0,0,0,0,0,0,0,0,0,0,0,0,0,0,0,0,0
1120256,547,0,39,25,3,3,8,-0.0038,0.01629,0.3326,2951,0,0,0,0,0,0,0,0,0,0,0,0,0,0,0,0,0,0,0,0,0
1122304,548,0,32,27,0,0,5,-0.00358,0.0132,0.335,2754,0,0,0,0,0,0,0,0,0,0,0,0,0,0,0,0,0,0,0,0,0
1124352,549,0,24,20,0,0,4,-0.00369,0.01193,0.3268,2659,0,0,0,0,0,0,0,0,0,0,0,0,0,0,0,0,0,0,0,0,0
1126400,550,0,35,28,0,2,5,0.00067,0.01606,0.335,2752,0,0,0,0,0,0,0,0,0,0,0,0,0,0,0,0,0,0,0,0,0
1128448,551,0,31,22,2,0,7,0.00409,0.01332,0.374,2655,0,0,0,0,0,0,0,0,0,0,0,0,0,0,0,0,0,0,0,0,0
1130496,552,0,35,32,0,1,2,-0.00261,0.01246,0.437,2710,0,0,0,0,0,0,0,0,0,0,0,0,0,0,0,0,0,0,0,0,0
1132544,553,0,35,29,0,0,6,-0.00205,0.01126,0.425,2820,0,0,0,0,0,0,0,0,0,0,0,0,0,0,0,0,0,0,0,0,0
1134592,554,0,45,34,2,3,6,-0.00491,0.01387,0.3686,2673,0,0,0,0,0,0,0,0,0,0,0,0,0,0,0,0,0,0,0,0,0
1136640,555,0,52,48,1,1,2,-0.00221,0.0132,0.3037,2648,0,0,0,0,0,0,0,0,0,0,0,0,0,0,0,0,0,0,0,0,0
1138688,556,0,34,32,1,0,1,-0.00377,0.0076,0.3213,2856,0,0,0,0,0,0,0,0,0,0,0,0,0,0,0,0,0,0,0,0,0
1140736,557,0,37,27,4,1,5,-0.00298,0.01339,0.2856,2941,0,0,0,0,0,0,0,0,0,0,0,0,0,0,0,0,0,0,0,0,0
1142784,558,0,34,27,2,0,5,-0.00063,0.01147,0.3078,2900,0,0,0,0,0,0,0,0,0,0,0,0,0,0,0,0,0,0,0,0,0
1144832,559,0,46,38,3,1,4,-0.00531,0.01388,0.3498,2892,0,0,0,0,0,0,0,0,0,0,0,0,0,0,0,0,0,0,0,0,0
1146880,560,0,33,28,0,2,3,-0.0036,0.00904,0.3567,2842,0,0,0,0,0,0,0,0,0,0,0,0,0,0,0,0,0,0,0,0,0
1148928,561,0,37,33,0,0,4,-0.00074,0.01068,0.3085,2859,0,0,0,0,0,0,0,0,0,0,0,0,0,0,0,0,0,0,0,0,0
1150976,562,0,52,40,3,2,7,-0.00173,0.01631,0.3293,2761,0,0,0,0,0,0,0,0,0,0,0,0,0,0,0,0,0,0,0,0,0
1153024,563,0,38,34,1,0,3,-0.00248,0.01063,0.3409,2928,0,0,0,0,0,0,0,0,0,0,0,0,0,0,0,0,0,0,0,0,0
1155072,564,0,39,34,0,1,4,0.0018,0.01083,0.3597,2781,0,0,0,0,0,0,0,0,0,0,0,0,0,0,0,0,0,0,0,0,0
1157120,565,0,33,29,0,0,4,-0.00288,0.00902,0.3431,2995,0,0,0,0,0,0,0,0,0,0,0,0,0,0,0,0,0,0,0,0,0
1159168,566,0,33,25,1,1,6,-0.0048,0.01183,0.3595,2736,0,0,0,0,0,0,0,0,0,0,0,0,0,0,0,0,0,0,0,0,0
1161216,567,0,34,26,1,0,7,-0.00235,0.01101,0.3426,2870,0,0,0,0,0,0,0,0,0,0,0,0,0,0,0,0,0,0,0,0,0
1163264,568,0,35,32,1,0,2,0.00151,0.01126,0.3558,2900,0,0,0,0,0,0,0,0,0,0,0,0,0,0,0,0,0,0,0,0,0
1165312,569,0,37,29,2,2,4,-0.0013,0.0107,0.3664,2452,0,0,0,0,0,0,0,0,0,0,0,0,0,0,0,0,0,0,0,0,0
1167360,570,0,40,35,0,0,5,-0.00456,0.01111,0.3146,2473,0,0,0,0,0,0,0,0,0,0,0,0,0,0,0,0,0,0,0,0,0
1169408,571,0,38,31,1,1,5,0.0003,0.01291,0.2904,2869,0,0,0,0,0,0,0,0,0,0,0,0,0,0,0,0,0,0,0,0,0
1171456,572,0,44,39,2,0,3,-0.00211,0.01254,0.2639,2683,0,0,0,0,0,0,0,0,0,0,0,0,0,0,0,0,0,0,0,0,0
1173504,573,0,38,31,2,2,3,-0.00205,0.01169,0.324,2824,0,0,0,0,0,0,0,0,0,0,0,0,0,0,0,0,0,0,0,0,0
1175552,574,0,34,26,1,1,6,-0.00339,0.01047,0.3428,3013,0,0,0,0,0,0,0,0,0,0,0,0,0,0,0,0,0,0,0,0,0
1177600,575,0,38,32,2,0,4,-0.00256,0.0106,0.36,2860,0,0,0,0,0,0,0,0,0,0,0,0,0,0,0,0,0,0,0,0,0
1179648,576,0,28,21,1,1,5,-0.00279,0.00841,0.2751,2995,0,0,0,0,0,0,0,0,0,0,0,0,0,0,0,0,0,0,0,0,0
1181696,577,0,36,27,1,2,6,-0.0041,0.01316,0.3057,2732,0,0,0,0,0,0,0,0,0,0,0,0,0,0,0,0,0,0,0,0,0
1183744,578,0,48,40,2,1,5,-0.00516,0.01547,0.35,3061,0,0,0,0,0,0,0,0,0,0,0,0,0,0,0,0,0,0,0,0,0
1185792,579,0,37,34,1,0,2,0.00016,0.01087,0.3603,2697,0,0,0,0,0,0,0,0,0,0,0,0,0,0,0,0,0,0,0,0,0
1187840,580,0,27,21,0,0,6,-0.00223,0.00985,0.3365,2605,0,0,0,0,0,0,0,0,0,0,0,0,0,0,0,0,0,0,0,0,0
1189888,581,0,38,31,1,2,4,-0.00447,0.01089,0.3091,2649,0,0,0,0,0,0,0,0,0,0,0,0,0,0,0,0,0,0,0,0,0
1191936,582,0,45,35,3,1,6,-0.00375,0.01222,0.2909,2684,0,0,0,0,0,0,0,0,0,0,0,0,0,0,0,0,0,0,0,0,0
1193984,583,0,30,24,1,2,3,-0.0032,0.01083,0.3584,2768,0,0,0,0,0,0,0,0,0,0,0,0,0,0,0,0,0,0,0,0,0
1196032,584,0,40,32,0,0,8,-0.00165,0.01442,0.3224,2880,0,0,0,0,0,0,0,0,0,0,0,0,0,0,0,0,0,0,0,0,0
1198080,585,0,35,30,2,0,3,-0.00282,0.01205,0.2484,2978,0,0,0,0,0,0,0,0,0,0,0,0,0,0,0,0,0,0,0,0,0
1200128,586,0,46,43,0,0,3,-0.00318,0.01149,0.3633,2844,0,0,0,0,0,0,0,0,0,0,0,0,0,0,0,0,0,0,0,0,0
1202176,587,0,44,41,0,1,2,-0.00482,0.01007,0.3123,2746,0,0,0,0,0,0,0,0,0,0,0,0,0,0,0,0,0,0,0,0,0
1204224,588,0,50,41,3,2,4,-0.00219,0.01408,0.3066,3031,0,0,0,0,0,0,0,0,0,0,0,0,0,0,0,0,0,0,0,0,0
1206272,589,0,38,34,1,0,3,-0.00202,0.00916,0.3742,2736,0,0,0,0,0,0,0,0,0,0,0,0,0,0,0,0,0,0,0,0,0
1208320,590,0,38,30,3,0,5,-0.00136,0.01114,0.3869,2988,0,0,0,0,0,0,0,0,0,0,0,0,0,0,0,0,0,0,0,0,0
1210368,591,0,46,40,0,0,6,-0.00147,0.01024,0.3515,2907,0,0,0,0,0,0,0,0,0,0,0,0,0,0,0,0,0,0,0,0,0
1212416,592,0,30,23,1,1,5,-0.00411,0.0093,0.4104,2858,0,0,0,0,0,0,0,0,0,0,0,0,0,0,0,0,0,0,0,0,0
1214464,593,0,46,39,3,2,2,-0.0028,0.01105,0.4081,2920,0,0,0,0,0,0,0,0,0,0,0,0,0,0,0,0,0,0,0,0,0
1216512,594,0,32,28,0,0,4,-4e-05,0.00945,0.3374,2940,0,0,0,0,0,0,0,0,0,0,0,0,0,0,0,0,0,0,0,0,0
1218560,595,0,44,38,1,0,5,-0.00252,0.01221,0.3138,2701,0,0,0,0,0,0,0,0,0,0,0,0,0,0,0,0,0,0,0,0,0
1220608,596,0,43,38,1,0,4,-0.00019,0.01174,0.2869,2756,0,0,0,0,0,0,0,0,0,0,0,0,0,0,0,0,0,0,0,0,0
1222656,597,0,53,46,3,1,3,-0.00306,0.01236,0.3932,2918,0,0,0,0,0,0,0,0,0,0,0,0,0,0,0,0,0,0,0,0,0
1224704,598,0,44,36,2,2,4,-0.00252,0.01209,0.2658,2836,0,0,0,0,0,0,0,0,0,0,0,0,0,0,0,0,0,0,0,0,0
1226752,599,0,42,36,1,0,5,-0.00368,0.01272,0.3364,2815,0,0,0,0,0,0,0,0,0,0,0,0,0,0,0,0,0,0,0,0,0
1228800,600,0,48,43,2,0,3,-0.00269,0.01195,0.2745,2775,0,0,0,0,0,0,0,0,0,0,0,0,0,0,0,0,0,0,0,0,0
1230848,601,0,45,38,2,0,5,-0.00392,0.01103,0.301,2850,0,0,0,0,0,0,0,0,0,0,0,0,0,0,0,0,0,0,0,0,0
1232896,602,0,43,37,2,0,4,-0.00077,0.01047,0.2816,2877,0,0,0,0,0,0,0,0,0,0,0,0,0,0,0,0,0,0,0,0,0
1234944,603,0,34,29,1,0,4,-0.00211,0.00999,0.2853,2971,0,0,0,0,0,0,0,0,0,0,0,0,0,0,0,0,0,0,0,0,0
1236992,604,0,43,34,0,1,8,0.00072,0.01328,0.3056,2811,0,0,0,0,0,0,0,0,0,0,0,0,0,0,0,0,0,0,0,0,0
1239040,605,0,44,40,0,1,3,-0.00186,0.00978,0.238,2717,0,0,0,0,0,0,0,0,0,0,0,0,0,0,0,0,0,0,0,0,0
1241088,606,0,34,28,1,1,4,-0.00276,0.01003,0.3179,2818,0,0,0,0,0,0,0,0,0,0,0,0,0,0,0,0,0,0,0,0,0
1243136,607,0,46,41,0,0,5,-0.00143,0.00998,0.2815,2805,0,0,0,0,0,0,0,0,0,0,0,0,0,0,0,0,0,0,0,0,0
1245184,608,0,62,55,1,1,5,0.00188,0.01273,0.2854,2773,0,0,0,0,0,0,0,0,0,0,0,0,0,0,0,0,0,0,0,0,0
1247232,609,0,39,35,2,0,2,0.00018,0.009,0.284,2870,0,0,0,0,0,0,0,0,0,0,0,0,0,0,0,0,0,0,0,0,0
1249280,610,0,43,34,0,2,7,0.0048,0.01209,0.3539,2779,0,0,0,0,0,0,0,0,0,0,0,0,0,0,0,0,0,0,0,0,0
1251328,611,0,41,35,0,2,4,-0.0031,0.01187,0.3906,2651,0,0,0,0,0,0,0,0,0,0,0,0,0,0,0,0,0,0,0,0,0
1253376,612,0,26,20,0,0,6,-0.00404,0.00954,0.4352,2738,0,0,0,0,0,0,0,0,0,0,0,0,0,0,0,0,0,0,0,0,0
1255424,613,0,40,33,0,1,6,-0.0037,0.01213,0.3844,2796,0,0,0,0,0,0,0,0,0,0,0,0,0,0,0,0,0,0,0,0,0
1257472,614,0,37,34,0,0,3,0.00125,0.00987,0.3359,2607,0,0,0,0,0,0,0,0,0,0,0,0,0,0,0,0,0,0,0,0,0
1259520,615,0,34,26,2,0,6,-0.00033,0.01263,0.3327,2456,0,0,0,0,0,0,0,0,0,0,0,0,0,0,0,0,0,0,0,0,0
1261568,616,0,33,27,1,0,5,-0.00229,0.00739,0.3909,2687,0,0,0,0,0,0,0,0,0,0,0,0,0,0,0,0,0,0,0,0,0
1263616,617,0,34,23,3,1,7,-0.00253,0.01144,0.3652,2631,0,0,0,0,0,0,0,0,0,0,0,0,0,0,0,0,0,0,0,0,0
1265664,618,0,48,35,6,0,7,-0.0042,0.01383,0.3684,2650,0,0,0,0,0,0,0,0,0,0,0,0,0,0,0,0,0,0,0,0,0
1267712,619,0,41,39,0,0,2,-0.00291,0.00971,0.3624,2786,0,0,0,0,0,0,0,0,0,0,0,0,0,0,0,0,0,0,0,0,0
1269760,620,0,38,33,1,0,4,0.00053,0.00842,0.3824,2648,0,0,0,0,0,0,0,0,0,0,0,0,0,0,0,0,0,0,0,0,0
1271808,621,0,32,25,0,0,7,-0.00123,0.00866,0.324,2542,0,0,0,0,0,0,0,0,0,0,0,0,0,0,0,0,0,0,0,0,0
1273856,622,0,35,31,0,0,4,-0.00225,0.00925,0.3189,2332,0,0,0,0,0,0,0,0,0,0,0,0,0,0,0,0,0,0,0,0,0
1275904,623,0,39,33,1,0,5,-0.00435,0.00964,0.3168,2524,0,0,0,0,0,0,0,0,0,0,0,0,0,0,0,0,0,0,0,0,0
1277952,624,0,37,33,0,0,4,0.00186,0.00956,0.3068,2639,0,0,0,0,0,0,0,0,0,0,0,0,0,0,0,0,0,0,0,0,0
1280000,625,0,50,42,1,0,7,-0.00146,0.01154,0.2762,2599,0,0,0,0,0,0,0,0,0,0,0,0,0,0,0,0,0,0,0,0,0
1282048,626,0,42,38,1,0,3,-0.00364,0.00983,0.3136,2806,0,0,0,0,0,0,0,0,0,0,0,0,0,0,0,0,0,0,0,0,0
1284096,627,0,47,44,0,0,3,-0.00031,0.00952,0.3399,2983,0,0,0,0,0,0,0,0,0,0,0,0,0,0,0,0,0,0,0,0,0
1286144,628,0,57,50,1,0,6,-0.003,0.0095,0.3329,2832,0,0,0,0,0,0,0,0,0,0,0,0,0,0,0,0,0,0,0,0,0
1288192,629,0,43,39,0,3,1,-0.00365,0.0107,0.3368,2675,0,0,0,0,0,0,0,0,0,0,0,0,0,0,0,0,0,0,0,0,0
1290240,630,0,38,33,0,0,5,-0.00105,0.00877,0.333,2818,0,0,0,0,0,0,0,0,0,0,0,0,0,0,0,0,0,0,0,0,0
1292288,631,0,38,34,0,0,4,-0.00648,0.00834,0.2915,2850,0,0,0,0,0,0,0,0,0,0,0,0,0,0,0,0,0,0,0,0,0
1294336,632,0,39,32,1,0,6,-0.00146,0.00995,0.2469,2769,0,0,0,0,0,0,0,0,0,0,0,0,0,0,0,0,0,0,0,0,0
1296384,633,0,29,24,2,0,3,-0.00083,0.00785,0.2457,2527,0,0,0,0,0,0,0,0,0,0,0,0,0,0,0,0,0,0,0,0,0
1298432,634,0,40,33,1,0,6,0.0001,0.0102,0.2992,3075,0,0,0,0,0,0,0,0,0,0,0,0,0,0,0,0,0,0,0,0,0
1300480,635,0,47,40,2,1,4,-0.0005,0.00988,0.3205,2791,0,0,0,0,0,0,0,0,0,0,0,0,0,0,0,0,0,0,0,0,0
1302528,636,0,38,32,2,0,4,-0.00332,0.00765,0.3041,2957,0,0,0,0,0,0,0,0,0,0,0,0,0,0,0,0,0,0,0,0,0
1304576,637,0,52,47,1,0,4,-0.00225,0.00978,0.2991,2824,0,0,0,0,0,0,0,0,0,0,0,0,0,0,0,0,0,0,0,0,0
1306624,638,0,43,38,2,1,2,-0.00445,0.00857,0.2868,2641,0,0,0,0,0,0,0,0,0,0,0,0,0,0,0,0,0,0,0,0,0
1308672,639,0,58,52,2,0,4,-0.0038,0.01083,0.2822,3047,0,0,0,0,0,0,0,0,0,0,0,0,0,0,0,0,0,0,0,0,0
1310720,640,0,49,47,1,0,1,-0.00456,0.00958,0.2825,3069,0,0,0,0,0,0,0,0,0,0,0,0,0,0,0,0,0,0,0,0,0
1312768,641,0,36,31,1,1,3,-0.00092,0.00951,0.3107,3016,0,0,0,0,0,0,0,0,0,0,0,0,0,0,0,0,0,0,0,0,0
1314816,642,0,40,33,2,0,5,-0.00451,0.01215,0.3002,2984,0,0,0,0,0,0,0,0,0,0,0,0,0,0,0,0,0,0,0,0,0
1316864,643,0,49,40,4,0,5,0.00011,0.01334,0.3051,2940,0,0,0,0,0,0,0,0,0,0,0,0,0,0,0,0,0,0,0,0,0
1318912,644,0,32,28,1,1,2,-0.00119,0.00869,0.2798,2872,0,0,0,0,0,0,0,0,0,0,0,0,0,0,0,0,0,0,0,0,0
1320960,645,0,40,30,1,0,9,-0.00021,0.01084,0.2786,2815,0,0,0,0,0,0,0,0,0,0,0,0,0,0,0,0,0,0,0,0,0
1323008,646,0,43,37,1,0,5,-0.00258,0.01005,0.3369,2942,0,0,0,0,0,0,0,0,0,0,0,0,0,0,0,0,0,0,0,0,0
1325056,647,0,43,39,1,0,3,-0.00392,0.00831,0.3227,2851,0,0,0,0,0,0,0,0,0,0,0,0,0,0,0,0,0,0,0,0,0
1327104,648,0,46,39,2,0,5,-0.00167,0.00987,0.3327,2802,0,0,0,0,0,0,0,0,0,0,0,0,0,0,0,0,0,0,0,0,0
1329152,649,0,48,46,0,0,2,-0.00325,0.01062,0.2946,2957,0,0,0,0,0,0,0,0,0,0,0,0,0,0,0,0,0,0,0,0,0
1331200,650,0,38,30,4,0,4,-0.00222,0.00834,0.2925,2734,0,0,0,0,0,0,0,0,0,0,0,0,0,0,0,0,0,0,0,0,0
1333248,651,0,38,34,0,0,4,-0.00228,0.00845,0.262,2833,0,0,0,0,0,0,0,0,0,0,0,0,0,0,0,0,0,0,0,0,0
1335296,652,0,40,34,0,0,6,-0.00083,0.00966,0.3091,2665,0,0,0,0,0,0,0,0,0,0,0,0,0,0,0,0,0,0,0,0,0
1337344,653,0,49,40,1,3,5,-0.0022,0.0119,0.2625,2925,0,0,0,0,0,0,0,0,0,0,0,0,0,0,0,0,0,0,0,0,0
1339392,654,0,40,36,2,0,2,0.00133,0.0101,0.2816,2978,0,0,0,0,0,0,0,0,0,0,0,0,0,0,0,0,0,0,0,0,0
1341440,655,0,49,42,0,2,5,-0.00105,0.01123,0.2433,2774,0,0,0,0,0,0,0,0,0,0,0,0,0,0,0,0,0,0,0,0,0
1343488,656,0,40,36,0,0,4,-0.00236,0.0077,0.243,3072,0,0,0,0,0,0,0,0,0,0,0,0,0,0,0,0,0,0,0,0,0
1345536,657,0,40,35,0,0,5,0.00033,0.00973,0.2558,2932,0,0,0,0,0,0,0,0,0,0,0,0,0,0,0,0,0,0,0,0,0
1347584,658,0,48,41,1,0,6,-0.00323,0.01056,0.2588,2865,0,0,0,0,0,0,0,0,0,0,0,0,0,0,0,0,0,0,0,0,0
1349632,659,0,50,44,0,2,4,-0.00095,0.01241,0.235,2923,0,0,0,0,0,0,0,0,0,0,0,0,0,0,0,0,0,0,0,0,0
1351680,660,0,40,37,0,0,3,-0.00236,0.00975,0.3219,2819,0,0,0,0,0,0,0,0,0,0,0,0,0,0,0,0,0,0,0,0,0
1353728,661,0,54,46,0,0,8,-0.00187,0.01008,0.2571,2849,0,0,0,0,0,0,0,0,0,0,0,0,0,0,0,0,0,0,0,0,0
1355776,662,0,39,37,0,0,2,-0.00396,0.00884,0.281,2902,0,0,0,0,0,0,0,0,0,0,0,0,0,0,0,0,0,0,0,0,0
1357824,663,0,43,37,0,0,6,-0.00315,0.00845,0.2523,2706,0,0,0,0,0,0,0,0,0,0,0,0,0,0,0,0,0,0,0,0,0
1359872,664,0,44,41,0,0,3,0.00369,0.00888,0.2936,2746,0,0,0,0,0,0,0,0,0,0,0,0,0,0,0,0,0,0,0,0,0
1361920,665,0,50,47,0,0,3,-0.00148,0.00833,0.2559,2779,0,0,0,0,0,0,0,0,0,0,0,0,0,0,0,0,0,0,0,0,0
1363968,666,0,43,37,2,0,4,0.00306,0.00853,0.2165,3068,0,0,0,0,0,0,0,0,0,0,0,0,0,0,0,0,0,0,0,0,0
1366016,667,0,53,46,2,0,5,0.0024,0.01103,0.2457,3038,0,0,0,0,0,0,0,0,0,0,0,0,0,0,0,0,0,0,0,0,0
1368064,668,0,29,25,1,1,2,-0.00249,0.00665,0.2047,3027,0,0,0,0,0,0,0,0,0,0,0,0,0,0,0,0,0,0,0,0,0
1370112,669,0,44,35,2,0,7,-0.00509,0.00861,0.2341,3058,0,0,0,0,0,0,0,0,0,0,0,0,0,0,0,0,0,0,0,0,0
1372160,670,0,46,40,0,1,5,0.00272,0.01048,0.1916,2927,0,0,0,0,0,0,0,0,0,0,0,0,0,0,0,0,0,0,0,0,0
1374208,671,0,44,41,0,0,3,-0.00254,0.00864,0.2219,2835,0,0,0,0,0,0,0,0,0,0,0,0,0,0,0,0,0,0,0,0,0
1376256,672,0,56,51,0,0,5,0.00027,0.00891,0.2213,2884,0,0,0,0,0,0,0,0,0,0,0,0,0,0,0,0,0,0,0,0,0
1378304,673,0,53,51,0,0,2,-0.00027,0.00712,0.2261,2947,0,0,0,0,0,0,0,0,0,0,0,0,0,0,0,0,0,0,0,0,0
1380352,674,0,47,44,1,0,2,-0.00289,0.00854,0.2409,2763,0,0,0,0,0,0,0,0,0,0,0,0,0,0,0,0,0,0,0,0,0
1382400,675,0,39,36,0,0,3,-0.00062,0.0067,0.2918,2674,0,0,0,0,0,0,0,0,0,0,0,0,0,0,0,0,0,0,0,0,0
1384448,676,0,47,38,1,0,8,0.00295,0.00919,0.2614,2888,0,0,0,0,0,0,0,0,0,0,0,0,0,0,0,0,0,0,0,0,0
1386496,677,0,40,34,1,0,5,-0.00243,0.00854,0.2077,2825,0,0,0,0,0,0,0,0,0,0,0,0,0,0,0,0,0,0,0,0,0
1388544,678,0,34,30,2,0,2,-0.00214,0.00843,0.2826,2746,0,0,0,0,0,0,0,0,0,0,0,0,0,0,0,0,0,0,0,0,0
1390592,679,0,35,30,0,0,5,-0.00225,0.00627,0.278,2778,0,0,0,0,0,0,0,0,0,0,0,0,0,0,0,0,0,0,0,0,0
1392640,680,0,53,45,0,0,8,-0.00257,0.00859,0.187,2829,0,0,0,0,0,0,0,0,0,0,0,0,0,0,0,0,0,0,0,0,0
1394688,681,0,46,43,1,0,2,-0.00129,0.00935,0.2145,2924,0,0,0,0,0,0,0,0,0,0,0,0,0,0,0,0,0,0,0,0,0
1396736,682,0,48,41,1,0,6,-0.00029,0.01002,0.2592,2959,0,0,0,0,0,0,0,0,0,0,0,0,0,0,0,0,0,0,0,0,0
1398784,683,0,40,35,0,0,5,0.00209,0.00883,0.2446,2843,0,0,0,0,0,0,0,0,0,0,0,0,0,0,0,0,0,0,0,0,0
1400832,684,0,48,44,1,0,3,-1e-05,0.00962,0.1988,2900,0,0,0,0,0,0,0,0,0,0,0,0,0,0,0,0,0,0,0,0,0
1402880,685,0,61,54,2,0,5,-0.00088,0.01075,0.2097,2972,0,0,0,0,0,0,0,0,0,0,0,0,0,0,0,0,0,0,0,0,0
1404928,686,0,39,36,0,0,3,-0.00043,0.00689,0.2452,2786,0,0,0,0,0,0,0,0,0,0,0,0,0,0,0,0,0,0,0,0,0
1406976,687,0,44,38,0,0,6,-0.00316,0.0069,0.198,2995,0,0,0,0,0,0,0,0,0,0,0,0,0,0,0,0,0,0,0,0,0
1409024,688,0,50,48,0,0,2,-0.00192,0.00757,0.1914,2744,0,0,0,0,0,0,0,0,0,0,0,0,0,0,0,0,0,0,0,0,0
1411072,689,0,29,25,0,0,4,-0.00121,0.00601,0.2096,2786,0,0,0,0,0,0,0,0,0,0,0,0,0,0,0,0,0,0,0,0,0
1413120,690,0,55,48,0,1,6,-0.00289,0.01021,0.2084,2862,0,0,0,0,0,0,0,0,0,0,0,0,0,0,0,0,0,0,0,0,0
1415168,691,0,54,52,1,0,1,-0.00227,0.00785,0.2045,2992,0,0,0,0,0,0,0,0,0,0,0,0,0,0,0,0,0,0,0,0,0
1417216,692,0,52,47,2,0,3,-0.00227,0.00982,0.1924,2756,0,0,0,0,0,0,0,0,0,0,0,0,0,0,0,0,0,0,0,0,0
1419264,693,0,57,53,1,0,3,0.00121,0.01008,0.1733,2690,0,0,0,0,0,0,0,0,0,0,0,0,0,0,0,0,0,0,0,0,0
1421312,694,0,48,46,0,0,2,0.0021,0.00772,0.1897,2629,0,0,0,0,0,0,0,0,0,0,0,0,0,0,0,0,0,0,0,0,0
1423360,695,0,40,34,0,1,5,-0.00534,0.00909,0.2344,2780,0,0,0,0,0,0,0,0,0,0,0,0,0,0,0,0,0,0,0,0,0
1425408,696,0,61,53,1,1,6,-0.00299,0.00901,0.174,2726,0,0,0,0,0,0,0,0,0,0,0,0,0,0,0,0,0,0,0,0,0
1427456,697,0,50,48,1,0,1,-0.00086,0.0072,0.1747,2641,0,0,0,0,0,0,0,0,0,0,0,0,0,0,0,0,0,0,0,0,0
1429504,698,0,43,36,1,0,6,-0.00245,0.00771,0.2182,2565,0,0,0,0,0,0,0,0,0,0,0,0,0,0,0,0,0,0,0,0,0
1431552,699,0,59,55,1,0,3,-0.00234,0.00864,0.2216,2833,0,0,0,0,0,0,0,0,0,0,0,0,0,0,0,0,0,0,0,0,0
1433600,700,0,45,42,0,1,2,-0.00308,0.00809,0.2233,2777,0,0,0,0,0,0,0,0,0,0,0,0,0,0,0,0,0,0,0,0,0
1435648,701,0,51,46,0,0,5,-0.00636,0.00737,0.2229,2433,0,0,0,0,0,0,0,0,0,0,0,0,0,0,0,0,0,0,0,0,0
1437696,702,0,56,53,0,0,3,-0.00018,0.00818,0.2284,2495,0,0,0,0,0,0,0,0,0,0,0,0,0,0,0,0,0,0,0,0,0
1439744,703,0,36,29,0,3,4,-0.0014,0.00739,0.2607,2812,0,0,0,0,0,0,0,0,0,0,0,0,0,0,0,0,0,0,0,0,0
1441792,704,0,46,39,1,0,6,0.0002,0.00778,0.2448,2668,0,0,0,0,0,0,0,0,0,0,0,0,0,0,0,0,0,0,0,0,0
1443840,705,0,52,46,1,0,5,-0.00258,0.00821,0.2283,2584,0,0,0,0,0,0,0,0,0,0,0,0,0,0,0,0,0,0,0,0,0
1445888,706,0,63,59,2,1,1,-0.00445,0.00791,0.2049,2881,0,0,0,0,0,0,0,0,0,0,0,0,0,0,0,0,0,0,0,0,0
1447936,707,0,55,50,2,0,3,0.00104,0.00779,0.2265,2742,0,0,0,0,0,0,0,0,0,0,0,0,0,0,0,0,0,0,0,0,0
1449984,708,0,45,40,2,0,3,0.00179,0.00841,0.209,2977,0,0,0,0,0,0,0,0,0,0,0,0,0,0,0,0,0,0,0,0,0
1452032,709,0,49,45,0,0,4,-0.00387,0.00706,0.2058,2833,0,0,0,0,0,0,0,0,0,0,0,0,0,0,0,0,0,0,0,0,0
1454080,710,0,47,41,0,0,6,-0.00195,0.00895,0.1869,2789,0,0,0,0,0,0,0,0,0,0,0,0,0,0,0,0,0,0,0,0,0
1456128,711,0,47,44,0,0,3,-0.00433,0.01036,0.199,2576,0,0,0,0,0,0,0,0,0,0,0,0,0,0,0,0,0,0,0,0,0
1458176,712,0,46,42,0,1,3,-0.00378,0.00741,0.1893,2934,0,0,0,0,0,0,0,0,0,0,0,0,0,0,0,0,0,0,0,0,0
1460224,713,0,64,61,1,1,1,-0.0037,0.01101,0.2034,2878,0,0,0,0,0,0,0,0,0,0,0,0,0,0,0,0,0,0,0,0,0
1462272,714,0,52,48,0,1,3,-0.0022,0.00964,0.2652,2283,0,0,0,0,0,0,0,0,0,0,0,0,0,0,0,0,0,0,0,0,0
1464320,715,0,48,43,1,0,4,-0.00281,0.00727,0.236,2838,0,0,0,0,0,0,0,0,0,0,0,0,0,0,0,0,0,0,0,0,0
1466368,716,0,48,45,0,0,3,-0.00219,0.00626,0.2541,2892,0,0,0,0,0,0,0,0,0,0,0,0,0,0,0,0,0,0,0,0,0
1468416,717,0,50,46,1,2,1,-0.00061,0.0055,0.2441,2695,0,0,0,0,0,0,0,0,0,0,0,0,0,0,0,0,0,0,0,0,0
1470464,718,0,65,58,1,0,6,-0.00222,0.00838,0.2161,2999,0,0,0,0,0,0,0,0,0,0,0,0,0,0,0,0,0,0,0,0,0
1472512,719,0,42,41,0,1,0,-0.00417,0.0065,0.2227,2673,0,0,0,0,0,0,0,0,0,0,0,0,0,0,0,0,0,0,0,0,0
1474560,720,0,49,42,1,0,6,-0.0034,0.00775,0.203,3021,0,0,0,0,0,0,0,0,0,0,0,0,0,0,0,0,0,0,0,0,0
1476608,721,0,63,59,2,0,2,-0.00371,0.00813,0.2101,2897,0,0,0,0,0,0,0,0,0,0,0,0,0,0,0,0,0,0,0,0,0
1478656,722,0,61,58,2,0,1,0.00284,0.00652,0.2298,2915,0,0,0,0,0,0,0,0,0,0,0,0,0,0,0,0,0,0,0,0,0
1480704,723,0,51,48,1,0,2,-0.00068,0.00677,0.2211,2929,0,0,0,0,0,0,0,0,0,0,0,0,0,0,0,0,0,0,0,0,0
1482752,724,0,49,45,0,0,4,0.00104,0.00724,0.2336,2855,0,0,0,0,0,0,0,0,0,0,0,0,0,0,0,0,0,0,0,0,0
1484800,725,0,46,43,0,0,3,-0.00165,0.00676,0.2372,2819,0,0,0,0,0,0,0,0,0,0,0,0,0,0,0,0,0,0,0,0,0
1486848,726,0,37,29,2,0,6,0.00085,0.00681,0.2437,2968,0,0,0,0,0,0,0,0,0,0,0,0,0,0,0,0,0,0,0,0,0
1488896,727,0,49,45,1,0,3,-0.00049,0.00627,0.2326,2859,0,0,0,0,0,0,0,0,0,0,0,0,0,0,0,0,0,0,0,0,0
1490944,728,0,50,45,0,0,5,-0.00043,0.00646,0.1855,2828,0,0,0,0,0,0,0,0,0,0,0,0,0,0,0,0,0,0,0,0,0
1492992,729,0,43,38,0,1,4,0.00164,0.00723,0.1982,2860,0,0,0,0,0,0,0,0,0,0,0,0,0,0,0,0,0,0,0,0,0
1495040,730,0,47,42,1,0,4,-0.0021,0.00736,0.2064,2726,0,0,0,0,0,0,0,0,0,0,0,0,0,0,0,0,0,0,0,0,0
1497088,731,0,44,39,0,0,5,-0.00374,0.0084,0.2243,3049,0,0,0,0,0,0,0,0,0,0,0,0,0,0,0,0,0,0,0,0,0
1499136,732,0,55,51,1,0,3,-0.00129,0.00896,0.2232,3056,0,0,0,0,0,0,0,0,0,0,0,0,0,0,0,0,0,0,0,0,0
1501184,733,0,55,50,1,0,4,-0.002,0.00794,0.2138,3015,0,0,0,0,0,0,0,0,0,0,0,0,0,0,0,0,0,0,0,0,0
1503232,734,0,60,56,1,0,3,-0.00105,0.00686,0.1878,3010,0,0,0,0,0,0,0,0,0,0,0,0,0,0,0,0,0,0,0,0,0
1505280,735,0,59,55,0,0,4,-0.00364,0.00788,0.1981,2940,0,0,0,0,0,0,0,0,0,0,0,0,0,0,0,0,0,0,0,0,0
1507328,736,0,48,43,2,0,3,-0.00471,0.0064,0.1934,2845,0,0,0,0,0,0,0,0,0,0,0,0,0,0,0,0,0,0,0,0,0
1509376,737,0,59,55,1,0,3,-0.0022,0.00729,0.1728,2967,0,0,0,0,0,0,0,0,0,0,0,0,0,0,0,0,0,0,0,0,0
1511424,738,0,49,47,0,0,2,-0.00066,0.00665,0.1779,2856,0,0,0,0,0,0,0,0,0,0,0,0,0,0,0,0,0,0,0,0,0
1513472,739,0,66,60,0,2,4,-0.00156,0.0098,0.1947,2978,0,0,0,0,0,0,0,0,0,0,0,0,0,0,0,0,0,0,0,0,0
1515520,740,0,64,60,1,0,3,-0.00282,0.00623,0.1953,3009,0,0,0,0,0,0,0,0,0,0,0,0,0,0,0,0,0,0,0,0,0
1517568,741,0,56,56,0,0,0,-0.00438,0.00709,0.1764,2975,0,0,0,0,0,0,0,0,0,0,0,0,0,0,0,0,0,0,0,0,0
1519616,742,0,63,57,1,2,3,-0.00259,0.00925,0.1659,3006,0,0,0,0,0,0,0,0,0,0,0,0,0,0,0,0,0,0,0,0,0
1521664,743,0,59,54,2,0,3,-0.00159,0.00759,0.2051,2884,0,0,0,0,0,0,0,0,0,0,0,0,0,0,0,0,0,0,0,0,0
1523712,744,0,55,52,1,0,2,-0.00267,0.00599,0.2042,2860,0,0,0,0,0,0,0,0,0,0,0,0,0,0,0,0,0,0,0,0,0
1525760,745,0,58,54,1,0,3,-0.0041,0.00798,0.2253,2773,0,0,0,0,0,0,0,0,0,0,0,0,0,0,0,0,0,0,0,0,0
1527808,746,0,44,40,0,0,4,-0.0009,0.00557,0.2103,2671,0,0,0,0,0,0,0,0,0,0,0,0,0,0,0,0,0,0,0,0,0
1529856,747,0,54,45,2,1,6,-0.00222,0.0121,0.1797,2768,0,0,0,0,0,0,0,0,0,0,0,0,0,0,0,0,0,0,0,0,0
1531904,748,0,48,46,0,0,2,-0.00404,0.00649,0.2174,2717,0,0,0,0,0,0,0,0,0,0,0,0,0,0,0,0,0,0,0,0,0
1533952,749,0,52,48,0,0,4,-0.00325,0.00808,0.2062,2816,0,0,0,0,0,0,0,0,0,0,0,0,0,0,0,0,0,0,0,0,0
1536000,750,0,54,51,1,0,2,-0.00081,0.00733,0.2485,2871,0,0,0,0,0,0,0,0,0,0,0,0,0,0,0,0,0,0,0,0,0
1538048,751,0,51,46,1,1,3,-0.00259,0.00751,0.2542,2908,0,0,0,0,0,0,0,0,0,0,0,0,0,0,0,0,0,0,0,0,0
1540096,752,0,62,56,3,0,3,-0.00061,0.00649,0.2082,2825,0,0,0,0,0,0,0,0,0,0,0,0,0,0,0,0,0,0,0,0,0
1542144,753,0,45,40,2,0,3,0.00191,0.00679,0.2059,2819,0,0,0,0,0,0,0,0,0,0,0,0,0,0,0,0,0,0,0,0,0
1544192,754,0,53,49,0,0,4,0.00226,0.00778,0.1857,2867,0,0,0,0,0,0,0,0,0,0,0,0,0,0,0,0,0,0,0,0,0
1546240,755,0,57,52,2,0,3,-0.00282,0.00722,0.1625,2831,0,0,0,0,0,0,0,0,0,0,0,0,0,0,0,0,0,0,0,0,0
1548288,756,0,60,57,0,0,3,-0.00263,0.00803,0.1777,2781,0,0,0,0,0,0,0,0,0,0,0,0,0,0,0,0,0,0,0,0,0
1550336,757,0,65,60,1,1,3,0.00259,0.00608,0.1728,2877,0,0,0,0,0,0,0,0,0,0,0,0,0,0,0,0,0,0,0,0,0
1552384,758,0,61,59,1,0,1,0.00064,0.00848,0.1596,3024,0,0,0,0,0,0,0,0,0,0,0,0,0,0,0,0,0,0,0,0,0
1554432,759,0,65,58,4,0,3,-0.00129,0.00765,0.1571,2873,0,0,0,0,0,0,0,0,0,0,0,0,0,0,0,0,0,0,0,0,0
1556480,760,0,51,48,0,0,3,-0.00263,0.00774,0.2028,2809,0,0,0,0,0,0,0,0,0,0,0,0,0,0,0,0,0,0,0,0,0
1558528,761,0,50,45,2,0,3,-0.00296,0.00919,0.2109,2805,0,0,0,0,0,0,0,0,0,0,0,0,0,0,0,0,0,0,0,0,0
1560576,762,0,60,56,1,0,3,0.00077,0.00759,0.1899,2826,0,0,0,0,0,0,0,0,0,0,0,0,0,0,0,0,0,0,0,0,0
1562624,763,0,62,55,1,2,4,0.0012,0.00868,0.1885,2645,0,0,0,0,0,0,0,0,0,0,0,0,0,0,0,0,0,0,0,0,0
1564672,764,0,72,69,2,0,1,-0.00045,0.00682,0.1477,2874,0,0,0,0,0,0,0,0,0,0,0,0,0,0,0,0,0,0,0,0,0
1566720,765,0,65,63,0,0,2,-0.00403,0.00789,0.154,2897,0,0,0,0,0,0,0,0,0,0,0,0,0,0,0,0,0,0,0,0,0
1568768,766,0,59,57,1,0,1,-0.00305,0.00618,0.1643,2881,0,0,0,0,0,0,0,0,0,0,0,0,0,0,0,0,0,0,0,0,0
1570816,767,0,64,57,3,0,4,-0.00289,0.0087,0.1878,2639,0,0,0,0,0,0,0,0,0,0,0,0,0,0,0,0,0,0,0,0,0
1572864,768,0,51,51,0,0,0,-0.00544,0.00738,0.2152,2715,0,0,0,0,0,0,0,0,0,0,0,0,0,0,0,0,0,0,0,0,0
1574912,769,0,72,67,1,1,3,-0.00318,0.00801,0.1662,2729,0,0,0,0,0,0,0,0,0,0,0,0,0,0,0,0,0,0,0,0,0
1576960,770,0,68,65,2,0,1,0.00124,0.0071,0.1507,2992,0,0,0,0,0,0,0,0,0,0,0,0,0,0,0,0,0,0,0,0,0
1579008,771,0,60,55,1,0,4,-0.00249,0.00763,0.1795,2989,0,0,0,0,0,0,0,0,0,0,0,0,0,0,0,0,0,0,0,0,0
1581056,772,0,51,49,1,0,1,-0.00065,0.00656,0.1771,3166,0,0,0,0,0,0,0,0,0,0,0,0,0,0,0,0,0,0,0,0,0
1583104,773,0,46,41,0,0,5,-0.0008,0.00848,0.1924,3060,0,0,0,0,0,0,0,0,0,0,0,0,0,0,0,0,0,0,0,0,0
1585152,774,0,63,53,4,0,6,0.00108,0.00664,0.2212,2816,0,0,0,0,0,0,0,0,0,0,0,0,0,0,0,0,0,0,0,0,0
1587200,775,0,52,51,0,0,1,-0.00131,0.00565,0.2225,2681,0,0,0,0,0,0,0,0,0,0,0,0,0,0,0,0,0,0,0,0,0
1589248,776,0,73,68,1,1,3,0.0006,0.00728,0.1628,2962,0,0,0,0,0,0,0,0,0,0,0,0,0,0,0,0,0,0,0,0,0
1591296,777,0,61,59,1,1,0,-0.00339,0.00739,0.2067,2889,0,0,0,0,0,0,0,0,0,0,0,0,0,0,0,0,0,0,0,0,0
1593344,778,0,39,34,0,0,5,-0.00208,0.00663,0.2777,2912,0,0,0,0,0,0,0,0,0,0,0,0,0,0,0,0,0,0,0,0,0
1595392,779,0,54,49,0,1,4,-0.00454,0.00608,0.2258,2881,0,0,0,0,0,0,0,0,0,0,0,0,0,0,0,0,0,0,0,0,0
1597440,780,0,54,49,2,0,3,-0.00139,0.00625,0.2107,2867,0,0,0,0,0,0,0,0,0,0,0,0,0,0,0,0,0,0,0,0,0
1599488,781,0,64,60,1,0,3,0.00127,0.00843,0.2028,2656,0,0,0,0,0,0,0,0,0,0,0,0,0,0,0,0,0,0,0,0,0
1601536,782,0,65,60,3,1,1,-0.00213,0.00893,0.1837,2867,0,0,0,0,0,0,0,0,0,0,0,0,0,0,0,0,0,0,0,0,0
1603584,783,0,44,39,2,0,3,-0.00226,0.00819,0.1974,3070,0,0,0,0,0,0,0,0,0,0,0,0,0,0,0,0,0,0,0,0,0
1605632,784,0,47,40,1,1,5,0.00468,0.01021,0.2177,2879,0,0,0,0,0,0,0,0,0,0,0,0,0,0,0,0,0,0,0,0,0
1607680,785,0,47,44,1,0,2,0.00124,0.0071,0.2042,2874,0,0,0,0,0,0,0,0,0,0,0,0,0,0,0,0,0,0,0,0,0
1609728,786,0,55,49,1,0,5,-0.00233,0.00762,0.1969,2636,0,0,0,0,0,0,0,0,0,0,0,0,0,0,0,0,0,0,0,0,0
1611776,787,0,65,63,0,0,2,-0.00154,0.0087,0.1681,2899,0,0,0,0,0,0,0,0,0,0,0,0,0,0,0,0,0,0,0,0,0
1613824,788,0,62,60,1,0,1,-0.00195,0.00661,0.1654,2433,0,0,0,0,0,0,0,0,0,0,0,0,0,0,0,0,0,0,0,0,0
1615872,789,0,50,48,0,0,2,-0.0022,0.00532,0.1922,2584,0,0,0,0,0,0,0,0,0,0,0,0,0,0,0,0,0,0,0,0,0
1617920,790,0,49,44,0,0,5,-0.0032,0.00693,0.2159,2752,0,0,0,0,0,0,0,0,0,0,0,0,0,0,0,0,0,0,0,0,0
1619968,791,0,56,50,2,1,3,-0.00185,0.00896,0.2154,2783,0,0,0,0,0,0,0,0,0,0,0,0,0,0,0,0,0,0,0,0,0
1622016,792,0,57,53,0,0,4,-0.00276,0.00688,0.2032,2992,0,0,0,0,0,0,0,0,0,0,0,0,0,0,0,0,0,0,0,0,0
1624064,793,0,54,54,0,0,0,-0.00275,0.00607,0.1963,2735,0,0,0,0,0,0,0,0,0,0,0,0,0,0,0,0,0,0,0,0,0
1626112,794,0,59,55,0,1,3,-0.00484,0.00786,0.1988,2774,0,0,0,0,0,0,0,0,0,0,0,0,0,0,0,0,0,0,0,0,0
1628160,795,0,51,48,0,0,3,-0.00246,0.0062,0.2022,2732,0,0,0,0,0,0,0,0,0,0,0,0,0,0,0,0,0,0,0,0,0
1630208,796,0,44,40,1,0,3,0.00038,0.00823,0.1929,2669,0,0,0,0,0,0,0,0,0,0,0,0,0,0,0,0,0,0,0,0,0
1632256,797,0,75,70,1,0,4,-0.00304,0.01104,0.1774,2572,0,0,0,0,0,0,0,0,0,0,0,0,0,0,0,0,0,0,0,0,0
1634304,798,0,68,67,0,0,1,-0.00134,0.00667,0.1563,2854,0,0,0,0,0,0,0,0,0,0,0,0,0,0,0,0,0,0,0,0,0
1636352,799,0,61,61,0,0,0,-0.00093,0.00536,0.183,2641,0,0,0,0,0,0,0,0,0,0,0,0,0,0,0,0,0,0,0,0,0
1638400,800,0,69,66,0,1,2,-0.00011,0.00782,0.1608,2795,0,0,0,0,0,0,0,0,0,0,0,0,0,0,0,0,0,0,0,0,0
1640448,801,0,63,62,0,0,1,0.00263,0.00652,0.1581,2749,0,0,0,0,0,0,0,0,0,0,0,0,0,0,0,0,0,0,0,0,0
1642496,802,0,49,46,0,0,3,-0.00505,0.00561,0.2045,2635,0,0,0,0,0,0,0,0,0,0,0,0,0,0,0,0,0,0,0,0,0
1644544,803,0,59,53,1,0,5,-0.00341,0.0074,0.1646,2636,0,0,0,0,0,0,0,0,0,0,0,0,0,0,0,0,0,0,0,0,0
1646592,804,0,57,55,1,0,1,-0.001,0.00587,0.1638,2548,0,0,0,0,0,0,0,0,0,0,0,0,0,0,0,0,0,0,0,0,0
1648640,805,0,66,65,0,0,1,-0.0038,0.00687,0.1633,2654,0,0,0,0,0,0,0,0,0,0,0,0,0,0,0,0,0,0,0,0,0
1650688,806,0,58,54,2,1,1,-0.00391,0.00913,0.1832,2662,0,0,0,0,0,0,0,0,0,0,0,0,0,0,0,0,0,0,0,0,0
1652736,807,0,56,52,1,1,2,-0.00125,0.00914,0.195,2756,0,0,0,0,0,0,0,0,0,0,0,0,0,0,0,0,0,0,0,0,0
1654784,808,0,61,59,0,0,2,-0.00612,0.00528,0.2104,2756,0,0,0,0,0,0,0,0,0,0,0,0,0,0,0,0,0,0,0,0,0
1656832,809,0,72,63,2,3,4,-0.00223,0.01177,0.1655,2869,0,0,0,0,0,0,0,0,0,0,0,0,0,0,0,0,0,0,0,0,0
1658880,810,0,68,67,1,0,0,-0.00123,0.00634,0.1922,2866,0,0,0,0,0,0,0,0,0,0,0,0,0,0,0,0,0,0,0,0,0
1660928,811,0,55,52,0,0,3,-0.00246,0.00589,0.2223,2745,0,0,0,0,0,0,0,0,0,0,0,0,0,0,0,0,0,0,0,0,0
1662976,812,0,58,55,0,0,3,-0.00586,0.00573,0.2106,3006,0,0,0,0,0,0,0,0,0,0,0,0,0,0,0,0,0,0,0,0,0
1665024,813,0,71,69,0,0,2,0.00485,0.00563,0.1816,2802,0,0,0,0,0,0,0,0,0,0,0,0,0,0,0,0,0,0,0,0,0
1667072,814,0,60,58,0,0,2,-0.00112,0.00571,0.1612,2556,0,0,0,0,0,0,0,0,0,0,0,0,0,0,0,0,0,0,0,0,0
1669120,815,0,65,63,0,1,1,-0.00203,0.00768,0.1718,2865,0,0,0,0,0,0,0,0,0,0,0,0,0,0,0,0,0,0,0,0,0
1671168,816,0,66,64,0,0,2,-0.00403,0.00842,0.1692,2868,0,0,0,0,0,0,0,0,0,0,0,0,0,0,0,0,0,0,0,0,0
1673216,817,0,55,52,0,0,3,-0.00283,0.00566,0.1724,2912,0,0,0,0,0,0,0,0,0,0,0,0,0,0,0,0,0,0,0,0,0
1675264,818,0,67,66,0,0,1,-0.00382,0.00694,0.1554,2827,0,0,0,0,0,0,0,0,0,0,0,0,0,0,0,0,0,0,0,0,0
1677312,819,0,57,56,0,0,1,-0.0019,0.00517,0.1597,2968,0,0,0,0,0,0,0,0,0,0,0,0,0,0,0,0,0,0,0,0,0
1679360,820,0,66,61,0,1,4,-0.0001,0.00818,0.1512,2839,0,0,0,0,0,0,0,0,0,0,0,0,0,0,0,0,0,0,0,0,0
1681408,821,0,63,61,1,0,1,0.00445,0.00535,0.1632,2867,0,0,0,0,0,0,0,0,0,0,0,0,0,0,0,0,0,0,0,0,0
1683456,822,0,61,57,0,0,4,-0.00374,0.00719,0.2008,2791,0,0,0,0,0,0,0,0,0,0,0,0,0,0,0,0,0,0,0,0,0
1685504,823,0,72,69,1,0,2,-0.0009,0.00593,0.1697,2891,0,0,0,0,0,0,0,0,0,0,0,0,0,0,0,0,0,0,0,0,0
1687552,824,0,78,75,1,1,1,-0.00414,0.00593,0.1606,2840,0,0,0,0,0,0,0,0,0,0,0,0,0,0,0,0,0,0,0,0,0
1689600,825,0,58,56,0,1,1,0.0003,0.00603,0.1763,3059,0,0,0,0,0,0,0,0,0,0,0,0,0,0,0,0,0,0,0,0,0
1691648,826,0,51,49,0,0,2,-0.00274,0.00503,0.1954,2879,0,0,0,0,0,0,0,0,0,0,0,0,0,0,0,0,0,0,0,0,0
1693696,827,0,63,57,1,1,4,-0.00096,0.00737,0.1788,3074,0,0,0,0,0,0,0,0,0,0,0,0,0,0,0,0,0,0,0,0,0
1695744,828,0,75,75,0,0,0,-0.00147,0.00626,0.1613,2822,0,0,0,0,0,0,0,0,0,0,0,0,0,0,0,0,0,0,0,0,0
1697792,829,0,79,76,2,0,1,-0.00401,0.00635,0.1524,2553,0,0,0,0,0,0,0,0,0,0,0,0,0,0,0,0,0,0,0,0,0
1699840,830,0,57,56,0,1,0,-0.00273,0.00583,0.1793,2442,0,0,0,0,0,0,0,0,0,0,0,0,0,0,0,0,0,0,0,0,0
1701888,831,0,64,59,0,0,5,0.0059,0.00625,0.192,2478,0,0,0,0,0,0,0,0,0,0,0,0,0,0,0,0,0,0,0,0,0
1703936,832,0,76,73,1,0,2,0.00101,0.00709,0.1643,2858,0,0,0,0,0,0,0,0,0,0,0,0,0,0,0,0,0,0,0,0,0
1705984,833,0,59,59,0,0,0,-0.00045,0.00618,0.1737,2348,0,0,0,0,0,0,0,0,0,0,0,0,0,0,0,0,0,0,0,0,0
1708032,834,0,76,73,0,0,3,-0.00266,0.00678,0.1628,2031,0,0,0,0,0,0,0,0,0,0,0,0,0,0,0,0,0,0,0,0,0
1710080,835,0,68,67,0,0,1,0.00478,0.00524,0.1683,2437,0,0,0,0,0,0,0,0,0,0,0,0,0,0,0,0,0,0,0,0,0
1712128,836,0,57,56,0,0,1,0.00622,0.00473,0.1841,2400,0,0,0,0,0,0,0,0,0,0,0,0,0,0,0,0,0,0,0,0,0
1714176,837,0,74,69,3,0,2,-0.00311,0.00687,0.134,2465,0,0,0,0,0,0,0,0,0,0,0,0,0,0,0,0,0,0,0,0,0
1716224,838,0,71,71,0,0,0,-0.00341,0.00516,0.1115,2709,0,0,0,0,0,0,0,0,0,0,0,0,0,0,0,0,0,0,0,0,0
1718272,839,0,61,58,1,0,2,0.00015,0.00575,0.1245,2557,0,0,0,0,0,0,0,0,0,0,0,0,0,0,0,0,0,0,0,0,0
1720320,840,0,62,59,1,0,2,-0.00205,0.00912,0.154,3027,0,0,0,0,0,0,0,0,0,0,0,0,0,0,0,0,0,0,0,0,0
1722368,841,0,70,67,0,1,2,-0.00048,0.00882,0.1604,2805,0,0,0,0,0,0,0,0,0,0,0,0,0,0,0,0,0,0,0,0,0
1724416,842,0,67,65,2,0,0,0.00559,0.00588,0.1846,2851,0,0,0,0,0,0,0,0,0,0,0,0,0,0,0,0,0,0,0,0,0
1726464,843,0,68,59,7,0,2,-0.00405,0.01019,0.2116,2729,0,0,0,0,0,0,0,0,0,0,0,0,0,0,0,0,0,0,0,0,0
1728512,844,0,58,55,0,1,2,-0.00129,0.00693,0.2097,3014,0,0,0,0,0,0,0,0,0,0,0,0,0,0,0,0,0,0,0,0,0
1730560,845,0,70,67,0,0,3,-0.00208,0.00541,0.1726,3048,0,0,0,0,0,0,0,0,0,0,0,0,0,0,0,0,0,0,0,0,0
1732608,846,0,65,63,0,0,2,-0.0004,0.00693,0.1793,3020,0,0,0,0,0,0,0,0,0,0,0,0,0,0,0,0,0,0,0,0,0
1734656,847,0,68,67,0,0,1,-0.00187,0.0058,0.173,2958,0,0,0,0,0,0,0,0,0,0,0,0,0,0,0,0,0,0,0,0,0
1736704,848,0,62,58,3,0,1,-0.0045,0.00759,0.1998,2993,0,0,0,0,0,0,0,0,0,0,0,0,0,0,0,0,0,0,0,0,0
1738752,849,0,71,68,1,0,2,-0.00197,0.00546,0.1895,2693,0,0,0,0,0,0,0,0,0,0,0,0,0,0,0,0,0,0,0,0,0
1740800,850,0,73,71,2,0,0,-0.00226,0.00572,0.1858,3001,0,0,0,0,0,0,0,0,0,0,0,0,0,0,0,0,0,0,0,0,0
1742848,851,0,66,62,1,1,2,-0.00013,0.00577,0.195,3081,0,0,0,0,0,0,0,0,0,0,0,0,0,0,0,0,0,0,0,0,0
1744896,852,0,70,68,0,0,2,0.00267,0.00756,0.2068,3042,0,0,0,0,0,0,0,0,0,0,0,0,0,0,0,0,0,0,0,0,0
1746944,853,0,66,64,0,0,2,0.00254,0.00628,0.2092,3082,0,0,0,0,0,0,0,0,0,0,0,0,0,0,0,0,0,0,0,0,0
1748992,854,0,49,47,1,0,1,-0.00271,0.00635,0.2383,3197,0,0,0,0,0,0,0,0,0,0,0,0,0,0,0,0,0,0,0,0,0
1751040,855,0,76,72,0,0,4,0.00243,0.0067,0.2089,3262,0,0,0,0,0,0,0,0,0,0,0,0,0,0,0,0,0,0,0,0,0
1753088,856,0,49,47,1,0,1,-0.00177,0.00575,0.2395,2993,0,0,0,0,0,0,0,0,0,0,0,0,0,0,0,0,0,0,0,0,0
1755136,857,0,81,78,1,0,2,-0.00079,0.00677,0.1639,2880,0,0,0,0,0,0,0,0,0,0,0,0,0,0,0,0,0,0,0,0,0
1757184,858,0,64,63,1,0,0,-0.00502,0.0077,0.1802,2983,0,0,0,0,0,0,0,0,0,0,0,0,0,0,0,0,0,0,0,0,0
1759232,859,0,55,53,0,0,2,-0.00063,0.00661,0.2019,2981,0,0,0,0,0,0,0,0,0,0,0,0,0,0,0,0,0,0,0,0,0
1761280,860,0,50,47,0,0,3,-0.00661,0.0064,0.1901,3225,0,0,0,0,0,0,0,0,0,0,0,0,0,0,0,0,0,0,0,0,0
1763328,861,0,60,59,0,0,1,0.00083,0.00835,0.1478,2933,0,0,0,0,0,0,0,0,0,0,0,0,0,0,0,0,0,0,0,0,0
1765376,862,0,66,65,0,0,1,-0.00101,0.00592,0.1745,3032,0,0,0,0,0,0,0,0,0,0,0,0,0,0,0,0,0,0,0,0,0
1767424,863,0,63,60,0,1,2,-0.0021,0.00656,0.181,3137,0,0,0,0,0,0,0,0,0,0,0,0,0,0,0,0,0,0,0,0,0
1769472,864,0,79,76,1,0,2,-0.00504,0.00678,0.1559,3079,0,0,0,0,0,0,0,0,0,0,0,0,0,0,0,0,0,0,0,0,0
1771520,865,0,68,67,1,0,0,0.0011,0.00506,0.2379,2470,0,0,0,0,0,0,0,0,0,0,0,0,0,0,0,0,0,0,0,0,0
1773568,866,0,54,50,0,0,4,-0.00678,0.00517,0.2355,2392,0,0,0,0,0,0,0,0,0,0,0,0,0,0,0,0,0,0,0,0,0
1775616,867,0,58,53,0,1,4,0.00085,0.00649,0.2082,2707,0,0,0,0,0,0,0,0,0,0,0,0,0,0,0,0,0,0,0,0,0
1777664,868,0,68,67,0,0,1,-0.00407,0.00616,0.1742,2650,0,0,0,0,0,0,0,0,0,0,0,0,0,0,0,0,0,0,0,0,0
1779712,869,0,67,65,0,1,1,0.00143,0.00656,0.2196,2599,0,0,0,0,0,0,0,0,0,0,0,0,0,0,0,0,0,0,0,0,0
1781760,870,0,56,51,1,1,3,-0.00249,0.0098,0.2592,2778,0,0,0,0,0,0,0,0,0,0,0,0,0,0,0,0,0,0,0,0,0
1783808,871,0,49,45,0,0,4,-0.00379,0.0077,0.2478,2866,0,0,0,0,0,0,0,0,0,0,0,0,0,0,0,0,0,0,0,0,0
1785856,872,0,66,66,0,0,0,-0.00061,0.00592,0.2207,2992,0,0,0,0,0,0,0,0,0,0,0,0,0,0,0,0,0,0,0,0,0
1787904,873,0,66,63,0,0,3,-0.00279,0.00838,0.2183,2825,0,0,0,0,0,0,0,0,0,0,0,0,0,0,0,0,0,0,0,0,0
1789952,874,0,72,70,0,1,1,-0.00356,0.00629,0.1635,3123,0,0,0,0,0,0,0,0,0,0,0,0,0,0,0,0,0,0,0,0,0
1792000,875,0,61,61,0,0,0,-0.00328,0.00477,0.2157,3146,0,0,0,0,0,0,0,0,0,0,0,0,0,0,0,0,0,0,0,0,0
1794048,876,0,69,64,0,0,5,0.00364,0.00675,0.2008,2808,0,0,0,0,0,0,0,0,0,0,0,0,0,0,0,0,0,0,0,0,0
1796096,877,0,64,64,0,0,0,-0.00295,0.00653,0.2106,2819,0,0,0,0,0,0,0,0,0,0,0,0,0,0,0,0,0,0,0,0,0
1798144,878,0,79,76,0,0,3,-0.00199,0.00585,0.1684,2797,0,0,0,0,0,0,0,0,0,0,0,0,0,0,0,0,0,0,0,0,0
1800192,879,0,62,58,0,4,0,-0.00347,0.00922,0.1578,2912,0,0,0,0,0,0,0,0,0,0,0,0,0,0,0,0,0,0,0,0,0
1802240,880,0,73,69,1,0,3,-0.00378,0.00772,0.1519,2624,0,0,0,0,0,0,0,0,0,0,0,0,0,0,0,0,0,0,0,0,0
1804288,881,0,72,71,0,1,0,-0.00581,0.00663,0.1781,2694,0,0,0,0,0,0,0,0,0,0,0,0,0,0,0,0,0,0,0,0,0
1806336,882,0,72,71,0,0,1,-0.00125,0.00539,0.1897,2488,0,0,0,0,0,0,0,0,0,0,0,0,0,0,0,0,0,0,0,0,0
1808384,883,0,67,66,0,0,1,-0.00383,0.00498,0.1754,2565,0,0,0,0,0,0,0,0,0,0,0,0,0,0,0,0,0,0,0,0,0
1810432,884,0,58,57,0,0,1,0.00238,0.00562,0.2256,2824,0,0,0,0,0,0,0,0,0,0,0,0,0,0,0,0,0,0,0,0,0
1812480,885,0,61,55,1,0,5,0.00122,0.00682,0.218,3005,0,0,0,0,0,0,0,0,0,0,0,0,0,0,0,0,0,0,0,0,0
1814528,886,0,73,71,0,0,2,-0.006,0.00872,0.1841,2981,0,0,0,0,0,0,0,0,0,0,0,0,0,0,0,0,0,0,0,0,0
1816576,887,0,67,66,0,0,1,5e-05,0.00461,0.222,3068,0,0,0,0,0,0,0,0,0,0,0,0,0,0,0,0,0,0,0,0,0
1818624,888,0,69,66,1,0,2,0.0007,0.0082,0.1639,3131,0,0,0,0,0,0,0,0,0,0,0,0,0,0,0,0,0,0,0,0,0
1820672,889,0,74,72,0,0,2,0.00376,0.00409,0.1922,3000,0,0,0,0,0,0,0,0,0,0,0,0,0,0,0,0,0,0,0,0,0
1822720,890,0,57,55,1,0,1,0.00156,0.00451,0.1853,2883,0,0,0,0,0,0,0,0,0,0,0,0,0,0,0,0,0,0,0,0,0
1824768,891,0,49,44,1,0,4,-0.001,0.00896,0.2417,2733,0,0,0,0,0,0,0,0,0,0,0,0,0,0,0,0,0,0,0,0,0
1826816,892,0,63,59,0,0,4,-0.00399,0.00524,0.2115,2813,0,0,0,0,0,0,0,0,0,0,0,0,0,0,0,0,0,0,0,0,0
1828864,893,0,80,77,1,0,2,-0.00069,0.00644,0.1607,2715,0,0,0,0,0,0,0,0,0,0,0,0,0,0,0,0,0,0,0,0,0
1830912,894,0,73,72,0,1,0,-0.00209,0.00584,0.1732,2870,0,0,0,0,0,0,0,0,0,0,0,0,0,0,0,0,0,0,0,0,0
1832960,895,0,54,53,0,0,1,-0.00205,0.00584,0.2345,2701,0,0,0,0,0,0,0,0,0,0,0,0,0,0,0,0,0,0,0,0,0
1835008,896,0,59,56,0,0,3,-0.00479,0.00741,0.2026,2893,0,0,0,0,0,0,0,0,0,0,0,0,0,0,0,0,0,0,0,0,0
1837056,897,0,64,61,0,0,3,-0.00363,0.0075,0.2066,2722,0,0,0,0,0,0,0,0,0,0,0,0,0,0,0,0,0,0,0,0,0
1839104,898,0,62,60,0,0,2,-0.00471,0.0058,0.2633,2933,0,0,0,0,0,0,0,0,0,0,0,0,0,0,0,0,0,0,0,0,0
1841152,899,0,65,62,0,0,3,-0.00138,0.00535,0.2412,2643,0,0,0,0,0,0,0,0,0,0,0,0,0,0,0,0,0,0,0,0,0
1843200,900,0,54,52,0,0,2,-0.00181,0.00484,0.2749,2865,0,0,0,0,0,0,0,0,0,0,0,0,0,0,0,0,0,0,0,0,0
1845248,901,0,58,54,1,0,3,-0.00289,0.00637,0.2491,2815,0,0,0,0,0,0,0,0,0,0,0,0,0,0,0,0,0,0,0,0,0
1847296,902,0,66,63,0,0,3,-0.00461,0.00545,0.2492,2720,0,0,0,0,0,0,0,0,0,0,0,0,0,0,0,0,0,0,0,0,0
1849344,903,0,68,65,1,0,2,-0.00248,0.00593,0.2583,2816,0,0,0,0,0,0,0,0,0,0,0,0,0,0,0,0,0,0,0,0,0
1851392,904,0,72,71,0,0,1,-0.00498,0.0041,0.2382,2884,0,0,0,0,0,0,0,0,0,0,0,0,0,0,0,0,0,0,0,0,0
1853440,905,0,64,62,0,1,1,-0.00366,0.00602,0.265,2835,0,0,0,0,0,0,0,0,0,0,0,0,0,0,0,0,0,0,0,0,0
1855488,906,0,68,65,1,0,2,0.00153,0.00714,0.25,2825,0,0,0,0,0,0,0,0,0,0,0,0,0,0,0,0,0,0,0,0,0
1857536,907,0,67,64,0,2,1,-0.00272,0.00688,0.2173,2963,0,0,0,0,0,0,0,0,0,0,0,0,0,0,0,0,0,0,0,0,0
1859584,908,0,59,56,0,0,3,-0.00415,0.00577,0.209,2837,0,0,0,0,0,0,0,0,0,0,0,0,0,0,0,0,0,0,0,0,0
1861632,909,0,75,74,0,0,1,-0.00206,0.00506,0.1549,2665,0,0,0,0,0,0,0,0,0,0,0,0,0,0,0,0,0,0,0,0,0
1863680,910,0,72,70,1,0,1,-0.00345,0.00477,0.1867,2754,0,0,0,0,0,0,0,0,0,0,0,0,0,0,0,0,0,0,0,0,0
1865728,911,0,68,67,0,0,1,-0.00294,0.00563,0.1686,2583,0,0,0,0,0,0,0,0,0,0,0,0,0,0,0,0,0,0,0,0,0
1867776,912,0,80,78,1,0,1,-0.00177,0.00462,0.1689,2511,0,0,0,0,0,0,0,0,0,0,0,0,0,0,0,0,0,0,0,0,0
1869824,913,0,67,67,0,0,0,-0.00422,0.00363,0.1881,2645,0,0,0,0,0,0,0,0,0,0,0,0,0,0,0,0,0,0,0,0,0
1871872,914,0,66,63,1,0,2,8e-05,0.00505,0.1597,2735,0,0,0,0,0,0,0,0,0,0,0,0,0,0,0,0,0,0,0,0,0
1873920,915,0,81,79,0,0,2,-0.00426,0.00504,0.1472,2840,0,0,0,0,0,0,0,0,0,0,0,0,0,0,0,0,0,0,0,0,0
1875968,916,0,79,75,1,1,2,-0.00263,0.00679,0.1755,2847,0,0,0,0,0,0,0,0,0,0,0,0,0,0,0,0,0,0,0,0,0
1878016,917,0,84,83,1,0,0,-0.00308,0.00518,0.1416,2542,0,0,0,0,0,0,0,0,0,0,0,0,0,0,0,0,0,0,0,0,0
1880064,918,0,67,67,0,0,0,-0.00129,0.00379,0.193,2821,0,0,0,0,0,0,0,0,0,0,0,0,0,0,0,0,0,0,0,0,0
1882112,919,0,64,61,0,0,3,-0.00389,0.00541,0.1784,2657,0,0,0,0,0,0,0,0,0,0,0,0,0,0,0,0,0,0,0,0,0
1884160,920,0,74,71,0,0,3,-0.00037,0.00545,0.1826,2617,0,0,0,0,0,0,0,0,0,0,0,0,0,0,0,0,0,0,0,0,0
1886208,921,0,72,69,1,0,2,0.00247,0.00487,0.1833,2582,0,0,0,0,0,0,0,0,0,0,0,0,0,0,0,0,0,0,0,0,0
1888256,922,0,54,52,0,0,2,0.00128,0.00476,0.1907,2708,0,0,0,0,0,0,0,0,0,0,0,0,0,0,0,0,0,0,0,0,0
1890304,923,0,66,62,0,0,4,-0.00379,0.00562,0.1782,2803,0,0,0,0,0,0,0,0,0,0,0,0,0,0,0,0,0,0,0,0,0
1892352,924,0,81,78,2,0,1,-0.00086,0.00579,0.1482,2446,0,0,0,0,0,0,0,0,0,0,0,0,0,0,0,0,0,0,0,0,0
1894400,925,0,63,60,1,0,2,-0.00092,0.00564,0.1653,2497,0,0,0,0,0,0,0,0,0,0,0,0,0,0,0,0,0,0,0,0,0
1896448,926,0,59,58,0,0,1,-0.00026,0.00658,0.1682,2684,0,0,0,0,0,0,0,0,0,0,0,0,0,0,0,0,0,0,0,0,0
1898496,927,0,65,60,2,1,2,-0.00117,0.00776,0.1615,2647,0,0,0,0,0,0,0,0,0,0,0,0,0,0,0,0,0,0,0,0,0
1900544,928,0,74,72,0,0,2,-0.0001,0.00417,0.161,2724,0,0,0,0,0,0,0,0,0,0,0,0,0,0,0,0,0,0,0,0,0
1902592,929,0,76,74,0,0,2,-0.00263,0.00697,0.1216,2828,0,0,0,0,0,0,0,0,0,0,0,0,0,0,0,0,0,0,0,0,0
1904640,930,0,77,76,0,0,1,0.00063,0.00449,0.1509,2850,0,0,0,0,0,0,0,0,0,0,0,0,0,0,0,0,0,0,0,0,0
1906688,931,0,49,46,0,1,2,-0.00087,0.00564,0.2262,2617,0,0,0,0,0,0,0,0,0,0,0,0,0,0,0,0,0,0,0,0,0
1908736,932,0,55,50,0,0,5,-0.00632,0.00581,0.2198,2814,0,0,0,0,0,0,0,0,0,0,0,0,0,0,0,0,0,0,0,0,0
1910784,933,0,76,74,0,1,1,-0.0031,0.00542,0.1735,2834,0,0,0,0,0,0,0,0,0,0,0,0,0,0,0,0,0,0,0,0,0
1912832,934,0,77,76,0,0,1,-0.00299,0.00501,0.1608,2942,0,0,0,0,0,0,0,0,0,0,0,0,0,0,0,0,0,0,0,0,0
1914880,935,0,76,76,0,0,0,-0.00329,0.00365,0.1742,2743,0,0,0,0,0,0,0,0,0,0,0,0,0,0,0,0,0,0,0,0,0
1916928,936,0,59,57,0,1,1,0.00155,0.00576,0.1932,2786,0,0,0,0,0,0,0,0,0,0,0,0,0,0,0,0,0,0,0,0,0
1918976,937,0,67,66,0,0,1,0.00106,0.00412,0.155,2751,0,0,0,0,0,0,0,0,0,0,0,0,0,0,0,0,0,0,0,0,0
1921024,938,0,60,58,0,0,2,-0.00752,0.00721,0.2121,2744,0,0,0,0,0,0,0,0,0,0,0,0,0,0,0,0,0,0,0,0,0
1923072,939,0,69,68,0,0,1,-0.00254,0.00544,0.1929,2632,0,0,0,0,0,0,0,0,0,0,0,0,0,0,0,0,0,0,0,0,0
1925120,940,0,66,64,1,0,1,-0.00362,0.00524,0.1756,2733,0,0,0,0,0,0,0,0,0,0,0,0,0,0,0,0,0,0,0,0,0
1927168,941,0,82,79,1,0,2,-0.00188,0.00652,0.1669,2640,0,0,0,0,0,0,0,0,0,0,0,0,0,0,0,0,0,0,0,0,0
1929216,942,0,80,80,0,0,0,-0.00196,0.00617,0.1534,2496,0,0,0,0,0,0,0,0,0,0,0,0,0,0,0,0,0,0,0,0,0
1931264,943,0,75,75,0,0,0,-0.00069,0.00567,0.1631,2697,0,0,0,0,0,0,0,0,0,0,0,0,0,0,0,0,0,0,0,0,0
1933312,944,0,69,69,0,0,0,0.00017,0.00481,0.2163,2665,0,0,0,0,0,0,0,0,0,0,0,0,0,0,0,0,0,0,0,0,0
1935360,945,0,58,56,0,0,2,-0.00586,0.00549,0.2384,2589,0,0,0,0,0,0,0,0,0,0,0,0,0,0,0,0,0,0,0,0,0
1937408,946,0,62,59,0,0,3,-0.00037,0.00618,0.2111,2776,0,0,0,0,0,0,0,0,0,0,0,0,0,0,0,0,0,0,0,0,0
1939456,947,0,61,58,0,1,2,-0.00273,0.00629,0.1911,2667,0,0,0,0,0,0,0,0,0,0,0,0,0,0,0,0,0,0,0,0,0
1941504,948,0,71,68,0,1,2,-0.00051,0.00695,0.1764,2835,0,0,0,0,0,0,0,0,0,0,0,0,0,0,0,0,0,0,0,0,0
1943552,949,0,73,71,1,0,1,-0.00172,0.00404,0.1835,2769,0,0,0,0,0,0,0,0,0,0,0,0,0,0,0,0,0,0,0,0,0
1945600,950,0,73,72,0,0,1,-0.00021,0.0046,0.1834,2343,0,0,0,0,0,0,0,0,0,0,0,0,0,0,0,0,0,0,0,0,0
1947648,951,0,57,53,1,0,3,-0.00297,0.00615,0.1834,2387,0,0,0,0,0,0,0,0,0,0,0,0,0,0,0,0,0,0,0,0,0
1949696,952,0,66,65,0,0,1,-0.00478,0.00514,0.1705,2748,0,0,0,0,0,0,0,0,0,0,0,0,0,0,0,0,0,0,0,0,0
1951744,953,0,66,66,0,0,0,-0.00254,0.00418,0.1986,2768,0,0,0,0,0,0,0,0,0,0,0,0,0,0,0,0,0,0,0,0,0
1953792,954,0,82,78,0,1,3,-0.00155,0.00624,0.15,2627,0,0,0,0,0,0,0,0,0,0,0,0,0,0,0,0,0,0,0,0,0
1955840,955,0,61,61,0,0,0,-0.00487,0.0051,0.1919,2536,0,0,0,0,0,0,0,0,0,0,0,0,0,0,0,0,0,0,0,0,0
1957888,956,0,69,64,2,0,3,-0.0023,0.00669,0.182,2593,0,0,0,0,0,0,0,0,0,0,0,0,0,0,0,0,0,0,0,0,0
1959936,957,0,84,84,0,0,0,0.00025,0.00372,0.1481,2578,0,0,0,0,0,0,0,0,0,0,0,0,0,0,0,0,0,0,0,0,0
1961984,958,0,72,70,0,1,1,-0.00386,0.00569,0.182,2807,0,0,0,0,0,0,0,0,0,0,0,0,0,0,0,0,0,0,0,0,0
1964032,959,0,76,74,0,0,2,-0.00205,0.00527,0.1653,2469,0,0,0,0,0,0,0,0,0,0,0,0,0,0,0,0,0,0,0,0,0
1966080,960,0,76,74,1,0,1,0.00137,0.00504,0.1908,2556,0,0,0,0,0,0,0,0,0,0,0,0,0,0,0,0,0,0,0,0,0
1968128,961,0,77,76,0,0,1,-0.00169,0.00485,0.1793,2797,0,0,0,0,0,0,0,0,0,0,0,0,0,0,0,0,0,0,0,0,0
1970176,962,0,73,73,0,0,0,-0.00421,0.00412,0.1995,2626,0,0,0,0,0,0,0,0,0,0,0,0,0,0,0,0,0,0,0,0,0
1972224,963,0,57,56,0,0,1,-0.00429,0.00354,0.2212,2711,0,0,0,0,0,0,0,0,0,0,0,0,0,0,0,0,0,0,0,0,0
1974272,964,0,78,75,0,0,3,-0.00422,0.00513,0.1851,2632,0,0,0,0,0,0,0,0,0,0,0,0,0,0,0,0,0,0,0,0,0
1976320,965,0,80,77,0,1,2,-0.00057,0.00606,0.178,2436,0,0,0,0,0,0,0,0,0,0,0,0,0,0,0,0,0,0,0,0,0
1978368,966,0,75,74,1,0,0,-0.00541,0.00441,0.1884,2520,0,0,0,0,0,0,0,0,0,0,0,0,0,0,0,0,0,0,0,0,0
1980416,967,0,82,81,0,1,0,-0.00219,0.00399,0.1629,2670,0,0,0,0,0,0,0,0,0,0,0,0,0,0,0,0,0,0,0,0,0
1982464,968,0,75,74,0,0,1,0.00293,0.00356,0.1876,2799,0,0,0,0,0,0,0,0,0,0,0,0,0,0,0,0,0,0,0,0,0
1984512,969,0,71,68,1,0,2,0.00019,0.00567,0.2084,2696,0,0,0,0,0,0,0,0,0,0,0,0,0,0,0,0,0,0,0,0,0
1986560,970,0,70,69,0,0,1,-0.00384,0.00525,0.2102,2787,0,0,0,0,0,0,0,0,0,0,0,0,0,0,0,0,0,0,0,0,0
1988608,971,0,83,79,1,0,3,-0.00275,0.00667,0.1986,2756,0,0,0,0,0,0,0,0,0,0,0,0,0,0,0,0,0,0,0,0,0
1990656,972,0,73,73,0,0,0,-0.00223,0.00345,0.1858,2546,0,0,0,0,0,0,0,0,0,0,0,0,0,0,0,0,0,0,0,0,0
1992704,973,0,60,57,0,0,3,0.00024,0.00386,0.2225,2532,0,0,0,0,0,0,0,0,0,0,0,0,0,0,0,0,0,0,0,0,0
1994752,974,0,60,57,0,0,3,-0.00122,0.00412,0.2267,2539,0,0,0,0,0,0,0,0,0,0,0,0,0,0,0,0,0,0,0,0,0
1996800,975,0,63,57,2,1,3,-0.0017,0.00906,0.2356,2790,0,0,0,0,0,0,0,0,0,0,0,0,0,0,0,0,0,0,0,0,0
1998848,976,0,90,86,2,0,2,-0.0054,0.00731,0.1919,2521,0,0,0,0,0,0,0,0,0,0,0,0,0,0,0,0,0,0,0,0,0
2000896,977,0,74,73,0,1,0,-0.00207,0.00514,0.1595,2868,0,0,0,0,0,0,0,0,0,0,0,0,0,0,0,0,0,0,0,0,0
2002944,978,0,61,59,0,0,2,-0.00332,0.00412,0.1961,2620,0,0,0,0,0,0,0,0,0,0,0,0,0,0,0,0,0,0,0,0,0
2004992,979,0,83,78,2,0,3,-0.00102,0.00363,0.1594,2676,0,0,0,0,0,0,0,0,0,0,0,0,0,0,0,0,0,0,0,0,0
2007040,980,0,73,69,2,1,1,-0.00399,0.00705,0.167,2731,0,0,0,0,0,0,0,0,0,0,0,0,0,0,0,0,0,0,0,0,0
2009088,981,0,78,76,1,0,1,-0.00547,0.00482,0.1649,2861,0,0,0,0,0,0,0,0,0,0,0,0,0,0,0,0,0,0,0,0,0
2011136,982,0,78,73,0,2,3,-0.00204,0.00666,0.1838,2698,0,0,0,0,0,0,0,0,0,0,0,0,0,0,0,0,0,0,0,0,0
2013184,983,0,70,70,0,0,0,-0.00151,0.00405,0.1702,2663,0,0,0,0,0,0,0,0,0,0,0,0,0,0,0,0,0,0,0,0,0
2015232,984,0,81,79,0,0,2,-0.00082,0.00368,0.1445,2816,0,0,0,0,0,0,0,0,0,0,0,0,0,0,0,0,0,0,0,0,0
2017280,985,0,79,77,0,0,2,-0.00072,0.00336,0.1743,2762,0,0,0,0,0,0,0,0,0,0,0,0,0,0,0,0,0,0,0,0,0
2019328,986,0,76,74,0,0,2,-0.00251,0.00487,0.1792,2697,0,0,0,0,0,0,0,0,0,0,0,0,0,0,0,0,0,0,0,0,0
2021376,987,0,79,79,0,0,0,-0.00104,0.00415,0.1652,2575,0,0,0,0,0,0,0,0,0,0,0,0,0,0,0,0,0,0,0,0,0
2023424,988,0,79,77,0,0,2,-0.00273,0.0036,0.176,2657,0,0,0,0,0,0,0,0,0,0,0,0,0,0,0,0,0,0,0,0,0
2025472,989,0,73,71,1,0,1,-0.00355,0.00423,0.1922,2660,0,0,0,0,0,0,0,0,0,0,0,0,0,0,0,0,0,0,0,0,0
2027520,990,0,86,82,2,0,2,-0.00251,0.00731,0.1549,2764,0,0,0,0,0,0,0,0,0,0,0,0,0,0,0,0,0,0,0,0,0
2029568,991,0,82,82,0,0,0,0.004,0.00418,0.1842,2540,0,0,0,0,0,0,0,0,0,0,0,0,0,0,0,0,0,0,0,0,0
2031616,992,0,68,67,0,0,1,0.00467,0.00382,0.2397,2144,0,0,0,0,0,0,0,0,0,0,0,0,0,0,0,0,0,0,0,0,0
2033664,993,0,72,70,0,0,2,0.00307,0.00572,0.1824,1768,0,0,0,0,0,0,0,0,0,0,0,0,0,0,0,0,0,0,0,0,0
2035712,994,0,67,65,0,1,1,-0.00434,0.00631,0.1871,2333,0,0,0,0,0,0,0,0,0,0,0,0,0,0,0,0,0,0,0,0,0
2037760,995,0,66,64,0,0,2,-0.00256,0.00605,0.2121,2739,0,0,0,0,0,0,0,0,0,0,0,0,0,0,0,0,0,0,0,0,0
2039808,996,0,80,79,0,1,0,0.00116,0.00609,0.2018,2856,0,0,0,0,0,0,0,0,0,0,0,0,0,0,0,0,0,0,0,0,0
2041856,997,0,81,77,0,2,2,0.00308,0.00582,0.1827,2521,0,0,0,0,0,0,0,0,0,0,0,0,0,0,0,0,0,0,0,0,0
2043904,998,0,73,73,0,0,0,-0.00304,0.00381,0.1841,2689,0,0,0,0,0,0,0,0,0,0,0,0,0,0,0,0,0,0,0,0,0
2045952,999,0,76,76,0,0,0,-0.00021,0.00318,0.1624,2624,0,0,0,0,0,0,0,0,0,0,0,0,0,0,0,0,0,0,0,0,0
2048000,1000,0,57,53,0,1,3,-0.00041,0.00573,0.2138,2705,0,0,0,0,0,0,0,0,0,0,0,0,0,0,0,0,0,0,0,0,0
2050048,1001,0,77,75,0,0,2,-0.00331,0.00645,0.183,2538,0,0,0,0,0,0,0,0,0,0,0,0,0,0,0,0,0,0,0,0,0
2052096,1002,0,78,77,1,0,0,-0.00175,0.00452,0.1771,2760,0,0,0,0,0,0,0,0,0,0,0,0,0,0,0,0,0,0,0,0,0
2054144,1003,0,80,76,0,3,1,-0.00267,0.00726,0.1843,2579,0,0,0,0,0,0,0,0,0,0,0,0,0,0,0,0,0,0,0,0,0
2056192,1004,0,60,59,0,0,1,-0.00164,0.004,0.2121,2657,0,0,0,0,0,0,0,0,0,0,0,0,0,0,0,0,0,0,0,0,0
2058240,1005,0,67,63,0,1,3,-1e-05,0.00656,0.1987,2550,0,0,0,0,0,0,0,0,0,0,0,0,0,0,0,0,0,0,0,0,0
2060288,1006,0,73,70,0,0,3,-0.00031,0.00547,0.1927,2646,0,0,0,0,0,0,0,0,0,0,0,0,0,0,0,0,0,0,0,0,0
2062336,1007,0,72,68,1,1,2,-0.00029,0.00602,0.1948,2577,0,0,0,0,0,0,0,0,0,0,0,0,0,0,0,0,0,0,0,0,0
2064384,1008,0,69,66,1,0,2,-0.00066,0.00487,0.1872,2981,0,0,0,0,0,0,0,0,0,0,0,0,0,0,0,0,0,0,0,0,0
2066432,1009,0,76,74,0,0,2,-0.0045,0.00449,0.1716,2770,0,0,0,0,0,0,0,0,0,0,0,0,0,0,0,0,0,0,0,0,0
2068480,1010,0,69,67,0,0,2,0.00069,0.00409,0.173,2776,0,0,0,0,0,0,0,0,0,0,0,0,0,0,0,0,0,0,0,0,0
2070528,1011,0,77,74,0,0,3,0.01058,0.00507,0.1737,2835,0,0,0,0,0,0,0,0,0,0,0,0,0,0,0,0,0,0,0,0,0
2072576,1012,0,71,69,0,1,1,-0.00274,0.00571,0.1745,2863,0,0,0,0,0,0,0,0,0,0,0,0,0,0,0,0,0,0,0,0,0
2074624,1013,0,71,71,0,0,0,-0.00435,0.00518,0.1834,2818,0,0,0,0,0,0,0,0,0,0,0,0,0,0,0,0,0,0,0,0,0
2076672,1014,0,62,60,0,0,2,-0.00518,0.00551,0.1928,2928,0,0,0,0,0,0,0,0,0,0,0,0,0,0,0,0,0,0,0,0,0
2078720,1015,0,73,72,0,0,1,-0.00126,0.00495,0.1785,2625,0,0,0,0,0,0,0,0,0,0,0,0,0,0,0,0,0,0,0,0,0
2080768,1016,0,84,82,1,0,1,-0.00397,0.00557,0.173,1959,0,0,0,0,0,0,0,0,0,0,0,0,0,0,0,0,0,0,0,0,0
2082816,1017,0,78,78,0,0,0,-0.00423,0.00394,0.1741,2095,0,0,0,0,0,0,0,0,0,0,0,0,0,0,0,0,0,0,0,0,0
2084864,1018,0,73,72,0,0,1,0.00244,0.00453,0.2,2804,0,0,0,0,0,0,0,0,0,0,0,0,0,0,0,0,0,0,0,0,0
2086912,1019,0,66,64,0,0,2,-0.00535,0.00477,0.1797,2677,0,0,0,0,0,0,0,0,0,0,0,0,0,0,0,0,0,0,0,0,0
2088960,1020,0,82,78,0,0,4,-0.00376,0.00474,0.1531,2947,0,0,0,0,0,0,0,0,0,0,0,0,0,0,0,0,0,0,0,0,0
2091008,1021,0,81,81,0,0,0,-0.00327,0.00374,0.158,2703,0,0,0,0,0,0,0,0,0,0,0,0,0,0,0,0,0,0,0,0,0
2093056,1022,0,73,72,0,0,1,-0.00163,0.00378,0.1597,2811,0,0,0,0,0,0,0,0,0,0,0,0,0,0,0,0,0,0,0,0,0
2095104,1023,0,61,58,0,1,2,-0.00166,0.00487,0.1932,2682,0,0,0,0,0,0,0,0,0,0,0,0,0,0,0,0,0,0,0,0,0
2097152,1024,0,84,79,0,0,5,-0.00216,0.00465,0.1459,2437,0,0,0,0,0,0,0,0,0,0,0,0,0,0,0,0,0,0,0,0,0
2099200,1025,0,70,70,0,0,0,-0.00204,0.00393,0.1643,2573,0,0,0,0,0,0,0,0,0,0,0,0,0,0,0,0,0,0,0,0,0
2101248,1026,0,80,78,0,0,2,-0.00284,0.00463,0.1428,2754,0,0,0,0,0,0,0,0,0,0,0,0,0,0,0,0,0,0,0,0,0
2103296,1027,0,77,76,1,0,0,0.00251,0.00327,0.1426,2393,0,0,0,0,0,0,0,0,0,0,0,0,0,0,0,0,0,0,0,0,0
2105344,1028,0,85,82,0,1,2,0.00054,0.00557,0.1622,2736,0,0,0,0,0,0,0,0,0,0,0,0,0,0,0,0,0,0,0,0,0
2107392,1029,0,74,71,1,0,2,-0.00218,0.0062,0.1736,2753,0,0,0,0,0,0,0,0,0,0,0,0,0,0,0,0,0,0,0,0,0
2109440,1030,0,78,75,1,0,2,-0.00303,0.00535,0.16,2297,0,0,0,0,0,0,0,0,0,0,0,0,0,0,0,0,0,0,0,0,0
2111488,1031,0,76,74,1,1,0,-0.00342,0.00538,0.1511,2371,0,0,0,0,0,0,0,0,0,0,0,0,0,0,0,0,0,0,0,0,0
2113536,1032,0,76,73,0,0,3,-0.00128,0.00411,0.1704,2309,0,0,0,0,0,0,0,0,0,0,0,0,0,0,0,0,0,0,0,0,0
2115584,1033,0,78,75,1,0,2,-0.00522,0.00616,0.1812,2214,0,0,0,0,0,0,0,0,0,0,0,0,0,0,0,0,0,0,0,0,0
2117632,1034,0,78,76,1,0,1,-0.00235,0.00341,0.1712,2670,0,0,0,0,0,0,0,0,0,0,0,0,0,0,0,0,0,0,0,0,0
2119680,1035,0,73,72,0,0,1,-0.00106,0.00397,0.1527,2662,0,0,0,0,0,0,0,0,0,0,0,0,0,0,0,0,0,0,0,0,0
2121728,1036,0,69,68,0,0,1,0.00553,0.00423,0.1731,2717,0,0,0,0,0,0,0,0,0,0,0,0,0,0,0,0,0,0,0,0,0
2123776,1037,0,76,69,1,2,4,0.00356,0.00812,0.1538,2770,0,0,0,0,0,0,0,0,0,0,0,0,0,0,0,0,0,0,0,0,0
2125824,1038,0,76,74,0,1,1,-0.00202,0.00497,0.1863,3068,0,0,0,0,0,0,0,0,0,0,0,0,0,0,0,0,0,0,0,0,0
2127872,1039,0,70,66,0,1,3,-0.00019,0.00514,0.1855,3152,0,0,0,0,0,0,0,0,0,0,0,0,0,0,0,0,0,0,0,0,0
2129920,1040,0,82,81,0,0,1,-0.00166,0.00407,0.1515,2849,0,0,0,0,0,0,0,0,0,0,0,0,0,0,0,0,0,0,0,0,0
2131968,1041,0,80,79,0,0,1,-0.00184,0.00539,0.1803,2790,0,0,0,0,0,0,0,0,0,0,0,0,0,0,0,0,0,0,0,0,0
2134016,1042,0,84,83,0,0,1,-0.00149,0.00358,0.1664,2965,0,0,0,0,0,0,0,0,0,0,0,0,0,0,0,0,0,0,0,0,0
2136064,1043,0,78,77,0,0,1,-0.00469,0.00448,0.193,2929,0,0,0,0,0,0,0,0,0,0,0,0,0,0,0,0,0,0,0,0,0
2138112,1044,0,80,79,0,0,1,-0.00356,0.00544,0.2021,2987,0,0,0,0,0,0,0,0,0,0,0,0,0,0,0,0,0,0,0,0,0
2140160,1045,0,68,65,1,2,0,-0.0042,0.00559,0.2442,3064,0,0,0,0,0,0,0,0,0,0,0,0,0,0,0,0,0,0,0,0,0
2142208,1046,0,66,60,0,1,5,-0.0008,0.00572,0.2246,2813,0,0,0,0,0,0,0,0,0,0,0,0,0,0,0,0,0,0,0,0,0
2144256,1047,0,79,79,0,0,0,-5e-05,0.00329,0.174,2897,0,0,0,0,0,0,0,0,0,0,0,0,0,0,0,0,0,0,0,0,0
2146304,1048,0,71,69,0,0,2,-0.00047,0.00546,0.1817,2646,0,0,0,0,0,0,0,0,0,0,0,0,0,0,0,0,0,0,0,0,0
2148352,1049,0,73,71,0,0,2,-0.00365,0.00354,0.199,2859,0,0,0,0,0,0,0,0,0,0,0,0,0,0,0,0,0,0,0,0,0
2150400,1050,0,83,78,1,1,3,-0.00322,0.00568,0.1615,2895,0,0,0,0,0,0,0,0,0,0,0,0,0,0,0,0,0,0,0,0,0
2152448,1051,0,80,80,0,0,0,0.00182,0.00331,0.1781,2753,0,0,0,0,0,0,0,0,0,0,0,0,0,0,0,0,0,0,0,0,0
2154496,1052,0,67,65,0,0,2,-0.00302,0.00423,0.2155,2617,0,0,0,0,0,0,0,0,0,0,0,0,0,0,0,0,0,0,0,0,0
2156544,1053,0,75,72,0,0,3,-0.00128,0.00589,0.1604,2658,0,0,0,0,0,0,0,0,0,0,0,0,0,0,0,0,0,0,0,0,0
2158592,1054,0,81,80,0,0,1,-0.00339,0.00325,0.1549,2957,0,0,0,0,0,0,0,0,0,0,0,0,0,0,0,0,0,0,0,0,0
2160640,1055,0,73,72,0,0,1,-0.00288,0.00286,0.1733,2941,0,0,0,0,0,0,0,0,0,0,0,0,0,0,0,0,0,0,0,0,0
2162688,1056,0,66,65,0,0,1,0.00823,0.00447,0.1777,2870,0,0,0,0,0,0,0,0,0,0,0,0,0,0,0,0,0,0,0,0,0
2164736,1057,0,72,68,0,0,4,-0.00233,0.00475,0.1729,2967,0,0,0,0,0,0,0,0,0,0,0,0,0,0,0,0,0,0,0,0,0
2166784,1058,0,74,72,0,0,2,-0.00296,0.00489,0.1884,2866,0,0,0,0,0,0,0,0,0,0,0,0,0,0,0,0,0,0,0,0,0
2168832,1059,0,87,86,0,0,1,-0.00334,0.00356,0.1409,2841,0,0,0,0,0,0,0,0,0,0,0,0,0,0,0,0,0,0,0,0,0
2170880,1060,0,65,64,0,1,0,-0.00323,0.00467,0.182,2728,0,0,0,0,0,0,0,0,0,0,0,0,0,0,0,0,0,0,0,0,0
2172928,1061,0,49,46,0,0,3,-0.00123,0.00524,0.211,2765,0,0,0,0,0,0,0,0,0,0,0,0,0,0,0,0,0,0,0,0,0
2174976,1062,0,67,66,0,0,1,0.00085,0.00509,0.184,2731,0,0,0,0,0,0,0,0,0,0,0,0,0,0,0,0,0,0,0,0,0
2177024,1063,0,82,79,0,0,3,-0.00673,0.00568,0.1442,2740,0,0,0,0,0,0,0,0,0,0,0,0,0,0,0,0,0,0,0,0,0
2179072,1064,0,68,68,0,0,0,-0.00315,0.00406,0.1561,2660,0,0,0,0,0,0,0,0,0,0,0,0,0,0,0,0,0,0,0,0,0
2181120,1065,0,85,81,1,2,1,-0.00594,0.00561,0.1293,2713,0,0,0,0,0,0,0,0,0,0,0,0,0,0,0,0,0,0,0,0,0
2183168,1066,0,80,80,0,0,0,-0.00296,0.00349,0.1396,2623,0,0,0,0,0,0,0,0,0,0,0,0,0,0,0,0,0,0,0,0,0
2185216,1067,0,66,64,0,0,2,-0.00394,0.00532,0.147,2846,0,0,0,0,0,0,0,0,0,0,0,0,0,0,0,0,0,0,0,0,0
2187264,1068,0,72,70,0,0,2,-0.00228,0.00424,0.1373,2776,0,0,0,0,0,0,0,0,0,0,0,0,0,0,0,0,0,0,0,0,0
2189312,1069,0,88,87,0,0,1,-0.00167,0.00492,0.1249,2749,0,0,0,0,0,0,0,0,0,0,0,0,0,0,0,0,0,0,0,0,0
2191360,1070,0,90,89,0,0,1,-0.00191,0.00319,0.1168,2625,0,0,0,0,0,0,0,0,0,0,0,0,0,0,0,0,0,0,0,0,0
2193408,1071,0,79,78,0,0,1,-0.00277,0.00355,0.1296,2995,0,0,0,0,0,0,0,0,0,0,0,0,0,0,0,0,0,0,0,0,0
2195456,1072,0,80,79,0,1,0,-0.00026,0.0049,0.1285,2938,0,0,0,0,0,0,0,0,0,0,0,0,0,0,0,0,0,0,0,0,0
2197504,1073,0,73,73,0,0,0,-0.0006,0.00425,0.1489,2870,0,0,0,0,0,0,0,0,0,0,0,0,0,0,0,0,0,0,0,0,0
2199552,1074,0,69,68,0,0,1,0.00024,0.00407,0.159,2844,0,0,0,0,0,0,0,0,0,0,0,0,0,0,0,0,0,0,0,0,0
2201600,1075,0,64,61,1,0,2,-0.00504,0.00424,0.188,2773,0,0,0,0,0,0,0,0,0,0,0,0,0,0,0,0,0,0,0,0,0
2203648,1076,0,80,75,1,0,4,-0.00036,0.00486,0.1418,3005,0,0,0,0,0,0,0,0,0,0,0,0,0,0,0,0,0,0,0,0,0
2205696,1077,0,81,81,0,0,0,-0.00592,0.00467,0.13,2870,0,0,0,0,0,0,0,0,0,0,0,0,0,0,0,0,0,0,0,0,0
2207744,1078,0,71,70,0,0,1,-0.00123,0.00301,0.1614,2787,0,0,0,0,0,0,0,0,0,0,0,0,0,0,0,0,0,0,0,0,0
2209792,1079,0,72,71,0,0,1,0.00202,0.00368,0.1623,2798,0,0,0,0,0,0,0,0,0,0,0,0,0,0,0,0,0,0,0,0,0
2211840,1080,0,71,68,0,1,2,-0.00267,0.00475,0.1486,2878,0,0,0,0,0,0,0,0,0,0,0,0,0,0,0,0,0,0,0,0,0
2213888,1081,0,77,75,0,0,2,-0.00208,0.00396,0.1331,2787,0,0,0,0,0,0,0,0,0,0,0,0,0,0,0,0,0,0,0,0,0
2215936,1082,0,85,82,1,0,2,-0.00227,0.00471,0.1346,2704,0,0,0,0,0,0,0,0,0,0,0,0,0,0,0,0,0,0,0,0,0
2217984,1083,0,90,88,0,1,1,-0.00047,0.00457,0.1327,2611,0,0,0,0,0,0,0,0,0,0,0,0,0,0,0,0,0,0,0,0,0
2220032,1084,0,85,84,0,1,0,0.00097,0.00482,0.1568,2663,0,0,0,0,0,0,0,0,0,0,0,0,0,0,0,0,0,0,0,0,0
2222080,1085,0,83,82,1,0,0,-0.00422,0.00462,0.1813,2687,0,0,0,0,0,0,0,0,0,0,0,0,0,0,0,0,0,0,0,0,0
2224128,1086,0,75,70,1,1,3,-0.00242,0.00541,0.2058,2793,0,0,0,0,0,0,0,0,0,0,0,0,0,0,0,0,0,0,0,0,0
2226176,1087,0,95,93,0,1,1,-0.00553,0.00386,0.133,2883,0,0,0,0,0,0,0,0,0,0,0,0,0,0,0,0,0,0,0,0,0
2228224,1088,0,86,85,0,1,0,-0.00104,0.00386,0.1499,2883,0,0,0,0,0,0,0,0,0,0,0,0,0,0,0,0,0,0,0,0,0
2230272,1089,0,80,79,0,0,1,-0.00501,0.00289,0.1811,2884,0,0,0,0,0,0,0,0,0,0,0,0,0,0,0,0,0,0,0,0,0
2232320,1090,0,77,74,0,1,2,-0.00227,0.00485,0.1916,2848,0,0,0,0,0,0,0,0,0,0,0,0,0,0,0,0,0,0,0,0,0
2234368,1091,0,82,80,1,0,1,-0.00495,0.00638,0.1803,2903,0,0,0,0,0,0,0,0,0,0,0,0,0,0,0,0,0,0,0,0,0
2236416,1092,0,74,73,0,0,1,-0.00286,0.00345,0.1867,2857,0,0,0,0,0,0,0,0,0,0,0,0,0,0,0,0,0,0,0,0,0
2238464,1093,0,88,87,0,0,1,-0.00178,0.00297,0.1543,2546,0,0,0,0,0,0,0,0,0,0,0,0,0,0,0,0,0,0,0,0,0
2240512,1094,0,87,86,0,0,1,-0.00109,0.00306,0.1533,2592,0,0,0,0,0,0,0,0,0,0,0,0,0,0,0,0,0,0,0,0,0
2242560,1095,0,83,79,1,2,1,-0.00286,0.00588,0.1482,2860,0,0,0,0,0,0,0,0,0,0,0,0,0,0,0,0,0,0,0,0,0
2244608,1096,0,82,80,0,0,2,-0.00322,0.00506,0.136,2739,0,0,0,0,0,0,0,0,0,0,0,0,0,0,0,0,0,0,0,0,0
2246656,1097,0,85,84,0,1,0,-0.00058,0.00485,0.1441,2619,0,0,0,0,0,0,0,0,0,0,0,0,0,0,0,0,0,0,0,0,0
2248704,1098,0,81,80,0,0,1,-0.00236,0.00371,0.1483,2757,0,0,0,0,0,0,0,0,0,0,0,0,0,0,0,0,0,0,0,0,0
2250752,1099,0,70,68,1,0,1,0.0032,0.00435,0.1839,2879,0,0,0,0,0,0,0,0,0,0,0,0,0,0,0,0,0,0,0,0,0
2252800,1100,0,81,78,0,0,3,-0.00333,0.00443,0.1381,3027,0,0,0,0,0,0,0,0,0,0,0,0,0,0,0,0,0,0,0,0,0
2254848,1101,0,82,82,0,0,0,-0.00538,0.00349,0.166,3122,0,0,0,0,0,0,0,0,0,0,0,0,0,0,0,0,0,0,0,0,0
2256896,1102,0,62,62,0,0,0,-0.00288,0.00254,0.2216,3283,0,0,0,0,0,0,0,0,0,0,0,0,0,0,0,0,0,0,0,0,0
2258944,1103,0,85,80,0,1,4,-0.00466,0.00512,0.1458,3302,0,0,0,0,0,0,0,0,0,0,0,0,0,0,0,0,0,0,0,0,0
2260992,1104,0,87,87,0,0,0,-0.0008,0.00316,0.1506,2939,0,0,0,0,0,0,0,0,0,0,0,0,0,0,0,0,0,0,0,0,0
2263040,1105,0,85,84,0,0,1,-0.00066,0.00382,0.1306,2981,0,0,0,0,0,0,0,0,0,0,0,0,0,0,0,0,0,0,0,0,0
2265088,1106,0,59,54,1,3,1,-0.00364,0.00733,0.2045,2757,0,0,0,0,0,0,0,0,0,0,0,0,0,0,0,0,0,0,0,0,0
2267136,1107,0,73,68,0,1,4,-0.00343,0.00575,0.1769,2742,0,0,0,0,0,0,0,0,0,0,0,0,0,0,0,0,0,0,0,0,0
2269184,1108,0,78,73,2,1,2,-0.00132,0.00657,0.134,2883,0,0,0,0,0,0,0,0,0,0,0,0,0,0,0,0,0,0,0,0,0
2271232,1109,0,74,70,0,2,2,-0.00327,0.00585,0.145,2722,0,0,0,0,0,0,0,0,0,0,0,0,0,0,0,0,0,0,0,0,0
2273280,1110,0,88,84,0,3,1,-0.00521,0.00836,0.1456,2687,0,0,0,0,0,0,0,0,0,0,0,0,0,0,0,0,0,0,0,0,0
2275328,1111,0,75,73,1,0,1,-0.00305,0.00477,0.177,2803,0,0,0,0,0,0,0,0,0,0,0,0,0,0,0,0,0,0,0,0,0
2277376,1112,0,57,55,0,1,1,0.00676,0.00491,0.2259,2888,0,0,0,0,0,0,0,0,0,0,0,0,0,0,0,0,0,0,0,0,0
2279424,1113,0,65,60,0,1,4,-0.00037,0.00668,0.2256,2622,0,0,0,0,0,0,0,0,0,0,0,0,0,0,0,0,0,0,0,0,0
2281472,1114,0,76,73,1,0,2,-0.00298,0.00406,0.1933,2761,0,0,0,0,0,0,0,0,0,0,0,0,0,0,0,0,0,0,0,0,0
2283520,1115,0,74,72,0,0,2,0.0005,0.00452,0.196,2830,0,0,0,0,0,0,0,0,0,0,0,0,0,0,0,0,0,0,0,0,0
2285568,1116,0,94,92,0,1,1,-0.00117,0.00541,0.1273,2671,0,0,0,0,0,0,0,0,0,0,0,0,0,0,0,0,0,0,0,0,0
2287616,1117,0,71,70,1,0,0,-0.00294,0.00352,0.1902,2792,0,0,0,0,0,0,0,0,0,0,0,0,0,0,0,0,0,0,0,0,0
2289664,1118,0,89,86,0,2,1,-0.00294,0.00593,0.1532,2797,0,0,0,0,0,0,0,0,0,0,0,0,0,0,0,0,0,0,0,0,0
2291712,1119,0,69,65,0,2,2,-0.00287,0.0056,0.1926,2821,0,0,0,0,0,0,0,0,0,0,0,0,0,0,0,0,0,0,0,0,0
2293760,1120,0,72,69,2,0,1,-0.00147,0.00542,0.1908,2583,0,0,0,0,0,0,0,0,0,0,0,0,0,0,0,0,0,0,0,0,0
2295808,1121,0,80,77,0,0,3,0.00138,0.00389,0.147,2849,0,0,0,0,0,0,0,0,0,0,0,0,0,0,0,0,0,0,0,0,0
2297856,1122,0,63,61,0,0,2,0.00105,0.00464,0.1947,2793,0,0,0,0,0,0,0,0,0,0,0,0,0,0,0,0,0,0,0,0,0
2299904,1123,0,73,68,0,1,4,0.00138,0.00454,0.1892,2664,0,0,0,0,0,0,0,0,0,0,0,0,0,0,0,0,0,0,0,0,0
2301952,1124,0,86,85,0,0,1,0.00099,0.00387,0.1289,2783,0,0,0,0,0,0,0,0,0,0,0,0,0,0,0,0,0,0,0,0,0
2304000,1125,0,94,92,0,0,2,0.0041,0.00544,0.0854,2959,0,0,0,0,0,0,0,0,0,0,0,0,0,0,0,0,0,0,0,0,0
2306048,1126,0,84,83,1,0,0,0.01406,0.0087,0.1085,2890,0,0,0,0,0,0,0,0,0,0,0,0,0,0,0,0,0,0,0,0,0
2308096,1127,0,66,65,0,0,1,-0.00546,0.00505,0.1268,2975,0,0,0,0,0,0,0,0,0,0,0,0,0,0,0,0,0,0,0,0,0
2310144,1128,0,81,78,0,0,3,-0.00051,0.00504,0.1223,2824,0,0,0,0,0,0,0,0,0,0,0,0,0,0,0,0,0,0,0,0,0
2312192,1129,0,87,86,0,0,1,-0.00366,0.00317,0.1318,2846,0,0,0,0,0,0,0,0,0,0,0,0,0,0,0,0,0,0,0,0,0
2314240,1130,0,80,78,0,0,2,0.00046,0.00412,0.1458,2803,0,0,0,0,0,0,0,0,0,0,0,0,0,0,0,0,0,0,0,0,0
2316288,1131,0,79,78,0,0,1,-0.00307,0.00356,0.1446,2715,0,0,0,0,0,0,0,0,0,0,0,0,0,0,0,0,0,0,0,0,0
2318336,1132,0,79,78,0,0,1,-0.01242,0.0038,0.1824,2738,0,0,0,0,0,0,0,0,0,0,0,0,0,0,0,0,0,0,0,0,0
2320384,1133,0,65,63,1,0,1,-0.00056,0.00349,0.1829,2738,0,0,0,0,0,0,0,0,0,0,0,0,0,0,0,0,0,0,0,0,0
2322432,1134,0,89,83,2,0,4,-0.00224,0.00531,0.1378,2640,0,0,0,0,0,0,0,0,0,0,0,0,0,0,0,0,0,0,0,0,0
2324480,1135,0,80,78,1,0,1,-0.0013,0.00343,0.1541,2718,0,0,0,0,0,0,0,0,0,0,0,0,0,0,0,0,0,0,0,0,0
2326528,1136,0,70,69,0,0,1,-0.00015,0.00458,0.1819,2731,0,0,0,0,0,0,0,0,0,0,0,0,0,0,0,0,0,0,0,0,0
2328576,1137,0,78,74,0,0,4,-0.00129,0.00455,0.1997,2701,0,0,0,0,0,0,0,0,0,0,0,0,0,0,0,0,0,0,0,0,0
2330624,1138,0,88,86,1,0,1,-0.00337,0.00559,0.151,2731,0,0,0,0,0,0,0,0,0,0,0,0,0,0,0,0,0,0,0,0,0
2332672,1139,0,76,74,0,2,0,-0.00142,0.00722,0.1553,2746,0,0,0,0,0,0,0,0,0,0,0,0,0,0,0,0,0,0,0,0,0
2334720,1140,0,74,73,1,0,0,-0.00432,0.00342,0.1819,3003,0,0,0,0,0,0,0,0,0,0,0,0,0,0,0,0,0,0,0,0,0
2336768,1141,0,83,79,0,1,3,0.00263,0.00388,0.1723,3071,0,0,0,0,0,0,0,0,0,0,0,0,0,0,0,0,0,0,0,0,0
2338816,1142,0,77,75,0,0,2,0.00104,0.00347,0.1454,2948,0,0,0,0,0,0,0,0,0,0,0,0,0,0,0,0,0,0,0,0,0
2340864,1143,0,86,84,0,0,2,-0.00083,0.00299,0.1321,2941,0,0,0,0,0,0,0,0,0,0,0,0,0,0,0,0,0,0,0,0,0
2342912,1144,0,80,80,0,0,0,-0.00345,0.00244,0.1884,2975,0,0,0,0,0,0,0,0,0,0,0,0,0,0,0,0,0,0,0,0,0
2344960,1145,0,74,70,0,0,4,-0.00076,0.00291,0.2109,2772,0,0,0,0,0,0,0,0,0,0,0,0,0,0,0,0,0,0,0,0,0
2347008,1146,0,89,87,0,0,2,-0.00361,0.00375,0.147,2912,0,0,0,0,0,0,0,0,0,0,0,0,0,0,0,0,0,0,0,0,0
2349056,1147,0,76,76,0,0,0,-0.00101,0.00262,0.1776,2880,0,0,0,0,0,0,0,0,0,0,0,0,0,0,0,0,0,0,0,0,0
2351104,1148,0,79,76,0,0,3,-0.00169,0.00381,0.1853,2479,0,0,0,0,0,0,0,0,0,0,0,0,0,0,0,0,0,0,0,0,0
2353152,1149,0,74,72,1,0,1,-0.00131,0.00462,0.1736,2655,0,0,0,0,0,0,0,0,0,0,0,0,0,0,0,0,0,0,0,0,0
2355200,1150,0,82,79,0,1,2,-0.00262,0.00436,0.1614,2867,0,0,0,0,0,0,0,0,0,0,0,0,0,0,0,0,0,0,0,0,0
2357248,1151,0,93,92,0,0,1,-0.00335,0.00307,0.1089,2605,0,0,0,0,0,0,0,0,0,0,0,0,0,0,0,0,0,0,0,0,0
2359296,1152,0,88,88,0,0,0,-0.0005,0.00364,0.1212,2851,0,0,0,0,0,0,0,0,0,0,0,0,0,0,0,0,0,0,0,0,0
2361344,1153,0,92,91,0,0,1,-0.0032,0.00235,0.1137,3012,0,0,0,0,0,0,0,0,0,0,0,0,0,0,0,0,0,0,0,0,0
2363392,1154,0,94,94,0,0,0,-0.00271,0.0024,0.108,2791,0,0,0,0,0,0,0,0,0,0,0,0,0,0,0,0,0,0,0,0,0
2365440,1155,0,94,93,0,0,1,0.00252,0.00313,0.123,3106,0,0,0,0,0,0,0,0,0,0,0,0,0,0,0,0,0,0,0,0,0
2367488,1156,0,86,86,0,0,0,-0.00287,0.00278,0.1303,2719,0,0,0,0,0,0,0,0,0,0,0,0,0,0,0,0,0,0,0,0,0
2369536,1157,0,99,95,2,1,1,0.00303,0.00605,0.1097,2802,0,0,0,0,0,0,0,0,0,0,0,0,0,0,0,0,0,0,0,0,0
2371584,1158,0,96,96,0,0,0,-0.00201,0.00203,0.0912,2668,0,0,0,0,0,0,0,0,0,0,0,0,0,0,0,0,0,0,0,0,0
2373632,1159,0,89,89,0,0,0,-0.00311,0.00262,0.1206,2715,0,0,0,0,0,0,0,0,0,0,0,0,0,0,0,0,0,0,0,0,0
2375680,1160,0,80,77,0,2,1,-0.00307,0.00515,0.1519,2547,0,0,0,0,0,0,0,0,0,0,0,0,0,0,0,0,0,0,0,0,0
2377728,1161,0,82,80,1,0,1,-0.00215,0.00425,0.1262,2775,0,0,0,0,0,0,0,0,0,0,0,0,0,0,0,0,0,0,0,0,0
2379776,1162,0,84,83,1,0,0,-0.00025,0.00399,0.1477,2767,0,0,0,0,0,0,0,0,0,0,0,0,0,0,0,0,0,0,0,0,0
2381824,1163,0,73,72,0,0,1,-0.00396,0.00314,0.1863,2618,0,0,0,0,0,0,0,0,0,0,0,0,0,0,0,0,0,0,0,0,0
2383872,1164,0,78,75,0,0,3,-0.00319,0.00512,0.1996,2648,0,0,0,0,0,0,0,0,0,0,0,0,0,0,0,0,0,0,0,0,0
2385920,1165,0,84,82,0,0,2,-0.0047,0.00286,0.1625,2617,0,0,0,0,0,0,0,0,0,0,0,0,0,0,0,0,0,0,0,0,0
2387968,1166,0,84,82,0,0,2,7e-05,0.00363,0.1306,2708,0,0,0,0,0,0,0,0,0,0,0,0,0,0,0,0,0,0,0,0,0
2390016,1167,0,94,94,0,0,0,-0.00292,0.0028,0.1034,2785,0,0,0,0,0,0,0,0,0,0,0,0,0,0,0,0,0,0,0,0,0
2392064,1168,0,79,79,0,0,0,-0.00468,0.00368,0.1512,2810,0,0,0,0,0,0,0,0,0,0,0,0,0,0,0,0,0,0,0,0,0
2394112,1169,0,70,69,1,0,0,-0.00285,0.00333,0.1637,2958,0,0,0,0,0,0,0,0,0,0,0,0,0,0,0,0,0,0,0,0,0
2396160,1170,0,97,92,1,1,3,-0.00183,0.00722,0.1278,2963,0,0,0,0,0,0,0,0,0,0,0,0,0,0,0,0,0,0,0,0,0
2398208,1171,0,75,74,1,0,0,-0.00103,0.00353,0.1795,2934,0,0,0,0,0,0,0,0,0,0,0,0,0,0,0,0,0,0,0,0,0
2400256,1172,0,83,80,0,0,3,-0.00206,0.00389,0.1432,2886,0,0,0,0,0,0,0,0,0,0,0,0,0,0,0,0,0,0,0,0,0
2402304,1173,0,82,79,2,0,1,-0.00067,0.00342,0.1311,2901,0,0,0,0,0,0,0,0,0,0,0,0,0,0,0,0,0,0,0,0,0
2404352,1174,0,87,82,1,1,3,1e-05,0.00518,0.13,2992,0,0,0,0,0,0,0,0,0,0,0,0,0,0,0,0,0,0,0,0,0
2406400,1175,0,84,84,0,0,0,-0.00358,0.00273,0.0937,2847,0,0,0,0,0,0,0,0,0,0,0,0,0,0,0,0,0,0,0,0,0
2408448,1176,0,74,72,0,0,2,-0.00163,0.0053,0.1498,2845,0,0,0,0,0,0,0,0,0,0,0,0,0,0,0,0,0,0,0,0,0
2410496,1177,0,80,75,3,0,2,-0.00312,0.00631,0.1434,2827,0,0,0,0,0,0,0,0,0,0,0,0,0,0,0,0,0,0,0,0,0
2412544,1178,0,75,73,0,0,2,-0.00028,0.00409,0.1327,2691,0,0,0,0,0,0,0,0,0,0,0,0,0,0,0,0,0,0,0,0,0
2414592,1179,0,61,60,0,0,1,-0.00332,0.00352,0.1774,2732,0,0,0,0,0,0,0,0,0,0,0,0,0,0,0,0,0,0,0,0,0
2416640,1180,0,78,72,1,0,5,-0.00571,0.00695,0.1294,2821,0,0,0,0,0,0,0,0,0,0,0,0,0,0,0,0,0,0,0,0,0
2418688,1181,0,66,63,1,0,2,-0.00441,0.00505,0.1457,2803,0,0,0,0,0,0,0,0,0,0,0,0,0,0,0,0,0,0,0,0,0
2420736,1182,0,91,89,0,0,2,-0.00246,0.00355,0.1057,2896,0,0,0,0,0,0,0,0,0,0,0,0,0,0,0,0,0,0,0,0,0
2422784,1183,0,86,86,0,0,0,-2e-05,0.00497,0.1227,2788,0,0,0,0,0,0,0,0,0,0,0,0,0,0,0,0,0,0,0,0,0
2424832,1184,0,80,79,0,0,1,-0.00032,0.0042,0.1355,2816,0,0,0,0,0,0,0,0,0,0,0,0,0,0,0,0,0,0,0,0,0
2426880,1185,0,84,83,1,0,0,-0.00099,0.00309,0.1505,2900,0,0,0,0,0,0,0,0,0,0,0,0,0,0,0,0,0,0,0,0,0
2428928,1186,0,90,86,2,0,2,0.00386,0.00384,0.134,2748,0,0,0,0,0,0,0,0,0,0,0,0,0,0,0,0,0,0,0,0,0
2430976,1187,0,69,68,0,0,1,-0.00216,0.00254,0.1959,2887,0,0,0,0,0,0,0,0,0,0,0,0,0,0,0,0,0,0,0,0,0
2433024,1188,0,75,71,0,1,3,-0.00261,0.0045,0.1784,2973,0,0,0,0,0,0,0,0,0,0,0,0,0,0,0,0,0,0,0,0,0
2435072,1189,0,82,80,0,0,2,-0.00067,0.0042,0.1682,2794,0,0,0,0,0,0,0,0,0,0,0,0,0,0,0,0,0,0,0,0,0
2437120,1190,0,83,80,1,0,2,0.00087,0.0035,0.1772,2779,0,0,0,0,0,0,0,0,0,0,0,0,0,0,0,0,0,0,0,0,0
2439168,1191,0,86,86,0,0,0,-0.00465,0.00227,0.1552,2936,0,0,0,0,0,0,0,0,0,0,0,0,0,0,0,0,0,0,0,0,0
2441216,1192,0,79,78,0,0,1,0.00139,0.00371,0.1883,3037,0,0,0,0,0,0,0,0,0,0,0,0,0,0,0,0,0,0,0,0,0
2443264,1193,0,81,80,0,0,1,-0.00086,0.00349,0.1343,2593,0,0,0,0,0,0,0,0,0,0,0,0,0,0,0,0,0,0,0,0,0
2445312,1194,0,89,87,1,1,0,-0.00104,0.00335,0.1256,2723,0,0,0,0,0,0,0,0,0,0,0,0,0,0,0,0,0,0,0,0,0
2447360,1195,0,73,72,0,0,1,-0.0032,0.00296,0.1639,2651,0,0,0,0,0,0,0,0,0,0,0,0,0,0,0,0,0,0,0,0,0
2449408,1196,0,75,72,0,0,3,0.00118,0.00491,0.1702,2771,0,0,0,0,0,0,0,0,0,0,0,0,0,0,0,0,0,0,0,0,0
2451456,1197,0,86,84,0,0,2,-0.0018,0.00258,0.142,2742,0,0,0,0,0,0,0,0,0,0,0,0,0,0,0,0,0,0,0,0,0
2453504,1198,0,88,83,0,3,2,-0.00289,0.00686,0.1693,2915,0,0,0,0,0,0,0,0,0,0,0,0,0,0,0,0,0,0,0,0,0
2455552,1199,0,84,83,0,0,1,-0.00388,0.00332,0.1267,2536,0,0,0,0,0,0,0,0,0,0,0,0,0,0,0,0,0,0,0,0,0
2457600,1200,0,83,81,0,0,2,-0.0021,0.00371,0.1546,2771,0,0,0,0,0,0,0,0,0,0,0,0,0,0,0,0,0,0,0,0,0
2459648,1201,0,80,79,0,0,1,-0.00647,0.00339,0.1981,2864,0,0,0,0,0,0,0,0,0,0,0,0,0,0,0,0,0,0,0,0,0
2461696,1202,0,89,87,0,0,2,-0.00128,0.00288,0.1591,2894,0,0,0,0,0,0,0,0,0,0,0,0,0,0,0,0,0,0,0,0,0
2463744,1203,0,74,74,0,0,0,-0.0006,0.00398,0.2111,2682,0,0,0,0,0,0,0,0,0,0,0,0,0,0,0,0,0,0,0,0,0
2465792,1204,0,89,86,1,0,2,-0.00362,0.00454,0.1749,2461,0,0,0,0,0,0,0,0,0,0,0,0,0,0,0,0,0,0,0,0,0
2467840,1205,0,77,77,0,0,0,-0.00357,0.00333,0.1759,2810,0,0,0,0,0,0,0,0,0,0,0,0,0,0,0,0,0,0,0,0,0
2469888,1206,0,63,59,0,0,4,-0.00461,0.00292,0.226,2812,0,0,0,0,0,0,0,0,0,0,0,0,0,0,0,0,0,0,0,0,0
2471936,1207,0,75,73,0,0,2,-0.00454,0.00268,0.1931,2651,0,0,0,0,0,0,0,0,0,0,0,0,0,0,0,0,0,0,0,0,0
2473984,1208,0,74,72,0,0,2,-0.00225,0.00334,0.1937,2780,0,0,0,0,0,0,0,0,0,0,0,0,0,0,0,0,0,0,0,0,0
2476032,1209,0,82,80,0,0,2,-0.00376,0.00314,0.1761,3039,0,0,0,0,0,0,0,0,0,0,0,0,0,0,0,0,0,0,0,0,0
2478080,1210,0,83,82,0,0,1,-0.00118,0.00346,0.1687,2812,0,0,0,0,0,0,0,0,0,0,0,0,0,0,0,0,0,0,0,0,0
2480128,1211,0,78,75,0,0,3,0.00394,0.00325,0.1751,2606,0,0,0,0,0,0,0,0,0,0,0,0,0,0,0,0,0,0,0,0,0
2482176,1212,0,80,79,0,0,1,-0.00156,0.00504,0.1483,2752,0,0,0,0,0,0,0,0,0,0,0,0,0,0,0,0,0,0,0,0,0
2484224,1213,0,73,72,0,0,1,-0.00116,0.0036,0.1821,2806,0,0,0,0,0,0,0,0,0,0,0,0,0,0,0,0,0,0,0,0,0
2486272,1214,0,82,78,0,0,4,-0.0007,0.00534,0.1577,2686,0,0,0,0,0,0,0,0,0,0,0,0,0,0,0,0,0,0,0,0,0
2488320,1215,0,77,77,0,0,0,-0.00146,0.00354,0.1572,3190,0,0,0,0,0,0,0,0,0,0,0,0,0,0,0,0,0,0,0,0,0
2490368,1216,0,87,84,0,0,3,-0.00681,0.00344,0.1401,2837,0,0,0,0,0,0,0,0,0,0,0,0,0,0,0,0,0,0,0,0,0
2492416,1217,0,86,85,0,0,1,0.00598,0.00364,0.1583,2679,0,0,0,0,0,0,0,0,0,0,0,0,0,0,0,0,0,0,0,0,0
2494464,1218,0,79,77,1,0,1,-0.00335,0.00291,0.2023,2853,0,0,0,0,0,0,0,0,0,0,0,0,0,0,0,0,0,0,0,0,0
2496512,1219,0,82,79,0,0,3,-0.00256,0.00284,0.1508,2909,0,0,0,0,0,0,0,0,0,0,0,0,0,0,0,0,0,0,0,0,0
2498560,1220,0,83,81,1,0,1,0.00136,0.00369,0.1696,2886,0,0,0,0,0,0,0,0,0,0,0,0,0,0,0,0,0,0,0,0,0
2500608,1221,0,64,62,0,0,2,0.00068,0.00321,0.242,2750,0,0,0,0,0,0,0,0,0,0,0,0,0,0,0,0,0,0,0,0,0
2502656,1222,0,81,78,0,0,3,-0.00059,0.00333,0.2364,2763,0,0,0,0,0,0,0,0,0,0,0,0,0,0,0,0,0,0,0,0,0
2504704,1223,0,82,80,0,0,2,-0.00245,0.00371,0.1962,2684,0,0,0,0,0,0,0,0,0,0,0,0,0,0,0,0,0,0,0,0,0
2506752,1224,0,74,71,0,0,3,-0.00168,0.00285,0.1934,2793,0,0,0,0,0,0,0,0,0,0,0,0,0,0,0,0,0,0,0,0,0
2508800,1225,0,57,55,0,0,2,-0.00322,0.00579,0.2132,2894,0,0,0,0,0,0,0,0,0,0,0,0,0,0,0,0,0,0,0,0,0
2510848,1226,0,86,82,1,0,3,-0.00244,0.00489,0.1911,3048,0,0,0,0,0,0,0,0,0,0,0,0,0,0,0,0,0,0,0,0,0
2512896,1227,0,77,76,0,0,1,-0.00238,0.0029,0.2039,3126,0,0,0,0,0,0,0,0,0,0,0,0,0,0,0,0,0,0,0,0,0
2514944,1228,0,94,91,0,2,1,0.00222,0.00469,0.1276,3130,0,0,0,0,0,0,0,0,0,0,0,0,0,0,0,0,0,0,0,0,0
2516992,1229,0,93,93,0,0,0,-0.00288,0.00272,0.1278,2941,0,0,0,0,0,0,0,0,0,0,0,0,0,0,0,0,0,0,0,0,0
2519040,1230,0,80,79,0,0,1,-0.00486,0.00258,0.177,2893,0,0,0,0,0,0,0,0,0,0,0,0,0,0,0,0,0,0,0,0,0
2521088,1231,0,76,74,1,0,1,-0.00126,0.00439,0.1778,2757,0,0,0,0,0,0,0,0,0,0,0,0,0,0,0,0,0,0,0,0,0
2523136,1232,0,85,83,1,0,1,-0.00314,0.0043,0.1225,2807,0,0,0,0,0,0,0,0,0,0,0,0,0,0,0,0,0,0,0,0,0
2525184,1233,0,76,73,2,1,0,0.00052,0.00655,0.131,2979,0,0,0,0,0,0,0,0,0,0,0,0,0,0,0,0,0,0,0,0,0
2527232,1234,0,89,85,2,0,2,-0.00233,0.00623,0.1114,2849,0,0,0,0,0,0,0,0,0,0,0,0,0,0,0,0,0,0,0,0,0
2529280,1235,0,94,93,0,1,0,-0.00294,0.0043,0.1142,2675,0,0,0,0,0,0,0,0,0,0,0,0,0,0,0,0,0,0,0,0,0
2531328,1236,0,99,97,2,0,0,-0.0017,0.00395,0.0975,2770,0,0,0,0,0,0,0,0,0,0,0,0,0,0,0,0,0,0,0,0,0
2533376,1237,0,95,95,0,0,0,-0.00165,0.00191,0.0908,2830,0,0,0,0,0,0,0,0,0,0,0,0,0,0,0,0,0,0,0,0,0
2535424,1238,0,92,92,0,0,0,-0.00064,0.00197,0.0993,2604,0,0,0,0,0,0,0,0,0,0,0,0,0,0,0,0,0,0,0,0,0
2537472,1239,0,89,88,0,0,1,-0.00162,0.00232,0.1069,2775,0,0,0,0,0,0,0,0,0,0,0,0,0,0,0,0,0,0,0,0,0
2539520,1240,0,85,83,0,0,2,-0.00451,0.00337,0.1195,2728,0,0,0,0,0,0,0,0,0,0,0,0,0,0,0,0,0,0,0,0,0
2541568,1241,0,77,74,2,0,1,-0.00149,0.00494,0.1718,2786,0,0,0,0,0,0,0,0,0,0,0,0,0,0,0,0,0,0,0,0,0
2543616,1242,0,85,82,0,0,3,0.00069,0.00267,0.1459,2708,0,0,0,0,0,0,0,0,0,0,0,0,0,0,0,0,0,0,0,0,0
2545664,1243,0,99,97,0,0,2,0.00236,0.00451,0.1106,2499,0,0,0,0,0,0,0,0,0,0,0,0,0,0,0,0,0,0,0,0,0
2547712,1244,0,89,89,0,0,0,0.00023,0.00266,0.0844,2874,0,0,0,0,0,0,0,0,0,0,0,0,0,0,0,0,0,0,0,0,0
2549760,1245,0,93,91,0,1,1,0.00167,0.0034,0.0916,2763,0,0,0,0,0,0,0,0,0,0,0,0,0,0,0,0,0,0,0,0,0
2551808,1246,0,99,98,0,0,1,0.00415,0.00208,0.0873,2611,0,0,0,0,0,0,0,0,0,0,0,0,0,0,0,0,0,0,0,0,0
2553856,1247,0,82,80,2,0,0,-0.00188,0.00413,0.1773,2768,0,0,0,0,0,0,0,0,0,0,0,0,0,0,0,0,0,0,0,0,0
2555904,1248,0,87,84,1,0,2,-0.00142,0.00261,0.1277,2926,0,0,0,0,0,0,0,0,0,0,0,0,0,0,0,0,0,0,0,0,0
2557952,1249,0,93,88,3,1,1,-0.00289,0.00643,0.1122,3067,0,0,0,0,0,0,0,0,0,0,0,0,0,0,0,0,0,0,0,0,0
2560000,1250,0,84,83,0,0,1,-0.00186,0.00368,0.1177,2893,0,0,0,0,0,0,0,0,0,0,0,0,0,0,0,0,0,0,0,0,0
2562048,1251,0,94,93,1,0,0,-0.00677,0.00358,0.1031,2792,0,0,0,0,0,0,0,0,0,0,0,0,0,0,0,0,0,0,0,0,0
2564096,1252,0,78,78,0,0,0,-1e-05,0.00249,0.1643,3017,0,0,0,0,0,0,0,0,0,0,0,0,0,0,0,0,0,0,0,0,0
2566144,1253,0,75,71,0,1,3,-0.0023,0.00465,0.1705,2779,0,0,0,0,0,0,0,0,0,0,0,0,0,0,0,0,0,0,0,0,0
2568192,1254,0,99,98,0,0,1,-0.0041,0.00314,0.0981,2895,0,0,0,0,0,0,0,0,0,0,0,0,0,0,0,0,0,0,0,0,0
2570240,1255,0,99,99,0,0,0,-0.00282,0.00161,0.0974,2984,0,0,0,0,0,0,0,0,0,0,0,0,0,0,0,0,0,0,0,0,0
2572288,1256,0,91,90,1,0,0,-0.00602,0.00198,0.1147,3027,0,0,0,0,0,0,0,0,0,0,0,0,0,0,0,0,0,0,0,0,0
2574336,1257,0,79,76,1,0,2,-0.00293,0.00561,0.1596,2668,0,0,0,0,0,0,0,0,0,0,0,0,0,0,0,0,0,0,0,0,0
2576384,1258,0,79,78,0,0,1,-0.00265,0.0044,0.1652,2741,0,0,0,0,0,0,0,0,0,0,0,0,0,0,0,0,0,0,0,0,0
2578432,1259,0,78,75,1,1,1,-0.00291,0.00486,0.1644,2778,0,0,0,0,0,0,0,0,0,0,0,0,0,0,0,0,0,0,0,0,0
2580480,1260,0,79,75,2,0,2,-0.00946,0.0045,0.1409,2950,0,0,0,0,0,0,0,0,0,0,0,0,0,0,0,0,0,0,0,0,0
2582528,1261,0,74,71,2,0,1,-6e-05,0.00477,0.1574,2661,0,0,0,0,0,0,0,0,0,0,0,0,0,0,0,0,0,0,0,0,0
2584576,1262,0,68,62,1,1,4,-0.00293,0.00527,0.1787,2636,0,0,0,0,0,0,0,0,0,0,0,0,0,0,0,0,0,0,0,0,0
2586624,1263,0,64,61,1,0,2,-0.00178,0.00319,0.2031,2874,0,0,0,0,0,0,0,0,0,0,0,0,0,0,0,0,0,0,0,0,0
2588672,1264,0,81,77,0,0,4,-0.00122,0.00405,0.1643,2710,0,0,0,0,0,0,0,0,0,0,0,0,0,0,0,0,0,0,0,0,0
2590720,1265,0,85,84,0,0,1,-0.00101,0.00333,0.1252,2578,0,0,0,0,0,0,0,0,0,0,0,0,0,0,0,0,0,0,0,0,0
2592768,1266,0,87,84,2,0,1,-0.00064,0.00484,0.1299,2724,0,0,0,0,0,0,0,0,0,0,0,0,0,0,0,0,0,0,0,0,0
2594816,1267,0,87,84,1,0,2,-0.00343,0.00297,0.1614,2631,0,0,0,0,0,0,0,0,0,0,0,0,0,0,0,0,0,0,0,0,0
2596864,1268,0,85,83,0,0,2,-0.00171,0.00261,0.1558,2542,0,0,0,0,0,0,0,0,0,0,0,0,0,0,0,0,0,0,0,0,0
2598912,1269,0,97,94,1,0,2,-0.00042,0.00245,0.1205,2662,0,0,0,0,0,0,0,0,0,0,0,0,0,0,0,0,0,0,0,0,0
2600960,1270,0,76,74,0,1,1,-0.00198,0.00345,0.1106,2516,0,0,0,0,0,0,0,0,0,0,0,0,0,0,0,0,0,0,0,0,0
2603008,1271,0,93,88,2,1,2,0.00018,0.00838,0.1282,2422,0,0,0,0,0,0,0,0,0,0,0,0,0,0,0,0,0,0,0,0,0
2605056,1272,0,86,83,1,1,1,-0.00302,0.00367,0.1315,2365,0,0,0,0,0,0,0,0,0,0,0,0,0,0,0,0,0,0,0,0,0
2607104,1273,0,70,69,0,0,1,-0.00112,0.00269,0.1808,2794,0,0,0,0,0,0,0,0,0,0,0,0,0,0,0,0,0,0,0,0,0
2609152,1274,0,80,77,1,0,2,-0.0047,0.00329,0.1384,2645,0,0,0,0,0,0,0,0,0,0,0,0,0,0,0,0,0,0,0,0,0
2611200,1275,0,84,79,3,1,1,-0.00291,0.00538,0.1549,2773,0,0,0,0,0,0,0,0,0,0,0,0,0,0,0,0,0,0,0,0,0
2613248,1276,0,68,64,2,0,2,-0.00189,0.00544,0.1828,2798,0,0,0,0,0,0,0,0,0,0,0,0,0,0,0,0,0,0,0,0,0
2615296,1277,0,91,86,1,3,1,-0.00516,0.00658,0.1629,2789,0,0,0,0,0,0,0,0,0,0,0,0,0,0,0,0,0,0,0,0,0
2617344,1278,0,79,78,0,0,1,-0.00327,0.00291,0.181,2805,0,0,0,0,0,0,0,0,0,0,0,0,0,0,0,0,0,0,0,0,0
2619392,1279,0,77,74,0,0,3,-0.00537,0.00246,0.1589,2809,0,0,0,0,0,0,0,0,0,0,0,0,0,0,0,0,0,0,0,0,0
2621440,1280,0,91,90,0,0,1,0.00078,0.00231,0.1342,2625,0,0,0,0,0,0,0,0,0,0,0,0,0,0,0,0,0,0,0,0,0
2623488,1281,0,84,83,1,0,0,-0.00164,0.00384,0.1623,2637,0,0,0,0,0,0,0,0,0,0,0,0,0,0,0,0,0,0,0,0,0
2625536,1282,0,77,76,0,0,1,-0.00265,0.00256,0.1367,2414,0,0,0,0,0,0,0,0,0,0,0,0,0,0,0,0,0,0,0,0,0
2627584,1283,0,82,80,0,0,2,-0.00376,0.00236,0.1369,2468,0,0,0,0,0,0,0,0,0,0,0,0,0,0,0,0,0,0,0,0,0
2629632,1284,0,92,89,0,1,2,-0.00811,0.00628,0.1514,2587,0,0,0,0,0,0,0,0,0,0,0,0,0,0,0,0,0,0,0,0,0
2631680,1285,0,86,85,0,1,0,-0.00374,0.00357,0.1447,2439,0,0,0,0,0,0,0,0,0,0,0,0,0,0,0,0,0,0,0,0,0
2633728,1286,0,93,91,1,0,1,-0.00114,0.00281,0.1293,2662,0,0,0,0,0,0,0,0,0,0,0,0,0,0,0,0,0,0,0,0,0
2635776,1287,0,93,92,0,0,1,-0.00303,0.00256,0.1009,2775,0,0,0,0,0,0,0,0,0,0,0,0,0,0,0,0,0,0,0,0,0
2637824,1288,0,87,86,0,0,1,-0.00061,0.00252,0.1312,2836,0,0,0,0,0,0,0,0,0,0,0,0,0,0,0,0,0,0,0,0,0
2639872,1289,0,78,76,0,0,2,0.00199,0.00406,0.141,2776,0,0,0,0,0,0,0,0,0,0,0,0,0,0,0,0,0,0,0,0,0
2641920,1290,0,77,75,0,0,2,-0.00696,0.00339,0.1781,2873,0,0,0,0,0,0,0,0,0,0,0,0,0,0,0,0,0,0,0,0,0
2643968,1291,0,80,78,0,0,2,-0.00201,0.00506,0.1683,2658,0,0,0,0,0,0,0,0,0,0,0,0,0,0,0,0,0,0,0,0,0
2646016,1292,0,63,59,1,1,2,-0.00048,0.00369,0.1979,2777,0,0,0,0,0,0,0,0,0,0,0,0,0,0,0,0,0,0,0,0,0
2648064,1293,0,88,83,1,0,4,-0.00419,0.00456,0.1509,2595,0,0,0,0,0,0,0,0,0,0,0,0,0,0,0,0,0,0,0,0,0
2650112,1294,0,84,83,0,0,1,-0.00214,0.00354,0.1391,2469,0,0,0,0,0,0,0,0,0,0,0,0,0,0,0,0,0,0,0,0,0
2652160,1295,0,87,84,2,0,1,-0.00203,0.00408,0.1333,2831,0,0,0,0,0,0,0,0,0,0,0,0,0,0,0,0,0,0,0,0,0
2654208,1296,0,91,90,1,0,0,-0.00148,0.00321,0.1225,2522,0,0,0,0,0,0,0,0,0,0,0,0,0,0,0,0,0,0,0,0,0
2656256,1297,0,94,90,1,1,2,-0.00739,0.00358,0.1107,3001,0,0,0,0,0,0,0,0,0,0,0,0,0,0,0,0,0,0,0,0,0
2658304,1298,0,88,87,0,0,1,-0.00168,0.00203,0.0965,2934,0,0,0,0,0,0,0,0,0,0,0,0,0,0,0,0,0,0,0,0,0
2660352,1299,0,76,75,0,0,1,-0.00424,0.00267,0.136,2857,0,0,0,0,0,0,0,0,0,0,0,0,0,0,0,0,0,0,0,0,0
2662400,1300,0,88,84,0,2,2,-0.0029,0.0037,0.1365,2745,0,0,0,0,0,0,0,0,0,0,0,0,0,0,0,0,0,0,0,0,0
2664448,1301,0,91,90,0,0,1,-0.00058,0.00198,0.1052,2737,0,0,0,0,0,0,0,0,0,0,0,0,0,0,0,0,0,0,0,0,0
2666496,1302,0,97,95,2,0,0,-0.0027,0.00236,0.094,2600,0,0,0,0,0,0,0,0,0,0,0,0,0,0,0,0,0,0,0,0,0
2668544,1303,0,81,81,0,0,0,0.00157,0.00179,0.1389,2785,0,0,0,0,0,0,0,0,0,0,0,0,0,0,0,0,0,0,0,0,0
2670592,1304,0,89,86,1,0,2,-0.00088,0.0035,0.1149,2788,0,0,0,0,0,0,0,0,0,0,0,0,0,0,0,0,0,0,0,0,0
2672640,1305,0,68,67,0,0,1,-0.00575,0.00281,0.1975,2773,0,0,0,0,0,0,0,0,0,0,0,0,0,0,0,0,0,0,0,0,0
2674688,1306,0,91,88,1,0,2,-0.0026,0.00518,0.1406,2601,0,0,0,0,0,0,0,0,0,0,0,0,0,0,0,0,0,0,0,0,0
2676736,1307,0,96,94,1,0,1,-0.00495,0.00334,0.0953,2820,0,0,0,0,0,0,0,0,0,0,0,0,0,0,0,0,0,0,0,0,0
2678784,1308,0,84,82,1,1,0,-0.00119,0.00417,0.1254,2960,0,0,0,0,0,0,0,0,0,0,0,0,0,0,0,0,0,0,0,0,0
2680832,1309,0,96,94,1,0,1,-0.00064,0.0027,0.0896,2836,0,0,0,0,0,0,0,0,0,0,0,0,0,0,0,0,0,0,0,0,0
2682880,1310,0,81,79,0,1,1,-0.00358,0.00314,0.1389,2921,0,0,0,0,0,0,0,0,0,0,0,0,0,0,0,0,0,0,0,0,0
2684928,1311,0,85,84,0,0,1,-0.0052,0.00293,0.1231,2785,0,0,0,0,0,0,0,0,0,0,0,0,0,0,0,0,0,0,0,0,0
2686976,1312,0,96,96,0,0,0,0.0019,0.00202,0.1135,3003,0,0,0,0,0,0,0,0,0,0,0,0,0,0,0,0,0,0,0,0,0
2689024,1313,0,90,90,0,0,0,0.00266,0.00216,0.1029,3055,0,0,0,0,0,0,0,0,0,0,0,0,0,0,0,0,0,0,0,0,0
2691072,1314,0,84,82,0,0,2,-0.00231,0.00187,0.1009,3012,0,0,0,0,0,0,0,0,0,0,0,0,0,0,0,0,0,0,0,0,0
2693120,1315,0,95,95,0,0,0,-0.00227,0.00189,0.1113,3068,0,0,0,0,0,0,0,0,0,0,0,0,0,0,0,0,0,0,0,0,0
2695168,1316,0,91,88,0,1,2,0.00192,0.00332,0.1068,2952,0,0,0,0,0,0,0,0,0,0,0,0,0,0,0,0,0,0,0,0,0
2697216,1317,0,83,81,0,1,1,-0.00219,0.00413,0.1349,2696,0,0,0,0,0,0,0,0,0,0,0,0,0,0,0,0,0,0,0,0,0
2699264,1318,0,63,61,0,0,2,-0.00207,0.00444,0.1698,2987,0,0,0,0,0,0,0,0,0,0,0,0,0,0,0,0,0,0,0,0,0
2701312,1319,0,71,68,0,0,3,-0.00267,0.00688,0.1474,2958,0,0,0,0,0,0,0,0,0,0,0,0,0,0,0,0,0,0,0,0,0
2703360,1320,0,88,86,0,0,2,0.00384,0.00298,0.0999,2652,0,0,0,0,0,0,0,0,0,0,0,0,0,0,0,0,0,0,0,0,0
2705408,1321,0,89,89,0,0,0,-0.00084,0.00325,0.1018,2769,0,0,0,0,0,0,0,0,0,0,0,0,0,0,0,0,0,0,0,0,0
2707456,1322,0,79,74,2,1,2,0.00188,0.00743,0.1378,2947,0,0,0,0,0,0,0,0,0,0,0,0,0,0,0,0,0,0,0,0,0
2709504,1323,0,89,86,1,0,2,-0.0016,0.0034,0.1201,2884,0,0,0,0,0,0,0,0,0,0,0,0,0,0,0,0,0,0,0,0,0
2711552,1324,0,89,89,0,0,0,-0.00083,0.0024,0.1045,2719,0,0,0,0,0,0,0,0,0,0,0,0,0,0,0,0,0,0,0,0,0
2713600,1325,0,83,81,0,0,2,-0.00341,0.0027,0.1274,2507,0,0,0,0,0,0,0,0,0,0,0,0,0,0,0,0,0,0,0,0,0
2715648,1326,0,69,68,0,0,1,0.00108,0.0039,0.1179,2662,0,0,0,0,0,0,0,0,0,0,0,0,0,0,0,0,0,0,0,0,0
2717696,1327,0,77,73,1,0,3,-0.00306,0.00594,0.1127,2840,0,0,0,0,0,0,0,0,0,0,0,0,0,0,0,0,0,0,0,0,0
2719744,1328,0,96,94,0,1,1,-0.00237,0.00558,0.1012,2504,0,0,0,0,0,0,0,0,0,0,0,0,0,0,0,0,0,0,0,0,0
2721792,1329,0,81,79,2,0,0,0.00056,0.00578,0.146,2777,0,0,0,0,0,0,0,0,0,0,0,0,0,0,0,0,0,0,0,0,0
2723840,1330,0,90,88,0,0,2,-0.00134,0.00236,0.1307,2699,0,0,0,0,0,0,0,0,0,0,0,0,0,0,0,0,0,0,0,0,0
2725888,1331,0,78,78,0,0,0,-0.0037,0.00232,0.157,2667,0,0,0,0,0,0,0,0,0,0,0,0,0,0,0,0,0,0,0,0,0
2727936,1332,0,83,80,1,0,2,-0.00214,0.00394,0.1447,2986,0,0,0,0,0,0,0,0,0,0,0,0,0,0,0,0,0,0,0,0,0
2729984,1333,0,82,81,0,0,1,-0.00051,0.00279,0.1344,2808,0,0,0,0,0,0,0,0,0,0,0,0,0,0,0,0,0,0,0,0,0
2732032,1334,0,88,88,0,0,0,-0.00079,0.00244,0.1114,2621,0,0,0,0,0,0,0,0,0,0,0,0,0,0,0,0,0,0,0,0,0
2734080,1335,0,76,74,0,0,2,-0.00455,0.00292,0.1511,2697,0,0,0,0,0,0,0,0,0,0,0,0,0,0,0,0,0,0,0,0,0
2736128,1336,0,77,76,0,0,1,-0.00408,0.00384,0.1665,3062,0,0,0,0,0,0,0,0,0,0,0,0,0,0,0,0,0,0,0,0,0
2738176,1337,0,76,74,0,0,2,-0.00134,0.00341,0.1704,2643,0,0,0,0,0,0,0,0,0,0,0,0,0,0,0,0,0,0,0,0,0
2740224,1338,0,95,93,0,0,2,-0.00226,0.00229,0.1137,2965,0,0,0,0,0,0,0,0,0,0,0,0,0,0,0,0,0,0,0,0,0
2742272,1339,0,86,86,0,0,0,-0.00259,0.0026,0.1591,3035,0,0,0,0,0,0,0,0,0,0,0,0,0,0,0,0,0,0,0,0,0
2744320,1340,0,89,87,0,0,2,0.00115,0.00368,0.1422,2892,0,0,0,0,0,0,0,0,0,0,0,0,0,0,0,0,0,0,0,0,0
2746368,1341,0,78,77,0,0,1,-0.00114,0.00284,0.1746,2808,0,0,0,0,0,0,0,0,0,0,0,0,0,0,0,0,0,0,0,0,0
2748416,1342,0,68,66,1,0,1,-0.01079,0.00414,0.206,2843,0,0,0,0,0,0,0,0,0,0,0,0,0,0,0,0,0,0,0,0,0
2750464,1343,0,69,66,0,0,3,-0.00062,0.00538,0.2041,2886,0,0,0,0,0,0,0,0,0,0,0,0,0,0,0,0,0,0,0,0,0
2752512,1344,0,76,73,1,0,2,-0.00152,0.00344,0.2042,2865,0,0,0,0,0,0,0,0,0,0,0,0,0,0,0,0,0,0,0,0,0
2754560,1345,0,88,85,1,1,1,-0.00261,0.00369,0.1254,2873,0,0,0,0,0,0,0,0,0,0,0,0,0,0,0,0,0,0,0,0,0
2756608,1346,0,95,94,1,0,0,-0.00339,0.00313,0.1264,2564,0,0,0,0,0,0,0,0,0,0,0,0,0,0,0,0,0,0,0,0,0
2758656,1347,0,80,79,0,0,1,-0.00136,0.00251,0.1657,2879,0,0,0,0,0,0,0,0,0,0,0,0,0,0,0,0,0,0,0,0,0
2760704,1348,0,93,91,0,0,2,-0.00146,0.00384,0.1165,2688,0,0,0,0,0,0,0,0,0,0,0,0,0,0,0,0,0,0,0,0,0
2762752,1349,0,92,90,1,0,1,-0.00274,0.0026,0.1325,2658,0,0,0,0,0,0,0,0,0,0,0,0,0,0,0,0,0,0,0,0,0
2764800,1350,0,87,87,0,0,0,0.00058,0.00494,0.1743,2853,0,0,0,0,0,0,0,0,0,0,0,0,0,0,0,0,0,0,0,0,0
2766848,1351,0,80,78,1,0,1,-0.00394,0.0071,0.1568,2728,0,0,0,0,0,0,0,0,0,0,0,0,0,0,0,0,0,0,0,0,0
2768896,1352,0,91,90,0,0,1,-0.00316,0.00275,0.1259,2700,0,0,0,0,0,0,0,0,0,0,0,0,0,0,0,0,0,0,0,0,0
2770944,1353,0,93,93,0,0,0,-0.00278,0.00248,0.1226,2541,0,0,0,0,0,0,0,0,0,0,0,0,0,0,0,0,0,0,0,0,0
2772992,1354,0,66,64,1,0,1,-0.00492,0.00314,0.1794,2897,0,0,0,0,0,0,0,0,0,0,0,0,0,0,0,0,0,0,0,0,0
2775040,1355,0,86,83,0,0,3,-0.00516,0.00323,0.1541,2502,0,0,0,0,0,0,0,0,0,0,0,0,0,0,0,0,0,0,0,0,0
2777088,1356,0,98,94,2,2,0,-0.00238,0.0058,0.0918,2715,0,0,0,0,0,0,0,0,0,0,0,0,0,0,0,0,0,0,0,0,0
2779136,1357,0,94,94,0,0,0,-0.00502,0.00342,0.1211,3003,0,0,0,0,0,0,0,0,0,0,0,0,0,0,0,0,0,0,0,0,0
2781184,1358,0,91,90,0,0,1,-0.0028,0.00293,0.1232,2747,0,0,0,0,0,0,0,0,0,0,0,0,0,0,0,0,0,0,0,0,0
2783232,1359,0,92,90,1,0,1,-0.00583,0.00425,0.1452,2764,0,0,0,0,0,0,0,0,0,0,0,0,0,0,0,0,0,0,0,0,0
2785280,1360,0,75,71,0,2,2,-0.00177,0.00587,0.1696,2756,0,0,0,0,0,0,0,0,0,0,0,0,0,0,0,0,0,0,0,0,0
2787328,1361,0,76,74,0,1,1,-0.00232,0.00257,0.1693,2925,0,0,0,0,0,0,0,0,0,0,0,0,0,0,0,0,0,0,0,0,0
2789376,1362,0,88,84,0,0,4,-0.00335,0.00178,0.1483,2798,0,0,0,0,0,0,0,0,0,0,0,0,0,0,0,0,0,0,0,0,0
2791424,1363,0,95,95,0,0,0,-0.00329,0.00166,0.0981,2826,0,0,0,0,0,0,0,0,0,0,0,0,0,0,0,0,0,0,0,0,0
2793472,1364,0,90,89,0,0,1,-0.00143,0.00207,0.1122,2674,0,0,0,0,0,0,0,0,0,0,0,0,0,0,0,0,0,0,0,0,0
2795520,1365,0,85,84,0,0,1,-0.0006,0.00438,0.167,2852,0,0,0,0,0,0,0,0,0,0,0,0,0,0,0,0,0,0,0,0,0
2797568,1366,0,95,92,1,1,1,-0.00304,0.00338,0.153,2872,0,0,0,0,0,0,0,0,0,0,0,0,0,0,0,0,0,0,0,0,0
2799616,1367,0,91,91,0,0,0,0.00308,0.00342,0.1633,2733,0,0,0,0,0,0,0,0,0,0,0,0,0,0,0,0,0,0,0,0,0
2801664,1368,0,101,99,1,1,0,0.00085,0.00463,0.1142,2608,0,0,0,0,0,0,0,0,0,0,0,0,0,0,0,0,0,0,0,0,0
2803712,1369,0,100,100,0,0,0,-0.00396,0.00159,0.1042,2634,0,0,0,0,0,0,0,0,0,0,0,0,0,0,0,0,0,0,0,0,0
2805760,1370,0,97,97,0,0,0,-0.00346,0.00234,0.1207,2580,0,0,0,0,0,0,0,0,0,0,0,0,0,0,0,0,0,0,0,0,0
2807808,1371,0,92,92,0,0,0,-0.00156,0.00207,0.1245,2860,0,0,0,0,0,0,0,0,0,0,0,0,0,0,0,0,0,0,0,0,0
2809856,1372,0,89,88,0,0,1,0.00055,0.00208,0.1646,2912,0,0,0,0,0,0,0,0,0,0,0,0,0,0,0,0,0,0,0,0,0
2811904,1373,0,87,82,1,2,2,-0.00228,0.00484,0.1677,2675,0,0,0,0,0,0,0,0,0,0,0,0,0,0,0,0,0,0,0,0,0
2813952,1374,0,76,75,0,1,0,-0.001,0.00368,0.1814,2605,0,0,0,0,0,0,0,0,0,0,0,0,0,0,0,0,0,0,0,0,0
2816000,1375,0,93,90,0,0,3,-0.00185,0.002,0.1544,2581,0,0,0,0,0,0,0,0,0,0,0,0,0,0,0,0,0,0,0,0,0
2818048,1376,0,85,83,0,1,1,-0.00493,0.00302,0.1491,3059,0,0,0,0,0,0,0,0,0,0,0,0,0,0,0,0,0,0,0,0,0
2820096,1377,0,94,94,0,0,0,-0.00247,0.0027,0.1324,2910,0,0,0,0,0,0,0,0,0,0,0,0,0,0,0,0,0,0,0,0,0
2822144,1378,0,91,89,0,0,2,-0.00243,0.00195,0.1359,2841,0,0,0,0,0,0,0,0,0,0,0,0,0,0,0,0,0,0,0,0,0
2824192,1379,0,91,90,1,0,0,-0.0002,0.00269,0.1379,2888,0,0,0,0,0,0,0,0,0,0,0,0,0,0,0,0,0,0,0,0,0
2826240,1380,0,92,92,0,0,0,-0.00382,0.00144,0.1354,2874,0,0,0,0,0,0,0,0,0,0,0,0,0,0,0,0,0,0,0,0,0
2828288,1381,0,90,85,1,3,1,-0.00251,0.00689,0.1461,2774,0,0,0,0,0,0,0,0,0,0,0,0,0,0,0,0,0,0,0,0,0
2830336,1382,0,89,88,0,0,1,-0.00203,0.00254,0.1946,2807,0,0,0,0,0,0,0,0,0,0,0,0,0,0,0,0,0,0,0,0,0
2832384,1383,0,92,89,1,0,2,-0.00265,0.00254,0.1409,2894,0,0,0,0,0,0,0,0,0,0,0,0,0,0,0,0,0,0,0,0,0
2834432,1384,0,91,89,0,1,1,-0.00481,0.00441,0.1543,2696,0,0,0,0,0,0,0,0,0,0,0,0,0,0,0,0,0,0,0,0,0
2836480,1385,0,85,84,0,0,1,-0.00166,0.0025,0.1604,2823,0,0,0,0,0,0,0,0,0,0,0,0,0,0,0,0,0,0,0,0,0
2838528,1386,0,85,83,0,0,2,-0.00664,0.0025,0.1887,2641,0,0,0,0,0,0,0,0,0,0,0,0,0,0,0,0,0,0,0,0,0
2840576,1387,0,89,88,0,0,1,-3e-05,0.00228,0.1418,2476,0,0,0,0,0,0,0,0,0,0,0,0,0,0,0,0,0,0,0,0,0
2842624,1388,0,89,89,0,0,0,-0.00188,0.00198,0.1345,2701,0,0,0,0,0,0,0,0,0,0,0,0,0,0,0,0,0,0,0,0,0
2844672,1389,0,76,73,0,0,3,-0.00568,0.00257,0.1811,2788,0,0,0,0,0,0,0,0,0,0,0,0,0,0,0,0,0,0,0,0,0
2846720,1390,0,71,70,0,0,1,-0.00168,0.00407,0.2349,2603,0,0,0,0,0,0,0,0,0,0,0,0,0,0,0,0,0,0,0,0,0
2848768,1391,0,80,74,1,0,5,-0.00419,0.00407,0.229,2810,0,0,0,0,0,0,0,0,0,0,0,0,0,0,0,0,0,0,0,0,0
2850816,1392,0,89,86,2,0,1,-0.00416,0.00458,0.1488,2566,0,0,0,0,0,0,0,0,0,0,0,0,0,0,0,0,0,0,0,0,0
2852864,1393,0,74,74,0,0,0,-0.00324,0.00484,0.1799,2833,0,0,0,0,0,0,0,0,0,0,0,0,0,0,0,0,0,0,0,0,0
2854912,1394,0,79,76,0,1,2,0.00345,0.00903,0.2519,2825,0,0,0,0,0,0,0,0,0,0,0,0,0,0,0,0,0,0,0,0,0
2856960,1395,0,69,66,0,0,3,-0.0014,0.00319,0.234,2788,0,0,0,0,0,0,0,0,0,0,0,0,0,0,0,0,0,0,0,0,0
2859008,1396,0,68,65,0,0,3,-0.00372,0.00443,0.2267,2917,0,0,0,0,0,0,0,0,0,0,0,0,0,0,0,0,0,0,0,0,0
2861056,1397,0,84,82,1,0,1,0.00099,0.00775,0.2137,2867,0,0,0,0,0,0,0,0,0,0,0,0,0,0,0,0,0,0,0,0,0
2863104,1398,0,94,92,1,0,1,-0.00258,0.00474,0.1651,2737,0,0,0,0,0,0,0,0,0,0,0,0,0,0,0,0,0,0,0,0,0
2865152,1399,0,94,94,0,0,0,-0.00235,0.00256,0.1303,2754,0,0,0,0,0,0,0,0,0,0,0,0,0,0,0,0,0,0,0,0,0
2867200,1400,0,82,81,0,0,1,0.00151,0.00362,0.2168,2835,0,0,0,0,0,0,0,0,0,0,0,0,0,0,0,0,0,0,0,0,0
2869248,1401,0,79,77,0,0,2,-0.00325,0.00624,0.2225,2880,0,0,0,0,0,0,0,0,0,0,0,0,0,0,0,0,0,0,0,0,0
2871296,1402,0,77,74,0,1,2,-0.00112,0.00405,0.2175,2884,0,0,0,0,0,0,0,0,0,0,0,0,0,0,0,0,0,0,0,0,0
2873344,1403,0,74,72,0,0,2,-0.00416,0.0047,0.219,2814,0,0,0,0,0,0,0,0,0,0,0,0,0,0,0,0,0,0,0,0,0
2875392,1404,0,66,64,0,0,2,-0.00351,0.00652,0.2499,2714,0,0,0,0,0,0,0,0,0,0,0,0,0,0,0,0,0,0,0,0,0
2877440,1405,0,89,87,0,0,2,-0.0008,0.00357,0.1414,2939,0,0,0,0,0,0,0,0,0,0,0,0,0,0,0,0,0,0,0,0,0
2879488,1406,0,91,87,2,1,1,-0.00311,0.00555,0.1035,2864,0,0,0,0,0,0,0,0,0,0,0,0,0,0,0,0,0,0,0,0,0
2881536,1407,0,86,85,0,0,1,-0.00221,0.00222,0.1394,2902,0,0,0,0,0,0,0,0,0,0,0,0,0,0,0,0,0,0,0,0,0
2883584,1408,0,97,95,0,0,2,-0.00092,0.00385,0.1118,2786,0,0,0,0,0,0,0,0,0,0,0,0,0,0,0,0,0,0,0,0,0
2885632,1409,0,85,84,1,0,0,-0.00367,0.00269,0.1511,2934,0,0,0,0,0,0,0,0,0,0,0,0,0,0,0,0,0,0,0,0,0
2887680,1410,0,83,81,0,0,2,-0.00103,0.00337,0.1634,2711,0,0,0,0,0,0,0,0,0,0,0,0,0,0,0,0,0,0,0,0,0
2889728,1411,0,95,94,0,0,1,-0.00722,0.00279,0.1633,2934,0,0,0,0,0,0,0,0,0,0,0,0,0,0,0,0,0,0,0,0,0
2891776,1412,0,64,62,0,0,2,0.00456,0.00271,0.2794,2645,0,0,0,0,0,0,0,0,0,0,0,0,0,0,0,0,0,0,0,0,0
2893824,1413,0,67,65,0,0,2,0.00057,0.00514,0.2688,2466,0,0,0,0,0,0,0,0,0,0,0,0,0,0,0,0,0,0,0,0,0
2895872,1414,0,63,62,0,0,1,-0.00346,0.00398,0.2687,1744,0,0,0,0,0,0,0,0,0,0,0,0,0,0,0,0,0,0,0,0,0
2897920,1415,0,85,83,0,0,2,-0.00314,0.00459,0.2137,2254,0,0,0,0,0,0,0,0,0,0,0,0,0,0,0,0,0,0,0,0,0
2899968,1416,0,71,69,0,0,2,-0.00317,0.00353,0.2256,1983,0,0,0,0,0,0,0,0,0,0,0,0,0,0,0,0,0,0,0,0,0
2902016,1417,0,75,74,0,0,1,0.00059,0.00533,0.2011,2532,0,0,0,0,0,0,0,0,0,0,0,0,0,0,0,0,0,0,0,0,0
2904064,1418,0,88,88,0,0,0,0.00097,0.00257,0.1497,2790,0,0,0,0,0,0,0,0,0,0,0,0,0,0,0,0,0,0,0,0,0
2906112,1419,0,90,90,0,0,0,-0.00577,0.00233,0.157,2680,0,0,0,0,0,0,0,0,0,0,0,0,0,0,0,0,0,0,0,0,0
2908160,1420,0,72,72,0,0,0,0.00158,0.00362,0.1592,2661,0,0,0,0,0,0,0,0,0,0,0,0,0,0,0,0,0,0,0,0,0
2910208,1421,0,95,93,0,0,2,-0.00391,0.0046,0.1512,2585,0,0,0,0,0,0,0,0,0,0,0,0,0,0,0,0,0,0,0,0,0
2912256,1422,0,91,91,0,0,0,-0.0025,0.00233,0.1548,2749,0,0,0,0,0,0,0,0,0,0,0,0,0,0,0,0,0,0,0,0,0
2914304,1423,0,92,92,0,0,0,-0.00282,0.00235,0.1442,2658,0,0,0,0,0,0,0,0,0,0,0,0,0,0,0,0,0,0,0,0,0
2916352,1424,0,90,89,0,1,0,-0.00035,0.00524,0.189,2822,0,0,0,0,0,0,0,0,0,0,0,0,0,0,0,0,0,0,0,0,0
2918400,1425,0,81,79,1,0,1,-0.0026,0.00453,0.2018,2619,0,0,0,0,0,0,0,0,0,0,0,0,0,0,0,0,0,0,0,0,0
2920448,1426,0,88,88,0,0,0,-0.00359,0.00347,0.1433,2551,0,0,0,0,0,0,0,0,0,0,0,0,0,0,0,0,0,0,0,0,0
2922496,1427,0,91,91,0,0,0,-0.00487,0.00192,0.1395,3057,0,0,0,0,0,0,0,0,0,0,0,0,0,0,0,0,0,0,0,0,0
2924544,1428,0,91,91,0,0,0,-0.00327,0.00241,0.1401,2872,0,0,0,0,0,0,0,0,0,0,0,0,0,0,0,0,0,0,0,0,0
2926592,1429,0,86,84,1,0,1,-0.00311,0.00436,0.1842,2947,0,0,0,0,0,0,0,0,0,0,0,0,0,0,0,0,0,0,0,0,0
2928640,1430,0,84,84,0,0,0,-0.00298,0.00361,0.1523,2913,0,0,0,0,0,0,0,0,0,0,0,0,0,0,0,0,0,0,0,0,0
2930688,1431,0,89,86,1,0,2,-0.00225,0.00291,0.136,2722,0,0,0,0,0,0,0,0,0,0,0,0,0,0,0,0,0,0,0,0,0
2932736,1432,0,87,82,1,3,1,-0.00318,0.00745,0.1547,2677,0,0,0,0,0,0,0,0,0,0,0,0,0,0,0,0,0,0,0,0,0
2934784,1433,0,90,89,0,0,1,-0.00205,0.0028,0.1303,2820,0,0,0,0,0,0,0,0,0,0,0,0,0,0,0,0,0,0,0,0,0
2936832,1434,0,93,93,0,0,0,-0.00066,0.0028,0.1335,2462,0,0,0,0,0,0,0,0,0,0,0,0,0,0,0,0,0,0,0,0,0
2938880,1435,0,82,81,0,0,1,-0.0044,0.00432,0.167,2812,0,0,0,0,0,0,0,0,0,0,0,0,0,0,0,0,0,0,0,0,0
2940928,1436,0,76,75,0,1,0,-0.00609,0.00459,0.1259,2901,0,0,0,0,0,0,0,0,0,0,0,0,0,0,0,0,0,0,0,0,0
2942976,1437,0,72,72,0,0,0,-0.00623,0.00338,0.1992,2993,0,0,0,0,0,0,0,0,0,0,0,0,0,0,0,0,0,0,0,0,0
2945024,1438,0,77,74,0,1,2,-0.00584,0.00486,0.2126,3002,0,0,0,0,0,0,0,0,0,0,0,0,0,0,0,0,0,0,0,0,0
2947072,1439,0,90,89,0,0,1,-0.0001,0.00415,0.1149,2734,0,0,0,0,0,0,0,0,0,0,0,0,0,0,0,0,0,0,0,0,0
2949120,1440,0,98,98,0,0,0,0.00166,0.00163,0.091,2807,0,0,0,0,0,0,0,0,0,0,0,0,0,0,0,0,0,0,0,0,0
2951168,1441,0,99,99,0,0,0,-0.00451,0.00127,0.0749,2667,0,0,0,0,0,0,0,0,0,0,0,0,0,0,0,0,0,0,0,0,0
2953216,1442,0,104,103,1,0,0,-0.00147,0.0017,0.073,2968,0,0,0,0,0,0,0,0,0,0,0,0,0,0,0,0,0,0,0,0,0
2955264,1443,0,88,88,0,0,0,-0.00145,0.00164,0.1463,2703,0,0,0,0,0,0,0,0,0,0,0,0,0,0,0,0,0,0,0,0,0
2957312,1444,0,95,94,0,0,1,-0.00349,0.0018,0.1174,2631,0,0,0,0,0,0,0,0,0,0,0,0,0,0,0,0,0,0,0,0,0
2959360,1445,0,87,84,0,3,0,3e-05,0.00688,0.144,2693,0,0,0,0,0,0,0,0,0,0,0,0,0,0,0,0,0,0,0,0,0
2961408,1446,0,102,100,1,1,0,0.00078,0.0039,0.1438,2589,0,0,0,0,0,0,0,0,0,0,0,0,0,0,0,0,0,0,0,0,0
2963456,1447,0,83,82,0,0,1,0.00022,0.00247,0.146,2644,0,0,0,0,0,0,0,0,0,0,0,0,0,0,0,0,0,0,0,0,0
2965504,1448,0,81,79,1,1,0,-0.00711,0.00544,0.1628,2616,0,0,0,0,0,0,0,0,0,0,0,0,0,0,0,0,0,0,0,0,0
2967552,1449,0,89,88,0,0,1,-7e-05,0.00467,0.1477,2701,0,0,0,0,0,0,0,0,0,0,0,0,0,0,0,0,0,0,0,0,0
2969600,1450,0,88,86,1,1,0,0.00055,0.00549,0.1409,2723,0,0,0,0,0,0,0,0,0,0,0,0,0,0,0,0,0,0,0,0,0
2971648,1451,0,90,90,0,0,0,-0.00019,0.00244,0.1555,2968,0,0,0,0,0,0,0,0,0,0,0,0,0,0,0,0,0,0,0,0,0
2973696,1452,0,93,92,0,0,1,-0.00845,0.00366,0.1198,2843,0,0,0,0,0,0,0,0,0,0,0,0,0,0,0,0,0,0,0,0,0
2975744,1453,0,107,107,0,0,0,-0.00355,0.00239,0.1289,2770,0,0,0,0,0,0,0,0,0,0,0,0,0,0,0,0,0,0,0,0,0
2977792,1454,0,76,76,0,0,0,-0.00111,0.00278,0.1782,2616,0,0,0,0,0,0,0,0,0,0,0,0,0,0,0,0,0,0,0,0,0
2979840,1455,0,84,82,0,0,2,-0.00596,0.00455,0.1559,2775,0,0,0,0,0,0,0,0,0,0,0,0,0,0,0,0,0,0,0,0,0
2981888,1456,0,92,91,1,0,0,5e-05,0.00409,0.1157,2997,0,0,0,0,0,0,0,0,0,0,0,0,0,0,0,0,0,0,0,0,0
2983936,1457,0,84,82,1,0,1,-0.00311,0.00414,0.1448,2811,0,0,0,0,0,0,0,0,0,0,0,0,0,0,0,0,0,0,0,0,0
2985984,1458,0,92,92,0,0,0,-0.00163,0.0024,0.1249,2808,0,0,0,0,0,0,0,0,0,0,0,0,0,0,0,0,0,0,0,0,0
2988032,1459,0,94,92,0,1,1,-0.00383,0.00344,0.1393,2660,0,0,0,0,0,0,0,0,0,0,0,0,0,0,0,0,0,0,0,0,0
2990080,1460,0,95,95,0,0,0,-0.0008,0.00275,0.1212,2818,0,0,0,0,0,0,0,0,0,0,0,0,0,0,0,0,0,0,0,0,0
2992128,1461,0,87,87,0,0,0,-0.00184,0.00395,0.133,2772,0,0,0,0,0,0,0,0,0,0,0,0,0,0,0,0,0,0,0,0,0
2994176,1462,0,77,77,0,0,0,-0.00327,0.0034,0.1613,2688,0,0,0,0,0,0,0,0,0,0,0,0,0,0,0,0,0,0,0,0,0
2996224,1463,0,86,86,0,0,0,-0.00138,0.00372,0.1767,2947,0,0,0,0,0,0,0,0,0,0,0,0,0,0,0,0,0,0,0,0,0
2998272,1464,0,90,88,1,0,1,0.00373,0.00532,0.1717,2740,0,0,0,0,0,0,0,0,0,0,0,0,0,0,0,0,0,0,0,0,0
3000320,1465,0,99,99,0,0,0,-0.0008,0.00226,0.0713,2975,0,0,0,0,0,0,0,0,0,0,0,0,0,0,0,0,0,0,0,0,0
3002368,1466,0,88,88,0,0,0,0.00765,0.00186,0.0977,2916,0,0,0,0,0,0,0,0,0,0,0,0,0,0,0,0,0,0,0,0,0
3004416,1467,0,97,97,0,0,0,-0.0028,0.00284,0.0848,2762,0,0,0,0,0,0,0,0,0,0,0,0,0,0,0,0,0,0,0,0,0
3006464,1468,0,85,83,2,0,0,-0.00482,0.00361,0.1315,2660,0,0,0,0,0,0,0,0,0,0,0,0,0,0,0,0,0,0,0,0,0
3008512,1469,0,87,85,0,0,2,-0.01151,0.00545,0.1549,2764,0,0,0,0,0,0,0,0,0,0,0,0,0,0,0,0,0,0,0,0,0
3010560,1470,0,95,94,1,0,0,-0.00122,0.00323,0.0916,2545,0,0,0,0,0,0,0,0,0,0,0,0,0,0,0,0,0,0,0,0,0
3012608,1471,0,100,100,0,0,0,-0.00491,0.00234,0.1132,2698,0,0,0,0,0,0,0,0,0,0,0,0,0,0,0,0,0,0,0,0,0
3014656,1472,0,97,97,0,0,0,0.00077,0.00181,0.0908,2636,0,0,0,0,0,0,0,0,0,0,0,0,0,0,0,0,0,0,0,0,0
3016704,1473,0,97,96,1,0,0,0.00584,0.00281,0.1189,2720,0,0,0,0,0,0,0,0,0,0,0,0,0,0,0,0,0,0,0,0,0
3018752,1474,0,87,86,0,0,1,-0.00241,0.00357,0.1437,2784,0,0,0,0,0,0,0,0,0,0,0,0,0,0,0,0,0,0,0,0,0
3020800,1475,0,93,93,0,0,0,-0.00355,0.00232,0.0984,2550,0,0,0,0,0,0,0,0,0,0,0,0,0,0,0,0,0,0,0,0,0
3022848,1476,0,103,102,0,1,0,-0.00177,0.0032,0.0729,2711,0,0,0,0,0,0,0,0,0,0,0,0,0,0,0,0,0,0,0,0,0
3024896,1477,0,98,97,1,0,0,-0.00261,0.0029,0.084,2645,0,0,0,0,0,0,0,0,0,0,0,0,0,0,0,0,0,0,0,0,0
3026944,1478,0,94,94,0,0,0,-0.00143,0.00183,0.0805,2777,0,0,0,0,0,0,0,0,0,0,0,0,0,0,0,0,0,0,0,0,0
3028992,1479,0,94,94,0,0,0,-0.00336,0.00187,0.1074,2654,0,0,0,0,0,0,0,0,0,0,0,0,0,0,0,0,0,0,0,0,0
3031040,1480,0,90,89,0,0,1,0.00024,0.00313,0.0977,2651,0,0,0,0,0,0,0,0,0,0,0,0,0,0,0,0,0,0,0,0,0
3033088,1481,0,101,101,0,0,0,-0.00142,0.00173,0.0851,2763,0,0,0,0,0,0,0,0,0,0,0,0,0,0,0,0,0,0,0,0,0
3035136,1482,0,97,97,0,0,0,-0.00375,0.00164,0.0885,2436,0,0,0,0,0,0,0,0,0,0,0,0,0,0,0,0,0,0,0,0,0
3037184,1483,0,98,98,0,0,0,-0.00028,0.0014,0.1036,2734,0,0,0,0,0,0,0,0,0,0,0,0,0,0,0,0,0,0,0,0,0
3039232,1484,0,84,84,0,0,0,-0.00776,0.00254,0.1493,2890,0,0,0,0,0,0,0,0,0,0,0,0,0,0,0,0,0,0,0,0,0
3041280,1485,0,91,90,0,1,0,-0.00113,0.00379,0.1257,2790,0,0,0,0,0,0,0,0,0,0,0,0,0,0,0,0,0,0,0,0,0
3043328,1486,0,91,91,0,0,0,-0.00069,0.00173,0.1229,2763,0,0,0,0,0,0,0,0,0,0,0,0,0,0,0,0,0,0,0,0,0
3045376,1487,0,103,103,0,0,0,-0.00168,0.00168,0.089,2730,0,0,0,0,0,0,0,0,0,0,0,0,0,0,0,0,0,0,0,0,0
3047424,1488,0,100,100,0,0,0,-0.00237,0.00154,0.1102,2808,0,0,0,0,0,0,0,0,0,0,0,0,0,0,0,0,0,0,0,0,0
3049472,1489,0,99,99,0,0,0,-0.00674,0.00148,0.1151,2759,0,0,0,0,0,0,0,0,0,0,0,0,0,0,0,0,0,0,0,0,0
3051520,1490,0,102,102,0,0,0,-0.0047,0.00148,0.0908,2754,0,0,0,0,0,0,0,0,0,0,0,0,0,0,0,0,0,0,0,0,0
3053568,1491,0,101,101,0,0,0,0.0005,0.00136,0.0871,2880,0,0,0,0,0,0,0,0,0,0,0,0,0,0,0,0,0,0,0,0,0
3055616,1492,0,98,98,0,0,0,-0.00309,0.0012,0.0941,2781,0,0,0,0,0,0,0,0,0,0,0,0,0,0,0,0,0,0,0,0,0
3057664,1493,0,105,104,1,0,0,-0.00182,0.00221,0.0896,2943,0,0,0,0,0,0,0,0,0,0,0,0,0,0,0,0,0,0,0,0,0
3059712,1494,0,84,83,1,0,0,-0.00523,0.00331,0.1831,2938,0,0,0,0,0,0,0,0,0,0,0,0,0,0,0,0,0,0,0,0,0
3061760,1495,0,98,96,0,1,1,-0.00355,0.00326,0.1137,2810,0,0,0,0,0,0,0,0,0,0,0,0,0,0,0,0,0,0,0,0,0
3063808,1496,0,82,82,0,0,0,-0.00493,0.00192,0.1048,2696,0,0,0,0,0,0,0,0,0,0,0,0,0,0,0,0,0,0,0,0,0
3065856,1497,0,96,95,0,0,1,-0.00078,0.00263,0.0893,2813,0,0,0,0,0,0,0,0,0,0,0,0,0,0,0,0,0,0,0,0,0
3067904,1498,0,99,99,0,0,0,-0.00264,0.00279,0.0804,2953,0,0,0,0,0,0,0,0,0,0,0,0,0,0,0,0,0,0,0,0,0
3069952,1499,0,95,92,3,0,0,-0.00504,0.00473,0.0921,2618,0,0,0,0,0,0,0,0,0,0,0,0,0,0,0,0,0,0,0,0,0
3072000,1500,0,97,96,0,0,1,0.00052,0.0025,0.0965,2664,0,0,0,0,0,0,0,0,0,0,0,0,0,0,0,0,0,0,0,0,0
3074048,1501,0,96,96,0,0,0,-0.00146,0.00227,0.087,2909,0,0,0,0,0,0,0,0,0,0,0,0,0,0,0,0,0,0,0,0,0
3076096,1502,0,91,89,1,1,0,-0.00121,0.0033,0.106,2444,0,0,0,0,0,0,0,0,0,0,0,0,0,0,0,0,0,0,0,0,0
3078144,1503,0,101,101,0,0,0,-0.00225,0.00283,0.0946,2800,0,0,0,0,0,0,0,0,0,0,0,0,0,0,0,0,0,0,0,0,0
3080192,1504,0,105,104,0,1,0,-0.002,0.00267,0.0766,2761,0,0,0,0,0,0,0,0,0,0,0,0,0,0,0,0,0,0,0,0,0
3082240,1505,0,101,100,0,1,0,-0.00051,0.00259,0.0688,2519,0,0,0,0,0,0,0,0,0,0,0,0,0,0,0,0,0,0,0,0,0
3084288,1506,0,99,99,0,0,0,-0.0017,0.00163,0.0797,2649,0,0,0,0,0,0,0,0,0,0,0,0,0,0,0,0,0,0,0,0,0
3086336,1507,0,89,88,0,0,1,-0.0009,0.00296,0.0978,2486,0,0,0,0,0,0,0,0,0,0,0,0,0,0,0,0,0,0,0,0,0
3088384,1508,0,93,93,0,0,0,-0.00681,0.00172,0.1189,2725,0,0,0,0,0,0,0,0,0,0,0,0,0,0,0,0,0,0,0,0,0
3090432,1509,0,86,86,0,0,0,-0.00251,0.0021,0.1234,2857,0,0,0,0,0,0,0,0,0,0,0,0,0,0,0,0,0,0,0,0,0
3092480,1510,0,88,87,0,0,1,-0.00571,0.00328,0.1798,2804,0,0,0,0,0,0,0,0,0,0,0,0,0,0,0,0,0,0,0,0,0
3094528,1511,0,91,90,0,0,1,-0.00909,0.00254,0.1126,2722,0,0,0,0,0,0,0,0,0,0,0,0,0,0,0,0,0,0,0,0,0
3096576,1512,0,95,95,0,0,0,-0.00244,0.002,0.0931,2595,0,0,0,0,0,0,0,0,0,0,0,0,0,0,0,0,0,0,0,0,0
3098624,1513,0,100,98,0,2,0,-0.00121,0.00397,0.073,2445,0,0,0,0,0,0,0,0,0,0,0,0,0,0,0,0,0,0,0,0,0
3100672,1514,0,92,92,0,0,0,-0.00294,0.0017,0.0729,2860,0,0,0,0,0,0,0,0,0,0,0,0,0,0,0,0,0,0,0,0,0
3102720,1515,0,95,94,0,0,1,-0.00244,0.00256,0.0808,2686,0,0,0,0,0,0,0,0,0,0,0,0,0,0,0,0,0,0,0,0,0
3104768,1516,0,90,88,0,1,1,-0.00298,0.00524,0.1186,2700,0,0,0,0,0,0,0,0,0,0,0,0,0,0,0,0,0,0,0,0,0
3106816,1517,0,97,97,0,0,0,-0.0052,0.00192,0.0779,2901,0,0,0,0,0,0,0,0,0,0,0,0,0,0,0,0,0,0,0,0,0
3108864,1518,0,100,99,0,0,1,-5e-05,0.00162,0.0712,2925,0,0,0,0,0,0,0,0,0,0,0,0,0,0,0,0,0,0,0,0,0
3110912,1519,0,99,98,0,1,0,-0.00034,0.00313,0.0618,2742,0,0,0,0,0,0,0,0,0,0,0,0,0,0,0,0,0,0,0,0,0
3112960,1520,0,103,103,0,0,0,-0.00142,0.00144,0.0709,2362,0,0,0,0,0,0,0,0,0,0,0,0,0,0,0,0,0,0,0,0,0
3115008,1521,0,101,101,0,0,0,-0.00424,0.00108,0.0986,2705,0,0,0,0,0,0,0,0,0,0,0,0,0,0,0,0,0,0,0,0,0
3117056,1522,0,87,87,0,0,0,-0.00189,0.00199,0.1643,2992,0,0,0,0,0,0,0,0,0,0,0,0,0,0,0,0,0,0,0,0,0
3119104,1523,0,86,85,0,0,1,-0.01302,0.00448,0.1956,2864,0,0,0,0,0,0,0,0,0,0,0,0,0,0,0,0,0,0,0,0,0
3121152,1524,0,96,96,0,0,0,-0.00694,0.00201,0.1318,2705,0,0,0,0,0,0,0,0,0,0,0,0,0,0,0,0,0,0,0,0,0
3123200,1525,0,96,95,1,0,0,0.0004,0.00226,0.1273,2879,0,0,0,0,0,0,0,0,0,0,0,0,0,0,0,0,0,0,0,0,0
3125248,1526,0,98,98,0,0,0,-0.00182,0.00129,0.099,2808,0,0,0,0,0,0,0,0,0,0,0,0,0,0,0,0,0,0,0,0,0
3127296,1527,0,99,99,0,0,0,-0.00336,0.00173,0.0729,2631,0,0,0,0,0,0,0,0,0,0,0,0,0,0,0,0,0,0,0,0,0
3129344,1528,0,94,93,1,0,0,-0.00418,0.00267,0.1114,2663,0,0,0,0,0,0,0,0,0,0,0,0,0,0,0,0,0,0,0,0,0
3131392,1529,0,101,101,0,0,0,-0.00281,0.00121,0.0853,2998,0,0,0,0,0,0,0,0,0,0,0,0,0,0,0,0,0,0,0,0,0
3133440,1530,0,97,97,0,0,0,-0.0067,0.00158,0.125,2997,0,0,0,0,0,0,0,0,0,0,0,0,0,0,0,0,0,0,0,0,0
3135488,1531,0,97,96,0,1,0,-0.0037,0.00309,0.1131,3063,0,0,0,0,0,0,0,0,0,0,0,0,0,0,0,0,0,0,0,0,0
3137536,1532,0,98,97,1,0,0,-0.00155,0.00162,0.0924,3260,0,0,0,0,0,0,0,0,0,0,0,0,0,0,0,0,0,0,0,0,0
3139584,1533,0,96,95,1,0,0,-0.00207,0.00305,0.0864,2954,0,0,0,0,0,0,0,0,0,0,0,0,0,0,0,0,0,0,0,0,0
3141632,1534,0,89,88,0,0,1,-0.00056,0.0027,0.0955,3186,0,0,0,0,0,0,0,0,0,0,0,0,0,0,0,0,0,0,0,0,0
3143680,1535,0,90,90,0,0,0,-0.00453,0.00186,0.1013,3073,0,0,0,0,0,0,0,0,0,0,0,0,0,0,0,0,0,0,0,0,0
3145728,1536,0,99,98,1,0,0,-0.00265,0.00291,0.1085,2985,0,0,0,0,0,0,0,0,0,0,0,0,0,0,0,0,0,0,0,0,0
3147776,1537,0,94,94,0,0,0,-0.00382,0.00117,0.1021,2943,0,0,0,0,0,0,0,0,0,0,0,0,0,0,0,0,0,0,0,0,0
3149824,1538,0,94,94,0,0,0,-0.00339,0.00134,0.1068,3091,0,0,0,0,0,0,0,0,0,0,0,0,0,0,0,0,0,0,0,0,0
3151872,1539,0,96,96,0,0,0,-0.00154,0.00102,0.0888,2718,0,0,0,0,0,0,0,0,0,0,0,0,0,0,0,0,0,0,0,0,0
3153920,1540,0,98,98,0,0,0,-0.00048,0.00177,0.0833,3034,0,0,0,0,0,0,0,0,0,0,0,0,0,0,0,0,0,0,0,0,0
3155968,1541,0,93,92,0,1,0,-0.00328,0.00354,0.1002,2726,0,0,0,0,0,0,0,0,0,0,0,0,0,0,0,0,0,0,0,0,0
3158016,1542,0,90,89,1,0,0,-0.00525,0.0029,0.1101,2971,0,0,0,0,0,0,0,0,0,0,0,0,0,0,0,0,0,0,0,0,0
3160064,1543,0,92,90,1,1,0,-0.00609,0.00308,0.1233,2723,0,0,0,0,0,0,0,0,0,0,0,0,0,0,0,0,0,0,0,0,0
3162112,1544,0,92,89,0,2,1,-0.00326,0.00593,0.1097,2941,0,0,0,0,0,0,0,0,0,0,0,0,0,0,0,0,0,0,0,0,0
3164160,1545,0,102,102,0,0,0,-0.00461,0.00201,0.0774,3105,0,0,0,0,0,0,0,0,0,0,0,0,0,0,0,0,0,0,0,0,0
3166208,1546,0,80,80,0,0,0,-0.00292,0.00323,0.1384,3060,0,0,0,0,0,0,0,0,0,0,0,0,0,0,0,0,0,0,0,0,0
3168256,1547,0,93,92,0,0,1,-0.00258,0.00522,0.1181,3051,0,0,0,0,0,0,0,0,0,0,0,0,0,0,0,0,0,0,0,0,0
3170304,1548,0,88,88,0,0,0,-0.00808,0.00338,0.095,2704,0,0,0,0,0,0,0,0,0,0,0,0,0,0,0,0,0,0,0,0,0
3172352,1549,0,90,89,1,0,0,-0.00152,0.00407,0.0996,2959,0,0,0,0,0,0,0,0,0,0,0,0,0,0,0,0,0,0,0,0,0
3174400,1550,0,99,99,0,0,0,0.00052,0.00328,0.093,2887,0,0,0,0,0,0,0,0,0,0,0,0,0,0,0,0,0,0,0,0,0
3176448,1551,0,93,92,0,1,0,-0.00312,0.00294,0.1102,2628,0,0,0,0,0,0,0,0,0,0,0,0,0,0,0,0,0,0,0,0,0
3178496,1552,0,92,92,0,0,0,-0.00476,0.0019,0.108,2936,0,0,0,0,0,0,0,0,0,0,0,0,0,0,0,0,0,0,0,0,0
3180544,1553,0,102,102,0,0,0,-0.00419,0.00184,0.0753,2374,0,0,0,0,0,0,0,0,0,0,0,0,0,0,0,0,0,0,0,0,0
3182592,1554,0,98,98,0,0,0,-0.00477,0.0012,0.0864,2701,0,0,0,0,0,0,0,0,0,0,0,0,0,0,0,0,0,0,0,0,0
3184640,1555,0,92,92,0,0,0,-0.00147,0.00214,0.0979,2654,0,0,0,0,0,0,0,0,0,0,0,0,0,0,0,0,0,0,0,0,0
3186688,1556,0,94,93,1,0,0,-0.00201,0.00301,0.0812,2877,0,0,0,0,0,0,0,0,0,0,0,0,0,0,0,0,0,0,0,0,0
3188736,1557,0,106,106,0,0,0,-0.00279,0.00105,0.0733,2942,0,0,0,0,0,0,0,0,0,0,0,0,0,0,0,0,0,0,0,0,0
3190784,1558,0,106,105,1,0,0,0.00122,0.00157,0.0649,3254,0,0,0,0,0,0,0,0,0,0,0,0,0,0,0,0,0,0,0,0,0
3192832,1559,0,101,101,0,0,0,-0.00283,0.00105,0.0926,3125,0,0,0,0,0,0,0,0,0,0,0,0,0,0,0,0,0,0,0,0,0
3194880,1560,0,102,102,0,0,0,-0.0014,0.00106,0.0824,3227,0,0,0,0,0,0,0,0,0,0,0,0,0,0,0,0,0,0,0,0,0
3196928,1561,0,104,104,0,0,0,-0.00507,0.00109,0.0829,3116,0,0,0,0,0,0,0,0,0,0,0,0,0,0,0,0,0,0,0,0,0
3198976,1562,0,88,88,0,0,0,-0.00226,0.00155,0.1033,2997,0,0,0,0,0,0,0,0,0,0,0,0,0,0,0,0,0,0,0,0,0
3201024,1563,0,101,101,0,0,0,-0.00441,0.00113,0.0978,2921,0,0,0,0,0,0,0,0,0,0,0,0,0,0,0,0,0,0,0,0,0
3203072,1564,0,87,87,0,0,0,-0.00052,0.00175,0.1078,3136,0,0,0,0,0,0,0,0,0,0,0,0,0,0,0,0,0,0,0,0,0
3205120,1565,0,86,84,0,0,2,-0.00693,0.00574,0.1187,3136,0,0,0,0,0,0,0,0,0,0,0,0,0,0,0,0,0,0,0,0,0
3207168,1566,0,87,85,1,0,1,-0.01084,0.00473,0.1533,2814,0,0,0,0,0,0,0,0,0,0,0,0,0,0,0,0,0,0,0,0,0
3209216,1567,0,96,94,2,0,0,-0.00567,0.00457,0.1433,3125,0,0,0,0,0,0,0,0,0,0,0,0,0,0,0,0,0,0,0,0,0
3211264,1568,0,91,90,1,0,0,-0.00264,0.00249,0.1933,2833,0,0,0,0,0,0,0,0,0,0,0,0,0,0,0,0,0,0,0,0,0
3213312,1569,0,84,83,0,0,1,-0.00859,0.00344,0.1674,2920,0,0,0,0,0,0,0,0,0,0,0,0,0,0,0,0,0,0,0,0,0
3215360,1570,0,104,104,0,0,0,0.00044,0.00234,0.1025,3038,0,0,0,0,0,0,0,0,0,0,0,0,0,0,0,0,0,0,0,0,0
3217408,1571,0,103,103,0,0,0,-0.00218,0.00153,0.0918,3045,0,0,0,0,0,0,0,0,0,0,0,0,0,0,0,0,0,0,0,0,0
3219456,1572,0,91,91,0,0,0,-0.0023,0.00169,0.1255,3180,0,0,0,0,0,0,0,0,0,0,0,0,0,0,0,0,0,0,0,0,0
3221504,1573,0,96,95,0,0,1,-0.00215,0.00282,0.1145,3230,0,0,0,0,0,0,0,0,0,0,0,0,0,0,0,0,0,0,0,0,0
3223552,1574,0,99,99,0,0,0,-0.00265,0.00125,0.0985,3259,0,0,0,0,0,0,0,0,0,0,0,0,0,0,0,0,0,0,0,0,0
3225600,1575,0,93,93,0,0,0,-0.0021,0.0022,0.1022,2987,0,0,0,0,0,0,0,0,0,0,0,0,0,0,0,0,0,0,0,0,0
3227648,1576,0,101,99,2,0,0,-0.00524,0.0027,0.0958,2684,0,0,0,0,0,0,0,0,0,0,0,0,0,0,0,0,0,0,0,0,0
3229696,1577,0,106,106,0,0,0,-0.00244,0.00174,0.0724,2854,0,0,0,0,0,0,0,0,0,0,0,0,0,0,0,0,0,0,0,0,0
3231744,1578,0,95,95,0,0,0,-0.00262,0.002,0.0747,2980,0,0,0,0,0,0,0,0,0,0,0,0,0,0,0,0,0,0,0,0,0
3233792,1579,0,103,103,0,0,0,-0.00232,0.0018,0.0841,2821,0,0,0,0,0,0,0,0,0,0,0,0,0,0,0,0,0,0,0,0,0
3235840,1580,0,100,99,1,0,0,-0.00239,0.0033,0.0931,3170,0,0,0,0,0,0,0,0,0,0,0,0,0,0,0,0,0,0,0,0,0
3237888,1581,0,95,95,0,0,0,-0.00204,0.00169,0.0976,3189,0,0,0,0,0,0,0,0,0,0,0,0,0,0,0,0,0,0,0,0,0
3239936,1582,0,88,85,2,0,1,-0.00316,0.00664,0.106,3157,0,0,0,0,0,0,0,0,0,0,0,0,0,0,0,0,0,0,0,0,0
3241984,1583,0,100,100,0,0,0,-0.00524,0.00146,0.0841,3192,0,0,0,0,0,0,0,0,0,0,0,0,0,0,0,0,0,0,0,0,0
3244032,1584,0,98,98,0,0,0,-0.00407,0.00179,0.1226,3189,0,0,0,0,0,0,0,0,0,0,0,0,0,0,0,0,0,0,0,0,0
3246080,1585,0,99,99,0,0,0,-0.0033,0.00134,0.1038,3104,0,0,0,0,0,0,0,0,0,0,0,0,0,0,0,0,0,0,0,0,0
3248128,1586,0,91,91,0,0,0,-0.00404,0.00168,0.1202,3198,0,0,0,0,0,0,0,0,0,0,0,0,0,0,0,0,0,0,0,0,0
3250176,1587,0,105,104,0,1,0,-0.00403,0.00279,0.0937,3195,0,0,0,0,0,0,0,0,0,0,0,0,0,0,0,0,0,0,0,0,0
3252224,1588,0,89,88,0,1,0,-0.00298,0.00373,0.1241,3123,0,0,0,0,0,0,0,0,0,0,0,0,0,0,0,0,0,0,0,0,0
3254272,1589,0,95,93,0,1,1,-0.00384,0.0038,0.1146,3256,0,0,0,0,0,0,0,0,0,0,0,0,0,0,0,0,0,0,0,0,0
3256320,1590,0,92,91,0,0,1,-0.01643,0.00349,0.1479,3220,0,0,0,0,0,0,0,0,0,0,0,0,0,0,0,0,0,0,0,0,0
3258368,1591,0,79,79,0,0,0,-0.00173,0.00283,0.1559,2819,0,0,0,0,0,0,0,0,0,0,0,0,0,0,0,0,0,0,0,0,0
3260416,1592,0,101,99,0,1,1,0.00306,0.00535,0.0998,3026,0,0,0,0,0,0,0,0,0,0,0,0,0,0,0,0,0,0,0,0,0
3262464,1593,0,103,103,0,0,0,-0.00213,0.0014,0.1139,3150,0,0,0,0,0,0,0,0,0,0,0,0,0,0,0,0,0,0,0,0,0
3264512,1594,0,86,86,0,0,0,-0.00644,0.00161,0.132,2764,0,0,0,0,0,0,0,0,0,0,0,0,0,0,0,0,0,0,0,0,0
3266560,1595,0,94,94,0,0,0,0.00047,0.0018,0.1295,2816,0,0,0,0,0,0,0,0,0,0,0,0,0,0,0,0,0,0,0,0,0
3268608,1596,0,91,90,0,0,1,0.00647,0.00389,0.1017,2680,0,0,0,0,0,0,0,0,0,0,0,0,0,0,0,0,0,0,0,0,0
3270656,1597,0,94,94,0,0,0,-0.00339,0.00188,0.0958,2703,0,0,0,0,0,0,0,0,0,0,0,0,0,0,0,0,0,0,0,0,0
3272704,1598,0,106,106,0,0,0,-0.00289,0.00109,0.0874,2578,0,0,0,0,0,0,0,0,0,0,0,0,0,0,0,0,0,0,0,0,0
3274752,1599,0,89,89,0,0,0,0.00149,0.00212,0.1096,3148,0,0,0,0,0,0,0,0,0,0,0,0,0,0,0,0,0,0,0,0,0
3276800,1600,0,99,99,0,0,0,-0.00267,0.00106,0.1002,2782,0,0,0,0,0,0,0,0,0,0,0,0,0,0,0,0,0,0,0,0,0
3278848,1601,0,105,105,0,0,0,-0.00283,0.00083,0.1018,2762,0,0,0,0,0,0,0,0,0,0,0,0,0,0,0,0,0,0,0,0,0
3280896,1602,0,99,99,0,0,0,-0.00106,0.00122,0.1123,3006,0,0,0,0,0,0,0,0,0,0,0,0,0,0,0,0,0,0,0,0,0
3282944,1603,0,101,101,0,0,0,-0.00443,0.00115,0.1089,2950,0,0,0,0,0,0,0,0,0,0,0,0,0,0,0,0,0,0,0,0,0
3284992,1604,0,99,98,1,0,0,-0.00449,0.00152,0.102,3061,0,0,0,0,0,0,0,0,0,0,0,0,0,0,0,0,0,0,0,0,0
3287040,1605,0,105,105,0,0,0,-0.00098,0.00126,0.0731,2946,0,0,0,0,0,0,0,0,0,0,0,0,0,0,0,0,0,0,0,0,0
3289088,1606,0,101,101,0,0,0,-0.00247,0.00148,0.1015,2991,0,0,0,0,0,0,0,0,0,0,0,0,0,0,0,0,0,0,0,0,0
3291136,1607,0,97,97,0,0,0,-0.0049,0.00136,0.1021,3131,0,0,0,0,0,0,0,0,0,0,0,0,0,0,0,0,0,0,0,0,0
3293184,1608,0,90,90,0,0,0,-0.01351,0.00173,0.1447,2975,0,0,0,0,0,0,0,0,0,0,0,0,0,0,0,0,0,0,0,0,0
3295232,1609,0,99,97,0,2,0,-0.00255,0.00382,0.0893,2844,0,0,0,0,0,0,0,0,0,0,0,0,0,0,0,0,0,0,0,0,0
3297280,1610,0,98,94,3,1,0,-0.00598,0.00437,0.1252,2810,0,0,0,0,0,0,0,0,0,0,0,0,0,0,0,0,0,0,0,0,0
3299328,1611,0,96,95,0,1,0,-0.00116,0.00307,0.1029,3024,0,0,0,0,0,0,0,0,0,0,0,0,0,0,0,0,0,0,0,0,0
3301376,1612,0,102,102,0,0,0,-0.00217,0.0013,0.0792,3015,0,0,0,0,0,0,0,0,0,0,0,0,0,0,0,0,0,0,0,0,0
3303424,1613,0,90,90,0,0,0,-0.00206,0.00164,0.1412,2672,0,0,0,0,0,0,0,0,0,0,0,0,0,0,0,0,0,0,0,0,0
3305472,1614,0,104,103,0,0,1,0.00253,0.00238,0.093,2818,0,0,0,0,0,0,0,0,0,0,0,0,0,0,0,0,0,0,0,0,0
3307520,1615,0,105,105,0,0,0,-0.00263,0.00111,0.0772,2991,0,0,0,0,0,0,0,0,0,0,0,0,0,0,0,0,0,0,0,0,0
3309568,1616,0,96,95,0,1,0,-0.00553,0.0019,0.0995,3038,0,0,0,0,0,0,0,0,0,0,0,0,0,0,0,0,0,0,0,0,0
3311616,1617,0,91,91,0,0,0,-0.00452,0.0021,0.1196,3250,0,0,0,0,0,0,0,0,0,0,0,0,0,0,0,0,0,0,0,0,0
3313664,1618,0,98,97,0,0,1,-0.00309,0.0018,0.0963,3124,0,0,0,0,0,0,0,0,0,0,0,0,0,0,0,0,0,0,0,0,0
3315712,1619,0,94,94,0,0,0,0.00066,0.00154,0.0872,2960,0,0,0,0,0,0,0,0,0,0,0,0,0,0,0,0,0,0,0,0,0
3317760,1620,0,103,103,0,0,0,-0.00347,0.00166,0.0836,2742,0,0,0,0,0,0,0,0,0,0,0,0,0,0,0,0,0,0,0,0,0
3319808,1621,0,98,98,0,0,0,-0.00174,0.0011,0.0775,2966,0,0,0,0,0,0,0,0,0,0,0,0,0,0,0,0,0,0,0,0,0
3321856,1622,0,106,106,0,0,0,-0.00342,0.00125,0.0897,3083,0,0,0,0,0,0,0,0,0,0,0,0,0,0,0,0,0,0,0,0,0
3323904,1623,0,97,96,1,0,0,-0.00431,0.00315,0.1135,2991,0,0,0,0,0,0,0,0,0,0,0,0,0,0,0,0,0,0,0,0,0
3325952,1624,0,95,95,0,0,0,-0.00376,0.00185,0.1394,3004,0,0,0,0,0,0,0,0,0,0,0,0,0,0,0,0,0,0,0,0,0
3328000,1625,0,100,99,0,0,1,-0.00246,0.00308,0.1153,2621,0,0,0,0,0,0,0,0,0,0,0,0,0,0,0,0,0,0,0,0,0
3330048,1626,0,100,100,0,0,0,-0.00287,0.00128,0.0827,2877,0,0,0,0,0,0,0,0,0,0,0,0,0,0,0,0,0,0,0,0,0
3332096,1627,0,92,92,0,0,0,-0.00513,0.00168,0.1084,2844,0,0,0,0,0,0,0,0,0,0,0,0,0,0,0,0,0,0,0,0,0
3334144,1628,0,105,105,0,0,0,-0.00126,0.0012,0.0652,3163,0,0,0,0,0,0,0,0,0,0,0,0,0,0,0,0,0,0,0,0,0
3336192,1629,0,91,91,0,0,0,-0.00266,0.0017,0.1033,2738,0,0,0,0,0,0,0,0,0,0,0,0,0,0,0,0,0,0,0,0,0
3338240,1630,0,101,101,0,0,0,-0.00154,0.00226,0.0942,3049,0,0,0,0,0,0,0,0,0,0,0,0,0,0,0,0,0,0,0,0,0
3340288,1631,0,97,97,0,0,0,-0.00314,0.00143,0.1025,2705,0,0,0,0,0,0,0,0,0,0,0,0,0,0,0,0,0,0,0,0,0
3342336,1632,0,94,94,0,0,0,-0.00674,0.00188,0.1302,2926,0,0,0,0,0,0,0,0,0,0,0,0,0,0,0,0,0,0,0,0,0
3344384,1633,0,94,93,0,0,1,-0.00446,0.00341,0.1522,3046,0,0,0,0,0,0,0,0,0,0,0,0,0,0,0,0,0,0,0,0,0
3346432,1634,0,91,91,0,0,0,-0.00535,0.00155,0.1224,3316,0,0,0,0,0,0,0,0,0,0,0,0,0,0,0,0,0,0,0,0,0
3348480,1635,0,80,78,1,1,0,-0.0037,0.00478,0.1257,3085,0,0,0,0,0,0,0,0,0,0,0,0,0,0,0,0,0,0,0,0,0
3350528,1636,0,92,90,0,0,2,-0.00505,0.00658,0.1113,3105,0,0,0,0,0,0,0,0,0,0,0,0,0,0,0,0,0,0,0,0,0
3352576,1637,0,99,99,0,0,0,-0.00085,0.00271,0.1121,3084,0,0,0,0,0,0,0,0,0,0,0,0,0,0,0,0,0,0,0,0,0
3354624,1638,0,101,101,0,0,0,-0.00313,0.00183,0.105,2945,0,0,0,0,0,0,0,0,0,0,0,0,0,0,0,0,0,0,0,0,0
3356672,1639,0,98,96,0,1,1,-0.0012,0.00398,0.1167,3036,0,0,0,0,0,0,0,0,0,0,0,0,0,0,0,0,0,0,0,0,0
3358720,1640,0,95,94,0,1,0,-0.00429,0.00293,0.0889,3029,0,0,0,0,0,0,0,0,0,0,0,0,0,0,0,0,0,0,0,0,0
3360768,1641,0,98,97,0,0,1,-0.00242,0.00251,0.0896,2878,0,0,0,0,0,0,0,0,0,0,0,0,0,0,0,0,0,0,0,0,0
3362816,1642,0,103,103,0,0,0,-0.00042,0.0011,0.0851,3039,0,0,0,0,0,0,0,0,0,0,0,0,0,0,0,0,0,0,0,0,0
3364864,1643,0,100,100,0,0,0,-0.00411,0.00143,0.0956,3028,0,0,0,0,0,0,0,0,0,0,0,0,0,0,0,0,0,0,0,0,0
3366912,1644,0,100,99,0,1,0,-0.00314,0.00192,0.1031,2998,0,0,0,0,0,0,0,0,0,0,0,0,0,0,0,0,0,0,0,0,0
3368960,1645,0,100,100,0,0,0,0.00397,0.00114,0.0769,2907,0,0,0,0,0,0,0,0,0,0,0,0,0,0,0,0,0,0,0,0,0
3371008,1646,0,102,102,0,0,0,9e-05,0.00097,0.0727,3088,0,0,0,0,0,0,0,0,0,0,0,0,0,0,0,0,0,0,0,0,0
3373056,1647,0,99,99,0,0,0,-0.00483,0.0012,0.088,3038,0,0,0,0,0,0,0,0,0,0,0,0,0,0,0,0,0,0,0,0,0
3375104,1648,0,105,103,2,0,0,-0.00351,0.00272,0.0846,3069,0,0,0,0,0,0,0,0,0,0,0,0,0,0,0,0,0,0,0,0,0
3377152,1649,0,99,99,0,0,0,-0.00415,0.00113,0.0864,3028,0,0,0,0,0,0,0,0,0,0,0,0,0,0,0,0,0,0,0,0,0
3379200,1650,0,84,83,0,1,0,-0.00465,0.00325,0.1392,3107,0,0,0,0,0,0,0,0,0,0,0,0,0,0,0,0,0,0,0,0,0
3381248,1651,0,95,95,0,0,0,-0.00236,0.0023,0.1109,2791,0,0,0,0,0,0,0,0,0,0,0,0,0,0,0,0,0,0,0,0,0
3383296,1652,0,99,98,1,0,0,-0.00092,0.00193,0.0896,2872,0,0,0,0,0,0,0,0,0,0,0,0,0,0,0,0,0,0,0,0,0
3385344,1653,0,86,84,1,0,1,-0.00702,0.00469,0.118,2947,0,0,0,0,0,0,0,0,0,0,0,0,0,0,0,0,0,0,0,0,0
3387392,1654,0,104,102,2,0,0,-0.00361,0.00457,0.0818,3006,0,0,0,0,0,0,0,0,0,0,0,0,0,0,0,0,0,0,0,0,0
3389440,1655,0,106,106,0,0,0,-0.00098,0.00129,0.069,3090,0,0,0,0,0,0,0,0,0,0,0,0,0,0,0,0,0,0,0,0,0
3391488,1656,0,100,100,0,0,0,-0.00375,0.00112,0.0895,2673,0,0,0,0,0,0,0,0,0,0,0,0,0,0,0,0,0,0,0,0,0
3393536,1657,0,101,101,0,0,0,-0.00218,0.00116,0.0779,2660,0,0,0,0,0,0,0,0,0,0,0,0,0,0,0,0,0,0,0,0,0
3395584,1658,0,99,99,0,0,0,-0.00722,0.00119,0.0825,2677,0,0,0,0,0,0,0,0,0,0,0,0,0,0,0,0,0,0,0,0,0
3397632,1659,0,106,105,0,1,0,-0.00412,0.00224,0.08,3072,0,0,0,0,0,0,0,0,0,0,0,0,0,0,0,0,0,0,0,0,0
3399680,1660,0,99,99,0,0,0,-0.00182,0.00117,0.0806,2948,0,0,0,0,0,0,0,0,0,0,0,0,0,0,0,0,0,0,0,0,0
3401728,1661,0,98,98,0,0,0,-0.00351,0.00088,0.0769,2689,0,0,0,0,0,0,0,0,0,0,0,0,0,0,0,0,0,0,0,0,0
3403776,1662,0,106,104,1,1,0,-0.00221,0.00237,0.0845,3068,0,0,0,0,0,0,0,0,0,0,0,0,0,0,0,0,0,0,0,0,0
3405824,1663,0,101,101,0,0,0,-0.00485,0.00127,0.0815,3012,0,0,0,0,0,0,0,0,0,0,0,0,0,0,0,0,0,0,0,0,0
3407872,1664,0,105,105,0,0,0,-0.0007,0.00116,0.0623,3014,0,0,0,0,0,0,0,0,0,0,0,0,0,0,0,0,0,0,0,0,0
3409920,1665,0,97,97,0,0,0,-0.00106,0.00128,0.0936,2989,0,0,0,0,0,0,0,0,0,0,0,0,0,0,0,0,0,0,0,0,0
3411968,1666,0,101,99,1,0,1,-0.00715,0.00268,0.1038,2921,0,0,0,0,0,0,0,0,0,0,0,0,0,0,0,0,0,0,0,0,0
3414016,1667,0,87,87,0,0,0,0.00226,0.00197,0.1727,2941,0,0,0,0,0,0,0,0,0,0,0,0,0,0,0,0,0,0,0,0,0
3416064,1668,0,103,101,0,0,2,0.00301,0.00319,0.1224,3035,0,0,0,0,0,0,0,0,0,0,0,0,0,0,0,0,0,0,0,0,0
3418112,1669,0,100,98,2,0,0,-0.00238,0.00285,0.0941,3093,0,0,0,0,0,0,0,0,0,0,0,0,0,0,0,0,0,0,0,0,0
3420160,1670,0,100,98,2,0,0,-0.00645,0.00359,0.1145,2845,0,0,0,0,0,0,0,0,0,0,0,0,0,0,0,0,0,0,0,0,0
3422208,1671,0,95,95,0,0,0,0.00248,0.0016,0.1208,2889,0,0,0,0,0,0,0,0,0,0,0,0,0,0,0,0,0,0,0,0,0
3424256,1672,0,97,95,1,0,1,-0.00178,0.00344,0.1219,2919,0,0,0,0,0,0,0,0,0,0,0,0,0,0,0,0,0,0,0,0,0
3426304,1673,0,96,95,0,1,0,0.00521,0.00281,0.1256,2696,0,0,0,0,0,0,0,0,0,0,0,0,0,0,0,0,0,0,0,0,0
3428352,1674,0,99,99,0,0,0,-0.00155,0.00192,0.1143,2921,0,0,0,0,0,0,0,0,0,0,0,0,0,0,0,0,0,0,0,0,0
3430400,1675,0,96,96,0,0,0,-0.00554,0.00155,0.1314,2976,0,0,0,0,0,0,0,0,0,0,0,0,0,0,0,0,0,0,0,0,0
3432448,1676,0,89,89,0,0,0,-0.00478,0.00187,0.1254,2995,0,0,0,0,0,0,0,0,0,0,0,0,0,0,0,0,0,0,0,0,0
3434496,1677,0,102,102,0,0,0,-0.00249,0.00129,0.1058,2977,0,0,0,0,0,0,0,0,0,0,0,0,0,0,0,0,0,0,0,0,0
3436544,1678,0,90,90,0,0,0,-0.00295,0.00204,0.1459,2813,0,0,0,0,0,0,0,0,0,0,0,0,0,0,0,0,0,0,0,0,0
3438592,1679,0,93,93,0,0,0,-0.00148,0.00191,0.1585,3136,0,0,0,0,0,0,0,0,0,0,0,0,0,0,0,0,0,0,0,0,0
3440640,1680,0,89,89,0,0,0,-0.00792,0.00221,0.1173,2695,0,0,0,0,0,0,0,0,0,0,0,0,0,0,0,0,0,0,0,0,0
3442688,1681,0,100,99,1,0,0,-0.00427,0.00318,0.125,2951,0,0,0,0,0,0,0,0,0,0,0,0,0,0,0,0,0,0,0,0,0
3444736,1682,0,99,98,1,0,0,-0.00908,0.0018,0.1361,3155,0,0,0,0,0,0,0,0,0,0,0,0,0,0,0,0,0,0,0,0,0
3446784,1683,0,104,103,0,1,0,-0.00288,0.00169,0.0795,2862,0,0,0,0,0,0,0,0,0,0,0,0,0,0,0,0,0,0,0,0,0
3448832,1684,0,110,110,0,0,0,-0.00163,0.00111,0.0537,2626,0,0,0,0,0,0,0,0,0,0,0,0,0,0,0,0,0,0,0,0,0
3450880,1685,0,107,105,0,2,0,-0.0028,0.00292,0.0592,2784,0,0,0,0,0,0,0,0,0,0,0,0,0,0,0,0,0,0,0,0,0
3452928,1686,0,106,105,0,1,0,-0.00276,0.00218,0.0778,2738,0,0,0,0,0,0,0,0,0,0,0,0,0,0,0,0,0,0,0,0,0
3454976,1687,0,95,95,0,0,0,-0.00699,0.00188,0.1128,3084,0,0,0,0,0,0,0,0,0,0,0,0,0,0,0,0,0,0,0,0,0
3457024,1688,0,107,106,0,0,1,0.00316,0.00232,0.0623,2746,0,0,0,0,0,0,0,0,0,0,0,0,0,0,0,0,0,0,0,0,0
3459072,1689,0,103,102,1,0,0,-0.00218,0.00152,0.0629,2976,0,0,0,0,0,0,0,0,0,0,0,0,0,0,0,0,0,0,0,0,0
3461120,1690,0,103,102,0,1,0,-0.00211,0.00256,0.0762,3006,0,0,0,0,0,0,0,0,0,0,0,0,0,0,0,0,0,0,0,0,0
3463168,1691,0,90,89,0,1,0,-0.00381,0.0033,0.0999,2564,0,0,0,0,0,0,0,0,0,0,0,0,0,0,0,0,0,0,0,0,0
3465216,1692,0,92,92,0,0,0,-0.00777,0.00214,0.1085,2579,0,0,0,0,0,0,0,0,0,0,0,0,0,0,0,0,0,0,0,0,0
3467264,1693,0,89,88,1,0,0,-0.0061,0.00367,0.1467,2781,0,0,0,0,0,0,0,0,0,0,0,0,0,0,0,0,0,0,0,0,0
3469312,1694,0,97,95,0,2,0,-0.00248,0.00255,0.1231,2518,0,0,0,0,0,0,0,0,0,0,0,0,0,0,0,0,0,0,0,0,0
3471360,1695,0,90,87,0,3,0,-0.00725,0.00605,0.1505,2518,0,0,0,0,0,0,0,0,0,0,0,0,0,0,0,0,0,0,0,0,0
3473408,1696,0,100,95,0,4,1,-0.00355,0.00742,0.1353,3039,0,0,0,0,0,0,0,0,0,0,0,0,0,0,0,0,0,0,0,0,0
3475456,1697,0,95,95,0,0,0,-0.00333,0.00201,0.1093,3004,0,0,0,0,0,0,0,0,0,0,0,0,0,0,0,0,0,0,0,0,0
3477504,1698,0,89,89,0,0,0,0.00086,0.00265,0.1333,2839,0,0,0,0,0,0,0,0,0,0,0,0,0,0,0,0,0,0,0,0,0
3479552,1699,0,105,104,0,0,1,-0.00362,0.003,0.0964,2903,0,0,0,0,0,0,0,0,0,0,0,0,0,0,0,0,0,0,0,0,0
3481600,1700,0,97,97,0,0,0,0.00224,0.00148,0.0887,2912,0,0,0,0,0,0,0,0,0,0,0,0,0,0,0,0,0,0,0,0,0
3483648,1701,0,102,99,0,2,1,-0.00288,0.00456,0.1012,2872,0,0,0,0,0,0,0,0,0,0,0,0,0,0,0,0,0,0,0,0,0
3485696,1702,0,79,78,1,0,0,-0.01313,0.00351,0.1902,3026,0,0,0,0,0,0,0,0,0,0,0,0,0,0,0,0,0,0,0,0,0
3487744,1703,0,96,95,0,1,0,-0.00902,0.00305,0.1412,2894,0,0,0,0,0,0,0,0,0,0,0,0,0,0,0,0,0,0,0,0,0
3489792,1704,0,99,99,0,0,0,0.00047,0.00146,0.1132,2856,0,0,0,0,0,0,0,0,0,0,0,0,0,0,0,0,0,0,0,0,0
3491840,1705,0,104,104,0,0,0,0.00098,0.00187,0.1067,2903,0,0,0,0,0,0,0,0,0,0,0,0,0,0,0,0,0,0,0,0,0
3493888,1706,0,96,96,0,0,0,-0.00349,0.00185,0.1088,2987,0,0,0,0,0,0,0,0,0,0,0,0,0,0,0,0,0,0,0,0,0
3495936,1707,0,97,97,0,0,0,-0.00237,0.00179,0.0823,3007,0,0,0,0,0,0,0,0,0,0,0,0,0,0,0,0,0,0,0,0,0
3497984,1708,0,96,95,0,0,1,-0.00528,0.00332,0.0856,2929,0,0,0,0,0,0,0,0,0,0,0,0,0,0,0,0,0,0,0,0,0
3500032,1709,0,89,87,1,1,0,-0.00321,0.00424,0.0985,2915,0,0,0,0,0,0,0,0,0,0,0,0,0,0,0,0,0,0,0,0,0
3502080,1710,0,94,92,0,1,1,0.0043,0.00405,0.0764,2954,0,0,0,0,0,0,0,0,0,0,0,0,0,0,0,0,0,0,0,0,0
3504128,1711,0,96,94,1,0,1,0.00093,0.00516,0.0763,3073,0,0,0,0,0,0,0,0,0,0,0,0,0,0,0,0,0,0,0,0,0
3506176,1712,0,105,101,4,0,0,-0.00788,0.00385,0.0995,2438,0,0,0,0,0,0,0,0,0,0,0,0,0,0,0,0,0,0,0,0,0
3508224,1713,0,90,90,0,0,0,-0.00407,0.00211,0.0805,3043,0,0,0,0,0,0,0,0,0,0,0,0,0,0,0,0,0,0,0,0,0
3510272,1714,0,98,98,0,0,0,-0.0025,0.00242,0.0734,2981,0,0,0,0,0,0,0,0,0,0,0,0,0,0,0,0,0,0,0,0,0
3512320,1715,0,108,107,1,0,0,0.0017,0.00311,0.0929,2841,0,0,0,0,0,0,0,0,0,0,0,0,0,0,0,0,0,0,0,0,0
3514368,1716,0,102,100,1,1,0,-0.00278,0.00357,0.0734,2584,0,0,0,0,0,0,0,0,0,0,0,0,0,0,0,0,0,0,0,0,0
3516416,1717,0,98,97,0,1,0,-0.00298,0.00206,0.0821,3065,0,0,0,0,0,0,0,0,0,0,0,0,0,0,0,0,0,0,0,0,0
3518464,1718,0,104,103,1,0,0,-0.0031,0.00147,0.0803,2803,0,0,0,0,0,0,0,0,0,0,0,0,0,0,0,0,0,0,0,0,0
3520512,1719,0,102,102,0,0,0,-0.00123,0.00128,0.0884,2831,0,0,0,0,0,0,0,0,0,0,0,0,0,0,0,0,0,0,0,0,0
3522560,1720,0,97,95,0,2,0,-0.00517,0.00384,0.0981,2943,0,0,0,0,0,0,0,0,0,0,0,0,0,0,0,0,0,0,0,0,0
3524608,1721,0,99,98,0,1,0,-0.00526,0.00195,0.0938,2861,0,0,0,0,0,0,0,0,0,0,0,0,0,0,0,0,0,0,0,0,0
3526656,1722,0,107,107,0,0,0,-0.00091,0.00116,0.0703,2998,0,0,0,0,0,0,0,0,0,0,0,0,0,0,0,0,0,0,0,0,0
3528704,1723,0,92,92,0,0,0,-0.00511,0.00125,0.1106,2685,0,0,0,0,0,0,0,0,0,0,0,0,0,0,0,0,0,0,0,0,0
3530752,1724,0,100,99,0,0,1,0.00015,0.00328,0.103,2764,0,0,0,0,0,0,0,0,0,0,0,0,0,0,0,0,0,0,0,0,0
3532800,1725,0,104,104,0,0,0,-0.00468,0.00139,0.077,2776,0,0,0,0,0,0,0,0,0,0,0,0,0,0,0,0,0,0,0,0,0
3534848,1726,0,96,96,0,0,0,-0.00508,0.00145,0.1064,2872,0,0,0,0,0,0,0,0,0,0,0,0,0,0,0,0,0,0,0,0,0
3536896,1727,0,99,99,0,0,0,-0.00244,0.0011,0.0962,2888,0,0,0,0,0,0,0,0,0,0,0,0,0,0,0,0,0,0,0,0,0
3538944,1728,0,98,98,0,0,0,-0.00311,0.00114,0.1129,2940,0,0,0,0,0,0,0,0,0,0,0,0,0,0,0,0,0,0,0,0,0
3540992,1729,0,84,84,0,0,0,-0.00407,0.00172,0.1541,3253,0,0,0,0,0,0,0,0,0,0,0,0,0,0,0,0,0,0,0,0,0
3543040,1730,0,101,99,1,0,1,-0.00334,0.00355,0.095,3186,0,0,0,0,0,0,0,0,0,0,0,0,0,0,0,0,0,0,0,0,0
3545088,1731,0,100,99,0,1,0,-0.00199,0.00257,0.0781,3266,0,0,0,0,0,0,0,0,0,0,0,0,0,0,0,0,0,0,0,0,0
3547136,1732,0,105,103,1,1,0,-0.00168,0.00307,0.0766,3260,0,0,0,0,0,0,0,0,0,0,0,0,0,0,0,0,0,0,0,0,0
3549184,1733,0,101,100,0,0,1,-0.00184,0.00291,0.0934,3161,0,0,0,0,0,0,0,0,0,0,0,0,0,0,0,0,0,0,0,0,0
3551232,1734,0,107,107,0,0,0,-0.00538,0.00112,0.106,3206,0,0,0,0,0,0,0,0,0,0,0,0,0,0,0,0,0,0,0,0,0
3553280,1735,0,104,104,0,0,0,0.00076,0.00154,0.1704,3373,0,0,0,0,0,0,0,0,0,0,0,0,0,0,0,0,0,0,0,0,0
3555328,1736,0,41,41,0,0,0,0.00342,0.00554,0.4438,3228,0,0,0,0,0,0,0,0,0,0,0,0,0,0,0,0,0,0,0,0,0
3557376,1737,0,53,48,0,0,5,-0.00025,0.01422,0.4134,3010,0,0,0,0,0,0,0,0,0,0,0,0,0,0,0,0,0,0,0,0,0
3559424,1738,0,63,63,0,0,0,-0.00741,0.00602,0.354,2934,0,0,0,0,0,0,0,0,0,0,0,0,0,0,0,0,0,0,0,0,0
3561472,1739,0,84,83,0,0,1,-0.00019,0.00628,0.2283,3137,0,0,0,0,0,0,0,0,0,0,0,0,0,0,0,0,0,0,0,0,0
3563520,1740,0,98,98,0,0,0,-0.00247,0.00294,0.1413,3287,0,0,0,0,0,0,0,0,0,0,0,0,0,0,0,0,0,0,0,0,0
3565568,1741,0,90,90,0,0,0,-0.00027,0.00247,0.1506,2988,0,0,0,0,0,0,0,0,0,0,0,0,0,0,0,0,0,0,0,0,0
3567616,1742,0,101,100,1,0,0,-0.00057,0.00174,0.1164,3012,0,0,0,0,0,0,0,0,0,0,0,0,0,0,0,0,0,0,0,0,0
3569664,1743,0,100,99,1,0,0,-0.00193,0.00254,0.1165,3266,0,0,0,0,0,0,0,0,0,0,0,0,0,0,0,0,0,0,0,0,0
3571712,1744,0,92,92,0,0,0,-0.00595,0.0015,0.1373,2739,0,0,0,0,0,0,0,0,0,0,0,0,0,0,0,0,0,0,0,0,0
3573760,1745,0,99,99,0,0,0,-0.00078,0.00179,0.1212,2963,0,0,0,0,0,0,0,0,0,0,0,0,0,0,0,0,0,0,0,0,0
3575808,1746,0,98,97,1,0,0,0.0007,0.00327,0.1004,3195,0,0,0,0,0,0,0,0,0,0,0,0,0,0,0,0,0,0,0,0,0
3577856,1747,0,98,96,0,2,0,-0.00412,0.00317,0.0876,3325,0,0,0,0,0,0,0,0,0,0,0,0,0,0,0,0,0,0,0,0,0
3579904,1748,0,94,93,1,0,0,-0.00412,0.00302,0.1234,3219,0,0,0,0,0,0,0,0,0,0,0,0,0,0,0,0,0,0,0,0,0
3581952,1749,0,101,100,0,1,0,-0.00385,0.00242,0.0945,3206,0,0,0,0,0,0,0,0,0,0,0,0,0,0,0,0,0,0,0,0,0
3584000,1750,0,97,96,1,0,0,-0.003,0.00193,0.0976,2888,0,0,0,0,0,0,0,0,0,0,0,0,0,0,0,0,0,0,0,0,0
3586048,1751,0,105,105,0,0,0,-0.00394,0.0011,0.0875,3248,0,0,0,0,0,0,0,0,0,0,0,0,0,0,0,0,0,0,0,0,0
3588096,1752,0,103,102,1,0,0,-0.00364,0.00138,0.0874,3048,0,0,0,0,0,0,0,0,0,0,0,0,0,0,0,0,0,0,0,0,0
3590144,1753,0,105,105,0,0,0,-0.00228,0.00096,0.0687,3076,0,0,0,0,0,0,0,0,0,0,0,0,0,0,0,0,0,0,0,0,0
3592192,1754,0,103,102,1,0,0,-0.00028,0.00253,0.074,3128,0,0,0,0,0,0,0,0,0,0,0,0,0,0,0,0,0,0,0,0,0
3594240,1755,0,98,96,2,0,0,0.00738,0.00395,0.0827,3024,0,0,0,0,0,0,0,0,0,0,0,0,0,0,0,0,0,0,0,0,0
3596288,1756,0,102,102,0,0,0,-0.00111,0.0013,0.0776,3129,0,0,0,0,0,0,0,0,0,0,0,0,0,0,0,0,0,0,0,0,0
3598336,1757,0,98,98,0,0,0,0.00253,0.0015,0.0783,3103,0,0,0,0,0,0,0,0,0,0,0,0,0,0,0,0,0,0,0,0,0
3600384,1758,0,101,101,0,0,0,-0.00244,0.00105,0.077,3137,0,0,0,0,0,0,0,0,0,0,0,0,0,0,0,0,0,0,0,0,0
3602432,1759,0,105,105,0,0,0,-0.00188,0.00091,0.0635,3020,0,0,0,0,0,0,0,0,0,0,0,0,0,0,0,0,0,0,0,0,0
3604480,1760,0,99,98,1,0,0,-0.00332,0.00156,0.0783,2770,0,0,0,0,0,0,0,0,0,0,0,0,0,0,0,0,0,0,0,0,0
3606528,1761,0,100,99,0,1,0,0.0041,0.00274,0.0825,3112,0,0,0,0,0,0,0,0,0,0,0,0,0,0,0,0,0,0,0,0,0
3608576,1762,0,103,103,0,0,0,-0.00336,0.00107,0.067,3056,0,0,0,0,0,0,0,0,0,0,0,0,0,0,0,0,0,0,0,0,0
3610624,1763,0,94,93,1,0,0,-0.00489,0.00332,0.0878,3227,0,0,0,0,0,0,0,0,0,0,0,0,0,0,0,0,0,0,0,0,0
3612672,1764,0,95,95,0,0,0,-0.00353,0.00178,0.0758,2870,0,0,0,0,0,0,0,0,0,0,0,0,0,0,0,0,0,0,0,0,0
3614720,1765,0,101,101,0,0,0,-0.00633,0.00162,0.0893,3146,0,0,0,0,0,0,0,0,0,0,0,0,0,0,0,0,0,0,0,0,0
3616768,1766,0,103,103,0,0,0,-0.00252,0.00147,0.0645,3037,0,0,0,0,0,0,0,0,0,0,0,0,0,0,0,0,0,0,0,0,0
3618816,1767,0,99,99,0,0,0,-0.00118,0.00115,0.061,3078,0,0,0,0,0,0,0,0,0,0,0,0,0,0,0,0,0,0,0,0,0
3620864,1768,0,105,104,0,1,0,-0.00341,0.00286,0.078,2860,0,0,0,0,0,0,0,0,0,0,0,0,0,0,0,0,0,0,0,0,0
3622912,1769,0,94,94,0,0,0,-0.00502,0.00159,0.0834,3026,0,0,0,0,0,0,0,0,0,0,0,0,0,0,0,0,0,0,0,0,0
3624960,1770,0,95,95,0,0,0,-0.00478,0.00111,0.0811,2963,0,0,0,0,0,0,0,0,0,0,0,0,0,0,0,0,0,0,0,0,0
3627008,1771,0,93,92,1,0,0,-0.0031,0.00211,0.1039,2800,0,0,0,0,0,0,0,0,0,0,0,0,0,0,0,0,0,0,0,0,0
3629056,1772,0,101,101,0,0,0,-0.00247,0.00095,0.0753,3022,0,0,0,0,0,0,0,0,0,0,0,0,0,0,0,0,0,0,0,0,0
3631104,1773,0,100,100,0,0,0,-0.00081,0.00101,0.074,2931,0,0,0,0,0,0,0,0,0,0,0,0,0,0,0,0,0,0,0,0,0
3633152,1774,0,99,99,0,0,0,-0.00216,0.00086,0.0859,2929,0,0,0,0,0,0,0,0,0,0,0,0,0,0,0,0,0,0,0,0,0
3635200,1775,0,99,99,0,0,0,-0.00253,0.00086,0.0784,3022,0,0,0,0,0,0,0,0,0,0,0,0,0,0,0,0,0,0,0,0,0
3637248,1776,0,99,99,0,0,0,-0.00487,0.00099,0.0777,3077,0,0,0,0,0,0,0,0,0,0,0,0,0,0,0,0,0,0,0,0,0
3639296,1777,0,92,92,0,0,0,-0.00419,0.00136,0.1228,3350,0,0,0,0,0,0,0,0,0,0,0,0,0,0,0,0,0,0,0,0,0
3641344,1778,0,90,90,0,0,0,-0.00565,0.00206,0.1377,3062,0,0,0,0,0,0,0,0,0,0,0,0,0,0,0,0,0,0,0,0,0
3643392,1779,0,92,92,0,0,0,-0.00434,0.00235,0.16,2890,0,0,0,0,0,0,0,0,0,0,0,0,0,0,0,0,0,0,0,0,0
3645440,1780,0,83,81,0,2,0,-0.00783,0.0046,0.1691,3046,0,0,0,0,0,0,0,0,0,0,0,0,0,0,0,0,0,0,0,0,0
3647488,1781,0,101,101,0,0,0,-0.00312,0.00152,0.1072,3181,0,0,0,0,0,0,0,0,0,0,0,0,0,0,0,0,0,0,0,0,0
3649536,1782,0,100,100,0,0,0,-0.00172,0.00099,0.1181,3113,0,0,0,0,0,0,0,0,0,0,0,0,0,0,0,0,0,0,0,0,0
3651584,1783,0,94,93,1,0,0,-0.00551,0.00176,0.1346,2764,0,0,0,0,0,0,0,0,0,0,0,0,0,0,0,0,0,0,0,0,0
3653632,1784,0,97,96,0,1,0,-0.00385,0.00253,0.1089,2706,0,0,0,0,0,0,0,0,0,0,0,0,0,0,0,0,0,0,0,0,0
3655680,1785,0,98,97,1,0,0,-0.00703,0.0028,0.1029,2866,0,0,0,0,0,0,0,0,0,0,0,0,0,0,0,0,0,0,0,0,0
3657728,1786,0,104,103,1,0,0,-0.00219,0.00244,0.0896,2642,0,0,0,0,0,0,0,0,0,0,0,0,0,0,0,0,0,0,0,0,0
3659776,1787,0,84,84,0,0,0,-0.00023,0.00148,0.1015,2947,0,0,0,0,0,0,0,0,0,0,0,0,0,0,0,0,0,0,0,0,0
3661824,1788,0,102,100,0,0,2,0.01191,0.00291,0.0899,2826,0,0,0,0,0,0,0,0,0,0,0,0,0,0,0,0,0,0,0,0,0
3663872,1789,0,104,104,0,0,0,-0.0038,0.00105,0.0877,2864,0,0,0,0,0,0,0,0,0,0,0,0,0,0,0,0,0,0,0,0,0
3665920,1790,0,87,87,0,0,0,-0.00106,0.0022,0.1166,2986,0,0,0,0,0,0,0,0,0,0,0,0,0,0,0,0,0,0,0,0,0
3667968,1791,0,91,91,0,0,0,-0.00137,0.0023,0.1174,2895,0,0,0,0,0,0,0,0,0,0,0,0,0,0,0,0,0,0,0,0,0
3670016,1792,0,95,91,1,2,1,-0.00183,0.00591,0.1136,3007,0,0,0,0,0,0,0,0,0,0,0,0,0,0,0,0,0,0,0,0,0
3672064,1793,0,105,103,1,1,0,-0.0007,0.0033,0.0663,2811,0,0,0,0,0,0,0,0,0,0,0,0,0,0,0,0,0,0,0,0,0
3674112,1794,0,104,104,0,0,0,-0.0034,0.00115,0.073,2664,0,0,0,0,0,0,0,0,0,0,0,0,0,0,0,0,0,0,0,0,0
3676160,1795,0,102,100,0,2,0,-0.00214,0.00397,0.0843,2784,0,0,0,0,0,0,0,0,0,0,0,0,0,0,0,0,0,0,0,0,0
3678208,1796,0,97,96,0,0,1,-0.00274,0.00294,0.0919,2916,0,0,0,0,0,0,0,0,0,0,0,0,0,0,0,0,0,0,0,0,0
3680256,1797,0,89,89,0,0,0,-0.00863,0.00197,0.079,2858,0,0,0,0,0,0,0,0,0,0,0,0,0,0,0,0,0,0,0,0,0
3682304,1798,0,101,101,0,0,0,-0.0019,0.00192,0.0686,2786,0,0,0,0,0,0,0,0,0,0,0,0,0,0,0,0,0,0,0,0,0
3684352,1799,0,101,100,0,1,0,-0.00298,0.00222,0.0725,2956,0,0,0,0,0,0,0,0,0,0,0,0,0,0,0,0,0,0,0,0,0
3686400,1800,0,98,97,0,1,0,-0.00106,0.00299,0.0856,3040,0,0,0,0,0,0,0,0,0,0,0,0,0,0,0,0,0,0,0,0,0
3688448,1801,0,100,100,0,0,0,-0.00595,0.00104,0.0709,3097,0,0,0,0,0,0,0,0,0,0,0,0,0,0,0,0,0,0,0,0,0
3690496,1802,0,98,98,0,0,0,-0.00608,0.00111,0.0823,2828,0,0,0,0,0,0,0,0,0,0,0,0,0,0,0,0,0,0,0,0,0
3692544,1803,0,96,95,1,0,0,-0.00078,0.00189,0.1248,3006,0,0,0,0,0,0,0,0,0,0,0,0,0,0,0,0,0,0,0,0,0
3694592,1804,0,93,92,0,0,1,-0.00597,0.0036,0.1177,3282,0,0,0,0,0,0,0,0,0,0,0,0,0,0,0,0,0,0,0,0,0
3696640,1805,0,94,94,0,0,0,-0.00127,0.00176,0.064,2986,0,0,0,0,0,0,0,0,0,0,0,0,0,0,0,0,0,0,0,0,0
3698688,1806,0,98,98,0,0,0,-0.004,0.0017,0.0795,3338,0,0,0,0,0,0,0,0,0,0,0,0,0,0,0,0,0,0,0,0,0
3700736,1807,0,97,96,0,0,1,0.0049,0.00308,0.0812,3239,0,0,0,0,0,0,0,0,0,0,0,0,0,0,0,0,0,0,0,0,0
3702784,1808,0,98,98,0,0,0,-0.00245,0.00122,0.079,3188,0,0,0,0,0,0,0,0,0,0,0,0,0,0,0,0,0,0,0,0,0
3704832,1809,0,97,97,0,0,0,-0.00536,0.00165,0.0871,3096,0,0,0,0,0,0,0,0,0,0,0,0,0,0,0,0,0,0,0,0,0
3706880,1810,0,100,99,1,0,0,-0.00415,0.00231,0.0717,3127,0,0,0,0,0,0,0,0,0,0,0,0,0,0,0,0,0,0,0,0,0
3708928,1811,0,101,101,0,0,0,-0.00109,0.00106,0.0717,2952,0,0,0,0,0,0,0,0,0,0,0,0,0,0,0,0,0,0,0,0,0
3710976,1812,0,93,93,0,0,0,-0.00204,0.00104,0.0822,3082,0,0,0,0,0,0,0,0,0,0,0,0,0,0,0,0,0,0,0,0,0
3713024,1813,0,98,98,0,0,0,-0.00417,0.00101,0.0823,2984,0,0,0,0,0,0,0,0,0,0,0,0,0,0,0,0,0,0,0,0,0
3715072,1814,0,94,94,0,0,0,-0.00536,0.00115,0.0897,2845,0,0,0,0,0,0,0,0,0,0,0,0,0,0,0,0,0,0,0,0,0
3717120,1815,0,99,98,0,0,1,-0.00122,0.00243,0.0929,2818,0,0,0,0,0,0,0,0,0,0,0,0,0,0,0,0,0,0,0,0,0
3719168,1816,0,106,106,0,0,0,-0.00498,0.00128,0.0792,3135,0,0,0,0,0,0,0,0,0,0,0,0,0,0,0,0,0,0,0,0,0
3721216,1817,0,101,101,0,0,0,-0.00195,0.00097,0.0976,3034,0,0,0,0,0,0,0,0,0,0,0,0,0,0,0,0,0,0,0,0,0
3723264,1818,0,102,102,0,0,0,-0.00552,0.00101,0.0947,2849,0,0,0,0,0,0,0,0,0,0,0,0,0,0,0,0,0,0,0,0,0
3725312,1819,0,105,105,0,0,0,-0.0037,0.00101,0.0792,2793,0,0,0,0,0,0,0,0,0,0,0,0,0,0,0,0,0,0,0,0,0
3727360,1820,0,97,97,0,0,0,-0.00641,0.00128,0.0819,3000,0,0,0,0,0,0,0,0,0,0,0,0,0,0,0,0,0,0,0,0,0
3729408,1821,0,90,90,0,0,0,-0.00577,0.0018,0.1033,3082,0,0,0,0,0,0,0,0,0,0,0,0,0,0,0,0,0,0,0,0,0
3731456,1822,0,97,96,1,0,0,-0.00143,0.00261,0.0859,3076,0,0,0,0,0,0,0,0,0,0,0,0,0,0,0,0,0,0,0,0,0
3733504,1823,0,98,98,0,0,0,-0.00533,0.0012,0.1018,2967,0,0,0,0,0,0,0,0,0,0,0,0,0,0,0,0,0,0,0,0,0
3735552,1824,0,100,99,0,0,1,-0.00264,0.0028,0.0847,2706,0,0,0,0,0,0,0,0,0,0,0,0,0,0,0,0,0,0,0,0,0
3737600,1825,0,105,105,0,0,0,-0.00282,0.00107,0.0716,2886,0,0,0,0,0,0,0,0,0,0,0,0,0,0,0,0,0,0,0,0,0
3739648,1826,0,86,86,0,0,0,-0.01195,0.00147,0.1029,2607,0,0,0,0,0,0,0,0,0,0,0,0,0,0,0,0,0,0,0,0,0
3741696,1827,0,100,100,0,0,0,0.00035,0.00117,0.0786,2857,0,0,0,0,0,0,0,0,0,0,0,0,0,0,0,0,0,0,0,0,0
3743744,1828,0,97,97,0,0,0,-0.00856,0.00146,0.0729,2591,0,0,0,0,0,0,0,0,0,0,0,0,0,0,0,0,0,0,0,0,0
3745792,1829,0,105,105,0,0,0,-0.00684,0.00144,0.0724,2648,0,0,0,0,0,0,0,0,0,0,0,0,0,0,0,0,0,0,0,0,0
3747840,1830,0,95,95,0,0,0,-0.00209,0.00141,0.1058,2276,0,0,0,0,0,0,0,0,0,0,0,0,0,0,0,0,0,0,0,0,0
3749888,1831,0,101,100,0,0,1,-0.00203,0.00286,0.077,2983,0,0,0,0,0,0,0,0,0,0,0,0,0,0,0,0,0,0,0,0,0
3751936,1832,0,94,94,0,0,0,-0.00399,0.001,0.0637,2502,0,0,0,0,0,0,0,0,0,0,0,0,0,0,0,0,0,0,0,0,0
3753984,1833,0,105,102,3,0,0,-0.00344,0.00235,0.0584,2944,0,0,0,0,0,0,0,0,0,0,0,0,0,0,0,0,0,0,0,0,0
3756032,1834,0,102,102,0,0,0,0.00062,0.00145,0.0618,3014,0,0,0,0,0,0,0,0,0,0,0,0,0,0,0,0,0,0,0,0,0
3758080,1835,0,105,104,0,1,0,0.00082,0.00261,0.0587,2939,0,0,0,0,0,0,0,0,0,0,0,0,0,0,0,0,0,0,0,0,0
3760128,1836,0,102,100,2,0,0,-0.0035,0.00206,0.059,3069,0,0,0,0,0,0,0,0,0,0,0,0,0,0,0,0,0,0,0,0,0
3762176,1837,0,102,101,0,1,0,-0.00168,0.00201,0.0631,3253,0,0,0,0,0,0,0,0,0,0,0,0,0,0,0,0,0,0,0,0,0
3764224,1838,0,98,98,0,0,0,-0.01778,0.00174,0.0993,3348,0,0,0,0,0,0,0,0,0,0,0,0,0,0,0,0,0,0,0,0,0
3766272,1839,0,101,101,0,0,0,-0.00403,0.00132,0.0854,3410,0,0,0,0,0,0,0,0,0,0,0,0,0,0,0,0,0,0,0,0,0
3768320,1840,0,97,96,1,0,0,0.00913,0.00412,0.0865,3322,0,0,0,0,0,0,0,0,0,0,0,0,0,0,0,0,0,0,0,0,0
3770368,1841,0,102,102,0,0,0,-0.00362,0.00122,0.0888,3049,0,0,0,0,0,0,0,0,0,0,0,0,0,0,0,0,0,0,0,0,0
3772416,1842,0,77,76,1,0,0,-0.0021,0.00335,0.0977,2969,0,0,0,0,0,0,0,0,0,0,0,0,0,0,0,0,0,0,0,0,0
3774464,1843,0,89,86,1,1,1,-0.01151,0.00702,0.0799,2952,0,0,0,0,0,0,0,0,0,0,0,0,0,0,0,0,0,0,0,0,0
3776512,1844,0,110,110,0,0,0,-0.00092,0.00168,0.05,3188,0,0,0,0,0,0,0,0,0,0,0,0,0,0,0,0,0,0,0,0,0
3778560,1845,0,110,110,0,0,0,-0.00201,0.00102,0.0574,3112,0,0,0,0,0,0,0,0,0,0,0,0,0,0,0,0,0,0,0,0,0
3780608,1846,0,101,101,0,0,0,-0.00384,0.00104,0.0634,3007,0,0,0,0,0,0,0,0,0,0,0,0,0,0,0,0,0,0,0,0,0
3782656,1847,0,104,104,0,0,0,0.00852,0.0013,0.078,3213,0,0,0,0,0,0,0,0,0,0,0,0,0,0,0,0,0,0,0,0,0
3784704,1848,0,103,103,0,0,0,-0.00252,0.00096,0.0653,3089,0,0,0,0,0,0,0,0,0,0,0,0,0,0,0,0,0,0,0,0,0
3786752,1849,0,95,95,0,0,0,-0.0026,0.00102,0.0638,3009,0,0,0,0,0,0,0,0,0,0,0,0,0,0,0,0,0,0,0,0,0
3788800,1850,0,105,104,0,0,1,-0.00154,0.00177,0.0523,3027,0,0,0,0,0,0,0,0,0,0,0,0,0,0,0,0,0,0,0,0,0
3790848,1851,0,106,105,1,0,0,-0.00147,0.00161,0.0631,3330,0,0,0,0,0,0,0,0,0,0,0,0,0,0,0,0,0,0,0,0,0
3792896,1852,0,76,76,0,0,0,0.00161,0.00309,0.0932,3232,0,0,0,0,0,0,0,0,0,0,0,0,0,0,0,0,0,0,0,0,0
3794944,1853,0,92,92,0,0,0,0.00536,0.0028,0.0814,3277,0,0,0,0,0,0,0,0,0,0,0,0,0,0,0,0,0,0,0,0,0
3796992,1854,0,103,103,0,0,0,-0.00274,0.00114,0.0697,3454,0,0,0,0,0,0,0,0,0,0,0,0,0,0,0,0,0,0,0,0,0
3799040,1855,0,108,107,1,0,0,-0.00281,0.0011,0.0596,3216,0,0,0,0,0,0,0,0,0,0,0,0,0,0,0,0,0,0,0,0,0
3801088,1856,0,101,101,0,0,0,-0.00284,0.00112,0.0676,2871,0,0,0,0,0,0,0,0,0,0,0,0,0,0,0,0,0,0,0,0,0
3803136,1857,0,101,100,1,0,0,-0.00084,0.00255,0.0841,3000,0,0,0,0,0,0,0,0,0,0,0,0,0,0,0,0,0,0,0,0,0
3805184,1858,0,107,106,1,0,0,-0.00302,0.00141,0.0854,2575,0,0,0,0,0,0,0,0,0,0,0,0,0,0,0,0,0,0,0,0,0
3807232,1859,0,105,105,0,0,0,-0.00589,0.001,0.0832,2999,0,0,0,0,0,0,0,0,0,0,0,0,0,0,0,0,0,0,0,0,0
3809280,1860,0,106,106,0,0,0,-0.0015,0.00105,0.08,2796,0,0,0,0,0,0,0,0,0,0,0,0,0,0,0,0,0,0,0,0,0
3811328,1861,0,105,103,1,1,0,-0.00263,0.00236,0.0856,2940,0,0,0,0,0,0,0,0,0,0,0,0,0,0,0,0,0,0,0,0,0
3813376,1862,0,108,107,0,0,1,-0.00572,0.00172,0.0605,3078,0,0,0,0,0,0,0,0,0,0,0,0,0,0,0,0,0,0,0,0,0
3815424,1863,0,103,102,1,0,0,-0.0031,0.00158,0.0672,3240,0,0,0,0,0,0,0,0,0,0,0,0,0,0,0,0,0,0,0,0,0
3817472,1864,0,102,101,1,0,0,-0.00438,0.00203,0.0781,2801,0,0,0,0,0,0,0,0,0,0,0,0,0,0,0,0,0,0,0,0,0
3819520,1865,0,107,107,0,0,0,-0.00101,0.00089,0.0577,3019,0,0,0,0,0,0,0,0,0,0,0,0,0,0,0,0,0,0,0,0,0
3821568,1866,0,104,101,1,2,0,-0.00539,0.00411,0.0711,2843,0,0,0,0,0,0,0,0,0,0,0,0,0,0,0,0,0,0,0,0,0
3823616,1867,0,110,109,1,0,0,0.00189,0.00183,0.0483,2797,0,0,0,0,0,0,0,0,0,0,0,0,0,0,0,0,0,0,0,0,0
3825664,1868,0,109,109,0,0,0,-0.00462,0.00074,0.0576,2717,0,0,0,0,0,0,0,0,0,0,0,0,0,0,0,0,0,0,0,0,0
3827712,1869,0,94,94,0,0,0,-0.00395,0.00118,0.112,2614,0,0,0,0,0,0,0,0,0,0,0,0,0,0,0,0,0,0,0,0,0
3829760,1870,0,100,99,0,0,1,2e-05,0.00267,0.0819,3006,0,0,0,0,0,0,0,0,0,0,0,0,0,0,0,0,0,0,0,0,0
3831808,1871,0,99,98,0,1,0,0.0066,0.00256,0.0788,3115,0,0,0,0,0,0,0,0,0,0,0,0,0,0,0,0,0,0,0,0,0
3833856,1872,0,102,101,0,0,1,-0.00162,0.00203,0.0537,2783,0,0,0,0,0,0,0,0,0,0,0,0,0,0,0,0,0,0,0,0,0
3835904,1873,0,96,95,1,0,0,-0.00609,0.00238,0.0773,2665,0,0,0,0,0,0,0,0,0,0,0,0,0,0,0,0,0,0,0,0,0
3837952,1874,0,96,96,0,0,0,-0.00325,0.00145,0.0864,2703,0,0,0,0,0,0,0,0,0,0,0,0,0,0,0,0,0,0,0,0,0
3840000,1875,0,105,105,0,0,0,-0.00014,0.00155,0.0726,2801,0,0,0,0,0,0,0,0,0,0,0,0,0,0,0,0,0,0,0,0,0
3842048,1876,0,99,98,0,1,0,-0.00307,0.00233,0.0629,2818,0,0,0,0,0,0,0,0,0,0,0,0,0,0,0,0,0,0,0,0,0
3844096,1877,0,110,109,1,0,0,-0.01089,0.00143,0.0648,3073,0,0,0,0,0,0,0,0,0,0,0,0,0,0,0,0,0,0,0,0,0
3846144,1878,0,94,94,0,0,0,-0.00162,0.00168,0.0814,3044,0,0,0,0,0,0,0,0,0,0,0,0,0,0,0,0,0,0,0,0,0
3848192,1879,0,97,97,0,0,0,0.00135,0.00207,0.0607,3040,0,0,0,0,0,0,0,0,0,0,0,0,0,0,0,0,0,0,0,0,0
3850240,1880,0,99,99,0,0,0,-0.0009,0.00179,0.0627,2876,0,0,0,0,0,0,0,0,0,0,0,0,0,0,0,0,0,0,0,0,0
3852288,1881,0,103,102,0,1,0,0.00783,0.00261,0.0634,2845,0,0,0,0,0,0,0,0,0,0,0,0,0,0,0,0,0,0,0,0,0
3854336,1882,0,72,72,0,0,0,0.00111,0.00278,0.1391,2724,0,0,0,0,0,0,0,0,0,0,0,0,0,0,0,0,0,0,0,0,0
3856384,1883,0,87,87,0,0,0,-0.00999,0.00254,0.1073,3005,0,0,0,0,0,0,0,0,0,0,0,0,0,0,0,0,0,0,0,0,0
3858432,1884,0,87,87,0,0,0,-0.00404,0.00225,0.128,2962,0,0,0,0,0,0,0,0,0,0,0,0,0,0,0,0,0,0,0,0,0
3860480,1885,0,101,100,1,0,0,-0.00557,0.00385,0.099,2974,0,0,0,0,0,0,0,0,0,0,0,0,0,0,0,0,0,0,0,0,0
3862528,1886,0,103,101,0,1,1,-0.00505,0.00317,0.0763,3136,0,0,0,0,0,0,0,0,0,0,0,0,0,0,0,0,0,0,0,0,0
3864576,1887,0,92,92,0,0,0,-0.00583,0.00152,0.1105,3114,0,0,0,0,0,0,0,0,0,0,0,0,0,0,0,0,0,0,0,0,0
3866624,1888,0,102,101,0,0,1,-0.00661,0.00261,0.0687,2816,0,0,0,0,0,0,0,0,0,0,0,0,0,0,0,0,0,0,0,0,0
3868672,1889,0,105,105,0,0,0,-0.00022,0.00098,0.0593,3040,0,0,0,0,0,0,0,0,0,0,0,0,0,0,0,0,0,0,0,0,0
3870720,1890,0,103,103,0,0,0,-0.00148,0.00088,0.053,3025,0,0,0,0,0,0,0,0,0,0,0,0,0,0,0,0,0,0,0,0,0
3872768,1891,0,100,100,0,0,0,-0.00175,0.00112,0.0685,2861,0,0,0,0,0,0,0,0,0,0,0,0,0,0,0,0,0,0,0,0,0
3874816,1892,0,111,110,0,1,0,-0.00021,0.00217,0.062,2800,0,0,0,0,0,0,0,0,0,0,0,0,0,0,0,0,0,0,0,0,0
3876864,1893,0,93,93,0,0,0,-0.01195,0.0014,0.0714,2909,0,0,0,0,0,0,0,0,0,0,0,0,0,0,0,0,0,0,0,0,0
3878912,1894,0,101,101,0,0,0,-0.00025,0.00083,0.0466,3033,0,0,0,0,0,0,0,0,0,0,0,0,0,0,0,0,0,0,0,0,0
3880960,1895,0,97,97,0,0,0,-0.00548,0.00115,0.0701,2741,0,0,0,0,0,0,0,0,0,0,0,0,0,0,0,0,0,0,0,0,0
3883008,1896,0,99,98,1,0,0,0.00165,0.00232,0.0648,2891,0,0,0,0,0,0,0,0,0,0,0,0,0,0,0,0,0,0,0,0,0
3885056,1897,0,105,105,0,0,0,-0.00038,0.00098,0.066,3046,0,0,0,0,0,0,0,0,0,0,0,0,0,0,0,0,0,0,0,0,0
3887104,1898,0,103,102,1,0,0,-0.00134,0.00206,0.056,3056,0,0,0,0,0,0,0,0,0,0,0,0,0,0,0,0,0,0,0,0,0
3889152,1899,0,104,104,0,0,0,-0.00284,0.00091,0.0682,3018,0,0,0,0,0,0,0,0,0,0,0,0,0,0,0,0,0,0,0,0,0
3891200,1900,0,102,102,0,0,0,-0.00501,0.00114,0.0599,2969,0,0,0,0,0,0,0,0,0,0,0,0,0,0,0,0,0,0,0,0,0
3893248,1901,0,102,101,1,0,0,-0.0003,0.00224,0.0532,2907,0,0,0,0,0,0,0,0,0,0,0,0,0,0,0,0,0,0,0,0,0
3895296,1902,0,107,107,0,0,0,-0.00154,0.00089,0.054,2873,0,0,0,0,0,0,0,0,0,0,0,0,0,0,0,0,0,0,0,0,0
3897344,1903,0,106,105,1,0,0,-0.00192,0.00129,0.0431,2519,0,0,0,0,0,0,0,0,0,0,0,0,0,0,0,0,0,0,0,0,0
3899392,1904,0,99,99,0,0,0,-0.00333,0.00092,0.0549,2850,0,0,0,0,0,0,0,0,0,0,0,0,0,0,0,0,0,0,0,0,0
3901440,1905,0,104,104,0,0,0,-0.00282,0.00074,0.0547,2959,0,0,0,0,0,0,0,0,0,0,0,0,0,0,0,0,0,0,0,0,0
3903488,1906,0,100,100,0,0,0,-0.00165,0.00129,0.0725,2943,0,0,0,0,0,0,0,0,0,0,0,0,0,0,0,0,0,0,0,0,0
3905536,1907,0,105,105,0,0,0,0.00031,0.00071,0.0618,2905,0,0,0,0,0,0,0,0,0,0,0,0,0,0,0,0,0,0,0,0,0
3907584,1908,0,104,103,1,0,0,-0.00253,0.0019,0.0539,3069,0,0,0,0,0,0,0,0,0,0,0,0,0,0,0,0,0,0,0,0,0
3909632,1909,0,105,105,0,0,0,-0.00127,0.00101,0.0695,3096,0,0,0,0,0,0,0,0,0,0,0,0,0,0,0,0,0,0,0,0,0
3911680,1910,0,107,107,0,0,0,0.00119,0.00079,0.0813,3056,0,0,0,0,0,0,0,0,0,0,0,0,0,0,0,0,0,0,0,0,0
3913728,1911,0,89,89,0,0,0,-0.00487,0.00124,0.1295,2884,0,0,0,0,0,0,0,0,0,0,0,0,0,0,0,0,0,0,0,0,0
3915776,1912,0,102,102,0,0,0,-0.00412,0.00155,0.1021,2820,0,0,0,0,0,0,0,0,0,0,0,0,0,0,0,0,0,0,0,0,0
3917824,1913,0,99,98,0,0,1,-0.0059,0.00305,0.1348,2974,0,0,0,0,0,0,0,0,0,0,0,0,0,0,0,0,0,0,0,0,0
3919872,1914,0,106,106,0,0,0,-0.00082,0.00092,0.0685,2600,0,0,0,0,0,0,0,0,0,0,0,0,0,0,0,0,0,0,0,0,0
3921920,1915,0,106,105,0,1,0,-0.0048,0.0021,0.0689,3041,0,0,0,0,0,0,0,0,0,0,0,0,0,0,0,0,0,0,0,0,0
3923968,1916,0,106,106,0,0,0,0.0007,0.00084,0.0593,3147,0,0,0,0,0,0,0,0,0,0,0,0,0,0,0,0,0,0,0,0,0
3926016,1917,0,95,95,0,0,0,-0.0018,0.00106,0.072,3139,0,0,0,0,0,0,0,0,0,0,0,0,0,0,0,0,0,0,0,0,0
3928064,1918,0,91,91,0,0,0,-0.00161,0.0013,0.0873,3095,0,0,0,0,0,0,0,0,0,0,0,0,0,0,0,0,0,0,0,0,0
3930112,1919,0,97,97,0,0,0,-0.00406,0.00118,0.0824,3031,0,0,0,0,0,0,0,0,0,0,0,0,0,0,0,0,0,0,0,0,0
3932160,1920,0,97,96,0,1,0,-0.00571,0.00273,0.0801,2993,0,0,0,0,0,0,0,0,0,0,0,0,0,0,0,0,0,0,0,0,0
3934208,1921,0,96,96,0,0,0,-0.00203,0.00126,0.07,3035,0,0,0,0,0,0,0,0,0,0,0,0,0,0,0,0,0,0,0,0,0
3936256,1922,0,102,102,0,0,0,-0.00442,0.00089,0.0827,2937,0,0,0,0,0,0,0,0,0,0,0,0,0,0,0,0,0,0,0,0,0
3938304,1923,0,109,109,0,0,0,-0.00267,0.00083,0.0658,2827,0,0,0,0,0,0,0,0,0,0,0,0,0,0,0,0,0,0,0,0,0
3940352,1924,0,105,105,0,0,0,0.00012,0.0008,0.0754,3156,0,0,0,0,0,0,0,0,0,0,0,0,0,0,0,0,0,0,0,0,0
3942400,1925,0,101,101,0,0,0,-0.00062,0.00066,0.0517,3254,0,0,0,0,0,0,0,0,0,0,0,0,0,0,0,0,0,0,0,0,0
3944448,1926,0,103,103,0,0,0,-0.00512,0.00091,0.0634,3057,0,0,0,0,0,0,0,0,0,0,0,0,0,0,0,0,0,0,0,0,0
3946496,1927,0,99,98,0,1,0,-0.00324,0.00256,0.0672,3110,0,0,0,0,0,0,0,0,0,0,0,0,0,0,0,0,0,0,0,0,0
3948544,1928,0,100,99,1,0,0,-0.00314,0.00143,0.0524,2921,0,0,0,0,0,0,0,0,0,0,0,0,0,0,0,0,0,0,0,0,0
3950592,1929,0,107,107,0,0,0,-0.00104,0.00087,0.0465,3163,0,0,0,0,0,0,0,0,0,0,0,0,0,0,0,0,0,0,0,0,0
3952640,1930,0,104,104,0,0,0,-0.00305,0.00093,0.0508,2944,0,0,0,0,0,0,0,0,0,0,0,0,0,0,0,0,0,0,0,0,0
3954688,1931,0,102,102,0,0,0,-0.00381,0.00098,0.064,3199,0,0,0,0,0,0,0,0,0,0,0,0,0,0,0,0,0,0,0,0,0
3956736,1932,0,98,95,0,3,0,-0.00241,0.00459,0.0634,3040,0,0,0,0,0,0,0,0,0,0,0,0,0,0,0,0,0,0,0,0,0
3958784,1933,0,97,97,0,0,0,-0.00146,0.00114,0.0635,3030,0,0,0,0,0,0,0,0,0,0,0,0,0,0,0,0,0,0,0,0,0
3960832,1934,0,99,99,0,0,0,0.00653,0.00095,0.0564,3159,0,0,0,0,0,0,0,0,0,0,0,0,0,0,0,0,0,0,0,0,0
3962880,1935,0,79,79,0,0,0,-0.00675,0.00239,0.1289,3194,0,0,0,0,0,0,0,0,0,0,0,0,0,0,0,0,0,0,0,0,0
3964928,1936,0,104,103,0,0,1,-0.00195,0.00301,0.0773,3067,0,0,0,0,0,0,0,0,0,0,0,0,0,0,0,0,0,0,0,0,0
3966976,1937,0,81,81,0,0,0,-0.00117,0.00212,0.1159,3068,0,0,0,0,0,0,0,0,0,0,0,0,0,0,0,0,0,0,0,0,0
3969024,1938,0,77,76,1,0,0,0.00177,0.00479,0.1224,2949,0,0,0,0,0,0,0,0,0,0,0,0,0,0,0,0,0,0,0,0,0
3971072,1939,0,80,78,0,0,2,-0.00195,0.00856,0.1091,3005,0,0,0,0,0,0,0,0,0,0,0,0,0,0,0,0,0,0,0,0,0
3973120,1940,0,86,86,0,0,0,-0.0027,0.00464,0.1255,2949,0,0,0,0,0,0,0,0,0,0,0,0,0,0,0,0,0,0,0,0,0
3975168,1941,0,89,89,0,0,0,-0.00532,0.00243,0.1139,3070,0,0,0,0,0,0,0,0,0,0,0,0,0,0,0,0,0,0,0,0,0
3977216,1942,0,100,100,0,0,0,-0.00754,0.00212,0.0892,3178,0,0,0,0,0,0,0,0,0,0,0,0,0,0,0,0,0,0,0,0,0
3979264,1943,0,96,94,1,1,0,-0.00255,0.00277,0.0789,3210,0,0,0,0,0,0,0,0,0,0,0,0,0,0,0,0,0,0,0,0,0
3981312,1944,0,106,106,0,0,0,-0.0037,0.00117,0.0636,2896,0,0,0,0,0,0,0,0,0,0,0,0,0,0,0,0,0,0,0,0,0
3983360,1945,0,91,91,0,0,0,-0.00187,0.00154,0.089,2936,0,0,0,0,0,0,0,0,0,0,0,0,0,0,0,0,0,0,0,0,0
3985408,1946,0,101,100,1,0,0,-0.00896,0.00277,0.067,2631,0,0,0,0,0,0,0,0,0,0,0,0,0,0,0,0,0,0,0,0,0
3987456,1947,0,103,103,0,0,0,-0.00074,0.00105,0.053,2544,0,0,0,0,0,0,0,0,0,0,0,0,0,0,0,0,0,0,0,0,0
3989504,1948,0,106,106,0,0,0,-0.00447,0.00096,0.063,2795,0,0,0,0,0,0,0,0,0,0,0,0,0,0,0,0,0,0,0,0,0
3991552,1949,0,104,104,0,0,0,-0.00219,0.00071,0.0591,2593,0,0,0,0,0,0,0,0,0,0,0,0,0,0,0,0,0,0,0,0,0
3993600,1950,0,95,94,0,1,0,-0.00396,0.00257,0.0843,2746,0,0,0,0,0,0,0,0,0,0,0,0,0,0,0,0,0,0,0,0,0
3995648,1951,0,101,101,0,0,0,-0.00444,0.00091,0.0579,2840,0,0,0,0,0,0,0,0,0,0,0,0,0,0,0,0,0,0,0,0,0
3997696,1952,0,93,92,0,1,0,-0.01493,0.00266,0.0827,2774,0,0,0,0,0,0,0,0,0,0,0,0,0,0,0,0,0,0,0,0,0
3999744,1953,0,101,100,1,0,0,-0.00116,0.00199,0.0666,2863,0,0,0,0,0,0,0,0,0,0,0,0,0,0,0,0,0,0,0,0,0
4001792,1954,0,102,102,0,0,0,-0.0023,0.00097,0.0635,2907,0,0,0,0,0,0,0,0,0,0,0,0,0,0,0,0,0,0,0,0,0
4003840,1955,0,104,104,0,0,0,-0.0018,0.00071,0.0611,2733,0,0,0,0,0,0,0,0,0,0,0,0,0,0,0,0,0,0,0,0,0
4005888,1956,0,95,95,0,0,0,-0.00888,0.0013,0.0879,2444,0,0,0,0,0,0,0,0,0,0,0,0,0,0,0,0,0,0,0,0,0
4007936,1957,0,106,105,0,0,1,-0.00039,0.0027,0.0778,2949,0,0,0,0,0,0,0,0,0,0,0,0,0,0,0,0,0,0,0,0,0
4009984,1958,0,91,91,0,0,0,-0.00248,0.00172,0.0769,3189,0,0,0,0,0,0,0,0,0,0,0,0,0,0,0,0,0,0,0,0,0
4012032,1959,0,100,98,0,1,1,-0.00467,0.0046,0.0683,3101,0,0,0,0,0,0,0,0,0,0,0,0,0,0,0,0,0,0,0,0,0
4014080,1960,0,103,103,0,0,0,-0.00218,0.00124,0.0692,2991,0,0,0,0,0,0,0,0,0,0,0,0,0,0,0,0,0,0,0,0,0
4016128,1961,0,92,92,0,0,0,0.00049,0.00156,0.1082,2647,0,0,0,0,0,0,0,0,0,0,0,0,0,0,0,0,0,0,0,0,0
4018176,1962,0,104,102,0,1,1,-0.00671,0.00359,0.0633,2627,0,0,0,0,0,0,0,0,0,0,0,0,0,0,0,0,0,0,0,0,0
4020224,1963,0,107,106,1,0,0,-0.00273,0.00159,0.0498,2938,0,0,0,0,0,0,0,0,0,0,0,0,0,0,0,0,0,0,0,0,0
4022272,1964,0,102,101,0,1,0,-0.00463,0.00214,0.0538,3060,0,0,0,0,0,0,0,0,0,0,0,0,0,0,0,0,0,0,0,0,0
4024320,1965,0,101,101,0,0,0,-0.00494,0.00153,0.0706,3110,0,0,0,0,0,0,0,0,0,0,0,0,0,0,0,0,0,0,0,0,0
4026368,1966,0,90,89,0,1,0,-0.00646,0.00329,0.0734,3148,0,0,0,0,0,0,0,0,0,0,0,0,0,0,0,0,0,0,0,0,0
4028416,1967,0,101,100,0,0,1,0.0004,0.00344,0.0522,2957,0,0,0,0,0,0,0,0,0,0,0,0,0,0,0,0,0,0,0,0,0
4030464,1968,0,101,100,1,0,0,-0.00014,0.00258,0.0491,2859,0,0,0,0,0,0,0,0,0,0,0,0,0,0,0,0,0,0,0,0,0
4032512,1969,0,101,98,2,1,0,-0.0013,0.00476,0.0489,3120,0,0,0,0,0,0,0,0,0,0,0,0,0,0,0,0,0,0,0,0,0
4034560,1970,0,106,106,0,0,0,-0.00167,0.00102,0.0338,3089,0,0,0,0,0,0,0,0,0,0,0,0,0,0,0,0,0,0,0,0,0
4036608,1971,0,96,96,0,0,0,-0.00195,0.00116,0.0608,2650,0,0,0,0,0,0,0,0,0,0,0,0,0,0,0,0,0,0,0,0,0
4038656,1972,0,99,99,0,0,0,0.00205,0.00117,0.0597,2728,0,0,0,0,0,0,0,0,0,0,0,0,0,0,0,0,0,0,0,0,0
4040704,1973,0,99,99,0,0,0,-0.0035,0.00085,0.049,2988,0,0,0,0,0,0,0,0,0,0,0,0,0,0,0,0,0,0,0,0,0
4042752,1974,0,108,107,0,1,0,-0.00079,0.00177,0.0449,3294,0,0,0,0,0,0,0,0,0,0,0,0,0,0,0,0,0,0,0,0,0
4044800,1975,0,98,94,3,1,0,-0.00343,0.00544,0.0732,2847,0,0,0,0,0,0,0,0,0,0,0,0,0,0,0,0,0,0,0,0,0
4046848,1976,0,105,105,0,0,0,-0.00375,0.00095,0.0498,3270,0,0,0,0,0,0,0,0,0,0,0,0,0,0,0,0,0,0,0,0,0
4048896,1977,0,94,94,0,0,0,-0.00387,0.00132,0.0931,3061,0,0,0,0,0,0,0,0,0,0,0,0,0,0,0,0,0,0,0,0,0
4050944,1978,0,96,96,0,0,0,-0.00803,0.00201,0.0787,3174,0,0,0,0,0,0,0,0,0,0,0,0,0,0,0,0,0,0,0,0,0
4052992,1979,0,98,98,0,0,0,0.00349,0.00154,0.0852,3162,0,0,0,0,0,0,0,0,0,0,0,0,0,0,0,0,0,0,0,0,0
4055040,1980,0,96,95,0,0,1,-0.00297,0.00243,0.0685,3308,0,0,0,0,0,0,0,0,0,0,0,0,0,0,0,0,0,0,0,0,0
4057088,1981,0,108,108,0,0,0,-0.00303,0.00081,0.0472,2881,0,0,0,0,0,0,0,0,0,0,0,0,0,0,0,0,0,0,0,0,0
4059136,1982,0,107,106,0,1,0,-0.00177,0.00203,0.0682,3001,0,0,0,0,0,0,0,0,0,0,0,0,0,0,0,0,0,0,0,0,0
4061184,1983,0,106,106,0,0,0,0.00021,0.00071,0.0448,3052,0,0,0,0,0,0,0,0,0,0,0,0,0,0,0,0,0,0,0,0,0
4063232,1984,0,106,106,0,0,0,-0.0013,0.00061,0.0434,2711,0,0,0,0,0,0,0,0,0,0,0,0,0,0,0,0,0,0,0,0,0
4065280,1985,0,104,104,0,0,0,-0.00181,0.00061,0.0445,2657,0,0,0,0,0,0,0,0,0,0,0,0,0,0,0,0,0,0,0,0,0
4067328,1986,0,107,107,0,0,0,-0.00376,0.00073,0.0451,2994,0,0,0,0,0,0,0,0,0,0,0,0,0,0,0,0,0,0,0,0,0
4069376,1987,0,97,97,0,0,0,-0.0039,0.00095,0.0492,2907,0,0,0,0,0,0,0,0,0,0,0,0,0,0,0,0,0,0,0,0,0
4071424,1988,0,108,106,2,0,0,-0.003,0.00289,0.0343,2877,0,0,0,0,0,0,0,0,0,0,0,0,0,0,0,0,0,0,0,0,0
4073472,1989,0,111,111,0,0,0,-0.00043,0.00076,0.033,2791,0,0,0,0,0,0,0,0,0,0,0,0,0,0,0,0,0,0,0,0,0
4075520,1990,0,108,107,0,1,0,-0.00257,0.00191,0.0309,2668,0,0,0,0,0,0,0,0,0,0,0,0,0,0,0,0,0,0,0,0,0
4077568,1991,0,105,105,0,0,0,-0.00183,0.00072,0.0327,3201,0,0,0,0,0,0,0,0,0,0,0,0,0,0,0,0,0,0,0,0,0
4079616,1992,0,105,105,0,0,0,0.0003,0.00068,0.0395,3023,0,0,0,0,0,0,0,0,0,0,0,0,0,0,0,0,0,0,0,0,0
4081664,1993,0,110,110,0,0,0,-0.00143,0.00058,0.0402,3093,0,0,0,0,0,0,0,0,0,0,0,0,0,0,0,0,0,0,0,0,0
4083712,1994,0,114,112,2,0,0,-0.00222,0.00117,0.0459,3054,0,0,0,0,0,0,0,0,0,0,0,0,0,0,0,0,0,0,0,0,0
4085760,1995,0,107,107,0,0,0,-0.00161,0.00066,0.0499,2702,0,0,0,0,0,0,0,0,0,0,0,0,0,0,0,0,0,0,0,0,0
4087808,1996,0,105,104,0,1,0,-0.00184,0.00205,0.0492,2913,0,0,0,0,0,0,0,0,0,0,0,0,0,0,0,0,0,0,0,0,0
4089856,1997,0,98,98,0,0,0,-0.00233,0.0006,0.054,2881,0,0,0,0,0,0,0,0,0,0,0,0,0,0,0,0,0,0,0,0,0
4091904,1998,0,100,99,1,0,0,0.00055,0.00246,0.0743,2929,0,0,0,0,0,0,0,0,0,0,0,0,0,0,0,0,0,0,0,0,0
4093952,1999,0,110,110,0,0,0,-0.00335,0.00129,0.0396,2931,0,0,0,0,0,0,0,0,0,0,0,0,0,0,0,0,0,0,0,0,0
4096000,2000,0,98,94,3,1,0,-0.00687,0.00611,0.0489,2753,0,0,0,0,0,0,0,0,0,0,0,0,0,0,0,0,0,0,0,0,0
4098048,2001,0,104,103,0,1,0,-0.00144,0.00242,0.0455,2881,0,0,0,0,0,0,0,0,0,0,0,0,0,0,0,0,0,0,0,0,0
4100096,2002,0,98,97,0,1,0,-0.00288,0.00258,0.0599,2831,0,0,0,0,0,0,0,0,0,0,0,0,0,0,0,0,0,0,0,0,0
4102144,2003,0,97,97,0,0,0,-0.00081,0.00128,0.0687,2776,0,0,0,0,0,0,0,0,0,0,0,0,0,0,0,0,0,0,0,0,0
4104192,2004,0,93,93,0,0,0,-0.00591,0.00133,0.0955,2936,0,0,0,0,0,0,0,0,0,0,0,0,0,0,0,0,0,0,0,0,0
4106240,2005,0,87,87,0,0,0,-0.00778,0.00199,0.1013,3129,0,0,0,0,0,0,0,0,0,0,0,0,0,0,0,0,0,0,0,0,0
4108288,2006,0,99,99,0,0,0,-0.00207,0.00153,0.0899,3027,0,0,0,0,0,0,0,0,0,0,0,0,0,0,0,0,0,0,0,0,0
4110336,2007,0,104,104,0,0,0,-0.00277,0.00087,0.0771,3142,0,0,0,0,0,0,0,0,0,0,0,0,0,0,0,0,0,0,0,0,0
4112384,2008,0,98,97,1,0,0,-0.00474,0.00133,0.0863,2969,0,0,0,0,0,0,0,0,0,0,0,0,0,0,0,0,0,0,0,0,0
4114432,2009,0,96,96,0,0,0,-0.00668,0.00113,0.0865,3020,0,0,0,0,0,0,0,0,0,0,0,0,0,0,0,0,0,0,0,0,0
4116480,2010,0,93,92,0,0,1,0.00193,0.00261,0.0949,3069,0,0,0,0,0,0,0,0,0,0,0,0,0,0,0,0,0,0,0,0,0
4118528,2011,0,101,101,0,0,0,-0.01355,0.00142,0.0686,2960,0,0,0,0,0,0,0,0,0,0,0,0,0,0,0,0,0,0,0,0,0
4120576,2012,0,97,94,3,0,0,0.00347,0.00329,0.1186,3120,0,0,0,0,0,0,0,0,0,0,0,0,0,0,0,0,0,0,0,0,0
4122624,2013,0,105,102,2,1,0,-0.00219,0.0035,0.0696,3189,0,0,0,0,0,0,0,0,0,0,0,0,0,0,0,0,0,0,0,0,0
4124672,2014,0,106,106,0,0,0,-0.00294,0.00107,0.0624,3233,0,0,0,0,0,0,0,0,0,0,0,0,0,0,0,0,0,0,0,0,0
4126720,2015,0,97,97,0,0,0,-0.00242,0.00139,0.0846,2925,0,0,0,0,0,0,0,0,0,0,0,0,0,0,0,0,0,0,0,0,0
4128768,2016,0,103,102,1,0,0,-0.00113,0.00369,0.0786,2839,0,0,0,0,0,0,0,0,0,0,0,0,0,0,0,0,0,0,0,0,0
4130816,2017,0,102,101,1,0,0,0.00043,0.00193,0.0782,2817,0,0,0,0,0,0,0,0,0,0,0,0,0,0,0,0,0,0,0,0,0
4132864,2018,0,93,92,0,1,0,-0.00245,0.00285,0.1017,2773,0,0,0,0,0,0,0,0,0,0,0,0,0,0,0,0,0,0,0,0,0
4134912,2019,0,103,101,0,1,1,-0.00892,0.00391,0.0767,3073,0,0,0,0,0,0,0,0,0,0,0,0,0,0,0,0,0,0,0,0,0
4136960,2020,0,106,105,1,0,0,0.00814,0.00365,0.0521,3011,0,0,0,0,0,0,0,0,0,0,0,0,0,0,0,0,0,0,0,0,0
4139008,2021,0,102,102,0,0,0,-0.00242,0.00099,0.0496,3044,0,0,0,0,0,0,0,0,0,0,0,0,0,0,0,0,0,0,0,0,0
4141056,2022,0,103,103,0,0,0,0.00095,0.00089,0.0516,3083,0,0,0,0,0,0,0,0,0,0,0,0,0,0,0,0,0,0,0,0,0
4143104,2023,0,93,93,0,0,0,-0.00823,0.00167,0.0603,3131,0,0,0,0,0,0,0,0,0,0,0,0,0,0,0,0,0,0,0,0,0
4145152,2024,0,99,99,0,0,0,-0.00366,0.00179,0.0545,3276,0,0,0,0,0,0,0,0,0,0,0,0,0,0,0,0,0,0,0,0,0
4147200,2025,0,102,102,0,0,0,-0.00327,0.0009,0.0453,3164,0,0,0,0,0,0,0,0,0,0,0,0,0,0,0,0,0,0,0,0,0
4149248,2026,0,114,114,0,0,0,-0.00137,0.00072,0.048,3063,0,0,0,0,0,0,0,0,0,0,0,0,0,0,0,0,0,0,0,0,0
4151296,2027,0,105,105,0,0,0,-0.0017,0.00082,0.0468,3077,0,0,0,0,0,0,0,0,0,0,0,0,0,0,0,0,0,0,0,0,0
4153344,2028,0,105,104,1,0,0,-0.00337,0.001,0.0471,3016,0,0,0,0,0,0,0,0,0,0,0,0,0,0,0,0,0,0,0,0,0
4155392,2029,0,103,103,0,0,0,-0.00472,0.00072,0.0531,3002,0,0,0,0,0,0,0,0,0,0,0,0,0,0,0,0,0,0,0,0,0
4157440,2030,0,108,107,1,0,0,-0.00255,0.0009,0.0436,2756,0,0,0,0,0,0,0,0,0,0,0,0,0,0,0,0,0,0,0,0,0
4159488,2031,0,102,101,0,1,0,0.00165,0.00242,0.0576,2872,0,0,0,0,0,0,0,0,0,0,0,0,0,0,0,0,0,0,0,0,0
4161536,2032,0,99,99,0,0,0,-0.00338,0.00104,0.043,2872,0,0,0,0,0,0,0,0,0,0,0,0,0,0,0,0,0,0,0,0,0
4163584,2033,0,90,89,1,0,0,-0.00154,0.00211,0.0583,2799,0,0,0,0,0,0,0,0,0,0,0,0,0,0,0,0,0,0,0,0,0
4165632,2034,0,103,101,0,0,2,0.00422,0.00271,0.067,2968,0,0,0,0,0,0,0,0,0,0,0,0,0,0,0,0,0,0,0,0,0
4167680,2035,0,110,110,0,0,0,-0.00267,0.00082,0.0436,2739,0,0,0,0,0,0,0,0,0,0,0,0,0,0,0,0,0,0,0,0,0
4169728,2036,0,93,92,1,0,0,-0.0114,0.00224,0.092,3013,0,0,0,0,0,0,0,0,0,0,0,0,0,0,0,0,0,0,0,0,0
4171776,2037,0,94,93,0,0,1,-0.00493,0.00274,0.0706,2940,0,0,0,0,0,0,0,0,0,0,0,0,0,0,0,0,0,0,0,0,0
4173824,2038,0,107,107,0,0,0,-0.00226,0.00097,0.052,2687,0,0,0,0,0,0,0,0,0,0,0,0,0,0,0,0,0,0,0,0,0
4175872,2039,0,106,106,0,0,0,-0.00171,0.00079,0.0614,2544,0,0,0,0,0,0,0,0,0,0,0,0,0,0,0,0,0,0,0,0,0
4177920,2040,0,103,103,0,0,0,-0.00226,0.00084,0.0539,2918,0,0,0,0,0,0,0,0,0,0,0,0,0,0,0,0,0,0,0,0,0
4179968,2041,0,104,104,0,0,0,-0.00182,0.00084,0.0603,3055,0,0,0,0,0,0,0,0,0,0,0,0,0,0,0,0,0,0,0,0,0
4182016,2042,0,107,107,0,0,0,0.00158,0.00072,0.0483,2977,0,0,0,0,0,0,0,0,0,0,0,0,0,0,0,0,0,0,0,0,0
4184064,2043,0,102,101,0,1,0,-0.0021,0.00212,0.047,3132,0,0,0,0,0,0,0,0,0,0,0,0,0,0,0,0,0,0,0,0,0
4186112,2044,0,105,105,0,0,0,-0.00211,0.00055,0.0403,3084,0,0,0,0,0,0,0,0,0,0,0,0,0,0,0,0,0,0,0,0,0
4188160,2045,0,102,102,0,0,0,-0.00243,0.00081,0.0518,2928,0,0,0,0,0,0,0,0,0,0,0,0,0,0,0,0,0,0,0,0,0
4190208,2046,0,105,105,0,0,0,-0.00307,0.00094,0.0463,3072,0,0,0,0,0,0,0,0,0,0,0,0,0,0,0,0,0,0,0,0,0
4192256,2047,0,102,102,0,0,0,-0.00182,0.0009,0.0406,3296,0,0,0,0,0,0,0,0,0,0,0,0,0,0,0,0,0,0,0,0,0
4194304,2048,0,108,107,0,1,0,-0.0006,0.00206,0.048,3239,0,0,0,0,0,0,0,0,0,0,0,0,0,0,0,0,0,0,0,0,0
4196352,2049,0,108,107,0,1,0,-0.0069,0.00176,0.0513,3297,0,0,0,0,0,0,0,0,0,0,0,0,0,0,0,0,0,0,0,0,0
4198400,2050,0,89,89,0,0,0,-0.00081,0.00214,0.128,3457,0,0,0,0,0,0,0,0,0,0,0,0,0,0,0,0,0,0,0,0,0
4200448,2051,0,92,92,0,0,0,-0.0061,0.0015,0.0967,3340,0,0,0,0,0,0,0,0,0,0,0,0,0,0,0,0,0,0,0,0,0
4202496,2052,0,99,98,0,0,1,0.00517,0.0045,0.1033,3256,0,0,0,0,0,0,0,0,0,0,0,0,0,0,0,0,0,0,0,0,0
4204544,2053,0,102,101,1,0,0,-0.00583,0.00304,0.0692,2836,0,0,0,0,0,0,0,0,0,0,0,0,0,0,0,0,0,0,0,0,0
4206592,2054,0,97,96,0,1,0,0.00034,0.00254,0.0601,3133,0,0,0,0,0,0,0,0,0,0,0,0,0,0,0,0,0,0,0,0,0
4208640,2055,0,107,107,0,0,0,-0.00094,0.00108,0.0511,3237,0,0,0,0,0,0,0,0,0,0,0,0,0,0,0,0,0,0,0,0,0
4210688,2056,0,94,94,0,0,0,0.0012,0.00136,0.0623,3241,0,0,0,0,0,0,0,0,0,0,0,0,0,0,0,0,0,0,0,0,0
4212736,2057,0,102,100,1,1,0,-4e-05,0.00415,0.0529,3139,0,0,0,0,0,0,0,0,0,0,0,0,0,0,0,0,0,0,0,0,0
4214784,2058,0,106,105,1,0,0,-0.00297,0.00238,0.0511,3117,0,0,0,0,0,0,0,0,0,0,0,0,0,0,0,0,0,0,0,0,0
4216832,2059,0,97,97,0,0,0,-0.00429,0.00135,0.0751,3289,0,0,0,0,0,0,0,0,0,0,0,0,0,0,0,0,0,0,0,0,0
4218880,2060,0,95,94,1,0,0,-0.0054,0.00237,0.0476,2870,0,0,0,0,0,0,0,0,0,0,0,0,0,0,0,0,0,0,0,0,0
4220928,2061,0,103,103,0,0,0,-0.00159,0.00158,0.0538,3195,0,0,0,0,0,0,0,0,0,0,0,0,0,0,0,0,0,0,0,0,0
4222976,2062,0,104,104,0,0,0,-0.00101,0.00135,0.0488,2984,0,0,0,0,0,0,0,0,0,0,0,0,0,0,0,0,0,0,0,0,0
4225024,2063,0,107,107,0,0,0,-0.00308,0.00083,0.0586,2789,0,0,0,0,0,0,0,0,0,0,0,0,0,0,0,0,0,0,0,0,0
4227072,2064,0,97,96,1,0,0,-0.00326,0.00134,0.0582,2902,0,0,0,0,0,0,0,0,0,0,0,0,0,0,0,0,0,0,0,0,0
4229120,2065,0,101,101,0,0,0,-0.00144,0.00078,0.0559,2767,0,0,0,0,0,0,0,0,0,0,0,0,0,0,0,0,0,0,0,0,0
4231168,2066,0,101,101,0,0,0,-0.0012,0.00063,0.0462,2721,0,0,0,0,0,0,0,0,0,0,0,0,0,0,0,0,0,0,0,0,0
4233216,2067,0,109,107,2,0,0,-0.00264,0.00334,0.0557,2622,0,0,0,0,0,0,0,0,0,0,0,0,0,0,0,0,0,0,0,0,0
4235264,2068,0,104,104,0,0,0,-0.00033,0.00072,0.0458,2862,0,0,0,0,0,0,0,0,0,0,0,0,0,0,0,0,0,0,0,0,0
4237312,2069,0,104,104,0,0,0,1e-05,0.00124,0.0436,3083,0,0,0,0,0,0,0,0,0,0,0,0,0,0,0,0,0,0,0,0,0
4239360,2070,0,107,107,0,0,0,-0.00266,0.00069,0.0524,2859,0,0,0,0,0,0,0,0,0,0,0,0,0,0,0,0,0,0,0,0,0
4241408,2071,0,97,97,0,0,0,-0.00398,0.00081,0.0585,2852,0,0,0,0,0,0,0,0,0,0,0,0,0,0,0,0,0,0,0,0,0
4243456,2072,0,105,105,0,0,0,-0.00199,0.00069,0.0437,3052,0,0,0,0,0,0,0,0,0,0,0,0,0,0,0,0,0,0,0,0,0
4245504,2073,0,103,103,0,0,0,-0.00177,0.00086,0.0644,2928,0,0,0,0,0,0,0,0,0,0,0,0,0,0,0,0,0,0,0,0,0
4247552,2074,0,99,98,0,0,1,0.0044,0.00287,0.1059,2805,0,0,0,0,0,0,0,0,0,0,0,0,0,0,0,0,0,0,0,0,0
4249600,2075,0,97,96,0,0,1,0.00368,0.0024,0.0645,2721,0,0,0,0,0,0,0,0,0,0,0,0,0,0,0,0,0,0,0,0,0
4251648,2076,0,100,100,0,0,0,-0.00219,0.0012,0.0609,2955,0,0,0,0,0,0,0,0,0,0,0,0,0,0,0,0,0,0,0,0,0
4253696,2077,0,103,103,0,0,0,-0.00356,0.00093,0.0583,3032,0,0,0,0,0,0,0,0,0,0,0,0,0,0,0,0,0,0,0,0,0
4255744,2078,0,108,108,0,0,0,-0.00028,0.00071,0.0605,2756,0,0,0,0,0,0,0,0,0,0,0,0,0,0,0,0,0,0,0,0,0
4257792,2079,0,102,102,0,0,0,-0.00456,0.00073,0.0808,2901,0,0,0,0,0,0,0,0,0,0,0,0,0,0,0,0,0,0,0,0,0
4259840,2080,0,93,93,0,0,0,-0.00768,0.00138,0.1096,2677,0,0,0,0,0,0,0,0,0,0,0,0,0,0,0,0,0,0,0,0,0
4261888,2081,0,91,90,1,0,0,-0.00651,0.00396,0.0893,2753,0,0,0,0,0,0,0,0,0,0,0,0,0,0,0,0,0,0,0,0,0
4263936,2082,0,99,99,0,0,0,-0.00225,0.00125,0.067,2975,0,0,0,0,0,0,0,0,0,0,0,0,0,0,0,0,0,0,0,0,0
4265984,2083,0,92,92,0,0,0,-0.00771,0.00178,0.0804,3040,0,0,0,0,0,0,0,0,0,0,0,0,0,0,0,0,0,0,0,0,0
4268032,2084,0,103,101,1,1,0,0.00746,0.00466,0.0615,3122,0,0,0,0,0,0,0,0,0,0,0,0,0,0,0,0,0,0,0,0,0
4270080,2085,0,97,97,0,0,0,0.0016,0.00123,0.0552,2872,0,0,0,0,0,0,0,0,0,0,0,0,0,0,0,0,0,0,0,0,0
4272128,2086,0,100,100,0,0,0,-0.00097,0.00122,0.0635,3119,0,0,0,0,0,0,0,0,0,0,0,0,0,0,0,0,0,0,0,0,0
4274176,2087,0,93,92,1,0,0,-0.01016,0.0029,0.087,3203,0,0,0,0,0,0,0,0,0,0,0,0,0,0,0,0,0,0,0,0,0
4276224,2088,0,106,105,0,0,1,-0.00419,0.00293,0.0454,2878,0,0,0,0,0,0,0,0,0,0,0,0,0,0,0,0,0,0,0,0,0
4278272,2089,0,101,101,0,0,0,-0.00109,0.00142,0.0533,2969,0,0,0,0,0,0,0,0,0,0,0,0,0,0,0,0,0,0,0,0,0
4280320,2090,0,103,102,0,0,1,0.0036,0.00251,0.048,2981,0,0,0,0,0,0,0,0,0,0,0,0,0,0,0,0,0,0,0,0,0
4282368,2091,0,98,98,0,0,0,-0.00048,0.00095,0.0497,2788,0,0,0,0,0,0,0,0,0,0,0,0,0,0,0,0,0,0,0,0,0
4284416,2092,0,105,104,1,0,0,-0.00226,0.00194,0.0452,3129,0,0,0,0,0,0,0,0,0,0,0,0,0,0,0,0,0,0,0,0,0
4286464,2093,0,108,108,0,0,0,-0.0028,0.00074,0.0471,2980,0,0,0,0,0,0,0,0,0,0,0,0,0,0,0,0,0,0,0,0,0
4288512,2094,0,109,109,0,0,0,-0.0022,0.00061,0.0455,3156,0,0,0,0,0,0,0,0,0,0,0,0,0,0,0,0,0,0,0,0,0
4290560,2095,0,100,100,0,0,0,0.00436,0.00097,0.0672,3060,0,0,0,0,0,0,0,0,0,0,0,0,0,0,0,0,0,0,0,0,0
4292608,2096,0,96,95,1,0,0,-0.00306,0.00232,0.06,3056,0,0,0,0,0,0,0,0,0,0,0,0,0,0,0,0,0,0,0,0,0
4294656,2097,0,105,105,0,0,0,-0.00249,0.0009,0.0453,2962,0,0,0,0,0,0,0,0,0,0,0,0,0,0,0,0,0,0,0,0,0
4296704,2098,0,102,101,1,0,0,-0.00395,0.00228,0.0484,2594,0,0,0,0,0,0,0,0,0,0,0,0,0,0,0,0,0,0,0,0,0
4298752,2099,0,106,106,0,0,0,-0.00281,0.00074,0.0472,3039,0,0,0,0,0,0,0,0,0,0,0,0,0,0,0,0,0,0,0,0,0
4300800,2100,0,108,108,0,0,0,-0.00314,0.0008,0.0385,3222,0,0,0,0,0,0,0,0,0,0,0,0,0,0,0,0,0,0,0,0,0
4302848,2101,0,106,105,1,0,0,-0.00339,0.00143,0.0425,3013,0,0,0,0,0,0,0,0,0,0,0,0,0,0,0,0,0,0,0,0,0
4304896,2102,0,109,107,1,1,0,-0.00133,0.00237,0.0387,3172,0,0,0,0,0,0,0,0,0,0,0,0,0,0,0,0,0,0,0,0,0
4306944,2103,0,102,102,0,0,0,-0.00112,0.00068,0.0323,3099,0,0,0,0,0,0,0,0,0,0,0,0,0,0,0,0,0,0,0,0,0
4308992,2104,0,105,105,0,0,0,-0.00345,0.00099,0.0378,3031,0,0,0,0,0,0,0,0,0,0,0,0,0,0,0,0,0,0,0,0,0
4311040,2105,0,105,105,0,0,0,-0.00599,0.00079,0.0531,2746,0,0,0,0,0,0,0,0,0,0,0,0,0,0,0,0,0,0,0,0,0
4313088,2106,0,95,95,0,0,0,-0.00499,0.00137,0.0562,2878,0,0,0,0,0,0,0,0,0,0,0,0,0,0,0,0,0,0,0,0,0
4315136,2107,0,100,100,0,0,0,0.00161,0.00123,0.0631,3119,0,0,0,0,0,0,0,0,0,0,0,0,0,0,0,0,0,0,0,0,0
4317184,2108,0,100,99,0,0,1,0.00403,0.00271,0.0562,2764,0,0,0,0,0,0,0,0,0,0,0,0,0,0,0,0,0,0,0,0,0
4319232,2109,0,110,110,0,0,0,-0.00112,0.00066,0.0491,3044,0,0,0,0,0,0,0,0,0,0,0,0,0,0,0,0,0,0,0,0,0
4321280,2110,0,98,98,0,0,0,-0.00491,0.00086,0.0527,2899,0,0,0,0,0,0,0,0,0,0,0,0,0,0,0,0,0,0,0,0,0
4323328,2111,0,105,105,0,0,0,0.00165,0.00078,0.0524,2907,0,0,0,0,0,0,0,0,0,0,0,0,0,0,0,0,0,0,0,0,0
4325376,2112,0,111,110,0,1,0,-0.00592,0.00222,0.0474,2820,0,0,0,0,0,0,0,0,0,0,0,0,0,0,0,0,0,0,0,0,0
4327424,2113,0,97,97,0,0,0,-0.00685,0.00152,0.0691,2975,0,0,0,0,0,0,0,0,0,0,0,0,0,0,0,0,0,0,0,0,0
4329472,2114,0,100,99,1,0,0,-0.00101,0.00243,0.0783,2925,0,0,0,0,0,0,0,0,0,0,0,0,0,0,0,0,0,0,0,0,0
4331520,2115,0,94,94,0,0,0,0.00037,0.00125,0.0801,2844,0,0,0,0,0,0,0,0,0,0,0,0,0,0,0,0,0,0,0,0,0
4333568,2116,0,94,94,0,0,0,0.00019,0.00136,0.0855,2584,0,0,0,0,0,0,0,0,0,0,0,0,0,0,0,0,0,0,0,0,0
4335616,2117,0,90,89,0,0,1,-0.00252,0.00249,0.0712,2708,0,0,0,0,0,0,0,0,0,0,0,0,0,0,0,0,0,0,0,0,0
4337664,2118,0,101,101,0,0,0,-0.00235,0.00133,0.0662,2816,0,0,0,0,0,0,0,0,0,0,0,0,0,0,0,0,0,0,0,0,0
4339712,2119,0,101,101,0,0,0,-0.00187,0.00123,0.0701,2919,0,0,0,0,0,0,0,0,0,0,0,0,0,0,0,0,0,0,0,0,0
4341760,2120,0,101,97,0,4,0,-0.00223,0.00563,0.0758,3009,0,0,0,0,0,0,0,0,0,0,0,0,0,0,0,0,0,0,0,0,0
4343808,2121,0,107,106,0,1,0,-0.00302,0.00236,0.0717,3117,0,0,0,0,0,0,0,0,0,0,0,0,0,0,0,0,0,0,0,0,0
4345856,2122,0,93,93,0,0,0,-0.00511,0.00156,0.1095,2999,0,0,0,0,0,0,0,0,0,0,0,0,0,0,0,0,0,0,0,0,0
4347904,2123,0,98,98,0,0,0,-0.00213,0.00159,0.0868,3044,0,0,0,0,0,0,0,0,0,0,0,0,0,0,0,0,0,0,0,0,0
4349952,2124,0,99,98,0,0,1,-0.00129,0.00205,0.0883,2980,0,0,0,0,0,0,0,0,0,0,0,0,0,0,0,0,0,0,0,0,0
4352000,2125,0,103,103,0,0,0,-0.00224,0.00094,0.0655,2919,0,0,0,0,0,0,0,0,0,0,0,0,0,0,0,0,0,0,0,0,0
4354048,2126,0,105,105,0,0,0,-0.00254,0.00084,0.059,2974,0,0,0,0,0,0,0,0,0,0,0,0,0,0,0,0,0,0,0,0,0
4356096,2127,0,100,99,1,0,0,-0.00191,0.00267,0.098,3008,0,0,0,0,0,0,0,0,0,0,0,0,0,0,0,0,0,0,0,0,0
4358144,2128,0,94,94,0,0,0,0.00143,0.00134,0.0593,2969,0,0,0,0,0,0,0,0,0,0,0,0,0,0,0,0,0,0,0,0,0
4360192,2129,0,100,100,0,0,0,-0.00035,0.00126,0.0875,2914,0,0,0,0,0,0,0,0,0,0,0,0,0,0,0,0,0,0,0,0,0
4362240,2130,0,104,103,0,0,1,-0.00615,0.00277,0.0779,3000,0,0,0,0,0,0,0,0,0,0,0,0,0,0,0,0,0,0,0,0,0
4364288,2131,0,107,106,0,1,0,-0.00204,0.00215,0.0621,3285,0,0,0,0,0,0,0,0,0,0,0,0,0,0,0,0,0,0,0,0,0
4366336,2132,0,95,94,0,1,0,-0.00399,0.00264,0.0818,2911,0,0,0,0,0,0,0,0,0,0,0,0,0,0,0,0,0,0,0,0,0
4368384,2133,0,99,99,0,0,0,-0.00496,0.0014,0.0801,3054,0,0,0,0,0,0,0,0,0,0,0,0,0,0,0,0,0,0,0,0,0
4370432,2134,0,101,100,0,0,1,-0.01842,0.0022,0.0698,3089,0,0,0,0,0,0,0,0,0,0,0,0,0,0,0,0,0,0,0,0,0
4372480,2135,0,109,107,2,0,0,-0.00239,0.00246,0.0458,3108,0,0,0,0,0,0,0,0,0,0,0,0,0,0,0,0,0,0,0,0,0
4374528,2136,0,104,104,0,0,0,-0.00271,0.00094,0.0553,3405,0,0,0,0,0,0,0,0,0,0,0,0,0,0,0,0,0,0,0,0,0
4376576,2137,0,102,102,0,0,0,-0.00176,0.00096,0.0584,3227,0,0,0,0,0,0,0,0,0,0,0,0,0,0,0,0,0,0,0,0,0
4378624,2138,0,114,114,0,0,0,-0.00178,0.00066,0.041,3177,0,0,0,0,0,0,0,0,0,0,0,0,0,0,0,0,0,0,0,0,0
4380672,2139,0,106,106,0,0,0,-0.00163,0.00067,0.047,3271,0,0,0,0,0,0,0,0,0,0,0,0,0,0,0,0,0,0,0,0,0
4382720,2140,0,101,101,0,0,0,-0.00303,0.00068,0.0445,2936,0,0,0,0,0,0,0,0,0,0,0,0,0,0,0,0,0,0,0,0,0
4384768,2141,0,107,107,0,0,0,-0.00392,0.0008,0.0508,3183,0,0,0,0,0,0,0,0,0,0,0,0,0,0,0,0,0,0,0,0,0
4386816,2142,0,103,103,0,0,0,-0.00344,0.00092,0.057,2729,0,0,0,0,0,0,0,0,0,0,0,0,0,0,0,0,0,0,0,0,0
4388864,2143,0,108,108,0,0,0,-0.00446,0.001,0.0401,2867,0,0,0,0,0,0,0,0,0,0,0,0,0,0,0,0,0,0,0,0,0
4390912,2144,0,103,103,0,0,0,-0.00495,0.00085,0.0446,2787,0,0,0,0,0,0,0,0,0,0,0,0,0,0,0,0,0,0,0,0,0
4392960,2145,0,98,97,1,0,0,-0.00478,0.0023,0.0529,2872,0,0,0,0,0,0,0,0,0,0,0,0,0,0,0,0,0,0,0,0,0
4395008,2146,0,111,111,0,0,0,-0.00258,0.00207,0.0366,2671,0,0,0,0,0,0,0,0,0,0,0,0,0,0,0,0,0,0,0,0,0
4397056,2147,0,103,102,0,1,0,-0.0001,0.00251,0.0372,2759,0,0,0,0,0,0,0,0,0,0,0,0,0,0,0,0,0,0,0,0,0
4399104,2148,0,106,105,0,1,0,-0.00319,0.00243,0.0529,2934,0,0,0,0,0,0,0,0,0,0,0,0,0,0,0,0,0,0,0,0,0
4401152,2149,0,99,99,0,0,0,-0.00047,0.00098,0.0498,2619,0,0,0,0,0,0,0,0,0,0,0,0,0,0,0,0,0,0,0,0,0
4403200,2150,0,105,104,1,0,0,-0.00137,0.00193,0.0656,2873,0,0,0,0,0,0,0,0,0,0,0,0,0,0,0,0,0,0,0,0,0
4405248,2151,0,104,104,0,0,0,-0.0028,0.00076,0.0367,2667,0,0,0,0,0,0,0,0,0,0,0,0,0,0,0,0,0,0,0,0,0
4407296,2152,0,104,104,0,0,0,-0.00353,0.00077,0.0501,2748,0,0,0,0,0,0,0,0,0,0,0,0,0,0,0,0,0,0,0,0,0
4409344,2153,0,106,106,0,0,0,-0.00417,0.00066,0.0521,2609,0,0,0,0,0,0,0,0,0,0,0,0,0,0,0,0,0,0,0,0,0
4411392,2154,0,102,102,0,0,0,-0.00221,0.00068,0.0444,2860,0,0,0,0,0,0,0,0,0,0,0,0,0,0,0,0,0,0,0,0,0
4413440,2155,0,96,96,0,0,0,0.00175,0.0018,0.066,2927,0,0,0,0,0,0,0,0,0,0,0,0,0,0,0,0,0,0,0,0,0
4415488,2156,0,91,90,0,0,1,-0.00223,0.0029,0.0872,2966,0,0,0,0,0,0,0,0,0,0,0,0,0,0,0,0,0,0,0,0,0
4417536,2157,0,103,102,0,0,1,-0.00283,0.00272,0.0692,2867,0,0,0,0,0,0,0,0,0,0,0,0,0,0,0,0,0,0,0,0,0
4419584,2158,0,103,103,0,0,0,-0.00464,0.00098,0.0661,2789,0,0,0,0,0,0,0,0,0,0,0,0,0,0,0,0,0,0,0,0,0
4421632,2159,0,102,102,0,0,0,-0.00213,0.00098,0.0778,2911,0,0,0,0,0,0,0,0,0,0,0,0,0,0,0,0,0,0,0,0,0
4423680,2160,0,94,93,1,0,0,-0.00457,0.00191,0.0839,2799,0,0,0,0,0,0,0,0,0,0,0,0,0,0,0,0,0,0,0,0,0
4425728,2161,0,105,102,2,1,0,-0.00311,0.00379,0.0847,2747,0,0,0,0,0,0,0,0,0,0,0,0,0,0,0,0,0,0,0,0,0
4427776,2162,0,103,103,0,0,0,-0.00188,0.00092,0.0601,2632,0,0,0,0,0,0,0,0,0,0,0,0,0,0,0,0,0,0,0,0,0
4429824,2163,0,109,109,0,0,0,-0.00201,0.00065,0.043,2752,0,0,0,0,0,0,0,0,0,0,0,0,0,0,0,0,0,0,0,0,0
4431872,2164,0,102,102,0,0,0,-0.00346,0.00114,0.0698,2799,0,0,0,0,0,0,0,0,0,0,0,0,0,0,0,0,0,0,0,0,0
4433920,2165,0,94,92,0,0,2,-0.00915,0.00427,0.0882,2609,0,0,0,0,0,0,0,0,0,0,0,0,0,0,0,0,0,0,0,0,0
4435968,2166,0,105,103,0,2,0,-0.0027,0.00329,0.049,2856,0,0,0,0,0,0,0,0,0,0,0,0,0,0,0,0,0,0,0,0,0
4438016,2167,0,105,105,0,0,0,-0.00095,0.00104,0.0568,2636,0,0,0,0,0,0,0,0,0,0,0,0,0,0,0,0,0,0,0,0,0
4440064,2168,0,100,100,0,0,0,-0.00684,0.00117,0.0896,2888,0,0,0,0,0,0,0,0,0,0,0,0,0,0,0,0,0,0,0,0,0
4442112,2169,0,96,96,0,0,0,-0.00307,0.00094,0.0763,2878,0,0,0,0,0,0,0,0,0,0,0,0,0,0,0,0,0,0,0,0,0
4444160,2170,0,92,90,0,2,0,-0.0039,0.0036,0.108,2952,0,0,0,0,0,0,0,0,0,0,0,0,0,0,0,0,0,0,0,0,0
4446208,2171,0,101,101,0,0,0,-0.00224,0.00115,0.0702,2832,0,0,0,0,0,0,0,0,0,0,0,0,0,0,0,0,0,0,0,0,0
4448256,2172,0,105,105,0,0,0,-0.00381,0.00099,0.0555,2826,0,0,0,0,0,0,0,0,0,0,0,0,0,0,0,0,0,0,0,0,0
4450304,2173,0,102,102,0,0,0,-0.00744,0.00132,0.0585,2775,0,0,0,0,0,0,0,0,0,0,0,0,0,0,0,0,0,0,0,0,0
4452352,2174,0,102,100,2,0,0,-0.00174,0.0034,0.073,2952,0,0,0,0,0,0,0,0,0,0,0,0,0,0,0,0,0,0,0,0,0
4454400,2175,0,109,108,1,0,0,-0.0045,0.00307,0.0634,2722,0,0,0,0,0,0,0,0,0,0,0,0,0,0,0,0,0,0,0,0,0
4456448,2176,0,98,98,0,0,0,-0.0011,0.00115,0.0805,2400,0,0,0,0,0,0,0,0,0,0,0,0,0,0,0,0,0,0,0,0,0
4458496,2177,0,95,95,0,0,0,-0.0018,0.00138,0.0941,2748,0,0,0,0,0,0,0,0,0,0,0,0,0,0,0,0,0,0,0,0,0
4460544,2178,0,107,106,0,0,1,-0.00858,0.0024,0.066,2901,0,0,0,0,0,0,0,0,0,0,0,0,0,0,0,0,0,0,0,0,0
4462592,2179,0,104,104,0,0,0,-0.00223,0.0009,0.0636,3063,0,0,0,0,0,0,0,0,0,0,0,0,0,0,0,0,0,0,0,0,0
4464640,2180,0,98,98,0,0,0,-0.00218,0.00106,0.0577,3149,0,0,0,0,0,0,0,0,0,0,0,0,0,0,0,0,0,0,0,0,0
4466688,2181,0,102,99,1,1,1,-0.00199,0.00326,0.0555,3020,0,0,0,0,0,0,0,0,0,0,0,0,0,0,0,0,0,0,0,0,0
4468736,2182,0,101,101,0,0,0,-0.00351,0.0009,0.0623,3109,0,0,0,0,0,0,0,0,0,0,0,0,0,0,0,0,0,0,0,0,0
4470784,2183,0,103,103,0,0,0,-0.00164,0.0007,0.0539,3140,0,0,0,0,0,0,0,0,0,0,0,0,0,0,0,0,0,0,0,0,0
4472832,2184,0,100,100,0,0,0,-0.00251,0.00103,0.0491,3216,0,0,0,0,0,0,0,0,0,0,0,0,0,0,0,0,0,0,0,0,0
4474880,2185,0,106,106,0,0,0,-0.00226,0.00089,0.0632,2982,0,0,0,0,0,0,0,0,0,0,0,0,0,0,0,0,0,0,0,0,0
4476928,2186,0,104,102,1,1,0,-0.00321,0.00309,0.0568,3097,0,0,0,0,0,0,0,0,0,0,0,0,0,0,0,0,0,0,0,0,0
4478976,2187,0,92,92,0,0,0,-0.0028,0.00147,0.1399,3361,0,0,0,0,0,0,0,0,0,0,0,0,0,0,0,0,0,0,0,0,0
4481024,2188,0,79,78,0,0,1,0.00089,0.00346,0.1182,3047,0,0,0,0,0,0,0,0,0,0,0,0,0,0,0,0,0,0,0,0,0
4483072,2189,0,96,96,0,0,0,-0.00117,0.00255,0.1028,3201,0,0,0,0,0,0,0,0,0,0,0,0,0,0,0,0,0,0,0,0,0
4485120,2190,0,81,80,0,0,1,0.00125,0.00363,0.1898,2876,0,0,0,0,0,0,0,0,0,0,0,0,0,0,0,0,0,0,0,0,0
4487168,2191,0,66,63,0,0,3,-0.00606,0.0061,0.3163,3087,0,0,0,0,0,0,0,0,0,0,0,0,0,0,0,0,0,0,0,0,0
4489216,2192,0,86,82,1,0,3,-0.00016,0.00684,0.1997,3237,0,0,0,0,0,0,0,0,0,0,0,0,0,0,0,0,0,0,0,0,0
4491264,2193,0,95,94,0,0,1,-0.0038,0.00276,0.1305,3268,0,0,0,0,0,0,0,0,0,0,0,0,0,0,0,0,0,0,0,0,0
4493312,2194,0,81,79,0,0,2,-0.00289,0.00385,0.2709,2910,0,0,0,0,0,0,0,0,0,0,0,0,0,0,0,0,0,0,0,0,0
4495360,2195,0,101,99,0,0,2,-0.00359,0.00305,0.1265,2817,0,0,0,0,0,0,0,0,0,0,0,0,0,0,0,0,0,0,0,0,0
4497408,2196,0,100,100,0,0,0,-0.00293,0.00156,0.0835,2870,0,0,0,0,0,0,0,0,0,0,0,0,0,0,0,0,0,0,0,0,0
4499456,2197,0,104,104,0,0,0,-0.00611,0.00122,0.0757,2739,0,0,0,0,0,0,0,0,0,0,0,0,0,0,0,0,0,0,0,0,0
4501504,2198,0,98,96,0,2,0,-0.00334,0.00352,0.059,3035,0,0,0,0,0,0,0,0,0,0,0,0,0,0,0,0,0,0,0,0,0
4503552,2199,0,106,106,0,0,0,-0.00186,0.00097,0.0531,2888,0,0,0,0,0,0,0,0,0,0,0,0,0,0,0,0,0,0,0,0,0
4505600,2200,0,102,101,0,1,0,0.00098,0.00159,0.0526,2961,0,0,0,0,0,0,0,0,0,0,0,0,0,0,0,0,0,0,0,0,0
4507648,2201,0,106,106,0,0,0,-3e-05,0.00083,0.0468,2945,0,0,0,0,0,0,0,0,0,0,0,0,0,0,0,0,0,0,0,0,0
4509696,2202,0,108,108,0,0,0,-0.00232,0.00076,0.0455,2695,0,0,0,0,0,0,0,0,0,0,0,0,0,0,0,0,0,0,0,0,0
4511744,2203,0,103,102,0,1,0,-0.00298,0.00249,0.0468,3049,0,0,0,0,0,0,0,0,0,0,0,0,0,0,0,0,0,0,0,0,0
4513792,2204,0,109,105,1,3,0,-0.00259,0.00649,0.0427,3071,0,0,0,0,0,0,0,0,0,0,0,0,0,0,0,0,0,0,0,0,0
4515840,2205,0,101,99,0,2,0,-0.00274,0.00426,0.046,3066,0,0,0,0,0,0,0,0,0,0,0,0,0,0,0,0,0,0,0,0,0
4517888,2206,0,98,98,0,0,0,-0.0023,0.00129,0.0524,3065,0,0,0,0,0,0,0,0,0,0,0,0,0,0,0,0,0,0,0,0,0
4519936,2207,0,102,102,0,0,0,-0.00196,0.00099,0.0485,2930,0,0,0,0,0,0,0,0,0,0,0,0,0,0,0,0,0,0,0,0,0
4521984,2208,0,101,100,1,0,0,-0.00324,0.0011,0.0408,3209,0,0,0,0,0,0,0,0,0,0,0,0,0,0,0,0,0,0,0,0,0
4524032,2209,0,104,103,1,0,0,-0.00313,0.00201,0.0406,3111,0,0,0,0,0,0,0,0,0,0,0,0,0,0,0,0,0,0,0,0,0
4526080,2210,0,103,103,0,0,0,-0.00226,0.0007,0.0396,3055,0,0,0,0,0,0,0,0,0,0,0,0,0,0,0,0,0,0,0,0,0
4528128,2211,0,110,110,0,0,0,-0.00164,0.0007,0.0335,3037,0,0,0,0,0,0,0,0,0,0,0,0,0,0,0,0,0,0,0,0,0
4530176,2212,0,103,103,0,0,0,-0.00278,0.0009,0.0432,2772,0,0,0,0,0,0,0,0,0,0,0,0,0,0,0,0,0,0,0,0,0
4532224,2213,0,102,102,0,0,0,-0.0002,0.00103,0.037,2990,0,0,0,0,0,0,0,0,0,0,0,0,0,0,0,0,0,0,0,0,0
4534272,2214,0,108,108,0,0,0,-0.00132,0.00103,0.0287,2745,0,0,0,0,0,0,0,0,0,0,0,0,0,0,0,0,0,0,0,0,0
4536320,2215,0,101,101,0,0,0,-0.0037,0.00094,0.0468,2885,0,0,0,0,0,0,0,0,0,0,0,0,0,0,0,0,0,0,0,0,0
4538368,2216,0,102,102,0,0,0,-0.00784,0.00111,0.0402,3138,0,0,0,0,0,0,0,0,0,0,0,0,0,0,0,0,0,0,0,0,0
4540416,2217,0,98,98,0,0,0,-0.00131,0.00138,0.0492,2961,0,0,0,0,0,0,0,0,0,0,0,0,0,0,0,0,0,0,0,0,0
4542464,2218,0,106,106,0,0,0,-0.00044,0.00074,0.0375,2956,0,0,0,0,0,0,0,0,0,0,0,0,0,0,0,0,0,0,0,0,0
4544512,2219,0,96,96,0,0,0,-0.00326,0.00164,0.0618,2907,0,0,0,0,0,0,0,0,0,0,0,0,0,0,0,0,0,0,0,0,0
4546560,2220,0,105,104,0,1,0,0.00114,0.00222,0.0463,2916,0,0,0,0,0,0,0,0,0,0,0,0,0,0,0,0,0,0,0,0,0
4548608,2221,0,103,103,0,0,0,-0.00275,0.00097,0.0465,2860,0,0,0,0,0,0,0,0,0,0,0,0,0,0,0,0,0,0,0,0,0
4550656,2222,0,95,95,0,0,0,-0.00182,0.00082,0.0472,2862,0,0,0,0,0,0,0,0,0,0,0,0,0,0,0,0,0,0,0,0,0
4552704,2223,0,109,109,0,0,0,-0.00383,0.00064,0.0537,3110,0,0,0,0,0,0,0,0,0,0,0,0,0,0,0,0,0,0,0,0,0
4554752,2224,0,91,91,0,0,0,0.00015,0.00178,0.0695,3062,0,0,0,0,0,0,0,0,0,0,0,0,0,0,0,0,0,0,0,0,0
4556800,2225,0,91,91,0,0,0,-0.00434,0.00207,0.0897,3123,0,0,0,0,0,0,0,0,0,0,0,0,0,0,0,0,0,0,0,0,0
4558848,2226,0,95,95,0,0,0,3e-05,0.00199,0.0881,2989,0,0,0,0,0,0,0,0,0,0,0,0,0,0,0,0,0,0,0,0,0
4560896,2227,0,99,99,0,0,0,-0.00652,0.00124,0.0853,2900,0,0,0,0,0,0,0,0,0,0,0,0,0,0,0,0,0,0,0,0,0
4562944,2228,0,98,97,1,0,0,-0.0027,0.00126,0.0741,3164,0,0,0,0,0,0,0,0,0,0,0,0,0,0,0,0,0,0,0,0,0
4564992,2229,0,105,102,3,0,0,-0.00238,0.00418,0.0787,3222,0,0,0,0,0,0,0,0,0,0,0,0,0,0,0,0,0,0,0,0,0
4567040,2230,0,97,97,0,0,0,-0.00617,0.00139,0.0669,2741,0,0,0,0,0,0,0,0,0,0,0,0,0,0,0,0,0,0,0,0,0
4569088,2231,0,100,100,0,0,0,-0.00585,0.00119,0.0613,3185,0,0,0,0,0,0,0,0,0,0,0,0,0,0,0,0,0,0,0,0,0
4571136,2232,0,102,102,0,0,0,-0.00568,0.00112,0.0831,3003,0,0,0,0,0,0,0,0,0,0,0,0,0,0,0,0,0,0,0,0,0
4573184,2233,0,92,92,0,0,0,-0.00303,0.00125,0.0974,3051,0,0,0,0,0,0,0,0,0,0,0,0,0,0,0,0,0,0,0,0,0
4575232,2234,0,112,109,0,2,1,-0.00335,0.00336,0.0448,2930,0,0,0,0,0,0,0,0,0,0,0,0,0,0,0,0,0,0,0,0,0
4577280,2235,0,105,105,0,0,0,-0.00338,0.00099,0.0639,3021,0,0,0,0,0,0,0,0,0,0,0,0,0,0,0,0,0,0,0,0,0
4579328,2236,0,94,93,1,0,0,-0.00392,0.00321,0.0815,3247,0,0,0,0,0,0,0,0,0,0,0,0,0,0,0,0,0,0,0,0,0
4581376,2237,0,98,97,0,1,0,-0.00372,0.00325,0.0694,3113,0,0,0,0,0,0,0,0,0,0,0,0,0,0,0,0,0,0,0,0,0
4583424,2238,0,94,94,0,0,0,-0.00303,0.00143,0.0855,3185,0,0,0,0,0,0,0,0,0,0,0,0,0,0,0,0,0,0,0,0,0
4585472,2239,0,101,98,0,2,1,-0.00306,0.005,0.0663,3048,0,0,0,0,0,0,0,0,0,0,0,0,0,0,0,0,0,0,0,0,0
4587520,2240,0,103,103,0,0,0,-0.00107,0.00094,0.0567,2826,0,0,0,0,0,0,0,0,0,0,0,0,0,0,0,0,0,0,0,0,0
4589568,2241,0,105,105,0,0,0,-0.00397,0.00095,0.0647,2888,0,0,0,0,0,0,0,0,0,0,0,0,0,0,0,0,0,0,0,0,0
4591616,2242,0,108,108,0,0,0,-0.00092,0.0007,0.0536,2993,0,0,0,0,0,0,0,0,0,0,0,0,0,0,0,0,0,0,0,0,0
4593664,2243,0,100,100,0,0,0,-0.00265,0.0008,0.071,3027,0,0,0,0,0,0,0,0,0,0,0,0,0,0,0,0,0,0,0,0,0
4595712,2244,0,100,99,1,0,0,-0.00111,0.00199,0.0808,2981,0,0,0,0,0,0,0,0,0,0,0,0,0,0,0,0,0,0,0,0,0
4597760,2245,0,98,98,0,0,0,-0.00133,0.00082,0.0528,2853,0,0,0,0,0,0,0,0,0,0,0,0,0,0,0,0,0,0,0,0,0
4599808,2246,0,111,110,1,0,0,-0.00635,0.00179,0.0589,2950,0,0,0,0,0,0,0,0,0,0,0,0,0,0,0,0,0,0,0,0,0
4601856,2247,0,98,96,0,1,1,-0.0052,0.00328,0.0727,2886,0,0,0,0,0,0,0,0,0,0,0,0,0,0,0,0,0,0,0,0,0
4603904,2248,0,101,101,0,0,0,-0.00277,0.00097,0.0544,3103,0,0,0,0,0,0,0,0,0,0,0,0,0,0,0,0,0,0,0,0,0
4605952,2249,0,84,84,0,0,0,-0.0043,0.0016,0.0724,3120,0,0,0,0,0,0,0,0,0,0,0,0,0,0,0,0,0,0,0,0,0
4608000,2250,0,95,93,0,0,2,-0.00128,0.00418,0.0608,3259,0,0,0,0,0,0,0,0,0,0,0,0,0,0,0,0,0,0,0,0,0
4610048,2251,0,100,100,0,0,0,-0.00926,0.00142,0.0875,3021,0,0,0,0,0,0,0,0,0,0,0,0,0,0,0,0,0,0,0,0,0
4612096,2252,0,102,101,0,0,1,0.0003,0.00211,0.0941,3283,0,0,0,0,0,0,0,0,0,0,0,0,0,0,0,0,0,0,0,0,0
4614144,2253,0,102,100,2,0,0,-0.00535,0.00381,0.084,3312,0,0,0,0,0,0,0,0,0,0,0,0,0,0,0,0,0,0,0,0,0
4616192,2254,0,106,104,0,2,0,-0.00244,0.00329,0.0572,3184,0,0,0,0,0,0,0,0,0,0,0,0,0,0,0,0,0,0,0,0,0
4618240,2255,0,108,107,0,1,0,-0.00217,0.00195,0.0616,3015,0,0,0,0,0,0,0,0,0,0,0,0,0,0,0,0,0,0,0,0,0
4620288,2256,0,112,111,1,0,0,-0.00245,0.00094,0.0375,3143,0,0,0,0,0,0,0,0,0,0,0,0,0,0,0,0,0,0,0,0,0
4622336,2257,0,96,96,0,0,0,-0.00421,0.00099,0.05,3155,0,0,0,0,0,0,0,0,0,0,0,0,0,0,0,0,0,0,0,0,0
4624384,2258,0,102,102,0,0,0,0.00027,0.00101,0.0485,2998,0,0,0,0,0,0,0,0,0,0,0,0,0,0,0,0,0,0,0,0,0
4626432,2259,0,101,101,0,0,0,0.00085,0.00122,0.0408,3183,0,0,0,0,0,0,0,0,0,0,0,0,0,0,0,0,0,0,0,0,0
4628480,2260,0,106,106,0,0,0,0.00053,0.00087,0.0336,2808,0,0,0,0,0,0,0,0,0,0,0,0,0,0,0,0,0,0,0,0,0
4630528,2261,0,102,102,0,0,0,0.00113,0.00088,0.0327,2832,0,0,0,0,0,0,0,0,0,0,0,0,0,0,0,0,0,0,0,0,0
4632576,2262,0,109,109,0,0,0,-0.00091,0.00058,0.0308,3001,0,0,0,0,0,0,0,0,0,0,0,0,0,0,0,0,0,0,0,0,0
4634624,2263,0,107,107,0,0,0,-0.00266,0.0008,0.0424,2993,0,0,0,0,0,0,0,0,0,0,0,0,0,0,0,0,0,0,0,0,0
4636672,2264,0,100,100,0,0,0,-0.00106,0.00076,0.0363,2896,0,0,0,0,0,0,0,0,0,0,0,0,0,0,0,0,0,0,0,0,0
4638720,2265,0,106,106,0,0,0,-0.00185,0.00077,0.0279,3037,0,0,0,0,0,0,0,0,0,0,0,0,0,0,0,0,0,0,0,0,0
4640768,2266,0,102,102,0,0,0,-0.00261,0.00077,0.037,3023,0,0,0,0,0,0,0,0,0,0,0,0,0,0,0,0,0,0,0,0,0
4642816,2267,0,96,96,0,0,0,-0.00414,0.00162,0.0659,3182,0,0,0,0,0,0,0,0,0,0,0,0,0,0,0,0,0,0,0,0,0
4644864,2268,0,96,94,0,2,0,-0.00179,0.00336,0.06,3033,0,0,0,0,0,0,0,0,0,0,0,0,0,0,0,0,0,0,0,0,0
4646912,2269,0,94,94,0,0,0,-0.00699,0.00154,0.0441,2938,0,0,0,0,0,0,0,0,0,0,0,0,0,0,0,0,0,0,0,0,0
4648960,2270,0,103,102,1,0,0,-0.00147,0.0017,0.0505,2830,0,0,0,0,0,0,0,0,0,0,0,0,0,0,0,0,0,0,0,0,0
4651008,2271,0,111,110,1,0,0,-0.00391,0.00212,0.037,2911,0,0,0,0,0,0,0,0,0,0,0,0,0,0,0,0,0,0,0,0,0
4653056,2272,0,100,100,0,0,0,-0.00389,0.00113,0.0456,2994,0,0,0,0,0,0,0,0,0,0,0,0,0,0,0,0,0,0,0,0,0
4655104,2273,0,94,93,0,0,1,-0.00088,0.00199,0.0382,3136,0,0,0,0,0,0,0,0,0,0,0,0,0,0,0,0,0,0,0,0,0
4657152,2274,0,106,106,0,0,0,-0.00186,0.00072,0.0342,2741,0,0,0,0,0,0,0,0,0,0,0,0,0,0,0,0,0,0,0,0,0
4659200,2275,0,101,101,0,0,0,0.00041,0.00134,0.0457,3178,0,0,0,0,0,0,0,0,0,0,0,0,0,0,0,0,0,0,0,0,0
4661248,2276,0,98,98,0,0,0,-0.00337,0.00119,0.0551,3219,0,0,0,0,0,0,0,0,0,0,0,0,0,0,0,0,0,0,0,0,0
4663296,2277,0,101,101,0,0,0,-0.0023,0.00095,0.0568,3082,0,0,0,0,0,0,0,0,0,0,0,0,0,0,0,0,0,0,0,0,0
4665344,2278,0,97,97,0,0,0,-0.00389,0.00107,0.0607,3237,0,0,0,0,0,0,0,0,0,0,0,0,0,0,0,0,0,0,0,0,0
4667392,2279,0,104,104,0,0,0,-0.00295,0.00123,0.0495,3042,0,0,0,0,0,0,0,0,0,0,0,0,0,0,0,0,0,0,0,0,0
4669440,2280,0,105,105,0,0,0,-0.00397,0.00077,0.0547,3382,0,0,0,0,0,0,0,0,0,0,0,0,0,0,0,0,0,0,0,0,0
4671488,2281,0,103,102,1,0,0,-0.00476,0.00194,0.0484,3301,0,0,0,0,0,0,0,0,0,0,0,0,0,0,0,0,0,0,0,0,0
4673536,2282,0,103,103,0,0,0,-0.0131,0.00106,0.0508,2909,0,0,0,0,0,0,0,0,0,0,0,0,0,0,0,0,0,0,0,0,0
4675584,2283,0,105,105,0,0,0,-0.00189,0.00085,0.0465,2944,0,0,0,0,0,0,0,0,0,0,0,0,0,0,0,0,0,0,0,0,0
4677632,2284,0,107,107,0,0,0,-0.00121,0.00086,0.0443,3082,0,0,0,0,0,0,0,0,0,0,0,0,0,0,0,0,0,0,0,0,0
4679680,2285,0,100,100,0,0,0,-0.00226,0.00144,0.0465,2948,0,0,0,0,0,0,0,0,0,0,0,0,0,0,0,0,0,0,0,0,0
4681728,2286,0,101,100,1,0,0,-0.01091,0.00148,0.0492,2978,0,0,0,0,0,0,0,0,0,0,0,0,0,0,0,0,0,0,0,0,0
4683776,2287,0,101,101,0,0,0,0.00044,0.00141,0.0726,2725,0,0,0,0,0,0,0,0,0,0,0,0,0,0,0,0,0,0,0,0,0
4685824,2288,0,97,95,1,0,1,-0.00741,0.00344,0.1088,2952,0,0,0,0,0,0,0,0,0,0,0,0,0,0,0,0,0,0,0,0,0
4687872,2289,0,99,98,0,0,1,-0.00953,0.00287,0.0741,2702,0,0,0,0,0,0,0,0,0,0,0,0,0,0,0,0,0,0,0,0,0
4689920,2290,0,106,105,1,0,0,-0.00052,0.00204,0.0625,2658,0,0,0,0,0,0,0,0,0,0,0,0,0,0,0,0,0,0,0,0,0
4691968,2291,0,100,99,0,1,0,-0.00299,0.00228,0.0696,2701,0,0,0,0,0,0,0,0,0,0,0,0,0,0,0,0,0,0,0,0,0
4694016,2292,0,102,102,0,0,0,-0.00249,0.00115,0.0701,2980,0,0,0,0,0,0,0,0,0,0,0,0,0,0,0,0,0,0,0,0,0
4696064,2293,0,100,100,0,0,0,-0.00311,0.00085,0.0613,2830,0,0,0,0,0,0,0,0,0,0,0,0,0,0,0,0,0,0,0,0,0
4698112,2294,0,98,98,0,0,0,-0.00466,0.00118,0.063,2971,0,0,0,0,0,0,0,0,0,0,0,0,0,0,0,0,0,0,0,0,0
4700160,2295,0,102,101,0,1,0,-0.00274,0.00213,0.0469,2838,0,0,0,0,0,0,0,0,0,0,0,0,0,0,0,0,0,0,0,0,0
4702208,2296,0,102,102,0,0,0,0.0002,0.001,0.043,2971,0,0,0,0,0,0,0,0,0,0,0,0,0,0,0,0,0,0,0,0,0
4704256,2297,0,102,100,2,0,0,-0.00225,0.00262,0.0541,2942,0,0,0,0,0,0,0,0,0,0,0,0,0,0,0,0,0,0,0,0,0
4706304,2298,0,105,103,1,1,0,-0.0027,0.00279,0.0503,2968,0,0,0,0,0,0,0,0,0,0,0,0,0,0,0,0,0,0,0,0,0
4708352,2299,0,109,109,0,0,0,-0.00173,0.00067,0.0442,3045,0,0,0,0,0,0,0,0,0,0,0,0,0,0,0,0,0,0,0,0,0
4710400,2300,0,105,105,0,0,0,-0.00185,0.00078,0.0458,2926,0,0,0,0,0,0,0,0,0,0,0,0,0,0,0,0,0,0,0,0,0
4712448,2301,0,102,102,0,0,0,-0.00371,0.00128,0.0554,3119,0,0,0,0,0,0,0,0,0,0,0,0,0,0,0,0,0,0,0,0,0
4714496,2302,0,107,107,0,0,0,-0.00273,0.00154,0.0499,2903,0,0,0,0,0,0,0,0,0,0,0,0,0,0,0,0,0,0,0,0,0
4716544,2303,0,110,110,0,0,0,-0.00292,0.0008,0.0465,3188,0,0,0,0,0,0,0,0,0,0,0,0,0,0,0,0,0,0,0,0,0
4718592,2304,0,92,92,0,0,0,-0.01326,0.00247,0.0933,3110,0,0,0,0,0,0,0,0,0,0,0,0,0,0,0,0,0,0,0,0,0
4720640,2305,0,101,101,0,0,0,-0.00485,0.00131,0.0722,2780,0,0,0,0,0,0,0,0,0,0,0,0,0,0,0,0,0,0,0,0,0
4722688,2306,0,94,94,0,0,0,-0.00995,0.00187,0.0815,2892,0,0,0,0,0,0,0,0,0,0,0,0,0,0,0,0,0,0,0,0,0
4724736,2307,0,103,101,1,1,0,-0.00208,0.00365,0.0552,2909,0,0,0,0,0,0,0,0,0,0,0,0,0,0,0,0,0,0,0,0,0
4726784,2308,0,111,111,0,0,0,-0.00281,0.00092,0.0554,2772,0,0,0,0,0,0,0,0,0,0,0,0,0,0,0,0,0,0,0,0,0
4728832,2309,0,86,86,0,0,0,-0.00963,0.00187,0.0843,3151,0,0,0,0,0,0,0,0,0,0,0,0,0,0,0,0,0,0,0,0,0
4730880,2310,0,103,103,0,0,0,0.00049,0.00124,0.0406,2847,0,0,0,0,0,0,0,0,0,0,0,0,0,0,0,0,0,0,0,0,0
4732928,2311,0,106,106,0,0,0,-0.00068,0.00067,0.038,2817,0,0,0,0,0,0,0,0,0,0,0,0,0,0,0,0,0,0,0,0,0
4734976,2312,0,103,103,0,0,0,-0.00172,0.00078,0.0489,2930,0,0,0,0,0,0,0,0,0,0,0,0,0,0,0,0,0,0,0,0,0
4737024,2313,0,104,104,0,0,0,-0.00241,0.00054,0.0358,2948,0,0,0,0,0,0,0,0,0,0,0,0,0,0,0,0,0,0,0,0,0
4739072,2314,0,108,108,0,0,0,-0.00272,0.00062,0.0327,2812,0,0,0,0,0,0,0,0,0,0,0,0,0,0,0,0,0,0,0,0,0
4741120,2315,0,103,103,0,0,0,-0.00096,0.00058,0.0329,3001,0,0,0,0,0,0,0,0,0,0,0,0,0,0,0,0,0,0,0,0,0
4743168,2316,0,102,102,0,0,0,-0.00489,0.0008,0.0445,2898,0,0,0,0,0,0,0,0,0,0,0,0,0,0,0,0,0,0,0,0,0
4745216,2317,0,106,106,0,0,0,-0.00389,0.00071,0.0402,2697,0,0,0,0,0,0,0,0,0,0,0,0,0,0,0,0,0,0,0,0,0
4747264,2318,0,100,100,0,0,0,0.0004,0.00112,0.0538,3199,0,0,0,0,0,0,0,0,0,0,0,0,0,0,0,0,0,0,0,0,0
4749312,2319,0,108,106,1,1,0,-0.0016,0.00224,0.0377,2888,0,0,0,0,0,0,0,0,0,0,0,0,0,0,0,0,0,0,0,0,0
4751360,2320,0,102,102,0,0,0,-0.00232,0.00077,0.0419,2881,0,0,0,0,0,0,0,0,0,0,0,0,0,0,0,0,0,0,0,0,0
4753408,2321,0,108,108,0,0,0,-0.00186,0.00055,0.0332,2850,0,0,0,0,0,0,0,0,0,0,0,0,0,0,0,0,0,0,0,0,0
4755456,2322,0,107,106,1,0,0,-0.00234,0.00115,0.0349,3031,0,0,0,0,0,0,0,0,0,0,0,0,0,0,0,0,0,0,0,0,0
4757504,2323,0,107,106,0,1,0,-0.00021,0.00171,0.0289,2869,0,0,0,0,0,0,0,0,0,0,0,0,0,0,0,0,0,0,0,0,0
4759552,2324,0,105,105,0,0,0,-0.00175,0.00086,0.0676,2951,0,0,0,0,0,0,0,0,0,0,0,0,0,0,0,0,0,0,0,0,0
4761600,2325,0,114,114,0,0,0,-0.00261,0.0008,0.042,3006,0,0,0,0,0,0,0,0,0,0,0,0,0,0,0,0,0,0,0,0,0
4763648,2326,0,101,100,1,0,0,-0.00779,0.00197,0.0533,2998,0,0,0,0,0,0,0,0,0,0,0,0,0,0,0,0,0,0,0,0,0
4765696,2327,0,100,100,0,0,0,-0.00305,0.00095,0.0633,3041,0,0,0,0,0,0,0,0,0,0,0,0,0,0,0,0,0,0,0,0,0
4767744,2328,0,102,102,0,0,0,-0.00275,0.00096,0.0692,3319,0,0,0,0,0,0,0,0,0,0,0,0,0,0,0,0,0,0,0,0,0
4769792,2329,0,104,104,0,0,0,-0.00311,0.00077,0.0514,2983,0,0,0,0,0,0,0,0,0,0,0,0,0,0,0,0,0,0,0,0,0
4771840,2330,0,104,104,0,0,0,-0.00105,0.00068,0.046,2962,0,0,0,0,0,0,0,0,0,0,0,0,0,0,0,0,0,0,0,0,0
4773888,2331,0,92,92,0,0,0,-0.00608,0.00119,0.0777,2953,0,0,0,0,0,0,0,0,0,0,0,0,0,0,0,0,0,0,0,0,0
4775936,2332,0,95,95,0,0,0,-0.00453,0.00103,0.0623,2964,0,0,0,0,0,0,0,0,0,0,0,0,0,0,0,0,0,0,0,0,0
4777984,2333,0,107,107,0,0,0,-0.00435,0.00092,0.041,2928,0,0,0,0,0,0,0,0,0,0,0,0,0,0,0,0,0,0,0,0,0
4780032,2334,0,103,102,1,0,0,-0.00268,0.00217,0.0459,2840,0,0,0,0,0,0,0,0,0,0,0,0,0,0,0,0,0,0,0,0,0
4782080,2335,0,111,111,0,0,0,-0.00237,0.00061,0.0426,3126,0,0,0,0,0,0,0,0,0,0,0,0,0,0,0,0,0,0,0,0,0
4784128,2336,0,107,107,0,0,0,-0.00107,0.00071,0.0563,2963,0,0,0,0,0,0,0,0,0,0,0,0,0,0,0,0,0,0,0,0,0
4786176,2337,0,106,106,0,0,0,-0.00058,0.00054,0.0399,3111,0,0,0,0,0,0,0,0,0,0,0,0,0,0,0,0,0,0,0,0,0
4788224,2338,0,108,106,1,1,0,-0.00258,0.00233,0.0339,3203,0,0,0,0,0,0,0,0,0,0,0,0,0,0,0,0,0,0,0,0,0
4790272,2339,0,105,105,0,0,0,-0.00309,0.00063,0.0399,3252,0,0,0,0,0,0,0,0,0,0,0,0,0,0,0,0,0,0,0,0,0
4792320,2340,0,107,107,0,0,0,-0.00241,0.00059,0.0349,3242,0,0,0,0,0,0,0,0,0,0,0,0,0,0,0,0,0,0,0,0,0
4794368,2341,0,108,108,0,0,0,-0.00028,0.00061,0.029,3222,0,0,0,0,0,0,0,0,0,0,0,0,0,0,0,0,0,0,0,0,0
4796416,2342,0,103,103,0,0,0,-0.00449,0.00067,0.0415,2992,0,0,0,0,0,0,0,0,0,0,0,0,0,0,0,0,0,0,0,0,0
4798464,2343,0,102,102,0,0,0,-0.00115,0.00061,0.0415,3177,0,0,0,0,0,0,0,0,0,0,0,0,0,0,0,0,0,0,0,0,0
4800512,2344,0,101,101,0,0,0,-0.00287,0.00057,0.0471,3136,0,0,0,0,0,0,0,0,0,0,0,0,0,0,0,0,0,0,0,0,0
4802560,2345,0,99,99,0,0,0,-0.00461,0.001,0.0606,3113,0,0,0,0,0,0,0,0,0,0,0,0,0,0,0,0,0,0,0,0,0
4804608,2346,0,102,101,0,0,1,-0.00053,0.00176,0.0782,3024,0,0,0,0,0,0,0,0,0,0,0,0,0,0,0,0,0,0,0,0,0
4806656,2347,0,104,104,0,0,0,-0.00291,0.00104,0.0449,2775,0,0,0,0,0,0,0,0,0,0,0,0,0,0,0,0,0,0,0,0,0
4808704,2348,0,103,103,0,0,0,-0.0017,0.00067,0.0412,2898,0,0,0,0,0,0,0,0,0,0,0,0,0,0,0,0,0,0,0,0,0
4810752,2349,0,102,102,0,0,0,-0.00618,0.001,0.0547,3019,0,0,0,0,0,0,0,0,0,0,0,0,0,0,0,0,0,0,0,0,0
4812800,2350,0,107,107,0,0,0,-0.00169,0.00062,0.0392,2876,0,0,0,0,0,0,0,0,0,0,0,0,0,0,0,0,0,0,0,0,0
4814848,2351,0,105,105,0,0,0,-0.00261,0.00061,0.0341,2762,0,0,0,0,0,0,0,0,0,0,0,0,0,0,0,0,0,0,0,0,0
4816896,2352,0,107,107,0,0,0,-0.00599,0.00062,0.0365,3122,0,0,0,0,0,0,0,0,0,0,0,0,0,0,0,0,0,0,0,0,0
4818944,2353,0,109,109,0,0,0,-0.00134,0.00054,0.027,3024,0,0,0,0,0,0,0,0,0,0,0,0,0,0,0,0,0,0,0,0,0
4820992,2354,0,109,109,0,0,0,-0.00127,0.00052,0.0282,3145,0,0,0,0,0,0,0,0,0,0,0,0,0,0,0,0,0,0,0,0,0
4823040,2355,0,105,105,0,0,0,-0.0019,0.00053,0.0324,3013,0,0,0,0,0,0,0,0,0,0,0,0,0,0,0,0,0,0,0,0,0
4825088,2356,0,108,108,0,0,0,-0.0019,0.0005,0.0256,2841,0,0,0,0,0,0,0,0,0,0,0,0,0,0,0,0,0,0,0,0,0
4827136,2357,0,104,104,0,0,0,-0.00199,0.00062,0.0395,3117,0,0,0,0,0,0,0,0,0,0,0,0,0,0,0,0,0,0,0,0,0
4829184,2358,0,94,94,0,0,0,-0.01637,0.0012,0.0527,3051,0,0,0,0,0,0,0,0,0,0,0,0,0,0,0,0,0,0,0,0,0
4831232,2359,0,100,100,0,0,0,-0.0017,0.00121,0.0373,3083,0,0,0,0,0,0,0,0,0,0,0,0,0,0,0,0,0,0,0,0,0
4833280,2360,0,101,101,0,0,0,-0.00294,0.00086,0.0576,2819,0,0,0,0,0,0,0,0,0,0,0,0,0,0,0,0,0,0,0,0,0
4835328,2361,0,98,98,0,0,0,-0.007,0.00145,0.0618,3236,0,0,0,0,0,0,0,0,0,0,0,0,0,0,0,0,0,0,0,0,0
4837376,2362,0,91,91,0,0,0,-0.00098,0.00168,0.0863,3067,0,0,0,0,0,0,0,0,0,0,0,0,0,0,0,0,0,0,0,0,0
4839424,2363,0,99,98,0,0,1,-0.00511,0.00316,0.0515,2901,0,0,0,0,0,0,0,0,0,0,0,0,0,0,0,0,0,0,0,0,0
4841472,2364,0,106,104,2,0,0,-0.00232,0.00268,0.0463,2999,0,0,0,0,0,0,0,0,0,0,0,0,0,0,0,0,0,0,0,0,0
4843520,2365,0,101,100,0,1,0,-0.00286,0.00238,0.0805,3076,0,0,0,0,0,0,0,0,0,0,0,0,0,0,0,0,0,0,0,0,0
4845568,2366,0,100,99,0,1,0,-0.00308,0.00203,0.0562,2918,0,0,0,0,0,0,0,0,0,0,0,0,0,0,0,0,0,0,0,0,0
4847616,2367,0,95,95,0,0,0,0.00047,0.00107,0.084,3311,0,0,0,0,0,0,0,0,0,0,0,0,0,0,0,0,0,0,0,0,0
4849664,2368,0,106,105,1,0,0,-0.00615,0.00224,0.0649,3064,0,0,0,0,0,0,0,0,0,0,0,0,0,0,0,0,0,0,0,0,0
4851712,2369,0,94,92,0,2,0,-0.00311,0.00388,0.0929,3101,0,0,0,0,0,0,0,0,0,0,0,0,0,0,0,0,0,0,0,0,0
4853760,2370,0,104,103,1,0,0,-0.01332,0.00222,0.0808,2817,0,0,0,0,0,0,0,0,0,0,0,0,0,0,0,0,0,0,0,0,0
4855808,2371,0,103,101,1,0,1,0.02997,0.00525,0.0894,2983,0,0,0,0,0,0,0,0,0,0,0,0,0,0,0,0,0,0,0,0,0
4857856,2372,0,97,96,1,0,0,-0.00674,0.00239,0.1092,3041,0,0,0,0,0,0,0,0,0,0,0,0,0,0,0,0,0,0,0,0,0
4859904,2373,0,102,98,4,0,0,-0.00275,0.0057,0.1036,3129,0,0,0,0,0,0,0,0,0,0,0,0,0,0,0,0,0,0,0,0,0
4861952,2374,0,100,97,0,3,0,-0.0042,0.00462,0.0724,3395,0,0,0,0,0,0,0,0,0,0,0,0,0,0,0,0,0,0,0,0,0
4864000,2375,0,106,105,1,0,0,-0.00403,0.00135,0.071,3261,0,0,0,0,0,0,0,0,0,0,0,0,0,0,0,0,0,0,0,0,0
4866048,2376,0,102,102,0,0,0,-0.00366,0.00117,0.095,3315,0,0,0,0,0,0,0,0,0,0,0,0,0,0,0,0,0,0,0,0,0
4868096,2377,0,109,108,1,0,0,-0.00424,0.00154,0.0565,3335,0,0,0,0,0,0,0,0,0,0,0,0,0,0,0,0,0,0,0,0,0
4870144,2378,0,95,94,1,0,0,-0.00456,0.00306,0.0566,3134,0,0,0,0,0,0,0,0,0,0,0,0,0,0,0,0,0,0,0,0,0
4872192,2379,0,109,109,0,0,0,-0.00209,0.00081,0.0512,3212,0,0,0,0,0,0,0,0,0,0,0,0,0,0,0,0,0,0,0,0,0
4874240,2380,0,99,99,0,0,0,-0.00461,0.00085,0.0506,3243,0,0,0,0,0,0,0,0,0,0,0,0,0,0,0,0,0,0,0,0,0
4876288,2381,0,98,98,0,0,0,-0.00325,0.00066,0.0504,3275,0,0,0,0,0,0,0,0,0,0,0,0,0,0,0,0,0,0,0,0,0
4878336,2382,0,108,107,1,0,0,-0.00909,0.00207,0.0537,3340,0,0,0,0,0,0,0,0,0,0,0,0,0,0,0,0,0,0,0,0,0
4880384,2383,0,104,103,0,1,0,-0.00224,0.00213,0.0525,3418,0,0,0,0,0,0,0,0,0,0,0,0,0,0,0,0,0,0,0,0,0
4882432,2384,0,102,101,1,0,0,-0.00402,0.00224,0.0813,3199,0,0,0,0,0,0,0,0,0,0,0,0,0,0,0,0,0,0,0,0,0
4884480,2385,0,104,103,0,0,1,0.00013,0.00314,0.0653,2952,0,0,0,0,0,0,0,0,0,0,0,0,0,0,0,0,0,0,0,0,0
4886528,2386,0,106,106,0,0,0,-0.0026,0.00079,0.0408,3015,0,0,0,0,0,0,0,0,0,0,0,0,0,0,0,0,0,0,0,0,0
4888576,2387,0,101,100,1,0,0,0.00261,0.00129,0.0506,3113,0,0,0,0,0,0,0,0,0,0,0,0,0,0,0,0,0,0,0,0,0
4890624,2388,0,94,94,0,0,0,-0.00588,0.00129,0.0688,3016,0,0,0,0,0,0,0,0,0,0,0,0,0,0,0,0,0,0,0,0,0
4892672,2389,0,95,92,0,1,2,-0.00177,0.00475,0.0816,3032,0,0,0,0,0,0,0,0,0,0,0,0,0,0,0,0,0,0,0,0,0
4894720,2390,0,107,107,0,0,0,-0.00341,0.00111,0.0562,3088,0,0,0,0,0,0,0,0,0,0,0,0,0,0,0,0,0,0,0,0,0
4896768,2391,0,104,104,0,0,0,-0.01,0.00083,0.0541,3104,0,0,0,0,0,0,0,0,0,0,0,0,0,0,0,0,0,0,0,0,0
4898816,2392,0,91,91,0,0,0,-0.00404,0.00226,0.0915,3277,0,0,0,0,0,0,0,0,0,0,0,0,0,0,0,0,0,0,0,0,0
4900864,2393,0,103,102,1,0,0,0.0032,0.00388,0.0576,3410,0,0,0,0,0,0,0,0,0,0,0,0,0,0,0,0,0,0,0,0,0
4902912,2394,0,106,105,1,0,0,0.00833,0.00374,0.0461,3245,0,0,0,0,0,0,0,0,0,0,0,0,0,0,0,0,0,0,0,0,0
4904960,2395,0,111,111,0,0,0,-0.00252,0.00098,0.0417,3057,0,0,0,0,0,0,0,0,0,0,0,0,0,0,0,0,0,0,0,0,0
4907008,2396,0,99,99,0,0,0,-0.00036,0.0008,0.0632,2857,0,0,0,0,0,0,0,0,0,0,0,0,0,0,0,0,0,0,0,0,0
4909056,2397,0,109,108,0,1,0,-0.00321,0.00135,0.0613,2991,0,0,0,0,0,0,0,0,0,0,0,0,0,0,0,0,0,0,0,0,0
4911104,2398,0,104,104,0,0,0,-0.00169,0.00074,0.0513,3178,0,0,0,0,0,0,0,0,0,0,0,0,0,0,0,0,0,0,0,0,0
4913152,2399,0,102,102,0,0,0,-0.0165,0.00095,0.049,3126,0,0,0,0,0,0,0,0,0,0,0,0,0,0,0,0,0,0,0,0,0
4915200,2400,0,100,99,0,1,0,-0.00241,0.00201,0.047,3100,0,0,0,0,0,0,0,0,0,0,0,0,0,0,0,0,0,0,0,0,0
4917248,2401,0,107,107,0,0,0,0.00047,0.00073,0.0417,2929,0,0,0,0,0,0,0,0,0,0,0,0,0,0,0,0,0,0,0,0,0
4919296,2402,0,99,98,0,1,0,-0.0039,0.00224,0.0543,2995,0,0,0,0,0,0,0,0,0,0,0,0,0,0,0,0,0,0,0,0,0
4921344,2403,0,103,103,0,0,0,-0.0017,0.00069,0.0442,2828,0,0,0,0,0,0,0,0,0,0,0,0,0,0,0,0,0,0,0,0,0
4923392,2404,0,106,106,0,0,0,-0.00116,0.00077,0.0504,2811,0,0,0,0,0,0,0,0,0,0,0,0,0,0,0,0,0,0,0,0,0
4925440,2405,0,93,93,0,0,0,-0.00236,0.00094,0.0585,3155,0,0,0,0,0,0,0,0,0,0,0,0,0,0,0,0,0,0,0,0,0
4927488,2406,0,98,96,0,1,1,-0.00263,0.0032,0.0639,3194,0,0,0,0,0,0,0,0,0,0,0,0,0,0,0,0,0,0,0,0,0
4929536,2407,0,105,104,0,1,0,-0.00371,0.00123,0.0532,2938,0,0,0,0,0,0,0,0,0,0,0,0,0,0,0,0,0,0,0,0,0
4931584,2408,0,102,102,0,0,0,-0.00269,0.00077,0.0588,2897,0,0,0,0,0,0,0,0,0,0,0,0,0,0,0,0,0,0,0,0,0
4933632,2409,0,106,106,0,0,0,-0.00271,0.00066,0.0541,2855,0,0,0,0,0,0,0,0,0,0,0,0,0,0,0,0,0,0,0,0,0
4935680,2410,0,104,103,0,1,0,-0.00251,0.00205,0.0605,3020,0,0,0,0,0,0,0,0,0,0,0,0,0,0,0,0,0,0,0,0,0
4937728,2411,0,109,109,0,0,0,-0.00132,0.00061,0.0474,2905,0,0,0,0,0,0,0,0,0,0,0,0,0,0,0,0,0,0,0,0,0
4939776,2412,0,97,96,1,0,0,0.0025,0.00227,0.0528,3102,0,0,0,0,0,0,0,0,0,0,0,0,0,0,0,0,0,0,0,0,0
4941824,2413,0,103,103,0,0,0,-0.01324,0.0011,0.0783,3161,0,0,0,0,0,0,0,0,0,0,0,0,0,0,0,0,0,0,0,0,0
4943872,2414,0,98,98,0,0,0,-0.00038,0.00205,0.0956,3281,0,0,0,0,0,0,0,0,0,0,0,0,0,0,0,0,0,0,0,0,0
4945920,2415,0,95,95,0,0,0,-0.00584,0.00183,0.0747,2968,0,0,0,0,0,0,0,0,0,0,0,0,0,0,0,0,0,0,0,0,0
4947968,2416,0,103,102,1,0,0,-0.0025,0.00207,0.0793,2981,0,0,0,0,0,0,0,0,0,0,0,0,0,0,0,0,0,0,0,0,0
4950016,2417,0,103,103,0,0,0,-0.00346,0.00084,0.0675,2747,0,0,0,0,0,0,0,0,0,0,0,0,0,0,0,0,0,0,0,0,0
4952064,2418,0,101,101,0,0,0,-0.00562,0.00127,0.0907,3090,0,0,0,0,0,0,0,0,0,0,0,0,0,0,0,0,0,0,0,0,0
4954112,2419,0,87,87,0,0,0,-0.00659,0.00184,0.121,3099,0,0,0,0,0,0,0,0,0,0,0,0,0,0,0,0,0,0,0,0,0
4956160,2420,0,107,106,0,1,0,-0.00097,0.003,0.0658,3102,0,0,0,0,0,0,0,0,0,0,0,0,0,0,0,0,0,0,0,0,0
4958208,2421,0,100,99,0,1,0,0.00119,0.00319,0.0476,2789,0,0,0,0,0,0,0,0,0,0,0,0,0,0,0,0,0,0,0,0,0
4960256,2422,0,89,89,0,0,0,-0.00957,0.00155,0.0903,2809,0,0,0,0,0,0,0,0,0,0,0,0,0,0,0,0,0,0,0,0,0
4962304,2423,0,100,98,2,0,0,-0.00654,0.00419,0.086,3057,0,0,0,0,0,0,0,0,0,0,0,0,0,0,0,0,0,0,0,0,0
4964352,2424,0,99,99,0,0,0,-0.00511,0.00135,0.1154,2936,0,0,0,0,0,0,0,0,0,0,0,0,0,0,0,0,0,0,0,0,0
4966400,2425,0,98,97,0,1,0,0.00033,0.00225,0.1001,2709,0,0,0,0,0,0,0,0,0,0,0,0,0,0,0,0,0,0,0,0,0
4968448,2426,0,106,105,0,1,0,-0.00403,0.0024,0.0797,2789,0,0,0,0,0,0,0,0,0,0,0,0,0,0,0,0,0,0,0,0,0
4970496,2427,0,102,102,0,0,0,-0.00157,0.00094,0.0747,3347,0,0,0,0,0,0,0,0,0,0,0,0,0,0,0,0,0,0,0,0,0
4972544,2428,0,97,97,0,0,0,-0.01149,0.00114,0.1017,3225,0,0,0,0,0,0,0,0,0,0,0,0,0,0,0,0,0,0,0,0,0
4974592,2429,0,107,107,0,0,0,-0.00616,0.00168,0.0687,3096,0,0,0,0,0,0,0,0,0,0,0,0,0,0,0,0,0,0,0,0,0
4976640,2430,0,106,106,0,0,0,-0.00184,0.00074,0.0439,2676,0,0,0,0,0,0,0,0,0,0,0,0,0,0,0,0,0,0,0,0,0
4978688,2431,0,112,112,0,0,0,-0.0025,0.00065,0.0478,3084,0,0,0,0,0,0,0,0,0,0,0,0,0,0,0,0,0,0,0,0,0
4980736,2432,0,107,107,0,0,0,-0.00101,0.0008,0.0609,3069,0,0,0,0,0,0,0,0,0,0,0,0,0,0,0,0,0,0,0,0,0
4982784,2433,0,98,98,0,0,0,-0.01105,0.00085,0.0638,2563,0,0,0,0,0,0,0,0,0,0,0,0,0,0,0,0,0,0,0,0,0
4984832,2434,0,106,105,1,0,0,0.00215,0.00316,0.0582,3006,0,0,0,0,0,0,0,0,0,0,0,0,0,0,0,0,0,0,0,0,0
4986880,2435,0,104,103,1,0,0,-0.00385,0.00125,0.0577,3186,0,0,0,0,0,0,0,0,0,0,0,0,0,0,0,0,0,0,0,0,0
4988928,2436,0,100,99,0,0,1,-0.00437,0.00247,0.0746,2916,0,0,0,0,0,0,0,0,0,0,0,0,0,0,0,0,0,0,0,0,0
4990976,2437,0,107,107,0,0,0,-0.00211,0.00087,0.0433,2668,0,0,0,0,0,0,0,0,0,0,0,0,0,0,0,0,0,0,0,0,0
4993024,2438,0,106,106,0,0,0,-0.00123,0.0007,0.0355,2650,0,0,0,0,0,0,0,0,0,0,0,0,0,0,0,0,0,0,0,0,0
4995072,2439,0,108,108,0,0,0,-0.00324,0.0007,0.0339,2670,0,0,0,0,0,0,0,0,0,0,0,0,0,0,0,0,0,0,0,0,0
4997120,2440,0,103,101,1,1,0,-0.00233,0.00318,0.0349,2656,0,0,0,0,0,0,0,0,0,0,0,0,0,0,0,0,0,0,0,0,0
4999168,2441,0,109,109,0,0,0,-0.00176,0.00073,0.0331,2747,0,0,0,0,0,0,0,0,0,0,0,0,0,0,0,0,0,0,0,0,0
5001216,2442,0,96,96,0,0,0,-0.00238,0.00094,0.0554,2707,0,0,0,0,0,0,0,0,0,0,0,0,0,0,0,0,0,0,0,0,0
