global_step,update,phase,episodes,success,lava,ball,timeout,pg_loss,v_loss,entropy,sps,sub_navigate_n,sub_navigate_success,sub_hazard_n,sub_hazard_success,sub_key_door_n,sub_key_door_success,choose_navigate,choose_hazard,choose_key_door,success_under_navigate,lava_under_navigate,ball_under_navigate,timeout_under_navigate,success_under_hazard,lava_under_hazard,ball_under_hazard,timeout_under_hazard,success_under_key_door,lava_under_key_door,ball_under_key_door,timeout_under_key_door
2048,1,0,2,0,2,0,0,-0.00041,0.00093,1.9459,1426,0,0,0,0,0,0,0,0,0,0,0,0,0,0,0,0,0,0,0,0,0
4096,2,0,4,0,4,0,0,-0.00026,0.00036,1.9455,1556,0,0,0,0,0,0,0,0,0,0,0,0,0,0,0,0,0,0,0,0,0
6144,3,0,3,0,3,0,0,-0.00112,0.00012,1.9422,1598,0,0,0,0,0,0,0,0,0,0,0,0,0,0,0,0,0,0,0,0,0
8192,4,0,13,0,2,0,11,-0.00272,0.00024,1.9184,1631,0,0,0,0,0,0,0,0,0,0,0,0,0,0,0,0,0,0,0,0,0
10240,5,0,7,0,6,1,0,-0.00135,0.00103,1.9024,1616,0,0,0,0,0,0,0,0,0,0,0,0,0,0,0,0,0,0,0,0,0
12288,6,0,4,0,2,0,2,-0.00116,0.00043,1.9006,1583,0,0,0,0,0,0,0,0,0,0,0,0,0,0,0,0,0,0,0,0,0
14336,7,0,3,1,2,0,0,-0.00199,0.00127,1.8952,1574,0,0,0,0,0,0,0,0,0,0,0,0,0,0,0,0,0,0,0,0,0
16384,8,0,10,0,3,0,7,-0.00346,0.00028,1.8088,1696,0,0,0,0,0,0,0,0,0,0,0,0,0,0,0,0,0,0,0,0,0
18432,9,0,5,0,2,0,3,-0.00316,0.00053,1.7634,1670,0,0,0,0,0,0,0,0,0,0,0,0,0,0,0,0,0,0,0,0,0
20480,10,0,4,0,1,0,3,-0.0027,0.0003,1.7498,1624,0,0,0,0,0,0,0,0,0,0,0,0,0,0,0,0,0,0,0,0,0
22528,11,0,4,0,4,0,0,-0.0026,0.00057,1.7136,1522,0,0,0,0,0,0,0,0,0,0,0,0,0,0,0,0,0,0,0,0,0
24576,12,0,10,1,2,0,7,-0.00207,0.00054,1.814,1379,0,0,0,0,0,0,0,0,0,0,0,0,0,0,0,0,0,0,0,0,0
26624,13,0,8,0,5,0,3,-0.00207,0.00061,1.7792,1300,0,0,0,0,0,0,0,0,0,0,0,0,0,0,0,0,0,0,0,0,0
28672,14,0,2,0,0,0,2,-0.00049,0.00086,1.7934,1316,0,0,0,0,0,0,0,0,0,0,0,0,0,0,0,0,0,0,0,0,0
30720,15,0,8,0,3,3,2,-0.00036,0.00052,1.8252,1506,0,0,0,0,0,0,0,0,0,0,0,0,0,0,0,0,0,0,0,0,0
32768,16,0,7,0,2,0,5,-0.00231,0.00019,1.8068,1522,0,0,0,0,0,0,0,0,0,0,0,0,0,0,0,0,0,0,0,0,0
34816,17,0,5,0,1,0,4,-0.00321,0.00078,1.8235,1491,0,0,0,0,0,0,0,0,0,0,0,0,0,0,0,0,0,0,0,0,0
36864,18,0,2,1,0,1,0,-0.00184,0.00054,1.8096,1434,0,0,0,0,0,0,0,0,0,0,0,0,0,0,0,0,0,0,0,0,0
38912,19,0,5,0,1,0,4,2e-05,0.00063,1.8169,1349,0,0,0,0,0,0,0,0,0,0,0,0,0,0,0,0,0,0,0,0,0
40960,20,0,12,0,5,3,4,-0.00102,0.00056,1.8544,1474,0,0,0,0,0,0,0,0,0,0,0,0,0,0,0,0,0,0,0,0,0
43008,21,0,5,0,2,0,3,-0.00083,0.00045,1.8352,1466,0,0,0,0,0,0,0,0,0,0,0,0,0,0,0,0,0,0,0,0,0
45056,22,0,4,0,1,1,2,-0.00034,0.00047,1.8304,1487,0,0,0,0,0,0,0,0,0,0,0,0,0,0,0,0,0,0,0,0,0
47104,23,0,5,0,3,0,2,-0.00069,0.00043,1.7858,1485,0,0,0,0,0,0,0,0,0,0,0,0,0,0,0,0,0,0,0,0,0
49152,24,0,8,0,2,0,6,-0.00055,0.00061,1.7833,1477,0,0,0,0,0,0,0,0,0,0,0,0,0,0,0,0,0,0,0,0,0
51200,25,0,4,0,2,0,2,-0.00099,0.00073,1.7663,1351,0,0,0,0,0,0,0,0,0,0,0,0,0,0,0,0,0,0,0,0,0
53248,26,0,5,0,3,0,2,-0.00057,0.00068,1.7627,1445,0,0,0,0,0,0,0,0,0,0,0,0,0,0,0,0,0,0,0,0,0
55296,27,0,6,0,1,0,5,-0.00038,0.00046,1.7417,1401,0,0,0,0,0,0,0,0,0,0,0,0,0,0,0,0,0,0,0,0,0
57344,28,0,7,2,2,0,3,-0.00314,0.00101,1.7298,1509,0,0,0,0,0,0,0,0,0,0,0,0,0,0,0,0,0,0,0,0,0
59392,29,0,7,1,4,0,2,0.00013,0.00287,1.7449,1483,0,0,0,0,0,0,0,0,0,0,0,0,0,0,0,0,0,0,0,0,0
61440,30,0,6,1,1,0,4,-0.0029,0.00053,1.7546,1566,0,0,0,0,0,0,0,0,0,0,0,0,0,0,0,0,0,0,0,0,0
63488,31,0,8,0,4,0,4,-0.00123,0.00063,1.7174,1402,0,0,0,0,0,0,0,0,0,0,0,0,0,0,0,0,0,0,0,0,0
65536,32,0,3,0,1,0,2,-0.00342,0.00046,1.6804,1491,0,0,0,0,0,0,0,0,0,0,0,0,0,0,0,0,0,0,0,0,0
67584,33,0,5,0,1,0,4,-0.00155,0.00045,1.7405,1359,0,0,0,0,0,0,0,0,0,0,0,0,0,0,0,0,0,0,0,0,0
69632,34,0,10,0,6,1,3,-0.00517,0.00067,1.7081,1480,0,0,0,0,0,0,0,0,0,0,0,0,0,0,0,0,0,0,0,0,0
71680,35,0,7,1,2,0,4,-0.00032,0.00085,1.703,1526,0,0,0,0,0,0,0,0,0,0,0,0,0,0,0,0,0,0,0,0,0
73728,36,0,3,0,1,0,2,-0.00141,0.00054,1.6964,1554,0,0,0,0,0,0,0,0,0,0,0,0,0,0,0,0,0,0,0,0,0
75776,37,0,5,0,3,1,1,0.00011,0.00029,1.7079,1603,0,0,0,0,0,0,0,0,0,0,0,0,0,0,0,0,0,0,0,0,0
77824,38,0,6,0,0,0,6,-0.00136,0.00063,1.6861,1494,0,0,0,0,0,0,0,0,0,0,0,0,0,0,0,0,0,0,0,0,0
79872,39,0,8,0,3,1,4,-0.00103,0.00043,1.7411,1455,0,0,0,0,0,0,0,0,0,0,0,0,0,0,0,0,0,0,0,0,0
81920,40,0,7,0,4,1,2,-0.00212,0.00046,1.7022,1424,0,0,0,0,0,0,0,0,0,0,0,0,0,0,0,0,0,0,0,0,0
83968,41,0,3,0,1,0,2,0.00014,0.00053,1.7045,1436,0,0,0,0,0,0,0,0,0,0,0,0,0,0,0,0,0,0,0,0,0
86016,42,0,6,0,2,0,4,-0.00119,0.00042,1.6707,1298,0,0,0,0,0,0,0,0,0,0,0,0,0,0,0,0,0,0,0,0,0
88064,43,0,8,1,3,0,4,0.00019,0.00109,1.6663,1332,0,0,0,0,0,0,0,0,0,0,0,0,0,0,0,0,0,0,0,0,0
90112,44,0,10,1,5,0,4,-0.0028,0.00077,1.6619,1539,0,0,0,0,0,0,0,0,0,0,0,0,0,0,0,0,0,0,0,0,0
92160,45,0,6,0,6,0,0,-0.00287,0.00087,1.6985,1266,0,0,0,0,0,0,0,0,0,0,0,0,0,0,0,0,0,0,0,0,0
94208,46,0,9,1,6,0,2,-0.00198,0.00082,1.6936,1293,0,0,0,0,0,0,0,0,0,0,0,0,0,0,0,0,0,0,0,0,0
96256,47,0,7,1,2,1,3,-0.0021,0.00191,1.7087,1249,0,0,0,0,0,0,0,0,0,0,0,0,0,0,0,0,0,0,0,0,0
98304,48,0,6,1,1,1,3,-0.00281,0.00161,1.709,1227,0,0,0,0,0,0,0,0,0,0,0,0,0,0,0,0,0,0,0,0,0
100352,49,0,8,0,5,1,2,-0.00045,0.00083,1.7381,1467,0,0,0,0,0,0,0,0,0,0,0,0,0,0,0,0,0,0,0,0,0
102400,50,0,7,1,3,0,3,0.00039,0.00045,1.7203,1490,0,0,0,0,0,0,0,0,0,0,0,0,0,0,0,0,0,0,0,0,0
104448,51,0,15,0,10,1,4,-0.00027,0.00054,1.7105,1485,0,0,0,0,0,0,0,0,0,0,0,0,0,0,0,0,0,0,0,0,0
106496,52,0,9,1,5,0,3,-0.00194,0.00052,1.7826,1434,0,0,0,0,0,0,0,0,0,0,0,0,0,0,0,0,0,0,0,0,0
108544,53,0,4,0,4,0,0,-0.00219,0.00083,1.7482,1382,0,0,0,0,0,0,0,0,0,0,0,0,0,0,0,0,0,0,0,0,0
110592,54,0,7,0,2,2,3,-0.00081,0.0008,1.7867,1456,0,0,0,0,0,0,0,0,0,0,0,0,0,0,0,0,0,0,0,0,0
112640,55,0,10,0,4,2,4,-0.00026,0.0004,1.8196,1275,0,0,0,0,0,0,0,0,0,0,0,0,0,0,0,0,0,0,0,0,0
114688,56,0,4,0,2,0,2,-0.00105,0.00076,1.8257,1522,0,0,0,0,0,0,0,0,0,0,0,0,0,0,0,0,0,0,0,0,0
116736,57,0,8,0,4,1,3,-8e-05,0.00062,1.8108,1550,0,0,0,0,0,0,0,0,0,0,0,0,0,0,0,0,0,0,0,0,0
118784,58,0,4,1,2,0,1,-0.00034,0.00089,1.8224,1632,0,0,0,0,0,0,0,0,0,0,0,0,0,0,0,0,0,0,0,0,0
120832,59,0,10,0,3,1,6,-0.00154,0.00097,1.7834,1603,0,0,0,0,0,0,0,0,0,0,0,0,0,0,0,0,0,0,0,0,0
122880,60,0,2,0,1,0,1,-0.00159,0.00015,1.7126,1602,0,0,0,0,0,0,0,0,0,0,0,0,0,0,0,0,0,0,0,0,0
124928,61,0,7,0,3,1,3,-0.00287,0.00058,1.672,1626,0,0,0,0,0,0,0,0,0,0,0,0,0,0,0,0,0,0,0,0,0
126976,62,0,4,1,1,0,2,-0.00122,0.00075,1.7094,1476,0,0,0,0,0,0,0,0,0,0,0,0,0,0,0,0,0,0,0,0,0
129024,63,0,12,1,4,0,7,-0.00118,0.00206,1.6695,1533,0,0,0,0,0,0,0,0,0,0,0,0,0,0,0,0,0,0,0,0,0
131072,64,0,8,1,5,2,0,-0.00011,0.00193,1.6928,1603,0,0,0,0,0,0,0,0,0,0,0,0,0,0,0,0,0,0,0,0,0
133120,65,0,8,1,4,2,1,-0.00131,0.00096,1.6254,1472,0,0,0,0,0,0,0,0,0,0,0,0,0,0,0,0,0,0,0,0,0
135168,66,0,10,0,7,2,1,-0.00274,0.0011,1.5716,1498,0,0,0,0,0,0,0,0,0,0,0,0,0,0,0,0,0,0,0,0,0
137216,67,0,6,0,3,0,3,-0.00062,0.00062,1.6399,1485,0,0,0,0,0,0,0,0,0,0,0,0,0,0,0,0,0,0,0,0,0
139264,68,0,7,1,1,2,3,-0.0005,0.00144,1.6499,1368,0,0,0,0,0,0,0,0,0,0,0,0,0,0,0,0,0,0,0,0,0
141312,69,0,4,1,0,1,2,-0.00213,0.00165,1.6131,1327,0,0,0,0,0,0,0,0,0,0,0,0,0,0,0,0,0,0,0,0,0
143360,70,0,12,0,8,0,4,0.0001,0.0008,1.6729,1335,0,0,0,0,0,0,0,0,0,0,0,0,0,0,0,0,0,0,0,0,0
145408,71,0,9,2,4,1,2,-0.00272,0.00118,1.6866,1455,0,0,0,0,0,0,0,0,0,0,0,0,0,0,0,0,0,0,0,0,0
147456,72,0,10,2,4,1,3,-0.00538,0.00077,1.7433,1451,0,0,0,0,0,0,0,0,0,0,0,0,0,0,0,0,0,0,0,0,0
149504,73,0,3,0,3,0,0,-0.00048,0.00055,1.7165,1452,0,0,0,0,0,0,0,0,0,0,0,0,0,0,0,0,0,0,0,0,0
151552,74,0,7,1,1,3,2,-0.00073,0.00056,1.7563,1485,0,0,0,0,0,0,0,0,0,0,0,0,0,0,0,0,0,0,0,0,0
153600,75,0,8,0,4,1,3,-0.00172,0.00053,1.7249,1341,0,0,0,0,0,0,0,0,0,0,0,0,0,0,0,0,0,0,0,0,0
155648,76,0,9,1,6,1,1,-0.00099,0.00203,1.717,1232,0,0,0,0,0,0,0,0,0,0,0,0,0,0,0,0,0,0,0,0,0
157696,77,0,3,0,2,0,1,-0.00086,0.00086,1.6823,1359,0,0,0,0,0,0,0,0,0,0,0,0,0,0,0,0,0,0,0,0,0
159744,78,0,7,0,2,1,4,-0.00167,0.00049,1.6846,1410,0,0,0,0,0,0,0,0,0,0,0,0,0,0,0,0,0,0,0,0,0
161792,79,0,7,0,2,2,3,-0.00423,0.00068,1.5691,1412,0,0,0,0,0,0,0,0,0,0,0,0,0,0,0,0,0,0,0,0,0
163840,80,0,10,0,6,1,3,-0.00098,0.00076,1.585,1519,0,0,0,0,0,0,0,0,0,0,0,0,0,0,0,0,0,0,0,0,0
165888,81,0,5,0,2,2,1,-0.00021,0.00098,1.5853,1610,0,0,0,0,0,0,0,0,0,0,0,0,0,0,0,0,0,0,0,0,0
167936,82,0,5,0,2,0,3,-0.00092,0.00051,1.6107,1590,0,0,0,0,0,0,0,0,0,0,0,0,0,0,0,0,0,0,0,0,0
169984,83,0,5,0,1,0,4,-0.00087,0.00031,1.6627,1559,0,0,0,0,0,0,0,0,0,0,0,0,0,0,0,0,0,0,0,0,0
172032,84,0,6,0,2,0,4,-0.00419,0.00059,1.6426,1324,0,0,0,0,0,0,0,0,0,0,0,0,0,0,0,0,0,0,0,0,0
174080,85,0,9,1,1,1,6,-0.00085,0.00087,1.6837,1554,0,0,0,0,0,0,0,0,0,0,0,0,0,0,0,0,0,0,0,0,0
176128,86,0,5,0,4,0,1,-0.00169,0.00093,1.6912,1616,0,0,0,0,0,0,0,0,0,0,0,0,0,0,0,0,0,0,0,0,0
178176,87,0,7,0,2,1,4,-0.00216,0.00047,1.6979,1532,0,0,0,0,0,0,0,0,0,0,0,0,0,0,0,0,0,0,0,0,0
180224,88,0,7,0,3,1,3,-0.00252,0.0009,1.6604,1497,0,0,0,0,0,0,0,0,0,0,0,0,0,0,0,0,0,0,0,0,0
182272,89,0,6,0,1,1,4,0.00034,0.00055,1.683,1420,0,0,0,0,0,0,0,0,0,0,0,0,0,0,0,0,0,0,0,0,0
184320,90,0,6,1,3,0,2,-0.00141,0.00118,1.6262,1562,0,0,0,0,0,0,0,0,0,0,0,0,0,0,0,0,0,0,0,0,0
186368,91,0,8,0,5,0,3,-7e-05,0.00071,1.6176,1459,0,0,0,0,0,0,0,0,0,0,0,0,0,0,0,0,0,0,0,0,0
188416,92,0,7,1,3,0,3,-0.00163,0.00111,1.6192,1505,0,0,0,0,0,0,0,0,0,0,0,0,0,0,0,0,0,0,0,0,0
190464,93,0,10,1,6,1,2,0.00016,0.00111,1.6722,1313,0,0,0,0,0,0,0,0,0,0,0,0,0,0,0,0,0,0,0,0,0
192512,94,0,3,0,3,0,0,-0.00024,0.00052,1.6874,1441,0,0,0,0,0,0,0,0,0,0,0,0,0,0,0,0,0,0,0,0,0
194560,95,0,10,0,2,2,6,0.00014,0.0007,1.7087,1500,0,0,0,0,0,0,0,0,0,0,0,0,0,0,0,0,0,0,0,0,0
196608,96,0,4,0,3,0,1,-0.00024,0.0006,1.6466,1415,0,0,0,0,0,0,0,0,0,0,0,0,0,0,0,0,0,0,0,0,0
198656,97,0,9,0,5,0,4,0.0002,0.00081,1.6677,1281,0,0,0,0,0,0,0,0,0,0,0,0,0,0,0,0,0,0,0,0,0
200704,98,0,8,0,5,1,2,-0.00225,0.00038,1.6346,1387,0,0,0,0,0,0,0,0,0,0,0,0,0,0,0,0,0,0,0,0,0
202752,99,0,6,0,2,0,4,0.00059,0.00066,1.558,1415,0,0,0,0,0,0,0,0,0,0,0,0,0,0,0,0,0,0,0,0,0
204800,100,0,2,1,0,0,1,-0.00103,0.00041,1.6488,1485,0,0,0,0,0,0,0,0,0,0,0,0,0,0,0,0,0,0,0,0,0
206848,101,0,9,0,3,0,6,-0.00048,0.00058,1.6806,1543,0,0,0,0,0,0,0,0,0,0,0,0,0,0,0,0,0,0,0,0,0
208896,102,0,8,1,4,0,3,-0.00061,0.00178,1.7221,1313,0,0,0,0,0,0,0,0,0,0,0,0,0,0,0,0,0,0,0,0,0
210944,103,0,5,0,2,0,3,-0.00118,0.00063,1.7119,1480,0,0,0,0,0,0,0,0,0,0,0,0,0,0,0,0,0,0,0,0,0
212992,104,0,6,0,4,2,0,-0.00149,0.00042,1.6455,1285,0,0,0,0,0,0,0,0,0,0,0,0,0,0,0,0,0,0,0,0,0
215040,105,0,6,0,2,1,3,-0.00136,0.00076,1.5501,1496,0,0,0,0,0,0,0,0,0,0,0,0,0,0,0,0,0,0,0,0,0
217088,106,0,7,2,1,1,3,-0.0028,0.00108,1.5863,1487,0,0,0,0,0,0,0,0,0,0,0,0,0,0,0,0,0,0,0,0,0
219136,107,0,8,0,5,1,2,-0.00091,0.00074,1.6267,1443,0,0,0,0,0,0,0,0,0,0,0,0,0,0,0,0,0,0,0,0,0
221184,108,0,7,0,4,0,3,-0.00317,0.00079,1.5674,1481,0,0,0,0,0,0,0,0,0,0,0,0,0,0,0,0,0,0,0,0,0
223232,109,0,7,0,2,2,3,-0.00133,0.00049,1.6275,1579,0,0,0,0,0,0,0,0,0,0,0,0,0,0,0,0,0,0,0,0,0
225280,110,0,6,1,3,0,2,-0.00198,0.00098,1.5797,1477,0,0,0,0,0,0,0,0,0,0,0,0,0,0,0,0,0,0,0,0,0
227328,111,0,8,1,3,1,3,-0.00135,0.00082,1.5738,1436,0,0,0,0,0,0,0,0,0,0,0,0,0,0,0,0,0,0,0,0,0
229376,112,0,9,1,3,3,2,-0.00048,0.00179,1.5524,1442,0,0,0,0,0,0,0,0,0,0,0,0,0,0,0,0,0,0,0,0,0
231424,113,0,6,2,2,0,2,-0.00113,0.00105,1.5274,1389,0,0,0,0,0,0,0,0,0,0,0,0,0,0,0,0,0,0,0,0,0
233472,114,0,10,0,6,2,2,-0.00274,0.00092,1.5316,1460,0,0,0,0,0,0,0,0,0,0,0,0,0,0,0,0,0,0,0,0,0
235520,115,0,10,0,5,3,2,-0.00176,0.00086,1.4623,1532,0,0,0,0,0,0,0,0,0,0,0,0,0,0,0,0,0,0,0,0,0
237568,116,0,8,0,4,0,4,-0.0015,0.00075,1.4505,1510,0,0,0,0,0,0,0,0,0,0,0,0,0,0,0,0,0,0,0,0,0
239616,117,0,4,1,1,2,0,-0.0028,0.00065,1.5115,1511,0,0,0,0,0,0,0,0,0,0,0,0,0,0,0,0,0,0,0,0,0
241664,118,0,7,0,2,1,4,-0.00404,0.00068,1.428,1234,0,0,0,0,0,0,0,0,0,0,0,0,0,0,0,0,0,0,0,0,0
243712,119,0,6,0,1,0,5,0.0005,0.0006,1.5227,1421,0,0,0,0,0,0,0,0,0,0,0,0,0,0,0,0,0,0,0,0,0
245760,120,0,6,0,4,0,2,-0.00028,0.00078,1.4854,1582,0,0,0,0,0,0,0,0,0,0,0,0,0,0,0,0,0,0,0,0,0
247808,121,0,7,0,2,2,3,-0.00147,0.00083,1.4478,1581,0,0,0,0,0,0,0,0,0,0,0,0,0,0,0,0,0,0,0,0,0
249856,122,0,5,0,3,0,2,-0.00076,0.00051,1.4756,1434,0,0,0,0,0,0,0,0,0,0,0,0,0,0,0,0,0,0,0,0,0
251904,123,0,3,0,0,0,3,-8e-05,0.0003,1.5224,1462,0,0,0,0,0,0,0,0,0,0,0,0,0,0,0,0,0,0,0,0,0
253952,124,0,5,0,2,0,3,-0.00058,0.00058,1.5164,1379,0,0,0,0,0,0,0,0,0,0,0,0,0,0,0,0,0,0,0,0,0
256000,125,0,12,1,3,3,5,-0.00086,0.00116,1.5655,1461,0,0,0,0,0,0,0,0,0,0,0,0,0,0,0,0,0,0,0,0,0
258048,126,0,6,2,2,0,2,-0.00171,0.00217,1.5123,1440,0,0,0,0,0,0,0,0,0,0,0,0,0,0,0,0,0,0,0,0,0
260096,127,0,5,0,4,1,0,-0.00228,0.00036,1.4277,1426,0,0,0,0,0,0,0,0,0,0,0,0,0,0,0,0,0,0,0,0,0
262144,128,0,3,0,1,1,1,-0.00287,0.00069,1.4994,1478,0,0,0,0,0,0,0,0,0,0,0,0,0,0,0,0,0,0,0,0,0
264192,129,0,12,1,2,2,7,-0.00219,0.00159,1.4924,1429,0,0,0,0,0,0,0,0,0,0,0,0,0,0,0,0,0,0,0,0,0
266240,130,0,7,0,2,3,2,-0.00242,0.00105,1.5206,1516,0,0,0,0,0,0,0,0,0,0,0,0,0,0,0,0,0,0,0,0,0
268288,131,0,9,1,2,3,3,-0.00037,0.00183,1.5019,1338,0,0,0,0,0,0,0,0,0,0,0,0,0,0,0,0,0,0,0,0,0
270336,132,0,5,0,3,1,1,-0.00112,0.00084,1.4165,1414,0,0,0,0,0,0,0,0,0,0,0,0,0,0,0,0,0,0,0,0,0
272384,133,0,6,0,3,0,3,-0.00112,0.00035,1.4504,1387,0,0,0,0,0,0,0,0,0,0,0,0,0,0,0,0,0,0,0,0,0
274432,134,0,5,0,1,1,3,-0.00093,0.00064,1.4609,1391,0,0,0,0,0,0,0,0,0,0,0,0,0,0,0,0,0,0,0,0,0
276480,135,0,8,0,3,1,4,-7e-05,0.00048,1.5047,1379,0,0,0,0,0,0,0,0,0,0,0,0,0,0,0,0,0,0,0,0,0
278528,136,0,6,1,3,0,2,-0.00087,0.00223,1.5185,1380,0,0,0,0,0,0,0,0,0,0,0,0,0,0,0,0,0,0,0,0,0
280576,137,0,6,1,2,0,3,-0.00302,0.00171,1.5013,1393,0,0,0,0,0,0,0,0,0,0,0,0,0,0,0,0,0,0,0,0,0
282624,138,0,7,1,2,1,3,-0.00138,0.00093,1.4964,1280,0,0,0,0,0,0,0,0,0,0,0,0,0,0,0,0,0,0,0,0,0
284672,139,0,6,0,2,0,4,0.00041,0.00064,1.5448,1266,0,0,0,0,0,0,0,0,0,0,0,0,0,0,0,0,0,0,0,0,0
286720,140,0,6,0,3,1,2,-0.00047,0.00048,1.5969,1337,0,0,0,0,0,0,0,0,0,0,0,0,0,0,0,0,0,0,0,0,0
288768,141,0,4,0,0,0,4,-0.00156,0.00035,1.6181,1302,0,0,0,0,0,0,0,0,0,0,0,0,0,0,0,0,0,0,0,0,0
290816,142,0,3,0,0,0,3,-0.00061,0.00046,1.5732,1128,0,0,0,0,0,0,0,0,0,0,0,0,0,0,0,0,0,0,0,0,0
292864,143,0,9,1,2,1,5,-0.0016,0.0006,1.5543,1266,0,0,0,0,0,0,0,0,0,0,0,0,0,0,0,0,0,0,0,0,0
294912,144,0,11,1,5,1,4,-0.00157,0.00197,1.5063,1269,0,0,0,0,0,0,0,0,0,0,0,0,0,0,0,0,0,0,0,0,0
296960,145,0,7,0,4,1,2,-0.00063,0.00105,1.5203,1261,0,0,0,0,0,0,0,0,0,0,0,0,0,0,0,0,0,0,0,0,0
299008,146,0,3,0,1,1,1,-0.00132,0.00069,1.4916,1297,0,0,0,0,0,0,0,0,0,0,0,0,0,0,0,0,0,0,0,0,0
301056,147,0,9,1,4,1,3,-0.00058,0.00084,1.4914,1514,0,0,0,0,0,0,0,0,0,0,0,0,0,0,0,0,0,0,0,0,0
303104,148,0,10,0,5,0,5,-0.00198,0.00053,1.4835,1456,0,0,0,0,0,0,0,0,0,0,0,0,0,0,0,0,0,0,0,0,0
305152,149,0,11,0,9,0,2,-0.00065,0.00087,1.4991,1538,0,0,0,0,0,0,0,0,0,0,0,0,0,0,0,0,0,0,0,0,0
307200,150,0,5,0,2,1,2,-0.00072,0.00107,1.5512,1386,0,0,0,0,0,0,0,0,0,0,0,0,0,0,0,0,0,0,0,0,0
309248,151,0,4,0,2,1,1,-0.0015,0.0004,1.5359,1396,0,0,0,0,0,0,0,0,0,0,0,0,0,0,0,0,0,0,0,0,0
311296,152,0,8,1,3,0,4,-0.00028,0.00144,1.5582,1544,0,0,0,0,0,0,0,0,0,0,0,0,0,0,0,0,0,0,0,0,0
313344,153,0,8,0,2,0,6,-0.0006,0.00099,1.5714,1580,0,0,0,0,0,0,0,0,0,0,0,0,0,0,0,0,0,0,0,0,0
315392,154,0,5,0,1,4,0,-0.00292,0.00068,1.5359,1325,0,0,0,0,0,0,0,0,0,0,0,0,0,0,0,0,0,0,0,0,0
317440,155,0,5,1,1,1,2,0.00064,0.00095,1.5335,1422,0,0,0,0,0,0,0,0,0,0,0,0,0,0,0,0,0,0,0,0,0
319488,156,0,6,0,3,1,2,-0.00039,0.00063,1.5164,1408,0,0,0,0,0,0,0,0,0,0,0,0,0,0,0,0,0,0,0,0,0
321536,157,0,7,0,1,2,4,-0.00056,0.00057,1.5667,1296,0,0,0,0,0,0,0,0,0,0,0,0,0,0,0,0,0,0,0,0,0
323584,158,0,6,0,3,1,2,-0.00213,0.0009,1.6037,1339,0,0,0,0,0,0,0,0,0,0,0,0,0,0,0,0,0,0,0,0,0
325632,159,0,3,0,0,0,3,-0.00071,0.0005,1.6103,1489,0,0,0,0,0,0,0,0,0,0,0,0,0,0,0,0,0,0,0,0,0
327680,160,0,7,1,1,2,3,-0.00339,0.00143,1.6125,1515,0,0,0,0,0,0,0,0,0,0,0,0,0,0,0,0,0,0,0,0,0
329728,161,0,3,1,2,0,0,0.00016,0.00041,1.564,1585,0,0,0,0,0,0,0,0,0,0,0,0,0,0,0,0,0,0,0,0,0
331776,162,0,11,1,5,1,4,-0.00061,0.00121,1.5819,1562,0,0,0,0,0,0,0,0,0,0,0,0,0,0,0,0,0,0,0,0,0
333824,163,0,8,0,4,1,3,-0.00031,0.0005,1.5715,1477,0,0,0,0,0,0,0,0,0,0,0,0,0,0,0,0,0,0,0,0,0
335872,164,0,4,0,0,1,3,-0.00078,0.00058,1.5656,1369,0,0,0,0,0,0,0,0,0,0,0,0,0,0,0,0,0,0,0,0,0
337920,165,0,10,1,6,0,3,-0.00075,0.00099,1.515,1483,0,0,0,0,0,0,0,0,0,0,0,0,0,0,0,0,0,0,0,0,0
339968,166,0,9,0,5,2,2,-0.00189,0.00078,1.467,1385,0,0,0,0,0,0,0,0,0,0,0,0,0,0,0,0,0,0,0,0,0
342016,167,0,9,1,2,2,4,-0.00298,0.00182,1.4802,1513,0,0,0,0,0,0,0,0,0,0,0,0,0,0,0,0,0,0,0,0,0
344064,168,0,10,1,7,2,0,-0.00259,0.00154,1.4875,1361,0,0,0,0,0,0,0,0,0,0,0,0,0,0,0,0,0,0,0,0,0
346112,169,0,7,0,3,2,2,-0.00035,0.00083,1.4472,1445,0,0,0,0,0,0,0,0,0,0,0,0,0,0,0,0,0,0,0,0,0
348160,170,0,2,0,0,0,2,-0.00086,0.00039,1.4233,1461,0,0,0,0,0,0,0,0,0,0,0,0,0,0,0,0,0,0,0,0,0
350208,171,0,8,1,2,2,3,-0.00022,0.0005,1.3699,1529,0,0,0,0,0,0,0,0,0,0,0,0,0,0,0,0,0,0,0,0,0
352256,172,0,8,0,2,1,5,-0.00179,0.00073,1.3658,1401,0,0,0,0,0,0,0,0,0,0,0,0,0,0,0,0,0,0,0,0,0
354304,173,0,5,0,2,1,2,-0.00188,0.00083,1.3189,1254,0,0,0,0,0,0,0,0,0,0,0,0,0,0,0,0,0,0,0,0,0
356352,174,0,10,0,8,1,1,-0.00121,0.00065,1.2536,1365,0,0,0,0,0,0,0,0,0,0,0,0,0,0,0,0,0,0,0,0,0
358400,175,0,8,0,3,0,5,-0.00089,0.00054,1.2601,1456,0,0,0,0,0,0,0,0,0,0,0,0,0,0,0,0,0,0,0,0,0
360448,176,0,3,0,1,0,2,-0.00143,0.00035,1.2361,1354,0,0,0,0,0,0,0,0,0,0,0,0,0,0,0,0,0,0,0,0,0
362496,177,0,7,0,3,0,4,-0.00244,0.00039,1.2774,1343,0,0,0,0,0,0,0,0,0,0,0,0,0,0,0,0,0,0,0,0,0
364544,178,0,5,0,3,0,2,-0.00038,0.00048,1.2767,1395,0,0,0,0,0,0,0,0,0,0,0,0,0,0,0,0,0,0,0,0,0
366592,179,0,7,0,2,1,4,-0.00113,0.00047,1.401,1253,0,0,0,0,0,0,0,0,0,0,0,0,0,0,0,0,0,0,0,0,0
368640,180,0,8,1,5,0,2,-2e-05,0.00068,1.383,1400,0,0,0,0,0,0,0,0,0,0,0,0,0,0,0,0,0,0,0,0,0
370688,181,0,8,0,3,2,3,0.0002,0.00063,1.3976,1387,0,0,0,0,0,0,0,0,0,0,0,0,0,0,0,0,0,0,0,0,0
372736,182,0,7,0,3,1,3,-0.0023,0.00046,1.3731,1428,0,0,0,0,0,0,0,0,0,0,0,0,0,0,0,0,0,0,0,0,0
374784,183,0,4,0,3,0,1,0.00081,0.00072,1.4158,1430,0,0,0,0,0,0,0,0,0,0,0,0,0,0,0,0,0,0,0,0,0
376832,184,0,15,2,8,1,4,-0.00132,0.00317,1.4716,1483,0,0,0,0,0,0,0,0,0,0,0,0,0,0,0,0,0,0,0,0,0
378880,185,0,8,0,4,1,3,-0.00113,0.00059,1.4281,1370,0,0,0,0,0,0,0,0,0,0,0,0,0,0,0,0,0,0,0,0,0
380928,186,0,6,0,1,3,2,-0.00163,0.00084,1.4518,1625,0,0,0,0,0,0,0,0,0,0,0,0,0,0,0,0,0,0,0,0,0
382976,187,0,11,0,8,2,1,-0.0026,0.00071,1.4921,1492,0,0,0,0,0,0,0,0,0,0,0,0,0,0,0,0,0,0,0,0,0
385024,188,0,10,1,5,0,4,-0.00137,0.00247,1.4914,1472,0,0,0,0,0,0,0,0,0,0,0,0,0,0,0,0,0,0,0,0,0
387072,189,0,4,2,0,1,1,-0.00469,0.00349,1.4173,1512,0,0,0,0,0,0,0,0,0,0,0,0,0,0,0,0,0,0,0,0,0
389120,190,0,9,0,7,0,2,-0.00182,0.00054,1.4327,1541,0,0,0,0,0,0,0,0,0,0,0,0,0,0,0,0,0,0,0,0,0
391168,191,0,9,0,4,1,4,-0.00086,0.00048,1.4337,1621,0,0,0,0,0,0,0,0,0,0,0,0,0,0,0,0,0,0,0,0,0
393216,192,0,9,1,3,1,4,0.00031,0.00127,1.5144,1528,0,0,0,0,0,0,0,0,0,0,0,0,0,0,0,0,0,0,0,0,0
395264,193,0,7,1,5,0,1,-0.00234,0.00185,1.5034,1384,0,0,0,0,0,0,0,0,0,0,0,0,0,0,0,0,0,0,0,0,0
397312,194,0,5,0,1,2,2,-0.00155,0.00053,1.4606,1486,0,0,0,0,0,0,0,0,0,0,0,0,0,0,0,0,0,0,0,0,0
399360,195,0,12,1,6,1,4,0.0001,0.00188,1.4459,1494,0,0,0,0,0,0,0,0,0,0,0,0,0,0,0,0,0,0,0,0,0
401408,196,0,9,1,6,1,1,-0.0002,0.00149,1.4912,1508,0,0,0,0,0,0,0,0,0,0,0,0,0,0,0,0,0,0,0,0,0
403456,197,0,3,0,2,1,0,-0.00589,0.00053,1.5684,1613,0,0,0,0,0,0,0,0,0,0,0,0,0,0,0,0,0,0,0,0,0
405504,198,0,5,1,0,2,2,-0.00061,0.00041,1.6068,1613,0,0,0,0,0,0,0,0,0,0,0,0,0,0,0,0,0,0,0,0,0
407552,199,0,9,0,4,1,4,-0.00108,0.00082,1.5756,1582,0,0,0,0,0,0,0,0,0,0,0,0,0,0,0,0,0,0,0,0,0
409600,200,0,9,2,4,2,1,0.00018,0.0023,1.5739,1582,0,0,0,0,0,0,0,0,0,0,0,0,0,0,0,0,0,0,0,0,0
411648,201,0,9,0,3,3,3,1e-05,0.00072,1.5934,1576,0,0,0,0,0,0,0,0,0,0,0,0,0,0,0,0,0,0,0,0,0
413696,202,0,8,1,4,1,2,-0.00146,0.00087,1.594,1476,0,0,0,0,0,0,0,0,0,0,0,0,0,0,0,0,0,0,0,0,0
415744,203,0,8,0,5,0,3,-0.0,0.00101,1.5742,1422,0,0,0,0,0,0,0,0,0,0,0,0,0,0,0,0,0,0,0,0,0
417792,204,0,8,0,5,2,1,-0.00017,0.00056,1.566,1586,0,0,0,0,0,0,0,0,0,0,0,0,0,0,0,0,0,0,0,0,0
419840,205,0,8,1,2,1,4,-0.00166,0.001,1.5256,1525,0,0,0,0,0,0,0,0,0,0,0,0,0,0,0,0,0,0,0,0,0
421888,206,0,8,1,3,3,1,-0.00053,0.00081,1.4657,1567,0,0,0,0,0,0,0,0,0,0,0,0,0,0,0,0,0,0,0,0,0
423936,207,0,8,0,4,1,3,-0.0009,0.0007,1.4538,1558,0,0,0,0,0,0,0,0,0,0,0,0,0,0,0,0,0,0,0,0,0
425984,208,0,5,1,1,1,2,-0.00044,0.00237,1.4759,1574,0,0,0,0,0,0,0,0,0,0,0,0,0,0,0,0,0,0,0,0,0
428032,209,0,9,0,5,1,3,-0.00016,0.00095,1.4912,1416,0,0,0,0,0,0,0,0,0,0,0,0,0,0,0,0,0,0,0,0,0
430080,210,0,13,1,5,4,3,-0.00162,0.001,1.4642,1521,0,0,0,0,0,0,0,0,0,0,0,0,0,0,0,0,0,0,0,0,0
432128,211,0,3,0,1,1,1,-0.00341,0.00032,1.4593,1504,0,0,0,0,0,0,0,0,0,0,0,0,0,0,0,0,0,0,0,0,0
434176,212,0,5,0,2,1,2,-0.00225,0.00047,1.4658,1477,0,0,0,0,0,0,0,0,0,0,0,0,0,0,0,0,0,0,0,0,0
436224,213,0,7,0,1,3,3,-0.00163,0.00047,1.5179,1476,0,0,0,0,0,0,0,0,0,0,0,0,0,0,0,0,0,0,0,0,0
438272,214,0,9,1,3,0,5,-0.00043,0.00235,1.503,1492,0,0,0,0,0,0,0,0,0,0,0,0,0,0,0,0,0,0,0,0,0
440320,215,0,7,2,4,0,1,-0.0002,0.00196,1.5061,1571,0,0,0,0,0,0,0,0,0,0,0,0,0,0,0,0,0,0,0,0,0
442368,216,0,5,0,3,0,2,-0.00018,0.00041,1.5334,1458,0,0,0,0,0,0,0,0,0,0,0,0,0,0,0,0,0,0,0,0,0
444416,217,0,8,0,5,1,2,-0.00054,0.00056,1.5521,1649,0,0,0,0,0,0,0,0,0,0,0,0,0,0,0,0,0,0,0,0,0
446464,218,0,7,2,2,0,3,-0.00195,0.00093,1.5066,1486,0,0,0,0,0,0,0,0,0,0,0,0,0,0,0,0,0,0,0,0,0
448512,219,0,8,2,3,1,2,-0.00013,0.0013,1.4594,1570,0,0,0,0,0,0,0,0,0,0,0,0,0,0,0,0,0,0,0,0,0
450560,220,0,8,0,5,1,2,-0.00033,0.00039,1.4159,1599,0,0,0,0,0,0,0,0,0,0,0,0,0,0,0,0,0,0,0,0,0
452608,221,0,8,1,4,1,2,-0.0045,0.00109,1.4517,1592,0,0,0,0,0,0,0,0,0,0,0,0,0,0,0,0,0,0,0,0,0
454656,222,0,8,1,3,1,3,-6e-05,0.00223,1.443,1471,0,0,0,0,0,0,0,0,0,0,0,0,0,0,0,0,0,0,0,0,0
456704,223,0,10,1,6,1,2,-0.00045,0.00199,1.4499,1483,0,0,0,0,0,0,0,0,0,0,0,0,0,0,0,0,0,0,0,0,0
458752,224,0,11,1,6,0,4,-0.0015,0.00264,1.4178,1467,0,0,0,0,0,0,0,0,0,0,0,0,0,0,0,0,0,0,0,0,0
460800,225,0,8,1,5,0,2,-0.0002,0.00067,1.3707,1499,0,0,0,0,0,0,0,0,0,0,0,0,0,0,0,0,0,0,0,0,0
462848,226,0,9,1,2,3,3,-0.00164,0.0006,1.3727,1504,0,0,0,0,0,0,0,0,0,0,0,0,0,0,0,0,0,0,0,0,0
464896,227,0,10,0,7,2,1,-0.00175,0.00078,1.3793,1542,0,0,0,0,0,0,0,0,0,0,0,0,0,0,0,0,0,0,0,0,0
466944,228,0,12,1,8,0,3,-0.00288,0.00139,1.4466,1470,0,0,0,0,0,0,0,0,0,0,0,0,0,0,0,0,0,0,0,0,0
468992,229,0,6,0,3,0,3,0.00013,0.00048,1.458,1527,0,0,0,0,0,0,0,0,0,0,0,0,0,0,0,0,0,0,0,0,0
471040,230,0,4,1,1,1,1,-0.00012,0.00063,1.4528,1586,0,0,0,0,0,0,0,0,0,0,0,0,0,0,0,0,0,0,0,0,0
473088,231,0,7,0,3,0,4,0.00017,0.00081,1.4587,1562,0,0,0,0,0,0,0,0,0,0,0,0,0,0,0,0,0,0,0,0,0
475136,232,0,10,0,3,2,5,-0.00218,0.00061,1.4798,1419,0,0,0,0,0,0,0,0,0,0,0,0,0,0,0,0,0,0,0,0,0
477184,233,0,8,1,4,1,2,-0.00299,0.00175,1.4885,1500,0,0,0,0,0,0,0,0,0,0,0,0,0,0,0,0,0,0,0,0,0
479232,234,0,6,0,4,0,2,0.0001,0.00074,1.4887,1483,0,0,0,0,0,0,0,0,0,0,0,0,0,0,0,0,0,0,0,0,0
481280,235,0,7,1,1,2,3,-0.00102,0.00197,1.5,1463,0,0,0,0,0,0,0,0,0,0,0,0,0,0,0,0,0,0,0,0,0
483328,236,0,7,0,4,0,3,-0.00168,0.00051,1.5523,1516,0,0,0,0,0,0,0,0,0,0,0,0,0,0,0,0,0,0,0,0,0
485376,237,0,6,1,1,0,4,-0.00052,0.00199,1.5847,1504,0,0,0,0,0,0,0,0,0,0,0,0,0,0,0,0,0,0,0,0,0
487424,238,0,10,0,5,1,4,-0.00201,0.0004,1.5592,1461,0,0,0,0,0,0,0,0,0,0,0,0,0,0,0,0,0,0,0,0,0
489472,239,0,10,1,5,0,4,0.00028,0.00075,1.5416,1322,0,0,0,0,0,0,0,0,0,0,0,0,0,0,0,0,0,0,0,0,0
491520,240,0,4,0,4,0,0,4e-05,0.0007,1.5561,1312,0,0,0,0,0,0,0,0,0,0,0,0,0,0,0,0,0,0,0,0,0
493568,241,0,8,0,3,1,4,-0.00092,0.00091,1.5466,1376,0,0,0,0,0,0,0,0,0,0,0,0,0,0,0,0,0,0,0,0,0
495616,242,0,8,0,5,1,2,0.00024,0.00067,1.5172,1466,0,0,0,0,0,0,0,0,0,0,0,0,0,0,0,0,0,0,0,0,0
497664,243,0,8,0,3,1,4,-0.0001,0.00066,1.5463,1532,0,0,0,0,0,0,0,0,0,0,0,0,0,0,0,0,0,0,0,0,0
499712,244,0,7,0,6,0,1,-0.00044,0.00062,1.5521,1445,0,0,0,0,0,0,0,0,0,0,0,0,0,0,0,0,0,0,0,0,0
501760,245,0,8,1,3,1,3,-0.0008,0.00166,1.5426,1236,0,0,0,0,0,0,0,0,0,0,0,0,0,0,0,0,0,0,0,0,0
503808,246,0,8,1,3,0,4,-0.00256,0.00064,1.5397,1417,0,0,0,0,0,0,0,0,0,0,0,0,0,0,0,0,0,0,0,0,0
505856,247,0,5,2,2,0,1,-0.00369,0.00071,1.5293,1486,0,0,0,0,0,0,0,0,0,0,0,0,0,0,0,0,0,0,0,0,0
507904,248,0,4,1,0,1,2,-0.00154,0.00141,1.5302,1594,0,0,0,0,0,0,0,0,0,0,0,0,0,0,0,0,0,0,0,0,0
509952,249,0,7,0,1,1,5,-0.00197,0.00046,1.4884,1511,0,0,0,0,0,0,0,0,0,0,0,0,0,0,0,0,0,0,0,0,0
512000,250,0,6,0,2,1,3,-0.00028,0.00055,1.481,1416,0,0,0,0,0,0,0,0,0,0,0,0,0,0,0,0,0,0,0,0,0
514048,251,0,9,0,6,0,3,-0.00056,0.00087,1.4624,1539,0,0,0,0,0,0,0,0,0,0,0,0,0,0,0,0,0,0,0,0,0
516096,252,0,6,0,4,0,2,-0.00014,0.00065,1.4435,1433,0,0,0,0,0,0,0,0,0,0,0,0,0,0,0,0,0,0,0,0,0
518144,253,0,7,1,2,0,4,-0.00252,0.00067,1.4406,1508,0,0,0,0,0,0,0,0,0,0,0,0,0,0,0,0,0,0,0,0,0
520192,254,0,4,0,1,2,1,-0.00045,0.00049,1.4238,1479,0,0,0,0,0,0,0,0,0,0,0,0,0,0,0,0,0,0,0,0,0
522240,255,0,8,0,3,1,4,-0.00177,0.00041,1.4021,1580,0,0,0,0,0,0,0,0,0,0,0,0,0,0,0,0,0,0,0,0,0
524288,256,0,6,0,2,2,2,-0.0012,0.00059,1.357,1535,0,0,0,0,0,0,0,0,0,0,0,0,0,0,0,0,0,0,0,0,0
526336,257,0,9,1,3,0,5,0.00036,0.002,1.3677,1486,0,0,0,0,0,0,0,0,0,0,0,0,0,0,0,0,0,0,0,0,0
528384,258,0,9,0,5,2,2,-0.00116,0.00063,1.4227,1597,0,0,0,0,0,0,0,0,0,0,0,0,0,0,0,0,0,0,0,0,0
530432,259,0,5,0,3,1,1,-0.00296,0.0006,1.4914,1501,0,0,0,0,0,0,0,0,0,0,0,0,0,0,0,0,0,0,0,0,0
532480,260,0,9,0,4,3,2,-0.00045,0.00056,1.5043,1583,0,0,0,0,0,0,0,0,0,0,0,0,0,0,0,0,0,0,0,0,0
534528,261,0,6,0,2,0,4,-0.00119,0.00076,1.5206,1523,0,0,0,0,0,0,0,0,0,0,0,0,0,0,0,0,0,0,0,0,0
536576,262,0,14,1,9,2,2,-0.00068,0.00129,1.5193,1552,0,0,0,0,0,0,0,0,0,0,0,0,0,0,0,0,0,0,0,0,0
538624,263,0,7,0,3,2,2,-0.00281,0.00061,1.496,1432,0,0,0,0,0,0,0,0,0,0,0,0,0,0,0,0,0,0,0,0,0
540672,264,0,6,0,3,0,3,-0.00057,0.00042,1.4722,1472,0,0,0,0,0,0,0,0,0,0,0,0,0,0,0,0,0,0,0,0,0
542720,265,0,3,1,0,1,1,0.00014,0.00077,1.4545,1519,0,0,0,0,0,0,0,0,0,0,0,0,0,0,0,0,0,0,0,0,0
544768,266,0,6,0,2,0,4,-0.0002,0.00057,1.4557,1430,0,0,0,0,0,0,0,0,0,0,0,0,0,0,0,0,0,0,0,0,0
546816,267,0,10,0,4,0,6,-0.00132,0.00049,1.4677,1438,0,0,0,0,0,0,0,0,0,0,0,0,0,0,0,0,0,0,0,0,0
548864,268,0,6,1,2,0,3,-0.0003,0.00085,1.4971,1492,0,0,0,0,0,0,0,0,0,0,0,0,0,0,0,0,0,0,0,0,0
550912,269,0,8,2,3,2,1,-0.00068,0.00174,1.5032,1471,0,0,0,0,0,0,0,0,0,0,0,0,0,0,0,0,0,0,0,0,0
552960,270,0,6,0,2,1,3,-0.0006,0.0006,1.505,1473,0,0,0,0,0,0,0,0,0,0,0,0,0,0,0,0,0,0,0,0,0
555008,271,0,17,1,10,1,5,-0.00068,0.00101,1.4746,1426,0,0,0,0,0,0,0,0,0,0,0,0,0,0,0,0,0,0,0,0,0
557056,272,0,6,0,4,0,2,3e-05,0.00039,1.4794,1481,0,0,0,0,0,0,0,0,0,0,0,0,0,0,0,0,0,0,0,0,0
559104,273,0,9,0,7,1,1,-0.0004,0.00051,1.4983,1529,0,0,0,0,0,0,0,0,0,0,0,0,0,0,0,0,0,0,0,0,0
561152,274,0,4,0,2,0,2,-0.0005,0.0006,1.4843,1480,0,0,0,0,0,0,0,0,0,0,0,0,0,0,0,0,0,0,0,0,0
563200,275,0,8,0,4,0,4,-0.00122,0.00054,1.4597,1392,0,0,0,0,0,0,0,0,0,0,0,0,0,0,0,0,0,0,0,0,0
565248,276,0,6,0,4,0,2,-0.00153,0.00043,1.4572,1443,0,0,0,0,0,0,0,0,0,0,0,0,0,0,0,0,0,0,0,0,0
567296,277,0,11,1,4,1,5,-0.00041,0.00158,1.482,1430,0,0,0,0,0,0,0,0,0,0,0,0,0,0,0,0,0,0,0,0,0
569344,278,0,13,0,10,1,2,-0.0012,0.00074,1.47,1502,0,0,0,0,0,0,0,0,0,0,0,0,0,0,0,0,0,0,0,0,0
571392,279,0,3,1,0,0,2,-0.00046,0.00187,1.4632,1532,0,0,0,0,0,0,0,0,0,0,0,0,0,0,0,0,0,0,0,0,0
573440,280,0,10,3,3,0,4,-0.00152,0.00201,1.5032,1486,0,0,0,0,0,0,0,0,0,0,0,0,0,0,0,0,0,0,0,0,0
575488,281,0,10,0,7,1,2,-0.00019,0.00063,1.524,1494,0,0,0,0,0,0,0,0,0,0,0,0,0,0,0,0,0,0,0,0,0
577536,282,0,10,0,6,1,3,-0.00019,0.00076,1.557,1567,0,0,0,0,0,0,0,0,0,0,0,0,0,0,0,0,0,0,0,0,0
579584,283,0,8,1,3,1,3,-0.00103,0.00079,1.5637,1468,0,0,0,0,0,0,0,0,0,0,0,0,0,0,0,0,0,0,0,0,0
581632,284,0,7,1,5,0,1,-0.00099,0.0015,1.5612,1620,0,0,0,0,0,0,0,0,0,0,0,0,0,0,0,0,0,0,0,0,0
583680,285,0,10,0,7,0,3,-0.00075,0.00065,1.504,1400,0,0,0,0,0,0,0,0,0,0,0,0,0,0,0,0,0,0,0,0,0
585728,286,0,7,0,4,0,3,0.00018,0.00053,1.5076,1509,0,0,0,0,0,0,0,0,0,0,0,0,0,0,0,0,0,0,0,0,0
587776,287,0,9,1,3,1,4,-0.00159,0.00133,1.5259,1474,0,0,0,0,0,0,0,0,0,0,0,0,0,0,0,0,0,0,0,0,0
589824,288,0,6,1,2,1,2,-0.00085,0.00066,1.5522,1369,0,0,0,0,0,0,0,0,0,0,0,0,0,0,0,0,0,0,0,0,0
591872,289,0,5,0,1,0,4,-0.00074,0.00059,1.5408,1430,0,0,0,0,0,0,0,0,0,0,0,0,0,0,0,0,0,0,0,0,0
593920,290,0,8,1,4,1,2,-7e-05,0.0012,1.539,1426,0,0,0,0,0,0,0,0,0,0,0,0,0,0,0,0,0,0,0,0,0
595968,291,0,7,0,2,0,5,-0.00118,0.0007,1.5175,1435,0,0,0,0,0,0,0,0,0,0,0,0,0,0,0,0,0,0,0,0,0
598016,292,0,15,0,11,2,2,0.00018,0.00065,1.5034,1349,0,0,0,0,0,0,0,0,0,0,0,0,0,0,0,0,0,0,0,0,0
600064,293,0,10,1,6,0,3,-0.00037,0.00179,1.5166,1466,0,0,0,0,0,0,0,0,0,0,0,0,0,0,0,0,0,0,0,0,0
602112,294,0,4,0,3,0,1,-0.00078,0.00048,1.5028,1502,0,0,0,0,0,0,0,0,0,0,0,0,0,0,0,0,0,0,0,0,0
604160,295,0,7,0,3,0,4,-0.00034,0.00065,1.4943,1481,0,0,0,0,0,0,0,0,0,0,0,0,0,0,0,0,0,0,0,0,0
606208,296,0,9,0,5,1,3,-0.00145,0.00046,1.4781,1403,0,0,0,0,0,0,0,0,0,0,0,0,0,0,0,0,0,0,0,0,0
608256,297,0,8,0,3,0,5,9e-05,0.00051,1.4802,1374,0,0,0,0,0,0,0,0,0,0,0,0,0,0,0,0,0,0,0,0,0
610304,298,0,4,0,2,1,1,-0.00153,0.0006,1.5171,1402,0,0,0,0,0,0,0,0,0,0,0,0,0,0,0,0,0,0,0,0,0
612352,299,0,6,1,3,0,2,-0.00199,0.00097,1.5217,1369,0,0,0,0,0,0,0,0,0,0,0,0,0,0,0,0,0,0,0,0,0
614400,300,0,5,0,1,0,4,-0.00131,0.00061,1.4897,1536,0,0,0,0,0,0,0,0,0,0,0,0,0,0,0,0,0,0,0,0,0
616448,301,0,12,0,4,2,6,-0.00021,0.00089,1.4756,1478,0,0,0,0,0,0,0,0,0,0,0,0,0,0,0,0,0,0,0,0,0
618496,302,0,3,0,1,2,0,-0.0004,0.00042,1.4856,1552,0,0,0,0,0,0,0,0,0,0,0,0,0,0,0,0,0,0,0,0,0
620544,303,0,10,2,4,1,3,-0.00161,0.0022,1.4999,1552,0,0,0,0,0,0,0,0,0,0,0,0,0,0,0,0,0,0,0,0,0
622592,304,0,7,0,3,1,3,-0.00286,0.00081,1.5149,1529,0,0,0,0,0,0,0,0,0,0,0,0,0,0,0,0,0,0,0,0,0
624640,305,0,12,0,6,2,4,-0.00081,0.00116,1.5109,1451,0,0,0,0,0,0,0,0,0,0,0,0,0,0,0,0,0,0,0,0,0
626688,306,0,4,1,3,0,0,-0.00104,0.00139,1.472,1381,0,0,0,0,0,0,0,0,0,0,0,0,0,0,0,0,0,0,0,0,0
628736,307,0,10,1,5,1,3,-0.00065,0.00159,1.4202,1416,0,0,0,0,0,0,0,0,0,0,0,0,0,0,0,0,0,0,0,0,0
630784,308,0,8,1,3,2,2,-0.00138,0.0018,1.401,1487,0,0,0,0,0,0,0,0,0,0,0,0,0,0,0,0,0,0,0,0,0
632832,309,0,11,1,6,1,3,-0.0012,0.0012,1.4199,1536,0,0,0,0,0,0,0,0,0,0,0,0,0,0,0,0,0,0,0,0,0
634880,310,0,5,1,1,1,2,-0.00046,0.00075,1.4374,1461,0,0,0,0,0,0,0,0,0,0,0,0,0,0,0,0,0,0,0,0,0
636928,311,0,5,1,1,0,3,-0.00036,0.00156,1.3937,1506,0,0,0,0,0,0,0,0,0,0,0,0,0,0,0,0,0,0,0,0,0
638976,312,0,12,1,9,1,1,0.00026,0.00087,1.3773,1405,0,0,0,0,0,0,0,0,0,0,0,0,0,0,0,0,0,0,0,0,0
641024,313,0,8,0,2,2,4,4e-05,0.00098,1.4032,1534,0,0,0,0,0,0,0,0,0,0,0,0,0,0,0,0,0,0,0,0,0
643072,314,0,15,2,7,2,4,-0.00056,0.00233,1.3656,1492,0,0,0,0,0,0,0,0,0,0,0,0,0,0,0,0,0,0,0,0,0
645120,315,0,5,0,3,2,0,-0.00026,0.00069,1.3772,1385,0,0,0,0,0,0,0,0,0,0,0,0,0,0,0,0,0,0,0,0,0
647168,316,0,8,0,4,2,2,-0.00316,0.0007,1.4398,1255,0,0,0,0,0,0,0,0,0,0,0,0,0,0,0,0,0,0,0,0,0
649216,317,0,7,2,3,1,1,-0.00109,0.00174,1.4225,1511,0,0,0,0,0,0,0,0,0,0,0,0,0,0,0,0,0,0,0,0,0
651264,318,0,9,0,3,1,5,-0.00109,0.00086,1.4416,1459,0,0,0,0,0,0,0,0,0,0,0,0,0,0,0,0,0,0,0,0,0
653312,319,0,6,0,3,1,2,-0.00052,0.00074,1.4732,1515,0,0,0,0,0,0,0,0,0,0,0,0,0,0,0,0,0,0,0,0,0
655360,320,0,8,0,4,2,2,-0.00058,0.0009,1.4779,1544,0,0,0,0,0,0,0,0,0,0,0,0,0,0,0,0,0,0,0,0,0
657408,321,0,5,0,1,1,3,0.0,0.00045,1.467,1508,0,0,0,0,0,0,0,0,0,0,0,0,0,0,0,0,0,0,0,0,0
659456,322,0,7,0,4,0,3,-0.00019,0.00056,1.4391,1500,0,0,0,0,0,0,0,0,0,0,0,0,0,0,0,0,0,0,0,0,0
661504,323,0,6,0,2,0,4,-0.00157,0.00069,1.4137,1525,0,0,0,0,0,0,0,0,0,0,0,0,0,0,0,0,0,0,0,0,0
663552,324,0,6,0,2,0,4,0.0001,0.00067,1.3771,1566,0,0,0,0,0,0,0,0,0,0,0,0,0,0,0,0,0,0,0,0,0
665600,325,0,8,0,2,2,4,-0.00103,0.00057,1.4032,1591,0,0,0,0,0,0,0,0,0,0,0,0,0,0,0,0,0,0,0,0,0
667648,326,0,2,0,1,1,0,0.00047,0.00048,1.4227,1451,0,0,0,0,0,0,0,0,0,0,0,0,0,0,0,0,0,0,0,0,0
669696,327,0,8,0,4,1,3,-0.002,0.00059,1.4396,1553,0,0,0,0,0,0,0,0,0,0,0,0,0,0,0,0,0,0,0,0,0
671744,328,0,8,0,4,1,3,-0.00106,0.00093,1.4426,1566,0,0,0,0,0,0,0,0,0,0,0,0,0,0,0,0,0,0,0,0,0
673792,329,0,6,0,3,1,2,-0.00026,0.00059,1.4676,1556,0,0,0,0,0,0,0,0,0,0,0,0,0,0,0,0,0,0,0,0,0
675840,330,0,6,0,4,1,1,-0.00226,0.00064,1.4163,1443,0,0,0,0,0,0,0,0,0,0,0,0,0,0,0,0,0,0,0,0,0
677888,331,0,8,1,3,0,4,-0.00068,0.00058,1.3813,1547,0,0,0,0,0,0,0,0,0,0,0,0,0,0,0,0,0,0,0,0,0
679936,332,0,8,0,6,0,2,-0.00114,0.00064,1.3359,1449,0,0,0,0,0,0,0,0,0,0,0,0,0,0,0,0,0,0,0,0,0
681984,333,0,8,0,6,0,2,9e-05,0.00056,1.2997,1573,0,0,0,0,0,0,0,0,0,0,0,0,0,0,0,0,0,0,0,0,0
684032,334,0,6,0,3,1,2,-0.00076,0.00095,1.3532,1593,0,0,0,0,0,0,0,0,0,0,0,0,0,0,0,0,0,0,0,0,0
686080,335,0,11,0,3,2,6,0.00011,0.00062,1.3924,1557,0,0,0,0,0,0,0,0,0,0,0,0,0,0,0,0,0,0,0,0,0
688128,336,0,9,0,7,1,1,-0.00045,0.00098,1.4078,1548,0,0,0,0,0,0,0,0,0,0,0,0,0,0,0,0,0,0,0,0,0
690176,337,0,2,0,2,0,0,-0.00094,0.00026,1.4026,1534,0,0,0,0,0,0,0,0,0,0,0,0,0,0,0,0,0,0,0,0,0
692224,338,0,12,0,6,1,5,-0.00128,0.00075,1.3509,1499,0,0,0,0,0,0,0,0,0,0,0,0,0,0,0,0,0,0,0,0,0
694272,339,0,7,0,3,1,3,-0.00073,0.00063,1.3973,1459,0,0,0,0,0,0,0,0,0,0,0,0,0,0,0,0,0,0,0,0,0
696320,340,0,4,0,0,0,4,-0.00062,0.00061,1.464,1407,0,0,0,0,0,0,0,0,0,0,0,0,0,0,0,0,0,0,0,0,0
698368,341,0,3,0,2,1,0,-0.00178,0.00056,1.4941,1434,0,0,0,0,0,0,0,0,0,0,0,0,0,0,0,0,0,0,0,0,0
700416,342,0,8,0,1,3,4,-0.00088,0.00062,1.5388,1403,0,0,0,0,0,0,0,0,0,0,0,0,0,0,0,0,0,0,0,0,0
702464,343,0,10,0,5,0,5,-0.00061,0.00087,1.5553,1406,0,0,0,0,0,0,0,0,0,0,0,0,0,0,0,0,0,0,0,0,0
704512,344,0,5,0,4,0,1,-0.00028,0.00051,1.5776,1385,0,0,0,0,0,0,0,0,0,0,0,0,0,0,0,0,0,0,0,0,0
706560,345,0,8,0,6,2,0,-0.00022,0.00089,1.6051,1640,0,0,0,0,0,0,0,0,0,0,0,0,0,0,0,0,0,0,0,0,0
708608,346,0,6,0,1,1,4,0.00078,0.00051,1.6423,1566,0,0,0,0,0,0,0,0,0,0,0,0,0,0,0,0,0,0,0,0,0
710656,347,0,6,0,1,1,4,-0.00014,0.00069,1.6117,1331,0,0,0,0,0,0,0,0,0,0,0,0,0,0,0,0,0,0,0,0,0
712704,348,0,3,1,0,1,1,-0.00014,0.00245,1.6022,1399,0,0,0,0,0,0,0,0,0,0,0,0,0,0,0,0,0,0,0,0,0
714752,349,0,7,0,2,3,2,0.00024,0.0007,1.5838,1476,0,0,0,0,0,0,0,0,0,0,0,0,0,0,0,0,0,0,0,0,0
716800,350,0,9,0,2,2,5,-0.0011,0.00063,1.6225,1490,0,0,0,0,0,0,0,0,0,0,0,0,0,0,0,0,0,0,0,0,0
718848,351,0,9,0,5,1,3,-0.00109,0.00092,1.6528,1434,0,0,0,0,0,0,0,0,0,0,0,0,0,0,0,0,0,0,0,0,0
720896,352,0,8,0,5,1,2,-0.00052,0.00054,1.6573,1500,0,0,0,0,0,0,0,0,0,0,0,0,0,0,0,0,0,0,0,0,0
722944,353,0,6,0,3,1,2,-0.00028,0.00099,1.6787,1480,0,0,0,0,0,0,0,0,0,0,0,0,0,0,0,0,0,0,0,0,0
724992,354,0,12,0,5,3,4,-0.00053,0.00101,1.6825,1395,0,0,0,0,0,0,0,0,0,0,0,0,0,0,0,0,0,0,0,0,0
727040,355,0,6,0,4,2,0,-0.00062,0.0006,1.6934,1422,0,0,0,0,0,0,0,0,0,0,0,0,0,0,0,0,0,0,0,0,0
729088,356,0,6,0,3,1,2,-0.0002,0.0006,1.6649,1471,0,0,0,0,0,0,0,0,0,0,0,0,0,0,0,0,0,0,0,0,0
731136,357,0,8,1,3,0,4,-0.00088,0.00134,1.6289,1356,0,0,0,0,0,0,0,0,0,0,0,0,0,0,0,0,0,0,0,0,0
733184,358,0,11,0,7,1,3,0.00021,0.00061,1.5977,1469,0,0,0,0,0,0,0,0,0,0,0,0,0,0,0,0,0,0,0,0,0
735232,359,0,4,0,2,2,0,-0.0007,0.0006,1.6229,1405,0,0,0,0,0,0,0,0,0,0,0,0,0,0,0,0,0,0,0,0,0
737280,360,0,6,0,3,0,3,-0.00049,0.00069,1.6498,1431,0,0,0,0,0,0,0,0,0,0,0,0,0,0,0,0,0,0,0,0,0
739328,361,0,8,1,2,1,4,0.00012,0.00094,1.6784,1528,0,0,0,0,0,0,0,0,0,0,0,0,0,0,0,0,0,0,0,0,0
741376,362,0,7,0,3,0,4,-0.00046,0.00081,1.68,1414,0,0,0,0,0,0,0,0,0,0,0,0,0,0,0,0,0,0,0,0,0
743424,363,0,5,0,2,0,3,-0.00057,0.00058,1.6688,1449,0,0,0,0,0,0,0,0,0,0,0,0,0,0,0,0,0,0,0,0,0
745472,364,0,8,0,3,2,3,-0.00021,0.00058,1.6605,1561,0,0,0,0,0,0,0,0,0,0,0,0,0,0,0,0,0,0,0,0,0
747520,365,0,9,1,5,0,3,-0.00016,0.00091,1.6692,1473,0,0,0,0,0,0,0,0,0,0,0,0,0,0,0,0,0,0,0,0,0
749568,366,0,8,0,4,1,3,-0.00063,0.00052,1.6644,1531,0,0,0,0,0,0,0,0,0,0,0,0,0,0,0,0,0,0,0,0,0
751616,367,0,4,0,3,0,1,-3e-05,0.00077,1.6664,1520,0,0,0,0,0,0,0,0,0,0,0,0,0,0,0,0,0,0,0,0,0
753664,368,0,9,0,6,0,3,3e-05,0.00035,1.6702,1468,0,0,0,0,0,0,0,0,0,0,0,0,0,0,0,0,0,0,0,0,0
755712,369,0,7,0,2,1,4,-0.00067,0.00064,1.6637,1460,0,0,0,0,0,0,0,0,0,0,0,0,0,0,0,0,0,0,0,0,0
757760,370,0,4,0,1,2,1,-0.00067,0.00069,1.6539,1571,0,0,0,0,0,0,0,0,0,0,0,0,0,0,0,0,0,0,0,0,0
759808,371,0,11,0,8,2,1,-0.00219,0.00097,1.6245,1523,0,0,0,0,0,0,0,0,0,0,0,0,0,0,0,0,0,0,0,0,0
761856,372,0,10,0,3,1,6,-0.00045,0.0006,1.575,1587,0,0,0,0,0,0,0,0,0,0,0,0,0,0,0,0,0,0,0,0,0
763904,373,0,1,0,0,1,0,-0.00149,0.00052,1.5623,1488,0,0,0,0,0,0,0,0,0,0,0,0,0,0,0,0,0,0,0,0,0
765952,374,0,7,0,4,1,2,-7e-05,0.00083,1.5614,1524,0,0,0,0,0,0,0,0,0,0,0,0,0,0,0,0,0,0,0,0,0
768000,375,0,9,1,2,0,6,-0.00095,0.00057,1.5544,1499,0,0,0,0,0,0,0,0,0,0,0,0,0,0,0,0,0,0,0,0,0
770048,376,0,10,0,5,1,4,-0.00044,0.00078,1.5206,1501,0,0,0,0,0,0,0,0,0,0,0,0,0,0,0,0,0,0,0,0,0
772096,377,0,7,0,6,1,0,-0.00213,0.00077,1.5618,1276,0,0,0,0,0,0,0,0,0,0,0,0,0,0,0,0,0,0,0,0,0
774144,378,0,12,0,5,2,5,-0.00059,0.00095,1.6192,1312,0,0,0,0,0,0,0,0,0,0,0,0,0,0,0,0,0,0,0,0,0
776192,379,0,5,0,3,0,2,-0.00029,0.00076,1.6436,1414,0,0,0,0,0,0,0,0,0,0,0,0,0,0,0,0,0,0,0,0,0
778240,380,0,9,0,3,3,3,-0.00174,0.00068,1.6239,1481,0,0,0,0,0,0,0,0,0,0,0,0,0,0,0,0,0,0,0,0,0
780288,381,0,6,0,4,1,1,-0.00066,0.00052,1.6273,1391,0,0,0,0,0,0,0,0,0,0,0,0,0,0,0,0,0,0,0,0,0
782336,382,0,10,0,5,0,5,-0.00032,0.00073,1.6515,1417,0,0,0,0,0,0,0,0,0,0,0,0,0,0,0,0,0,0,0,0,0
784384,383,0,8,0,3,0,5,-0.00094,0.00055,1.6632,1290,0,0,0,0,0,0,0,0,0,0,0,0,0,0,0,0,0,0,0,0,0
786432,384,0,4,0,2,1,1,-0.00022,0.00062,1.6867,1467,0,0,0,0,0,0,0,0,0,0,0,0,0,0,0,0,0,0,0,0,0
788480,385,0,3,0,2,0,1,-0.00073,0.00057,1.6762,1380,0,0,0,0,0,0,0,0,0,0,0,0,0,0,0,0,0,0,0,0,0
790528,386,0,7,0,1,1,5,-0.00184,0.00037,1.6448,1286,0,0,0,0,0,0,0,0,0,0,0,0,0,0,0,0,0,0,0,0,0
792576,387,0,12,1,6,1,4,-0.00055,0.00142,1.6014,1384,0,0,0,0,0,0,0,0,0,0,0,0,0,0,0,0,0,0,0,0,0
794624,388,0,6,0,3,0,3,0.00053,0.00083,1.6174,1386,0,0,0,0,0,0,0,0,0,0,0,0,0,0,0,0,0,0,0,0,0
796672,389,0,4,0,2,1,1,-0.00054,0.00016,1.6214,1337,0,0,0,0,0,0,0,0,0,0,0,0,0,0,0,0,0,0,0,0,0
798720,390,0,4,0,1,0,3,-0.00098,0.00061,1.6097,1453,0,0,0,0,0,0,0,0,0,0,0,0,0,0,0,0,0,0,0,0,0
800768,391,0,11,0,4,2,5,-0.00095,0.00056,1.6141,1481,0,0,0,0,0,0,0,0,0,0,0,0,0,0,0,0,0,0,0,0,0
802816,392,0,5,0,1,0,4,-0.00041,0.0006,1.6239,1451,0,0,0,0,0,0,0,0,0,0,0,0,0,0,0,0,0,0,0,0,0
804864,393,0,5,0,1,1,3,-0.00088,0.00045,1.5731,1203,0,0,0,0,0,0,0,0,0,0,0,0,0,0,0,0,0,0,0,0,0
806912,394,0,2,0,0,1,1,-0.00142,0.00031,1.5897,1293,0,0,0,0,0,0,0,0,0,0,0,0,0,0,0,0,0,0,0,0,0
808960,395,0,11,0,1,3,7,-0.00073,0.00104,1.6347,1372,0,0,0,0,0,0,0,0,0,0,0,0,0,0,0,0,0,0,0,0,0
811008,396,0,8,0,4,1,3,-0.00012,0.00061,1.6669,1401,0,0,0,0,0,0,0,0,0,0,0,0,0,0,0,0,0,0,0,0,0
813056,397,0,6,0,4,0,2,0.00037,0.0007,1.6713,1603,0,0,0,0,0,0,0,0,0,0,0,0,0,0,0,0,0,0,0,0,0
815104,398,0,3,0,2,0,1,-0.00143,0.00052,1.6569,1546,0,0,0,0,0,0,0,0,0,0,0,0,0,0,0,0,0,0,0,0,0
817152,399,0,15,1,4,2,8,-0.00079,0.00064,1.6304,1366,0,0,0,0,0,0,0,0,0,0,0,0,0,0,0,0,0,0,0,0,0
819200,400,0,5,0,3,0,2,0.00027,0.00072,1.6265,1492,0,0,0,0,0,0,0,0,0,0,0,0,0,0,0,0,0,0,0,0,0
821248,401,0,6,0,2,2,2,-9e-05,0.00064,1.6378,1278,0,0,0,0,0,0,0,0,0,0,0,0,0,0,0,0,0,0,0,0,0
823296,402,0,2,0,0,1,1,-0.00117,0.00026,1.6353,1402,0,0,0,0,0,0,0,0,0,0,0,0,0,0,0,0,0,0,0,0,0
825344,403,0,8,0,2,1,5,-0.00043,0.00048,1.6397,1392,0,0,0,0,0,0,0,0,0,0,0,0,0,0,0,0,0,0,0,0,0
827392,404,0,7,0,4,1,2,-0.00032,0.00056,1.6135,1539,0,0,0,0,0,0,0,0,0,0,0,0,0,0,0,0,0,0,0,0,0
829440,405,0,11,0,6,1,4,-0.0009,0.00092,1.6125,1565,0,0,0,0,0,0,0,0,0,0,0,0,0,0,0,0,0,0,0,0,0
831488,406,0,5,1,0,1,3,-0.00079,0.00185,1.6003,1525,0,0,0,0,0,0,0,0,0,0,0,0,0,0,0,0,0,0,0,0,0
833536,407,0,6,2,2,0,2,-0.00065,0.00142,1.6036,1439,0,0,0,0,0,0,0,0,0,0,0,0,0,0,0,0,0,0,0,0,0
835584,408,0,5,0,4,0,1,-0.00177,0.00064,1.6167,1451,0,0,0,0,0,0,0,0,0,0,0,0,0,0,0,0,0,0,0,0,0
837632,409,0,7,0,1,2,4,-0.0011,0.00083,1.6133,1257,0,0,0,0,0,0,0,0,0,0,0,0,0,0,0,0,0,0,0,0,0
839680,410,0,7,0,2,1,4,-0.00112,0.00046,1.6247,1317,0,0,0,0,0,0,0,0,0,0,0,0,0,0,0,0,0,0,0,0,0
841728,411,0,6,0,3,0,3,-0.00037,0.00105,1.6365,1419,0,0,0,0,0,0,0,0,0,0,0,0,0,0,0,0,0,0,0,0,0
843776,412,0,3,0,1,0,2,-0.00208,0.00029,1.6554,1234,0,0,0,0,0,0,0,0,0,0,0,0,0,0,0,0,0,0,0,0,0
845824,413,0,10,0,5,0,5,0.0002,0.00078,1.6696,1422,0,0,0,0,0,0,0,0,0,0,0,0,0,0,0,0,0,0,0,0,0
847872,414,0,8,0,5,0,3,-0.0009,0.00039,1.6595,1265,0,0,0,0,0,0,0,0,0,0,0,0,0,0,0,0,0,0,0,0,0
849920,415,0,11,0,7,0,4,-0.00288,0.00072,1.6236,1348,0,0,0,0,0,0,0,0,0,0,0,0,0,0,0,0,0,0,0,0,0
851968,416,0,4,0,2,1,1,-0.00017,0.00075,1.5752,1298,0,0,0,0,0,0,0,0,0,0,0,0,0,0,0,0,0,0,0,0,0
854016,417,0,8,0,3,1,4,-0.00423,0.00072,1.5369,1406,0,0,0,0,0,0,0,0,0,0,0,0,0,0,0,0,0,0,0,0,0
856064,418,0,7,1,1,1,4,-0.00194,0.00065,1.5051,1442,0,0,0,0,0,0,0,0,0,0,0,0,0,0,0,0,0,0,0,0,0
858112,419,0,11,0,8,1,2,-0.00012,0.00075,1.5414,1409,0,0,0,0,0,0,0,0,0,0,0,0,0,0,0,0,0,0,0,0,0
860160,420,0,4,0,3,0,1,0.00022,0.00045,1.5672,1471,0,0,0,0,0,0,0,0,0,0,0,0,0,0,0,0,0,0,0,0,0
862208,421,0,8,0,4,0,4,-0.00143,0.00061,1.5449,1293,0,0,0,0,0,0,0,0,0,0,0,0,0,0,0,0,0,0,0,0,0
864256,422,0,8,0,4,1,3,0.00012,0.00073,1.5326,1333,0,0,0,0,0,0,0,0,0,0,0,0,0,0,0,0,0,0,0,0,0
866304,423,0,10,0,5,0,5,-0.00067,0.00042,1.5425,1367,0,0,0,0,0,0,0,0,0,0,0,0,0,0,0,0,0,0,0,0,0
868352,424,0,4,0,3,0,1,-0.00039,0.00056,1.5569,1244,0,0,0,0,0,0,0,0,0,0,0,0,0,0,0,0,0,0,0,0,0
870400,425,0,6,0,2,0,4,-7e-05,0.0006,1.5622,1346,0,0,0,0,0,0,0,0,0,0,0,0,0,0,0,0,0,0,0,0,0
872448,426,0,9,0,5,0,4,-0.00051,0.00057,1.6105,1333,0,0,0,0,0,0,0,0,0,0,0,0,0,0,0,0,0,0,0,0,0
874496,427,0,7,1,3,0,3,-0.00085,0.0009,1.6286,1371,0,0,0,0,0,0,0,0,0,0,0,0,0,0,0,0,0,0,0,0,0
876544,428,0,6,1,1,2,2,0.00021,0.00063,1.6467,1335,0,0,0,0,0,0,0,0,0,0,0,0,0,0,0,0,0,0,0,0,0
878592,429,0,7,1,2,2,2,-0.00032,0.00136,1.6719,1439,0,0,0,0,0,0,0,0,0,0,0,0,0,0,0,0,0,0,0,0,0
880640,430,0,8,0,1,2,5,-0.00018,0.00059,1.6664,1303,0,0,0,0,0,0,0,0,0,0,0,0,0,0,0,0,0,0,0,0,0
882688,431,0,4,0,3,1,0,-0.00268,0.00072,1.6341,1381,0,0,0,0,0,0,0,0,0,0,0,0,0,0,0,0,0,0,0,0,0
884736,432,0,6,0,4,0,2,-0.00095,0.0005,1.581,1397,0,0,0,0,0,0,0,0,0,0,0,0,0,0,0,0,0,0,0,0,0
886784,433,0,6,0,1,0,5,7e-05,0.00049,1.5848,1360,0,0,0,0,0,0,0,0,0,0,0,0,0,0,0,0,0,0,0,0,0
888832,434,0,11,1,5,1,4,-0.00158,0.00107,1.6022,1360,0,0,0,0,0,0,0,0,0,0,0,0,0,0,0,0,0,0,0,0,0
890880,435,0,2,0,2,0,0,-0.00108,0.00038,1.6179,1340,0,0,0,0,0,0,0,0,0,0,0,0,0,0,0,0,0,0,0,0,0
892928,436,0,8,2,2,0,4,-0.00021,0.00159,1.6452,1231,0,0,0,0,0,0,0,0,0,0,0,0,0,0,0,0,0,0,0,0,0
894976,437,0,8,1,5,0,2,-0.00057,0.00143,1.6372,1383,0,0,0,0,0,0,0,0,0,0,0,0,0,0,0,0,0,0,0,0,0
897024,438,0,8,1,1,2,4,-0.00031,0.00172,1.6344,1515,0,0,0,0,0,0,0,0,0,0,0,0,0,0,0,0,0,0,0,0,0
899072,439,0,5,0,2,1,2,-0.00155,0.00033,1.6296,1298,0,0,0,0,0,0,0,0,0,0,0,0,0,0,0,0,0,0,0,0,0
901120,440,0,6,2,2,1,1,0.00019,0.00168,1.6407,1365,0,0,0,0,0,0,0,0,0,0,0,0,0,0,0,0,0,0,0,0,0
903168,441,0,5,0,2,0,3,-0.00081,0.00045,1.6315,1358,0,0,0,0,0,0,0,0,0,0,0,0,0,0,0,0,0,0,0,0,0
905216,442,0,11,0,4,1,6,-0.00148,0.00096,1.6011,1310,0,0,0,0,0,0,0,0,0,0,0,0,0,0,0,0,0,0,0,0,0
907264,443,0,7,0,4,0,3,-0.00136,0.00046,1.5861,1088,0,0,0,0,0,0,0,0,0,0,0,0,0,0,0,0,0,0,0,0,0
909312,444,0,6,0,5,0,1,-0.00011,0.0005,1.5434,1556,0,0,0,0,0,0,0,0,0,0,0,0,0,0,0,0,0,0,0,0,0
911360,445,0,8,0,3,2,3,-8e-05,0.00082,1.5286,1549,0,0,0,0,0,0,0,0,0,0,0,0,0,0,0,0,0,0,0,0,0
913408,446,0,9,0,7,0,2,-0.0007,0.00065,1.518,1567,0,0,0,0,0,0,0,0,0,0,0,0,0,0,0,0,0,0,0,0,0
915456,447,0,7,0,2,2,3,-0.00193,0.00086,1.5326,1464,0,0,0,0,0,0,0,0,0,0,0,0,0,0,0,0,0,0,0,0,0
917504,448,0,6,0,1,4,1,-1e-05,0.00053,1.5561,1366,0,0,0,0,0,0,0,0,0,0,0,0,0,0,0,0,0,0,0,0,0
919552,449,0,9,0,5,0,4,-0.00068,0.00067,1.5852,1362,0,0,0,0,0,0,0,0,0,0,0,0,0,0,0,0,0,0,0,0,0
921600,450,0,7,0,3,2,2,-0.00178,0.00088,1.58,1411,0,0,0,0,0,0,0,0,0,0,0,0,0,0,0,0,0,0,0,0,0
923648,451,0,5,0,2,1,2,-0.00081,0.00056,1.5514,1268,0,0,0,0,0,0,0,0,0,0,0,0,0,0,0,0,0,0,0,0,0
925696,452,0,7,1,3,1,2,-0.00112,0.00061,1.5271,1273,0,0,0,0,0,0,0,0,0,0,0,0,0,0,0,0,0,0,0,0,0
927744,453,0,7,0,3,1,3,-0.00018,0.00098,1.5123,1442,0,0,0,0,0,0,0,0,0,0,0,0,0,0,0,0,0,0,0,0,0
929792,454,0,4,0,1,0,3,-0.00294,0.00077,1.4566,1478,0,0,0,0,0,0,0,0,0,0,0,0,0,0,0,0,0,0,0,0,0
931840,455,0,9,1,3,1,4,0.0001,0.00082,1.4714,1345,0,0,0,0,0,0,0,0,0,0,0,0,0,0,0,0,0,0,0,0,0
933888,456,0,9,2,4,0,3,-0.00112,0.00256,1.4744,1414,0,0,0,0,0,0,0,0,0,0,0,0,0,0,0,0,0,0,0,0,0
935936,457,0,7,1,4,1,1,-4e-05,0.00063,1.5292,1553,0,0,0,0,0,0,0,0,0,0,0,0,0,0,0,0,0,0,0,0,0
937984,458,0,10,0,6,1,3,-1e-05,0.00043,1.5484,1554,0,0,0,0,0,0,0,0,0,0,0,0,0,0,0,0,0,0,0,0,0
940032,459,0,4,0,1,1,2,-8e-05,0.00077,1.5582,1466,0,0,0,0,0,0,0,0,0,0,0,0,0,0,0,0,0,0,0,0,0
942080,460,0,12,1,6,1,4,-0.00067,0.00104,1.5501,1142,0,0,0,0,0,0,0,0,0,0,0,0,0,0,0,0,0,0,0,0,0
944128,461,0,0,0,0,0,0,-0.00092,0.00046,1.5338,1372,0,0,0,0,0,0,0,0,0,0,0,0,0,0,0,0,0,0,0,0,0
946176,462,0,7,0,3,0,4,-0.00146,0.00031,1.528,1095,0,0,0,0,0,0,0,0,0,0,0,0,0,0,0,0,0,0,0,0,0
948224,463,0,9,2,3,0,4,-0.00016,0.00078,1.5386,1423,0,0,0,0,0,0,0,0,0,0,0,0,0,0,0,0,0,0,0,0,0
950272,464,0,8,1,3,2,2,-0.00122,0.00085,1.5336,1412,0,0,0,0,0,0,0,0,0,0,0,0,0,0,0,0,0,0,0,0,0
952320,465,0,3,0,2,0,1,-0.00068,0.00056,1.5287,1480,0,0,0,0,0,0,0,0,0,0,0,0,0,0,0,0,0,0,0,0,0
954368,466,0,8,0,5,0,3,-0.00025,0.00097,1.5551,1478,0,0,0,0,0,0,0,0,0,0,0,0,0,0,0,0,0,0,0,0,0
956416,467,0,8,1,1,1,5,-0.0009,0.00121,1.5709,1399,0,0,0,0,0,0,0,0,0,0,0,0,0,0,0,0,0,0,0,0,0
958464,468,0,5,0,3,0,2,-0.00104,0.00055,1.531,1431,0,0,0,0,0,0,0,0,0,0,0,0,0,0,0,0,0,0,0,0,0
960512,469,0,6,0,2,1,3,-0.0015,0.00072,1.5351,1268,0,0,0,0,0,0,0,0,0,0,0,0,0,0,0,0,0,0,0,0,0
962560,470,0,6,0,4,0,2,-0.00063,0.00066,1.5969,1332,0,0,0,0,0,0,0,0,0,0,0,0,0,0,0,0,0,0,0,0,0
964608,471,0,13,0,8,0,5,-0.00078,0.00043,1.6062,1514,0,0,0,0,0,0,0,0,0,0,0,0,0,0,0,0,0,0,0,0,0
966656,472,0,4,0,2,1,1,-0.00093,0.00089,1.5744,1402,0,0,0,0,0,0,0,0,0,0,0,0,0,0,0,0,0,0,0,0,0
968704,473,0,7,2,1,1,3,-0.00086,0.00225,1.5719,1467,0,0,0,0,0,0,0,0,0,0,0,0,0,0,0,0,0,0,0,0,0
970752,474,0,9,1,5,0,3,0.00019,0.00075,1.6196,1525,0,0,0,0,0,0,0,0,0,0,0,0,0,0,0,0,0,0,0,0,0
972800,475,0,12,0,7,1,4,-0.00072,0.00067,1.6109,1376,0,0,0,0,0,0,0,0,0,0,0,0,0,0,0,0,0,0,0,0,0
974848,476,0,8,0,4,3,1,-0.00042,0.00053,1.6097,1299,0,0,0,0,0,0,0,0,0,0,0,0,0,0,0,0,0,0,0,0,0
976896,477,0,6,1,2,0,3,-0.00058,0.00113,1.6473,1316,0,0,0,0,0,0,0,0,0,0,0,0,0,0,0,0,0,0,0,0,0
978944,478,0,7,0,3,1,3,-7e-05,0.00064,1.6477,1315,0,0,0,0,0,0,0,0,0,0,0,0,0,0,0,0,0,0,0,0,0
980992,479,0,8,0,4,2,2,6e-05,0.00075,1.6566,1439,0,0,0,0,0,0,0,0,0,0,0,0,0,0,0,0,0,0,0,0,0
983040,480,0,8,1,4,0,3,-0.00108,0.00132,1.6302,1430,0,0,0,0,0,0,0,0,0,0,0,0,0,0,0,0,0,0,0,0,0
985088,481,0,2,0,1,0,1,0.00012,0.00027,1.6041,1306,0,0,0,0,0,0,0,0,0,0,0,0,0,0,0,0,0,0,0,0,0
987136,482,0,5,0,1,1,3,-0.00037,0.00036,1.5833,1496,0,0,0,0,0,0,0,0,0,0,0,0,0,0,0,0,0,0,0,0,0
989184,483,0,8,0,3,0,5,-0.00032,0.00088,1.5613,1105,0,0,0,0,0,0,0,0,0,0,0,0,0,0,0,0,0,0,0,0,0
991232,484,0,6,1,0,1,4,-0.00044,0.00178,1.5576,1205,0,0,0,0,0,0,0,0,0,0,0,0,0,0,0,0,0,0,0,0,0
993280,485,0,3,1,0,1,1,-0.00158,0.00176,1.5691,1584,0,0,0,0,0,0,0,0,0,0,0,0,0,0,0,0,0,0,0,0,0
995328,486,0,6,1,2,0,3,-0.00013,0.00072,1.5629,1282,0,0,0,0,0,0,0,0,0,0,0,0,0,0,0,0,0,0,0,0,0
997376,487,0,14,1,7,1,5,-3e-05,0.00097,1.5786,1466,0,0,0,0,0,0,0,0,0,0,0,0,0,0,0,0,0,0,0,0,0
999424,488,0,10,2,6,0,2,-0.00022,0.00203,1.5563,1471,0,0,0,0,0,0,0,0,0,0,0,0,0,0,0,0,0,0,0,0,0
1001472,489,0,4,1,1,0,2,-0.00049,0.00077,1.539,1163,0,0,0,0,0,0,0,0,0,0,0,0,0,0,0,0,0,0,0,0,0
1003520,490,0,7,0,2,2,3,-0.00072,0.0004,1.5265,1080,0,0,0,0,0,0,0,0,0,0,0,0,0,0,0,0,0,0,0,0,0
1005568,491,0,6,1,1,0,4,-0.00101,0.00118,1.4954,1599,0,0,0,0,0,0,0,0,0,0,0,0,0,0,0,0,0,0,0,0,0
1007616,492,0,7,0,2,1,4,-0.00125,0.00057,1.4632,1568,0,0,0,0,0,0,0,0,0,0,0,0,0,0,0,0,0,0,0,0,0
1009664,493,0,9,2,3,3,1,-0.00078,0.0016,1.4633,1595,0,0,0,0,0,0,0,0,0,0,0,0,0,0,0,0,0,0,0,0,0
1011712,494,0,9,1,5,0,3,-0.0,0.00134,1.482,1555,0,0,0,0,0,0,0,0,0,0,0,0,0,0,0,0,0,0,0,0,0
1013760,495,0,5,0,2,1,2,-0.00084,0.00076,1.5092,1369,0,0,0,0,0,0,0,0,0,0,0,0,0,0,0,0,0,0,0,0,0
1015808,496,0,6,3,2,0,1,-0.00072,0.00303,1.4998,1431,0,0,0,0,0,0,0,0,0,0,0,0,0,0,0,0,0,0,0,0,0
1017856,497,0,9,0,3,1,5,-0.00083,0.00084,1.4953,1384,0,0,0,0,0,0,0,0,0,0,0,0,0,0,0,0,0,0,0,0,0
1019904,498,0,7,0,4,0,3,2e-05,0.00096,1.5379,1615,0,0,0,0,0,0,0,0,0,0,0,0,0,0,0,0,0,0,0,0,0
1021952,499,0,11,1,5,3,2,0.0004,0.00137,1.5374,1485,0,0,0,0,0,0,0,0,0,0,0,0,0,0,0,0,0,0,0,0,0
1024000,500,0,5,2,2,0,1,-0.00178,0.00115,1.551,1638,0,0,0,0,0,0,0,0,0,0,0,0,0,0,0,0,0,0,0,0,0
1026048,501,0,8,1,4,2,1,-0.00048,0.00109,1.5364,1654,0,0,0,0,0,0,0,0,0,0,0,0,0,0,0,0,0,0,0,0,0
1028096,502,0,9,0,5,2,2,-0.00162,0.00096,1.5182,1501,0,0,0,0,0,0,0,0,0,0,0,0,0,0,0,0,0,0,0,0,0
1030144,503,0,7,0,3,0,4,-0.00066,0.00061,1.5098,1490,0,0,0,0,0,0,0,0,0,0,0,0,0,0,0,0,0,0,0,0,0
1032192,504,0,5,0,3,1,1,-0.0029,0.00075,1.5254,1415,0,0,0,0,0,0,0,0,0,0,0,0,0,0,0,0,0,0,0,0,0
1034240,505,0,6,0,3,0,3,-0.00252,0.00049,1.5017,1423,0,0,0,0,0,0,0,0,0,0,0,0,0,0,0,0,0,0,0,0,0
1036288,506,0,10,0,4,2,4,4e-05,0.00072,1.5269,1403,0,0,0,0,0,0,0,0,0,0,0,0,0,0,0,0,0,0,0,0,0
1038336,507,0,9,1,1,5,2,-0.00098,0.00167,1.528,1471,0,0,0,0,0,0,0,0,0,0,0,0,0,0,0,0,0,0,0,0,0
1040384,508,0,10,0,7,1,2,-0.00165,0.00111,1.5318,1073,0,0,0,0,0,0,0,0,0,0,0,0,0,0,0,0,0,0,0,0,0
1042432,509,0,5,0,3,0,2,-0.00034,0.00061,1.5555,1011,0,0,0,0,0,0,0,0,0,0,0,0,0,0,0,0,0,0,0,0,0
1044480,510,0,8,0,3,1,4,-0.00114,0.00044,1.5579,1464,0,0,0,0,0,0,0,0,0,0,0,0,0,0,0,0,0,0,0,0,0
1046528,511,0,11,0,6,2,3,-0.00196,0.00058,1.5222,1398,0,0,0,0,0,0,0,0,0,0,0,0,0,0,0,0,0,0,0,0,0
1048576,512,0,12,0,7,2,3,-0.00134,0.00064,1.4674,1476,0,0,0,0,0,0,0,0,0,0,0,0,0,0,0,0,0,0,0,0,0
1050624,513,0,3,0,0,1,2,-0.00074,0.00089,1.4606,1444,0,0,0,0,0,0,0,0,0,0,0,0,0,0,0,0,0,0,0,0,0
1052672,514,0,8,2,3,1,2,-0.00025,0.00205,1.4847,1338,0,0,0,0,0,0,0,0,0,0,0,0,0,0,0,0,0,0,0,0,0
1054720,515,0,9,0,5,1,3,-0.00011,0.00062,1.491,1527,0,0,0,0,0,0,0,0,0,0,0,0,0,0,0,0,0,0,0,0,0
1056768,516,0,13,0,7,0,6,-0.00143,0.00061,1.4962,1382,0,0,0,0,0,0,0,0,0,0,0,0,0,0,0,0,0,0,0,0,0
1058816,517,0,7,0,5,1,1,-0.00045,0.00058,1.5271,1385,0,0,0,0,0,0,0,0,0,0,0,0,0,0,0,0,0,0,0,0,0
1060864,518,0,3,0,1,0,2,-0.00011,0.00053,1.5513,1113,0,0,0,0,0,0,0,0,0,0,0,0,0,0,0,0,0,0,0,0,0
1062912,519,0,6,1,2,1,2,-0.00065,0.00179,1.5677,1488,0,0,0,0,0,0,0,0,0,0,0,0,0,0,0,0,0,0,0,0,0
1064960,520,0,12,0,5,2,5,-0.00025,0.00062,1.581,1485,0,0,0,0,0,0,0,0,0,0,0,0,0,0,0,0,0,0,0,0,0
1067008,521,0,6,0,2,1,3,-0.00089,0.00066,1.5885,1572,0,0,0,0,0,0,0,0,0,0,0,0,0,0,0,0,0,0,0,0,0
1069056,522,0,4,0,0,3,1,-0.00129,0.00057,1.559,1293,0,0,0,0,0,0,0,0,0,0,0,0,0,0,0,0,0,0,0,0,0
1071104,523,0,7,0,4,0,3,-0.00032,0.00044,1.5436,1321,0,0,0,0,0,0,0,0,0,0,0,0,0,0,0,0,0,0,0,0,0
1073152,524,0,10,1,6,0,3,-0.00154,0.00066,1.5641,1378,0,0,0,0,0,0,0,0,0,0,0,0,0,0,0,0,0,0,0,0,0
1075200,525,0,9,0,6,1,2,-0.0002,0.00072,1.5637,1416,0,0,0,0,0,0,0,0,0,0,0,0,0,0,0,0,0,0,0,0,0
1077248,526,0,5,0,2,1,2,-0.00142,0.00084,1.5689,1448,0,0,0,0,0,0,0,0,0,0,0,0,0,0,0,0,0,0,0,0,0
1079296,527,0,9,0,4,1,4,2e-05,0.00046,1.5954,1498,0,0,0,0,0,0,0,0,0,0,0,0,0,0,0,0,0,0,0,0,0
1081344,528,0,6,0,4,0,2,-0.00146,0.00064,1.5944,1409,0,0,0,0,0,0,0,0,0,0,0,0,0,0,0,0,0,0,0,0,0
1083392,529,0,8,0,4,0,4,-0.00109,0.00045,1.5741,1560,0,0,0,0,0,0,0,0,0,0,0,0,0,0,0,0,0,0,0,0,0
1085440,530,0,12,1,8,1,2,-0.00552,0.0006,1.5064,1383,0,0,0,0,0,0,0,0,0,0,0,0,0,0,0,0,0,0,0,0,0
1087488,531,0,8,0,3,0,5,-0.00097,0.00066,1.4696,1495,0,0,0,0,0,0,0,0,0,0,0,0,0,0,0,0,0,0,0,0,0
1089536,532,0,8,1,6,0,1,-0.00011,0.00128,1.4148,1327,0,0,0,0,0,0,0,0,0,0,0,0,0,0,0,0,0,0,0,0,0
1091584,533,0,7,1,2,0,4,-7e-05,0.00158,1.4367,1330,0,0,0,0,0,0,0,0,0,0,0,0,0,0,0,0,0,0,0,0,0
1093632,534,0,9,2,3,2,2,-0.00059,0.00253,1.493,1337,0,0,0,0,0,0,0,0,0,0,0,0,0,0,0,0,0,0,0,0,0
1095680,535,0,2,0,1,0,1,0.0003,0.00052,1.521,1344,0,0,0,0,0,0,0,0,0,0,0,0,0,0,0,0,0,0,0,0,0
1097728,536,0,11,0,4,2,5,-0.00026,0.00098,1.5233,1292,0,0,0,0,0,0,0,0,0,0,0,0,0,0,0,0,0,0,0,0,0
1099776,537,0,9,2,4,0,3,-0.0016,0.00176,1.5053,1386,0,0,0,0,0,0,0,0,0,0,0,0,0,0,0,0,0,0,0,0,0
1101824,538,0,4,0,2,1,1,-0.00021,0.00067,1.4833,1423,0,0,0,0,0,0,0,0,0,0,0,0,0,0,0,0,0,0,0,0,0
1103872,539,0,5,0,2,2,1,-0.00074,0.0006,1.5045,1477,0,0,0,0,0,0,0,0,0,0,0,0,0,0,0,0,0,0,0,0,0
1105920,540,0,9,0,4,0,5,-0.00306,0.00082,1.4499,1422,0,0,0,0,0,0,0,0,0,0,0,0,0,0,0,0,0,0,0,0,0
1107968,541,0,8,0,5,0,3,-0.00069,0.00058,1.3818,1465,0,0,0,0,0,0,0,0,0,0,0,0,0,0,0,0,0,0,0,0,0
1110016,542,0,6,0,2,2,2,0.00032,0.00068,1.3324,1446,0,0,0,0,0,0,0,0,0,0,0,0,0,0,0,0,0,0,0,0,0
1112064,543,0,6,1,2,0,3,0.00014,0.00044,1.4408,1597,0,0,0,0,0,0,0,0,0,0,0,0,0,0,0,0,0,0,0,0,0
1114112,544,0,6,1,3,0,2,-0.00178,0.00149,1.4603,1426,0,0,0,0,0,0,0,0,0,0,0,0,0,0,0,0,0,0,0,0,0
1116160,545,0,7,0,2,1,4,-0.00201,0.00046,1.367,1529,0,0,0,0,0,0,0,0,0,0,0,0,0,0,0,0,0,0,0,0,0
1118208,546,0,6,1,1,0,4,-0.00265,0.00122,1.3884,1493,0,0,0,0,0,0,0,0,0,0,0,0,0,0,0,0,0,0,0,0,0
1120256,547,0,5,1,3,0,1,-0.00175,0.00089,1.4086,1378,0,0,0,0,0,0,0,0,0,0,0,0,0,0,0,0,0,0,0,0,0
1122304,548,0,7,0,1,0,6,-0.00281,0.00052,1.4024,1385,0,0,0,0,0,0,0,0,0,0,0,0,0,0,0,0,0,0,0,0,0
1124352,549,0,10,2,3,2,3,-0.00063,0.00272,1.4407,1540,0,0,0,0,0,0,0,0,0,0,0,0,0,0,0,0,0,0,0,0,0
1126400,550,0,9,2,4,2,1,-1e-05,0.00189,1.429,1569,0,0,0,0,0,0,0,0,0,0,0,0,0,0,0,0,0,0,0,0,0
1128448,551,0,6,1,4,1,0,-0.00185,0.002,1.4125,1437,0,0,0,0,0,0,0,0,0,0,0,0,0,0,0,0,0,0,0,0,0
1130496,552,0,12,0,6,3,3,-0.00358,0.00086,1.457,1403,0,0,0,0,0,0,0,0,0,0,0,0,0,0,0,0,0,0,0,0,0
1132544,553,0,18,2,9,6,1,-0.0002,0.00262,1.5062,1407,0,0,0,0,0,0,0,0,0,0,0,0,0,0,0,0,0,0,0,0,0
1134592,554,0,12,1,5,3,3,-0.00152,0.00161,1.4904,1410,0,0,0,0,0,0,0,0,0,0,0,0,0,0,0,0,0,0,0,0,0
1136640,555,0,4,1,1,1,1,-0.00174,0.00209,1.4399,1345,0,0,0,0,0,0,0,0,0,0,0,0,0,0,0,0,0,0,0,0,0
1138688,556,0,2,0,2,0,0,-0.00097,0.00064,1.4305,1439,0,0,0,0,0,0,0,0,0,0,0,0,0,0,0,0,0,0,0,0,0
1140736,557,0,11,0,4,1,6,-0.00014,0.00081,1.4261,1558,0,0,0,0,0,0,0,0,0,0,0,0,0,0,0,0,0,0,0,0,0
1142784,558,0,12,0,5,2,5,-0.00253,0.00084,1.4519,1380,0,0,0,0,0,0,0,0,0,0,0,0,0,0,0,0,0,0,0,0,0
1144832,559,0,9,0,4,2,3,-0.00062,0.00086,1.4793,1346,0,0,0,0,0,0,0,0,0,0,0,0,0,0,0,0,0,0,0,0,0
1146880,560,0,6,0,5,1,0,-0.00062,0.0006,1.4604,1469,0,0,0,0,0,0,0,0,0,0,0,0,0,0,0,0,0,0,0,0,0
1148928,561,0,6,0,2,1,3,-0.00068,0.00084,1.4948,1564,0,0,0,0,0,0,0,0,0,0,0,0,0,0,0,0,0,0,0,0,0
1150976,562,0,4,0,1,0,3,-0.0002,0.00086,1.5172,1568,0,0,0,0,0,0,0,0,0,0,0,0,0,0,0,0,0,0,0,0,0
1153024,563,0,9,0,2,4,3,-0.00015,0.00062,1.5165,1440,0,0,0,0,0,0,0,0,0,0,0,0,0,0,0,0,0,0,0,0,0
1155072,564,0,7,0,3,0,4,-0.0004,0.00047,1.5021,1560,0,0,0,0,0,0,0,0,0,0,0,0,0,0,0,0,0,0,0,0,0
1157120,565,0,6,0,2,0,4,-0.00099,0.0006,1.5121,1446,0,0,0,0,0,0,0,0,0,0,0,0,0,0,0,0,0,0,0,0,0
1159168,566,0,5,0,4,0,1,-0.002,0.00064,1.5323,1476,0,0,0,0,0,0,0,0,0,0,0,0,0,0,0,0,0,0,0,0,0
1161216,567,0,7,1,1,1,4,-0.00198,0.00136,1.5712,1498,0,0,0,0,0,0,0,0,0,0,0,0,0,0,0,0,0,0,0,0,0
1163264,568,0,9,0,3,4,2,-0.00085,0.00088,1.6118,1584,0,0,0,0,0,0,0,0,0,0,0,0,0,0,0,0,0,0,0,0,0
1165312,569,0,11,0,8,0,3,-0.00031,0.00099,1.599,1567,0,0,0,0,0,0,0,0,0,0,0,0,0,0,0,0,0,0,0,0,0
1167360,570,0,8,0,6,1,1,-0.00098,0.0006,1.582,1461,0,0,0,0,0,0,0,0,0,0,0,0,0,0,0,0,0,0,0,0,0
1169408,571,0,5,0,2,1,2,-0.001,0.00075,1.5477,1560,0,0,0,0,0,0,0,0,0,0,0,0,0,0,0,0,0,0,0,0,0
1171456,572,0,9,1,3,1,4,-0.00043,0.0011,1.5483,1571,0,0,0,0,0,0,0,0,0,0,0,0,0,0,0,0,0,0,0,0,0
1173504,573,0,9,1,4,2,2,-0.00104,0.00125,1.5835,1520,0,0,0,0,0,0,0,0,0,0,0,0,0,0,0,0,0,0,0,0,0
1175552,574,0,3,0,2,0,1,-0.00054,0.00042,1.5844,1469,0,0,0,0,0,0,0,0,0,0,0,0,0,0,0,0,0,0,0,0,0
1177600,575,0,8,0,2,2,4,-0.00014,0.00053,1.5832,1365,0,0,0,0,0,0,0,0,0,0,0,0,0,0,0,0,0,0,0,0,0
1179648,576,0,9,0,4,0,5,-0.00086,0.00091,1.5957,1508,0,0,0,0,0,0,0,0,0,0,0,0,0,0,0,0,0,0,0,0,0
1181696,577,0,7,0,4,0,3,-0.00163,0.00083,1.5929,1522,0,0,0,0,0,0,0,0,0,0,0,0,0,0,0,0,0,0,0,0,0
1183744,578,0,6,0,4,0,2,-0.00189,0.00053,1.5726,1482,0,0,0,0,0,0,0,0,0,0,0,0,0,0,0,0,0,0,0,0,0
1185792,579,0,7,0,4,0,3,-0.00049,0.00049,1.5538,1438,0,0,0,0,0,0,0,0,0,0,0,0,0,0,0,0,0,0,0,0,0
1187840,580,0,6,0,3,0,3,-0.00069,0.00089,1.5274,1476,0,0,0,0,0,0,0,0,0,0,0,0,0,0,0,0,0,0,0,0,0
1189888,581,0,8,0,2,2,4,0.00022,0.00035,1.5018,1285,0,0,0,0,0,0,0,0,0,0,0,0,0,0,0,0,0,0,0,0,0
1191936,582,0,5,1,1,0,3,-0.00187,0.00143,1.5075,1526,0,0,0,0,0,0,0,0,0,0,0,0,0,0,0,0,0,0,0,0,0
1193984,583,0,3,1,1,0,1,-0.00095,0.00164,1.4923,1326,0,0,0,0,0,0,0,0,0,0,0,0,0,0,0,0,0,0,0,0,0
1196032,584,0,12,0,5,4,3,-0.00084,0.00062,1.4685,1513,0,0,0,0,0,0,0,0,0,0,0,0,0,0,0,0,0,0,0,0,0
1198080,585,0,14,0,8,1,5,-0.00149,0.00111,1.4773,1323,0,0,0,0,0,0,0,0,0,0,0,0,0,0,0,0,0,0,0,0,0
1200128,586,0,4,0,3,1,0,-0.00028,0.00037,1.4979,1528,0,0,0,0,0,0,0,0,0,0,0,0,0,0,0,0,0,0,0,0,0
1202176,587,0,5,0,0,1,4,-0.00099,0.00041,1.5172,1572,0,0,0,0,0,0,0,0,0,0,0,0,0,0,0,0,0,0,0,0,0
1204224,588,0,4,0,2,1,1,0.00068,0.00079,1.5604,1415,0,0,0,0,0,0,0,0,0,0,0,0,0,0,0,0,0,0,0,0,0
1206272,589,0,17,1,9,1,6,-0.00038,0.00272,1.5521,1336,0,0,0,0,0,0,0,0,0,0,0,0,0,0,0,0,0,0,0,0,0
1208320,590,0,7,1,3,2,1,-0.00106,0.00175,1.5625,1552,0,0,0,0,0,0,0,0,0,0,0,0,0,0,0,0,0,0,0,0,0
1210368,591,0,6,0,3,0,3,-0.00076,0.00056,1.6105,1414,0,0,0,0,0,0,0,0,0,0,0,0,0,0,0,0,0,0,0,0,0
1212416,592,0,6,0,2,2,2,-1e-05,0.0005,1.6358,1593,0,0,0,0,0,0,0,0,0,0,0,0,0,0,0,0,0,0,0,0,0
1214464,593,0,8,1,2,0,5,0.00052,0.00138,1.6365,1618,0,0,0,0,0,0,0,0,0,0,0,0,0,0,0,0,0,0,0,0,0
1216512,594,0,5,0,3,1,1,-0.00011,0.00072,1.6837,1365,0,0,0,0,0,0,0,0,0,0,0,0,0,0,0,0,0,0,0,0,0
1218560,595,0,3,0,0,1,2,-0.0001,0.00057,1.6695,1446,0,0,0,0,0,0,0,0,0,0,0,0,0,0,0,0,0,0,0,0,0
1220608,596,0,8,0,3,1,4,-0.00203,0.00061,1.6286,1443,0,0,0,0,0,0,0,0,0,0,0,0,0,0,0,0,0,0,0,0,0
1222656,597,0,9,0,4,0,5,-0.00264,0.00116,1.5628,1511,0,0,0,0,0,0,0,0,0,0,0,0,0,0,0,0,0,0,0,0,0
1224704,598,0,2,0,1,1,0,-0.00252,0.00055,1.5076,1388,0,0,0,0,0,0,0,0,0,0,0,0,0,0,0,0,0,0,0,0,0
1226752,599,0,6,0,2,1,3,-0.00045,0.00024,1.4919,1516,0,0,0,0,0,0,0,0,0,0,0,0,0,0,0,0,0,0,0,0,0
1228800,600,0,9,0,2,1,6,-0.00026,0.00098,1.5133,1503,0,0,0,0,0,0,0,0,0,0,0,0,0,0,0,0,0,0,0,0,0
1230848,601,0,8,0,2,2,4,-0.00026,0.00071,1.4982,1492,0,0,0,0,0,0,0,0,0,0,0,0,0,0,0,0,0,0,0,0,0
1232896,602,0,6,0,4,1,1,-0.00094,0.00098,1.5092,1417,0,0,0,0,0,0,0,0,0,0,0,0,0,0,0,0,0,0,0,0,0
1234944,603,0,11,1,6,1,3,-0.00011,0.00162,1.5162,1359,0,0,0,0,0,0,0,0,0,0,0,0,0,0,0,0,0,0,0,0,0
1236992,604,0,3,0,2,0,1,-0.0019,0.00047,1.5198,1632,0,0,0,0,0,0,0,0,0,0,0,0,0,0,0,0,0,0,0,0,0
1239040,605,0,9,0,5,0,4,-0.00259,0.00049,1.5484,1525,0,0,0,0,0,0,0,0,0,0,0,0,0,0,0,0,0,0,0,0,0
1241088,606,0,6,0,3,0,3,-0.00167,0.00084,1.5809,1604,0,0,0,0,0,0,0,0,0,0,0,0,0,0,0,0,0,0,0,0,0
1243136,607,0,6,0,2,2,2,-0.00043,0.00074,1.5802,1588,0,0,0,0,0,0,0,0,0,0,0,0,0,0,0,0,0,0,0,0,0
1245184,608,0,9,1,4,4,0,-0.00226,0.00162,1.5471,1508,0,0,0,0,0,0,0,0,0,0,0,0,0,0,0,0,0,0,0,0,0
1247232,609,0,13,0,7,0,6,-0.00219,0.00081,1.5269,1523,0,0,0,0,0,0,0,0,0,0,0,0,0,0,0,0,0,0,0,0,0
1249280,610,0,7,0,4,0,3,-0.0014,0.00086,1.5165,1421,0,0,0,0,0,0,0,0,0,0,0,0,0,0,0,0,0,0,0,0,0
1251328,611,0,2,0,1,1,0,-0.00164,0.00039,1.508,1528,0,0,0,0,0,0,0,0,0,0,0,0,0,0,0,0,0,0,0,0,0
1253376,612,0,7,1,3,0,3,-0.00139,0.00071,1.5215,1447,0,0,0,0,0,0,0,0,0,0,0,0,0,0,0,0,0,0,0,0,0
1255424,613,0,8,0,4,0,4,-3e-05,0.00043,1.5278,1414,0,0,0,0,0,0,0,0,0,0,0,0,0,0,0,0,0,0,0,0,0
1257472,614,0,6,0,1,0,5,-0.00106,0.00056,1.5374,1565,0,0,0,0,0,0,0,0,0,0,0,0,0,0,0,0,0,0,0,0,0
1259520,615,0,7,0,5,0,2,6e-05,0.00061,1.5753,1522,0,0,0,0,0,0,0,0,0,0,0,0,0,0,0,0,0,0,0,0,0
1261568,616,0,4,0,0,0,4,-0.00125,0.00059,1.5495,1550,0,0,0,0,0,0,0,0,0,0,0,0,0,0,0,0,0,0,0,0,0
1263616,617,0,7,0,3,0,4,-0.0008,0.00054,1.4943,1600,0,0,0,0,0,0,0,0,0,0,0,0,0,0,0,0,0,0,0,0,0
1265664,618,0,6,0,3,0,3,-0.00019,0.00063,1.4733,1498,0,0,0,0,0,0,0,0,0,0,0,0,0,0,0,0,0,0,0,0,0
1267712,619,0,6,0,2,0,4,-0.00045,0.0006,1.4734,1584,0,0,0,0,0,0,0,0,0,0,0,0,0,0,0,0,0,0,0,0,0
1269760,620,0,6,0,3,2,1,-0.00019,0.00046,1.4918,1493,0,0,0,0,0,0,0,0,0,0,0,0,0,0,0,0,0,0,0,0,0
1271808,621,0,14,0,7,1,6,-0.00055,0.00136,1.5086,1561,0,0,0,0,0,0,0,0,0,0,0,0,0,0,0,0,0,0,0,0,0
1273856,622,0,4,0,3,0,1,-0.00064,0.00079,1.4944,1540,0,0,0,0,0,0,0,0,0,0,0,0,0,0,0,0,0,0,0,0,0
1275904,623,0,6,0,2,1,3,-0.00095,0.00049,1.5001,1540,0,0,0,0,0,0,0,0,0,0,0,0,0,0,0,0,0,0,0,0,0
1277952,624,0,6,1,3,0,2,-0.00134,0.0006,1.539,1332,0,0,0,0,0,0,0,0,0,0,0,0,0,0,0,0,0,0,0,0,0
1280000,625,0,8,1,3,1,3,-0.00186,0.00124,1.5538,1428,0,0,0,0,0,0,0,0,0,0,0,0,0,0,0,0,0,0,0,0,0
1282048,626,0,7,0,2,2,3,-0.00132,0.00081,1.5614,1463,0,0,0,0,0,0,0,0,0,0,0,0,0,0,0,0,0,0,0,0,0
1284096,627,0,7,0,4,1,2,-0.00052,0.00057,1.5589,1535,0,0,0,0,0,0,0,0,0,0,0,0,0,0,0,0,0,0,0,0,0
1286144,628,0,14,0,9,1,4,-0.00191,0.00064,1.5615,1498,0,0,0,0,0,0,0,0,0,0,0,0,0,0,0,0,0,0,0,0,0
1288192,629,0,9,0,6,1,2,-0.00093,0.00045,1.5657,1440,0,0,0,0,0,0,0,0,0,0,0,0,0,0,0,0,0,0,0,0,0
1290240,630,0,5,0,2,1,2,-0.00022,0.00074,1.5711,1535,0,0,0,0,0,0,0,0,0,0,0,0,0,0,0,0,0,0,0,0,0
1292288,631,0,10,1,4,1,4,-0.0017,0.00109,1.5421,1338,0,0,0,0,0,0,0,0,0,0,0,0,0,0,0,0,0,0,0,0,0
1294336,632,0,5,0,3,0,2,-0.00154,0.00092,1.4956,1472,0,0,0,0,0,0,0,0,0,0,0,0,0,0,0,0,0,0,0,0,0
1296384,633,0,8,1,3,2,2,0.00028,0.00069,1.4795,1548,0,0,0,0,0,0,0,0,0,0,0,0,0,0,0,0,0,0,0,0,0
1298432,634,0,8,0,6,0,2,-9e-05,0.0008,1.4994,1515,0,0,0,0,0,0,0,0,0,0,0,0,0,0,0,0,0,0,0,0,0
1300480,635,0,4,0,1,0,3,-0.00127,0.00049,1.5045,1414,0,0,0,0,0,0,0,0,0,0,0,0,0,0,0,0,0,0,0,0,0
1302528,636,0,4,0,1,0,3,0.00153,0.00066,1.502,1505,0,0,0,0,0,0,0,0,0,0,0,0,0,0,0,0,0,0,0,0,0
1304576,637,0,10,1,3,1,5,0.00024,0.00127,1.4806,1440,0,0,0,0,0,0,0,0,0,0,0,0,0,0,0,0,0,0,0,0,0
1306624,638,0,9,0,4,1,4,-0.00146,0.0008,1.442,1547,0,0,0,0,0,0,0,0,0,0,0,0,0,0,0,0,0,0,0,0,0
1308672,639,0,4,0,3,1,0,-0.00121,0.00059,1.4391,1348,0,0,0,0,0,0,0,0,0,0,0,0,0,0,0,0,0,0,0,0,0
1310720,640,0,8,1,1,2,4,0.00072,0.00184,1.4522,1504,0,0,0,0,0,0,0,0,0,0,0,0,0,0,0,0,0,0,0,0,0
1312768,641,0,6,0,2,0,4,-0.00149,0.00102,1.4892,1615,0,0,0,0,0,0,0,0,0,0,0,0,0,0,0,0,0,0,0,0,0
1314816,642,0,8,1,4,0,3,-0.00058,0.00072,1.4947,1473,0,0,0,0,0,0,0,0,0,0,0,0,0,0,0,0,0,0,0,0,0
1316864,643,0,6,0,3,1,2,-0.00147,0.00064,1.4741,1588,0,0,0,0,0,0,0,0,0,0,0,0,0,0,0,0,0,0,0,0,0
1318912,644,0,11,1,5,2,3,-0.0008,0.00084,1.4336,1527,0,0,0,0,0,0,0,0,0,0,0,0,0,0,0,0,0,0,0,0,0
1320960,645,0,3,0,1,0,2,-0.0003,0.00032,1.4201,1390,0,0,0,0,0,0,0,0,0,0,0,0,0,0,0,0,0,0,0,0,0
1323008,646,0,8,0,2,1,5,-0.00048,0.00082,1.429,1402,0,0,0,0,0,0,0,0,0,0,0,0,0,0,0,0,0,0,0,0,0
1325056,647,0,2,0,1,0,1,8e-05,0.00037,1.4676,1422,0,0,0,0,0,0,0,0,0,0,0,0,0,0,0,0,0,0,0,0,0
1327104,648,0,11,1,7,0,3,-0.001,0.0011,1.4945,1484,0,0,0,0,0,0,0,0,0,0,0,0,0,0,0,0,0,0,0,0,0
1329152,649,0,4,0,2,0,2,6e-05,0.00066,1.4966,1507,0,0,0,0,0,0,0,0,0,0,0,0,0,0,0,0,0,0,0,0,0
1331200,650,0,8,0,3,0,5,-0.00026,0.00054,1.4937,1583,0,0,0,0,0,0,0,0,0,0,0,0,0,0,0,0,0,0,0,0,0
1333248,651,0,5,1,3,1,0,-0.00122,0.00063,1.492,1551,0,0,0,0,0,0,0,0,0,0,0,0,0,0,0,0,0,0,0,0,0
1335296,652,0,6,0,3,0,3,-0.00117,0.00117,1.5207,1463,0,0,0,0,0,0,0,0,0,0,0,0,0,0,0,0,0,0,0,0,0
1337344,653,0,5,0,0,0,5,-0.00051,0.00039,1.53,1338,0,0,0,0,0,0,0,0,0,0,0,0,0,0,0,0,0,0,0,0,0
1339392,654,0,8,0,3,1,4,2e-05,0.00081,1.5333,1492,0,0,0,0,0,0,0,0,0,0,0,0,0,0,0,0,0,0,0,0,0
1341440,655,0,4,1,2,0,1,-0.00103,0.0011,1.5162,1480,0,0,0,0,0,0,0,0,0,0,0,0,0,0,0,0,0,0,0,0,0
1343488,656,0,12,1,4,2,5,-0.00017,0.00101,1.4855,1503,0,0,0,0,0,0,0,0,0,0,0,0,0,0,0,0,0,0,0,0,0
1345536,657,0,8,0,5,0,3,-0.00124,0.00064,1.4871,1397,0,0,0,0,0,0,0,0,0,0,0,0,0,0,0,0,0,0,0,0,0
1347584,658,0,4,0,2,1,1,-0.0009,0.00072,1.4829,1408,0,0,0,0,0,0,0,0,0,0,0,0,0,0,0,0,0,0,0,0,0
1349632,659,0,5,0,0,0,5,-0.00089,0.00063,1.5017,1506,0,0,0,0,0,0,0,0,0,0,0,0,0,0,0,0,0,0,0,0,0
1351680,660,0,11,0,6,2,3,-0.00039,0.0006,1.5192,1449,0,0,0,0,0,0,0,0,0,0,0,0,0,0,0,0,0,0,0,0,0
1353728,661,0,9,1,5,0,3,-4e-05,0.00213,1.5181,1468,0,0,0,0,0,0,0,0,0,0,0,0,0,0,0,0,0,0,0,0,0
1355776,662,0,7,0,5,1,1,-0.0004,0.0007,1.4898,1439,0,0,0,0,0,0,0,0,0,0,0,0,0,0,0,0,0,0,0,0,0
1357824,663,0,10,1,5,1,3,-0.00024,0.00086,1.4872,1430,0,0,0,0,0,0,0,0,0,0,0,0,0,0,0,0,0,0,0,0,0
1359872,664,0,9,0,5,2,2,-0.00011,0.00107,1.4821,1453,0,0,0,0,0,0,0,0,0,0,0,0,0,0,0,0,0,0,0,0,0
1361920,665,0,6,1,3,1,1,-0.00142,0.00063,1.4878,1546,0,0,0,0,0,0,0,0,0,0,0,0,0,0,0,0,0,0,0,0,0
1363968,666,0,7,0,1,2,4,0.00027,0.00066,1.4928,1513,0,0,0,0,0,0,0,0,0,0,0,0,0,0,0,0,0,0,0,0,0
1366016,667,0,5,0,3,1,1,-0.00144,0.00056,1.4747,1483,0,0,0,0,0,0,0,0,0,0,0,0,0,0,0,0,0,0,0,0,0
1368064,668,0,8,1,1,1,5,-0.00102,0.00137,1.4423,1445,0,0,0,0,0,0,0,0,0,0,0,0,0,0,0,0,0,0,0,0,0
1370112,669,0,6,0,3,0,3,-0.00023,0.00069,1.408,1493,0,0,0,0,0,0,0,0,0,0,0,0,0,0,0,0,0,0,0,0,0
1372160,670,0,6,1,2,0,3,-0.00096,0.00178,1.4165,1525,0,0,0,0,0,0,0,0,0,0,0,0,0,0,0,0,0,0,0,0,0
1374208,671,0,10,0,6,2,2,-0.00513,0.00084,1.421,1473,0,0,0,0,0,0,0,0,0,0,0,0,0,0,0,0,0,0,0,0,0
1376256,672,0,7,0,3,0,4,0.00031,0.00068,1.4247,1455,0,0,0,0,0,0,0,0,0,0,0,0,0,0,0,0,0,0,0,0,0
1378304,673,0,10,0,5,2,3,-0.00118,0.00091,1.4216,1539,0,0,0,0,0,0,0,0,0,0,0,0,0,0,0,0,0,0,0,0,0
1380352,674,0,5,0,1,2,2,-4e-05,0.00018,1.4261,1469,0,0,0,0,0,0,0,0,0,0,0,0,0,0,0,0,0,0,0,0,0
1382400,675,0,8,1,3,0,4,-0.0022,0.0013,1.3755,1522,0,0,0,0,0,0,0,0,0,0,0,0,0,0,0,0,0,0,0,0,0
1384448,676,0,1,0,0,0,1,6e-05,0.00019,1.3464,1450,0,0,0,0,0,0,0,0,0,0,0,0,0,0,0,0,0,0,0,0,0
1386496,677,0,7,0,3,0,4,-0.00063,0.00045,1.3289,1593,0,0,0,0,0,0,0,0,0,0,0,0,0,0,0,0,0,0,0,0,0
1388544,678,0,7,0,1,0,6,-0.00055,0.00094,1.3264,1543,0,0,0,0,0,0,0,0,0,0,0,0,0,0,0,0,0,0,0,0,0
1390592,679,0,8,0,4,0,4,-0.00055,0.00052,1.346,1419,0,0,0,0,0,0,0,0,0,0,0,0,0,0,0,0,0,0,0,0,0
1392640,680,0,2,1,0,0,1,-0.00247,0.00064,1.2879,1474,0,0,0,0,0,0,0,0,0,0,0,0,0,0,0,0,0,0,0,0,0
1394688,681,0,6,0,2,0,4,0.0008,0.00035,1.2514,1339,0,0,0,0,0,0,0,0,0,0,0,0,0,0,0,0,0,0,0,0,0
1396736,682,0,6,0,1,0,5,-0.00098,0.00054,1.2508,1433,0,0,0,0,0,0,0,0,0,0,0,0,0,0,0,0,0,0,0,0,0
1398784,683,0,7,0,2,1,4,-0.00242,0.0006,1.2942,1565,0,0,0,0,0,0,0,0,0,0,0,0,0,0,0,0,0,0,0,0,0
1400832,684,0,4,0,2,1,1,-0.00102,0.00046,1.377,1559,0,0,0,0,0,0,0,0,0,0,0,0,0,0,0,0,0,0,0,0,0
1402880,685,0,8,1,3,0,4,0.00055,0.00095,1.4119,1621,0,0,0,0,0,0,0,0,0,0,0,0,0,0,0,0,0,0,0,0,0
1404928,686,0,8,2,3,0,3,0.0001,0.00209,1.4232,1526,0,0,0,0,0,0,0,0,0,0,0,0,0,0,0,0,0,0,0,0,0
1406976,687,0,9,0,4,1,4,-0.00086,0.00051,1.4235,1596,0,0,0,0,0,0,0,0,0,0,0,0,0,0,0,0,0,0,0,0,0
1409024,688,0,7,0,4,3,0,-0.00081,0.00082,1.4022,1408,0,0,0,0,0,0,0,0,0,0,0,0,0,0,0,0,0,0,0,0,0
1411072,689,0,5,0,3,0,2,-0.00065,0.00062,1.3832,1430,0,0,0,0,0,0,0,0,0,0,0,0,0,0,0,0,0,0,0,0,0
1413120,690,0,8,1,2,1,4,-0.00073,0.00065,1.3507,1323,0,0,0,0,0,0,0,0,0,0,0,0,0,0,0,0,0,0,0,0,0
1415168,691,0,4,2,0,0,2,-0.00095,0.00157,1.3406,1447,0,0,0,0,0,0,0,0,0,0,0,0,0,0,0,0,0,0,0,0,0
1417216,692,0,10,0,7,0,3,0.00046,0.00085,1.3899,1533,0,0,0,0,0,0,0,0,0,0,0,0,0,0,0,0,0,0,0,0,0
1419264,693,0,7,1,2,1,3,-0.00129,0.00083,1.3992,1452,0,0,0,0,0,0,0,0,0,0,0,0,0,0,0,0,0,0,0,0,0
1421312,694,0,7,1,1,1,4,-0.0028,0.00092,1.4169,1322,0,0,0,0,0,0,0,0,0,0,0,0,0,0,0,0,0,0,0,0,0
1423360,695,0,7,1,4,1,1,0.00037,0.0018,1.4186,1436,0,0,0,0,0,0,0,0,0,0,0,0,0,0,0,0,0,0,0,0,0
1425408,696,0,4,0,1,0,3,-0.00135,0.00042,1.4138,1425,0,0,0,0,0,0,0,0,0,0,0,0,0,0,0,0,0,0,0,0,0
1427456,697,0,5,1,1,0,3,-0.00252,0.00124,1.4067,1486,0,0,0,0,0,0,0,0,0,0,0,0,0,0,0,0,0,0,0,0,0
1429504,698,0,9,1,5,0,3,0.00051,0.0003,1.4078,1545,0,0,0,0,0,0,0,0,0,0,0,0,0,0,0,0,0,0,0,0,0
1431552,699,0,5,0,1,1,3,-0.00182,0.00086,1.3926,1543,0,0,0,0,0,0,0,0,0,0,0,0,0,0,0,0,0,0,0,0,0
1433600,700,0,6,0,3,0,3,-0.00033,0.0006,1.3514,1524,0,0,0,0,0,0,0,0,0,0,0,0,0,0,0,0,0,0,0,0,0
1435648,701,0,8,0,3,2,3,-0.00082,0.00069,1.326,1418,0,0,0,0,0,0,0,0,0,0,0,0,0,0,0,0,0,0,0,0,0
1437696,702,0,9,0,4,1,4,-0.00189,0.00051,1.2717,1492,0,0,0,0,0,0,0,0,0,0,0,0,0,0,0,0,0,0,0,0,0
1439744,703,0,4,0,1,2,1,0.00024,0.00066,1.2448,1499,0,0,0,0,0,0,0,0,0,0,0,0,0,0,0,0,0,0,0,0,0
1441792,704,0,6,0,3,1,2,-0.00028,0.00066,1.2535,1321,0,0,0,0,0,0,0,0,0,0,0,0,0,0,0,0,0,0,0,0,0
1443840,705,0,7,0,1,0,6,-0.002,0.00051,1.2598,1335,0,0,0,0,0,0,0,0,0,0,0,0,0,0,0,0,0,0,0,0,0
1445888,706,0,2,0,1,0,1,-0.00028,0.00043,1.3146,1355,0,0,0,0,0,0,0,0,0,0,0,0,0,0,0,0,0,0,0,0,0
1447936,707,0,11,1,3,3,4,-0.00094,0.00074,1.3525,1410,0,0,0,0,0,0,0,0,0,0,0,0,0,0,0,0,0,0,0,0,0
1449984,708,0,9,0,6,2,1,-0.00105,0.0005,1.3819,1529,0,0,0,0,0,0,0,0,0,0,0,0,0,0,0,0,0,0,0,0,0
1452032,709,0,5,0,0,2,3,-0.0021,0.00065,1.4065,1464,0,0,0,0,0,0,0,0,0,0,0,0,0,0,0,0,0,0,0,0,0
1454080,710,0,7,0,3,2,2,-0.00054,0.0008,1.4169,1357,0,0,0,0,0,0,0,0,0,0,0,0,0,0,0,0,0,0,0,0,0
1456128,711,0,9,0,4,1,4,-0.00181,0.00073,1.4055,1398,0,0,0,0,0,0,0,0,0,0,0,0,0,0,0,0,0,0,0,0,0
1458176,712,0,8,0,3,2,3,-0.00148,0.0008,1.3786,1437,0,0,0,0,0,0,0,0,0,0,0,0,0,0,0,0,0,0,0,0,0
1460224,713,0,13,0,7,4,2,-0.00046,0.00094,1.3896,1530,0,0,0,0,0,0,0,0,0,0,0,0,0,0,0,0,0,0,0,0,0
1462272,714,0,6,0,5,0,1,0.00031,0.00077,1.4331,1476,0,0,0,0,0,0,0,0,0,0,0,0,0,0,0,0,0,0,0,0,0
1464320,715,0,8,0,4,2,2,0.00208,0.00072,1.4987,1581,0,0,0,0,0,0,0,0,0,0,0,0,0,0,0,0,0,0,0,0,0
1466368,716,0,2,0,0,0,2,-0.00159,0.00043,1.4592,1523,0,0,0,0,0,0,0,0,0,0,0,0,0,0,0,0,0,0,0,0,0
1468416,717,0,7,1,1,1,4,-0.00058,0.00082,1.45,1401,0,0,0,0,0,0,0,0,0,0,0,0,0,0,0,0,0,0,0,0,0
1470464,718,0,6,0,4,0,2,0.00037,0.00045,1.4369,1470,0,0,0,0,0,0,0,0,0,0,0,0,0,0,0,0,0,0,0,0,0
1472512,719,0,8,1,2,0,5,0.00027,0.00121,1.4409,1401,0,0,0,0,0,0,0,0,0,0,0,0,0,0,0,0,0,0,0,0,0
1474560,720,0,4,0,1,0,3,0.00022,0.00031,1.4438,1472,0,0,0,0,0,0,0,0,0,0,0,0,0,0,0,0,0,0,0,0,0
1476608,721,0,9,1,5,0,3,-0.00094,0.00222,1.4713,1416,0,0,0,0,0,0,0,0,0,0,0,0,0,0,0,0,0,0,0,0,0
1478656,722,0,5,0,3,0,2,-0.00083,0.00095,1.4903,1404,0,0,0,0,0,0,0,0,0,0,0,0,0,0,0,0,0,0,0,0,0
1480704,723,0,12,1,8,1,2,-0.0004,0.00124,1.4763,1394,0,0,0,0,0,0,0,0,0,0,0,0,0,0,0,0,0,0,0,0,0
1482752,724,0,15,0,11,1,3,-0.0027,0.00063,1.4994,1500,0,0,0,0,0,0,0,0,0,0,0,0,0,0,0,0,0,0,0,0,0
1484800,725,0,12,0,10,1,1,0.00704,0.00106,1.4711,1484,0,0,0,0,0,0,0,0,0,0,0,0,0,0,0,0,0,0,0,0,0
1486848,726,0,3,0,1,2,0,-0.00132,0.00055,1.4833,1512,0,0,0,0,0,0,0,0,0,0,0,0,0,0,0,0,0,0,0,0,0
1488896,727,0,8,0,4,1,3,-0.00139,0.00037,1.45,1543,0,0,0,0,0,0,0,0,0,0,0,0,0,0,0,0,0,0,0,0,0
1490944,728,0,10,0,6,0,4,-0.00119,0.00054,1.4518,1542,0,0,0,0,0,0,0,0,0,0,0,0,0,0,0,0,0,0,0,0,0
1492992,729,0,9,0,3,1,5,-0.00085,0.00095,1.4401,1662,0,0,0,0,0,0,0,0,0,0,0,0,0,0,0,0,0,0,0,0,0
1495040,730,0,1,0,0,0,1,-0.00048,0.00051,1.4395,1538,0,0,0,0,0,0,0,0,0,0,0,0,0,0,0,0,0,0,0,0,0
1497088,731,0,9,0,4,3,2,-0.0002,0.0006,1.4387,1484,0,0,0,0,0,0,0,0,0,0,0,0,0,0,0,0,0,0,0,0,0
1499136,732,0,12,2,5,2,3,-0.00029,0.00223,1.4604,1322,0,0,0,0,0,0,0,0,0,0,0,0,0,0,0,0,0,0,0,0,0
1501184,733,0,11,0,10,0,1,-0.0008,0.00087,1.4659,1482,0,0,0,0,0,0,0,0,0,0,0,0,0,0,0,0,0,0,0,0,0
1503232,734,0,1,0,1,0,0,-0.00048,0.0004,1.4516,1513,0,0,0,0,0,0,0,0,0,0,0,0,0,0,0,0,0,0,0,0,0
1505280,735,0,8,0,2,3,3,-0.00147,0.00063,1.4453,1501,0,0,0,0,0,0,0,0,0,0,0,0,0,0,0,0,0,0,0,0,0
1507328,736,0,4,1,1,0,2,-0.00072,0.00097,1.4448,1605,0,0,0,0,0,0,0,0,0,0,0,0,0,0,0,0,0,0,0,0,0
1509376,737,0,17,0,7,4,6,0.00011,0.00108,1.4402,1423,0,0,0,0,0,0,0,0,0,0,0,0,0,0,0,0,0,0,0,0,0
1511424,738,0,7,1,4,1,1,-0.00027,0.00143,1.4558,1625,0,0,0,0,0,0,0,0,0,0,0,0,0,0,0,0,0,0,0,0,0
1513472,739,0,8,1,4,2,1,-0.00059,0.00149,1.4684,1462,0,0,0,0,0,0,0,0,0,0,0,0,0,0,0,0,0,0,0,0,0
1515520,740,0,5,1,3,1,0,-0.0012,0.00075,1.4498,1403,0,0,0,0,0,0,0,0,0,0,0,0,0,0,0,0,0,0,0,0,0
1517568,741,0,9,0,5,0,4,-0.00128,0.00054,1.4303,1482,0,0,0,0,0,0,0,0,0,0,0,0,0,0,0,0,0,0,0,0,0
1519616,742,0,7,0,4,0,3,-5e-05,0.00046,1.4309,1311,0,0,0,0,0,0,0,0,0,0,0,0,0,0,0,0,0,0,0,0,0
1521664,743,0,11,0,6,0,5,0.00014,0.00078,1.458,1496,0,0,0,0,0,0,0,0,0,0,0,0,0,0,0,0,0,0,0,0,0
1523712,744,0,7,0,5,1,1,-0.00104,0.00061,1.4537,1406,0,0,0,0,0,0,0,0,0,0,0,0,0,0,0,0,0,0,0,0,0
1525760,745,0,4,0,1,0,3,-0.0011,0.00055,1.4501,1553,0,0,0,0,0,0,0,0,0,0,0,0,0,0,0,0,0,0,0,0,0
1527808,746,0,12,0,7,1,4,-0.00042,0.00054,1.4595,1385,0,0,0,0,0,0,0,0,0,0,0,0,0,0,0,0,0,0,0,0,0
1529856,747,0,8,0,2,2,4,-0.00056,0.00062,1.4476,1305,0,0,0,0,0,0,0,0,0,0,0,0,0,0,0,0,0,0,0,0,0
1531904,748,0,3,0,1,1,1,-0.00107,0.00074,1.4311,1430,0,0,0,0,0,0,0,0,0,0,0,0,0,0,0,0,0,0,0,0,0
1533952,749,0,12,0,10,1,1,0.00032,0.00054,1.4149,1355,0,0,0,0,0,0,0,0,0,0,0,0,0,0,0,0,0,0,0,0,0
1536000,750,0,13,2,4,3,4,-0.00014,0.00197,1.4175,1323,0,0,0,0,0,0,0,0,0,0,0,0,0,0,0,0,0,0,0,0,0
1538048,751,0,9,0,5,1,3,-0.00035,0.0006,1.4206,1510,0,0,0,0,0,0,0,0,0,0,0,0,0,0,0,0,0,0,0,0,0
1540096,752,0,5,0,4,1,0,-0.00051,0.00085,1.4217,1445,0,0,0,0,0,0,0,0,0,0,0,0,0,0,0,0,0,0,0,0,0
1542144,753,0,5,1,0,1,3,-6e-05,0.00144,1.4207,1304,0,0,0,0,0,0,0,0,0,0,0,0,0,0,0,0,0,0,0,0,0
1544192,754,0,8,1,2,1,4,-0.00103,0.00054,1.417,1329,0,0,0,0,0,0,0,0,0,0,0,0,0,0,0,0,0,0,0,0,0
1546240,755,0,10,0,6,0,4,-0.00113,0.00064,1.4109,1523,0,0,0,0,0,0,0,0,0,0,0,0,0,0,0,0,0,0,0,0,0
1548288,756,0,10,0,7,1,2,-0.00248,0.00056,1.3912,1442,0,0,0,0,0,0,0,0,0,0,0,0,0,0,0,0,0,0,0,0,0
1550336,757,0,6,0,3,1,2,-0.00112,0.00054,1.3586,1435,0,0,0,0,0,0,0,0,0,0,0,0,0,0,0,0,0,0,0,0,0
1552384,758,0,8,1,2,1,4,0.00011,0.00131,1.3591,1440,0,0,0,0,0,0,0,0,0,0,0,0,0,0,0,0,0,0,0,0,0
1554432,759,0,9,1,5,1,2,-0.00096,0.00203,1.3792,1391,0,0,0,0,0,0,0,0,0,0,0,0,0,0,0,0,0,0,0,0,0
1556480,760,0,7,0,2,2,3,-0.00047,0.00057,1.4156,1408,0,0,0,0,0,0,0,0,0,0,0,0,0,0,0,0,0,0,0,0,0
1558528,761,0,6,0,4,0,2,-0.00114,0.00058,1.4141,1455,0,0,0,0,0,0,0,0,0,0,0,0,0,0,0,0,0,0,0,0,0
1560576,762,0,8,0,4,1,3,-0.00156,0.00099,1.3712,1535,0,0,0,0,0,0,0,0,0,0,0,0,0,0,0,0,0,0,0,0,0
1562624,763,0,6,0,1,3,2,-0.00055,0.00045,1.3764,1549,0,0,0,0,0,0,0,0,0,0,0,0,0,0,0,0,0,0,0,0,0
1564672,764,0,11,1,6,1,3,-0.00075,0.00244,1.4004,1571,0,0,0,0,0,0,0,0,0,0,0,0,0,0,0,0,0,0,0,0,0
1566720,765,0,8,1,3,2,2,-0.00028,0.00091,1.4071,1545,0,0,0,0,0,0,0,0,0,0,0,0,0,0,0,0,0,0,0,0,0
1568768,766,0,7,0,4,1,2,-0.00019,0.00069,1.4177,1486,0,0,0,0,0,0,0,0,0,0,0,0,0,0,0,0,0,0,0,0,0
1570816,767,0,5,0,4,1,0,-0.00116,0.00059,1.4365,1404,0,0,0,0,0,0,0,0,0,0,0,0,0,0,0,0,0,0,0,0,0
1572864,768,0,10,0,3,1,6,-0.00039,0.00057,1.4534,1441,0,0,0,0,0,0,0,0,0,0,0,0,0,0,0,0,0,0,0,0,0
1574912,769,0,9,0,5,0,4,-0.00057,0.00082,1.4611,1375,0,0,0,0,0,0,0,0,0,0,0,0,0,0,0,0,0,0,0,0,0
1576960,770,0,7,0,5,1,1,3e-05,0.00079,1.4769,1427,0,0,0,0,0,0,0,0,0,0,0,0,0,0,0,0,0,0,0,0,0
1579008,771,0,4,0,1,2,1,-0.00045,0.00065,1.4863,1364,0,0,0,0,0,0,0,0,0,0,0,0,0,0,0,0,0,0,0,0,0
1581056,772,0,7,2,2,1,2,-0.00028,0.00245,1.4857,1380,0,0,0,0,0,0,0,0,0,0,0,0,0,0,0,0,0,0,0,0,0
1583104,773,0,6,0,3,1,2,-0.00023,0.00081,1.4711,1331,0,0,0,0,0,0,0,0,0,0,0,0,0,0,0,0,0,0,0,0,0
1585152,774,0,5,0,0,0,5,0.00065,0.00057,1.4659,1496,0,0,0,0,0,0,0,0,0,0,0,0,0,0,0,0,0,0,0,0,0
1587200,775,0,7,0,2,0,5,-0.00069,0.00057,1.4559,1323,0,0,0,0,0,0,0,0,0,0,0,0,0,0,0,0,0,0,0,0,0
1589248,776,0,9,0,2,5,2,-0.00101,0.00062,1.4583,1560,0,0,0,0,0,0,0,0,0,0,0,0,0,0,0,0,0,0,0,0,0
1591296,777,0,10,0,7,1,2,-0.00163,0.001,1.4541,1543,0,0,0,0,0,0,0,0,0,0,0,0,0,0,0,0,0,0,0,0,0
1593344,778,0,4,1,1,1,1,0.00057,0.00142,1.4398,1507,0,0,0,0,0,0,0,0,0,0,0,0,0,0,0,0,0,0,0,0,0
1595392,779,0,7,0,3,0,4,-0.00029,0.0006,1.4389,1455,0,0,0,0,0,0,0,0,0,0,0,0,0,0,0,0,0,0,0,0,0
1597440,780,0,12,1,6,1,4,-0.00181,0.0009,1.45,1464,0,0,0,0,0,0,0,0,0,0,0,0,0,0,0,0,0,0,0,0,0
1599488,781,0,7,0,4,1,2,-0.00036,0.00089,1.4456,1524,0,0,0,0,0,0,0,0,0,0,0,0,0,0,0,0,0,0,0,0,0
1601536,782,0,6,0,4,0,2,-0.00115,0.00051,1.447,1579,0,0,0,0,0,0,0,0,0,0,0,0,0,0,0,0,0,0,0,0,0
1603584,783,0,5,0,2,1,2,-0.00134,0.00047,1.4252,1582,0,0,0,0,0,0,0,0,0,0,0,0,0,0,0,0,0,0,0,0,0
1605632,784,0,4,0,1,0,3,-0.00022,0.0005,1.4274,1550,0,0,0,0,0,0,0,0,0,0,0,0,0,0,0,0,0,0,0,0,0
1607680,785,0,11,0,4,2,5,-0.00055,0.00085,1.4479,1588,0,0,0,0,0,0,0,0,0,0,0,0,0,0,0,0,0,0,0,0,0
1609728,786,0,6,0,3,1,2,-0.00068,0.00059,1.4639,1502,0,0,0,0,0,0,0,0,0,0,0,0,0,0,0,0,0,0,0,0,0
1611776,787,0,6,0,3,1,2,-0.00036,0.00053,1.4666,1495,0,0,0,0,0,0,0,0,0,0,0,0,0,0,0,0,0,0,0,0,0
1613824,788,0,6,1,1,3,1,-0.00023,0.00092,1.4635,1452,0,0,0,0,0,0,0,0,0,0,0,0,0,0,0,0,0,0,0,0,0
1615872,789,0,9,0,4,1,4,-6e-05,0.00094,1.4748,1477,0,0,0,0,0,0,0,0,0,0,0,0,0,0,0,0,0,0,0,0,0
1617920,790,0,7,0,5,1,1,-0.00055,0.00052,1.4726,1430,0,0,0,0,0,0,0,0,0,0,0,0,0,0,0,0,0,0,0,0,0
1619968,791,0,9,0,5,0,4,-0.00056,0.00111,1.4782,1548,0,0,0,0,0,0,0,0,0,0,0,0,0,0,0,0,0,0,0,0,0
1622016,792,0,9,1,4,2,2,0.0002,0.00074,1.4726,1373,0,0,0,0,0,0,0,0,0,0,0,0,0,0,0,0,0,0,0,0,0
1624064,793,0,6,0,3,2,1,-0.001,0.00093,1.4644,1506,0,0,0,0,0,0,0,0,0,0,0,0,0,0,0,0,0,0,0,0,0
1626112,794,0,5,1,3,0,1,0.00015,0.00039,1.4507,1408,0,0,0,0,0,0,0,0,0,0,0,0,0,0,0,0,0,0,0,0,0
1628160,795,0,8,1,3,0,4,-0.00071,0.00108,1.4477,1438,0,0,0,0,0,0,0,0,0,0,0,0,0,0,0,0,0,0,0,0,0
1630208,796,0,8,0,5,2,1,0.00028,0.00044,1.4402,1498,0,0,0,0,0,0,0,0,0,0,0,0,0,0,0,0,0,0,0,0,0
1632256,797,0,9,0,4,1,4,-0.00107,0.00059,1.4536,1550,0,0,0,0,0,0,0,0,0,0,0,0,0,0,0,0,0,0,0,0,0
1634304,798,0,7,0,4,1,2,-0.00081,0.00062,1.4511,1520,0,0,0,0,0,0,0,0,0,0,0,0,0,0,0,0,0,0,0,0,0
1636352,799,0,7,1,4,0,2,-0.00079,0.00111,1.4567,1468,0,0,0,0,0,0,0,0,0,0,0,0,0,0,0,0,0,0,0,0,0
1638400,800,0,4,0,3,0,1,-0.00024,0.00068,1.4527,1512,0,0,0,0,0,0,0,0,0,0,0,0,0,0,0,0,0,0,0,0,0
1640448,801,0,8,0,2,2,4,-0.0,0.00072,1.4437,1485,0,0,0,0,0,0,0,0,0,0,0,0,0,0,0,0,0,0,0,0,0
1642496,802,0,5,0,1,1,3,-0.00029,0.00071,1.4491,1388,0,0,0,0,0,0,0,0,0,0,0,0,0,0,0,0,0,0,0,0,0
1644544,803,0,6,0,3,1,2,-0.00021,0.00037,1.4473,1479,0,0,0,0,0,0,0,0,0,0,0,0,0,0,0,0,0,0,0,0,0
1646592,804,0,8,3,4,0,1,-0.00088,0.00242,1.4411,1401,0,0,0,0,0,0,0,0,0,0,0,0,0,0,0,0,0,0,0,0,0
1648640,805,0,13,0,5,3,5,-0.00188,0.00135,1.4021,1470,0,0,0,0,0,0,0,0,0,0,0,0,0,0,0,0,0,0,0,0,0
1650688,806,0,6,0,2,3,1,-0.00071,0.00042,1.3912,1521,0,0,0,0,0,0,0,0,0,0,0,0,0,0,0,0,0,0,0,0,0
1652736,807,0,4,0,1,0,3,-4e-05,0.00057,1.4037,1517,0,0,0,0,0,0,0,0,0,0,0,0,0,0,0,0,0,0,0,0,0
1654784,808,0,6,0,2,2,2,-0.0001,0.00057,1.4098,1354,0,0,0,0,0,0,0,0,0,0,0,0,0,0,0,0,0,0,0,0,0
1656832,809,0,14,0,5,2,7,-0.00097,0.00066,1.4222,1286,0,0,0,0,0,0,0,0,0,0,0,0,0,0,0,0,0,0,0,0,0
1658880,810,0,10,1,8,0,1,-0.00098,0.00267,1.42,1466,0,0,0,0,0,0,0,0,0,0,0,0,0,0,0,0,0,0,0,0,0
1660928,811,0,8,2,4,1,1,-0.00117,0.00214,1.4068,1434,0,0,0,0,0,0,0,0,0,0,0,0,0,0,0,0,0,0,0,0,0
1662976,812,0,7,1,3,2,1,-0.00208,0.00099,1.4172,1467,0,0,0,0,0,0,0,0,0,0,0,0,0,0,0,0,0,0,0,0,0
1665024,813,0,11,0,8,0,3,-0.00045,0.00076,1.4631,1360,0,0,0,0,0,0,0,0,0,0,0,0,0,0,0,0,0,0,0,0,0
1667072,814,0,8,0,7,0,1,-0.00012,0.00098,1.4717,1465,0,0,0,0,0,0,0,0,0,0,0,0,0,0,0,0,0,0,0,0,0
1669120,815,0,6,1,0,1,4,-0.00029,0.00101,1.4715,1549,0,0,0,0,0,0,0,0,0,0,0,0,0,0,0,0,0,0,0,0,0
1671168,816,0,11,1,6,0,4,-0.00038,0.00091,1.464,1426,0,0,0,0,0,0,0,0,0,0,0,0,0,0,0,0,0,0,0,0,0
1673216,817,0,3,0,1,1,1,-0.00163,0.0006,1.4724,1489,0,0,0,0,0,0,0,0,0,0,0,0,0,0,0,0,0,0,0,0,0
1675264,818,0,4,0,2,0,2,-0.00072,0.00065,1.4737,1516,0,0,0,0,0,0,0,0,0,0,0,0,0,0,0,0,0,0,0,0,0
1677312,819,0,11,0,5,0,6,-0.00136,0.00038,1.4897,1601,0,0,0,0,0,0,0,0,0,0,0,0,0,0,0,0,0,0,0,0,0
1679360,820,0,6,0,1,2,3,0.00036,0.00062,1.4805,1488,0,0,0,0,0,0,0,0,0,0,0,0,0,0,0,0,0,0,0,0,0
1681408,821,0,7,0,3,0,4,-0.0026,0.00029,1.4359,1402,0,0,0,0,0,0,0,0,0,0,0,0,0,0,0,0,0,0,0,0,0
1683456,822,0,6,1,4,0,1,-0.0011,0.00109,1.4321,1247,0,0,0,0,0,0,0,0,0,0,0,0,0,0,0,0,0,0,0,0,0
1685504,823,0,6,1,1,0,4,-0.00086,0.00096,1.4359,1395,0,0,0,0,0,0,0,0,0,0,0,0,0,0,0,0,0,0,0,0,0
1687552,824,0,4,0,2,0,2,-0.00028,0.00056,1.433,1519,0,0,0,0,0,0,0,0,0,0,0,0,0,0,0,0,0,0,0,0,0
1689600,825,0,7,0,3,0,4,3e-05,0.00075,1.441,1372,0,0,0,0,0,0,0,0,0,0,0,0,0,0,0,0,0,0,0,0,0
1691648,826,0,8,0,4,1,3,-0.00095,0.00061,1.4255,1419,0,0,0,0,0,0,0,0,0,0,0,0,0,0,0,0,0,0,0,0,0
1693696,827,0,10,0,4,1,5,-0.00019,0.00083,1.4132,1411,0,0,0,0,0,0,0,0,0,0,0,0,0,0,0,0,0,0,0,0,0
1695744,828,0,8,0,6,0,2,-0.001,0.00081,1.3994,1504,0,0,0,0,0,0,0,0,0,0,0,0,0,0,0,0,0,0,0,0,0
1697792,829,0,6,0,4,0,2,-0.00071,0.00049,1.3932,1565,0,0,0,0,0,0,0,0,0,0,0,0,0,0,0,0,0,0,0,0,0
1699840,830,0,1,0,0,0,1,-0.00076,0.0004,1.3968,1517,0,0,0,0,0,0,0,0,0,0,0,0,0,0,0,0,0,0,0,0,0
1701888,831,0,11,0,1,1,9,-0.00052,0.00057,1.4206,1541,0,0,0,0,0,0,0,0,0,0,0,0,0,0,0,0,0,0,0,0,0
1703936,832,0,6,0,5,0,1,-0.00076,0.00083,1.4354,1413,0,0,0,0,0,0,0,0,0,0,0,0,0,0,0,0,0,0,0,0,0
1705984,833,0,9,0,5,0,4,0.00017,0.00048,1.4346,1564,0,0,0,0,0,0,0,0,0,0,0,0,0,0,0,0,0,0,0,0,0
1708032,834,0,5,0,4,0,1,-0.00051,0.00061,1.4163,1524,0,0,0,0,0,0,0,0,0,0,0,0,0,0,0,0,0,0,0,0,0
1710080,835,0,8,0,3,0,5,-0.0016,0.00066,1.3951,1543,0,0,0,0,0,0,0,0,0,0,0,0,0,0,0,0,0,0,0,0,0
1712128,836,0,3,0,0,0,3,-0.00086,0.00045,1.3678,1506,0,0,0,0,0,0,0,0,0,0,0,0,0,0,0,0,0,0,0,0,0
1714176,837,0,8,0,5,1,2,-0.00061,0.00053,1.3885,1434,0,0,0,0,0,0,0,0,0,0,0,0,0,0,0,0,0,0,0,0,0
1716224,838,0,8,1,2,1,4,-0.00181,0.00147,1.391,1409,0,0,0,0,0,0,0,0,0,0,0,0,0,0,0,0,0,0,0,0,0
1718272,839,0,11,0,6,0,5,-0.00055,0.00084,1.3975,1500,0,0,0,0,0,0,0,0,0,0,0,0,0,0,0,0,0,0,0,0,0
1720320,840,0,3,0,0,1,2,-0.00069,0.00045,1.4159,1621,0,0,0,0,0,0,0,0,0,0,0,0,0,0,0,0,0,0,0,0,0
1722368,841,0,5,0,4,1,0,-2e-05,0.00066,1.4278,1634,0,0,0,0,0,0,0,0,0,0,0,0,0,0,0,0,0,0,0,0,0
1724416,842,0,7,0,4,0,3,-0.00078,0.0003,1.4259,1634,0,0,0,0,0,0,0,0,0,0,0,0,0,0,0,0,0,0,0,0,0
1726464,843,0,11,0,5,0,6,-0.00018,0.00047,1.4073,1646,0,0,0,0,0,0,0,0,0,0,0,0,0,0,0,0,0,0,0,0,0
1728512,844,0,10,0,7,1,2,-0.00144,0.00059,1.3899,1550,0,0,0,0,0,0,0,0,0,0,0,0,0,0,0,0,0,0,0,0,0
1730560,845,0,4,1,2,0,1,-0.00125,0.00135,1.3481,1442,0,0,0,0,0,0,0,0,0,0,0,0,0,0,0,0,0,0,0,0,0
1732608,846,0,10,3,3,1,3,-0.00142,0.00174,1.3163,1370,0,0,0,0,0,0,0,0,0,0,0,0,0,0,0,0,0,0,0,0,0
1734656,847,0,2,0,1,0,1,-0.00182,0.00037,1.2577,1522,0,0,0,0,0,0,0,0,0,0,0,0,0,0,0,0,0,0,0,0,0
1736704,848,0,6,0,3,0,3,-0.00022,0.00047,1.1795,1433,0,0,0,0,0,0,0,0,0,0,0,0,0,0,0,0,0,0,0,0,0
1738752,849,0,9,0,3,0,6,-0.00108,0.00086,1.2011,1473,0,0,0,0,0,0,0,0,0,0,0,0,0,0,0,0,0,0,0,0,0
1740800,850,0,7,1,4,0,2,-0.0007,0.00105,1.2886,1508,0,0,0,0,0,0,0,0,0,0,0,0,0,0,0,0,0,0,0,0,0
1742848,851,0,7,1,4,1,1,-0.00069,0.00078,1.3237,1506,0,0,0,0,0,0,0,0,0,0,0,0,0,0,0,0,0,0,0,0,0
1744896,852,0,7,1,3,2,1,-0.00191,0.00143,1.3592,1437,0,0,0,0,0,0,0,0,0,0,0,0,0,0,0,0,0,0,0,0,0
1746944,853,0,6,0,4,0,2,-0.00029,0.00052,1.3804,1478,0,0,0,0,0,0,0,0,0,0,0,0,0,0,0,0,0,0,0,0,0
1748992,854,0,8,0,3,2,3,-6e-05,0.00072,1.3903,1531,0,0,0,0,0,0,0,0,0,0,0,0,0,0,0,0,0,0,0,0,0
1751040,855,0,5,0,3,1,1,-0.00078,0.00071,1.3885,1422,0,0,0,0,0,0,0,0,0,0,0,0,0,0,0,0,0,0,0,0,0
1753088,856,0,4,0,3,0,1,-0.00042,0.00049,1.3665,1567,0,0,0,0,0,0,0,0,0,0,0,0,0,0,0,0,0,0,0,0,0
1755136,857,0,9,0,3,1,5,-0.0002,0.00044,1.3595,1560,0,0,0,0,0,0,0,0,0,0,0,0,0,0,0,0,0,0,0,0,0
1757184,858,0,10,0,4,2,4,-0.00149,0.00087,1.3919,1574,0,0,0,0,0,0,0,0,0,0,0,0,0,0,0,0,0,0,0,0,0
1759232,859,0,3,0,1,0,2,-0.00107,0.00069,1.4172,1425,0,0,0,0,0,0,0,0,0,0,0,0,0,0,0,0,0,0,0,0,0
1761280,860,0,8,0,4,2,2,-0.00179,0.00022,1.433,1528,0,0,0,0,0,0,0,0,0,0,0,0,0,0,0,0,0,0,0,0,0
1763328,861,0,9,0,3,1,5,-1e-05,0.00071,1.453,1372,0,0,0,0,0,0,0,0,0,0,0,0,0,0,0,0,0,0,0,0,0
1765376,862,0,13,1,7,0,5,-0.00014,0.00196,1.4644,1486,0,0,0,0,0,0,0,0,0,0,0,0,0,0,0,0,0,0,0,0,0
1767424,863,0,6,0,4,2,0,-0.00028,0.00085,1.4673,1496,0,0,0,0,0,0,0,0,0,0,0,0,0,0,0,0,0,0,0,0,0
1769472,864,0,3,0,0,0,3,4e-05,0.00059,1.4791,1535,0,0,0,0,0,0,0,0,0,0,0,0,0,0,0,0,0,0,0,0,0
1771520,865,0,8,0,3,1,4,-0.00066,0.00072,1.4704,1618,0,0,0,0,0,0,0,0,0,0,0,0,0,0,0,0,0,0,0,0,0
1773568,866,0,10,0,4,3,3,-0.00104,0.00059,1.4583,1573,0,0,0,0,0,0,0,0,0,0,0,0,0,0,0,0,0,0,0,0,0
1775616,867,0,5,0,3,0,2,-0.00025,0.00077,1.4645,1453,0,0,0,0,0,0,0,0,0,0,0,0,0,0,0,0,0,0,0,0,0
1777664,868,0,6,1,2,0,3,-0.00086,0.00054,1.4618,1551,0,0,0,0,0,0,0,0,0,0,0,0,0,0,0,0,0,0,0,0,0
1779712,869,0,8,0,5,1,2,-0.00068,0.00075,1.4439,1565,0,0,0,0,0,0,0,0,0,0,0,0,0,0,0,0,0,0,0,0,0
1781760,870,0,15,0,8,1,6,-0.00041,0.00096,1.4268,1578,0,0,0,0,0,0,0,0,0,0,0,0,0,0,0,0,0,0,0,0,0
1783808,871,0,3,0,3,0,0,-0.00093,0.00011,1.4248,1508,0,0,0,0,0,0,0,0,0,0,0,0,0,0,0,0,0,0,0,0,0
1785856,872,0,4,0,1,0,3,-0.00097,0.00065,1.4398,1519,0,0,0,0,0,0,0,0,0,0,0,0,0,0,0,0,0,0,0,0,0
1787904,873,0,10,0,7,1,2,-0.00042,0.00069,1.446,1514,0,0,0,0,0,0,0,0,0,0,0,0,0,0,0,0,0,0,0,0,0
1789952,874,0,14,1,7,0,6,-0.00064,0.00176,1.4421,1498,0,0,0,0,0,0,0,0,0,0,0,0,0,0,0,0,0,0,0,0,0
1792000,875,0,9,0,7,2,0,-0.00057,0.00078,1.4459,1529,0,0,0,0,0,0,0,0,0,0,0,0,0,0,0,0,0,0,0,0,0
1794048,876,0,13,2,10,0,1,-0.00058,0.00186,1.4355,1414,0,0,0,0,0,0,0,0,0,0,0,0,0,0,0,0,0,0,0,0,0
1796096,877,0,10,0,6,2,2,-0.00105,0.00087,1.4295,1525,0,0,0,0,0,0,0,0,0,0,0,0,0,0,0,0,0,0,0,0,0
1798144,878,0,7,0,4,0,3,0.00027,0.00062,1.4314,1382,0,0,0,0,0,0,0,0,0,0,0,0,0,0,0,0,0,0,0,0,0
1800192,879,0,10,0,8,0,2,-0.0001,0.0008,1.4319,1547,0,0,0,0,0,0,0,0,0,0,0,0,0,0,0,0,0,0,0,0,0
1802240,880,0,8,1,4,0,3,-0.00071,0.00082,1.4457,1574,0,0,0,0,0,0,0,0,0,0,0,0,0,0,0,0,0,0,0,0,0
1804288,881,0,5,0,1,1,3,-0.00055,0.00053,1.458,1594,0,0,0,0,0,0,0,0,0,0,0,0,0,0,0,0,0,0,0,0,0
1806336,882,0,10,0,4,3,3,-0.00043,0.00076,1.4649,1383,0,0,0,0,0,0,0,0,0,0,0,0,0,0,0,0,0,0,0,0,0
1808384,883,0,3,0,0,0,3,-0.00068,0.00049,1.4486,1393,0,0,0,0,0,0,0,0,0,0,0,0,0,0,0,0,0,0,0,0,0
1810432,884,0,6,0,3,1,2,-0.00011,0.00068,1.4532,1465,0,0,0,0,0,0,0,0,0,0,0,0,0,0,0,0,0,0,0,0,0
1812480,885,0,8,1,2,1,4,-0.00094,0.00033,1.4474,1556,0,0,0,0,0,0,0,0,0,0,0,0,0,0,0,0,0,0,0,0,0
1814528,886,0,8,1,5,0,2,-0.00185,0.00089,1.434,1554,0,0,0,0,0,0,0,0,0,0,0,0,0,0,0,0,0,0,0,0,0
1816576,887,0,7,0,5,1,1,-0.00046,0.00076,1.4108,1521,0,0,0,0,0,0,0,0,0,0,0,0,0,0,0,0,0,0,0,0,0
1818624,888,0,9,0,4,3,2,-0.00068,0.0006,1.4099,1510,0,0,0,0,0,0,0,0,0,0,0,0,0,0,0,0,0,0,0,0,0
1820672,889,0,9,1,3,1,4,-0.00095,0.00105,1.4259,1448,0,0,0,0,0,0,0,0,0,0,0,0,0,0,0,0,0,0,0,0,0
1822720,890,0,7,0,4,1,2,-0.00105,0.00068,1.436,1515,0,0,0,0,0,0,0,0,0,0,0,0,0,0,0,0,0,0,0,0,0
1824768,891,0,8,0,4,1,3,-0.00039,0.00077,1.4196,1539,0,0,0,0,0,0,0,0,0,0,0,0,0,0,0,0,0,0,0,0,0
1826816,892,0,9,0,6,0,3,-0.00043,0.00083,1.4396,1512,0,0,0,0,0,0,0,0,0,0,0,0,0,0,0,0,0,0,0,0,0
1828864,893,0,11,0,4,4,3,-0.00104,0.00068,1.4372,1565,0,0,0,0,0,0,0,0,0,0,0,0,0,0,0,0,0,0,0,0,0
1830912,894,0,14,1,7,4,2,0.00027,0.00186,1.412,1429,0,0,0,0,0,0,0,0,0,0,0,0,0,0,0,0,0,0,0,0,0
1832960,895,0,6,0,3,0,3,-0.0013,0.00072,1.4003,1483,0,0,0,0,0,0,0,0,0,0,0,0,0,0,0,0,0,0,0,0,0
1835008,896,0,3,0,3,0,0,-0.00016,0.00045,1.3693,1509,0,0,0,0,0,0,0,0,0,0,0,0,0,0,0,0,0,0,0,0,0
1837056,897,0,8,0,2,1,5,-0.00122,0.00079,1.3715,1561,0,0,0,0,0,0,0,0,0,0,0,0,0,0,0,0,0,0,0,0,0
1839104,898,0,8,0,2,1,5,-0.00052,0.00069,1.3799,1517,0,0,0,0,0,0,0,0,0,0,0,0,0,0,0,0,0,0,0,0,0
1841152,899,0,6,1,2,0,3,-0.00099,0.00108,1.3963,1471,0,0,0,0,0,0,0,0,0,0,0,0,0,0,0,0,0,0,0,0,0
1843200,900,0,1,0,0,1,0,-0.00091,0.00029,1.4105,1453,0,0,0,0,0,0,0,0,0,0,0,0,0,0,0,0,0,0,0,0,0
1845248,901,0,12,2,5,1,4,-0.00094,0.00127,1.4281,1344,0,0,0,0,0,0,0,0,0,0,0,0,0,0,0,0,0,0,0,0,0
1847296,902,0,12,0,7,0,5,-0.00123,0.00057,1.423,1529,0,0,0,0,0,0,0,0,0,0,0,0,0,0,0,0,0,0,0,0,0
1849344,903,0,5,0,2,0,3,-0.00078,0.00056,1.4059,1544,0,0,0,0,0,0,0,0,0,0,0,0,0,0,0,0,0,0,0,0,0
1851392,904,0,4,1,3,0,0,0.00032,0.00173,1.3824,1422,0,0,0,0,0,0,0,0,0,0,0,0,0,0,0,0,0,0,0,0,0
1853440,905,0,14,1,8,1,4,9e-05,0.00172,1.3922,1393,0,0,0,0,0,0,0,0,0,0,0,0,0,0,0,0,0,0,0,0,0
1855488,906,0,9,0,5,0,4,0.00014,0.00091,1.4298,1497,0,0,0,0,0,0,0,0,0,0,0,0,0,0,0,0,0,0,0,0,0
1857536,907,0,6,1,2,2,1,-0.0015,0.00134,1.4454,1567,0,0,0,0,0,0,0,0,0,0,0,0,0,0,0,0,0,0,0,0,0
1859584,908,0,5,0,3,0,2,0.00189,0.00084,1.4735,1444,0,0,0,0,0,0,0,0,0,0,0,0,0,0,0,0,0,0,0,0,0
1861632,909,0,12,2,5,2,3,0.00233,0.00175,1.4346,1441,0,0,0,0,0,0,0,0,0,0,0,0,0,0,0,0,0,0,0,0,0
1863680,910,0,3,1,0,0,2,-0.0019,0.00094,1.4225,1448,0,0,0,0,0,0,0,0,0,0,0,0,0,0,0,0,0,0,0,0,0
1865728,911,0,6,1,1,1,3,0.00135,0.00123,1.3931,1421,0,0,0,0,0,0,0,0,0,0,0,0,0,0,0,0,0,0,0,0,0
1867776,912,0,11,1,6,2,2,-0.00026,0.00091,1.3736,1435,0,0,0,0,0,0,0,0,0,0,0,0,0,0,0,0,0,0,0,0,0
1869824,913,0,11,0,5,1,5,0.0001,0.00073,1.3671,1406,0,0,0,0,0,0,0,0,0,0,0,0,0,0,0,0,0,0,0,0,0
1871872,914,0,4,0,3,0,1,-0.00132,0.00077,1.305,1560,0,0,0,0,0,0,0,0,0,0,0,0,0,0,0,0,0,0,0,0,0
1873920,915,0,9,0,4,2,3,-0.00265,0.00065,1.3587,1561,0,0,0,0,0,0,0,0,0,0,0,0,0,0,0,0,0,0,0,0,0
1875968,916,0,10,1,4,2,3,-0.00064,0.00109,1.3482,1579,0,0,0,0,0,0,0,0,0,0,0,0,0,0,0,0,0,0,0,0,0
1878016,917,0,5,1,3,0,1,-0.00255,0.00176,1.3397,1424,0,0,0,0,0,0,0,0,0,0,0,0,0,0,0,0,0,0,0,0,0
1880064,918,0,10,1,6,0,3,-0.00183,0.00112,1.2954,1524,0,0,0,0,0,0,0,0,0,0,0,0,0,0,0,0,0,0,0,0,0
1882112,919,0,7,0,4,1,2,-0.00138,0.00063,1.3333,1574,0,0,0,0,0,0,0,0,0,0,0,0,0,0,0,0,0,0,0,0,0
1884160,920,0,11,2,4,2,3,-0.00082,0.00288,1.3751,1496,0,0,0,0,0,0,0,0,0,0,0,0,0,0,0,0,0,0,0,0,0
1886208,921,0,7,1,2,1,3,0.00069,0.00182,1.3856,1538,0,0,0,0,0,0,0,0,0,0,0,0,0,0,0,0,0,0,0,0,0
1888256,922,0,10,0,6,1,3,-0.0041,0.00087,1.4035,1510,0,0,0,0,0,0,0,0,0,0,0,0,0,0,0,0,0,0,0,0,0
1890304,923,0,5,0,3,0,2,0.00028,0.00037,1.4408,1495,0,0,0,0,0,0,0,0,0,0,0,0,0,0,0,0,0,0,0,0,0
1892352,924,0,11,1,4,1,5,0.00019,0.00213,1.4686,1456,0,0,0,0,0,0,0,0,0,0,0,0,0,0,0,0,0,0,0,0,0
1894400,925,0,10,1,4,0,5,-0.00061,0.00101,1.4848,1276,0,0,0,0,0,0,0,0,0,0,0,0,0,0,0,0,0,0,0,0,0
1896448,926,0,8,0,5,2,1,-0.00059,0.00086,1.4655,1281,0,0,0,0,0,0,0,0,0,0,0,0,0,0,0,0,0,0,0,0,0
1898496,927,0,7,1,4,2,0,-0.00014,0.00079,1.4567,1482,0,0,0,0,0,0,0,0,0,0,0,0,0,0,0,0,0,0,0,0,0
1900544,928,0,11,1,5,1,4,-0.00117,0.00278,1.468,1544,0,0,0,0,0,0,0,0,0,0,0,0,0,0,0,0,0,0,0,0,0
1902592,929,0,7,0,3,0,4,-0.00095,0.00091,1.4569,1507,0,0,0,0,0,0,0,0,0,0,0,0,0,0,0,0,0,0,0,0,0
1904640,930,0,8,2,5,1,0,-0.00086,0.00447,1.4394,1584,0,0,0,0,0,0,0,0,0,0,0,0,0,0,0,0,0,0,0,0,0
1906688,931,0,6,0,0,4,2,-0.00139,0.00089,1.4144,1388,0,0,0,0,0,0,0,0,0,0,0,0,0,0,0,0,0,0,0,0,0
1908736,932,0,11,1,6,2,2,-0.00095,0.00086,1.3644,1514,0,0,0,0,0,0,0,0,0,0,0,0,0,0,0,0,0,0,0,0,0
1910784,933,0,6,0,2,1,3,-0.00086,0.00047,1.3622,1484,0,0,0,0,0,0,0,0,0,0,0,0,0,0,0,0,0,0,0,0,0
1912832,934,0,7,0,5,0,2,-0.00273,0.00052,1.4455,1585,0,0,0,0,0,0,0,0,0,0,0,0,0,0,0,0,0,0,0,0,0
1914880,935,0,9,0,3,1,5,-0.00149,0.00071,1.4964,1562,0,0,0,0,0,0,0,0,0,0,0,0,0,0,0,0,0,0,0,0,0
1916928,936,0,9,0,7,0,2,-0.00099,0.00054,1.4914,1527,0,0,0,0,0,0,0,0,0,0,0,0,0,0,0,0,0,0,0,0,0
1918976,937,0,7,0,5,0,2,0.00026,0.00101,1.4765,1440,0,0,0,0,0,0,0,0,0,0,0,0,0,0,0,0,0,0,0,0,0
1921024,938,0,9,0,3,1,5,-6e-05,0.00063,1.5067,1499,0,0,0,0,0,0,0,0,0,0,0,0,0,0,0,0,0,0,0,0,0
1923072,939,0,7,0,5,0,2,0.00054,0.00071,1.518,1563,0,0,0,0,0,0,0,0,0,0,0,0,0,0,0,0,0,0,0,0,0
1925120,940,0,2,0,1,0,1,-0.00095,0.00037,1.532,1512,0,0,0,0,0,0,0,0,0,0,0,0,0,0,0,0,0,0,0,0,0
1927168,941,0,11,0,5,2,4,-0.00065,0.00066,1.5479,1436,0,0,0,0,0,0,0,0,0,0,0,0,0,0,0,0,0,0,0,0,0
1929216,942,0,13,1,6,0,6,-0.00056,0.00124,1.548,1441,0,0,0,0,0,0,0,0,0,0,0,0,0,0,0,0,0,0,0,0,0
1931264,943,0,7,0,6,0,1,-0.00096,0.00035,1.5646,1473,0,0,0,0,0,0,0,0,0,0,0,0,0,0,0,0,0,0,0,0,0
1933312,944,0,6,0,3,1,2,-0.00131,0.00057,1.5457,1566,0,0,0,0,0,0,0,0,0,0,0,0,0,0,0,0,0,0,0,0,0
1935360,945,0,7,0,3,1,3,3e-05,0.0009,1.5341,1460,0,0,0,0,0,0,0,0,0,0,0,0,0,0,0,0,0,0,0,0,0
1937408,946,0,8,0,3,0,5,-0.00055,0.00051,1.5536,1469,0,0,0,0,0,0,0,0,0,0,0,0,0,0,0,0,0,0,0,0,0
1939456,947,0,3,0,2,0,1,-0.00042,0.00081,1.5434,1445,0,0,0,0,0,0,0,0,0,0,0,0,0,0,0,0,0,0,0,0,0
1941504,948,0,5,0,1,1,3,-0.00041,0.00058,1.5527,1550,0,0,0,0,0,0,0,0,0,0,0,0,0,0,0,0,0,0,0,0,0
1943552,949,0,7,0,2,1,4,-0.00029,0.00045,1.5591,1378,0,0,0,0,0,0,0,0,0,0,0,0,0,0,0,0,0,0,0,0,0
1945600,950,0,8,1,4,1,2,-0.00029,0.00116,1.568,1413,0,0,0,0,0,0,0,0,0,0,0,0,0,0,0,0,0,0,0,0,0
1947648,951,0,9,1,4,1,3,-0.00019,0.00114,1.5565,1443,0,0,0,0,0,0,0,0,0,0,0,0,0,0,0,0,0,0,0,0,0
1949696,952,0,3,0,0,2,1,-0.00015,0.00046,1.5809,1539,0,0,0,0,0,0,0,0,0,0,0,0,0,0,0,0,0,0,0,0,0
1951744,953,0,6,0,4,0,2,-9e-05,0.00037,1.5731,1540,0,0,0,0,0,0,0,0,0,0,0,0,0,0,0,0,0,0,0,0,0
1953792,954,0,9,0,2,0,7,-0.00113,0.00082,1.5352,1406,0,0,0,0,0,0,0,0,0,0,0,0,0,0,0,0,0,0,0,0,0
1955840,955,0,12,2,6,0,4,-0.00174,0.00244,1.5083,1356,0,0,0,0,0,0,0,0,0,0,0,0,0,0,0,0,0,0,0,0,0
1957888,956,0,9,1,6,2,0,-0.00068,0.00196,1.4703,1429,0,0,0,0,0,0,0,0,0,0,0,0,0,0,0,0,0,0,0,0,0
1959936,957,0,2,0,0,2,0,-0.00041,0.00046,1.4628,1493,0,0,0,0,0,0,0,0,0,0,0,0,0,0,0,0,0,0,0,0,0
1961984,958,0,8,0,5,0,3,0.00015,0.00044,1.4518,1419,0,0,0,0,0,0,0,0,0,0,0,0,0,0,0,0,0,0,0,0,0
1964032,959,0,6,0,2,0,4,-0.00063,0.00077,1.467,1566,0,0,0,0,0,0,0,0,0,0,0,0,0,0,0,0,0,0,0,0,0
1966080,960,0,7,1,1,1,4,-0.00069,0.00107,1.4675,1458,0,0,0,0,0,0,0,0,0,0,0,0,0,0,0,0,0,0,0,0,0
1968128,961,0,4,0,2,0,2,0.0001,0.00064,1.4727,1337,0,0,0,0,0,0,0,0,0,0,0,0,0,0,0,0,0,0,0,0,0
1970176,962,0,8,0,3,3,2,-0.00037,0.00078,1.4878,1134,0,0,0,0,0,0,0,0,0,0,0,0,0,0,0,0,0,0,0,0,0
1972224,963,0,8,0,3,0,5,-0.00082,0.00069,1.4914,1259,0,0,0,0,0,0,0,0,0,0,0,0,0,0,0,0,0,0,0,0,0
1974272,964,0,7,1,3,1,2,-0.00049,0.00153,1.4882,1532,0,0,0,0,0,0,0,0,0,0,0,0,0,0,0,0,0,0,0,0,0
1976320,965,0,6,0,3,2,1,-0.0014,0.00105,1.474,1587,0,0,0,0,0,0,0,0,0,0,0,0,0,0,0,0,0,0,0,0,0
1978368,966,0,6,1,2,0,3,-7e-05,0.00166,1.5054,1489,0,0,0,0,0,0,0,0,0,0,0,0,0,0,0,0,0,0,0,0,0
1980416,967,0,11,2,3,1,5,0.00011,0.00145,1.5212,1366,0,0,0,0,0,0,0,0,0,0,0,0,0,0,0,0,0,0,0,0,0
1982464,968,0,7,0,5,0,2,-0.00016,0.00059,1.5184,1321,0,0,0,0,0,0,0,0,0,0,0,0,0,0,0,0,0,0,0,0,0
1984512,969,0,7,0,2,1,4,-0.00178,0.00054,1.5109,1474,0,0,0,0,0,0,0,0,0,0,0,0,0,0,0,0,0,0,0,0,0
1986560,970,0,6,0,2,2,2,-0.00124,0.00059,1.4867,1558,0,0,0,0,0,0,0,0,0,0,0,0,0,0,0,0,0,0,0,0,0
1988608,971,0,10,2,4,3,1,-0.0011,0.00115,1.4561,1505,0,0,0,0,0,0,0,0,0,0,0,0,0,0,0,0,0,0,0,0,0
1990656,972,0,12,0,9,0,3,-0.00131,0.00101,1.4567,1481,0,0,0,0,0,0,0,0,0,0,0,0,0,0,0,0,0,0,0,0,0
1992704,973,0,12,1,8,0,3,-0.00102,0.00114,1.4794,1668,0,0,0,0,0,0,0,0,0,0,0,0,0,0,0,0,0,0,0,0,0
1994752,974,0,5,1,1,2,1,-0.00099,0.00114,1.5138,1640,0,0,0,0,0,0,0,0,0,0,0,0,0,0,0,0,0,0,0,0,0
1996800,975,0,6,0,4,0,2,-0.00077,0.00076,1.5511,1656,0,0,0,0,0,0,0,0,0,0,0,0,0,0,0,0,0,0,0,0,0
1998848,976,0,8,0,5,0,3,-0.00075,0.00055,1.5639,1437,0,0,0,0,0,0,0,0,0,0,0,0,0,0,0,0,0,0,0,0,0
2000896,977,0,7,0,1,2,4,-0.00037,0.00055,1.5549,1474,0,0,0,0,0,0,0,0,0,0,0,0,0,0,0,0,0,0,0,0,0
2002944,978,0,9,0,7,0,2,-0.00038,0.00121,1.5338,1544,0,0,0,0,0,0,0,0,0,0,0,0,0,0,0,0,0,0,0,0,0
2004992,979,0,14,2,9,1,2,-0.00249,0.00296,1.4783,1454,0,0,0,0,0,0,0,0,0,0,0,0,0,0,0,0,0,0,0,0,0
2007040,980,0,7,0,4,2,1,-9e-05,0.00064,1.4185,1526,0,0,0,0,0,0,0,0,0,0,0,0,0,0,0,0,0,0,0,0,0
2009088,981,0,5,0,1,0,4,-0.0009,0.00073,1.4556,1437,0,0,0,0,0,0,0,0,0,0,0,0,0,0,0,0,0,0,0,0,0
2011136,982,0,9,0,5,1,3,-0.00229,0.00054,1.4468,1526,0,0,0,0,0,0,0,0,0,0,0,0,0,0,0,0,0,0,0,0,0
2013184,983,0,5,0,1,0,4,-0.00192,0.0005,1.3968,1575,0,0,0,0,0,0,0,0,0,0,0,0,0,0,0,0,0,0,0,0,0
2015232,984,0,5,0,3,1,1,0.00028,0.00047,1.3467,1484,0,0,0,0,0,0,0,0,0,0,0,0,0,0,0,0,0,0,0,0,0
2017280,985,0,8,0,3,1,4,-0.00023,0.00072,1.3662,1462,0,0,0,0,0,0,0,0,0,0,0,0,0,0,0,0,0,0,0,0,0
2019328,986,0,4,0,1,0,3,-0.00053,0.00075,1.3571,1437,0,0,0,0,0,0,0,0,0,0,0,0,0,0,0,0,0,0,0,0,0
2021376,987,0,7,1,3,1,2,-0.00159,0.0012,1.4387,1515,0,0,0,0,0,0,0,0,0,0,0,0,0,0,0,0,0,0,0,0,0
2023424,988,0,7,0,1,3,3,-0.00141,0.00054,1.5224,1455,0,0,0,0,0,0,0,0,0,0,0,0,0,0,0,0,0,0,0,0,0
2025472,989,0,4,1,0,0,3,-3e-05,0.00047,1.5199,1316,0,0,0,0,0,0,0,0,0,0,0,0,0,0,0,0,0,0,0,0,0
2027520,990,0,3,1,1,0,1,-0.00091,0.0006,1.5643,1358,0,0,0,0,0,0,0,0,0,0,0,0,0,0,0,0,0,0,0,0,0
2029568,991,0,6,0,1,0,5,-0.00109,0.00053,1.6025,1311,0,0,0,0,0,0,0,0,0,0,0,0,0,0,0,0,0,0,0,0,0
2031616,992,0,10,1,6,0,3,-0.00041,0.00117,1.6049,1593,0,0,0,0,0,0,0,0,0,0,0,0,0,0,0,0,0,0,0,0,0
2033664,993,0,5,1,2,0,2,-0.00065,0.00226,1.6256,1494,0,0,0,0,0,0,0,0,0,0,0,0,0,0,0,0,0,0,0,0,0
2035712,994,0,5,0,1,2,2,-0.00145,0.00044,1.5984,1461,0,0,0,0,0,0,0,0,0,0,0,0,0,0,0,0,0,0,0,0,0
2037760,995,0,7,1,1,2,3,-0.00156,0.00163,1.6009,1491,0,0,0,0,0,0,0,0,0,0,0,0,0,0,0,0,0,0,0,0,0
2039808,996,0,14,0,10,0,4,-0.00088,0.00078,1.5891,1502,0,0,0,0,0,0,0,0,0,0,0,0,0,0,0,0,0,0,0,0,0
2041856,997,0,7,0,4,1,2,-0.00103,0.00094,1.5906,1558,0,0,0,0,0,0,0,0,0,0,0,0,0,0,0,0,0,0,0,0,0
2043904,998,0,1,0,0,0,1,0.00076,0.00069,1.5724,1520,0,0,0,0,0,0,0,0,0,0,0,0,0,0,0,0,0,0,0,0,0
2045952,999,0,6,0,3,0,3,-0.00089,0.0003,1.5182,1515,0,0,0,0,0,0,0,0,0,0,0,0,0,0,0,0,0,0,0,0,0
2048000,1000,0,6,0,0,0,6,-0.00044,0.00042,1.442,1580,0,0,0,0,0,0,0,0,0,0,0,0,0,0,0,0,0,0,0,0,0
2050048,1001,0,5,0,0,0,5,0.00024,0.00048,1.4615,1585,0,0,0,0,0,0,0,0,0,0,0,0,0,0,0,0,0,0,0,0,0
2052096,1002,0,9,1,6,0,2,-1e-05,0.00275,1.4674,1596,0,0,0,0,0,0,0,0,0,0,0,0,0,0,0,0,0,0,0,0,0
2054144,1003,0,7,0,4,0,3,-0.00283,0.00064,1.4232,1607,0,0,0,0,0,0,0,0,0,0,0,0,0,0,0,0,0,0,0,0,0
2056192,1004,0,7,0,2,1,4,-0.00217,0.00078,1.3766,1520,0,0,0,0,0,0,0,0,0,0,0,0,0,0,0,0,0,0,0,0,0
2058240,1005,0,6,0,4,0,2,-0.00018,0.0005,1.387,1499,0,0,0,0,0,0,0,0,0,0,0,0,0,0,0,0,0,0,0,0,0
2060288,1006,0,2,0,0,0,2,-0.00214,0.00039,1.4857,1506,0,0,0,0,0,0,0,0,0,0,0,0,0,0,0,0,0,0,0,0,0
2062336,1007,0,10,1,3,0,6,-0.0009,0.00082,1.4729,1538,0,0,0,0,0,0,0,0,0,0,0,0,0,0,0,0,0,0,0,0,0
2064384,1008,0,8,0,4,0,4,0.00023,0.00069,1.454,1655,0,0,0,0,0,0,0,0,0,0,0,0,0,0,0,0,0,0,0,0,0
2066432,1009,0,4,0,2,0,2,-0.00055,0.0005,1.4568,1583,0,0,0,0,0,0,0,0,0,0,0,0,0,0,0,0,0,0,0,0,0
2068480,1010,0,4,0,1,3,0,-0.00108,0.0007,1.4705,1614,0,0,0,0,0,0,0,0,0,0,0,0,0,0,0,0,0,0,0,0,0
2070528,1011,0,10,1,4,0,5,-0.00257,0.0016,1.4595,1632,0,0,0,0,0,0,0,0,0,0,0,0,0,0,0,0,0,0,0,0,0
2072576,1012,0,6,0,1,0,5,-0.00145,0.00092,1.4504,1661,0,0,0,0,0,0,0,0,0,0,0,0,0,0,0,0,0,0,0,0,0
2074624,1013,0,4,0,1,1,2,0.0008,0.00048,1.4677,1454,0,0,0,0,0,0,0,0,0,0,0,0,0,0,0,0,0,0,0,0,0
2076672,1014,0,6,0,3,1,2,-0.00017,0.00041,1.4761,1625,0,0,0,0,0,0,0,0,0,0,0,0,0,0,0,0,0,0,0,0,0
2078720,1015,0,8,0,2,1,5,-0.00031,0.00047,1.4517,1548,0,0,0,0,0,0,0,0,0,0,0,0,0,0,0,0,0,0,0,0,0
2080768,1016,0,8,1,3,1,3,-0.00125,0.00155,1.4334,1667,0,0,0,0,0,0,0,0,0,0,0,0,0,0,0,0,0,0,0,0,0
2082816,1017,0,5,0,3,0,2,-0.00031,0.00056,1.3988,1643,0,0,0,0,0,0,0,0,0,0,0,0,0,0,0,0,0,0,0,0,0
2084864,1018,0,7,0,3,1,3,-0.00023,0.00034,1.426,1567,0,0,0,0,0,0,0,0,0,0,0,0,0,0,0,0,0,0,0,0,0
2086912,1019,0,4,0,3,0,1,-0.00142,0.00044,1.4142,1642,0,0,0,0,0,0,0,0,0,0,0,0,0,0,0,0,0,0,0,0,0
2088960,1020,0,9,1,3,1,4,-0.00121,0.00085,1.3985,1407,0,0,0,0,0,0,0,0,0,0,0,0,0,0,0,0,0,0,0,0,0
2091008,1021,0,7,0,3,1,3,-0.00195,0.00051,1.4153,1518,0,0,0,0,0,0,0,0,0,0,0,0,0,0,0,0,0,0,0,0,0
2093056,1022,0,4,0,1,1,2,-0.00058,0.00058,1.4314,1562,0,0,0,0,0,0,0,0,0,0,0,0,0,0,0,0,0,0,0,0,0
2095104,1023,0,4,1,1,1,1,-0.00155,0.00044,1.4179,1607,0,0,0,0,0,0,0,0,0,0,0,0,0,0,0,0,0,0,0,0,0
2097152,1024,0,10,0,3,2,5,0.00034,0.00119,1.389,1530,0,0,0,0,0,0,0,0,0,0,0,0,0,0,0,0,0,0,0,0,0
2099200,1025,0,13,0,7,4,2,-0.00105,0.00072,1.404,1618,0,0,0,0,0,0,0,0,0,0,0,0,0,0,0,0,0,0,0,0,0
2101248,1026,0,10,1,7,0,2,0.00017,0.0007,1.4132,1670,0,0,0,0,0,0,0,0,0,0,0,0,0,0,0,0,0,0,0,0,0
2103296,1027,0,8,0,5,1,2,-0.00149,0.00053,1.4302,1585,0,0,0,0,0,0,0,0,0,0,0,0,0,0,0,0,0,0,0,0,0
2105344,1028,0,9,0,4,2,3,-0.00062,0.00065,1.465,1575,0,0,0,0,0,0,0,0,0,0,0,0,0,0,0,0,0,0,0,0,0
2107392,1029,0,8,2,4,1,1,-0.00084,0.00099,1.4754,1540,0,0,0,0,0,0,0,0,0,0,0,0,0,0,0,0,0,0,0,0,0
2109440,1030,0,10,2,6,0,2,-0.00128,0.00243,1.4567,1640,0,0,0,0,0,0,0,0,0,0,0,0,0,0,0,0,0,0,0,0,0
2111488,1031,0,4,1,2,1,0,-0.00117,0.00092,1.4175,1544,0,0,0,0,0,0,0,0,0,0,0,0,0,0,0,0,0,0,0,0,0
2113536,1032,0,11,1,4,1,5,-0.00073,0.00213,1.4158,1592,0,0,0,0,0,0,0,0,0,0,0,0,0,0,0,0,0,0,0,0,0
2115584,1033,0,8,0,5,1,2,-0.0008,0.00106,1.442,1552,0,0,0,0,0,0,0,0,0,0,0,0,0,0,0,0,0,0,0,0,0
2117632,1034,0,10,1,5,2,2,-0.00166,0.00137,1.4488,1536,0,0,0,0,0,0,0,0,0,0,0,0,0,0,0,0,0,0,0,0,0
2119680,1035,0,8,0,3,2,3,-0.00137,0.00073,1.435,1497,0,0,0,0,0,0,0,0,0,0,0,0,0,0,0,0,0,0,0,0,0
2121728,1036,0,8,0,5,1,2,-0.00106,0.00065,1.4274,1451,0,0,0,0,0,0,0,0,0,0,0,0,0,0,0,0,0,0,0,0,0
2123776,1037,0,9,0,5,0,4,-0.00254,0.00089,1.3733,1547,0,0,0,0,0,0,0,0,0,0,0,0,0,0,0,0,0,0,0,0,0
2125824,1038,0,10,0,5,3,2,1e-05,0.00078,1.3956,1620,0,0,0,0,0,0,0,0,0,0,0,0,0,0,0,0,0,0,0,0,0
2127872,1039,0,8,0,3,2,3,0.0008,0.00069,1.3859,1548,0,0,0,0,0,0,0,0,0,0,0,0,0,0,0,0,0,0,0,0,0
2129920,1040,0,5,0,4,0,1,-0.00178,0.00032,1.4234,1556,0,0,0,0,0,0,0,0,0,0,0,0,0,0,0,0,0,0,0,0,0
2131968,1041,0,7,0,2,1,4,-0.00101,0.00058,1.459,1531,0,0,0,0,0,0,0,0,0,0,0,0,0,0,0,0,0,0,0,0,0
2134016,1042,0,8,0,4,1,3,1e-05,0.00055,1.4737,1627,0,0,0,0,0,0,0,0,0,0,0,0,0,0,0,0,0,0,0,0,0
2136064,1043,0,13,2,7,0,4,-0.00042,0.00202,1.4655,1449,0,0,0,0,0,0,0,0,0,0,0,0,0,0,0,0,0,0,0,0,0
2138112,1044,0,8,0,6,1,1,-0.00042,0.00048,1.4519,1543,0,0,0,0,0,0,0,0,0,0,0,0,0,0,0,0,0,0,0,0,0
2140160,1045,0,2,0,1,0,1,0.00036,0.00057,1.4408,1566,0,0,0,0,0,0,0,0,0,0,0,0,0,0,0,0,0,0,0,0,0
2142208,1046,0,12,2,5,2,3,-0.00032,0.001,1.4418,1581,0,0,0,0,0,0,0,0,0,0,0,0,0,0,0,0,0,0,0,0,0
2144256,1047,0,8,0,5,0,3,-0.00055,0.00058,1.4385,1626,0,0,0,0,0,0,0,0,0,0,0,0,0,0,0,0,0,0,0,0,0
2146304,1048,0,6,0,4,0,2,-0.00203,0.0007,1.4163,1583,0,0,0,0,0,0,0,0,0,0,0,0,0,0,0,0,0,0,0,0,0
2148352,1049,0,5,1,2,0,2,0.00035,0.00178,1.3659,1598,0,0,0,0,0,0,0,0,0,0,0,0,0,0,0,0,0,0,0,0,0
2150400,1050,0,10,1,5,1,3,0.00026,0.00087,1.3602,1616,0,0,0,0,0,0,0,0,0,0,0,0,0,0,0,0,0,0,0,0,0
2152448,1051,0,10,0,6,0,4,-0.00349,0.00089,1.313,1543,0,0,0,0,0,0,0,0,0,0,0,0,0,0,0,0,0,0,0,0,0
2154496,1052,0,11,1,7,2,1,-0.00101,0.00168,1.3597,1515,0,0,0,0,0,0,0,0,0,0,0,0,0,0,0,0,0,0,0,0,0
2156544,1053,0,7,0,6,0,1,-0.00061,0.00072,1.4004,1492,0,0,0,0,0,0,0,0,0,0,0,0,0,0,0,0,0,0,0,0,0
2158592,1054,0,5,0,0,1,4,0.00012,0.00059,1.3865,1570,0,0,0,0,0,0,0,0,0,0,0,0,0,0,0,0,0,0,0,0,0
2160640,1055,0,8,1,4,1,2,-0.00104,0.00187,1.4336,1612,0,0,0,0,0,0,0,0,0,0,0,0,0,0,0,0,0,0,0,0,0
2162688,1056,0,7,1,1,1,4,-0.00033,0.00079,1.4313,1606,0,0,0,0,0,0,0,0,0,0,0,0,0,0,0,0,0,0,0,0,0
2164736,1057,0,4,0,2,0,2,2e-05,0.00053,1.4377,1598,0,0,0,0,0,0,0,0,0,0,0,0,0,0,0,0,0,0,0,0,0
2166784,1058,0,11,1,7,0,3,-0.00063,0.00093,1.4466,1608,0,0,0,0,0,0,0,0,0,0,0,0,0,0,0,0,0,0,0,0,0
2168832,1059,0,7,0,5,0,2,-0.00095,0.00044,1.4685,1587,0,0,0,0,0,0,0,0,0,0,0,0,0,0,0,0,0,0,0,0,0
2170880,1060,0,15,0,9,1,5,-0.00253,0.00077,1.4691,1600,0,0,0,0,0,0,0,0,0,0,0,0,0,0,0,0,0,0,0,0,0
2172928,1061,0,1,0,1,0,0,-0.0014,0.00054,1.4217,1535,0,0,0,0,0,0,0,0,0,0,0,0,0,0,0,0,0,0,0,0,0
2174976,1062,0,3,0,1,0,2,-0.00063,0.00042,1.3969,1423,0,0,0,0,0,0,0,0,0,0,0,0,0,0,0,0,0,0,0,0,0
2177024,1063,0,6,1,1,0,4,-0.00113,0.00086,1.3834,1514,0,0,0,0,0,0,0,0,0,0,0,0,0,0,0,0,0,0,0,0,0
2179072,1064,0,10,0,2,1,7,-0.00023,0.00094,1.3625,1533,0,0,0,0,0,0,0,0,0,0,0,0,0,0,0,0,0,0,0,0,0
2181120,1065,0,5,0,4,0,1,-0.00112,0.00058,1.3723,1405,0,0,0,0,0,0,0,0,0,0,0,0,0,0,0,0,0,0,0,0,0
2183168,1066,0,8,1,3,2,2,0.00019,0.00124,1.383,1484,0,0,0,0,0,0,0,0,0,0,0,0,0,0,0,0,0,0,0,0,0
2185216,1067,0,1,0,0,0,1,-0.00112,0.00037,1.3946,1541,0,0,0,0,0,0,0,0,0,0,0,0,0,0,0,0,0,0,0,0,0
2187264,1068,0,13,0,5,0,8,-0.00147,0.00069,1.46,1472,0,0,0,0,0,0,0,0,0,0,0,0,0,0,0,0,0,0,0,0,0
2189312,1069,0,6,0,4,0,2,-0.00141,0.00041,1.4915,1558,0,0,0,0,0,0,0,0,0,0,0,0,0,0,0,0,0,0,0,0,0
2191360,1070,0,9,1,5,0,3,-0.00465,0.00082,1.4943,1605,0,0,0,0,0,0,0,0,0,0,0,0,0,0,0,0,0,0,0,0,0
2193408,1071,0,4,1,2,0,1,-0.00871,0.00071,1.5143,1637,0,0,0,0,0,0,0,0,0,0,0,0,0,0,0,0,0,0,0,0,0
2195456,1072,0,13,1,7,1,4,0.00416,0.00228,1.528,1628,0,0,0,0,0,0,0,0,0,0,0,0,0,0,0,0,0,0,0,0,0
2197504,1073,0,6,0,3,2,1,0.0084,0.00158,1.5845,1573,0,0,0,0,0,0,0,0,0,0,0,0,0,0,0,0,0,0,0,0,0
2199552,1074,0,6,3,2,0,1,0.00183,0.00252,1.6907,1597,0,0,0,0,0,0,0,0,0,0,0,0,0,0,0,0,0,0,0,0,0
2201600,1075,0,3,0,0,2,1,0.00279,0.00044,1.7077,1551,0,0,0,0,0,0,0,0,0,0,0,0,0,0,0,0,0,0,0,0,0
2203648,1076,0,9,0,4,0,5,0.00456,0.00084,1.7336,1507,0,0,0,0,0,0,0,0,0,0,0,0,0,0,0,0,0,0,0,0,0
2205696,1077,0,7,0,2,1,4,0.00296,0.00039,1.7938,1479,0,0,0,0,0,0,0,0,0,0,0,0,0,0,0,0,0,0,0,0,0
2207744,1078,0,9,0,5,2,2,0.00291,0.00077,1.8209,1478,0,0,0,0,0,0,0,0,0,0,0,0,0,0,0,0,0,0,0,0,0
2209792,1079,0,6,0,2,1,3,-0.00125,0.00032,1.7782,1467,0,0,0,0,0,0,0,0,0,0,0,0,0,0,0,0,0,0,0,0,0
2211840,1080,0,5,0,3,0,2,-0.00072,0.00036,1.7261,1513,0,0,0,0,0,0,0,0,0,0,0,0,0,0,0,0,0,0,0,0,0
2213888,1081,0,9,0,5,1,3,-0.00182,0.00032,1.7598,1453,0,0,0,0,0,0,0,0,0,0,0,0,0,0,0,0,0,0,0,0,0
2215936,1082,0,6,0,1,0,5,0.00703,0.00066,1.7556,1597,0,0,0,0,0,0,0,0,0,0,0,0,0,0,0,0,0,0,0,0,0
2217984,1083,0,5,0,4,0,1,-0.00181,0.0004,1.771,1612,0,0,0,0,0,0,0,0,0,0,0,0,0,0,0,0,0,0,0,0,0
2220032,1084,0,3,0,1,0,2,-0.00717,0.00026,1.7694,1608,0,0,0,0,0,0,0,0,0,0,0,0,0,0,0,0,0,0,0,0,0
2222080,1085,0,12,0,5,1,6,0.00054,0.00055,1.7787,1546,0,0,0,0,0,0,0,0,0,0,0,0,0,0,0,0,0,0,0,0,0
2224128,1086,0,5,0,2,0,3,-0.00109,0.00038,1.7659,1546,0,0,0,0,0,0,0,0,0,0,0,0,0,0,0,0,0,0,0,0,0
2226176,1087,0,6,0,3,0,3,-0.00026,0.00038,1.7496,1547,0,0,0,0,0,0,0,0,0,0,0,0,0,0,0,0,0,0,0,0,0
2228224,1088,0,5,0,3,1,1,-0.00046,0.00055,1.7201,1539,0,0,0,0,0,0,0,0,0,0,0,0,0,0,0,0,0,0,0,0,0
2230272,1089,0,10,0,3,0,7,0.00153,0.00031,1.6906,1550,0,0,0,0,0,0,0,0,0,0,0,0,0,0,0,0,0,0,0,0,0
2232320,1090,0,5,0,2,0,3,-0.00239,0.00082,1.7199,1498,0,0,0,0,0,0,0,0,0,0,0,0,0,0,0,0,0,0,0,0,0
2234368,1091,0,5,0,1,0,4,-0.00011,0.0005,1.7653,1507,0,0,0,0,0,0,0,0,0,0,0,0,0,0,0,0,0,0,0,0,0
2236416,1092,0,3,1,1,0,1,0.00069,0.0005,1.7866,1544,0,0,0,0,0,0,0,0,0,0,0,0,0,0,0,0,0,0,0,0,0
2238464,1093,0,11,0,4,0,7,-0.00208,0.00057,1.7828,1591,0,0,0,0,0,0,0,0,0,0,0,0,0,0,0,0,0,0,0,0,0
2240512,1094,0,4,0,2,0,2,-0.0011,0.00051,1.7961,1663,0,0,0,0,0,0,0,0,0,0,0,0,0,0,0,0,0,0,0,0,0
2242560,1095,0,6,0,2,0,4,0.00024,0.00084,1.7928,1656,0,0,0,0,0,0,0,0,0,0,0,0,0,0,0,0,0,0,0,0,0
2244608,1096,0,7,0,3,2,2,0.00054,0.00088,1.7581,1637,0,0,0,0,0,0,0,0,0,0,0,0,0,0,0,0,0,0,0,0,0
2246656,1097,0,6,0,3,0,3,-0.00018,0.00058,1.7948,1641,0,0,0,0,0,0,0,0,0,0,0,0,0,0,0,0,0,0,0,0,0
2248704,1098,0,7,0,3,1,3,-0.00189,0.00048,1.8081,1574,0,0,0,0,0,0,0,0,0,0,0,0,0,0,0,0,0,0,0,0,0
2250752,1099,0,5,0,1,0,4,-0.00132,0.00045,1.8118,1607,0,0,0,0,0,0,0,0,0,0,0,0,0,0,0,0,0,0,0,0,0
2252800,1100,0,10,0,5,2,3,-0.00352,0.00079,1.8156,1648,0,0,0,0,0,0,0,0,0,0,0,0,0,0,0,0,0,0,0,0,0
2254848,1101,0,6,0,3,2,1,0.00025,0.00054,1.8117,1578,0,0,0,0,0,0,0,0,0,0,0,0,0,0,0,0,0,0,0,0,0
2256896,1102,0,10,2,4,1,3,0.00085,0.00064,1.765,1612,0,0,0,0,0,0,0,0,0,0,0,0,0,0,0,0,0,0,0,0,0
2258944,1103,0,10,0,8,0,2,-0.00295,0.00079,1.7175,1486,0,0,0,0,0,0,0,0,0,0,0,0,0,0,0,0,0,0,0,0,0
2260992,1104,0,5,0,1,1,3,-0.00295,0.00057,1.6839,1437,0,0,0,0,0,0,0,0,0,0,0,0,0,0,0,0,0,0,0,0,0
2263040,1105,0,5,1,1,0,3,-0.00076,0.0006,1.6543,1506,0,0,0,0,0,0,0,0,0,0,0,0,0,0,0,0,0,0,0,0,0
2265088,1106,0,4,0,1,0,3,-0.0013,0.00048,1.647,1671,0,0,0,0,0,0,0,0,0,0,0,0,0,0,0,0,0,0,0,0,0
2267136,1107,0,11,0,6,2,3,-0.00115,0.0006,1.6446,1628,0,0,0,0,0,0,0,0,0,0,0,0,0,0,0,0,0,0,0,0,0
2269184,1108,0,4,0,0,0,4,0.00174,0.00041,1.6368,1632,0,0,0,0,0,0,0,0,0,0,0,0,0,0,0,0,0,0,0,0,0
2271232,1109,0,2,0,0,1,1,-0.00203,0.00069,1.6097,1581,0,0,0,0,0,0,0,0,0,0,0,0,0,0,0,0,0,0,0,0,0
2273280,1110,0,6,2,1,0,3,-0.00042,0.00069,1.6165,1696,0,0,0,0,0,0,0,0,0,0,0,0,0,0,0,0,0,0,0,0,0
2275328,1111,0,8,0,2,0,6,0.00154,0.00077,1.6113,1628,0,0,0,0,0,0,0,0,0,0,0,0,0,0,0,0,0,0,0,0,0
2277376,1112,0,13,2,7,2,2,-0.00054,0.0026,1.6147,1505,0,0,0,0,0,0,0,0,0,0,0,0,0,0,0,0,0,0,0,0,0
2279424,1113,0,2,0,2,0,0,0.00073,0.00074,1.613,1632,0,0,0,0,0,0,0,0,0,0,0,0,0,0,0,0,0,0,0,0,0
2281472,1114,0,7,0,3,1,3,0.0004,0.0005,1.6235,1647,0,0,0,0,0,0,0,0,0,0,0,0,0,0,0,0,0,0,0,0,0
2283520,1115,0,15,1,10,1,3,-2e-05,0.00099,1.6306,1611,0,0,0,0,0,0,0,0,0,0,0,0,0,0,0,0,0,0,0,0,0
2285568,1116,0,6,1,1,0,4,-0.00094,0.00034,1.6216,1579,0,0,0,0,0,0,0,0,0,0,0,0,0,0,0,0,0,0,0,0,0
2287616,1117,0,4,0,2,1,1,-0.00048,0.00081,1.5998,1594,0,0,0,0,0,0,0,0,0,0,0,0,0,0,0,0,0,0,0,0,0
2289664,1118,0,9,0,6,0,3,-0.00159,0.00093,1.5868,1652,0,0,0,0,0,0,0,0,0,0,0,0,0,0,0,0,0,0,0,0,0
2291712,1119,0,10,0,6,2,2,0.00028,0.00053,1.6041,1577,0,0,0,0,0,0,0,0,0,0,0,0,0,0,0,0,0,0,0,0,0
2293760,1120,0,4,0,1,0,3,-0.00066,0.00085,1.5925,1543,0,0,0,0,0,0,0,0,0,0,0,0,0,0,0,0,0,0,0,0,0
2295808,1121,0,2,0,1,0,1,-0.0006,0.00033,1.5823,1562,0,0,0,0,0,0,0,0,0,0,0,0,0,0,0,0,0,0,0,0,0
2297856,1122,0,7,0,0,2,5,-0.0021,0.00058,1.5358,1529,0,0,0,0,0,0,0,0,0,0,0,0,0,0,0,0,0,0,0,0,0
2299904,1123,0,10,2,3,0,5,0.00053,0.00227,1.5568,1601,0,0,0,0,0,0,0,0,0,0,0,0,0,0,0,0,0,0,0,0,0
2301952,1124,0,3,0,1,1,1,-0.00018,0.00066,1.5404,1556,0,0,0,0,0,0,0,0,0,0,0,0,0,0,0,0,0,0,0,0,0
2304000,1125,0,5,1,2,0,2,-0.00075,0.00081,1.5441,1526,0,0,0,0,0,0,0,0,0,0,0,0,0,0,0,0,0,0,0,0,0
2306048,1126,0,7,1,3,0,3,-0.00088,0.00083,1.5279,1315,0,0,0,0,0,0,0,0,0,0,0,0,0,0,0,0,0,0,0,0,0
2308096,1127,0,9,1,2,1,5,0.00058,0.00224,1.5352,1092,0,0,0,0,0,0,0,0,0,0,0,0,0,0,0,0,0,0,0,0,0
2310144,1128,0,9,0,7,0,2,3e-05,0.00057,1.5242,1472,0,0,0,0,0,0,0,0,0,0,0,0,0,0,0,0,0,0,0,0,0
2312192,1129,0,7,0,2,1,4,-0.00189,0.00065,1.5244,1583,0,0,0,0,0,0,0,0,0,0,0,0,0,0,0,0,0,0,0,0,0
2314240,1130,0,6,0,2,1,3,-6e-05,0.00097,1.5131,1605,0,0,0,0,0,0,0,0,0,0,0,0,0,0,0,0,0,0,0,0,0
2316288,1131,0,5,1,0,0,4,4e-05,0.00102,1.4961,1564,0,0,0,0,0,0,0,0,0,0,0,0,0,0,0,0,0,0,0,0,0
2318336,1132,0,10,0,8,0,2,-0.00195,0.00087,1.4586,1514,0,0,0,0,0,0,0,0,0,0,0,0,0,0,0,0,0,0,0,0,0
2320384,1133,0,9,0,6,1,2,-0.00061,0.00091,1.4766,1476,0,0,0,0,0,0,0,0,0,0,0,0,0,0,0,0,0,0,0,0,0
2322432,1134,0,9,1,6,1,1,-0.00293,0.00052,1.5066,1486,0,0,0,0,0,0,0,0,0,0,0,0,0,0,0,0,0,0,0,0,0
2324480,1135,0,8,1,3,1,3,-0.00059,0.00085,1.499,1560,0,0,0,0,0,0,0,0,0,0,0,0,0,0,0,0,0,0,0,0,0
2326528,1136,0,9,2,6,0,1,0.00035,0.00247,1.4919,1589,0,0,0,0,0,0,0,0,0,0,0,0,0,0,0,0,0,0,0,0,0
2328576,1137,0,8,0,2,4,2,-0.00017,0.00123,1.4687,1576,0,0,0,0,0,0,0,0,0,0,0,0,0,0,0,0,0,0,0,0,0
2330624,1138,0,7,2,2,1,2,-0.00082,0.00293,1.4685,1605,0,0,0,0,0,0,0,0,0,0,0,0,0,0,0,0,0,0,0,0,0
2332672,1139,0,7,0,4,3,0,-0.00115,0.00054,1.4618,1576,0,0,0,0,0,0,0,0,0,0,0,0,0,0,0,0,0,0,0,0,0
2334720,1140,0,12,1,7,2,2,0.00122,0.00112,1.477,1591,0,0,0,0,0,0,0,0,0,0,0,0,0,0,0,0,0,0,0,0,0
2336768,1141,0,11,0,9,1,1,0.00029,0.00098,1.4445,1581,0,0,0,0,0,0,0,0,0,0,0,0,0,0,0,0,0,0,0,0,0
2338816,1142,0,4,0,2,1,1,-0.00128,0.00037,1.4326,1505,0,0,0,0,0,0,0,0,0,0,0,0,0,0,0,0,0,0,0,0,0
2340864,1143,0,6,0,1,1,4,0.00027,0.00059,1.422,1528,0,0,0,0,0,0,0,0,0,0,0,0,0,0,0,0,0,0,0,0,0
2342912,1144,0,10,1,4,2,3,0.00025,0.00121,1.441,1513,0,0,0,0,0,0,0,0,0,0,0,0,0,0,0,0,0,0,0,0,0
2344960,1145,0,9,0,5,2,2,-0.00084,0.00109,1.4466,1434,0,0,0,0,0,0,0,0,0,0,0,0,0,0,0,0,0,0,0,0,0
2347008,1146,0,3,1,0,1,1,-9e-05,0.00089,1.4521,1507,0,0,0,0,0,0,0,0,0,0,0,0,0,0,0,0,0,0,0,0,0
2349056,1147,0,9,0,4,1,4,0.00049,0.00065,1.4794,1521,0,0,0,0,0,0,0,0,0,0,0,0,0,0,0,0,0,0,0,0,0
2351104,1148,0,5,0,1,2,2,-0.00149,0.00069,1.5232,1581,0,0,0,0,0,0,0,0,0,0,0,0,0,0,0,0,0,0,0,0,0
2353152,1149,0,13,2,4,2,5,-0.00043,0.00232,1.5599,1476,0,0,0,0,0,0,0,0,0,0,0,0,0,0,0,0,0,0,0,0,0
2355200,1150,0,7,1,5,0,1,-0.0001,0.00081,1.5494,1464,0,0,0,0,0,0,0,0,0,0,0,0,0,0,0,0,0,0,0,0,0
2357248,1151,0,8,0,4,0,4,-0.00118,0.00056,1.5241,1589,0,0,0,0,0,0,0,0,0,0,0,0,0,0,0,0,0,0,0,0,0
2359296,1152,0,4,0,2,1,1,-0.0002,0.00016,1.5003,1540,0,0,0,0,0,0,0,0,0,0,0,0,0,0,0,0,0,0,0,0,0
2361344,1153,0,12,0,5,1,6,0.00043,0.00051,1.4976,1495,0,0,0,0,0,0,0,0,0,0,0,0,0,0,0,0,0,0,0,0,0
2363392,1154,0,8,0,5,1,2,-7e-05,0.00077,1.5144,1410,0,0,0,0,0,0,0,0,0,0,0,0,0,0,0,0,0,0,0,0,0
2365440,1155,0,6,0,3,0,3,-0.00044,0.0006,1.506,1596,0,0,0,0,0,0,0,0,0,0,0,0,0,0,0,0,0,0,0,0,0
2367488,1156,0,3,0,1,1,1,7e-05,0.00051,1.5138,1423,0,0,0,0,0,0,0,0,0,0,0,0,0,0,0,0,0,0,0,0,0
2369536,1157,0,8,0,1,2,5,-0.0005,0.00071,1.5318,1493,0,0,0,0,0,0,0,0,0,0,0,0,0,0,0,0,0,0,0,0,0
2371584,1158,0,6,0,2,1,3,-0.00068,0.00042,1.5447,1347,0,0,0,0,0,0,0,0,0,0,0,0,0,0,0,0,0,0,0,0,0
2373632,1159,0,6,1,2,0,3,-0.00056,0.00139,1.5446,1531,0,0,0,0,0,0,0,0,0,0,0,0,0,0,0,0,0,0,0,0,0
2375680,1160,0,6,2,2,0,2,-0.00042,0.00212,1.5279,1522,0,0,0,0,0,0,0,0,0,0,0,0,0,0,0,0,0,0,0,0,0
2377728,1161,0,13,1,8,1,3,-0.00055,0.00202,1.5087,1553,0,0,0,0,0,0,0,0,0,0,0,0,0,0,0,0,0,0,0,0,0
2379776,1162,0,7,1,3,0,3,-3e-05,0.00096,1.5022,1358,0,0,0,0,0,0,0,0,0,0,0,0,0,0,0,0,0,0,0,0,0
2381824,1163,0,5,1,2,1,1,-0.00019,0.00167,1.5057,1445,0,0,0,0,0,0,0,0,0,0,0,0,0,0,0,0,0,0,0,0,0
2383872,1164,0,6,0,1,3,2,-0.00034,0.00036,1.4976,1497,0,0,0,0,0,0,0,0,0,0,0,0,0,0,0,0,0,0,0,0,0
2385920,1165,0,6,0,1,2,3,-0.00185,0.00074,1.5116,1568,0,0,0,0,0,0,0,0,0,0,0,0,0,0,0,0,0,0,0,0,0
2387968,1166,0,6,0,5,0,1,-0.00079,0.00069,1.4917,1472,0,0,0,0,0,0,0,0,0,0,0,0,0,0,0,0,0,0,0,0,0
2390016,1167,0,12,2,6,1,3,-0.00056,0.00235,1.48,1511,0,0,0,0,0,0,0,0,0,0,0,0,0,0,0,0,0,0,0,0,0
2392064,1168,0,8,0,4,0,4,-0.00163,0.00088,1.4583,1486,0,0,0,0,0,0,0,0,0,0,0,0,0,0,0,0,0,0,0,0,0
2394112,1169,0,9,1,7,1,0,0.0001,0.00059,1.4398,1616,0,0,0,0,0,0,0,0,0,0,0,0,0,0,0,0,0,0,0,0,0
2396160,1170,0,8,1,3,1,3,-0.00054,0.00101,1.4395,1435,0,0,0,0,0,0,0,0,0,0,0,0,0,0,0,0,0,0,0,0,0
2398208,1171,0,7,1,3,1,2,6e-05,0.00159,1.431,1384,0,0,0,0,0,0,0,0,0,0,0,0,0,0,0,0,0,0,0,0,0
2400256,1172,0,7,0,3,0,4,0.0009,0.0009,1.437,1505,0,0,0,0,0,0,0,0,0,0,0,0,0,0,0,0,0,0,0,0,0
2402304,1173,0,4,0,2,0,2,-7e-05,0.00048,1.4364,1596,0,0,0,0,0,0,0,0,0,0,0,0,0,0,0,0,0,0,0,0,0
2404352,1174,0,10,1,4,0,5,-0.00081,0.00146,1.426,1482,0,0,0,0,0,0,0,0,0,0,0,0,0,0,0,0,0,0,0,0,0
2406400,1175,0,3,0,1,0,2,-0.0018,0.0006,1.3947,1568,0,0,0,0,0,0,0,0,0,0,0,0,0,0,0,0,0,0,0,0,0
2408448,1176,0,7,0,3,1,3,-0.00035,0.00068,1.37,1566,0,0,0,0,0,0,0,0,0,0,0,0,0,0,0,0,0,0,0,0,0
2410496,1177,0,6,2,1,0,3,-0.00217,0.00204,1.3343,1521,0,0,0,0,0,0,0,0,0,0,0,0,0,0,0,0,0,0,0,0,0
2412544,1178,0,10,0,7,0,3,-4e-05,0.00082,1.3565,1543,0,0,0,0,0,0,0,0,0,0,0,0,0,0,0,0,0,0,0,0,0
2414592,1179,0,7,0,4,1,2,-0.0001,0.00069,1.3567,1571,0,0,0,0,0,0,0,0,0,0,0,0,0,0,0,0,0,0,0,0,0
2416640,1180,0,13,0,9,1,3,-0.0008,0.00085,1.3868,1561,0,0,0,0,0,0,0,0,0,0,0,0,0,0,0,0,0,0,0,0,0
2418688,1181,0,6,1,2,0,3,-0.00099,0.00144,1.379,1541,0,0,0,0,0,0,0,0,0,0,0,0,0,0,0,0,0,0,0,0,0
2420736,1182,0,8,1,4,1,2,-0.00082,0.00186,1.3591,1554,0,0,0,0,0,0,0,0,0,0,0,0,0,0,0,0,0,0,0,0,0
2422784,1183,0,6,0,3,1,2,-0.00233,0.00046,1.3849,1554,0,0,0,0,0,0,0,0,0,0,0,0,0,0,0,0,0,0,0,0,0
2424832,1184,0,14,0,7,2,5,-4e-05,0.00086,1.3853,1420,0,0,0,0,0,0,0,0,0,0,0,0,0,0,0,0,0,0,0,0,0
2426880,1185,0,6,0,2,1,3,-0.0,0.00073,1.3864,1562,0,0,0,0,0,0,0,0,0,0,0,0,0,0,0,0,0,0,0,0,0
2428928,1186,0,5,1,3,1,0,-0.00183,0.00114,1.3821,1528,0,0,0,0,0,0,0,0,0,0,0,0,0,0,0,0,0,0,0,0,0
2430976,1187,0,5,0,3,1,1,0.00071,0.00053,1.3951,1441,0,0,0,0,0,0,0,0,0,0,0,0,0,0,0,0,0,0,0,0,0
2433024,1188,0,7,0,1,0,6,-0.00065,0.00045,1.4211,1521,0,0,0,0,0,0,0,0,0,0,0,0,0,0,0,0,0,0,0,0,0
2435072,1189,0,10,2,3,1,4,-0.00217,0.00188,1.4606,1623,0,0,0,0,0,0,0,0,0,0,0,0,0,0,0,0,0,0,0,0,0
2437120,1190,0,5,0,3,1,1,-0.00114,0.00074,1.4882,1669,0,0,0,0,0,0,0,0,0,0,0,0,0,0,0,0,0,0,0,0,0
2439168,1191,0,4,1,1,1,1,-0.00097,0.00111,1.4718,1601,0,0,0,0,0,0,0,0,0,0,0,0,0,0,0,0,0,0,0,0,0
2441216,1192,0,6,0,1,1,4,-0.00069,0.00076,1.4718,1562,0,0,0,0,0,0,0,0,0,0,0,0,0,0,0,0,0,0,0,0,0
2443264,1193,0,8,0,2,1,5,-6e-05,0.00074,1.4791,1637,0,0,0,0,0,0,0,0,0,0,0,0,0,0,0,0,0,0,0,0,0
2445312,1194,0,7,0,4,2,1,-0.00037,0.00086,1.4596,1598,0,0,0,0,0,0,0,0,0,0,0,0,0,0,0,0,0,0,0,0,0
2447360,1195,0,11,0,7,2,2,-0.00101,0.00101,1.4428,1407,0,0,0,0,0,0,0,0,0,0,0,0,0,0,0,0,0,0,0,0,0
2449408,1196,0,7,1,1,2,3,-4e-05,0.00087,1.435,1551,0,0,0,0,0,0,0,0,0,0,0,0,0,0,0,0,0,0,0,0,0
2451456,1197,0,8,0,4,1,3,0.00046,0.00089,1.4587,1588,0,0,0,0,0,0,0,0,0,0,0,0,0,0,0,0,0,0,0,0,0
2453504,1198,0,3,0,3,0,0,0.00012,0.00041,1.4437,1581,0,0,0,0,0,0,0,0,0,0,0,0,0,0,0,0,0,0,0,0,0
2455552,1199,0,7,0,1,0,6,-0.00058,0.00047,1.4494,1590,0,0,0,0,0,0,0,0,0,0,0,0,0,0,0,0,0,0,0,0,0
2457600,1200,0,4,0,1,0,3,0.00083,0.00047,1.4363,1558,0,0,0,0,0,0,0,0,0,0,0,0,0,0,0,0,0,0,0,0,0
2459648,1201,0,9,0,3,1,5,-0.002,0.00057,1.4289,1521,0,0,0,0,0,0,0,0,0,0,0,0,0,0,0,0,0,0,0,0,0
2461696,1202,0,6,0,4,1,1,-0.00124,0.00053,1.4327,1511,0,0,0,0,0,0,0,0,0,0,0,0,0,0,0,0,0,0,0,0,0
2463744,1203,0,9,1,5,1,2,-0.00158,0.00099,1.4175,1543,0,0,0,0,0,0,0,0,0,0,0,0,0,0,0,0,0,0,0,0,0
2465792,1204,0,9,0,6,1,2,-0.0014,0.00065,1.4014,1539,0,0,0,0,0,0,0,0,0,0,0,0,0,0,0,0,0,0,0,0,0
2467840,1205,0,5,0,2,0,3,-0.00044,0.00081,1.3835,1537,0,0,0,0,0,0,0,0,0,0,0,0,0,0,0,0,0,0,0,0,0
2469888,1206,0,6,1,2,0,3,-0.0003,0.00072,1.3738,1500,0,0,0,0,0,0,0,0,0,0,0,0,0,0,0,0,0,0,0,0,0
2471936,1207,0,9,0,2,3,4,-0.00018,0.00058,1.3679,1603,0,0,0,0,0,0,0,0,0,0,0,0,0,0,0,0,0,0,0,0,0
2473984,1208,0,4,0,1,0,3,-0.00214,0.00042,1.3644,1543,0,0,0,0,0,0,0,0,0,0,0,0,0,0,0,0,0,0,0,0,0
2476032,1209,0,4,0,1,1,2,-0.00023,0.00074,1.341,1557,0,0,0,0,0,0,0,0,0,0,0,0,0,0,0,0,0,0,0,0,0
2478080,1210,0,8,0,1,0,7,-0.00104,0.00067,1.367,1524,0,0,0,0,0,0,0,0,0,0,0,0,0,0,0,0,0,0,0,0,0
2480128,1211,0,6,1,2,0,3,-0.00039,0.00072,1.4085,1615,0,0,0,0,0,0,0,0,0,0,0,0,0,0,0,0,0,0,0,0,0
2482176,1212,0,4,1,0,1,2,-0.00024,0.00125,1.4169,1610,0,0,0,0,0,0,0,0,0,0,0,0,0,0,0,0,0,0,0,0,0
2484224,1213,0,7,0,3,2,2,-0.00024,0.00057,1.4243,1495,0,0,0,0,0,0,0,0,0,0,0,0,0,0,0,0,0,0,0,0,0
2486272,1214,0,8,0,2,0,6,-0.00035,0.0004,1.4206,1529,0,0,0,0,0,0,0,0,0,0,0,0,0,0,0,0,0,0,0,0,0
2488320,1215,0,10,2,6,0,2,-0.00047,0.0023,1.407,1478,0,0,0,0,0,0,0,0,0,0,0,0,0,0,0,0,0,0,0,0,0
2490368,1216,0,5,0,3,0,2,-0.00078,0.00077,1.4075,1397,0,0,0,0,0,0,0,0,0,0,0,0,0,0,0,0,0,0,0,0,0
2492416,1217,0,4,0,0,0,4,-0.00151,0.00055,1.4373,1401,0,0,0,0,0,0,0,0,0,0,0,0,0,0,0,0,0,0,0,0,0
2494464,1218,0,10,0,5,1,4,-0.00105,0.00057,1.4375,1530,0,0,0,0,0,0,0,0,0,0,0,0,0,0,0,0,0,0,0,0,0
2496512,1219,0,9,1,6,0,2,-0.00128,0.00105,1.4438,1546,0,0,0,0,0,0,0,0,0,0,0,0,0,0,0,0,0,0,0,0,0
2498560,1220,0,4,0,1,0,3,-0.00167,0.00054,1.4534,1567,0,0,0,0,0,0,0,0,0,0,0,0,0,0,0,0,0,0,0,0,0
2500608,1221,0,5,1,3,0,1,-0.00062,0.00082,1.4381,1495,0,0,0,0,0,0,0,0,0,0,0,0,0,0,0,0,0,0,0,0,0
2502656,1222,0,8,0,2,0,6,-7e-05,0.00053,1.4432,1603,0,0,0,0,0,0,0,0,0,0,0,0,0,0,0,0,0,0,0,0,0
2504704,1223,0,10,0,3,4,3,-0.00168,0.00094,1.4435,1475,0,0,0,0,0,0,0,0,0,0,0,0,0,0,0,0,0,0,0,0,0
2506752,1224,0,5,0,3,1,1,0.0017,0.00071,1.4225,1501,0,0,0,0,0,0,0,0,0,0,0,0,0,0,0,0,0,0,0,0,0
2508800,1225,0,4,0,2,0,2,-1e-05,0.00056,1.4861,1342,0,0,0,0,0,0,0,0,0,0,0,0,0,0,0,0,0,0,0,0,0
2510848,1226,0,13,0,7,0,6,6e-05,0.00057,1.4785,1605,0,0,0,0,0,0,0,0,0,0,0,0,0,0,0,0,0,0,0,0,0
2512896,1227,0,8,0,4,0,4,0.00027,0.00082,1.5139,1594,0,0,0,0,0,0,0,0,0,0,0,0,0,0,0,0,0,0,0,0,0
2514944,1228,0,9,1,5,1,2,-0.00044,0.0009,1.5111,1582,0,0,0,0,0,0,0,0,0,0,0,0,0,0,0,0,0,0,0,0,0
2516992,1229,0,4,0,2,1,1,0.00045,0.00061,1.5026,1533,0,0,0,0,0,0,0,0,0,0,0,0,0,0,0,0,0,0,0,0,0
2519040,1230,0,7,0,3,1,3,-0.00065,0.00034,1.4643,1458,0,0,0,0,0,0,0,0,0,0,0,0,0,0,0,0,0,0,0,0,0
2521088,1231,0,9,2,3,0,4,-0.00056,0.00079,1.4468,1432,0,0,0,0,0,0,0,0,0,0,0,0,0,0,0,0,0,0,0,0,0
2523136,1232,0,6,0,1,1,4,-0.00017,0.00077,1.4619,1429,0,0,0,0,0,0,0,0,0,0,0,0,0,0,0,0,0,0,0,0,0
2525184,1233,0,4,1,1,0,2,-0.0006,0.00133,1.4647,1609,0,0,0,0,0,0,0,0,0,0,0,0,0,0,0,0,0,0,0,0,0
2527232,1234,0,11,2,6,0,3,-0.00067,0.00218,1.4791,1515,0,0,0,0,0,0,0,0,0,0,0,0,0,0,0,0,0,0,0,0,0
2529280,1235,0,12,1,7,0,4,-0.00114,0.00124,1.4642,1556,0,0,0,0,0,0,0,0,0,0,0,0,0,0,0,0,0,0,0,0,0
2531328,1236,0,10,0,8,0,2,-0.00069,0.00062,1.4763,1552,0,0,0,0,0,0,0,0,0,0,0,0,0,0,0,0,0,0,0,0,0
2533376,1237,0,10,2,4,3,1,0.00027,0.0012,1.4633,1543,0,0,0,0,0,0,0,0,0,0,0,0,0,0,0,0,0,0,0,0,0
2535424,1238,0,6,1,4,0,1,0.0001,0.00184,1.4262,1536,0,0,0,0,0,0,0,0,0,0,0,0,0,0,0,0,0,0,0,0,0
2537472,1239,0,6,0,3,0,3,0.00052,0.00079,1.4285,1529,0,0,0,0,0,0,0,0,0,0,0,0,0,0,0,0,0,0,0,0,0
2539520,1240,0,8,0,4,1,3,-0.00191,0.00069,1.4552,1479,0,0,0,0,0,0,0,0,0,0,0,0,0,0,0,0,0,0,0,0,0
2541568,1241,0,4,0,1,1,2,-0.00035,0.00051,1.4771,1539,0,0,0,0,0,0,0,0,0,0,0,0,0,0,0,0,0,0,0,0,0
2543616,1242,0,8,1,2,0,5,-0.00037,0.00128,1.4805,1478,0,0,0,0,0,0,0,0,0,0,0,0,0,0,0,0,0,0,0,0,0
2545664,1243,0,6,0,5,0,1,-0.00141,0.00058,1.4712,1308,0,0,0,0,0,0,0,0,0,0,0,0,0,0,0,0,0,0,0,0,0
2547712,1244,0,8,1,1,0,6,-0.00065,0.00155,1.4677,1529,0,0,0,0,0,0,0,0,0,0,0,0,0,0,0,0,0,0,0,0,0
2549760,1245,0,12,2,8,2,0,0.00015,0.00404,1.488,1470,0,0,0,0,0,0,0,0,0,0,0,0,0,0,0,0,0,0,0,0,0
2551808,1246,0,3,0,1,0,2,-0.00087,0.00067,1.5035,1575,0,0,0,0,0,0,0,0,0,0,0,0,0,0,0,0,0,0,0,0,0
2553856,1247,0,12,1,9,1,1,0.00012,0.00086,1.4965,1469,0,0,0,0,0,0,0,0,0,0,0,0,0,0,0,0,0,0,0,0,0
2555904,1248,0,7,1,4,0,2,-0.00031,0.00092,1.4849,1540,0,0,0,0,0,0,0,0,0,0,0,0,0,0,0,0,0,0,0,0,0
2557952,1249,0,6,0,2,0,4,0.00106,0.00088,1.5017,1591,0,0,0,0,0,0,0,0,0,0,0,0,0,0,0,0,0,0,0,0,0
2560000,1250,0,4,0,3,1,0,-0.001,0.00049,1.4591,1550,0,0,0,0,0,0,0,0,0,0,0,0,0,0,0,0,0,0,0,0,0
2562048,1251,0,7,0,2,0,5,-6e-05,0.00069,1.454,1598,0,0,0,0,0,0,0,0,0,0,0,0,0,0,0,0,0,0,0,0,0
2564096,1252,0,8,0,2,1,5,-0.00041,0.00051,1.4401,1646,0,0,0,0,0,0,0,0,0,0,0,0,0,0,0,0,0,0,0,0,0
2566144,1253,0,8,0,4,2,2,-0.00033,0.00084,1.4184,1535,0,0,0,0,0,0,0,0,0,0,0,0,0,0,0,0,0,0,0,0,0
2568192,1254,0,9,0,6,1,2,-0.00018,0.00053,1.4129,1614,0,0,0,0,0,0,0,0,0,0,0,0,0,0,0,0,0,0,0,0,0
2570240,1255,0,7,1,2,2,2,-0.00301,0.00166,1.3632,1548,0,0,0,0,0,0,0,0,0,0,0,0,0,0,0,0,0,0,0,0,0
2572288,1256,0,9,1,4,2,2,-9e-05,0.00189,1.3209,1497,0,0,0,0,0,0,0,0,0,0,0,0,0,0,0,0,0,0,0,0,0
2574336,1257,0,10,2,5,1,2,-0.00046,0.00246,1.2601,1570,0,0,0,0,0,0,0,0,0,0,0,0,0,0,0,0,0,0,0,0,0
2576384,1258,0,7,1,3,0,3,0.00045,0.0013,1.2314,1627,0,0,0,0,0,0,0,0,0,0,0,0,0,0,0,0,0,0,0,0,0
2578432,1259,0,6,1,3,0,2,-0.00205,0.00253,1.2369,1545,0,0,0,0,0,0,0,0,0,0,0,0,0,0,0,0,0,0,0,0,0
2580480,1260,0,8,1,2,0,5,-0.00179,0.00123,1.2162,1555,0,0,0,0,0,0,0,0,0,0,0,0,0,0,0,0,0,0,0,0,0
2582528,1261,0,12,0,8,0,4,-0.00217,0.00097,1.2468,1582,0,0,0,0,0,0,0,0,0,0,0,0,0,0,0,0,0,0,0,0,0
2584576,1262,0,4,1,1,0,2,-0.00332,0.00156,1.2272,1537,0,0,0,0,0,0,0,0,0,0,0,0,0,0,0,0,0,0,0,0,0
2586624,1263,0,10,1,6,1,2,-0.00026,0.00255,1.2343,1619,0,0,0,0,0,0,0,0,0,0,0,0,0,0,0,0,0,0,0,0,0
2588672,1264,0,8,0,3,1,4,-1e-05,0.00042,1.2831,1652,0,0,0,0,0,0,0,0,0,0,0,0,0,0,0,0,0,0,0,0,0
2590720,1265,0,8,0,3,2,3,-0.00158,0.00057,1.3336,1695,0,0,0,0,0,0,0,0,0,0,0,0,0,0,0,0,0,0,0,0,0
2592768,1266,0,5,0,3,0,2,-0.00053,0.00054,1.3825,1653,0,0,0,0,0,0,0,0,0,0,0,0,0,0,0,0,0,0,0,0,0
2594816,1267,0,6,0,2,0,4,0.00012,0.00056,1.4105,1617,0,0,0,0,0,0,0,0,0,0,0,0,0,0,0,0,0,0,0,0,0
2596864,1268,0,10,1,4,1,4,-0.00041,0.00102,1.4293,1697,0,0,0,0,0,0,0,0,0,0,0,0,0,0,0,0,0,0,0,0,0
2598912,1269,0,10,0,5,3,2,-0.00059,0.00084,1.427,1613,0,0,0,0,0,0,0,0,0,0,0,0,0,0,0,0,0,0,0,0,0
2600960,1270,0,9,0,6,2,1,-0.00089,0.00073,1.4201,1578,0,0,0,0,0,0,0,0,0,0,0,0,0,0,0,0,0,0,0,0,0
2603008,1271,0,8,1,3,1,3,-0.00032,0.0017,1.3908,1513,0,0,0,0,0,0,0,0,0,0,0,0,0,0,0,0,0,0,0,0,0
2605056,1272,0,5,1,2,0,2,-0.00023,0.00115,1.385,1533,0,0,0,0,0,0,0,0,0,0,0,0,0,0,0,0,0,0,0,0,0
2607104,1273,0,10,0,7,2,1,0.00052,0.00078,1.4095,1586,0,0,0,0,0,0,0,0,0,0,0,0,0,0,0,0,0,0,0,0,0
2609152,1274,0,8,0,3,0,5,-0.00031,0.0007,1.4262,1579,0,0,0,0,0,0,0,0,0,0,0,0,0,0,0,0,0,0,0,0,0
2611200,1275,0,5,1,0,0,4,-0.00024,0.00146,1.4163,1492,0,0,0,0,0,0,0,0,0,0,0,0,0,0,0,0,0,0,0,0,0
2613248,1276,0,4,0,2,1,1,-0.00118,0.00042,1.4067,1587,0,0,0,0,0,0,0,0,0,0,0,0,0,0,0,0,0,0,0,0,0
2615296,1277,0,9,0,4,1,4,-0.00041,0.00078,1.4043,1477,0,0,0,0,0,0,0,0,0,0,0,0,0,0,0,0,0,0,0,0,0
2617344,1278,0,14,1,9,0,4,-0.00095,0.00112,1.4499,1614,0,0,0,0,0,0,0,0,0,0,0,0,0,0,0,0,0,0,0,0,0
2619392,1279,0,9,0,3,4,2,-0.00103,0.00114,1.4585,1577,0,0,0,0,0,0,0,0,0,0,0,0,0,0,0,0,0,0,0,0,0
2621440,1280,0,6,1,3,2,0,-0.0006,0.00114,1.4594,1612,0,0,0,0,0,0,0,0,0,0,0,0,0,0,0,0,0,0,0,0,0
2623488,1281,0,5,0,2,1,2,-0.00041,0.00043,1.4552,1571,0,0,0,0,0,0,0,0,0,0,0,0,0,0,0,0,0,0,0,0,0
2625536,1282,0,11,0,6,1,4,-0.00098,0.00067,1.4458,1655,0,0,0,0,0,0,0,0,0,0,0,0,0,0,0,0,0,0,0,0,0
2627584,1283,0,3,0,1,0,2,-0.00041,0.00059,1.4562,1599,0,0,0,0,0,0,0,0,0,0,0,0,0,0,0,0,0,0,0,0,0
2629632,1284,0,8,0,3,1,4,-0.00061,0.0007,1.4452,1612,0,0,0,0,0,0,0,0,0,0,0,0,0,0,0,0,0,0,0,0,0
2631680,1285,0,8,0,3,1,4,-0.00066,0.00068,1.4307,1496,0,0,0,0,0,0,0,0,0,0,0,0,0,0,0,0,0,0,0,0,0
2633728,1286,0,7,0,2,1,4,-0.00207,0.00082,1.3991,1688,0,0,0,0,0,0,0,0,0,0,0,0,0,0,0,0,0,0,0,0,0
2635776,1287,0,6,1,2,3,0,-0.00022,0.00149,1.3577,1601,0,0,0,0,0,0,0,0,0,0,0,0,0,0,0,0,0,0,0,0,0
2637824,1288,0,5,1,0,0,4,-0.0007,0.00045,1.3587,1687,0,0,0,0,0,0,0,0,0,0,0,0,0,0,0,0,0,0,0,0,0
2639872,1289,0,7,1,2,2,2,0.00074,0.00125,1.398,1582,0,0,0,0,0,0,0,0,0,0,0,0,0,0,0,0,0,0,0,0,0
2641920,1290,0,6,1,4,0,1,-0.00099,0.00119,1.3783,1591,0,0,0,0,0,0,0,0,0,0,0,0,0,0,0,0,0,0,0,0,0
2643968,1291,0,15,0,7,1,7,-0.00072,0.00075,1.3374,1536,0,0,0,0,0,0,0,0,0,0,0,0,0,0,0,0,0,0,0,0,0
2646016,1292,0,4,0,3,1,0,-0.00291,0.0004,1.3264,1630,0,0,0,0,0,0,0,0,0,0,0,0,0,0,0,0,0,0,0,0,0
2648064,1293,0,3,0,0,0,3,-0.00311,0.00051,1.3477,1573,0,0,0,0,0,0,0,0,0,0,0,0,0,0,0,0,0,0,0,0,0
2650112,1294,0,8,0,3,1,4,-0.00175,0.00067,1.3762,1612,0,0,0,0,0,0,0,0,0,0,0,0,0,0,0,0,0,0,0,0,0
2652160,1295,0,8,0,3,0,5,-0.00025,0.00073,1.4106,1553,0,0,0,0,0,0,0,0,0,0,0,0,0,0,0,0,0,0,0,0,0
2654208,1296,0,7,0,3,1,3,0.00028,0.00091,1.4289,1611,0,0,0,0,0,0,0,0,0,0,0,0,0,0,0,0,0,0,0,0,0
2656256,1297,0,8,0,4,2,2,-0.00045,0.00058,1.4262,1693,0,0,0,0,0,0,0,0,0,0,0,0,0,0,0,0,0,0,0,0,0
2658304,1298,0,5,0,3,1,1,-9e-05,0.00044,1.421,1560,0,0,0,0,0,0,0,0,0,0,0,0,0,0,0,0,0,0,0,0,0
2660352,1299,0,8,0,3,1,4,-0.00017,0.00038,1.4189,1595,0,0,0,0,0,0,0,0,0,0,0,0,0,0,0,0,0,0,0,0,0
2662400,1300,0,4,0,1,0,3,-0.00083,0.00065,1.4192,1559,0,0,0,0,0,0,0,0,0,0,0,0,0,0,0,0,0,0,0,0,0
2664448,1301,0,10,0,3,2,5,0.00029,0.00073,1.4173,1642,0,0,0,0,0,0,0,0,0,0,0,0,0,0,0,0,0,0,0,0,0
2666496,1302,0,7,1,5,1,0,-0.00123,0.0009,1.4169,1571,0,0,0,0,0,0,0,0,0,0,0,0,0,0,0,0,0,0,0,0,0
2668544,1303,0,5,0,0,4,1,-0.00093,0.0004,1.4203,1682,0,0,0,0,0,0,0,0,0,0,0,0,0,0,0,0,0,0,0,0,0
2670592,1304,0,5,0,3,1,1,-0.00067,0.00056,1.4027,1609,0,0,0,0,0,0,0,0,0,0,0,0,0,0,0,0,0,0,0,0,0
2672640,1305,0,10,0,5,0,5,2e-05,0.00091,1.384,1614,0,0,0,0,0,0,0,0,0,0,0,0,0,0,0,0,0,0,0,0,0
2674688,1306,0,7,0,4,0,3,0.0001,0.00058,1.3907,1544,0,0,0,0,0,0,0,0,0,0,0,0,0,0,0,0,0,0,0,0,0
2676736,1307,0,6,0,4,0,2,0.00027,0.00057,1.4101,1627,0,0,0,0,0,0,0,0,0,0,0,0,0,0,0,0,0,0,0,0,0
2678784,1308,0,3,0,1,1,1,-7e-05,0.00044,1.4282,1521,0,0,0,0,0,0,0,0,0,0,0,0,0,0,0,0,0,0,0,0,0
2680832,1309,0,11,0,4,0,7,-0.00112,0.00062,1.4327,1512,0,0,0,0,0,0,0,0,0,0,0,0,0,0,0,0,0,0,0,0,0
2682880,1310,0,9,0,6,1,2,-0.0001,0.00093,1.4325,1578,0,0,0,0,0,0,0,0,0,0,0,0,0,0,0,0,0,0,0,0,0
2684928,1311,0,6,1,2,1,2,0.00106,0.00089,1.4344,1613,0,0,0,0,0,0,0,0,0,0,0,0,0,0,0,0,0,0,0,0,0
2686976,1312,0,5,0,2,0,3,0.0009,0.00029,1.4327,1707,0,0,0,0,0,0,0,0,0,0,0,0,0,0,0,0,0,0,0,0,0
2689024,1313,0,7,0,3,0,4,-0.00066,0.00048,1.435,1645,0,0,0,0,0,0,0,0,0,0,0,0,0,0,0,0,0,0,0,0,0
2691072,1314,0,7,1,4,0,2,-0.00021,0.0006,1.4316,1631,0,0,0,0,0,0,0,0,0,0,0,0,0,0,0,0,0,0,0,0,0
2693120,1315,0,9,1,3,1,4,-8e-05,0.00116,1.4305,1527,0,0,0,0,0,0,0,0,0,0,0,0,0,0,0,0,0,0,0,0,0
2695168,1316,0,8,0,4,3,1,0.00022,0.00064,1.4296,1587,0,0,0,0,0,0,0,0,0,0,0,0,0,0,0,0,0,0,0,0,0
2697216,1317,0,7,1,2,2,2,-0.00037,0.00224,1.4179,1649,0,0,0,0,0,0,0,0,0,0,0,0,0,0,0,0,0,0,0,0,0
2699264,1318,0,7,0,5,0,2,-9e-05,0.00042,1.4129,1691,0,0,0,0,0,0,0,0,0,0,0,0,0,0,0,0,0,0,0,0,0
2701312,1319,0,7,0,1,1,5,0.00066,0.00075,1.3974,1644,0,0,0,0,0,0,0,0,0,0,0,0,0,0,0,0,0,0,0,0,0
2703360,1320,0,11,0,8,1,2,0.00073,0.00094,1.4008,1637,0,0,0,0,0,0,0,0,0,0,0,0,0,0,0,0,0,0,0,0,0
2705408,1321,0,4,0,2,0,2,0.00094,0.00057,1.3885,1561,0,0,0,0,0,0,0,0,0,0,0,0,0,0,0,0,0,0,0,0,0
2707456,1322,0,13,1,7,1,4,0.00013,0.0016,1.3888,1646,0,0,0,0,0,0,0,0,0,0,0,0,0,0,0,0,0,0,0,0,0
2709504,1323,0,14,3,8,0,3,0.00112,0.00397,1.4175,1636,0,0,0,0,0,0,0,0,0,0,0,0,0,0,0,0,0,0,0,0,0
2711552,1324,0,7,1,5,0,1,0.00117,0.00104,1.4456,1629,0,0,0,0,0,0,0,0,0,0,0,0,0,0,0,0,0,0,0,0,0
2713600,1325,0,10,1,7,1,1,-0.00131,0.00175,1.4433,1606,0,0,0,0,0,0,0,0,0,0,0,0,0,0,0,0,0,0,0,0,0
2715648,1326,0,4,0,1,0,3,0.00081,0.00063,1.4469,1646,0,0,0,0,0,0,0,0,0,0,0,0,0,0,0,0,0,0,0,0,0
2717696,1327,0,11,1,5,2,3,-0.00075,0.00104,1.4367,1563,0,0,0,0,0,0,0,0,0,0,0,0,0,0,0,0,0,0,0,0,0
2719744,1328,0,9,0,4,3,2,-0.00045,0.00074,1.4294,1558,0,0,0,0,0,0,0,0,0,0,0,0,0,0,0,0,0,0,0,0,0
2721792,1329,0,4,0,2,0,2,-0.00028,0.00043,1.4212,1545,0,0,0,0,0,0,0,0,0,0,0,0,0,0,0,0,0,0,0,0,0
2723840,1330,0,6,0,2,1,3,-0.00188,0.00076,1.4002,1483,0,0,0,0,0,0,0,0,0,0,0,0,0,0,0,0,0,0,0,0,0
2725888,1331,0,12,0,6,4,2,-0.00018,0.00073,1.394,1519,0,0,0,0,0,0,0,0,0,0,0,0,0,0,0,0,0,0,0,0,0
2727936,1332,0,12,1,7,1,3,5e-05,0.00174,1.4157,1618,0,0,0,0,0,0,0,0,0,0,0,0,0,0,0,0,0,0,0,0,0
2729984,1333,0,6,1,3,2,0,-0.00031,0.00145,1.4208,1532,0,0,0,0,0,0,0,0,0,0,0,0,0,0,0,0,0,0,0,0,0
2732032,1334,0,6,0,3,2,1,-0.00033,0.00057,1.4319,1565,0,0,0,0,0,0,0,0,0,0,0,0,0,0,0,0,0,0,0,0,0
2734080,1335,0,10,0,6,1,3,-0.00145,0.00058,1.4515,1585,0,0,0,0,0,0,0,0,0,0,0,0,0,0,0,0,0,0,0,0,0
2736128,1336,0,7,0,3,1,3,-0.0002,0.00072,1.4863,1542,0,0,0,0,0,0,0,0,0,0,0,0,0,0,0,0,0,0,0,0,0
2738176,1337,0,6,1,1,1,3,0.00021,0.00273,1.4844,1648,0,0,0,0,0,0,0,0,0,0,0,0,0,0,0,0,0,0,0,0,0
2740224,1338,0,7,1,4,1,1,-0.00111,0.00156,1.4806,1594,0,0,0,0,0,0,0,0,0,0,0,0,0,0,0,0,0,0,0,0,0
2742272,1339,0,14,0,9,1,4,-0.00097,0.00113,1.4871,1638,0,0,0,0,0,0,0,0,0,0,0,0,0,0,0,0,0,0,0,0,0
2744320,1340,0,3,1,0,1,1,-0.00226,0.00072,1.451,1698,0,0,0,0,0,0,0,0,0,0,0,0,0,0,0,0,0,0,0,0,0
2746368,1341,0,9,2,5,1,1,0.00173,0.0017,1.4306,1648,0,0,0,0,0,0,0,0,0,0,0,0,0,0,0,0,0,0,0,0,0
2748416,1342,0,5,0,2,0,3,3e-05,0.00069,1.4195,1634,0,0,0,0,0,0,0,0,0,0,0,0,0,0,0,0,0,0,0,0,0
2750464,1343,0,10,1,2,2,5,-0.00036,0.0024,1.4239,1679,0,0,0,0,0,0,0,0,0,0,0,0,0,0,0,0,0,0,0,0,0
2752512,1344,0,8,0,7,0,1,-0.00054,0.00084,1.4248,1667,0,0,0,0,0,0,0,0,0,0,0,0,0,0,0,0,0,0,0,0,0
2754560,1345,0,5,0,0,0,5,-0.0003,0.00076,1.42,1605,0,0,0,0,0,0,0,0,0,0,0,0,0,0,0,0,0,0,0,0,0
2756608,1346,0,5,0,3,0,2,-0.00018,0.00045,1.4165,1558,0,0,0,0,0,0,0,0,0,0,0,0,0,0,0,0,0,0,0,0,0
2758656,1347,0,7,0,4,0,3,-0.00057,0.00038,1.414,1584,0,0,0,0,0,0,0,0,0,0,0,0,0,0,0,0,0,0,0,0,0
2760704,1348,0,7,0,0,1,6,-0.00058,0.00046,1.399,1724,0,0,0,0,0,0,0,0,0,0,0,0,0,0,0,0,0,0,0,0,0
2762752,1349,0,8,0,4,1,3,-0.00023,0.00078,1.4022,1698,0,0,0,0,0,0,0,0,0,0,0,0,0,0,0,0,0,0,0,0,0
2764800,1350,0,10,0,6,2,2,-0.00147,0.00057,1.4124,1679,0,0,0,0,0,0,0,0,0,0,0,0,0,0,0,0,0,0,0,0,0
2766848,1351,0,7,0,4,0,3,0.00016,0.00084,1.4094,1643,0,0,0,0,0,0,0,0,0,0,0,0,0,0,0,0,0,0,0,0,0
2768896,1352,0,7,2,3,1,1,0.00091,0.00125,1.4154,1625,0,0,0,0,0,0,0,0,0,0,0,0,0,0,0,0,0,0,0,0,0
2770944,1353,0,8,2,4,0,2,-0.0001,0.00213,1.4167,1632,0,0,0,0,0,0,0,0,0,0,0,0,0,0,0,0,0,0,0,0,0
2772992,1354,0,6,1,2,0,3,-0.00076,0.0014,1.4081,1583,0,0,0,0,0,0,0,0,0,0,0,0,0,0,0,0,0,0,0,0,0
2775040,1355,0,13,2,5,2,4,-0.00038,0.00243,1.42,1612,0,0,0,0,0,0,0,0,0,0,0,0,0,0,0,0,0,0,0,0,0
2777088,1356,0,8,0,4,1,3,0.00266,0.00088,1.4277,1631,0,0,0,0,0,0,0,0,0,0,0,0,0,0,0,0,0,0,0,0,0
2779136,1357,0,6,0,4,1,1,0.00121,0.00069,1.4319,1673,0,0,0,0,0,0,0,0,0,0,0,0,0,0,0,0,0,0,0,0,0
2781184,1358,0,5,0,3,0,2,0.00083,0.00058,1.4296,1657,0,0,0,0,0,0,0,0,0,0,0,0,0,0,0,0,0,0,0,0,0
2783232,1359,0,13,0,5,2,6,0.00016,0.00075,1.4233,1649,0,0,0,0,0,0,0,0,0,0,0,0,0,0,0,0,0,0,0,0,0
2785280,1360,0,8,1,3,2,2,-0.00064,0.00131,1.4319,1573,0,0,0,0,0,0,0,0,0,0,0,0,0,0,0,0,0,0,0,0,0
2787328,1361,0,8,1,4,0,3,-0.00011,0.0005,1.4235,1623,0,0,0,0,0,0,0,0,0,0,0,0,0,0,0,0,0,0,0,0,0
2789376,1362,0,7,0,5,1,1,0.0004,0.00088,1.4201,1702,0,0,0,0,0,0,0,0,0,0,0,0,0,0,0,0,0,0,0,0,0
2791424,1363,0,4,0,1,3,0,-0.00025,0.00066,1.4097,1674,0,0,0,0,0,0,0,0,0,0,0,0,0,0,0,0,0,0,0,0,0
2793472,1364,0,8,0,0,0,8,-0.00063,0.00069,1.4018,1695,0,0,0,0,0,0,0,0,0,0,0,0,0,0,0,0,0,0,0,0,0
2795520,1365,0,8,0,5,1,2,0.00376,0.00071,1.3908,1702,0,0,0,0,0,0,0,0,0,0,0,0,0,0,0,0,0,0,0,0,0
2797568,1366,0,5,1,2,0,2,0.00173,0.00076,1.392,1571,0,0,0,0,0,0,0,0,0,0,0,0,0,0,0,0,0,0,0,0,0
2799616,1367,0,8,0,4,2,2,0.00176,0.00071,1.3903,1604,0,0,0,0,0,0,0,0,0,0,0,0,0,0,0,0,0,0,0,0,0
2801664,1368,0,8,1,4,0,3,0.00055,0.00113,1.3925,1656,0,0,0,0,0,0,0,0,0,0,0,0,0,0,0,0,0,0,0,0,0
2803712,1369,0,10,1,5,1,3,-0.00265,0.001,1.3725,1569,0,0,0,0,0,0,0,0,0,0,0,0,0,0,0,0,0,0,0,0,0
2805760,1370,0,6,1,3,1,1,-0.00036,0.00154,1.3412,1562,0,0,0,0,0,0,0,0,0,0,0,0,0,0,0,0,0,0,0,0,0
2807808,1371,0,7,0,2,1,4,-0.00144,0.00071,1.2821,1543,0,0,0,0,0,0,0,0,0,0,0,0,0,0,0,0,0,0,0,0,0
2809856,1372,0,9,0,6,0,3,-0.002,0.00096,1.2974,1582,0,0,0,0,0,0,0,0,0,0,0,0,0,0,0,0,0,0,0,0,0
2811904,1373,0,9,1,3,1,4,-0.00084,0.00177,1.3204,1677,0,0,0,0,0,0,0,0,0,0,0,0,0,0,0,0,0,0,0,0,0
2813952,1374,0,9,0,7,0,2,-0.00051,0.00067,1.3474,1617,0,0,0,0,0,0,0,0,0,0,0,0,0,0,0,0,0,0,0,0,0
2816000,1375,0,4,0,1,1,2,-0.00059,0.00063,1.3781,1641,0,0,0,0,0,0,0,0,0,0,0,0,0,0,0,0,0,0,0,0,0
2818048,1376,0,2,0,0,2,0,-0.00106,0.00047,1.3946,1570,0,0,0,0,0,0,0,0,0,0,0,0,0,0,0,0,0,0,0,0,0
2820096,1377,0,6,0,0,0,6,-9e-05,0.00054,1.4059,1605,0,0,0,0,0,0,0,0,0,0,0,0,0,0,0,0,0,0,0,0,0
2822144,1378,0,6,0,2,0,4,-0.00089,0.00075,1.3955,1614,0,0,0,0,0,0,0,0,0,0,0,0,0,0,0,0,0,0,0,0,0
2824192,1379,0,11,0,7,2,2,-0.00219,0.00067,1.3623,1652,0,0,0,0,0,0,0,0,0,0,0,0,0,0,0,0,0,0,0,0,0
2826240,1380,0,7,0,3,1,3,0.00039,0.00063,1.3389,1646,0,0,0,0,0,0,0,0,0,0,0,0,0,0,0,0,0,0,0,0,0
2828288,1381,0,4,0,1,1,2,-0.00084,0.00055,1.3365,1586,0,0,0,0,0,0,0,0,0,0,0,0,0,0,0,0,0,0,0,0,0
2830336,1382,0,8,2,3,1,2,0.00073,0.00162,1.3557,1587,0,0,0,0,0,0,0,0,0,0,0,0,0,0,0,0,0,0,0,0,0
2832384,1383,0,13,0,7,1,5,0.00034,0.00092,1.3555,1623,0,0,0,0,0,0,0,0,0,0,0,0,0,0,0,0,0,0,0,0,0
2834432,1384,0,12,1,9,0,2,-0.00109,0.00169,1.3661,1562,0,0,0,0,0,0,0,0,0,0,0,0,0,0,0,0,0,0,0,0,0
2836480,1385,0,6,0,4,1,1,0.00097,0.00096,1.3815,1618,0,0,0,0,0,0,0,0,0,0,0,0,0,0,0,0,0,0,0,0,0
2838528,1386,0,4,0,2,1,1,-0.00012,0.0007,1.3842,1599,0,0,0,0,0,0,0,0,0,0,0,0,0,0,0,0,0,0,0,0,0
2840576,1387,0,6,0,3,0,3,-0.00058,0.00057,1.3913,1636,0,0,0,0,0,0,0,0,0,0,0,0,0,0,0,0,0,0,0,0,0
2842624,1388,0,9,0,1,2,6,-0.00021,0.00068,1.3888,1503,0,0,0,0,0,0,0,0,0,0,0,0,0,0,0,0,0,0,0,0,0
2844672,1389,0,3,0,1,1,1,-0.00013,0.0005,1.39,1455,0,0,0,0,0,0,0,0,0,0,0,0,0,0,0,0,0,0,0,0,0
2846720,1390,0,6,1,2,1,2,-0.00033,0.00147,1.3915,1582,0,0,0,0,0,0,0,0,0,0,0,0,0,0,0,0,0,0,0,0,0
2848768,1391,0,11,0,6,1,4,-0.00046,0.00055,1.3804,1563,0,0,0,0,0,0,0,0,0,0,0,0,0,0,0,0,0,0,0,0,0
2850816,1392,0,9,1,5,0,3,-0.00026,0.00109,1.383,1472,0,0,0,0,0,0,0,0,0,0,0,0,0,0,0,0,0,0,0,0,0
2852864,1393,0,7,1,2,1,3,-9e-05,0.00129,1.3983,1481,0,0,0,0,0,0,0,0,0,0,0,0,0,0,0,0,0,0,0,0,0
2854912,1394,0,9,0,5,2,2,0.00029,0.00083,1.3947,1531,0,0,0,0,0,0,0,0,0,0,0,0,0,0,0,0,0,0,0,0,0
2856960,1395,0,9,0,6,1,2,0.00057,0.00067,1.3791,1562,0,0,0,0,0,0,0,0,0,0,0,0,0,0,0,0,0,0,0,0,0
2859008,1396,0,12,0,7,2,3,-0.00116,0.00053,1.3917,1522,0,0,0,0,0,0,0,0,0,0,0,0,0,0,0,0,0,0,0,0,0
2861056,1397,0,9,0,6,0,3,-0.00027,0.00049,1.3952,1502,0,0,0,0,0,0,0,0,0,0,0,0,0,0,0,0,0,0,0,0,0
2863104,1398,0,3,1,1,0,1,0.00059,0.001,1.3863,1478,0,0,0,0,0,0,0,0,0,0,0,0,0,0,0,0,0,0,0,0,0
2865152,1399,0,7,0,2,2,3,-8e-05,0.00041,1.3866,1513,0,0,0,0,0,0,0,0,0,0,0,0,0,0,0,0,0,0,0,0,0
2867200,1400,0,7,0,3,1,3,-5e-05,0.00037,1.3893,1607,0,0,0,0,0,0,0,0,0,0,0,0,0,0,0,0,0,0,0,0,0
2869248,1401,0,8,0,5,2,1,-0.00071,0.00065,1.3971,1590,0,0,0,0,0,0,0,0,0,0,0,0,0,0,0,0,0,0,0,0,0
2871296,1402,0,9,2,2,1,4,0.00057,0.00233,1.3974,1467,0,0,0,0,0,0,0,0,0,0,0,0,0,0,0,0,0,0,0,0,0
2873344,1403,0,10,1,6,1,2,-9e-05,0.00177,1.3946,1539,0,0,0,0,0,0,0,0,0,0,0,0,0,0,0,0,0,0,0,0,0
2875392,1404,0,9,0,6,3,0,0.00015,0.00072,1.3912,1564,0,0,0,0,0,0,0,0,0,0,0,0,0,0,0,0,0,0,0,0,0
2877440,1405,0,12,0,8,0,4,-0.0002,0.00105,1.3885,1484,0,0,0,0,0,0,0,0,0,0,0,0,0,0,0,0,0,0,0,0,0
2879488,1406,0,8,1,4,1,2,0.00053,0.00163,1.3836,1452,0,0,0,0,0,0,0,0,0,0,0,0,0,0,0,0,0,0,0,0,0
2881536,1407,0,9,1,4,0,4,-0.00022,0.00255,1.3858,1542,0,0,0,0,0,0,0,0,0,0,0,0,0,0,0,0,0,0,0,0,0
2883584,1408,0,6,1,2,1,2,-0.00133,0.00095,1.3874,1518,0,0,0,0,0,0,0,0,0,0,0,0,0,0,0,0,0,0,0,0,0
2885632,1409,0,3,0,0,1,2,-0.00037,0.00062,1.3843,1508,0,0,0,0,0,0,0,0,0,0,0,0,0,0,0,0,0,0,0,0,0
2887680,1410,0,6,1,1,0,4,-0.00141,0.00116,1.3803,1535,0,0,0,0,0,0,0,0,0,0,0,0,0,0,0,0,0,0,0,0,0
2889728,1411,0,9,2,1,3,3,2e-05,0.00106,1.3704,1534,0,0,0,0,0,0,0,0,0,0,0,0,0,0,0,0,0,0,0,0,0
2891776,1412,0,9,0,4,4,1,4e-05,0.00078,1.3641,1546,0,0,0,0,0,0,0,0,0,0,0,0,0,0,0,0,0,0,0,0,0
2893824,1413,0,7,1,4,0,2,-0.00022,0.00152,1.3724,1550,0,0,0,0,0,0,0,0,0,0,0,0,0,0,0,0,0,0,0,0,0
2895872,1414,0,9,0,5,0,4,0.00026,0.0005,1.3821,1546,0,0,0,0,0,0,0,0,0,0,0,0,0,0,0,0,0,0,0,0,0
2897920,1415,0,10,2,5,1,2,-0.00153,0.00144,1.3966,1530,0,0,0,0,0,0,0,0,0,0,0,0,0,0,0,0,0,0,0,0,0
2899968,1416,0,7,0,4,0,3,0.00012,0.00108,1.4075,1437,0,0,0,0,0,0,0,0,0,0,0,0,0,0,0,0,0,0,0,0,0
2902016,1417,0,3,0,0,0,3,-0.00051,0.00048,1.4056,1506,0,0,0,0,0,0,0,0,0,0,0,0,0,0,0,0,0,0,0,0,0
2904064,1418,0,5,0,2,1,2,0.00039,0.00053,1.4128,1393,0,0,0,0,0,0,0,0,0,0,0,0,0,0,0,0,0,0,0,0,0
2906112,1419,0,10,0,2,4,4,-0.00121,0.0004,1.4203,1482,0,0,0,0,0,0,0,0,0,0,0,0,0,0,0,0,0,0,0,0,0
2908160,1420,0,3,0,1,0,2,0.0009,0.00088,1.4155,1562,0,0,0,0,0,0,0,0,0,0,0,0,0,0,0,0,0,0,0,0,0
2910208,1421,0,6,0,3,1,2,-0.00074,0.0007,1.4171,1534,0,0,0,0,0,0,0,0,0,0,0,0,0,0,0,0,0,0,0,0,0
2912256,1422,0,6,0,2,2,2,-0.00025,0.00083,1.4143,1490,0,0,0,0,0,0,0,0,0,0,0,0,0,0,0,0,0,0,0,0,0
2914304,1423,0,12,0,3,3,6,5e-05,0.00062,1.4084,1440,0,0,0,0,0,0,0,0,0,0,0,0,0,0,0,0,0,0,0,0,0
2916352,1424,0,7,0,5,1,1,-0.00099,0.00117,1.4106,1526,0,0,0,0,0,0,0,0,0,0,0,0,0,0,0,0,0,0,0,0,0
2918400,1425,0,9,1,6,1,1,-0.00087,0.00135,1.4057,1588,0,0,0,0,0,0,0,0,0,0,0,0,0,0,0,0,0,0,0,0,0
2920448,1426,0,6,0,4,1,1,-0.00051,0.00099,1.4096,1541,0,0,0,0,0,0,0,0,0,0,0,0,0,0,0,0,0,0,0,0,0
2922496,1427,0,8,0,5,1,2,-0.00125,0.00073,1.4004,1458,0,0,0,0,0,0,0,0,0,0,0,0,0,0,0,0,0,0,0,0,0
2924544,1428,0,10,1,8,0,1,-0.00019,0.00239,1.3854,1565,0,0,0,0,0,0,0,0,0,0,0,0,0,0,0,0,0,0,0,0,0
2926592,1429,0,7,0,4,0,3,0.00039,0.00056,1.3655,1441,0,0,0,0,0,0,0,0,0,0,0,0,0,0,0,0,0,0,0,0,0
2928640,1430,0,10,1,5,1,3,0.00244,0.00092,1.3494,1545,0,0,0,0,0,0,0,0,0,0,0,0,0,0,0,0,0,0,0,0,0
2930688,1431,0,8,0,4,0,4,-0.00168,0.0009,1.3783,1548,0,0,0,0,0,0,0,0,0,0,0,0,0,0,0,0,0,0,0,0,0
2932736,1432,0,16,0,12,1,3,0.00079,0.00073,1.3856,1464,0,0,0,0,0,0,0,0,0,0,0,0,0,0,0,0,0,0,0,0,0
2934784,1433,0,5,1,2,1,1,0.00061,0.00066,1.3849,1489,0,0,0,0,0,0,0,0,0,0,0,0,0,0,0,0,0,0,0,0,0
2936832,1434,0,8,0,4,1,3,-0.00201,0.00084,1.4,1537,0,0,0,0,0,0,0,0,0,0,0,0,0,0,0,0,0,0,0,0,0
2938880,1435,0,6,1,1,3,1,0.00037,0.00214,1.4018,1504,0,0,0,0,0,0,0,0,0,0,0,0,0,0,0,0,0,0,0,0,0
2940928,1436,0,7,1,1,1,4,-0.00293,0.00229,1.3943,1419,0,0,0,0,0,0,0,0,0,0,0,0,0,0,0,0,0,0,0,0,0
2942976,1437,0,8,0,4,3,1,0.00093,0.00056,1.3771,1531,0,0,0,0,0,0,0,0,0,0,0,0,0,0,0,0,0,0,0,0,0
2945024,1438,0,9,1,6,0,2,0.0021,0.00145,1.3709,1425,0,0,0,0,0,0,0,0,0,0,0,0,0,0,0,0,0,0,0,0,0
2947072,1439,0,8,0,3,2,3,-0.00061,0.00072,1.3514,1538,0,0,0,0,0,0,0,0,0,0,0,0,0,0,0,0,0,0,0,0,0
2949120,1440,0,12,2,6,2,2,0.00403,0.00133,1.3578,1568,0,0,0,0,0,0,0,0,0,0,0,0,0,0,0,0,0,0,0,0,0
2951168,1441,0,3,0,2,0,1,-6e-05,0.00063,1.3632,1561,0,0,0,0,0,0,0,0,0,0,0,0,0,0,0,0,0,0,0,0,0
2953216,1442,0,7,1,2,2,2,-0.00385,0.00106,1.3635,1572,0,0,0,0,0,0,0,0,0,0,0,0,0,0,0,0,0,0,0,0,0
2955264,1443,0,4,0,0,0,4,0.00192,0.00061,1.3504,1631,0,0,0,0,0,0,0,0,0,0,0,0,0,0,0,0,0,0,0,0,0
2957312,1444,0,9,1,6,1,1,-0.00216,0.00061,1.3605,1432,0,0,0,0,0,0,0,0,0,0,0,0,0,0,0,0,0,0,0,0,0
2959360,1445,0,6,0,1,2,3,-0.00065,0.00061,1.3914,1568,0,0,0,0,0,0,0,0,0,0,0,0,0,0,0,0,0,0,0,0,0
2961408,1446,0,15,0,9,2,4,-0.0012,0.00058,1.3958,1441,0,0,0,0,0,0,0,0,0,0,0,0,0,0,0,0,0,0,0,0,0
2963456,1447,0,4,1,0,1,2,-0.00047,0.00068,1.4058,1572,0,0,0,0,0,0,0,0,0,0,0,0,0,0,0,0,0,0,0,0,0
2965504,1448,0,4,0,1,0,3,0.00133,0.00077,1.4026,1536,0,0,0,0,0,0,0,0,0,0,0,0,0,0,0,0,0,0,0,0,0
2967552,1449,0,1,0,0,0,1,0.00048,0.00045,1.3904,1519,0,0,0,0,0,0,0,0,0,0,0,0,0,0,0,0,0,0,0,0,0
2969600,1450,0,13,0,6,1,6,-0.00058,0.00067,1.3847,1399,0,0,0,0,0,0,0,0,0,0,0,0,0,0,0,0,0,0,0,0,0
2971648,1451,0,10,0,5,0,5,0.0001,0.00059,1.369,1547,0,0,0,0,0,0,0,0,0,0,0,0,0,0,0,0,0,0,0,0,0
2973696,1452,0,6,1,2,1,2,0.00026,0.0008,1.3642,1596,0,0,0,0,0,0,0,0,0,0,0,0,0,0,0,0,0,0,0,0,0
2975744,1453,0,6,1,3,2,0,0.00093,0.00087,1.3748,1587,0,0,0,0,0,0,0,0,0,0,0,0,0,0,0,0,0,0,0,0,0
2977792,1454,0,11,0,4,1,6,0.00045,0.00069,1.3585,1544,0,0,0,0,0,0,0,0,0,0,0,0,0,0,0,0,0,0,0,0,0
2979840,1455,0,7,0,2,1,4,0.00068,0.00112,1.3626,1560,0,0,0,0,0,0,0,0,0,0,0,0,0,0,0,0,0,0,0,0,0
2981888,1456,0,6,1,3,0,2,-0.00079,0.0008,1.3449,1530,0,0,0,0,0,0,0,0,0,0,0,0,0,0,0,0,0,0,0,0,0
2983936,1457,0,6,1,3,1,1,0.00029,0.00084,1.3469,1508,0,0,0,0,0,0,0,0,0,0,0,0,0,0,0,0,0,0,0,0,0
2985984,1458,0,5,1,0,0,4,-4e-05,0.00224,1.3625,1517,0,0,0,0,0,0,0,0,0,0,0,0,0,0,0,0,0,0,0,0,0
2988032,1459,0,10,1,4,2,3,0.00158,0.00063,1.3618,1555,0,0,0,0,0,0,0,0,0,0,0,0,0,0,0,0,0,0,0,0,0
2990080,1460,0,6,0,3,1,2,0.00097,0.00107,1.3288,1553,0,0,0,0,0,0,0,0,0,0,0,0,0,0,0,0,0,0,0,0,0
2992128,1461,0,5,0,3,1,1,-0.00135,0.00042,1.3437,1558,0,0,0,0,0,0,0,0,0,0,0,0,0,0,0,0,0,0,0,0,0
2994176,1462,0,9,0,6,0,3,-0.00245,0.00067,1.3784,1443,0,0,0,0,0,0,0,0,0,0,0,0,0,0,0,0,0,0,0,0,0
2996224,1463,0,20,1,13,0,6,0.01065,0.00122,1.4191,1595,0,0,0,0,0,0,0,0,0,0,0,0,0,0,0,0,0,0,0,0,0
2998272,1464,0,3,0,2,0,1,-0.00382,0.00086,1.4639,1542,0,0,0,0,0,0,0,0,0,0,0,0,0,0,0,0,0,0,0,0,0
3000320,1465,0,4,0,2,1,1,0.00727,0.00039,1.5437,1636,0,0,0,0,0,0,0,0,0,0,0,0,0,0,0,0,0,0,0,0,0
3002368,1466,0,6,0,3,0,3,-0.00163,0.00084,1.4938,1627,0,0,0,0,0,0,0,0,0,0,0,0,0,0,0,0,0,0,0,0,0
3004416,1467,0,14,1,3,3,7,0.00248,0.00109,1.5198,1556,0,0,0,0,0,0,0,0,0,0,0,0,0,0,0,0,0,0,0,0,0
3006464,1468,0,3,0,2,0,1,0.00456,0.00051,1.5134,1491,0,0,0,0,0,0,0,0,0,0,0,0,0,0,0,0,0,0,0,0,0
3008512,1469,0,5,1,3,0,1,0.00093,0.00069,1.5453,1580,0,0,0,0,0,0,0,0,0,0,0,0,0,0,0,0,0,0,0,0,0
3010560,1470,0,6,2,0,0,4,-0.00305,0.00149,1.5595,1568,0,0,0,0,0,0,0,0,0,0,0,0,0,0,0,0,0,0,0,0,0
3012608,1471,0,11,0,5,1,5,-0.00526,0.00066,1.6432,1521,0,0,0,0,0,0,0,0,0,0,0,0,0,0,0,0,0,0,0,0,0
3014656,1472,0,5,1,3,1,0,0.00105,0.0023,1.5713,1634,0,0,0,0,0,0,0,0,0,0,0,0,0,0,0,0,0,0,0,0,0
3016704,1473,0,7,0,3,0,4,-0.0014,0.00083,1.5524,1590,0,0,0,0,0,0,0,0,0,0,0,0,0,0,0,0,0,0,0,0,0
3018752,1474,0,10,0,6,2,2,-0.00105,0.00061,1.5878,1528,0,0,0,0,0,0,0,0,0,0,0,0,0,0,0,0,0,0,0,0,0
3020800,1475,0,6,1,2,0,3,0.00519,0.00146,1.5149,1545,0,0,0,0,0,0,0,0,0,0,0,0,0,0,0,0,0,0,0,0,0
3022848,1476,0,8,0,5,0,3,0.00165,0.00089,1.522,1298,0,0,0,0,0,0,0,0,0,0,0,0,0,0,0,0,0,0,0,0,0
3024896,1477,0,12,0,8,0,4,0.0057,0.00077,1.4779,1537,0,0,0,0,0,0,0,0,0,0,0,0,0,0,0,0,0,0,0,0,0
3026944,1478,0,2,0,0,0,2,0.00558,0.00081,1.4715,1503,0,0,0,0,0,0,0,0,0,0,0,0,0,0,0,0,0,0,0,0,0
3028992,1479,0,9,2,3,2,2,0.00333,0.00158,1.4144,1501,0,0,0,0,0,0,0,0,0,0,0,0,0,0,0,0,0,0,0,0,0
3031040,1480,0,6,1,2,0,3,-0.00159,0.0006,1.3607,1533,0,0,0,0,0,0,0,0,0,0,0,0,0,0,0,0,0,0,0,0,0
3033088,1481,0,10,0,5,1,4,0.00232,0.00076,1.3778,1483,0,0,0,0,0,0,0,0,0,0,0,0,0,0,0,0,0,0,0,0,0
3035136,1482,0,3,0,3,0,0,0.00193,0.0008,1.4266,1474,0,0,0,0,0,0,0,0,0,0,0,0,0,0,0,0,0,0,0,0,0
3037184,1483,0,11,0,4,1,6,-0.00082,0.00071,1.4748,1559,0,0,0,0,0,0,0,0,0,0,0,0,0,0,0,0,0,0,0,0,0
3039232,1484,0,6,1,2,1,2,-0.00543,0.00099,1.4433,1609,0,0,0,0,0,0,0,0,0,0,0,0,0,0,0,0,0,0,0,0,0
3041280,1485,0,9,0,5,1,3,0.00847,0.00046,1.4749,1639,0,0,0,0,0,0,0,0,0,0,0,0,0,0,0,0,0,0,0,0,0
3043328,1486,0,7,0,3,1,3,0.02196,0.0008,1.7262,1633,0,0,0,0,0,0,0,0,0,0,0,0,0,0,0,0,0,0,0,0,0
3045376,1487,0,8,0,3,1,4,0.01569,0.0006,1.6494,1589,0,0,0,0,0,0,0,0,0,0,0,0,0,0,0,0,0,0,0,0,0
3047424,1488,0,4,0,2,0,2,0.01196,0.00013,1.5512,1605,0,0,0,0,0,0,0,0,0,0,0,0,0,0,0,0,0,0,0,0,0
3049472,1489,0,5,0,2,0,3,0.00333,0.00059,1.6391,1491,0,0,0,0,0,0,0,0,0,0,0,0,0,0,0,0,0,0,0,0,0
3051520,1490,0,6,0,2,1,3,0.00932,0.00078,1.6421,1560,0,0,0,0,0,0,0,0,0,0,0,0,0,0,0,0,0,0,0,0,0
3053568,1491,0,13,0,6,0,7,-0.0017,0.00032,1.6456,1479,0,0,0,0,0,0,0,0,0,0,0,0,0,0,0,0,0,0,0,0,0
3055616,1492,0,4,0,3,0,1,-0.001,0.00059,1.6202,1482,0,0,0,0,0,0,0,0,0,0,0,0,0,0,0,0,0,0,0,0,0
3057664,1493,0,5,0,2,0,3,0.00109,0.00097,1.6482,1572,0,0,0,0,0,0,0,0,0,0,0,0,0,0,0,0,0,0,0,0,0
3059712,1494,0,6,0,3,0,3,-0.00088,0.00057,1.6277,1545,0,0,0,0,0,0,0,0,0,0,0,0,0,0,0,0,0,0,0,0,0
3061760,1495,0,8,0,2,0,6,-0.00238,0.00058,1.5753,1572,0,0,0,0,0,0,0,0,0,0,0,0,0,0,0,0,0,0,0,0,0
3063808,1496,0,9,0,5,1,3,-0.00047,0.00046,1.5718,1648,0,0,0,0,0,0,0,0,0,0,0,0,0,0,0,0,0,0,0,0,0
3065856,1497,0,3,0,3,0,0,-0.00068,0.00063,1.6159,1564,0,0,0,0,0,0,0,0,0,0,0,0,0,0,0,0,0,0,0,0,0
3067904,1498,0,9,1,1,0,7,-2e-05,0.001,1.6588,1552,0,0,0,0,0,0,0,0,0,0,0,0,0,0,0,0,0,0,0,0,0
3069952,1499,0,4,0,1,1,2,-0.00232,0.00056,1.6714,1551,0,0,0,0,0,0,0,0,0,0,0,0,0,0,0,0,0,0,0,0,0
3072000,1500,0,6,0,1,1,4,-0.00159,0.00096,1.6064,1644,0,0,0,0,0,0,0,0,0,0,0,0,0,0,0,0,0,0,0,0,0
3074048,1501,0,10,0,6,2,2,0.00034,0.00055,1.6384,1636,0,0,0,0,0,0,0,0,0,0,0,0,0,0,0,0,0,0,0,0,0
3076096,1502,0,7,0,3,0,4,0.00245,0.00118,1.6056,1660,0,0,0,0,0,0,0,0,0,0,0,0,0,0,0,0,0,0,0,0,0
3078144,1503,0,2,1,0,0,1,0.00064,0.00234,1.5937,1627,0,0,0,0,0,0,0,0,0,0,0,0,0,0,0,0,0,0,0,0,0
3080192,1504,0,10,0,5,0,5,0.00409,0.00053,1.5926,1678,0,0,0,0,0,0,0,0,0,0,0,0,0,0,0,0,0,0,0,0,0
3082240,1505,0,8,0,3,1,4,0.00025,0.00066,1.5716,1653,0,0,0,0,0,0,0,0,0,0,0,0,0,0,0,0,0,0,0,0,0
3084288,1506,0,6,1,2,1,2,0.00252,0.00121,1.5467,1620,0,0,0,0,0,0,0,0,0,0,0,0,0,0,0,0,0,0,0,0,0
3086336,1507,0,7,1,4,1,1,0.00096,0.00097,1.56,1636,0,0,0,0,0,0,0,0,0,0,0,0,0,0,0,0,0,0,0,0,0
3088384,1508,0,5,0,0,2,3,-0.00822,0.00059,1.6011,1564,0,0,0,0,0,0,0,0,0,0,0,0,0,0,0,0,0,0,0,0,0
3090432,1509,0,6,0,3,0,3,-0.00176,0.00081,1.5766,1531,0,0,0,0,0,0,0,0,0,0,0,0,0,0,0,0,0,0,0,0,0
3092480,1510,0,5,0,0,2,3,0.00188,0.00026,1.6239,1611,0,0,0,0,0,0,0,0,0,0,0,0,0,0,0,0,0,0,0,0,0
3094528,1511,0,6,0,3,0,3,-0.00141,0.00054,1.677,1609,0,0,0,0,0,0,0,0,0,0,0,0,0,0,0,0,0,0,0,0,0
3096576,1512,0,4,0,1,0,3,0.00356,0.00054,1.6741,1576,0,0,0,0,0,0,0,0,0,0,0,0,0,0,0,0,0,0,0,0,0
3098624,1513,0,6,0,3,0,3,0.00707,0.00038,1.7178,1556,0,0,0,0,0,0,0,0,0,0,0,0,0,0,0,0,0,0,0,0,0
3100672,1514,0,7,0,1,2,4,0.00244,0.00044,1.7508,1535,0,0,0,0,0,0,0,0,0,0,0,0,0,0,0,0,0,0,0,0,0
3102720,1515,0,7,1,3,0,3,0.00228,0.00222,1.7577,1528,0,0,0,0,0,0,0,0,0,0,0,0,0,0,0,0,0,0,0,0,0
3104768,1516,0,11,1,5,2,3,0.00108,0.00091,1.766,1483,0,0,0,0,0,0,0,0,0,0,0,0,0,0,0,0,0,0,0,0,0
3106816,1517,0,4,0,3,0,1,-0.00119,0.00032,1.7629,1573,0,0,0,0,0,0,0,0,0,0,0,0,0,0,0,0,0,0,0,0,0
3108864,1518,0,6,0,3,0,3,-0.00442,0.00043,1.77,1518,0,0,0,0,0,0,0,0,0,0,0,0,0,0,0,0,0,0,0,0,0
3110912,1519,0,6,0,1,0,5,-0.00099,0.00043,1.7554,1613,0,0,0,0,0,0,0,0,0,0,0,0,0,0,0,0,0,0,0,0,0
3112960,1520,0,6,0,2,0,4,0.00075,0.00039,1.7635,1604,0,0,0,0,0,0,0,0,0,0,0,0,0,0,0,0,0,0,0,0,0
3115008,1521,0,9,0,6,1,2,-0.00271,0.00075,1.7784,1479,0,0,0,0,0,0,0,0,0,0,0,0,0,0,0,0,0,0,0,0,0
3117056,1522,0,6,0,2,1,3,-0.00026,0.00026,1.7615,1562,0,0,0,0,0,0,0,0,0,0,0,0,0,0,0,0,0,0,0,0,0
3119104,1523,0,10,1,6,0,3,-0.00219,0.00135,1.7812,1600,0,0,0,0,0,0,0,0,0,0,0,0,0,0,0,0,0,0,0,0,0
3121152,1524,0,6,0,3,0,3,0.00023,0.00071,1.7787,1529,0,0,0,0,0,0,0,0,0,0,0,0,0,0,0,0,0,0,0,0,0
3123200,1525,0,8,0,4,0,4,-0.00163,0.00062,1.7706,1597,0,0,0,0,0,0,0,0,0,0,0,0,0,0,0,0,0,0,0,0,0
3125248,1526,0,4,0,1,2,1,-0.00176,0.00066,1.7295,1635,0,0,0,0,0,0,0,0,0,0,0,0,0,0,0,0,0,0,0,0,0
3127296,1527,0,7,0,2,1,4,-0.00245,0.00032,1.7091,1632,0,0,0,0,0,0,0,0,0,0,0,0,0,0,0,0,0,0,0,0,0
3129344,1528,0,8,0,4,1,3,-0.00201,0.00086,1.682,1521,0,0,0,0,0,0,0,0,0,0,0,0,0,0,0,0,0,0,0,0,0
3131392,1529,0,6,0,3,0,3,-0.00106,0.00054,1.6737,1601,0,0,0,0,0,0,0,0,0,0,0,0,0,0,0,0,0,0,0,0,0
3133440,1530,0,6,0,4,0,2,-0.0008,0.00049,1.6494,1571,0,0,0,0,0,0,0,0,0,0,0,0,0,0,0,0,0,0,0,0,0
3135488,1531,0,8,1,4,1,2,-0.00132,0.00071,1.6183,1595,0,0,0,0,0,0,0,0,0,0,0,0,0,0,0,0,0,0,0,0,0
3137536,1532,0,6,1,1,1,3,-0.00015,0.00111,1.6039,1562,0,0,0,0,0,0,0,0,0,0,0,0,0,0,0,0,0,0,0,0,0
3139584,1533,0,10,0,7,1,2,-0.00205,0.00069,1.5985,1604,0,0,0,0,0,0,0,0,0,0,0,0,0,0,0,0,0,0,0,0,0
3141632,1534,0,9,0,4,1,4,-0.00134,0.00062,1.5936,1599,0,0,0,0,0,0,0,0,0,0,0,0,0,0,0,0,0,0,0,0,0
3143680,1535,0,4,0,1,0,3,-0.00171,0.00061,1.5794,1624,0,0,0,0,0,0,0,0,0,0,0,0,0,0,0,0,0,0,0,0,0
3145728,1536,0,6,0,3,1,2,-0.00201,0.00095,1.6161,1613,0,0,0,0,0,0,0,0,0,0,0,0,0,0,0,0,0,0,0,0,0
3147776,1537,0,8,1,4,0,3,-0.0002,0.00079,1.5864,1523,0,0,0,0,0,0,0,0,0,0,0,0,0,0,0,0,0,0,0,0,0
3149824,1538,0,8,1,3,2,2,0.00084,0.00081,1.5979,1509,0,0,0,0,0,0,0,0,0,0,0,0,0,0,0,0,0,0,0,0,0
3151872,1539,0,7,0,4,0,3,-0.00233,0.00065,1.5775,1503,0,0,0,0,0,0,0,0,0,0,0,0,0,0,0,0,0,0,0,0,0
3153920,1540,0,3,0,1,0,2,-0.00272,0.00078,1.6076,1621,0,0,0,0,0,0,0,0,0,0,0,0,0,0,0,0,0,0,0,0,0
3155968,1541,0,9,0,4,2,3,-0.00096,0.00048,1.5823,1536,0,0,0,0,0,0,0,0,0,0,0,0,0,0,0,0,0,0,0,0,0
3158016,1542,0,10,1,5,0,4,-0.00059,0.00185,1.5734,1623,0,0,0,0,0,0,0,0,0,0,0,0,0,0,0,0,0,0,0,0,0
3160064,1543,0,3,0,1,0,2,-0.00117,0.00041,1.5615,1616,0,0,0,0,0,0,0,0,0,0,0,0,0,0,0,0,0,0,0,0,0
3162112,1544,0,4,0,1,0,3,-0.00201,0.00041,1.5342,1564,0,0,0,0,0,0,0,0,0,0,0,0,0,0,0,0,0,0,0,0,0
3164160,1545,0,7,1,2,1,3,-0.00045,0.00116,1.4966,1572,0,0,0,0,0,0,0,0,0,0,0,0,0,0,0,0,0,0,0,0,0
3166208,1546,0,10,0,5,1,4,0.00109,0.00072,1.5397,1568,0,0,0,0,0,0,0,0,0,0,0,0,0,0,0,0,0,0,0,0,0
3168256,1547,0,8,0,6,0,2,-0.00018,0.00078,1.5113,1587,0,0,0,0,0,0,0,0,0,0,0,0,0,0,0,0,0,0,0,0,0
3170304,1548,0,7,1,5,0,1,-0.00218,0.0016,1.5077,1551,0,0,0,0,0,0,0,0,0,0,0,0,0,0,0,0,0,0,0,0,0
3172352,1549,0,9,0,5,1,3,9e-05,0.00085,1.5111,1495,0,0,0,0,0,0,0,0,0,0,0,0,0,0,0,0,0,0,0,0,0
3174400,1550,0,4,0,1,0,3,-0.00053,0.00057,1.4901,1605,0,0,0,0,0,0,0,0,0,0,0,0,0,0,0,0,0,0,0,0,0
3176448,1551,0,6,1,3,1,1,-0.00311,0.00076,1.4616,1491,0,0,0,0,0,0,0,0,0,0,0,0,0,0,0,0,0,0,0,0,0
3178496,1552,0,11,1,5,1,4,-0.00022,0.00077,1.4414,1535,0,0,0,0,0,0,0,0,0,0,0,0,0,0,0,0,0,0,0,0,0
3180544,1553,0,6,1,3,0,2,-0.00042,0.00172,1.4182,1521,0,0,0,0,0,0,0,0,0,0,0,0,0,0,0,0,0,0,0,0,0
3182592,1554,0,4,0,1,1,2,-0.0006,0.00055,1.3975,1504,0,0,0,0,0,0,0,0,0,0,0,0,0,0,0,0,0,0,0,0,0
3184640,1555,0,10,1,4,0,5,-0.00066,0.00096,1.4045,1454,0,0,0,0,0,0,0,0,0,0,0,0,0,0,0,0,0,0,0,0,0
3186688,1556,0,12,0,9,1,2,-0.00159,0.00083,1.3875,1528,0,0,0,0,0,0,0,0,0,0,0,0,0,0,0,0,0,0,0,0,0
3188736,1557,0,7,1,4,0,2,-3e-05,0.00072,1.4035,1632,0,0,0,0,0,0,0,0,0,0,0,0,0,0,0,0,0,0,0,0,0
3190784,1558,0,7,0,5,1,1,-0.00115,0.00067,1.3993,1591,0,0,0,0,0,0,0,0,0,0,0,0,0,0,0,0,0,0,0,0,0
3192832,1559,0,6,1,2,0,3,0.00012,0.00062,1.4026,1466,0,0,0,0,0,0,0,0,0,0,0,0,0,0,0,0,0,0,0,0,0
3194880,1560,0,8,0,3,2,3,-0.00178,0.00063,1.4398,1587,0,0,0,0,0,0,0,0,0,0,0,0,0,0,0,0,0,0,0,0,0
3196928,1561,0,9,0,3,3,3,-0.00077,0.0008,1.4251,1578,0,0,0,0,0,0,0,0,0,0,0,0,0,0,0,0,0,0,0,0,0
3198976,1562,0,4,0,4,0,0,-0.00037,0.00041,1.4278,1559,0,0,0,0,0,0,0,0,0,0,0,0,0,0,0,0,0,0,0,0,0
3201024,1563,0,8,0,5,0,3,-0.0005,0.00061,1.4003,1597,0,0,0,0,0,0,0,0,0,0,0,0,0,0,0,0,0,0,0,0,0
3203072,1564,0,11,1,4,1,5,-9e-05,0.00068,1.3835,1577,0,0,0,0,0,0,0,0,0,0,0,0,0,0,0,0,0,0,0,0,0
3205120,1565,0,5,1,2,0,2,-0.00283,0.00068,1.2956,1546,0,0,0,0,0,0,0,0,0,0,0,0,0,0,0,0,0,0,0,0,0
3207168,1566,0,8,1,4,2,1,0.00037,0.00068,1.3087,1540,0,0,0,0,0,0,0,0,0,0,0,0,0,0,0,0,0,0,0,0,0
3209216,1567,0,7,0,4,2,1,-0.00089,0.00044,1.3573,1582,0,0,0,0,0,0,0,0,0,0,0,0,0,0,0,0,0,0,0,0,0
3211264,1568,0,12,1,5,1,5,1e-05,0.00133,1.4041,1508,0,0,0,0,0,0,0,0,0,0,0,0,0,0,0,0,0,0,0,0,0
3213312,1569,0,4,0,2,1,1,-0.00013,0.00087,1.4004,1596,0,0,0,0,0,0,0,0,0,0,0,0,0,0,0,0,0,0,0,0,0
3215360,1570,0,6,0,1,3,2,-0.00038,0.00071,1.4282,1494,0,0,0,0,0,0,0,0,0,0,0,0,0,0,0,0,0,0,0,0,0
3217408,1571,0,7,0,3,0,4,-0.00064,0.00063,1.4521,1514,0,0,0,0,0,0,0,0,0,0,0,0,0,0,0,0,0,0,0,0,0
3219456,1572,0,9,1,3,1,4,0.00011,0.00125,1.4496,1617,0,0,0,0,0,0,0,0,0,0,0,0,0,0,0,0,0,0,0,0,0
3221504,1573,0,6,1,2,0,3,9e-05,0.00159,1.4344,1412,0,0,0,0,0,0,0,0,0,0,0,0,0,0,0,0,0,0,0,0,0
3223552,1574,0,10,0,7,0,3,-0.00093,0.00039,1.4123,1563,0,0,0,0,0,0,0,0,0,0,0,0,0,0,0,0,0,0,0,0,0
3225600,1575,0,7,0,5,0,2,-0.00127,0.00057,1.4082,1543,0,0,0,0,0,0,0,0,0,0,0,0,0,0,0,0,0,0,0,0,0
3227648,1576,0,6,0,2,0,4,-0.00224,0.00056,1.4028,1593,0,0,0,0,0,0,0,0,0,0,0,0,0,0,0,0,0,0,0,0,0
3229696,1577,0,8,0,2,1,5,-0.00231,0.00068,1.3853,1645,0,0,0,0,0,0,0,0,0,0,0,0,0,0,0,0,0,0,0,0,0
3231744,1578,0,5,1,2,0,2,-6e-05,0.0013,1.3753,1565,0,0,0,0,0,0,0,0,0,0,0,0,0,0,0,0,0,0,0,0,0
3233792,1579,0,8,0,3,2,3,-0.00222,0.00091,1.3352,1536,0,0,0,0,0,0,0,0,0,0,0,0,0,0,0,0,0,0,0,0,0
3235840,1580,0,8,0,5,2,1,-0.00347,0.00084,1.3173,1560,0,0,0,0,0,0,0,0,0,0,0,0,0,0,0,0,0,0,0,0,0
3237888,1581,0,9,0,5,1,3,-0.00029,0.00056,1.3032,1594,0,0,0,0,0,0,0,0,0,0,0,0,0,0,0,0,0,0,0,0,0
3239936,1582,0,5,0,2,0,3,-0.00055,0.00069,1.3106,1603,0,0,0,0,0,0,0,0,0,0,0,0,0,0,0,0,0,0,0,0,0
3241984,1583,0,8,0,3,2,3,-0.00017,0.00078,1.3377,1498,0,0,0,0,0,0,0,0,0,0,0,0,0,0,0,0,0,0,0,0,0
3244032,1584,0,9,1,5,0,3,-0.00043,0.00141,1.3299,1613,0,0,0,0,0,0,0,0,0,0,0,0,0,0,0,0,0,0,0,0,0
3246080,1585,0,14,1,6,2,5,-0.0007,0.00161,1.3187,1515,0,0,0,0,0,0,0,0,0,0,0,0,0,0,0,0,0,0,0,0,0
3248128,1586,0,4,1,3,0,0,0.00049,0.00175,1.3195,1643,0,0,0,0,0,0,0,0,0,0,0,0,0,0,0,0,0,0,0,0,0
3250176,1587,0,9,0,7,1,1,0.00029,0.00035,1.3225,1609,0,0,0,0,0,0,0,0,0,0,0,0,0,0,0,0,0,0,0,0,0
3252224,1588,0,11,0,7,1,3,-0.00012,0.00053,1.3327,1562,0,0,0,0,0,0,0,0,0,0,0,0,0,0,0,0,0,0,0,0,0
3254272,1589,0,12,0,5,1,6,-2e-05,0.0009,1.3825,1560,0,0,0,0,0,0,0,0,0,0,0,0,0,0,0,0,0,0,0,0,0
3256320,1590,0,6,0,2,3,1,-4e-05,0.00083,1.4166,1581,0,0,0,0,0,0,0,0,0,0,0,0,0,0,0,0,0,0,0,0,0
3258368,1591,0,5,1,2,0,2,-0.00127,0.00112,1.4077,1587,0,0,0,0,0,0,0,0,0,0,0,0,0,0,0,0,0,0,0,0,0
3260416,1592,0,5,0,2,0,3,-0.00019,0.00056,1.4031,1589,0,0,0,0,0,0,0,0,0,0,0,0,0,0,0,0,0,0,0,0,0
3262464,1593,0,7,0,3,0,4,-0.00048,0.00082,1.4235,1556,0,0,0,0,0,0,0,0,0,0,0,0,0,0,0,0,0,0,0,0,0
3264512,1594,0,9,0,3,1,5,-0.00071,0.00038,1.4329,1534,0,0,0,0,0,0,0,0,0,0,0,0,0,0,0,0,0,0,0,0,0
3266560,1595,0,6,0,3,0,3,0.00011,0.00067,1.4278,1602,0,0,0,0,0,0,0,0,0,0,0,0,0,0,0,0,0,0,0,0,0
3268608,1596,0,5,0,0,4,1,-0.00062,0.00075,1.4198,1517,0,0,0,0,0,0,0,0,0,0,0,0,0,0,0,0,0,0,0,0,0
3270656,1597,0,8,0,6,0,2,-0.00059,0.00037,1.4018,1519,0,0,0,0,0,0,0,0,0,0,0,0,0,0,0,0,0,0,0,0,0
3272704,1598,0,9,0,2,1,6,-1e-05,0.00062,1.395,1469,0,0,0,0,0,0,0,0,0,0,0,0,0,0,0,0,0,0,0,0,0
3274752,1599,0,9,0,5,1,3,-0.00149,0.00058,1.3748,1528,0,0,0,0,0,0,0,0,0,0,0,0,0,0,0,0,0,0,0,0,0
3276800,1600,0,5,0,3,0,2,-0.00133,0.00056,1.3533,1566,0,0,0,0,0,0,0,0,0,0,0,0,0,0,0,0,0,0,0,0,0
3278848,1601,0,7,1,2,0,4,-0.00075,0.00189,1.3743,1546,0,0,0,0,0,0,0,0,0,0,0,0,0,0,0,0,0,0,0,0,0
3280896,1602,0,8,0,4,0,4,-1e-05,0.00051,1.3794,1539,0,0,0,0,0,0,0,0,0,0,0,0,0,0,0,0,0,0,0,0,0
3282944,1603,0,7,0,3,0,4,-0.00061,0.00081,1.3895,1592,0,0,0,0,0,0,0,0,0,0,0,0,0,0,0,0,0,0,0,0,0
3284992,1604,0,4,1,2,1,0,8e-05,0.00086,1.3891,1581,0,0,0,0,0,0,0,0,0,0,0,0,0,0,0,0,0,0,0,0,0
3287040,1605,0,7,0,3,1,3,1e-05,0.00047,1.3931,1653,0,0,0,0,0,0,0,0,0,0,0,0,0,0,0,0,0,0,0,0,0
3289088,1606,0,9,0,3,1,5,-0.0008,0.00032,1.3803,1579,0,0,0,0,0,0,0,0,0,0,0,0,0,0,0,0,0,0,0,0,0
3291136,1607,0,5,0,2,0,3,-0.00039,0.00063,1.3544,1628,0,0,0,0,0,0,0,0,0,0,0,0,0,0,0,0,0,0,0,0,0
3293184,1608,0,8,0,5,1,2,-0.00074,0.00078,1.3602,1520,0,0,0,0,0,0,0,0,0,0,0,0,0,0,0,0,0,0,0,0,0
3295232,1609,0,11,0,7,1,3,-0.00204,0.00075,1.3954,1567,0,0,0,0,0,0,0,0,0,0,0,0,0,0,0,0,0,0,0,0,0
3297280,1610,0,9,1,3,1,4,-0.0005,0.00208,1.4185,1530,0,0,0,0,0,0,0,0,0,0,0,0,0,0,0,0,0,0,0,0,0
3299328,1611,0,7,0,6,0,1,-0.00022,0.00047,1.4242,1560,0,0,0,0,0,0,0,0,0,0,0,0,0,0,0,0,0,0,0,0,0
3301376,1612,0,16,2,9,3,2,-0.0,0.00224,1.4378,1622,0,0,0,0,0,0,0,0,0,0,0,0,0,0,0,0,0,0,0,0,0
3303424,1613,0,9,0,5,1,3,-0.00088,0.00075,1.4298,1593,0,0,0,0,0,0,0,0,0,0,0,0,0,0,0,0,0,0,0,0,0
3305472,1614,0,5,0,3,0,2,-0.00056,0.00055,1.4195,1552,0,0,0,0,0,0,0,0,0,0,0,0,0,0,0,0,0,0,0,0,0
3307520,1615,0,2,1,0,0,1,-0.00066,0.00049,1.4268,1585,0,0,0,0,0,0,0,0,0,0,0,0,0,0,0,0,0,0,0,0,0
3309568,1616,0,13,0,6,1,6,0.00034,0.00097,1.4247,1582,0,0,0,0,0,0,0,0,0,0,0,0,0,0,0,0,0,0,0,0,0
3311616,1617,0,7,0,4,1,2,-0.00074,0.00056,1.4237,1511,0,0,0,0,0,0,0,0,0,0,0,0,0,0,0,0,0,0,0,0,0
3313664,1618,0,7,1,3,0,3,0.00026,0.00169,1.424,1522,0,0,0,0,0,0,0,0,0,0,0,0,0,0,0,0,0,0,0,0,0
3315712,1619,0,4,0,4,0,0,-0.00024,0.00059,1.4193,1507,0,0,0,0,0,0,0,0,0,0,0,0,0,0,0,0,0,0,0,0,0
3317760,1620,0,14,1,6,1,6,-0.00062,0.00271,1.4147,1504,0,0,0,0,0,0,0,0,0,0,0,0,0,0,0,0,0,0,0,0,0
3319808,1621,0,9,0,3,2,4,-0.00045,0.0005,1.4086,1584,0,0,0,0,0,0,0,0,0,0,0,0,0,0,0,0,0,0,0,0,0
3321856,1622,0,5,0,3,1,1,-0.0003,0.00078,1.4137,1480,0,0,0,0,0,0,0,0,0,0,0,0,0,0,0,0,0,0,0,0,0
3323904,1623,0,11,1,7,1,2,-0.00101,0.00089,1.4085,1561,0,0,0,0,0,0,0,0,0,0,0,0,0,0,0,0,0,0,0,0,0
3325952,1624,0,6,1,0,1,4,0.00026,0.00082,1.3955,1536,0,0,0,0,0,0,0,0,0,0,0,0,0,0,0,0,0,0,0,0,0
3328000,1625,0,4,0,3,0,1,-0.0014,0.00056,1.4008,1609,0,0,0,0,0,0,0,0,0,0,0,0,0,0,0,0,0,0,0,0,0
3330048,1626,0,7,0,7,0,0,9e-05,0.00097,1.3855,699,0,0,0,0,0,0,0,0,0,0,0,0,0,0,0,0,0,0,0,0,0
3332096,1627,0,6,1,5,0,0,0.00036,0.00111,1.4012,1795,0,0,0,0,0,0,0,0,0,0,0,0,0,0,0,0,0,0,0,0,0
3334144,1628,0,5,0,4,1,0,-0.00054,0.00117,1.4443,1809,0,0,0,0,0,0,0,0,0,0,0,0,0,0,0,0,0,0,0,0,0
3336192,1629,0,12,0,3,0,9,-0.00065,0.0007,1.4826,1775,0,0,0,0,0,0,0,0,0,0,0,0,0,0,0,0,0,0,0,0,0
3338240,1630,0,8,1,6,0,1,-6e-05,0.00151,1.4767,1914,0,0,0,0,0,0,0,0,0,0,0,0,0,0,0,0,0,0,0,0,0
3340288,1631,0,13,1,7,3,2,-0.0,0.0014,1.4787,1715,0,0,0,0,0,0,0,0,0,0,0,0,0,0,0,0,0,0,0,0,0
3342336,1632,0,7,0,5,1,1,-0.00047,0.00073,1.4638,1749,0,0,0,0,0,0,0,0,0,0,0,0,0,0,0,0,0,0,0,0,0
3344384,1633,0,6,0,2,2,2,-0.00071,0.00055,1.4408,1825,0,0,0,0,0,0,0,0,0,0,0,0,0,0,0,0,0,0,0,0,0
3346432,1634,0,9,1,2,2,4,-0.00083,0.00092,1.4189,1796,0,0,0,0,0,0,0,0,0,0,0,0,0,0,0,0,0,0,0,0,0
3348480,1635,0,5,0,3,1,1,-0.00046,0.00093,1.3876,1821,0,0,0,0,0,0,0,0,0,0,0,0,0,0,0,0,0,0,0,0,0
3350528,1636,0,10,1,5,0,4,-0.00061,0.00095,1.3825,1676,0,0,0,0,0,0,0,0,0,0,0,0,0,0,0,0,0,0,0,0,0
3352576,1637,0,6,1,3,1,1,-0.00074,0.00124,1.3807,1758,0,0,0,0,0,0,0,0,0,0,0,0,0,0,0,0,0,0,0,0,0
3354624,1638,0,6,0,2,0,4,-0.00136,0.00031,1.3912,1586,0,0,0,0,0,0,0,0,0,0,0,0,0,0,0,0,0,0,0,0,0
3356672,1639,0,7,0,4,0,3,-0.00339,0.00082,1.3839,1757,0,0,0,0,0,0,0,0,0,0,0,0,0,0,0,0,0,0,0,0,0
3358720,1640,0,6,1,1,1,3,-0.00217,0.00098,1.3681,1828,0,0,0,0,0,0,0,0,0,0,0,0,0,0,0,0,0,0,0,0,0
3360768,1641,0,6,1,2,1,2,-0.00308,0.00127,1.4032,1770,0,0,0,0,0,0,0,0,0,0,0,0,0,0,0,0,0,0,0,0,0
3362816,1642,0,7,0,3,0,4,-0.00045,0.00041,1.3963,1848,0,0,0,0,0,0,0,0,0,0,0,0,0,0,0,0,0,0,0,0,0
3364864,1643,0,7,1,3,1,2,-0.00055,0.00132,1.3744,1774,0,0,0,0,0,0,0,0,0,0,0,0,0,0,0,0,0,0,0,0,0
3366912,1644,0,3,0,1,0,2,0.0,0.00073,1.3604,1645,0,0,0,0,0,0,0,0,0,0,0,0,0,0,0,0,0,0,0,0,0
3368960,1645,0,7,0,2,1,4,-0.0016,0.00047,1.3795,1737,0,0,0,0,0,0,0,0,0,0,0,0,0,0,0,0,0,0,0,0,0
3371008,1646,0,9,1,3,1,4,-0.00109,0.00035,1.3739,1773,0,0,0,0,0,0,0,0,0,0,0,0,0,0,0,0,0,0,0,0,0
3373056,1647,0,9,0,5,1,3,-0.00023,0.00083,1.3893,1627,0,0,0,0,0,0,0,0,0,0,0,0,0,0,0,0,0,0,0,0,0
3375104,1648,0,8,1,5,2,0,-0.00089,0.00156,1.4067,1652,0,0,0,0,0,0,0,0,0,0,0,0,0,0,0,0,0,0,0,0,0
3377152,1649,0,5,0,2,0,3,-0.0004,0.00061,1.3699,1533,0,0,0,0,0,0,0,0,0,0,0,0,0,0,0,0,0,0,0,0,0
3379200,1650,0,4,0,1,1,2,-3e-05,0.00088,1.3716,1624,0,0,0,0,0,0,0,0,0,0,0,0,0,0,0,0,0,0,0,0,0
3381248,1651,0,10,2,3,1,4,-0.00277,0.00133,1.4076,1788,0,0,0,0,0,0,0,0,0,0,0,0,0,0,0,0,0,0,0,0,0
3383296,1652,0,8,0,5,0,3,-0.00066,0.00068,1.4657,1798,0,0,0,0,0,0,0,0,0,0,0,0,0,0,0,0,0,0,0,0,0
3385344,1653,0,5,0,2,1,2,-0.00112,0.00081,1.4646,1693,0,0,0,0,0,0,0,0,0,0,0,0,0,0,0,0,0,0,0,0,0
3387392,1654,0,7,0,4,1,2,-0.00151,0.00049,1.4607,1652,0,0,0,0,0,0,0,0,0,0,0,0,0,0,0,0,0,0,0,0,0
3389440,1655,0,9,0,3,1,5,-0.00021,0.001,1.4342,1752,0,0,0,0,0,0,0,0,0,0,0,0,0,0,0,0,0,0,0,0,0
3391488,1656,0,8,0,5,0,3,-0.00066,0.00064,1.4176,1816,0,0,0,0,0,0,0,0,0,0,0,0,0,0,0,0,0,0,0,0,0
3393536,1657,0,9,1,5,1,2,-0.00022,0.00217,1.4012,1707,0,0,0,0,0,0,0,0,0,0,0,0,0,0,0,0,0,0,0,0,0
3395584,1658,0,7,1,2,1,3,0.00055,0.00071,1.3979,1735,0,0,0,0,0,0,0,0,0,0,0,0,0,0,0,0,0,0,0,0,0
3397632,1659,0,10,0,5,1,4,-0.00036,0.0005,1.3989,1652,0,0,0,0,0,0,0,0,0,0,0,0,0,0,0,0,0,0,0,0,0
3399680,1660,0,7,0,5,1,1,-0.00162,0.00055,1.3908,1759,0,0,0,0,0,0,0,0,0,0,0,0,0,0,0,0,0,0,0,0,0
3401728,1661,0,7,0,2,1,4,-0.00151,0.00085,1.3365,1820,0,0,0,0,0,0,0,0,0,0,0,0,0,0,0,0,0,0,0,0,0
3403776,1662,0,2,0,0,1,1,-0.00048,0.00035,1.3244,1864,0,0,0,0,0,0,0,0,0,0,0,0,0,0,0,0,0,0,0,0,0
3405824,1663,0,4,0,1,0,3,-0.00201,0.00034,1.3593,1819,0,0,0,0,0,0,0,0,0,0,0,0,0,0,0,0,0,0,0,0,0
3407872,1664,0,7,0,1,0,6,-0.00141,0.00098,1.3474,1629,0,0,0,0,0,0,0,0,0,0,0,0,0,0,0,0,0,0,0,0,0
3409920,1665,0,7,0,2,0,5,0.00105,0.00073,1.3017,1688,0,0,0,0,0,0,0,0,0,0,0,0,0,0,0,0,0,0,0,0,0
3411968,1666,0,4,0,3,0,1,-0.00035,0.00059,1.342,1738,0,0,0,0,0,0,0,0,0,0,0,0,0,0,0,0,0,0,0,0,0
3414016,1667,0,12,2,8,0,2,-0.00224,0.00118,1.3775,1696,0,0,0,0,0,0,0,0,0,0,0,0,0,0,0,0,0,0,0,0,0
3416064,1668,0,8,0,4,0,4,-0.00048,0.00051,1.3862,1871,0,0,0,0,0,0,0,0,0,0,0,0,0,0,0,0,0,0,0,0,0
3418112,1669,0,3,0,1,1,1,-0.00092,0.00065,1.3997,1745,0,0,0,0,0,0,0,0,0,0,0,0,0,0,0,0,0,0,0,0,0
3420160,1670,0,7,2,2,0,3,-0.00067,0.00205,1.4189,1830,0,0,0,0,0,0,0,0,0,0,0,0,0,0,0,0,0,0,0,0,0
3422208,1671,0,9,1,3,0,5,-0.00047,0.00117,1.4257,1732,0,0,0,0,0,0,0,0,0,0,0,0,0,0,0,0,0,0,0,0,0
3424256,1672,0,9,0,4,1,4,8e-05,0.0006,1.4494,1815,0,0,0,0,0,0,0,0,0,0,0,0,0,0,0,0,0,0,0,0,0
3426304,1673,0,8,1,5,2,0,7e-05,0.00098,1.4554,1819,0,0,0,0,0,0,0,0,0,0,0,0,0,0,0,0,0,0,0,0,0
3428352,1674,0,7,1,5,0,1,-0.0005,0.00209,1.4801,1689,0,0,0,0,0,0,0,0,0,0,0,0,0,0,0,0,0,0,0,0,0
3430400,1675,0,9,0,4,0,5,0.00111,0.0004,1.4822,1750,0,0,0,0,0,0,0,0,0,0,0,0,0,0,0,0,0,0,0,0,0
3432448,1676,0,7,1,3,1,2,0.00045,0.0019,1.491,1724,0,0,0,0,0,0,0,0,0,0,0,0,0,0,0,0,0,0,0,0,0
3434496,1677,0,6,1,2,1,2,-0.00186,0.00104,1.5076,1805,0,0,0,0,0,0,0,0,0,0,0,0,0,0,0,0,0,0,0,0,0
3436544,1678,0,4,0,3,0,1,-0.00035,0.00034,1.5185,1909,0,0,0,0,0,0,0,0,0,0,0,0,0,0,0,0,0,0,0,0,0
3438592,1679,0,10,1,1,1,7,0.00047,0.00108,1.4929,1630,0,0,0,0,0,0,0,0,0,0,0,0,0,0,0,0,0,0,0,0,0
3440640,1680,0,7,0,3,2,2,-0.00039,0.00071,1.4988,1889,0,0,0,0,0,0,0,0,0,0,0,0,0,0,0,0,0,0,0,0,0
3442688,1681,0,7,0,4,2,1,-0.00069,0.00061,1.5168,1813,0,0,0,0,0,0,0,0,0,0,0,0,0,0,0,0,0,0,0,0,0
3444736,1682,0,5,1,2,0,2,0.00023,0.00092,1.492,1875,0,0,0,0,0,0,0,0,0,0,0,0,0,0,0,0,0,0,0,0,0
3446784,1683,0,7,1,2,0,4,0.00066,0.00056,1.5021,1795,0,0,0,0,0,0,0,0,0,0,0,0,0,0,0,0,0,0,0,0,0
3448832,1684,0,7,1,4,1,1,-0.00058,0.00124,1.4919,1646,0,0,0,0,0,0,0,0,0,0,0,0,0,0,0,0,0,0,0,0,0
3450880,1685,0,9,2,3,0,4,-0.0012,0.00139,1.4749,1773,0,0,0,0,0,0,0,0,0,0,0,0,0,0,0,0,0,0,0,0,0
3452928,1686,0,5,1,2,1,1,0.00012,0.00184,1.4756,1721,0,0,0,0,0,0,0,0,0,0,0,0,0,0,0,0,0,0,0,0,0
3454976,1687,0,11,0,7,2,2,-0.00148,0.00058,1.4857,1722,0,0,0,0,0,0,0,0,0,0,0,0,0,0,0,0,0,0,0,0,0
3457024,1688,0,9,0,4,0,5,-0.00033,0.00056,1.4828,1720,0,0,0,0,0,0,0,0,0,0,0,0,0,0,0,0,0,0,0,0,0
3459072,1689,0,4,1,2,0,1,0.00042,0.00101,1.493,1730,0,0,0,0,0,0,0,0,0,0,0,0,0,0,0,0,0,0,0,0,0
3461120,1690,0,5,0,4,0,1,0.00015,0.00059,1.4779,1597,0,0,0,0,0,0,0,0,0,0,0,0,0,0,0,0,0,0,0,0,0
3463168,1691,0,10,0,5,0,5,-0.00102,0.00057,1.4832,1764,0,0,0,0,0,0,0,0,0,0,0,0,0,0,0,0,0,0,0,0,0
3465216,1692,0,8,0,4,0,4,-0.00115,0.00074,1.4745,1735,0,0,0,0,0,0,0,0,0,0,0,0,0,0,0,0,0,0,0,0,0
3467264,1693,0,8,0,5,0,3,-0.00145,0.0006,1.482,1864,0,0,0,0,0,0,0,0,0,0,0,0,0,0,0,0,0,0,0,0,0
3469312,1694,0,8,1,4,0,3,-0.00027,0.00126,1.4992,1833,0,0,0,0,0,0,0,0,0,0,0,0,0,0,0,0,0,0,0,0,0
3471360,1695,0,5,0,1,0,4,-0.00038,0.00052,1.4909,1811,0,0,0,0,0,0,0,0,0,0,0,0,0,0,0,0,0,0,0,0,0
3473408,1696,0,4,0,2,0,2,-0.00072,0.00048,1.4869,1837,0,0,0,0,0,0,0,0,0,0,0,0,0,0,0,0,0,0,0,0,0
3475456,1697,0,8,0,5,0,3,-0.00044,0.00055,1.4868,1876,0,0,0,0,0,0,0,0,0,0,0,0,0,0,0,0,0,0,0,0,0
3477504,1698,0,6,1,3,0,2,-0.00194,0.00049,1.4678,1788,0,0,0,0,0,0,0,0,0,0,0,0,0,0,0,0,0,0,0,0,0
3479552,1699,0,11,1,4,0,6,-0.0005,0.00219,1.4391,1739,0,0,0,0,0,0,0,0,0,0,0,0,0,0,0,0,0,0,0,0,0
3481600,1700,0,7,3,2,0,2,-0.00131,0.002,1.3958,1682,0,0,0,0,0,0,0,0,0,0,0,0,0,0,0,0,0,0,0,0,0
3483648,1701,0,9,0,7,0,2,-0.00135,0.00047,1.3997,1809,0,0,0,0,0,0,0,0,0,0,0,0,0,0,0,0,0,0,0,0,0
3485696,1702,0,4,0,3,0,1,0.00045,0.00082,1.4116,1999,0,0,0,0,0,0,0,0,0,0,0,0,0,0,0,0,0,0,0,0,0
3487744,1703,0,11,0,3,2,6,-0.00035,0.00052,1.3826,1970,0,0,0,0,0,0,0,0,0,0,0,0,0,0,0,0,0,0,0,0,0
3489792,1704,0,10,0,7,0,3,-0.00023,0.0009,1.4027,1939,0,0,0,0,0,0,0,0,0,0,0,0,0,0,0,0,0,0,0,0,0
3491840,1705,0,10,1,5,1,3,-0.00043,0.00118,1.4094,1808,0,0,0,0,0,0,0,0,0,0,0,0,0,0,0,0,0,0,0,0,0
3493888,1706,0,4,0,3,1,0,-0.00069,0.00089,1.4008,1777,0,0,0,0,0,0,0,0,0,0,0,0,0,0,0,0,0,0,0,0,0
3495936,1707,0,11,0,4,2,5,-1e-05,0.0004,1.4091,1765,0,0,0,0,0,0,0,0,0,0,0,0,0,0,0,0,0,0,0,0,0
3497984,1708,0,1,0,0,0,1,0.00113,0.00045,1.4199,1872,0,0,0,0,0,0,0,0,0,0,0,0,0,0,0,0,0,0,0,0,0
3500032,1709,0,7,0,2,1,4,-0.00069,0.00062,1.4044,1803,0,0,0,0,0,0,0,0,0,0,0,0,0,0,0,0,0,0,0,0,0
3502080,1710,0,6,0,0,2,4,-0.00098,0.00076,1.3925,1775,0,0,0,0,0,0,0,0,0,0,0,0,0,0,0,0,0,0,0,0,0
3504128,1711,0,9,0,3,1,5,0.00044,0.00058,1.3877,1813,0,0,0,0,0,0,0,0,0,0,0,0,0,0,0,0,0,0,0,0,0
3506176,1712,0,4,0,3,0,1,0.00111,0.00044,1.3612,1664,0,0,0,0,0,0,0,0,0,0,0,0,0,0,0,0,0,0,0,0,0
3508224,1713,0,8,0,3,1,4,0.00123,0.00071,1.3681,1611,0,0,0,0,0,0,0,0,0,0,0,0,0,0,0,0,0,0,0,0,0
3510272,1714,0,7,0,2,1,4,-0.00019,0.00067,1.3701,1647,0,0,0,0,0,0,0,0,0,0,0,0,0,0,0,0,0,0,0,0,0
3512320,1715,0,11,0,7,0,4,0.00018,0.00077,1.3657,1482,0,0,0,0,0,0,0,0,0,0,0,0,0,0,0,0,0,0,0,0,0
3514368,1716,0,10,2,6,1,1,-0.00029,0.00341,1.3736,1423,0,0,0,0,0,0,0,0,0,0,0,0,0,0,0,0,0,0,0,0,0
3516416,1717,0,15,1,9,2,3,-0.001,0.00115,1.3715,1618,0,0,0,0,0,0,0,0,0,0,0,0,0,0,0,0,0,0,0,0,0
3518464,1718,0,9,0,8,0,1,-0.00663,0.00051,1.3476,1651,0,0,0,0,0,0,0,0,0,0,0,0,0,0,0,0,0,0,0,0,0
3520512,1719,0,6,0,3,2,1,-0.00264,0.00072,1.3805,1696,0,0,0,0,0,0,0,0,0,0,0,0,0,0,0,0,0,0,0,0,0
3522560,1720,0,7,0,3,1,3,8e-05,0.00087,1.4149,1728,0,0,0,0,0,0,0,0,0,0,0,0,0,0,0,0,0,0,0,0,0
3524608,1721,0,14,1,7,1,5,0.00164,0.00225,1.4295,1663,0,0,0,0,0,0,0,0,0,0,0,0,0,0,0,0,0,0,0,0,0
3526656,1722,0,2,0,0,0,2,-0.00062,0.0007,1.4525,1726,0,0,0,0,0,0,0,0,0,0,0,0,0,0,0,0,0,0,0,0,0
3528704,1723,0,10,0,5,2,3,-0.00027,0.00041,1.4687,1558,0,0,0,0,0,0,0,0,0,0,0,0,0,0,0,0,0,0,0,0,0
3530752,1724,0,5,1,2,0,2,-0.00077,0.00061,1.4825,1616,0,0,0,0,0,0,0,0,0,0,0,0,0,0,0,0,0,0,0,0,0
3532800,1725,0,7,0,2,0,5,-0.00112,0.00057,1.4958,1639,0,0,0,0,0,0,0,0,0,0,0,0,0,0,0,0,0,0,0,0,0
3534848,1726,0,8,1,6,1,0,-0.00085,0.00043,1.5211,1718,0,0,0,0,0,0,0,0,0,0,0,0,0,0,0,0,0,0,0,0,0
3536896,1727,0,10,0,5,0,5,-0.00113,0.00053,1.5309,1798,0,0,0,0,0,0,0,0,0,0,0,0,0,0,0,0,0,0,0,0,0
3538944,1728,0,8,0,3,2,3,-0.00211,0.0007,1.5037,1821,0,0,0,0,0,0,0,0,0,0,0,0,0,0,0,0,0,0,0,0,0
3540992,1729,0,8,1,5,0,2,-0.00076,0.00303,1.4815,1641,0,0,0,0,0,0,0,0,0,0,0,0,0,0,0,0,0,0,0,0,0
3543040,1730,0,11,0,8,0,3,-0.00071,0.0008,1.47,1716,0,0,0,0,0,0,0,0,0,0,0,0,0,0,0,0,0,0,0,0,0
3545088,1731,0,6,0,2,2,2,0.00168,0.00078,1.4706,1624,0,0,0,0,0,0,0,0,0,0,0,0,0,0,0,0,0,0,0,0,0
3547136,1732,0,8,0,3,0,5,-0.00021,0.00065,1.4681,1550,0,0,0,0,0,0,0,0,0,0,0,0,0,0,0,0,0,0,0,0,0
3549184,1733,0,6,0,1,2,3,0.00151,0.00054,1.4452,1563,0,0,0,0,0,0,0,0,0,0,0,0,0,0,0,0,0,0,0,0,0
3551232,1734,0,12,0,7,1,4,-0.00115,0.00086,1.4401,1464,0,0,0,0,0,0,0,0,0,0,0,0,0,0,0,0,0,0,0,0,0
3553280,1735,0,6,0,5,0,1,-0.00041,0.00057,1.4335,1556,0,0,0,0,0,0,0,0,0,0,0,0,0,0,0,0,0,0,0,0,0
3555328,1736,0,7,0,3,0,4,-0.00081,0.00062,1.3692,1608,0,0,0,0,0,0,0,0,0,0,0,0,0,0,0,0,0,0,0,0,0
3557376,1737,0,6,0,4,0,2,-0.00109,0.00076,1.3756,1679,0,0,0,0,0,0,0,0,0,0,0,0,0,0,0,0,0,0,0,0,0
3559424,1738,0,11,2,3,0,6,-0.00172,0.00238,1.3504,1584,0,0,0,0,0,0,0,0,0,0,0,0,0,0,0,0,0,0,0,0,0
3561472,1739,0,7,0,6,0,1,-0.00165,0.00035,1.3078,1627,0,0,0,0,0,0,0,0,0,0,0,0,0,0,0,0,0,0,0,0,0
3563520,1740,0,5,0,2,0,3,0.00019,0.00055,1.2987,1456,0,0,0,0,0,0,0,0,0,0,0,0,0,0,0,0,0,0,0,0,0
3565568,1741,0,9,0,4,2,3,-0.00332,0.00101,1.3515,1680,0,0,0,0,0,0,0,0,0,0,0,0,0,0,0,0,0,0,0,0,0
3567616,1742,0,15,1,8,1,5,-0.00166,0.00078,1.3864,1706,0,0,0,0,0,0,0,0,0,0,0,0,0,0,0,0,0,0,0,0,0
3569664,1743,0,6,0,5,1,0,-0.00267,0.00072,1.4232,1771,0,0,0,0,0,0,0,0,0,0,0,0,0,0,0,0,0,0,0,0,0
3571712,1744,0,5,0,1,2,2,-0.00195,0.00041,1.4585,1716,0,0,0,0,0,0,0,0,0,0,0,0,0,0,0,0,0,0,0,0,0
3573760,1745,0,12,1,6,1,4,-0.00069,0.00104,1.4507,1840,0,0,0,0,0,0,0,0,0,0,0,0,0,0,0,0,0,0,0,0,0
3575808,1746,0,8,1,2,0,5,-0.00181,0.00095,1.4257,1832,0,0,0,0,0,0,0,0,0,0,0,0,0,0,0,0,0,0,0,0,0
3577856,1747,0,5,0,5,0,0,0.00082,0.00072,1.4093,1699,0,0,0,0,0,0,0,0,0,0,0,0,0,0,0,0,0,0,0,0,0
3579904,1748,0,9,1,5,0,3,0.00224,0.00205,1.3821,1655,0,0,0,0,0,0,0,0,0,0,0,0,0,0,0,0,0,0,0,0,0
3581952,1749,0,4,0,1,0,3,-0.00166,0.00066,1.3898,1805,0,0,0,0,0,0,0,0,0,0,0,0,0,0,0,0,0,0,0,0,0
3584000,1750,0,6,1,0,0,5,-0.00165,0.00055,1.4461,1641,0,0,0,0,0,0,0,0,0,0,0,0,0,0,0,0,0,0,0,0,0
3586048,1751,0,4,0,3,1,0,0.00033,0.00058,1.4341,1720,0,0,0,0,0,0,0,0,0,0,0,0,0,0,0,0,0,0,0,0,0
3588096,1752,0,9,0,3,0,6,-0.0013,0.0006,1.4203,1858,0,0,0,0,0,0,0,0,0,0,0,0,0,0,0,0,0,0,0,0,0
3590144,1753,0,8,0,7,0,1,-0.00231,0.00039,1.4171,1795,0,0,0,0,0,0,0,0,0,0,0,0,0,0,0,0,0,0,0,0,0
3592192,1754,0,13,1,4,2,6,-0.00336,0.00096,1.4094,1673,0,0,0,0,0,0,0,0,0,0,0,0,0,0,0,0,0,0,0,0,0
3594240,1755,0,7,0,5,1,1,-0.00163,0.00051,1.4576,1709,0,0,0,0,0,0,0,0,0,0,0,0,0,0,0,0,0,0,0,0,0
3596288,1756,0,4,0,1,0,3,0.00107,0.00067,1.4821,1638,0,0,0,0,0,0,0,0,0,0,0,0,0,0,0,0,0,0,0,0,0
3598336,1757,0,12,1,5,2,4,-0.00153,0.0027,1.4838,1666,0,0,0,0,0,0,0,0,0,0,0,0,0,0,0,0,0,0,0,0,0
3600384,1758,0,14,0,8,2,4,-0.00386,0.00073,1.4523,1687,0,0,0,0,0,0,0,0,0,0,0,0,0,0,0,0,0,0,0,0,0
3602432,1759,0,7,0,7,0,0,-0.00053,0.00101,1.4422,1718,0,0,0,0,0,0,0,0,0,0,0,0,0,0,0,0,0,0,0,0,0
3604480,1760,0,1,0,1,0,0,-0.00162,0.00054,1.4388,1793,0,0,0,0,0,0,0,0,0,0,0,0,0,0,0,0,0,0,0,0,0
3606528,1761,0,8,0,3,0,5,-8e-05,0.0007,1.4446,1730,0,0,0,0,0,0,0,0,0,0,0,0,0,0,0,0,0,0,0,0,0
3608576,1762,0,11,0,4,1,6,-0.00235,0.00061,1.4518,1757,0,0,0,0,0,0,0,0,0,0,0,0,0,0,0,0,0,0,0,0,0
3610624,1763,0,11,0,9,0,2,-0.0003,0.00082,1.4615,1739,0,0,0,0,0,0,0,0,0,0,0,0,0,0,0,0,0,0,0,0,0
3612672,1764,0,1,1,0,0,0,-0.00022,0.00065,1.4878,1652,0,0,0,0,0,0,0,0,0,0,0,0,0,0,0,0,0,0,0,0,0
3614720,1765,0,6,1,1,2,2,-0.0035,0.00134,1.4485,1661,0,0,0,0,0,0,0,0,0,0,0,0,0,0,0,0,0,0,0,0,0
3616768,1766,0,8,1,4,0,3,-0.00361,0.00099,1.4177,1747,0,0,0,0,0,0,0,0,0,0,0,0,0,0,0,0,0,0,0,0,0
3618816,1767,0,10,0,4,1,5,-0.0023,0.00111,1.4158,1680,0,0,0,0,0,0,0,0,0,0,0,0,0,0,0,0,0,0,0,0,0
3620864,1768,0,7,1,6,0,0,-0.00175,0.00073,1.3936,1686,0,0,0,0,0,0,0,0,0,0,0,0,0,0,0,0,0,0,0,0,0
3622912,1769,0,7,0,2,1,4,0.00219,0.00056,1.3835,1782,0,0,0,0,0,0,0,0,0,0,0,0,0,0,0,0,0,0,0,0,0
3624960,1770,0,7,0,3,1,3,-0.00193,0.00078,1.3856,1692,0,0,0,0,0,0,0,0,0,0,0,0,0,0,0,0,0,0,0,0,0
3627008,1771,0,10,0,6,0,4,0.00058,0.00074,1.3602,1700,0,0,0,0,0,0,0,0,0,0,0,0,0,0,0,0,0,0,0,0,0
3629056,1772,0,10,1,5,2,2,-0.00285,0.00095,1.3487,1641,0,0,0,0,0,0,0,0,0,0,0,0,0,0,0,0,0,0,0,0,0
3631104,1773,0,3,0,0,0,3,-0.00202,0.00037,1.3971,1730,0,0,0,0,0,0,0,0,0,0,0,0,0,0,0,0,0,0,0,0,0
3633152,1774,0,2,0,0,0,2,-0.00232,0.00049,1.392,1698,0,0,0,0,0,0,0,0,0,0,0,0,0,0,0,0,0,0,0,0,0
3635200,1775,0,8,0,4,0,4,-0.00022,0.00067,1.388,1682,0,0,0,0,0,0,0,0,0,0,0,0,0,0,0,0,0,0,0,0,0
3637248,1776,0,13,0,3,3,7,-0.00067,0.0009,1.4076,1719,0,0,0,0,0,0,0,0,0,0,0,0,0,0,0,0,0,0,0,0,0
3639296,1777,0,5,0,2,2,1,-0.00207,0.00079,1.3919,1744,0,0,0,0,0,0,0,0,0,0,0,0,0,0,0,0,0,0,0,0,0
3641344,1778,0,5,0,3,1,1,-0.00293,0.00058,1.3884,1715,0,0,0,0,0,0,0,0,0,0,0,0,0,0,0,0,0,0,0,0,0
3643392,1779,0,10,0,3,1,6,-0.00141,0.00044,1.387,1655,0,0,0,0,0,0,0,0,0,0,0,0,0,0,0,0,0,0,0,0,0
3645440,1780,0,9,1,6,0,2,-0.00526,0.00224,1.3882,1688,0,0,0,0,0,0,0,0,0,0,0,0,0,0,0,0,0,0,0,0,0
3647488,1781,0,8,0,2,2,4,-0.0031,0.00086,1.3923,1453,0,0,0,0,0,0,0,0,0,0,0,0,0,0,0,0,0,0,0,0,0
3649536,1782,0,3,0,1,0,2,-0.00061,0.00044,1.3864,1548,0,0,0,0,0,0,0,0,0,0,0,0,0,0,0,0,0,0,0,0,0
3651584,1783,0,4,1,1,0,2,0.0016,0.00096,1.3764,1568,0,0,0,0,0,0,0,0,0,0,0,0,0,0,0,0,0,0,0,0,0
3653632,1784,0,8,1,3,0,4,0.00052,0.00055,1.353,1489,0,0,0,0,0,0,0,0,0,0,0,0,0,0,0,0,0,0,0,0,0
3655680,1785,0,16,0,8,2,6,-6e-05,0.00098,1.3513,1629,0,0,0,0,0,0,0,0,0,0,0,0,0,0,0,0,0,0,0,0,0
3657728,1786,0,8,1,7,0,0,-0.00062,0.00244,1.3327,1639,0,0,0,0,0,0,0,0,0,0,0,0,0,0,0,0,0,0,0,0,0
3659776,1787,0,7,4,1,0,2,-0.00028,0.00429,1.316,1638,0,0,0,0,0,0,0,0,0,0,0,0,0,0,0,0,0,0,0,0,0
3661824,1788,0,7,0,3,2,2,-0.00206,0.00081,1.3298,1460,0,0,0,0,0,0,0,0,0,0,0,0,0,0,0,0,0,0,0,0,0
3663872,1789,0,9,0,3,1,5,-0.00488,0.00063,1.3438,1655,0,0,0,0,0,0,0,0,0,0,0,0,0,0,0,0,0,0,0,0,0
3665920,1790,0,12,0,7,1,4,-0.00076,0.00041,1.3463,1513,0,0,0,0,0,0,0,0,0,0,0,0,0,0,0,0,0,0,0,0,0
3667968,1791,0,6,0,5,0,1,-0.0008,0.00089,1.3666,1570,0,0,0,0,0,0,0,0,0,0,0,0,0,0,0,0,0,0,0,0,0
3670016,1792,0,7,1,2,1,3,-0.00135,0.00129,1.3841,1683,0,0,0,0,0,0,0,0,0,0,0,0,0,0,0,0,0,0,0,0,0
3672064,1793,0,8,2,3,1,2,-0.00071,0.00159,1.3827,1674,0,0,0,0,0,0,0,0,0,0,0,0,0,0,0,0,0,0,0,0,0
3674112,1794,0,11,0,6,1,4,-0.00151,0.00068,1.3499,1517,0,0,0,0,0,0,0,0,0,0,0,0,0,0,0,0,0,0,0,0,0
3676160,1795,0,7,0,5,1,1,-0.00083,0.00085,1.3422,1660,0,0,0,0,0,0,0,0,0,0,0,0,0,0,0,0,0,0,0,0,0
3678208,1796,0,11,0,6,1,4,-0.00124,0.00066,1.3702,1560,0,0,0,0,0,0,0,0,0,0,0,0,0,0,0,0,0,0,0,0,0
3680256,1797,0,7,0,3,1,3,-0.00211,0.00097,1.3761,1673,0,0,0,0,0,0,0,0,0,0,0,0,0,0,0,0,0,0,0,0,0
3682304,1798,0,8,0,3,2,3,-0.00234,0.00069,1.3422,1458,0,0,0,0,0,0,0,0,0,0,0,0,0,0,0,0,0,0,0,0,0
3684352,1799,0,4,1,1,1,1,-0.00091,0.00099,1.3115,1446,0,0,0,0,0,0,0,0,0,0,0,0,0,0,0,0,0,0,0,0,0
3686400,1800,0,8,3,2,1,2,0.00053,0.0011,1.3082,1575,0,0,0,0,0,0,0,0,0,0,0,0,0,0,0,0,0,0,0,0,0
3688448,1801,0,9,0,3,1,5,-0.00067,0.00043,1.3399,1561,0,0,0,0,0,0,0,0,0,0,0,0,0,0,0,0,0,0,0,0,0
3690496,1802,0,8,0,5,1,2,-0.00114,0.00075,1.3422,1558,0,0,0,0,0,0,0,0,0,0,0,0,0,0,0,0,0,0,0,0,0
3692544,1803,0,5,0,3,0,2,-0.00063,0.00043,1.3447,1599,0,0,0,0,0,0,0,0,0,0,0,0,0,0,0,0,0,0,0,0,0
3694592,1804,0,7,1,3,0,3,0.00141,0.00063,1.3762,1488,0,0,0,0,0,0,0,0,0,0,0,0,0,0,0,0,0,0,0,0,0
3696640,1805,0,7,0,4,2,1,-0.00162,0.00077,1.3775,1519,0,0,0,0,0,0,0,0,0,0,0,0,0,0,0,0,0,0,0,0,0
3698688,1806,0,6,0,2,0,4,-0.0005,0.00085,1.3495,1502,0,0,0,0,0,0,0,0,0,0,0,0,0,0,0,0,0,0,0,0,0
3700736,1807,0,5,2,1,1,1,-0.00223,0.00144,1.3527,1562,0,0,0,0,0,0,0,0,0,0,0,0,0,0,0,0,0,0,0,0,0
3702784,1808,0,8,0,3,1,4,-0.00226,0.00053,1.3562,1593,0,0,0,0,0,0,0,0,0,0,0,0,0,0,0,0,0,0,0,0,0
3704832,1809,0,8,0,4,1,3,-0.00422,0.00092,1.3547,1596,0,0,0,0,0,0,0,0,0,0,0,0,0,0,0,0,0,0,0,0,0
3706880,1810,0,12,0,9,1,2,-0.00214,0.0011,1.3508,1464,0,0,0,0,0,0,0,0,0,0,0,0,0,0,0,0,0,0,0,0,0
3708928,1811,0,6,0,4,1,1,-0.00036,0.00055,1.3513,1476,0,0,0,0,0,0,0,0,0,0,0,0,0,0,0,0,0,0,0,0,0
3710976,1812,0,7,0,2,2,3,-0.00516,0.00029,1.3591,1507,0,0,0,0,0,0,0,0,0,0,0,0,0,0,0,0,0,0,0,0,0
3713024,1813,0,8,1,4,2,1,-0.00183,0.00095,1.3738,1669,0,0,0,0,0,0,0,0,0,0,0,0,0,0,0,0,0,0,0,0,0
3715072,1814,0,7,0,2,1,4,4e-05,0.00054,1.3551,1587,0,0,0,0,0,0,0,0,0,0,0,0,0,0,0,0,0,0,0,0,0
3717120,1815,0,5,0,3,1,1,0.00035,0.00071,1.3073,1636,0,0,0,0,0,0,0,0,0,0,0,0,0,0,0,0,0,0,0,0,0
3719168,1816,0,5,0,1,0,4,-0.00201,0.00049,1.2928,1661,0,0,0,0,0,0,0,0,0,0,0,0,0,0,0,0,0,0,0,0,0
3721216,1817,0,6,1,2,0,3,-0.00404,0.00148,1.3255,1707,0,0,0,0,0,0,0,0,0,0,0,0,0,0,0,0,0,0,0,0,0
3723264,1818,0,6,0,1,0,5,-0.00419,0.00051,1.3249,1661,0,0,0,0,0,0,0,0,0,0,0,0,0,0,0,0,0,0,0,0,0
3725312,1819,0,4,0,0,0,4,-0.00237,0.00043,1.3176,1497,0,0,0,0,0,0,0,0,0,0,0,0,0,0,0,0,0,0,0,0,0
3727360,1820,0,7,1,2,2,2,-0.00316,0.00128,1.3572,1545,0,0,0,0,0,0,0,0,0,0,0,0,0,0,0,0,0,0,0,0,0
3729408,1821,0,8,0,3,1,4,-0.00042,0.00126,1.3879,1448,0,0,0,0,0,0,0,0,0,0,0,0,0,0,0,0,0,0,0,0,0
3731456,1822,0,8,1,3,2,2,-0.00239,0.00097,1.3973,1546,0,0,0,0,0,0,0,0,0,0,0,0,0,0,0,0,0,0,0,0,0
3733504,1823,0,6,0,4,1,1,-0.0005,0.0008,1.414,1635,0,0,0,0,0,0,0,0,0,0,0,0,0,0,0,0,0,0,0,0,0
3735552,1824,0,12,2,5,1,4,0.00126,0.00213,1.4005,1581,0,0,0,0,0,0,0,0,0,0,0,0,0,0,0,0,0,0,0,0,0
3737600,1825,0,7,2,0,1,4,-0.00091,0.00195,1.4417,1636,0,0,0,0,0,0,0,0,0,0,0,0,0,0,0,0,0,0,0,0,0
3739648,1826,0,6,0,4,1,1,-0.00197,0.00048,1.4661,1580,0,0,0,0,0,0,0,0,0,0,0,0,0,0,0,0,0,0,0,0,0
3741696,1827,0,5,0,4,0,1,-7e-05,0.00077,1.4527,1564,0,0,0,0,0,0,0,0,0,0,0,0,0,0,0,0,0,0,0,0,0
3743744,1828,0,9,0,1,0,8,-0.00164,0.00031,1.4137,1547,0,0,0,0,0,0,0,0,0,0,0,0,0,0,0,0,0,0,0,0,0
3745792,1829,0,9,0,7,1,1,-0.00321,0.00084,1.3948,1574,0,0,0,0,0,0,0,0,0,0,0,0,0,0,0,0,0,0,0,0,0
3747840,1830,0,7,1,4,0,2,-0.00161,0.00185,1.4081,1678,0,0,0,0,0,0,0,0,0,0,0,0,0,0,0,0,0,0,0,0,0
3749888,1831,0,6,0,3,1,2,-0.0043,0.00056,1.4233,1676,0,0,0,0,0,0,0,0,0,0,0,0,0,0,0,0,0,0,0,0,0
3751936,1832,0,8,0,4,0,4,0.00168,0.00023,1.4207,1607,0,0,0,0,0,0,0,0,0,0,0,0,0,0,0,0,0,0,0,0,0
3753984,1833,0,8,1,4,0,3,-0.00094,0.00156,1.4031,1610,0,0,0,0,0,0,0,0,0,0,0,0,0,0,0,0,0,0,0,0,0
3756032,1834,0,7,0,1,1,5,-0.00404,0.00099,1.3692,1522,0,0,0,0,0,0,0,0,0,0,0,0,0,0,0,0,0,0,0,0,0
3758080,1835,0,6,0,2,1,3,-0.00396,0.00066,1.3915,1460,0,0,0,0,0,0,0,0,0,0,0,0,0,0,0,0,0,0,0,0,0
3760128,1836,0,4,0,2,1,1,-0.00101,0.00067,1.4305,1486,0,0,0,0,0,0,0,0,0,0,0,0,0,0,0,0,0,0,0,0,0
3762176,1837,0,7,0,2,1,4,-0.00428,0.00045,1.4571,1555,0,0,0,0,0,0,0,0,0,0,0,0,0,0,0,0,0,0,0,0,0
3764224,1838,0,8,0,3,1,4,-0.00085,0.00082,1.4665,1564,0,0,0,0,0,0,0,0,0,0,0,0,0,0,0,0,0,0,0,0,0
3766272,1839,0,8,1,2,1,4,0.00054,0.00153,1.475,1623,0,0,0,0,0,0,0,0,0,0,0,0,0,0,0,0,0,0,0,0,0
3768320,1840,0,5,1,2,1,1,-0.0018,0.00119,1.48,1679,0,0,0,0,0,0,0,0,0,0,0,0,0,0,0,0,0,0,0,0,0
3770368,1841,0,6,0,3,1,2,0.0025,0.00063,1.4745,1591,0,0,0,0,0,0,0,0,0,0,0,0,0,0,0,0,0,0,0,0,0
3772416,1842,0,6,0,2,0,4,0.00142,0.00062,1.4246,1624,0,0,0,0,0,0,0,0,0,0,0,0,0,0,0,0,0,0,0,0,0
3774464,1843,0,5,0,1,0,4,-0.0026,0.00054,1.4119,1623,0,0,0,0,0,0,0,0,0,0,0,0,0,0,0,0,0,0,0,0,0
3776512,1844,0,8,1,3,1,3,0.00134,0.00096,1.4294,1633,0,0,0,0,0,0,0,0,0,0,0,0,0,0,0,0,0,0,0,0,0
3778560,1845,0,1,1,0,0,0,4e-05,0.00125,1.4209,1657,0,0,0,0,0,0,0,0,0,0,0,0,0,0,0,0,0,0,0,0,0
3780608,1846,0,9,0,2,2,5,-0.00131,0.00061,1.424,1682,0,0,0,0,0,0,0,0,0,0,0,0,0,0,0,0,0,0,0,0,0
3782656,1847,0,8,0,5,1,2,-0.00268,0.00043,1.423,1601,0,0,0,0,0,0,0,0,0,0,0,0,0,0,0,0,0,0,0,0,0
3784704,1848,0,9,0,3,0,6,-0.00056,0.00097,1.4198,1546,0,0,0,0,0,0,0,0,0,0,0,0,0,0,0,0,0,0,0,0,0
3786752,1849,0,2,1,0,0,1,-0.00274,0.00059,1.3705,1575,0,0,0,0,0,0,0,0,0,0,0,0,0,0,0,0,0,0,0,0,0
3788800,1850,0,9,1,5,1,2,-0.00211,0.00105,1.3514,1543,0,0,0,0,0,0,0,0,0,0,0,0,0,0,0,0,0,0,0,0,0
3790848,1851,0,8,1,4,0,3,-0.00185,0.00135,1.3308,1601,0,0,0,0,0,0,0,0,0,0,0,0,0,0,0,0,0,0,0,0,0
3792896,1852,0,7,0,4,1,2,-0.00012,0.00039,1.319,1522,0,0,0,0,0,0,0,0,0,0,0,0,0,0,0,0,0,0,0,0,0
3794944,1853,0,3,0,2,1,0,-0.0007,0.0008,1.3082,1585,0,0,0,0,0,0,0,0,0,0,0,0,0,0,0,0,0,0,0,0,0
3796992,1854,0,8,0,2,0,6,-0.00328,0.00038,1.3232,1630,0,0,0,0,0,0,0,0,0,0,0,0,0,0,0,0,0,0,0,0,0
3799040,1855,0,8,0,5,1,2,0.00467,0.00083,1.3328,1738,0,0,0,0,0,0,0,0,0,0,0,0,0,0,0,0,0,0,0,0,0
3801088,1856,0,5,1,4,0,0,0.00083,0.00073,1.3657,1708,0,0,0,0,0,0,0,0,0,0,0,0,0,0,0,0,0,0,0,0,0
3803136,1857,0,7,0,4,1,2,-0.00231,0.00048,1.3999,1725,0,0,0,0,0,0,0,0,0,0,0,0,0,0,0,0,0,0,0,0,0
3805184,1858,0,8,1,3,0,4,0.00051,0.00091,1.4043,1572,0,0,0,0,0,0,0,0,0,0,0,0,0,0,0,0,0,0,0,0,0
3807232,1859,0,6,1,1,1,3,-0.00092,0.00094,1.3821,1560,0,0,0,0,0,0,0,0,0,0,0,0,0,0,0,0,0,0,0,0,0
3809280,1860,0,6,1,4,0,1,-0.00119,0.00181,1.4076,1478,0,0,0,0,0,0,0,0,0,0,0,0,0,0,0,0,0,0,0,0,0
3811328,1861,0,7,0,2,1,4,0.00177,0.00046,1.452,1583,0,0,0,0,0,0,0,0,0,0,0,0,0,0,0,0,0,0,0,0,0
3813376,1862,0,15,0,11,0,4,-0.00485,0.00101,1.4941,1569,0,0,0,0,0,0,0,0,0,0,0,0,0,0,0,0,0,0,0,0,0
3815424,1863,0,5,0,2,1,2,0.00042,0.00087,1.5346,1520,0,0,0,0,0,0,0,0,0,0,0,0,0,0,0,0,0,0,0,0,0
3817472,1864,0,7,1,1,2,3,-0.00024,0.00093,1.5399,1555,0,0,0,0,0,0,0,0,0,0,0,0,0,0,0,0,0,0,0,0,0
3819520,1865,0,3,0,1,0,2,-0.00024,0.00057,1.552,1620,0,0,0,0,0,0,0,0,0,0,0,0,0,0,0,0,0,0,0,0,0
3821568,1866,0,10,0,3,0,7,0.0061,0.00061,1.5448,1758,0,0,0,0,0,0,0,0,0,0,0,0,0,0,0,0,0,0,0,0,0
3823616,1867,0,4,0,2,1,1,-0.00233,0.00069,1.4552,1652,0,0,0,0,0,0,0,0,0,0,0,0,0,0,0,0,0,0,0,0,0
3825664,1868,0,13,0,7,1,5,-0.00241,0.00066,1.3826,1566,0,0,0,0,0,0,0,0,0,0,0,0,0,0,0,0,0,0,0,0,0
3827712,1869,0,3,1,1,0,1,-0.00268,0.00212,1.3396,1746,0,0,0,0,0,0,0,0,0,0,0,0,0,0,0,0,0,0,0,0,0
3829760,1870,0,10,2,4,1,3,-0.00168,0.00215,1.3551,1686,0,0,0,0,0,0,0,0,0,0,0,0,0,0,0,0,0,0,0,0,0
3831808,1871,0,8,1,4,3,0,-0.00023,0.00237,1.3609,1599,0,0,0,0,0,0,0,0,0,0,0,0,0,0,0,0,0,0,0,0,0
3833856,1872,0,9,1,3,2,3,0.00134,0.00153,1.36,1634,0,0,0,0,0,0,0,0,0,0,0,0,0,0,0,0,0,0,0,0,0
3835904,1873,0,3,0,2,1,0,0.00052,0.0002,1.3581,1718,0,0,0,0,0,0,0,0,0,0,0,0,0,0,0,0,0,0,0,0,0
3837952,1874,0,7,0,4,0,3,0.00267,0.00072,1.382,1654,0,0,0,0,0,0,0,0,0,0,0,0,0,0,0,0,0,0,0,0,0
3840000,1875,0,10,1,4,1,4,-0.00061,0.00116,1.4132,1615,0,0,0,0,0,0,0,0,0,0,0,0,0,0,0,0,0,0,0,0,0
3842048,1876,0,9,1,2,2,4,0.00039,0.00092,1.4436,1525,0,0,0,0,0,0,0,0,0,0,0,0,0,0,0,0,0,0,0,0,0
3844096,1877,0,4,0,4,0,0,-0.00285,0.00055,1.4817,1571,0,0,0,0,0,0,0,0,0,0,0,0,0,0,0,0,0,0,0,0,0
3846144,1878,0,12,0,7,0,5,-0.00686,0.00052,1.5339,1632,0,0,0,0,0,0,0,0,0,0,0,0,0,0,0,0,0,0,0,0,0
3848192,1879,0,9,0,3,3,3,0.00877,0.00082,1.4869,1563,0,0,0,0,0,0,0,0,0,0,0,0,0,0,0,0,0,0,0,0,0
3850240,1880,0,12,0,8,0,4,0.00245,0.00084,1.4316,1469,0,0,0,0,0,0,0,0,0,0,0,0,0,0,0,0,0,0,0,0,0
3852288,1881,0,6,0,4,1,1,-0.00207,0.00053,1.4081,1566,0,0,0,0,0,0,0,0,0,0,0,0,0,0,0,0,0,0,0,0,0
3854336,1882,0,6,0,4,0,2,-0.0001,0.00063,1.3769,1481,0,0,0,0,0,0,0,0,0,0,0,0,0,0,0,0,0,0,0,0,0
3856384,1883,0,9,0,1,2,6,0.00036,0.00055,1.3973,1534,0,0,0,0,0,0,0,0,0,0,0,0,0,0,0,0,0,0,0,0,0
3858432,1884,0,7,1,2,1,3,-0.00182,0.00131,1.4271,1477,0,0,0,0,0,0,0,0,0,0,0,0,0,0,0,0,0,0,0,0,0
3860480,1885,0,7,2,4,1,0,-0.00169,0.00189,1.4404,1682,0,0,0,0,0,0,0,0,0,0,0,0,0,0,0,0,0,0,0,0,0
3862528,1886,0,9,0,6,0,3,6e-05,0.00068,1.4303,1676,0,0,0,0,0,0,0,0,0,0,0,0,0,0,0,0,0,0,0,0,0
3864576,1887,0,5,0,2,0,3,-0.00013,0.00046,1.4319,1689,0,0,0,0,0,0,0,0,0,0,0,0,0,0,0,0,0,0,0,0,0
3866624,1888,0,8,1,3,2,2,-0.00032,0.00122,1.4507,1584,0,0,0,0,0,0,0,0,0,0,0,0,0,0,0,0,0,0,0,0,0
3868672,1889,0,9,0,6,1,2,-0.00102,0.00074,1.4149,1640,0,0,0,0,0,0,0,0,0,0,0,0,0,0,0,0,0,0,0,0,0
3870720,1890,0,4,0,1,1,2,-0.00038,0.00046,1.422,1488,0,0,0,0,0,0,0,0,0,0,0,0,0,0,0,0,0,0,0,0,0
3872768,1891,0,7,0,2,1,4,-0.0012,0.00036,1.4391,1661,0,0,0,0,0,0,0,0,0,0,0,0,0,0,0,0,0,0,0,0,0
3874816,1892,0,3,0,0,1,2,-0.00172,0.00065,1.4677,1490,0,0,0,0,0,0,0,0,0,0,0,0,0,0,0,0,0,0,0,0,0
3876864,1893,0,8,0,2,1,5,-0.00219,0.00065,1.4668,1455,0,0,0,0,0,0,0,0,0,0,0,0,0,0,0,0,0,0,0,0,0
3878912,1894,0,4,1,2,0,1,0.00066,0.0008,1.4767,1565,0,0,0,0,0,0,0,0,0,0,0,0,0,0,0,0,0,0,0,0,0
3880960,1895,0,7,0,4,0,3,-0.00042,0.00052,1.4853,1612,0,0,0,0,0,0,0,0,0,0,0,0,0,0,0,0,0,0,0,0,0
3883008,1896,0,5,0,3,1,1,-0.00311,0.00057,1.4767,1581,0,0,0,0,0,0,0,0,0,0,0,0,0,0,0,0,0,0,0,0,0
3885056,1897,0,11,0,4,0,7,-0.00019,0.00096,1.4866,1534,0,0,0,0,0,0,0,0,0,0,0,0,0,0,0,0,0,0,0,0,0
3887104,1898,0,5,0,4,1,0,-0.00397,0.00042,1.5305,1504,0,0,0,0,0,0,0,0,0,0,0,0,0,0,0,0,0,0,0,0,0
3889152,1899,0,9,1,7,0,1,-0.00205,0.00225,1.5519,1624,0,0,0,0,0,0,0,0,0,0,0,0,0,0,0,0,0,0,0,0,0
3891200,1900,0,8,0,8,0,0,-0.00099,0.0007,1.5706,1535,0,0,0,0,0,0,0,0,0,0,0,0,0,0,0,0,0,0,0,0,0
3893248,1901,0,11,0,4,1,6,-0.00067,0.00074,1.5667,1562,0,0,0,0,0,0,0,0,0,0,0,0,0,0,0,0,0,0,0,0,0
3895296,1902,0,6,0,5,0,1,-0.00133,0.00095,1.5464,1476,0,0,0,0,0,0,0,0,0,0,0,0,0,0,0,0,0,0,0,0,0
3897344,1903,0,12,1,8,1,2,-0.00063,0.0006,1.5655,1533,0,0,0,0,0,0,0,0,0,0,0,0,0,0,0,0,0,0,0,0,0
3899392,1904,0,11,0,5,1,5,-0.00441,0.00078,1.5883,1648,0,0,0,0,0,0,0,0,0,0,0,0,0,0,0,0,0,0,0,0,0
3901440,1905,0,8,1,4,1,2,2e-05,0.00114,1.5564,1547,0,0,0,0,0,0,0,0,0,0,0,0,0,0,0,0,0,0,0,0,0
3903488,1906,0,4,1,1,1,1,-0.00163,0.00106,1.5336,1484,0,0,0,0,0,0,0,0,0,0,0,0,0,0,0,0,0,0,0,0,0
3905536,1907,0,9,0,6,0,3,0.00016,0.00076,1.5505,1432,0,0,0,0,0,0,0,0,0,0,0,0,0,0,0,0,0,0,0,0,0
3907584,1908,0,7,0,1,2,4,-0.00131,0.00047,1.5269,1568,0,0,0,0,0,0,0,0,0,0,0,0,0,0,0,0,0,0,0,0,0
3909632,1909,0,5,0,2,0,3,0.00101,0.00048,1.5137,1621,0,0,0,0,0,0,0,0,0,0,0,0,0,0,0,0,0,0,0,0,0
3911680,1910,0,13,0,7,3,3,-0.00046,0.0006,1.5143,1688,0,0,0,0,0,0,0,0,0,0,0,0,0,0,0,0,0,0,0,0,0
3913728,1911,0,4,0,3,0,1,-0.00042,0.00048,1.524,1550,0,0,0,0,0,0,0,0,0,0,0,0,0,0,0,0,0,0,0,0,0
3915776,1912,0,6,0,3,0,3,-0.0005,0.00038,1.5152,1560,0,0,0,0,0,0,0,0,0,0,0,0,0,0,0,0,0,0,0,0,0
3917824,1913,0,2,0,1,0,1,-0.00313,0.00049,1.4964,1494,0,0,0,0,0,0,0,0,0,0,0,0,0,0,0,0,0,0,0,0,0
3919872,1914,0,9,0,2,0,7,-0.00112,0.00048,1.4754,1378,0,0,0,0,0,0,0,0,0,0,0,0,0,0,0,0,0,0,0,0,0
3921920,1915,0,7,0,3,1,3,-0.00147,0.00065,1.4631,1510,0,0,0,0,0,0,0,0,0,0,0,0,0,0,0,0,0,0,0,0,0
3923968,1916,0,5,0,2,0,3,-0.00054,0.00036,1.4582,1481,0,0,0,0,0,0,0,0,0,0,0,0,0,0,0,0,0,0,0,0,0
3926016,1917,0,8,1,1,1,5,-0.00211,0.00193,1.4483,1472,0,0,0,0,0,0,0,0,0,0,0,0,0,0,0,0,0,0,0,0,0
3928064,1918,0,6,0,3,0,3,-0.00059,0.00079,1.4193,1574,0,0,0,0,0,0,0,0,0,0,0,0,0,0,0,0,0,0,0,0,0
3930112,1919,0,9,0,4,1,4,0.00019,0.00063,1.4085,1598,0,0,0,0,0,0,0,0,0,0,0,0,0,0,0,0,0,0,0,0,0
3932160,1920,0,4,0,3,0,1,-0.00036,0.00045,1.3891,1561,0,0,0,0,0,0,0,0,0,0,0,0,0,0,0,0,0,0,0,0,0
3934208,1921,0,11,1,2,3,5,-0.00085,0.0014,1.3943,1549,0,0,0,0,0,0,0,0,0,0,0,0,0,0,0,0,0,0,0,0,0
3936256,1922,0,7,0,5,0,2,-0.00163,0.00071,1.4335,1482,0,0,0,0,0,0,0,0,0,0,0,0,0,0,0,0,0,0,0,0,0
3938304,1923,0,3,0,1,1,1,-0.00232,0.00048,1.4403,1705,0,0,0,0,0,0,0,0,0,0,0,0,0,0,0,0,0,0,0,0,0
3940352,1924,0,5,0,0,1,4,-0.00495,0.00033,1.4266,1760,0,0,0,0,0,0,0,0,0,0,0,0,0,0,0,0,0,0,0,0,0
3942400,1925,0,13,0,7,2,4,-0.00173,0.00102,1.4457,1707,0,0,0,0,0,0,0,0,0,0,0,0,0,0,0,0,0,0,0,0,0
3944448,1926,0,6,1,3,0,2,0.00231,0.00189,1.4055,1512,0,0,0,0,0,0,0,0,0,0,0,0,0,0,0,0,0,0,0,0,0
3946496,1927,0,12,1,7,2,2,-0.00154,0.00149,1.3941,1549,0,0,0,0,0,0,0,0,0,0,0,0,0,0,0,0,0,0,0,0,0
3948544,1928,0,8,0,6,0,2,-0.00203,0.00087,1.4083,1336,0,0,0,0,0,0,0,0,0,0,0,0,0,0,0,0,0,0,0,0,0
3950592,1929,0,7,0,4,0,3,-0.00359,0.00071,1.4075,1588,0,0,0,0,0,0,0,0,0,0,0,0,0,0,0,0,0,0,0,0,0
3952640,1930,0,12,2,7,0,3,-0.00113,0.00153,1.38,1569,0,0,0,0,0,0,0,0,0,0,0,0,0,0,0,0,0,0,0,0,0
3954688,1931,0,7,0,3,1,3,-0.00223,0.00071,1.3954,1599,0,0,0,0,0,0,0,0,0,0,0,0,0,0,0,0,0,0,0,0,0
3956736,1932,0,5,0,1,1,3,0.00014,0.00078,1.4161,1784,0,0,0,0,0,0,0,0,0,0,0,0,0,0,0,0,0,0,0,0,0
3958784,1933,0,6,0,5,0,1,-0.00063,0.00041,1.4583,1623,0,0,0,0,0,0,0,0,0,0,0,0,0,0,0,0,0,0,0,0,0
3960832,1934,0,9,1,2,3,3,-0.00201,0.00226,1.446,1555,0,0,0,0,0,0,0,0,0,0,0,0,0,0,0,0,0,0,0,0,0
3962880,1935,0,12,1,7,0,4,-0.00232,0.00073,1.4547,1583,0,0,0,0,0,0,0,0,0,0,0,0,0,0,0,0,0,0,0,0,0
3964928,1936,0,12,0,10,1,1,-0.00031,0.00104,1.4391,1638,0,0,0,0,0,0,0,0,0,0,0,0,0,0,0,0,0,0,0,0,0
3966976,1937,0,5,1,3,0,1,-0.00151,0.0015,1.4153,1616,0,0,0,0,0,0,0,0,0,0,0,0,0,0,0,0,0,0,0,0,0
3969024,1938,0,10,1,5,3,1,-0.00221,0.00182,1.4082,1580,0,0,0,0,0,0,0,0,0,0,0,0,0,0,0,0,0,0,0,0,0
3971072,1939,0,9,0,4,1,4,-0.00211,0.00105,1.386,1618,0,0,0,0,0,0,0,0,0,0,0,0,0,0,0,0,0,0,0,0,0
3973120,1940,0,6,0,5,0,1,0.00422,0.00065,1.3846,1712,0,0,0,0,0,0,0,0,0,0,0,0,0,0,0,0,0,0,0,0,0
3975168,1941,0,6,0,4,1,1,0.00071,0.00052,1.3893,1687,0,0,0,0,0,0,0,0,0,0,0,0,0,0,0,0,0,0,0,0,0
3977216,1942,0,9,0,5,0,4,-0.00387,0.0007,1.4365,1581,0,0,0,0,0,0,0,0,0,0,0,0,0,0,0,0,0,0,0,0,0
3979264,1943,0,11,0,6,1,4,0.01597,0.0005,1.4579,1595,0,0,0,0,0,0,0,0,0,0,0,0,0,0,0,0,0,0,0,0,0
3981312,1944,0,3,1,1,0,1,0.00248,0.0005,1.4285,1570,0,0,0,0,0,0,0,0,0,0,0,0,0,0,0,0,0,0,0,0,0
3983360,1945,0,7,0,3,0,4,0.00035,0.00069,1.3524,1536,0,0,0,0,0,0,0,0,0,0,0,0,0,0,0,0,0,0,0,0,0
3985408,1946,0,5,0,2,0,3,-0.00042,0.00035,1.3135,1470,0,0,0,0,0,0,0,0,0,0,0,0,0,0,0,0,0,0,0,0,0
3987456,1947,0,9,2,3,0,4,0.00156,0.00126,1.3693,1501,0,0,0,0,0,0,0,0,0,0,0,0,0,0,0,0,0,0,0,0,0
3989504,1948,0,4,0,2,1,1,-0.00157,0.00072,1.4101,1461,0,0,0,0,0,0,0,0,0,0,0,0,0,0,0,0,0,0,0,0,0
3991552,1949,0,10,0,6,1,3,0.00252,0.00082,1.4048,1551,0,0,0,0,0,0,0,0,0,0,0,0,0,0,0,0,0,0,0,0,0
3993600,1950,0,4,0,1,1,2,-0.00085,0.00047,1.4252,1647,0,0,0,0,0,0,0,0,0,0,0,0,0,0,0,0,0,0,0,0,0
3995648,1951,0,10,1,3,0,6,-0.00124,0.00177,1.4511,1584,0,0,0,0,0,0,0,0,0,0,0,0,0,0,0,0,0,0,0,0,0
3997696,1952,0,4,0,2,0,2,-0.00062,0.00051,1.4594,1572,0,0,0,0,0,0,0,0,0,0,0,0,0,0,0,0,0,0,0,0,0
3999744,1953,0,12,1,6,0,5,0.00035,0.00167,1.4782,1611,0,0,0,0,0,0,0,0,0,0,0,0,0,0,0,0,0,0,0,0,0
4001792,1954,0,4,1,2,1,0,-0.00177,0.00094,1.4422,1687,0,0,0,0,0,0,0,0,0,0,0,0,0,0,0,0,0,0,0,0,0
4003840,1955,0,11,0,5,2,4,-0.00166,0.00053,1.4546,1684,0,0,0,0,0,0,0,0,0,0,0,0,0,0,0,0,0,0,0,0,0
4005888,1956,0,6,0,3,1,2,0.00078,0.00069,1.4593,1713,0,0,0,0,0,0,0,0,0,0,0,0,0,0,0,0,0,0,0,0,0
4007936,1957,0,8,2,2,0,4,0.00032,0.00264,1.4559,1700,0,0,0,0,0,0,0,0,0,0,0,0,0,0,0,0,0,0,0,0,0
4009984,1958,0,7,0,3,2,2,-0.00164,0.00082,1.4907,1672,0,0,0,0,0,0,0,0,0,0,0,0,0,0,0,0,0,0,0,0,0
4012032,1959,0,5,1,3,0,1,0.00185,0.00071,1.5145,1625,0,0,0,0,0,0,0,0,0,0,0,0,0,0,0,0,0,0,0,0,0
4014080,1960,0,6,0,2,0,4,0.00156,0.0005,1.5233,1622,0,0,0,0,0,0,0,0,0,0,0,0,0,0,0,0,0,0,0,0,0
4016128,1961,0,13,0,6,2,5,-0.00411,0.00089,1.4777,1593,0,0,0,0,0,0,0,0,0,0,0,0,0,0,0,0,0,0,0,0,0
4018176,1962,0,12,0,9,1,2,0.00136,0.00101,1.5187,1634,0,0,0,0,0,0,0,0,0,0,0,0,0,0,0,0,0,0,0,0,0
4020224,1963,0,6,0,6,0,0,-6e-05,0.00044,1.5151,1739,0,0,0,0,0,0,0,0,0,0,0,0,0,0,0,0,0,0,0,0,0
4022272,1964,0,8,2,3,0,3,-0.00011,0.00126,1.5206,1630,0,0,0,0,0,0,0,0,0,0,0,0,0,0,0,0,0,0,0,0,0
4024320,1965,0,9,0,4,2,3,-0.00417,0.00069,1.4694,1737,0,0,0,0,0,0,0,0,0,0,0,0,0,0,0,0,0,0,0,0,0
4026368,1966,0,3,0,1,1,1,0.00112,0.00058,1.45,1688,0,0,0,0,0,0,0,0,0,0,0,0,0,0,0,0,0,0,0,0,0
4028416,1967,0,7,1,2,0,4,0.00078,0.00099,1.4653,1765,0,0,0,0,0,0,0,0,0,0,0,0,0,0,0,0,0,0,0,0,0
4030464,1968,0,7,1,2,1,3,0.00058,0.00225,1.4715,1677,0,0,0,0,0,0,0,0,0,0,0,0,0,0,0,0,0,0,0,0,0
4032512,1969,0,6,0,2,1,3,0.00047,0.00081,1.4453,1600,0,0,0,0,0,0,0,0,0,0,0,0,0,0,0,0,0,0,0,0,0
4034560,1970,0,4,1,2,0,1,-0.00114,0.00116,1.4664,1682,0,0,0,0,0,0,0,0,0,0,0,0,0,0,0,0,0,0,0,0,0
4036608,1971,0,5,0,0,2,3,-0.00067,0.00061,1.4533,1709,0,0,0,0,0,0,0,0,0,0,0,0,0,0,0,0,0,0,0,0,0
4038656,1972,0,7,0,2,1,4,-0.00358,0.00077,1.4601,1680,0,0,0,0,0,0,0,0,0,0,0,0,0,0,0,0,0,0,0,0,0
4040704,1973,0,10,2,5,0,3,-0.00126,0.00153,1.4335,1592,0,0,0,0,0,0,0,0,0,0,0,0,0,0,0,0,0,0,0,0,0
4042752,1974,0,4,0,1,2,1,-0.00206,0.00046,1.4189,1497,0,0,0,0,0,0,0,0,0,0,0,0,0,0,0,0,0,0,0,0,0
4044800,1975,0,8,0,5,0,3,-0.00321,0.00085,1.3876,1517,0,0,0,0,0,0,0,0,0,0,0,0,0,0,0,0,0,0,0,0,0
4046848,1976,0,9,2,4,0,3,-0.00293,0.00206,1.3531,1663,0,0,0,0,0,0,0,0,0,0,0,0,0,0,0,0,0,0,0,0,0
4048896,1977,0,6,0,2,0,4,-0.00048,0.00045,1.3548,1636,0,0,0,0,0,0,0,0,0,0,0,0,0,0,0,0,0,0,0,0,0
4050944,1978,0,6,0,5,1,0,-0.00185,0.00048,1.349,1664,0,0,0,0,0,0,0,0,0,0,0,0,0,0,0,0,0,0,0,0,0
4052992,1979,0,8,0,4,0,4,-0.00175,0.00062,1.3144,1700,0,0,0,0,0,0,0,0,0,0,0,0,0,0,0,0,0,0,0,0,0
4055040,1980,0,10,0,5,0,5,-0.00259,0.00031,1.3521,1732,0,0,0,0,0,0,0,0,0,0,0,0,0,0,0,0,0,0,0,0,0
4057088,1981,0,6,0,3,1,2,-0.00114,0.00075,1.3643,1634,0,0,0,0,0,0,0,0,0,0,0,0,0,0,0,0,0,0,0,0,0
4059136,1982,0,6,0,5,0,1,-0.00196,0.00048,1.382,1683,0,0,0,0,0,0,0,0,0,0,0,0,0,0,0,0,0,0,0,0,0
4061184,1983,0,7,1,2,0,4,-0.00176,0.00071,1.416,1579,0,0,0,0,0,0,0,0,0,0,0,0,0,0,0,0,0,0,0,0,0
4063232,1984,0,9,1,3,1,4,0.00077,0.00117,1.421,1673,0,0,0,0,0,0,0,0,0,0,0,0,0,0,0,0,0,0,0,0,0
4065280,1985,0,11,0,7,2,2,-0.00047,0.00081,1.4093,1728,0,0,0,0,0,0,0,0,0,0,0,0,0,0,0,0,0,0,0,0,0
4067328,1986,0,5,0,2,1,2,0.0008,0.00086,1.4043,1561,0,0,0,0,0,0,0,0,0,0,0,0,0,0,0,0,0,0,0,0,0
4069376,1987,0,9,0,3,3,3,-0.00205,0.00034,1.4082,1523,0,0,0,0,0,0,0,0,0,0,0,0,0,0,0,0,0,0,0,0,0
4071424,1988,0,4,0,1,0,3,-8e-05,0.0006,1.4207,1630,0,0,0,0,0,0,0,0,0,0,0,0,0,0,0,0,0,0,0,0,0
4073472,1989,0,3,0,0,2,1,-0.00023,0.0009,1.4121,1547,0,0,0,0,0,0,0,0,0,0,0,0,0,0,0,0,0,0,0,0,0
4075520,1990,0,10,0,4,2,4,-0.00155,0.00041,1.4111,1514,0,0,0,0,0,0,0,0,0,0,0,0,0,0,0,0,0,0,0,0,0
4077568,1991,0,7,0,2,0,5,-0.00055,0.00068,1.3965,1542,0,0,0,0,0,0,0,0,0,0,0,0,0,0,0,0,0,0,0,0,0
4079616,1992,0,5,0,3,0,2,0.00018,0.00079,1.3813,1546,0,0,0,0,0,0,0,0,0,0,0,0,0,0,0,0,0,0,0,0,0
4081664,1993,0,6,0,3,2,1,-0.00334,0.00058,1.3905,1525,0,0,0,0,0,0,0,0,0,0,0,0,0,0,0,0,0,0,0,0,0
4083712,1994,0,9,1,2,1,5,-0.00121,0.00243,1.3889,1608,0,0,0,0,0,0,0,0,0,0,0,0,0,0,0,0,0,0,0,0,0
4085760,1995,0,8,1,4,2,1,0.00023,0.00146,1.3917,1626,0,0,0,0,0,0,0,0,0,0,0,0,0,0,0,0,0,0,0,0,0
4087808,1996,0,7,0,5,0,2,-0.00124,0.00055,1.3882,1518,0,0,0,0,0,0,0,0,0,0,0,0,0,0,0,0,0,0,0,0,0
4089856,1997,0,5,0,3,0,2,-0.0045,0.00073,1.3565,1566,0,0,0,0,0,0,0,0,0,0,0,0,0,0,0,0,0,0,0,0,0
4091904,1998,0,11,0,4,1,6,1e-05,0.00078,1.363,1485,0,0,0,0,0,0,0,0,0,0,0,0,0,0,0,0,0,0,0,0,0
4093952,1999,0,11,1,6,1,3,-0.00144,0.00157,1.3623,1511,0,0,0,0,0,0,0,0,0,0,0,0,0,0,0,0,0,0,0,0,0
4096000,2000,0,8,0,4,1,3,-0.00332,0.00066,1.3606,1642,0,0,0,0,0,0,0,0,0,0,0,0,0,0,0,0,0,0,0,0,0
4098048,2001,0,8,0,2,3,3,-0.00146,0.00071,1.331,1766,0,0,0,0,0,0,0,0,0,0,0,0,0,0,0,0,0,0,0,0,0
4100096,2002,0,6,0,4,2,0,-0.00033,0.00104,1.3312,1653,0,0,0,0,0,0,0,0,0,0,0,0,0,0,0,0,0,0,0,0,0
4102144,2003,0,5,0,4,0,1,-0.00255,0.00046,1.3093,1732,0,0,0,0,0,0,0,0,0,0,0,0,0,0,0,0,0,0,0,0,0
4104192,2004,0,9,0,3,1,5,-0.00243,0.00056,1.3236,1602,0,0,0,0,0,0,0,0,0,0,0,0,0,0,0,0,0,0,0,0,0
4106240,2005,0,10,0,4,1,5,-0.00081,0.00054,1.3346,1676,0,0,0,0,0,0,0,0,0,0,0,0,0,0,0,0,0,0,0,0,0
4108288,2006,0,3,0,1,1,1,0.00086,0.00054,1.3596,1715,0,0,0,0,0,0,0,0,0,0,0,0,0,0,0,0,0,0,0,0,0
4110336,2007,0,8,0,4,1,3,-0.00101,0.00052,1.3282,1607,0,0,0,0,0,0,0,0,0,0,0,0,0,0,0,0,0,0,0,0,0
4112384,2008,0,6,0,3,1,2,-0.00167,0.00047,1.3314,1687,0,0,0,0,0,0,0,0,0,0,0,0,0,0,0,0,0,0,0,0,0
4114432,2009,0,10,0,3,2,5,-0.00086,0.00077,1.3564,1626,0,0,0,0,0,0,0,0,0,0,0,0,0,0,0,0,0,0,0,0,0
4116480,2010,0,4,0,3,0,1,-0.00195,0.00033,1.3876,1680,0,0,0,0,0,0,0,0,0,0,0,0,0,0,0,0,0,0,0,0,0
4118528,2011,0,10,1,5,0,4,8e-05,0.00143,1.4092,1760,0,0,0,0,0,0,0,0,0,0,0,0,0,0,0,0,0,0,0,0,0
4120576,2012,0,9,1,5,0,3,6e-05,0.00236,1.3896,1817,0,0,0,0,0,0,0,0,0,0,0,0,0,0,0,0,0,0,0,0,0
4122624,2013,0,7,1,2,0,4,-0.00143,0.00183,1.3898,1833,0,0,0,0,0,0,0,0,0,0,0,0,0,0,0,0,0,0,0,0,0
4124672,2014,0,10,1,6,2,1,-0.00131,0.00162,1.3777,1848,0,0,0,0,0,0,0,0,0,0,0,0,0,0,0,0,0,0,0,0,0
4126720,2015,0,10,0,8,0,2,-0.00328,0.00085,1.3621,1827,0,0,0,0,0,0,0,0,0,0,0,0,0,0,0,0,0,0,0,0,0
4128768,2016,0,7,1,1,2,3,-0.00104,0.00038,1.3712,1796,0,0,0,0,0,0,0,0,0,0,0,0,0,0,0,0,0,0,0,0,0
4130816,2017,0,17,0,11,3,3,-0.00133,0.00092,1.374,1847,0,0,0,0,0,0,0,0,0,0,0,0,0,0,0,0,0,0,0,0,0
4132864,2018,0,9,0,6,2,1,-0.00134,0.00087,1.3777,1840,0,0,0,0,0,0,0,0,0,0,0,0,0,0,0,0,0,0,0,0,0
4134912,2019,0,10,0,7,1,2,-0.0009,0.00066,1.3616,1728,0,0,0,0,0,0,0,0,0,0,0,0,0,0,0,0,0,0,0,0,0
4136960,2020,0,8,0,6,0,2,-0.00609,0.00062,1.3528,1725,0,0,0,0,0,0,0,0,0,0,0,0,0,0,0,0,0,0,0,0,0
4139008,2021,0,9,1,4,0,4,-0.00021,0.00116,1.3369,1706,0,0,0,0,0,0,0,0,0,0,0,0,0,0,0,0,0,0,0,0,0
4141056,2022,0,4,1,1,1,1,-0.00044,0.00162,1.3362,1576,0,0,0,0,0,0,0,0,0,0,0,0,0,0,0,0,0,0,0,0,0
4143104,2023,0,6,0,3,0,3,-0.00052,0.00037,1.3736,1551,0,0,0,0,0,0,0,0,0,0,0,0,0,0,0,0,0,0,0,0,0
4145152,2024,0,8,0,4,2,2,-0.00108,0.00059,1.375,1549,0,0,0,0,0,0,0,0,0,0,0,0,0,0,0,0,0,0,0,0,0
4147200,2025,0,12,0,6,1,5,0.00062,0.00071,1.3755,1612,0,0,0,0,0,0,0,0,0,0,0,0,0,0,0,0,0,0,0,0,0
4149248,2026,0,9,1,5,3,0,-0.00097,0.00098,1.3803,1743,0,0,0,0,0,0,0,0,0,0,0,0,0,0,0,0,0,0,0,0,0
4151296,2027,0,6,0,2,1,3,-0.0007,0.00041,1.3924,1672,0,0,0,0,0,0,0,0,0,0,0,0,0,0,0,0,0,0,0,0,0
4153344,2028,0,6,2,2,2,0,-0.00299,0.00124,1.3786,1603,0,0,0,0,0,0,0,0,0,0,0,0,0,0,0,0,0,0,0,0,0
4155392,2029,0,11,0,5,1,5,-0.00417,0.00074,1.3709,1689,0,0,0,0,0,0,0,0,0,0,0,0,0,0,0,0,0,0,0,0,0
4157440,2030,0,2,1,0,0,1,-0.00198,0.00221,1.3476,1621,0,0,0,0,0,0,0,0,0,0,0,0,0,0,0,0,0,0,0,0,0
4159488,2031,0,7,0,2,1,4,-0.00071,0.00082,1.3631,1617,0,0,0,0,0,0,0,0,0,0,0,0,0,0,0,0,0,0,0,0,0
4161536,2032,0,4,1,3,0,0,-0.00219,0.00062,1.3669,1457,0,0,0,0,0,0,0,0,0,0,0,0,0,0,0,0,0,0,0,0,0
4163584,2033,0,8,0,2,1,5,-0.00266,0.00068,1.3514,1613,0,0,0,0,0,0,0,0,0,0,0,0,0,0,0,0,0,0,0,0,0
4165632,2034,0,5,0,2,1,2,-0.00184,0.00085,1.334,1665,0,0,0,0,0,0,0,0,0,0,0,0,0,0,0,0,0,0,0,0,0
4167680,2035,0,10,1,4,1,4,-0.00121,0.00091,1.3346,1634,0,0,0,0,0,0,0,0,0,0,0,0,0,0,0,0,0,0,0,0,0
4169728,2036,0,9,0,4,1,4,-0.00157,0.0007,1.3495,1755,0,0,0,0,0,0,0,0,0,0,0,0,0,0,0,0,0,0,0,0,0
4171776,2037,0,7,1,5,0,1,-0.00277,0.00093,1.3628,1666,0,0,0,0,0,0,0,0,0,0,0,0,0,0,0,0,0,0,0,0,0
4173824,2038,0,6,1,2,2,1,-0.00408,0.0015,1.3604,1751,0,0,0,0,0,0,0,0,0,0,0,0,0,0,0,0,0,0,0,0,0
4175872,2039,0,8,0,2,1,5,-0.00039,0.0004,1.3615,1704,0,0,0,0,0,0,0,0,0,0,0,0,0,0,0,0,0,0,0,0,0
4177920,2040,0,8,2,3,0,3,-0.00116,0.00218,1.3621,1586,0,0,0,0,0,0,0,0,0,0,0,0,0,0,0,0,0,0,0,0,0
4179968,2041,0,11,1,6,3,1,-0.00092,0.00084,1.3693,1704,0,0,0,0,0,0,0,0,0,0,0,0,0,0,0,0,0,0,0,0,0
4182016,2042,0,6,0,0,3,3,0.00012,0.00096,1.3795,1760,0,0,0,0,0,0,0,0,0,0,0,0,0,0,0,0,0,0,0,0,0
4184064,2043,0,6,0,3,1,2,-0.00025,0.00078,1.3892,1635,0,0,0,0,0,0,0,0,0,0,0,0,0,0,0,0,0,0,0,0,0
4186112,2044,0,5,0,2,0,3,-0.00227,0.00048,1.4016,1690,0,0,0,0,0,0,0,0,0,0,0,0,0,0,0,0,0,0,0,0,0
4188160,2045,0,10,0,4,1,5,-0.00176,0.0004,1.4241,1705,0,0,0,0,0,0,0,0,0,0,0,0,0,0,0,0,0,0,0,0,0
4190208,2046,0,7,0,3,0,4,-0.00098,0.00064,1.42,1624,0,0,0,0,0,0,0,0,0,0,0,0,0,0,0,0,0,0,0,0,0
4192256,2047,0,3,0,1,1,1,-1e-05,0.0004,1.4088,1694,0,0,0,0,0,0,0,0,0,0,0,0,0,0,0,0,0,0,0,0,0
4194304,2048,0,7,2,2,0,3,-0.00253,0.00225,1.404,1664,0,0,0,0,0,0,0,0,0,0,0,0,0,0,0,0,0,0,0,0,0
4196352,2049,0,10,0,3,2,5,-0.00418,0.00068,1.3912,1637,0,0,0,0,0,0,0,0,0,0,0,0,0,0,0,0,0,0,0,0,0
4198400,2050,0,4,0,0,2,2,-0.00321,0.00063,1.3748,1654,0,0,0,0,0,0,0,0,0,0,0,0,0,0,0,0,0,0,0,0,0
4200448,2051,0,5,2,2,1,0,-0.00101,0.00245,1.3517,1786,0,0,0,0,0,0,0,0,0,0,0,0,0,0,0,0,0,0,0,0,0
4202496,2052,0,13,1,6,2,4,-0.0021,0.00079,1.3596,1699,0,0,0,0,0,0,0,0,0,0,0,0,0,0,0,0,0,0,0,0,0
4204544,2053,0,9,1,5,1,2,-0.00283,0.00188,1.386,1761,0,0,0,0,0,0,0,0,0,0,0,0,0,0,0,0,0,0,0,0,0
4206592,2054,0,11,0,8,1,2,-0.00444,0.00042,1.3948,1724,0,0,0,0,0,0,0,0,0,0,0,0,0,0,0,0,0,0,0,0,0
4208640,2055,0,7,0,4,2,1,-0.00588,0.00087,1.4042,1822,0,0,0,0,0,0,0,0,0,0,0,0,0,0,0,0,0,0,0,0,0
4210688,2056,0,7,0,3,1,3,0.00064,0.0008,1.4006,1747,0,0,0,0,0,0,0,0,0,0,0,0,0,0,0,0,0,0,0,0,0
4212736,2057,0,8,0,5,0,3,-0.00354,0.00054,1.3979,1766,0,0,0,0,0,0,0,0,0,0,0,0,0,0,0,0,0,0,0,0,0
4214784,2058,0,6,0,4,0,2,-0.0023,0.00071,1.3936,1752,0,0,0,0,0,0,0,0,0,0,0,0,0,0,0,0,0,0,0,0,0
4216832,2059,0,10,2,5,0,3,0.00328,0.00189,1.3905,1705,0,0,0,0,0,0,0,0,0,0,0,0,0,0,0,0,0,0,0,0,0
4218880,2060,0,9,0,4,1,4,-0.00128,0.00077,1.3983,1737,0,0,0,0,0,0,0,0,0,0,0,0,0,0,0,0,0,0,0,0,0
4220928,2061,0,8,0,4,2,2,-0.00028,0.0006,1.3969,1637,0,0,0,0,0,0,0,0,0,0,0,0,0,0,0,0,0,0,0,0,0
4222976,2062,0,5,0,1,0,4,-0.00014,0.00074,1.389,1729,0,0,0,0,0,0,0,0,0,0,0,0,0,0,0,0,0,0,0,0,0
4225024,2063,0,7,0,6,0,1,-0.0017,0.00057,1.3854,1711,0,0,0,0,0,0,0,0,0,0,0,0,0,0,0,0,0,0,0,0,0
4227072,2064,0,10,0,7,1,2,-0.00437,0.00039,1.3544,1689,0,0,0,0,0,0,0,0,0,0,0,0,0,0,0,0,0,0,0,0,0
4229120,2065,0,7,0,2,1,4,-0.00263,0.00023,1.3503,1687,0,0,0,0,0,0,0,0,0,0,0,0,0,0,0,0,0,0,0,0,0
4231168,2066,0,8,1,3,1,3,-0.00056,0.0015,1.3643,1689,0,0,0,0,0,0,0,0,0,0,0,0,0,0,0,0,0,0,0,0,0
4233216,2067,0,6,0,3,0,3,-0.00134,0.00058,1.38,1764,0,0,0,0,0,0,0,0,0,0,0,0,0,0,0,0,0,0,0,0,0
4235264,2068,0,6,0,2,1,3,-0.00189,0.00044,1.3832,1916,0,0,0,0,0,0,0,0,0,0,0,0,0,0,0,0,0,0,0,0,0
4237312,2069,0,13,0,8,2,3,-0.00101,0.00076,1.3895,1996,0,0,0,0,0,0,0,0,0,0,0,0,0,0,0,0,0,0,0,0,0
4239360,2070,0,6,0,4,1,1,-0.00102,0.00086,1.3957,1801,0,0,0,0,0,0,0,0,0,0,0,0,0,0,0,0,0,0,0,0,0
4241408,2071,0,7,1,5,0,1,0.0011,0.00109,1.3894,1837,0,0,0,0,0,0,0,0,0,0,0,0,0,0,0,0,0,0,0,0,0
4243456,2072,0,2,0,1,0,1,-0.00078,0.00049,1.3903,1744,0,0,0,0,0,0,0,0,0,0,0,0,0,0,0,0,0,0,0,0,0
4245504,2073,0,15,1,6,1,7,-4e-05,0.00096,1.3903,1684,0,0,0,0,0,0,0,0,0,0,0,0,0,0,0,0,0,0,0,0,0
4247552,2074,0,9,0,4,2,3,-0.00315,0.0009,1.3927,1777,0,0,0,0,0,0,0,0,0,0,0,0,0,0,0,0,0,0,0,0,0
4249600,2075,0,10,1,6,0,3,-0.00201,0.00121,1.3786,1741,0,0,0,0,0,0,0,0,0,0,0,0,0,0,0,0,0,0,0,0,0
4251648,2076,0,4,0,3,0,1,-0.00172,0.00066,1.3758,1813,0,0,0,0,0,0,0,0,0,0,0,0,0,0,0,0,0,0,0,0,0
4253696,2077,0,5,2,0,0,3,-0.00209,0.00273,1.3914,1804,0,0,0,0,0,0,0,0,0,0,0,0,0,0,0,0,0,0,0,0,0
4255744,2078,0,9,1,2,1,5,3e-05,0.00134,1.4012,1855,0,0,0,0,0,0,0,0,0,0,0,0,0,0,0,0,0,0,0,0,0
4257792,2079,0,10,0,6,1,3,-0.0016,0.00076,1.3954,1843,0,0,0,0,0,0,0,0,0,0,0,0,0,0,0,0,0,0,0,0,0
4259840,2080,0,9,0,7,0,2,-0.0006,0.00079,1.3933,1841,0,0,0,0,0,0,0,0,0,0,0,0,0,0,0,0,0,0,0,0,0
4261888,2081,0,6,1,4,0,1,-0.00366,0.00093,1.4077,1714,0,0,0,0,0,0,0,0,0,0,0,0,0,0,0,0,0,0,0,0,0
4263936,2082,0,10,0,5,0,5,-0.00243,0.00097,1.4018,1928,0,0,0,0,0,0,0,0,0,0,0,0,0,0,0,0,0,0,0,0,0
4265984,2083,0,9,0,6,1,2,0.00202,0.00089,1.3928,1885,0,0,0,0,0,0,0,0,0,0,0,0,0,0,0,0,0,0,0,0,0
4268032,2084,0,5,0,3,1,1,0.00039,0.00071,1.3978,1876,0,0,0,0,0,0,0,0,0,0,0,0,0,0,0,0,0,0,0,0,0
4270080,2085,0,4,0,0,0,4,0.00074,0.00063,1.3709,1971,0,0,0,0,0,0,0,0,0,0,0,0,0,0,0,0,0,0,0,0,0
4272128,2086,0,10,0,5,2,3,0.00034,0.00063,1.3805,1886,0,0,0,0,0,0,0,0,0,0,0,0,0,0,0,0,0,0,0,0,0
4274176,2087,0,9,1,5,1,2,-0.00045,0.00106,1.3719,1787,0,0,0,0,0,0,0,0,0,0,0,0,0,0,0,0,0,0,0,0,0
4276224,2088,0,7,1,1,0,5,-0.00261,0.00165,1.3761,1820,0,0,0,0,0,0,0,0,0,0,0,0,0,0,0,0,0,0,0,0,0
4278272,2089,0,4,0,2,1,1,-0.00435,0.00054,1.3655,1932,0,0,0,0,0,0,0,0,0,0,0,0,0,0,0,0,0,0,0,0,0
4280320,2090,0,4,0,0,1,3,-0.00152,0.00068,1.3574,1856,0,0,0,0,0,0,0,0,0,0,0,0,0,0,0,0,0,0,0,0,0
4282368,2091,0,7,0,3,0,4,-0.00325,0.00049,1.3455,1878,0,0,0,0,0,0,0,0,0,0,0,0,0,0,0,0,0,0,0,0,0
4284416,2092,0,8,1,3,0,4,-0.00201,0.00081,1.3566,1744,0,0,0,0,0,0,0,0,0,0,0,0,0,0,0,0,0,0,0,0,0
4286464,2093,0,2,0,0,0,2,-0.0037,0.00042,1.3436,1952,0,0,0,0,0,0,0,0,0,0,0,0,0,0,0,0,0,0,0,0,0
4288512,2094,0,5,1,2,0,2,-0.00204,0.001,1.3129,1967,0,0,0,0,0,0,0,0,0,0,0,0,0,0,0,0,0,0,0,0,0
4290560,2095,0,11,1,4,0,6,-0.00538,0.00099,1.2986,1941,0,0,0,0,0,0,0,0,0,0,0,0,0,0,0,0,0,0,0,0,0
4292608,2096,0,7,0,3,1,3,0.00146,0.00089,1.3416,1836,0,0,0,0,0,0,0,0,0,0,0,0,0,0,0,0,0,0,0,0,0
4294656,2097,0,7,0,6,1,0,-0.00173,0.00056,1.2966,1830,0,0,0,0,0,0,0,0,0,0,0,0,0,0,0,0,0,0,0,0,0
4296704,2098,0,3,0,0,0,3,-0.00091,0.00073,1.3327,1801,0,0,0,0,0,0,0,0,0,0,0,0,0,0,0,0,0,0,0,0,0
4298752,2099,0,7,0,2,0,5,9e-05,0.0005,1.3698,1538,0,0,0,0,0,0,0,0,0,0,0,0,0,0,0,0,0,0,0,0,0
4300800,2100,0,5,0,3,0,2,0.00036,0.00047,1.3794,1614,0,0,0,0,0,0,0,0,0,0,0,0,0,0,0,0,0,0,0,0,0
4302848,2101,0,8,0,2,0,6,-0.00175,0.00058,1.3776,1763,0,0,0,0,0,0,0,0,0,0,0,0,0,0,0,0,0,0,0,0,0
4304896,2102,0,6,0,2,1,3,0.00043,0.00059,1.39,1820,0,0,0,0,0,0,0,0,0,0,0,0,0,0,0,0,0,0,0,0,0
4306944,2103,0,6,0,4,0,2,-0.00026,0.0003,1.4114,1859,0,0,0,0,0,0,0,0,0,0,0,0,0,0,0,0,0,0,0,0,0
4308992,2104,0,8,0,5,1,2,0.0012,0.00082,1.4247,1735,0,0,0,0,0,0,0,0,0,0,0,0,0,0,0,0,0,0,0,0,0
4311040,2105,0,5,0,1,2,2,-0.00343,0.00055,1.427,1867,0,0,0,0,0,0,0,0,0,0,0,0,0,0,0,0,0,0,0,0,0
4313088,2106,0,7,0,4,0,3,-0.00113,0.00069,1.4391,1751,0,0,0,0,0,0,0,0,0,0,0,0,0,0,0,0,0,0,0,0,0
4315136,2107,0,7,0,5,0,2,-0.00308,0.00068,1.4434,1674,0,0,0,0,0,0,0,0,0,0,0,0,0,0,0,0,0,0,0,0,0
4317184,2108,0,10,0,5,1,4,-0.00113,0.00039,1.4367,1835,0,0,0,0,0,0,0,0,0,0,0,0,0,0,0,0,0,0,0,0,0
4319232,2109,0,7,0,4,0,3,-0.00167,0.00048,1.4182,1654,0,0,0,0,0,0,0,0,0,0,0,0,0,0,0,0,0,0,0,0,0
4321280,2110,0,5,0,2,1,2,-0.00095,0.00039,1.4262,1694,0,0,0,0,0,0,0,0,0,0,0,0,0,0,0,0,0,0,0,0,0
4323328,2111,0,5,0,1,1,3,0.00468,0.00079,1.436,1929,0,0,0,0,0,0,0,0,0,0,0,0,0,0,0,0,0,0,0,0,0
4325376,2112,0,5,0,3,0,2,0.00014,0.00016,1.3675,1780,0,0,0,0,0,0,0,0,0,0,0,0,0,0,0,0,0,0,0,0,0
4327424,2113,0,5,0,1,0,4,-0.00091,0.00079,1.3897,1841,0,0,0,0,0,0,0,0,0,0,0,0,0,0,0,0,0,0,0,0,0
4329472,2114,0,10,0,6,0,4,0.00049,0.00024,1.3676,1864,0,0,0,0,0,0,0,0,0,0,0,0,0,0,0,0,0,0,0,0,0
4331520,2115,0,10,0,7,0,3,-0.00111,0.00084,1.3765,1927,0,0,0,0,0,0,0,0,0,0,0,0,0,0,0,0,0,0,0,0,0
4333568,2116,0,6,2,3,0,1,-0.00114,0.00232,1.4558,1865,0,0,0,0,0,0,0,0,0,0,0,0,0,0,0,0,0,0,0,0,0
4335616,2117,0,10,1,4,2,3,-0.00051,0.00138,1.4845,1720,0,0,0,0,0,0,0,0,0,0,0,0,0,0,0,0,0,0,0,0,0
4337664,2118,0,7,1,2,1,3,-0.00217,0.002,1.519,1732,0,0,0,0,0,0,0,0,0,0,0,0,0,0,0,0,0,0,0,0,0
4339712,2119,0,9,0,6,0,3,-0.00091,0.00025,1.5407,1696,0,0,0,0,0,0,0,0,0,0,0,0,0,0,0,0,0,0,0,0,0
4341760,2120,0,9,0,7,0,2,-0.0019,0.00073,1.5507,1644,0,0,0,0,0,0,0,0,0,0,0,0,0,0,0,0,0,0,0,0,0
4343808,2121,0,6,0,2,1,3,-0.00036,0.00056,1.4938,1717,0,0,0,0,0,0,0,0,0,0,0,0,0,0,0,0,0,0,0,0,0
4345856,2122,0,8,0,4,2,2,-0.00197,0.00047,1.4608,1702,0,0,0,0,0,0,0,0,0,0,0,0,0,0,0,0,0,0,0,0,0
4347904,2123,0,8,0,2,2,4,-0.00091,0.00076,1.4413,1663,0,0,0,0,0,0,0,0,0,0,0,0,0,0,0,0,0,0,0,0,0
4349952,2124,0,6,0,3,1,2,0.0002,0.00058,1.417,1709,0,0,0,0,0,0,0,0,0,0,0,0,0,0,0,0,0,0,0,0,0
4352000,2125,0,8,1,4,0,3,-0.00089,0.00064,1.4068,1536,0,0,0,0,0,0,0,0,0,0,0,0,0,0,0,0,0,0,0,0,0
4354048,2126,0,9,0,6,0,3,-0.00063,0.00038,1.4078,1542,0,0,0,0,0,0,0,0,0,0,0,0,0,0,0,0,0,0,0,0,0
4356096,2127,0,6,0,1,1,4,-0.00037,0.0007,1.3996,1733,0,0,0,0,0,0,0,0,0,0,0,0,0,0,0,0,0,0,0,0,0
4358144,2128,0,3,0,1,1,1,-0.00299,0.00062,1.4157,1728,0,0,0,0,0,0,0,0,0,0,0,0,0,0,0,0,0,0,0,0,0
4360192,2129,0,7,0,1,0,6,-0.00016,0.00053,1.4166,1793,0,0,0,0,0,0,0,0,0,0,0,0,0,0,0,0,0,0,0,0,0
4362240,2130,0,5,1,2,0,2,-0.00093,0.00138,1.418,1817,0,0,0,0,0,0,0,0,0,0,0,0,0,0,0,0,0,0,0,0,0
4364288,2131,0,4,0,1,0,3,0.00019,0.00062,1.4252,1955,0,0,0,0,0,0,0,0,0,0,0,0,0,0,0,0,0,0,0,0,0
4366336,2132,0,9,1,4,2,2,-0.00061,0.00087,1.4339,1773,0,0,0,0,0,0,0,0,0,0,0,0,0,0,0,0,0,0,0,0,0
4368384,2133,0,8,0,5,0,3,0.00092,0.00068,1.4378,1793,0,0,0,0,0,0,0,0,0,0,0,0,0,0,0,0,0,0,0,0,0
4370432,2134,0,9,1,5,0,3,0.0031,0.00118,1.4332,1766,0,0,0,0,0,0,0,0,0,0,0,0,0,0,0,0,0,0,0,0,0
4372480,2135,0,6,0,3,1,2,-6e-05,0.00047,1.4133,1714,0,0,0,0,0,0,0,0,0,0,0,0,0,0,0,0,0,0,0,0,0
4374528,2136,0,14,1,8,2,3,-0.00228,0.00106,1.425,1774,0,0,0,0,0,0,0,0,0,0,0,0,0,0,0,0,0,0,0,0,0
4376576,2137,0,2,0,1,0,1,-0.00297,0.00065,1.4346,1805,0,0,0,0,0,0,0,0,0,0,0,0,0,0,0,0,0,0,0,0,0
4378624,2138,0,4,0,2,0,2,0.00149,0.00031,1.4469,1870,0,0,0,0,0,0,0,0,0,0,0,0,0,0,0,0,0,0,0,0,0
4380672,2139,0,9,1,2,2,4,-0.00199,0.00187,1.4392,1609,0,0,0,0,0,0,0,0,0,0,0,0,0,0,0,0,0,0,0,0,0
4382720,2140,0,10,0,4,1,5,-0.00125,0.00089,1.4383,1744,0,0,0,0,0,0,0,0,0,0,0,0,0,0,0,0,0,0,0,0,0
4384768,2141,0,3,0,2,0,1,-0.00246,0.00059,1.4493,1745,0,0,0,0,0,0,0,0,0,0,0,0,0,0,0,0,0,0,0,0,0
4386816,2142,0,4,0,1,2,1,-0.00346,0.00044,1.4437,1724,0,0,0,0,0,0,0,0,0,0,0,0,0,0,0,0,0,0,0,0,0
4388864,2143,0,12,0,4,3,5,-0.00194,0.00062,1.4453,1706,0,0,0,0,0,0,0,0,0,0,0,0,0,0,0,0,0,0,0,0,0
4390912,2144,0,3,0,0,0,3,-0.00129,0.00083,1.4388,1917,0,0,0,0,0,0,0,0,0,0,0,0,0,0,0,0,0,0,0,0,0
4392960,2145,0,5,0,3,0,2,-0.00473,0.00058,1.4612,1732,0,0,0,0,0,0,0,0,0,0,0,0,0,0,0,0,0,0,0,0,0
4395008,2146,0,9,1,4,1,3,0.00269,0.00111,1.4555,1785,0,0,0,0,0,0,0,0,0,0,0,0,0,0,0,0,0,0,0,0,0
4397056,2147,0,8,0,1,2,5,-0.00263,0.00057,1.452,1720,0,0,0,0,0,0,0,0,0,0,0,0,0,0,0,0,0,0,0,0,0
4399104,2148,0,4,1,2,0,1,-0.00368,0.0014,1.4285,1767,0,0,0,0,0,0,0,0,0,0,0,0,0,0,0,0,0,0,0,0,0
4401152,2149,0,10,0,6,1,3,0.00094,0.00071,1.4223,1824,0,0,0,0,0,0,0,0,0,0,0,0,0,0,0,0,0,0,0,0,0
4403200,2150,0,8,1,5,1,1,-0.00086,0.00178,1.4534,1696,0,0,0,0,0,0,0,0,0,0,0,0,0,0,0,0,0,0,0,0,0
4405248,2151,0,11,0,6,2,3,-0.00195,0.00069,1.5005,1749,0,0,0,0,0,0,0,0,0,0,0,0,0,0,0,0,0,0,0,0,0
4407296,2152,0,4,0,3,0,1,0.00017,0.0008,1.4736,1731,0,0,0,0,0,0,0,0,0,0,0,0,0,0,0,0,0,0,0,0,0
4409344,2153,0,4,0,0,1,3,0.0034,0.0003,1.4452,1721,0,0,0,0,0,0,0,0,0,0,0,0,0,0,0,0,0,0,0,0,0
4411392,2154,0,8,0,3,1,4,0.00025,0.00051,1.4787,1759,0,0,0,0,0,0,0,0,0,0,0,0,0,0,0,0,0,0,0,0,0
4413440,2155,0,6,0,3,0,3,0.00444,0.00055,1.4146,1604,0,0,0,0,0,0,0,0,0,0,0,0,0,0,0,0,0,0,0,0,0
4415488,2156,0,5,0,1,1,3,-0.00053,0.00049,1.3706,1599,0,0,0,0,0,0,0,0,0,0,0,0,0,0,0,0,0,0,0,0,0
4417536,2157,0,11,1,6,0,4,-0.00319,0.00046,1.3704,1806,0,0,0,0,0,0,0,0,0,0,0,0,0,0,0,0,0,0,0,0,0
4419584,2158,0,9,0,4,0,5,0.00029,0.00059,1.3938,1482,0,0,0,0,0,0,0,0,0,0,0,0,0,0,0,0,0,0,0,0,0
4421632,2159,0,1,0,1,0,0,-0.00312,0.00027,1.4105,1713,0,0,0,0,0,0,0,0,0,0,0,0,0,0,0,0,0,0,0,0,0
4423680,2160,0,11,0,8,1,2,-0.00162,0.00047,1.4436,1425,0,0,0,0,0,0,0,0,0,0,0,0,0,0,0,0,0,0,0,0,0
4425728,2161,0,6,1,1,1,3,0.00075,0.00203,1.443,1591,0,0,0,0,0,0,0,0,0,0,0,0,0,0,0,0,0,0,0,0,0
4427776,2162,0,12,1,6,1,4,-0.00122,0.00231,1.4491,1695,0,0,0,0,0,0,0,0,0,0,0,0,0,0,0,0,0,0,0,0,0
4429824,2163,0,4,0,3,0,1,-0.0035,0.0004,1.4779,1583,0,0,0,0,0,0,0,0,0,0,0,0,0,0,0,0,0,0,0,0,0
4431872,2164,0,8,0,4,0,4,-0.00074,0.0005,1.4945,1652,0,0,0,0,0,0,0,0,0,0,0,0,0,0,0,0,0,0,0,0,0
4433920,2165,0,4,0,2,0,2,-0.00192,0.00043,1.4827,1631,0,0,0,0,0,0,0,0,0,0,0,0,0,0,0,0,0,0,0,0,0
4435968,2166,0,8,0,2,0,6,0.00219,0.00063,1.4981,1496,0,0,0,0,0,0,0,0,0,0,0,0,0,0,0,0,0,0,0,0,0
4438016,2167,0,8,0,4,1,3,0.00019,0.00025,1.4811,1684,0,0,0,0,0,0,0,0,0,0,0,0,0,0,0,0,0,0,0,0,0
4440064,2168,0,10,0,6,0,4,-0.00382,0.00046,1.485,1622,0,0,0,0,0,0,0,0,0,0,0,0,0,0,0,0,0,0,0,0,0
4442112,2169,0,6,1,2,0,3,-0.00098,0.00166,1.4761,1579,0,0,0,0,0,0,0,0,0,0,0,0,0,0,0,0,0,0,0,0,0
4444160,2170,0,7,1,1,1,4,-0.00482,0.00165,1.5175,1562,0,0,0,0,0,0,0,0,0,0,0,0,0,0,0,0,0,0,0,0,0
4446208,2171,0,6,0,3,1,2,-0.00132,0.00058,1.5049,1440,0,0,0,0,0,0,0,0,0,0,0,0,0,0,0,0,0,0,0,0,0
4448256,2172,0,7,0,3,0,4,0.00101,0.00036,1.4762,1739,0,0,0,0,0,0,0,0,0,0,0,0,0,0,0,0,0,0,0,0,0
4450304,2173,0,3,0,0,0,3,0.00016,0.00022,1.4255,1718,0,0,0,0,0,0,0,0,0,0,0,0,0,0,0,0,0,0,0,0,0
4452352,2174,0,5,0,1,0,4,0.00146,0.00074,1.4354,1649,0,0,0,0,0,0,0,0,0,0,0,0,0,0,0,0,0,0,0,0,0
4454400,2175,0,5,0,2,0,3,0.00307,0.00027,1.3934,1478,0,0,0,0,0,0,0,0,0,0,0,0,0,0,0,0,0,0,0,0,0
4456448,2176,0,11,0,4,1,6,0.00074,0.0008,1.42,1738,0,0,0,0,0,0,0,0,0,0,0,0,0,0,0,0,0,0,0,0,0
4458496,2177,0,5,0,2,0,3,-0.00044,0.00075,1.4545,1826,0,0,0,0,0,0,0,0,0,0,0,0,0,0,0,0,0,0,0,0,0
4460544,2178,0,1,0,0,0,1,-0.00214,0.00046,1.4393,1812,0,0,0,0,0,0,0,0,0,0,0,0,0,0,0,0,0,0,0,0,0
4462592,2179,0,4,0,0,0,4,0.00193,0.00033,1.4538,1921,0,0,0,0,0,0,0,0,0,0,0,0,0,0,0,0,0,0,0,0,0
4464640,2180,0,11,0,5,0,6,-0.00055,0.00091,1.4412,1771,0,0,0,0,0,0,0,0,0,0,0,0,0,0,0,0,0,0,0,0,0
4466688,2181,0,9,0,4,1,4,-0.00089,0.00092,1.4321,1757,0,0,0,0,0,0,0,0,0,0,0,0,0,0,0,0,0,0,0,0,0
4468736,2182,0,1,0,0,1,0,-0.00204,0.00024,1.4392,1941,0,0,0,0,0,0,0,0,0,0,0,0,0,0,0,0,0,0,0,0,0
4470784,2183,0,5,1,1,1,2,-0.00233,0.00054,1.4579,1949,0,0,0,0,0,0,0,0,0,0,0,0,0,0,0,0,0,0,0,0,0
4472832,2184,0,11,0,4,1,6,-0.00223,0.00068,1.4565,1973,0,0,0,0,0,0,0,0,0,0,0,0,0,0,0,0,0,0,0,0,0
4474880,2185,0,9,1,4,1,3,0.0011,0.00138,1.4692,1850,0,0,0,0,0,0,0,0,0,0,0,0,0,0,0,0,0,0,0,0,0
4476928,2186,0,1,0,0,1,0,-8e-05,0.00075,1.4878,1883,0,0,0,0,0,0,0,0,0,0,0,0,0,0,0,0,0,0,0,0,0
4478976,2187,0,6,0,3,0,3,-0.00161,0.00042,1.4991,1776,0,0,0,0,0,0,0,0,0,0,0,0,0,0,0,0,0,0,0,0,0
4481024,2188,0,6,0,3,0,3,-0.00154,0.00072,1.4941,1791,0,0,0,0,0,0,0,0,0,0,0,0,0,0,0,0,0,0,0,0,0
4483072,2189,0,10,0,2,1,7,-0.00049,0.0007,1.4935,1917,0,0,0,0,0,0,0,0,0,0,0,0,0,0,0,0,0,0,0,0,0
4485120,2190,0,6,1,4,1,0,0.00142,0.00156,1.4875,1880,0,0,0,0,0,0,0,0,0,0,0,0,0,0,0,0,0,0,0,0,0
4487168,2191,0,2,0,0,0,2,-0.00087,0.00038,1.4815,1899,0,0,0,0,0,0,0,0,0,0,0,0,0,0,0,0,0,0,0,0,0
4489216,2192,0,5,0,2,1,2,-0.00064,0.00055,1.4755,1709,0,0,0,0,0,0,0,0,0,0,0,0,0,0,0,0,0,0,0,0,0
4491264,2193,0,14,0,7,0,7,0.00088,0.00046,1.4538,1665,0,0,0,0,0,0,0,0,0,0,0,0,0,0,0,0,0,0,0,0,0
4493312,2194,0,6,0,4,0,2,-0.00013,0.00075,1.4114,1802,0,0,0,0,0,0,0,0,0,0,0,0,0,0,0,0,0,0,0,0,0
4495360,2195,0,6,1,1,2,2,-0.0016,0.00057,1.4107,1741,0,0,0,0,0,0,0,0,0,0,0,0,0,0,0,0,0,0,0,0,0
4497408,2196,0,11,0,7,2,2,-0.00211,0.0005,1.3923,1605,0,0,0,0,0,0,0,0,0,0,0,0,0,0,0,0,0,0,0,0,0
4499456,2197,0,6,0,1,0,5,-0.00192,0.0006,1.368,1637,0,0,0,0,0,0,0,0,0,0,0,0,0,0,0,0,0,0,0,0,0
4501504,2198,0,6,0,3,0,3,-0.00123,0.00094,1.3255,1706,0,0,0,0,0,0,0,0,0,0,0,0,0,0,0,0,0,0,0,0,0
4503552,2199,0,8,0,5,0,3,-0.00019,0.0006,1.3671,1573,0,0,0,0,0,0,0,0,0,0,0,0,0,0,0,0,0,0,0,0,0
4505600,2200,0,8,0,3,1,4,0.0007,0.00033,1.2859,1568,0,0,0,0,0,0,0,0,0,0,0,0,0,0,0,0,0,0,0,0,0
4507648,2201,0,2,0,1,0,1,-0.0046,0.00048,1.3323,1668,0,0,0,0,0,0,0,0,0,0,0,0,0,0,0,0,0,0,0,0,0
4509696,2202,0,9,0,4,1,4,0.00166,0.00081,1.35,1622,0,0,0,0,0,0,0,0,0,0,0,0,0,0,0,0,0,0,0,0,0
4511744,2203,0,8,0,2,1,5,-0.00077,0.00066,1.2959,1714,0,0,0,0,0,0,0,0,0,0,0,0,0,0,0,0,0,0,0,0,0
4513792,2204,0,2,0,0,1,1,-0.00405,0.00062,1.3362,1810,0,0,0,0,0,0,0,0,0,0,0,0,0,0,0,0,0,0,0,0,0
4515840,2205,0,5,0,2,0,3,-0.00332,0.0005,1.3254,1711,0,0,0,0,0,0,0,0,0,0,0,0,0,0,0,0,0,0,0,0,0
4517888,2206,0,5,0,1,0,4,-0.00194,0.00035,1.3732,1790,0,0,0,0,0,0,0,0,0,0,0,0,0,0,0,0,0,0,0,0,0
4519936,2207,0,8,0,2,0,6,-0.00093,0.00087,1.3785,1722,0,0,0,0,0,0,0,0,0,0,0,0,0,0,0,0,0,0,0,0,0
4521984,2208,0,7,1,3,0,3,-0.00086,0.00098,1.4303,1789,0,0,0,0,0,0,0,0,0,0,0,0,0,0,0,0,0,0,0,0,0
4524032,2209,0,7,1,4,2,0,-0.0014,0.00043,1.4378,1760,0,0,0,0,0,0,0,0,0,0,0,0,0,0,0,0,0,0,0,0,0
4526080,2210,0,9,0,3,2,4,0.00061,0.00087,1.4903,1662,0,0,0,0,0,0,0,0,0,0,0,0,0,0,0,0,0,0,0,0,0
4528128,2211,0,7,0,3,1,3,-0.00038,0.00076,1.495,1823,0,0,0,0,0,0,0,0,0,0,0,0,0,0,0,0,0,0,0,0,0
4530176,2212,0,5,0,2,1,2,-0.00096,0.00059,1.5029,1803,0,0,0,0,0,0,0,0,0,0,0,0,0,0,0,0,0,0,0,0,0
4532224,2213,0,4,0,1,1,2,-0.00228,0.00059,1.5051,1805,0,0,0,0,0,0,0,0,0,0,0,0,0,0,0,0,0,0,0,0,0
4534272,2214,0,11,1,3,2,5,9e-05,0.00189,1.4908,1805,0,0,0,0,0,0,0,0,0,0,0,0,0,0,0,0,0,0,0,0,0
4536320,2215,0,4,0,1,1,2,-0.00022,0.00045,1.4839,1670,0,0,0,0,0,0,0,0,0,0,0,0,0,0,0,0,0,0,0,0,0
4538368,2216,0,5,0,2,0,3,-0.00113,0.00036,1.4891,1882,0,0,0,0,0,0,0,0,0,0,0,0,0,0,0,0,0,0,0,0,0
4540416,2217,0,7,2,3,0,2,0.00146,0.00071,1.5046,1708,0,0,0,0,0,0,0,0,0,0,0,0,0,0,0,0,0,0,0,0,0
4542464,2218,0,10,0,7,0,3,-0.00122,0.00059,1.5197,1906,0,0,0,0,0,0,0,0,0,0,0,0,0,0,0,0,0,0,0,0,0
4544512,2219,0,11,0,6,1,4,-0.00075,0.00055,1.504,1826,0,0,0,0,0,0,0,0,0,0,0,0,0,0,0,0,0,0,0,0,0
4546560,2220,0,6,0,5,0,1,-0.00191,0.00081,1.5345,1859,0,0,0,0,0,0,0,0,0,0,0,0,0,0,0,0,0,0,0,0,0
4548608,2221,0,5,0,0,3,2,-0.00153,0.00063,1.504,1823,0,0,0,0,0,0,0,0,0,0,0,0,0,0,0,0,0,0,0,0,0
4550656,2222,0,5,0,2,0,3,-0.00229,0.00055,1.5239,1736,0,0,0,0,0,0,0,0,0,0,0,0,0,0,0,0,0,0,0,0,0
4552704,2223,0,13,0,8,0,5,-0.006,0.00078,1.5069,1811,0,0,0,0,0,0,0,0,0,0,0,0,0,0,0,0,0,0,0,0,0
4554752,2224,0,3,0,1,1,1,-0.00024,0.0005,1.5385,1663,0,0,0,0,0,0,0,0,0,0,0,0,0,0,0,0,0,0,0,0,0
4556800,2225,0,4,0,0,1,3,0.00044,0.0002,1.5151,1740,0,0,0,0,0,0,0,0,0,0,0,0,0,0,0,0,0,0,0,0,0
4558848,2226,0,7,0,4,1,2,-0.00198,0.00044,1.493,1686,0,0,0,0,0,0,0,0,0,0,0,0,0,0,0,0,0,0,0,0,0
4560896,2227,0,8,0,2,0,6,0.00104,0.00059,1.5439,1644,0,0,0,0,0,0,0,0,0,0,0,0,0,0,0,0,0,0,0,0,0
4562944,2228,0,11,0,6,2,3,-0.00271,0.00109,1.5521,1691,0,0,0,0,0,0,0,0,0,0,0,0,0,0,0,0,0,0,0,0,0
4564992,2229,0,4,1,1,2,0,-0.00245,0.00239,1.5455,1645,0,0,0,0,0,0,0,0,0,0,0,0,0,0,0,0,0,0,0,0,0
4567040,2230,0,8,0,4,0,4,0.0,0.00063,1.5051,1754,0,0,0,0,0,0,0,0,0,0,0,0,0,0,0,0,0,0,0,0,0
4569088,2231,0,6,0,2,2,2,-0.00358,0.00035,1.4966,1812,0,0,0,0,0,0,0,0,0,0,0,0,0,0,0,0,0,0,0,0,0
4571136,2232,0,6,0,1,1,4,-0.00206,0.00059,1.5667,1728,0,0,0,0,0,0,0,0,0,0,0,0,0,0,0,0,0,0,0,0,0
4573184,2233,0,5,0,3,0,2,-0.00344,0.0005,1.4674,1713,0,0,0,0,0,0,0,0,0,0,0,0,0,0,0,0,0,0,0,0,0
4575232,2234,0,7,1,1,0,5,-0.00472,0.00091,1.5023,1623,0,0,0,0,0,0,0,0,0,0,0,0,0,0,0,0,0,0,0,0,0
4577280,2235,0,5,0,2,1,2,-0.00353,0.00067,1.5225,1808,0,0,0,0,0,0,0,0,0,0,0,0,0,0,0,0,0,0,0,0,0
4579328,2236,0,10,0,4,0,6,0.00092,0.00055,1.5496,1688,0,0,0,0,0,0,0,0,0,0,0,0,0,0,0,0,0,0,0,0,0
4581376,2237,0,5,1,2,2,0,-0.0034,0.001,1.5829,1835,0,0,0,0,0,0,0,0,0,0,0,0,0,0,0,0,0,0,0,0,0
4583424,2238,0,5,0,1,0,4,-0.00385,0.00042,1.5914,1724,0,0,0,0,0,0,0,0,0,0,0,0,0,0,0,0,0,0,0,0,0
4585472,2239,0,8,0,4,2,2,-0.00455,0.00041,1.5769,1681,0,0,0,0,0,0,0,0,0,0,0,0,0,0,0,0,0,0,0,0,0
4587520,2240,0,13,1,7,1,4,0.00171,0.00064,1.5952,1958,0,0,0,0,0,0,0,0,0,0,0,0,0,0,0,0,0,0,0,0,0
4589568,2241,0,2,0,0,2,0,0.00015,0.00081,1.5763,1839,0,0,0,0,0,0,0,0,0,0,0,0,0,0,0,0,0,0,0,0,0
4591616,2242,0,6,0,2,1,3,-0.00095,0.00051,1.5588,1894,0,0,0,0,0,0,0,0,0,0,0,0,0,0,0,0,0,0,0,0,0
4593664,2243,0,13,0,9,1,3,0.00063,0.00067,1.604,1611,0,0,0,0,0,0,0,0,0,0,0,0,0,0,0,0,0,0,0,0,0
4595712,2244,0,10,0,4,1,5,-0.00402,0.00059,1.5842,1763,0,0,0,0,0,0,0,0,0,0,0,0,0,0,0,0,0,0,0,0,0
4597760,2245,0,4,0,3,1,0,-0.00243,0.00081,1.519,1668,0,0,0,0,0,0,0,0,0,0,0,0,0,0,0,0,0,0,0,0,0
4599808,2246,0,8,0,4,2,2,-0.00167,0.00057,1.5115,1677,0,0,0,0,0,0,0,0,0,0,0,0,0,0,0,0,0,0,0,0,0
4601856,2247,0,10,1,5,1,3,-0.00207,0.00096,1.5042,1770,0,0,0,0,0,0,0,0,0,0,0,0,0,0,0,0,0,0,0,0,0
4603904,2248,0,12,0,7,1,4,-0.00171,0.00074,1.5028,1747,0,0,0,0,0,0,0,0,0,0,0,0,0,0,0,0,0,0,0,0,0
4605952,2249,0,8,1,5,1,1,-0.00149,0.00157,1.48,1688,0,0,0,0,0,0,0,0,0,0,0,0,0,0,0,0,0,0,0,0,0
4608000,2250,0,3,0,2,0,1,0.00107,0.00049,1.5112,1557,0,0,0,0,0,0,0,0,0,0,0,0,0,0,0,0,0,0,0,0,0
4610048,2251,0,8,2,2,1,3,-0.00043,0.00048,1.5184,1588,0,0,0,0,0,0,0,0,0,0,0,0,0,0,0,0,0,0,0,0,0
4612096,2252,0,8,0,2,0,6,-0.00057,0.00064,1.5309,1549,0,0,0,0,0,0,0,0,0,0,0,0,0,0,0,0,0,0,0,0,0
4614144,2253,0,8,0,4,1,3,-0.00193,0.0003,1.5279,1560,0,0,0,0,0,0,0,0,0,0,0,0,0,0,0,0,0,0,0,0,0
4616192,2254,0,6,0,4,0,2,-0.00031,0.00065,1.5425,1541,0,0,0,0,0,0,0,0,0,0,0,0,0,0,0,0,0,0,0,0,0
4618240,2255,0,6,0,3,0,3,-0.00321,0.00062,1.5429,1615,0,0,0,0,0,0,0,0,0,0,0,0,0,0,0,0,0,0,0,0,0
4620288,2256,0,12,0,8,1,3,-0.00055,0.00067,1.5493,1686,0,0,0,0,0,0,0,0,0,0,0,0,0,0,0,0,0,0,0,0,0
4622336,2257,0,12,0,8,0,4,-0.00024,0.00076,1.5259,1583,0,0,0,0,0,0,0,0,0,0,0,0,0,0,0,0,0,0,0,0,0
4624384,2258,0,7,1,4,0,2,-0.0008,0.00168,1.5072,1560,0,0,0,0,0,0,0,0,0,0,0,0,0,0,0,0,0,0,0,0,0
4626432,2259,0,7,0,3,3,1,0.00127,0.00047,1.5335,1661,0,0,0,0,0,0,0,0,0,0,0,0,0,0,0,0,0,0,0,0,0
4628480,2260,0,10,0,6,0,4,0.00041,0.00094,1.5398,1579,0,0,0,0,0,0,0,0,0,0,0,0,0,0,0,0,0,0,0,0,0
4630528,2261,0,8,0,5,2,1,0.00027,0.00077,1.5599,1581,0,0,0,0,0,0,0,0,0,0,0,0,0,0,0,0,0,0,0,0,0
4632576,2262,0,5,0,1,1,3,-0.00372,0.00058,1.5475,1773,0,0,0,0,0,0,0,0,0,0,0,0,0,0,0,0,0,0,0,0,0
4634624,2263,0,3,0,0,1,2,-0.00025,0.00048,1.5414,1764,0,0,0,0,0,0,0,0,0,0,0,0,0,0,0,0,0,0,0,0,0
4636672,2264,0,5,0,2,0,3,-0.00022,0.00054,1.5461,1604,0,0,0,0,0,0,0,0,0,0,0,0,0,0,0,0,0,0,0,0,0
4638720,2265,0,10,0,3,1,6,-0.003,0.00053,1.5168,1502,0,0,0,0,0,0,0,0,0,0,0,0,0,0,0,0,0,0,0,0,0
4640768,2266,0,4,0,2,0,2,-0.00373,0.00057,1.4467,1607,0,0,0,0,0,0,0,0,0,0,0,0,0,0,0,0,0,0,0,0,0
4642816,2267,0,7,1,3,1,2,-0.00126,0.00125,1.4293,1614,0,0,0,0,0,0,0,0,0,0,0,0,0,0,0,0,0,0,0,0,0
4644864,2268,0,7,0,6,0,1,0.00056,0.00073,1.44,1710,0,0,0,0,0,0,0,0,0,0,0,0,0,0,0,0,0,0,0,0,0
4646912,2269,0,11,1,2,3,5,-0.00052,0.00175,1.4577,1585,0,0,0,0,0,0,0,0,0,0,0,0,0,0,0,0,0,0,0,0,0
4648960,2270,0,9,1,5,2,1,-0.00121,0.00092,1.4829,1562,0,0,0,0,0,0,0,0,0,0,0,0,0,0,0,0,0,0,0,0,0
4651008,2271,0,8,0,6,0,2,-0.00372,0.00078,1.5095,1569,0,0,0,0,0,0,0,0,0,0,0,0,0,0,0,0,0,0,0,0,0
4653056,2272,0,10,1,6,0,3,-0.00271,0.00079,1.4985,1515,0,0,0,0,0,0,0,0,0,0,0,0,0,0,0,0,0,0,0,0,0
4655104,2273,0,15,0,10,1,4,-0.00097,0.00087,1.482,1605,0,0,0,0,0,0,0,0,0,0,0,0,0,0,0,0,0,0,0,0,0
4657152,2274,0,1,0,1,0,0,0.00025,0.00034,1.4621,1465,0,0,0,0,0,0,0,0,0,0,0,0,0,0,0,0,0,0,0,0,0
4659200,2275,0,7,0,1,1,5,0.00013,0.00057,1.4872,1491,0,0,0,0,0,0,0,0,0,0,0,0,0,0,0,0,0,0,0,0,0
4661248,2276,0,5,0,1,1,3,-0.00329,0.00056,1.4611,1579,0,0,0,0,0,0,0,0,0,0,0,0,0,0,0,0,0,0,0,0,0
4663296,2277,0,10,0,4,1,5,-0.00374,0.00054,1.4731,1581,0,0,0,0,0,0,0,0,0,0,0,0,0,0,0,0,0,0,0,0,0
4665344,2278,0,8,0,5,0,3,0.00132,0.00059,1.4922,1719,0,0,0,0,0,0,0,0,0,0,0,0,0,0,0,0,0,0,0,0,0
4667392,2279,0,7,0,2,1,4,-0.00263,0.00105,1.4613,1676,0,0,0,0,0,0,0,0,0,0,0,0,0,0,0,0,0,0,0,0,0
4669440,2280,0,9,1,5,1,2,-0.0007,0.00085,1.4501,1685,0,0,0,0,0,0,0,0,0,0,0,0,0,0,0,0,0,0,0,0,0
4671488,2281,0,6,0,2,1,3,-0.0017,0.00018,1.4283,1611,0,0,0,0,0,0,0,0,0,0,0,0,0,0,0,0,0,0,0,0,0
4673536,2282,0,5,0,3,0,2,-0.00298,0.00092,1.3952,1646,0,0,0,0,0,0,0,0,0,0,0,0,0,0,0,0,0,0,0,0,0
4675584,2283,0,8,1,3,1,3,0.00022,0.00148,1.4267,1713,0,0,0,0,0,0,0,0,0,0,0,0,0,0,0,0,0,0,0,0,0
4677632,2284,0,10,0,6,0,4,-0.00167,0.00073,1.411,1681,0,0,0,0,0,0,0,0,0,0,0,0,0,0,0,0,0,0,0,0,0
4679680,2285,0,6,0,3,0,3,-0.00173,0.0006,1.393,1594,0,0,0,0,0,0,0,0,0,0,0,0,0,0,0,0,0,0,0,0,0
4681728,2286,0,3,0,2,0,1,-0.00434,0.00038,1.3993,1689,0,0,0,0,0,0,0,0,0,0,0,0,0,0,0,0,0,0,0,0,0
4683776,2287,0,7,0,2,1,4,0.00013,0.00079,1.4288,1658,0,0,0,0,0,0,0,0,0,0,0,0,0,0,0,0,0,0,0,0,0
4685824,2288,0,6,1,3,0,2,-0.00127,0.0012,1.4666,1577,0,0,0,0,0,0,0,0,0,0,0,0,0,0,0,0,0,0,0,0,0
4687872,2289,0,7,0,2,0,5,-0.00149,0.00036,1.4558,1581,0,0,0,0,0,0,0,0,0,0,0,0,0,0,0,0,0,0,0,0,0
4689920,2290,0,4,0,3,0,1,-0.00271,0.00069,1.435,1705,0,0,0,0,0,0,0,0,0,0,0,0,0,0,0,0,0,0,0,0,0
4691968,2291,0,13,1,5,2,5,-0.0043,0.0007,1.4212,1549,0,0,0,0,0,0,0,0,0,0,0,0,0,0,0,0,0,0,0,0,0
4694016,2292,0,9,1,5,1,2,-0.00283,0.00069,1.4323,1562,0,0,0,0,0,0,0,0,0,0,0,0,0,0,0,0,0,0,0,0,0
4696064,2293,0,7,1,3,0,3,-0.00207,0.00201,1.4254,1657,0,0,0,0,0,0,0,0,0,0,0,0,0,0,0,0,0,0,0,0,0
4698112,2294,0,7,0,5,0,2,-0.00343,0.00044,1.4289,1614,0,0,0,0,0,0,0,0,0,0,0,0,0,0,0,0,0,0,0,0,0
4700160,2295,0,5,0,2,1,2,-0.00208,0.00044,1.4156,1397,0,0,0,0,0,0,0,0,0,0,0,0,0,0,0,0,0,0,0,0,0
4702208,2296,0,7,0,2,1,4,-0.00141,0.00068,1.4297,1561,0,0,0,0,0,0,0,0,0,0,0,0,0,0,0,0,0,0,0,0,0
4704256,2297,0,6,0,3,0,3,-8e-05,0.00063,1.4244,1533,0,0,0,0,0,0,0,0,0,0,0,0,0,0,0,0,0,0,0,0,0
4706304,2298,0,6,0,2,2,2,-0.00113,0.00062,1.4537,1515,0,0,0,0,0,0,0,0,0,0,0,0,0,0,0,0,0,0,0,0,0
4708352,2299,0,6,1,1,1,3,-0.00697,0.00056,1.4316,1579,0,0,0,0,0,0,0,0,0,0,0,0,0,0,0,0,0,0,0,0,0
4710400,2300,0,7,0,1,3,3,-0.00074,0.00069,1.3956,1619,0,0,0,0,0,0,0,0,0,0,0,0,0,0,0,0,0,0,0,0,0
4712448,2301,0,5,0,2,2,1,-0.00221,0.00071,1.359,1680,0,0,0,0,0,0,0,0,0,0,0,0,0,0,0,0,0,0,0,0,0
4714496,2302,0,13,1,8,1,3,-0.00214,0.00102,1.355,1690,0,0,0,0,0,0,0,0,0,0,0,0,0,0,0,0,0,0,0,0,0
4716544,2303,0,4,0,1,0,3,-0.0041,0.00078,1.3245,1477,0,0,0,0,0,0,0,0,0,0,0,0,0,0,0,0,0,0,0,0,0
4718592,2304,0,4,1,0,0,3,-0.00231,0.00119,1.3403,1559,0,0,0,0,0,0,0,0,0,0,0,0,0,0,0,0,0,0,0,0,0
4720640,2305,0,9,0,7,1,1,-0.00068,0.00064,1.3317,1573,0,0,0,0,0,0,0,0,0,0,0,0,0,0,0,0,0,0,0,0,0
4722688,2306,0,12,0,5,0,7,-0.00105,0.00085,1.3312,1482,0,0,0,0,0,0,0,0,0,0,0,0,0,0,0,0,0,0,0,0,0
4724736,2307,0,2,1,1,0,0,0.0011,0.00163,1.3189,1532,0,0,0,0,0,0,0,0,0,0,0,0,0,0,0,0,0,0,0,0,0
4726784,2308,0,3,0,1,0,2,-0.00261,0.00037,1.3218,1573,0,0,0,0,0,0,0,0,0,0,0,0,0,0,0,0,0,0,0,0,0
4728832,2309,0,7,0,2,2,3,-0.00302,0.00049,1.338,1661,0,0,0,0,0,0,0,0,0,0,0,0,0,0,0,0,0,0,0,0,0
4730880,2310,0,13,0,6,0,7,-0.00038,0.00117,1.3582,1596,0,0,0,0,0,0,0,0,0,0,0,0,0,0,0,0,0,0,0,0,0
4732928,2311,0,10,0,6,4,0,-0.00256,0.00082,1.3529,1656,0,0,0,0,0,0,0,0,0,0,0,0,0,0,0,0,0,0,0,0,0
4734976,2312,0,7,0,5,1,1,-0.00244,0.00062,1.3434,1622,0,0,0,0,0,0,0,0,0,0,0,0,0,0,0,0,0,0,0,0,0
4737024,2313,0,3,0,1,0,2,-0.00154,0.00041,1.3058,1589,0,0,0,0,0,0,0,0,0,0,0,0,0,0,0,0,0,0,0,0,0
4739072,2314,0,13,0,7,0,6,-0.00176,0.00057,1.2906,1632,0,0,0,0,0,0,0,0,0,0,0,0,0,0,0,0,0,0,0,0,0
4741120,2315,0,7,0,6,0,1,-0.00052,0.00131,1.3464,1670,0,0,0,0,0,0,0,0,0,0,0,0,0,0,0,0,0,0,0,0,0
4743168,2316,0,7,1,1,2,3,-0.00253,0.00091,1.3443,1719,0,0,0,0,0,0,0,0,0,0,0,0,0,0,0,0,0,0,0,0,0
4745216,2317,0,10,1,6,1,2,-0.00407,0.00163,1.3429,1627,0,0,0,0,0,0,0,0,0,0,0,0,0,0,0,0,0,0,0,0,0
4747264,2318,0,6,1,2,0,3,-0.00121,0.0009,1.349,1696,0,0,0,0,0,0,0,0,0,0,0,0,0,0,0,0,0,0,0,0,0
4749312,2319,0,8,0,4,2,2,-0.0024,0.00104,1.3403,1679,0,0,0,0,0,0,0,0,0,0,0,0,0,0,0,0,0,0,0,0,0
4751360,2320,0,9,1,5,0,3,-0.00198,0.00079,1.3116,1677,0,0,0,0,0,0,0,0,0,0,0,0,0,0,0,0,0,0,0,0,0
4753408,2321,0,5,0,1,1,3,-0.00035,0.00093,1.3189,1550,0,0,0,0,0,0,0,0,0,0,0,0,0,0,0,0,0,0,0,0,0
4755456,2322,0,6,1,1,1,3,-0.00152,0.00095,1.3296,1572,0,0,0,0,0,0,0,0,0,0,0,0,0,0,0,0,0,0,0,0,0
4757504,2323,0,9,0,3,1,5,-0.00127,0.00053,1.3362,1568,0,0,0,0,0,0,0,0,0,0,0,0,0,0,0,0,0,0,0,0,0
4759552,2324,0,10,1,8,0,1,-0.00177,0.00214,1.3275,1633,0,0,0,0,0,0,0,0,0,0,0,0,0,0,0,0,0,0,0,0,0
4761600,2325,0,8,0,5,0,3,-0.00256,0.00055,1.3091,1625,0,0,0,0,0,0,0,0,0,0,0,0,0,0,0,0,0,0,0,0,0
4763648,2326,0,9,1,3,2,3,-0.0004,0.00216,1.2961,1618,0,0,0,0,0,0,0,0,0,0,0,0,0,0,0,0,0,0,0,0,0
4765696,2327,0,6,1,1,2,2,-0.00158,0.00159,1.2751,1659,0,0,0,0,0,0,0,0,0,0,0,0,0,0,0,0,0,0,0,0,0
4767744,2328,0,11,1,6,2,2,0.00046,0.00164,1.2589,1529,0,0,0,0,0,0,0,0,0,0,0,0,0,0,0,0,0,0,0,0,0
4769792,2329,0,8,2,3,0,3,-0.00252,0.00077,1.2566,1567,0,0,0,0,0,0,0,0,0,0,0,0,0,0,0,0,0,0,0,0,0
4771840,2330,0,2,0,2,0,0,0.00073,0.00055,1.2901,1590,0,0,0,0,0,0,0,0,0,0,0,0,0,0,0,0,0,0,0,0,0
4773888,2331,0,6,0,2,1,3,-0.00248,0.00048,1.3077,1573,0,0,0,0,0,0,0,0,0,0,0,0,0,0,0,0,0,0,0,0,0
4775936,2332,0,9,0,4,1,4,-0.00153,0.00045,1.3307,1489,0,0,0,0,0,0,0,0,0,0,0,0,0,0,0,0,0,0,0,0,0
4777984,2333,0,9,0,4,0,5,-0.00232,0.00072,1.3222,1532,0,0,0,0,0,0,0,0,0,0,0,0,0,0,0,0,0,0,0,0,0
4780032,2334,0,5,0,3,0,2,-0.00281,0.00045,1.3353,1641,0,0,0,0,0,0,0,0,0,0,0,0,0,0,0,0,0,0,0,0,0
4782080,2335,0,5,0,2,0,3,-0.00039,0.00052,1.3584,1752,0,0,0,0,0,0,0,0,0,0,0,0,0,0,0,0,0,0,0,0,0
4784128,2336,0,5,0,0,0,5,-0.00151,0.00041,1.3852,1613,0,0,0,0,0,0,0,0,0,0,0,0,0,0,0,0,0,0,0,0,0
4786176,2337,0,3,0,1,0,2,-0.00284,0.00057,1.3903,1620,0,0,0,0,0,0,0,0,0,0,0,0,0,0,0,0,0,0,0,0,0
4788224,2338,0,7,1,1,1,4,0.00235,0.00088,1.393,1568,0,0,0,0,0,0,0,0,0,0,0,0,0,0,0,0,0,0,0,0,0
4790272,2339,0,6,0,2,0,4,-0.00032,0.00044,1.3865,1635,0,0,0,0,0,0,0,0,0,0,0,0,0,0,0,0,0,0,0,0,0
4792320,2340,0,8,1,3,1,3,-0.00028,0.00182,1.3794,1577,0,0,0,0,0,0,0,0,0,0,0,0,0,0,0,0,0,0,0,0,0
4794368,2341,0,6,0,3,0,3,-0.00142,0.00049,1.3798,1571,0,0,0,0,0,0,0,0,0,0,0,0,0,0,0,0,0,0,0,0,0
4796416,2342,0,13,2,7,1,3,-0.00085,0.00106,1.3822,1521,0,0,0,0,0,0,0,0,0,0,0,0,0,0,0,0,0,0,0,0,0
4798464,2343,0,2,0,1,0,1,-0.00062,0.0006,1.377,1568,0,0,0,0,0,0,0,0,0,0,0,0,0,0,0,0,0,0,0,0,0
4800512,2344,0,6,0,3,1,2,0.00087,0.00065,1.3734,1559,0,0,0,0,0,0,0,0,0,0,0,0,0,0,0,0,0,0,0,0,0
4802560,2345,0,9,0,2,3,4,-0.00315,0.00072,1.384,1515,0,0,0,0,0,0,0,0,0,0,0,0,0,0,0,0,0,0,0,0,0
4804608,2346,0,10,1,3,1,5,-0.00101,0.00167,1.3821,1526,0,0,0,0,0,0,0,0,0,0,0,0,0,0,0,0,0,0,0,0,0
4806656,2347,0,5,1,2,1,1,0.00069,0.00157,1.3869,1602,0,0,0,0,0,0,0,0,0,0,0,0,0,0,0,0,0,0,0,0,0
4808704,2348,0,4,0,3,0,1,0.00015,0.00037,1.3872,1534,0,0,0,0,0,0,0,0,0,0,0,0,0,0,0,0,0,0,0,0,0
4810752,2349,0,7,0,1,1,5,-0.00115,0.00051,1.39,1660,0,0,0,0,0,0,0,0,0,0,0,0,0,0,0,0,0,0,0,0,0
4812800,2350,0,14,0,8,3,3,0.00019,0.00124,1.4047,1659,0,0,0,0,0,0,0,0,0,0,0,0,0,0,0,0,0,0,0,0,0
4814848,2351,0,7,1,2,1,3,-0.00201,0.00125,1.4127,1573,0,0,0,0,0,0,0,0,0,0,0,0,0,0,0,0,0,0,0,0,0
4816896,2352,0,7,0,2,3,2,-0.00166,0.00046,1.3956,1569,0,0,0,0,0,0,0,0,0,0,0,0,0,0,0,0,0,0,0,0,0
4818944,2353,0,6,1,3,0,2,0.00071,0.00072,1.3876,1643,0,0,0,0,0,0,0,0,0,0,0,0,0,0,0,0,0,0,0,0,0
4820992,2354,0,8,0,2,1,5,-0.00151,0.00051,1.3867,1598,0,0,0,0,0,0,0,0,0,0,0,0,0,0,0,0,0,0,0,0,0
4823040,2355,0,4,1,1,0,2,-0.00058,0.00122,1.3838,1496,0,0,0,0,0,0,0,0,0,0,0,0,0,0,0,0,0,0,0,0,0
4825088,2356,0,6,0,3,0,3,-0.00077,0.00085,1.3778,1560,0,0,0,0,0,0,0,0,0,0,0,0,0,0,0,0,0,0,0,0,0
4827136,2357,0,4,0,2,0,2,-0.00053,0.00033,1.3729,1567,0,0,0,0,0,0,0,0,0,0,0,0,0,0,0,0,0,0,0,0,0
4829184,2358,0,10,0,6,0,4,-0.00049,0.00062,1.3778,1649,0,0,0,0,0,0,0,0,0,0,0,0,0,0,0,0,0,0,0,0,0
4831232,2359,0,8,0,5,0,3,-0.00219,0.00065,1.3951,1707,0,0,0,0,0,0,0,0,0,0,0,0,0,0,0,0,0,0,0,0,0
4833280,2360,0,7,0,2,2,3,-0.0023,0.00074,1.387,1588,0,0,0,0,0,0,0,0,0,0,0,0,0,0,0,0,0,0,0,0,0
4835328,2361,0,8,0,4,1,3,-0.00405,0.00065,1.3725,1617,0,0,0,0,0,0,0,0,0,0,0,0,0,0,0,0,0,0,0,0,0
4837376,2362,0,10,1,7,0,2,-0.00155,0.00205,1.344,1649,0,0,0,0,0,0,0,0,0,0,0,0,0,0,0,0,0,0,0,0,0
4839424,2363,0,11,0,7,1,3,-0.00166,0.00085,1.3538,1586,0,0,0,0,0,0,0,0,0,0,0,0,0,0,0,0,0,0,0,0,0
4841472,2364,0,6,0,3,0,3,-0.00437,0.00053,1.3364,1661,0,0,0,0,0,0,0,0,0,0,0,0,0,0,0,0,0,0,0,0,0
4843520,2365,0,9,0,6,2,1,0.00054,0.00054,1.3024,1499,0,0,0,0,0,0,0,0,0,0,0,0,0,0,0,0,0,0,0,0,0
4845568,2366,0,7,0,4,0,3,-0.00274,0.00071,1.3083,1636,0,0,0,0,0,0,0,0,0,0,0,0,0,0,0,0,0,0,0,0,0
4847616,2367,0,11,0,3,4,4,-0.00374,0.00092,1.3322,1542,0,0,0,0,0,0,0,0,0,0,0,0,0,0,0,0,0,0,0,0,0
4849664,2368,0,5,0,3,1,1,-0.00444,0.00057,1.3562,1488,0,0,0,0,0,0,0,0,0,0,0,0,0,0,0,0,0,0,0,0,0
4851712,2369,0,7,0,3,1,3,-0.00067,0.00051,1.3564,1419,0,0,0,0,0,0,0,0,0,0,0,0,0,0,0,0,0,0,0,0,0
4853760,2370,0,5,0,0,0,5,-0.00405,0.00044,1.3409,1682,0,0,0,0,0,0,0,0,0,0,0,0,0,0,0,0,0,0,0,0,0
4855808,2371,0,6,0,3,0,3,-0.00435,0.00047,1.3134,1657,0,0,0,0,0,0,0,0,0,0,0,0,0,0,0,0,0,0,0,0,0
4857856,2372,0,9,0,4,1,4,-0.00193,0.0006,1.3547,1700,0,0,0,0,0,0,0,0,0,0,0,0,0,0,0,0,0,0,0,0,0
4859904,2373,0,4,0,2,0,2,-0.00186,0.00079,1.3568,1669,0,0,0,0,0,0,0,0,0,0,0,0,0,0,0,0,0,0,0,0,0
4861952,2374,0,9,0,3,2,4,-0.00211,0.00083,1.3741,1699,0,0,0,0,0,0,0,0,0,0,0,0,0,0,0,0,0,0,0,0,0
4864000,2375,0,7,0,3,1,3,0.0003,0.00057,1.4006,1663,0,0,0,0,0,0,0,0,0,0,0,0,0,0,0,0,0,0,0,0,0
4866048,2376,0,6,0,3,0,3,-0.00096,0.00078,1.389,1730,0,0,0,0,0,0,0,0,0,0,0,0,0,0,0,0,0,0,0,0,0
4868096,2377,0,8,0,4,3,1,-0.00257,0.00064,1.3384,1734,0,0,0,0,0,0,0,0,0,0,0,0,0,0,0,0,0,0,0,0,0
4870144,2378,0,3,0,1,0,2,-0.00073,0.00037,1.3109,1681,0,0,0,0,0,0,0,0,0,0,0,0,0,0,0,0,0,0,0,0,0
4872192,2379,0,8,0,4,0,4,-0.0011,0.00056,1.33,1633,0,0,0,0,0,0,0,0,0,0,0,0,0,0,0,0,0,0,0,0,0
4874240,2380,0,5,1,1,0,3,-0.00098,0.0007,1.3484,1594,0,0,0,0,0,0,0,0,0,0,0,0,0,0,0,0,0,0,0,0,0
4876288,2381,0,7,0,3,1,3,-0.00086,0.00075,1.3499,1704,0,0,0,0,0,0,0,0,0,0,0,0,0,0,0,0,0,0,0,0,0
4878336,2382,0,2,0,1,0,1,0.00066,0.00047,1.3615,1689,0,0,0,0,0,0,0,0,0,0,0,0,0,0,0,0,0,0,0,0,0
4880384,2383,0,8,0,3,0,5,-0.00093,0.00061,1.3576,1618,0,0,0,0,0,0,0,0,0,0,0,0,0,0,0,0,0,0,0,0,0
4882432,2384,0,7,0,2,2,3,8e-05,0.00053,1.3426,1573,0,0,0,0,0,0,0,0,0,0,0,0,0,0,0,0,0,0,0,0,0
4884480,2385,0,6,0,2,0,4,-0.00186,0.00048,1.3479,1607,0,0,0,0,0,0,0,0,0,0,0,0,0,0,0,0,0,0,0,0,0
4886528,2386,0,6,0,4,0,2,-0.00163,0.00032,1.3316,1636,0,0,0,0,0,0,0,0,0,0,0,0,0,0,0,0,0,0,0,0,0
4888576,2387,0,7,1,2,1,3,-0.00148,0.00089,1.3069,1556,0,0,0,0,0,0,0,0,0,0,0,0,0,0,0,0,0,0,0,0,0
4890624,2388,0,10,1,4,1,4,-0.00204,0.00111,1.3126,1602,0,0,0,0,0,0,0,0,0,0,0,0,0,0,0,0,0,0,0,0,0
4892672,2389,0,10,1,6,1,2,-0.00075,0.00089,1.3195,1726,0,0,0,0,0,0,0,0,0,0,0,0,0,0,0,0,0,0,0,0,0
4894720,2390,0,7,0,5,1,1,-0.00173,0.00072,1.3226,1753,0,0,0,0,0,0,0,0,0,0,0,0,0,0,0,0,0,0,0,0,0
4896768,2391,0,6,0,2,1,3,-0.00235,0.00062,1.3313,1624,0,0,0,0,0,0,0,0,0,0,0,0,0,0,0,0,0,0,0,0,0
4898816,2392,0,11,0,6,3,2,-6e-05,0.00065,1.3375,1607,0,0,0,0,0,0,0,0,0,0,0,0,0,0,0,0,0,0,0,0,0
4900864,2393,0,5,0,2,0,3,-0.00125,0.00064,1.3205,1551,0,0,0,0,0,0,0,0,0,0,0,0,0,0,0,0,0,0,0,0,0
4902912,2394,0,9,2,2,2,3,-0.00142,0.00223,1.2782,1611,0,0,0,0,0,0,0,0,0,0,0,0,0,0,0,0,0,0,0,0,0
4904960,2395,0,3,0,1,0,2,-0.00238,0.00062,1.2889,1648,0,0,0,0,0,0,0,0,0,0,0,0,0,0,0,0,0,0,0,0,0
4907008,2396,0,5,0,0,2,3,-0.00108,0.00054,1.2884,1629,0,0,0,0,0,0,0,0,0,0,0,0,0,0,0,0,0,0,0,0,0
4909056,2397,0,5,0,3,1,1,-0.00541,0.00048,1.263,1527,0,0,0,0,0,0,0,0,0,0,0,0,0,0,0,0,0,0,0,0,0
4911104,2398,0,12,0,5,0,7,-0.00044,0.00046,1.2446,1558,0,0,0,0,0,0,0,0,0,0,0,0,0,0,0,0,0,0,0,0,0
4913152,2399,0,9,0,8,0,1,-0.00364,0.00037,1.2466,1505,0,0,0,0,0,0,0,0,0,0,0,0,0,0,0,0,0,0,0,0,0
4915200,2400,0,8,0,2,2,4,0.00113,0.00058,1.2129,1589,0,0,0,0,0,0,0,0,0,0,0,0,0,0,0,0,0,0,0,0,0
4917248,2401,0,5,0,2,0,3,-0.00101,0.00033,1.2458,1567,0,0,0,0,0,0,0,0,0,0,0,0,0,0,0,0,0,0,0,0,0
4919296,2402,0,5,1,1,1,2,-0.00416,0.00106,1.2652,1654,0,0,0,0,0,0,0,0,0,0,0,0,0,0,0,0,0,0,0,0,0
4921344,2403,0,12,1,6,0,5,-0.00115,0.00094,1.2892,1677,0,0,0,0,0,0,0,0,0,0,0,0,0,0,0,0,0,0,0,0,0
4923392,2404,0,11,1,6,1,3,-0.00273,0.00095,1.2745,1651,0,0,0,0,0,0,0,0,0,0,0,0,0,0,0,0,0,0,0,0,0
4925440,2405,0,3,1,2,0,0,0.00146,0.00058,1.3207,1732,0,0,0,0,0,0,0,0,0,0,0,0,0,0,0,0,0,0,0,0,0
4927488,2406,0,5,0,1,2,2,-0.00316,0.00043,1.3143,1558,0,0,0,0,0,0,0,0,0,0,0,0,0,0,0,0,0,0,0,0,0
4929536,2407,0,8,0,3,0,5,0.00239,0.00061,1.3176,1662,0,0,0,0,0,0,0,0,0,0,0,0,0,0,0,0,0,0,0,0,0
4931584,2408,0,8,0,2,1,5,0.00094,0.00075,1.3175,1588,0,0,0,0,0,0,0,0,0,0,0,0,0,0,0,0,0,0,0,0,0
4933632,2409,0,6,0,4,1,1,-0.00417,0.00064,1.3461,1594,0,0,0,0,0,0,0,0,0,0,0,0,0,0,0,0,0,0,0,0,0
4935680,2410,0,8,0,3,1,4,-0.00023,0.00062,1.3553,1574,0,0,0,0,0,0,0,0,0,0,0,0,0,0,0,0,0,0,0,0,0
4937728,2411,0,7,1,4,0,2,-0.00136,0.00164,1.343,1610,0,0,0,0,0,0,0,0,0,0,0,0,0,0,0,0,0,0,0,0,0
4939776,2412,0,7,0,3,0,4,-0.003,0.00033,1.3387,1613,0,0,0,0,0,0,0,0,0,0,0,0,0,0,0,0,0,0,0,0,0
4941824,2413,0,2,0,0,0,2,-0.00628,0.00051,1.3586,1666,0,0,0,0,0,0,0,0,0,0,0,0,0,0,0,0,0,0,0,0,0
4943872,2414,0,12,0,6,1,5,-0.004,0.00064,1.3879,1640,0,0,0,0,0,0,0,0,0,0,0,0,0,0,0,0,0,0,0,0,0
4945920,2415,0,8,1,4,1,2,-0.00297,0.00102,1.3955,1628,0,0,0,0,0,0,0,0,0,0,0,0,0,0,0,0,0,0,0,0,0
4947968,2416,0,15,0,10,1,4,-0.00417,0.00075,1.3784,1626,0,0,0,0,0,0,0,0,0,0,0,0,0,0,0,0,0,0,0,0,0
4950016,2417,0,6,0,3,2,1,-0.00601,0.00076,1.3545,1575,0,0,0,0,0,0,0,0,0,0,0,0,0,0,0,0,0,0,0,0,0
4952064,2418,0,8,0,6,0,2,-0.00196,0.00059,1.368,1527,0,0,0,0,0,0,0,0,0,0,0,0,0,0,0,0,0,0,0,0,0
4954112,2419,0,3,0,0,1,2,-0.00083,0.00064,1.365,1714,0,0,0,0,0,0,0,0,0,0,0,0,0,0,0,0,0,0,0,0,0
4956160,2420,0,6,0,2,0,4,-0.00078,0.00052,1.3725,1616,0,0,0,0,0,0,0,0,0,0,0,0,0,0,0,0,0,0,0,0,0
4958208,2421,0,7,0,4,0,3,-0.0021,0.00045,1.3696,1662,0,0,0,0,0,0,0,0,0,0,0,0,0,0,0,0,0,0,0,0,0
4960256,2422,0,11,2,4,1,4,-0.00189,0.00274,1.3636,1674,0,0,0,0,0,0,0,0,0,0,0,0,0,0,0,0,0,0,0,0,0
4962304,2423,0,10,3,3,3,1,-0.00035,0.00321,1.3419,1751,0,0,0,0,0,0,0,0,0,0,0,0,0,0,0,0,0,0,0,0,0
4964352,2424,0,8,1,5,1,1,0.00444,0.00197,1.3466,1611,0,0,0,0,0,0,0,0,0,0,0,0,0,0,0,0,0,0,0,0,0
4966400,2425,0,12,2,5,1,4,-0.00062,0.00354,1.289,1723,0,0,0,0,0,0,0,0,0,0,0,0,0,0,0,0,0,0,0,0,0
4968448,2426,0,8,1,3,2,2,0.00101,0.0011,1.3052,1667,0,0,0,0,0,0,0,0,0,0,0,0,0,0,0,0,0,0,0,0,0
4970496,2427,0,7,0,3,2,2,-0.00138,0.00081,1.2657,1668,0,0,0,0,0,0,0,0,0,0,0,0,0,0,0,0,0,0,0,0,0
4972544,2428,0,6,1,2,0,3,-0.00325,0.00189,1.2639,1635,0,0,0,0,0,0,0,0,0,0,0,0,0,0,0,0,0,0,0,0,0
4974592,2429,0,9,0,5,0,4,-0.00119,0.00063,1.3222,1685,0,0,0,0,0,0,0,0,0,0,0,0,0,0,0,0,0,0,0,0,0
4976640,2430,0,7,1,3,1,2,-0.00304,0.00179,1.271,1688,0,0,0,0,0,0,0,0,0,0,0,0,0,0,0,0,0,0,0,0,0
4978688,2431,0,8,0,5,0,3,-0.00254,0.00087,1.2551,1544,0,0,0,0,0,0,0,0,0,0,0,0,0,0,0,0,0,0,0,0,0
4980736,2432,0,5,0,0,2,3,-0.00204,0.00038,1.2689,1476,0,0,0,0,0,0,0,0,0,0,0,0,0,0,0,0,0,0,0,0,0
4982784,2433,0,17,3,8,2,4,-0.00371,0.00503,1.2903,1476,0,0,0,0,0,0,0,0,0,0,0,0,0,0,0,0,0,0,0,0,0
4984832,2434,0,6,1,2,1,2,-3e-05,0.00143,1.3089,1636,0,0,0,0,0,0,0,0,0,0,0,0,0,0,0,0,0,0,0,0,0
4986880,2435,0,7,2,1,3,1,-0.00177,0.00119,1.3387,1682,0,0,0,0,0,0,0,0,0,0,0,0,0,0,0,0,0,0,0,0,0
4988928,2436,0,9,0,7,0,2,-0.00379,0.00084,1.3574,1636,0,0,0,0,0,0,0,0,0,0,0,0,0,0,0,0,0,0,0,0,0
4990976,2437,0,5,0,0,0,5,9e-05,0.00043,1.366,1686,0,0,0,0,0,0,0,0,0,0,0,0,0,0,0,0,0,0,0,0,0
4993024,2438,0,8,1,3,0,4,-0.00066,0.00083,1.3633,1625,0,0,0,0,0,0,0,0,0,0,0,0,0,0,0,0,0,0,0,0,0
4995072,2439,0,5,0,0,3,2,-0.0016,0.00062,1.3459,1511,0,0,0,0,0,0,0,0,0,0,0,0,0,0,0,0,0,0,0,0,0
4997120,2440,0,6,2,0,4,0,-0.00069,0.00169,1.3463,1583,0,0,0,0,0,0,0,0,0,0,0,0,0,0,0,0,0,0,0,0,0
4999168,2441,0,11,0,4,3,4,-9e-05,0.00088,1.3353,1519,0,0,0,0,0,0,0,0,0,0,0,0,0,0,0,0,0,0,0,0,0
5001216,2442,0,10,1,6,1,2,-0.00197,0.00153,1.3376,1522,0,0,0,0,0,0,0,0,0,0,0,0,0,0,0,0,0,0,0,0,0
