global_step,update,phase,episodes,success,lava,ball,timeout,pg_loss,v_loss,entropy,sps,sub_navigate_n,sub_navigate_success,sub_hazard_n,sub_hazard_success,sub_key_door_n,sub_key_door_success,choose_navigate,choose_hazard,choose_key_door,success_under_navigate,lava_under_navigate,ball_under_navigate,timeout_under_navigate,success_under_hazard,lava_under_hazard,ball_under_hazard,timeout_under_hazard,success_under_key_door,lava_under_key_door,ball_under_key_door,timeout_under_key_door
2048,1,1,0,0,0,0,0,-0.00043,0.00016,1.9459,3127,0,0,3,0,0,0,0,0,0,0,0,0,0,0,0,0,0,0,0,0,0
4096,2,1,0,0,0,0,0,-0.00108,0.00015,1.9449,3146,3,0,8,0,5,0,0,0,0,0,0,0,0,0,0,0,0,0,0,0,0
6144,3,1,0,0,0,0,0,-0.00516,0.001,1.9193,3252,2,1,3,1,1,0,0,0,0,0,0,0,0,0,0,0,0,0,0,0,0
8192,4,1,0,0,0,0,0,-0.00059,0.00086,1.9139,3313,6,0,4,1,4,0,0,0,0,0,0,0,0,0,0,0,0,0,0,0,0
10240,5,1,0,0,0,0,0,-0.00042,0.00038,1.9071,3346,4,0,8,0,4,0,0,0,0,0,0,0,0,0,0,0,0,0,0,0,0
12288,6,1,0,0,0,0,0,-5e-05,0.0005,1.9308,3286,1,0,3,0,4,1,0,0,0,0,0,0,0,0,0,0,0,0,0,0,0
14336,7,1,0,0,0,0,0,-0.00039,0.0002,1.9346,3471,7,0,4,0,3,0,0,0,0,0,0,0,0,0,0,0,0,0,0,0,0
16384,8,1,0,0,0,0,0,-0.00023,0.00012,1.9303,3372,6,0,4,0,4,0,0,0,0,0,0,0,0,0,0,0,0,0,0,0,0
18432,9,1,0,0,0,0,0,-0.00137,0.00016,1.9402,3202,3,0,5,0,2,0,0,0,0,0,0,0,0,0,0,0,0,0,0,0,0
20480,10,1,0,0,0,0,0,-0.00018,0.00027,1.943,2784,6,0,5,1,1,0,0,0,0,0,0,0,0,0,0,0,0,0,0,0,0
22528,11,1,0,0,0,0,0,-0.00081,0.00036,1.943,3332,4,1,5,0,4,0,0,0,0,0,0,0,0,0,0,0,0,0,0,0,0
24576,12,1,0,0,0,0,0,-0.00047,0.00155,1.9377,3056,4,1,2,0,4,0,0,0,0,0,0,0,0,0,0,0,0,0,0,0,0
26624,13,1,0,0,0,0,0,-0.00162,0.00159,1.9217,3117,5,1,2,0,5,1,0,0,0,0,0,0,0,0,0,0,0,0,0,0,0
28672,14,1,0,0,0,0,0,-0.0042,0.00148,1.8703,2962,4,0,6,0,3,1,0,0,0,0,0,0,0,0,0,0,0,0,0,0,0
30720,15,1,0,0,0,0,0,-0.00173,0.00021,1.8432,2955,5,0,4,0,2,0,0,0,0,0,0,0,0,0,0,0,0,0,0,0,0
32768,16,1,0,0,0,0,0,-0.00208,0.00018,1.8766,2849,4,0,7,0,4,0,0,0,0,0,0,0,0,0,0,0,0,0,0,0,0
34816,17,1,0,0,0,0,0,-0.00152,9e-05,1.8946,3091,4,0,4,1,2,0,0,0,0,0,0,0,0,0,0,0,0,0,0,0,0
36864,18,1,0,0,0,0,0,-0.00214,0.00034,1.9114,3158,4,0,5,0,2,0,0,0,0,0,0,0,0,0,0,0,0,0,0,0,0
38912,19,1,0,0,0,0,0,-0.00423,7e-05,1.8633,3083,4,0,4,0,4,0,0,0,0,0,0,0,0,0,0,0,0,0,0,0,0
40960,20,1,0,0,0,0,0,-0.00087,0.00018,1.9188,3312,2,0,4,0,2,0,0,0,0,0,0,0,0,0,0,0,0,0,0,0,0
43008,21,1,0,0,0,0,0,-0.00016,0.00104,1.9316,3006,7,1,3,0,3,0,0,0,0,0,0,0,0,0,0,0,0,0,0,0,0
45056,22,1,0,0,0,0,0,0.00014,0.00033,1.9233,3057,2,1,4,0,5,0,0,0,0,0,0,0,0,0,0,0,0,0,0,0,0
47104,23,1,0,0,0,0,0,-0.00018,0.00016,1.92,3143,5,0,2,0,3,0,0,0,0,0,0,0,0,0,0,0,0,0,0,0,0
49152,24,1,0,0,0,0,0,-0.00051,0.00159,1.9042,3114,6,1,3,0,5,0,0,0,0,0,0,0,0,0,0,0,0,0,0,0,0
51200,25,1,0,0,0,0,0,-0.00059,0.00021,1.8884,2983,1,0,5,0,5,0,0,0,0,0,0,0,0,0,0,0,0,0,0,0,0
53248,26,1,0,0,0,0,0,0.00031,0.00011,1.8631,3064,6,0,4,0,4,0,0,0,0,0,0,0,0,0,0,0,0,0,0,0,0
55296,27,1,0,0,0,0,0,-0.00024,0.00145,1.8833,3145,3,0,4,0,3,1,0,0,0,0,0,0,0,0,0,0,0,0,0,0,0
57344,28,1,0,0,0,0,0,-0.00085,0.00241,1.9044,3036,4,0,3,0,7,3,0,0,0,0,0,0,0,0,0,0,0,0,0,0,0
59392,29,1,0,0,0,0,0,-0.00221,0.00042,1.8733,3077,5,1,6,0,1,0,0,0,0,0,0,0,0,0,0,0,0,0,0,0,0
61440,30,1,0,0,0,0,0,-0.00158,0.00031,1.7811,3284,3,1,6,0,1,0,0,0,0,0,0,0,0,0,0,0,0,0,0,0,0
63488,31,1,0,0,0,0,0,-0.00115,0.00035,1.8242,2995,2,0,4,0,4,0,0,0,0,0,0,0,0,0,0,0,0,0,0,0,0
65536,32,1,0,0,0,0,0,-0.00328,0.00016,1.804,3184,4,0,4,0,5,0,0,0,0,0,0,0,0,0,0,0,0,0,0,0,0
67584,33,1,0,0,0,0,0,-0.00091,0.00012,1.8237,3094,7,0,1,0,3,0,0,0,0,0,0,0,0,0,0,0,0,0,0,0,0
69632,34,1,0,0,0,0,0,-0.00036,0.00025,1.7813,3116,5,0,1,0,2,0,0,0,0,0,0,0,0,0,0,0,0,0,0,0,0
71680,35,1,0,0,0,0,0,-0.00074,0.00032,1.7532,3439,6,0,6,0,4,1,0,0,0,0,0,0,0,0,0,0,0,0,0,0,0
73728,36,1,0,0,0,0,0,0.00027,0.00017,1.7854,3331,5,0,6,0,3,0,0,0,0,0,0,0,0,0,0,0,0,0,0,0,0
75776,37,1,0,0,0,0,0,-0.00172,0.00025,1.8661,3260,3,0,2,0,2,0,0,0,0,0,0,0,0,0,0,0,0,0,0,0,0
77824,38,1,0,0,0,0,0,-0.0012,0.00039,1.8957,2911,4,0,3,0,6,0,0,0,0,0,0,0,0,0,0,0,0,0,0,0,0
79872,39,1,0,0,0,0,0,-0.0017,0.00029,1.8647,3601,6,1,3,0,5,0,0,0,0,0,0,0,0,0,0,0,0,0,0,0,0
81920,40,1,0,0,0,0,0,-0.00211,0.00016,1.7927,3276,0,0,2,0,4,0,0,0,0,0,0,0,0,0,0,0,0,0,0,0,0
83968,41,1,0,0,0,0,0,-0.00068,0.00129,1.7958,3182,3,1,6,0,5,0,0,0,0,0,0,0,0,0,0,0,0,0,0,0,0
86016,42,1,0,0,0,0,0,-0.00203,0.00055,1.7537,2844,5,0,3,1,4,0,0,0,0,0,0,0,0,0,0,0,0,0,0,0,0
88064,43,1,0,0,0,0,0,-0.00203,0.00144,1.7312,2776,2,0,6,1,3,1,0,0,0,0,0,0,0,0,0,0,0,0,0,0,0
90112,44,1,0,0,0,0,0,-0.00241,0.00066,1.7353,2861,5,1,2,0,5,2,0,0,0,0,0,0,0,0,0,0,0,0,0,0,0
92160,45,1,0,0,0,0,0,-0.0003,0.00094,1.7416,3113,6,1,3,0,4,1,0,0,0,0,0,0,0,0,0,0,0,0,0,0,0
94208,46,1,0,0,0,0,0,-0.00209,0.00082,1.7122,3110,4,0,4,0,3,1,0,0,0,0,0,0,0,0,0,0,0,0,0,0,0
96256,47,1,0,0,0,0,0,-0.00079,0.00133,1.6627,3001,4,0,3,0,4,2,0,0,0,0,0,0,0,0,0,0,0,0,0,0,0
98304,48,1,0,0,0,0,0,-0.00192,0.00325,1.6779,3229,7,2,4,1,5,1,0,0,0,0,0,0,0,0,0,0,0,0,0,0,0
100352,49,1,0,0,0,0,0,-0.00197,0.00087,1.6276,3170,6,2,2,0,3,0,0,0,0,0,0,0,0,0,0,0,0,0,0,0,0
102400,50,1,0,0,0,0,0,-0.0006,0.00393,1.5616,3334,5,2,5,1,4,0,0,0,0,0,0,0,0,0,0,0,0,0,0,0,0
104448,51,1,0,0,0,0,0,-0.00198,0.00066,1.5253,3208,5,1,4,0,3,0,0,0,0,0,0,0,0,0,0,0,0,0,0,0,0
106496,52,1,0,0,0,0,0,-0.00225,0.00029,1.4774,3094,3,0,4,0,6,0,0,0,0,0,0,0,0,0,0,0,0,0,0,0,0
108544,53,1,0,0,0,0,0,-0.00072,0.00201,1.4128,3326,3,0,7,2,5,2,0,0,0,0,0,0,0,0,0,0,0,0,0,0,0
110592,54,1,0,0,0,0,0,-0.00394,0.00047,1.3971,3131,3,0,3,0,3,1,0,0,0,0,0,0,0,0,0,0,0,0,0,0,0
112640,55,1,0,0,0,0,0,-0.00113,0.00014,1.4189,3083,4,0,5,0,4,0,0,0,0,0,0,0,0,0,0,0,0,0,0,0,0
114688,56,1,0,0,0,0,0,0.00043,0.0034,1.3855,2966,6,2,7,3,3,0,0,0,0,0,0,0,0,0,0,0,0,0,0,0,0
116736,57,1,0,0,0,0,0,-0.00198,0.00022,1.4414,2930,2,0,3,0,4,0,0,0,0,0,0,0,0,0,0,0,0,0,0,0,0
118784,58,1,0,0,0,0,0,-0.00284,0.0003,1.4943,2955,5,0,3,0,3,1,0,0,0,0,0,0,0,0,0,0,0,0,0,0,0
120832,59,1,0,0,0,0,0,-0.00122,0.00029,1.5647,2719,6,0,6,0,4,1,0,0,0,0,0,0,0,0,0,0,0,0,0,0,0
122880,60,1,0,0,0,0,0,-0.00262,0.00012,1.5338,3086,4,0,4,0,1,0,0,0,0,0,0,0,0,0,0,0,0,0,0,0,0
124928,61,1,0,0,0,0,0,-6e-05,0.00086,1.5007,3084,3,0,3,0,5,1,0,0,0,0,0,0,0,0,0,0,0,0,0,0,0
126976,62,1,0,0,0,0,0,0.00038,0.00026,1.5391,3295,4,0,2,0,6,0,0,0,0,0,0,0,0,0,0,0,0,0,0,0,0
129024,63,1,0,0,0,0,0,-0.00306,0.00069,1.66,3548,4,0,4,1,2,0,0,0,0,0,0,0,0,0,0,0,0,0,0,0,0
131072,64,1,0,0,0,0,0,-0.00157,0.0007,1.6225,3463,6,1,2,0,4,0,0,0,0,0,0,0,0,0,0,0,0,0,0,0,0
133120,65,1,0,0,0,0,0,-0.00031,0.0004,1.5616,3038,5,0,2,0,4,0,0,0,0,0,0,0,0,0,0,0,0,0,0,0,0
135168,66,1,0,0,0,0,0,-0.00217,0.00086,1.4685,3319,4,0,2,1,5,0,0,0,0,0,0,0,0,0,0,0,0,0,0,0,0
137216,67,1,0,0,0,0,0,-0.00103,0.0005,1.5263,2986,7,0,1,0,4,0,0,0,0,0,0,0,0,0,0,0,0,0,0,0,0
139264,68,1,0,0,0,0,0,-0.00121,0.00042,1.5668,3175,7,1,3,0,2,0,0,0,0,0,0,0,0,0,0,0,0,0,0,0,0
141312,69,1,0,0,0,0,0,-0.0017,0.00143,1.48,3231,2,1,9,1,1,0,0,0,0,0,0,0,0,0,0,0,0,0,0,0,0
143360,70,1,0,0,0,0,0,-0.0027,0.00011,1.4695,2557,8,0,2,0,2,0,0,0,0,0,0,0,0,0,0,0,0,0,0,0,0
145408,71,1,0,0,0,0,0,-0.00264,0.00052,1.4657,3259,6,1,4,0,3,0,0,0,0,0,0,0,0,0,0,0,0,0,0,0,0
147456,72,1,0,0,0,0,0,-0.00193,0.00111,1.5055,3316,5,0,9,0,3,2,0,0,0,0,0,0,0,0,0,0,0,0,0,0,0
149504,73,1,0,0,0,0,0,-0.00061,0.00111,1.4203,3150,4,0,3,1,5,0,0,0,0,0,0,0,0,0,0,0,0,0,0,0,0
151552,74,1,0,0,0,0,0,0.00059,0.00091,1.535,2867,1,0,5,0,4,1,0,0,0,0,0,0,0,0,0,0,0,0,0,0,0
153600,75,1,0,0,0,0,0,-0.00145,0.00024,1.5076,2793,5,0,4,0,4,0,0,0,0,0,0,0,0,0,0,0,0,0,0,0,0
155648,76,1,0,0,0,0,0,-0.00146,0.00158,1.5262,3112,3,0,4,1,5,1,0,0,0,0,0,0,0,0,0,0,0,0,0,0,0
157696,77,1,0,0,0,0,0,-0.00145,0.00116,1.5405,3160,4,0,3,0,7,1,0,0,0,0,0,0,0,0,0,0,0,0,0,0,0
159744,78,1,0,0,0,0,0,-0.00177,0.0003,1.5587,3113,3,0,5,0,4,0,0,0,0,0,0,0,0,0,0,0,0,0,0,0,0
161792,79,1,0,0,0,0,0,-0.00036,0.00099,1.4858,3396,3,1,5,0,4,0,0,0,0,0,0,0,0,0,0,0,0,0,0,0,0
163840,80,1,0,0,0,0,0,-0.00013,0.00117,1.3861,3288,3,0,2,1,7,0,0,0,0,0,0,0,0,0,0,0,0,0,0,0,0
165888,81,1,0,0,0,0,0,-0.0002,0.00035,1.4577,3072,5,0,3,0,4,0,0,0,0,0,0,0,0,0,0,0,0,0,0,0,0
167936,82,1,0,0,0,0,0,-0.00352,0.00028,1.3843,2876,2,0,1,0,4,0,0,0,0,0,0,0,0,0,0,0,0,0,0,0,0
169984,83,1,0,0,0,0,0,-0.00297,0.00059,1.3314,3219,3,0,7,1,5,0,0,0,0,0,0,0,0,0,0,0,0,0,0,0,0
172032,84,1,0,0,0,0,0,-0.00206,0.00022,1.3613,3309,6,0,3,0,5,0,0,0,0,0,0,0,0,0,0,0,0,0,0,0,0
174080,85,1,0,0,0,0,0,-0.00232,0.0003,1.4949,3356,2,0,4,0,3,1,0,0,0,0,0,0,0,0,0,0,0,0,0,0,0
176128,86,1,0,0,0,0,0,-0.00118,0.0003,1.4933,3314,7,0,1,0,5,0,0,0,0,0,0,0,0,0,0,0,0,0,0,0,0
178176,87,1,0,0,0,0,0,-0.00085,0.00023,1.4634,3297,5,0,1,0,7,0,0,0,0,0,0,0,0,0,0,0,0,0,0,0,0
180224,88,1,0,0,0,0,0,-0.00171,0.00092,1.4495,3081,2,1,6,1,1,0,0,0,0,0,0,0,0,0,0,0,0,0,0,0,0
182272,89,1,0,0,0,0,0,-0.00053,0.0019,1.4023,3167,5,1,4,0,8,1,0,0,0,0,0,0,0,0,0,0,0,0,0,0,0
184320,90,1,0,0,0,0,0,-0.00231,0.00029,1.4119,2821,2,0,5,0,2,0,0,0,0,0,0,0,0,0,0,0,0,0,0,0,0
186368,91,1,0,0,0,0,0,-0.00211,0.00058,1.3495,3219,4,1,5,0,5,0,0,0,0,0,0,0,0,0,0,0,0,0,0,0,0
188416,92,1,0,0,0,0,0,-0.00127,0.00096,1.3582,2966,6,2,4,0,6,0,0,0,0,0,0,0,0,0,0,0,0,0,0,0,0
190464,93,1,0,0,0,0,0,-0.00147,0.00019,1.3751,2954,1,0,3,0,2,0,0,0,0,0,0,0,0,0,0,0,0,0,0,0,0
192512,94,1,0,0,0,0,0,-0.00161,0.00021,1.4418,2763,5,0,2,0,6,0,0,0,0,0,0,0,0,0,0,0,0,0,0,0,0
194560,95,1,0,0,0,0,0,-0.00503,0.00011,1.3494,3107,10,0,4,0,0,0,0,0,0,0,0,0,0,0,0,0,0,0,0,0,0
196608,96,1,0,0,0,0,0,-0.00196,0.00029,1.2349,2844,1,0,3,0,2,0,0,0,0,0,0,0,0,0,0,0,0,0,0,0,0
198656,97,1,0,0,0,0,0,-0.00209,0.00037,1.2329,3018,4,0,7,0,5,0,0,0,0,0,0,0,0,0,0,0,0,0,0,0,0
200704,98,1,0,0,0,0,0,-0.00137,0.00029,1.2651,2876,0,0,3,0,8,0,0,0,0,0,0,0,0,0,0,0,0,0,0,0,0
202752,99,1,0,0,0,0,0,-0.00161,0.00028,1.3086,3163,4,0,3,0,1,0,0,0,0,0,0,0,0,0,0,0,0,0,0,0,0
204800,100,1,0,0,0,0,0,-0.00279,0.00032,1.3207,3136,5,0,2,0,6,0,0,0,0,0,0,0,0,0,0,0,0,0,0,0,0
206848,101,1,0,0,0,0,0,-0.00017,0.00166,1.2299,2918,4,0,5,1,4,0,0,0,0,0,0,0,0,0,0,0,0,0,0,0,0
208896,102,1,0,0,0,0,0,-0.00032,0.00028,1.234,3009,1,0,4,0,2,0,0,0,0,0,0,0,0,0,0,0,0,0,0,0,0
210944,103,1,0,0,0,0,0,-0.00147,0.00093,1.1937,2732,6,0,2,0,7,1,0,0,0,0,0,0,0,0,0,0,0,0,0,0,0
212992,104,1,0,0,0,0,0,-0.00248,0.00028,1.2767,2891,3,0,1,0,7,0,0,0,0,0,0,0,0,0,0,0,0,0,0,0,0
215040,105,1,0,0,0,0,0,-0.00336,0.00095,1.4599,3092,5,1,3,0,2,0,0,0,0,0,0,0,0,0,0,0,0,0,0,0,0
217088,106,1,0,0,0,0,0,-0.00343,0.00077,1.3771,2888,3,0,7,1,5,1,0,0,0,0,0,0,0,0,0,0,0,0,0,0,0
219136,107,1,0,0,0,0,0,0.00159,0.00102,1.4422,3208,4,0,3,1,5,0,0,0,0,0,0,0,0,0,0,0,0,0,0,0,0
221184,108,1,0,0,0,0,0,-0.00317,0.00035,1.4053,3275,7,0,3,0,1,0,0,0,0,0,0,0,0,0,0,0,0,0,0,0,0
223232,109,1,0,0,0,0,0,0.00032,0.00053,1.4695,3126,4,1,5,0,5,0,0,0,0,0,0,0,0,0,0,0,0,0,0,0,0
225280,110,1,0,0,0,0,0,-0.00242,0.00153,1.5051,2934,1,0,6,1,4,0,0,0,0,0,0,0,0,0,0,0,0,0,0,0,0
227328,111,1,0,0,0,0,0,-0.00532,0.00089,1.4791,2996,6,1,2,0,3,1,0,0,0,0,0,0,0,0,0,0,0,0,0,0,0
229376,112,1,0,0,0,0,0,-0.00056,0.00023,1.5327,3135,4,0,5,0,2,0,0,0,0,0,0,0,0,0,0,0,0,0,0,0,0
231424,113,1,0,0,0,0,0,-0.00242,0.00153,1.5618,2985,6,0,3,0,5,1,0,0,0,0,0,0,0,0,0,0,0,0,0,0,0
233472,114,1,0,0,0,0,0,-0.00094,0.00152,1.5362,3167,5,1,2,1,4,0,0,0,0,0,0,0,0,0,0,0,0,0,0,0,0
235520,115,1,0,0,0,0,0,-0.00375,0.00187,1.5104,3223,6,0,5,1,5,2,0,0,0,0,0,0,0,0,0,0,0,0,0,0,0
237568,116,1,0,0,0,0,0,-0.00408,0.00041,1.435,3310,3,0,2,0,5,0,0,0,0,0,0,0,0,0,0,0,0,0,0,0,0
239616,117,1,0,0,0,0,0,-0.00261,0.00029,1.3833,3049,4,0,5,0,6,0,0,0,0,0,0,0,0,0,0,0,0,0,0,0,0
241664,118,1,0,0,0,0,0,-0.00273,0.0001,1.5266,3014,2,0,3,0,4,0,0,0,0,0,0,0,0,0,0,0,0,0,0,0,0
243712,119,1,0,0,0,0,0,-0.00153,0.00028,1.4666,2981,6,1,7,0,3,0,0,0,0,0,0,0,0,0,0,0,0,0,0,0,0
245760,120,1,0,0,0,0,0,-0.0002,0.00143,1.4691,3075,4,0,9,0,2,1,0,0,0,0,0,0,0,0,0,0,0,0,0,0,0
247808,121,1,0,0,0,0,0,-0.00139,0.00031,1.4919,3208,3,0,3,0,6,0,0,0,0,0,0,0,0,0,0,0,0,0,0,0,0
249856,122,1,0,0,0,0,0,-0.00365,0.00017,1.4525,3019,4,1,6,0,2,1,0,0,0,0,0,0,0,0,0,0,0,0,0,0,0
251904,123,1,0,0,0,0,0,-0.00124,0.00214,1.4833,3021,7,3,3,1,3,0,0,0,0,0,0,0,0,0,0,0,0,0,0,0,0
253952,124,1,0,0,0,0,0,-0.0032,0.00126,1.32,3410,5,0,4,1,4,0,0,0,0,0,0,0,0,0,0,0,0,0,0,0,0
256000,125,1,0,0,0,0,0,-0.00254,0.00034,1.3945,3310,4,0,1,0,6,0,0,0,0,0,0,0,0,0,0,0,0,0,0,0,0
258048,126,1,0,0,0,0,0,-0.001,0.0017,1.4017,3242,2,0,0,0,8,1,0,0,0,0,0,0,0,0,0,0,0,0,0,0,0
260096,127,1,0,0,0,0,0,-0.0034,0.001,1.4093,3189,5,0,5,0,4,1,0,0,0,0,0,0,0,0,0,0,0,0,0,0,0
262144,128,1,0,0,0,0,0,-0.00346,0.00079,1.4122,3141,5,1,3,0,5,2,0,0,0,0,0,0,0,0,0,0,0,0,0,0,0
264192,129,1,0,0,0,0,0,-0.00042,0.00099,1.409,3147,5,2,3,0,5,0,0,0,0,0,0,0,0,0,0,0,0,0,0,0,0
266240,130,1,0,0,0,0,0,-0.00341,0.00207,1.3788,3061,6,1,7,1,2,0,0,0,0,0,0,0,0,0,0,0,0,0,0,0,0
268288,131,1,0,0,0,0,0,-0.00225,0.00024,1.4696,3174,4,0,3,0,2,0,0,0,0,0,0,0,0,0,0,0,0,0,0,0,0
270336,132,1,0,0,0,0,0,-0.00159,0.00057,1.4393,3144,6,0,2,0,4,1,0,0,0,0,0,0,0,0,0,0,0,0,0,0,0
272384,133,1,0,0,0,0,0,-0.00244,0.001,1.4581,2933,6,1,7,1,5,2,0,0,0,0,0,0,0,0,0,0,0,0,0,0,0
274432,134,1,0,0,0,0,0,-0.00197,0.00067,1.4847,2868,3,1,4,0,2,1,0,0,0,0,0,0,0,0,0,0,0,0,0,0,0
276480,135,1,0,0,0,0,0,-0.00323,0.00201,1.503,2666,5,2,9,1,3,2,0,0,0,0,0,0,0,0,0,0,0,0,0,0,0
278528,136,1,0,0,0,0,0,-0.00183,0.00044,1.5228,2961,6,2,3,0,3,0,0,0,0,0,0,0,0,0,0,0,0,0,0,0,0
280576,137,1,0,0,0,0,0,-0.00417,0.00151,1.6055,2897,5,1,1,0,5,3,0,0,0,0,0,0,0,0,0,0,0,0,0,0,0
282624,138,1,0,0,0,0,0,-0.00398,0.00272,1.536,3027,4,0,10,2,3,0,0,0,0,0,0,0,0,0,0,0,0,0,0,0,0
284672,139,1,0,0,0,0,0,0.00062,0.00133,1.5166,3126,3,0,5,0,3,2,0,0,0,0,0,0,0,0,0,0,0,0,0,0,0
286720,140,1,0,0,0,0,0,-0.00365,0.00258,1.5204,3318,6,1,3,1,7,2,0,0,0,0,0,0,0,0,0,0,0,0,0,0,0
288768,141,1,0,0,0,0,0,0.00015,0.00205,1.5033,3348,6,2,4,0,2,2,0,0,0,0,0,0,0,0,0,0,0,0,0,0,0
290816,142,1,0,0,0,0,0,-0.0044,0.00137,1.4641,3351,6,1,2,0,4,2,0,0,0,0,0,0,0,0,0,0,0,0,0,0,0
292864,143,1,0,0,0,0,0,-0.00309,0.00305,1.4287,3215,7,1,3,1,7,4,0,0,0,0,0,0,0,0,0,0,0,0,0,0,0
294912,144,1,0,0,0,0,0,-0.00407,0.0011,1.5584,3177,2,0,7,0,2,1,0,0,0,0,0,0,0,0,0,0,0,0,0,0,0
296960,145,1,0,0,0,0,0,-0.00126,0.00046,1.4903,2962,3,0,7,0,2,0,0,0,0,0,0,0,0,0,0,0,0,0,0,0,0
299008,146,1,0,0,0,0,0,-0.00868,0.00347,1.5077,2604,6,3,2,0,9,1,0,0,0,0,0,0,0,0,0,0,0,0,0,0,0
301056,147,1,0,0,0,0,0,-0.00299,0.00032,1.6707,3168,2,1,4,0,2,0,0,0,0,0,0,0,0,0,0,0,0,0,0,0,0
303104,148,1,0,0,0,0,0,-0.00208,0.00023,1.6788,3127,6,0,4,0,4,0,0,0,0,0,0,0,0,0,0,0,0,0,0,0,0
305152,149,1,0,0,0,0,0,-0.0056,0.00102,1.5919,3233,6,1,3,0,3,1,0,0,0,0,0,0,0,0,0,0,0,0,0,0,0
307200,150,1,0,0,0,0,0,-0.00392,0.00093,1.5937,3272,4,0,2,0,3,2,0,0,0,0,0,0,0,0,0,0,0,0,0,0,0
309248,151,1,0,0,0,0,0,-0.00145,0.002,1.5338,3121,9,1,4,1,4,1,0,0,0,0,0,0,0,0,0,0,0,0,0,0,0
311296,152,1,0,0,0,0,0,-0.00187,0.00128,1.496,3465,4,1,6,0,5,3,0,0,0,0,0,0,0,0,0,0,0,0,0,0,0
313344,153,1,0,0,0,0,0,-0.00194,0.00063,1.5733,3331,0,0,6,0,4,1,0,0,0,0,0,0,0,0,0,0,0,0,0,0,0
315392,154,1,0,0,0,0,0,-0.00183,0.00076,1.6428,3427,5,0,6,1,6,1,0,0,0,0,0,0,0,0,0,0,0,0,0,0,0
317440,155,1,0,0,0,0,0,-0.00207,0.00071,1.5909,3168,2,0,7,1,2,0,0,0,0,0,0,0,0,0,0,0,0,0,0,0,0
319488,156,1,0,0,0,0,0,-0.00183,0.00031,1.5147,3057,3,0,2,0,4,0,0,0,0,0,0,0,0,0,0,0,0,0,0,0,0
321536,157,1,0,0,0,0,0,-0.00138,0.00189,1.5347,3298,4,0,3,0,8,1,0,0,0,0,0,0,0,0,0,0,0,0,0,0,0
323584,158,1,0,0,0,0,0,-0.00347,0.00102,1.5019,3218,7,1,0,0,3,1,0,0,0,0,0,0,0,0,0,0,0,0,0,0,0
325632,159,1,0,0,0,0,0,-0.00155,0.00082,1.5183,3141,2,0,8,0,3,1,0,0,0,0,0,0,0,0,0,0,0,0,0,0,0
327680,160,1,0,0,0,0,0,-0.00153,0.00236,1.5695,3166,1,0,3,0,9,3,0,0,0,0,0,0,0,0,0,0,0,0,0,0,0
329728,161,1,0,0,0,0,0,-0.00143,0.0004,1.6183,3148,6,0,4,0,3,2,0,0,0,0,0,0,0,0,0,0,0,0,0,0,0
331776,162,1,0,0,0,0,0,-0.00258,0.00136,1.6503,3443,6,0,5,1,3,0,0,0,0,0,0,0,0,0,0,0,0,0,0,0,0
333824,163,1,0,0,0,0,0,-0.00357,0.00059,1.6246,3394,7,0,2,0,3,1,0,0,0,0,0,0,0,0,0,0,0,0,0,0,0
335872,164,1,0,0,0,0,0,-0.00192,0.0011,1.5001,3145,5,1,4,0,5,2,0,0,0,0,0,0,0,0,0,0,0,0,0,0,0
337920,165,1,0,0,0,0,0,-0.00209,0.00071,1.5871,3253,4,0,3,0,5,1,0,0,0,0,0,0,0,0,0,0,0,0,0,0,0
339968,166,1,0,0,0,0,0,-0.00261,0.00035,1.6483,3106,4,0,6,0,2,1,0,0,0,0,0,0,0,0,0,0,0,0,0,0,0
342016,167,1,0,0,0,0,0,-0.00341,0.0013,1.5766,2596,7,1,4,0,4,2,0,0,0,0,0,0,0,0,0,0,0,0,0,0,0
344064,168,1,0,0,0,0,0,-0.00176,0.00293,1.5715,3063,6,2,7,1,4,2,0,0,0,0,0,0,0,0,0,0,0,0,0,0,0
346112,169,1,0,0,0,0,0,-0.00281,0.00162,1.5173,3144,3,1,2,0,5,3,0,0,0,0,0,0,0,0,0,0,0,0,0,0,0
348160,170,1,0,0,0,0,0,-0.00248,0.00127,1.4691,3127,7,1,5,1,2,1,0,0,0,0,0,0,0,0,0,0,0,0,0,0,0
350208,171,1,0,0,0,0,0,-0.0036,0.0021,1.559,3271,4,0,1,0,8,3,0,0,0,0,0,0,0,0,0,0,0,0,0,0,0
352256,172,1,0,0,0,0,0,-0.0029,0.00165,1.5452,2948,5,0,3,0,4,2,0,0,0,0,0,0,0,0,0,0,0,0,0,0,0
354304,173,1,0,0,0,0,0,-0.00173,0.00119,1.4835,2916,4,0,4,0,5,2,0,0,0,0,0,0,0,0,0,0,0,0,0,0,0
356352,174,1,0,0,0,0,0,-0.00357,0.00316,1.4776,2891,7,1,3,1,5,3,0,0,0,0,0,0,0,0,0,0,0,0,0,0,0
358400,175,1,0,0,0,0,0,-0.00112,0.00292,1.4024,2685,7,2,3,0,6,4,0,0,0,0,0,0,0,0,0,0,0,0,0,0,0
360448,176,1,0,0,0,0,0,-0.00041,0.00241,1.4459,2838,3,1,5,1,7,5,0,0,0,0,0,0,0,0,0,0,0,0,0,0,0
362496,177,1,0,0,0,0,0,-0.00408,0.00292,1.4589,2925,5,2,8,1,5,2,0,0,0,0,0,0,0,0,0,0,0,0,0,0,0
364544,178,1,0,0,0,0,0,-0.00383,0.00212,1.5243,3242,5,0,1,1,2,1,0,0,0,0,0,0,0,0,0,0,0,0,0,0,0
366592,179,1,0,0,0,0,0,-0.00325,0.00108,1.4816,3186,7,0,5,1,3,1,0,0,0,0,0,0,0,0,0,0,0,0,0,0,0
368640,180,1,0,0,0,0,0,-0.00202,0.00222,1.4181,2989,4,0,6,0,5,4,0,0,0,0,0,0,0,0,0,0,0,0,0,0,0
370688,181,1,0,0,0,0,0,-0.00461,0.00136,1.3197,2903,5,0,1,0,5,4,0,0,0,0,0,0,0,0,0,0,0,0,0,0,0
372736,182,1,0,0,0,0,0,-0.00416,0.00403,1.2852,3093,3,1,4,0,10,4,0,0,0,0,0,0,0,0,0,0,0,0,0,0,0
374784,183,1,0,0,0,0,0,-0.00266,0.00107,1.3356,3247,5,1,3,0,4,2,0,0,0,0,0,0,0,0,0,0,0,0,0,0,0
376832,184,1,0,0,0,0,0,-0.00031,0.00179,1.3365,3193,7,0,5,0,2,2,0,0,0,0,0,0,0,0,0,0,0,0,0,0,0
378880,185,1,0,0,0,0,0,-0.00507,0.00171,1.2839,2866,4,0,5,0,4,2,0,0,0,0,0,0,0,0,0,0,0,0,0,0,0
380928,186,1,0,0,0,0,0,-0.00489,0.00371,1.2481,3047,0,0,9,0,9,7,0,0,0,0,0,0,0,0,0,0,0,0,0,0,0
382976,187,1,0,0,0,0,0,-0.00171,0.00174,1.2022,3347,6,0,5,0,6,6,0,0,0,0,0,0,0,0,0,0,0,0,0,0,0
385024,188,1,0,0,0,0,0,-0.0002,0.00179,1.2688,3105,4,0,3,0,3,2,0,0,0,0,0,0,0,0,0,0,0,0,0,0,0
387072,189,1,0,0,0,0,0,-0.00361,0.00134,1.1812,3105,4,0,9,0,5,3,0,0,0,0,0,0,0,0,0,0,0,0,0,0,0
389120,190,1,0,0,0,0,0,-0.00457,0.00147,1.2592,2930,5,0,6,1,6,5,0,0,0,0,0,0,0,0,0,0,0,0,0,0,0
391168,191,1,0,0,0,0,0,-0.00098,0.0011,1.2113,2778,4,0,2,0,3,3,0,0,0,0,0,0,0,0,0,0,0,0,0,0,0
393216,192,1,0,0,0,0,0,-0.00326,0.00207,1.1535,2980,6,1,5,0,4,4,0,0,0,0,0,0,0,0,0,0,0,0,0,0,0
395264,193,1,0,0,0,0,0,-0.00396,0.00099,1.1436,2662,5,0,8,0,3,2,0,0,0,0,0,0,0,0,0,0,0,0,0,0,0
397312,194,1,0,0,0,0,0,-0.00386,0.00413,1.1904,2988,4,1,8,2,8,7,0,0,0,0,0,0,0,0,0,0,0,0,0,0,0
399360,195,1,0,0,0,0,0,-0.00461,0.0013,1.2349,3144,4,1,2,0,4,3,0,0,0,0,0,0,0,0,0,0,0,0,0,0,0
401408,196,1,0,0,0,0,0,-0.00777,0.00165,1.4005,2865,9,1,3,0,3,1,0,0,0,0,0,0,0,0,0,0,0,0,0,0,0
403456,197,1,0,0,0,0,0,-0.00154,0.00128,1.4707,3199,8,0,4,0,3,2,0,0,0,0,0,0,0,0,0,0,0,0,0,0,0
405504,198,1,0,0,0,0,0,-0.00508,0.00302,1.2575,3288,6,0,2,1,4,3,0,0,0,0,0,0,0,0,0,0,0,0,0,0,0
407552,199,1,0,0,0,0,0,-0.00983,0.00082,1.1798,3199,3,0,7,0,2,1,0,0,0,0,0,0,0,0,0,0,0,0,0,0,0
409600,200,1,0,0,0,0,0,-0.00033,0.00175,1.2803,3125,2,0,4,0,5,1,0,0,0,0,0,0,0,0,0,0,0,0,0,0,0
411648,201,1,0,0,0,0,0,-0.00501,0.00136,1.3204,2862,3,0,4,0,3,2,0,0,0,0,0,0,0,0,0,0,0,0,0,0,0
413696,202,1,0,0,0,0,0,-0.00419,0.00121,1.2099,2954,7,0,2,0,5,4,0,0,0,0,0,0,0,0,0,0,0,0,0,0,0
415744,203,1,0,0,0,0,0,-0.0021,0.00243,1.1938,3052,5,0,3,0,6,3,0,0,0,0,0,0,0,0,0,0,0,0,0,0,0
417792,204,1,0,0,0,0,0,-0.00078,0.00521,1.154,2816,3,1,7,1,7,7,0,0,0,0,0,0,0,0,0,0,0,0,0,0,0
419840,205,1,0,0,0,0,0,-0.00544,0.00073,1.1558,3245,5,0,1,0,3,1,0,0,0,0,0,0,0,0,0,0,0,0,0,0,0
421888,206,1,0,0,0,0,0,-0.00145,0.00168,1.092,3347,5,1,9,0,3,3,0,0,0,0,0,0,0,0,0,0,0,0,0,0,0
423936,207,1,0,0,0,0,0,-0.00479,0.00165,1.0578,3242,3,0,3,0,7,6,0,0,0,0,0,0,0,0,0,0,0,0,0,0,0
425984,208,1,0,0,0,0,0,-0.00566,0.00141,1.0566,3126,4,0,6,0,3,2,0,0,0,0,0,0,0,0,0,0,0,0,0,0,0
428032,209,1,0,0,0,0,0,-0.00116,0.00379,1.0743,3093,3,1,7,0,7,5,0,0,0,0,0,0,0,0,0,0,0,0,0,0,0
430080,210,1,0,0,0,0,0,-0.00258,0.00104,1.0733,3144,7,1,2,0,3,2,0,0,0,0,0,0,0,0,0,0,0,0,0,0,0
432128,211,1,0,0,0,0,0,-0.00396,0.00236,1.0758,3116,5,0,5,1,4,3,0,0,0,0,0,0,0,0,0,0,0,0,0,0,0
434176,212,1,0,0,0,0,0,-0.00462,0.00047,1.0731,2998,3,0,4,1,1,0,0,0,0,0,0,0,0,0,0,0,0,0,0,0,0
436224,213,1,0,0,0,0,0,-0.00238,0.00101,1.0679,3124,6,0,8,0,4,1,0,0,0,0,0,0,0,0,0,0,0,0,0,0,0
438272,214,1,0,0,0,0,0,-0.00523,0.00029,1.0148,3304,1,0,6,0,3,1,0,0,0,0,0,0,0,0,0,0,0,0,0,0,0
440320,215,1,0,0,0,0,0,-0.00432,0.00357,0.9854,3388,7,0,3,0,7,6,0,0,0,0,0,0,0,0,0,0,0,0,0,0,0
442368,216,1,0,0,0,0,0,0.00059,0.00334,1.0137,3221,4,0,6,0,5,5,0,0,0,0,0,0,0,0,0,0,0,0,0,0,0
444416,217,1,0,0,0,0,0,-0.00362,0.00409,1.0514,3104,6,1,5,0,6,4,0,0,0,0,0,0,0,0,0,0,0,0,0,0,0
446464,218,1,0,0,0,0,0,-0.00241,0.00265,0.9846,3101,6,1,3,0,7,4,0,0,0,0,0,0,0,0,0,0,0,0,0,0,0
448512,219,1,0,0,0,0,0,-0.00413,0.00054,0.9464,2939,3,0,4,0,3,1,0,0,0,0,0,0,0,0,0,0,0,0,0,0,0
450560,220,1,0,0,0,0,0,-0.00428,0.00401,0.8308,3125,7,0,6,0,8,8,0,0,0,0,0,0,0,0,0,0,0,0,0,0,0
452608,221,1,0,0,0,0,0,-0.00219,0.00198,0.8088,3205,5,0,1,0,4,3,0,0,0,0,0,0,0,0,0,0,0,0,0,0,0
454656,222,1,0,0,0,0,0,0.00154,0.00383,0.7713,3321,6,0,3,0,10,10,0,0,0,0,0,0,0,0,0,0,0,0,0,0,0
456704,223,1,0,0,0,0,0,-0.00685,0.00301,0.7711,3208,7,0,4,1,3,1,0,0,0,0,0,0,0,0,0,0,0,0,0,0,0
458752,224,1,0,0,0,0,0,0.00018,0.00376,0.7493,2774,5,1,5,0,6,6,0,0,0,0,0,0,0,0,0,0,0,0,0,0,0
460800,225,1,0,0,0,0,0,-0.00259,0.00143,0.8554,2908,2,0,6,0,6,5,0,0,0,0,0,0,0,0,0,0,0,0,0,0,0
462848,226,1,0,0,0,0,0,-0.00381,0.00165,0.8595,3188,6,1,3,0,5,5,0,0,0,0,0,0,0,0,0,0,0,0,0,0,0
464896,227,1,0,0,0,0,0,-0.00089,0.00164,0.938,3202,6,1,8,0,4,4,0,0,0,0,0,0,0,0,0,0,0,0,0,0,0
466944,228,1,0,0,0,0,0,-0.00222,0.00478,0.9061,3367,6,3,5,1,7,7,0,0,0,0,0,0,0,0,0,0,0,0,0,0,0
468992,229,1,0,0,0,0,0,-0.00204,0.00272,0.9845,3522,3,1,7,1,6,5,0,0,0,0,0,0,0,0,0,0,0,0,0,0,0
471040,230,1,0,0,0,0,0,-0.00468,0.00219,0.8799,3066,12,1,5,0,7,7,0,0,0,0,0,0,0,0,0,0,0,0,0,0,0
473088,231,1,0,0,0,0,0,-0.0011,0.00157,0.8621,3320,4,1,3,0,3,3,0,0,0,0,0,0,0,0,0,0,0,0,0,0,0
475136,232,1,0,0,0,0,0,-0.00195,0.00276,0.8885,3083,7,0,6,1,3,3,0,0,0,0,0,0,0,0,0,0,0,0,0,0,0
477184,233,1,0,0,0,0,0,-0.00221,0.00192,0.9613,3307,6,1,5,0,5,5,0,0,0,0,0,0,0,0,0,0,0,0,0,0,0
479232,234,1,0,0,0,0,0,-0.00569,0.00212,1.0096,3062,4,1,10,2,4,4,0,0,0,0,0,0,0,0,0,0,0,0,0,0,0
481280,235,1,0,0,0,0,0,-0.00263,0.00303,0.9626,2985,3,0,6,1,11,10,0,0,0,0,0,0,0,0,0,0,0,0,0,0,0
483328,236,1,0,0,0,0,0,-0.00519,0.00472,0.8971,2822,6,2,6,1,7,6,0,0,0,0,0,0,0,0,0,0,0,0,0,0,0
485376,237,1,0,0,0,0,0,-0.00319,0.00538,0.9486,3124,6,1,9,1,8,7,0,0,0,0,0,0,0,0,0,0,0,0,0,0,0
487424,238,1,0,0,0,0,0,-0.00221,0.00206,1.0629,3189,7,0,2,0,7,7,0,0,0,0,0,0,0,0,0,0,0,0,0,0,0
489472,239,1,0,0,0,0,0,-0.00361,0.00268,0.9068,3038,8,2,5,1,2,2,0,0,0,0,0,0,0,0,0,0,0,0,0,0,0
491520,240,1,0,0,0,0,0,-0.00076,0.00287,0.8571,3235,4,1,6,1,11,11,0,0,0,0,0,0,0,0,0,0,0,0,0,0,0
493568,241,1,0,0,0,0,0,-0.00227,0.00738,0.8224,3393,6,4,8,1,9,8,0,0,0,0,0,0,0,0,0,0,0,0,0,0,0
495616,242,1,0,0,0,0,0,-0.00209,0.00122,0.8045,3128,6,2,5,0,2,2,0,0,0,0,0,0,0,0,0,0,0,0,0,0,0
497664,243,1,0,0,0,0,0,-0.00177,0.0021,0.7932,3075,6,4,6,0,4,2,0,0,0,0,0,0,0,0,0,0,0,0,0,0,0
499712,244,1,0,0,0,0,0,-0.00387,0.00247,0.8473,3305,5,2,8,1,5,3,0,0,0,0,0,0,0,0,0,0,0,0,0,0,0
501760,245,1,0,0,0,0,0,-0.00418,0.00212,0.8756,3561,4,3,8,0,3,3,0,0,0,0,0,0,0,0,0,0,0,0,0,0,0
503808,246,1,0,0,0,0,0,-0.00226,0.00664,0.8509,3305,7,3,7,2,11,9,0,0,0,0,0,0,0,0,0,0,0,0,0,0,0
505856,247,1,0,0,0,0,0,-0.00591,0.00178,0.875,3217,3,2,5,0,3,3,0,0,0,0,0,0,0,0,0,0,0,0,0,0,0
507904,248,1,0,0,0,0,0,-0.00089,0.00441,0.8906,3092,8,3,6,1,5,3,0,0,0,0,0,0,0,0,0,0,0,0,0,0,0
509952,249,1,0,0,0,0,0,-0.00446,0.00433,0.8845,3080,6,5,10,2,6,6,0,0,0,0,0,0,0,0,0,0,0,0,0,0,0
512000,250,1,0,0,0,0,0,-0.00184,0.00383,0.8668,3285,6,2,6,1,8,8,0,0,0,0,0,0,0,0,0,0,0,0,0,0,0
514048,251,1,0,0,0,0,0,-0.00037,0.00776,0.791,3157,11,9,9,2,9,9,0,0,0,0,0,0,0,0,0,0,0,0,0,0,0
516096,252,1,0,0,0,0,0,-0.0,0.00415,0.8812,3336,7,6,10,1,6,6,0,0,0,0,0,0,0,0,0,0,0,0,0,0,0
518144,253,1,0,0,0,0,0,-0.00044,0.00597,0.8883,3425,9,4,7,2,8,8,0,0,0,0,0,0,0,0,0,0,0,0,0,0,0
520192,254,1,0,0,0,0,0,-0.00203,0.00304,0.8709,3301,8,5,8,2,5,5,0,0,0,0,0,0,0,0,0,0,0,0,0,0,0
522240,255,1,0,0,0,0,0,-0.00531,0.00513,0.8861,3256,12,8,8,2,7,7,0,0,0,0,0,0,0,0,0,0,0,0,0,0,0
524288,256,1,0,0,0,0,0,-0.00443,0.00382,0.8508,3042,6,4,7,1,14,14,0,0,0,0,0,0,0,0,0,0,0,0,0,0,0
526336,257,1,0,0,0,0,0,5e-05,0.00473,0.813,2993,11,8,7,2,10,10,0,0,0,0,0,0,0,0,0,0,0,0,0,0,0
528384,258,1,0,0,0,0,0,0.00011,0.00674,0.7886,2985,11,9,11,1,4,4,0,0,0,0,0,0,0,0,0,0,0,0,0,0,0
530432,259,1,0,0,0,0,0,-0.00105,0.0052,0.8279,3212,10,8,9,2,13,13,0,0,0,0,0,0,0,0,0,0,0,0,0,0,0
532480,260,1,0,0,0,0,0,-0.00388,0.00476,0.8457,3503,8,8,9,2,7,7,0,0,0,0,0,0,0,0,0,0,0,0,0,0,0
534528,261,1,0,0,0,0,0,-0.00076,0.00544,0.8119,3128,14,11,12,1,10,10,0,0,0,0,0,0,0,0,0,0,0,0,0,0,0
536576,262,1,0,0,0,0,0,-0.00287,0.00729,0.7761,2744,11,10,5,3,14,14,0,0,0,0,0,0,0,0,0,0,0,0,0,0,0
538624,263,1,0,0,0,0,0,-0.00133,0.00505,0.7614,2743,9,6,12,1,12,12,0,0,0,0,0,0,0,0,0,0,0,0,0,0,0
540672,264,1,0,0,0,0,0,-0.0049,0.00394,0.8433,3230,5,4,9,0,11,11,0,0,0,0,0,0,0,0,0,0,0,0,0,0,0
542720,265,1,0,0,0,0,0,-0.00349,0.00379,0.7607,2965,9,8,9,0,11,11,0,0,0,0,0,0,0,0,0,0,0,0,0,0,0
544768,266,1,0,0,0,0,0,-0.00066,0.00877,0.7494,2923,13,13,12,2,15,15,0,0,0,0,0,0,0,0,0,0,0,0,0,0,0
546816,267,1,0,0,0,0,0,-0.00198,0.00693,0.6404,2972,11,10,12,1,13,13,0,0,0,0,0,0,0,0,0,0,0,0,0,0,0
548864,268,1,0,0,0,0,0,-0.00663,0.00328,0.7132,2959,9,9,9,0,10,10,0,0,0,0,0,0,0,0,0,0,0,0,0,0,0
550912,269,1,0,0,0,0,0,-0.00015,0.00392,0.7364,3014,12,11,12,1,6,6,0,0,0,0,0,0,0,0,0,0,0,0,0,0,0
552960,270,1,0,0,0,0,0,-0.00178,0.00479,0.7137,3031,11,11,10,2,8,8,0,0,0,0,0,0,0,0,0,0,0,0,0,0,0
555008,271,1,0,0,0,0,0,-0.00053,0.00832,0.7691,3165,13,13,21,5,9,9,0,0,0,0,0,0,0,0,0,0,0,0,0,0,0
557056,272,1,0,0,0,0,0,-0.00322,0.00878,0.7778,3140,9,8,19,5,20,20,0,0,0,0,0,0,0,0,0,0,0,0,0,0,0
559104,273,1,0,0,0,0,0,-0.00467,0.00799,0.7541,2728,12,12,15,3,16,15,0,0,0,0,0,0,0,0,0,0,0,0,0,0,0
561152,274,1,0,0,0,0,0,-0.0032,0.00612,0.7592,3122,12,12,17,2,9,9,0,0,0,0,0,0,0,0,0,0,0,0,0,0,0
563200,275,1,0,0,0,0,0,0.00529,0.00665,0.7094,3123,13,13,11,2,16,16,0,0,0,0,0,0,0,0,0,0,0,0,0,0,0
565248,276,1,0,0,0,0,0,-0.00185,0.00562,0.7433,3018,21,21,18,1,15,15,0,0,0,0,0,0,0,0,0,0,0,0,0,0,0
567296,277,1,0,0,0,0,0,0.00204,0.00851,0.7538,3040,9,9,19,7,10,10,0,0,0,0,0,0,0,0,0,0,0,0,0,0,0
569344,278,1,0,0,0,0,0,-0.00238,0.00613,0.7273,3085,13,13,19,3,13,13,0,0,0,0,0,0,0,0,0,0,0,0,0,0,0
571392,279,1,0,0,0,0,0,-0.00473,0.00823,0.6839,2967,19,19,16,4,14,14,0,0,0,0,0,0,0,0,0,0,0,0,0,0,0
573440,280,1,0,0,0,0,0,-0.00375,0.00525,0.6923,2787,23,23,17,1,12,12,0,0,0,0,0,0,0,0,0,0,0,0,0,0,0
575488,281,1,0,0,0,0,0,0.00152,0.0061,0.6687,2926,23,23,19,2,15,15,0,0,0,0,0,0,0,0,0,0,0,0,0,0,0
577536,282,1,0,0,0,0,0,-0.00398,0.0041,0.6876,2966,12,12,15,1,15,15,0,0,0,0,0,0,0,0,0,0,0,0,0,0,0
579584,283,1,0,0,0,0,0,-0.0025,0.0081,0.6906,3065,11,11,19,6,16,16,0,0,0,0,0,0,0,0,0,0,0,0,0,0,0
581632,284,1,0,0,0,0,0,-0.0038,0.00872,0.6645,2993,20,20,23,5,16,16,0,0,0,0,0,0,0,0,0,0,0,0,0,0,0
583680,285,1,0,0,0,0,0,0.00136,0.00548,0.6371,2933,25,25,10,1,22,22,0,0,0,0,0,0,0,0,0,0,0,0,0,0,0
585728,286,1,0,0,0,0,0,0.00012,0.00936,0.6009,2926,17,17,16,4,23,23,0,0,0,0,0,0,0,0,0,0,0,0,0,0,0
587776,287,1,0,0,0,0,0,-0.00388,0.0073,0.6673,2669,18,18,14,4,15,15,0,0,0,0,0,0,0,0,0,0,0,0,0,0,0
589824,288,1,0,0,0,0,0,0.00058,0.0055,0.65,3112,22,22,18,2,23,23,0,0,0,0,0,0,0,0,0,0,0,0,0,0,0
591872,289,1,0,0,0,0,0,0.00131,0.0047,0.6857,2706,15,15,12,1,11,11,0,0,0,0,0,0,0,0,0,0,0,0,0,0,0
593920,290,1,0,0,0,0,0,-0.00139,0.0149,0.6186,2871,22,21,16,6,15,15,0,0,0,0,0,0,0,0,0,0,0,0,0,0,0
595968,291,1,0,0,0,0,0,-0.00601,0.00889,0.5825,2702,23,23,17,3,17,17,0,0,0,0,0,0,0,0,0,0,0,0,0,0,0
598016,292,1,0,0,0,0,0,-0.00473,0.00422,0.5951,2963,17,17,13,0,19,19,0,0,0,0,0,0,0,0,0,0,0,0,0,0,0
600064,293,1,0,0,0,0,0,-0.00214,0.01318,0.6289,2658,20,20,23,9,23,23,0,0,0,0,0,0,0,0,0,0,0,0,0,0,0
602112,294,1,0,0,0,0,0,-0.00325,0.00758,0.6333,3008,13,13,9,2,24,23,0,0,0,0,0,0,0,0,0,0,0,0,0,0,0
604160,295,1,0,0,0,0,0,0.00223,0.00485,0.6256,2982,18,18,18,2,21,21,0,0,0,0,0,0,0,0,0,0,0,0,0,0,0
606208,296,1,0,0,0,0,0,-0.00264,0.00453,0.6477,2944,13,13,16,3,14,14,0,0,0,0,0,0,0,0,0,0,0,0,0,0,0
608256,297,1,0,0,0,0,0,-0.00254,0.00603,0.6285,2940,14,14,17,7,12,12,0,0,0,0,0,0,0,0,0,0,0,0,0,0,0
610304,298,1,0,0,0,0,0,-0.0052,0.00477,0.6458,2958,11,11,21,4,16,16,0,0,0,0,0,0,0,0,0,0,0,0,0,0,0
612352,299,1,0,0,0,0,0,-0.00504,0.00625,0.5658,2818,17,17,22,4,19,19,0,0,0,0,0,0,0,0,0,0,0,0,0,0,0
614400,300,1,0,0,0,0,0,-0.00242,0.00682,0.6018,2849,20,20,20,2,25,25,0,0,0,0,0,0,0,0,0,0,0,0,0,0,0
616448,301,1,0,0,0,0,0,0.0015,0.00473,0.623,2812,17,17,18,4,9,9,0,0,0,0,0,0,0,0,0,0,0,0,0,0,0
618496,302,1,0,0,0,0,0,-0.00227,0.0074,0.5938,3068,19,19,20,4,19,19,0,0,0,0,0,0,0,0,0,0,0,0,0,0,0
620544,303,1,0,0,0,0,0,-0.00089,0.00715,0.5463,3177,19,19,13,8,21,21,0,0,0,0,0,0,0,0,0,0,0,0,0,0,0
622592,304,1,0,0,0,0,0,-0.00461,0.00559,0.5873,2987,19,19,19,4,16,16,0,0,0,0,0,0,0,0,0,0,0,0,0,0,0
624640,305,1,0,0,0,0,0,-0.00153,0.00594,0.5335,2999,16,16,13,3,19,19,0,0,0,0,0,0,0,0,0,0,0,0,0,0,0
626688,306,1,0,0,0,0,0,-0.00705,0.00633,0.5321,3139,14,14,20,4,25,25,0,0,0,0,0,0,0,0,0,0,0,0,0,0,0
628736,307,1,0,0,0,0,0,0.00532,0.00653,0.5154,2920,14,14,12,3,17,16,0,0,0,0,0,0,0,0,0,0,0,0,0,0,0
630784,308,1,0,0,0,0,0,-0.00295,0.00653,0.5758,3072,10,10,20,5,16,16,0,0,0,0,0,0,0,0,0,0,0,0,0,0,0
632832,309,1,0,0,0,0,0,-0.00197,0.0034,0.5576,2964,17,17,12,1,22,22,0,0,0,0,0,0,0,0,0,0,0,0,0,0,0
634880,310,1,0,0,0,0,0,-0.00319,0.00296,0.5233,3264,18,18,20,1,23,23,0,0,0,0,0,0,0,0,0,0,0,0,0,0,0
636928,311,1,0,0,0,0,0,-0.00346,0.00383,0.5581,3093,20,20,17,2,14,14,0,0,0,0,0,0,0,0,0,0,0,0,0,0,0
638976,312,1,0,0,0,0,0,-0.00252,0.0062,0.5596,2999,23,23,19,6,25,25,0,0,0,0,0,0,0,0,0,0,0,0,0,0,0
641024,313,1,0,0,0,0,0,-0.00219,0.0072,0.5729,3101,16,16,21,5,16,16,0,0,0,0,0,0,0,0,0,0,0,0,0,0,0
643072,314,1,0,0,0,0,0,-0.00196,0.00457,0.6135,3013,10,10,13,4,16,16,0,0,0,0,0,0,0,0,0,0,0,0,0,0,0
645120,315,1,0,0,0,0,0,-0.002,0.00378,0.6122,3158,18,18,18,2,14,14,0,0,0,0,0,0,0,0,0,0,0,0,0,0,0
647168,316,1,0,0,0,0,0,-0.00322,0.00373,0.6535,2913,15,15,18,1,11,11,0,0,0,0,0,0,0,0,0,0,0,0,0,0,0
649216,317,1,0,0,0,0,0,-0.00237,0.00354,0.6295,3168,13,13,14,0,19,19,0,0,0,0,0,0,0,0,0,0,0,0,0,0,0
651264,318,1,0,0,0,0,0,-0.00494,0.00637,0.6366,3181,11,11,15,6,18,18,0,0,0,0,0,0,0,0,0,0,0,0,0,0,0
653312,319,1,0,0,0,0,0,-0.00156,0.00712,0.5298,3063,11,11,13,4,14,14,0,0,0,0,0,0,0,0,0,0,0,0,0,0,0
655360,320,1,0,0,0,0,0,-0.00308,0.00907,0.555,3331,17,17,19,5,32,32,0,0,0,0,0,0,0,0,0,0,0,0,0,0,0
657408,321,1,0,0,0,0,0,-0.00198,0.00696,0.5772,2736,18,18,17,6,12,12,0,0,0,0,0,0,0,0,0,0,0,0,0,0,0
659456,322,1,0,0,0,0,0,0.00033,0.0069,0.5372,2142,20,20,18,8,11,11,0,0,0,0,0,0,0,0,0,0,0,0,0,0,0
661504,323,1,0,0,0,0,0,-0.00189,0.00693,0.5305,2180,15,15,22,8,22,22,0,0,0,0,0,0,0,0,0,0,0,0,0,0,0
663552,324,1,0,0,0,0,0,0.00363,0.0063,0.5319,2826,17,17,17,4,21,21,0,0,0,0,0,0,0,0,0,0,0,0,0,0,0
665600,325,1,0,0,0,0,0,-0.00137,0.00429,0.5446,3166,21,21,20,2,19,19,0,0,0,0,0,0,0,0,0,0,0,0,0,0,0
667648,326,1,0,0,0,0,0,0.0017,0.00292,0.5472,3136,21,21,11,3,16,16,0,0,0,0,0,0,0,0,0,0,0,0,0,0,0
669696,327,1,0,0,0,0,0,-0.00349,0.00517,0.517,2934,18,18,21,3,17,17,0,0,0,0,0,0,0,0,0,0,0,0,0,0,0
671744,328,1,0,0,0,0,0,-0.00265,0.00697,0.5036,2944,15,15,14,6,26,26,0,0,0,0,0,0,0,0,0,0,0,0,0,0,0
673792,329,1,0,0,0,0,0,0.00195,0.00727,0.5002,2876,11,11,24,6,23,23,0,0,0,0,0,0,0,0,0,0,0,0,0,0,0
675840,330,1,0,0,0,0,0,-0.00398,0.00529,0.5116,2567,17,17,13,6,17,17,0,0,0,0,0,0,0,0,0,0,0,0,0,0,0
677888,331,1,0,0,0,0,0,-0.00026,0.00845,0.4771,3045,15,15,26,10,18,18,0,0,0,0,0,0,0,0,0,0,0,0,0,0,0
679936,332,1,0,0,0,0,0,-0.0017,0.00741,0.4513,2771,23,23,22,6,23,23,0,0,0,0,0,0,0,0,0,0,0,0,0,0,0
681984,333,1,0,0,0,0,0,-0.00425,0.00777,0.459,2871,17,17,21,10,24,24,0,0,0,0,0,0,0,0,0,0,0,0,0,0,0
684032,334,1,0,0,0,0,0,-0.00115,0.00425,0.4786,2807,15,15,12,2,16,16,0,0,0,0,0,0,0,0,0,0,0,0,0,0,0
686080,335,1,0,0,0,0,0,-0.00274,0.00609,0.4089,3039,24,23,15,6,22,22,0,0,0,0,0,0,0,0,0,0,0,0,0,0,0
688128,336,1,0,0,0,0,0,0.00294,0.00527,0.4155,3018,29,29,19,5,19,19,0,0,0,0,0,0,0,0,0,0,0,0,0,0,0
690176,337,1,0,0,0,0,0,-0.00307,0.00493,0.413,2743,16,16,20,3,14,14,0,0,0,0,0,0,0,0,0,0,0,0,0,0,0
692224,338,1,0,0,0,0,0,0.00307,0.00844,0.4044,2880,16,16,17,8,19,19,0,0,0,0,0,0,0,0,0,0,0,0,0,0,0
694272,339,1,0,0,0,0,0,-0.00629,0.00576,0.4158,3038,14,14,19,5,8,8,0,0,0,0,0,0,0,0,0,0,0,0,0,0,0
696320,340,1,0,0,0,0,0,-0.00412,0.00487,0.396,2481,21,21,14,3,26,26,0,0,0,0,0,0,0,0,0,0,0,0,0,0,0
698368,341,1,0,0,0,0,0,-0.00491,0.00699,0.4352,2739,19,19,26,9,16,16,0,0,0,0,0,0,0,0,0,0,0,0,0,0,0
700416,342,1,0,0,0,0,0,0.00029,0.00485,0.3862,2623,6,6,15,4,20,20,0,0,0,0,0,0,0,0,0,0,0,0,0,0,0
702464,343,1,0,0,0,0,0,0.00271,0.01232,0.3897,2680,8,8,15,4,15,13,0,0,0,0,0,0,0,0,0,0,0,0,0,0,0
704512,344,1,0,0,0,0,0,-0.00419,0.01331,0.4291,2727,18,18,17,4,12,10,0,0,0,0,0,0,0,0,0,0,0,0,0,0,0
706560,345,1,0,0,0,0,0,0.0022,0.00506,0.4599,2969,17,17,13,2,11,11,0,0,0,0,0,0,0,0,0,0,0,0,0,0,0
708608,346,1,0,0,0,0,0,-0.00225,0.00643,0.4836,2650,17,17,25,4,13,13,0,0,0,0,0,0,0,0,0,0,0,0,0,0,0
710656,347,1,0,0,0,0,0,-0.0012,0.00623,0.4424,1917,21,21,21,7,16,16,0,0,0,0,0,0,0,0,0,0,0,0,0,0,0
712704,348,1,0,0,0,0,0,-0.002,0.00598,0.4326,2745,11,11,20,3,15,15,0,0,0,0,0,0,0,0,0,0,0,0,0,0,0
714752,349,1,0,0,0,0,0,-0.00445,0.00627,0.4384,1784,20,20,13,8,30,30,0,0,0,0,0,0,0,0,0,0,0,0,0,0,0
716800,350,1,0,0,0,0,0,0.0011,0.00857,0.4673,2029,17,17,25,11,17,17,0,0,0,0,0,0,0,0,0,0,0,0,0,0,0
718848,351,1,0,0,0,0,0,-0.00327,0.00819,0.4354,2372,13,13,25,6,13,13,0,0,0,0,0,0,0,0,0,0,0,0,0,0,0
720896,352,1,0,0,0,0,0,-0.00486,0.00919,0.4264,1838,18,18,18,6,19,19,0,0,0,0,0,0,0,0,0,0,0,0,0,0,0
722944,353,1,0,0,0,0,0,-0.00051,0.0093,0.4717,2023,18,18,19,8,8,8,0,0,0,0,0,0,0,0,0,0,0,0,0,0,0
724992,354,1,0,0,0,0,0,0.00323,0.00439,0.4634,2184,12,12,16,5,19,19,0,0,0,0,0,0,0,0,0,0,0,0,0,0,0
727040,355,1,0,0,0,0,0,-0.00031,0.00881,0.4139,2464,21,21,22,10,19,19,0,0,0,0,0,0,0,0,0,0,0,0,0,0,0
729088,356,1,0,0,0,0,0,-0.005,0.00577,0.4321,2210,12,12,22,6,19,19,0,0,0,0,0,0,0,0,0,0,0,0,0,0,0
731136,357,1,0,0,0,0,0,-0.00092,0.0079,0.4027,2549,16,16,20,7,16,16,0,0,0,0,0,0,0,0,0,0,0,0,0,0,0
733184,358,1,0,0,0,0,0,-0.00016,0.00578,0.4094,3310,23,23,15,6,18,18,0,0,0,0,0,0,0,0,0,0,0,0,0,0,0
735232,359,1,0,0,0,0,0,-0.00257,0.0093,0.488,3346,26,26,25,7,17,17,0,0,0,0,0,0,0,0,0,0,0,0,0,0,0
737280,360,1,0,0,0,0,0,-0.00128,0.00695,0.4811,3319,14,14,17,8,14,14,0,0,0,0,0,0,0,0,0,0,0,0,0,0,0
739328,361,1,0,0,0,0,0,-0.00349,0.01041,0.4243,3264,17,17,19,6,18,18,0,0,0,0,0,0,0,0,0,0,0,0,0,0,0
741376,362,1,0,0,0,0,0,-0.00193,0.00961,0.4249,3147,19,19,14,3,21,21,0,0,0,0,0,0,0,0,0,0,0,0,0,0,0
743424,363,1,0,0,0,0,0,-0.00311,0.00883,0.413,3003,16,16,13,5,30,30,0,0,0,0,0,0,0,0,0,0,0,0,0,0,0
745472,364,1,0,0,0,0,0,-0.00348,0.00396,0.4191,2996,13,13,14,2,15,15,0,0,0,0,0,0,0,0,0,0,0,0,0,0,0
747520,365,1,0,0,0,0,0,0.00146,0.00505,0.4397,3159,10,10,13,5,17,17,0,0,0,0,0,0,0,0,0,0,0,0,0,0,0
749568,366,1,0,0,0,0,0,-0.00101,0.00625,0.4249,2822,21,21,21,7,15,15,0,0,0,0,0,0,0,0,0,0,0,0,0,0,0
751616,367,1,0,0,0,0,0,0.00167,0.00573,0.3988,3094,20,20,12,6,19,19,0,0,0,0,0,0,0,0,0,0,0,0,0,0,0
753664,368,1,0,0,0,0,0,-0.00175,0.00424,0.4064,2958,17,17,15,4,11,11,0,0,0,0,0,0,0,0,0,0,0,0,0,0,0
755712,369,1,0,0,0,0,0,-0.00391,0.00542,0.4109,3069,14,14,20,7,13,13,0,0,0,0,0,0,0,0,0,0,0,0,0,0,0
757760,370,1,0,0,0,0,0,-0.00077,0.00392,0.3984,2930,13,13,12,1,14,14,0,0,0,0,0,0,0,0,0,0,0,0,0,0,0
759808,371,1,0,0,0,0,0,-0.00406,0.01267,0.384,3221,9,9,22,12,16,15,0,0,0,0,0,0,0,0,0,0,0,0,0,0,0
761856,372,1,0,0,0,0,0,-0.0018,0.00633,0.4236,3095,16,16,9,5,11,10,0,0,0,0,0,0,0,0,0,0,0,0,0,0,0
763904,373,1,0,0,0,0,0,0.00408,0.00681,0.4422,3220,16,16,18,2,11,11,0,0,0,0,0,0,0,0,0,0,0,0,0,0,0
765952,374,1,0,0,0,0,0,0.00172,0.01006,0.3949,3036,20,20,10,3,16,16,0,0,0,0,0,0,0,0,0,0,0,0,0,0,0
768000,375,1,0,0,0,0,0,-0.004,0.01222,0.3737,3214,14,14,18,9,17,17,0,0,0,0,0,0,0,0,0,0,0,0,0,0,0
770048,376,1,0,0,0,0,0,0.00126,0.01656,0.4089,3004,22,22,17,9,13,13,0,0,0,0,0,0,0,0,0,0,0,0,0,0,0
772096,377,1,0,0,0,0,0,0.00473,0.0135,0.4506,3185,14,14,21,5,27,27,0,0,0,0,0,0,0,0,0,0,0,0,0,0,0
774144,378,1,0,0,0,0,0,-0.00364,0.0111,0.4533,3048,17,17,20,4,29,29,0,0,0,0,0,0,0,0,0,0,0,0,0,0,0
776192,379,1,0,0,0,0,0,0.00522,0.01759,0.4219,3218,18,18,25,8,24,24,0,0,0,0,0,0,0,0,0,0,0,0,0,0,0
778240,380,1,0,0,0,0,0,-0.00397,0.00923,0.4396,3052,12,12,18,6,14,14,0,0,0,0,0,0,0,0,0,0,0,0,0,0,0
780288,381,1,0,0,0,0,0,-0.00677,0.01006,0.4186,3287,22,22,22,7,19,19,0,0,0,0,0,0,0,0,0,0,0,0,0,0,0
782336,382,1,0,0,0,0,0,-0.00237,0.01035,0.4626,2977,19,19,22,10,17,17,0,0,0,0,0,0,0,0,0,0,0,0,0,0,0
784384,383,1,0,0,0,0,0,-0.00486,0.00421,0.4672,3122,17,17,17,6,22,22,0,0,0,0,0,0,0,0,0,0,0,0,0,0,0
786432,384,1,0,0,0,0,0,-0.00357,0.00821,0.3723,2970,21,21,28,11,20,20,0,0,0,0,0,0,0,0,0,0,0,0,0,0,0
788480,385,1,0,0,0,0,0,-0.00407,0.00606,0.3657,2911,22,22,22,6,25,25,0,0,0,0,0,0,0,0,0,0,0,0,0,0,0
790528,386,1,0,0,0,0,0,0.00259,0.00703,0.4036,3036,26,26,23,8,13,13,0,0,0,0,0,0,0,0,0,0,0,0,0,0,0
792576,387,1,0,0,0,0,0,-0.00136,0.00791,0.416,3375,18,18,24,9,20,20,0,0,0,0,0,0,0,0,0,0,0,0,0,0,0
794624,388,1,0,0,0,0,0,-0.0035,0.00724,0.3933,3449,22,22,20,7,20,20,0,0,0,0,0,0,0,0,0,0,0,0,0,0,0
796672,389,1,0,0,0,0,0,-0.00216,0.00974,0.3829,3236,24,24,22,13,27,27,0,0,0,0,0,0,0,0,0,0,0,0,0,0,0
798720,390,1,0,0,0,0,0,0.00036,0.0076,0.3951,3241,27,27,18,9,23,23,0,0,0,0,0,0,0,0,0,0,0,0,0,0,0
800768,391,1,0,0,0,0,0,-0.00359,0.00392,0.3839,3281,29,29,16,2,39,39,0,0,0,0,0,0,0,0,0,0,0,0,0,0,0
802816,392,1,0,0,0,0,0,-0.00396,0.00722,0.3985,3075,24,24,18,8,25,25,0,0,0,0,0,0,0,0,0,0,0,0,0,0,0
804864,393,1,0,0,0,0,0,-0.00601,0.00754,0.4209,3266,24,24,21,6,19,19,0,0,0,0,0,0,0,0,0,0,0,0,0,0,0
806912,394,1,0,0,0,0,0,-0.00483,0.00751,0.367,3144,18,18,31,9,13,13,0,0,0,0,0,0,0,0,0,0,0,0,0,0,0
808960,395,1,0,0,0,0,0,-0.00368,0.00562,0.3397,3027,16,16,22,8,23,23,0,0,0,0,0,0,0,0,0,0,0,0,0,0,0
811008,396,1,0,0,0,0,0,-0.00426,0.00926,0.3303,2835,28,28,24,11,28,28,0,0,0,0,0,0,0,0,0,0,0,0,0,0,0
813056,397,1,0,0,0,0,0,0.00056,0.00998,0.3533,2955,24,24,31,14,19,19,0,0,0,0,0,0,0,0,0,0,0,0,0,0,0
815104,398,1,0,0,0,0,0,-0.0005,0.01017,0.3346,2952,27,27,26,14,26,26,0,0,0,0,0,0,0,0,0,0,0,0,0,0,0
817152,399,1,0,0,0,0,0,-0.00273,0.00905,0.3636,3015,28,28,26,12,27,27,0,0,0,0,0,0,0,0,0,0,0,0,0,0,0
819200,400,1,0,0,0,0,0,0.00072,0.01175,0.3448,2775,21,21,29,15,18,18,0,0,0,0,0,0,0,0,0,0,0,0,0,0,0
821248,401,1,0,0,0,0,0,-0.00399,0.01095,0.3556,3129,24,24,22,15,27,27,0,0,0,0,0,0,0,0,0,0,0,0,0,0,0
823296,402,1,0,0,0,0,0,0.00224,0.0096,0.3343,2809,27,27,24,15,24,24,0,0,0,0,0,0,0,0,0,0,0,0,0,0,0
825344,403,1,0,0,0,0,0,-0.00391,0.01209,0.2899,3069,35,35,29,16,23,23,0,0,0,0,0,0,0,0,0,0,0,0,0,0,0
827392,404,1,0,0,0,0,0,-0.00479,0.01062,0.3531,3004,23,23,27,14,23,23,0,0,0,0,0,0,0,0,0,0,0,0,0,0,0
829440,405,1,0,0,0,0,0,-0.00363,0.00973,0.3318,3195,27,27,30,10,30,30,0,0,0,0,0,0,0,0,0,0,0,0,0,0,0
831488,406,1,0,0,0,0,0,0.0009,0.01077,0.3195,2929,29,29,33,14,21,21,0,0,0,0,0,0,0,0,0,0,0,0,0,0,0
833536,407,1,0,0,0,0,0,-0.00053,0.01087,0.3288,2683,25,25,27,15,25,25,0,0,0,0,0,0,0,0,0,0,0,0,0,0,0
835584,408,1,0,0,0,0,0,-0.00227,0.0086,0.3451,3060,33,33,24,11,17,17,0,0,0,0,0,0,0,0,0,0,0,0,0,0,0
837632,409,1,0,0,0,0,0,0.00147,0.0123,0.3395,2698,28,28,33,14,31,31,0,0,0,0,0,0,0,0,0,0,0,0,0,0,0
839680,410,1,0,0,0,0,0,0.00169,0.00822,0.3277,2542,36,36,24,11,38,38,0,0,0,0,0,0,0,0,0,0,0,0,0,0,0
841728,411,1,0,0,0,0,0,-0.00232,0.01077,0.3187,3171,26,26,28,13,44,44,0,0,0,0,0,0,0,0,0,0,0,0,0,0,0
843776,412,1,0,0,0,0,0,-0.00373,0.01284,0.3522,2783,31,31,33,17,40,40,0,0,0,0,0,0,0,0,0,0,0,0,0,0,0
845824,413,1,0,0,0,0,0,-0.00538,0.01117,0.3468,2968,29,29,28,20,31,31,0,0,0,0,0,0,0,0,0,0,0,0,0,0,0
847872,414,1,0,0,0,0,0,-0.00342,0.00871,0.401,2947,22,22,24,14,30,30,0,0,0,0,0,0,0,0,0,0,0,0,0,0,0
849920,415,1,0,0,0,0,0,-0.00162,0.01233,0.3619,3030,25,25,31,14,25,25,0,0,0,0,0,0,0,0,0,0,0,0,0,0,0
851968,416,1,0,0,0,0,0,-0.00273,0.01387,0.3492,2832,15,15,37,19,14,14,0,0,0,0,0,0,0,0,0,0,0,0,0,0,0
854016,417,1,0,0,0,0,0,-0.00202,0.01248,0.3167,3148,31,31,36,25,29,29,0,0,0,0,0,0,0,0,0,0,0,0,0,0,0
856064,418,1,0,0,0,0,0,-0.00773,0.01207,0.3379,3056,28,28,29,14,27,27,0,0,0,0,0,0,0,0,0,0,0,0,0,0,0
858112,419,1,0,0,0,0,0,-0.00614,0.00858,0.3346,3368,32,32,26,17,25,25,0,0,0,0,0,0,0,0,0,0,0,0,0,0,0
860160,420,1,0,0,0,0,0,0.00293,0.01167,0.3318,3419,29,29,24,13,31,31,0,0,0,0,0,0,0,0,0,0,0,0,0,0,0
862208,421,1,0,0,0,0,0,-0.00291,0.01168,0.3691,3249,18,18,24,15,20,20,0,0,0,0,0,0,0,0,0,0,0,0,0,0,0
864256,422,1,0,0,0,0,0,-0.00575,0.01027,0.3841,3185,24,24,20,15,20,19,0,0,0,0,0,0,0,0,0,0,0,0,0,0,0
866304,423,1,0,0,0,0,0,-0.0052,0.01076,0.3698,3174,18,18,21,12,37,37,0,0,0,0,0,0,0,0,0,0,0,0,0,0,0
868352,424,1,0,0,0,0,0,-0.00444,0.01337,0.3562,3206,27,27,32,19,25,25,0,0,0,0,0,0,0,0,0,0,0,0,0,0,0
870400,425,1,0,0,0,0,0,0.00216,0.0093,0.3678,3198,30,30,21,11,21,21,0,0,0,0,0,0,0,0,0,0,0,0,0,0,0
872448,426,1,0,0,0,0,0,-0.00344,0.00942,0.3573,3134,30,30,28,18,30,30,0,0,0,0,0,0,0,0,0,0,0,0,0,0,0
874496,427,1,0,0,0,0,0,0.00041,0.01152,0.3466,3083,40,40,31,17,24,24,0,0,0,0,0,0,0,0,0,0,0,0,0,0,0
876544,428,1,0,0,0,0,0,-0.00253,0.00986,0.3385,2891,36,36,28,17,28,28,0,0,0,0,0,0,0,0,0,0,0,0,0,0,0
878592,429,1,0,0,0,0,0,-0.00081,0.00785,0.3274,2847,33,33,19,14,37,37,0,0,0,0,0,0,0,0,0,0,0,0,0,0,0
880640,430,1,0,0,0,0,0,-0.00251,0.01151,0.3279,3331,29,29,35,17,24,24,0,0,0,0,0,0,0,0,0,0,0,0,0,0,0
882688,431,1,0,0,0,0,0,-0.00301,0.01067,0.3405,3110,33,33,31,16,36,36,0,0,0,0,0,0,0,0,0,0,0,0,0,0,0
884736,432,1,0,0,0,0,0,0.00092,0.01064,0.3317,3215,35,35,32,12,35,35,0,0,0,0,0,0,0,0,0,0,0,0,0,0,0
886784,433,1,0,0,0,0,0,-0.00698,0.01014,0.314,3208,30,30,26,16,25,25,0,0,0,0,0,0,0,0,0,0,0,0,0,0,0
888832,434,1,0,0,0,0,0,-0.00161,0.01369,0.2994,3035,22,22,35,21,30,30,0,0,0,0,0,0,0,0,0,0,0,0,0,0,0
890880,435,1,0,0,0,0,0,-0.00402,0.01324,0.3172,3169,33,33,36,24,32,32,0,0,0,0,0,0,0,0,0,0,0,0,0,0,0
892928,436,1,0,0,0,0,0,-0.00375,0.01751,0.3111,2993,41,41,34,15,30,30,0,0,0,0,0,0,0,0,0,0,0,0,0,0,0
894976,437,1,0,0,0,0,0,-0.00259,0.01331,0.3371,3116,26,26,33,20,34,34,0,0,0,0,0,0,0,0,0,0,0,0,0,0,0
897024,438,1,0,0,0,0,0,-0.00539,0.01081,0.3354,3243,25,25,36,29,32,32,0,0,0,0,0,0,0,0,0,0,0,0,0,0,0
899072,439,1,0,0,0,0,0,-0.00316,0.00791,0.3474,2912,35,35,23,14,27,27,0,0,0,0,0,0,0,0,0,0,0,0,0,0,0
901120,440,1,0,0,0,0,0,-0.00263,0.01126,0.3153,3014,30,30,28,11,31,31,0,0,0,0,0,0,0,0,0,0,0,0,0,0,0
903168,441,1,0,0,0,0,0,-0.00401,0.01463,0.3024,3014,28,28,39,22,41,41,0,0,0,0,0,0,0,0,0,0,0,0,0,0,0
905216,442,1,0,0,0,0,0,-0.00235,0.01305,0.3086,2812,31,31,32,20,37,37,0,0,0,0,0,0,0,0,0,0,0,0,0,0,0
907264,443,1,0,0,0,0,0,-0.00466,0.00879,0.3151,3013,31,31,24,17,39,39,0,0,0,0,0,0,0,0,0,0,0,0,0,0,0
909312,444,1,0,0,0,0,0,0.00043,0.01282,0.3125,2722,20,20,31,20,28,28,0,0,0,0,0,0,0,0,0,0,0,0,0,0,0
911360,445,1,0,0,0,0,0,-0.00329,0.01013,0.3014,3046,34,34,30,19,34,34,0,0,0,0,0,0,0,0,0,0,0,0,0,0,0
913408,446,1,0,0,0,0,0,0.00179,0.01244,0.276,2718,31,31,32,21,38,38,0,0,0,0,0,0,0,0,0,0,0,0,0,0,0
915456,447,1,0,0,0,0,0,-0.00168,0.0136,0.286,3305,23,23,43,25,36,36,0,0,0,0,0,0,0,0,0,0,0,0,0,0,0
917504,448,1,0,0,0,0,0,-0.00521,0.01078,0.2932,3177,28,28,33,17,28,28,0,0,0,0,0,0,0,0,0,0,0,0,0,0,0
919552,449,1,0,0,0,0,0,-0.00267,0.0142,0.2915,3059,23,23,41,25,31,31,0,0,0,0,0,0,0,0,0,0,0,0,0,0,0
921600,450,1,0,0,0,0,0,-0.00235,0.012,0.3158,3161,25,25,35,23,25,25,0,0,0,0,0,0,0,0,0,0,0,0,0,0,0
923648,451,1,0,0,0,0,0,-0.00385,0.01236,0.3039,3107,38,38,31,14,33,33,0,0,0,0,0,0,0,0,0,0,0,0,0,0,0
925696,452,1,0,0,0,0,0,-0.00239,0.0147,0.295,2886,31,31,35,20,36,36,0,0,0,0,0,0,0,0,0,0,0,0,0,0,0
927744,453,1,0,0,0,0,0,-0.00468,0.00933,0.2876,3277,32,32,25,16,47,47,0,0,0,0,0,0,0,0,0,0,0,0,0,0,0
929792,454,1,0,0,0,0,0,-0.00336,0.01222,0.2967,3216,23,23,33,20,37,37,0,0,0,0,0,0,0,0,0,0,0,0,0,0,0
931840,455,1,0,0,0,0,0,-0.00264,0.01268,0.2895,2695,32,32,28,17,25,25,0,0,0,0,0,0,0,0,0,0,0,0,0,0,0
933888,456,1,0,0,0,0,0,-0.00447,0.00906,0.2851,3167,34,34,24,17,34,34,0,0,0,0,0,0,0,0,0,0,0,0,0,0,0
935936,457,1,0,0,0,0,0,-0.0011,0.01231,0.287,2832,29,29,34,20,32,32,0,0,0,0,0,0,0,0,0,0,0,0,0,0,0
937984,458,1,0,0,0,0,0,-0.00652,0.01036,0.3111,2806,29,29,34,26,24,24,0,0,0,0,0,0,0,0,0,0,0,0,0,0,0
940032,459,1,0,0,0,0,0,0.00246,0.01201,0.2858,2787,31,31,33,19,34,34,0,0,0,0,0,0,0,0,0,0,0,0,0,0,0
942080,460,1,0,0,0,0,0,0.00397,0.01392,0.2945,2927,29,29,38,22,34,34,0,0,0,0,0,0,0,0,0,0,0,0,0,0,0
944128,461,1,0,0,0,0,0,-0.00327,0.01188,0.3089,3026,29,29,31,20,37,37,0,0,0,0,0,0,0,0,0,0,0,0,0,0,0
946176,462,1,0,0,0,0,0,0.00076,0.01019,0.301,2699,29,29,26,19,40,40,0,0,0,0,0,0,0,0,0,0,0,0,0,0,0
948224,463,1,0,0,0,0,0,-0.00066,0.00944,0.3018,2921,27,27,29,22,26,26,0,0,0,0,0,0,0,0,0,0,0,0,0,0,0
950272,464,1,0,0,0,0,0,-0.00218,0.00978,0.2886,2577,28,28,24,14,26,26,0,0,0,0,0,0,0,0,0,0,0,0,0,0,0
952320,465,1,0,0,0,0,0,-0.00438,0.00982,0.3024,2601,20,20,25,16,19,19,0,0,0,0,0,0,0,0,0,0,0,0,0,0,0
954368,466,1,0,0,0,0,0,-0.00522,0.00796,0.3035,3030,31,31,28,20,25,25,0,0,0,0,0,0,0,0,0,0,0,0,0,0,0
956416,467,1,0,0,0,0,0,-0.00359,0.01008,0.2799,2855,25,25,33,23,33,33,0,0,0,0,0,0,0,0,0,0,0,0,0,0,0
958464,468,1,0,0,0,0,0,-0.00199,0.0088,0.2588,2874,44,44,23,18,31,31,0,0,0,0,0,0,0,0,0,0,0,0,0,0,0
960512,469,1,0,0,0,0,0,0.00206,0.00699,0.2415,2995,36,36,22,18,34,34,0,0,0,0,0,0,0,0,0,0,0,0,0,0,0
962560,470,1,0,0,0,0,0,0.00221,0.0087,0.2581,2973,26,26,33,26,17,17,0,0,0,0,0,0,0,0,0,0,0,0,0,0,0
964608,471,1,0,0,0,0,0,0.00347,0.00999,0.2378,3032,31,31,31,22,32,32,0,0,0,0,0,0,0,0,0,0,0,0,0,0,0
966656,472,1,0,0,0,0,0,-0.00156,0.01042,0.254,2874,18,18,34,24,31,31,0,0,0,0,0,0,0,0,0,0,0,0,0,0,0
968704,473,1,0,0,0,0,0,-0.00047,0.00942,0.2664,3091,25,25,30,19,28,28,0,0,0,0,0,0,0,0,0,0,0,0,0,0,0
970752,474,1,0,0,0,0,0,-0.0002,0.01205,0.2464,2973,30,30,32,19,25,25,0,0,0,0,0,0,0,0,0,0,0,0,0,0,0
972800,475,1,0,0,0,0,0,-0.00078,0.00748,0.2279,3194,37,37,27,21,23,23,0,0,0,0,0,0,0,0,0,0,0,0,0,0,0
974848,476,1,0,0,0,0,0,-0.00184,0.0121,0.2543,2865,30,28,32,21,33,33,0,0,0,0,0,0,0,0,0,0,0,0,0,0,0
976896,477,1,0,0,0,0,0,-0.00154,0.00833,0.253,2822,38,38,22,17,32,32,0,0,0,0,0,0,0,0,0,0,0,0,0,0,0
978944,478,1,0,0,0,0,0,0.00154,0.00991,0.2207,3263,32,32,32,26,16,16,0,0,0,0,0,0,0,0,0,0,0,0,0,0,0
980992,479,1,0,0,0,0,0,-0.00555,0.01045,0.2636,3126,29,28,33,24,19,19,0,0,0,0,0,0,0,0,0,0,0,0,0,0,0
983040,480,1,0,0,0,0,0,-0.00171,0.00857,0.2789,2987,26,26,23,16,40,40,0,0,0,0,0,0,0,0,0,0,0,0,0,0,0
985088,481,1,0,0,0,0,0,-0.00294,0.00695,0.2867,2970,27,27,20,14,30,30,0,0,0,0,0,0,0,0,0,0,0,0,0,0,0
987136,482,1,0,0,0,0,0,-0.00387,0.0072,0.2738,2742,26,26,24,18,29,29,0,0,0,0,0,0,0,0,0,0,0,0,0,0,0
989184,483,1,0,0,0,0,0,-0.00412,0.00928,0.2573,2947,36,36,31,24,30,30,0,0,0,0,0,0,0,0,0,0,0,0,0,0,0
991232,484,1,0,0,0,0,0,-0.00384,0.00629,0.2555,3025,37,37,22,15,34,34,0,0,0,0,0,0,0,0,0,0,0,0,0,0,0
993280,485,1,0,0,0,0,0,-0.00203,0.00893,0.2497,2861,35,35,27,21,27,27,0,0,0,0,0,0,0,0,0,0,0,0,0,0,0
995328,486,1,0,0,0,0,0,-0.00375,0.00939,0.249,2862,25,25,29,22,34,34,0,0,0,0,0,0,0,0,0,0,0,0,0,0,0
997376,487,1,0,0,0,0,0,-0.00398,0.00989,0.2805,2827,30,30,29,19,30,30,0,0,0,0,0,0,0,0,0,0,0,0,0,0,0
999424,488,1,0,0,0,0,0,-0.00241,0.00896,0.2876,2723,27,27,29,21,39,39,0,0,0,0,0,0,0,0,0,0,0,0,0,0,0
1001472,489,1,0,0,0,0,0,-0.00358,0.00784,0.3085,2956,31,31,35,31,26,26,0,0,0,0,0,0,0,0,0,0,0,0,0,0,0
1003520,490,1,0,0,0,0,0,0.00053,0.00683,0.279,2930,25,25,21,16,25,25,0,0,0,0,0,0,0,0,0,0,0,0,0,0,0
1005568,491,1,0,0,0,0,0,-0.0046,0.00987,0.2751,2874,28,28,34,23,35,35,0,0,0,0,0,0,0,0,0,0,0,0,0,0,0
1007616,492,1,0,0,0,0,0,-0.00034,0.00965,0.2805,3173,31,31,28,18,32,32,0,0,0,0,0,0,0,0,0,0,0,0,0,0,0
1009664,493,1,0,0,0,0,0,-0.00242,0.00632,0.2667,2953,40,40,19,14,31,31,0,0,0,0,0,0,0,0,0,0,0,0,0,0,0
1011712,494,1,0,0,0,0,0,-0.00389,0.00948,0.2721,3073,24,24,31,27,28,28,0,0,0,0,0,0,0,0,0,0,0,0,0,0,0
1013760,495,1,0,0,0,0,0,-0.00204,0.0085,0.2432,3085,28,28,24,18,43,43,0,0,0,0,0,0,0,0,0,0,0,0,0,0,0
1015808,496,1,0,0,0,0,0,0.0056,0.01413,0.2859,2742,23,23,38,26,18,18,0,0,0,0,0,0,0,0,0,0,0,0,0,0,0
1017856,497,1,0,0,0,0,0,0.00438,0.00958,0.2871,2932,29,29,27,21,28,28,0,0,0,0,0,0,0,0,0,0,0,0,0,0,0
1019904,498,1,0,0,0,0,0,-0.00216,0.00923,0.2561,3032,46,46,29,22,26,26,0,0,0,0,0,0,0,0,0,0,0,0,0,0,0
1021952,499,1,0,0,0,0,0,0.00051,0.00736,0.2611,3034,30,30,26,20,34,34,0,0,0,0,0,0,0,0,0,0,0,0,0,0,0
1024000,500,1,0,0,0,0,0,-0.00637,0.01088,0.2584,3025,36,36,37,24,37,37,0,0,0,0,0,0,0,0,0,0,0,0,0,0,0
1026048,501,1,0,0,0,0,0,-0.00482,0.01126,0.2634,2994,36,36,35,27,35,35,0,0,0,0,0,0,0,0,0,0,0,0,0,0,0
1028096,502,1,0,0,0,0,0,-0.00433,0.00939,0.269,3106,34,34,29,18,27,27,0,0,0,0,0,0,0,0,0,0,0,0,0,0,0
1030144,503,1,0,0,0,0,0,-0.00278,0.01043,0.301,3183,35,35,29,22,22,22,0,0,0,0,0,0,0,0,0,0,0,0,0,0,0
1032192,504,1,0,0,0,0,0,-0.00269,0.00627,0.3301,3010,29,29,24,22,25,25,0,0,0,0,0,0,0,0,0,0,0,0,0,0,0
1034240,505,1,0,0,0,0,0,-0.00515,0.01059,0.288,3059,34,34,35,26,25,25,0,0,0,0,0,0,0,0,0,0,0,0,0,0,0
1036288,506,1,0,0,0,0,0,-0.00215,0.00867,0.2647,2918,25,25,40,34,37,37,0,0,0,0,0,0,0,0,0,0,0,0,0,0,0
1038336,507,1,0,0,0,0,0,-0.00169,0.01168,0.2608,3119,27,27,35,27,40,39,0,0,0,0,0,0,0,0,0,0,0,0,0,0,0
1040384,508,1,0,0,0,0,0,-0.00192,0.01005,0.2688,3089,32,32,31,22,34,34,0,0,0,0,0,0,0,0,0,0,0,0,0,0,0
1042432,509,1,0,0,0,0,0,-0.00268,0.0113,0.2613,3094,25,25,33,21,32,32,0,0,0,0,0,0,0,0,0,0,0,0,0,0,0
1044480,510,1,0,0,0,0,0,-0.00437,0.00821,0.2352,2939,42,42,34,31,36,36,0,0,0,0,0,0,0,0,0,0,0,0,0,0,0
1046528,511,1,0,0,0,0,0,-0.00514,0.00872,0.2428,3190,35,35,33,24,31,31,0,0,0,0,0,0,0,0,0,0,0,0,0,0,0
1048576,512,1,0,0,0,0,0,-0.00257,0.00907,0.2322,3097,43,43,34,28,38,38,0,0,0,0,0,0,0,0,0,0,0,0,0,0,0
1050624,513,1,0,0,0,0,0,-0.00278,0.01001,0.2612,2916,18,18,35,26,36,36,0,0,0,0,0,0,0,0,0,0,0,0,0,0,0
1052672,514,1,0,0,0,0,0,-0.00138,0.01141,0.2553,3147,27,27,41,29,36,36,0,0,0,0,0,0,0,0,0,0,0,0,0,0,0
1054720,515,1,0,0,0,0,0,-0.00499,0.0152,0.2266,3217,41,41,40,24,27,27,0,0,0,0,0,0,0,0,0,0,0,0,0,0,0
1056768,516,1,0,0,0,0,0,-0.00396,0.00967,0.2103,3046,40,40,39,32,29,29,0,0,0,0,0,0,0,0,0,0,0,0,0,0,0
1058816,517,1,0,0,0,0,0,-0.00064,0.00645,0.2445,3126,33,33,34,29,34,34,0,0,0,0,0,0,0,0,0,0,0,0,0,0,0
1060864,518,1,0,0,0,0,0,-0.00159,0.00955,0.2148,3150,30,30,38,29,35,35,0,0,0,0,0,0,0,0,0,0,0,0,0,0,0
1062912,519,1,0,0,0,0,0,-0.00027,0.01093,0.2116,3234,42,42,34,24,34,34,0,0,0,0,0,0,0,0,0,0,0,0,0,0,0
1064960,520,1,0,0,0,0,0,-0.00245,0.01065,0.2402,3530,28,28,31,23,29,29,0,0,0,0,0,0,0,0,0,0,0,0,0,0,0
1067008,521,1,0,0,0,0,0,-0.00218,0.00765,0.2445,3162,39,39,30,21,35,35,0,0,0,0,0,0,0,0,0,0,0,0,0,0,0
1069056,522,1,0,0,0,0,0,-0.00536,0.00695,0.2373,3139,41,41,23,17,44,44,0,0,0,0,0,0,0,0,0,0,0,0,0,0,0
1071104,523,1,0,0,0,0,0,-0.00446,0.00651,0.268,3422,24,24,33,30,41,41,0,0,0,0,0,0,0,0,0,0,0,0,0,0,0
1073152,524,1,0,0,0,0,0,-0.00664,0.00973,0.2449,2900,30,30,36,26,41,41,0,0,0,0,0,0,0,0,0,0,0,0,0,0,0
1075200,525,1,0,0,0,0,0,-0.0004,0.00707,0.2256,3016,38,38,34,28,49,49,0,0,0,0,0,0,0,0,0,0,0,0,0,0,0
1077248,526,1,0,0,0,0,0,-0.00431,0.00556,0.2255,3129,48,48,23,19,42,42,0,0,0,0,0,0,0,0,0,0,0,0,0,0,0
1079296,527,1,0,0,0,0,0,6e-05,0.0112,0.2601,3017,38,38,31,19,32,32,0,0,0,0,0,0,0,0,0,0,0,0,0,0,0
1081344,528,1,0,0,0,0,0,-0.00664,0.01047,0.2476,2952,41,41,38,31,32,32,0,0,0,0,0,0,0,0,0,0,0,0,0,0,0
1083392,529,1,0,0,0,0,0,-0.00543,0.00989,0.2384,2813,36,36,31,21,40,40,0,0,0,0,0,0,0,0,0,0,0,0,0,0,0
1085440,530,1,0,0,0,0,0,-0.00289,0.01177,0.2492,2941,35,35,41,33,28,28,0,0,0,0,0,0,0,0,0,0,0,0,0,0,0
1087488,531,1,0,0,0,0,0,-0.00562,0.01006,0.2484,2589,41,41,33,24,33,33,0,0,0,0,0,0,0,0,0,0,0,0,0,0,0
1089536,532,1,0,0,0,0,0,-0.00348,0.008,0.2458,3038,33,33,26,19,27,27,0,0,0,0,0,0,0,0,0,0,0,0,0,0,0
1091584,533,1,0,0,0,0,0,-0.0046,0.00744,0.2636,3079,29,29,31,25,24,24,0,0,0,0,0,0,0,0,0,0,0,0,0,0,0
1093632,534,1,0,0,0,0,0,-0.00553,0.01054,0.3077,2736,27,27,34,25,23,23,0,0,0,0,0,0,0,0,0,0,0,0,0,0,0
1095680,535,1,0,0,0,0,0,-0.00226,0.00975,0.2923,2783,19,19,37,28,36,36,0,0,0,0,0,0,0,0,0,0,0,0,0,0,0
1097728,536,1,0,0,0,0,0,-0.00499,0.00979,0.2312,3020,33,33,42,34,30,30,0,0,0,0,0,0,0,0,0,0,0,0,0,0,0
1099776,537,1,0,0,0,0,0,-0.00118,0.00788,0.2112,2472,48,48,34,28,37,37,0,0,0,0,0,0,0,0,0,0,0,0,0,0,0
1101824,538,1,0,0,0,0,0,-0.00473,0.01033,0.2432,2580,43,43,31,21,30,30,0,0,0,0,0,0,0,0,0,0,0,0,0,0,0
1103872,539,1,0,0,0,0,0,-0.00501,0.01098,0.2489,2721,35,35,36,25,33,33,0,0,0,0,0,0,0,0,0,0,0,0,0,0,0
1105920,540,1,0,0,0,0,0,-0.00346,0.0104,0.2764,2589,32,32,41,31,27,27,0,0,0,0,0,0,0,0,0,0,0,0,0,0,0
1107968,541,1,0,0,0,0,0,0.00028,0.00729,0.2675,2962,36,36,32,26,29,29,0,0,0,0,0,0,0,0,0,0,0,0,0,0,0
1110016,542,1,0,0,0,0,0,-0.0019,0.01066,0.2614,2714,29,29,35,25,24,24,0,0,0,0,0,0,0,0,0,0,0,0,0,0,0
1112064,543,1,0,0,0,0,0,-0.00251,0.00695,0.2486,2716,26,26,28,25,28,28,0,0,0,0,0,0,0,0,0,0,0,0,0,0,0
1114112,544,1,0,0,0,0,0,-0.00482,0.00924,0.2224,2640,28,28,29,23,42,42,0,0,0,0,0,0,0,0,0,0,0,0,0,0,0
1116160,545,1,0,0,0,0,0,-0.00405,0.00836,0.2026,2832,49,49,29,22,38,38,0,0,0,0,0,0,0,0,0,0,0,0,0,0,0
1118208,546,1,0,0,0,0,0,0.00013,0.00691,0.2026,2602,37,37,37,34,36,36,0,0,0,0,0,0,0,0,0,0,0,0,0,0,0
1120256,547,1,0,0,0,0,0,-0.0034,0.0063,0.2873,2666,31,31,28,24,13,13,0,0,0,0,0,0,0,0,0,0,0,0,0,0,0
1122304,548,1,0,0,0,0,0,-0.0011,0.01196,0.2498,2789,34,34,41,30,19,19,0,0,0,0,0,0,0,0,0,0,0,0,0,0,0
1124352,549,1,0,0,0,0,0,-0.00369,0.01178,0.2364,2772,27,27,47,39,27,27,0,0,0,0,0,0,0,0,0,0,0,0,0,0,0
1126400,550,1,0,0,0,0,0,-0.00156,0.01133,0.2525,2750,27,27,32,22,55,55,0,0,0,0,0,0,0,0,0,0,0,0,0,0,0
1128448,551,1,0,0,0,0,0,-0.00279,0.0099,0.2473,3069,41,41,34,28,37,37,0,0,0,0,0,0,0,0,0,0,0,0,0,0,0
1130496,552,1,0,0,0,0,0,-0.00454,0.00952,0.2724,2846,22,22,42,32,30,30,0,0,0,0,0,0,0,0,0,0,0,0,0,0,0
1132544,553,1,0,0,0,0,0,-0.00469,0.00703,0.2234,2986,45,45,34,29,35,35,0,0,0,0,0,0,0,0,0,0,0,0,0,0,0
1134592,554,1,0,0,0,0,0,-0.00102,0.00812,0.2164,2763,39,39,44,38,43,43,0,0,0,0,0,0,0,0,0,0,0,0,0,0,0
1136640,555,1,0,0,0,0,0,-0.00025,0.01001,0.2268,3049,46,46,36,26,43,43,0,0,0,0,0,0,0,0,0,0,0,0,0,0,0
1138688,556,1,0,0,0,0,0,0.00098,0.01094,0.2508,3275,28,28,38,24,40,40,0,0,0,0,0,0,0,0,0,0,0,0,0,0,0
1140736,557,1,0,0,0,0,0,-0.00135,0.0106,0.2983,2945,36,36,40,30,21,21,0,0,0,0,0,0,0,0,0,0,0,0,0,0,0
1142784,558,1,0,0,0,0,0,-0.00463,0.00753,0.2442,2762,38,38,34,28,29,29,0,0,0,0,0,0,0,0,0,0,0,0,0,0,0
1144832,559,1,0,0,0,0,0,-0.00411,0.00584,0.2376,3070,41,41,34,32,40,40,0,0,0,0,0,0,0,0,0,0,0,0,0,0,0
1146880,560,1,0,0,0,0,0,-0.00311,0.00618,0.2426,3133,30,30,34,29,40,40,0,0,0,0,0,0,0,0,0,0,0,0,0,0,0
1148928,561,1,0,0,0,0,0,-0.00379,0.01007,0.2585,2703,32,32,36,26,33,33,0,0,0,0,0,0,0,0,0,0,0,0,0,0,0
1150976,562,1,0,0,0,0,0,0.00161,0.0098,0.256,2862,32,32,28,21,37,37,0,0,0,0,0,0,0,0,0,0,0,0,0,0,0
1153024,563,1,0,0,0,0,0,-0.00493,0.00768,0.26,3145,35,35,36,30,39,39,0,0,0,0,0,0,0,0,0,0,0,0,0,0,0
1155072,564,1,0,0,0,0,0,-0.00507,0.00516,0.2686,2930,30,30,33,30,36,36,0,0,0,0,0,0,0,0,0,0,0,0,0,0,0
1157120,565,1,0,0,0,0,0,-0.0058,0.00625,0.2682,3036,37,37,30,24,41,41,0,0,0,0,0,0,0,0,0,0,0,0,0,0,0
1159168,566,1,0,0,0,0,0,-0.00125,0.00743,0.2598,3057,43,43,31,24,41,41,0,0,0,0,0,0,0,0,0,0,0,0,0,0,0
1161216,567,1,0,0,0,0,0,-0.00424,0.00681,0.2548,2832,45,45,38,32,39,39,0,0,0,0,0,0,0,0,0,0,0,0,0,0,0
1163264,568,1,0,0,0,0,0,-0.0043,0.01014,0.2581,2605,45,45,40,29,34,34,0,0,0,0,0,0,0,0,0,0,0,0,0,0,0
1165312,569,1,0,0,0,0,0,-0.00416,0.01145,0.2761,2766,33,33,41,30,37,37,0,0,0,0,0,0,0,0,0,0,0,0,0,0,0
1167360,570,1,0,0,0,0,0,-0.00377,0.01005,0.2794,2985,36,36,37,30,33,33,0,0,0,0,0,0,0,0,0,0,0,0,0,0,0
1169408,571,1,0,0,0,0,0,-0.00317,0.00613,0.2838,3092,32,32,30,27,37,37,0,0,0,0,0,0,0,0,0,0,0,0,0,0,0
1171456,572,1,0,0,0,0,0,-0.00289,0.01003,0.2896,2950,26,26,32,23,46,46,0,0,0,0,0,0,0,0,0,0,0,0,0,0,0
1173504,573,1,0,0,0,0,0,-0.00451,0.00844,0.3101,3174,35,35,37,31,29,29,0,0,0,0,0,0,0,0,0,0,0,0,0,0,0
1175552,574,1,0,0,0,0,0,-0.00432,0.0062,0.2499,2925,43,43,25,21,37,37,0,0,0,0,0,0,0,0,0,0,0,0,0,0,0
1177600,575,1,0,0,0,0,0,-0.00474,0.01037,0.2595,3001,40,39,36,28,31,31,0,0,0,0,0,0,0,0,0,0,0,0,0,0,0
1179648,576,1,0,0,0,0,0,-0.0052,0.00796,0.2466,2641,39,39,40,32,40,40,0,0,0,0,0,0,0,0,0,0,0,0,0,0,0
1181696,577,1,0,0,0,0,0,-0.00205,0.00766,0.2237,3111,52,52,41,33,36,36,0,0,0,0,0,0,0,0,0,0,0,0,0,0,0
1183744,578,1,0,0,0,0,0,-0.00153,0.00474,0.2244,3187,51,51,28,25,49,49,0,0,0,0,0,0,0,0,0,0,0,0,0,0,0
1185792,579,1,0,0,0,0,0,-0.00248,0.00677,0.228,2921,47,47,37,32,39,39,0,0,0,0,0,0,0,0,0,0,0,0,0,0,0
1187840,580,1,0,0,0,0,0,-0.00475,0.00486,0.2713,2876,32,32,36,34,30,30,0,0,0,0,0,0,0,0,0,0,0,0,0,0,0
1195690,581,2,221,129,61,30,1,-0.00024,0.06119,1.0985,4801,0,0,0,0,0,0,686,693,669,51,22,9,1,39,25,13,0,39,14,8,0
1203581,582,2,195,107,58,27,3,-0.0002,0.03986,1.0982,5062,0,0,0,0,0,0,684,693,671,40,22,12,1,31,18,8,0,36,18,7,2
1211476,583,2,198,117,54,22,5,-0.00011,0.03792,1.0973,4769,0,0,0,0,0,0,672,759,617,32,22,11,0,42,17,7,2,43,15,4,3
1219446,584,2,169,88,47,23,11,-8e-05,0.03327,1.0972,5051,0,0,0,0,0,0,639,773,636,31,15,9,4,31,18,9,5,26,14,5,2
1227331,585,2,190,117,43,26,4,-2e-05,0.03751,1.0974,5247,0,0,0,0,0,0,705,701,642,44,19,15,0,36,12,6,2,37,12,5,2
1235248,586,2,210,139,43,21,7,-0.00016,0.04052,1.0978,5053,0,0,0,0,0,0,699,724,625,56,16,11,2,47,16,9,2,36,11,1,3
1243094,587,2,236,145,60,29,2,-0.0001,0.03869,1.0982,4795,0,0,0,0,0,0,689,664,695,46,25,11,1,56,20,13,0,43,15,5,1
1250987,588,2,200,125,41,32,2,-5e-05,0.03088,1.0982,5015,0,0,0,0,0,0,676,719,653,45,16,13,0,42,15,13,1,38,10,6,1
1258880,589,2,212,126,61,24,1,-0.00037,0.03276,1.0975,4767,0,0,0,0,0,0,680,700,668,52,20,13,0,43,21,7,0,31,20,4,1
1266796,590,2,199,122,44,30,3,-0.0,0.03388,1.0962,4600,0,0,0,0,0,0,656,769,623,38,12,15,1,38,13,7,2,46,19,8,0
1274701,591,2,193,125,42,21,5,-0.00016,0.02937,1.0968,4733,0,0,0,0,0,0,625,756,667,47,15,8,0,46,15,7,5,32,12,6,0
1282611,592,2,208,141,43,22,2,-0.00022,0.02814,1.0975,5042,0,0,0,0,0,0,637,737,674,44,14,9,0,52,18,8,2,45,11,5,0
1290499,593,2,194,112,45,31,6,1e-05,0.0286,1.0977,4804,0,0,0,0,0,0,688,715,645,41,16,15,3,39,18,10,1,32,11,6,2
1298387,594,2,210,131,44,33,2,-0.00054,0.02947,1.0979,4324,0,0,0,0,0,0,691,708,649,40,19,13,2,48,14,8,0,43,11,12,0
1306293,595,2,204,131,42,26,5,-0.00031,0.02794,1.0979,4581,0,0,0,0,0,0,705,672,671,47,21,9,2,40,9,10,3,44,12,7,0
1314209,596,2,196,115,51,27,3,-0.00048,0.03015,1.098,4517,0,0,0,0,0,0,670,696,682,39,18,9,0,41,19,8,3,35,14,10,0
1322080,597,2,212,117,56,33,6,7e-05,0.03048,1.0984,4570,0,0,0,0,0,0,672,690,686,35,17,13,2,35,13,12,3,47,26,8,1
1329976,598,2,190,122,39,28,1,-1e-05,0.02648,1.0984,4977,0,0,0,0,0,0,682,689,677,42,16,12,1,42,9,7,0,38,14,9,0
1337887,599,2,184,104,45,28,7,-0.00027,0.02522,1.0983,4791,0,0,0,0,0,0,691,681,676,28,17,17,3,35,15,6,0,41,13,5,4
1345770,600,2,191,112,53,22,4,-0.00012,0.02574,1.0979,5008,0,0,0,0,0,0,681,688,679,34,21,8,2,45,23,11,1,33,9,3,1
1353636,601,2,210,132,43,32,3,-0.0002,0.03013,1.0979,4787,0,0,0,0,0,0,658,722,668,52,15,13,2,41,19,6,1,39,9,13,0
1361546,602,2,193,120,44,22,7,-0.00013,0.0281,1.0982,4348,0,0,0,0,0,0,708,684,656,40,17,10,3,51,12,9,2,29,15,3,2
1369464,603,2,179,111,37,26,5,-0.00064,0.02595,1.0983,4767,0,0,0,0,0,0,700,690,658,34,15,13,2,48,14,8,1,29,8,5,2
1377378,604,2,188,104,51,26,7,4e-05,0.02388,1.0979,4725,0,0,0,0,0,0,673,714,661,36,20,10,4,36,10,10,2,32,21,6,1
1385279,605,2,204,121,49,29,5,-6e-05,0.02751,1.0977,4682,0,0,0,0,0,0,687,693,668,46,19,18,1,38,14,9,2,37,16,2,2
1393214,606,2,178,109,35,28,6,-0.00037,0.02324,1.098,4786,0,0,0,0,0,0,643,731,674,41,8,15,2,36,16,6,4,32,11,7,0
1401104,607,2,198,108,64,21,5,-0.00013,0.02613,1.0984,4951,0,0,0,0,0,0,655,717,676,34,19,13,1,39,25,4,2,35,20,4,2
1408999,608,2,207,126,53,24,4,-0.00013,0.02291,1.0983,5004,0,0,0,0,0,0,667,742,639,45,17,9,1,37,20,10,1,44,16,5,2
1416897,609,2,190,115,43,25,7,-8e-05,0.01982,1.0981,4856,0,0,0,0,0,0,694,675,679,43,21,9,4,31,16,7,2,41,6,9,1
1424800,610,2,201,118,46,28,9,-0.00058,0.02395,1.0976,5180,0,0,0,0,0,0,711,679,658,51,9,10,1,39,16,6,4,28,21,12,4
1432735,611,2,177,106,45,21,5,-0.0005,0.02103,1.0964,4580,0,0,0,0,0,0,686,719,643,35,22,8,3,38,12,5,2,33,11,8,0
1440645,612,2,192,107,53,27,5,-0.0006,0.02106,1.094,4709,0,0,0,0,0,0,704,743,601,33,17,12,2,40,24,11,2,34,12,4,1
1448588,613,2,178,117,36,20,5,-0.00101,0.02025,1.0942,4715,0,0,0,0,0,0,664,786,598,40,13,8,1,49,11,9,4,28,12,3,0
1456483,614,2,223,141,40,35,7,-0.00149,0.02827,1.0968,4679,0,0,0,0,0,0,662,702,684,36,18,20,4,50,13,8,1,55,9,7,2
1464404,615,2,191,124,37,28,2,-0.0037,0.02368,1.0856,4633,0,0,0,0,0,0,639,682,727,35,12,9,0,44,15,10,1,45,10,9,1
1472313,616,2,197,119,43,30,5,-0.00085,0.02334,1.0863,5119,0,0,0,0,0,0,506,710,832,37,16,9,1,36,17,7,2,46,10,14,2
1480226,617,2,191,122,38,24,7,-0.00109,0.0231,1.0938,5140,0,0,0,0,0,0,583,732,733,38,15,10,2,49,13,8,3,35,10,6,2
1488096,618,2,197,121,47,24,5,-0.00317,0.02117,1.0781,5009,0,0,0,0,0,0,572,640,836,34,17,11,0,32,15,6,2,55,15,7,3
1495986,619,2,212,132,44,33,3,-0.00026,0.02177,1.0747,4299,0,0,0,0,0,0,582,578,888,43,14,12,1,37,12,9,0,52,18,12,2
1503867,620,2,215,133,51,28,3,-0.00528,0.02315,1.0575,4441,0,0,0,0,0,0,571,617,860,33,14,13,2,42,16,8,1,58,21,7,0
1511763,621,2,190,104,52,25,9,-0.00041,0.02166,1.0578,4603,0,0,0,0,0,0,518,574,956,37,13,9,3,26,16,8,3,41,23,8,3
1519678,622,2,187,122,35,22,8,-0.00303,0.02178,1.0811,4738,0,0,0,0,0,0,574,564,910,32,7,8,2,33,9,8,2,57,19,6,4
1527557,623,2,203,129,40,31,3,0.00014,0.02361,1.0912,4344,0,0,0,0,0,0,656,585,807,44,18,16,0,39,7,7,3,46,15,8,0
1535439,624,2,214,136,46,30,2,-0.00085,0.02659,1.0801,4516,0,0,0,0,0,0,653,552,843,46,13,12,0,26,14,9,1,64,19,9,1
1543368,625,2,187,104,56,22,5,-0.00052,0.01872,1.0649,4670,0,0,0,0,0,0,623,493,932,31,16,12,0,31,14,4,3,42,26,6,2
1551341,626,2,164,104,33,21,6,-0.00212,0.02132,1.0803,4897,0,0,0,0,0,0,557,555,936,31,8,2,2,29,10,5,3,44,15,14,1
1559263,627,2,189,119,37,24,9,-0.00062,0.01946,1.0901,4354,0,0,0,0,0,0,555,662,831,32,17,10,2,35,8,6,4,52,12,8,3
1567156,628,2,193,134,40,17,2,-0.00184,0.02125,1.0944,4690,0,0,0,0,0,0,613,661,774,37,13,6,0,44,15,6,1,53,12,5,1
1575063,629,2,185,111,38,28,8,0.00012,0.0203,1.0971,4858,0,0,0,0,0,0,672,696,680,43,21,13,1,31,11,7,2,37,6,8,5
1582937,630,2,215,125,59,27,4,-0.00111,0.02437,1.0973,4555,0,0,0,0,0,0,640,716,692,36,19,12,3,37,17,4,0,52,23,11,1
1590860,631,2,175,102,41,25,7,-0.0006,0.01855,1.0979,4683,0,0,0,0,0,0,667,692,689,38,14,9,1,36,15,7,2,28,12,9,4
1598765,632,2,200,125,44,26,5,-0.00146,0.01881,1.0955,4922,0,0,0,0,0,0,631,658,759,35,14,9,0,36,17,8,2,54,13,9,3
1606680,633,2,188,107,55,20,6,-0.0004,0.01684,1.0898,4741,0,0,0,0,0,0,650,608,790,32,17,6,2,31,19,3,3,44,19,11,1
1614622,634,2,180,111,36,28,5,-0.00075,0.02,1.0932,4772,0,0,0,0,0,0,672,602,774,33,14,10,1,33,8,7,1,45,14,11,3
1622586,635,2,173,101,34,28,10,-0.00018,0.01766,1.0954,5086,0,0,0,0,0,0,649,632,767,34,11,11,5,22,7,8,3,45,16,9,2
1630427,636,2,216,129,50,33,4,-0.00046,0.02344,1.093,4990,0,0,0,0,0,0,668,598,782,42,19,14,2,40,13,11,2,47,18,8,0
1638333,637,2,186,118,37,29,2,-0.0014,0.02025,1.0874,5152,0,0,0,0,0,0,639,633,776,40,12,13,1,38,8,13,0,40,17,3,1
1646259,638,2,204,117,52,28,7,-0.00185,0.02352,1.064,4909,0,0,0,0,0,0,662,526,860,42,20,10,4,24,14,11,3,51,18,7,0
1654125,639,2,198,131,37,26,4,-0.00145,0.02008,1.0509,4774,0,0,0,0,0,0,622,463,963,33,16,14,0,31,9,4,2,67,12,8,2
1662057,640,2,167,104,39,15,9,-0.00238,0.01756,1.0651,5015,0,0,0,0,0,0,605,446,997,30,11,6,3,17,11,1,1,57,17,8,5
1669927,641,2,208,123,45,37,3,-0.00118,0.02644,1.0903,5074,0,0,0,0,0,0,684,577,787,34,21,15,1,34,10,9,1,55,14,13,1
1677821,642,2,198,115,49,28,6,-0.00231,0.0197,1.096,4820,0,0,0,0,0,0,696,610,742,41,12,15,1,36,12,2,2,38,25,11,3
1685701,643,2,208,131,38,38,1,-0.00185,0.02655,1.0952,4747,0,0,0,0,0,0,675,669,704,38,17,21,0,42,8,7,0,51,13,10,1
1693563,644,2,224,137,52,29,6,-0.00401,0.02309,1.0725,4867,0,0,0,0,0,0,670,801,577,52,15,14,2,45,21,10,3,40,16,5,1
1701495,645,2,189,119,45,19,6,-0.00177,0.01982,1.0638,4771,0,0,0,0,0,0,616,900,532,36,19,10,2,57,17,7,4,26,9,2,0
1709399,646,2,197,121,57,14,5,-0.00072,0.02138,1.061,4524,0,0,0,0,0,0,562,947,539,43,17,5,1,43,31,6,2,35,9,3,2
1717277,647,2,208,116,54,33,5,-0.00104,0.02147,1.0764,4597,0,0,0,0,0,0,601,878,569,31,9,19,2,50,28,8,2,35,17,6,1
1725181,648,2,200,115,49,31,5,-0.00261,0.02067,1.066,4599,0,0,0,0,0,0,546,877,625,27,13,13,2,52,23,14,3,36,13,4,0
1733108,649,2,188,121,42,20,5,-0.00136,0.02016,1.0356,4844,0,0,0,0,0,0,461,936,651,33,4,6,2,51,24,8,1,37,14,6,2
1741024,650,2,193,121,43,25,4,-0.00389,0.01998,1.0157,4637,0,0,0,0,0,0,416,1024,608,27,14,4,0,54,20,16,3,40,9,5,1
1748929,651,2,196,108,51,31,6,-0.00281,0.02079,1.0199,4789,0,0,0,0,0,0,467,1055,526,31,21,11,1,45,17,14,3,32,13,6,2
1756850,652,2,185,116,36,25,8,-0.00356,0.0198,1.024,4812,0,0,0,0,0,0,500,1032,516,24,12,14,1,52,15,7,2,40,9,4,5
1764748,653,2,198,134,36,20,8,-0.00459,0.01665,1.0368,4603,0,0,0,0,0,0,460,1010,578,31,10,3,2,49,16,10,5,54,10,7,1
1772667,654,2,192,122,44,20,6,-0.00528,0.01972,1.018,4725,0,0,0,0,0,0,514,867,667,44,7,10,1,30,22,6,4,48,15,4,1
1780550,655,2,200,111,57,26,6,-0.00464,0.02017,1.0196,4705,0,0,0,0,0,0,470,870,708,31,16,6,2,33,24,13,1,47,17,7,3
1788444,656,2,199,134,37,22,6,-0.00339,0.02352,1.0415,4355,0,0,0,0,0,0,532,760,756,29,9,9,2,43,15,5,3,62,13,8,1
1796358,657,2,192,111,50,27,4,-0.00407,0.02209,1.0455,4603,0,0,0,0,0,0,587,791,670,34,16,10,2,35,17,7,2,42,17,10,0
1804261,658,2,204,119,48,29,8,-0.00722,0.02223,1.0207,4774,0,0,0,0,0,0,628,758,662,30,18,11,2,29,16,9,4,60,14,9,2
1812162,659,2,198,130,42,23,3,-0.00361,0.022,1.0226,5067,0,0,0,0,0,0,568,799,681,35,12,4,2,30,16,8,0,65,14,11,1
1820086,660,2,188,118,46,21,3,-0.00399,0.02022,0.9849,4855,0,0,0,0,0,0,545,850,653,34,10,7,1,42,20,5,0,42,16,9,2
1828028,661,2,180,106,39,27,8,-0.00562,0.02046,0.9518,4630,0,0,0,0,0,0,547,983,518,24,12,13,0,34,12,8,3,48,15,6,5
1835946,662,2,187,110,43,26,8,-0.0043,0.01881,0.9701,4976,0,0,0,0,0,0,550,903,595,23,13,5,1,40,17,11,4,47,13,10,3
1843894,663,2,175,113,35,22,5,-0.00713,0.01959,0.9456,4926,0,0,0,0,0,0,462,945,641,30,7,10,0,28,15,5,2,55,13,7,3
1851820,664,2,184,109,46,21,8,-0.00489,0.01979,0.8869,4853,0,0,0,0,0,0,512,1027,509,25,14,10,2,29,23,3,4,55,9,8,2
1859714,665,2,190,109,41,33,7,-0.00437,0.02232,0.9078,5105,0,0,0,0,0,0,491,1033,524,36,8,9,3,36,18,15,1,37,15,9,3
1867635,666,2,193,113,49,22,9,-0.00695,0.02117,0.8741,4487,0,0,0,0,0,0,462,1025,561,29,6,5,3,29,21,9,5,55,22,8,1
1875571,667,2,175,95,47,26,7,-0.00602,0.02029,0.8678,4585,0,0,0,0,0,0,469,1072,507,30,11,7,0,31,22,10,6,34,14,9,1
1883473,668,2,203,121,41,36,5,-0.0066,0.02404,0.8263,4876,0,0,0,0,0,0,480,1101,467,32,13,12,3,48,18,17,2,41,10,7,0
1891378,669,2,199,118,43,33,5,-0.00681,0.02066,0.8635,4800,0,0,0,0,0,0,470,1040,538,28,14,12,1,36,24,13,3,54,5,8,1
1899283,670,2,193,110,53,27,3,-0.00703,0.0226,0.8141,4585,0,0,0,0,0,0,452,1166,430,17,16,7,2,48,29,15,0,45,8,5,1
1907240,671,2,183,117,37,22,7,-0.00588,0.02009,0.8041,4751,0,0,0,0,0,0,459,1020,569,29,13,4,1,40,14,7,5,48,10,11,1
1915134,672,2,202,118,55,25,4,-0.0063,0.02365,0.7729,4718,0,0,0,0,0,0,428,1091,529,18,12,10,0,51,30,8,3,49,13,7,1
1923005,673,2,217,127,60,25,5,-0.00542,0.022,0.7172,4420,0,0,0,0,0,0,410,1164,474,19,13,6,0,60,30,12,3,48,17,7,2
1930905,674,2,181,114,31,31,5,-0.00471,0.0184,0.6879,4711,0,0,0,0,0,0,363,1223,462,16,6,10,1,46,15,13,3,52,10,8,1
1938772,675,2,208,127,46,30,5,-0.00358,0.02399,0.6923,4527,0,0,0,0,0,0,391,1218,439,21,4,8,1,54,30,15,4,52,12,7,0
1946709,676,2,189,116,34,32,7,-0.00692,0.01994,0.7322,4646,0,0,0,0,0,0,396,1176,476,25,8,9,1,46,17,15,5,45,9,8,1
1954643,677,2,167,103,39,20,5,-0.00642,0.01818,0.7141,4794,0,0,0,0,0,0,375,1240,433,16,8,4,0,53,22,11,4,34,9,5,1
1962562,678,2,177,108,33,27,9,-0.00433,0.0207,0.765,4464,0,0,0,0,0,0,450,1174,424,18,5,8,3,51,22,12,6,39,6,7,0
1970521,679,2,171,117,25,24,5,-0.00364,0.02083,0.7223,4547,0,0,0,0,0,0,507,1137,404,21,8,7,2,60,11,10,3,36,6,7,0
1978429,680,2,199,115,53,25,6,-0.00511,0.01858,0.7508,4876,0,0,0,0,0,0,474,1127,447,18,17,7,3,51,28,13,3,46,8,5,0
1986330,681,2,204,123,52,22,7,-0.00531,0.01792,0.693,4806,0,0,0,0,0,0,434,1224,390,18,19,7,1,54,27,8,5,51,6,7,1
1994277,682,2,180,104,39,32,5,-0.00591,0.02047,0.6642,4836,0,0,0,0,0,0,407,1289,352,16,7,11,0,62,24,14,3,26,8,7,2
2002195,683,2,190,101,63,21,5,-0.00663,0.01966,0.6401,4946,0,0,0,0,0,0,305,1349,394,15,11,9,0,49,40,4,5,37,12,8,0
2010096,684,2,190,123,38,22,7,-0.00461,0.01945,0.6666,4571,0,0,0,0,0,0,322,1318,408,12,4,6,0,65,24,9,6,46,10,7,1
2017994,685,2,202,128,49,18,7,-0.00572,0.022,0.6566,4795,0,0,0,0,0,0,380,1296,372,17,14,7,1,55,30,10,4,56,5,1,2
2025872,686,2,223,140,57,21,5,-0.00601,0.02371,0.5932,4711,0,0,0,0,0,0,320,1364,364,16,10,4,1,78,45,10,3,46,2,7,1
2033813,687,2,188,126,38,19,5,-0.00462,0.01814,0.6091,4874,0,0,0,0,0,0,356,1349,343,11,13,6,1,69,21,8,4,46,4,5,0
2041673,688,2,209,133,49,25,2,-0.0049,0.02317,0.5742,4667,0,0,0,0,0,0,344,1372,332,12,14,5,1,81,30,15,1,40,5,5,0
2049634,689,2,167,107,36,14,10,-0.0071,0.01446,0.5871,4656,0,0,0,0,0,0,404,1302,342,12,7,9,2,51,26,5,7,44,3,0,1
2057559,690,2,193,118,46,21,8,-0.00768,0.02136,0.5741,4393,0,0,0,0,0,0,343,1368,337,15,8,4,2,55,30,11,6,48,8,6,0
2065453,691,2,193,110,44,31,8,-0.00824,0.01981,0.5004,4586,0,0,0,0,0,0,349,1483,216,18,8,11,2,52,33,16,6,40,3,4,0
2073373,692,2,181,107,46,26,2,-0.00318,0.02109,0.5371,4780,0,0,0,0,0,0,391,1305,352,15,11,8,0,47,29,8,1,45,6,10,1
2081270,693,2,196,124,43,20,9,-0.00303,0.02205,0.5165,4593,0,0,0,0,0,0,372,1333,343,18,11,4,2,54,25,10,7,52,7,6,0
2089170,694,2,194,108,59,22,5,-0.00214,0.02236,0.5211,4635,0,0,0,0,0,0,412,1309,327,16,16,10,1,43,32,10,4,49,11,2,0
2097055,695,2,204,131,43,25,5,-0.00478,0.02349,0.5075,4896,0,0,0,0,0,0,420,1313,315,19,15,8,1,62,24,11,4,50,4,6,0
2104956,696,2,196,120,46,26,4,-0.00565,0.02081,0.5149,5081,0,0,0,0,0,0,395,1331,322,13,12,9,1,56,28,15,3,51,6,2,0
2112868,697,2,189,119,34,30,6,-0.00425,0.02141,0.4906,4797,0,0,0,0,0,0,296,1358,394,18,7,4,0,51,22,17,5,50,5,9,1
2120797,698,2,196,119,38,34,5,-0.00315,0.02335,0.4939,5097,0,0,0,0,0,0,382,1339,327,20,10,12,0,46,23,17,5,53,5,5,0
2128717,699,2,188,110,51,21,6,-0.00439,0.01854,0.5266,5231,0,0,0,0,0,0,430,1267,351,17,11,7,2,45,29,10,3,48,11,4,1
2136626,700,2,191,125,47,15,4,-0.00574,0.02107,0.5288,4844,0,0,0,0,0,0,392,1242,414,9,11,1,0,56,32,10,3,60,4,4,1
2144543,701,2,198,118,50,24,6,-0.00497,0.02187,0.5274,4854,0,0,0,0,0,0,421,1305,322,16,9,6,1,50,31,14,5,52,10,4,0
2152479,702,2,167,94,38,29,6,-0.00664,0.01879,0.5331,4470,0,0,0,0,0,0,364,1321,363,6,5,15,1,40,28,11,5,48,5,3,0
2160383,703,2,195,115,51,23,6,-0.00442,0.02038,0.5585,4584,0,0,0,0,0,0,431,1270,347,17,12,10,1,49,30,12,5,49,9,1,0
2168278,704,2,197,115,45,29,8,-0.0039,0.02254,0.536,5020,0,0,0,0,0,0,419,1274,355,10,5,9,3,45,30,14,5,60,10,6,0
2176150,705,2,196,113,49,27,7,-0.00779,0.01848,0.5671,4281,0,0,0,0,0,0,499,1190,359,15,16,12,2,49,30,11,5,49,3,4,0
2184072,706,2,196,119,49,26,2,-0.00468,0.0173,0.6113,4335,0,0,0,0,0,0,501,1140,407,15,18,9,0,43,25,14,2,61,6,3,0
2191941,707,2,211,122,54,29,6,-0.00455,0.02167,0.6034,4688,0,0,0,0,0,0,442,1232,374,9,19,9,1,56,28,11,4,57,7,9,1
2199841,708,2,206,119,56,27,4,-0.0051,0.0218,0.5714,4937,0,0,0,0,0,0,427,1275,346,13,13,10,0,55,33,15,4,51,10,2,0
2207791,709,2,160,100,32,24,4,-0.00324,0.01974,0.6124,4984,0,0,0,0,0,0,434,1248,366,8,9,10,0,52,19,6,4,40,4,8,0
2215722,710,2,177,107,39,23,8,-0.00528,0.02019,0.5827,4779,0,0,0,0,0,0,360,1317,371,8,9,7,1,53,26,10,7,46,4,6,0
2223626,711,2,191,116,45,23,7,-0.00583,0.01925,0.5585,5049,0,0,0,0,0,0,374,1344,330,17,10,9,3,52,29,10,4,47,6,4,0
2231609,712,2,159,101,28,19,11,-0.00449,0.01565,0.5262,5081,0,0,0,0,0,0,405,1257,386,4,8,7,3,48,13,8,8,49,7,4,0
2239497,713,2,210,133,47,25,5,-0.00437,0.0221,0.5874,5106,0,0,0,0,0,0,409,1154,485,16,12,8,1,58,25,13,3,59,10,4,1
2247400,714,2,200,130,44,23,3,-0.00653,0.02245,0.5492,4908,0,0,0,0,0,0,342,1264,442,13,11,8,1,60,26,11,2,57,7,4,0
2255344,715,2,173,99,47,21,6,-0.00551,0.01988,0.6079,4888,0,0,0,0,0,0,406,1262,380,7,13,6,3,49,28,8,2,43,6,7,1
2263258,716,2,185,115,40,21,9,-0.00677,0.02199,0.5783,4892,0,0,0,0,0,0,402,1230,416,9,8,4,1,45,23,13,8,61,9,4,0
2271133,717,2,225,139,56,28,2,-0.00568,0.02493,0.562,5077,0,0,0,0,0,0,379,1272,397,13,13,6,1,64,36,18,1,62,7,4,0
2279058,718,2,194,125,37,27,5,-0.00619,0.02297,0.5692,5230,0,0,0,0,0,0,278,1348,422,9,7,4,2,68,23,17,2,48,7,6,1
2286930,719,2,218,129,62,21,6,-0.00585,0.02374,0.6245,5093,0,0,0,0,0,0,318,1268,462,9,15,4,3,60,31,12,2,60,16,5,1
2294807,720,2,197,123,45,26,3,-0.00387,0.02418,0.6134,4711,0,0,0,0,0,0,312,1171,565,8,9,8,0,46,23,10,3,69,13,8,0
2302714,721,2,179,110,46,18,5,-0.00728,0.01884,0.6515,4959,0,0,0,0,0,0,317,1252,479,11,11,2,0,42,28,13,3,57,7,3,2
2310611,722,2,198,134,36,23,5,-0.00607,0.01951,0.5889,4740,0,0,0,0,0,0,296,1212,540,4,6,5,0,52,20,14,5,78,10,4,0
2318534,723,2,186,120,38,21,7,-0.00616,0.02036,0.6434,5189,0,0,0,0,0,0,292,1245,511,2,3,1,0,41,22,9,5,77,13,11,2
2326417,724,2,200,128,42,26,4,-0.00611,0.0234,0.6586,5397,0,0,0,0,0,0,317,1174,557,15,7,6,2,52,21,11,1,61,14,9,1
2334296,725,2,196,117,45,29,5,-0.00678,0.02062,0.6288,4767,0,0,0,0,0,0,371,1247,430,11,7,9,2,46,26,12,2,60,12,8,1
2342209,726,2,194,122,43,25,4,-0.0063,0.01922,0.6576,4322,0,0,0,0,0,0,309,1214,525,13,6,2,0,40,29,16,4,69,8,7,0
2350123,727,2,195,125,49,16,5,-0.00597,0.01916,0.6255,4321,0,0,0,0,0,0,352,1194,502,9,7,2,0,44,28,7,4,72,14,7,1
2358040,728,2,187,113,44,27,3,-0.00526,0.02295,0.6157,4742,0,0,0,0,0,0,337,1273,438,5,9,4,0,45,25,15,3,63,10,8,0
2365972,729,2,183,106,41,27,9,-0.00555,0.02345,0.6376,4523,0,0,0,0,0,0,355,1234,459,6,12,5,1,38,16,14,7,62,13,8,1
2373877,730,2,195,125,41,24,5,-0.0056,0.02321,0.6296,4669,0,0,0,0,0,0,328,1230,490,10,14,6,1,41,20,6,3,74,7,12,1
2381769,731,2,207,121,56,24,6,-0.00552,0.02242,0.6221,4984,0,0,0,0,0,0,283,1274,491,6,6,4,1,43,33,12,4,72,17,8,1
2389660,732,2,198,133,41,20,4,-0.00528,0.02165,0.6695,4921,0,0,0,0,0,0,341,1106,601,13,8,5,0,43,19,8,4,77,14,7,0
2397570,733,2,188,111,47,22,8,-0.00498,0.02347,0.6075,5042,0,0,0,0,0,0,311,1243,494,9,7,1,2,37,27,13,5,65,13,8,1
2405460,734,2,196,121,45,27,3,-0.00553,0.01928,0.6367,4725,0,0,0,0,0,0,356,1174,518,10,9,9,0,47,22,11,3,64,14,7,0
2413384,735,2,181,123,33,17,8,-0.00728,0.01998,0.6536,4785,0,0,0,0,0,0,332,1130,586,8,5,3,1,41,18,7,5,74,10,7,2
2421303,736,2,194,118,53,16,7,-0.00428,0.01946,0.6178,4792,0,0,0,0,0,0,332,1176,540,7,12,3,0,38,25,6,6,73,16,7,1
2429243,737,2,178,114,37,22,5,-0.00495,0.02235,0.6566,4794,0,0,0,0,0,0,387,1123,538,6,5,6,1,34,19,3,3,74,13,13,1
2437093,738,2,218,130,59,24,5,-0.0055,0.0218,0.6203,4781,0,0,0,0,0,0,376,1181,491,11,13,6,1,49,37,11,3,70,9,7,1
2444971,739,2,205,121,58,22,4,-0.00586,0.02472,0.654,4555,0,0,0,0,0,0,381,1114,553,7,16,0,1,44,27,13,3,70,15,9,0
2452907,740,2,186,117,43,19,7,-0.00638,0.01777,0.6319,4678,0,0,0,0,0,0,345,1198,505,5,9,6,2,41,23,9,4,71,11,4,1
2460823,741,2,173,113,37,20,3,-0.00599,0.01882,0.6488,4991,0,0,0,0,0,0,346,1163,539,6,9,6,1,40,18,9,2,67,10,5,0
2468740,742,2,189,110,42,28,9,-0.0052,0.01992,0.6532,4729,0,0,0,0,0,0,339,1137,572,7,12,3,2,44,23,20,4,59,7,5,3
2476653,743,2,185,95,57,27,6,-0.00448,0.01685,0.6659,4689,0,0,0,0,0,0,378,1189,481,3,19,2,2,46,28,16,3,46,10,9,1
2484585,744,2,188,121,39,25,3,-0.00661,0.02311,0.6544,4755,0,0,0,0,0,0,298,1260,490,2,10,4,0,50,20,14,3,69,9,7,0
2492516,745,2,172,98,32,31,11,-0.00592,0.01974,0.6849,5059,0,0,0,0,0,0,339,1145,564,4,5,6,3,34,16,18,5,60,11,7,3
2500421,746,2,179,107,42,21,9,-0.00701,0.01789,0.6226,4601,0,0,0,0,0,0,299,1293,456,3,11,2,4,48,20,14,5,56,11,5,0
2508372,747,2,166,97,36,24,9,-0.00517,0.02008,0.6538,4903,0,0,0,0,0,0,311,1228,509,4,10,2,0,54,16,16,5,39,10,6,4
2516295,748,2,197,128,44,19,6,-0.00806,0.02095,0.63,4658,0,0,0,0,0,0,314,1173,561,6,12,2,0,53,17,11,6,69,15,6,0
2524170,749,2,213,125,56,29,3,-0.00533,0.02222,0.641,4713,0,0,0,0,0,0,329,1128,591,10,10,2,1,46,29,17,1,69,17,10,1
2532072,750,2,194,117,43,30,4,-0.00714,0.02054,0.588,4549,0,0,0,0,0,0,288,1303,457,7,11,6,0,47,23,17,4,63,9,7,0
2540003,751,2,183,118,39,17,9,-0.00693,0.0176,0.614,4288,0,0,0,0,0,0,284,1172,592,5,9,4,2,45,23,10,3,68,7,3,4
2547904,752,2,190,111,58,16,5,-0.00572,0.0203,0.6475,4563,0,0,0,0,0,0,291,1258,499,5,14,0,0,52,31,8,4,54,13,8,1
2555841,753,2,188,117,40,28,3,-0.00789,0.02318,0.6936,4521,0,0,0,0,0,0,386,1130,532,12,8,1,1,49,21,16,2,56,11,11,0
2563746,754,2,180,115,38,21,6,-0.00556,0.0218,0.6731,4683,0,0,0,0,0,0,367,1182,499,9,5,4,2,56,26,9,3,50,7,8,1
2571640,755,2,200,132,44,19,5,-0.00401,0.02101,0.61,4128,0,0,0,0,0,0,311,1152,585,4,11,4,0,59,21,7,5,69,12,8,0
2579551,756,2,186,117,44,20,5,-0.00633,0.02132,0.6772,4170,0,0,0,0,0,0,376,1140,532,6,13,4,1,46,19,9,4,65,12,7,0
2587490,757,2,168,105,42,14,7,-0.00403,0.02024,0.7018,4384,0,0,0,0,0,0,429,1127,492,3,6,1,4,53,27,9,2,49,9,4,1
2595457,758,2,157,115,21,12,9,-0.00635,0.01676,0.6954,4814,0,0,0,0,0,0,345,1266,437,5,5,2,0,65,15,7,9,45,1,3,0
2603366,759,2,185,108,48,24,5,-0.00723,0.01831,0.6716,4711,0,0,0,0,0,0,400,1139,509,6,14,3,3,47,21,14,2,55,13,7,0
2611279,760,2,199,125,43,24,7,-0.00733,0.01881,0.7108,4897,0,0,0,0,0,0,425,1092,531,9,9,4,2,49,26,15,4,67,8,5,1
2619164,761,2,194,120,47,24,3,-0.00612,0.02336,0.7284,4784,0,0,0,0,0,0,428,1028,592,4,13,3,0,41,23,15,2,75,11,6,1
2627070,762,2,195,113,51,28,3,-0.00709,0.02473,0.726,4810,0,0,0,0,0,0,404,1108,536,8,11,8,1,35,23,10,2,70,17,10,0
2634961,763,2,193,136,33,19,5,-0.00544,0.02231,0.7048,4526,0,0,0,0,0,0,451,1011,586,14,15,3,0,48,14,12,3,74,4,4,2
2642855,764,2,195,127,40,25,3,-0.00664,0.02198,0.7174,4678,0,0,0,0,0,0,465,1004,579,11,13,4,0,46,16,16,1,70,11,5,2
2650732,765,2,230,147,49,33,1,-0.00584,0.02421,0.7127,5078,0,0,0,0,0,0,484,996,568,13,16,8,1,52,17,17,0,82,16,8,0
2658637,766,2,208,128,50,27,3,-0.00462,0.01941,0.7199,4817,0,0,0,0,0,0,433,1033,582,7,14,6,1,42,22,16,2,79,14,5,0
2666588,767,2,174,98,45,23,8,-0.00698,0.01922,0.6804,4719,0,0,0,0,0,0,380,1138,530,9,14,7,0,41,23,9,6,48,8,7,2
2674476,768,2,210,129,49,30,2,-0.00767,0.02112,0.687,4447,0,0,0,0,0,0,368,1034,646,7,10,5,0,51,30,15,1,71,9,10,1
2682363,769,2,191,113,47,23,8,-0.00476,0.02004,0.6272,4750,0,0,0,0,0,0,303,1215,530,7,11,4,1,57,23,8,5,49,13,11,2
2690289,770,2,183,115,47,15,6,-0.00652,0.01783,0.6967,4634,0,0,0,0,0,0,396,1144,508,3,11,1,1,52,22,10,5,60,14,4,0
2698201,771,2,189,123,36,26,4,-0.00681,0.0189,0.7063,5018,0,0,0,0,0,0,354,1109,585,5,10,4,1,56,16,10,3,62,10,12,0
2706104,772,2,188,105,60,19,4,-0.00627,0.01943,0.7018,4639,0,0,0,0,0,0,365,1238,445,9,13,3,1,49,34,12,3,47,13,4,0
2713996,773,2,195,128,45,15,7,-0.00656,0.02224,0.7689,4551,0,0,0,0,0,0,438,1145,465,15,13,1,2,63,19,12,3,50,13,2,2
2721872,774,2,206,124,49,29,4,-0.00504,0.02067,0.7454,4124,0,0,0,0,0,0,480,1177,391,7,18,6,1,55,25,18,3,62,6,5,0
2729832,775,2,167,101,35,22,9,-0.00404,0.01684,0.7357,4508,0,0,0,0,0,0,557,1091,400,15,12,4,3,38,15,13,3,48,8,5,3
2737783,776,2,172,111,27,25,9,-0.00668,0.01882,0.7776,4823,0,0,0,0,0,0,542,1058,448,14,4,9,3,45,17,11,5,52,6,5,1
2745686,777,2,201,121,44,28,8,-0.00705,0.02209,0.7741,4698,0,0,0,0,0,0,536,1041,471,21,16,7,1,54,23,16,4,46,5,5,3
2753619,778,2,184,106,45,26,7,-0.00713,0.02104,0.7178,4529,0,0,0,0,0,0,405,1237,406,10,9,5,3,50,25,13,3,46,11,8,1
2761477,779,2,213,133,52,23,5,-0.00628,0.02297,0.7798,4393,0,0,0,0,0,0,427,1141,480,15,14,3,0,56,27,12,4,62,11,8,1
2769380,780,2,194,119,46,25,4,-0.00534,0.02081,0.7618,4891,0,0,0,0,0,0,518,1089,441,16,20,5,1,57,19,13,2,46,7,7,1
2777270,781,2,206,144,41,16,5,-0.0066,0.01822,0.7788,4564,0,0,0,0,0,0,468,1058,522,13,16,4,1,63,17,9,3,68,8,3,1
2785179,782,2,190,120,41,25,4,-0.00672,0.0205,0.7679,4575,0,0,0,0,0,0,347,1187,514,6,6,6,1,57,25,13,2,57,10,6,1
2793057,783,2,210,133,46,25,6,-0.00693,0.02156,0.7319,4410,0,0,0,0,0,0,402,1212,434,10,15,6,2,66,21,13,2,57,10,6,2
2800964,784,2,212,131,53,25,3,-0.00683,0.02243,0.7085,4621,0,0,0,0,0,0,354,1222,472,8,12,2,0,58,31,17,2,65,10,6,1
2808915,785,2,183,111,45,22,5,-0.00478,0.02161,0.7269,4681,0,0,0,0,0,0,364,1227,457,16,9,4,0,48,30,12,2,47,6,6,3
2816837,786,2,185,115,41,23,6,-0.00828,0.01975,0.7295,4780,0,0,0,0,0,0,356,1170,522,10,10,2,3,50,22,16,3,55,9,5,0
2824745,787,2,204,123,48,29,4,-0.00708,0.02165,0.6979,4347,0,0,0,0,0,0,404,1208,436,15,14,7,1,56,24,15,3,52,10,7,0
2832664,788,2,190,109,49,24,8,-0.00676,0.01786,0.7111,4457,0,0,0,0,0,0,341,1242,465,9,9,4,0,48,33,13,8,52,7,7,0
2840595,789,2,168,110,34,17,7,-0.00623,0.01843,0.6076,4351,0,0,0,0,0,0,320,1347,381,5,8,6,1,64,17,9,6,41,9,2,0
2848497,790,2,197,115,49,28,5,-0.0076,0.02075,0.6328,4425,0,0,0,0,0,0,350,1238,460,7,14,3,2,53,29,13,2,55,6,12,1
2856360,791,2,200,125,51,20,4,-0.00547,0.02084,0.6633,4844,0,0,0,0,0,0,299,1277,472,6,18,2,2,60,24,12,1,59,9,6,1
2864241,792,2,207,129,47,25,6,-0.00561,0.02146,0.61,4880,0,0,0,0,0,0,261,1298,489,8,11,3,0,64,28,16,6,57,8,6,0
2872138,793,2,202,126,48,23,5,-0.00663,0.02,0.6775,4965,0,0,0,0,0,0,321,1178,549,6,9,3,1,59,27,14,2,61,12,6,2
2880028,794,2,193,114,49,23,7,-0.00476,0.01903,0.6281,4647,0,0,0,0,0,0,279,1234,535,7,14,2,2,45,30,8,5,62,5,13,0
2887885,795,2,214,125,60,25,4,-0.00647,0.02191,0.7001,4577,0,0,0,0,0,0,323,1031,694,11,13,3,0,53,34,16,1,61,13,6,3
2895825,796,2,183,115,42,21,5,-0.00619,0.01881,0.6493,4549,0,0,0,0,0,0,273,1250,525,4,10,2,2,58,23,11,2,53,9,8,1
2903741,797,2,181,117,38,20,6,-0.00565,0.01896,0.6266,4581,0,0,0,0,0,0,279,1322,447,5,6,1,0,58,24,16,5,54,8,3,1
2911652,798,2,186,110,45,24,7,-0.00447,0.01685,0.6399,4930,0,0,0,0,0,0,322,1242,484,2,10,2,1,57,28,13,5,51,7,9,1
2919507,799,2,201,130,43,27,1,-0.00426,0.02571,0.6612,4681,0,0,0,0,0,0,307,1117,624,8,7,2,0,65,22,14,1,57,14,11,0
2927414,800,2,196,122,38,32,4,-0.00477,0.02097,0.6791,4827,0,0,0,0,0,0,385,1152,511,11,9,9,1,58,21,19,2,53,8,4,1
2935354,801,2,188,130,30,24,4,-0.00583,0.02067,0.6232,4411,0,0,0,0,0,0,330,1173,545,6,10,7,1,56,14,11,3,68,6,6,0
2943260,802,2,182,114,39,24,5,-0.00671,0.01911,0.632,4786,0,0,0,0,0,0,300,1195,553,3,8,4,0,44,19,16,4,67,12,4,1
2951189,803,2,182,115,39,25,3,-0.00713,0.02113,0.6033,4955,0,0,0,0,0,0,323,1290,435,4,9,3,1,54,24,12,2,57,6,10,0
2959098,804,2,204,121,52,22,9,-0.00332,0.02218,0.5894,4436,0,0,0,0,0,0,271,1261,516,9,11,0,0,52,29,13,7,60,12,9,2
2966989,805,2,188,113,41,30,4,-0.00622,0.02087,0.6674,4723,0,0,0,0,0,0,412,1164,472,4,13,7,1,52,17,11,2,57,11,12,1
2974937,806,2,183,103,51,22,7,-0.00549,0.0179,0.6697,4832,0,0,0,0,0,0,414,1128,506,5,9,4,4,44,31,10,3,54,11,8,0
2982814,807,2,207,131,41,29,6,-0.00475,0.02247,0.6872,4658,0,0,0,0,0,0,482,1087,479,6,11,6,2,57,23,15,3,68,7,8,1
2990725,808,2,189,114,48,20,7,-0.00654,0.0213,0.6995,4611,0,0,0,0,0,0,497,1105,446,8,11,5,2,51,23,9,5,55,14,6,0
2998618,809,2,202,136,43,18,5,-0.00838,0.01935,0.6335,4180,0,0,0,0,0,0,324,1267,457,10,11,4,1,64,25,11,4,62,7,3,0
3006542,810,2,186,115,40,24,7,-0.00634,0.01927,0.6635,4341,0,0,0,0,0,0,434,1193,421,5,9,4,1,53,24,15,5,57,7,5,1
3014450,811,2,190,118,45,19,8,-0.00563,0.02032,0.6202,4834,0,0,0,0,0,0,382,1244,422,8,10,2,1,55,27,5,6,55,8,12,1
3022315,812,2,210,125,60,23,2,-0.00584,0.02176,0.6204,4865,0,0,0,0,0,0,389,1212,447,13,13,3,0,56,33,13,2,56,14,7,0
3030195,813,2,219,144,45,27,3,-0.00481,0.02408,0.6127,4688,0,0,0,0,0,0,409,1161,478,11,10,4,1,64,29,16,0,69,6,7,2
3038109,814,2,194,115,44,27,8,-0.00641,0.02053,0.6458,4654,0,0,0,0,0,0,454,1176,418,11,12,5,2,53,24,9,5,51,8,13,1
3045974,815,2,199,123,44,25,7,-0.00475,0.02041,0.6473,4882,0,0,0,0,0,0,414,1090,544,9,10,2,0,48,25,19,5,66,9,4,2
3053903,816,2,183,115,51,14,3,-0.00796,0.01859,0.6583,4903,0,0,0,0,0,0,418,1115,515,11,10,5,2,55,25,6,1,49,16,3,0
3061800,817,2,201,126,47,26,2,-0.0081,0.01924,0.629,4976,0,0,0,0,0,0,383,1146,519,7,3,3,1,55,26,20,0,64,18,3,1
3069709,818,2,199,132,33,29,5,-0.00694,0.02425,0.6609,5138,0,0,0,0,0,0,369,1209,470,7,8,6,0,67,21,17,5,58,4,6,0
3077625,819,2,183,117,43,18,5,-0.00574,0.02089,0.6549,4857,0,0,0,0,0,0,385,1181,482,5,10,3,1,55,26,7,2,57,7,8,2
3085508,820,2,199,131,39,27,2,-0.0101,0.02133,0.6257,4639,0,0,0,0,0,0,346,1242,460,5,7,4,0,66,27,20,1,60,5,3,1
3093458,821,2,179,109,42,19,9,-0.00596,0.01844,0.5704,4567,0,0,0,0,0,0,303,1281,464,8,8,5,0,55,27,9,7,46,7,5,2
3101385,822,2,172,99,41,24,8,-0.00454,0.01767,0.5794,5015,0,0,0,0,0,0,374,1236,438,8,14,8,1,48,21,12,6,43,6,4,1
3109260,823,2,199,124,40,29,6,-0.0064,0.02292,0.6465,4689,0,0,0,0,0,0,411,1139,498,6,8,1,2,59,26,19,3,59,6,9,1
3117255,824,2,154,99,30,17,8,-0.00607,0.01659,0.7077,4897,0,0,0,0,0,0,470,983,595,8,5,0,0,47,16,12,5,44,9,5,3
3125182,825,2,189,117,40,27,5,-0.00666,0.02254,0.6194,4593,0,0,0,0,0,0,421,1168,459,7,13,5,0,60,18,13,4,50,9,9,1
3133073,826,2,198,121,43,27,7,-0.0051,0.02073,0.6198,4724,0,0,0,0,0,0,434,1102,512,12,9,5,0,56,20,15,5,53,14,7,2
3141021,827,2,188,102,47,32,7,-0.00751,0.02317,0.6192,4705,0,0,0,0,0,0,519,1093,436,4,13,7,3,48,25,17,3,50,9,8,1
3148920,828,2,196,115,50,25,6,-0.00586,0.01988,0.5738,4660,0,0,0,0,0,0,486,1052,510,7,19,10,0,50,25,8,3,58,6,7,3
3156791,829,2,217,145,41,26,5,-0.00639,0.01977,0.6309,4465,0,0,0,0,0,0,423,1054,571,9,15,4,2,71,17,14,2,65,9,8,1
3164675,830,2,202,112,55,31,4,-0.00652,0.02036,0.5944,3292,0,0,0,0,0,0,468,1171,409,14,12,10,0,60,34,15,4,38,9,6,0
3172621,831,2,165,94,43,16,12,-0.00644,0.01583,0.5916,4724,0,0,0,0,0,0,392,1220,436,4,7,4,1,44,32,4,10,46,4,8,1
3180566,832,2,175,117,25,23,10,-0.00871,0.02203,0.6735,4640,0,0,0,0,0,0,463,1089,496,8,9,5,2,60,12,11,7,49,4,7,1
3188459,833,2,200,114,55,26,5,-0.00806,0.01859,0.5973,4590,0,0,0,0,0,0,483,1069,496,10,18,5,1,56,25,16,2,48,12,5,2
3196356,834,2,203,124,44,29,6,-0.00458,0.0222,0.5707,4467,0,0,0,0,0,0,423,1101,524,8,7,2,3,53,23,16,3,63,14,11,0
3204287,835,2,187,116,45,20,6,-0.00611,0.02065,0.5961,4920,0,0,0,0,0,0,460,1063,525,6,17,5,3,67,23,9,2,43,5,6,1
3212160,836,2,209,117,56,32,4,-0.00748,0.02203,0.6052,4756,0,0,0,0,0,0,505,964,579,5,15,5,2,63,32,15,0,49,9,12,2
3220062,837,2,198,119,43,30,6,-0.00555,0.02224,0.5654,5031,0,0,0,0,0,0,443,1077,528,6,17,6,1,49,18,18,5,64,8,6,0
3227977,838,2,196,130,41,18,7,-0.00687,0.01787,0.5792,4876,0,0,0,0,0,0,475,1080,493,0,10,6,2,67,25,6,3,63,6,6,2
3235909,839,2,185,119,34,26,6,-0.00602,0.01873,0.5878,4924,0,0,0,0,0,0,491,1025,532,1,11,3,2,61,14,18,4,57,9,5,0
3243805,840,2,198,120,45,28,5,-0.00634,0.02171,0.5819,4742,0,0,0,0,0,0,420,1128,500,7,13,4,1,65,21,20,3,48,11,4,1
3251753,841,2,191,121,44,18,8,-0.00547,0.01855,0.572,4857,0,0,0,0,0,0,460,1147,441,3,13,2,3,60,23,11,5,58,8,5,0
3259681,842,2,174,102,40,24,8,-0.00619,0.0176,0.5475,4599,0,0,0,0,0,0,513,1074,461,6,12,6,3,49,24,10,4,47,4,8,1
3267570,843,2,201,129,48,18,6,-0.00711,0.01987,0.4968,4544,0,0,0,0,0,0,433,1111,504,5,8,3,1,64,25,11,5,60,15,4,0
3275451,844,2,204,122,52,26,4,-0.00512,0.02301,0.5138,4320,0,0,0,0,0,0,406,1097,545,6,11,1,1,62,31,16,2,54,10,9,1
3283356,845,2,191,106,53,24,8,-0.00546,0.01825,0.5436,4629,0,0,0,0,0,0,490,1063,495,8,11,6,1,44,30,10,6,54,12,8,1
3291231,846,2,211,132,46,29,4,-0.00538,0.02365,0.5568,4509,0,0,0,0,0,0,519,1118,411,8,19,3,0,73,22,17,3,51,5,9,1
3299103,847,2,204,121,55,24,4,-0.00557,0.02061,0.6027,4955,0,0,0,0,0,0,600,983,465,5,14,5,3,56,28,14,1,60,13,5,0
3306978,848,2,210,133,53,21,3,-0.00457,0.02261,0.5938,4634,0,0,0,0,0,0,587,1021,440,8,17,7,2,76,26,11,1,49,10,3,0
3314854,849,2,196,123,43,27,3,-0.00464,0.02386,0.5629,4610,0,0,0,0,0,0,540,1118,390,8,12,5,1,69,21,17,2,46,10,5,0
3322760,850,2,201,110,54,31,6,-0.00424,0.02214,0.5518,4765,0,0,0,0,0,0,546,1053,449,9,16,7,3,55,28,16,3,46,10,8,0
3330666,851,2,199,114,55,28,2,-0.00559,0.02289,0.4875,4445,0,0,0,0,0,0,405,1311,332,8,15,5,0,68,31,16,2,38,9,7,0
3338559,852,2,198,128,43,23,4,-0.00582,0.02,0.5834,4507,0,0,0,0,0,0,552,1053,443,10,11,5,1,72,26,15,1,46,6,3,2
3346437,853,2,207,128,45,29,5,-0.0086,0.02348,0.5048,4497,0,0,0,0,0,0,479,1150,419,7,10,7,0,69,28,17,5,52,7,5,0
3354321,854,2,209,129,48,29,3,-0.00683,0.02118,0.5884,4834,0,0,0,0,0,0,522,1087,439,10,15,10,1,67,27,15,1,52,6,4,1
3362206,855,2,204,132,41,25,6,-0.00505,0.02074,0.5415,5012,0,0,0,0,0,0,609,1087,352,15,11,5,2,73,20,15,4,44,10,5,0
3370073,856,2,211,137,53,15,6,-0.00385,0.01817,0.5334,4739,0,0,0,0,0,0,506,1114,428,6,17,3,1,76,29,10,4,55,7,2,1
3377957,857,2,205,114,58,27,6,-0.00528,0.02351,0.5173,5499,0,0,0,0,0,0,466,1190,392,6,16,3,1,73,34,15,3,35,8,9,2
3385840,858,2,197,122,40,29,6,-0.00676,0.02099,0.5543,5059,0,0,0,0,0,0,594,1102,352,12,5,5,2,66,30,19,2,44,5,5,2
3393707,859,2,217,134,51,28,4,-0.00816,0.02314,0.6065,5210,0,0,0,0,0,0,541,1079,428,8,22,6,1,84,23,14,2,42,6,8,1
3401605,860,2,197,121,43,25,8,-0.00588,0.02192,0.5808,5339,0,0,0,0,0,0,458,1164,426,9,15,4,0,74,18,13,7,38,10,8,1
3409481,861,2,212,131,53,24,4,-0.00647,0.02016,0.5236,5081,0,0,0,0,0,0,546,1092,410,17,13,5,1,65,33,13,2,49,7,6,1
3417406,862,2,190,111,42,32,5,-0.006,0.0218,0.5706,5044,0,0,0,0,0,0,622,1014,412,17,16,5,1,55,23,22,3,39,3,5,1
3425292,863,2,203,115,56,28,4,-0.00672,0.0212,0.5591,5033,0,0,0,0,0,0,580,1100,368,8,10,5,1,61,36,17,3,46,10,6,0
3433165,864,2,202,136,37,25,4,-0.00674,0.02346,0.5441,4846,0,0,0,0,0,0,508,1180,360,9,11,4,2,83,23,16,1,44,3,5,1
3441000,865,2,233,140,61,27,5,-0.00785,0.02301,0.5384,4907,0,0,0,0,0,0,506,1079,463,11,21,8,1,71,27,13,3,58,13,6,1
3448931,866,2,174,107,37,22,8,-0.00671,0.02017,0.5961,5117,0,0,0,0,0,0,559,1113,376,9,12,6,3,52,21,12,5,46,4,4,0
3456857,867,2,172,115,39,12,6,-0.0069,0.01825,0.5374,5136,0,0,0,0,0,0,416,1328,304,14,12,1,2,65,21,8,4,36,6,3,0
3464830,868,2,167,99,46,14,8,-0.00596,0.01351,0.5524,4930,0,0,0,0,0,0,564,1229,255,14,15,6,2,48,24,7,6,37,7,1,0
3472721,869,2,185,107,44,29,5,-0.00738,0.02389,0.5639,4903,0,0,0,0,0,0,514,1133,401,10,13,8,1,54,22,14,4,43,9,7,0
3480663,870,2,174,105,38,22,9,-0.00812,0.02036,0.5841,5071,0,0,0,0,0,0,462,1192,394,7,7,4,6,59,22,15,3,39,9,3,0
3488599,871,2,183,120,30,24,9,-0.00425,0.02013,0.5512,4380,0,0,0,0,0,0,498,1163,387,8,7,4,1,65,22,14,5,47,1,6,3
3496518,872,2,181,108,45,22,6,-0.00627,0.02023,0.5499,5145,0,0,0,0,0,0,469,1235,344,11,15,6,1,56,26,12,4,41,4,4,1
3504425,873,2,197,116,53,21,7,-0.00834,0.02029,0.5877,4858,0,0,0,0,0,0,573,1129,346,10,23,3,2,66,25,15,3,40,5,3,2
3512324,874,2,181,111,41,22,7,-0.00795,0.01973,0.5203,5007,0,0,0,0,0,0,522,1197,329,8,20,5,2,61,14,11,5,42,7,6,0
3520237,875,2,193,117,46,20,10,-0.00598,0.01867,0.6007,5184,0,0,0,0,0,0,559,1074,415,9,15,1,5,64,23,15,3,44,8,4,2
3528171,876,2,193,109,52,25,7,-0.00675,0.02033,0.6245,4728,0,0,0,0,0,0,561,1150,337,14,13,3,0,64,35,17,6,31,4,5,1
3536107,877,2,185,102,50,28,5,-0.0094,0.01809,0.6194,5104,0,0,0,0,0,0,540,1093,415,12,20,7,1,42,22,16,4,48,8,5,0
3544044,878,2,192,108,52,23,9,-0.0078,0.01826,0.6149,5020,0,0,0,0,0,0,537,1136,375,13,24,8,1,47,23,10,8,48,5,5,0
3551895,879,2,215,133,46,33,3,-0.00757,0.02257,0.5982,4287,0,0,0,0,0,0,597,1117,334,14,20,8,0,69,19,18,2,50,7,7,1
3559799,880,2,205,124,46,32,3,-0.0071,0.0226,0.6795,4551,0,0,0,0,0,0,626,1042,380,15,15,10,1,59,29,15,2,50,2,7,0
3567700,881,2,201,122,45,28,6,-0.00688,0.02179,0.6168,4449,0,0,0,0,0,0,445,1197,406,19,9,8,2,58,28,15,4,45,8,5,0
3575608,882,2,198,127,40,25,6,-0.00725,0.02578,0.6651,4817,0,0,0,0,0,0,565,1142,341,20,8,5,2,64,22,15,4,43,10,5,0
3583523,883,2,187,112,38,31,6,-0.00564,0.02391,0.6663,4822,0,0,0,0,0,0,532,1199,317,15,10,4,2,58,22,19,3,39,6,8,1
3591458,884,2,187,117,39,25,6,-0.00864,0.01964,0.6897,5170,0,0,0,0,0,0,568,1096,384,17,18,9,2,49,16,11,3,51,5,5,1
3599366,885,2,193,116,45,24,8,-0.01001,0.0217,0.6132,4950,0,0,0,0,0,0,531,1209,308,17,13,7,1,62,28,14,6,37,4,3,1
3607263,886,2,208,132,47,24,5,-0.00671,0.01973,0.6335,4736,0,0,0,0,0,0,404,1205,439,15,8,6,0,62,27,11,5,55,12,7,0
3615220,887,2,157,97,29,22,9,-0.00654,0.01691,0.6149,5096,0,0,0,0,0,0,451,1210,387,10,7,4,2,43,19,14,6,44,3,4,1
3623115,888,2,206,134,48,21,3,-0.00715,0.01995,0.618,4734,0,0,0,0,0,0,508,1140,400,15,17,5,0,67,25,12,3,52,6,4,0
3630987,889,2,218,122,58,33,5,-0.00695,0.02103,0.6201,5252,0,0,0,0,0,0,492,1106,450,13,16,5,2,53,28,16,2,56,14,12,1
3638896,890,2,174,110,35,23,6,-0.00684,0.01949,0.6421,5212,0,0,0,0,0,0,512,1091,445,13,10,5,1,50,21,11,2,47,4,7,3
3646781,891,2,212,114,61,28,9,-0.00833,0.02141,0.5864,4937,0,0,0,0,0,0,490,1133,425,8,18,9,2,45,34,10,6,61,9,9,1
3654630,892,2,223,129,61,29,4,-0.00564,0.02444,0.5726,4878,0,0,0,0,0,0,508,1003,537,11,19,3,1,54,34,20,1,64,8,6,2
3662559,893,2,184,118,34,25,7,-0.00619,0.02176,0.5513,4762,0,0,0,0,0,0,475,1124,449,13,4,4,3,48,22,9,4,57,8,12,0
3670512,894,2,170,104,33,26,7,-0.0074,0.01747,0.5829,4752,0,0,0,0,0,0,525,1150,373,7,8,6,0,44,21,16,7,53,4,4,0
3678442,895,2,195,128,39,24,4,-0.00634,0.02057,0.5908,4780,0,0,0,0,0,0,439,1131,478,9,9,4,1,66,22,15,3,53,8,5,0
3686276,896,2,219,144,47,27,1,-0.00625,0.0214,0.5862,4539,0,0,0,0,0,0,380,1104,564,10,7,4,0,66,28,11,1,68,12,12,0
3694177,897,2,185,115,38,27,5,-0.0058,0.01928,0.5636,5042,0,0,0,0,0,0,473,1148,427,17,8,5,1,54,25,16,3,44,5,6,1
3702072,898,2,208,134,51,21,2,-0.00738,0.02205,0.56,4813,0,0,0,0,0,0,476,1127,445,14,18,4,0,59,22,10,2,61,11,7,0
3710021,899,2,176,103,45,22,6,-0.00758,0.02104,0.4683,4885,0,0,0,0,0,0,354,1337,357,11,13,5,1,50,26,13,4,42,6,4,1
3717977,900,2,175,117,34,19,5,-0.00795,0.01807,0.6176,4691,0,0,0,0,0,0,417,1162,469,10,10,2,0,53,19,11,3,54,5,6,2
3725881,901,2,193,138,30,22,3,-0.00597,0.02057,0.5685,4885,0,0,0,0,0,0,441,1116,491,9,4,3,0,70,20,9,2,59,6,10,1
3733763,902,2,192,126,38,22,6,-0.00626,0.01869,0.578,4944,0,0,0,0,0,0,470,1083,495,4,10,2,2,62,23,16,2,60,5,4,2
3741693,903,2,186,110,47,22,7,-0.00634,0.01782,0.6152,5077,0,0,0,0,0,0,470,1100,478,10,12,3,2,50,27,15,5,50,8,4,0
3749595,904,2,191,117,40,30,4,-0.00804,0.02071,0.5664,4980,0,0,0,0,0,0,505,1137,406,9,8,7,0,47,26,18,2,61,6,5,2
3757521,905,2,193,113,46,25,9,-0.00602,0.02091,0.5323,4713,0,0,0,0,0,0,420,1181,447,12,10,5,0,49,30,9,9,52,6,11,0
3765415,906,2,192,119,45,23,5,-0.00758,0.01844,0.5274,4646,0,0,0,0,0,0,401,1263,384,9,10,6,1,66,28,12,4,44,7,5,0
3773290,907,2,201,125,48,21,7,-0.00885,0.02375,0.6053,4620,0,0,0,0,0,0,467,1093,488,11,12,4,0,53,26,8,5,61,10,9,2
3781206,908,2,182,114,43,20,5,-0.00666,0.02279,0.5503,4400,0,0,0,0,0,0,397,1212,439,7,6,1,3,54,24,11,2,53,13,8,0
3789083,909,2,197,126,39,26,6,-0.00981,0.01989,0.5631,4772,0,0,0,0,0,0,462,1211,375,12,9,5,2,63,20,16,2,51,10,5,2
3796970,910,2,221,140,53,23,5,-0.00713,0.0216,0.57,4826,0,0,0,0,0,0,386,1200,462,8,16,8,0,74,27,12,5,58,10,3,0
3804862,911,2,201,123,39,34,5,-0.00573,0.02292,0.6239,5192,0,0,0,0,0,0,478,1130,440,11,10,5,0,63,22,19,5,49,7,10,0
3812780,912,2,176,97,44,28,7,-0.00678,0.02102,0.6176,5103,0,0,0,0,0,0,392,1230,426,6,7,5,1,48,29,20,5,43,8,3,1
3820658,913,2,205,108,53,38,6,-0.00596,0.02261,0.6256,4740,0,0,0,0,0,0,428,1138,482,9,15,10,3,50,28,15,2,49,10,13,1
3828611,914,2,187,102,50,28,7,-0.00683,0.01892,0.6157,4689,0,0,0,0,0,0,356,1246,446,7,11,4,1,43,33,20,3,52,6,4,3
3836549,915,2,180,127,25,25,3,-0.00775,0.02007,0.6146,4880,0,0,0,0,0,0,377,1159,512,10,5,5,1,72,15,9,2,45,5,11,0
3844422,916,2,207,133,51,22,1,-0.00545,0.01721,0.6538,4913,0,0,0,0,0,0,378,1239,431,12,12,4,0,73,29,14,0,48,10,4,1
3852331,917,2,200,122,46,31,1,-0.00641,0.02449,0.6669,5138,0,0,0,0,0,0,445,1184,419,14,15,6,0,61,22,16,1,47,9,9,0
3860216,918,2,200,113,54,28,5,-0.00803,0.02098,0.6363,4387,0,0,0,0,0,0,368,1251,429,7,9,6,1,57,37,18,4,49,8,4,0
3868098,919,2,214,132,54,25,3,-0.00856,0.02069,0.6621,4796,0,0,0,0,0,0,474,1141,433,11,12,7,2,63,32,16,1,58,10,2,0
3875989,920,2,191,124,44,17,6,-0.00552,0.01829,0.6436,5190,0,0,0,0,0,0,429,1186,433,5,12,4,3,54,25,10,3,65,7,3,0
3883878,921,2,195,125,39,27,4,-0.00742,0.02043,0.6136,5234,0,0,0,0,0,0,364,1182,502,7,8,5,2,52,24,16,1,66,7,6,1
3891732,922,2,218,134,48,34,2,-0.00902,0.02445,0.6196,5338,0,0,0,0,0,0,413,1075,560,11,15,8,2,69,24,18,0,54,9,8,0
3899621,923,2,199,114,51,27,7,-0.00783,0.02077,0.6131,5000,0,0,0,0,0,0,426,1141,481,7,16,2,0,57,27,17,4,50,8,8,3
3907539,924,2,182,110,41,24,7,-0.00635,0.01704,0.5644,4940,0,0,0,0,0,0,413,1173,462,9,8,3,2,52,21,17,3,49,12,4,2
3915446,925,2,188,113,43,26,6,-0.00679,0.02196,0.5843,5227,0,0,0,0,0,0,501,1225,322,11,11,5,3,63,22,15,2,39,10,6,1
3923340,926,2,193,115,48,24,6,-0.00657,0.02048,0.6201,5069,0,0,0,0,0,0,509,1175,364,13,10,3,1,63,28,17,5,39,10,4,0
3931266,927,2,194,123,43,20,8,-0.00583,0.02141,0.5937,4897,0,0,0,0,0,0,367,1201,480,14,10,4,0,65,29,9,7,44,4,7,1
3939192,928,2,190,109,51,22,8,-0.0069,0.02165,0.5593,4953,0,0,0,0,0,0,378,1216,454,10,8,3,2,47,36,15,5,52,7,4,1
3947115,929,2,189,109,41,38,1,-0.00965,0.01919,0.642,5127,0,0,0,0,0,0,526,1091,431,9,8,8,0,46,25,25,1,54,8,5,0
3954998,930,2,187,118,35,30,4,-0.00784,0.02037,0.6184,5136,0,0,0,0,0,0,449,1143,456,3,8,7,0,58,22,15,3,57,5,8,1
3962956,931,2,176,118,34,15,9,-0.00591,0.01883,0.7004,4764,0,0,0,0,0,0,447,1194,407,11,9,3,2,55,19,8,7,52,6,4,0
3970875,932,2,180,103,52,19,6,-0.00507,0.01937,0.6161,4937,0,0,0,0,0,0,439,1192,417,8,16,5,0,42,33,7,4,53,3,7,2
3978775,933,2,191,108,51,24,8,-0.00667,0.02152,0.5942,4498,0,0,0,0,0,0,493,1149,406,9,21,5,2,47,21,18,6,52,9,1,0
3986649,934,2,215,145,40,26,4,-0.00668,0.02347,0.6125,5112,0,0,0,0,0,0,464,1119,465,8,18,3,0,65,18,15,2,72,4,8,2
3994508,935,2,216,139,48,25,4,-0.00776,0.02072,0.5991,5149,0,0,0,0,0,0,459,1149,440,7,12,3,1,63,26,16,3,69,10,6,0
4002432,936,2,195,123,48,18,6,-0.00794,0.01805,0.6104,4870,0,0,0,0,0,0,607,1026,415,8,22,3,2,57,15,11,3,58,11,4,1
4010372,937,2,184,110,47,19,8,-0.00794,0.01952,0.5919,5099,0,0,0,0,0,0,499,1178,371,6,19,3,2,62,20,10,5,42,8,6,1
4018294,938,2,179,114,33,28,4,-0.00565,0.01974,0.5854,5097,0,0,0,0,0,0,487,1169,392,7,13,8,1,53,14,13,2,54,6,7,1
4026192,939,2,203,137,35,25,6,-0.00664,0.02038,0.5585,5074,0,0,0,0,0,0,470,1159,419,12,11,3,1,63,18,16,5,62,6,6,0
4034059,940,2,209,135,43,26,5,-0.00618,0.01954,0.5839,5097,0,0,0,0,0,0,460,1117,471,7,13,6,0,68,24,16,4,60,6,4,1
4042007,941,2,169,111,37,17,4,-0.00492,0.01965,0.5601,4743,0,0,0,0,0,0,424,1304,320,10,14,4,0,66,20,11,3,35,3,2,1
4049910,942,2,193,114,50,23,6,-0.0063,0.01992,0.5407,4733,0,0,0,0,0,0,498,1223,327,10,16,4,3,59,30,15,3,45,4,4,0
4057848,943,2,190,119,42,23,6,-0.00781,0.01897,0.5534,4888,0,0,0,0,0,0,550,1158,340,12,13,4,1,62,25,16,4,45,4,3,1
4065720,944,2,210,137,52,18,3,-0.00486,0.01905,0.5301,4632,0,0,0,0,0,0,465,1229,354,8,12,5,1,73,30,12,2,56,10,1,0
4073685,945,2,169,96,42,23,8,-0.00546,0.01963,0.5367,4999,0,0,0,0,0,0,508,1202,338,7,12,5,2,48,24,12,4,41,6,6,2
4081595,946,2,195,110,52,29,4,-0.00733,0.01948,0.5869,5202,0,0,0,0,0,0,477,1212,359,6,20,4,0,55,29,19,2,49,3,6,2
4089502,947,2,195,106,57,27,5,-0.0059,0.01896,0.5936,4578,0,0,0,0,0,0,491,1208,349,10,16,5,1,51,37,17,4,45,4,5,0
4097410,948,2,198,124,44,27,3,-0.00776,0.02307,0.5841,5025,0,0,0,0,0,0,525,1163,360,14,13,9,1,60,29,14,2,50,2,4,0
4105270,949,2,210,128,60,18,4,-0.00577,0.02181,0.5796,5034,0,0,0,0,0,0,430,1283,335,13,15,3,1,65,35,9,3,50,10,6,0
4113191,950,2,189,115,52,16,6,-0.00535,0.01749,0.588,5246,0,0,0,0,0,0,479,1242,327,10,7,8,1,54,40,7,5,51,5,1,0
4121095,951,2,203,126,44,27,6,-0.00657,0.02628,0.5575,5080,0,0,0,0,0,0,413,1350,285,10,19,5,3,74,20,16,3,42,5,6,0
4128947,952,2,213,135,43,32,3,-0.00623,0.02191,0.551,5157,0,0,0,0,0,0,375,1335,338,15,12,7,0,71,22,19,3,49,9,6,0
4136833,953,2,188,120,33,30,5,-0.00612,0.02099,0.632,5056,0,0,0,0,0,0,481,1228,339,15,10,5,1,66,21,14,3,39,2,11,1
4144691,954,2,221,130,60,28,3,-0.00643,0.02318,0.6225,4941,0,0,0,0,0,0,427,1233,388,11,14,8,0,75,38,16,2,44,8,4,1
4152572,955,2,196,121,41,30,4,-0.00654,0.02027,0.6066,5210,0,0,0,0,0,0,392,1369,287,7,10,9,1,78,26,16,2,36,5,5,1
4160486,956,2,190,121,45,16,8,-0.00723,0.01902,0.6108,4823,0,0,0,0,0,0,389,1300,359,5,9,5,2,78,30,7,5,38,6,4,1
4168404,957,2,184,128,37,14,5,-0.00893,0.01808,0.6607,4742,0,0,0,0,0,0,502,1205,341,10,5,2,1,77,31,7,3,41,1,5,1
4176286,958,2,202,136,42,22,2,-0.0067,0.02048,0.6367,4967,0,0,0,0,0,0,469,1170,409,8,10,5,2,76,24,12,0,52,8,5,0
4184188,959,2,194,127,43,21,3,-0.00493,0.01688,0.6234,4849,0,0,0,0,0,0,418,1305,325,12,10,2,1,66,28,14,2,49,5,5,0
4192117,960,2,197,113,52,28,4,-0.00687,0.0228,0.6259,4667,0,0,0,0,0,0,404,1332,312,6,11,8,0,74,33,17,3,33,8,3,1
4200066,961,2,189,114,45,25,5,-0.00903,0.01997,0.6271,4949,0,0,0,0,0,0,360,1266,422,4,8,6,0,63,29,13,4,47,8,6,1
4207957,962,2,201,131,43,22,5,-0.00574,0.01901,0.6673,4802,0,0,0,0,0,0,519,1139,390,16,12,14,1,71,25,7,4,44,6,1,0
4215890,963,2,169,103,43,16,7,-0.00586,0.0174,0.554,4833,0,0,0,0,0,0,361,1383,304,8,7,2,0,64,28,11,6,31,8,3,1
4223794,964,2,191,116,42,27,6,-0.00743,0.02102,0.5581,4959,0,0,0,0,0,0,357,1353,338,10,16,6,0,68,18,17,4,38,8,4,2
4231711,965,2,189,128,35,21,5,-0.00669,0.019,0.6106,4853,0,0,0,0,0,0,430,1177,441,12,12,5,2,66,17,12,3,50,6,4,0
4239623,966,2,198,119,50,24,5,-0.00681,0.01956,0.5963,5038,0,0,0,0,0,0,423,1270,355,9,10,7,1,58,34,14,4,52,6,3,0
4247488,967,2,221,124,60,33,4,-0.0053,0.02359,0.5592,4951,0,0,0,0,0,0,328,1360,360,6,13,3,0,83,39,21,4,35,8,9,0
4255394,968,2,188,125,39,14,10,-0.00592,0.01812,0.593,4726,0,0,0,0,0,0,351,1334,363,5,7,3,1,81,27,8,7,39,5,3,2
4263302,969,2,205,129,48,24,4,-0.00657,0.02164,0.5768,5069,0,0,0,0,0,0,377,1329,342,3,8,4,1,85,31,14,2,41,9,6,1
4271207,970,2,178,105,44,22,7,-0.00672,0.02006,0.5942,4936,0,0,0,0,0,0,381,1338,329,2,9,2,2,70,32,15,4,33,3,5,1
4279093,971,2,211,126,53,27,5,-0.00753,0.02484,0.5411,4963,0,0,0,0,0,0,392,1308,348,8,12,5,0,80,29,14,4,38,12,8,1
4287007,972,2,196,131,30,33,2,-0.00626,0.02322,0.6135,4942,0,0,0,0,0,0,367,1278,403,10,10,6,0,84,12,21,2,37,8,6,0
4294916,973,2,186,117,42,18,9,-0.00844,0.01577,0.6585,4928,0,0,0,0,0,0,456,1233,359,8,9,2,3,71,25,12,4,38,8,4,2
4302821,974,2,200,122,50,25,3,-0.00437,0.02005,0.597,4758,0,0,0,0,0,0,418,1300,330,7,13,4,0,86,30,17,3,29,7,4,0
4310724,975,2,188,116,35,30,7,-0.00889,0.02152,0.606,5070,0,0,0,0,0,0,471,1268,309,8,9,8,0,80,18,16,6,28,8,6,1
4318614,976,2,192,121,43,24,4,-0.00749,0.02054,0.6582,4902,0,0,0,0,0,0,518,1159,371,11,12,8,0,69,23,10,4,41,8,6,0
4326522,977,2,205,126,49,23,7,-0.01015,0.02039,0.6248,4715,0,0,0,0,0,0,536,1176,336,7,14,7,2,85,31,14,5,34,4,2,0
4334433,978,2,191,128,36,24,3,-0.0055,0.02046,0.6423,4968,0,0,0,0,0,0,493,1168,387,13,12,4,0,89,16,19,2,26,8,1,1
4342323,979,2,204,127,40,34,3,-0.00694,0.02235,0.6245,4800,0,0,0,0,0,0,521,1144,383,11,9,9,2,78,24,19,1,38,7,6,0
4350249,980,2,197,131,34,26,6,-0.00872,0.02025,0.6419,4748,0,0,0,0,0,0,533,1171,344,12,15,9,1,82,16,12,5,37,3,5,0
4358178,981,2,180,109,33,30,8,-0.00764,0.0205,0.6498,4705,0,0,0,0,0,0,578,1012,458,8,9,6,3,71,15,21,3,30,9,3,2
4366092,982,2,183,116,49,14,4,-0.00725,0.01831,0.6179,4802,0,0,0,0,0,0,573,1104,371,8,20,1,1,77,22,9,1,31,7,4,2
4373982,983,2,208,132,45,23,8,-0.00689,0.0234,0.6568,4844,0,0,0,0,0,0,532,1140,376,10,13,4,1,82,25,14,4,40,7,5,3
4381843,984,2,212,125,55,30,2,-0.0081,0.02314,0.605,5234,0,0,0,0,0,0,618,1115,315,12,20,4,0,89,27,20,2,24,8,6,0
4389755,985,2,173,114,25,28,6,-0.00639,0.01922,0.6595,5003,0,0,0,0,0,0,626,1101,321,13,11,9,2,76,11,15,4,25,3,4,0
4397645,986,2,194,130,46,14,4,-0.00765,0.01972,0.6371,5005,0,0,0,0,0,0,558,1180,310,12,14,3,3,101,26,9,0,17,6,2,1
4405585,987,2,182,108,38,27,9,-0.00679,0.01908,0.6618,4940,0,0,0,0,0,0,612,1110,326,10,9,3,5,77,25,20,3,21,4,4,1
4413474,988,2,202,122,56,17,7,-0.00548,0.02187,0.6504,4420,0,0,0,0,0,0,518,1222,308,5,14,1,1,93,36,14,4,24,6,2,2
4421386,989,2,190,119,39,29,3,-0.00854,0.02007,0.6269,5080,0,0,0,0,0,0,599,1147,302,11,12,7,1,88,20,18,2,20,7,4,0
4429323,990,2,178,116,39,18,5,-0.0098,0.02096,0.6622,5369,0,0,0,0,0,0,559,1174,315,9,10,7,2,90,23,9,2,17,6,2,1
4437195,991,2,211,134,45,28,4,-0.00666,0.02154,0.6351,5006,0,0,0,0,0,0,522,1205,321,17,12,5,2,89,26,22,1,28,7,1,1
4445106,992,2,196,116,48,26,6,-0.00648,0.01858,0.6027,4919,0,0,0,0,0,0,562,1192,294,11,17,7,2,84,24,16,4,21,7,3,0
4453008,993,2,191,122,38,27,4,-0.00937,0.0195,0.6769,4662,0,0,0,0,0,0,513,1182,353,16,17,8,2,76,16,16,1,30,5,3,1
4460913,994,2,182,111,47,16,8,-0.00738,0.01984,0.6595,4783,0,0,0,0,0,0,521,1178,349,10,14,3,3,76,24,12,4,25,9,1,1
4468874,995,2,169,102,40,23,4,-0.00691,0.02272,0.6549,4704,0,0,0,0,0,0,501,1201,346,11,8,4,1,66,25,13,2,25,7,6,1
4476813,996,2,176,108,33,27,8,-0.00765,0.01856,0.6569,4720,0,0,0,0,0,0,515,1170,363,13,8,8,4,61,17,15,4,34,8,4,0
4484740,997,2,181,116,27,31,7,-0.00837,0.02196,0.6512,5060,0,0,0,0,0,0,462,1129,457,12,7,13,2,71,15,13,4,33,5,5,1
4492634,998,2,208,131,51,24,2,-0.00797,0.02224,0.6113,4971,0,0,0,0,0,0,582,1070,396,14,16,9,0,87,28,10,2,30,7,5,0
4500546,999,2,189,112,49,24,4,-0.00643,0.01958,0.6053,5044,0,0,0,0,0,0,595,1057,396,15,19,4,1,66,21,15,3,31,9,5,0
4508469,1000,2,189,116,44,26,3,-0.00998,0.0213,0.6311,4612,0,0,0,0,0,0,563,967,518,10,21,9,3,62,14,12,0,44,9,5,0
4516389,1001,2,187,103,49,29,6,-0.008,0.02102,0.6325,5068,0,0,0,0,0,0,548,1074,426,11,11,8,2,59,26,14,3,33,12,7,1
4524262,1002,2,204,129,42,29,4,-0.00575,0.02148,0.5999,5167,0,0,0,0,0,0,552,1109,387,16,12,8,2,79,23,16,2,34,7,5,0
4532213,1003,2,172,99,41,23,9,-0.00679,0.01868,0.6132,5271,0,0,0,0,0,0,680,968,400,12,16,9,1,50,11,9,6,37,14,5,2
4540119,1004,2,202,116,53,27,6,-0.00801,0.01963,0.6573,4736,0,0,0,0,0,0,620,902,526,10,12,14,2,53,24,7,2,53,17,6,2
4548019,1005,2,190,122,45,22,1,-0.00827,0.02262,0.6437,4228,0,0,0,0,0,0,573,1046,429,19,15,10,0,55,21,9,1,48,9,3,0
4555936,1006,2,193,113,44,30,6,-0.00823,0.02161,0.7094,4552,0,0,0,0,0,0,583,927,538,25,14,13,1,42,18,11,4,46,12,6,1
4563846,1007,2,188,107,47,27,7,-0.00697,0.02196,0.6738,5131,0,0,0,0,0,0,569,1003,476,18,11,9,2,62,28,12,4,27,8,6,1
4571791,1008,2,165,91,40,27,7,-0.00527,0.01894,0.6605,4951,0,0,0,0,0,0,599,1024,425,16,18,12,3,45,12,10,3,30,10,5,1
4579741,1009,2,185,109,40,28,8,-0.00803,0.02179,0.6649,5316,0,0,0,0,0,0,618,989,441,20,14,10,2,52,21,14,6,37,5,4,0
4587648,1010,2,200,116,52,29,3,-0.00805,0.02242,0.7203,5131,0,0,0,0,0,0,712,853,483,18,23,9,0,56,22,14,3,42,7,6,0
4595539,1011,2,209,124,53,26,6,-0.00743,0.02233,0.689,5179,0,0,0,0,0,0,531,918,599,14,22,14,1,66,18,7,3,44,13,5,2
4603396,1012,2,210,131,52,25,2,-0.00788,0.02363,0.7527,4937,0,0,0,0,0,0,461,933,654,17,12,11,0,53,28,8,1,61,12,6,1
4611347,1013,2,186,126,34,21,5,-0.00865,0.01996,0.74,4589,0,0,0,0,0,0,547,941,560,17,11,9,2,67,18,8,2,42,5,4,1
4619287,1014,2,196,115,59,19,3,-0.00619,0.0213,0.7403,4617,0,0,0,0,0,0,424,1040,584,17,13,4,1,46,24,6,2,52,22,9,0
4627263,1015,2,172,107,40,19,6,-0.00826,0.01969,0.7282,4689,0,0,0,0,0,0,620,936,492,24,17,6,1,47,13,6,3,36,10,7,2
4635128,1016,2,213,123,54,31,5,-0.01056,0.02091,0.7683,4799,0,0,0,0,0,0,520,885,643,20,14,8,1,55,22,15,2,48,18,8,2
4643039,1017,2,201,144,33,22,2,-0.00873,0.02032,0.7632,4696,0,0,0,0,0,0,551,799,698,15,12,9,0,48,10,7,2,81,11,6,0
4650935,1018,2,201,119,50,29,3,-0.00861,0.02305,0.7407,4450,0,0,0,0,0,0,485,933,630,19,12,11,1,52,16,14,1,48,22,4,1
4658852,1019,2,189,108,58,19,4,-0.0084,0.01607,0.7305,4940,0,0,0,0,0,0,583,887,578,14,16,6,2,48,21,10,1,46,21,3,1
4666746,1020,2,187,107,48,28,4,-0.00822,0.02078,0.751,4566,0,0,0,0,0,0,635,775,638,14,21,9,2,54,11,10,0,39,16,9,2
4674632,1021,2,194,132,33,25,4,-0.00973,0.02146,0.7125,4554,0,0,0,0,0,0,557,823,668,23,11,7,1,53,13,11,2,56,9,7,1
4682579,1022,2,174,107,33,26,8,-0.00976,0.02031,0.739,4884,0,0,0,0,0,0,679,718,651,19,10,11,3,35,14,4,3,53,9,11,2
4690458,1023,2,199,121,41,31,6,-0.01066,0.02272,0.7403,4577,0,0,0,0,0,0,640,794,614,23,15,11,4,48,13,8,1,50,13,12,1
4698372,1024,2,195,123,44,23,5,-0.00934,0.01864,0.7338,4838,0,0,0,0,0,0,590,891,567,19,16,9,0,45,16,5,2,59,12,9,3
4706336,1025,2,172,100,51,14,7,-0.00865,0.01747,0.7144,4872,0,0,0,0,0,0,573,959,516,18,18,5,2,44,26,6,4,38,7,3,1
4714279,1026,2,178,111,39,22,6,-0.00945,0.02236,0.7014,4707,0,0,0,0,0,0,640,944,464,19,12,5,2,57,20,13,4,35,7,4,0
4722192,1027,2,194,122,43,23,6,-0.00755,0.02217,0.7255,4776,0,0,0,0,0,0,612,812,624,20,6,8,3,54,23,7,2,48,14,8,1
4730095,1028,2,195,116,48,25,6,-0.0069,0.02328,0.6695,4760,0,0,0,0,0,0,566,997,485,14,17,3,1,59,18,18,5,43,13,4,0
4738028,1029,2,184,113,43,22,6,-0.00954,0.0218,0.6785,4648,0,0,0,0,0,0,703,846,499,27,13,10,3,45,21,7,3,41,9,5,0
4745908,1030,2,208,134,43,26,5,-0.01075,0.02004,0.6972,4707,0,0,0,0,0,0,731,731,586,28,15,9,2,53,14,13,1,53,14,4,2
4753818,1031,2,207,144,38,21,4,-0.00883,0.02094,0.626,4704,0,0,0,0,0,0,711,821,516,28,14,10,1,68,15,6,3,48,9,5,0
4761744,1032,2,185,110,45,22,8,-0.01037,0.02029,0.643,4906,0,0,0,0,0,0,660,909,479,19,11,13,4,46,18,3,3,45,16,6,1
4769671,1033,2,193,113,43,30,7,-0.00865,0.01989,0.6738,4575,0,0,0,0,0,0,796,803,449,19,20,14,1,50,13,15,5,44,10,1,1
4777577,1034,2,201,120,44,29,8,-0.00766,0.02053,0.692,4676,0,0,0,0,0,0,648,912,488,23,18,10,4,54,13,16,4,43,13,3,0
4785487,1035,2,183,113,45,21,4,-0.0067,0.0193,0.6968,4755,0,0,0,0,0,0,666,913,469,19,17,12,0,53,19,4,2,41,9,5,2
4793386,1036,2,189,112,44,24,9,-0.00916,0.01979,0.6305,4913,0,0,0,0,0,0,725,864,459,22,20,4,3,44,11,12,5,46,13,8,1
4801285,1037,2,199,114,51,30,4,-0.00837,0.0233,0.6545,5144,0,0,0,0,0,0,783,833,432,26,22,9,3,50,14,16,1,38,15,5,0
4809160,1038,2,208,133,49,23,3,-0.00877,0.02247,0.6566,5007,0,0,0,0,0,0,690,898,460,23,16,10,3,70,21,6,0,40,12,7,0
4817071,1039,2,187,113,46,19,9,-0.00734,0.01991,0.6426,5123,0,0,0,0,0,0,691,880,477,15,15,7,5,58,18,8,2,40,13,4,2
4824995,1040,2,201,121,47,27,6,-0.00808,0.02257,0.6389,5155,0,0,0,0,0,0,644,1006,398,23,16,7,3,62,26,13,2,36,5,7,1
4832921,1041,2,193,125,38,25,5,-0.00889,0.02135,0.6617,4654,0,0,0,0,0,0,725,930,393,18,14,12,1,66,13,8,3,41,11,5,1
4840812,1042,2,208,127,46,29,6,-0.00763,0.01917,0.6804,4681,0,0,0,0,0,0,734,919,395,20,19,6,5,67,19,20,1,40,8,3,0
4848695,1043,2,212,130,51,28,3,-0.00869,0.02518,0.6354,4896,0,0,0,0,0,0,535,1098,415,20,15,10,1,71,29,13,2,39,7,5,0
4856644,1044,2,176,101,46,24,5,-0.007,0.01938,0.7054,5086,0,0,0,0,0,0,671,976,401,13,14,8,3,60,21,14,1,28,11,2,1
4864574,1045,2,182,108,36,27,11,-0.01143,0.01884,0.696,5196,0,0,0,0,0,0,756,893,399,10,16,6,7,66,14,13,3,32,6,8,1
4872471,1046,2,189,126,34,24,5,-0.00832,0.02334,0.6967,5168,0,0,0,0,0,0,507,1112,429,16,13,7,2,77,14,16,3,33,7,1,0
4880348,1047,2,200,108,56,31,5,-0.00913,0.02072,0.6852,4557,0,0,0,0,0,0,611,1076,361,16,24,14,0,62,28,16,4,30,4,1,1
4888186,1048,2,218,135,48,30,5,-0.00908,0.02236,0.6613,4295,0,0,0,0,0,0,644,1004,400,16,18,8,2,78,24,15,3,41,6,7,0
4896111,1049,2,187,108,53,22,4,-0.00911,0.01986,0.6533,5037,0,0,0,0,0,0,697,945,406,16,24,11,2,63,19,7,1,29,10,4,1
4903994,1050,2,207,125,56,22,4,-0.00781,0.02014,0.6553,5092,0,0,0,0,0,0,599,1098,351,11,18,6,1,88,29,11,2,26,9,5,1
4911945,1051,2,174,97,44,26,7,-0.00844,0.01869,0.6447,4956,0,0,0,0,0,0,725,972,351,16,18,10,1,56,18,13,4,25,8,3,2
4919870,1052,2,184,120,38,20,6,-0.00796,0.0181,0.6159,4688,0,0,0,0,0,0,734,1022,292,18,17,8,3,69,16,9,3,33,5,3,0
4927718,1053,2,216,132,50,31,3,-0.00771,0.02186,0.6409,5074,0,0,0,0,0,0,628,1049,371,15,16,12,1,82,20,19,2,35,14,0,0
4935628,1054,2,203,120,48,29,6,-0.00975,0.0238,0.6424,5002,0,0,0,0,0,0,725,948,375,14,22,11,3,65,19,9,1,41,7,9,2
4943532,1055,2,198,125,42,23,8,-0.01023,0.01673,0.673,4895,0,0,0,0,0,0,701,965,382,23,11,7,3,65,24,14,5,37,7,2,0
4951451,1056,2,193,117,42,29,5,-0.00973,0.02341,0.6582,5223,0,0,0,0,0,0,806,934,308,19,19,12,3,76,17,14,2,22,6,3,0
4959320,1057,2,199,125,46,25,3,-0.01015,0.02151,0.6193,5197,0,0,0,0,0,0,770,966,312,17,16,11,3,77,22,9,0,31,8,5,0
4967232,1058,2,197,121,46,24,6,-0.00773,0.02277,0.6631,4878,0,0,0,0,0,0,843,842,363,20,20,8,2,78,14,11,4,23,12,5,0
4975134,1059,2,197,119,46,25,7,-0.00874,0.01903,0.6678,5350,0,0,0,0,0,0,762,983,303,14,20,8,3,83,20,15,3,22,6,2,1
4983023,1060,2,197,124,41,25,7,-0.00818,0.02081,0.6386,5271,0,0,0,0,0,0,760,941,347,23,16,9,2,72,15,15,3,29,10,1,2
4990927,1061,2,188,110,43,33,2,-0.00957,0.02155,0.6229,4915,0,0,0,0,0,0,858,881,309,27,21,18,0,58,11,11,1,25,11,4,1
4998841,1062,2,205,132,47,19,7,-0.00926,0.01861,0.6247,5056,0,0,0,0,0,0,878,857,313,19,23,10,5,77,18,5,1,36,6,4,1
5006704,1063,2,232,137,53,39,3,-0.01047,0.02633,0.6595,5302,0,0,0,0,0,0,831,923,294,28,25,16,1,78,20,20,1,31,8,3,1
