global_step,update,phase,episodes,success,lava,ball,timeout,pg_loss,v_loss,entropy,sps
2048,1,0,7,0,7,0,0,-0.00015,0.00013,1.9459,1452
4096,2,0,3,0,3,0,0,-0.00023,1e-05,1.9458,1518
6144,3,0,0,0,0,0,0,-0.00055,1e-05,1.9451,1594
8192,4,0,12,0,3,0,9,-0.00229,6e-05,1.9305,1557
10240,5,0,5,0,1,0,4,-0.00468,2e-05,1.8962,1580
12288,6,0,5,0,3,0,2,-0.00123,2e-05,1.8455,1577
14336,7,0,4,0,4,0,0,0.00054,1e-05,1.861,1571
16384,8,0,9,0,2,0,7,-0.00163,1e-05,1.8574,1562
18432,9,0,6,0,4,0,2,-0.00213,2e-05,1.8749,1450
20480,10,0,10,0,6,0,4,-0.00032,1e-05,1.8801,1445
22528,11,0,3,0,2,0,1,-0.00197,1e-05,1.8888,1464
24576,12,0,6,0,2,0,4,-0.00222,0.0,1.9279,1583
26624,13,0,7,0,4,0,3,-0.00026,0.0,1.9427,1503
28672,14,0,10,0,5,0,5,-0.00181,0.0,1.9455,1507
30720,15,0,6,0,6,0,0,-0.00031,0.0,1.9459,1519
32768,16,0,8,1,2,0,5,-0.00033,0.00015,1.9451,1548
34816,17,0,6,0,3,0,3,-0.00241,1e-05,1.9403,1582
36864,18,0,13,0,9,0,4,-0.00039,0.0,1.9378,1583
38912,19,0,4,0,1,0,3,-0.00189,0.0,1.9239,1322
40960,20,0,5,0,2,0,3,-0.00069,0.0,1.913,1657
43008,21,0,2,0,1,0,1,-0.00185,0.0,1.9102,1560
45056,22,0,12,0,4,0,8,-0.00174,0.0,1.9016,1394
47104,23,0,7,0,5,0,2,0.00034,0.0,1.893,1534
49152,24,0,6,0,4,0,2,-2e-05,0.0,1.8999,1403
51200,25,0,4,0,1,2,1,-0.0043,0.0,1.8634,1405
53248,26,0,9,0,2,1,6,-0.00193,0.0,1.8213,1451
55296,27,0,7,1,4,0,2,-0.00255,0.0011,1.8324,1433
57344,28,0,7,1,2,0,4,-0.00231,0.00102,1.8028,1350
59392,29,0,3,0,1,0,2,-0.00255,0.0,1.7758,1529
61440,30,0,9,0,4,0,5,-0.00226,0.0,1.8118,1653
63488,31,0,11,0,8,0,3,-0.0003,0.0,1.7911,1420
65536,32,0,7,0,3,0,4,-0.00011,0.0,1.803,1534
67584,33,0,4,0,3,0,1,-0.00032,0.0,1.8178,1462
69632,34,0,7,0,3,0,4,-0.00039,0.0,1.8295,1550
71680,35,0,4,0,1,0,3,-0.00078,0.0,1.8042,1553
73728,36,0,7,0,2,0,5,-9e-05,0.0,1.8289,1537
75776,37,0,10,1,7,0,2,-0.00185,0.00143,1.806,1293
77824,38,0,7,1,2,0,4,0.00018,0.00104,1.8478,1486
79872,39,0,5,0,1,0,4,-0.00102,0.0,1.8485,1468
81920,40,0,1,0,1,0,0,-0.0003,1e-05,1.8536,1523
83968,41,0,10,0,3,0,7,-0.0005,3e-05,1.8439,1583
86016,42,0,6,0,2,0,4,-0.00094,1e-05,1.8358,1572
88064,43,0,8,1,4,0,3,-0.00095,0.0005,1.8255,1646
90112,44,0,8,0,6,1,1,-0.00207,2e-05,1.7578,1627
92160,45,0,5,0,1,0,4,-0.00253,1e-05,1.7718,1454
94208,46,0,9,0,5,1,3,4e-05,0.0,1.7885,1400
96256,47,0,5,0,2,0,3,-0.00044,0.0,1.799,1546
98304,48,0,6,0,2,0,4,-0.00331,1e-05,1.7484,1478
100352,49,0,2,0,0,0,2,-0.00313,0.0,1.6962,1530
102400,50,0,7,0,2,0,5,-0.00105,0.0,1.6142,1529
104448,51,0,6,0,2,0,4,-0.0018,0.0,1.6548,1534
106496,52,0,6,0,1,0,5,-0.00108,1e-05,1.6522,1536
108544,53,0,5,0,0,0,5,-0.00168,1e-05,1.54,1427
110592,54,0,4,1,2,0,1,-0.00092,0.00017,1.528,1572
112640,55,0,5,0,1,1,3,-0.00122,0.0,1.4104,1600
114688,56,0,4,0,0,0,4,-0.00225,1e-05,1.2951,1573
116736,57,0,7,0,3,0,4,-0.00113,1e-05,1.3738,1610
118784,58,0,2,0,0,0,2,-0.00085,0.0,1.5182,1566
120832,59,0,6,0,1,0,5,-0.00153,0.0,1.4521,1414
122880,60,0,7,1,3,0,3,-0.00151,0.00132,1.5689,1456
124928,61,0,8,0,4,0,4,-0.00276,0.0,1.6128,1475
126976,62,0,3,0,2,0,1,-0.00028,0.0,1.6737,1565
129024,63,0,10,0,4,0,6,0.00049,0.0,1.6542,1547
131072,64,0,8,1,4,1,2,-0.00352,0.00023,1.7838,1475
133120,65,0,1,0,0,0,1,-0.00074,1e-05,1.8229,1429
135168,66,0,3,0,0,0,3,-0.002,5e-05,1.8418,1565
137216,67,0,8,0,1,0,7,-0.00111,2e-05,1.8573,1341
139264,68,0,11,0,6,0,5,-0.00079,2e-05,1.8455,1503
141312,69,0,5,0,2,1,2,-0.00209,1e-05,1.8487,1427
143360,70,0,2,0,1,0,1,-0.00259,0.0,1.8105,1466
145408,71,0,7,0,4,0,3,-0.00216,0.0,1.7987,1327
147456,72,0,8,0,2,0,6,-0.00024,0.0,1.8042,1565
149504,73,0,6,0,4,0,2,-0.00199,1e-05,1.8143,1414
151552,74,0,5,0,2,0,3,-0.00184,0.0,1.8266,1522
153600,75,0,8,0,3,0,5,-0.00109,0.0,1.7985,1562
155648,76,0,6,0,2,0,4,-0.00235,0.0,1.8602,1468
157696,77,0,7,1,4,0,2,-0.00027,0.00011,1.8643,1568
159744,78,0,5,0,3,0,2,-0.00196,0.0,1.835,1516
161792,79,0,6,0,2,1,3,-0.0017,0.0,1.8042,1435
163840,80,0,7,0,4,0,3,-0.0003,0.0,1.768,1535
165888,81,0,7,2,4,0,1,-0.00055,0.00075,1.7675,1383
167936,82,0,4,0,0,0,4,-0.0012,0.0,1.7862,1430
169984,83,0,6,0,3,0,3,5e-05,0.0,1.7855,1455
172032,84,0,8,0,3,1,4,0.00014,0.0,1.8067,1533
174080,85,0,9,0,6,0,3,-0.00041,0.0,1.8287,1627
176128,86,0,5,0,3,0,2,-0.0001,0.0,1.8568,1612
178176,87,0,5,0,1,0,4,-0.00083,0.0,1.882,1611
180224,88,0,7,0,3,0,4,-0.00015,0.0,1.8975,1559
182272,89,0,11,0,6,1,4,3e-05,0.0,1.9133,1525
184320,90,0,4,0,2,0,2,-0.00063,0.0,1.92,1586
186368,91,0,11,0,5,1,5,-0.00055,0.0,1.9246,1594
188416,92,0,3,0,2,0,1,-0.00108,0.0,1.9009,1619
190464,93,0,6,0,1,0,5,-0.0041,0.0,1.8568,1592
192512,94,0,3,0,1,0,2,-0.00107,0.0,1.8445,1591
194560,95,0,8,0,2,0,6,-0.00016,0.0,1.8471,1676
196608,96,0,5,0,2,0,3,-0.00191,0.0,1.815,1514
198656,97,0,7,0,3,0,4,0.00042,0.0,1.8325,1424
200704,98,0,7,0,3,0,4,-0.00085,0.0,1.824,1451
202752,99,0,3,0,0,1,2,-0.00052,0.0,1.8298,1527
204800,100,0,9,1,1,0,7,-0.00057,3e-05,1.8187,1641
206848,101,0,3,0,1,0,2,0.00029,0.0,1.8196,1662
208896,102,0,7,0,4,1,2,-0.00022,0.0,1.7955,1513
210944,103,0,10,0,7,0,3,-0.0003,0.0,1.7616,1492
212992,104,0,5,0,0,1,4,-0.00195,0.0,1.7602,1444
215040,105,0,6,0,5,1,0,-0.00136,0.0,1.7246,1476
217088,106,0,5,1,1,0,3,-0.00314,0.00141,1.667,1494
219136,107,0,8,0,4,1,3,-0.0003,0.0,1.6466,1570
221184,108,0,5,1,2,0,2,6e-05,0.0003,1.6,1506
223232,109,0,9,1,4,0,4,-0.00027,0.00047,1.6676,1577
225280,110,0,6,0,3,0,3,-0.00093,0.0,1.6939,1473
227328,111,0,5,0,3,0,2,-0.00084,0.0,1.6962,1490
229376,112,0,8,0,3,0,5,-0.00065,0.0,1.7232,1524
231424,113,0,10,0,7,0,3,-0.0009,0.0,1.7005,1503
233472,114,0,4,0,3,0,1,-0.00086,0.0,1.6959,1511
235520,115,0,6,0,1,1,4,-0.00309,0.0,1.664,1477
237568,116,0,8,1,3,0,4,3e-05,0.00043,1.5871,1605
239616,117,0,7,0,3,0,4,-0.00129,0.0,1.5589,1432
241664,118,0,4,0,3,0,1,-0.00148,0.0,1.6236,1404
243712,119,0,3,0,1,0,2,-0.00306,0.0,1.5842,1400
245760,120,0,10,0,5,1,4,-0.00192,0.0,1.625,1433
247808,121,0,8,0,3,0,5,-0.0016,0.0,1.6143,1588
249856,122,0,7,0,3,3,1,0.00061,0.0,1.619,1579
251904,123,0,7,0,5,0,2,-0.00045,0.0,1.6416,1559
253952,124,0,5,0,4,0,1,-0.00074,0.0,1.5548,1559
256000,125,0,7,0,3,0,4,-5e-05,0.0,1.5546,1492
258048,126,0,5,0,1,0,4,0.00011,0.0,1.5295,1513
260096,127,0,7,1,2,0,4,-0.00163,6e-05,1.5283,1447
262144,128,0,6,0,4,0,2,-0.00302,0.0,1.5256,1552
264192,129,0,9,1,6,0,2,-0.00191,0.00052,1.6002,1588
266240,130,0,8,0,4,1,3,-0.00052,0.0,1.5749,1489
268288,131,0,8,0,3,0,5,-2e-05,0.0,1.6428,1577
270336,132,0,11,0,5,4,2,-0.00035,0.0,1.6212,1560
272384,133,0,6,0,3,0,3,-0.0001,0.0,1.6875,1482
274432,134,0,5,0,2,1,2,-0.00068,0.0,1.7096,1370
276480,135,0,4,0,2,0,2,-0.00092,0.0,1.7354,1495
278528,136,0,9,1,2,1,5,-0.00024,0.0008,1.7505,1533
280576,137,0,8,0,5,0,3,-0.00093,0.0,1.7397,1544
282624,138,0,9,0,5,1,3,-0.00107,0.0,1.7331,1536
284672,139,0,5,0,3,0,2,-0.00233,0.0,1.754,1692
286720,140,0,11,1,5,0,5,-0.00054,0.00022,1.7398,1639
288768,141,0,3,0,1,0,2,-0.00011,0.0,1.7374,1591
290816,142,0,3,1,1,0,1,-0.00054,0.00051,1.7301,1559
292864,143,0,6,0,4,0,2,-0.00081,0.0,1.729,1529
294912,144,0,15,0,7,0,8,-0.0007,0.0,1.7484,1492
296960,145,0,7,0,5,0,2,-0.00065,0.0,1.7721,1548
299008,146,0,5,0,3,0,2,-0.00181,0.0,1.7801,1589
301056,147,0,8,0,4,0,4,-0.00099,0.0,1.8123,1606
303104,148,0,7,0,3,0,4,-0.00034,0.0,1.8197,1498
305152,149,0,7,0,4,0,3,-0.00386,0.0,1.8707,1497
307200,150,0,6,1,3,0,2,-0.00107,0.00108,1.8543,1583
309248,151,0,9,1,6,0,2,-0.00052,0.00012,1.8319,1482
311296,152,0,6,0,2,0,4,-0.00098,0.0,1.8461,1509
313344,153,0,5,0,4,0,1,-0.00095,0.0,1.8545,1539
315392,154,0,8,0,4,0,4,-0.00318,0.0,1.8022,1527
317440,155,0,9,0,4,0,5,-0.00204,0.0,1.7808,1481
319488,156,0,4,0,2,0,2,-0.00339,0.0,1.6944,1640
321536,157,0,6,0,5,0,1,-0.00122,0.0,1.7307,1603
323584,158,0,5,0,1,0,4,-0.00612,0.0,1.6571,1617
325632,159,0,5,0,2,0,3,-0.00198,0.0,1.6806,1688
327680,160,0,5,0,2,0,3,-0.00133,0.0,1.6431,1589
329728,161,0,8,0,0,2,6,-0.00124,0.0,1.6308,1581
331776,162,0,2,0,1,0,1,-0.00362,0.0,1.729,1599
333824,163,0,4,0,1,0,3,-0.00321,0.0,1.7606,1498
335872,164,0,9,0,3,0,6,-0.00152,0.0,1.7823,1587
337920,165,0,6,0,2,0,4,-0.00149,0.0,1.8359,1496
339968,166,0,3,0,2,0,1,6e-05,0.0,1.8511,1646
342016,167,0,3,0,1,0,2,-0.00099,0.0,1.8654,1577
344064,168,0,5,0,1,0,4,-0.00111,0.0,1.8822,1569
346112,169,0,7,0,2,0,5,-0.00082,0.0,1.8828,1608
348160,170,0,7,0,3,1,3,-0.00346,1e-05,1.8751,1567
350208,171,0,4,0,1,0,3,-0.00214,4e-05,1.8799,1604
352256,172,0,5,0,1,0,4,-0.00021,1e-05,1.9095,1573
354304,173,0,4,0,0,0,4,-0.00201,0.0,1.8918,1367
356352,174,0,6,0,2,0,4,-0.001,0.0,1.8526,1668
358400,175,0,4,0,0,0,4,-0.00158,0.0,1.8536,1564
360448,176,0,7,0,1,0,6,-0.00026,0.0,1.8865,1543
362496,177,0,1,0,1,0,0,-0.00301,0.0,1.8665,1547
364544,178,0,7,0,2,0,5,8e-05,0.0,1.8791,1440
366592,179,0,6,0,2,0,4,-0.0015,0.0,1.8848,1495
368640,180,0,5,0,0,0,5,-0.00103,1e-05,1.8632,1550
370688,181,0,2,0,0,0,2,-0.00065,0.0,1.8724,1550
372736,182,0,7,0,3,0,4,-0.00205,0.0,1.8676,1510
374784,183,0,9,0,4,0,5,-0.00106,0.0,1.843,1418
376832,184,0,2,0,1,0,1,-0.001,0.0,1.7805,1551
378880,185,0,2,0,1,0,1,-0.00059,0.0,1.7798,1431
380928,186,0,8,0,2,0,6,-0.00107,0.0,1.7623,1562
382976,187,0,7,0,1,0,6,-0.00033,0.0,1.7788,1520
385024,188,0,3,0,2,0,1,-0.00118,0.0,1.8059,1414
387072,189,0,3,0,1,0,2,-0.00157,0.0,1.7707,1618
389120,190,0,6,0,0,0,6,-0.00192,0.0,1.7985,1557
391168,191,0,9,0,2,0,7,-0.00243,0.0,1.7757,1483
393216,192,0,2,0,1,0,1,-0.00155,0.0,1.7677,1590
395264,193,0,3,0,1,0,2,-0.00257,0.0,1.7049,1458
397312,194,0,6,0,0,0,6,-0.00246,0.0,1.735,1380
399360,195,0,6,0,0,0,6,-0.00522,0.0,1.7563,1474
401408,196,0,3,0,1,0,2,-0.0018,0.0,1.7372,1494
403456,197,0,3,0,0,0,3,-0.00122,0.0,1.7649,1581
405504,198,0,5,0,1,0,4,-0.00153,0.0,1.7531,1590
407552,199,0,8,0,1,0,7,-0.00053,0.0,1.7403,1523
409600,200,0,4,0,2,0,2,-0.00196,0.0,1.7515,1401
411648,201,0,5,0,1,0,4,-0.00066,0.0,1.7503,1436
413696,202,0,2,0,0,0,2,-0.00073,0.0,1.7403,1411
415744,203,0,5,0,0,0,5,-0.00171,0.0,1.7338,1463
417792,204,0,5,0,0,0,5,-0.00242,0.0,1.7067,1559
419840,205,0,7,0,2,0,5,-0.00155,0.0,1.698,1556
421888,206,0,4,0,2,0,2,-0.00135,0.0,1.7087,1442
423936,207,0,7,0,2,0,5,-0.00065,0.0,1.6909,1443
425984,208,0,5,0,1,0,4,-0.00288,0.0,1.6131,1431
428032,209,0,4,0,0,0,4,-0.00205,0.0,1.6397,1441
430080,210,0,2,0,0,0,2,0.00026,0.0,1.6185,1423
432128,211,0,6,0,0,0,6,-0.00092,0.0,1.6682,1477
434176,212,0,4,0,0,0,4,-8e-05,0.0,1.6472,1471
436224,213,0,4,0,0,0,4,-0.00046,0.0,1.6572,1595
438272,214,0,4,0,0,0,4,-0.00131,0.0,1.6508,1529
440320,215,0,6,0,2,0,4,-0.0021,0.0,1.6426,1313
442368,216,0,4,0,0,0,4,-0.00063,0.0,1.6634,1322
444416,217,0,4,0,0,0,4,-0.001,1e-05,1.6927,1408
446464,218,0,3,0,0,0,3,-0.00032,1e-05,1.7232,1570
448512,219,0,8,0,2,0,6,-0.00087,1e-05,1.7043,1470
450560,220,0,5,0,0,0,5,-0.00125,0.0,1.6834,1461
452608,221,0,4,0,1,0,3,-0.00144,1e-05,1.6613,1497
454656,222,0,2,0,0,0,2,-0.00068,2e-05,1.678,1500
456704,223,0,6,0,0,0,6,-0.00104,1e-05,1.7029,1490
458752,224,0,6,0,1,0,5,-0.00156,1e-05,1.6826,1421
460800,225,0,3,0,0,0,3,-0.00154,2e-05,1.6867,1532
462848,226,0,2,0,0,0,2,-0.00055,2e-05,1.6842,1533
464896,227,0,5,0,0,0,5,-0.00145,0.0,1.6609,1492
466944,228,0,6,0,0,0,6,-0.00174,0.0,1.6755,1492
468992,229,0,6,0,3,0,3,-0.00058,0.0,1.6573,1626
471040,230,0,3,0,0,0,3,-0.00133,0.0,1.6263,1521
473088,231,0,4,0,0,0,4,-0.00027,1e-05,1.6409,1473
475136,232,0,5,0,1,0,4,-0.00258,0.0,1.6775,1479
477184,233,0,5,0,0,0,5,-0.00203,1e-05,1.6554,1609
479232,234,0,4,0,1,0,3,-0.0044,3e-05,1.6406,1602
481280,235,0,4,0,1,0,3,-0.00188,1e-05,1.6035,1505
483328,236,0,5,0,1,0,4,-0.00205,2e-05,1.6109,1512
485376,237,0,7,0,1,0,6,-0.00227,2e-05,1.5661,1464
487424,238,0,2,0,0,0,2,-0.00113,1e-05,1.5835,1452
489472,239,0,3,0,0,0,3,-0.00376,1e-05,1.5449,1517
491520,240,0,8,0,2,0,6,-0.00279,1e-05,1.4704,1523
493568,241,0,6,0,1,0,5,-0.00306,1e-05,1.4031,1504
495616,242,0,2,0,0,0,2,-0.00123,1e-05,1.4334,1562
497664,243,0,4,0,2,0,2,-0.00309,1e-05,1.4432,1446
499712,244,0,8,0,0,0,8,0.00018,0.0,1.463,1450
501760,245,0,3,0,0,0,3,-0.00156,0.0,1.4587,1440
503808,246,0,2,0,0,0,2,-0.00012,0.0,1.476,1384
505856,247,0,4,0,0,0,4,0.00036,0.0,1.4973,1614
507904,248,0,8,0,0,0,8,-0.00253,0.0,1.5805,1561
509952,249,0,3,0,0,0,3,-0.00133,0.0,1.6268,1599
512000,250,0,1,0,0,0,1,-0.00013,0.0,1.6569,1553
514048,251,0,4,0,1,0,3,-0.00081,0.0,1.6768,1500
516096,252,0,10,0,1,0,9,-9e-05,0.0,1.6762,1557
518144,253,0,3,0,1,0,2,-0.00084,0.0,1.6996,1625
520192,254,0,1,0,0,0,1,-0.00167,0.0,1.6898,1540
522240,255,0,3,0,0,0,3,-0.00253,0.0,1.6303,1589
524288,256,0,9,0,0,0,9,-0.00133,0.0,1.6217,1618
526336,257,0,3,0,0,0,3,-0.0012,0.0,1.6272,1609
528384,258,0,1,0,0,0,1,-0.00159,0.0,1.5865,1614
530432,259,0,6,0,0,0,6,-0.00111,0.0,1.6371,1467
532480,260,0,7,0,0,0,7,-0.00146,0.0,1.6336,1512
534528,261,0,5,0,2,0,3,-0.00352,0.0,1.601,1474
536576,262,0,1,0,0,0,1,-9e-05,0.0,1.6087,1565
538624,263,0,9,0,3,0,6,-0.0021,0.0,1.6181,1603
540672,264,0,4,0,1,0,3,-0.00056,0.0,1.6591,1621
542720,265,0,9,0,4,0,5,-0.00059,0.0,1.6693,1602
544768,266,0,4,0,2,0,2,-0.00035,0.0,1.6352,1615
546816,267,0,5,0,2,0,3,-0.0012,0.0,1.6168,1440
548864,268,0,1,0,0,0,1,-0.00097,0.0,1.5878,1587
550912,269,0,10,0,2,0,8,-0.00077,0.0,1.5899,1608
552960,270,0,2,0,0,0,2,-0.00108,0.0,1.56,1643
555008,271,0,4,0,1,0,3,-0.00537,0.0,1.4824,1554
557056,272,0,4,0,0,0,4,-0.00183,0.0,1.5429,1627
559104,273,0,6,0,0,0,6,-0.00084,0.0,1.531,1513
561152,274,0,3,0,0,0,3,-0.00138,0.0,1.5158,1443
563200,275,0,3,0,0,0,3,-0.00225,0.0,1.548,1448
565248,276,0,5,0,1,0,4,-0.00059,0.0,1.5575,1443
567296,277,0,7,0,2,0,5,-0.00104,0.0,1.593,1561
569344,278,0,5,0,2,0,3,-0.00324,0.0,1.6173,1612
571392,279,0,3,0,0,0,3,-0.00232,0.0,1.5613,1489
573440,280,0,3,0,0,0,3,-0.00181,0.0,1.5733,1486
575488,281,0,7,0,0,0,7,-0.00281,0.0,1.5877,1520
577536,282,0,6,0,2,0,4,-0.0019,0.0,1.5963,1538
579584,283,0,2,0,0,0,2,-0.00082,0.0,1.616,1439
581632,284,0,6,0,0,0,6,-0.00053,0.0,1.6529,1467
583680,285,0,6,0,3,0,3,-0.00034,0.0,1.6562,1595
585728,286,0,6,0,0,0,6,-0.00214,0.0,1.6579,1503
587776,287,0,3,0,2,0,1,-0.00074,0.0,1.6742,1474
589824,288,0,7,0,2,0,5,-0.00087,0.0,1.6845,1452
591872,289,0,5,0,1,0,4,-0.00189,0.0,1.6696,1307
593920,290,0,3,0,0,0,3,-0.00038,0.0,1.6835,1434
595968,291,0,3,0,1,0,2,-0.00045,0.0,1.6844,1360
598016,292,0,10,0,1,0,9,-0.00263,0.0,1.6564,1314
600064,293,0,2,0,0,1,1,-0.00046,0.0,1.6352,1544
602112,294,0,4,0,0,0,4,-0.00122,0.0,1.6094,1475
604160,295,0,5,0,2,0,3,-0.00144,0.0,1.6037,1346
606208,296,0,7,0,1,0,6,-0.00101,0.0,1.5624,1486
608256,297,0,2,0,0,0,2,-0.00254,1e-05,1.5669,1526
610304,298,0,6,0,3,0,3,-0.00034,1e-05,1.5837,1581
612352,299,0,3,0,0,0,3,-0.00123,1e-05,1.5969,1555
614400,300,0,8,0,0,0,8,-0.00123,0.0,1.6141,1553
616448,301,0,6,0,5,0,1,-0.00122,0.0,1.6425,1510
618496,302,0,5,0,1,0,4,-0.00114,0.0,1.6682,1406
620544,303,0,3,0,1,0,2,-0.00129,0.0,1.6952,1444
622592,304,0,7,0,1,0,6,-0.00087,0.0,1.6848,1296
624640,305,0,4,1,0,0,3,-0.00229,0.00029,1.7155,1392
626688,306,0,4,0,0,0,4,-0.00181,0.0,1.7078,1578
628736,307,0,7,0,5,0,2,-0.00158,0.0,1.691,1576
630784,308,0,6,0,1,0,5,-0.0037,0.0,1.6346,1531
632832,309,0,2,0,0,0,2,-0.0001,0.0,1.6419,1492
634880,310,0,3,0,1,0,2,-0.00159,0.0,1.6551,1513
636928,311,0,9,0,2,0,7,-0.00058,0.0,1.6806,1510
638976,312,0,4,0,0,0,4,-0.00215,0.0,1.6817,1545
641024,313,0,5,0,3,0,2,-0.00067,1e-05,1.6726,1557
643072,314,0,7,0,5,0,2,-0.00099,1e-05,1.6557,1611
645120,315,0,8,0,2,1,5,-0.00349,1e-05,1.6145,1555
647168,316,0,2,0,0,0,2,-0.0014,1e-05,1.6233,1542
649216,317,0,4,0,1,0,3,-0.00228,1e-05,1.5976,1608
651264,318,0,8,0,3,1,4,-0.00169,2e-05,1.5851,1514
653312,319,0,7,0,2,0,5,-0.00268,1e-05,1.5869,1449
655360,320,0,2,0,1,0,1,-0.0008,0.0,1.5905,1434
657408,321,0,5,0,2,0,3,-0.00093,1e-05,1.5918,1525
659456,322,0,9,0,2,0,7,-0.00152,1e-05,1.5611,1462
661504,323,0,4,0,1,1,2,-0.00034,1e-05,1.5108,1542
663552,324,0,2,0,0,0,2,0.00101,1e-05,1.5209,1489
665600,325,0,8,0,2,1,5,-0.00043,1e-05,1.5302,1349
667648,326,0,5,0,0,0,5,-0.00075,1e-05,1.5286,1357
669696,327,0,2,0,0,0,2,-0.00043,1e-05,1.6024,1514
671744,328,0,7,0,4,0,3,-0.00045,1e-05,1.5891,1601
673792,329,0,5,1,1,0,3,-0.00559,0.00114,1.6441,1627
675840,330,0,7,0,3,0,4,-0.00134,0.0,1.6501,1617
677888,331,0,3,0,1,0,2,-0.0018,0.0,1.6327,1490
679936,332,0,7,0,2,0,5,1e-05,1e-05,1.6208,1551
681984,333,0,4,0,1,0,3,-0.00284,1e-05,1.6272,1455
684032,334,0,6,0,3,0,3,-0.00257,1e-05,1.6284,1583
686080,335,0,4,0,2,0,2,-0.00282,1e-05,1.6538,1515
688128,336,0,9,0,3,0,6,-0.00324,1e-05,1.6248,1448
690176,337,0,3,0,0,0,3,-0.00098,1e-05,1.6377,1427
692224,338,0,8,1,4,0,3,-0.00412,0.00028,1.5595,1486
694272,339,0,5,1,2,1,1,-0.00036,0.0004,1.5048,1501
696320,340,0,6,0,2,1,3,-0.0011,1e-05,1.5894,1442
698368,341,0,5,1,3,0,1,-0.00098,0.00013,1.6384,1518
700416,342,0,12,1,6,0,5,-0.00183,0.00029,1.6934,1537
702464,343,0,6,0,4,1,1,-0.0013,1e-05,1.7318,1452
704512,344,0,6,0,6,0,0,-0.00195,0.0,1.7653,1604
706560,345,0,5,0,2,0,3,-0.00074,0.0,1.7952,1596
708608,346,0,7,0,2,0,5,-0.00259,0.0,1.7888,1320
710656,347,0,10,1,4,0,5,0.00053,0.00067,1.7408,1218
712704,348,0,2,0,2,0,0,8e-05,0.0,1.7377,1305
714752,349,0,1,0,0,0,1,-0.00062,0.0,1.723,1331
716800,350,0,13,0,4,0,9,-0.00281,1e-05,1.7,1563
718848,351,0,7,0,2,1,4,-0.00163,0.0,1.7059,1574
720896,352,0,5,0,3,0,2,-0.0013,0.0,1.7077,1610
722944,353,0,7,0,6,1,0,-0.00127,0.0,1.6849,1375
724992,354,0,6,0,1,0,5,-0.00078,0.0,1.634,1520
727040,355,0,4,0,2,0,2,-0.00361,0.0,1.5985,1482
729088,356,0,5,0,2,1,2,-0.00187,0.0,1.5253,1596
731136,357,0,4,1,0,0,3,-0.00038,2e-05,1.5236,1483
733184,358,0,6,0,0,0,6,-0.00076,0.0,1.4955,1600
735232,359,0,2,1,0,0,1,-0.00125,0.00011,1.5181,1620
737280,360,0,11,0,4,1,6,-0.00234,0.0,1.5486,1540
739328,361,0,5,0,4,0,1,-0.00108,0.0,1.5746,1523
741376,362,0,10,0,4,0,6,-0.00136,0.0,1.5367,1510
743424,363,0,2,0,0,0,2,-0.00083,0.0,1.5315,1380
745472,364,0,6,0,3,0,3,-0.00249,0.0,1.5409,1466
747520,365,0,5,0,2,0,3,-0.00053,0.0,1.538,1572
749568,366,0,7,0,1,0,6,-0.00211,0.0,1.5516,1499
751616,367,0,6,0,4,0,2,0.00044,0.0,1.5538,1512
753664,368,0,5,0,2,0,3,-0.0012,0.0,1.5376,1498
755712,369,0,3,0,0,0,3,-0.00101,0.0,1.5261,1452
757760,370,0,9,0,5,1,3,-0.0038,0.0,1.5527,1422
759808,371,0,7,0,2,0,5,-0.00017,1e-05,1.4785,1399
761856,372,0,6,0,2,1,3,-0.00302,0.0,1.5265,1611
763904,373,0,4,0,1,0,3,-0.00138,0.0,1.5144,1631
765952,374,0,9,1,4,1,3,-0.00065,0.00022,1.5813,1637
768000,375,0,9,0,3,2,4,-0.00163,0.0,1.647,1530
770048,376,0,7,1,2,3,1,-0.00273,0.00068,1.6737,1467
772096,377,0,6,2,3,0,1,-0.00421,0.0003,1.6904,1459
774144,378,0,11,1,4,2,4,-7e-05,0.00054,1.6721,1377
776192,379,0,5,0,2,0,3,-0.0006,1e-05,1.6662,1512
778240,380,0,6,2,3,0,1,-0.0003,0.00089,1.6614,1448
780288,381,0,5,0,1,1,3,-0.0006,1e-05,1.7159,1502
782336,382,0,7,0,3,0,4,-4e-05,1e-05,1.732,1580
784384,383,0,8,0,4,1,3,-0.0003,1e-05,1.7226,1532
786432,384,0,7,0,3,0,4,-0.00016,0.0,1.7066,1380
788480,385,0,6,0,4,0,2,-0.00068,1e-05,1.7221,1515
790528,386,0,7,0,3,1,3,-0.00339,1e-05,1.6694,1505
792576,387,0,5,0,2,1,2,-0.00063,0.0,1.6327,1594
794624,388,0,8,2,3,0,3,-0.00027,0.0017,1.5897,1564
796672,389,0,7,0,4,1,2,-0.0011,1e-05,1.562,1584
798720,390,0,4,0,1,0,3,-0.00171,1e-05,1.6,1352
800768,391,0,7,0,4,0,3,-0.00031,1e-05,1.6123,1391
802816,392,0,6,0,0,1,5,-0.00077,0.0,1.6123,1205
804864,393,0,8,0,3,0,5,-0.00232,0.0,1.6254,1318
806912,394,0,4,0,2,0,2,-0.00029,0.0,1.5894,1383
808960,395,0,7,0,3,0,4,-0.00356,0.0,1.6086,1380
811008,396,0,6,0,2,1,3,-0.00026,2e-05,1.6019,1373
813056,397,0,8,0,3,0,5,-0.00095,2e-05,1.5876,1480
815104,398,0,5,0,4,0,1,-0.00038,1e-05,1.6009,1399
817152,399,0,6,0,2,2,2,-0.00133,0.0,1.5787,1493
819200,400,0,8,0,2,0,6,-0.00067,0.0,1.565,1349
821248,401,0,6,0,4,1,1,-0.00041,0.0,1.5611,1379
823296,402,0,7,0,3,0,4,-0.00104,0.0,1.5481,1473
825344,403,0,7,0,4,0,3,-0.00075,0.0,1.497,1580
827392,404,0,10,0,4,1,5,-0.00118,0.0,1.5214,1513
829440,405,0,9,0,8,0,1,-0.0015,0.0,1.5244,1559
831488,406,0,9,0,6,0,3,-0.00104,0.0,1.542,1521
833536,407,0,4,0,1,0,3,-0.00126,0.0,1.5456,1542
835584,408,0,4,1,1,0,2,-0.00283,0.00065,1.6175,1616
837632,409,0,6,0,2,0,4,-0.00011,0.0,1.6716,1599
839680,410,0,8,0,3,1,4,-0.00136,0.0,1.6723,1354
841728,411,0,8,0,4,0,4,-0.00201,0.0,1.6142,1461
843776,412,0,6,0,4,0,2,-0.00205,0.0,1.5952,1434
845824,413,0,2,0,0,0,2,-0.00172,0.0,1.6012,1527
847872,414,0,8,0,2,1,5,-0.00139,0.0,1.5308,1291
849920,415,0,5,1,3,0,1,-0.00128,7e-05,1.5745,1357
851968,416,0,8,1,2,1,4,-0.00044,0.00091,1.6282,1446
854016,417,0,3,0,2,0,1,-0.0016,0.0,1.6794,1337
856064,418,0,9,0,3,1,5,-0.00172,0.0,1.6909,1469
858112,419,0,3,0,1,0,2,-0.00142,0.0,1.6233,1511
860160,420,0,8,0,2,1,5,-0.00238,0.0,1.6284,1180
862208,421,0,6,0,2,1,3,-0.0002,0.0,1.6449,1388
864256,422,0,3,0,1,0,2,-0.00061,0.0,1.6636,1278
866304,423,0,4,0,2,1,1,-0.00068,0.0,1.7026,1633
868352,424,0,10,1,4,1,4,-0.00106,0.00072,1.7074,1631
870400,425,0,7,0,2,0,5,-0.00029,0.0,1.7071,1479
872448,426,0,4,0,3,0,1,-0.0003,0.0,1.7051,1389
874496,427,0,6,0,4,0,2,-0.00075,0.0,1.7259,1484
876544,428,0,9,1,4,0,4,-0.00063,0.00145,1.7609,1551
878592,429,0,7,0,5,0,2,-0.00056,2e-05,1.7738,1558
880640,430,0,13,0,8,2,3,-0.00098,1e-05,1.7671,1567
882688,431,0,8,0,6,0,2,-0.00011,0.0,1.7698,1416
884736,432,0,4,0,0,0,4,-0.00033,0.0,1.7479,1620
886784,433,0,5,0,1,3,1,-0.00028,0.0,1.7363,1533
888832,434,0,6,0,2,0,4,-0.00108,0.0,1.7073,1539
890880,435,0,6,0,1,0,5,-0.00146,0.0,1.6542,1433
892928,436,0,4,0,2,0,2,-0.00217,0.0,1.5874,1523
894976,437,0,9,0,4,0,5,-0.00191,0.0,1.5435,1481
897024,438,0,6,0,4,1,1,-0.0011,0.0,1.5347,1368
899072,439,0,8,0,3,0,5,-0.00065,0.0,1.5507,1501
901120,440,0,1,0,1,0,0,-0.00343,0.0,1.6078,1302
903168,441,0,9,0,1,2,6,-0.00103,0.0,1.629,1485
905216,442,0,5,0,1,1,3,-0.00242,0.0,1.6752,1425
907264,443,0,9,0,5,0,4,-0.00161,0.0,1.7007,1523
909312,444,0,5,1,1,1,2,-0.00084,0.00027,1.7412,1307
911360,445,0,9,0,2,1,6,0.00049,0.0,1.7662,1273
913408,446,0,8,0,6,0,2,-0.00214,0.0,1.7353,1544
915456,447,0,8,1,3,0,4,-0.00034,0.00074,1.7051,1479
917504,448,0,3,0,1,1,1,-0.00154,0.0,1.7137,1549
919552,449,0,7,1,3,1,2,-0.00121,0.00046,1.7269,1530
921600,450,0,11,0,5,1,5,-0.00085,1e-05,1.7228,1305
923648,451,0,5,0,2,0,3,-0.00076,0.0,1.7695,1386
925696,452,0,4,0,2,0,2,-0.00026,0.0,1.786,1504
927744,453,0,9,1,6,0,2,-0.00024,0.00027,1.7945,1412
929792,454,0,9,0,3,0,6,-0.0016,0.0,1.7868,1312
931840,455,0,8,0,5,0,3,-0.00073,0.0,1.7711,1415
933888,456,0,5,1,3,0,1,-0.00046,0.00057,1.7643,1480
935936,457,0,9,0,3,1,5,-0.00081,0.0,1.7668,1340
937984,458,0,13,0,9,1,3,-0.0002,0.0,1.7836,1636
940032,459,0,8,1,3,2,2,-0.00019,0.00129,1.8012,1497
942080,460,0,6,0,3,2,1,-0.00054,0.0,1.8214,1482
944128,461,0,6,0,2,1,3,-0.00036,1e-05,1.8351,1269
946176,462,0,7,0,4,0,3,-0.00093,1e-05,1.828,1386
948224,463,0,7,1,1,0,5,-0.00162,0.00083,1.8095,1446
950272,464,0,6,0,4,0,2,-0.00124,2e-05,1.7855,1348
952320,465,0,10,0,6,0,4,-0.00133,2e-05,1.8174,1460
954368,466,0,6,0,1,0,5,-0.00195,4e-05,1.8376,1556
956416,467,0,4,0,2,0,2,-0.00088,0.0,1.8334,1505
958464,468,0,6,0,2,0,4,-0.00019,0.0,1.818,1458
960512,469,0,9,0,4,0,5,-0.00241,1e-05,1.8427,1287
962560,470,0,11,2,5,0,4,-0.00048,0.00185,1.8763,1419
964608,471,0,4,0,2,1,1,-0.00125,1e-05,1.9023,1441
966656,472,0,2,0,0,0,2,-0.00066,0.0,1.8939,1373
968704,473,0,9,1,3,0,5,-0.001,0.00022,1.8756,1483
970752,474,0,9,0,4,0,5,-0.00242,0.0,1.8408,1300
972800,475,0,6,2,2,0,2,-0.00277,0.00278,1.8029,1188
974848,476,0,7,1,3,1,2,-0.00079,0.00012,1.7557,1430
976896,477,0,6,0,2,1,3,-0.00072,0.0,1.7504,1424
978944,478,0,8,0,2,1,5,-0.00306,1e-05,1.814,1384
980992,479,0,3,1,1,0,1,-0.00073,0.0011,1.8297,1191
983040,480,0,5,0,0,0,5,-0.00115,0.0,1.8412,1492
985088,481,0,10,0,5,1,4,-0.003,1e-05,1.8789,1466
987136,482,0,5,0,1,1,3,-0.0003,1e-05,1.8977,1487
989184,483,0,8,0,5,1,2,1e-05,1e-05,1.8866,1234
991232,484,0,6,0,1,1,4,-0.00123,0.0,1.8938,1473
993280,485,0,5,0,2,1,2,-0.00287,0.0,1.9066,1500
995328,486,0,5,0,2,0,3,-0.00786,1e-05,1.8863,1520
997376,487,0,8,1,2,0,5,-0.00443,0.00018,1.8946,1399
999424,488,0,4,0,1,0,3,-0.00062,0.0,1.9114,1490
1001472,489,0,8,0,4,1,3,0.00016,0.0,1.908,1525
1003520,490,0,5,0,2,0,3,-0.00047,0.0,1.9175,1442
1005568,491,0,8,0,4,0,4,-0.00148,0.0,1.9212,1366
1007616,492,0,3,0,1,0,2,-0.00105,0.0,1.9103,1453
1009664,493,0,8,0,3,0,5,-0.00018,0.0,1.9047,1605
1011712,494,0,5,0,3,0,2,-0.00062,0.0,1.9031,1670
1013760,495,0,7,0,1,0,6,-0.0002,0.0,1.8948,1444
1015808,496,0,2,0,0,0,2,-0.0013,1e-05,1.9054,1356
1017856,497,0,8,0,3,1,4,-0.0004,1e-05,1.9198,1448
1019904,498,0,7,1,2,0,4,-0.00041,3e-05,1.9268,1474
1021952,499,0,9,0,5,0,4,-0.00023,0.0,1.927,1478
1024000,500,0,4,0,3,0,1,0.0001,0.0,1.9236,1634
1026048,501,0,3,0,2,0,1,3e-05,0.0,1.9247,1529
1028096,502,0,6,0,2,0,4,-0.00026,0.0,1.9161,1660
1030144,503,0,9,1,4,0,4,0.0,0.00022,1.9109,1555
1032192,504,0,6,0,2,0,4,-0.001,0.0,1.9175,1460
1034240,505,0,4,0,2,0,2,-0.00105,0.0,1.9314,1486
1036288,506,0,9,0,5,1,3,-0.00229,1e-05,1.9346,1477
1038336,507,0,4,0,1,0,3,-0.00148,2e-05,1.9135,1460
1040384,508,0,4,0,2,0,2,-0.00132,1e-05,1.9159,1624
1042432,509,0,7,0,4,0,3,-0.00273,1e-05,1.8855,1674
1044480,510,0,11,0,4,0,7,-0.00487,1e-05,1.8847,1669
1046528,511,0,4,0,3,0,1,-0.00098,1e-05,1.8758,1426
1048576,512,0,7,0,4,0,3,-0.00071,0.0,1.8576,1547
1050624,513,0,10,0,4,0,6,-0.00131,1e-05,1.8561,1577
1052672,514,0,5,0,3,0,2,-0.00291,1e-05,1.8787,1665
1054720,515,0,2,0,1,0,1,-0.00014,0.0,1.8946,1655
1056768,516,0,8,0,3,0,5,-0.00267,0.0,1.8827,1675
1058816,517,0,7,0,2,0,5,-0.00107,0.0,1.8567,1659
1060864,518,0,5,0,1,0,4,-7e-05,0.0,1.8736,1619
1062912,519,0,7,0,4,1,2,-0.00019,0.0,1.8887,1337
1064960,520,0,4,0,0,0,4,-0.00053,0.0,1.8746,1381
1067008,521,0,5,0,2,0,3,-0.00023,0.0,1.8817,1503
1069056,522,0,6,0,0,1,5,-0.00101,0.0,1.8857,1491
1071104,523,0,3,0,0,0,3,-0.00054,0.0,1.9086,1534
1073152,524,0,10,1,5,0,4,-0.00123,9e-05,1.9219,1380
1075200,525,0,3,0,0,1,2,-0.00078,0.0,1.9332,1551
1077248,526,0,6,0,1,1,4,-0.00018,0.0,1.9352,1453
1079296,527,0,3,0,2,0,1,-0.00012,0.0,1.9337,1656
1081344,528,0,9,0,2,0,7,-0.00115,0.0,1.9326,1531
1083392,529,0,5,0,1,0,4,-0.00159,0.0,1.9198,1460
1085440,530,0,4,0,2,0,2,-0.00053,0.0,1.9128,1516
1087488,531,0,4,0,1,0,3,-0.00049,0.0,1.923,1655
1089536,532,0,8,0,3,0,5,-0.00051,0.0,1.9263,1608
1091584,533,0,6,0,2,0,4,-0.00036,0.0,1.9243,1663
1093632,534,0,2,0,0,0,2,-0.00092,0.0,1.9307,1592
1095680,535,0,5,0,1,1,3,-0.00081,0.0,1.934,1504
1097728,536,0,9,0,3,0,6,-0.0002,0.0,1.9339,1561
1099776,537,0,7,1,2,0,4,-0.00012,0.00074,1.9336,1440
1101824,538,0,3,0,1,0,2,-0.00018,0.0,1.9337,1507
1103872,539,0,7,0,6,0,1,-0.00015,0.0,1.936,1649
1105920,540,0,6,0,2,0,4,-0.00061,0.0,1.9359,1460
1107968,541,0,6,0,1,0,5,-0.00039,0.0,1.9306,1632
1110016,542,0,2,0,2,0,0,-0.0009,0.0,1.925,1361
1112064,543,0,7,0,3,1,3,-0.00406,1e-05,1.9166,1540
1114112,544,0,7,0,2,0,5,-0.00212,0.0,1.926,1488
1116160,545,0,6,0,2,0,4,-0.00045,0.0,1.9311,1612
1118208,546,0,4,0,1,1,2,-0.00032,0.0,1.9284,1547
1120256,547,0,4,0,1,0,3,-0.00043,0.0,1.9251,1546
1122304,548,0,7,0,1,0,6,-0.00207,0.0,1.9205,1518
1124352,549,0,8,0,4,0,4,-0.00027,0.0,1.9123,1526
1126400,550,0,4,0,3,0,1,-0.00097,0.0,1.9185,1370
1128448,551,0,2,0,0,0,2,-0.00019,0.0,1.9151,1511
1130496,552,0,6,1,1,0,4,-0.00112,0.00033,1.9199,1520
1132544,553,0,10,0,2,1,7,-0.00128,0.0,1.9252,1477
1134592,554,0,4,1,3,0,0,-0.00066,0.00087,1.9276,1531
1136640,555,0,4,0,2,0,2,-0.00114,0.0,1.9213,1525
1138688,556,0,10,0,4,0,6,-0.00067,0.0,1.9109,1463
1140736,557,0,5,0,1,0,4,-0.00082,0.0,1.9087,1493
1142784,558,0,3,0,1,0,2,-0.00207,0.0,1.8825,1533
1144832,559,0,4,0,1,0,3,-0.00185,0.0,1.8328,1504
1146880,560,0,11,0,4,0,7,-0.00216,0.0,1.8466,1449
1148928,561,0,8,0,5,0,3,-0.00083,0.0,1.8842,1593
1150976,562,0,3,0,3,0,0,-0.00165,0.0,1.8911,1533
1153024,563,0,4,0,2,1,1,-0.00262,0.0,1.8821,1570
1155072,564,0,9,0,2,0,7,-0.00336,0.0,1.8404,1503
1157120,565,0,7,0,2,0,5,-0.00032,0.0,1.8525,1466
1159168,566,0,4,0,3,0,1,-0.00019,0.0,1.8605,1528
1161216,567,0,7,0,1,1,5,-0.00061,0.0,1.8627,1542
1163264,568,0,6,0,4,0,2,-0.00105,0.0,1.8351,1585
1165312,569,0,8,0,2,0,6,-0.00173,0.0,1.8279,1619
1167360,570,0,6,0,4,0,2,-0.00133,0.0,1.8322,1672
1169408,571,0,4,0,0,0,4,0.00018,0.0,1.8402,1642
1171456,572,0,4,0,2,0,2,-0.0022,0.0,1.8528,1507
1173504,573,0,6,0,1,0,5,-0.0006,0.0,1.8563,1550
1175552,574,0,9,0,4,0,5,-0.00058,0.0,1.852,1543
1177600,575,0,3,0,1,0,2,-0.00054,0.0,1.8673,1515
1179648,576,0,4,0,0,0,4,-0.00112,0.0,1.8921,1526
1181696,577,0,9,1,5,0,3,-0.00131,9e-05,1.8814,1408
1183744,578,0,7,0,1,0,6,-0.00116,0.0,1.8564,1497
1185792,579,0,5,1,3,0,1,-0.00036,0.00089,1.834,1417
1187840,580,0,9,0,6,0,3,-0.00162,0.0,1.8153,1445
1189888,581,0,5,0,1,1,3,-0.00174,0.0,1.7888,1429
1191936,582,0,6,0,1,0,5,-0.00122,0.0,1.7625,1478
1193984,583,0,7,0,6,0,1,0.00026,1e-05,1.752,1429
1196032,584,0,5,0,1,0,4,0.00013,0.0,1.7792,1494
1198080,585,0,5,0,2,0,3,-0.00078,0.0,1.7851,1456
1200128,586,0,9,1,2,0,6,-0.00039,0.00052,1.7684,1369
1202176,587,0,8,0,6,0,2,-0.00308,0.0,1.7494,1512
1204224,588,0,2,0,1,0,1,-0.00414,0.0,1.7254,1614
1206272,589,0,5,0,2,0,3,-0.00253,1e-05,1.7303,1460
1208320,590,0,7,0,2,1,4,-0.00431,1e-05,1.7156,1525
1210368,591,0,5,0,1,0,4,-0.00298,1e-05,1.7143,1535
1212416,592,0,7,1,3,1,2,-0.00067,0.00079,1.6751,1512
1214464,593,0,4,0,1,0,3,-0.00402,0.0,1.6729,1498
1216512,594,0,6,0,1,0,5,-0.00401,0.0,1.6632,1407
1218560,595,0,4,0,0,0,4,-0.00412,0.0,1.6317,1477
1220608,596,0,4,0,2,0,2,-5e-05,0.0,1.6282,1542
1222656,597,0,10,0,6,0,4,0.0001,0.0,1.6365,1365
1224704,598,0,9,1,5,0,3,0.00026,0.00025,1.6586,1407
1226752,599,0,3,0,2,0,1,-0.0,0.0,1.6766,1342
1228800,600,0,6,0,3,0,3,0.00013,0.0,1.6722,1291
1230848,601,0,11,0,4,1,6,-0.00284,0.0,1.6277,1370
1232896,602,0,9,0,5,1,3,-7e-05,0.0,1.5983,1326
1234944,603,0,3,0,2,0,1,-0.00066,0.0,1.5938,1440
1236992,604,0,6,0,4,1,1,-0.00235,0.0,1.5549,1457
1239040,605,0,7,0,1,0,6,-0.0012,0.0,1.5303,1449
1241088,606,0,4,0,1,0,3,-0.0012,0.0,1.5519,1386
1243136,607,0,6,0,2,1,3,0.00043,0.0,1.6081,1398
1245184,608,0,4,0,2,0,2,-0.0018,0.0,1.5569,1524
1247232,609,0,10,0,3,0,7,-0.00251,0.0,1.5162,1656
1249280,610,0,3,0,2,0,1,-0.00246,0.0,1.4589,1672
1251328,611,0,6,1,3,0,2,-0.00184,0.00062,1.372,1469
1253376,612,0,9,0,5,0,4,-0.00222,0.0,1.3395,1427
1255424,613,0,6,0,3,0,3,-0.00229,0.0,1.3444,1495
1257472,614,0,5,0,1,1,3,-0.00048,0.0,1.3935,1383
1259520,615,0,4,0,1,0,3,-0.00057,0.0,1.4345,1482
1261568,616,0,6,1,0,3,2,-0.00184,0.00128,1.4873,1613
1263616,617,0,8,0,3,0,5,-0.0017,1e-05,1.5557,1632
1265664,618,0,4,0,1,0,3,-0.00062,0.0,1.5837,1608
1267712,619,0,2,1,0,0,1,-0.00163,0.00011,1.5677,1694
1269760,620,0,8,0,3,0,5,-0.00117,0.0,1.4966,1615
1271808,621,0,7,0,3,0,4,-0.00042,0.0,1.4768,1296
1273856,622,0,4,0,1,0,3,-0.0014,0.0,1.4524,1402
1275904,623,0,3,0,2,0,1,-0.00083,0.0,1.4783,1430
1277952,624,0,8,1,2,0,5,-0.00134,0.00014,1.4422,1411
1280000,625,0,6,0,2,0,4,-0.0001,0.0,1.4904,1359
1282048,626,0,6,1,2,0,3,-0.00245,0.00052,1.4645,1527
1284096,627,0,2,0,0,0,2,0.00055,0.0,1.4559,1420
1286144,628,0,10,1,4,0,5,-0.00233,4e-05,1.5312,1480
1288192,629,0,4,0,2,0,2,-0.00011,0.0,1.5877,1406
1290240,630,0,5,0,2,0,3,-0.00294,0.0,1.576,1480
1292288,631,0,3,0,1,0,2,-0.00148,0.0,1.521,1529
1294336,632,0,7,0,1,0,6,-0.00263,0.0,1.5075,1467
1296384,633,0,8,0,4,0,4,-0.00167,0.0,1.492,1590
1298432,634,0,4,0,1,0,3,-0.0039,0.0,1.4474,1429
1300480,635,0,4,0,2,0,2,-0.00356,0.0,1.3695,1592
1302528,636,0,5,0,0,0,5,-7e-05,0.0,1.3605,1381
1304576,637,0,8,0,3,0,5,-0.00047,0.0,1.3234,1393
1306624,638,0,2,0,0,0,2,-0.00154,0.0,1.2579,1439
1308672,639,0,4,0,1,0,3,-0.00243,0.0,1.2305,1522
1310720,640,0,5,0,0,0,5,0.0,0.0,1.1682,1598
1312768,641,0,6,0,1,0,5,-0.00437,0.0,1.3085,1606
1314816,642,0,4,0,0,0,4,-0.00056,0.0,1.3229,1685
1316864,643,0,2,0,0,0,2,-0.00153,0.0,1.375,1617
1318912,644,0,6,0,1,0,5,-0.00407,0.0,1.3055,1453
1320960,645,0,6,0,1,0,5,-0.00054,0.0,1.272,1599
1323008,646,0,3,0,0,0,3,-0.0005,0.0,1.2826,1550
1325056,647,0,7,0,2,0,5,-0.0015,0.0,1.3156,1600
1327104,648,0,3,0,0,0,3,-0.00279,0.0,1.2966,1617
1329152,649,0,5,0,1,0,4,-0.00184,0.0,1.2774,1568
1331200,650,0,3,0,0,0,3,-0.00108,0.0,1.3104,1451
1333248,651,0,6,0,1,0,5,0.00042,0.0,1.3011,1370
1335296,652,0,3,0,0,0,3,-0.00214,0.0,1.3319,1619
1337344,653,0,5,0,0,0,5,-0.00229,0.0,1.3506,1523
1339392,654,0,5,0,1,0,4,-0.00137,0.0,1.3821,1521
1341440,655,0,4,0,0,0,4,-0.00045,0.0,1.4251,1510
1343488,656,0,5,0,1,0,4,-0.00281,0.0,1.4583,1503
1345536,657,0,5,0,0,0,5,0.00014,0.0,1.4807,1499
1347584,658,0,4,0,0,0,4,-0.00056,0.0,1.4774,1525
1349632,659,0,5,0,1,0,4,-0.00129,0.0,1.482,1499
1351680,660,0,7,0,1,0,6,-0.00378,0.0,1.5048,1545
1353728,661,0,4,0,1,0,3,-0.0011,0.0,1.5437,1662
1355776,662,0,3,0,0,0,3,-0.00069,0.0,1.5519,1589
1357824,663,0,5,0,0,0,5,-0.00202,0.0,1.5623,1538
1359872,664,0,5,0,1,0,4,-0.0042,0.0,1.564,1671
1361920,665,0,5,0,1,0,4,-0.00052,0.0,1.5505,1572
1363968,666,0,3,0,0,0,3,-0.00059,0.0,1.5595,1329
1366016,667,0,5,0,0,0,5,-0.00423,0.0,1.5864,1492
1368064,668,0,6,0,1,0,5,-0.0008,0.0,1.5892,1407
1370112,669,0,4,0,0,0,4,-0.00016,0.0,1.5877,1611
1372160,670,0,4,0,0,0,4,-0.00526,0.0,1.565,1599
1374208,671,0,4,0,0,0,4,-0.00157,0.0,1.5209,1661
1376256,672,0,7,0,3,0,4,0.00045,0.0,1.4459,1484
1378304,673,0,5,0,1,0,4,-0.0002,0.0,1.4294,1358
1380352,674,0,5,0,1,0,4,-0.00135,0.0,1.3835,1417
1382400,675,0,3,0,0,0,3,-0.00163,0.0,1.382,1618
1384448,676,0,6,0,0,0,6,-0.00047,0.0,1.4535,1572
1386496,677,0,5,0,1,0,4,-0.00107,1e-05,1.4617,1542
1388544,678,0,4,0,0,0,4,-0.00158,0.0,1.4663,1619
1390592,679,0,3,0,1,0,2,-0.00124,0.0,1.5307,1555
1392640,680,0,6,0,0,0,6,-0.00192,0.0,1.5553,1433
1394688,681,0,5,0,1,0,4,0.00051,0.0,1.5374,1578
1396736,682,0,5,0,1,0,4,-0.00197,0.0,1.5335,1503
1398784,683,0,3,0,0,0,3,-0.00214,0.0,1.5182,1600
1400832,684,0,6,0,1,0,5,-0.00389,1e-05,1.5302,1505
1402880,685,0,6,0,1,0,5,-0.00346,1e-05,1.5692,1636
1404928,686,0,3,0,0,0,3,-0.00131,0.0,1.5865,1563
1406976,687,0,5,0,1,0,4,-0.00152,0.0,1.5945,1464
1409024,688,0,8,1,2,0,5,-0.00085,0.00055,1.6094,1506
1411072,689,0,7,0,3,0,4,-0.00464,1e-05,1.6153,1512
1413120,690,0,3,0,2,0,1,-0.00264,1e-05,1.6122,1587
1415168,691,0,3,0,0,0,3,-0.00447,1e-05,1.6063,1520
1417216,692,0,5,0,2,0,3,-0.00246,1e-05,1.5887,1589
1419264,693,0,8,0,2,0,6,-0.00335,0.0,1.5854,1583
1421312,694,0,2,0,0,0,2,-0.00255,1e-05,1.6043,1649
1423360,695,0,7,0,2,0,5,-0.00225,2e-05,1.595,1470
1425408,696,0,5,0,0,0,5,-0.00107,1e-05,1.5779,1469
1427456,697,0,6,0,2,0,4,-0.00352,1e-05,1.5411,1378
1429504,698,0,2,0,0,0,2,-0.00237,1e-05,1.5196,1651
1431552,699,0,8,0,1,0,7,-0.00302,1e-05,1.5416,1671
1433600,700,0,5,0,0,0,5,-0.00272,0.0,1.5379,1667
1435648,701,0,3,0,0,0,3,-0.00124,0.0,1.5411,1493
1437696,702,0,2,0,0,0,2,-0.00225,0.0,1.5423,1580
1439744,703,0,6,0,0,0,6,-0.00152,0.0,1.5281,1475
1441792,704,0,6,0,2,0,4,-0.00155,0.0,1.4899,1579
1443840,705,0,4,0,1,0,3,-0.00105,0.0,1.4788,1553
1445888,706,0,4,0,1,0,3,-0.00156,0.0,1.4502,1411
1447936,707,0,3,0,0,0,3,-0.00033,0.0,1.4716,1666
1449984,708,0,6,0,0,0,6,-0.00126,1e-05,1.4944,1597
1452032,709,0,4,0,1,0,3,-0.00138,0.0,1.446,1555
1454080,710,0,4,0,0,0,4,-0.00064,0.0,1.4417,1537
1456128,711,0,3,0,0,0,3,-0.00201,0.0,1.4353,1580
1458176,712,0,6,0,0,0,6,-0.0032,0.0,1.3413,1545
1460224,713,0,4,0,1,0,3,-0.00062,0.0,1.3573,1453
1462272,714,0,4,0,0,0,4,-6e-05,0.0,1.3696,1496
1464320,715,0,5,0,1,0,4,-0.00252,0.0,1.3793,1377
1466368,716,0,6,0,1,0,5,-0.00106,0.0,1.3185,1479
1468416,717,0,2,0,0,0,2,-0.0031,0.0,1.3356,1480
1470464,718,0,6,0,0,0,6,-0.00066,0.0,1.3254,1361
1472512,719,0,5,0,1,0,4,-0.00595,0.0,1.3153,1390
1474560,720,0,4,0,0,0,4,-0.00036,0.0,1.3302,1479
1476608,721,0,3,0,0,0,3,-0.00199,0.0,1.2847,1540
1478656,722,0,7,0,1,0,6,-0.0016,0.0,1.202,1615
1480704,723,0,5,0,0,0,5,0.00027,0.0,1.2044,1630
1482752,724,0,1,0,0,0,1,-0.00102,0.0,1.2311,1559
1484800,725,0,5,0,0,0,5,0.00046,0.0,1.2666,1484
1486848,726,0,6,0,1,0,5,-0.00126,0.0,1.2238,1534
1488896,727,0,5,0,0,0,5,-0.00025,0.0,1.1744,1563
1490944,728,0,3,0,0,0,3,0.0003,0.0,1.2201,1619
1492992,729,0,4,0,0,0,4,-0.00446,0.0,1.1794,1406
1495040,730,0,4,0,0,0,4,-0.00012,0.0,1.1272,1617
1497088,731,0,5,0,0,0,5,-0.00044,0.0,1.1844,1634
1499136,732,0,3,0,0,0,3,-0.00049,0.0,1.2083,1478
1501184,733,0,4,0,0,0,4,-0.00072,0.0,1.2161,1530
1503232,734,0,4,0,0,0,4,-0.00068,0.0,1.2018,1579
1505280,735,0,8,0,2,0,6,-0.00198,0.0,1.157,1457
1507328,736,0,2,0,0,0,2,-0.00125,0.0,1.1848,1499
1509376,737,0,6,0,1,0,5,-0.00361,0.0,1.2062,1586
1511424,738,0,4,0,1,0,3,0.00027,0.0,1.2576,1562
1513472,739,0,7,0,1,0,6,-0.00017,0.0,1.2604,1634
1515520,740,0,3,0,1,0,2,9e-05,0.0,1.3035,1419
1517568,741,0,7,0,0,0,7,-0.00236,0.0,1.2583,1363
1519616,742,0,5,0,2,0,3,-0.00077,0.0,1.207,1325
1521664,743,0,5,0,1,0,4,-0.00104,0.0,1.1612,1491
1523712,744,0,4,0,1,0,3,-0.00476,0.0,1.2366,1543
1525760,745,0,6,0,0,0,6,-0.00367,0.0,1.2154,1544
1527808,746,0,8,0,3,0,5,-0.00112,0.0,1.1707,1589
1529856,747,0,3,0,1,0,2,-0.00025,0.0,1.1385,1535
1531904,748,0,4,0,0,0,4,-0.00047,0.0,1.216,1491
1533952,749,0,5,0,0,0,5,-0.00068,0.0,1.2072,1427
1536000,750,0,7,0,1,0,6,-0.00235,0.0,1.1466,1473
1538048,751,0,4,0,2,0,2,-0.00034,0.0,1.0935,1410
1540096,752,0,4,0,0,0,4,-0.00072,0.0,1.135,1536
1542144,753,0,6,0,1,0,5,-0.00234,0.0,1.1094,1620
1544192,754,0,5,0,0,0,5,-0.00041,0.0,1.1086,1593
1546240,755,0,3,0,0,0,3,-0.00056,0.0,1.1369,1550
1548288,756,0,3,0,0,0,3,-0.00045,0.0,1.2067,1427
1550336,757,0,6,0,1,0,5,-0.00225,0.0,1.2367,1469
1552384,758,0,6,0,0,0,6,-0.00088,0.0,1.3033,1597
1554432,759,0,3,0,1,0,2,-0.00247,0.0,1.3025,1552
1556480,760,0,4,0,0,0,4,-0.00048,0.0,1.2492,1626
1558528,761,0,4,0,0,0,4,-0.00209,0.0,1.2284,1496
1560576,762,0,5,0,0,0,5,0.00048,0.0,1.1848,1409
1562624,763,0,3,0,0,0,3,-0.00013,0.0,1.2239,1285
1564672,764,0,6,0,0,0,6,-0.00083,0.0,1.229,1591
1566720,765,0,4,0,0,0,4,-0.00074,0.0,1.2149,1579
1568768,766,0,5,0,1,0,4,-0.00072,0.0,1.1696,1465
1570816,767,0,3,0,0,0,3,0.00104,0.0,1.1969,1478
1572864,768,0,6,0,0,0,6,6e-05,0.0,1.1713,1561
1574912,769,0,6,0,1,0,5,-0.00116,0.0,1.1691,1516
1576960,770,0,2,0,0,0,2,-0.00144,0.0,1.1729,1430
1579008,771,0,4,0,0,0,4,0.00012,0.0,1.0658,1280
1581056,772,0,4,0,0,0,4,-1e-05,0.0,1.0828,1594
1583104,773,0,6,0,0,0,6,-0.00517,0.0,1.0734,1493
1585152,774,0,4,0,0,0,4,-0.00101,0.0,1.0853,1561
1587200,775,0,4,0,1,0,3,6e-05,0.0,1.0819,1427
1589248,776,0,4,0,0,0,4,-0.00017,0.0,1.0888,1482
1591296,777,0,6,0,1,0,5,-0.00066,0.0,1.0688,1517
1593344,778,0,4,0,0,0,4,-0.00038,0.0,1.039,1442
1595392,779,0,3,0,0,0,3,-0.00097,0.0,1.0386,1532
1597440,780,0,5,0,1,0,4,-0.00034,0.0,1.0647,1533
1599488,781,0,9,0,3,0,6,-0.00043,0.0,1.133,1432
1601536,782,0,3,0,0,0,3,-0.00019,0.0,1.1683,1442
1603584,783,0,4,0,0,0,4,-0.00196,0.0,1.1737,1417
1605632,784,0,3,0,0,0,3,-0.0002,0.0,1.1313,1467
1607680,785,0,6,0,0,0,6,-0.00019,0.0,1.1593,1460
1609728,786,0,4,0,1,0,3,-0.00086,0.0,1.1765,1526
1611776,787,0,6,0,2,0,4,-0.00571,0.0,1.2098,1536
1613824,788,0,4,0,0,0,4,-0.00058,0.0,1.2443,1642
1615872,789,0,5,0,0,0,5,-0.00104,0.0,1.263,1550
1617920,790,0,3,0,0,0,3,-0.00015,0.0,1.2747,1516
1619968,791,0,5,0,0,0,5,-0.00234,0.0,1.319,1429
1622016,792,0,7,0,1,0,6,-0.00203,0.0,1.3329,1538
1624064,793,0,2,0,0,0,2,-0.00147,0.0,1.3401,1617
1626112,794,0,4,0,0,0,4,-0.00376,0.0,1.3882,1555
1628160,795,0,4,0,0,0,4,0.00026,0.0,1.3972,1402
1630208,796,0,9,0,3,0,6,9e-05,0.0,1.3785,1574
1632256,797,0,5,0,1,0,4,-0.0024,1e-05,1.4037,1525
1634304,798,0,5,0,2,0,3,-0.00208,1e-05,1.4103,1545
1636352,799,0,3,0,0,0,3,-0.00039,0.0,1.4232,1599
1638400,800,0,5,0,0,0,5,-0.00077,0.0,1.4246,1319
1640448,801,0,4,0,0,0,4,-0.00039,1e-05,1.4384,1421
1642496,802,0,4,0,0,0,4,-0.0013,0.0,1.4492,1553
1644544,803,0,3,0,0,0,3,-0.00303,0.0,1.4615,1459
1646592,804,0,6,0,0,0,6,-0.00306,1e-05,1.4268,1536
1648640,805,0,5,0,0,1,4,0.00043,1e-05,1.4005,1322
1650688,806,0,5,0,1,0,4,-0.00052,0.0,1.437,1450
1652736,807,0,3,0,0,0,3,-0.00258,0.0,1.4415,1372
1654784,808,0,5,0,0,0,5,-0.00103,0.0,1.442,1528
1656832,809,0,4,0,0,0,4,-0.0016,0.0,1.4575,1535
1658880,810,0,4,0,0,0,4,-0.0025,0.0,1.4674,1466
1660928,811,0,6,0,1,0,5,-0.0009,0.0,1.4899,1544
1662976,812,0,3,0,0,0,3,-0.00066,0.0,1.4925,1438
1665024,813,0,5,0,0,0,5,-0.00079,0.0,1.4844,1427
1667072,814,0,4,0,0,0,4,-0.00108,0.0,1.4921,1506
1669120,815,0,6,0,0,0,6,-0.00127,0.0,1.5165,1347
1671168,816,0,2,0,0,0,2,-0.00409,0.0,1.5197,1500
1673216,817,0,7,0,1,0,6,-0.00244,0.0,1.5235,1531
1675264,818,0,3,0,1,0,2,-0.00058,0.0,1.5305,1583
1677312,819,0,5,0,0,0,5,-0.00039,0.0,1.5303,1573
1679360,820,0,5,0,1,0,4,-0.00156,0.0,1.4936,1460
1681408,821,0,4,0,0,0,4,-0.00012,0.0,1.4773,1253
1683456,822,0,4,0,0,0,4,-0.00012,0.0,1.5078,1279
1685504,823,0,5,0,1,0,4,-0.00094,0.0,1.5121,1559
1687552,824,0,5,0,1,0,4,-0.00164,0.0,1.5232,1277
1689600,825,0,7,0,1,1,5,-0.00122,0.0,1.5367,1359
1691648,826,0,3,0,1,0,2,-0.00201,0.0,1.5521,1434
1693696,827,0,8,1,2,0,5,-0.00152,0.00169,1.5516,1436
1695744,828,0,3,0,0,0,3,-0.00084,1e-05,1.5565,1488
1697792,829,0,7,0,2,0,5,-0.00203,0.0,1.5972,1508
1699840,830,0,3,0,1,0,2,0.00119,0.0,1.5916,1491
1701888,831,0,5,0,1,0,4,-0.00073,0.0,1.5848,1528
1703936,832,0,4,0,1,0,3,0.00114,1e-05,1.5756,1371
1705984,833,0,8,0,1,0,7,-0.0008,0.0,1.5568,1489
1708032,834,0,4,0,0,0,4,5e-05,0.0,1.5853,1507
1710080,835,0,4,0,2,0,2,-0.00083,0.0,1.5736,1479
1712128,836,0,5,0,0,0,5,0.00038,0.0,1.5361,1417
1714176,837,0,5,0,0,0,5,-0.00128,0.0,1.5422,1565
1716224,838,0,6,0,2,0,4,-0.00365,0.0,1.4939,1384
1718272,839,0,5,0,3,0,2,-0.00145,0.0,1.4742,1441
1720320,840,0,6,0,2,0,4,-0.00186,0.0,1.434,1327
1722368,841,0,5,0,0,1,4,-0.00029,0.0,1.38,1392
1724416,842,0,7,0,3,0,4,0.00019,0.0,1.3985,1404
1726464,843,0,5,0,1,0,4,-0.0007,0.0,1.3562,1507
1728512,844,0,3,0,0,0,3,-0.00208,0.0,1.3138,1615
1730560,845,0,4,0,0,0,4,-0.00196,0.0,1.3453,1616
1732608,846,0,5,0,0,0,5,-0.0005,0.0,1.4215,1577
1734656,847,0,5,0,1,0,4,-0.00174,0.0,1.4037,1472
1736704,848,0,6,0,0,0,6,-0.00056,0.0,1.3957,1494
1738752,849,0,2,0,0,0,2,-0.00019,0.0,1.448,1552
1740800,850,0,5,0,1,0,4,-0.00084,0.0,1.4905,1423
1742848,851,0,5,0,0,0,5,-0.00046,0.0,1.5081,1372
1744896,852,0,6,0,2,0,4,-0.00176,0.0,1.5187,1545
1746944,853,0,1,0,0,0,1,0.00011,0.0,1.5093,1395
1748992,854,0,6,0,0,0,6,-0.00037,0.0,1.5286,1563
1751040,855,0,4,0,0,0,4,-0.001,0.0,1.5287,1485
1753088,856,0,7,0,1,0,6,-0.00012,0.0,1.5291,1464
1755136,857,0,4,0,2,0,2,-0.00148,0.0,1.5413,1365
1757184,858,0,3,0,0,0,3,-0.00113,0.0,1.5434,1404
1759232,859,0,5,0,1,0,4,-0.00027,0.0,1.5454,1367
1761280,860,0,5,0,0,0,5,-0.00109,0.0,1.5661,1441
1763328,861,0,3,0,0,0,3,0.00042,0.0,1.5869,1514
1765376,862,0,4,0,1,0,3,-0.00043,0.0,1.5962,1586
1767424,863,0,8,0,1,1,6,-0.00078,0.0,1.5893,1612
1769472,864,0,4,0,1,0,3,-0.00173,0.0,1.586,1605
1771520,865,0,3,0,1,0,2,-0.0018,0.0,1.5832,1533
1773568,866,0,7,0,2,0,5,-0.00283,0.0,1.5857,1512
1775616,867,0,3,1,0,0,2,-0.00102,3e-05,1.5875,1456
1777664,868,0,8,0,5,0,3,-0.00233,0.0,1.5867,1448
1779712,869,0,3,0,0,0,3,-0.00286,0.0,1.5656,1417
1781760,870,0,6,0,0,0,6,-0.00158,0.0,1.549,1539
1783808,871,0,7,0,5,0,2,-0.00056,0.0,1.5433,1401
1785856,872,0,10,0,5,0,5,-0.0012,0.0,1.5638,1586
1787904,873,0,5,1,2,0,2,-0.00139,0.00026,1.5871,1554
1789952,874,0,3,0,1,0,2,-0.00022,0.0,1.6067,1537
1792000,875,0,5,0,1,1,3,-0.00081,0.0,1.6199,1520
1794048,876,0,8,0,3,0,5,-0.00076,0.0,1.6215,1536
1796096,877,0,3,0,0,0,3,-0.00136,0.0,1.6334,1530
1798144,878,0,6,0,3,1,2,0.0022,0.0,1.6399,1327
1800192,879,0,10,1,3,1,5,-0.0017,0.00024,1.6571,1588
1802240,880,0,8,0,4,0,4,-0.00165,3e-05,1.657,1585
1804288,881,0,5,0,4,0,1,-0.00222,1e-05,1.6336,1536
1806336,882,0,4,0,1,1,2,-0.00161,0.0,1.6077,1518
1808384,883,0,10,0,4,0,6,-0.00337,0.0,1.6215,1392
1810432,884,0,3,0,0,0,3,-0.0017,0.0,1.6226,1491
1812480,885,0,3,0,0,0,3,-0.00267,0.0,1.6406,1445
1814528,886,0,6,0,2,0,4,-0.00335,0.0,1.6691,1393
1816576,887,0,6,0,1,0,5,-0.00171,0.0,1.6678,1452
1818624,888,0,5,0,1,1,3,-0.0053,0.0,1.6642,1522
1820672,889,0,3,0,1,0,2,-0.00378,1e-05,1.6776,1405
1822720,890,0,4,0,0,0,4,-0.00147,1e-05,1.6713,1392
1824768,891,0,8,0,2,0,6,-0.00232,0.0,1.663,1342
1826816,892,0,9,0,6,0,3,-0.00076,0.0,1.6594,1432
1828864,893,0,5,0,2,1,2,-0.00227,1e-05,1.6356,1498
1830912,894,0,5,0,1,0,4,-0.00442,0.0,1.6038,1497
1832960,895,0,5,0,2,1,2,-0.00384,0.0,1.5878,1473
1835008,896,0,4,0,0,0,4,-0.00395,1e-05,1.5534,1502
1837056,897,0,6,0,1,0,5,-0.00206,1e-05,1.5136,1545
1839104,898,0,5,0,2,0,3,-0.00243,1e-05,1.4881,1579
1841152,899,0,5,0,2,0,3,0.00052,0.0,1.4528,1366
1843200,900,0,6,0,2,0,4,-0.00218,0.0,1.461,1343
1845248,901,0,4,0,1,0,3,-0.0024,0.0,1.4884,1450
1847296,902,0,4,0,0,0,4,-0.00278,0.0,1.491,1588
1849344,903,0,6,0,1,0,5,-0.00257,0.0,1.464,1614
1851392,904,0,3,0,0,0,3,-0.00038,0.0,1.4265,1610
1853440,905,0,4,0,0,0,4,-0.00158,0.0,1.4603,1422
1855488,906,0,4,0,0,0,4,-0.00075,0.0,1.4739,1108
1857536,907,0,8,0,3,0,5,-0.00193,0.0,1.4729,1340
1859584,908,0,5,1,1,0,3,-0.00165,0.00116,1.4871,1457
1861632,909,0,5,0,1,0,4,-0.00082,1e-05,1.482,1438
1863680,910,0,5,0,2,0,3,-0.00045,0.0,1.5058,1530
1865728,911,0,5,0,0,0,5,-0.00036,0.0,1.5382,1535
1867776,912,0,5,0,2,0,3,-0.00126,0.0,1.5326,1548
1869824,913,0,6,0,1,0,5,-0.00322,0.0,1.5647,1334
1871872,914,0,3,0,1,0,2,-0.00319,0.0,1.6011,1082
1873920,915,0,9,0,3,0,6,-0.00238,0.0,1.5976,1508
1875968,916,0,4,0,4,0,0,-0.00072,0.0,1.5602,1426
1878016,917,0,8,0,3,0,5,-0.0009,0.0,1.5557,1381
1880064,918,0,3,0,1,0,2,0.0002,0.0,1.5434,1445
1882112,919,0,8,1,4,0,3,-0.00017,0.00101,1.5474,1383
1884160,920,0,7,0,3,1,3,-0.00123,1e-05,1.5944,1370
1886208,921,0,9,0,5,0,4,-0.00026,1e-05,1.6225,1438
1888256,922,0,7,0,5,0,2,-0.0061,1e-05,1.6221,1384
1890304,923,0,2,0,0,0,2,-0.00129,1e-05,1.6265,1583
1892352,924,0,6,1,0,0,5,-0.00476,0.00038,1.6306,1428
1894400,925,0,5,0,2,1,2,-0.00117,2e-05,1.6279,1446
1896448,926,0,6,0,1,0,5,0.00017,1e-05,1.636,1390
1898496,927,0,4,0,1,0,3,0.00034,1e-05,1.6278,1312
1900544,928,0,9,0,5,0,4,-0.00091,0.0,1.6417,1367
1902592,929,0,4,0,1,0,3,-0.00096,1e-05,1.6541,1482
1904640,930,0,4,0,0,0,4,-0.00351,0.0,1.659,1523
1906688,931,0,6,0,3,0,3,-0.00125,0.0,1.6631,1421
1908736,932,0,9,0,4,0,5,-0.00228,0.0,1.6542,1581
1910784,933,0,4,0,2,0,2,-0.00081,0.0,1.6515,1226
1912832,934,0,1,0,0,0,1,-0.00227,0.0,1.6429,1261
1914880,935,0,7,0,2,0,5,-0.00073,0.0,1.643,1257
1916928,936,0,7,0,0,0,7,-0.00183,0.0,1.6433,1510
1918976,937,0,2,0,0,0,2,-0.0033,0.0,1.6362,1330
1921024,938,0,5,0,2,1,2,-0.00379,0.0,1.619,1428
1923072,939,0,5,0,1,0,4,-0.00298,0.0,1.6083,1366
1925120,940,0,6,0,1,0,5,-0.00096,0.0,1.5626,1350
1927168,941,0,3,1,1,0,1,-0.00249,0.00016,1.5511,1509
1929216,942,0,4,0,0,0,4,-0.00436,0.0,1.5481,1212
1931264,943,0,4,0,0,0,4,0.00012,0.0,1.5292,1194
1933312,944,0,6,0,1,0,5,-0.00201,0.0,1.5163,1435
1935360,945,0,5,0,2,0,3,-0.0009,0.0,1.4656,1473
1937408,946,0,5,0,1,0,4,-0.00223,0.0,1.4367,1373
1939456,947,0,6,0,1,0,5,-0.00348,0.0,1.4414,1389
1941504,948,0,4,0,0,0,4,-0.00587,0.0,1.4815,1504
1943552,949,0,3,0,0,0,3,-0.00121,0.0,1.5227,1342
1945600,950,0,4,0,0,0,4,-0.0023,0.0,1.5271,1472
1947648,951,0,8,0,2,0,6,-0.00275,0.0,1.5196,1483
1949696,952,0,4,0,0,0,4,0.00085,0.0,1.5301,1493
1951744,953,0,2,0,0,0,2,-0.0015,0.0,1.496,1446
1953792,954,0,5,0,1,0,4,-0.0044,0.0,1.4969,1266
1955840,955,0,6,0,0,0,6,-1e-05,0.0,1.5297,1440
1957888,956,0,4,0,0,0,4,-0.00053,0.0,1.5303,1531
1959936,957,0,2,0,0,0,2,-0.00308,0.0,1.5369,1442
1961984,958,0,4,0,0,0,4,-0.00041,0.0,1.5763,1403
1964032,959,0,6,0,0,0,6,-0.00032,0.0,1.5668,1383
1966080,960,0,7,0,2,0,5,-0.00087,0.0,1.5371,1414
1968128,961,0,3,0,0,0,3,-0.00361,0.0,1.4867,1408
1970176,962,0,3,0,0,0,3,-0.00029,0.0,1.4263,1429
1972224,963,0,6,0,0,0,6,-0.00293,0.0,1.4622,1524
1974272,964,0,4,0,0,0,4,-0.00129,0.0,1.5103,1392
1976320,965,0,5,0,1,0,4,-0.00152,0.0,1.5164,1383
1978368,966,0,3,0,0,0,3,-0.00032,0.0,1.512,1399
1980416,967,0,6,0,0,0,6,-0.00023,0.0,1.4916,1466
1982464,968,0,3,0,0,0,3,-0.00172,0.0,1.5363,1492
1984512,969,0,6,0,1,0,5,-0.00117,0.0,1.5557,1421
1986560,970,0,4,0,0,0,4,-0.00183,0.0,1.5228,1477
1988608,971,0,5,0,0,0,5,4e-05,0.0,1.5087,1326
1990656,972,0,2,0,0,0,2,-0.00074,0.0,1.5414,1474
1992704,973,0,5,0,0,0,5,-0.00112,0.0,1.5593,1390
1994752,974,0,6,0,0,0,6,-0.00085,1e-05,1.5727,1217
1996800,975,0,4,0,0,0,4,-0.00049,0.0,1.5798,1290
1998848,976,0,2,0,0,0,2,-0.00119,0.0,1.5843,1396
2000896,977,0,4,0,0,0,4,-0.00081,0.0,1.576,1422
2002944,978,0,6,0,0,0,6,2e-05,0.0,1.5729,1334
2004992,979,0,6,0,2,0,4,-0.00079,0.0,1.5815,1450
2007040,980,0,5,0,2,0,3,-0.00315,0.0,1.5843,1329
2009088,981,0,3,0,0,0,3,-0.00248,0.0,1.5688,1292
2011136,982,0,4,0,0,0,4,-0.00044,0.0,1.5544,1331
2013184,983,0,6,0,0,0,6,-0.0019,0.0,1.554,1443
2015232,984,0,4,0,0,0,4,-0.00078,0.0,1.5411,1372
2017280,985,0,3,0,0,0,3,-0.0029,0.0,1.5118,1538
2019328,986,0,5,0,0,0,5,0.00035,0.0,1.4623,1456
2021376,987,0,4,0,0,0,4,-0.00249,0.0,1.4932,1435
2023424,988,0,5,0,0,0,5,6e-05,0.0,1.5163,1394
2025472,989,0,4,0,1,1,2,-0.00165,0.0,1.5289,1357
2027520,990,0,6,0,0,0,6,0.00035,0.0,1.5126,1507
2029568,991,0,2,0,0,0,2,-0.00144,0.0,1.5014,1487
2031616,992,0,6,0,0,0,6,-0.00262,0.0,1.468,1565
2033664,993,0,3,0,0,0,3,-0.00102,0.0,1.3809,1532
2035712,994,0,6,0,0,0,6,-0.00379,0.0,1.3785,1445
2037760,995,0,1,0,0,0,1,-0.00402,0.0,1.3726,1375
2039808,996,0,6,0,0,0,6,-0.00247,0.0,1.2994,1523
2041856,997,0,4,0,0,0,4,0.00088,0.0,1.3095,1505
2043904,998,0,5,0,0,0,5,-0.00152,0.0,1.3318,1410
2045952,999,0,2,0,0,0,2,-0.00046,0.0,1.3811,1604
2048000,1000,0,6,0,1,0,5,-0.00071,0.0,1.3271,1468
2050048,1001,0,5,0,1,0,4,-0.00073,0.0,1.3089,1541
2052096,1002,0,5,0,0,0,5,0.00014,0.0,1.3735,1456
2054144,1003,0,6,0,2,0,4,-0.00128,0.0,1.3983,1413
2056192,1004,0,2,0,0,0,2,-0.00075,0.0,1.4299,1622
2058240,1005,0,7,0,2,0,5,-0.00191,0.0,1.443,1624
2060288,1006,0,6,0,1,0,5,-0.00035,0.0,1.4083,1573
2062336,1007,0,5,0,2,0,3,-0.00194,0.0,1.3896,1668
2064384,1008,0,3,0,1,0,2,-0.00014,0.0,1.3741,1647
2066432,1009,0,6,0,0,0,6,-0.0012,0.0,1.3408,1433
2068480,1010,0,4,0,0,0,4,-0.00585,0.0,1.2461,1510
2070528,1011,0,4,0,1,0,3,-0.00196,0.0,1.159,1505
2072576,1012,0,6,0,1,0,5,-0.00055,0.0,1.172,1531
2074624,1013,0,5,0,0,0,5,-0.00083,0.0,1.1975,1595
2076672,1014,0,3,0,0,0,3,-0.00108,0.0,1.1937,1597
2078720,1015,0,4,0,0,0,4,-0.00059,0.0,1.3017,1603
2080768,1016,0,4,0,0,0,4,-0.00063,0.0,1.3004,1525
2082816,1017,0,6,0,0,0,6,-0.00226,0.0,1.2854,1562
2084864,1018,0,3,0,1,0,2,-0.0015,0.0,1.2927,1497
2086912,1019,0,3,0,0,0,3,-0.00157,0.0,1.3922,1649
2088960,1020,0,5,0,0,0,5,-0.00148,0.0,1.4533,1652
2091008,1021,0,7,0,2,0,5,-0.0021,0.0,1.4897,1555
2093056,1022,0,3,0,1,0,2,-0.00055,0.0,1.4952,1481
2095104,1023,0,5,0,1,0,4,-0.00391,1e-05,1.5058,1370
2097152,1024,0,5,0,0,0,5,-0.00152,0.0,1.5243,1179
2099200,1025,0,6,0,1,0,5,-0.00186,0.0,1.5538,1459
2101248,1026,0,3,0,1,0,2,-0.00078,1e-05,1.5308,1484
2103296,1027,0,4,0,0,0,4,-0.00044,0.0,1.5331,1468
2105344,1028,0,5,0,0,0,5,-0.00414,1e-05,1.5253,1412
2107392,1029,0,6,0,1,0,5,-0.00131,1e-05,1.5124,1475
2109440,1030,0,5,0,0,0,5,0.00094,5e-05,1.5444,1441
2111488,1031,0,2,0,0,0,2,-0.00128,1e-05,1.5119,1346
2113536,1032,0,5,0,0,0,5,-0.00387,1e-05,1.4292,1502
2115584,1033,0,4,0,0,0,4,-0.00224,1e-05,1.4192,1372
2117632,1034,0,6,0,2,0,4,-0.00391,1e-05,1.3305,1606
2119680,1035,0,4,0,1,0,3,-0.00025,1e-05,1.2788,1470
2121728,1036,0,5,0,2,0,3,-0.00129,2e-05,1.2597,1463
2123776,1037,0,6,0,2,0,4,0.00091,3e-05,1.2511,1520
2125824,1038,0,5,0,1,0,4,-0.00253,2e-05,1.1879,1504
2127872,1039,0,2,0,0,0,2,0.00162,1e-05,1.2137,1537
2129920,1040,0,7,0,2,0,5,-0.00292,1e-05,1.1301,1420
2131968,1041,0,5,0,0,0,5,-7e-05,0.0,1.1794,1435
2134016,1042,0,4,0,1,0,3,-0.00251,0.0,1.1811,1511
2136064,1043,0,2,0,0,0,2,0.00134,0.0,1.1894,1569
2138112,1044,0,9,0,1,0,8,-0.00482,1e-05,1.2718,1467
2140160,1045,0,3,0,0,0,3,-0.00289,0.0,1.2875,1504
2142208,1046,0,5,0,1,0,4,0.00042,0.0,1.3584,1345
2144256,1047,0,1,0,0,0,1,-0.00255,0.0,1.4161,1369
2146304,1048,0,11,0,2,0,9,-0.00081,1e-05,1.4432,1538
2148352,1049,0,3,0,0,0,3,-0.00246,0.0,1.4302,1450
2150400,1050,0,3,0,0,0,3,0.00101,0.0,1.4507,1567
2152448,1051,0,4,0,1,0,3,-0.00031,0.0,1.431,1563
2154496,1052,0,10,0,2,0,8,-0.0017,0.0,1.4087,1532
2156544,1053,0,2,0,1,0,1,-0.00097,0.0,1.4154,1367
2158592,1054,0,3,0,1,0,2,-0.00261,0.0,1.4174,1430
2160640,1055,0,9,0,5,0,4,-0.00172,0.0,1.4238,1351
2162688,1056,0,7,0,0,0,7,-0.00427,0.0,1.4604,1519
2164736,1057,0,1,0,0,0,1,-0.00157,0.0,1.4945,1380
2166784,1058,0,4,0,1,0,3,-0.00058,0.0,1.5437,1527
2168832,1059,0,6,0,0,0,6,0.0001,0.0,1.5715,1511
2170880,1060,0,7,0,0,1,6,-0.0015,0.0,1.5806,1431
2172928,1061,0,4,0,3,0,1,-0.00076,0.0,1.5791,1383
2174976,1062,0,8,0,4,1,3,-0.00383,1e-05,1.5848,1424
2177024,1063,0,4,0,0,0,4,-0.00547,0.0,1.5902,1426
2179072,1064,0,5,0,1,0,4,-0.00065,1e-05,1.5785,1591
2181120,1065,0,1,0,0,0,1,-0.00419,0.0,1.5509,1612
2183168,1066,0,10,0,2,0,8,-0.00381,0.0,1.5123,1607
2185216,1067,0,5,0,2,0,3,-0.00049,1e-05,1.5205,1643
2187264,1068,0,4,0,1,0,3,0.00296,0.0,1.5225,1396
2189312,1069,0,3,0,0,0,3,-0.00215,0.0,1.5159,1367
2191360,1070,0,6,0,1,0,5,0.00105,0.0,1.5047,1591
2193408,1071,0,4,0,0,0,4,-0.00071,0.0,1.5111,1654
2195456,1072,0,4,0,0,0,4,-0.00047,0.0,1.5353,1390
2197504,1073,0,5,0,2,0,3,0.00055,0.0,1.5151,1523
2199552,1074,0,4,0,0,0,4,-0.00158,0.0,1.5224,1357
2201600,1075,0,5,0,0,0,5,-0.00082,0.0,1.5246,1295
2203648,1076,0,4,0,1,0,3,-0.00053,0.0,1.552,1319
2205696,1077,0,5,0,1,0,4,-0.00107,0.0,1.5671,1580
2207744,1078,0,4,0,0,0,4,-0.00027,0.0,1.5831,1564
2209792,1079,0,4,0,0,0,4,-0.00398,0.0,1.5727,1293
2211840,1080,0,5,0,0,0,5,-0.00129,0.0,1.516,1438
2213888,1081,0,4,0,0,0,4,-3e-05,0.0,1.4827,1168
2215936,1082,0,6,0,2,0,4,-0.00089,0.0,1.4946,1319
2217984,1083,0,4,0,0,0,4,-0.00088,0.0,1.5292,1221
2220032,1084,0,4,0,0,0,4,-0.00114,0.0,1.5555,1254
2222080,1085,0,6,0,2,0,4,0.0,0.0,1.5533,1263
2224128,1086,0,4,0,0,0,4,-0.00058,0.0,1.5637,1439
2226176,1087,0,5,0,0,0,5,-3e-05,0.0,1.5568,1229
2228224,1088,0,2,0,0,0,2,-0.00043,0.0,1.5488,1346
2230272,1089,0,5,0,0,0,5,-0.00049,0.0,1.5331,1440
2232320,1090,0,5,0,0,0,5,-0.0003,0.0,1.5258,1568
2234368,1091,0,4,0,0,0,4,-0.00024,0.0,1.5332,1525
2236416,1092,0,3,0,0,0,3,-0.00122,0.0,1.5403,1465
2238464,1093,0,7,0,1,0,6,-0.00287,0.0,1.5362,1571
2240512,1094,0,4,0,1,0,3,-0.00063,0.0,1.4986,1429
2242560,1095,0,4,0,0,0,4,0.00028,0.0,1.5463,1282
2244608,1096,0,5,0,0,0,5,-0.00152,0.0,1.5391,1438
2246656,1097,0,4,0,0,0,4,-0.00017,0.0,1.5391,1358
2248704,1098,0,5,0,1,0,4,-0.00221,0.0,1.555,1491
2250752,1099,0,3,0,0,0,3,-0.00259,0.0,1.5597,1522
2252800,1100,0,6,0,1,0,5,-0.00132,0.0,1.5432,1475
2254848,1101,0,5,0,0,0,5,-0.00088,0.0,1.5264,1435
2256896,1102,0,3,0,0,0,3,-0.00071,0.0,1.5279,1548
2258944,1103,0,7,0,2,0,5,-0.00071,0.0,1.5293,1519
2260992,1104,0,4,0,0,0,4,-0.00101,0.0,1.5245,1522
2263040,1105,0,3,0,0,0,3,-0.00018,0.0,1.51,1418
2265088,1106,0,3,0,0,0,3,-0.00011,0.0,1.5055,1426
2267136,1107,0,6,0,0,0,6,-0.00284,0.0,1.5014,1492
2269184,1108,0,4,0,0,0,4,-0.00075,0.0,1.4754,1516
2271232,1109,0,5,0,1,0,4,-0.00178,0.0,1.4815,1424
2273280,1110,0,5,0,0,0,5,0.00029,0.0,1.5019,1510
2275328,1111,0,3,0,0,0,3,-0.00209,0.0,1.5224,1545
2277376,1112,0,5,0,0,0,5,-0.00077,0.0,1.5354,1652
2279424,1113,0,3,0,0,0,3,-0.00231,0.0,1.5484,1555
2281472,1114,0,5,0,0,0,5,-0.00286,0.0,1.5359,1618
2283520,1115,0,6,0,0,0,6,-0.00292,0.0,1.5033,1626
2285568,1116,0,3,0,0,0,3,-0.00017,0.0,1.5099,1557
2287616,1117,0,2,0,0,0,2,-0.00066,0.0,1.5233,1457
2289664,1118,0,5,0,0,0,5,-0.00142,0.0,1.5381,1508
2291712,1119,0,8,0,2,0,6,-0.003,0.0,1.5306,1577
2293760,1120,0,3,0,0,0,3,-0.00121,0.0,1.506,1592
2295808,1121,0,3,0,0,0,3,-0.00148,0.0,1.5278,1462
2297856,1122,0,6,0,1,0,5,0.00059,0.0,1.5549,1330
2299904,1123,0,5,0,0,0,5,-0.00053,0.0,1.5562,1444
2301952,1124,0,4,0,0,0,4,-0.0018,0.0,1.5612,1462
2304000,1125,0,3,0,1,0,2,-0.00211,1e-05,1.5709,1415
2306048,1126,0,8,0,1,0,7,0.00076,1e-05,1.5733,1547
2308096,1127,0,4,0,1,0,3,-0.00264,0.0,1.5668,1639
2310144,1128,0,3,0,0,0,3,-0.00032,0.0,1.5678,1570
2312192,1129,0,3,0,0,0,3,-0.00025,0.0,1.5677,1623
2314240,1130,0,6,0,0,0,6,-0.00059,0.0,1.5686,1562
2316288,1131,0,5,0,1,0,4,-0.00062,0.0,1.5783,1568
2318336,1132,0,3,0,0,0,3,-3e-05,0.0,1.5897,1589
2320384,1133,0,7,0,1,0,6,-0.00183,0.0,1.5901,1540
2322432,1134,0,4,0,0,0,4,-0.00014,0.0,1.5824,1511
2324480,1135,0,4,0,1,0,3,-0.00093,0.0,1.5862,1557
2326528,1136,0,2,0,0,0,2,-0.00122,0.0,1.5903,1569
2328576,1137,0,6,0,0,0,6,0.00054,0.0,1.5962,1468
2330624,1138,0,7,0,2,0,5,-0.00422,0.0,1.591,1498
2332672,1139,0,4,0,1,0,3,0.00072,0.0,1.5676,1414
2334720,1140,0,3,0,1,0,2,-0.00099,0.0,1.5575,1518
2336768,1141,0,4,0,0,0,4,-0.0014,0.0,1.5282,1540
2338816,1142,0,6,0,0,0,6,-0.00169,0.0,1.4745,1641
2340864,1143,0,6,0,2,0,4,-0.00424,0.0,1.4361,1519
2342912,1144,0,2,0,0,0,2,-0.00102,0.0,1.4634,1478
2344960,1145,0,7,0,1,0,6,-0.00097,0.0,1.4624,1548
2347008,1146,0,3,0,0,0,3,-0.00202,0.0,1.4358,1457
2349056,1147,0,7,0,2,0,5,-0.00056,0.0,1.461,1438
2351104,1148,0,2,0,0,0,2,-0.00012,0.0,1.4794,1558
2353152,1149,0,7,0,0,0,7,-0.00116,0.0,1.5087,1564
2355200,1150,0,4,0,0,0,4,-0.00109,0.0,1.5351,1569
2357248,1151,0,5,0,1,0,4,-0.00045,0.0,1.5597,1493
2359296,1152,0,4,0,1,0,3,6e-05,0.0,1.5695,1453
2361344,1153,0,5,0,0,0,5,-0.00102,0.0,1.5659,1476
2363392,1154,0,6,0,2,0,4,-0.00108,0.0,1.5532,1488
2365440,1155,0,3,0,0,0,3,-0.00055,0.0,1.5428,1543
2367488,1156,0,4,0,0,0,4,5e-05,0.0,1.5589,1546
2369536,1157,0,6,0,1,0,5,-0.00221,0.0,1.5563,1638
2371584,1158,0,7,0,1,0,6,-0.00157,1e-05,1.5244,1558
2373632,1159,0,2,0,0,0,2,-0.00219,1e-05,1.4828,1587
2375680,1160,0,3,0,0,0,3,-0.00469,1e-05,1.5109,1649
2377728,1161,0,6,0,0,0,6,-0.00109,0.0,1.5014,1597
2379776,1162,0,5,0,0,0,5,0.00081,1e-05,1.4457,1524
2381824,1163,0,2,0,0,0,2,0.00052,2e-05,1.4288,1218
2383872,1164,0,3,0,0,0,3,-0.00316,1e-05,1.3963,1534
2385920,1165,0,6,0,0,0,6,-0.00118,1e-05,1.4041,1499
2387968,1166,0,6,0,0,0,6,-0.0003,1e-05,1.4369,1561
2390016,1167,0,1,0,0,0,1,-0.00168,0.0,1.3934,1526
2392064,1168,0,5,0,0,0,5,-0.00262,1e-05,1.3527,1304
2394112,1169,0,4,0,0,0,4,-0.00032,1e-05,1.3447,1260
2396160,1170,0,6,0,0,0,6,-0.00149,0.0,1.311,1455
2398208,1171,0,1,0,0,0,1,-0.002,0.0,1.3407,1415
2400256,1172,0,7,0,0,0,7,-0.00223,0.0,1.3851,1509
2402304,1173,0,4,0,0,0,4,-0.00078,0.0,1.4383,1531
2404352,1174,0,4,0,0,0,4,-0.00178,0.0,1.4798,1327
2406400,1175,0,3,0,0,0,3,-0.00073,0.0,1.5097,1221
2408448,1176,0,6,0,1,0,5,-0.0016,0.0,1.5279,1353
2410496,1177,0,6,0,0,0,6,-0.00022,0.0,1.5613,1532
2412544,1178,0,3,0,2,0,1,-0.00111,0.0,1.5675,1542
2414592,1179,0,5,0,1,0,4,-0.00087,0.0,1.5569,1468
2416640,1180,0,6,0,2,0,4,-0.00113,0.0,1.5725,1299
2418688,1181,0,6,0,1,0,5,-0.00075,0.0,1.5945,1501
2420736,1182,0,1,0,0,0,1,-0.00128,0.0,1.5951,1465
2422784,1183,0,6,0,0,1,5,-0.00203,0.0,1.5954,1513
2424832,1184,0,6,0,1,0,5,-0.00202,0.0,1.5797,1466
2426880,1185,0,4,0,0,0,4,-0.00129,0.0,1.5692,1583
2428928,1186,0,0,0,0,0,0,-0.00112,0.0,1.5675,1599
2430976,1187,0,6,0,0,0,6,-0.00113,0.0,1.5809,1599
2433024,1188,0,8,0,2,0,6,-0.0008,0.0,1.5825,1485
2435072,1189,0,4,0,0,0,4,-0.00121,0.0,1.601,1544
2437120,1190,0,1,0,0,0,1,-0.0009,0.0,1.6025,1530
2439168,1191,0,6,0,1,0,5,-0.00116,0.0,1.5971,1541
2441216,1192,0,5,0,0,0,5,-0.00025,0.0,1.6032,1507
2443264,1193,0,7,0,3,0,4,-0.00067,0.0,1.6106,1510
2445312,1194,0,3,0,2,0,1,0.00039,0.0,1.6091,1599
2447360,1195,0,8,0,1,0,7,0.00015,0.0,1.6102,1525
2449408,1196,0,4,0,2,0,2,0.00048,0.0,1.6107,1610
2451456,1197,0,6,0,3,0,3,0.00184,0.0,1.6246,1626
2453504,1198,0,3,0,0,0,3,0.00045,0.0,1.6326,1481
2455552,1199,0,6,0,1,0,5,-0.00019,0.0,1.6441,1434
2457600,1200,0,4,0,1,0,3,0.00012,0.0,1.6448,1560
2459648,1201,0,6,0,1,0,5,-7e-05,0.0,1.6425,1477
2461696,1202,0,4,0,1,0,3,-0.00028,0.0,1.6411,1472
2463744,1203,0,6,0,2,0,4,-0.00052,0.0,1.6235,1606
2465792,1204,0,4,0,1,0,3,-0.00062,0.0,1.6141,1593
2467840,1205,0,5,0,0,0,5,-0.00021,0.0,1.6199,1576
2469888,1206,0,4,0,2,0,2,-0.00112,0.0,1.6096,1429
2471936,1207,0,6,0,2,0,4,-0.00055,0.0,1.5976,1481
2473984,1208,0,5,0,2,0,3,-0.00057,0.0,1.5924,1567
2476032,1209,0,5,0,1,0,4,0.00025,0.0,1.5717,1471
2478080,1210,0,3,0,0,0,3,-9e-05,0.0,1.5724,1525
2480128,1211,0,4,0,1,0,3,-0.00038,0.0,1.5682,1477
2482176,1212,0,5,0,0,0,5,-0.00039,0.0,1.5718,1536
2484224,1213,0,4,0,1,0,3,-0.00047,0.0,1.5814,1486
2486272,1214,0,4,0,1,0,3,-0.00073,0.0,1.6027,1526
2488320,1215,0,4,0,0,0,4,-0.00024,0.0,1.6222,1476
2490368,1216,0,8,0,2,0,6,-0.00012,0.0,1.6336,1459
2492416,1217,0,4,0,1,0,3,-0.00047,0.0,1.6462,1473
2494464,1218,0,5,0,3,0,2,-0.0002,0.0,1.6515,1515
2496512,1219,0,5,0,1,0,4,-0.00124,0.0,1.6388,1584
2498560,1220,0,6,0,0,0,6,-0.00043,0.0,1.6179,1608
2500608,1221,0,4,0,3,0,1,-0.0011,0.0,1.605,1592
2502656,1222,0,3,0,0,0,3,-0.00038,0.0,1.5982,1406
2504704,1223,0,7,0,1,0,6,-0.00082,0.0,1.6029,1522
2506752,1224,0,5,0,0,1,4,-0.00055,0.0,1.6072,1557
2508800,1225,0,5,0,2,0,3,-0.00055,0.0,1.6242,1428
2510848,1226,0,5,0,1,0,4,-0.00024,0.0,1.634,1460
2512896,1227,0,6,0,3,0,3,-0.00102,0.0,1.6219,1537
2514944,1228,0,6,0,2,0,4,-0.00051,0.0,1.6173,1412
2516992,1229,0,8,0,7,0,1,-4e-05,0.0,1.6284,1517
2519040,1230,0,6,0,3,0,3,-0.00025,0.0,1.632,1529
2521088,1231,0,5,1,2,0,2,-0.00077,0.00068,1.6503,1614
2523136,1232,0,5,0,3,0,2,-0.00131,0.0,1.6576,1625
2525184,1233,0,4,1,0,0,3,-0.00082,0.00017,1.6366,1346
2527232,1234,0,7,0,1,0,6,0.00033,0.0,1.6473,1435
2529280,1235,0,1,0,0,0,1,-0.00015,0.0,1.6251,1442
2531328,1236,0,5,0,1,0,4,-0.00045,0.0,1.6108,1370
2533376,1237,0,6,0,2,0,4,-0.0003,0.0,1.6046,1542
2535424,1238,0,8,0,3,0,5,-0.00047,0.0,1.6251,1536
2537472,1239,0,2,0,0,0,2,-0.00026,0.0,1.6379,1517
2539520,1240,0,4,0,2,0,2,-0.00018,0.0,1.634,1559
2541568,1241,0,6,0,0,0,6,-0.00137,0.0,1.6071,1371
2543616,1242,0,5,0,0,0,5,-0.00025,0.0,1.5807,1419
2545664,1243,0,2,0,0,0,2,-0.00016,0.0,1.5788,1379
2547712,1244,0,5,0,1,0,4,-0.00106,0.0,1.5966,1386
2549760,1245,0,7,0,2,0,5,-0.00065,0.0,1.6228,1513
2551808,1246,0,5,0,1,0,4,-0.00055,0.0,1.6321,1566
2553856,1247,0,5,0,3,0,2,-0.00035,0.0,1.6145,1468
2555904,1248,0,7,1,2,0,4,2e-05,0.00024,1.6214,1420
2557952,1249,0,6,0,3,0,3,-0.00077,0.0,1.6197,1391
2560000,1250,0,5,0,1,1,3,-0.00123,0.0,1.5863,1534
2562048,1251,0,3,0,1,0,2,-0.00195,0.0,1.5511,1525
2564096,1252,0,5,0,1,0,4,-0.00276,0.0,1.4979,1466
2566144,1253,0,6,0,1,0,5,-0.0004,0.0,1.4383,1551
2568192,1254,0,7,0,3,0,4,-0.00045,0.0,1.4426,1592
2570240,1255,0,6,0,2,1,3,-0.0002,0.0,1.4615,1548
2572288,1256,0,1,0,0,0,1,-0.00037,0.0,1.459,1366
2574336,1257,0,6,0,1,0,5,-0.00121,0.0,1.5022,1450
2576384,1258,0,7,0,4,0,3,-0.00057,0.0,1.5446,1557
2578432,1259,0,6,0,1,0,5,-0.00131,0.0,1.5844,1515
2580480,1260,0,3,0,1,0,2,-0.00095,0.0,1.6285,1489
2582528,1261,0,6,0,2,0,4,-0.00018,0.0,1.6331,1470
2584576,1262,0,5,0,1,0,4,-0.00079,0.0,1.6528,1606
2586624,1263,0,5,0,0,0,5,-5e-05,0.0,1.6794,1569
2588672,1264,0,4,0,1,0,3,-0.00032,0.0,1.711,1528
2590720,1265,0,6,0,3,0,3,-0.00044,0.0,1.7324,1467
2592768,1266,0,7,0,3,0,4,0.00035,0.0,1.7373,1571
2594816,1267,0,5,0,3,0,2,0.00026,0.0,1.7357,1551
2596864,1268,0,4,0,2,0,2,-0.00021,0.0,1.7289,1446
2598912,1269,0,4,0,1,0,3,-0.00029,0.0,1.7395,1541
2600960,1270,0,9,0,2,0,7,-0.00021,0.0,1.7587,1507
2603008,1271,0,5,0,2,0,3,-0.0006,0.0,1.7581,1531
2605056,1272,0,3,0,2,0,1,-0.00064,0.0,1.7142,1497
2607104,1273,0,3,1,0,0,2,-2e-05,0.00014,1.7136,1510
2609152,1274,0,10,0,4,0,6,-0.00034,0.0,1.7076,1519
2611200,1275,0,7,0,1,0,6,-3e-05,0.0,1.7083,1511
2613248,1276,0,3,0,2,0,1,0.0001,0.0,1.7333,1597
2615296,1277,0,1,0,0,0,1,5e-05,0.0,1.7353,1586
2617344,1278,0,8,0,1,0,7,-0.00048,0.0,1.7231,1529
2619392,1279,0,8,0,3,0,5,8e-05,0.0,1.7033,1455
2621440,1280,0,3,0,0,0,3,-0.00076,0.0,1.71,1595
2623488,1281,0,4,0,2,0,2,-0.00058,0.0,1.7279,1532
2625536,1282,0,12,0,7,0,5,-0.00033,0.0,1.7555,1481
2627584,1283,0,6,0,4,0,2,-0.00024,0.0,1.7641,1355
2629632,1284,0,6,0,3,0,3,-0.00167,0.0,1.7329,1407
2631680,1285,0,7,0,3,0,4,-0.0001,0.0,1.725,1363
2633728,1286,0,6,0,1,0,5,5e-05,0.0,1.7379,1353
2635776,1287,0,10,1,6,0,3,-0.00014,0.00065,1.7346,1524
2637824,1288,0,5,0,3,0,2,-0.0004,0.0,1.7395,1418
2639872,1289,0,6,0,2,0,4,-0.00033,0.0,1.748,1480
2641920,1290,0,4,0,1,0,3,-0.00045,0.0,1.7452,1530
2643968,1291,0,6,0,2,0,4,9e-05,0.0,1.7333,1326
2646016,1292,0,6,0,2,0,4,-8e-05,0.0,1.7448,1288
2648064,1293,0,4,0,0,1,3,-0.00094,0.0,1.7305,1205
2650112,1294,0,3,0,1,0,2,-0.00041,0.0,1.7002,1325
2652160,1295,0,8,0,3,0,5,-0.00084,0.0,1.6851,1433
2654208,1296,0,5,0,0,0,5,-0.00216,0.0,1.6504,1439
2656256,1297,0,4,0,1,0,3,-0.00103,0.0,1.6406,1521
2658304,1298,0,4,0,2,0,2,0.00023,0.0,1.6692,1344
2660352,1299,0,11,1,2,1,7,-0.00015,0.00135,1.6731,1420
2662400,1300,0,4,0,3,0,1,-0.00046,0.0,1.6709,1429
2664448,1301,0,4,0,0,0,4,-0.00129,0.0,1.633,1641
2666496,1302,0,3,0,2,0,1,-0.00042,0.0,1.6068,1581
2668544,1303,0,10,0,1,0,9,-0.00121,0.0,1.5775,1552
2670592,1304,0,1,0,0,0,1,-0.00191,0.0,1.5653,1652
2672640,1305,0,5,0,2,0,3,0.00018,0.0,1.5926,1665
2674688,1306,0,3,0,1,0,2,-0.00035,0.0,1.5769,1530
2676736,1307,0,7,0,0,0,7,-8e-05,0.0,1.5697,1390
2678784,1308,0,3,0,0,0,3,-0.00057,0.0,1.5553,1562
2680832,1309,0,4,0,1,0,3,-0.00017,0.0,1.5358,1492
2682880,1310,0,4,0,1,0,3,-0.001,0.0,1.5283,1545
2684928,1311,0,6,0,0,0,6,-0.00037,0.0,1.5516,1539
2686976,1312,0,6,0,3,0,3,-0.00172,0.0,1.6043,1608
2689024,1313,0,4,0,2,0,2,-0.00038,0.0,1.6177,1504
2691072,1314,0,6,0,2,0,4,-0.00025,0.0,1.6084,1365
2693120,1315,0,7,0,5,0,2,-0.00074,0.0,1.6225,1448
2695168,1316,0,4,0,0,0,4,0.00023,0.0,1.6218,1611
2697216,1317,0,3,0,1,0,2,-0.00192,0.0,1.6427,1598
2699264,1318,0,7,0,1,0,6,-0.00141,0.0,1.6527,1512
2701312,1319,0,7,0,4,0,3,-0.00154,0.0,1.6368,1639
2703360,1320,0,8,1,3,0,4,-0.00081,0.0008,1.6352,1550
2705408,1321,0,3,0,1,1,1,-0.00011,0.0,1.6562,1560
2707456,1322,0,7,0,1,0,6,-0.00022,0.0,1.6682,1576
2709504,1323,0,5,0,4,0,1,-0.00033,0.0,1.6721,1614
2711552,1324,0,6,0,0,0,6,-0.00087,0.0,1.6765,1598
2713600,1325,0,4,0,3,0,1,-0.00021,0.0,1.6934,1524
2715648,1326,0,9,0,3,0,6,5e-05,0.0,1.6888,1482
2717696,1327,0,4,0,2,0,2,-0.00024,0.0,1.6966,1564
2719744,1328,0,6,0,3,0,3,-0.00012,0.0,1.6905,1645
2721792,1329,0,3,0,1,0,2,-0.00013,0.0,1.686,1602
2723840,1330,0,6,0,0,0,6,0.0001,0.0,1.6957,1461
2725888,1331,0,3,0,0,0,3,-0.00016,0.0,1.7014,1552
2727936,1332,0,7,0,2,1,4,-0.00082,0.0,1.7083,1601
2729984,1333,0,6,0,3,0,3,-0.00057,0.0,1.7305,1620
2732032,1334,0,4,0,0,0,4,-3e-05,0.0,1.7415,1531
2734080,1335,0,6,0,3,0,3,-0.00075,0.0,1.7535,1563
2736128,1336,0,8,0,6,0,2,-1e-05,0.0,1.7728,1483
2738176,1337,0,8,1,3,0,4,-0.00043,0.00011,1.7831,1539
2740224,1338,0,4,0,2,0,2,0.00013,0.0,1.7942,1628
2742272,1339,0,5,0,0,1,4,-0.00039,0.0,1.7818,1591
2744320,1340,0,6,1,1,0,4,-0.0015,0.00011,1.7496,1537
2746368,1341,0,5,0,1,0,4,-0.00042,0.0,1.7235,1586
2748416,1342,0,6,0,4,0,2,-0.0012,0.0,1.7661,1650
2750464,1343,0,9,0,4,0,5,-0.00032,0.0,1.7727,1629
2752512,1344,0,6,0,4,0,2,-0.00059,0.0,1.7725,1355
2754560,1345,0,3,0,0,0,3,-0.00012,0.0,1.7438,1398
2756608,1346,0,7,0,4,0,3,-0.00098,0.0,1.7267,1512
2758656,1347,0,10,0,4,0,6,-0.00179,0.0,1.69,1550
2760704,1348,0,7,0,4,0,3,-0.00048,0.0,1.6793,1546
2762752,1349,0,3,0,1,0,2,-0.00056,0.0,1.7014,1591
2764800,1350,0,5,0,2,0,3,-0.00083,0.0,1.7283,1700
2766848,1351,0,10,0,4,0,6,-0.00132,0.0,1.732,1507
2768896,1352,0,7,0,3,0,4,-0.00152,0.0,1.7012,1455
2770944,1353,0,2,0,2,0,0,-0.0004,0.0,1.6829,1592
2772992,1354,0,4,0,1,0,3,-0.00123,0.0,1.6674,1587
2775040,1355,0,7,0,2,0,5,-0.00331,0.0,1.6238,1480
2777088,1356,0,6,0,1,0,5,-0.00063,0.0,1.5674,1425
2779136,1357,0,1,0,0,0,1,-0.00022,0.0,1.5622,1472
2781184,1358,0,4,0,0,0,4,-0.00059,0.0,1.6012,1400
2783232,1359,0,5,0,0,0,5,-0.0005,0.0,1.6324,1549
2785280,1360,0,7,0,0,1,6,-0.00092,0.0,1.6622,1468
2787328,1361,0,2,0,1,0,1,-0.00196,0.0,1.6901,1586
2789376,1362,0,3,0,0,0,3,-0.00051,0.0,1.7032,1532
2791424,1363,0,11,0,4,0,7,0.00012,0.0,1.7351,1585
2793472,1364,0,6,0,2,0,4,-0.00041,0.0,1.7553,1575
2795520,1365,0,8,0,5,0,3,-0.00038,0.0,1.7732,1435
2797568,1366,0,2,0,1,0,1,-0.00047,0.0,1.7947,1497
2799616,1367,0,6,0,0,0,6,-0.00025,1e-05,1.8088,1479
2801664,1368,0,7,0,3,1,3,-0.00036,1e-05,1.848,1561
2803712,1369,0,5,0,1,0,4,-0.00128,3e-05,1.8689,1518
2805760,1370,0,4,0,0,1,3,-0.00152,8e-05,1.8648,1577
2807808,1371,0,4,0,0,0,4,-0.0013,0.0,1.8274,1490
2809856,1372,0,12,1,5,1,5,-0.00013,0.0003,1.8098,1455
2811904,1373,0,6,0,5,0,1,-0.00037,0.0,1.817,1434
2813952,1374,0,7,0,3,0,4,-0.00015,0.0,1.8177,1592
2816000,1375,0,4,0,3,0,1,-0.00125,0.0,1.7875,1454
2818048,1376,0,8,0,4,0,4,-0.00105,0.0,1.7498,1543
2820096,1377,0,3,0,0,0,3,-0.00175,0.0,1.7028,1570
2822144,1378,0,8,0,4,0,4,-0.00113,0.0,1.6733,1516
2824192,1379,0,4,0,1,0,3,-0.00068,0.0,1.6392,1521
2826240,1380,0,7,0,3,0,4,-0.00029,0.0,1.612,1606
2828288,1381,0,6,0,5,0,1,-0.00082,0.0,1.6097,1550
2830336,1382,0,5,0,0,0,5,-0.00175,0.0,1.5996,1584
2832384,1383,0,6,0,3,0,3,-0.00131,0.0,1.5904,1580
2834432,1384,0,6,0,3,1,2,0.00011,0.0,1.6226,1509
2836480,1385,0,4,0,2,0,2,-0.00026,0.0,1.6297,1630
2838528,1386,0,4,0,0,0,4,-0.00036,0.0,1.62,1527
2840576,1387,0,5,0,0,0,5,-9e-05,0.0,1.6035,1594
2842624,1388,0,5,0,0,0,5,-0.00038,0.0,1.5971,1472
2844672,1389,0,3,0,0,0,3,9e-05,0.0,1.597,1498
2846720,1390,0,7,0,3,0,4,0.00023,0.0,1.6148,1601
2848768,1391,0,8,0,3,1,4,-0.00068,0.0,1.6251,1484
2850816,1392,0,5,0,5,0,0,-0.0002,0.0,1.642,1505
2852864,1393,0,7,0,1,0,6,-0.00121,0.0,1.6253,1497
2854912,1394,0,2,0,1,0,1,-0.00165,0.0,1.5981,1496
2856960,1395,0,6,0,0,0,6,-0.00176,0.0,1.5492,1336
2859008,1396,0,3,0,1,0,2,-0.00043,0.0,1.4912,1368
2861056,1397,0,7,0,0,0,7,-0.00117,0.0,1.4594,1401
2863104,1398,0,3,0,1,0,2,-0.00047,0.0,1.4256,1442
2865152,1399,0,6,0,0,0,6,-0.00154,0.0,1.4062,1449
2867200,1400,0,2,0,0,0,2,0.00018,0.0,1.3346,1387
2869248,1401,0,6,0,1,0,5,0.00034,0.0,1.3653,1461
2871296,1402,0,3,0,0,0,3,-0.00114,0.0,1.3993,1455
2873344,1403,0,6,0,0,0,6,-0.00061,0.0,1.439,1341
2875392,1404,0,3,0,2,0,1,-0.00021,0.0,1.4558,1379
2877440,1405,0,6,0,2,0,4,-0.00128,0.0,1.4899,1481
2879488,1406,0,4,0,2,0,2,-2e-05,0.0,1.5321,1459
2881536,1407,0,6,0,1,0,5,-0.00103,0.0,1.5662,1493
2883584,1408,0,2,0,1,0,1,-0.00016,0.0,1.6071,1511
2885632,1409,0,7,0,2,0,5,-0.00024,0.0,1.6234,1461
2887680,1410,0,6,0,1,0,5,0.00012,0.0,1.6363,1457
2889728,1411,0,5,0,1,0,4,6e-05,0.0,1.6398,1312
2891776,1412,0,3,0,1,0,2,-2e-05,0.0,1.6534,1573
2893824,1413,0,4,0,0,0,4,-0.00026,0.0,1.6394,1473
2895872,1414,0,7,0,1,1,5,-0.00067,0.0,1.6311,1570
2897920,1415,0,5,0,2,0,3,-0.00081,0.0,1.6681,1352
2899968,1416,0,7,0,3,1,3,-0.00065,0.0,1.7045,1584
2902016,1417,0,7,0,4,0,3,-0.00036,0.0,1.7183,1510
2904064,1418,0,6,0,1,1,4,-0.00076,0.0,1.7001,1440
2906112,1419,0,4,0,2,0,2,-0.00046,0.0,1.6898,1561
2908160,1420,0,3,0,1,0,2,-0.0018,0.0,1.7279,1522
2910208,1421,0,9,0,5,0,4,1e-05,0.0,1.7403,1461
2912256,1422,0,11,0,4,1,6,-0.00037,0.0,1.7258,1393
2914304,1423,0,7,0,5,0,2,-4e-05,0.0,1.7118,1588
2916352,1424,0,1,0,0,0,1,-0.00034,0.0,1.7149,1505
2918400,1425,0,5,0,1,0,4,-0.00058,0.0,1.7399,1553
2920448,1426,0,8,0,3,0,5,-0.00047,0.0,1.7623,1553
2922496,1427,0,7,0,3,0,4,-0.00032,0.0,1.7926,1549
2924544,1428,0,4,0,1,1,2,-0.0001,0.0,1.795,1529
2926592,1429,0,2,0,1,0,1,-0.00022,0.0,1.8035,1624
2928640,1430,0,6,0,1,0,5,-0.00095,0.0,1.8392,1553
2930688,1431,0,6,0,2,0,4,-0.00072,1e-05,1.831,1492
2932736,1432,0,5,0,1,0,4,-0.00024,0.0,1.8207,1504
2934784,1433,0,8,0,5,0,3,-0.00014,0.0,1.8244,1510
2936832,1434,0,7,0,2,0,5,-4e-05,0.0,1.8372,1448
2938880,1435,0,4,0,2,0,2,-0.00013,0.0,1.8442,1494
2940928,1436,0,5,0,2,0,3,-0.00023,0.0,1.8373,1464
2942976,1437,0,7,0,2,0,5,-0.00056,0.0,1.8672,1510
2945024,1438,0,8,1,4,0,3,-0.00032,4e-05,1.8861,1569
2947072,1439,0,7,0,4,0,3,-7e-05,0.0,1.8944,1485
2949120,1440,0,4,0,1,0,3,-0.00039,0.0,1.8964,1542
2951168,1441,0,8,0,4,0,4,-0.00058,3e-05,1.9143,1554
2953216,1442,0,7,1,3,1,2,-0.00112,0.00029,1.9268,1470
2955264,1443,0,5,0,1,0,4,-0.0008,0.0,1.9348,1571
2957312,1444,0,4,0,2,0,2,1e-05,0.0,1.9341,1502
2959360,1445,0,8,0,4,0,4,-0.00068,0.0,1.9293,1582
2961408,1446,0,9,0,2,0,7,-0.00058,0.0,1.9231,1569
2963456,1447,0,3,0,1,0,2,-0.00083,0.0,1.9262,1475
2965504,1448,0,6,0,4,0,2,-0.00077,0.0,1.923,1530
2967552,1449,0,7,0,2,0,5,-0.0009,0.0,1.9147,1491
2969600,1450,0,6,0,2,0,4,-0.00015,0.0,1.9116,1591
2971648,1451,0,1,0,0,0,1,-0.00145,0.0,1.8999,1614
2973696,1452,0,10,1,4,0,5,-0.00129,0.00033,1.8811,1641
2975744,1453,0,8,0,3,1,4,-0.00076,0.0,1.8694,1513
2977792,1454,0,7,0,2,2,3,-0.00092,0.0,1.8766,1489
2979840,1455,0,5,0,4,1,0,-0.00016,0.0,1.8887,1502
2981888,1456,0,8,0,2,0,6,-0.00089,0.0,1.8821,1552
2983936,1457,0,6,0,1,2,3,-0.00027,0.0,1.9022,1504
2985984,1458,0,2,0,0,0,2,-0.00011,0.0,1.9118,1476
2988032,1459,0,8,1,3,1,3,-0.00033,0.00019,1.9133,1621
2990080,1460,0,8,0,2,0,6,-0.00117,0.0,1.9095,1484
2992128,1461,0,6,0,4,0,2,-0.00143,0.0,1.9051,1488
2994176,1462,0,8,0,4,0,4,-0.0012,0.0,1.9207,1297
2996224,1463,0,4,0,2,0,2,-0.00108,0.0,1.9297,1395
2998272,1464,0,11,1,5,0,5,1e-05,0.00133,1.9333,1390
3000320,1465,0,11,0,8,0,3,-0.00086,0.0,1.9329,1464
3002368,1466,0,5,0,2,0,3,-0.00029,0.0,1.9307,1517
3004416,1467,0,3,0,1,0,2,-0.00035,0.0,1.9287,1373
3006464,1468,0,7,0,1,0,6,-0.00112,0.0,1.9286,1489
3008512,1469,0,5,0,2,0,3,-0.00012,0.0,1.9292,1568
3010560,1470,0,7,0,3,0,4,-0.00189,0.0,1.9258,1405
3012608,1471,0,3,0,2,0,1,-0.00185,0.0,1.9205,1590
3014656,1472,0,8,0,2,0,6,-0.00053,0.0,1.9166,1625
3016704,1473,0,6,0,4,0,2,-0.00195,0.0,1.9039,1554
3018752,1474,0,5,0,0,0,5,-0.00033,0.0,1.8811,1556
3020800,1475,0,3,0,1,0,2,-0.00083,0.0,1.8675,1534
3022848,1476,0,6,0,2,0,4,-0.00086,0.0,1.8553,1311
3024896,1477,0,4,0,0,0,4,-0.00179,0.0,1.8448,1284
3026944,1478,0,5,0,2,0,3,-0.00077,0.0,1.8288,1354
3028992,1479,0,3,0,2,0,1,-0.001,0.0,1.8379,1401
3031040,1480,0,5,0,1,0,4,0.00018,0.0,1.8494,1562
3033088,1481,0,5,0,1,0,4,-0.00051,0.0,1.8461,1561
3035136,1482,0,4,0,1,0,3,-0.00144,0.0,1.8356,1548
3037184,1483,0,5,0,2,0,3,-0.00013,0.0,1.792,1563
3039232,1484,0,5,0,1,0,4,-0.00164,0.0,1.7671,1381
3041280,1485,0,6,0,2,0,4,-0.00019,0.0,1.7277,1609
3043328,1486,0,3,0,0,0,3,-0.00236,0.0,1.7687,1562
3045376,1487,0,6,0,0,0,6,-0.00292,0.0,1.7826,1509
3047424,1488,0,4,0,0,0,4,2e-05,0.0,1.7389,1553
3049472,1489,0,6,0,1,0,5,-0.00104,0.0,1.7487,1541
3051520,1490,0,4,0,2,0,2,-0.00258,0.0,1.7777,1438
3053568,1491,0,5,0,0,0,5,0.00037,0.0,1.8045,1481
3055616,1492,0,4,0,2,0,2,-0.00174,0.0,1.7833,1526
3057664,1493,0,6,0,1,0,5,-0.00104,0.0,1.6882,1594
3059712,1494,0,5,0,2,0,3,-0.00012,0.0,1.7217,1605
3061760,1495,0,6,0,1,0,5,0.00082,0.0,1.7314,1666
3063808,1496,0,3,0,1,0,2,-0.00031,0.0,1.7485,1602
3065856,1497,0,9,0,3,0,6,0.0,0.0,1.7786,1399
3067904,1498,0,4,0,1,0,3,-0.00116,0.0,1.7919,1298
3069952,1499,0,6,0,4,0,2,0.00023,0.0,1.8321,1453
3072000,1500,0,7,0,5,0,2,-0.00128,0.0,1.8215,1423
3074048,1501,0,6,0,1,0,5,0.0011,0.0,1.7958,1517
3076096,1502,0,5,0,1,0,4,0.00085,0.0,1.7751,1587
3078144,1503,0,5,0,1,0,4,-0.0019,0.0,1.7491,1605
3080192,1504,0,3,0,0,0,3,-0.00034,0.0,1.7469,1508
3082240,1505,0,3,0,0,0,3,0.00026,0.0,1.7168,1301
3084288,1506,0,6,0,0,0,6,-0.00153,0.0,1.7209,1535
3086336,1507,0,4,0,0,0,4,0.00021,0.0,1.757,1466
3088384,1508,0,3,0,0,0,3,-0.00081,0.0,1.7597,1533
3090432,1509,0,4,0,1,0,3,-0.00167,0.0,1.7386,1474
3092480,1510,0,8,0,1,0,7,0.00029,0.0,1.7263,1356
3094528,1511,0,6,0,2,0,4,-0.00202,0.0,1.7216,1427
3096576,1512,0,3,0,1,0,2,-0.00082,0.0,1.7104,1449
3098624,1513,0,5,0,0,0,5,-0.00135,0.0,1.7591,1405
3100672,1514,0,8,0,3,0,5,0.00032,0.0,1.791,1529
3102720,1515,0,5,0,2,0,3,-0.00044,0.0,1.7738,1490
3104768,1516,0,4,0,3,0,1,-0.00075,0.0,1.7438,1564
3106816,1517,0,3,0,0,0,3,-0.00124,0.0,1.7035,1460
3108864,1518,0,7,0,1,0,6,-0.0004,0.0,1.68,1521
3110912,1519,0,6,0,1,0,5,-0.00051,0.0,1.696,1388
3112960,1520,0,3,0,1,0,2,-0.00052,0.0,1.7255,1421
3115008,1521,0,3,0,0,0,3,-7e-05,0.0,1.7502,1409
3117056,1522,0,6,0,0,0,6,-0.00072,0.0,1.7562,1524
3119104,1523,0,4,0,0,0,4,-0.00049,0.0,1.7427,1410
3121152,1524,0,3,0,0,0,3,-0.00049,0.0,1.7383,1543
3123200,1525,0,4,0,0,0,4,-0.00024,0.0,1.7624,1415
3125248,1526,0,5,0,0,0,5,-0.0006,0.0,1.7765,1423
3127296,1527,0,9,0,3,0,6,-0.0006,0.0,1.7973,1413
3129344,1528,0,2,0,1,0,1,-0.00167,0.0,1.8286,1379
3131392,1529,0,6,0,3,0,3,0.00065,1e-05,1.8552,1426
3133440,1530,0,4,0,2,0,2,0.00146,1e-05,1.8689,1460
3135488,1531,0,9,0,4,1,4,0.00092,0.0,1.884,1551
3137536,1532,0,3,0,2,0,1,-0.00187,0.0,1.8816,1484
3139584,1533,0,6,0,2,0,4,-0.00085,0.0,1.9009,1527
3141632,1534,0,6,0,2,0,4,-0.00063,0.0,1.8995,1487
3143680,1535,0,6,0,3,0,3,-0.00229,0.0,1.8798,1423
3145728,1536,0,6,0,3,0,3,0.00019,0.0,1.8614,1458
3147776,1537,0,4,0,1,0,3,-0.0008,0.0,1.8694,1420
3149824,1538,0,6,0,3,0,3,-0.00116,0.0,1.8616,1546
3151872,1539,0,8,0,2,0,6,-0.00184,0.0,1.8387,1530
3153920,1540,0,2,0,0,0,2,-0.00069,0.0,1.8051,1442
3155968,1541,0,4,0,1,0,3,-0.00335,0.0,1.7666,1458
3158016,1542,0,7,0,2,0,5,-0.00227,0.0,1.7414,1445
3160064,1543,0,5,0,0,0,5,-0.00111,0.0,1.7258,1515
3162112,1544,0,2,0,1,0,1,-0.00053,0.0,1.7366,1550
3164160,1545,0,5,0,1,0,4,-0.00075,0.0,1.7726,1319
3166208,1546,0,7,0,1,0,6,-0.00063,0.0,1.7867,1418
3168256,1547,0,5,0,1,0,4,-0.00036,0.0,1.773,1543
3170304,1548,0,4,0,1,0,3,-0.00013,0.0,1.7752,1517
3172352,1549,0,5,0,2,0,3,-0.00108,0.0,1.791,1441
3174400,1550,0,5,0,0,0,5,-0.00029,0.0,1.7871,1468
3176448,1551,0,5,0,1,0,4,-0.00114,0.0,1.7921,1530
3178496,1552,0,5,0,1,0,4,5e-05,0.0,1.7796,1552
3180544,1553,0,4,0,1,0,3,-0.00091,0.0,1.792,1532
3182592,1554,0,8,0,2,0,6,-0.00153,0.0,1.8055,1416
3184640,1555,0,2,0,0,0,2,0.00017,0.0,1.7911,1384
3186688,1556,0,4,0,1,0,3,-0.00071,0.0,1.7851,1417
3188736,1557,0,5,0,1,0,4,-0.00047,0.0,1.792,1315
3190784,1558,0,7,0,1,0,6,6e-05,0.0,1.8076,1499
3192832,1559,0,3,0,1,0,2,-8e-05,0.0,1.8125,1474
3194880,1560,0,5,0,1,0,4,0.00014,0.0,1.8332,1598
3196928,1561,0,5,0,1,0,4,-0.0002,0.0,1.8565,1509
3198976,1562,0,5,0,0,0,5,-0.001,0.0,1.8782,1423
3201024,1563,0,3,0,2,0,1,-0.00085,0.0,1.8847,1466
3203072,1564,0,5,0,1,0,4,0.00072,0.0,1.8765,1285
3205120,1565,0,8,0,3,0,5,-0.00077,0.0,1.8804,1484
3207168,1566,0,2,0,0,0,2,-0.00141,0.0,1.8882,1354
3209216,1567,0,3,0,0,0,3,-0.00076,0.0,1.8864,1545
3211264,1568,0,5,0,0,0,5,0.00033,0.0,1.8879,1455
3213312,1569,0,9,0,2,0,7,-0.00091,0.0,1.8956,1286
3215360,1570,0,3,0,1,0,2,0.00024,0.0,1.9077,1451
3217408,1571,0,3,0,2,0,1,-0.00173,0.0,1.9071,1449
3219456,1572,0,6,0,2,0,4,0.00119,2e-05,1.8896,1443
3221504,1573,0,10,0,3,0,7,0.00318,4e-05,1.8752,1540
3223552,1574,0,5,0,2,0,3,-0.00017,3e-05,1.8704,1455
3225600,1575,0,3,0,1,0,2,0.00091,3e-05,1.8514,1479
3227648,1576,0,5,0,2,0,3,-0.00504,3e-05,1.8266,1268
3229696,1577,0,4,0,0,0,4,-0.00153,1e-05,1.8311,1495
3231744,1578,0,7,0,2,0,5,-0.0038,3e-05,1.798,1494
3233792,1579,0,4,0,1,0,3,-0.00284,1e-05,1.8031,1582
3235840,1580,0,5,0,2,0,3,0.00028,1e-05,1.8099,1471
3237888,1581,0,6,0,2,0,4,-0.00043,1e-05,1.832,1506
3239936,1582,0,9,0,4,0,5,-0.00355,0.0,1.8201,1388
3241984,1583,0,6,0,4,0,2,-0.00163,0.0,1.8196,1399
3244032,1584,0,4,0,2,0,2,-0.0004,1e-05,1.8139,1457
3246080,1585,0,4,0,1,0,3,-0.00042,1e-05,1.8069,1472
3248128,1586,0,6,0,2,0,4,-0.00066,1e-05,1.8062,1490
3250176,1587,0,6,0,3,0,3,-0.0035,1e-05,1.794,1539
3252224,1588,0,9,0,3,0,6,-4e-05,1e-05,1.7974,1580
3254272,1589,0,2,0,1,0,1,0.00069,1e-05,1.8002,1580
3256320,1590,0,7,0,3,0,4,-7e-05,0.0,1.8093,1358
3258368,1591,0,4,0,1,1,2,0.00036,0.0,1.7972,1571
3260416,1592,0,5,0,0,0,5,-0.0025,1e-05,1.8018,1504
3262464,1593,0,6,0,3,0,3,-0.00155,2e-05,1.7876,1500
3264512,1594,0,5,0,1,0,4,-0.00158,2e-05,1.8229,1581
3266560,1595,0,4,0,2,1,1,-0.00201,0.0,1.8329,1457
3268608,1596,0,4,0,0,0,4,-0.00346,1e-05,1.8349,1547
3270656,1597,0,7,0,1,0,6,-0.00315,0.0,1.8584,1367
3272704,1598,0,6,0,3,0,3,-0.00136,0.0,1.8485,1480
3274752,1599,0,5,1,1,0,3,0.00163,0.00066,1.8339,1399
3276800,1600,0,6,0,3,0,3,-0.00127,1e-05,1.8398,1462
3278848,1601,0,8,0,4,0,4,-0.00285,0.0,1.853,1469
3280896,1602,0,5,0,3,0,2,-0.00153,1e-05,1.8703,1594
3282944,1603,0,5,0,2,0,3,-0.00329,0.0,1.8875,1544
3284992,1604,0,5,0,1,0,4,0.00071,0.0,1.8907,1480
3287040,1605,0,5,0,1,0,4,5e-05,0.0,1.8839,1393
3289088,1606,0,5,0,2,0,3,-0.00356,1e-05,1.8679,1311
3291136,1607,0,7,0,3,0,4,-0.00656,1e-05,1.7935,1452
3293184,1608,0,5,0,2,0,3,-0.00449,0.0,1.7516,1314
3295232,1609,0,4,0,1,0,3,-0.0008,1e-05,1.7654,1268
3297280,1610,0,5,0,2,0,3,-0.00191,1e-05,1.7576,1355
3299328,1611,0,7,0,0,0,7,-0.0028,1e-05,1.7858,1300
3301376,1612,0,2,0,0,0,2,-0.00292,1e-05,1.7708,1521
3303424,1613,0,6,0,3,0,3,-0.00277,1e-05,1.7975,1581
3305472,1614,0,8,0,4,0,4,-0.0014,0.0,1.8261,1413
3307520,1615,0,7,0,3,0,4,-0.00151,0.0,1.843,1566
3309568,1616,0,3,0,1,0,2,-0.00194,1e-05,1.8535,1654
3311616,1617,0,10,0,4,1,5,0.00022,1e-05,1.8327,1584
3313664,1618,0,4,0,2,0,2,-0.0022,0.0,1.7963,1597
3315712,1619,0,6,0,2,0,4,-0.00175,1e-05,1.7718,1598
3317760,1620,0,4,0,2,0,2,-0.00214,1e-05,1.7815,1494
3319808,1621,0,9,0,3,0,6,-0.00143,0.0,1.8233,1358
3321856,1622,0,4,0,1,0,3,-0.00086,0.0,1.838,1651
3323904,1623,0,1,0,0,0,1,-0.00175,0.0,1.8515,1631
3325952,1624,0,9,0,4,0,5,-0.00131,0.0,1.8725,1549
3328000,1625,0,8,1,2,0,5,0.00059,0.00172,1.8841,1626
3330048,1626,0,2,0,0,1,1,0.0015,1e-05,1.8768,1469
3332096,1627,0,6,0,3,1,2,-0.0037,1e-05,1.8564,1524
3334144,1628,0,6,0,0,0,6,-0.00118,1e-05,1.8342,1527
3336192,1629,0,9,0,4,1,4,0.00045,1e-05,1.8402,1452
3338240,1630,0,0,0,0,0,0,-0.00159,0.0,1.8423,1551
3340288,1631,0,8,0,3,0,5,-0.00037,0.0,1.8337,1596
3342336,1632,0,4,0,2,0,2,-0.00147,0.0,1.8337,1507
3344384,1633,0,7,0,2,0,5,-0.00213,0.0,1.813,1506
3346432,1634,0,4,0,2,0,2,0.00021,0.0,1.7636,1612
3348480,1635,0,6,0,0,0,6,-0.00174,0.0,1.7305,1497
3350528,1636,0,2,0,1,0,1,-0.0008,0.0,1.6924,1578
3352576,1637,0,5,0,0,0,5,-0.00594,0.0,1.6782,1589
3354624,1638,0,5,0,1,0,4,-0.00388,0.0,1.6946,1427
3356672,1639,0,5,0,1,0,4,-0.00246,0.0,1.7142,1479
3358720,1640,0,4,0,0,0,4,-0.00228,0.0,1.72,1037
3360768,1641,0,4,0,1,0,3,-0.00329,0.0,1.7431,1228
3362816,1642,0,4,0,0,0,4,-0.00222,0.0,1.7761,1310
3364864,1643,0,6,0,2,0,4,-0.00096,0.0,1.7844,1498
3366912,1644,0,4,0,0,0,4,0.00167,0.0,1.7776,1495
3368960,1645,0,6,0,3,0,3,2e-05,1e-05,1.7999,1559
3371008,1646,0,4,0,0,0,4,-0.00275,0.0,1.8206,1604
3373056,1647,0,6,0,2,0,4,-0.003,1e-05,1.7952,1588
3375104,1648,0,5,0,2,0,3,-5e-05,1e-05,1.7792,1487
3377152,1649,0,4,0,0,0,4,-0.00156,0.0,1.7746,1366
3379200,1650,0,4,0,1,0,3,-0.00221,0.0,1.7932,1517
3381248,1651,0,6,0,1,0,5,0.00055,0.0,1.8328,1540
3383296,1652,0,3,0,1,0,2,-0.00314,0.0,1.8772,1508
3385344,1653,0,6,0,2,0,4,-0.00117,0.0,1.8892,1497
3387392,1654,0,7,0,2,0,5,-0.00231,0.0,1.8913,1262
3389440,1655,0,4,0,1,0,3,-0.00209,1e-05,1.867,1084
3391488,1656,0,3,0,1,0,2,-0.00251,2e-05,1.8138,1586
3393536,1657,0,5,0,1,0,4,0.00165,1e-05,1.7893,1608
3395584,1658,0,8,0,1,0,7,-0.00165,1e-05,1.8109,1637
3397632,1659,0,2,0,1,0,1,-0.00383,1e-05,1.8146,1633
3399680,1660,0,6,0,2,0,4,0.00055,1e-05,1.8232,1536
3401728,1661,0,4,0,0,1,3,-0.00164,0.0,1.8468,1574
3403776,1662,0,7,0,3,0,4,-0.00054,0.0,1.8652,1460
3405824,1663,0,4,0,1,0,3,-0.00014,1e-05,1.8708,1592
3407872,1664,0,5,0,2,0,3,-0.00283,1e-05,1.8618,1448
3409920,1665,0,3,0,0,0,3,0.00132,1e-05,1.8575,1470
3411968,1666,0,5,0,0,0,5,0.00168,1e-05,1.8393,1633
3414016,1667,0,5,0,1,0,4,-0.00147,1e-05,1.8482,1650
3416064,1668,0,6,0,3,0,3,-3e-05,1e-05,1.8535,1641
3418112,1669,0,3,0,0,0,3,-0.00186,0.0,1.8633,1565
3420160,1670,0,4,0,1,0,3,-0.00108,1e-05,1.8822,1374
3422208,1671,0,6,0,1,0,5,-0.0004,1e-05,1.8673,1273
3424256,1672,0,5,0,0,0,5,-0.00148,1e-05,1.8502,1459
3426304,1673,0,3,0,1,0,2,-0.00208,1e-05,1.8366,1502
3428352,1674,0,4,0,1,0,3,-0.00446,1e-05,1.8355,1593
3430400,1675,0,8,0,1,0,7,-0.00372,1e-05,1.8352,1525
3432448,1676,0,5,0,1,0,4,-0.00478,1e-05,1.8406,1604
3434496,1677,0,3,0,0,0,3,-0.00041,1e-05,1.8481,1507
3436544,1678,0,4,0,1,0,3,-0.00259,3e-05,1.8433,1433
3438592,1679,0,6,0,1,0,5,-0.00443,1e-05,1.8105,1478
3440640,1680,0,4,0,0,0,4,-0.00347,1e-05,1.7858,1532
3442688,1681,0,2,0,0,0,2,-0.00157,2e-05,1.7757,1354
3444736,1682,0,5,0,1,0,4,-0.0011,1e-05,1.7404,1548
3446784,1683,0,7,0,0,0,7,-0.00446,1e-05,1.6991,1634
3448832,1684,0,5,0,2,0,3,-0.00059,1e-05,1.7288,1548
3450880,1685,0,6,0,2,0,4,-0.00152,1e-05,1.6921,1556
3452928,1686,0,3,0,0,0,3,0.00051,1e-05,1.6656,1470
3454976,1687,0,5,0,1,0,4,-0.0012,0.0,1.6554,1566
3457024,1688,0,6,0,1,0,5,-0.00314,0.0,1.715,1540
3459072,1689,0,9,0,6,0,3,0.00178,1e-05,1.693,1545
3461120,1690,0,3,0,0,0,3,-0.00789,1e-05,1.6766,1623
3463168,1691,0,6,0,3,0,3,-0.00493,0.0,1.7132,1516
3465216,1692,0,5,0,2,0,3,-0.00207,1e-05,1.7295,1444
3467264,1693,0,7,0,2,0,5,0.00423,0.0,1.7127,1400
3469312,1694,0,1,0,0,0,1,-0.00321,0.0,1.6851,1565
3471360,1695,0,6,0,0,0,6,-0.00537,0.0,1.6627,1600
3473408,1696,0,5,0,2,0,3,-0.00214,0.0,1.6614,1421
3475456,1697,0,8,0,3,0,5,-0.00122,0.0,1.6791,1445
3477504,1698,0,1,0,0,0,1,-0.00232,1e-05,1.6667,1506
3479552,1699,0,5,0,0,0,5,0.00115,1e-05,1.6993,1359
3481600,1700,0,4,0,0,0,4,-0.00135,1e-05,1.6597,1443
3483648,1701,0,6,0,1,0,5,-0.00332,1e-05,1.7235,1533
3485696,1702,0,2,0,1,0,1,-0.00208,0.0,1.6894,1499
3487744,1703,0,7,0,1,0,6,1e-05,0.0,1.6686,1437
3489792,1704,0,5,0,1,0,4,-0.00159,0.0,1.6559,1477
3491840,1705,0,3,0,0,0,3,0.002,0.0,1.7081,1691
3493888,1706,0,4,0,1,0,3,-0.00215,0.0,1.7337,1548
3495936,1707,0,6,0,1,0,5,-0.00293,0.0,1.7492,1540
3497984,1708,0,3,0,0,0,3,-0.0018,0.0,1.7375,1419
3500032,1709,0,5,0,1,0,4,-0.00142,0.0,1.71,1556
3502080,1710,0,3,0,0,0,3,0.00062,1e-05,1.6734,1495
3504128,1711,0,5,0,0,0,5,-0.00295,1e-05,1.6115,1449
3506176,1712,0,5,0,0,0,5,-0.00226,1e-05,1.6468,1517
3508224,1713,0,3,0,0,0,3,0.00116,1e-05,1.6224,1470
3510272,1714,0,5,0,1,0,4,-0.00116,1e-05,1.6788,1510
3512320,1715,0,4,0,1,0,3,-0.00187,1e-05,1.6453,1433
3514368,1716,0,6,0,0,0,6,-0.00044,1e-05,1.6303,1628
3516416,1717,0,4,0,0,0,4,-0.0037,1e-05,1.617,1527
3518464,1718,0,3,0,0,0,3,-0.00272,1e-05,1.5564,1474
3520512,1719,0,7,0,2,0,5,-0.00192,1e-05,1.5747,1397
3522560,1720,0,3,0,0,0,3,0.00197,2e-05,1.5822,1474
3524608,1721,0,4,0,0,0,4,-0.00262,1e-05,1.5765,1361
3526656,1722,0,6,0,1,0,5,0.00263,1e-05,1.6082,1444
3528704,1723,0,4,0,0,0,4,-0.00035,1e-05,1.57,1286
3530752,1724,0,5,0,1,0,4,-0.00371,1e-05,1.4977,1282
3532800,1725,0,1,0,0,0,1,0.00097,0.0,1.5205,1340
3534848,1726,0,6,0,0,0,6,-0.00042,0.0,1.5396,1454
3536896,1727,0,6,0,0,0,6,-0.00324,1e-05,1.4903,1471
3538944,1728,0,4,0,0,0,4,-0.00079,1e-05,1.5522,1414
3540992,1729,0,1,0,0,0,1,-0.00301,1e-05,1.4849,1476
3543040,1730,0,7,0,1,0,6,-0.00489,1e-05,1.4553,1508
3545088,1731,0,4,0,0,0,4,0.00115,1e-05,1.4333,1578
3547136,1732,0,4,0,1,0,3,-0.00042,1e-05,1.3605,1423
3549184,1733,0,2,0,1,0,1,-0.0032,1e-05,1.4057,1538
3551232,1734,0,6,0,0,0,6,-0.0008,1e-05,1.44,1385
3553280,1735,0,6,0,1,0,5,-0.00124,1e-05,1.4075,1315
3555328,1736,0,3,0,0,0,3,-0.00106,1e-05,1.3741,1142
3557376,1737,0,3,0,1,0,2,-0.0013,1e-05,1.3437,1406
3559424,1738,0,5,0,0,0,5,-0.00481,1e-05,1.3407,1504
3561472,1739,0,6,0,0,0,6,-0.00438,1e-05,1.2939,1482
3563520,1740,0,3,0,0,0,3,-0.00244,1e-05,1.4429,1506
3565568,1741,0,4,0,0,0,4,-0.00513,1e-05,1.4699,1430
3567616,1742,0,5,0,0,0,5,-0.00223,0.0,1.5082,1419
3569664,1743,0,4,0,0,0,4,-0.00271,1e-05,1.5978,1526
3571712,1744,0,4,0,0,0,4,-0.00063,0.0,1.5846,1536
3573760,1745,0,9,0,4,0,5,0.0021,1e-05,1.6766,1492
3575808,1746,0,4,0,1,0,3,-0.00082,0.0,1.6384,1531
3577856,1747,0,7,0,2,0,5,0.00024,0.0,1.6426,1534
3579904,1748,0,0,0,0,0,0,0.00058,0.0,1.6336,1527
3581952,1749,0,6,0,0,0,6,-0.00089,1e-05,1.6805,1612
3584000,1750,0,6,0,1,0,5,-0.00253,1e-05,1.6851,1473
3586048,1751,0,5,0,0,0,5,-0.00314,1e-05,1.6745,1445
3588096,1752,0,0,0,0,0,0,-7e-05,0.0,1.6557,1648
3590144,1753,0,7,0,3,0,4,-0.00286,0.0,1.6508,1631
3592192,1754,0,6,0,0,0,6,-0.00453,1e-05,1.6496,1616
3594240,1755,0,3,0,0,0,3,-0.00376,1e-05,1.6113,1468
3596288,1756,0,1,0,0,0,1,-0.00397,0.0,1.5737,1491
3598336,1757,0,6,0,0,0,6,-0.0034,0.0,1.5368,1480
3600384,1758,0,7,0,0,0,7,-0.00166,1e-05,1.5523,1450
3602432,1759,0,2,0,0,0,2,-0.00438,0.0,1.5694,1628
3604480,1760,0,3,0,0,0,3,-0.00264,1e-05,1.5968,1430
3606528,1761,0,5,0,0,0,5,-0.00234,0.0,1.6026,1580
3608576,1762,0,7,0,0,0,7,-0.0025,0.0,1.6364,1483
3610624,1763,0,2,0,1,0,1,-0.00223,0.0,1.6263,1448
3612672,1764,0,4,0,0,0,4,-0.00481,0.0,1.6396,1458
3614720,1765,0,6,0,1,0,5,-0.0028,0.0,1.6905,1481
3616768,1766,0,5,0,0,0,5,-0.00602,0.0,1.6948,1522
3618816,1767,0,2,0,0,0,2,-0.00112,0.0,1.7006,1580
3620864,1768,0,7,0,2,0,5,-0.00382,0.0,1.711,1633
3622912,1769,0,5,0,0,0,5,-0.00183,0.0,1.7181,1559
3624960,1770,0,4,0,1,0,3,-0.00398,0.0,1.7177,1478
3627008,1771,0,1,0,0,0,1,0.00015,0.0,1.739,1470
3629056,1772,0,7,0,0,0,7,-0.00043,0.0,1.7335,1572
3631104,1773,0,7,0,1,0,6,-0.00296,0.0,1.7472,1497
3633152,1774,0,1,0,0,0,1,-0.00022,0.0,1.753,1636
3635200,1775,0,1,0,0,0,1,-0.00503,0.0,1.756,1545
3637248,1776,0,8,0,1,0,7,-0.00176,0.0,1.7579,1584
3639296,1777,0,7,0,2,0,5,-0.00088,0.0,1.7584,1518
3641344,1778,0,2,0,0,0,2,-0.00087,0.0,1.7768,1514
3643392,1779,0,1,0,0,0,1,-0.00207,0.0,1.7925,1405
3645440,1780,0,6,0,0,0,6,-0.00123,0.0,1.8097,1348
3647488,1781,0,8,0,1,0,7,-0.00235,0.0,1.808,1458
3649536,1782,0,3,0,1,0,2,-0.00064,0.0,1.8179,1580
3651584,1783,0,4,0,1,0,3,-0.00164,0.0,1.8426,1452
3653632,1784,0,5,0,0,0,5,-0.00172,0.0,1.8369,1622
3655680,1785,0,7,0,3,0,4,-0.00328,0.0,1.8494,1520
3657728,1786,0,5,0,2,0,3,-0.00191,0.0,1.8542,1400
3659776,1787,0,4,0,1,0,3,-0.00233,0.0,1.8687,1596
3661824,1788,0,4,0,0,0,4,-0.001,0.0,1.8698,1569
3663872,1789,0,10,0,4,0,6,-0.00247,0.0,1.8648,1612
3665920,1790,0,5,0,3,0,2,-0.00372,0.0,1.8632,1498
3667968,1791,0,3,0,0,0,3,-0.00395,1e-05,1.8529,1511
3670016,1792,0,4,0,2,0,2,0.00017,1e-05,1.8245,1435
3672064,1793,0,7,0,0,0,7,-0.00785,1e-05,1.8195,1578
3674112,1794,0,5,0,1,0,4,-0.00028,1e-05,1.8025,1413
3676160,1795,0,4,0,2,0,2,0.00021,2e-05,1.8125,1491
3678208,1796,0,6,0,2,0,4,-0.00273,2e-05,1.7866,1622
3680256,1797,0,4,0,0,0,4,-0.00179,2e-05,1.7876,1591
3682304,1798,0,5,0,1,0,4,-0.00022,1e-05,1.7989,1640
3684352,1799,0,3,0,0,0,3,-0.00315,1e-05,1.8005,1648
3686400,1800,0,5,0,0,0,5,-0.00208,2e-05,1.8205,1567
3688448,1801,0,6,0,2,0,4,-0.00641,1e-05,1.8365,1571
3690496,1802,0,8,0,4,0,4,-0.00147,1e-05,1.8533,1460
3692544,1803,0,2,0,1,0,1,-0.00608,1e-05,1.8649,1592
3694592,1804,0,5,0,2,0,3,1e-05,0.0,1.8877,1460
3696640,1805,0,7,0,1,0,6,-0.00237,1e-05,1.9022,1626
3698688,1806,0,5,0,1,0,4,-0.00207,1e-05,1.8936,1580
3700736,1807,0,2,0,0,0,2,-0.00307,1e-05,1.8925,1474
3702784,1808,0,7,0,1,0,6,-0.0008,0.0,1.8987,1549
3704832,1809,0,6,0,0,0,6,0.00095,1e-05,1.8881,1432
3706880,1810,0,3,0,1,0,2,-0.00784,1e-05,1.8662,1490
3708928,1811,0,2,0,0,0,2,-0.0027,0.0,1.8813,1587
3710976,1812,0,5,0,0,0,5,-0.00094,1e-05,1.8869,1581
3713024,1813,0,8,0,1,1,6,-0.00589,1e-05,1.8776,1567
3715072,1814,0,6,0,3,0,3,-0.0059,1e-05,1.8892,1500
3717120,1815,0,4,0,4,0,0,-0.00175,2e-05,1.902,1484
3719168,1816,0,6,0,0,1,5,-0.0047,1e-05,1.8898,1590
3721216,1817,0,6,0,3,0,3,-0.00118,0.0,1.8924,1555
3723264,1818,0,7,0,3,0,4,0.00294,1e-05,1.8922,1563
3725312,1819,0,4,1,1,0,2,-0.00054,0.00096,1.8775,1597
3727360,1820,0,6,0,3,0,3,-4e-05,1e-05,1.8762,1608
3729408,1821,0,9,0,5,0,4,-0.00037,1e-05,1.8898,1599
3731456,1822,0,6,0,3,0,3,-0.00107,1e-05,1.9015,1476
3733504,1823,0,5,0,2,0,3,0.0028,1e-05,1.9039,1551
3735552,1824,0,4,0,0,0,4,5e-05,2e-05,1.8998,1537
3737600,1825,0,6,0,1,0,5,-0.00344,2e-05,1.8705,1164
3739648,1826,0,3,0,1,0,2,-0.00128,1e-05,1.8849,1427
3741696,1827,0,8,0,4,0,4,0.00013,1e-05,1.8957,1648
3743744,1828,0,4,0,3,0,1,-0.00097,2e-05,1.9023,1609
3745792,1829,0,7,0,2,0,5,-0.00017,2e-05,1.9007,1519
3747840,1830,0,7,1,4,0,2,-0.00253,0.00012,1.9021,1614
3749888,1831,0,7,0,2,0,5,0.00185,2e-05,1.8955,1592
3751936,1832,0,3,0,1,0,2,-0.00327,1e-05,1.9041,1647
3753984,1833,0,9,0,4,0,5,-0.00075,1e-05,1.9092,1671
3756032,1834,0,11,0,6,0,5,-0.00582,3e-05,1.8997,1623
3758080,1835,0,3,0,1,0,2,-0.00421,1e-05,1.8878,1607
3760128,1836,0,5,0,3,0,2,-0.00482,0.0,1.8965,1658
3762176,1837,0,3,0,0,0,3,-0.00122,1e-05,1.888,1596
3764224,1838,0,12,0,5,0,7,-0.00243,1e-05,1.8944,1520
3766272,1839,0,6,0,3,0,3,-0.00394,1e-05,1.9062,1564
3768320,1840,0,4,0,2,0,2,-0.00288,1e-05,1.8932,1594
3770368,1841,0,8,0,3,0,5,0.00015,1e-05,1.8962,1511
3772416,1842,0,5,0,3,0,2,-0.00223,1e-05,1.9117,1570
3774464,1843,0,5,0,2,1,2,-0.00352,0.0,1.915,1511
3776512,1844,0,10,0,6,0,4,-0.00242,0.0,1.9185,1605
3778560,1845,0,5,0,1,0,4,-0.00507,1e-05,1.9108,1607
3780608,1846,0,10,0,7,0,3,-0.00098,1e-05,1.895,1509
3782656,1847,0,4,0,2,0,2,-0.00149,2e-05,1.8905,1470
3784704,1848,0,3,0,0,0,3,-0.00416,1e-05,1.8872,1492
3786752,1849,0,6,0,1,0,5,-0.00522,1e-05,1.8652,1562
3788800,1850,0,6,0,4,0,2,-0.0058,1e-05,1.8648,1618
3790848,1851,0,6,0,2,0,4,-0.00012,1e-05,1.8723,1551
3792896,1852,0,5,0,2,0,3,0.00163,2e-05,1.8872,1455
3794944,1853,0,6,0,2,0,4,-0.00388,2e-05,1.8931,1545
3796992,1854,0,4,0,2,0,2,2e-05,1e-05,1.8827,1415
3799040,1855,0,8,0,4,0,4,-0.00322,1e-05,1.879,1592
3801088,1856,0,6,0,3,0,3,-0.0025,2e-05,1.8771,1623
3803136,1857,0,7,0,2,0,5,-0.00193,1e-05,1.8634,1623
3805184,1858,0,4,0,2,0,2,-0.00017,1e-05,1.8427,1673
3807232,1859,0,8,0,3,0,5,-0.00184,1e-05,1.8253,1628
3809280,1860,0,3,0,2,0,1,-0.00644,1e-05,1.8129,1520
3811328,1861,0,9,0,3,1,5,-0.00255,1e-05,1.8181,1518
3813376,1862,0,6,0,2,0,4,-0.00159,1e-05,1.8153,1540
3815424,1863,0,6,0,2,0,4,-0.00392,2e-05,1.8261,1467
3817472,1864,0,5,0,3,0,2,-0.00161,1e-05,1.8047,1556
3819520,1865,0,8,0,4,0,4,-0.00194,1e-05,1.7953,1592
3821568,1866,0,4,0,2,0,2,-0.00542,1e-05,1.804,1568
3823616,1867,0,6,0,2,0,4,-0.00172,1e-05,1.8122,1621
3825664,1868,0,6,1,5,0,0,-0.00712,3e-05,1.7941,1429
3827712,1869,0,12,0,5,1,6,-0.0003,1e-05,1.8033,1476
3829760,1870,0,8,0,6,0,2,-0.00039,0.0,1.8101,1500
3831808,1871,0,4,0,1,2,1,-0.00486,0.0,1.8033,1557
3833856,1872,0,3,0,0,0,3,0.00029,0.0,1.7814,1545
3835904,1873,0,5,0,1,0,4,-0.00239,1e-05,1.7663,1531
3837952,1874,0,10,0,4,0,6,-0.00361,1e-05,1.7892,1584
3840000,1875,0,8,1,3,0,4,0.00071,0.00021,1.7706,1667
3842048,1876,0,6,0,5,0,1,-0.0015,0.0,1.7843,1593
3844096,1877,0,2,0,2,0,0,-0.00176,0.0,1.7744,1591
3846144,1878,0,9,0,1,0,8,-0.00255,0.0,1.7405,1589
3848192,1879,0,8,0,6,1,1,-0.00361,0.0,1.7155,1586
3850240,1880,0,5,1,1,0,3,-0.00533,0.00022,1.7487,1613
3852288,1881,0,3,0,2,0,1,-0.00117,0.0,1.7876,1622
3854336,1882,0,6,0,2,0,4,0.00108,0.0,1.798,1584
3856384,1883,0,7,0,2,1,4,-0.00462,0.0,1.8085,1636
3858432,1884,0,4,0,0,1,3,0.00056,1e-05,1.7902,1651
3860480,1885,0,5,0,4,0,1,0.00412,1e-05,1.7899,1593
3862528,1886,0,5,0,2,0,3,-0.00753,1e-05,1.7934,1468
3864576,1887,0,8,1,4,0,3,-0.00171,0.00162,1.7669,1534
3866624,1888,0,10,1,3,0,6,-0.00099,0.00039,1.7142,1471
3868672,1889,0,4,1,0,1,2,-0.00082,0.00112,1.6897,1529
3870720,1890,0,5,0,4,0,1,-0.00282,1e-05,1.67,1540
3872768,1891,0,4,0,0,0,4,-0.00521,1e-05,1.6618,1597
3874816,1892,0,7,0,1,1,5,-0.00423,0.0,1.674,1589
3876864,1893,0,6,0,3,0,3,-4e-05,0.0,1.6872,1612
3878912,1894,0,5,0,1,0,4,-0.00446,0.0,1.6741,1665
3880960,1895,0,6,0,2,1,3,-0.00206,0.0,1.6739,1670
3883008,1896,0,8,0,4,3,1,-0.00267,0.0,1.6591,1676
3885056,1897,0,4,0,1,0,3,0.00554,0.0,1.6032,1556
3887104,1898,0,3,0,1,0,2,-0.00228,0.0,1.5609,1573
3889152,1899,0,5,0,1,0,4,-0.00244,0.0,1.5768,1624
3891200,1900,0,7,0,0,1,6,-0.00241,0.0,1.5012,1552
3893248,1901,0,3,0,1,0,2,-0.00432,0.0,1.5358,1547
3895296,1902,0,7,0,3,0,4,0.00154,0.0,1.505,1609
3897344,1903,0,1,0,0,0,1,-1e-05,0.0,1.5149,1696
3899392,1904,0,8,0,3,0,5,-0.00056,0.0,1.5345,1570
3901440,1905,0,4,0,1,0,3,-0.00463,0.0,1.5558,1672
3903488,1906,0,10,1,3,0,6,-0.00267,0.00026,1.601,1635
3905536,1907,0,3,0,1,0,2,-0.00236,0.0,1.6113,1534
3907584,1908,0,5,0,2,0,3,-0.00105,0.0,1.6251,1710
3909632,1909,0,6,0,3,0,3,-0.00362,0.0,1.6445,1660
3911680,1910,0,6,0,2,0,4,-0.00493,0.0,1.6676,1565
3913728,1911,0,7,0,3,2,2,-0.0017,0.0,1.6407,1679
3915776,1912,0,7,0,4,1,2,-0.00057,0.0,1.6489,1660
3917824,1913,0,6,0,2,0,4,-0.00133,0.0,1.6712,1664
3919872,1914,0,5,0,2,1,2,-0.00191,0.0,1.7025,1721
3921920,1915,0,6,0,2,0,4,-0.00078,0.0,1.7088,1653
3923968,1916,0,10,1,7,1,1,-0.00046,0.0001,1.6945,1710
3926016,1917,0,2,0,0,0,2,-0.00532,0.0,1.6457,1560
3928064,1918,0,6,0,2,0,4,-0.00066,0.0,1.6564,1601
3930112,1919,0,8,0,4,0,4,-0.00277,0.0,1.5784,1602
3932160,1920,0,8,0,4,0,4,-0.00207,0.0,1.5634,1579
3934208,1921,0,4,0,2,0,2,-0.00104,0.0,1.5467,1544
3936256,1922,0,5,0,2,0,3,-0.00193,0.0,1.5493,1597
3938304,1923,0,7,0,4,0,3,-0.00256,0.0,1.5488,1573
3940352,1924,0,6,1,3,0,2,-5e-05,0.00039,1.5639,1569
3942400,1925,0,7,0,4,1,2,-0.00179,0.0,1.5981,1585
3944448,1926,0,6,0,3,0,3,-0.00109,0.0,1.6004,1576
3946496,1927,0,5,0,1,0,4,-0.00015,0.0,1.6335,1603
3948544,1928,0,7,0,3,0,4,-0.00333,0.0,1.6464,1597
3950592,1929,0,9,0,2,1,6,-0.00353,0.0,1.6677,1526
3952640,1930,0,2,0,0,0,2,-0.00065,0.0,1.6627,1569
3954688,1931,0,5,0,3,0,2,-0.00073,0.0,1.6879,1556
3956736,1932,0,7,0,3,0,4,-0.00233,0.0,1.7393,1529
3958784,1933,0,6,0,2,0,4,-0.00132,0.0,1.7565,1438
3960832,1934,0,4,0,2,0,2,-0.0012,0.0,1.7655,1436
3962880,1935,0,7,0,3,0,4,-0.00134,0.0,1.7612,1529
3964928,1936,0,8,0,4,0,4,-0.00105,0.0,1.7537,1596
3966976,1937,0,6,0,3,0,3,-0.00138,0.0,1.7649,1539
3969024,1938,0,6,0,4,0,2,-0.00056,0.0,1.7809,1559
3971072,1939,0,5,1,1,0,3,-0.00099,0.00052,1.78,1550
3973120,1940,0,7,0,4,0,3,0.00028,0.0,1.7794,1605
3975168,1941,0,5,0,2,0,3,-0.00013,0.0,1.7735,1627
3977216,1942,0,4,0,2,0,2,-4e-05,0.0,1.7537,1582
3979264,1943,0,9,0,2,0,7,-0.00468,0.0,1.7686,1606
3981312,1944,0,4,0,2,0,2,-0.00277,0.0,1.7836,1599
3983360,1945,0,8,0,3,0,5,-0.00193,0.0,1.8002,1613
3985408,1946,0,2,0,1,0,1,-0.00176,0.0,1.7996,1583
3987456,1947,0,9,0,3,1,5,0.00016,0.0,1.7718,1568
3989504,1948,0,5,0,4,0,1,-0.0018,0.0,1.7997,1601
3991552,1949,0,9,0,5,1,3,-0.00103,0.0,1.8191,1588
3993600,1950,0,2,0,1,0,1,-0.00141,0.0,1.8009,1516
3995648,1951,0,6,0,3,0,3,-0.00088,0.0,1.7826,1685
3997696,1952,0,6,0,3,0,3,-0.00242,0.0,1.7799,1633
3999744,1953,0,8,0,2,0,6,-0.0018,0.0,1.7889,1494
4001792,1954,0,4,0,1,0,3,-0.00329,0.0,1.7625,1583
4003840,1955,0,4,0,1,0,3,-0.00321,0.0,1.7749,1501
4005888,1956,0,10,0,5,0,5,-0.00459,0.0,1.7577,1590
4007936,1957,0,5,0,0,1,4,-0.00235,0.0,1.7561,1619
4009984,1958,0,6,0,2,1,3,-0.00213,0.0,1.7456,1548
4012032,1959,0,3,0,2,0,1,-0.00177,0.0,1.7292,1560
4014080,1960,0,6,0,1,0,5,-0.00097,0.0,1.7226,1573
4016128,1961,0,5,0,1,0,4,-0.00257,0.0,1.7299,1532
4018176,1962,0,7,0,3,0,4,0.0012,0.0,1.7504,1589
4020224,1963,0,7,1,2,0,4,0.00042,0.00024,1.7673,1476
4022272,1964,0,6,0,3,0,3,-0.00275,0.0,1.7871,1491
4024320,1965,0,5,0,3,0,2,-0.00103,0.0,1.7981,1558
4026368,1966,0,8,0,5,0,3,-0.00507,0.0,1.815,1533
4028416,1967,0,6,0,2,0,4,-0.00265,0.0,1.8122,1637
4030464,1968,0,9,0,6,0,3,-0.00265,0.0,1.8125,1604
4032512,1969,0,8,0,3,2,3,-0.00053,0.0,1.8066,1618
4034560,1970,0,9,0,7,0,2,-0.00189,0.0,1.8127,1570
4036608,1971,0,5,0,3,0,2,0.00033,0.0,1.7956,1503
4038656,1972,0,5,0,1,0,4,-0.00243,0.0,1.7791,1599
4040704,1973,0,9,0,5,0,4,-0.00234,0.0,1.7834,1634
4042752,1974,0,9,0,5,0,4,-0.0011,0.0,1.7943,1536
4044800,1975,0,3,0,1,0,2,-0.00042,0.0,1.7908,1528
4046848,1976,0,8,0,4,0,4,0.00039,0.0,1.7879,1602
4048896,1977,0,9,0,5,0,4,-0.00544,0.0,1.8137,1487
4050944,1978,0,7,0,3,0,4,-0.00089,0.0,1.8196,1565
4052992,1979,0,4,0,1,0,3,-0.00196,0.0,1.8387,1479
4055040,1980,0,8,0,6,0,2,-0.00239,0.0,1.838,1488
4057088,1981,0,8,1,3,0,4,-0.00565,0.00139,1.825,1543
4059136,1982,0,11,0,7,0,4,-0.0021,2e-05,1.8176,1616
4061184,1983,0,5,0,3,0,2,0.00063,1e-05,1.8223,1597
4063232,1984,0,5,0,1,0,4,-0.00111,1e-05,1.8344,1598
4065280,1985,0,3,0,1,0,2,-0.00171,1e-05,1.8365,1534
4067328,1986,0,9,0,3,0,6,-0.00269,1e-05,1.7994,1339
4069376,1987,0,5,0,1,0,4,-0.00488,0.0,1.7759,1564
4071424,1988,0,2,0,2,0,0,-0.00295,1e-05,1.7792,1615
4073472,1989,0,11,1,3,0,7,-0.00393,0.00023,1.8077,1596
4075520,1990,0,9,0,7,0,2,-0.00274,0.0,1.8268,1486
4077568,1991,0,8,0,3,0,5,-0.00318,0.0,1.8289,1537
4079616,1992,0,3,0,2,0,1,-0.00201,0.0,1.8038,1563
4081664,1993,0,11,0,5,0,6,-0.00262,0.0,1.7602,1663
4083712,1994,0,5,0,2,0,3,-0.00198,0.0,1.7721,1593
4085760,1995,0,5,0,2,0,3,-0.00399,0.0,1.7983,1591
4087808,1996,0,8,0,5,0,3,-0.00203,0.0,1.8412,1553
4089856,1997,0,9,0,3,0,6,-0.00227,0.0,1.82,1676
4091904,1998,0,0,0,0,0,0,-0.00319,0.0,1.8208,1666
4093952,1999,0,7,1,4,0,2,-0.00267,0.00071,1.7976,1641
4096000,2000,0,9,0,1,0,8,-0.00408,0.0,1.8065,1634
4098048,2001,0,3,0,1,0,2,-0.00218,0.0,1.8213,1628
4100096,2002,0,1,0,0,0,1,0.00029,0.0,1.8087,1598
4102144,2003,0,9,0,5,0,4,-0.00283,0.0,1.7834,1601
4104192,2004,0,10,0,2,0,8,-0.00171,0.0,1.7668,1606
4106240,2005,0,5,0,3,0,2,-0.00294,0.0,1.7515,1615
4108288,2006,0,1,0,0,0,1,-0.00203,0.0,1.7808,1491
4110336,2007,0,9,0,4,0,5,-0.00311,0.0,1.7987,1585
4112384,2008,0,5,0,0,0,5,-0.00376,0.0,1.817,1541
4114432,2009,0,7,0,3,0,4,-0.00396,0.0,1.8294,1505
4116480,2010,0,3,0,2,0,1,-0.00203,0.0,1.8005,1600
4118528,2011,0,8,0,3,0,5,-0.0027,0.0,1.8218,1593
4120576,2012,0,2,0,0,0,2,0.00026,0.0,1.8537,1553
4122624,2013,0,10,0,5,0,5,-0.00027,0.0,1.8669,1596
4124672,2014,0,5,0,3,0,2,0.00424,0.0,1.8551,1510
4126720,2015,0,3,0,1,0,2,-0.00195,0.0,1.8675,1539
4128768,2016,0,8,0,3,0,5,-0.00385,0.0,1.8661,1679
4130816,2017,0,9,0,6,0,3,-0.00129,0.0,1.8732,1565
4132864,2018,0,4,0,1,1,2,-0.00172,0.0,1.8836,1613
4134912,2019,0,5,0,3,0,2,-0.00421,1e-05,1.9018,1520
4136960,2020,0,9,0,5,0,4,-0.00056,1e-05,1.9014,1596
4139008,2021,0,5,0,1,0,4,-0.00097,1e-05,1.9024,1581
4141056,2022,0,9,0,7,0,2,-0.00473,0.0,1.8986,1385
4143104,2023,0,7,0,5,0,2,-0.0004,0.0,1.8851,1443
4145152,2024,0,7,0,5,0,2,-0.00288,1e-05,1.8883,1401
4147200,2025,0,4,0,1,0,3,-0.00125,0.0,1.8718,1479
4149248,2026,0,6,0,3,0,3,-0.00233,0.0,1.877,1577
4151296,2027,0,6,0,0,0,6,0.00033,0.0,1.8741,1583
4153344,2028,0,5,0,2,0,3,-0.00351,0.0,1.866,1662
4155392,2029,0,5,0,1,0,4,0.00212,0.0,1.8677,1565
4157440,2030,0,4,0,0,0,4,-0.00255,0.0,1.8874,1389
4159488,2031,0,7,0,2,0,5,-0.0003,0.0,1.8889,1339
4161536,2032,0,4,0,2,0,2,-0.00355,0.0,1.8818,1412
4163584,2033,0,7,0,3,0,4,-0.00128,0.0,1.8857,1559
4165632,2034,0,9,0,3,1,5,-0.0019,0.0,1.87,1483
4167680,2035,0,4,0,2,0,2,-0.0025,0.0,1.8775,1632
4169728,2036,0,1,0,0,0,1,-0.00507,0.0,1.892,1561
4171776,2037,0,4,0,0,0,4,-0.00173,0.0,1.9024,1538
4173824,2038,0,9,0,3,0,6,-0.00218,0.0,1.9043,1477
4175872,2039,0,7,1,2,0,4,-0.00171,0.00031,1.9073,1536
4177920,2040,0,3,0,2,0,1,0.00103,0.0,1.8951,1582
4179968,2041,0,4,0,0,0,4,-0.00201,0.0,1.8867,1516
4182016,2042,0,7,0,1,0,6,-0.00281,0.0,1.8897,1666
4184064,2043,0,9,0,5,0,4,-0.0026,0.0,1.8844,1526
4186112,2044,0,5,0,2,1,2,0.00142,0.0,1.8758,1519
4188160,2045,0,3,1,0,0,2,-0.00254,0.00068,1.8824,1577
4190208,2046,0,4,0,2,0,2,-0.00138,0.0,1.8715,1490
4192256,2047,0,8,0,2,0,6,0.00169,0.0,1.8621,1501
4194304,2048,0,5,0,2,0,3,-0.00532,0.0,1.8707,1511
4196352,2049,0,6,0,2,0,4,-0.00261,0.0,1.8541,1551
4198400,2050,0,3,0,0,0,3,-0.00042,1e-05,1.8532,1555
4200448,2051,0,5,0,0,0,5,-0.00221,0.0,1.8451,1511
4202496,2052,0,11,0,6,0,5,-0.00023,0.0,1.8692,1500
4204544,2053,0,4,0,2,0,2,0.0023,0.0,1.8869,1558
4206592,2054,0,6,0,3,0,3,-0.00299,0.0,1.8861,1361
4208640,2055,0,3,0,1,0,2,-0.0047,0.0,1.8844,1504
4210688,2056,0,10,0,4,0,6,-0.00237,0.0,1.8908,1468
4212736,2057,0,4,0,2,0,2,0.00347,1e-05,1.8848,1602
4214784,2058,0,9,0,4,1,4,-0.00063,0.0,1.9016,1509
4216832,2059,0,6,0,5,0,1,-0.00285,0.0,1.9139,1555
4218880,2060,0,7,0,1,0,6,-0.00188,0.0,1.9189,1428
4220928,2061,0,4,0,2,0,2,-0.00111,0.0,1.9182,1603
4222976,2062,0,7,0,4,0,3,-0.00142,0.0,1.9258,1495
4225024,2063,0,6,0,2,0,4,-0.00225,0.0,1.9269,1508
4227072,2064,0,9,0,6,0,3,-0.00024,0.0,1.9204,1600
4229120,2065,0,7,0,4,0,3,-0.00082,0.0,1.9108,1606
4231168,2066,0,5,0,2,0,3,-0.00106,0.0,1.9081,1595
4233216,2067,0,4,2,0,0,2,-0.00274,0.00103,1.9053,1542
4235264,2068,0,7,0,3,0,4,-0.00156,1e-05,1.9005,1550
4237312,2069,0,6,0,1,0,5,0.00168,1e-05,1.9055,1468
4239360,2070,0,8,0,6,0,2,-0.00214,0.0,1.8955,1483
4241408,2071,0,7,0,2,0,5,0.0012,0.0,1.8834,1541
4243456,2072,0,3,0,2,0,1,-0.00027,0.0,1.8784,1576
4245504,2073,0,6,0,3,0,3,-0.00251,0.0,1.8774,1549
4247552,2074,0,5,0,0,0,5,-0.00159,0.0,1.8679,1569
4249600,2075,0,8,0,2,0,6,-0.0018,0.0,1.8649,1543
4251648,2076,0,3,0,2,0,1,0.00162,0.0,1.8673,1484
4253696,2077,0,10,0,6,0,4,-0.00106,0.0,1.8675,1544
4255744,2078,0,6,0,1,0,5,-0.00416,0.0,1.8848,1553
4257792,2079,0,13,1,7,0,5,-0.00219,0.00033,1.874,1418
4259840,2080,0,3,0,3,0,0,-0.00305,0.0,1.8658,1476
4261888,2081,0,7,0,4,0,3,-0.00172,0.0,1.8758,1404
4263936,2082,0,4,0,4,0,0,-0.00608,0.0,1.8875,1446
4265984,2083,0,9,0,2,0,7,-0.0026,0.0,1.8813,1525
4268032,2084,0,4,1,1,0,2,0.00084,0.00084,1.8737,1572
4270080,2085,0,3,0,0,0,3,-0.00288,1e-05,1.8732,1571
4272128,2086,0,5,0,1,0,4,-0.00156,0.0,1.8899,1462
4274176,2087,0,8,0,3,0,5,-0.00306,0.0,1.8905,1549
4276224,2088,0,5,0,2,0,3,-0.00286,0.0,1.8868,1478
4278272,2089,0,4,0,2,0,2,-0.00252,0.0,1.8769,1500
4280320,2090,0,7,0,3,0,4,-0.00206,0.0,1.8631,1428
4282368,2091,0,6,0,2,0,4,0.00018,0.0,1.8665,1519
4284416,2092,0,5,0,1,0,4,-0.00145,0.0,1.8653,1524
4286464,2093,0,2,0,0,0,2,-0.00307,0.0,1.8639,1612
4288512,2094,0,11,0,6,0,5,0.00038,0.0,1.8601,1421
4290560,2095,0,6,0,1,0,5,-0.00418,0.0,1.8126,1459
4292608,2096,0,4,0,2,0,2,0.00241,0.0,1.8141,1542
4294656,2097,0,4,0,3,0,1,-0.00203,0.0,1.8406,1518
4296704,2098,0,7,0,1,0,6,-0.00288,0.0,1.8636,1409
4298752,2099,0,3,0,0,0,3,-0.00042,0.0,1.8632,1385
4300800,2100,0,9,0,5,0,4,-0.00261,0.0,1.8461,1554
4302848,2101,0,7,0,4,1,2,0.00015,0.0,1.8474,1603
4304896,2102,0,4,0,0,0,4,-0.00042,0.0,1.8718,1565
4306944,2103,0,4,0,2,0,2,0.00125,0.0,1.8662,1556
4308992,2104,0,4,0,0,0,4,-0.00105,0.0,1.8508,1311
4311040,2105,0,7,0,3,0,4,-0.00231,0.0,1.8691,1511
4313088,2106,0,7,0,1,1,5,-0.00162,0.0,1.8678,1500
4315136,2107,0,4,0,1,1,2,-0.00452,0.0,1.8518,1608
4317184,2108,0,2,0,1,0,1,-0.00197,0.0,1.8195,1563
4319232,2109,0,10,0,3,2,5,0.0035,0.0,1.778,1592
4321280,2110,0,6,0,2,0,4,-0.00514,0.0,1.7651,1514
4323328,2111,0,7,0,5,0,2,-0.00274,0.0,1.7836,1467
4325376,2112,0,7,0,3,0,4,-0.00622,0.0,1.8259,1502
4327424,2113,0,7,0,3,0,4,-0.00494,0.0,1.8132,1479
4329472,2114,0,4,0,2,0,2,0.0008,0.0,1.8185,1552
4331520,2115,0,4,0,1,0,3,-0.00271,0.0,1.8365,1528
4333568,2116,0,10,0,4,0,6,0.00123,0.0,1.8257,1500
4335616,2117,0,5,0,3,0,2,-0.00246,0.0,1.8073,1469
4337664,2118,0,10,0,7,0,3,-0.00518,0.0,1.8223,1483
4339712,2119,0,8,0,6,0,2,-0.00406,0.0,1.8261,1360
4341760,2120,0,9,0,5,0,4,-0.00471,0.0,1.843,1356
4343808,2121,0,8,0,3,0,5,-0.00058,0.0,1.8538,1416
4345856,2122,0,6,0,3,1,2,-0.00318,0.0,1.8671,1501
4347904,2123,0,3,0,1,1,1,-0.00207,0.0,1.8777,1501
4349952,2124,0,9,0,4,0,5,-0.00116,0.0,1.8783,1489
4352000,2125,0,6,0,3,0,3,-0.00181,0.0,1.8826,1494
4354048,2126,0,3,0,1,0,2,-0.00323,0.0,1.9011,1415
4356096,2127,0,5,0,1,0,4,-0.00683,0.0,1.8921,1379
4358144,2128,0,8,0,3,0,5,-0.00384,0.0,1.8963,1685
4360192,2129,0,8,0,4,0,4,0.00044,0.0,1.9039,1643
4362240,2130,0,3,0,1,0,2,-0.00192,0.0,1.918,1573
4364288,2131,0,4,0,1,0,3,-0.0018,0.0,1.9124,1565
4366336,2132,0,6,0,1,0,5,-0.00067,0.0,1.9222,1528
4368384,2133,0,9,0,4,0,5,-0.00234,0.0,1.9245,1540
4370432,2134,0,4,0,3,0,1,-0.00211,0.0,1.917,1510
4372480,2135,0,4,0,0,0,4,-0.00282,0.0,1.8918,1606
4374528,2136,0,4,0,0,0,4,-0.00376,0.0,1.8651,1558
4376576,2137,0,4,0,0,1,3,-0.0009,0.0,1.8643,1571
4378624,2138,0,5,0,0,0,5,-0.00206,0.0,1.8474,1607
4380672,2139,0,5,0,1,0,4,0.00172,0.0,1.8311,1642
4382720,2140,0,7,0,3,0,4,-0.00343,1e-05,1.8207,1500
4384768,2141,0,4,0,1,0,3,-0.00429,1e-05,1.8079,1624
4386816,2142,0,5,0,0,0,5,-0.00364,0.0,1.8403,1391
4388864,2143,0,6,0,2,0,4,-0.00361,1e-05,1.8258,1203
4390912,2144,0,8,0,3,0,5,4e-05,0.0,1.842,1500
4392960,2145,0,1,0,0,0,1,-0.00292,1e-05,1.8491,1528
4395008,2146,0,5,0,2,0,3,-0.00256,1e-05,1.8545,1556
4397056,2147,0,6,0,1,0,5,-0.00222,1e-05,1.8514,1561
4399104,2148,0,7,0,2,0,5,-0.00193,0.0,1.8661,1569
4401152,2149,0,2,0,0,0,2,-0.00195,0.0,1.881,1568
4403200,2150,0,4,0,1,0,3,-0.00117,2e-05,1.8821,1601
4405248,2151,0,9,0,3,2,4,-0.0001,1e-05,1.8937,1672
4407296,2152,0,7,0,3,0,4,-0.00082,1e-05,1.8961,1637
4409344,2153,0,2,0,1,0,1,-0.00332,0.0,1.8545,1490
4411392,2154,0,5,0,1,0,4,-0.00102,0.0,1.8276,1382
4413440,2155,0,7,0,3,0,4,-0.00015,1e-05,1.8122,1598
4415488,2156,0,6,0,0,0,6,-0.00042,0.0,1.8249,1482
4417536,2157,0,1,0,0,0,1,-0.00117,0.0,1.8617,1526
4419584,2158,0,3,0,0,0,3,-0.0039,0.0,1.8479,1452
4421632,2159,0,10,0,3,0,7,-0.00048,0.0,1.8226,1457
4423680,2160,0,5,0,1,0,4,-0.00155,1e-05,1.8285,1615
4425728,2161,0,3,0,1,0,2,-0.00197,0.0,1.8196,1618
4427776,2162,0,4,0,2,0,2,-0.00454,0.0,1.8234,1651
4429824,2163,0,6,0,0,0,6,-0.00043,0.0,1.8245,1507
4431872,2164,0,5,0,1,0,4,-0.00016,0.0,1.8371,1433
4433920,2165,0,5,0,2,0,3,-0.00062,0.0,1.8515,1484
4435968,2166,0,7,0,3,0,4,0.00125,0.0,1.8574,1596
4438016,2167,0,7,0,1,0,6,-0.00319,1e-05,1.8386,1486
4440064,2168,0,4,0,2,0,2,-0.00221,1e-05,1.8755,1538
4442112,2169,0,3,0,1,0,2,-0.00349,0.0,1.9013,1606
4444160,2170,0,8,0,3,0,5,0.00042,0.0,1.9165,1677
4446208,2171,0,5,0,2,0,3,-0.00191,0.0,1.9064,1606
4448256,2172,0,2,0,1,0,1,-0.00239,0.0,1.891,1565
4450304,2173,0,5,0,3,0,2,-0.00259,0.0,1.894,1640
4452352,2174,0,7,0,1,0,6,-0.00079,0.0,1.9107,1579
4454400,2175,0,8,0,6,0,2,-0.0016,0.0,1.9104,1580
4456448,2176,0,3,0,1,0,2,-0.00089,0.0,1.9227,1512
4458496,2177,0,5,0,2,0,3,-0.0056,0.0,1.9307,1621
4460544,2178,0,12,0,6,0,6,-0.00107,0.0,1.926,1581
4462592,2179,0,7,0,5,0,2,-0.00177,0.0,1.9209,1600
4464640,2180,0,4,1,2,0,1,-0.00373,0.00097,1.9191,1608
4466688,2181,0,2,0,1,0,1,-0.0043,1e-05,1.9271,1489
4468736,2182,0,11,0,2,2,7,-0.00078,1e-05,1.9192,1588
4470784,2183,0,2,0,0,0,2,-0.00231,0.0,1.9161,1612
4472832,2184,0,6,0,2,1,3,-0.0018,1e-05,1.898,1661
4474880,2185,0,3,0,1,0,2,-0.00217,1e-05,1.8946,1608
4476928,2186,0,12,0,3,0,9,-0.0055,1e-05,1.8901,1506
4478976,2187,0,1,0,0,0,1,0.00349,0.0,1.8876,1447
4481024,2188,0,4,0,1,0,3,0.00022,0.0,1.8883,1524
4483072,2189,0,3,0,1,0,2,-0.00537,0.0,1.8789,1510
4485120,2190,0,10,0,2,0,8,-0.00399,0.0,1.8843,1562
4487168,2191,0,2,0,0,0,2,-0.00261,0.0,1.8759,1543
4489216,2192,0,6,0,4,0,2,-0.00121,0.0,1.8688,1568
4491264,2193,0,5,0,0,1,4,-0.00444,0.0,1.8576,1508
4493312,2194,0,7,0,1,0,6,-0.00355,0.0,1.8516,1541
4495360,2195,0,3,0,2,0,1,-0.00442,0.0,1.8464,1485
4497408,2196,0,4,0,0,0,4,-0.00633,0.0,1.8504,1599
4499456,2197,0,6,0,1,0,5,-0.00289,0.0,1.8556,1603
4501504,2198,0,4,0,1,0,3,-0.00278,0.0,1.853,1527
4503552,2199,0,6,0,2,0,4,-0.00081,0.0,1.8439,1576
4505600,2200,0,3,0,0,0,3,-0.00014,0.0,1.8356,1496
4507648,2201,0,5,0,0,0,5,-0.00372,0.0,1.8402,1579
4509696,2202,0,4,0,0,0,4,-0.00454,0.0,1.8348,1464
4511744,2203,0,5,0,0,0,5,0.00135,0.0,1.7947,1386
4513792,2204,0,2,0,0,0,2,-0.00041,0.0,1.8091,1587
4515840,2205,0,6,0,0,0,6,-0.00286,0.0,1.8413,1618
4517888,2206,0,3,0,0,0,3,-0.00173,0.0,1.8361,1644
4519936,2207,0,6,0,0,0,6,-0.00192,0.0,1.8073,1611
4521984,2208,0,3,0,1,0,2,-0.00519,0.0,1.7704,1450
4524032,2209,0,4,0,0,0,4,0.00054,0.0,1.7911,1379
4526080,2210,0,6,0,1,0,5,-0.00374,0.0,1.8337,1541
4528128,2211,0,8,0,5,0,3,-0.00113,0.0,1.8649,1414
4530176,2212,0,3,0,1,0,2,-0.00271,0.0,1.8842,1514
4532224,2213,0,5,0,1,0,4,-0.00198,0.0,1.8826,1596
4534272,2214,0,5,0,0,0,5,7e-05,0.0,1.8838,1606
4536320,2215,0,6,0,1,0,5,-0.00362,0.0,1.869,1555
4538368,2216,0,5,0,3,0,2,-0.00427,0.0,1.8652,1444
4540416,2217,0,4,0,1,0,3,-0.00161,0.0,1.8846,1471
4542464,2218,0,6,0,1,0,5,-0.00471,0.0,1.8901,1602
4544512,2219,0,7,0,3,0,4,-0.00172,0.0,1.8934,1469
4546560,2220,0,6,0,2,0,4,-0.00162,0.0,1.8949,1448
4548608,2221,0,2,0,0,0,2,-0.00137,0.0,1.8839,1601
4550656,2222,0,4,0,1,0,3,-0.00406,0.0,1.8646,1587
4552704,2223,0,5,0,2,0,3,-0.00309,0.0,1.8693,1481
4554752,2224,0,7,0,1,0,6,-0.00457,0.0,1.8774,1487
4556800,2225,0,5,0,3,0,2,-0.00418,0.0,1.8647,1471
4558848,2226,0,4,0,2,0,2,-0.00088,0.0,1.8424,1558
4560896,2227,0,6,0,1,0,5,-0.00146,0.0,1.8473,1454
4562944,2228,0,4,0,0,0,4,-0.0069,0.0,1.8468,1505
4564992,2229,0,5,0,2,0,3,-0.00324,0.0,1.8606,1365
4567040,2230,0,2,0,0,0,2,-0.00377,0.0,1.8741,1546
4569088,2231,0,8,0,1,0,7,-0.00296,0.0,1.8523,1538
4571136,2232,0,6,0,3,0,3,-0.00195,0.0,1.8384,1429
4573184,2233,0,4,0,1,0,3,-0.00469,0.0,1.8293,1491
4575232,2234,0,1,0,1,0,0,-0.00091,0.0,1.8269,1612
4577280,2235,0,7,0,1,0,6,-0.00234,0.0,1.8388,1585
4579328,2236,0,7,0,2,0,5,-0.00337,0.0,1.8359,1585
4581376,2237,0,3,0,0,0,3,-0.00179,0.0,1.8511,1523
4583424,2238,0,4,0,2,0,2,0.00043,0.0,1.8397,1444
4585472,2239,0,6,0,2,0,4,-0.00435,0.0,1.8273,1586
4587520,2240,0,6,0,0,0,6,-0.00305,0.0,1.8208,1625
4589568,2241,0,2,0,0,0,2,-0.00328,0.0,1.8382,1722
4591616,2242,0,4,0,1,0,3,-0.00106,0.0,1.8309,1681
4593664,2243,0,6,0,1,0,5,-0.00068,0.0,1.8174,1704
4595712,2244,0,6,0,0,0,6,-0.00165,0.0,1.7984,1461
4597760,2245,0,2,0,0,0,2,-0.00428,0.0,1.7763,1516
4599808,2246,0,8,0,2,0,6,-0.00465,0.0,1.7964,1521
4601856,2247,0,2,0,0,0,2,-0.00221,0.0,1.7978,1458
4603904,2248,0,7,0,2,0,5,0.00042,0.0,1.8182,1482
4605952,2249,0,4,0,1,0,3,-0.00311,0.0,1.7902,1514
4608000,2250,0,7,0,1,0,6,-0.00058,0.0,1.8033,1555
4610048,2251,0,4,0,0,0,4,-0.00169,0.0,1.7839,1592
4612096,2252,0,4,0,1,0,3,-0.00243,0.0,1.7805,1576
4614144,2253,0,4,0,1,0,3,-0.00618,0.0,1.786,1396
4616192,2254,0,4,0,0,0,4,-0.00242,0.0,1.7782,1473
4618240,2255,0,7,0,2,0,5,-0.00148,0.0,1.7882,1445
4620288,2256,0,4,0,1,0,3,0.0006,0.0,1.7987,1485
4622336,2257,0,3,0,0,0,3,-0.00444,0.0,1.8004,1534
4624384,2258,0,3,0,0,0,3,-0.00377,0.0,1.8281,1579
4626432,2259,0,8,0,1,0,7,0.00095,0.0,1.8306,1433
4628480,2260,0,5,0,2,0,3,-0.00118,0.0,1.8456,1434
4630528,2261,0,3,0,0,0,3,-0.00121,0.0,1.8573,1472
4632576,2262,0,3,0,0,0,3,-0.00492,0.0,1.8627,1330
4634624,2263,0,8,0,1,0,7,-0.00201,0.0,1.8666,1362
4636672,2264,0,4,0,2,0,2,-0.00375,0.0,1.8684,1474
4638720,2265,0,6,0,3,0,3,-0.00261,0.0,1.8771,1487
4640768,2266,0,5,0,2,0,3,-0.00344,0.0,1.8631,1367
4642816,2267,0,5,0,0,0,5,-0.00011,0.0,1.8588,1418
4644864,2268,0,4,0,2,0,2,-0.0008,0.0,1.8524,1517
4646912,2269,0,6,0,0,0,6,-0.00869,0.0,1.8487,1395
4648960,2270,0,3,0,0,0,3,-0.00237,0.0,1.846,1545
4651008,2271,0,5,0,0,0,5,-0.00384,0.0,1.8487,1521
4653056,2272,0,3,0,0,0,3,-0.00342,0.0,1.8422,1541
4655104,2273,0,5,0,0,0,5,0.00126,0.0,1.8493,1521
4657152,2274,0,5,0,1,0,4,-0.00364,0.0,1.8606,1567
4659200,2275,0,3,0,1,0,2,0.00061,0.0,1.8676,1469
4661248,2276,0,4,0,1,0,3,-0.00194,0.0,1.8606,1249
4663296,2277,0,6,0,0,0,6,-0.00201,0.0,1.8678,1428
4665344,2278,0,7,0,3,0,4,-0.00197,0.0,1.8676,1355
4667392,2279,0,1,0,0,0,1,-0.00154,0.0,1.8497,1524
4669440,2280,0,6,0,2,0,4,-0.00165,0.0,1.8363,1518
4671488,2281,0,5,0,0,0,5,-0.00381,0.0,1.8145,1530
4673536,2282,0,6,0,1,0,5,-0.00013,0.0,1.8267,1445
4675584,2283,0,4,0,3,0,1,-0.0028,0.0,1.8128,1613
4677632,2284,0,6,0,1,0,5,0.00185,0.0,1.7846,1651
4679680,2285,0,6,0,2,0,4,-0.0038,0.0,1.752,1619
4681728,2286,0,3,0,0,0,3,-0.00418,0.0,1.7715,1637
4683776,2287,0,3,0,0,0,3,-0.00157,0.0,1.77,1567
4685824,2288,0,6,0,0,0,6,-0.00107,0.0,1.7127,1540
4687872,2289,0,5,0,0,0,5,-0.00383,0.0,1.7098,1515
4689920,2290,0,7,0,4,0,3,-0.00445,0.0,1.655,1306
4691968,2291,0,3,0,1,0,2,-0.00299,0.0,1.6629,1416
4694016,2292,0,4,0,0,0,4,-0.00494,0.0,1.681,1341
4696064,2293,0,5,0,1,0,4,-0.00741,0.0,1.7009,1419
4698112,2294,0,6,0,0,0,6,-0.003,0.0,1.7018,1438
4700160,2295,0,1,0,0,0,1,-0.00319,0.0,1.7225,1396
4702208,2296,0,4,0,0,0,4,-0.0062,0.0,1.7355,1334
4704256,2297,0,7,0,0,0,7,-0.00146,0.0,1.7524,1367
4706304,2298,0,5,0,1,0,4,-0.0044,0.0,1.7847,1498
4708352,2299,0,3,0,2,0,1,-0.00128,0.0,1.8135,1374
4710400,2300,0,4,0,0,0,4,-0.00425,0.0,1.8244,1506
4712448,2301,0,6,0,0,0,6,-0.00269,0.0,1.8217,1500
4714496,2302,0,3,0,0,0,3,-0.00194,0.0,1.8145,1482
4716544,2303,0,4,0,0,0,4,-0.00489,0.0,1.7933,1452
4718592,2304,0,5,0,2,0,3,-0.00394,0.0,1.7832,1450
4720640,2305,0,8,0,0,0,8,-0.00203,0.0,1.7658,1382
4722688,2306,0,1,0,1,0,0,-0.00272,0.0,1.7456,1433
4724736,2307,0,4,0,1,0,3,-0.00372,0.0,1.7516,1614
4726784,2308,0,4,0,1,0,3,-0.00668,0.0,1.7575,1519
4728832,2309,0,8,0,1,0,7,-0.00148,0.0,1.7682,1581
4730880,2310,0,1,0,0,0,1,-0.00328,0.0,1.7814,1399
4732928,2311,0,3,0,0,0,3,-0.00195,0.0,1.7848,1359
4734976,2312,0,6,0,1,0,5,0.00115,0.0,1.7814,1307
4737024,2313,0,6,0,0,0,6,-0.00408,0.0,1.782,1635
4739072,2314,0,1,0,0,0,1,0.00183,0.0,1.7764,1543
4741120,2315,0,7,0,2,0,5,-0.00021,0.0,1.7528,1486
4743168,2316,0,5,0,0,0,5,-0.00116,0.0,1.7347,1514
4745216,2317,0,8,0,3,0,5,-0.00076,0.0,1.7017,1447
4747264,2318,0,2,0,1,0,1,-0.00318,0.0,1.6307,1395
4749312,2319,0,5,0,0,0,5,-0.00666,0.0,1.6822,1390
4751360,2320,0,3,0,0,0,3,-0.00127,0.0,1.7006,1584
4753408,2321,0,8,0,3,0,5,0.00161,0.0,1.7049,1550
4755456,2322,0,2,0,1,0,1,-0.00382,0.0,1.7165,1459
4757504,2323,0,5,0,0,0,5,-0.00371,0.0,1.6971,1421
4759552,2324,0,2,0,0,0,2,0.0015,0.0,1.6722,1436
4761600,2325,0,8,0,1,0,7,-0.0007,0.0,1.6723,1385
4763648,2326,0,4,0,0,0,4,-0.00055,0.0,1.696,1594
4765696,2327,0,3,0,1,0,2,0.00015,0.0,1.7481,1477
4767744,2328,0,6,0,1,0,5,-0.00641,0.0,1.7737,1480
4769792,2329,0,6,0,0,0,6,-0.00046,0.0,1.7837,1575
4771840,2330,0,3,0,1,0,2,-0.00195,0.0,1.7886,1510
4773888,2331,0,2,0,0,0,2,-0.00376,0.0,1.7787,1512
4775936,2332,0,7,0,0,0,7,-0.00428,0.0,1.7346,1489
4777984,2333,0,5,0,0,0,5,-0.00457,0.0,1.7202,1568
4780032,2334,0,2,0,0,0,2,-0.00378,0.0,1.7457,1453
4782080,2335,0,3,0,0,0,3,-0.0057,0.0,1.7989,1549
4784128,2336,0,9,0,2,0,7,-0.00409,0.0,1.8224,1571
4786176,2337,0,6,0,2,0,4,-0.0003,0.0,1.8454,1418
4788224,2338,0,3,0,0,0,3,-0.00207,0.0,1.8493,1554
4790272,2339,0,4,0,3,0,1,-0.00665,0.0,1.8342,1545
4792320,2340,0,9,0,0,0,9,-0.00066,0.0,1.8259,1610
4794368,2341,0,2,0,0,0,2,-0.00325,0.0,1.8415,1339
4796416,2342,0,4,0,2,0,2,-0.00403,0.0,1.8495,1537
4798464,2343,0,4,0,0,0,4,-0.00381,0.0,1.8646,1503
4800512,2344,0,8,0,1,0,7,-0.00423,0.0,1.8635,1547
4802560,2345,0,2,0,0,0,2,-0.00183,0.0,1.8706,1537
4804608,2346,0,4,0,1,0,3,0.00166,0.0,1.8792,1623
4806656,2347,0,5,0,2,0,3,-0.00173,0.0,1.8754,1414
4808704,2348,0,7,0,0,0,7,-0.00631,0.0,1.8558,1447
4810752,2349,0,3,0,1,0,2,-0.00347,0.0,1.836,1538
4812800,2350,0,3,0,0,0,3,0.00086,0.0,1.8406,1556
4814848,2351,0,8,0,3,0,5,-0.00092,0.0,1.8467,1603
4816896,2352,0,7,0,1,0,6,-0.00094,0.0,1.8328,1467
4818944,2353,0,3,0,1,0,2,-0.0033,0.0,1.8081,1094
4820992,2354,0,2,0,1,0,1,-0.0002,0.0,1.7868,1263
4823040,2355,0,8,0,1,0,7,-0.00456,0.0,1.7821,997
4825088,2356,0,5,0,1,0,4,0.0022,0.0,1.7616,1382
4827136,2357,0,2,0,0,0,2,-0.00262,0.0,1.7119,1508
4829184,2358,0,3,0,0,0,3,-0.00023,0.0,1.7089,1467
4831232,2359,0,9,0,2,0,7,-0.00425,0.0,1.6288,1395
4833280,2360,0,4,0,1,0,3,-0.00218,0.0,1.5543,1425
4835328,2361,0,3,0,1,0,2,-0.00218,0.0,1.5928,1429
4837376,2362,0,2,0,0,0,2,-0.00126,0.0,1.5793,1291
4839424,2363,0,9,0,1,0,8,-0.00212,0.0,1.6016,1510
4841472,2364,0,4,0,1,0,3,-0.00288,0.0,1.614,1466
4843520,2365,0,3,0,0,0,3,-0.00242,0.0,1.6343,1603
4845568,2366,0,4,0,1,0,3,-0.00488,0.0,1.6297,1474
4847616,2367,0,9,0,3,0,6,-0.00438,0.0,1.5929,1494
4849664,2368,0,4,0,0,0,4,-0.00452,0.0,1.5273,1550
4851712,2369,0,1,0,0,0,1,4e-05,0.0,1.5095,1491
4853760,2370,0,5,0,0,0,5,-0.00263,0.0,1.4683,1536
4855808,2371,0,9,0,1,0,8,-0.00351,0.0,1.5181,1545
4857856,2372,0,2,0,0,0,2,-0.00354,0.0,1.4941,1475
4859904,2373,0,1,0,0,0,1,0.00073,0.0,1.4673,1614
4861952,2374,0,5,0,0,0,5,-0.00274,0.0,1.4666,1642
4864000,2375,0,9,0,0,0,9,-0.00351,0.0,1.4621,1450
4866048,2376,0,1,0,0,0,1,-0.00238,0.0,1.4838,1473
4868096,2377,0,1,0,0,0,1,-0.0044,0.0,1.546,1496
4870144,2378,0,9,0,1,0,8,-0.00294,0.0,1.5272,1557
4872192,2379,0,6,0,0,0,6,7e-05,0.0,1.4563,1499
4874240,2380,0,2,0,0,0,2,-0.00056,0.0,1.4703,1527
4876288,2381,0,2,0,1,0,1,-0.00377,0.0,1.4368,1567
4878336,2382,0,7,0,0,0,7,0.00045,0.0,1.4353,1345
4880384,2383,0,5,0,0,0,5,0.00052,0.0,1.4228,1394
4882432,2384,0,2,0,0,0,2,-0.00269,0.0,1.4762,1487
4884480,2385,0,2,0,0,0,2,-0.00257,0.0,1.4505,1635
4886528,2386,0,8,0,1,0,7,-0.00277,0.0,1.4743,1601
4888576,2387,0,5,0,0,0,5,-0.00148,0.0,1.5091,1477
4890624,2388,0,2,0,1,0,1,-0.00451,0.0,1.5747,1526
4892672,2389,0,3,0,0,0,3,-0.00347,0.0,1.5263,1445
4894720,2390,0,9,0,2,0,7,-0.00169,0.0,1.525,1317
4896768,2391,0,3,0,0,0,3,-0.00243,0.0,1.5253,1021
4898816,2392,0,3,0,1,0,2,-0.00301,0.0,1.544,1179
4900864,2393,0,6,0,1,0,5,-0.00015,0.0,1.5617,1577
4902912,2394,0,6,0,1,0,5,-0.00302,0.0,1.6078,1451
4904960,2395,0,4,0,2,0,2,-0.00077,0.0,1.6107,1449
4907008,2396,0,4,0,0,0,4,-0.00098,0.0,1.6222,1516
4909056,2397,0,6,0,1,0,5,-0.00196,0.0,1.6564,1487
4911104,2398,0,4,0,0,0,4,-0.00247,0.0,1.6168,1580
4913152,2399,0,3,0,0,0,3,0.00117,0.0,1.5801,1536
4915200,2400,0,6,0,0,0,6,-0.0053,0.0,1.6144,1572
4917248,2401,0,5,0,0,0,5,-0.00299,0.0,1.643,1481
4919296,2402,0,3,0,0,0,3,-0.0035,0.0,1.6608,1480
4921344,2403,0,3,0,0,0,3,0.00041,0.0,1.6728,1595
4923392,2404,0,5,0,0,0,5,-0.00398,0.0,1.6125,1535
4925440,2405,0,5,0,0,0,5,-0.0006,0.0,1.6342,1508
4927488,2406,0,3,0,0,0,3,-0.0018,0.0,1.6907,1428
4929536,2407,0,5,0,0,0,5,-0.00407,0.0,1.6957,1522
4931584,2408,0,3,0,0,0,3,-0.00514,0.0,1.6735,1465
4933632,2409,0,5,0,0,0,5,-0.0,0.0,1.673,1497
4935680,2410,0,4,0,0,0,4,0.00048,0.0,1.7105,1588
4937728,2411,0,6,0,2,0,4,0.00157,0.0,1.7359,1619
4939776,2412,0,4,0,1,0,3,-0.00331,0.0,1.758,1570
4941824,2413,0,6,0,0,0,6,-0.00242,0.0,1.769,1544
4943872,2414,0,2,0,0,0,2,-0.002,0.0,1.7495,1627
4945920,2415,0,7,0,2,0,5,-0.0024,0.0,1.7335,1514
4947968,2416,0,3,0,0,0,3,-0.00402,0.0,1.7301,1576
4950016,2417,0,5,0,1,0,4,-0.00053,0.0,1.7456,1607
4952064,2418,0,3,0,0,0,3,-0.00309,0.0,1.7758,1463
4954112,2419,0,6,0,0,0,6,0.00011,0.0,1.7879,1511
4956160,2420,0,3,0,1,0,2,-0.00524,0.0,1.7918,1590
4958208,2421,0,8,0,3,0,5,-0.00365,0.0,1.8064,1434
4960256,2422,0,5,0,1,0,4,-0.00319,0.0,1.8257,1587
4962304,2423,0,4,0,0,0,4,0.00105,0.0,1.8181,1549
4964352,2424,0,4,0,0,0,4,-0.00411,0.0,1.8152,1639
4966400,2425,0,6,0,2,0,4,-0.00149,0.0,1.8401,1552
4968448,2426,0,6,0,2,0,4,-0.00626,0.0,1.8627,1426
4970496,2427,0,4,0,2,0,2,-0.00297,0.0,1.8667,1466
4972544,2428,0,5,0,2,0,3,0.00104,0.0,1.8714,1582
4974592,2429,0,6,0,2,0,4,-0.00107,0.0,1.8643,1578
4976640,2430,0,7,0,0,0,7,-0.0003,0.0,1.8566,1592
4978688,2431,0,2,0,0,0,2,-0.00076,0.0,1.8558,1504
4980736,2432,0,4,0,1,0,3,0.00063,0.0,1.854,1466
4982784,2433,0,7,0,2,0,5,-0.00289,0.0,1.8604,1620
4984832,2434,0,8,0,1,0,7,-0.00037,0.0,1.863,1522
4986880,2435,0,0,0,0,0,0,0.00134,0.0,1.8609,1483
4988928,2436,0,3,0,0,0,3,-0.00525,0.0,1.8749,1513
4990976,2437,0,7,0,0,0,7,-0.00308,0.0,1.8657,1571
4993024,2438,0,8,0,3,0,5,-0.001,0.0,1.8506,1465
4995072,2439,0,1,0,1,0,0,-0.00184,0.0,1.8215,1498
4997120,2440,0,4,0,1,0,3,-0.00229,0.0,1.8152,1631
4999168,2441,0,9,0,3,0,6,-0.00211,0.0,1.8065,1595
5001216,2442,0,5,0,1,0,4,-0.00281,0.0,1.8049,1506
