cond,seed,episode,outcome,length,got_key,opened_door,filter_at_end,killer_hidden,frac_navigate,frac_hazard,frac_key_door
A,0,0,lava,131,0,0,none,0,,,
A,0,1,timeout,196,1,0,none,0,,,
A,0,2,timeout,196,0,0,none,0,,,
A,0,3,timeout,196,0,0,none,0,,,
A,0,4,timeout,196,1,0,none,0,,,
A,0,5,timeout,196,1,0,none,0,,,
A,0,6,timeout,196,0,0,none,0,,,
A,0,7,timeout,196,0,0,none,0,,,
A,0,8,timeout,196,0,0,none,0,,,
A,0,9,timeout,196,0,0,none,0,,,
A,0,10,timeout,196,0,0,none,0,,,
A,0,11,timeout,196,1,0,none,0,,,
A,0,12,lava,3,0,0,none,0,,,
A,0,13,timeout,196,0,0,none,0,,,
A,0,14,timeout,196,0,0,none,0,,,
A,0,15,timeout,196,0,0,none,0,,,
A,0,16,timeout,196,0,0,none,0,,,
A,0,17,timeout,196,1,0,none,0,,,
A,0,18,timeout,196,0,0,none,0,,,
A,0,19,timeout,196,0,0,none,0,,,
A,0,20,timeout,196,1,0,none,0,,,
A,0,21,timeout,196,0,0,none,0,,,
A,0,22,timeout,196,0,0,none,0,,,
A,0,23,timeout,196,0,0,none,0,,,
A,0,24,timeout,196,0,0,none,0,,,
A,0,25,timeout,196,1,0,none,0,,,
A,0,26,timeout,196,1,0,none,0,,,
A,0,27,timeout,196,0,0,none,0,,,
A,0,28,timeout,196,0,0,none,0,,,
A,0,29,timeout,196,0,0,none,0,,,
A,0,30,timeout,196,0,0,none,0,,,
A,0,31,timeout,196,1,0,none,0,,,
A,0,32,timeout,196,0,0,none,0,,,
A,0,33,timeout,196,1,0,none,0,,,
A,0,34,lava,70,0,0,none,0,,,
A,0,35,timeout,196,0,0,none,0,,,
A,0,36,timeout,196,0,0,none,0,,,
A,0,37,lava,46,0,0,none,0,,,
A,0,38,timeout,196,0,0,none,0,,,
A,0,39,timeout,196,0,0,none,0,,,
A,0,40,timeout,196,1,0,none,0,,,
A,0,41,timeout,196,0,0,none,0,,,
A,0,42,timeout,196,0,0,none,0,,,
A,0,43,timeout,196,0,0,none,0,,,
A,0,44,timeout,196,0,0,none,0,,,
A,0,45,timeout,196,1,0,none,0,,,
A,0,46,timeout,196,1,0,none,0,,,
A,0,47,timeout,196,0,0,none,0,,,
A,0,48,timeout,196,0,0,none,0,,,
A,0,49,timeout,196,0,0,none,0,,,
A,0,50,timeout,196,0,0,none,0,,,
A,0,51,timeout,196,1,1,none,0,,,
A,0,52,timeout,196,1,0,none,0,,,
A,0,53,lava,49,0,0,none,0,,,
A,0,54,lava,5,0,0,none,0,,,
A,0,55,timeout,196,0,0,none,0,,,
A,0,56,timeout,196,1,0,none,0,,,
A,0,57,timeout,196,0,0,none,0,,,
A,0,58,timeout,196,1,0,none,0,,,
A,0,59,timeout,196,1,0,none,0,,,
A,0,60,timeout,196,0,0,none,0,,,
A,0,61,timeout,196,0,0,none,0,,,
A,0,62,timeout,196,1,0,none,0,,,
A,0,63,timeout,196,1,0,none,0,,,
A,0,64,timeout,196,0,0,none,0,,,
A,0,65,timeout,196,0,0,none,0,,,
A,0,66,timeout,196,0,0,none,0,,,
A,0,67,timeout,196,0,0,none,0,,,
A,0,68,timeout,196,1,0,none,0,,,
A,0,69,timeout,196,0,0,none,0,,,
A,0,70,timeout,196,1,0,none,0,,,
A,0,71,timeout,196,0,0,none,0,,,
A,0,72,timeout,196,0,0,none,0,,,
A,0,73,timeout,196,0,0,none,0,,,
A,0,74,timeout,196,1,0,none,0,,,
A,0,75,timeout,196,0,0,none,0,,,
A,0,76,timeout,196,0,0,none,0,,,
A,0,77,timeout,196,0,0,none,0,,,
A,0,78,lava,64,0,0,none,0,,,
A,0,79,timeout,196,0,0,none,0,,,
A,0,80,timeout,196,1,0,none,0,,,
A,0,81,timeout,196,1,0,none,0,,,
A,0,82,timeout,196,0,0,none,0,,,
A,0,83,timeout,196,0,0,none,0,,,
A,0,84,timeout,196,1,0,none,0,,,
A,0,85,timeout,196,0,0,none,0,,,
A,0,86,timeout,196,1,0,none,0,,,
A,0,87,lava,76,0,0,none,0,,,
A,0,88,timeout,196,1,0,none,0,,,
A,0,89,timeout,196,1,0,none,0,,,
A,0,90,timeout,196,0,0,none,0,,,
A,0,91,timeout,196,1,0,none,0,,,
A,0,92,timeout,196,0,0,none,0,,,
A,0,93,timeout,196,1,0,none,0,,,
A,0,94,timeout,196,0,0,none,0,,,
A,0,95,timeout,196,1,0,none,0,,,
A,0,96,timeout,196,0,0,none,0,,,
A,0,97,timeout,196,0,0,none,0,,,
A,0,98,timeout,196,0,0,none,0,,,
A,0,99,timeout,196,1,0,none,0,,,
A,0,100,timeout,196,0,0,none,0,,,
A,0,101,lava,25,0,0,none,0,,,
A,0,102,timeout,196,0,0,none,0,,,
A,0,103,timeout,196,0,0,none,0,,,
A,0,104,timeout,196,0,0,none,0,,,
A,0,105,timeout,196,1,0,none,0,,,
A,0,106,timeout,196,1,0,none,0,,,
A,0,107,timeout,196,1,0,none,0,,,
A,0,108,timeout,196,0,0,none,0,,,
A,0,109,timeout,196,0,0,none,0,,,
A,0,110,timeout,196,0,0,none,0,,,
A,0,111,timeout,196,0,0,none,0,,,
A,0,112,timeout,196,1,0,none,0,,,
A,0,113,lava,14,0,0,none,0,,,
A,0,114,timeout,196,1,0,none,0,,,
A,0,115,timeout,196,0,0,none,0,,,
A,0,116,timeout,196,0,0,none,0,,,
A,0,117,timeout,196,0,0,none,0,,,
A,0,118,timeout,196,1,0,none,0,,,
A,0,119,timeout,196,0,0,none,0,,,
A,0,120,timeout,196,1,0,none,0,,,
A,0,121,timeout,196,0,0,none,0,,,
A,0,122,timeout,196,0,0,none,0,,,
A,0,123,timeout,196,0,0,none,0,,,
A,0,124,timeout,196,0,0,none,0,,,
A,0,125,lava,57,1,1,none,0,,,
A,0,126,timeout,196,0,0,none,0,,,
A,0,127,timeout,196,1,0,none,0,,,
A,0,128,timeout,196,0,0,none,0,,,
A,0,129,timeout,196,1,0,none,0,,,
A,0,130,timeout,196,1,0,none,0,,,
A,0,131,timeout,196,0,0,none,0,,,
A,0,132,timeout,196,1,0,none,0,,,
A,0,133,timeout,196,1,0,none,0,,,
A,0,134,timeout,196,1,0,none,0,,,
A,0,135,timeout,196,0,0,none,0,,,
A,0,136,timeout,196,1,0,none,0,,,
A,0,137,timeout,196,0,0,none,0,,,
A,0,138,timeout,196,0,0,none,0,,,
A,0,139,timeout,196,0,0,none,0,,,
A,0,140,timeout,196,1,0,none,0,,,
A,0,141,timeout,196,0,0,none,0,,,
A,0,142,timeout,196,0,0,none,0,,,
A,0,143,timeout,196,0,0,none,0,,,
A,0,144,timeout,196,0,0,none,0,,,
A,0,145,timeout,196,0,0,none,0,,,
A,0,146,timeout,196,1,0,none,0,,,
A,0,147,timeout,196,0,0,none,0,,,
A,0,148,timeout,196,1,0,none,0,,,
A,0,149,timeout,196,0,0,none,0,,,
A,0,150,timeout,196,0,0,none,0,,,
A,0,151,timeout,196,1,0,none,0,,,
A,0,152,timeout,196,1,0,none,0,,,
A,0,153,timeout,196,1,0,none,0,,,
A,0,154,timeout,196,0,0,none,0,,,
A,0,155,timeout,196,0,0,none,0,,,
A,0,156,timeout,196,0,0,none,0,,,
A,0,157,timeout,196,0,0,none,0,,,
A,0,158,timeout,196,1,0,none,0,,,
A,0,159,timeout,196,1,0,none,0,,,
A,0,160,lava,47,1,0,none,0,,,
A,0,161,timeout,196,1,0,none,0,,,
A,0,162,lava,147,1,0,none,0,,,
A,0,163,timeout,196,1,0,none,0,,,
A,0,164,timeout,196,0,0,none,0,,,
A,0,165,timeout,196,1,0,none,0,,,
A,0,166,timeout,196,0,0,none,0,,,
A,0,167,timeout,196,0,0,none,0,,,
A,0,168,timeout,196,0,0,none,0,,,
A,0,169,timeout,196,0,0,none,0,,,
A,0,170,timeout,196,0,0,none,0,,,
A,0,171,timeout,196,0,0,none,0,,,
A,0,172,timeout,196,0,0,none,0,,,
A,0,173,timeout,196,1,1,none,0,,,
A,0,174,timeout,196,1,0,none,0,,,
A,0,175,timeout,196,0,0,none,0,,,
A,0,176,timeout,196,0,0,none,0,,,
A,0,177,timeout,196,0,0,none,0,,,
A,0,178,timeout,196,1,0,none,0,,,
A,0,179,timeout,196,0,0,none,0,,,
A,0,180,lava,2,0,0,none,0,,,
A,0,181,timeout,196,1,0,none,0,,,
A,0,182,timeout,196,0,0,none,0,,,
A,0,183,timeout,196,0,0,none,0,,,
A,0,184,timeout,196,1,0,none,0,,,
A,0,185,timeout,196,1,0,none,0,,,
A,0,186,timeout,196,0,0,none,0,,,
A,0,187,timeout,196,0,0,none,0,,,
A,0,188,timeout,196,0,0,none,0,,,
A,0,189,lava,20,0,0,none,0,,,
A,0,190,timeout,196,1,0,none,0,,,
A,0,191,timeout,196,1,0,none,0,,,
A,0,192,timeout,196,0,0,none,0,,,
A,0,193,timeout,196,1,0,none,0,,,
A,0,194,timeout,196,0,0,none,0,,,
A,0,195,lava,83,0,0,none,0,,,
A,0,196,timeout,196,0,0,none,0,,,
A,0,197,timeout,196,1,0,none,0,,,
A,0,198,timeout,196,0,0,none,0,,,
A,0,199,timeout,196,0,0,none,0,,,
A,0,200,timeout,196,1,0,none,0,,,
A,0,201,timeout,196,0,0,none,0,,,
A,0,202,timeout,196,0,0,none,0,,,
A,0,203,timeout,196,0,0,none,0,,,
A,0,204,timeout,196,0,0,none,0,,,
A,0,205,timeout,196,0,0,none,0,,,
A,0,206,timeout,196,0,0,none,0,,,
A,0,207,timeout,196,1,0,none,0,,,
A,0,208,timeout,196,0,0,none,0,,,
A,0,209,timeout,196,0,0,none,0,,,
A,0,210,timeout,196,0,0,none,0,,,
A,0,211,timeout,196,0,0,none,0,,,
A,0,212,lava,142,0,0,none,0,,,
A,0,213,lava,92,1,0,none,0,,,
A,0,214,timeout,196,0,0,none,0,,,
A,0,215,timeout,196,1,0,none,0,,,
A,0,216,timeout,196,0,0,none,0,,,
A,0,217,timeout,196,0,0,none,0,,,
A,0,218,timeout,196,0,0,none,0,,,
A,0,219,lava,29,0,0,none,0,,,
A,0,220,lava,63,1,0,none,0,,,
A,0,221,timeout,196,0,0,none,0,,,
A,0,222,timeout,196,0,0,none,0,,,
A,0,223,timeout,196,0,0,none,0,,,
A,0,224,timeout,196,0,0,none,0,,,
A,0,225,lava,1,0,0,none,0,,,
A,0,226,timeout,196,0,0,none,0,,,
A,0,227,timeout,196,1,0,none,0,,,
A,0,228,timeout,196,1,0,none,0,,,
A,0,229,lava,3,0,0,none,0,,,
A,0,230,timeout,196,0,0,none,0,,,
A,0,231,timeout,196,0,0,none,0,,,
A,0,232,timeout,196,1,0,none,0,,,
A,0,233,timeout,196,1,0,none,0,,,
A,0,234,timeout,196,1,0,none,0,,,
A,0,235,timeout,196,0,0,none,0,,,
A,0,236,timeout,196,0,0,none,0,,,
A,0,237,timeout,196,0,0,none,0,,,
A,0,238,timeout,196,0,0,none,0,,,
A,0,239,timeout,196,0,0,none,0,,,
A,0,240,lava,152,0,0,none,0,,,
A,0,241,lava,56,0,0,none,0,,,
A,0,242,timeout,196,1,0,none,0,,,
A,0,243,lava,88,0,0,none,0,,,
A,0,244,timeout,196,1,0,none,0,,,
A,0,245,timeout,196,0,0,none,0,,,
A,0,246,timeout,196,0,0,none,0,,,
A,0,247,timeout,196,1,0,none,0,,,
A,0,248,timeout,196,0,0,none,0,,,
A,0,249,timeout,196,0,0,none,0,,,
A,0,250,timeout,196,0,0,none,0,,,
A,0,251,timeout,196,1,0,none,0,,,
A,0,252,timeout,196,0,0,none,0,,,
A,0,253,lava,36,0,0,none,0,,,
A,0,254,timeout,196,0,0,none,0,,,
A,0,255,timeout,196,0,0,none,0,,,
A,0,256,timeout,196,0,0,none,0,,,
A,0,257,lava,22,1,0,none,0,,,
A,0,258,timeout,196,0,0,none,0,,,
A,0,259,timeout,196,1,0,none,0,,,
A,0,260,timeout,196,0,0,none,0,,,
A,0,261,timeout,196,1,0,none,0,,,
A,0,262,timeout,196,0,0,none,0,,,
A,0,263,lava,47,0,0,none,0,,,
A,0,264,timeout,196,0,0,none,0,,,
A,0,265,timeout,196,0,0,none,0,,,
A,0,266,lava,82,0,0,none,0,,,
A,0,267,timeout,196,0,0,none,0,,,
A,0,268,timeout,196,1,0,none,0,,,
A,0,269,timeout,196,1,0,none,0,,,
A,0,270,timeout,196,0,0,none,0,,,
A,0,271,lava,104,1,0,none,0,,,
A,0,272,timeout,196,0,0,none,0,,,
A,0,273,timeout,196,0,0,none,0,,,
A,0,274,timeout,196,0,0,none,0,,,
A,0,275,timeout,196,0,0,none,0,,,
A,0,276,lava,19,0,0,none,0,,,
A,0,277,timeout,196,0,0,none,0,,,
A,0,278,timeout,196,0,0,none,0,,,
A,0,279,timeout,196,0,0,none,0,,,
A,0,280,timeout,196,0,0,none,0,,,
A,0,281,timeout,196,1,0,none,0,,,
A,0,282,timeout,196,0,0,none,0,,,
A,0,283,timeout,196,0,0,none,0,,,
A,0,284,timeout,196,0,0,none,0,,,
A,0,285,timeout,196,0,0,none,0,,,
A,0,286,timeout,196,1,0,none,0,,,
A,0,287,timeout,196,1,0,none,0,,,
A,0,288,timeout,196,1,0,none,0,,,
A,0,289,timeout,196,0,0,none,0,,,
A,0,290,lava,10,0,0,none,0,,,
A,0,291,timeout,196,0,0,none,0,,,
A,0,292,timeout,196,1,0,none,0,,,
A,0,293,lava,50,0,0,none,0,,,
A,0,294,timeout,196,0,0,none,0,,,
A,0,295,lava,164,1,0,none,0,,,
A,0,296,timeout,196,0,0,none,0,,,
A,0,297,timeout,196,0,0,none,0,,,
A,0,298,timeout,196,0,0,none,0,,,
A,0,299,timeout,196,0,0,none,0,,,
A,0,300,timeout,196,0,0,none,0,,,
A,0,301,lava,10,0,0,none,0,,,
A,0,302,timeout,196,0,0,none,0,,,
A,0,303,timeout,196,1,0,none,0,,,
A,0,304,timeout,196,0,0,none,0,,,
A,0,305,timeout,196,0,0,none,0,,,
A,0,306,timeout,196,0,0,none,0,,,
A,0,307,lava,64,1,0,none,0,,,
A,0,308,timeout,196,0,0,none,0,,,
A,0,309,lava,54,1,0,none,0,,,
A,0,310,timeout,196,0,0,none,0,,,
A,0,311,lava,28,0,0,none,0,,,
A,0,312,lava,130,1,0,none,0,,,
A,0,313,timeout,196,0,0,none,0,,,
A,0,314,timeout,196,1,0,none,0,,,
A,0,315,timeout,196,0,0,none,0,,,
A,0,316,timeout,196,0,0,none,0,,,
A,0,317,timeout,196,0,0,none,0,,,
A,0,318,timeout,196,0,0,none,0,,,
A,0,319,timeout,196,0,0,none,0,,,
A,0,320,timeout,196,1,0,none,0,,,
A,0,321,timeout,196,0,0,none,0,,,
A,0,322,timeout,196,1,0,none,0,,,
A,0,323,lava,138,0,0,none,0,,,
A,0,324,timeout,196,0,0,none,0,,,
A,0,325,lava,117,0,0,none,0,,,
A,0,326,timeout,196,1,0,none,0,,,
A,0,327,timeout,196,0,0,none,0,,,
A,0,328,timeout,196,1,0,none,0,,,
A,0,329,lava,108,1,0,none,0,,,
A,0,330,timeout,196,0,0,none,0,,,
A,0,331,timeout,196,0,0,none,0,,,
A,0,332,timeout,196,0,0,none,0,,,
A,0,333,timeout,196,0,0,none,0,,,
A,0,334,timeout,196,0,0,none,0,,,
A,0,335,lava,51,0,0,none,0,,,
A,0,336,timeout,196,0,0,none,0,,,
A,0,337,timeout,196,0,0,none,0,,,
A,0,338,timeout,196,0,0,none,0,,,
A,0,339,lava,76,1,0,none,0,,,
A,0,340,lava,154,0,0,none,0,,,
A,0,341,timeout,196,0,0,none,0,,,
A,0,342,timeout,196,0,0,none,0,,,
A,0,343,timeout,196,1,0,none,0,,,
A,0,344,timeout,196,0,0,none,0,,,
A,0,345,timeout,196,0,0,none,0,,,
A,0,346,lava,148,0,0,none,0,,,
A,0,347,timeout,196,1,0,none,0,,,
A,0,348,timeout,196,0,0,none,0,,,
A,0,349,timeout,196,0,0,none,0,,,
A,0,350,timeout,196,0,0,none,0,,,
A,0,351,timeout,196,1,0,none,0,,,
A,0,352,lava,7,1,0,none,0,,,
A,0,353,timeout,196,0,0,none,0,,,
A,0,354,lava,15,0,0,none,0,,,
A,0,355,timeout,196,0,0,none,0,,,
A,0,356,timeout,196,0,0,none,0,,,
A,0,357,timeout,196,1,0,none,0,,,
A,0,358,timeout,196,1,0,none,0,,,
A,0,359,timeout,196,0,0,none,0,,,
A,0,360,timeout,196,1,0,none,0,,,
A,0,361,timeout,196,1,0,none,0,,,
A,0,362,timeout,196,0,0,none,0,,,
A,0,363,timeout,196,0,0,none,0,,,
A,0,364,timeout,196,0,0,none,0,,,
A,0,365,lava,14,0,0,none,0,,,
A,0,366,timeout,196,1,0,none,0,,,
A,0,367,timeout,196,0,0,none,0,,,
A,0,368,timeout,196,0,0,none,0,,,
A,0,369,timeout,196,1,0,none,0,,,
A,0,370,timeout,196,1,0,none,0,,,
A,0,371,timeout,196,0,0,none,0,,,
A,0,372,lava,172,0,0,none,0,,,
A,0,373,timeout,196,1,0,none,0,,,
A,0,374,timeout,196,0,0,none,0,,,
A,0,375,timeout,196,1,0,none,0,,,
A,0,376,timeout,196,0,0,none,0,,,
A,0,377,timeout,196,1,0,none,0,,,
A,0,378,timeout,196,0,0,none,0,,,
A,0,379,timeout,196,0,0,none,0,,,
A,0,380,timeout,196,0,0,none,0,,,
A,0,381,timeout,196,1,0,none,0,,,
A,0,382,timeout,196,1,0,none,0,,,
A,0,383,timeout,196,0,0,none,0,,,
A,0,384,timeout,196,0,0,none,0,,,
A,0,385,timeout,196,1,0,none,0,,,
A,0,386,timeout,196,0,0,none,0,,,
A,0,387,lava,24,0,0,none,0,,,
A,0,388,timeout,196,1,0,none,0,,,
A,0,389,timeout,196,0,0,none,0,,,
A,0,390,lava,110,0,0,none,0,,,
A,0,391,timeout,196,0,0,none,0,,,
A,0,392,timeout,196,1,0,none,0,,,
A,0,393,timeout,196,0,0,none,0,,,
A,0,394,timeout,196,0,0,none,0,,,
A,0,395,timeout,196,0,0,none,0,,,
A,0,396,timeout,196,0,0,none,0,,,
A,0,397,timeout,196,0,0,none,0,,,
A,0,398,timeout,196,0,0,none,0,,,
A,0,399,timeout,196,0,0,none,0,,,
A,0,400,timeout,196,0,0,none,0,,,
A,0,401,timeout,196,1,0,none,0,,,
A,0,402,timeout,196,1,0,none,0,,,
A,0,403,timeout,196,0,0,none,0,,,
A,0,404,timeout,196,0,0,none,0,,,
A,0,405,timeout,196,0,0,none,0,,,
A,0,406,timeout,196,0,0,none,0,,,
A,0,407,timeout,196,0,0,none,0,,,
A,0,408,timeout,196,1,0,none,0,,,
A,0,409,timeout,196,0,0,none,0,,,
A,0,410,lava,118,1,0,none,0,,,
A,0,411,timeout,196,0,0,none,0,,,
A,0,412,timeout,196,0,0,none,0,,,
A,0,413,timeout,196,1,0,none,0,,,
A,0,414,lava,84,1,0,none,0,,,
A,0,415,timeout,196,0,0,none,0,,,
A,0,416,timeout,196,1,0,none,0,,,
A,0,417,timeout,196,0,0,none,0,,,
A,0,418,timeout,196,0,0,none,0,,,
A,0,419,timeout,196,0,0,none,0,,,
A,0,420,timeout,196,1,0,none,0,,,
A,0,421,timeout,196,0,0,none,0,,,
A,0,422,timeout,196,0,0,none,0,,,
A,0,423,timeout,196,1,0,none,0,,,
A,0,424,lava,18,0,0,none,0,,,
A,0,425,timeout,196,1,0,none,0,,,
A,0,426,timeout,196,1,0,none,0,,,
A,0,427,timeout,196,0,0,none,0,,,
A,0,428,timeout,196,0,0,none,0,,,
A,0,429,timeout,196,0,0,none,0,,,
A,0,430,timeout,196,1,0,none,0,,,
A,0,431,timeout,196,0,0,none,0,,,
A,0,432,timeout,196,0,0,none,0,,,
A,0,433,timeout,196,0,0,none,0,,,
A,0,434,timeout,196,0,0,none,0,,,
A,0,435,lava,14,0,0,none,0,,,
A,0,436,timeout,196,0,0,none,0,,,
A,0,437,timeout,196,0,0,none,0,,,
A,0,438,lava,7,0,0,none,0,,,
A,0,439,timeout,196,0,0,none,0,,,
A,0,440,timeout,196,0,0,none,0,,,
A,0,441,timeout,196,1,0,none,0,,,
A,0,442,lava,61,0,0,none,0,,,
A,0,443,lava,1,0,0,none,0,,,
A,0,444,timeout,196,0,0,none,0,,,
A,0,445,timeout,196,0,0,none,0,,,
A,0,446,timeout,196,1,0,none,0,,,
A,0,447,timeout,196,1,0,none,0,,,
A,0,448,timeout,196,0,0,none,0,,,
A,0,449,timeout,196,1,0,none,0,,,
A,0,450,timeout,196,0,0,none,0,,,
A,0,451,timeout,196,0,0,none,0,,,
A,0,452,lava,119,0,0,none,0,,,
A,0,453,timeout,196,1,0,none,0,,,
A,0,454,lava,25,0,0,none,0,,,
A,0,455,timeout,196,0,0,none,0,,,
A,0,456,lava,16,0,0,none,0,,,
A,0,457,timeout,196,0,0,none,0,,,
A,0,458,timeout,196,0,0,none,0,,,
A,0,459,timeout,196,0,0,none,0,,,
A,0,460,timeout,196,0,0,none,0,,,
A,0,461,timeout,196,1,0,none,0,,,
A,0,462,timeout,196,1,0,none,0,,,
A,0,463,timeout,196,1,0,none,0,,,
A,0,464,lava,11,0,0,none,0,,,
A,0,465,lava,9,0,0,none,0,,,
A,0,466,timeout,196,0,0,none,0,,,
A,0,467,timeout,196,1,0,none,0,,,
A,0,468,lava,37,0,0,none,0,,,
A,0,469,timeout,196,0,0,none,0,,,
A,0,470,timeout,196,1,0,none,0,,,
A,0,471,timeout,196,0,0,none,0,,,
A,0,472,timeout,196,1,0,none,0,,,
A,0,473,timeout,196,1,0,none,0,,,
A,0,474,timeout,196,0,0,none,0,,,
A,0,475,timeout,196,0,0,none,0,,,
A,0,476,timeout,196,0,0,none,0,,,
A,0,477,timeout,196,0,0,none,0,,,
A,0,478,timeout,196,0,0,none,0,,,
A,0,479,timeout,196,0,0,none,0,,,
A,0,480,timeout,196,0,0,none,0,,,
A,0,481,timeout,196,0,0,none,0,,,
A,0,482,timeout,196,1,0,none,0,,,
A,0,483,timeout,196,0,0,none,0,,,
A,0,484,timeout,196,0,0,none,0,,,
A,0,485,timeout,196,1,0,none,0,,,
A,0,486,lava,8,0,0,none,0,,,
A,0,487,timeout,196,0,0,none,0,,,
A,0,488,timeout,196,1,0,none,0,,,
A,0,489,timeout,196,0,0,none,0,,,
A,0,490,timeout,196,0,0,none,0,,,
A,0,491,timeout,196,1,0,none,0,,,
A,0,492,timeout,196,0,0,none,0,,,
A,0,493,timeout,196,1,0,none,0,,,
A,0,494,timeout,196,1,0,none,0,,,
A,0,495,timeout,196,1,0,none,0,,,
A,0,496,lava,24,0,0,none,0,,,
A,0,497,lava,90,0,0,none,0,,,
A,0,498,timeout,196,0,0,none,0,,,
A,0,499,timeout,196,0,0,none,0,,,
A,1,0,lava,149,1,0,none,0,,,
A,1,1,timeout,196,0,0,none,0,,,
A,1,2,timeout,196,0,0,none,0,,,
A,1,3,lava,108,1,0,none,0,,,
A,1,4,timeout,196,1,1,none,0,,,
A,1,5,timeout,196,0,0,none,0,,,
A,1,6,timeout,196,1,0,none,0,,,
A,1,7,lava,68,0,0,none,0,,,
A,1,8,timeout,196,0,0,none,0,,,
A,1,9,lava,22,1,0,none,0,,,
A,1,10,timeout,196,1,0,none,0,,,
A,1,11,timeout,196,0,0,none,0,,,
A,1,12,lava,1,0,0,none,0,,,
A,1,13,timeout,196,1,1,none,0,,,
A,1,14,timeout,196,0,0,none,0,,,
A,1,15,timeout,196,1,0,none,0,,,
A,1,16,timeout,196,0,0,none,0,,,
A,1,17,timeout,196,0,0,none,0,,,
A,1,18,timeout,196,0,0,none,0,,,
A,1,19,timeout,196,0,0,none,0,,,
A,1,20,timeout,196,1,0,none,0,,,
A,1,21,lava,24,0,0,none,0,,,
A,1,22,timeout,196,0,0,none,0,,,
A,1,23,lava,152,0,0,none,0,,,
A,1,24,timeout,196,0,0,none,0,,,
A,1,25,timeout,196,1,0,none,0,,,
A,1,26,timeout,196,1,0,none,0,,,
A,1,27,timeout,196,0,0,none,0,,,
A,1,28,lava,193,0,0,none,0,,,
A,1,29,timeout,196,1,0,none,0,,,
A,1,30,timeout,196,1,0,none,0,,,
A,1,31,timeout,196,1,1,none,0,,,
A,1,32,timeout,196,1,0,none,0,,,
A,1,33,timeout,196,0,0,none,0,,,
A,1,34,timeout,196,0,0,none,0,,,
A,1,35,timeout,196,0,0,none,0,,,
A,1,36,timeout,196,0,0,none,0,,,
A,1,37,lava,124,0,0,none,0,,,
A,1,38,lava,12,0,0,none,0,,,
A,1,39,lava,102,1,0,none,0,,,
A,1,40,timeout,196,1,0,none,0,,,
A,1,41,lava,77,0,0,none,0,,,
A,1,42,timeout,196,1,0,none,0,,,
A,1,43,timeout,196,1,0,none,0,,,
A,1,44,lava,72,0,0,none,0,,,
A,1,45,lava,53,0,0,none,0,,,
A,1,46,timeout,196,1,0,none,0,,,
A,1,47,timeout,196,0,0,none,0,,,
A,1,48,timeout,196,0,0,none,0,,,
A,1,49,timeout,196,0,0,none,0,,,
A,1,50,timeout,196,0,0,none,0,,,
A,1,51,timeout,196,0,0,none,0,,,
A,1,52,timeout,196,1,0,none,0,,,
A,1,53,lava,15,0,0,none,0,,,
A,1,54,timeout,196,1,0,none,0,,,
A,1,55,timeout,196,0,0,none,0,,,
A,1,56,timeout,196,0,0,none,0,,,
A,1,57,timeout,196,0,0,none,0,,,
A,1,58,timeout,196,1,1,none,0,,,
A,1,59,timeout,196,0,0,none,0,,,
A,1,60,timeout,196,0,0,none,0,,,
A,1,61,timeout,196,0,0,none,0,,,
A,1,62,timeout,196,1,0,none,0,,,
A,1,63,timeout,196,1,1,none,0,,,
A,1,64,lava,94,0,0,none,0,,,
A,1,65,timeout,196,0,0,none,0,,,
A,1,66,timeout,196,1,0,none,0,,,
A,1,67,timeout,196,0,0,none,0,,,
A,1,68,timeout,196,0,0,none,0,,,
A,1,69,timeout,196,0,0,none,0,,,
A,1,70,timeout,196,1,0,none,0,,,
A,1,71,lava,134,0,0,none,0,,,
A,1,72,timeout,196,0,0,none,0,,,
A,1,73,timeout,196,0,0,none,0,,,
A,1,74,timeout,196,1,0,none,0,,,
A,1,75,timeout,196,1,0,none,0,,,
A,1,76,timeout,196,1,0,none,0,,,
A,1,77,timeout,196,1,0,none,0,,,
A,1,78,timeout,196,1,0,none,0,,,
A,1,79,timeout,196,0,0,none,0,,,
A,1,80,timeout,196,1,0,none,0,,,
A,1,81,timeout,196,1,0,none,0,,,
A,1,82,timeout,196,0,0,none,0,,,
A,1,83,timeout,196,1,0,none,0,,,
A,1,84,timeout,196,0,0,none,0,,,
A,1,85,timeout,196,1,0,none,0,,,
A,1,86,timeout,196,1,0,none,0,,,
A,1,87,timeout,196,0,0,none,0,,,
A,1,88,timeout,196,1,0,none,0,,,
A,1,89,timeout,196,0,0,none,0,,,
A,1,90,timeout,196,1,0,none,0,,,
A,1,91,timeout,196,0,0,none,0,,,
A,1,92,timeout,196,0,0,none,0,,,
A,1,93,timeout,196,0,0,none,0,,,
A,1,94,timeout,196,1,0,none,0,,,
A,1,95,timeout,196,0,0,none,0,,,
A,1,96,timeout,196,0,0,none,0,,,
A,1,97,timeout,196,0,0,none,0,,,
A,1,98,timeout,196,1,1,none,0,,,
A,1,99,timeout,196,0,0,none,0,,,
A,1,100,timeout,196,0,0,none,0,,,
A,1,101,lava,24,0,0,none,0,,,
A,1,102,timeout,196,1,0,none,0,,,
A,1,103,timeout,196,0,0,none,0,,,
A,1,104,timeout,196,1,0,none,0,,,
A,1,105,timeout,196,1,0,none,0,,,
A,1,106,timeout,196,1,0,none,0,,,
A,1,107,timeout,196,1,0,none,0,,,
A,1,108,timeout,196,0,0,none,0,,,
A,1,109,timeout,196,1,1,none,0,,,
A,1,110,timeout,196,0,0,none,0,,,
A,1,111,lava,10,0,0,none,0,,,
A,1,112,timeout,196,0,0,none,0,,,
A,1,113,timeout,196,0,0,none,0,,,
A,1,114,timeout,196,0,0,none,0,,,
A,1,115,timeout,196,0,0,none,0,,,
A,1,116,timeout,196,0,0,none,0,,,
A,1,117,timeout,196,1,0,none,0,,,
A,1,118,timeout,196,1,0,none,0,,,
A,1,119,timeout,196,0,0,none,0,,,
A,1,120,timeout,196,1,0,none,0,,,
A,1,121,timeout,196,0,0,none,0,,,
A,1,122,timeout,196,0,0,none,0,,,
A,1,123,timeout,196,0,0,none,0,,,
A,1,124,timeout,196,1,0,none,0,,,
A,1,125,timeout,196,1,0,none,0,,,
A,1,126,timeout,196,1,0,none,0,,,
A,1,127,timeout,196,1,0,none,0,,,
A,1,128,timeout,196,0,0,none,0,,,
A,1,129,timeout,196,1,0,none,0,,,
A,1,130,timeout,196,1,0,none,0,,,
A,1,131,timeout,196,0,0,none,0,,,
A,1,132,timeout,196,0,0,none,0,,,
A,1,133,timeout,196,1,0,none,0,,,
A,1,134,timeout,196,0,0,none,0,,,
A,1,135,timeout,196,1,0,none,0,,,
A,1,136,lava,21,1,0,none,0,,,
A,1,137,lava,76,0,0,none,0,,,
A,1,138,timeout,196,1,0,none,0,,,
A,1,139,timeout,196,1,0,none,0,,,
A,1,140,timeout,196,1,1,none,0,,,
A,1,141,timeout,196,0,0,none,0,,,
A,1,142,timeout,196,1,0,none,0,,,
A,1,143,timeout,196,1,0,none,0,,,
A,1,144,timeout,196,1,0,none,0,,,
A,1,145,timeout,196,0,0,none,0,,,
A,1,146,timeout,196,1,0,none,0,,,
A,1,147,timeout,196,0,0,none,0,,,
A,1,148,timeout,196,1,1,none,0,,,
A,1,149,timeout,196,1,0,none,0,,,
A,1,150,timeout,196,1,0,none,0,,,
A,1,151,timeout,196,0,0,none,0,,,
A,1,152,timeout,196,1,0,none,0,,,
A,1,153,timeout,196,1,0,none,0,,,
A,1,154,timeout,196,0,0,none,0,,,
A,1,155,timeout,196,1,0,none,0,,,
A,1,156,timeout,196,0,0,none,0,,,
A,1,157,lava,165,0,0,none,0,,,
A,1,158,timeout,196,1,0,none,0,,,
A,1,159,lava,67,1,0,none,0,,,
A,1,160,timeout,196,0,0,none,0,,,
A,1,161,timeout,196,0,0,none,0,,,
A,1,162,timeout,196,1,0,none,0,,,
A,1,163,timeout,196,0,0,none,0,,,
A,1,164,timeout,196,0,0,none,0,,,
A,1,165,timeout,196,1,0,none,0,,,
A,1,166,timeout,196,0,0,none,0,,,
A,1,167,lava,23,0,0,none,0,,,
A,1,168,timeout,196,0,0,none,0,,,
A,1,169,timeout,196,0,0,none,0,,,
A,1,170,timeout,196,1,0,none,0,,,
A,1,171,timeout,196,1,0,none,0,,,
A,1,172,timeout,196,1,0,none,0,,,
A,1,173,timeout,196,0,0,none,0,,,
A,1,174,timeout,196,1,0,none,0,,,
A,1,175,timeout,196,0,0,none,0,,,
A,1,176,timeout,196,1,1,none,0,,,
A,1,177,timeout,196,1,0,none,0,,,
A,1,178,lava,22,0,0,none,0,,,
A,1,179,timeout,196,0,0,none,0,,,
A,1,180,timeout,196,0,0,none,0,,,
A,1,181,lava,136,1,0,none,0,,,
A,1,182,timeout,196,1,0,none,0,,,
A,1,183,timeout,196,0,0,none,0,,,
A,1,184,success,89,1,1,none,0,,,
A,1,185,timeout,196,0,0,none,0,,,
A,1,186,lava,46,1,0,none,0,,,
A,1,187,timeout,196,0,0,none,0,,,
A,1,188,timeout,196,1,0,none,0,,,
A,1,189,lava,23,0,0,none,0,,,
A,1,190,timeout,196,1,0,none,0,,,
A,1,191,timeout,196,1,0,none,0,,,
A,1,192,timeout,196,0,0,none,0,,,
A,1,193,timeout,196,1,0,none,0,,,
A,1,194,timeout,196,1,0,none,0,,,
A,1,195,timeout,196,0,0,none,0,,,
A,1,196,timeout,196,1,0,none,0,,,
A,1,197,timeout,196,1,0,none,0,,,
A,1,198,timeout,196,0,0,none,0,,,
A,1,199,timeout,196,1,0,none,0,,,
A,1,200,timeout,196,1,0,none,0,,,
A,1,201,lava,65,0,0,none,0,,,
A,1,202,timeout,196,1,0,none,0,,,
A,1,203,timeout,196,1,0,none,0,,,
A,1,204,timeout,196,0,0,none,0,,,
A,1,205,timeout,196,1,0,none,0,,,
A,1,206,lava,154,1,0,none,0,,,
A,1,207,timeout,196,1,1,none,0,,,
A,1,208,timeout,196,0,0,none,0,,,
A,1,209,lava,141,0,0,none,0,,,
A,1,210,lava,35,0,0,none,0,,,
A,1,211,lava,71,1,0,none,0,,,
A,1,212,timeout,196,0,0,none,0,,,
A,1,213,timeout,196,1,1,none,0,,,
A,1,214,timeout,196,1,0,none,0,,,
A,1,215,timeout,196,1,1,none,0,,,
A,1,216,timeout,196,0,0,none,0,,,
A,1,217,timeout,196,1,0,none,0,,,
A,1,218,lava,169,0,0,none,0,,,
A,1,219,lava,56,0,0,none,0,,,
A,1,220,lava,183,1,0,none,0,,,
A,1,221,lava,28,0,0,none,0,,,
A,1,222,timeout,196,1,0,none,0,,,
A,1,223,timeout,196,0,0,none,0,,,
A,1,224,timeout,196,1,1,none,0,,,
A,1,225,lava,2,0,0,none,0,,,
A,1,226,timeout,196,0,0,none,0,,,
A,1,227,timeout,196,1,0,none,0,,,
A,1,228,timeout,196,0,0,none,0,,,
A,1,229,lava,86,0,0,none,0,,,
A,1,230,timeout,196,0,0,none,0,,,
A,1,231,timeout,196,0,0,none,0,,,
A,1,232,timeout,196,1,0,none,0,,,
A,1,233,timeout,196,0,0,none,0,,,
A,1,234,timeout,196,1,0,none,0,,,
A,1,235,timeout,196,0,0,none,0,,,
A,1,236,timeout,196,1,0,none,0,,,
A,1,237,timeout,196,0,0,none,0,,,
A,1,238,timeout,196,0,0,none,0,,,
A,1,239,timeout,196,0,0,none,0,,,
A,1,240,timeout,196,1,0,none,0,,,
A,1,241,timeout,196,0,0,none,0,,,
A,1,242,timeout,196,1,0,none,0,,,
A,1,243,lava,178,1,0,none,0,,,
A,1,244,timeout,196,1,0,none,0,,,
A,1,245,timeout,196,1,0,none,0,,,
A,1,246,timeout,196,1,0,none,0,,,
A,1,247,timeout,196,0,0,none,0,,,
A,1,248,timeout,196,1,0,none,0,,,
A,1,249,timeout,196,1,1,none,0,,,
A,1,250,timeout,196,1,0,none,0,,,
A,1,251,timeout,196,1,0,none,0,,,
A,1,252,timeout,196,0,0,none,0,,,
A,1,253,lava,118,0,0,none,0,,,
A,1,254,timeout,196,1,0,none,0,,,
A,1,255,lava,53,1,0,none,0,,,
A,1,256,timeout,196,0,0,none,0,,,
A,1,257,lava,139,1,0,none,0,,,
A,1,258,lava,89,0,0,none,0,,,
A,1,259,timeout,196,0,0,none,0,,,
A,1,260,timeout,196,0,0,none,0,,,
A,1,261,timeout,196,0,0,none,0,,,
A,1,262,timeout,196,0,0,none,0,,,
A,1,263,timeout,196,1,0,none,0,,,
A,1,264,timeout,196,1,0,none,0,,,
A,1,265,timeout,196,0,0,none,0,,,
A,1,266,lava,94,0,0,none,0,,,
A,1,267,timeout,196,0,0,none,0,,,
A,1,268,timeout,196,1,0,none,0,,,
A,1,269,timeout,196,0,0,none,0,,,
A,1,270,lava,13,0,0,none,0,,,
A,1,271,lava,163,1,0,none,0,,,
A,1,272,timeout,196,1,0,none,0,,,
A,1,273,timeout,196,0,0,none,0,,,
A,1,274,timeout,196,0,0,none,0,,,
A,1,275,timeout,196,1,0,none,0,,,
A,1,276,timeout,196,0,0,none,0,,,
A,1,277,timeout,196,1,0,none,0,,,
A,1,278,timeout,196,0,0,none,0,,,
A,1,279,timeout,196,0,0,none,0,,,
A,1,280,timeout,196,0,0,none,0,,,
A,1,281,timeout,196,1,0,none,0,,,
A,1,282,timeout,196,1,0,none,0,,,
A,1,283,timeout,196,0,0,none,0,,,
A,1,284,timeout,196,1,0,none,0,,,
A,1,285,timeout,196,1,0,none,0,,,
A,1,286,timeout,196,1,0,none,0,,,
A,1,287,timeout,196,0,0,none,0,,,
A,1,288,timeout,196,1,0,none,0,,,
A,1,289,lava,135,1,0,none,0,,,
A,1,290,timeout,196,0,0,none,0,,,
A,1,291,timeout,196,0,0,none,0,,,
A,1,292,timeout,196,1,0,none,0,,,
A,1,293,timeout,196,0,0,none,0,,,
A,1,294,timeout,196,0,0,none,0,,,
A,1,295,lava,62,1,0,none,0,,,
A,1,296,lava,76,0,0,none,0,,,
A,1,297,timeout,196,0,0,none,0,,,
A,1,298,timeout,196,0,0,none,0,,,
A,1,299,timeout,196,0,0,none,0,,,
A,1,300,lava,125,0,0,none,0,,,
A,1,301,lava,121,1,0,none,0,,,
A,1,302,lava,26,0,0,none,0,,,
A,1,303,lava,14,0,0,none,0,,,
A,1,304,timeout,196,1,0,none,0,,,
A,1,305,timeout,196,1,0,none,0,,,
A,1,306,lava,158,1,0,none,0,,,
A,1,307,timeout,196,0,0,none,0,,,
A,1,308,lava,28,0,0,none,0,,,
A,1,309,timeout,196,1,0,none,0,,,
A,1,310,timeout,196,0,0,none,0,,,
A,1,311,timeout,196,1,1,none,0,,,
A,1,312,timeout,196,0,0,none,0,,,
A,1,313,timeout,196,1,1,none,0,,,
A,1,314,timeout,196,1,0,none,0,,,
A,1,315,lava,165,1,0,none,0,,,
A,1,316,lava,54,0,0,none,0,,,
A,1,317,timeout,196,1,0,none,0,,,
A,1,318,timeout,196,0,0,none,0,,,
A,1,319,timeout,196,1,0,none,0,,,
A,1,320,timeout,196,1,0,none,0,,,
A,1,321,timeout,196,0,0,none,0,,,
A,1,322,timeout,196,1,0,none,0,,,
A,1,323,timeout,196,0,0,none,0,,,
A,1,324,timeout,196,0,0,none,0,,,
A,1,325,timeout,196,1,0,none,0,,,
A,1,326,timeout,196,1,0,none,0,,,
A,1,327,timeout,196,0,0,none,0,,,
A,1,328,timeout,196,1,1,none,0,,,
A,1,329,timeout,196,1,0,none,0,,,
A,1,330,timeout,196,0,0,none,0,,,
A,1,331,timeout,196,0,0,none,0,,,
A,1,332,timeout,196,1,0,none,0,,,
A,1,333,timeout,196,0,0,none,0,,,
A,1,334,timeout,196,0,0,none,0,,,
A,1,335,lava,7,0,0,none,0,,,
A,1,336,timeout,196,0,0,none,0,,,
A,1,337,lava,43,1,0,none,0,,,
A,1,338,timeout,196,1,0,none,0,,,
A,1,339,timeout,196,1,0,none,0,,,
A,1,340,lava,25,1,0,none,0,,,
A,1,341,timeout,196,0,0,none,0,,,
A,1,342,timeout,196,1,0,none,0,,,
A,1,343,lava,108,0,0,none,0,,,
A,1,344,timeout,196,1,0,none,0,,,
A,1,345,success,112,1,1,none,0,,,
A,1,346,timeout,196,0,0,none,0,,,
A,1,347,timeout,196,1,0,none,0,,,
A,1,348,timeout,196,0,0,none,0,,,
A,1,349,timeout,196,0,0,none,0,,,
A,1,350,timeout,196,0,0,none,0,,,
A,1,351,lava,63,0,0,none,0,,,
A,1,352,lava,130,1,0,none,0,,,
A,1,353,timeout,196,1,0,none,0,,,
A,1,354,lava,192,0,0,none,0,,,
A,1,355,timeout,196,1,0,none,0,,,
A,1,356,timeout,196,0,0,none,0,,,
A,1,357,timeout,196,0,0,none,0,,,
A,1,358,timeout,196,1,0,none,0,,,
A,1,359,timeout,196,0,0,none,0,,,
A,1,360,timeout,196,1,0,none,0,,,
A,1,361,timeout,196,1,0,none,0,,,
A,1,362,timeout,196,1,0,none,0,,,
A,1,363,timeout,196,0,0,none,0,,,
A,1,364,timeout,196,0,0,none,0,,,
A,1,365,lava,128,0,0,none,0,,,
A,1,366,lava,139,1,0,none,0,,,
A,1,367,timeout,196,0,0,none,0,,,
A,1,368,timeout,196,0,0,none,0,,,
A,1,369,timeout,196,0,0,none,0,,,
A,1,370,timeout,196,1,0,none,0,,,
A,1,371,timeout,196,0,0,none,0,,,
A,1,372,timeout,196,0,0,none,0,,,
A,1,373,timeout,196,0,0,none,0,,,
A,1,374,timeout,196,0,0,none,0,,,
A,1,375,timeout,196,0,0,none,0,,,
A,1,376,timeout,196,0,0,none,0,,,
A,1,377,timeout,196,0,0,none,0,,,
A,1,378,timeout,196,0,0,none,0,,,
A,1,379,timeout,196,1,0,none,0,,,
A,1,380,timeout,196,0,0,none,0,,,
A,1,381,timeout,196,1,0,none,0,,,
A,1,382,timeout,196,1,0,none,0,,,
A,1,383,timeout,196,1,0,none,0,,,
A,1,384,lava,32,0,0,none,0,,,
A,1,385,lava,21,0,0,none,0,,,
A,1,386,timeout,196,1,0,none,0,,,
A,1,387,timeout,196,1,0,none,0,,,
A,1,388,timeout,196,1,0,none,0,,,
A,1,389,timeout,196,0,0,none,0,,,
A,1,390,ball,142,1,1,none,0,,,
A,1,391,lava,127,1,0,none,0,,,
A,1,392,timeout,196,1,0,none,0,,,
A,1,393,timeout,196,1,1,none,0,,,
A,1,394,timeout,196,0,0,none,0,,,
A,1,395,timeout,196,0,0,none,0,,,
A,1,396,lava,57,0,0,none,0,,,
A,1,397,timeout,196,0,0,none,0,,,
A,1,398,timeout,196,1,0,none,0,,,
A,1,399,timeout,196,1,0,none,0,,,
A,1,400,timeout,196,1,0,none,0,,,
A,1,401,timeout,196,0,0,none,0,,,
A,1,402,timeout,196,0,0,none,0,,,
A,1,403,timeout,196,0,0,none,0,,,
A,1,404,timeout,196,0,0,none,0,,,
A,1,405,lava,195,1,0,none,0,,,
A,1,406,timeout,196,1,0,none,0,,,
A,1,407,timeout,196,1,0,none,0,,,
A,1,408,timeout,196,1,0,none,0,,,
A,1,409,timeout,196,0,0,none,0,,,
A,1,410,timeout,196,1,0,none,0,,,
A,1,411,timeout,196,0,0,none,0,,,
A,1,412,lava,127,0,0,none,0,,,
A,1,413,ball,124,1,1,none,0,,,
A,1,414,timeout,196,0,0,none,0,,,
A,1,415,timeout,196,1,0,none,0,,,
A,1,416,lava,107,0,0,none,0,,,
A,1,417,timeout,196,0,0,none,0,,,
A,1,418,timeout,196,0,0,none,0,,,
A,1,419,timeout,196,0,0,none,0,,,
A,1,420,timeout,196,1,0,none,0,,,
A,1,421,lava,183,0,0,none,0,,,
A,1,422,timeout,196,0,0,none,0,,,
A,1,423,timeout,196,0,0,none,0,,,
A,1,424,lava,3,0,0,none,0,,,
A,1,425,lava,61,0,0,none,0,,,
A,1,426,timeout,196,1,0,none,0,,,
A,1,427,timeout,196,1,0,none,0,,,
A,1,428,timeout,196,1,0,none,0,,,
A,1,429,timeout,196,1,0,none,0,,,
A,1,430,timeout,196,1,0,none,0,,,
A,1,431,timeout,196,0,0,none,0,,,
A,1,432,timeout,196,0,0,none,0,,,
A,1,433,timeout,196,0,0,none,0,,,
A,1,434,timeout,196,0,0,none,0,,,
A,1,435,timeout,196,1,0,none,0,,,
A,1,436,timeout,196,1,0,none,0,,,
A,1,437,lava,61,0,0,none,0,,,
A,1,438,lava,128,1,0,none,0,,,
A,1,439,timeout,196,0,0,none,0,,,
A,1,440,lava,73,0,0,none,0,,,
A,1,441,timeout,196,1,0,none,0,,,
A,1,442,lava,42,0,0,none,0,,,
A,1,443,lava,15,0,0,none,0,,,
A,1,444,timeout,196,1,0,none,0,,,
A,1,445,timeout,196,1,0,none,0,,,
A,1,446,timeout,196,1,0,none,0,,,
A,1,447,timeout,196,1,0,none,0,,,
A,1,448,timeout,196,0,0,none,0,,,
A,1,449,timeout,196,1,0,none,0,,,
A,1,450,timeout,196,0,0,none,0,,,
A,1,451,lava,11,0,0,none,0,,,
A,1,452,timeout,196,0,0,none,0,,,
A,1,453,timeout,196,1,1,none,0,,,
A,1,454,lava,15,0,0,none,0,,,
A,1,455,timeout,196,0,0,none,0,,,
A,1,456,lava,7,0,0,none,0,,,
A,1,457,lava,12,0,0,none,0,,,
A,1,458,timeout,196,0,0,none,0,,,
A,1,459,timeout,196,0,0,none,0,,,
A,1,460,timeout,196,1,0,none,0,,,
A,1,461,timeout,196,1,0,none,0,,,
A,1,462,timeout,196,1,0,none,0,,,
A,1,463,timeout,196,1,0,none,0,,,
A,1,464,lava,122,1,0,none,0,,,
A,1,465,timeout,196,0,0,none,0,,,
A,1,466,timeout,196,0,0,none,0,,,
A,1,467,timeout,196,1,0,none,0,,,
A,1,468,lava,69,0,0,none,0,,,
A,1,469,timeout,196,0,0,none,0,,,
A,1,470,timeout,196,1,0,none,0,,,
A,1,471,timeout,196,0,0,none,0,,,
A,1,472,timeout,196,1,0,none,0,,,
A,1,473,timeout,196,1,0,none,0,,,
A,1,474,timeout,196,1,0,none,0,,,
A,1,475,timeout,196,0,0,none,0,,,
A,1,476,timeout,196,0,0,none,0,,,
A,1,477,timeout,196,0,0,none,0,,,
A,1,478,timeout,196,0,0,none,0,,,
A,1,479,lava,165,1,0,none,0,,,
A,1,480,timeout,196,1,0,none,0,,,
A,1,481,timeout,196,1,1,none,0,,,
A,1,482,timeout,196,1,0,none,0,,,
A,1,483,timeout,196,1,0,none,0,,,
A,1,484,timeout,196,0,0,none,0,,,
A,1,485,timeout,196,1,0,none,0,,,
A,1,486,timeout,196,0,0,none,0,,,
A,1,487,timeout,196,0,0,none,0,,,
A,1,488,timeout,196,1,0,none,0,,,
A,1,489,timeout,196,1,0,none,0,,,
A,1,490,lava,2,0,0,none,0,,,
A,1,491,timeout,196,0,0,none,0,,,
A,1,492,timeout,196,0,0,none,0,,,
A,1,493,timeout,196,0,0,none,0,,,
A,1,494,timeout,196,0,0,none,0,,,
A,1,495,timeout,196,1,0,none,0,,,
A,1,496,lava,166,0,0,none,0,,,
A,1,497,lava,139,0,0,none,0,,,
A,1,498,timeout,196,0,0,none,0,,,
A,1,499,timeout,196,1,0,none,0,,,
A,2,0,timeout,196,0,0,none,0,,,
A,2,1,timeout,196,0,0,none,0,,,
A,2,2,timeout,196,0,0,none,0,,,
A,2,3,lava,26,0,0,none,0,,,
A,2,4,timeout,196,0,0,none,0,,,
A,2,5,lava,66,1,0,none,0,,,
A,2,6,timeout,196,0,0,none,0,,,
A,2,7,timeout,196,1,0,none,0,,,
A,2,8,timeout,196,0,0,none,0,,,
A,2,9,timeout,196,1,0,none,0,,,
A,2,10,lava,84,0,0,none,0,,,
A,2,11,timeout,196,0,0,none,0,,,
A,2,12,lava,5,0,0,none,0,,,
A,2,13,timeout,196,0,0,none,0,,,
A,2,14,timeout,196,1,0,none,0,,,
A,2,15,timeout,196,0,0,none,0,,,
A,2,16,timeout,196,0,0,none,0,,,
A,2,17,timeout,196,0,0,none,0,,,
A,2,18,timeout,196,0,0,none,0,,,
A,2,19,timeout,196,0,0,none,0,,,
A,2,20,timeout,196,1,0,none,0,,,
A,2,21,lava,10,0,0,none,0,,,
A,2,22,lava,38,0,0,none,0,,,
A,2,23,timeout,196,1,0,none,0,,,
A,2,24,timeout,196,1,0,none,0,,,
A,2,25,timeout,196,1,0,none,0,,,
A,2,26,timeout,196,0,0,none,0,,,
A,2,27,timeout,196,0,0,none,0,,,
A,2,28,timeout,196,1,0,none,0,,,
A,2,29,lava,17,0,0,none,0,,,
A,2,30,timeout,196,0,0,none,0,,,
A,2,31,timeout,196,1,0,none,0,,,
A,2,32,timeout,196,1,0,none,0,,,
A,2,33,timeout,196,0,0,none,0,,,
A,2,34,lava,5,0,0,none,0,,,
A,2,35,timeout,196,0,0,none,0,,,
A,2,36,timeout,196,0,0,none,0,,,
A,2,37,lava,70,0,0,none,0,,,
A,2,38,lava,36,0,0,none,0,,,
A,2,39,timeout,196,1,0,none,0,,,
A,2,40,timeout,196,1,0,none,0,,,
A,2,41,timeout,196,0,0,none,0,,,
A,2,42,timeout,196,0,0,none,0,,,
A,2,43,timeout,196,0,0,none,0,,,
A,2,44,lava,62,0,0,none,0,,,
A,2,45,timeout,196,0,0,none,0,,,
A,2,46,timeout,196,0,0,none,0,,,
A,2,47,timeout,196,0,0,none,0,,,
A,2,48,timeout,196,0,0,none,0,,,
A,2,49,timeout,196,1,0,none,0,,,
A,2,50,timeout,196,0,0,none,0,,,
A,2,51,timeout,196,1,0,none,0,,,
A,2,52,timeout,196,0,0,none,0,,,
A,2,53,timeout,196,1,0,none,0,,,
A,2,54,timeout,196,0,0,none,0,,,
A,2,55,timeout,196,1,0,none,0,,,
A,2,56,timeout,196,0,0,none,0,,,
A,2,57,timeout,196,1,1,none,0,,,
A,2,58,timeout,196,0,0,none,0,,,
A,2,59,timeout,196,1,0,none,0,,,
A,2,60,timeout,196,1,0,none,0,,,
A,2,61,timeout,196,0,0,none,0,,,
A,2,62,timeout,196,0,0,none,0,,,
A,2,63,timeout,196,1,0,none,0,,,
A,2,64,timeout,196,0,0,none,0,,,
A,2,65,timeout,196,0,0,none,0,,,
A,2,66,lava,83,0,0,none,0,,,
A,2,67,timeout,196,0,0,none,0,,,
A,2,68,lava,78,0,0,none,0,,,
A,2,69,timeout,196,0,0,none,0,,,
A,2,70,timeout,196,1,0,none,0,,,
A,2,71,timeout,196,0,0,none,0,,,
A,2,72,timeout,196,1,1,none,0,,,
A,2,73,timeout,196,1,0,none,0,,,
A,2,74,timeout,196,1,0,none,0,,,
A,2,75,timeout,196,0,0,none,0,,,
A,2,76,timeout,196,0,0,none,0,,,
A,2,77,timeout,196,0,0,none,0,,,
A,2,78,timeout,196,1,0,none,0,,,
A,2,79,timeout,196,0,0,none,0,,,
A,2,80,timeout,196,0,0,none,0,,,
A,2,81,timeout,196,0,0,none,0,,,
A,2,82,timeout,196,0,0,none,0,,,
A,2,83,timeout,196,0,0,none,0,,,
A,2,84,timeout,196,0,0,none,0,,,
A,2,85,timeout,196,1,0,none,0,,,
A,2,86,lava,3,0,0,none,0,,,
A,2,87,timeout,196,0,0,none,0,,,
A,2,88,timeout,196,1,0,none,0,,,
A,2,89,timeout,196,0,0,none,0,,,
A,2,90,timeout,196,1,0,none,0,,,
A,2,91,timeout,196,1,0,none,0,,,
A,2,92,timeout,196,0,0,none,0,,,
A,2,93,timeout,196,1,0,none,0,,,
A,2,94,timeout,196,1,0,none,0,,,
A,2,95,timeout,196,1,0,none,0,,,
A,2,96,timeout,196,0,0,none,0,,,
A,2,97,timeout,196,0,0,none,0,,,
A,2,98,timeout,196,1,0,none,0,,,
A,2,99,timeout,196,0,0,none,0,,,
A,2,100,timeout,196,0,0,none,0,,,
A,2,101,lava,126,1,0,none,0,,,
A,2,102,timeout,196,1,0,none,0,,,
A,2,103,timeout,196,0,0,none,0,,,
A,2,104,timeout,196,1,0,none,0,,,
A,2,105,lava,46,0,0,none,0,,,
A,2,106,timeout,196,1,0,none,0,,,
A,2,107,timeout,196,1,1,none,0,,,
A,2,108,timeout,196,0,0,none,0,,,
A,2,109,timeout,196,1,0,none,0,,,
A,2,110,lava,2,0,0,none,0,,,
A,2,111,timeout,196,0,0,none,0,,,
A,2,112,timeout,196,1,0,none,0,,,
A,2,113,lava,29,0,0,none,0,,,
A,2,114,timeout,196,0,0,none,0,,,
A,2,115,timeout,196,1,0,none,0,,,
A,2,116,timeout,196,0,0,none,0,,,
A,2,117,timeout,196,1,0,none,0,,,
A,2,118,timeout,196,0,0,none,0,,,
A,2,119,lava,114,0,0,none,0,,,
A,2,120,lava,140,1,0,none,0,,,
A,2,121,timeout,196,0,0,none,0,,,
A,2,122,timeout,196,0,0,none,0,,,
A,2,123,timeout,196,1,0,none,0,,,
A,2,124,timeout,196,0,0,none,0,,,
A,2,125,timeout,196,1,0,none,0,,,
A,2,126,timeout,196,1,0,none,0,,,
A,2,127,timeout,196,0,0,none,0,,,
A,2,128,timeout,196,0,0,none,0,,,
A,2,129,timeout,196,1,0,none,0,,,
A,2,130,timeout,196,0,0,none,0,,,
A,2,131,lava,115,0,0,none,0,,,
A,2,132,timeout,196,0,0,none,0,,,
A,2,133,timeout,196,0,0,none,0,,,
A,2,134,timeout,196,1,0,none,0,,,
A,2,135,timeout,196,0,0,none,0,,,
A,2,136,timeout,196,0,0,none,0,,,
A,2,137,timeout,196,0,0,none,0,,,
A,2,138,timeout,196,0,0,none,0,,,
A,2,139,timeout,196,1,0,none,0,,,
A,2,140,timeout,196,0,0,none,0,,,
A,2,141,timeout,196,1,0,none,0,,,
A,2,142,timeout,196,1,0,none,0,,,
A,2,143,timeout,196,1,0,none,0,,,
A,2,144,timeout,196,1,0,none,0,,,
A,2,145,timeout,196,0,0,none,0,,,
A,2,146,timeout,196,1,0,none,0,,,
A,2,147,lava,107,0,0,none,0,,,
A,2,148,timeout,196,0,0,none,0,,,
A,2,149,timeout,196,1,0,none,0,,,
A,2,150,timeout,196,1,0,none,0,,,
A,2,151,timeout,196,1,0,none,0,,,
A,2,152,timeout,196,0,0,none,0,,,
A,2,153,timeout,196,0,0,none,0,,,
A,2,154,timeout,196,0,0,none,0,,,
A,2,155,timeout,196,1,1,none,0,,,
A,2,156,timeout,196,0,0,none,0,,,
A,2,157,timeout,196,0,0,none,0,,,
A,2,158,timeout,196,1,0,none,0,,,
A,2,159,lava,61,1,0,none,0,,,
A,2,160,timeout,196,0,0,none,0,,,
A,2,161,timeout,196,0,0,none,0,,,
A,2,162,timeout,196,0,0,none,0,,,
A,2,163,timeout,196,0,0,none,0,,,
A,2,164,timeout,196,1,0,none,0,,,
A,2,165,timeout,196,0,0,none,0,,,
A,2,166,timeout,196,0,0,none,0,,,
A,2,167,lava,12,0,0,none,0,,,
A,2,168,timeout,196,0,0,none,0,,,
A,2,169,timeout,196,1,0,none,0,,,
A,2,170,timeout,196,1,0,none,0,,,
A,2,171,timeout,196,0,0,none,0,,,
A,2,172,lava,6,0,0,none,0,,,
A,2,173,timeout,196,0,0,none,0,,,
A,2,174,timeout,196,1,0,none,0,,,
A,2,175,timeout,196,0,0,none,0,,,
A,2,176,timeout,196,1,0,none,0,,,
A,2,177,timeout,196,1,0,none,0,,,
A,2,178,timeout,196,0,0,none,0,,,
A,2,179,timeout,196,1,0,none,0,,,
A,2,180,lava,19,0,0,none,0,,,
A,2,181,lava,104,0,0,none,0,,,
A,2,182,timeout,196,0,0,none,0,,,
A,2,183,timeout,196,0,0,none,0,,,
A,2,184,timeout,196,0,0,none,0,,,
A,2,185,timeout,196,0,0,none,0,,,
A,2,186,timeout,196,0,0,none,0,,,
A,2,187,lava,147,1,0,none,0,,,
A,2,188,timeout,196,1,0,none,0,,,
A,2,189,lava,133,1,0,none,0,,,
A,2,190,timeout,196,0,0,none,0,,,
A,2,191,timeout,196,0,0,none,0,,,
A,2,192,timeout,196,0,0,none,0,,,
A,2,193,timeout,196,1,0,none,0,,,
A,2,194,timeout,196,0,0,none,0,,,
A,2,195,timeout,196,0,0,none,0,,,
A,2,196,timeout,196,1,0,none,0,,,
A,2,197,timeout,196,1,1,none,0,,,
A,2,198,timeout,196,1,0,none,0,,,
A,2,199,timeout,196,0,0,none,0,,,
A,2,200,timeout,196,1,0,none,0,,,
A,2,201,lava,46,0,0,none,0,,,
A,2,202,lava,60,0,0,none,0,,,
A,2,203,timeout,196,1,0,none,0,,,
A,2,204,timeout,196,0,0,none,0,,,
A,2,205,timeout,196,1,0,none,0,,,
A,2,206,timeout,196,0,0,none,0,,,
A,2,207,timeout,196,0,0,none,0,,,
A,2,208,timeout,196,0,0,none,0,,,
A,2,209,lava,10,0,0,none,0,,,
A,2,210,timeout,196,0,0,none,0,,,
A,2,211,lava,12,0,0,none,0,,,
A,2,212,timeout,196,0,0,none,0,,,
A,2,213,timeout,196,1,0,none,0,,,
A,2,214,timeout,196,1,0,none,0,,,
A,2,215,timeout,196,1,0,none,0,,,
A,2,216,lava,82,0,0,none,0,,,
A,2,217,lava,5,0,0,none,0,,,
A,2,218,timeout,196,0,0,none,0,,,
A,2,219,timeout,196,1,0,none,0,,,
A,2,220,timeout,196,0,0,none,0,,,
A,2,221,lava,5,0,0,none,0,,,
A,2,222,timeout,196,1,0,none,0,,,
A,2,223,timeout,196,0,0,none,0,,,
A,2,224,timeout,196,1,0,none,0,,,
A,2,225,lava,1,0,0,none,0,,,
A,2,226,timeout,196,0,0,none,0,,,
A,2,227,timeout,196,0,0,none,0,,,
A,2,228,lava,84,1,0,none,0,,,
A,2,229,lava,11,0,0,none,0,,,
A,2,230,lava,89,0,0,none,0,,,
A,2,231,timeout,196,0,0,none,0,,,
A,2,232,timeout,196,0,0,none,0,,,
A,2,233,timeout,196,1,0,none,0,,,
A,2,234,timeout,196,0,0,none,0,,,
A,2,235,timeout,196,0,0,none,0,,,
A,2,236,timeout,196,1,0,none,0,,,
A,2,237,timeout,196,0,0,none,0,,,
A,2,238,timeout,196,0,0,none,0,,,
A,2,239,lava,182,1,0,none,0,,,
A,2,240,timeout,196,1,0,none,0,,,
A,2,241,timeout,196,1,0,none,0,,,
A,2,242,timeout,196,0,0,none,0,,,
A,2,243,lava,1,0,0,none,0,,,
A,2,244,timeout,196,0,0,none,0,,,
A,2,245,timeout,196,0,0,none,0,,,
A,2,246,timeout,196,0,0,none,0,,,
A,2,247,timeout,196,0,0,none,0,,,
A,2,248,timeout,196,0,0,none,0,,,
A,2,249,timeout,196,0,0,none,0,,,
A,2,250,lava,15,0,0,none,0,,,
A,2,251,timeout,196,1,0,none,0,,,
A,2,252,lava,67,0,0,none,0,,,
A,2,253,lava,147,1,0,none,0,,,
A,2,254,timeout,196,0,0,none,0,,,
A,2,255,timeout,196,0,0,none,0,,,
A,2,256,timeout,196,0,0,none,0,,,
A,2,257,lava,7,0,0,none,0,,,
A,2,258,timeout,196,0,0,none,0,,,
A,2,259,lava,6,0,0,none,0,,,
A,2,260,timeout,196,0,0,none,0,,,
A,2,261,timeout,196,0,0,none,0,,,
A,2,262,timeout,196,0,0,none,0,,,
A,2,263,lava,67,1,0,none,0,,,
A,2,264,timeout,196,0,0,none,0,,,
A,2,265,lava,119,1,0,none,0,,,
A,2,266,timeout,196,1,0,none,0,,,
A,2,267,timeout,196,0,0,none,0,,,
A,2,268,timeout,196,1,0,none,0,,,
A,2,269,timeout,196,0,0,none,0,,,
A,2,270,lava,52,0,0,none,0,,,
A,2,271,timeout,196,0,0,none,0,,,
A,2,272,timeout,196,0,0,none,0,,,
A,2,273,timeout,196,1,0,none,0,,,
A,2,274,timeout,196,1,0,none,0,,,
A,2,275,timeout,196,0,0,none,0,,,
A,2,276,lava,64,0,0,none,0,,,
A,2,277,timeout,196,0,0,none,0,,,
A,2,278,timeout,196,0,0,none,0,,,
A,2,279,timeout,196,1,0,none,0,,,
A,2,280,lava,146,1,0,none,0,,,
A,2,281,timeout,196,1,0,none,0,,,
A,2,282,timeout,196,1,0,none,0,,,
A,2,283,timeout,196,0,0,none,0,,,
A,2,284,timeout,196,0,0,none,0,,,
A,2,285,timeout,196,0,0,none,0,,,
A,2,286,timeout,196,0,0,none,0,,,
A,2,287,timeout,196,0,0,none,0,,,
A,2,288,timeout,196,1,0,none,0,,,
A,2,289,lava,59,1,0,none,0,,,
A,2,290,lava,44,0,0,none,0,,,
A,2,291,timeout,196,0,0,none,0,,,
A,2,292,timeout,196,0,0,none,0,,,
A,2,293,lava,33,0,0,none,0,,,
A,2,294,timeout,196,1,0,none,0,,,
A,2,295,lava,193,0,0,none,0,,,
A,2,296,timeout,196,0,0,none,0,,,
A,2,297,timeout,196,0,0,none,0,,,
A,2,298,lava,82,1,0,none,0,,,
A,2,299,timeout,196,0,0,none,0,,,
A,2,300,lava,74,0,0,none,0,,,
A,2,301,lava,46,1,0,none,0,,,
A,2,302,lava,13,0,0,none,0,,,
A,2,303,lava,99,0,0,none,0,,,
A,2,304,timeout,196,0,0,none,0,,,
A,2,305,lava,29,0,0,none,0,,,
A,2,306,timeout,196,1,0,none,0,,,
A,2,307,timeout,196,0,0,none,0,,,
A,2,308,lava,185,0,0,none,0,,,
A,2,309,timeout,196,1,1,none,0,,,
A,2,310,lava,66,0,0,none,0,,,
A,2,311,lava,125,0,0,none,0,,,
A,2,312,timeout,196,0,0,none,0,,,
A,2,313,timeout,196,1,0,none,0,,,
A,2,314,timeout,196,1,0,none,0,,,
A,2,315,timeout,196,0,0,none,0,,,
A,2,316,timeout,196,1,0,none,0,,,
A,2,317,timeout,196,1,0,none,0,,,
A,2,318,timeout,196,0,0,none,0,,,
A,2,319,timeout,196,1,0,none,0,,,
A,2,320,timeout,196,1,0,none,0,,,
A,2,321,timeout,196,0,0,none,0,,,
A,2,322,timeout,196,1,0,none,0,,,
A,2,323,timeout,196,0,0,none,0,,,
A,2,324,timeout,196,0,0,none,0,,,
A,2,325,timeout,196,1,1,none,0,,,
A,2,326,timeout,196,1,0,none,0,,,
A,2,327,timeout,196,0,0,none,0,,,
A,2,328,timeout,196,0,0,none,0,,,
A,2,329,lava,84,1,0,none,0,,,
A,2,330,timeout,196,0,0,none,0,,,
A,2,331,timeout,196,0,0,none,0,,,
A,2,332,timeout,196,0,0,none,0,,,
A,2,333,timeout,196,0,0,none,0,,,
A,2,334,timeout,196,1,0,none,0,,,
A,2,335,lava,5,0,0,none,0,,,
A,2,336,timeout,196,1,0,none,0,,,
A,2,337,lava,60,1,0,none,0,,,
A,2,338,timeout,196,0,0,none,0,,,
A,2,339,lava,67,0,0,none,0,,,
A,2,340,timeout,196,0,0,none,0,,,
A,2,341,lava,122,1,0,none,0,,,
A,2,342,timeout,196,1,0,none,0,,,
A,2,343,timeout,196,1,0,none,0,,,
A,2,344,timeout,196,0,0,none,0,,,
A,2,345,timeout,196,0,0,none,0,,,
A,2,346,lava,1,0,0,none,0,,,
A,2,347,timeout,196,0,0,none,0,,,
A,2,348,timeout,196,0,0,none,0,,,
A,2,349,timeout,196,0,0,none,0,,,
A,2,350,timeout,196,1,0,none,0,,,
A,2,351,lava,134,1,0,none,0,,,
A,2,352,lava,40,0,0,none,0,,,
A,2,353,timeout,196,1,0,none,0,,,
A,2,354,timeout,196,0,0,none,0,,,
A,2,355,timeout,196,0,0,none,0,,,
A,2,356,timeout,196,0,0,none,0,,,
A,2,357,timeout,196,0,0,none,0,,,
A,2,358,timeout,196,0,0,none,0,,,
A,2,359,timeout,196,0,0,none,0,,,
A,2,360,timeout,196,0,0,none,0,,,
A,2,361,timeout,196,0,0,none,0,,,
A,2,362,lava,66,0,0,none,0,,,
A,2,363,timeout,196,0,0,none,0,,,
A,2,364,timeout,196,0,0,none,0,,,
A,2,365,lava,57,0,0,none,0,,,
A,2,366,lava,22,1,0,none,0,,,
A,2,367,lava,9,0,0,none,0,,,
A,2,368,timeout,196,0,0,none,0,,,
A,2,369,lava,60,0,0,none,0,,,
A,2,370,timeout,196,1,0,none,0,,,
A,2,371,timeout,196,1,0,none,0,,,
A,2,372,timeout,196,0,0,none,0,,,
A,2,373,timeout,196,0,0,none,0,,,
A,2,374,timeout,196,0,0,none,0,,,
A,2,375,lava,25,0,0,none,0,,,
A,2,376,timeout,196,0,0,none,0,,,
A,2,377,timeout,196,1,0,none,0,,,
A,2,378,timeout,196,1,0,none,0,,,
A,2,379,timeout,196,0,0,none,0,,,
A,2,380,timeout,196,0,0,none,0,,,
A,2,381,timeout,196,0,0,none,0,,,
A,2,382,timeout,196,0,0,none,0,,,
A,2,383,timeout,196,0,0,none,0,,,
A,2,384,lava,70,0,0,none,0,,,
A,2,385,timeout,196,1,0,none,0,,,
A,2,386,timeout,196,1,1,none,0,,,
A,2,387,lava,82,0,0,none,0,,,
A,2,388,timeout,196,1,0,none,0,,,
A,2,389,timeout,196,0,0,none,0,,,
A,2,390,lava,3,0,0,none,0,,,
A,2,391,timeout,196,1,0,none,0,,,
A,2,392,lava,8,1,0,none,0,,,
A,2,393,timeout,196,1,0,none,0,,,
A,2,394,timeout,196,0,0,none,0,,,
A,2,395,timeout,196,0,0,none,0,,,
A,2,396,lava,34,0,0,none,0,,,
A,2,397,timeout,196,0,0,none,0,,,
A,2,398,timeout,196,0,0,none,0,,,
A,2,399,timeout,196,0,0,none,0,,,
A,2,400,timeout,196,0,0,none,0,,,
A,2,401,lava,33,0,0,none,0,,,
A,2,402,timeout,196,0,0,none,0,,,
A,2,403,timeout,196,1,0,none,0,,,
A,2,404,timeout,196,0,0,none,0,,,
A,2,405,lava,71,0,0,none,0,,,
A,2,406,timeout,196,1,0,none,0,,,
A,2,407,timeout,196,1,0,none,0,,,
A,2,408,timeout,196,1,0,none,0,,,
A,2,409,timeout,196,0,0,none,0,,,
A,2,410,timeout,196,0,0,none,0,,,
A,2,411,timeout,196,0,0,none,0,,,
A,2,412,lava,68,0,0,none,0,,,
A,2,413,timeout,196,1,0,none,0,,,
A,2,414,timeout,196,0,0,none,0,,,
A,2,415,timeout,196,0,0,none,0,,,
A,2,416,timeout,196,1,0,none,0,,,
A,2,417,timeout,196,0,0,none,0,,,
A,2,418,timeout,196,0,0,none,0,,,
A,2,419,lava,118,0,0,none,0,,,
A,2,420,timeout,196,1,0,none,0,,,
A,2,421,timeout,196,1,0,none,0,,,
A,2,422,timeout,196,0,0,none,0,,,
A,2,423,timeout,196,0,0,none,0,,,
A,2,424,lava,5,0,0,none,0,,,
A,2,425,timeout,196,0,0,none,0,,,
A,2,426,timeout,196,0,0,none,0,,,
A,2,427,timeout,196,0,0,none,0,,,
A,2,428,timeout,196,1,0,none,0,,,
A,2,429,timeout,196,0,0,none,0,,,
A,2,430,timeout,196,1,0,none,0,,,
A,2,431,lava,1,0,0,none,0,,,
A,2,432,lava,10,1,0,none,0,,,
A,2,433,timeout,196,1,0,none,0,,,
A,2,434,timeout,196,0,0,none,0,,,
A,2,435,lava,47,0,0,none,0,,,
A,2,436,timeout,196,1,0,none,0,,,
A,2,437,lava,12,0,0,none,0,,,
A,2,438,lava,4,0,0,none,0,,,
A,2,439,timeout,196,0,0,none,0,,,
A,2,440,timeout,196,0,0,none,0,,,
A,2,441,lava,11,0,0,none,0,,,
A,2,442,lava,194,1,0,none,0,,,
A,2,443,lava,44,0,0,none,0,,,
A,2,444,timeout,196,0,0,none,0,,,
A,2,445,timeout,196,1,0,none,0,,,
A,2,446,timeout,196,0,0,none,0,,,
A,2,447,timeout,196,0,0,none,0,,,
A,2,448,timeout,196,0,0,none,0,,,
A,2,449,timeout,196,0,0,none,0,,,
A,2,450,timeout,196,0,0,none,0,,,
A,2,451,timeout,196,0,0,none,0,,,
A,2,452,timeout,196,0,0,none,0,,,
A,2,453,timeout,196,0,0,none,0,,,
A,2,454,lava,1,0,0,none,0,,,
A,2,455,timeout,196,0,0,none,0,,,
A,2,456,lava,3,0,0,none,0,,,
A,2,457,lava,108,0,0,none,0,,,
A,2,458,timeout,196,0,0,none,0,,,
A,2,459,timeout,196,0,0,none,0,,,
A,2,460,lava,5,0,0,none,0,,,
A,2,461,timeout,196,0,0,none,0,,,
A,2,462,lava,47,1,0,none,0,,,
A,2,463,timeout,196,0,0,none,0,,,
A,2,464,lava,88,0,0,none,0,,,
A,2,465,timeout,196,0,0,none,0,,,
A,2,466,timeout,196,0,0,none,0,,,
A,2,467,timeout,196,1,0,none,0,,,
A,2,468,lava,40,0,0,none,0,,,
A,2,469,timeout,196,0,0,none,0,,,
A,2,470,timeout,196,0,0,none,0,,,
A,2,471,timeout,196,0,0,none,0,,,
A,2,472,timeout,196,0,0,none,0,,,
A,2,473,timeout,196,0,0,none,0,,,
A,2,474,timeout,196,0,0,none,0,,,
A,2,475,lava,185,0,0,none,0,,,
A,2,476,timeout,196,1,0,none,0,,,
A,2,477,timeout,196,0,0,none,0,,,
A,2,478,lava,9,0,0,none,0,,,
A,2,479,lava,22,0,0,none,0,,,
A,2,480,timeout,196,0,0,none,0,,,
A,2,481,timeout,196,0,0,none,0,,,
A,2,482,timeout,196,1,0,none,0,,,
A,2,483,timeout,196,1,0,none,0,,,
A,2,484,timeout,196,0,0,none,0,,,
A,2,485,timeout,196,1,0,none,0,,,
A,2,486,timeout,196,0,0,none,0,,,
A,2,487,timeout,196,0,0,none,0,,,
A,2,488,timeout,196,0,0,none,0,,,
A,2,489,lava,184,1,0,none,0,,,
A,2,490,lava,1,0,0,none,0,,,
A,2,491,timeout,196,0,0,none,0,,,
A,2,492,timeout,196,0,0,none,0,,,
A,2,493,timeout,196,0,0,none,0,,,
A,2,494,timeout,196,1,0,none,0,,,
A,2,495,timeout,196,0,0,none,0,,,
A,2,496,timeout,196,0,0,none,0,,,
A,2,497,lava,119,0,0,none,0,,,
A,2,498,lava,77,0,0,none,0,,,
A,2,499,timeout,196,1,0,none,0,,,
A,3,0,lava,138,1,0,none,0,,,
A,3,1,timeout,196,0,0,none,0,,,
A,3,2,timeout,196,0,0,none,0,,,
A,3,3,timeout,196,1,0,none,0,,,
A,3,4,timeout,196,0,0,none,0,,,
A,3,5,lava,179,1,0,none,0,,,
A,3,6,timeout,196,0,0,none,0,,,
A,3,7,timeout,196,0,0,none,0,,,
A,3,8,timeout,196,1,0,none,0,,,
A,3,9,timeout,196,0,0,none,0,,,
A,3,10,timeout,196,1,0,none,0,,,
A,3,11,timeout,196,0,0,none,0,,,
A,3,12,timeout,196,0,0,none,0,,,
A,3,13,timeout,196,1,0,none,0,,,
A,3,14,timeout,196,0,0,none,0,,,
A,3,15,timeout,196,0,0,none,0,,,
A,3,16,timeout,196,0,0,none,0,,,
A,3,17,timeout,196,1,0,none,0,,,
A,3,18,timeout,196,0,0,none,0,,,
A,3,19,timeout,196,0,0,none,0,,,
A,3,20,timeout,196,1,0,none,0,,,
A,3,21,timeout,196,0,0,none,0,,,
A,3,22,lava,19,0,0,none,0,,,
A,3,23,lava,124,0,0,none,0,,,
A,3,24,timeout,196,0,0,none,0,,,
A,3,25,timeout,196,1,0,none,0,,,
A,3,26,lava,182,1,1,none,0,,,
A,3,27,timeout,196,0,0,none,0,,,
A,3,28,timeout,196,1,1,none,0,,,
A,3,29,timeout,196,1,0,none,0,,,
A,3,30,timeout,196,0,0,none,0,,,
A,3,31,timeout,196,0,0,none,0,,,
A,3,32,timeout,196,1,0,none,0,,,
A,3,33,timeout,196,1,0,none,0,,,
A,3,34,timeout,196,0,0,none,0,,,
A,3,35,timeout,196,1,0,none,0,,,
A,3,36,timeout,196,0,0,none,0,,,
A,3,37,timeout,196,0,0,none,0,,,
A,3,38,lava,62,0,0,none,0,,,
A,3,39,timeout,196,0,0,none,0,,,
A,3,40,timeout,196,1,0,none,0,,,
A,3,41,timeout,196,0,0,none,0,,,
A,3,42,timeout,196,0,0,none,0,,,
A,3,43,timeout,196,0,0,none,0,,,
A,3,44,timeout,196,0,0,none,0,,,
A,3,45,lava,62,0,0,none,0,,,
A,3,46,timeout,196,0,0,none,0,,,
A,3,47,timeout,196,0,0,none,0,,,
A,3,48,timeout,196,0,0,none,0,,,
A,3,49,timeout,196,0,0,none,0,,,
A,3,50,timeout,196,0,0,none,0,,,
A,3,51,timeout,196,0,0,none,0,,,
A,3,52,timeout,196,0,0,none,0,,,
A,3,53,lava,8,0,0,none,0,,,
A,3,54,timeout,196,1,0,none,0,,,
A,3,55,timeout,196,0,0,none,0,,,
A,3,56,timeout,196,1,0,none,0,,,
A,3,57,timeout,196,0,0,none,0,,,
A,3,58,timeout,196,0,0,none,0,,,
A,3,59,timeout,196,1,0,none,0,,,
A,3,60,timeout,196,0,0,none,0,,,
A,3,61,timeout,196,1,0,none,0,,,
A,3,62,timeout,196,0,0,none,0,,,
A,3,63,timeout,196,0,0,none,0,,,
A,3,64,timeout,196,1,0,none,0,,,
A,3,65,timeout,196,1,0,none,0,,,
A,3,66,timeout,196,0,0,none,0,,,
A,3,67,timeout,196,1,0,none,0,,,
A,3,68,lava,25,0,0,none,0,,,
A,3,69,timeout,196,0,0,none,0,,,
A,3,70,timeout,196,0,0,none,0,,,
A,3,71,timeout,196,0,0,none,0,,,
A,3,72,timeout,196,0,0,none,0,,,
A,3,73,success,103,1,1,none,0,,,
A,3,74,timeout,196,0,0,none,0,,,
A,3,75,timeout,196,0,0,none,0,,,
A,3,76,timeout,196,0,0,none,0,,,
A,3,77,timeout,196,0,0,none,0,,,
A,3,78,timeout,196,0,0,none,0,,,
A,3,79,timeout,196,0,0,none,0,,,
A,3,80,timeout,196,0,0,none,0,,,
A,3,81,timeout,196,0,0,none,0,,,
A,3,82,timeout,196,0,0,none,0,,,
A,3,83,timeout,196,1,0,none,0,,,
A,3,84,timeout,196,1,0,none,0,,,
A,3,85,ball,118,1,1,none,0,,,
A,3,86,lava,34,1,0,none,0,,,
A,3,87,timeout,196,0,0,none,0,,,
A,3,88,lava,105,1,0,none,0,,,
A,3,89,timeout,196,1,0,none,0,,,
A,3,90,timeout,196,1,0,none,0,,,
A,3,91,timeout,196,0,0,none,0,,,
A,3,92,lava,7,0,0,none,0,,,
A,3,93,timeout,196,0,0,none,0,,,
A,3,94,timeout,196,0,0,none,0,,,
A,3,95,timeout,196,1,0,none,0,,,
A,3,96,timeout,196,0,0,none,0,,,
A,3,97,timeout,196,0,0,none,0,,,
A,3,98,timeout,196,0,0,none,0,,,
A,3,99,timeout,196,1,1,none,0,,,
A,3,100,timeout,196,0,0,none,0,,,
A,3,101,lava,39,0,0,none,0,,,
A,3,102,timeout,196,1,0,none,0,,,
A,3,103,timeout,196,0,0,none,0,,,
A,3,104,timeout,196,0,0,none,0,,,
A,3,105,timeout,196,1,0,none,0,,,
A,3,106,timeout,196,1,0,none,0,,,
A,3,107,timeout,196,0,0,none,0,,,
A,3,108,timeout,196,0,0,none,0,,,
A,3,109,timeout,196,0,0,none,0,,,
A,3,110,lava,2,0,0,none,0,,,
A,3,111,timeout,196,1,0,none,0,,,
A,3,112,timeout,196,1,0,none,0,,,
A,3,113,lava,47,1,0,none,0,,,
A,3,114,timeout,196,0,0,none,0,,,
A,3,115,timeout,196,0,0,none,0,,,
A,3,116,timeout,196,0,0,none,0,,,
A,3,117,timeout,196,0,0,none,0,,,
A,3,118,lava,52,0,0,none,0,,,
A,3,119,timeout,196,1,0,none,0,,,
A,3,120,lava,179,1,0,none,0,,,
A,3,121,lava,69,0,0,none,0,,,
A,3,122,timeout,196,0,0,none,0,,,
A,3,123,timeout,196,0,0,none,0,,,
A,3,124,timeout,196,1,0,none,0,,,
A,3,125,lava,2,0,0,none,0,,,
A,3,126,timeout,196,1,0,none,0,,,
A,3,127,timeout,196,0,0,none,0,,,
A,3,128,timeout,196,0,0,none,0,,,
A,3,129,timeout,196,1,0,none,0,,,
A,3,130,timeout,196,1,0,none,0,,,
A,3,131,timeout,196,0,0,none,0,,,
A,3,132,timeout,196,1,0,none,0,,,
A,3,133,timeout,196,1,0,none,0,,,
A,3,134,timeout,196,0,0,none,0,,,
A,3,135,timeout,196,0,0,none,0,,,
A,3,136,lava,176,1,0,none,0,,,
A,3,137,lava,110,0,0,none,0,,,
A,3,138,timeout,196,0,0,none,0,,,
A,3,139,timeout,196,0,0,none,0,,,
A,3,140,timeout,196,1,0,none,0,,,
A,3,141,timeout,196,1,0,none,0,,,
A,3,142,timeout,196,0,0,none,0,,,
A,3,143,timeout,196,1,1,none,0,,,
A,3,144,timeout,196,0,0,none,0,,,
A,3,145,timeout,196,1,0,none,0,,,
A,3,146,timeout,196,0,0,none,0,,,
A,3,147,timeout,196,0,0,none,0,,,
A,3,148,timeout,196,0,0,none,0,,,
A,3,149,timeout,196,1,0,none,0,,,
A,3,150,timeout,196,0,0,none,0,,,
A,3,151,timeout,196,1,0,none,0,,,
A,3,152,timeout,196,1,0,none,0,,,
A,3,153,timeout,196,1,0,none,0,,,
A,3,154,timeout,196,0,0,none,0,,,
A,3,155,timeout,196,0,0,none,0,,,
A,3,156,lava,59,1,0,none,0,,,
A,3,157,timeout,196,1,0,none,0,,,
A,3,158,timeout,196,0,0,none,0,,,
A,3,159,lava,155,1,0,none,0,,,
A,3,160,timeout,196,1,0,none,0,,,
A,3,161,timeout,196,1,0,none,0,,,
A,3,162,timeout,196,0,0,none,0,,,
A,3,163,timeout,196,0,0,none,0,,,
A,3,164,timeout,196,0,0,none,0,,,
A,3,165,lava,137,1,0,none,0,,,
A,3,166,timeout,196,0,0,none,0,,,
A,3,167,lava,17,0,0,none,0,,,
A,3,168,timeout,196,1,0,none,0,,,
A,3,169,timeout,196,0,0,none,0,,,
A,3,170,timeout,196,0,0,none,0,,,
A,3,171,timeout,196,1,0,none,0,,,
A,3,172,lava,177,1,0,none,0,,,
A,3,173,timeout,196,0,0,none,0,,,
A,3,174,timeout,196,1,0,none,0,,,
A,3,175,lava,64,0,0,none,0,,,
A,3,176,timeout,196,1,0,none,0,,,
A,3,177,timeout,196,1,0,none,0,,,
A,3,178,timeout,196,0,0,none,0,,,
A,3,179,timeout,196,0,0,none,0,,,
A,3,180,timeout,196,1,0,none,0,,,
A,3,181,timeout,196,1,0,none,0,,,
A,3,182,timeout,196,0,0,none,0,,,
A,3,183,timeout,196,1,0,none,0,,,
A,3,184,timeout,196,1,0,none,0,,,
A,3,185,timeout,196,0,0,none,0,,,
A,3,186,timeout,196,0,0,none,0,,,
A,3,187,timeout,196,0,0,none,0,,,
A,3,188,timeout,196,1,0,none,0,,,
A,3,189,timeout,196,0,0,none,0,,,
A,3,190,timeout,196,0,0,none,0,,,
A,3,191,timeout,196,0,0,none,0,,,
A,3,192,timeout,196,0,0,none,0,,,
A,3,193,timeout,196,1,0,none,0,,,
A,3,194,timeout,196,1,0,none,0,,,
A,3,195,timeout,196,1,0,none,0,,,
A,3,196,timeout,196,0,0,none,0,,,
A,3,197,lava,93,1,0,none,0,,,
A,3,198,timeout,196,0,0,none,0,,,
A,3,199,timeout,196,1,0,none,0,,,
A,3,200,timeout,196,1,1,none,0,,,
A,3,201,timeout,196,0,0,none,0,,,
A,3,202,timeout,196,1,0,none,0,,,
A,3,203,timeout,196,1,0,none,0,,,
A,3,204,timeout,196,1,0,none,0,,,
A,3,205,timeout,196,0,0,none,0,,,
A,3,206,timeout,196,0,0,none,0,,,
A,3,207,timeout,196,1,0,none,0,,,
A,3,208,timeout,196,1,0,none,0,,,
A,3,209,timeout,196,1,0,none,0,,,
A,3,210,timeout,196,0,0,none,0,,,
A,3,211,timeout,196,1,0,none,0,,,
A,3,212,timeout,196,0,0,none,0,,,
A,3,213,timeout,196,1,0,none,0,,,
A,3,214,timeout,196,0,0,none,0,,,
A,3,215,timeout,196,0,0,none,0,,,
A,3,216,lava,69,0,0,none,0,,,
A,3,217,lava,3,0,0,none,0,,,
A,3,218,timeout,196,0,0,none,0,,,
A,3,219,lava,147,0,0,none,0,,,
A,3,220,timeout,196,1,0,none,0,,,
A,3,221,timeout,196,0,0,none,0,,,
A,3,222,timeout,196,0,0,none,0,,,
A,3,223,timeout,196,0,0,none,0,,,
A,3,224,timeout,196,0,0,none,0,,,
A,3,225,lava,1,0,0,none,0,,,
A,3,226,timeout,196,1,0,none,0,,,
A,3,227,timeout,196,1,1,none,0,,,
A,3,228,lava,184,1,0,none,0,,,
A,3,229,timeout,196,0,0,none,0,,,
A,3,230,timeout,196,0,0,none,0,,,
A,3,231,timeout,196,0,0,none,0,,,
A,3,232,timeout,196,1,0,none,0,,,
A,3,233,timeout,196,1,0,none,0,,,
A,3,234,timeout,196,0,0,none,0,,,
A,3,235,timeout,196,0,0,none,0,,,
A,3,236,timeout,196,0,0,none,0,,,
A,3,237,timeout,196,0,0,none,0,,,
A,3,238,timeout,196,0,0,none,0,,,
A,3,239,timeout,196,0,0,none,0,,,
A,3,240,lava,73,0,0,none,0,,,
A,3,241,lava,70,1,0,none,0,,,
A,3,242,timeout,196,0,0,none,0,,,
A,3,243,lava,2,0,0,none,0,,,
A,3,244,timeout,196,0,0,none,0,,,
A,3,245,timeout,196,1,0,none,0,,,
A,3,246,timeout,196,0,0,none,0,,,
A,3,247,timeout,196,1,0,none,0,,,
A,3,248,timeout,196,1,0,none,0,,,
A,3,249,timeout,196,1,0,none,0,,,
A,3,250,lava,190,0,0,none,0,,,
A,3,251,timeout,196,1,0,none,0,,,
A,3,252,lava,53,0,0,none,0,,,
A,3,253,lava,26,0,0,none,0,,,
A,3,254,timeout,196,1,0,none,0,,,
A,3,255,lava,58,0,0,none,0,,,
A,3,256,timeout,196,1,0,none,0,,,
A,3,257,lava,165,0,0,none,0,,,
A,3,258,timeout,196,0,0,none,0,,,
A,3,259,lava,10,0,0,none,0,,,
A,3,260,timeout,196,0,0,none,0,,,
A,3,261,timeout,196,0,0,none,0,,,
A,3,262,timeout,196,0,0,none,0,,,
A,3,263,lava,92,1,0,none,0,,,
A,3,264,timeout,196,1,0,none,0,,,
A,3,265,timeout,196,0,0,none,0,,,
A,3,266,lava,70,0,0,none,0,,,
A,3,267,timeout,196,0,0,none,0,,,
A,3,268,timeout,196,1,0,none,0,,,
A,3,269,timeout,196,0,0,none,0,,,
A,3,270,timeout,196,1,1,none,0,,,
A,3,271,timeout,196,0,0,none,0,,,
A,3,272,timeout,196,0,0,none,0,,,
A,3,273,timeout,196,1,0,none,0,,,
A,3,274,timeout,196,0,0,none,0,,,
A,3,275,timeout,196,1,0,none,0,,,
A,3,276,lava,65,0,0,none,0,,,
A,3,277,timeout,196,1,0,none,0,,,
A,3,278,timeout,196,0,0,none,0,,,
A,3,279,timeout,196,1,1,none,0,,,
A,3,280,timeout,196,1,0,none,0,,,
A,3,281,timeout,196,1,0,none,0,,,
A,3,282,timeout,196,0,0,none,0,,,
A,3,283,timeout,196,1,0,none,0,,,
A,3,284,timeout,196,0,0,none,0,,,
A,3,285,timeout,196,1,0,none,0,,,
A,3,286,timeout,196,1,0,none,0,,,
A,3,287,timeout,196,1,0,none,0,,,
A,3,288,timeout,196,1,0,none,0,,,
A,3,289,timeout,196,0,0,none,0,,,
A,3,290,timeout,196,0,0,none,0,,,
A,3,291,timeout,196,0,0,none,0,,,
A,3,292,timeout,196,0,0,none,0,,,
A,3,293,timeout,196,0,0,none,0,,,
A,3,294,timeout,196,0,0,none,0,,,
A,3,295,lava,11,0,0,none,0,,,
A,3,296,lava,116,1,0,none,0,,,
A,3,297,timeout,196,1,1,none,0,,,
A,3,298,timeout,196,0,0,none,0,,,
A,3,299,timeout,196,1,0,none,0,,,
A,3,300,timeout,196,0,0,none,0,,,
A,3,301,lava,1,0,0,none,0,,,
A,3,302,timeout,196,0,0,none,0,,,
A,3,303,lava,151,0,0,none,0,,,
A,3,304,timeout,196,1,1,none,0,,,
A,3,305,timeout,196,0,0,none,0,,,
A,3,306,timeout,196,0,0,none,0,,,
A,3,307,timeout,196,0,0,none,0,,,
A,3,308,timeout,196,0,0,none,0,,,
A,3,309,timeout,196,0,0,none,0,,,
A,3,310,timeout,196,0,0,none,0,,,
A,3,311,timeout,196,1,0,none,0,,,
A,3,312,timeout,196,0,0,none,0,,,
A,3,313,timeout,196,0,0,none,0,,,
A,3,314,timeout,196,1,0,none,0,,,
A,3,315,timeout,196,0,0,none,0,,,
A,3,316,lava,168,1,0,none,0,,,
A,3,317,timeout,196,1,0,none,0,,,
A,3,318,timeout,196,1,1,none,0,,,
A,3,319,timeout,196,0,0,none,0,,,
A,3,320,timeout,196,0,0,none,0,,,
A,3,321,timeout,196,1,0,none,0,,,
A,3,322,timeout,196,1,0,none,0,,,
A,3,323,timeout,196,1,1,none,0,,,
A,3,324,timeout,196,1,0,none,0,,,
A,3,325,timeout,196,1,0,none,0,,,
A,3,326,timeout,196,1,1,none,0,,,
A,3,327,timeout,196,0,0,none,0,,,
A,3,328,timeout,196,1,0,none,0,,,
A,3,329,timeout,196,0,0,none,0,,,
A,3,330,timeout,196,0,0,none,0,,,
A,3,331,timeout,196,1,0,none,0,,,
A,3,332,timeout,196,0,0,none,0,,,
A,3,333,timeout,196,1,0,none,0,,,
A,3,334,timeout,196,1,0,none,0,,,
A,3,335,lava,7,0,0,none,0,,,
A,3,336,timeout,196,1,0,none,0,,,
A,3,337,timeout,196,1,0,none,0,,,
A,3,338,timeout,196,1,0,none,0,,,
A,3,339,timeout,196,0,0,none,0,,,
A,3,340,timeout,196,0,0,none,0,,,
A,3,341,timeout,196,0,0,none,0,,,
A,3,342,timeout,196,0,0,none,0,,,
A,3,343,lava,25,0,0,none,0,,,
A,3,344,timeout,196,0,0,none,0,,,
A,3,345,timeout,196,1,0,none,0,,,
A,3,346,lava,2,0,0,none,0,,,
A,3,347,timeout,196,1,0,none,0,,,
A,3,348,timeout,196,0,0,none,0,,,
A,3,349,timeout,196,1,0,none,0,,,
A,3,350,timeout,196,1,0,none,0,,,
A,3,351,lava,120,0,0,none,0,,,
A,3,352,lava,22,1,0,none,0,,,
A,3,353,timeout,196,0,0,none,0,,,
A,3,354,lava,47,0,0,none,0,,,
A,3,355,timeout,196,1,0,none,0,,,
A,3,356,timeout,196,0,0,none,0,,,
A,3,357,lava,49,0,0,none,0,,,
A,3,358,timeout,196,1,0,none,0,,,
A,3,359,timeout,196,1,0,none,0,,,
A,3,360,lava,110,1,0,none,0,,,
A,3,361,timeout,196,1,0,none,0,,,
A,3,362,timeout,196,1,0,none,0,,,
A,3,363,timeout,196,1,0,none,0,,,
A,3,364,timeout,196,0,0,none,0,,,
A,3,365,lava,116,0,0,none,0,,,
A,3,366,lava,27,1,0,none,0,,,
A,3,367,lava,4,0,0,none,0,,,
A,3,368,timeout,196,1,0,none,0,,,
A,3,369,success,194,1,1,none,0,,,
A,3,370,timeout,196,1,0,none,0,,,
A,3,371,timeout,196,1,0,none,0,,,
A,3,372,lava,90,0,0,none,0,,,
A,3,373,timeout,196,1,0,none,0,,,
A,3,374,timeout,196,1,0,none,0,,,
A,3,375,timeout,196,1,0,none,0,,,
A,3,376,timeout,196,1,0,none,0,,,
A,3,377,timeout,196,0,0,none,0,,,
A,3,378,timeout,196,1,0,none,0,,,
A,3,379,timeout,196,0,0,none,0,,,
A,3,380,timeout,196,0,0,none,0,,,
A,3,381,timeout,196,1,0,none,0,,,
A,3,382,timeout,196,0,0,none,0,,,
A,3,383,timeout,196,1,0,none,0,,,
A,3,384,timeout,196,0,0,none,0,,,
A,3,385,timeout,196,1,0,none,0,,,
A,3,386,timeout,196,1,0,none,0,,,
A,3,387,timeout,196,0,0,none,0,,,
A,3,388,timeout,196,1,0,none,0,,,
A,3,389,timeout,196,1,0,none,0,,,
A,3,390,lava,14,0,0,none,0,,,
A,3,391,timeout,196,0,0,none,0,,,
A,3,392,timeout,196,0,0,none,0,,,
A,3,393,timeout,196,0,0,none,0,,,
A,3,394,timeout,196,0,0,none,0,,,
A,3,395,timeout,196,0,0,none,0,,,
A,3,396,lava,179,0,0,none,0,,,
A,3,397,timeout,196,1,0,none,0,,,
A,3,398,timeout,196,1,0,none,0,,,
A,3,399,timeout,196,1,0,none,0,,,
A,3,400,timeout,196,0,0,none,0,,,
A,3,401,timeout,196,0,0,none,0,,,
A,3,402,timeout,196,0,0,none,0,,,
A,3,403,timeout,196,0,0,none,0,,,
A,3,404,timeout,196,0,0,none,0,,,
A,3,405,timeout,196,0,0,none,0,,,
A,3,406,timeout,196,1,0,none,0,,,
A,3,407,timeout,196,1,0,none,0,,,
A,3,408,timeout,196,1,1,none,0,,,
A,3,409,timeout,196,1,0,none,0,,,
A,3,410,timeout,196,1,0,none,0,,,
A,3,411,timeout,196,0,0,none,0,,,
A,3,412,lava,186,0,0,none,0,,,
A,3,413,timeout,196,1,0,none,0,,,
A,3,414,timeout,196,1,1,none,0,,,
A,3,415,timeout,196,0,0,none,0,,,
A,3,416,timeout,196,1,1,none,0,,,
A,3,417,timeout,196,0,0,none,0,,,
A,3,418,timeout,196,0,0,none,0,,,
A,3,419,lava,39,0,0,none,0,,,
A,3,420,timeout,196,0,0,none,0,,,
A,3,421,timeout,196,0,0,none,0,,,
A,3,422,timeout,196,0,0,none,0,,,
A,3,423,timeout,196,0,0,none,0,,,
A,3,424,lava,25,0,0,none,0,,,
A,3,425,lava,137,0,0,none,0,,,
A,3,426,timeout,196,0,0,none,0,,,
A,3,427,timeout,196,1,0,none,0,,,
A,3,428,timeout,196,1,1,none,0,,,
A,3,429,lava,70,0,0,none,0,,,
A,3,430,timeout,196,1,0,none,0,,,
A,3,431,lava,1,0,0,none,0,,,
A,3,432,timeout,196,0,0,none,0,,,
A,3,433,timeout,196,1,0,none,0,,,
A,3,434,timeout,196,1,0,none,0,,,
A,3,435,lava,111,0,0,none,0,,,
A,3,436,timeout,196,0,0,none,0,,,
A,3,437,timeout,196,0,0,none,0,,,
A,3,438,lava,34,0,0,none,0,,,
A,3,439,timeout,196,1,0,none,0,,,
A,3,440,timeout,196,0,0,none,0,,,
A,3,441,timeout,196,0,0,none,0,,,
A,3,442,timeout,196,1,0,none,0,,,
A,3,443,lava,93,1,0,none,0,,,
A,3,444,timeout,196,0,0,none,0,,,
A,3,445,timeout,196,0,0,none,0,,,
A,3,446,timeout,196,1,0,none,0,,,
A,3,447,timeout,196,1,0,none,0,,,
A,3,448,timeout,196,1,0,none,0,,,
A,3,449,lava,10,0,0,none,0,,,
A,3,450,timeout,196,0,0,none,0,,,
A,3,451,timeout,196,0,0,none,0,,,
A,3,452,lava,113,1,0,none,0,,,
A,3,453,timeout,196,0,0,none,0,,,
A,3,454,timeout,196,0,0,none,0,,,
A,3,455,timeout,196,0,0,none,0,,,
A,3,456,lava,59,1,1,none,0,,,
A,3,457,timeout,196,0,0,none,0,,,
A,3,458,timeout,196,0,0,none,0,,,
A,3,459,timeout,196,0,0,none,0,,,
A,3,460,lava,4,0,0,none,0,,,
A,3,461,timeout,196,0,0,none,0,,,
A,3,462,timeout,196,1,0,none,0,,,
A,3,463,timeout,196,0,0,none,0,,,
A,3,464,timeout,196,0,0,none,0,,,
A,3,465,timeout,196,0,0,none,0,,,
A,3,466,timeout,196,0,0,none,0,,,
A,3,467,timeout,196,0,0,none,0,,,
A,3,468,timeout,196,1,0,none,0,,,
A,3,469,timeout,196,0,0,none,0,,,
A,3,470,timeout,196,0,0,none,0,,,
A,3,471,timeout,196,1,0,none,0,,,
A,3,472,timeout,196,0,0,none,0,,,
A,3,473,timeout,196,1,0,none,0,,,
A,3,474,timeout,196,1,0,none,0,,,
A,3,475,lava,86,0,0,none,0,,,
A,3,476,timeout,196,0,0,none,0,,,
A,3,477,timeout,196,0,0,none,0,,,
A,3,478,timeout,196,1,0,none,0,,,
A,3,479,timeout,196,1,0,none,0,,,
A,3,480,timeout,196,0,0,none,0,,,
A,3,481,timeout,196,1,0,none,0,,,
A,3,482,timeout,196,0,0,none,0,,,
A,3,483,timeout,196,0,0,none,0,,,
A,3,484,timeout,196,0,0,none,0,,,
A,3,485,timeout,196,1,0,none,0,,,
A,3,486,timeout,196,1,1,none,0,,,
A,3,487,timeout,196,0,0,none,0,,,
A,3,488,timeout,196,1,0,none,0,,,
A,3,489,timeout,196,0,0,none,0,,,
A,3,490,lava,174,0,0,none,0,,,
A,3,491,timeout,196,0,0,none,0,,,
A,3,492,timeout,196,0,0,none,0,,,
A,3,493,timeout,196,0,0,none,0,,,
A,3,494,timeout,196,0,0,none,0,,,
A,3,495,timeout,196,0,0,none,0,,,
A,3,496,lava,177,0,0,none,0,,,
A,3,497,timeout,196,0,0,none,0,,,
A,3,498,timeout,196,0,0,none,0,,,
A,3,499,timeout,196,1,0,none,0,,,
A,4,0,timeout,196,0,0,none,0,,,
A,4,1,timeout,196,0,0,none,0,,,
A,4,2,timeout,196,0,0,none,0,,,
A,4,3,timeout,196,0,0,none,0,,,
A,4,4,timeout,196,1,0,none,0,,,
A,4,5,lava,82,1,0,none,0,,,
A,4,6,timeout,196,0,0,none,0,,,
A,4,7,lava,3,0,0,none,0,,,
A,4,8,timeout,196,1,0,none,0,,,
A,4,9,timeout,196,0,0,none,0,,,
A,4,10,lava,72,1,0,none,0,,,
A,4,11,timeout,196,0,0,none,0,,,
A,4,12,lava,16,0,0,none,0,,,
A,4,13,timeout,196,1,0,none,0,,,
A,4,14,timeout,196,0,0,none,0,,,
A,4,15,timeout,196,1,0,none,0,,,
A,4,16,timeout,196,0,0,none,0,,,
A,4,17,timeout,196,1,0,none,0,,,
A,4,18,timeout,196,0,0,none,0,,,
A,4,19,timeout,196,0,0,none,0,,,
A,4,20,timeout,196,1,0,none,0,,,
A,4,21,timeout,196,0,0,none,0,,,
A,4,22,timeout,196,0,0,none,0,,,
A,4,23,lava,101,0,0,none,0,,,
A,4,24,timeout,196,0,0,none,0,,,
A,4,25,timeout,196,1,0,none,0,,,
A,4,26,timeout,196,0,0,none,0,,,
A,4,27,timeout,196,0,0,none,0,,,
A,4,28,timeout,196,0,0,none,0,,,
A,4,29,timeout,196,1,0,none,0,,,
A,4,30,timeout,196,0,0,none,0,,,
A,4,31,timeout,196,1,0,none,0,,,
A,4,32,timeout,196,0,0,none,0,,,
A,4,33,timeout,196,1,0,none,0,,,
A,4,34,timeout,196,0,0,none,0,,,
A,4,35,timeout,196,0,0,none,0,,,
A,4,36,timeout,196,0,0,none,0,,,
A,4,37,lava,16,0,0,none,0,,,
A,4,38,timeout,196,0,0,none,0,,,
A,4,39,timeout,196,0,0,none,0,,,
A,4,40,timeout,196,0,0,none,0,,,
A,4,41,timeout,196,0,0,none,0,,,
A,4,42,timeout,196,0,0,none,0,,,
A,4,43,timeout,196,0,0,none,0,,,
A,4,44,lava,15,0,0,none,0,,,
A,4,45,timeout,196,0,0,none,0,,,
A,4,46,timeout,196,1,0,none,0,,,
A,4,47,timeout,196,1,0,none,0,,,
A,4,48,timeout,196,1,0,none,0,,,
A,4,49,timeout,196,0,0,none,0,,,
A,4,50,timeout,196,0,0,none,0,,,
A,4,51,timeout,196,1,0,none,0,,,
A,4,52,timeout,196,0,0,none,0,,,
A,4,53,lava,8,0,0,none,0,,,
A,4,54,timeout,196,1,0,none,0,,,
A,4,55,timeout,196,0,0,none,0,,,
A,4,56,timeout,196,0,0,none,0,,,
A,4,57,timeout,196,0,0,none,0,,,
A,4,58,timeout,196,0,0,none,0,,,
A,4,59,timeout,196,0,0,none,0,,,
A,4,60,timeout,196,0,0,none,0,,,
A,4,61,timeout,196,0,0,none,0,,,
A,4,62,timeout,196,0,0,none,0,,,
A,4,63,timeout,196,1,0,none,0,,,
A,4,64,timeout,196,0,0,none,0,,,
A,4,65,timeout,196,0,0,none,0,,,
A,4,66,timeout,196,0,0,none,0,,,
A,4,67,timeout,196,0,0,none,0,,,
A,4,68,timeout,196,0,0,none,0,,,
A,4,69,timeout,196,0,0,none,0,,,
A,4,70,timeout,196,0,0,none,0,,,
A,4,71,lava,55,0,0,none,0,,,
A,4,72,timeout,196,0,0,none,0,,,
A,4,73,timeout,196,0,0,none,0,,,
A,4,74,timeout,196,0,0,none,0,,,
A,4,75,timeout,196,0,0,none,0,,,
A,4,76,timeout,196,1,0,none,0,,,
A,4,77,timeout,196,0,0,none,0,,,
A,4,78,lava,2,0,0,none,0,,,
A,4,79,timeout,196,0,0,none,0,,,
A,4,80,timeout,196,0,0,none,0,,,
A,4,81,lava,21,0,0,none,0,,,
A,4,82,timeout,196,1,0,none,0,,,
A,4,83,timeout,196,1,0,none,0,,,
A,4,84,timeout,196,1,0,none,0,,,
A,4,85,timeout,196,0,0,none,0,,,
A,4,86,timeout,196,0,0,none,0,,,
A,4,87,timeout,196,0,0,none,0,,,
A,4,88,lava,154,0,0,none,0,,,
A,4,89,timeout,196,0,0,none,0,,,
A,4,90,timeout,196,0,0,none,0,,,
A,4,91,timeout,196,0,0,none,0,,,
A,4,92,timeout,196,0,0,none,0,,,
A,4,93,timeout,196,1,0,none,0,,,
A,4,94,timeout,196,1,0,none,0,,,
A,4,95,timeout,196,0,0,none,0,,,
A,4,96,timeout,196,0,0,none,0,,,
A,4,97,timeout,196,1,0,none,0,,,
A,4,98,timeout,196,0,0,none,0,,,
A,4,99,timeout,196,0,0,none,0,,,
A,4,100,timeout,196,1,0,none,0,,,
A,4,101,timeout,196,1,0,none,0,,,
A,4,102,timeout,196,0,0,none,0,,,
A,4,103,timeout,196,0,0,none,0,,,
A,4,104,timeout,196,0,0,none,0,,,
A,4,105,timeout,196,0,0,none,0,,,
A,4,106,timeout,196,1,0,none,0,,,
A,4,107,timeout,196,1,0,none,0,,,
A,4,108,timeout,196,1,0,none,0,,,
A,4,109,timeout,196,0,0,none,0,,,
A,4,110,timeout,196,0,0,none,0,,,
A,4,111,timeout,196,0,0,none,0,,,
A,4,112,timeout,196,0,0,none,0,,,
A,4,113,timeout,196,0,0,none,0,,,
A,4,114,timeout,196,0,0,none,0,,,
A,4,115,timeout,196,0,0,none,0,,,
A,4,116,timeout,196,0,0,none,0,,,
A,4,117,timeout,196,0,0,none,0,,,
A,4,118,lava,60,0,0,none,0,,,
A,4,119,timeout,196,0,0,none,0,,,
A,4,120,timeout,196,0,0,none,0,,,
A,4,121,lava,45,0,0,none,0,,,
A,4,122,timeout,196,0,0,none,0,,,
A,4,123,timeout,196,1,0,none,0,,,
A,4,124,timeout,196,1,0,none,0,,,
A,4,125,timeout,196,1,0,none,0,,,
A,4,126,timeout,196,1,0,none,0,,,
A,4,127,timeout,196,1,0,none,0,,,
A,4,128,timeout,196,0,0,none,0,,,
A,4,129,timeout,196,0,0,none,0,,,
A,4,130,timeout,196,0,0,none,0,,,
A,4,131,timeout,196,0,0,none,0,,,
A,4,132,timeout,196,1,0,none,0,,,
A,4,133,timeout,196,0,0,none,0,,,
A,4,134,timeout,196,0,0,none,0,,,
A,4,135,timeout,196,0,0,none,0,,,
A,4,136,lava,27,0,0,none,0,,,
A,4,137,lava,50,0,0,none,0,,,
A,4,138,timeout,196,0,0,none,0,,,
A,4,139,timeout,196,0,0,none,0,,,
A,4,140,timeout,196,0,0,none,0,,,
A,4,141,timeout,196,0,0,none,0,,,
A,4,142,timeout,196,1,0,none,0,,,
A,4,143,timeout,196,0,0,none,0,,,
A,4,144,timeout,196,1,0,none,0,,,
A,4,145,timeout,196,1,0,none,0,,,
A,4,146,timeout,196,0,0,none,0,,,
A,4,147,timeout,196,0,0,none,0,,,
A,4,148,timeout,196,0,0,none,0,,,
A,4,149,timeout,196,1,0,none,0,,,
A,4,150,timeout,196,0,0,none,0,,,
A,4,151,timeout,196,0,0,none,0,,,
A,4,152,timeout,196,0,0,none,0,,,
A,4,153,timeout,196,0,0,none,0,,,
A,4,154,timeout,196,0,0,none,0,,,
A,4,155,timeout,196,1,0,none,0,,,
A,4,156,lava,131,1,0,none,0,,,
A,4,157,timeout,196,0,0,none,0,,,
A,4,158,timeout,196,1,0,none,0,,,
A,4,159,lava,14,1,0,none,0,,,
A,4,160,timeout,196,1,0,none,0,,,
A,4,161,timeout,196,0,0,none,0,,,
A,4,162,timeout,196,1,0,none,0,,,
A,4,163,timeout,196,0,0,none,0,,,
A,4,164,timeout,196,0,0,none,0,,,
A,4,165,timeout,196,0,0,none,0,,,
A,4,166,timeout,196,0,0,none,0,,,
A,4,167,timeout,196,0,0,none,0,,,
A,4,168,timeout,196,0,0,none,0,,,
A,4,169,timeout,196,0,0,none,0,,,
A,4,170,timeout,196,1,0,none,0,,,
A,4,171,timeout,196,1,0,none,0,,,
A,4,172,lava,178,0,0,none,0,,,
A,4,173,timeout,196,0,0,none,0,,,
A,4,174,timeout,196,1,0,none,0,,,
A,4,175,timeout,196,0,0,none,0,,,
A,4,176,timeout,196,0,0,none,0,,,
A,4,177,timeout,196,0,0,none,0,,,
A,4,178,timeout,196,1,0,none,0,,,
A,4,179,timeout,196,1,0,none,0,,,
A,4,180,timeout,196,0,0,none,0,,,
A,4,181,timeout,196,0,0,none,0,,,
A,4,182,timeout,196,0,0,none,0,,,
A,4,183,timeout,196,1,0,none,0,,,
A,4,184,timeout,196,1,0,none,0,,,
A,4,185,timeout,196,1,0,none,0,,,
A,4,186,timeout,196,0,0,none,0,,,
A,4,187,timeout,196,0,0,none,0,,,
A,4,188,timeout,196,0,0,none,0,,,
A,4,189,timeout,196,0,0,none,0,,,
A,4,190,timeout,196,0,0,none,0,,,
A,4,191,timeout,196,0,0,none,0,,,
A,4,192,timeout,196,0,0,none,0,,,
A,4,193,timeout,196,1,0,none,0,,,
A,4,194,timeout,196,0,0,none,0,,,
A,4,195,timeout,196,1,0,none,0,,,
A,4,196,timeout,196,0,0,none,0,,,
A,4,197,timeout,196,1,0,none,0,,,
A,4,198,timeout,196,0,0,none,0,,,
A,4,199,timeout,196,0,0,none,0,,,
A,4,200,timeout,196,0,0,none,0,,,
A,4,201,timeout,196,0,0,none,0,,,
A,4,202,timeout,196,1,0,none,0,,,
A,4,203,timeout,196,1,0,none,0,,,
A,4,204,timeout,196,0,0,none,0,,,
A,4,205,timeout,196,1,0,none,0,,,
A,4,206,timeout,196,1,0,none,0,,,
A,4,207,timeout,196,0,0,none,0,,,
A,4,208,timeout,196,0,0,none,0,,,
A,4,209,timeout,196,1,0,none,0,,,
A,4,210,timeout,196,0,0,none,0,,,
A,4,211,timeout,196,0,0,none,0,,,
A,4,212,timeout,196,0,0,none,0,,,
A,4,213,timeout,196,0,0,none,0,,,
A,4,214,timeout,196,0,0,none,0,,,
A,4,215,timeout,196,1,0,none,0,,,
A,4,216,lava,107,0,0,none,0,,,
A,4,217,timeout,196,0,0,none,0,,,
A,4,218,timeout,196,0,0,none,0,,,
A,4,219,lava,80,0,0,none,0,,,
A,4,220,timeout,196,1,0,none,0,,,
A,4,221,timeout,196,0,0,none,0,,,
A,4,222,timeout,196,0,0,none,0,,,
A,4,223,timeout,196,0,0,none,0,,,
A,4,224,timeout,196,0,0,none,0,,,
A,4,225,lava,1,0,0,none,0,,,
A,4,226,timeout,196,0,0,none,0,,,
A,4,227,timeout,196,0,0,none,0,,,
A,4,228,timeout,196,1,0,none,0,,,
A,4,229,lava,131,0,0,none,0,,,
A,4,230,timeout,196,1,0,none,0,,,
A,4,231,timeout,196,0,0,none,0,,,
A,4,232,timeout,196,0,0,none,0,,,
A,4,233,timeout,196,1,0,none,0,,,
A,4,234,timeout,196,0,0,none,0,,,
A,4,235,lava,145,0,0,none,0,,,
A,4,236,timeout,196,1,0,none,0,,,
A,4,237,timeout,196,0,0,none,0,,,
A,4,238,timeout,196,1,0,none,0,,,
A,4,239,timeout,196,0,0,none,0,,,
A,4,240,lava,5,0,0,none,0,,,
A,4,241,timeout,196,0,0,none,0,,,
A,4,242,timeout,196,0,0,none,0,,,
A,4,243,lava,3,0,0,none,0,,,
A,4,244,timeout,196,0,0,none,0,,,
A,4,245,timeout,196,1,0,none,0,,,
A,4,246,timeout,196,1,0,none,0,,,
A,4,247,timeout,196,1,0,none,0,,,
A,4,248,timeout,196,0,0,none,0,,,
A,4,249,timeout,196,1,0,none,0,,,
A,4,250,lava,48,0,0,none,0,,,
A,4,251,timeout,196,1,0,none,0,,,
A,4,252,lava,7,0,0,none,0,,,
A,4,253,lava,168,0,0,none,0,,,
A,4,254,timeout,196,0,0,none,0,,,
A,4,255,timeout,196,0,0,none,0,,,
A,4,256,timeout,196,0,0,none,0,,,
A,4,257,lava,62,0,0,none,0,,,
A,4,258,lava,156,0,0,none,0,,,
A,4,259,timeout,196,0,0,none,0,,,
A,4,260,timeout,196,0,0,none,0,,,
A,4,261,timeout,196,0,0,none,0,,,
A,4,262,timeout,196,0,0,none,0,,,
A,4,263,lava,4,0,0,none,0,,,
A,4,264,timeout,196,0,0,none,0,,,
A,4,265,timeout,196,0,0,none,0,,,
A,4,266,lava,83,0,0,none,0,,,
A,4,267,timeout,196,1,0,none,0,,,
A,4,268,timeout,196,1,0,none,0,,,
A,4,269,timeout,196,0,0,none,0,,,
A,4,270,timeout,196,1,0,none,0,,,
A,4,271,timeout,196,0,0,none,0,,,
A,4,272,timeout,196,0,0,none,0,,,
A,4,273,timeout,196,0,0,none,0,,,
A,4,274,timeout,196,1,0,none,0,,,
A,4,275,timeout,196,1,0,none,0,,,
A,4,276,lava,23,0,0,none,0,,,
A,4,277,timeout,196,1,0,none,0,,,
A,4,278,timeout,196,1,0,none,0,,,
A,4,279,timeout,196,0,0,none,0,,,
A,4,280,timeout,196,0,0,none,0,,,
A,4,281,timeout,196,0,0,none,0,,,
A,4,282,timeout,196,0,0,none,0,,,
A,4,283,timeout,196,0,0,none,0,,,
A,4,284,timeout,196,0,0,none,0,,,
A,4,285,timeout,196,1,0,none,0,,,
A,4,286,timeout,196,0,0,none,0,,,
A,4,287,timeout,196,0,0,none,0,,,
A,4,288,timeout,196,1,0,none,0,,,
A,4,289,timeout,196,0,0,none,0,,,
A,4,290,lava,21,0,0,none,0,,,
A,4,291,timeout,196,1,0,none,0,,,
A,4,292,timeout,196,0,0,none,0,,,
A,4,293,timeout,196,0,0,none,0,,,
A,4,294,timeout,196,0,0,none,0,,,
A,4,295,timeout,196,0,0,none,0,,,
A,4,296,timeout,196,0,0,none,0,,,
A,4,297,timeout,196,1,0,none,0,,,
A,4,298,timeout,196,0,0,none,0,,,
A,4,299,timeout,196,0,0,none,0,,,
A,4,300,timeout,196,0,0,none,0,,,
A,4,301,lava,1,0,0,none,0,,,
A,4,302,timeout,196,0,0,none,0,,,
A,4,303,timeout,196,0,0,none,0,,,
A,4,304,timeout,196,0,0,none,0,,,
A,4,305,timeout,196,0,0,none,0,,,
A,4,306,lava,34,0,0,none,0,,,
A,4,307,timeout,196,0,0,none,0,,,
A,4,308,lava,154,0,0,none,0,,,
A,4,309,timeout,196,1,0,none,0,,,
A,4,310,timeout,196,0,0,none,0,,,
A,4,311,timeout,196,0,0,none,0,,,
A,4,312,timeout,196,1,0,none,0,,,
A,4,313,timeout,196,0,0,none,0,,,
A,4,314,timeout,196,0,0,none,0,,,
A,4,315,timeout,196,0,0,none,0,,,
A,4,316,timeout,196,0,0,none,0,,,
A,4,317,timeout,196,0,0,none,0,,,
A,4,318,timeout,196,1,0,none,0,,,
A,4,319,lava,132,0,0,none,0,,,
A,4,320,timeout,196,1,0,none,0,,,
A,4,321,timeout,196,1,0,none,0,,,
A,4,322,timeout,196,0,0,none,0,,,
A,4,323,lava,36,1,0,none,0,,,
A,4,324,timeout,196,0,0,none,0,,,
A,4,325,timeout,196,0,0,none,0,,,
A,4,326,timeout,196,0,0,none,0,,,
A,4,327,timeout,196,0,0,none,0,,,
A,4,328,timeout,196,1,0,none,0,,,
A,4,329,timeout,196,1,0,none,0,,,
A,4,330,timeout,196,0,0,none,0,,,
A,4,331,timeout,196,0,0,none,0,,,
A,4,332,timeout,196,0,0,none,0,,,
A,4,333,timeout,196,0,0,none,0,,,
A,4,334,timeout,196,0,0,none,0,,,
A,4,335,lava,5,0,0,none,0,,,
A,4,336,timeout,196,0,0,none,0,,,
A,4,337,timeout,196,0,0,none,0,,,
A,4,338,timeout,196,0,0,none,0,,,
A,4,339,timeout,196,0,0,none,0,,,
A,4,340,timeout,196,0,0,none,0,,,
A,4,341,timeout,196,0,0,none,0,,,
A,4,342,timeout,196,0,0,none,0,,,
A,4,343,lava,163,0,0,none,0,,,
A,4,344,timeout,196,0,0,none,0,,,
A,4,345,timeout,196,1,1,none,0,,,
A,4,346,lava,76,0,0,none,0,,,
A,4,347,timeout,196,1,0,none,0,,,
A,4,348,timeout,196,0,0,none,0,,,
A,4,349,timeout,196,0,0,none,0,,,
A,4,350,timeout,196,1,0,none,0,,,
A,4,351,lava,78,0,0,none,0,,,
A,4,352,timeout,196,1,0,none,0,,,
A,4,353,timeout,196,0,0,none,0,,,
A,4,354,timeout,196,1,0,none,0,,,
A,4,355,timeout,196,0,0,none,0,,,
A,4,356,timeout,196,0,0,none,0,,,
A,4,357,lava,175,0,0,none,0,,,
A,4,358,timeout,196,0,0,none,0,,,
A,4,359,timeout,196,0,0,none,0,,,
A,4,360,timeout,196,1,0,none,0,,,
A,4,361,timeout,196,0,0,none,0,,,
A,4,362,timeout,196,1,0,none,0,,,
A,4,363,timeout,196,1,0,none,0,,,
A,4,364,timeout,196,0,0,none,0,,,
A,4,365,timeout,196,0,0,none,0,,,
A,4,366,lava,20,1,0,none,0,,,
A,4,367,timeout,196,0,0,none,0,,,
A,4,368,timeout,196,0,0,none,0,,,
A,4,369,timeout,196,0,0,none,0,,,
A,4,370,timeout,196,1,0,none,0,,,
A,4,371,timeout,196,0,0,none,0,,,
A,4,372,lava,36,0,0,none,0,,,
A,4,373,timeout,196,0,0,none,0,,,
A,4,374,timeout,196,1,0,none,0,,,
A,4,375,timeout,196,0,0,none,0,,,
A,4,376,timeout,196,1,0,none,0,,,
A,4,377,timeout,196,0,0,none,0,,,
A,4,378,timeout,196,0,0,none,0,,,
A,4,379,timeout,196,0,0,none,0,,,
A,4,380,timeout,196,0,0,none,0,,,
A,4,381,timeout,196,1,0,none,0,,,
A,4,382,timeout,196,1,0,none,0,,,
A,4,383,timeout,196,0,0,none,0,,,
A,4,384,timeout,196,0,0,none,0,,,
A,4,385,timeout,196,0,0,none,0,,,
A,4,386,timeout,196,1,0,none,0,,,
A,4,387,timeout,196,1,0,none,0,,,
A,4,388,timeout,196,1,0,none,0,,,
A,4,389,timeout,196,0,0,none,0,,,
A,4,390,timeout,196,0,0,none,0,,,
A,4,391,lava,73,1,0,none,0,,,
A,4,392,timeout,196,1,0,none,0,,,
A,4,393,timeout,196,0,0,none,0,,,
A,4,394,timeout,196,0,0,none,0,,,
A,4,395,timeout,196,0,0,none,0,,,
A,4,396,timeout,196,1,0,none,0,,,
A,4,397,timeout,196,0,0,none,0,,,
A,4,398,timeout,196,1,0,none,0,,,
A,4,399,timeout,196,1,0,none,0,,,
A,4,400,timeout,196,0,0,none,0,,,
A,4,401,lava,132,1,0,none,0,,,
A,4,402,timeout,196,0,0,none,0,,,
A,4,403,timeout,196,0,0,none,0,,,
A,4,404,timeout,196,0,0,none,0,,,
A,4,405,lava,100,1,0,none,0,,,
A,4,406,timeout,196,0,0,none,0,,,
A,4,407,timeout,196,0,0,none,0,,,
A,4,408,timeout,196,1,0,none,0,,,
A,4,409,timeout,196,0,0,none,0,,,
A,4,410,timeout,196,0,0,none,0,,,
A,4,411,timeout,196,1,1,none,0,,,
A,4,412,lava,56,0,0,none,0,,,
A,4,413,timeout,196,1,0,none,0,,,
A,4,414,timeout,196,1,1,none,0,,,
A,4,415,timeout,196,0,0,none,0,,,
A,4,416,timeout,196,0,0,none,0,,,
A,4,417,timeout,196,1,0,none,0,,,
A,4,418,timeout,196,1,0,none,0,,,
A,4,419,timeout,196,0,0,none,0,,,
A,4,420,timeout,196,0,0,none,0,,,
A,4,421,timeout,196,0,0,none,0,,,
A,4,422,timeout,196,0,0,none,0,,,
A,4,423,timeout,196,1,0,none,0,,,
A,4,424,lava,1,0,0,none,0,,,
A,4,425,lava,23,0,0,none,0,,,
A,4,426,timeout,196,0,0,none,0,,,
A,4,427,timeout,196,0,0,none,0,,,
A,4,428,timeout,196,0,0,none,0,,,
A,4,429,lava,163,0,0,none,0,,,
A,4,430,timeout,196,1,0,none,0,,,
A,4,431,lava,45,0,0,none,0,,,
A,4,432,timeout,196,0,0,none,0,,,
A,4,433,timeout,196,0,0,none,0,,,
A,4,434,timeout,196,0,0,none,0,,,
A,4,435,lava,108,1,1,none,0,,,
A,4,436,timeout,196,1,0,none,0,,,
A,4,437,timeout,196,0,0,none,0,,,
A,4,438,lava,1,0,0,none,0,,,
A,4,439,timeout,196,1,0,none,0,,,
A,4,440,lava,35,0,0,none,0,,,
A,4,441,timeout,196,1,0,none,0,,,
A,4,442,timeout,196,0,0,none,0,,,
A,4,443,timeout,196,0,0,none,0,,,
A,4,444,timeout,196,0,0,none,0,,,
A,4,445,timeout,196,0,0,none,0,,,
A,4,446,timeout,196,0,0,none,0,,,
A,4,447,timeout,196,1,0,none,0,,,
A,4,448,timeout,196,0,0,none,0,,,
A,4,449,timeout,196,0,0,none,0,,,
A,4,450,timeout,196,0,0,none,0,,,
A,4,451,timeout,196,0,0,none,0,,,
A,4,452,timeout,196,0,0,none,0,,,
A,4,453,timeout,196,1,0,none,0,,,
A,4,454,timeout,196,0,0,none,0,,,
A,4,455,timeout,196,0,0,none,0,,,
A,4,456,timeout,196,0,0,none,0,,,
A,4,457,timeout,196,0,0,none,0,,,
A,4,458,timeout,196,0,0,none,0,,,
A,4,459,timeout,196,0,0,none,0,,,
A,4,460,lava,64,0,0,none,0,,,
A,4,461,timeout,196,1,0,none,0,,,
A,4,462,timeout,196,1,0,none,0,,,
A,4,463,timeout,196,1,0,none,0,,,
A,4,464,timeout,196,0,0,none,0,,,
A,4,465,timeout,196,0,0,none,0,,,
A,4,466,timeout,196,0,0,none,0,,,
A,4,467,timeout,196,1,0,none,0,,,
A,4,468,timeout,196,1,1,none,0,,,
A,4,469,timeout,196,0,0,none,0,,,
A,4,470,timeout,196,1,1,none,0,,,
A,4,471,timeout,196,0,0,none,0,,,
A,4,472,timeout,196,1,0,none,0,,,
A,4,473,timeout,196,0,0,none,0,,,
A,4,474,timeout,196,1,0,none,0,,,
A,4,475,timeout,196,0,0,none,0,,,
A,4,476,timeout,196,0,0,none,0,,,
A,4,477,timeout,196,0,0,none,0,,,
A,4,478,timeout,196,0,0,none,0,,,
A,4,479,lava,146,0,0,none,0,,,
A,4,480,timeout,196,0,0,none,0,,,
A,4,481,timeout,196,0,0,none,0,,,
A,4,482,timeout,196,0,0,none,0,,,
A,4,483,timeout,196,1,0,none,0,,,
A,4,484,timeout,196,1,0,none,0,,,
A,4,485,timeout,196,1,0,none,0,,,
A,4,486,lava,3,0,0,none,0,,,
A,4,487,timeout,196,1,0,none,0,,,
A,4,488,timeout,196,1,0,none,0,,,
A,4,489,timeout,196,0,0,none,0,,,
A,4,490,lava,1,0,0,none,0,,,
A,4,491,timeout,196,0,0,none,0,,,
A,4,492,timeout,196,0,0,none,0,,,
A,4,493,timeout,196,0,0,none,0,,,
A,4,494,timeout,196,0,0,none,0,,,
A,4,495,timeout,196,0,0,none,0,,,
A,4,496,timeout,196,0,0,none,0,,,
A,4,497,timeout,196,0,0,none,0,,,
A,4,498,lava,14,0,0,none,0,,,
A,4,499,timeout,196,0,0,none,0,,,
B,0,0,success,13,1,1,hazard,0,0.0,0.3846,0.6154
B,0,1,success,20,1,1,hazard,0,0.0,0.4,0.6
B,0,2,timeout,196,1,1,hazard,0,0.0204,0.898,0.0816
B,0,3,success,19,1,1,hazard,0,0.0,0.3684,0.6316
B,0,4,ball,10,1,1,key_door,1,0.0,0.0,1.0
B,0,5,ball,156,1,1,hazard,0,0.0256,0.8718,0.1026
B,0,6,ball,12,1,1,key_door,1,0.0,0.3333,0.6667
B,0,7,lava,11,1,0,key_door,1,0.0,0.0,1.0
B,0,8,success,41,1,1,hazard,0,0.0,0.6098,0.3902
B,0,9,success,27,1,1,hazard,0,0.0,0.4074,0.5926
B,0,10,success,27,1,1,hazard,0,0.0,0.4074,0.5926
B,0,11,lava,121,1,1,navigate,1,0.0413,0.8595,0.0992
B,0,12,lava,6,0,0,hazard,0,0.0,1.0,0.0
B,0,13,timeout,196,1,1,hazard,0,0.0,0.9388,0.0612
B,0,14,timeout,196,1,1,hazard,0,0.0,0.9184,0.0816
B,0,15,success,21,1,1,hazard,0,0.0,0.2381,0.7619
B,0,16,lava,7,0,0,key_door,1,0.0,0.0,1.0
B,0,17,ball,15,1,1,key_door,1,0.0,0.0,1.0
B,0,18,timeout,196,1,1,hazard,0,0.0,0.898,0.102
B,0,19,ball,12,1,1,key_door,1,0.0,0.0,1.0
B,0,20,success,18,1,1,hazard,0,0.0,0.1111,0.8889
B,0,21,success,35,1,1,hazard,0,0.0,0.5429,0.4571
B,0,22,lava,11,0,0,key_door,1,0.0,0.0,1.0
B,0,23,lava,2,0,0,key_door,1,0.0,0.0,1.0
B,0,24,success,19,1,1,hazard,0,0.0,0.5789,0.4211
B,0,25,ball,20,1,1,key_door,1,0.0,0.4,0.6
B,0,26,success,39,1,1,hazard,0,0.0,0.6923,0.3077
B,0,27,success,26,1,1,hazard,0,0.0,0.5385,0.4615
B,0,28,success,17,1,1,hazard,0,0.0,0.2941,0.7059
B,0,29,success,43,1,1,hazard,0,0.0,0.5349,0.4651
B,0,30,success,23,1,1,hazard,0,0.0,0.4783,0.5217
B,0,31,lava,160,1,1,navigate,1,0.025,0.9,0.075
B,0,32,success,16,1,1,hazard,0,0.0,0.25,0.75
B,0,33,success,25,1,1,hazard,0,0.0,0.52,0.48
B,0,34,success,27,1,1,hazard,0,0.0,0.4074,0.5926
B,0,35,success,68,1,1,hazard,0,0.0,0.8235,0.1765
B,0,36,lava,111,1,1,key_door,1,0.0,0.8288,0.1712
B,0,37,success,55,1,1,hazard,0,0.0727,0.3455,0.5818
B,0,38,success,41,1,1,hazard,0,0.0,0.4146,0.5854
B,0,39,success,18,1,1,hazard,0,0.0,0.1111,0.8889
B,0,40,success,111,1,1,hazard,0,0.0,0.8559,0.1441
B,0,41,success,44,1,1,hazard,0,0.1818,0.4545,0.3636
B,0,42,success,24,1,1,hazard,0,0.0,0.3333,0.6667
B,0,43,success,11,1,1,hazard,0,0.0,0.2727,0.7273
B,0,44,success,40,1,1,hazard,0,0.0,0.1,0.9
B,0,45,success,16,1,1,hazard,0,0.0,0.25,0.75
B,0,46,success,17,1,1,hazard,0,0.0,0.2941,0.7059
B,0,47,success,47,1,1,hazard,0,0.0851,0.6596,0.2553
B,0,48,success,18,1,1,hazard,0,0.0,0.1111,0.8889
B,0,49,ball,12,1,1,key_door,1,0.0,0.0,1.0
B,0,50,success,28,1,1,hazard,0,0.0,0.5714,0.4286
B,0,51,success,18,1,1,hazard,0,0.0,0.3333,0.6667
B,0,52,timeout,196,1,1,hazard,0,0.0,0.9388,0.0612
B,0,53,success,16,1,1,hazard,0,0.0,0.25,0.75
B,0,54,success,24,1,1,hazard,0,0.0,0.5,0.5
B,0,55,success,39,1,1,hazard,0,0.0,0.5897,0.4103
B,0,56,success,15,1,1,hazard,0,0.0,0.2,0.8
B,0,57,lava,10,0,0,key_door,1,0.0,0.0,1.0
B,0,58,timeout,196,1,1,hazard,0,0.0204,0.9592,0.0204
B,0,59,success,18,1,1,hazard,0,0.0,0.1111,0.8889
B,0,60,success,26,1,1,hazard,0,0.0,0.5385,0.4615
B,0,61,success,100,1,1,hazard,0,0.04,0.72,0.24
B,0,62,success,28,1,1,hazard,0,0.0,0.4286,0.5714
B,0,63,lava,51,1,1,key_door,1,0.0784,0.4706,0.451
B,0,64,success,17,1,1,hazard,0,0.0,0.5294,0.4706
B,0,65,success,15,1,1,hazard,0,0.0,0.4667,0.5333
B,0,66,lava,7,0,0,key_door,1,0.0,0.0,1.0
B,0,67,success,18,1,1,hazard,0,0.0,0.1111,0.8889
B,0,68,ball,16,1,1,key_door,1,0.0,0.0,1.0
B,0,69,success,22,1,1,hazard,0,0.0,0.2727,0.7273
B,0,70,success,25,1,1,hazard,0,0.0,0.2,0.8
B,0,71,lava,18,0,0,key_door,1,0.2222,0.0,0.7778
B,0,72,success,32,1,1,hazard,0,0.0,0.625,0.375
B,0,73,success,43,1,1,hazard,0,0.0,0.2558,0.7442
B,0,74,ball,12,1,1,key_door,1,0.0,0.0,1.0
B,0,75,success,23,1,1,hazard,0,0.0,0.3043,0.6957
B,0,76,success,51,1,1,hazard,0,0.0,0.0588,0.9412
B,0,77,success,15,1,1,hazard,0,0.0,0.2,0.8
B,0,78,lava,6,0,0,key_door,1,0.0,0.0,1.0
B,0,79,success,33,1,1,hazard,0,0.0,0.5152,0.4848
B,0,80,success,34,1,1,hazard,0,0.0,0.6471,0.3529
B,0,81,success,45,1,1,hazard,0,0.0,0.6444,0.3556
B,0,82,timeout,196,1,1,navigate,0,0.0408,0.7959,0.1633
B,0,83,success,28,1,1,hazard,0,0.0,0.5714,0.4286
B,0,84,timeout,196,1,1,hazard,0,0.0,0.9592,0.0408
B,0,85,success,21,1,1,hazard,0,0.0,0.2381,0.7619
B,0,86,success,17,1,1,hazard,0,0.0,0.5294,0.4706
B,0,87,success,18,1,1,hazard,0,0.0,0.3333,0.6667
B,0,88,success,66,1,1,hazard,0,0.0,0.7576,0.2424
B,0,89,ball,12,1,1,key_door,1,0.0,0.0,1.0
B,0,90,success,23,1,1,hazard,0,0.0,0.4783,0.5217
B,0,91,success,9,1,1,hazard,0,0.0,0.1111,0.8889
B,0,92,ball,16,1,1,key_door,1,0.0,0.0,1.0
B,0,93,success,140,1,1,hazard,0,0.0,0.9143,0.0857
B,0,94,lava,21,1,0,key_door,1,0.0,0.381,0.619
B,0,95,ball,14,1,1,key_door,1,0.0,0.0,1.0
B,0,96,timeout,196,1,1,hazard,0,0.0,0.8571,0.1429
B,0,97,lava,50,1,1,key_door,1,0.0,0.56,0.44
B,0,98,ball,153,1,1,navigate,1,0.0065,0.2614,0.732
B,0,99,success,82,1,1,hazard,0,0.0,0.9024,0.0976
B,0,100,success,32,1,1,hazard,0,0.0,0.125,0.875
B,0,101,success,24,1,1,hazard,0,0.0,0.5,0.5
B,0,102,success,32,1,1,hazard,0,0.0,0.25,0.75
B,0,103,success,18,1,1,hazard,0,0.0,0.3333,0.6667
B,0,104,timeout,196,1,1,hazard,0,0.0,0.898,0.102
B,0,105,success,10,1,1,hazard,0,0.0,0.2,0.8
B,0,106,success,70,1,1,hazard,0,0.0,0.7714,0.2286
B,0,107,success,15,1,1,hazard,0,0.2667,0.2,0.5333
B,0,108,success,19,1,1,hazard,0,0.0,0.1579,0.8421
B,0,109,ball,27,1,1,key_door,1,0.0,0.0,1.0
B,0,110,success,19,1,1,hazard,0,0.0,0.1579,0.8421
B,0,111,success,14,1,1,hazard,0,0.0,0.1429,0.8571
B,0,112,lava,28,1,1,hazard,0,0.0,0.4286,0.5714
B,0,113,ball,28,1,1,key_door,1,0.0,0.2857,0.7143
B,0,114,ball,8,1,1,key_door,1,0.0,0.0,1.0
B,0,115,success,19,1,1,hazard,0,0.0,0.1579,0.8421
B,0,116,lava,22,0,0,key_door,1,0.0,0.0,1.0
B,0,117,success,167,1,1,hazard,0,0.0,0.9521,0.0479
B,0,118,success,20,1,1,hazard,0,0.0,0.6,0.4
B,0,119,ball,20,1,1,key_door,1,0.0,0.0,1.0
B,0,120,success,11,1,1,hazard,0,0.0,0.2727,0.7273
B,0,121,success,40,1,1,hazard,0,0.0,0.4,0.6
B,0,122,timeout,196,1,1,hazard,0,0.0,0.8776,0.1224
B,0,123,ball,39,1,1,hazard,0,0.0,0.1795,0.8205
B,0,124,timeout,196,1,1,hazard,0,0.0,0.8367,0.1633
B,0,125,success,30,1,1,hazard,0,0.0,0.2,0.8
B,0,126,ball,8,1,1,key_door,1,0.0,0.0,1.0
B,0,127,ball,12,1,1,key_door,1,0.0,0.0,1.0
B,0,128,ball,16,1,1,key_door,1,0.0,0.0,1.0
B,0,129,success,23,1,1,hazard,0,0.0,0.4783,0.5217
B,0,130,success,35,1,1,hazard,0,0.0,0.4286,0.5714
B,0,131,lava,35,1,0,key_door,1,0.0,0.5714,0.4286
B,0,132,success,49,1,1,hazard,0,0.0,0.6735,0.3265
B,0,133,success,20,1,1,hazard,0,0.0,0.2,0.8
B,0,134,success,110,1,1,hazard,0,0.0,0.8909,0.1091
B,0,135,success,102,1,1,hazard,0,0.0392,0.7255,0.2353
B,0,136,lava,10,1,0,key_door,1,0.0,0.0,1.0
B,0,137,success,31,1,1,hazard,0,0.129,0.7419,0.129
B,0,138,ball,12,1,1,key_door,1,0.3333,0.0,0.6667
B,0,139,lava,21,1,1,key_door,1,0.0,0.0,1.0
B,0,140,success,34,1,1,hazard,0,0.0,0.6471,0.3529
B,0,141,ball,20,1,1,key_door,1,0.0,0.0,1.0
B,0,142,success,13,1,1,hazard,0,0.0,0.3846,0.6154
B,0,143,success,19,1,1,hazard,0,0.0,0.3684,0.6316
B,0,144,ball,83,1,1,hazard,0,0.0,0.5663,0.4337
B,0,145,success,34,1,1,hazard,0,0.0,0.6471,0.3529
B,0,146,success,10,1,1,hazard,0,0.0,0.2,0.8
B,0,147,success,22,1,1,hazard,0,0.0,0.4545,0.5455
B,0,148,success,18,1,1,hazard,0,0.0,0.3333,0.6667
B,0,149,success,31,1,1,hazard,0,0.0,0.4839,0.5161
B,0,150,success,23,1,1,hazard,0,0.0,0.1304,0.8696
B,0,151,lava,47,1,1,hazard,0,0.0851,0.6596,0.2553
B,0,152,success,25,1,1,hazard,0,0.0,0.68,0.32
B,0,153,success,60,1,1,hazard,0,0.0,0.6,0.4
B,0,154,ball,11,1,1,key_door,1,0.0,0.0,1.0
B,0,155,success,75,1,1,hazard,0,0.0,0.7333,0.2667
B,0,156,ball,8,1,1,key_door,1,0.0,0.0,1.0
B,0,157,ball,15,1,1,key_door,1,0.0,0.2667,0.7333
B,0,158,ball,12,1,1,key_door,1,0.0,0.0,1.0
B,0,159,success,26,1,1,hazard,0,0.1538,0.3846,0.4615
B,0,160,success,40,1,1,hazard,0,0.0,0.2,0.8
B,0,161,timeout,196,1,1,hazard,0,0.0,0.8776,0.1224
B,0,162,success,41,1,1,hazard,0,0.0,0.7073,0.2927
B,0,163,timeout,196,1,1,hazard,0,0.0,0.9388,0.0612
B,0,164,success,32,1,1,hazard,0,0.0,0.375,0.625
B,0,165,success,17,1,1,hazard,0,0.0,0.0588,0.9412
B,0,166,success,24,1,1,hazard,0,0.0,0.1667,0.8333
B,0,167,success,65,1,1,hazard,0,0.0,0.8769,0.1231
B,0,168,success,23,1,1,hazard,0,0.0,0.3043,0.6957
B,0,169,success,14,1,1,hazard,0,0.0,0.4286,0.5714
B,0,170,timeout,196,1,1,hazard,0,0.0612,0.7959,0.1429
B,0,171,success,37,1,1,hazard,0,0.0,0.5676,0.4324
B,0,172,success,21,1,1,hazard,0,0.0,0.2381,0.7619
B,0,173,success,17,1,1,hazard,0,0.0,0.0588,0.9412
B,0,174,ball,71,1,1,navigate,1,0.0423,0.8451,0.1127
B,0,175,lava,9,0,0,key_door,1,0.0,0.0,1.0
B,0,176,success,35,1,1,hazard,0,0.0,0.6571,0.3429
B,0,177,success,40,1,1,hazard,0,0.1,0.5,0.4
B,0,178,success,16,1,1,hazard,0,0.0,0.5,0.5
B,0,179,success,58,1,1,hazard,0,0.0,0.7931,0.2069
B,0,180,success,35,1,1,hazard,0,0.0,0.2,0.8
B,0,181,success,22,1,1,hazard,0,0.1818,0.4545,0.3636
B,0,182,success,39,1,1,hazard,0,0.1026,0.1795,0.7179
B,0,183,success,57,1,1,hazard,0,0.0,0.8596,0.1404
B,0,184,success,15,1,1,hazard,0,0.0,0.4667,0.5333
B,0,185,success,86,1,1,hazard,0,0.0,0.6279,0.3721
B,0,186,success,26,1,1,hazard,0,0.0,0.5385,0.4615
B,0,187,success,34,1,1,hazard,0,0.0,0.5294,0.4706
B,0,188,ball,15,1,1,key_door,1,0.0,0.0,1.0
B,0,189,lava,20,1,0,key_door,1,0.0,0.2,0.8
B,0,190,ball,12,1,1,key_door,1,0.0,0.3333,0.6667
B,0,191,success,26,1,1,hazard,0,0.0,0.5385,0.4615
B,0,192,success,29,1,1,hazard,0,0.0,0.4483,0.5517
B,0,193,ball,12,1,1,key_door,1,0.0,0.3333,0.6667
B,0,194,success,30,1,1,hazard,0,0.0,0.6,0.4
B,0,195,success,27,1,1,hazard,0,0.0,0.5556,0.4444
B,0,196,success,20,1,1,hazard,0,0.0,0.6,0.4
B,0,197,success,33,1,1,hazard,0,0.0,0.2727,0.7273
B,0,198,ball,8,1,1,key_door,1,0.0,0.0,1.0
B,0,199,ball,12,1,1,key_door,1,0.0,0.0,1.0
B,0,200,success,59,1,1,hazard,0,0.0,0.8644,0.1356
B,0,201,success,19,1,1,hazard,0,0.0,0.1579,0.8421
B,0,202,ball,8,1,1,key_door,1,0.0,0.0,1.0
B,0,203,ball,15,1,1,key_door,1,0.0,0.0,1.0
B,0,204,success,69,1,1,hazard,0,0.0,0.8261,0.1739
B,0,205,ball,8,1,1,key_door,1,0.0,0.0,1.0
B,0,206,success,15,1,1,hazard,0,0.0,0.2,0.8
B,0,207,success,32,1,1,hazard,0,0.0,0.5,0.5
B,0,208,success,28,1,1,hazard,0,0.0,0.1429,0.8571
B,0,209,success,32,1,1,hazard,0,0.0,0.625,0.375
B,0,210,lava,6,0,0,hazard,0,0.0,1.0,0.0
B,0,211,lava,5,0,0,key_door,1,0.0,0.0,1.0
B,0,212,success,26,1,1,hazard,0,0.0,0.5385,0.4615
B,0,213,success,98,1,1,hazard,0,0.0,0.9184,0.0816
B,0,214,success,30,1,1,hazard,0,0.0,0.3333,0.6667
B,0,215,success,22,1,1,hazard,0,0.0,0.2727,0.7273
B,0,216,success,39,1,1,hazard,0,0.0,0.6923,0.3077
B,0,217,lava,3,0,0,key_door,1,0.0,0.0,1.0
B,0,218,lava,7,1,0,key_door,1,0.0,0.0,1.0
B,0,219,success,25,1,1,hazard,0,0.0,0.68,0.32
B,0,220,success,15,1,1,hazard,0,0.0,0.4667,0.5333
B,0,221,success,22,1,1,hazard,0,0.0,0.2727,0.7273
B,0,222,success,20,1,1,hazard,0,0.0,0.4,0.6
B,0,223,ball,16,1,1,key_door,1,0.0,0.0,1.0
B,0,224,success,54,1,1,hazard,0,0.0741,0.6296,0.2963
B,0,225,ball,12,1,1,key_door,1,0.0,0.3333,0.6667
B,0,226,success,16,1,1,hazard,0,0.0,0.25,0.75
B,0,227,ball,18,1,1,key_door,1,0.0,0.0,1.0
B,0,228,lava,10,1,0,key_door,1,0.0,0.4,0.6
B,0,229,success,28,1,1,hazard,0,0.0,0.5714,0.4286
B,0,230,success,36,1,1,hazard,0,0.0,0.4444,0.5556
B,0,231,success,47,1,1,hazard,0,0.0,0.7447,0.2553
B,0,232,ball,59,1,1,navigate,1,0.0508,0.7458,0.2034
B,0,233,success,20,1,1,hazard,0,0.0,0.4,0.6
B,0,234,success,24,1,1,hazard,0,0.0,0.5,0.5
B,0,235,lava,9,0,0,key_door,1,0.0,0.0,1.0
B,0,236,ball,20,1,1,key_door,1,0.0,0.2,0.8
B,0,237,success,21,1,1,hazard,0,0.0,0.4286,0.5714
B,0,238,lava,31,1,1,key_door,1,0.0,0.3871,0.6129
B,0,239,success,15,1,1,hazard,0,0.0,0.2,0.8
B,0,240,success,22,1,1,hazard,0,0.0,0.2727,0.7273
B,0,241,success,36,1,1,hazard,0,0.0,0.7778,0.2222
B,0,242,ball,8,1,1,key_door,1,0.0,0.0,1.0
B,0,243,lava,14,1,0,key_door,1,0.0,0.5714,0.4286
B,0,244,success,44,1,1,hazard,0,0.0,0.6364,0.3636
B,0,245,success,10,1,1,hazard,0,0.0,0.2,0.8
B,0,246,success,15,1,1,hazard,0,0.0,0.2,0.8
B,0,247,success,14,1,1,hazard,0,0.0,0.1429,0.8571
B,0,248,success,13,1,1,hazard,0,0.0,0.3846,0.6154
B,0,249,lava,56,1,1,key_door,1,0.0714,0.7143,0.2143
B,0,250,lava,3,0,0,key_door,1,0.0,0.0,1.0
B,0,251,success,37,1,1,hazard,0,0.0,0.7838,0.2162
B,0,252,lava,4,0,0,key_door,1,0.0,0.0,1.0
B,0,253,success,168,1,1,hazard,0,0.0714,0.8095,0.119
B,0,254,lava,157,1,1,key_door,1,0.0255,0.9172,0.0573
B,0,255,success,22,1,1,hazard,0,0.0,0.6364,0.3636
B,0,256,ball,110,1,1,key_door,1,0.0364,0.7273,0.2364
B,0,257,lava,4,1,0,key_door,1,0.0,0.0,1.0
B,0,258,ball,21,1,1,key_door,1,0.0,0.1905,0.8095
B,0,259,lava,1,0,0,key_door,1,0.0,0.0,1.0
B,0,260,success,57,1,1,hazard,0,0.0702,0.6491,0.2807
B,0,261,success,36,1,1,hazard,0,0.0,0.5556,0.4444
B,0,262,lava,51,1,1,navigate,1,0.0588,0.3922,0.549
B,0,263,success,28,1,1,hazard,0,0.0,0.5714,0.4286
B,0,264,timeout,196,1,1,hazard,0,0.0,0.9184,0.0816
B,0,265,success,15,1,1,hazard,0,0.0,0.2,0.8
B,0,266,ball,53,1,1,hazard,0,0.0,0.7736,0.2264
B,0,267,timeout,196,1,1,hazard,0,0.0,0.8776,0.1224
B,0,268,success,11,1,1,hazard,0,0.0,0.2727,0.7273
B,0,269,success,23,1,1,hazard,0,0.0,0.4783,0.5217
B,0,270,success,39,1,1,hazard,0,0.0,0.7949,0.2051
B,0,271,success,26,1,1,hazard,0,0.0,0.3846,0.6154
B,0,272,success,22,1,1,hazard,0,0.0,0.4545,0.5455
B,0,273,success,28,1,1,hazard,0,0.0,0.1429,0.8571
B,0,274,ball,54,1,1,navigate,1,0.037,0.8148,0.1481
B,0,275,success,28,1,1,hazard,0,0.0,0.5714,0.4286
B,0,276,success,14,1,1,hazard,0,0.0,0.4286,0.5714
B,0,277,ball,56,1,1,key_door,1,0.0,0.5,0.5
B,0,278,success,31,1,1,hazard,0,0.0,0.4839,0.5161
B,0,279,success,14,1,1,hazard,0,0.0,0.4286,0.5714
B,0,280,success,17,1,1,hazard,0,0.0,0.2941,0.7059
B,0,281,ball,12,1,1,key_door,1,0.0,0.0,1.0
B,0,282,lava,152,1,1,hazard,0,0.0,0.8947,0.1053
B,0,283,success,18,1,1,hazard,0,0.0,0.1111,0.8889
B,0,284,success,60,1,1,hazard,0,0.0,0.8,0.2
B,0,285,success,14,1,1,hazard,0,0.0,0.4286,0.5714
B,0,286,lava,27,1,1,navigate,1,0.2593,0.4444,0.2963
B,0,287,success,45,1,1,hazard,0,0.0,0.7333,0.2667
B,0,288,success,13,1,1,hazard,0,0.0,0.3846,0.6154
B,0,289,success,17,1,1,hazard,0,0.0,0.7647,0.2353
B,0,290,success,24,1,1,hazard,0,0.0,0.5,0.5
B,0,291,success,30,1,1,hazard,0,0.0,0.4667,0.5333
B,0,292,success,40,1,1,hazard,0,0.0,0.3,0.7
B,0,293,ball,16,1,1,key_door,1,0.0,0.0,1.0
B,0,294,lava,39,1,1,hazard,0,0.0,0.3846,0.6154
B,0,295,lava,2,0,0,key_door,1,0.0,0.0,1.0
B,0,296,success,36,1,1,hazard,0,0.0,0.8889,0.1111
B,0,297,ball,172,1,1,navigate,1,0.0233,0.2093,0.7674
B,0,298,success,17,1,1,hazard,0,0.0,0.5294,0.4706
B,0,299,ball,20,1,1,navigate,1,0.2,0.0,0.8
B,0,300,success,25,1,1,hazard,0,0.0,0.2,0.8
B,0,301,success,21,1,1,hazard,0,0.0,0.619,0.381
B,0,302,success,21,1,1,hazard,0,0.0,0.2381,0.7619
B,0,303,success,33,1,1,hazard,0,0.0,0.3939,0.6061
B,0,304,success,145,1,1,hazard,0,0.0276,0.8897,0.0828
B,0,305,lava,9,1,0,key_door,1,0.0,0.4444,0.5556
B,0,306,lava,2,0,0,key_door,1,0.0,0.0,1.0
B,0,307,success,33,1,1,hazard,0,0.0,0.6364,0.3636
B,0,308,success,27,1,1,hazard,0,0.0,0.2593,0.7407
B,0,309,success,38,1,1,hazard,0,0.0,0.4737,0.5263
B,0,310,success,47,1,1,hazard,0,0.0,0.6596,0.3404
B,0,311,success,38,1,1,hazard,0,0.0,0.7895,0.2105
B,0,312,success,21,1,1,hazard,0,0.0,0.4286,0.5714
B,0,313,success,21,1,1,hazard,0,0.0,0.2381,0.7619
B,0,314,success,39,1,1,hazard,0,0.0,0.7949,0.2051
B,0,315,success,26,1,1,hazard,0,0.0,0.2308,0.7692
B,0,316,ball,16,1,1,key_door,1,0.0,0.0,1.0
B,0,317,success,67,1,1,hazard,0,0.0,0.8209,0.1791
B,0,318,success,93,1,1,hazard,0,0.0,0.4409,0.5591
B,0,319,success,67,1,1,hazard,0,0.0,0.6418,0.3582
B,0,320,success,16,1,1,hazard,0,0.0,0.25,0.75
B,0,321,ball,29,1,1,key_door,1,0.0,0.2759,0.7241
B,0,322,success,42,1,1,hazard,0,0.0,0.8095,0.1905
B,0,323,ball,12,1,1,key_door,1,0.0,0.3333,0.6667
B,0,324,ball,23,1,1,key_door,1,0.0,0.1739,0.8261
B,0,325,success,68,1,1,hazard,0,0.0,0.8824,0.1176
B,0,326,success,13,1,1,hazard,0,0.0,0.3846,0.6154
B,0,327,success,61,1,1,hazard,0,0.0,0.9344,0.0656
B,0,328,success,17,1,1,hazard,0,0.0,0.2941,0.7059
B,0,329,ball,116,1,1,key_door,1,0.0,0.7931,0.2069
B,0,330,success,23,1,1,hazard,0,0.0,0.1304,0.8696
B,0,331,lava,119,1,1,hazard,0,0.0,0.7311,0.2689
B,0,332,timeout,196,1,1,hazard,0,0.0204,0.8776,0.102
B,0,333,success,29,1,1,hazard,0,0.0,0.5862,0.4138
B,0,334,success,36,1,1,hazard,0,0.0,0.4444,0.5556
B,0,335,success,31,1,1,hazard,0,0.129,0.3548,0.5161
B,0,336,success,24,1,1,hazard,0,0.0,0.3333,0.6667
B,0,337,success,19,1,1,hazard,0,0.0,0.3684,0.6316
B,0,338,ball,16,1,1,key_door,1,0.0,0.0,1.0
B,0,339,success,36,1,1,hazard,0,0.1111,0.5556,0.3333
B,0,340,success,18,1,1,hazard,0,0.0,0.3333,0.6667
B,0,341,lava,11,1,0,key_door,1,0.0,0.0,1.0
B,0,342,success,23,1,1,hazard,0,0.0,0.4783,0.5217
B,0,343,lava,3,0,0,key_door,1,0.0,0.0,1.0
B,0,344,success,19,1,1,hazard,0,0.0,0.3684,0.6316
B,0,345,success,47,1,1,hazard,0,0.0,0.4043,0.5957
B,0,346,success,49,1,1,hazard,0,0.0,0.6735,0.3265
B,0,347,success,32,1,1,hazard,0,0.0,0.625,0.375
B,0,348,success,12,1,1,hazard,0,0.0,0.3333,0.6667
B,0,349,success,21,1,1,hazard,0,0.0,0.619,0.381
B,0,350,success,20,1,1,hazard,0,0.0,0.4,0.6
B,0,351,success,21,1,1,hazard,0,0.0,0.4286,0.5714
B,0,352,success,11,1,1,hazard,0,0.0,0.2727,0.7273
B,0,353,success,24,1,1,navigate,0,0.1667,0.1667,0.6667
B,0,354,success,37,1,1,hazard,0,0.0,0.5676,0.4324
B,0,355,success,12,1,1,hazard,0,0.0,0.3333,0.6667
B,0,356,lava,116,1,1,hazard,0,0.0,0.7931,0.2069
B,0,357,success,38,1,1,hazard,0,0.0,0.6842,0.3158
B,0,358,success,24,1,1,hazard,0,0.0,0.5,0.5
B,0,359,success,23,1,1,hazard,0,0.0,0.1304,0.8696
B,0,360,success,11,1,1,hazard,0,0.0,0.2727,0.7273
B,0,361,success,28,1,1,hazard,0,0.0,0.5714,0.4286
B,0,362,success,15,1,1,hazard,0,0.0,0.4667,0.5333
B,0,363,success,18,1,1,hazard,0,0.0,0.3333,0.6667
B,0,364,ball,16,1,1,key_door,1,0.0,0.0,1.0
B,0,365,success,29,1,1,hazard,0,0.0,0.7241,0.2759
B,0,366,success,19,1,1,hazard,0,0.0,0.5789,0.4211
B,0,367,success,37,1,1,hazard,0,0.0,0.5676,0.4324
B,0,368,ball,15,1,1,key_door,1,0.0,0.0,1.0
B,0,369,lava,5,0,0,key_door,1,0.0,0.0,1.0
B,0,370,success,9,1,1,hazard,0,0.0,0.1111,0.8889
B,0,371,success,35,1,1,hazard,0,0.0,0.5429,0.4571
B,0,372,lava,12,1,0,key_door,1,0.0,0.0,1.0
B,0,373,ball,71,1,1,key_door,1,0.0,0.8451,0.1549
B,0,374,success,41,1,1,hazard,0,0.0,0.6098,0.3902
B,0,375,ball,11,1,1,key_door,1,0.0,0.0,1.0
B,0,376,success,118,1,1,hazard,0,0.0339,0.7627,0.2034
B,0,377,lava,27,0,0,key_door,1,0.0,0.0,1.0
B,0,378,ball,32,1,1,key_door,1,0.0,0.375,0.625
B,0,379,success,20,1,1,hazard,0,0.0,0.4,0.6
B,0,380,success,53,1,1,hazard,0,0.0,0.5472,0.4528
B,0,381,success,13,1,1,hazard,0,0.3077,0.0769,0.6154
B,0,382,success,37,1,1,hazard,0,0.0,0.6757,0.3243
B,0,383,success,19,1,1,hazard,0,0.2105,0.1579,0.6316
B,0,384,success,23,1,1,hazard,0,0.0,0.3043,0.6957
B,0,385,success,17,1,1,hazard,0,0.0,0.5294,0.4706
B,0,386,success,44,1,1,hazard,0,0.0,0.7273,0.2727
B,0,387,success,32,1,1,hazard,0,0.0,0.5,0.5
B,0,388,success,23,1,1,hazard,0,0.1739,0.3043,0.5217
B,0,389,ball,53,1,1,hazard,0,0.0,0.2453,0.7547
B,0,390,success,18,1,1,hazard,0,0.0,0.5556,0.4444
B,0,391,lava,7,1,0,key_door,1,0.0,0.0,1.0
B,0,392,success,21,1,1,hazard,0,0.0,0.4286,0.5714
B,0,393,success,19,1,1,hazard,0,0.0,0.5789,0.4211
B,0,394,success,31,1,1,hazard,0,0.0,0.3548,0.6452
B,0,395,success,21,1,1,hazard,0,0.0,0.2381,0.7619
B,0,396,lava,3,0,0,key_door,1,0.0,0.0,1.0
B,0,397,success,13,1,1,hazard,0,0.0,0.3846,0.6154
B,0,398,success,32,1,1,hazard,0,0.0,0.375,0.625
B,0,399,success,13,1,1,hazard,0,0.0,0.0769,0.9231
B,0,400,success,17,1,1,hazard,0,0.0,0.2941,0.7059
B,0,401,success,14,1,1,hazard,0,0.0,0.1429,0.8571
B,0,402,success,31,1,1,hazard,0,0.0,0.4839,0.5161
B,0,403,ball,16,1,1,key_door,1,0.0,0.0,1.0
B,0,404,success,57,1,1,hazard,0,0.0,0.4386,0.5614
B,0,405,success,20,1,1,hazard,0,0.0,0.4,0.6
B,0,406,timeout,196,1,1,hazard,0,0.0,0.9184,0.0816
B,0,407,ball,8,1,1,key_door,1,0.0,0.0,1.0
B,0,408,timeout,196,1,1,hazard,0,0.0,0.9592,0.0408
B,0,409,success,23,1,1,hazard,0,0.0,0.3043,0.6957
B,0,410,ball,17,1,1,hazard,0,0.0,0.2941,0.7059
B,0,411,success,17,1,1,hazard,0,0.0,0.0588,0.9412
B,0,412,lava,12,0,0,key_door,1,0.0,0.0,1.0
B,0,413,ball,16,1,1,key_door,1,0.0,0.0,1.0
B,0,414,success,13,1,1,hazard,0,0.0,0.3846,0.6154
B,0,415,success,15,1,1,hazard,0,0.0,0.2,0.8
B,0,416,success,37,1,1,hazard,0,0.0,0.6757,0.3243
B,0,417,ball,16,1,1,key_door,1,0.0,0.0,1.0
B,0,418,ball,53,1,1,key_door,1,0.0755,0.6792,0.2453
B,0,419,success,25,1,1,hazard,0,0.0,0.52,0.48
B,0,420,lava,142,1,1,key_door,1,0.0563,0.6761,0.2676
B,0,421,success,115,1,1,hazard,0,0.0,0.8957,0.1043
B,0,422,success,46,1,1,hazard,0,0.0,0.5652,0.4348
B,0,423,success,14,1,1,hazard,0,0.0,0.4286,0.5714
B,0,424,success,27,1,1,hazard,0,0.0,0.5556,0.4444
B,0,425,success,26,1,1,hazard,0,0.0,0.3846,0.6154
B,0,426,success,35,1,1,hazard,0,0.0,0.4286,0.5714
B,0,427,success,78,1,1,hazard,0,0.0,0.8974,0.1026
B,0,428,success,23,1,1,hazard,0,0.0,0.4783,0.5217
B,0,429,success,23,1,1,hazard,0,0.0,0.4783,0.5217
B,0,430,success,25,1,1,hazard,0,0.0,0.36,0.64
B,0,431,success,31,1,1,hazard,0,0.0,0.4839,0.5161
B,0,432,success,24,1,1,hazard,0,0.0,0.1667,0.8333
B,0,433,timeout,196,1,1,hazard,0,0.0,0.9388,0.0612
B,0,434,success,29,1,1,hazard,0,0.0,0.7241,0.2759
B,0,435,ball,19,1,1,key_door,1,0.0,0.2105,0.7895
B,0,436,lava,19,1,1,key_door,1,0.0,0.2105,0.7895
B,0,437,lava,4,0,0,key_door,1,0.0,0.0,1.0
B,0,438,lava,5,1,0,key_door,1,0.0,0.0,1.0
B,0,439,lava,47,1,1,navigate,1,0.0638,0.4255,0.5106
B,0,440,lava,15,0,0,key_door,1,0.0,0.0,1.0
B,0,441,success,17,1,1,hazard,0,0.0,0.5294,0.4706
B,0,442,success,15,1,1,hazard,0,0.0,0.4667,0.5333
B,0,443,lava,1,0,0,key_door,1,0.0,0.0,1.0
B,0,444,success,15,1,1,hazard,0,0.0,0.2,0.8
B,0,445,success,29,1,1,hazard,0,0.1379,0.4483,0.4138
B,0,446,success,51,1,1,hazard,0,0.0,0.2941,0.7059
B,0,447,success,46,1,1,hazard,0,0.0,0.6522,0.3478
B,0,448,success,45,1,1,hazard,0,0.0,0.7333,0.2667
B,0,449,success,34,1,1,hazard,0,0.0,0.2941,0.7059
B,0,450,success,33,1,1,hazard,0,0.0,0.2727,0.7273
B,0,451,success,39,1,1,hazard,0,0.0,0.8974,0.1026
B,0,452,lava,5,0,0,key_door,1,0.0,0.0,1.0
B,0,453,success,19,1,1,hazard,0,0.0,0.5789,0.4211
B,0,454,success,64,1,1,hazard,0,0.0,0.75,0.25
B,0,455,success,24,1,1,hazard,0,0.0,0.5,0.5
B,0,456,success,20,1,1,hazard,0,0.0,0.6,0.4
B,0,457,success,33,1,1,hazard,0,0.0,0.5152,0.4848
B,0,458,success,19,1,1,hazard,0,0.0,0.5789,0.4211
B,0,459,success,19,1,1,hazard,0,0.0,0.5789,0.4211
B,0,460,lava,2,0,0,key_door,1,0.0,0.0,1.0
B,0,461,success,31,1,1,hazard,0,0.0,0.4839,0.5161
B,0,462,ball,52,1,1,key_door,1,0.0,0.8462,0.1538
B,0,463,success,22,1,1,hazard,0,0.0,0.4545,0.5455
B,0,464,ball,20,1,1,key_door,1,0.0,0.4,0.6
B,0,465,lava,3,0,0,key_door,1,0.0,0.0,1.0
B,0,466,success,16,1,1,hazard,0,0.0,0.25,0.75
B,0,467,ball,45,1,1,hazard,0,0.0,0.7333,0.2667
B,0,468,success,63,1,1,hazard,0,0.0,0.8095,0.1905
B,0,469,success,55,1,1,hazard,0,0.0,0.7091,0.2909
B,0,470,success,19,1,1,hazard,0,0.0,0.1579,0.8421
B,0,471,success,34,1,1,hazard,0,0.1176,0.2941,0.5882
B,0,472,ball,16,1,1,key_door,1,0.0,0.0,1.0
B,0,473,lava,46,1,1,navigate,1,0.0435,0.7826,0.1739
B,0,474,success,43,1,1,hazard,0,0.0,0.6279,0.3721
B,0,475,lava,9,0,0,key_door,1,0.0,0.8889,0.1111
B,0,476,success,14,1,1,hazard,0,0.0,0.1429,0.8571
B,0,477,ball,28,1,1,key_door,1,0.0,0.0,1.0
B,0,478,lava,3,0,0,key_door,1,0.0,0.0,1.0
B,0,479,lava,5,0,0,key_door,1,0.0,0.0,1.0
B,0,480,ball,66,1,1,key_door,1,0.0606,0.6667,0.2727
B,0,481,success,32,1,1,hazard,0,0.0,0.625,0.375
B,0,482,ball,39,1,1,hazard,0,0.0,0.5897,0.4103
B,0,483,lava,173,1,1,navigate,1,0.0058,0.9017,0.0925
B,0,484,success,20,1,1,hazard,0,0.0,0.2,0.8
B,0,485,success,10,1,1,hazard,0,0.0,0.2,0.8
B,0,486,success,25,1,1,hazard,0,0.0,0.52,0.48
B,0,487,lava,31,1,1,key_door,1,0.0,0.2581,0.7419
B,0,488,success,34,1,1,hazard,0,0.0,0.7647,0.2353
B,0,489,success,49,1,1,hazard,0,0.0,0.7551,0.2449
B,0,490,lava,3,0,0,key_door,1,0.0,0.0,1.0
B,0,491,timeout,196,1,1,hazard,0,0.0,0.898,0.102
B,0,492,success,26,1,1,hazard,0,0.0,0.2308,0.7692
B,0,493,success,32,1,1,hazard,0,0.0,0.5,0.5
B,0,494,success,16,1,1,hazard,0,0.0,0.25,0.75
B,0,495,lava,4,0,0,key_door,1,0.0,0.0,1.0
B,0,496,success,23,1,1,hazard,0,0.1739,0.1304,0.6957
B,0,497,lava,5,0,0,hazard,0,0.0,1.0,0.0
B,0,498,success,18,1,1,hazard,0,0.0,0.3333,0.6667
B,0,499,success,10,1,1,hazard,0,0.0,0.2,0.8
B,1,0,success,17,1,1,hazard,0,0.0,0.2941,0.7059
B,1,1,success,24,1,1,key_door,0,0.0,0.1667,0.8333
B,1,2,timeout,196,1,1,hazard,0,0.0,0.9388,0.0612
B,1,3,lava,11,0,0,key_door,1,0.3636,0.3636,0.2727
B,1,4,ball,12,1,1,key_door,1,0.0,0.0,1.0
B,1,5,lava,12,1,0,key_door,1,0.0,0.6667,0.3333
B,1,6,success,37,1,1,hazard,0,0.0,0.7838,0.2162
B,1,7,timeout,196,1,0,hazard,0,0.0,0.9796,0.0204
B,1,8,success,61,1,1,hazard,0,0.0656,0.7377,0.1967
B,1,9,success,50,1,1,hazard,0,0.0,0.76,0.24
B,1,10,success,43,1,1,hazard,0,0.0,0.6279,0.3721
B,1,11,success,129,1,1,hazard,0,0.0,0.814,0.186
B,1,12,success,19,1,1,hazard,0,0.0,0.3684,0.6316
B,1,13,timeout,196,1,1,hazard,0,0.0,0.8776,0.1224
B,1,14,success,25,1,1,hazard,0,0.0,0.2,0.8
B,1,15,success,23,1,1,hazard,0,0.0,0.3043,0.6957
B,1,16,lava,22,0,0,key_door,1,0.0,0.7273,0.2727
B,1,17,success,51,1,1,navigate,0,0.1373,0.6275,0.2353
B,1,18,ball,24,1,1,key_door,1,0.0,0.0,1.0
B,1,19,ball,12,1,1,key_door,1,0.0,0.0,1.0
B,1,20,success,19,1,1,hazard,0,0.0,0.5789,0.4211
B,1,21,success,25,1,1,hazard,0,0.0,0.36,0.64
B,1,22,success,76,1,1,hazard,0,0.0,0.7368,0.2632
B,1,23,timeout,196,0,0,key_door,0,0.0408,0.4898,0.4694
B,1,24,success,85,1,1,hazard,0,0.0,0.8118,0.1882
B,1,25,ball,22,1,1,key_door,1,0.0,0.1818,0.8182
B,1,26,timeout,196,1,1,hazard,0,0.0,0.8571,0.1429
B,1,27,success,13,1,1,hazard,0,0.0,0.0769,0.9231
B,1,28,ball,12,1,1,key_door,1,0.0,0.0,1.0
B,1,29,success,49,1,1,hazard,0,0.0,0.6735,0.3265
B,1,30,ball,15,1,1,key_door,1,0.0,0.2667,0.7333
B,1,31,timeout,196,1,1,hazard,0,0.0,0.8776,0.1224
B,1,32,ball,66,1,1,navigate,1,0.0303,0.7879,0.1818
B,1,33,success,34,1,1,hazard,0,0.1176,0.4118,0.4706
B,1,34,lava,23,0,0,key_door,1,0.0,0.5217,0.4783
B,1,35,success,47,1,1,hazard,0,0.0,0.4894,0.5106
B,1,36,timeout,196,1,1,hazard,0,0.0,0.8571,0.1429
B,1,37,success,29,1,1,hazard,0,0.0,0.4483,0.5517
B,1,38,ball,23,1,1,key_door,1,0.0,0.3478,0.6522
B,1,39,lava,8,1,0,key_door,1,0.0,0.5,0.5
B,1,40,lava,40,1,1,key_door,1,0.0,0.6,0.4
B,1,41,success,35,1,1,hazard,0,0.0,0.5429,0.4571
B,1,42,success,23,1,1,hazard,0,0.0,0.3043,0.6957
B,1,43,success,17,1,1,hazard,0,0.0,0.2941,0.7059
B,1,44,ball,39,1,1,key_door,1,0.0,0.7179,0.2821
B,1,45,ball,19,1,1,key_door,1,0.0,0.6316,0.3684
B,1,46,success,19,1,1,navigate,0,0.1579,0.2105,0.6316
B,1,47,lava,166,1,1,navigate,1,0.0361,0.8434,0.1205
B,1,48,success,39,1,1,hazard,0,0.0,0.4872,0.5128
B,1,49,ball,12,1,1,key_door,1,0.0,0.0,1.0
B,1,50,success,49,1,1,navigate,0,0.102,0.4082,0.4898
B,1,51,success,35,1,1,hazard,0,0.0,0.5429,0.4571
B,1,52,timeout,196,1,1,hazard,0,0.0,0.9388,0.0612
B,1,53,success,26,1,1,hazard,0,0.0,0.3846,0.6154
B,1,54,success,29,1,1,hazard,0,0.0,0.4483,0.5517
B,1,55,lava,20,1,1,key_door,1,0.0,0.2,0.8
B,1,56,success,33,1,1,hazard,0,0.0,0.5152,0.4848
B,1,57,success,31,1,1,hazard,0,0.0,0.6129,0.3871
B,1,58,ball,16,1,1,key_door,1,0.0,0.25,0.75
B,1,59,success,24,1,1,key_door,0,0.0,0.1667,0.8333
B,1,60,ball,20,1,1,key_door,1,0.0,0.0,1.0
B,1,61,success,24,1,1,hazard,0,0.0,0.6667,0.3333
B,1,62,success,18,1,1,hazard,0,0.0,0.3333,0.6667
B,1,63,success,23,1,1,hazard,0,0.0,0.1304,0.8696
B,1,64,success,26,1,1,hazard,0,0.0,0.5385,0.4615
B,1,65,success,51,1,1,hazard,0,0.0,0.6863,0.3137
B,1,66,success,66,1,1,hazard,0,0.0,0.8788,0.1212
B,1,67,success,34,1,1,navigate,0,0.0588,0.3529,0.5882
B,1,68,success,23,1,1,hazard,0,0.0,0.4783,0.5217
B,1,69,lava,4,0,0,key_door,1,0.0,0.0,1.0
B,1,70,ball,109,1,1,hazard,0,0.0,0.7798,0.2202
B,1,71,lava,21,1,0,navigate,1,0.0476,0.5714,0.381
B,1,72,success,19,1,1,hazard,0,0.0,0.5789,0.4211
B,1,73,success,18,1,1,navigate,0,0.1111,0.0,0.8889
B,1,74,ball,12,1,1,key_door,1,0.3333,0.0,0.6667
B,1,75,success,16,1,1,key_door,0,0.0,0.0,1.0
B,1,76,success,23,1,1,hazard,0,0.0,0.1304,0.8696
B,1,77,success,28,1,1,hazard,0,0.0,0.5714,0.4286
B,1,78,timeout,196,1,0,hazard,0,0.0,1.0,0.0
B,1,79,ball,23,1,1,navigate,1,0.1304,0.1739,0.6957
B,1,80,success,35,1,1,navigate,0,0.2,0.4571,0.3429
B,1,81,success,118,1,1,hazard,0,0.0339,0.8644,0.1017
B,1,82,lava,47,1,1,hazard,0,0.0,0.8298,0.1702
B,1,83,success,69,1,1,hazard,0,0.0,0.7101,0.2899
B,1,84,success,14,1,1,hazard,0,0.0,0.1429,0.8571
B,1,85,lava,37,1,1,hazard,0,0.0,0.5676,0.4324
B,1,86,success,19,1,1,hazard,0,0.0,0.5789,0.4211
B,1,87,success,64,1,1,hazard,0,0.0,0.8125,0.1875
B,1,88,success,74,1,1,hazard,0,0.0,0.8919,0.1081
B,1,89,success,122,1,1,hazard,0,0.0,0.8689,0.1311
B,1,90,success,20,1,1,hazard,0,0.0,0.2,0.8
B,1,91,success,9,1,1,hazard,0,0.0,0.1111,0.8889
B,1,92,success,37,1,1,hazard,0,0.0,0.6757,0.3243
B,1,93,ball,7,1,1,key_door,1,0.0,0.0,1.0
B,1,94,lava,10,0,0,key_door,1,0.0,0.8,0.2
B,1,95,timeout,196,1,1,hazard,0,0.0,0.9592,0.0408
B,1,96,timeout,196,1,1,hazard,0,0.0,0.898,0.102
B,1,97,success,112,1,1,hazard,0,0.0,0.8214,0.1786
B,1,98,success,130,1,1,hazard,0,0.0308,0.7231,0.2462
B,1,99,timeout,196,1,1,hazard,0,0.0,0.9388,0.0612
B,1,100,ball,22,1,1,key_door,1,0.0,0.1818,0.8182
B,1,101,ball,20,1,1,key_door,1,0.0,0.6,0.4
B,1,102,success,28,1,1,hazard,0,0.0,0.4286,0.5714
B,1,103,success,34,1,1,hazard,0,0.0,0.7647,0.2353
B,1,104,timeout,196,1,1,hazard,0,0.0,0.9388,0.0612
B,1,105,success,8,1,1,key_door,0,0.0,0.0,1.0
B,1,106,lava,137,1,1,hazard,0,0.0876,0.7372,0.1752
B,1,107,success,45,1,1,navigate,0,0.0222,0.5333,0.4444
B,1,108,success,19,1,1,navigate,0,0.1579,0.2105,0.6316
B,1,109,success,37,1,1,hazard,0,0.0,0.5676,0.4324
B,1,110,success,32,1,1,key_door,0,0.0,0.5,0.5
B,1,111,success,29,1,1,hazard,0,0.0,0.4483,0.5517
B,1,112,ball,20,1,1,key_door,1,0.0,0.2,0.8
B,1,113,success,16,1,1,hazard,0,0.0,0.5,0.5
B,1,114,success,73,1,1,hazard,0,0.0,0.8904,0.1096
B,1,115,success,23,1,1,hazard,0,0.0,0.1304,0.8696
B,1,116,success,21,1,1,hazard,0,0.0,0.2381,0.7619
B,1,117,lava,134,1,1,navigate,1,0.0448,0.9254,0.0299
B,1,118,success,36,1,1,key_door,0,0.0,0.5556,0.4444
B,1,119,lava,19,0,0,key_door,1,0.2105,0.2105,0.5789
B,1,120,success,16,1,1,hazard,0,0.0,0.25,0.75
B,1,121,success,47,1,1,hazard,0,0.0,0.8298,0.1702
B,1,122,timeout,196,1,1,hazard,0,0.0,0.898,0.102
B,1,123,success,41,1,1,hazard,0,0.0,0.5122,0.4878
B,1,124,ball,48,1,1,key_door,1,0.0,0.75,0.25
B,1,125,success,10,1,1,hazard,0,0.0,0.2,0.8
B,1,126,success,44,1,1,hazard,0,0.0,0.5455,0.4545
B,1,127,ball,18,1,1,navigate,1,0.1111,0.0,0.8889
B,1,128,success,57,1,1,hazard,0,0.0,0.6491,0.3509
B,1,129,ball,16,1,1,key_door,1,0.0,0.25,0.75
B,1,130,timeout,196,1,1,hazard,0,0.0,0.9592,0.0408
B,1,131,lava,8,0,0,key_door,1,0.0,0.5,0.5
B,1,132,success,73,1,1,hazard,0,0.0,0.8356,0.1644
B,1,133,success,44,1,1,hazard,0,0.0,0.7273,0.2727
B,1,134,timeout,196,1,1,hazard,0,0.0,0.9388,0.0612
B,1,135,success,43,1,1,hazard,0,0.0,0.6279,0.3721
B,1,136,lava,16,0,0,key_door,1,0.0,0.75,0.25
B,1,137,lava,31,0,0,key_door,1,0.0,0.9032,0.0968
B,1,138,ball,12,1,1,key_door,1,0.0,0.0,1.0
B,1,139,success,21,1,1,hazard,0,0.0,0.4286,0.5714
B,1,140,success,11,1,1,hazard,0,0.0,0.2727,0.7273
B,1,141,timeout,196,1,1,hazard,0,0.0,0.8776,0.1224
B,1,142,success,19,1,1,hazard,0,0.0,0.3684,0.6316
B,1,143,success,26,1,1,hazard,0,0.1538,0.3846,0.4615
B,1,144,timeout,196,1,1,hazard,0,0.0,0.8571,0.1429
B,1,145,ball,24,1,1,key_door,1,0.0,0.0,1.0
B,1,146,success,21,1,1,hazard,0,0.0,0.4286,0.5714
B,1,147,success,92,1,1,hazard,0,0.0,0.8261,0.1739
B,1,148,success,78,1,1,navigate,0,0.0769,0.8205,0.1026
B,1,149,ball,18,1,1,navigate,1,0.1111,0.2222,0.6667
B,1,150,success,19,1,1,hazard,0,0.0,0.5789,0.4211
B,1,151,ball,68,1,1,key_door,1,0.0,0.2353,0.7647
B,1,152,success,29,1,1,hazard,0,0.0,0.7241,0.2759
B,1,153,success,49,1,1,hazard,0,0.0,0.4286,0.5714
B,1,154,ball,11,1,1,navigate,1,0.2727,0.0,0.7273
B,1,155,ball,84,1,1,key_door,1,0.0476,0.7619,0.1905
B,1,156,ball,8,1,1,key_door,1,0.0,0.0,1.0
B,1,157,success,59,1,1,hazard,0,0.0,0.4576,0.5424
B,1,158,success,85,1,1,hazard,0,0.0,0.7176,0.2824
B,1,159,success,37,1,1,hazard,0,0.0,0.5676,0.4324
B,1,160,success,39,1,1,hazard,0,0.0,0.6923,0.3077
B,1,161,ball,16,1,1,key_door,1,0.0,0.0,1.0
B,1,162,success,50,1,1,hazard,0,0.0,0.84,0.16
B,1,163,ball,54,1,1,key_door,1,0.0,0.8148,0.1852
B,1,164,ball,39,1,1,key_door,1,0.0,0.5128,0.4872
B,1,165,success,17,1,1,hazard,0,0.0,0.0588,0.9412
B,1,166,success,15,1,1,hazard,0,0.0,0.2,0.8
B,1,167,success,56,1,1,hazard,0,0.0,0.7857,0.2143
B,1,168,success,15,1,1,hazard,0,0.0,0.4667,0.5333
B,1,169,success,32,1,1,hazard,0,0.0,0.75,0.25
B,1,170,ball,20,1,1,key_door,1,0.0,0.4,0.6
B,1,171,timeout,196,1,1,hazard,0,0.0,0.9184,0.0816
B,1,172,lava,50,0,0,key_door,1,0.0,0.4,0.6
B,1,173,success,32,1,1,hazard,0,0.0,0.75,0.25
B,1,174,ball,12,1,1,key_door,1,0.0,0.0,1.0
B,1,175,lava,27,1,0,key_door,1,0.0,0.4444,0.5556
B,1,176,success,33,1,1,hazard,0,0.0,0.7576,0.2424
B,1,177,success,185,1,1,hazard,0,0.0,0.9135,0.0865
B,1,178,success,21,1,1,hazard,0,0.0,0.4286,0.5714
B,1,179,ball,44,1,1,key_door,1,0.0,0.7273,0.2727
B,1,180,success,135,1,1,hazard,0,0.0,0.9111,0.0889
B,1,181,success,90,1,1,hazard,0,0.0,0.9111,0.0889
B,1,182,success,17,1,1,hazard,0,0.0,0.0588,0.9412
B,1,183,lava,132,1,1,navigate,1,0.0909,0.7273,0.1818
B,1,184,success,32,1,1,hazard,0,0.0,0.5,0.5
B,1,185,lava,20,1,1,key_door,1,0.0,0.4,0.6
B,1,186,success,14,1,1,hazard,0,0.0,0.4286,0.5714
B,1,187,success,21,1,1,hazard,0,0.0,0.619,0.381
B,1,188,timeout,196,1,1,hazard,0,0.0,0.898,0.102
B,1,189,lava,172,0,0,key_door,1,0.3023,0.3721,0.3256
B,1,190,success,28,1,1,key_door,0,0.0,0.4286,0.5714
B,1,191,success,33,1,1,hazard,0,0.0,0.6364,0.3636
B,1,192,success,125,1,1,hazard,0,0.032,0.84,0.128
B,1,193,ball,15,1,1,key_door,1,0.0,0.2667,0.7333
B,1,194,success,22,1,1,navigate,0,0.0909,0.3636,0.5455
B,1,195,success,37,1,1,hazard,0,0.0,0.6757,0.3243
B,1,196,success,149,1,1,hazard,0,0.0,0.9195,0.0805
B,1,197,ball,43,1,1,key_door,1,0.0,0.6512,0.3488
B,1,198,success,32,1,1,hazard,0,0.0,0.625,0.375
B,1,199,ball,16,1,1,key_door,1,0.0,0.0,1.0
B,1,200,success,14,1,1,hazard,0,0.0,0.1429,0.8571
B,1,201,lava,12,0,0,key_door,1,0.0,0.6667,0.3333
B,1,202,success,42,1,1,hazard,0,0.0952,0.5238,0.381
B,1,203,success,51,1,1,hazard,0,0.0,0.3725,0.6275
B,1,204,success,41,1,1,hazard,0,0.0,0.5122,0.4878
B,1,205,timeout,196,1,1,hazard,0,0.0,0.9796,0.0204
B,1,206,success,35,1,1,hazard,0,0.0,0.7714,0.2286
B,1,207,lava,22,1,1,hazard,0,0.1818,0.2727,0.5455
B,1,208,lava,73,1,1,navigate,1,0.0137,0.1096,0.8767
B,1,209,success,19,1,1,hazard,0,0.0,0.3684,0.6316
B,1,210,success,21,1,1,hazard,0,0.0,0.619,0.381
B,1,211,lava,7,0,0,key_door,1,0.0,0.5714,0.4286
B,1,212,success,33,1,1,hazard,0,0.0,0.6364,0.3636
B,1,213,success,31,1,1,hazard,0,0.0,0.3548,0.6452
B,1,214,success,24,1,1,hazard,0,0.0,0.3333,0.6667
B,1,215,success,32,1,1,hazard,0,0.0,0.5,0.5
B,1,216,success,40,1,1,hazard,0,0.0,0.7,0.3
B,1,217,success,22,1,1,hazard,0,0.0,0.6364,0.3636
B,1,218,lava,35,0,0,key_door,1,0.0,0.9143,0.0857
B,1,219,success,32,1,1,hazard,0,0.125,0.75,0.125
B,1,220,lava,8,0,0,key_door,1,0.0,0.0,1.0
B,1,221,lava,19,0,0,key_door,1,0.0,0.4211,0.5789
B,1,222,success,104,1,1,hazard,0,0.0,0.8846,0.1154
B,1,223,success,52,1,1,hazard,0,0.0769,0.6923,0.2308
B,1,224,success,17,1,1,hazard,0,0.0,0.5294,0.4706
B,1,225,success,80,1,1,hazard,0,0.0,0.85,0.15
B,1,226,success,35,1,1,hazard,0,0.1143,0.6571,0.2286
B,1,227,success,23,1,1,hazard,0,0.0,0.6522,0.3478
B,1,228,lava,23,0,0,key_door,1,0.0,0.8696,0.1304
B,1,229,lava,5,0,0,navigate,1,0.2,0.8,0.0
B,1,230,success,65,1,1,hazard,0,0.0,0.7538,0.2462
B,1,231,lava,99,1,1,hazard,0,0.0404,0.798,0.1616
B,1,232,ball,160,1,1,hazard,0,0.0,0.9,0.1
B,1,233,success,68,1,1,hazard,0,0.0,0.6471,0.3529
B,1,234,success,22,1,1,hazard,0,0.0,0.2727,0.7273
B,1,235,success,20,1,1,key_door,0,0.0,0.6,0.4
B,1,236,timeout,196,1,1,hazard,0,0.0,0.9592,0.0408
B,1,237,lava,26,1,1,navigate,1,0.0769,0.4615,0.4615
B,1,238,timeout,196,1,1,hazard,0,0.0408,0.7347,0.2245
B,1,239,success,15,1,1,hazard,0,0.0,0.2,0.8
B,1,240,lava,12,0,0,key_door,1,0.3333,0.0,0.6667
B,1,241,success,83,1,1,hazard,0,0.0,0.9036,0.0964
B,1,242,success,50,1,1,hazard,0,0.0,0.6,0.4
B,1,243,lava,2,0,0,key_door,1,0.0,0.0,1.0
B,1,244,ball,15,1,1,key_door,1,0.0,0.0,1.0
B,1,245,success,20,1,1,key_door,0,0.0,0.2,0.8
B,1,246,success,47,1,1,hazard,0,0.0,0.1489,0.8511
B,1,247,success,12,1,1,key_door,0,0.0,0.3333,0.6667
B,1,248,success,70,1,1,hazard,0,0.0,0.5429,0.4571
B,1,249,ball,19,1,1,key_door,1,0.0,0.0,1.0
B,1,250,success,39,1,1,hazard,0,0.0,0.0769,0.9231
B,1,251,success,113,1,1,hazard,0,0.0354,0.8584,0.1062
B,1,252,lava,4,0,0,key_door,1,0.0,0.0,1.0
B,1,253,success,26,1,1,hazard,0,0.0,0.5385,0.4615
B,1,254,ball,20,1,1,key_door,1,0.0,0.0,1.0
B,1,255,success,47,1,1,hazard,0,0.0851,0.6596,0.2553
B,1,256,success,19,1,1,hazard,0,0.0,0.3684,0.6316
B,1,257,lava,11,1,0,key_door,1,0.0,0.7273,0.2727
B,1,258,success,47,1,1,hazard,0,0.0851,0.6596,0.2553
B,1,259,lava,1,0,0,key_door,1,0.0,0.0,1.0
B,1,260,timeout,196,1,1,hazard,0,0.0,0.9388,0.0612
B,1,261,timeout,196,1,1,hazard,0,0.0,0.9388,0.0612
B,1,262,success,22,1,1,hazard,0,0.0,0.2727,0.7273
B,1,263,success,53,1,1,hazard,0,0.0,0.7736,0.2264
B,1,264,timeout,196,1,1,hazard,0,0.0,0.9184,0.0816
B,1,265,success,32,1,1,hazard,0,0.0,0.75,0.25
B,1,266,success,25,1,1,hazard,0,0.0,0.68,0.32
B,1,267,timeout,196,1,1,hazard,0,0.0,0.8776,0.1224
B,1,268,success,24,1,1,navigate,0,0.1667,0.3333,0.5
B,1,269,success,101,1,1,hazard,0,0.0,0.6832,0.3168
B,1,270,success,37,1,1,hazard,0,0.0,0.7838,0.2162
B,1,271,lava,51,0,0,key_door,1,0.0,0.3137,0.6863
B,1,272,timeout,196,1,1,hazard,0,0.0,0.8367,0.1633
B,1,273,success,30,1,1,hazard,0,0.0,0.2,0.8
B,1,274,success,23,1,1,hazard,0,0.1739,0.3043,0.5217
B,1,275,timeout,196,1,1,hazard,0,0.0,0.9184,0.0816
B,1,276,success,52,1,1,hazard,0,0.0,0.6923,0.3077
B,1,277,success,20,1,1,hazard,0,0.0,0.4,0.6
B,1,278,ball,50,1,1,navigate,1,0.04,0.72,0.24
B,1,279,success,22,1,1,navigate,0,0.0909,0.0,0.9091
B,1,280,lava,3,0,0,key_door,1,0.0,0.0,1.0
B,1,281,ball,60,1,1,key_door,1,0.0,0.0,1.0
B,1,282,success,29,1,1,hazard,0,0.0,0.3103,0.6897
B,1,283,success,13,1,1,hazard,0,0.0,0.3846,0.6154
B,1,284,lava,16,1,1,key_door,1,0.0,0.0,1.0
B,1,285,success,64,1,1,hazard,0,0.0,0.8125,0.1875
B,1,286,lava,48,1,1,key_door,1,0.0,0.5,0.5
B,1,287,lava,149,1,1,hazard,0,0.0,0.9195,0.0805
B,1,288,success,37,1,1,hazard,0,0.1081,0.3514,0.5405
B,1,289,lava,11,0,0,key_door,1,0.3636,0.0,0.6364
B,1,290,lava,53,0,0,key_door,1,0.0,0.8302,0.1698
B,1,291,success,100,1,1,hazard,0,0.0,0.84,0.16
B,1,292,ball,15,1,1,key_door,1,0.0,0.2667,0.7333
B,1,293,ball,16,1,1,key_door,1,0.0,0.0,1.0
B,1,294,success,13,1,1,hazard,0,0.0,0.0769,0.9231
B,1,295,lava,11,0,0,hazard,0,0.0,1.0,0.0
B,1,296,lava,17,0,0,key_door,1,0.0,0.7059,0.2941
B,1,297,ball,16,1,1,key_door,1,0.0,0.25,0.75
B,1,298,success,43,1,1,hazard,0,0.0,0.814,0.186
B,1,299,success,37,1,1,hazard,0,0.0,0.6757,0.3243
B,1,300,lava,49,0,0,key_door,1,0.0,0.5714,0.4286
B,1,301,success,37,1,1,hazard,0,0.0,0.7838,0.2162
B,1,302,success,75,1,1,hazard,0,0.0,0.7867,0.2133
B,1,303,success,60,1,1,hazard,0,0.0,0.8,0.2
B,1,304,timeout,196,1,1,hazard,0,0.0,0.8776,0.1224
B,1,305,success,23,1,1,hazard,0,0.0,0.6522,0.3478
B,1,306,lava,35,1,0,key_door,1,0.0,0.8,0.2
B,1,307,success,58,1,1,hazard,0,0.0,0.6552,0.3448
B,1,308,success,73,1,1,hazard,0,0.0,0.4521,0.5479
B,1,309,success,8,1,1,key_door,0,0.0,0.0,1.0
B,1,310,success,69,1,1,hazard,0,0.0,0.7101,0.2899
B,1,311,success,30,1,1,hazard,0,0.1333,0.4667,0.4
B,1,312,ball,67,1,1,hazard,0,0.0,0.7612,0.2388
B,1,313,ball,23,1,1,key_door,1,0.0,0.0,1.0
B,1,314,ball,8,1,1,key_door,1,0.0,0.0,1.0
B,1,315,lava,55,0,0,key_door,1,0.0727,0.3636,0.5636
B,1,316,success,92,1,1,hazard,0,0.0435,0.7826,0.1739
B,1,317,success,85,1,1,hazard,0,0.0,0.8118,0.1882
B,1,318,lava,20,1,1,key_door,1,0.0,0.6,0.4
B,1,319,lava,8,0,0,key_door,1,0.0,0.5,0.5
B,1,320,success,72,1,1,hazard,0,0.0,0.9444,0.0556
B,1,321,ball,24,1,1,key_door,1,0.0,0.0,1.0
B,1,322,timeout,196,1,1,hazard,0,0.0204,0.9592,0.0204
B,1,323,success,75,1,1,hazard,0,0.0,0.8933,0.1067
B,1,324,timeout,196,1,1,hazard,0,0.0,0.7347,0.2653
B,1,325,success,31,1,1,hazard,0,0.0,0.4839,0.5161
B,1,326,success,27,1,1,hazard,0,0.0,0.4074,0.5926
B,1,327,success,14,1,1,hazard,0,0.0,0.4286,0.5714
B,1,328,ball,16,1,1,key_door,1,0.0,0.0,1.0
B,1,329,lava,16,1,0,key_door,1,0.0,0.5,0.5
B,1,330,success,18,1,1,hazard,0,0.0,0.1111,0.8889
B,1,331,success,56,1,1,hazard,0,0.0,0.5714,0.4286
B,1,332,ball,46,1,1,hazard,0,0.087,0.6522,0.2609
B,1,333,lava,44,1,1,key_door,1,0.0,0.6364,0.3636
B,1,334,success,46,1,1,hazard,0,0.0,0.7391,0.2609
B,1,335,success,43,1,1,hazard,0,0.186,0.7209,0.093
B,1,336,success,31,1,1,hazard,0,0.0,0.4839,0.5161
B,1,337,success,41,1,1,hazard,0,0.0976,0.6098,0.2927
B,1,338,ball,16,1,1,key_door,1,0.0,0.25,0.75
B,1,339,success,65,1,1,hazard,0,0.0,0.8769,0.1231
B,1,340,ball,31,1,1,key_door,1,0.0,0.5161,0.4839
B,1,341,lava,10,0,0,key_door,1,0.0,0.4,0.6
B,1,342,success,92,1,1,hazard,0,0.0,0.8261,0.1739
B,1,343,success,50,1,1,hazard,0,0.0,0.68,0.32
B,1,344,success,12,1,1,key_door,0,0.0,0.0,1.0
B,1,345,success,16,1,1,navigate,0,0.25,0.25,0.5
B,1,346,lava,48,0,0,key_door,1,0.0833,0.5,0.4167
B,1,347,success,28,1,1,key_door,0,0.0,0.4286,0.5714
B,1,348,success,26,1,1,hazard,0,0.0,0.0769,0.9231
B,1,349,timeout,196,1,1,hazard,0,0.0,0.9796,0.0204
B,1,350,lava,5,0,0,key_door,1,0.0,0.0,1.0
B,1,351,lava,81,0,0,key_door,1,0.0,0.9877,0.0123
B,1,352,success,27,1,1,hazard,0,0.0,0.5556,0.4444
B,1,353,success,33,1,1,hazard,0,0.0,0.1515,0.8485
B,1,354,lava,7,0,0,key_door,1,0.0,0.5714,0.4286
B,1,355,ball,12,1,1,key_door,1,0.0,0.3333,0.6667
B,1,356,success,44,1,1,hazard,0,0.0,0.7273,0.2727
B,1,357,success,89,1,1,hazard,0,0.0,0.5506,0.4494
B,1,358,lava,27,1,1,navigate,1,0.1111,0.0,0.8889
B,1,359,success,27,1,1,hazard,0,0.0,0.1111,0.8889
B,1,360,success,43,1,1,hazard,0,0.0,0.3488,0.6512
B,1,361,success,20,1,1,hazard,0,0.2,0.4,0.4
B,1,362,success,20,1,1,key_door,0,0.0,0.4,0.6
B,1,363,success,25,1,1,hazard,0,0.0,0.68,0.32
B,1,364,success,15,1,1,hazard,0,0.0,0.4667,0.5333
B,1,365,lava,17,0,0,navigate,1,0.0588,0.9412,0.0
B,1,366,success,108,1,1,hazard,0,0.0,0.8519,0.1481
B,1,367,timeout,196,1,1,hazard,0,0.0,0.9388,0.0612
B,1,368,ball,12,1,1,key_door,1,0.0,0.0,1.0
B,1,369,success,142,1,1,hazard,0,0.0,0.8028,0.1972
B,1,370,success,8,1,1,key_door,0,0.0,0.0,1.0
B,1,371,timeout,196,1,1,hazard,0,0.0,0.9388,0.0612
B,1,372,lava,6,0,0,key_door,1,0.0,0.6667,0.3333
B,1,373,timeout,196,1,1,hazard,0,0.0,0.9388,0.0612
B,1,374,timeout,196,1,1,hazard,0,0.0204,0.898,0.0816
B,1,375,success,24,1,1,key_door,0,0.0,0.6667,0.3333
B,1,376,success,62,1,1,hazard,0,0.0,0.7419,0.2581
B,1,377,success,90,1,1,hazard,0,0.0,0.9556,0.0444
B,1,378,ball,27,1,1,key_door,1,0.0,0.4444,0.5556
B,1,379,timeout,196,1,1,hazard,0,0.0,0.9796,0.0204
B,1,380,ball,115,1,1,hazard,0,0.0,0.7913,0.2087
B,1,381,success,20,1,1,key_door,0,0.0,0.6,0.4
B,1,382,success,47,1,1,hazard,0,0.0,0.7447,0.2553
B,1,383,success,26,1,1,hazard,0,0.0,0.2308,0.7692
B,1,384,success,28,1,1,key_door,0,0.0,0.2857,0.7143
B,1,385,success,46,1,1,hazard,0,0.0,0.6522,0.3478
B,1,386,success,26,1,1,hazard,0,0.0,0.6923,0.3077
B,1,387,success,54,1,1,hazard,0,0.0,0.8519,0.1481
B,1,388,success,24,1,1,hazard,0,0.0,0.6667,0.3333
B,1,389,success,36,1,1,hazard,0,0.0,0.5556,0.4444
B,1,390,lava,2,0,0,key_door,1,0.0,0.0,1.0
B,1,391,lava,50,1,0,navigate,1,0.04,0.88,0.08
B,1,392,success,171,1,1,hazard,0,0.0,0.9532,0.0468
B,1,393,success,76,1,1,hazard,0,0.0,0.7368,0.2632
B,1,394,timeout,196,1,1,hazard,0,0.0408,0.8367,0.1224
B,1,395,success,21,1,1,hazard,0,0.0,0.619,0.381
B,1,396,success,37,1,1,hazard,0,0.0,0.6757,0.3243
B,1,397,success,29,1,1,hazard,0,0.0,0.4483,0.5517
B,1,398,success,39,1,1,hazard,0,0.0,0.5897,0.4103
B,1,399,success,17,1,1,hazard,0,0.0,0.2941,0.7059
B,1,400,success,45,1,1,hazard,0,0.0,0.7333,0.2667
B,1,401,success,23,1,1,hazard,0,0.0,0.3043,0.6957
B,1,402,ball,20,1,1,key_door,1,0.0,0.0,1.0
B,1,403,lava,24,1,1,key_door,1,0.0,0.0,1.0
B,1,404,success,16,1,1,hazard,0,0.0,0.25,0.75
B,1,405,success,24,1,1,hazard,0,0.0,0.3333,0.6667
B,1,406,timeout,196,1,1,hazard,0,0.0,0.9388,0.0612
B,1,407,timeout,196,1,1,hazard,0,0.0,0.9592,0.0408
B,1,408,timeout,196,1,1,hazard,0,0.0,0.9388,0.0612
B,1,409,success,21,1,1,hazard,0,0.0,0.4286,0.5714
B,1,410,success,71,1,1,navigate,0,0.0423,0.8451,0.1127
B,1,411,success,16,1,1,key_door,0,0.0,0.0,1.0
B,1,412,lava,61,0,0,key_door,1,0.1311,0.7869,0.082
B,1,413,ball,11,1,1,key_door,1,0.0,0.0,1.0
B,1,414,success,17,1,1,hazard,0,0.0,0.0588,0.9412
B,1,415,ball,19,1,1,key_door,1,0.0,0.4211,0.5789
B,1,416,success,26,1,1,hazard,0,0.0,0.5385,0.4615
B,1,417,ball,16,1,1,key_door,1,0.25,0.0,0.75
B,1,418,timeout,196,1,1,hazard,0,0.0,0.898,0.102
B,1,419,lava,15,0,0,key_door,1,0.0,0.8,0.2
B,1,420,timeout,196,1,1,hazard,0,0.0,0.9388,0.0612
B,1,421,success,105,1,1,hazard,0,0.0,0.7714,0.2286
B,1,422,success,33,1,1,hazard,0,0.0,0.6364,0.3636
B,1,423,lava,84,0,0,key_door,1,0.0952,0.8095,0.0952
B,1,424,lava,1,0,0,hazard,0,0.0,1.0,0.0
B,1,425,ball,24,1,1,key_door,1,0.0,0.5,0.5
B,1,426,success,52,1,1,hazard,0,0.0,0.7692,0.2308
B,1,427,success,53,1,1,hazard,0,0.0,0.7736,0.2264
B,1,428,success,25,1,1,hazard,0,0.0,0.36,0.64
B,1,429,success,20,1,1,hazard,0,0.0,0.6,0.4
B,1,430,lava,22,1,1,navigate,1,0.0909,0.0,0.9091
B,1,431,lava,1,0,0,hazard,0,0.0,1.0,0.0
B,1,432,success,43,1,1,hazard,0,0.0,0.5349,0.4651
B,1,433,success,30,1,1,hazard,0,0.0,0.4667,0.5333
B,1,434,success,64,1,1,hazard,0,0.0,0.6875,0.3125
B,1,435,success,58,1,1,hazard,0,0.0,0.8621,0.1379
B,1,436,success,21,1,1,hazard,0,0.0,0.619,0.381
B,1,437,success,35,1,1,hazard,0,0.0,0.7714,0.2286
B,1,438,lava,10,0,0,hazard,0,0.0,1.0,0.0
B,1,439,ball,36,1,1,key_door,1,0.0,0.6667,0.3333
B,1,440,lava,15,0,0,key_door,1,0.0,0.8,0.2
B,1,441,success,27,1,1,hazard,0,0.0,0.5556,0.4444
B,1,442,success,24,1,1,hazard,0,0.0,0.6667,0.3333
B,1,443,lava,2,0,0,hazard,0,0.0,1.0,0.0
B,1,444,success,22,1,1,hazard,0,0.0,0.6364,0.3636
B,1,445,success,28,1,1,hazard,0,0.0,0.7143,0.2857
B,1,446,success,95,1,1,hazard,0,0.0,0.7474,0.2526
B,1,447,success,27,1,1,hazard,0,0.0,0.5556,0.4444
B,1,448,ball,18,1,1,navigate,1,0.1111,0.2222,0.6667
B,1,449,success,22,1,1,hazard,0,0.0,0.6364,0.3636
B,1,450,timeout,196,1,1,hazard,0,0.0,0.898,0.102
B,1,451,success,21,1,1,hazard,0,0.0,0.619,0.381
B,1,452,lava,6,0,0,navigate,1,0.3333,0.6667,0.0
B,1,453,success,16,1,1,hazard,0,0.0,0.25,0.75
B,1,454,success,66,1,1,hazard,0,0.0,0.8788,0.1212
B,1,455,success,24,1,1,key_door,0,0.0,0.0,1.0
B,1,456,lava,6,0,0,hazard,0,0.0,1.0,0.0
B,1,457,lava,129,0,0,key_door,1,0.3721,0.5271,0.1008
B,1,458,success,108,1,1,hazard,0,0.0,0.9259,0.0741
B,1,459,success,47,1,1,navigate,0,0.0638,0.4255,0.5106
B,1,460,timeout,196,0,0,hazard,0,0.0,1.0,0.0
B,1,461,success,59,1,1,hazard,0,0.0,0.7966,0.2034
B,1,462,lava,10,0,0,key_door,1,0.0,0.4,0.6
B,1,463,success,18,1,1,hazard,0,0.0,0.3333,0.6667
B,1,464,lava,12,1,0,key_door,1,0.0,0.0,1.0
B,1,465,success,19,1,1,hazard,0,0.0,0.5789,0.4211
B,1,466,success,20,1,1,hazard,0,0.0,0.6,0.4
B,1,467,success,37,1,1,hazard,0,0.0,0.7838,0.2162
B,1,468,success,57,1,1,hazard,0,0.0,0.9298,0.0702
B,1,469,ball,28,1,1,key_door,1,0.0,0.2857,0.7143
B,1,470,success,13,1,1,hazard,0,0.0,0.3846,0.6154
B,1,471,success,20,1,1,hazard,0,0.0,0.4,0.6
B,1,472,success,14,1,1,hazard,0,0.0,0.1429,0.8571
B,1,473,timeout,196,1,1,hazard,0,0.0,0.9388,0.0612
B,1,474,lava,79,1,1,hazard,0,0.0,0.7975,0.2025
B,1,475,lava,94,0,0,navigate,1,0.0213,0.9787,0.0
B,1,476,success,29,1,1,hazard,0,0.0,0.3103,0.6897
B,1,477,success,81,1,1,hazard,0,0.0,0.0617,0.9383
B,1,478,lava,3,0,0,key_door,1,0.0,0.0,1.0
B,1,479,lava,16,1,0,key_door,1,0.0,0.75,0.25
B,1,480,ball,71,1,1,navigate,1,0.0423,0.0563,0.9014
B,1,481,success,51,1,1,hazard,0,0.0,0.7647,0.2353
B,1,482,success,54,1,1,hazard,0,0.0,0.4815,0.5185
B,1,483,timeout,196,1,1,hazard,0,0.0,0.9388,0.0612
B,1,484,success,25,1,1,hazard,0,0.0,0.52,0.48
B,1,485,ball,44,1,1,navigate,1,0.0909,0.7273,0.1818
B,1,486,ball,16,1,1,key_door,1,0.0,0.25,0.75
B,1,487,success,34,1,1,hazard,0,0.0,0.5294,0.4706
B,1,488,success,20,1,1,hazard,0,0.0,0.4,0.6
B,1,489,success,47,1,1,hazard,0,0.0,0.8298,0.1702
B,1,490,ball,23,1,1,key_door,1,0.0,0.1739,0.8261
B,1,491,timeout,196,1,1,hazard,0,0.0,0.9796,0.0204
B,1,492,ball,28,1,1,key_door,1,0.0,0.0,1.0
B,1,493,success,46,1,1,hazard,0,0.0,0.3043,0.6957
B,1,494,success,45,1,1,hazard,0,0.0,0.8222,0.1778
B,1,495,success,16,1,1,key_door,0,0.0,0.0,1.0
B,1,496,success,47,1,1,hazard,0,0.0,0.8298,0.1702
B,1,497,lava,3,0,0,key_door,1,0.0,0.0,1.0
B,1,498,lava,14,0,0,key_door,1,0.5714,0.0,0.4286
B,1,499,success,13,1,1,hazard,0,0.0,0.0769,0.9231
B,2,0,success,15,1,1,hazard,0,0.0,0.2,0.8
B,2,1,success,10,1,1,hazard,0,0.0,0.2,0.8
B,2,2,success,28,1,1,hazard,0,0.0,0.4286,0.5714
B,2,3,success,20,1,1,hazard,0,0.4,0.2,0.4
B,2,4,ball,15,1,1,hazard,0,0.0,0.2,0.8
B,2,5,lava,8,1,0,key_door,1,0.0,0.0,1.0
B,2,6,success,29,1,1,hazard,0,0.1379,0.4483,0.4138
B,2,7,lava,5,0,0,key_door,1,0.0,0.0,1.0
B,2,8,success,27,1,1,hazard,0,0.1481,0.2593,0.5926
B,2,9,lava,7,0,0,key_door,1,0.0,0.0,1.0
B,2,10,success,28,1,1,hazard,0,0.1429,0.2857,0.5714
B,2,11,ball,12,1,1,key_door,1,0.3333,0.0,0.6667
B,2,12,lava,1,0,0,key_door,1,0.0,0.0,1.0
B,2,13,lava,20,1,1,hazard,0,0.2,0.6,0.2
B,2,14,success,24,1,1,hazard,0,0.0,0.5,0.5
B,2,15,success,32,1,1,hazard,0,0.125,0.125,0.75
B,2,16,lava,4,0,0,key_door,1,0.0,0.0,1.0
B,2,17,ball,24,1,1,hazard,0,0.1667,0.3333,0.5
B,2,18,lava,32,1,1,hazard,0,0.125,0.375,0.5
B,2,19,success,24,1,1,hazard,0,0.1667,0.1667,0.6667
B,2,20,success,18,1,1,hazard,0,0.4444,0.3333,0.2222
B,2,21,success,22,1,1,hazard,0,0.0,0.2727,0.7273
B,2,22,success,51,1,1,hazard,0,0.0,0.5294,0.4706
B,2,23,lava,2,0,0,key_door,1,0.0,0.0,1.0
B,2,24,success,42,1,1,hazard,0,0.0952,0.4286,0.4762
B,2,25,success,34,1,1,hazard,0,0.0,0.7647,0.2353
B,2,26,success,52,1,1,hazard,0,0.0769,0.7692,0.1538
B,2,27,success,24,1,1,navigate,0,0.1667,0.0,0.8333
B,2,28,success,23,1,1,hazard,0,0.0,0.3043,0.6957
B,2,29,lava,6,0,0,key_door,1,0.0,0.0,1.0
B,2,30,success,28,1,1,navigate,0,0.2857,0.0,0.7143
B,2,31,lava,73,1,1,hazard,0,0.1096,0.726,0.1644
B,2,32,success,15,1,1,hazard,0,0.2667,0.4667,0.2667
B,2,33,success,26,1,1,hazard,0,0.0,0.2308,0.7692
B,2,34,lava,5,0,0,key_door,1,0.0,0.0,1.0
B,2,35,success,47,1,1,hazard,0,0.0851,0.4043,0.5106
B,2,36,lava,41,1,1,hazard,0,0.0,0.3171,0.6829
B,2,37,success,33,1,1,hazard,0,0.0,0.2727,0.7273
B,2,38,success,41,1,1,hazard,0,0.0,0.6098,0.3902
B,2,39,lava,7,1,0,key_door,1,0.0,0.0,1.0
B,2,40,success,25,1,1,hazard,0,0.0,0.68,0.32
B,2,41,success,31,1,1,hazard,0,0.129,0.4839,0.3871
B,2,42,success,25,1,1,hazard,0,0.32,0.36,0.32
B,2,43,success,11,1,1,hazard,0,0.0,0.2727,0.7273
B,2,44,lava,10,0,0,key_door,1,0.0,0.0,1.0
B,2,45,success,12,1,1,key_door,0,0.0,0.0,1.0
B,2,46,lava,7,0,0,key_door,1,0.0,0.0,1.0
B,2,47,lava,52,1,1,navigate,1,0.0769,0.0769,0.8462
B,2,48,success,24,1,1,hazard,0,0.0,0.3333,0.6667
B,2,49,success,15,1,1,hazard,0,0.0,0.2,0.8
B,2,50,success,35,1,1,hazard,0,0.2286,0.3143,0.4571
B,2,51,success,20,1,1,hazard,0,0.0,0.2,0.8
B,2,52,success,74,1,1,hazard,0,0.0,0.7838,0.2162
B,2,53,success,32,1,1,hazard,0,0.25,0.25,0.5
B,2,54,lava,4,0,0,key_door,1,0.0,0.0,1.0
B,2,55,success,22,1,1,hazard,0,0.1818,0.0909,0.7273
B,2,56,success,26,1,1,hazard,0,0.4615,0.0769,0.4615
B,2,57,success,24,1,1,hazard,0,0.0,0.3333,0.6667
B,2,58,lava,76,1,1,hazard,0,0.0526,0.7895,0.1579
B,2,59,success,21,1,1,hazard,0,0.0,0.0476,0.9524
B,2,60,ball,70,1,1,hazard,0,0.0,0.6571,0.3429
B,2,61,success,41,1,1,hazard,0,0.0,0.7073,0.2927
B,2,62,success,37,1,1,hazard,0,0.1081,0.2432,0.6486
B,2,63,success,24,1,1,hazard,0,0.0,0.6667,0.3333
B,2,64,ball,11,1,1,key_door,1,0.0,0.0,1.0
B,2,65,success,39,1,1,hazard,0,0.3077,0.4872,0.2051
B,2,66,success,18,1,1,hazard,0,0.0,0.3333,0.6667
B,2,67,lava,53,1,1,hazard,0,0.0755,0.4717,0.4528
B,2,68,ball,16,1,1,key_door,1,0.25,0.0,0.75
B,2,69,lava,5,0,0,key_door,1,0.0,0.0,1.0
B,2,70,success,27,1,1,hazard,0,0.0,0.2593,0.7407
B,2,71,lava,18,1,0,key_door,1,0.0,0.0,1.0
B,2,72,success,24,1,1,hazard,0,0.1667,0.5,0.3333
B,2,73,success,21,1,1,hazard,0,0.0,0.0476,0.9524
B,2,74,success,42,1,1,hazard,0,0.0952,0.8095,0.0952
B,2,75,success,16,1,1,navigate,0,0.25,0.0,0.75
B,2,76,success,28,1,1,navigate,0,0.2857,0.0,0.7143
B,2,77,success,21,1,1,hazard,0,0.0,0.2381,0.7619
B,2,78,lava,15,1,0,key_door,1,0.0,0.0,1.0
B,2,79,success,17,1,1,hazard,0,0.0,0.2941,0.7059
B,2,80,lava,29,1,1,hazard,0,0.1379,0.5862,0.2759
B,2,81,lava,15,0,0,key_door,1,0.2667,0.0,0.7333
B,2,82,success,41,1,1,hazard,0,0.0,0.7073,0.2927
B,2,83,success,40,1,1,hazard,0,0.2,0.5,0.3
B,2,84,success,21,1,1,hazard,0,0.381,0.2381,0.381
B,2,85,timeout,196,1,1,hazard,0,0.0,0.9388,0.0612
B,2,86,success,14,1,1,hazard,0,0.0,0.4286,0.5714
B,2,87,success,19,1,1,hazard,0,0.0,0.3684,0.6316
B,2,88,success,58,1,1,hazard,0,0.069,0.7931,0.1379
B,2,89,ball,12,1,1,navigate,1,0.3333,0.0,0.6667
B,2,90,ball,30,1,1,hazard,0,0.0,0.2,0.8
B,2,91,success,9,1,1,hazard,0,0.0,0.1111,0.8889
B,2,92,ball,20,1,1,navigate,1,0.4,0.0,0.6
B,2,93,ball,12,1,1,key_door,1,0.0,0.0,1.0
B,2,94,lava,6,0,0,key_door,1,0.0,0.0,1.0
B,2,95,lava,20,1,1,hazard,0,0.4,0.2,0.4
B,2,96,lava,22,1,1,hazard,0,0.0,0.2727,0.7273
B,2,97,lava,42,1,1,hazard,0,0.0,0.4286,0.5714
B,2,98,success,47,1,1,hazard,0,0.0,0.6596,0.3404
B,2,99,ball,11,1,1,key_door,1,0.3636,0.0,0.6364
B,2,100,success,16,1,1,navigate,0,0.5,0.0,0.5
B,2,101,ball,20,1,1,key_door,1,0.6,0.0,0.4
B,2,102,success,24,1,1,hazard,0,0.3333,0.3333,0.3333
B,2,103,lava,12,1,0,key_door,1,0.0,0.0,1.0
B,2,104,lava,36,1,1,hazard,0,0.0,0.5556,0.4444
B,2,105,success,9,1,1,hazard,0,0.0,0.1111,0.8889
B,2,106,lava,25,1,1,hazard,0,0.0,0.52,0.48
B,2,107,success,66,1,1,hazard,0,0.0606,0.697,0.2424
B,2,108,success,18,1,1,hazard,0,0.0,0.5556,0.4444
B,2,109,success,29,1,1,hazard,0,0.1379,0.4483,0.4138
B,2,110,lava,2,0,0,key_door,1,0.0,0.0,1.0
B,2,111,success,29,1,1,hazard,0,0.0,0.4483,0.5517
B,2,112,lava,57,1,1,hazard,0,0.1404,0.6491,0.2105
B,2,113,success,17,1,1,hazard,0,0.4706,0.2941,0.2353
B,2,114,ball,8,1,1,navigate,1,0.5,0.0,0.5
B,2,115,success,22,1,1,hazard,0,0.1818,0.0909,0.7273
B,2,116,success,29,1,1,hazard,0,0.0,0.3103,0.6897
B,2,117,success,63,1,1,hazard,0,0.0635,0.8095,0.127
B,2,118,success,23,1,1,hazard,0,0.3478,0.1304,0.5217
B,2,119,lava,7,0,0,key_door,1,0.0,0.0,1.0
B,2,120,success,11,1,1,hazard,0,0.3636,0.2727,0.3636
B,2,121,lava,14,1,0,navigate,1,0.1429,0.0,0.8571
B,2,122,success,23,1,1,hazard,0,0.1739,0.3043,0.5217
B,2,123,ball,77,1,1,hazard,0,0.0,0.6883,0.3117
B,2,124,success,81,1,1,hazard,0,0.0,0.8025,0.1975
B,2,125,success,15,1,1,hazard,0,0.0,0.2,0.8
B,2,126,success,28,1,1,hazard,0,0.0,0.7143,0.2857
B,2,127,success,29,1,1,hazard,0,0.0,0.3103,0.6897
B,2,128,ball,16,1,1,navigate,1,0.25,0.0,0.75
B,2,129,success,15,1,1,hazard,0,0.0,0.4667,0.5333
B,2,130,success,45,1,1,hazard,0,0.1778,0.5556,0.2667
B,2,131,lava,5,0,0,key_door,1,0.0,0.0,1.0
B,2,132,ball,19,1,1,navigate,1,0.1579,0.2105,0.6316
B,2,133,success,45,1,1,hazard,0,0.0889,0.6444,0.2667
B,2,134,success,31,1,1,hazard,0,0.0,0.4839,0.5161
B,2,135,ball,12,1,1,key_door,1,0.0,0.0,1.0
B,2,136,lava,5,1,0,navigate,1,0.2,0.0,0.8
B,2,137,lava,23,0,0,key_door,1,0.0,0.0,1.0
B,2,138,ball,16,1,1,key_door,1,0.0,0.0,1.0
B,2,139,success,17,1,1,hazard,0,0.0,0.2941,0.7059
B,2,140,success,31,1,1,hazard,0,0.0,0.2258,0.7742
B,2,141,ball,78,1,1,hazard,0,0.0,0.7436,0.2564
B,2,142,success,15,1,1,hazard,0,0.0,0.2,0.8
B,2,143,success,35,1,1,hazard,0,0.5714,0.2,0.2286
B,2,144,lava,70,1,1,hazard,0,0.0571,0.6571,0.2857
B,2,145,success,38,1,1,hazard,0,0.1053,0.5789,0.3158
B,2,146,success,19,1,1,hazard,0,0.2105,0.5789,0.2105
B,2,147,lava,7,0,0,key_door,1,0.0,0.0,1.0
B,2,148,success,18,1,1,hazard,0,0.4444,0.3333,0.2222
B,2,149,success,23,1,1,hazard,0,0.1739,0.4783,0.3478
B,2,150,success,22,1,1,hazard,0,0.3636,0.2727,0.3636
B,2,151,lava,36,1,1,hazard,0,0.0,0.6667,0.3333
B,2,152,success,20,1,1,hazard,0,0.2,0.4,0.4
B,2,153,ball,20,1,1,hazard,0,0.2,0.2,0.6
B,2,154,lava,7,0,0,key_door,1,0.0,0.0,1.0
B,2,155,timeout,196,1,1,hazard,0,0.0,0.9592,0.0408
B,2,156,lava,2,0,0,key_door,1,0.0,0.0,1.0
B,2,157,success,11,1,1,hazard,0,0.0,0.2727,0.7273
B,2,158,ball,12,1,1,key_door,1,0.0,0.0,1.0
B,2,159,success,11,1,1,hazard,0,0.0,0.2727,0.7273
B,2,160,success,25,1,1,hazard,0,0.32,0.2,0.48
B,2,161,timeout,196,1,1,hazard,0,0.0204,0.898,0.0816
B,2,162,ball,18,1,1,hazard,0,0.4444,0.1111,0.4444
B,2,163,success,22,1,1,hazard,0,0.0,0.6364,0.3636
B,2,164,ball,24,1,1,navigate,1,0.1667,0.1667,0.6667
B,2,165,success,17,1,1,hazard,0,0.4706,0.0588,0.4706
B,2,166,success,15,1,1,hazard,0,0.2667,0.2,0.5333
B,2,167,success,24,1,1,hazard,0,0.1667,0.5,0.3333
B,2,168,success,23,1,1,hazard,0,0.0,0.3043,0.6957
B,2,169,ball,19,1,1,navigate,1,0.3684,0.2105,0.4211
B,2,170,ball,26,1,1,hazard,0,0.0,0.2308,0.7692
B,2,171,success,144,1,1,hazard,0,0.0278,0.8333,0.1389
B,2,172,lava,11,0,0,key_door,1,0.0,0.0,1.0
B,2,173,success,21,1,1,hazard,0,0.0,0.2381,0.7619
B,2,174,ball,16,1,1,key_door,1,0.0,0.0,1.0
B,2,175,lava,6,0,0,key_door,1,0.0,0.0,1.0
B,2,176,success,26,1,1,hazard,0,0.1538,0.3846,0.4615
B,2,177,ball,28,1,1,hazard,0,0.0,0.4286,0.5714
B,2,178,success,27,1,1,hazard,0,0.0,0.2593,0.7407
B,2,179,success,27,1,1,hazard,0,0.1481,0.5556,0.2963
B,2,180,success,25,1,1,hazard,0,0.16,0.2,0.64
B,2,181,success,15,1,1,hazard,0,0.0,0.4667,0.5333
B,2,182,success,15,1,1,hazard,0,0.2667,0.2,0.5333
B,2,183,timeout,196,1,1,hazard,0,0.0,0.898,0.102
B,2,184,success,14,1,1,hazard,0,0.0,0.4286,0.5714
B,2,185,success,45,1,1,hazard,0,0.0889,0.6444,0.2667
B,2,186,lava,7,0,0,key_door,1,0.0,0.0,1.0
B,2,187,success,34,1,1,hazard,0,0.0,0.6471,0.3529
B,2,188,lava,34,1,1,hazard,0,0.0,0.4118,0.5882
B,2,189,lava,3,0,0,key_door,1,0.0,0.0,1.0
B,2,190,success,26,1,1,hazard,0,0.1538,0.0769,0.7692
B,2,191,success,17,1,1,hazard,0,0.2353,0.2941,0.4706
B,2,192,success,31,1,1,hazard,0,0.0,0.2258,0.7742
B,2,193,success,18,1,1,hazard,0,0.2222,0.3333,0.4444
B,2,194,success,20,1,1,hazard,0,0.2,0.2,0.6
B,2,195,success,84,1,1,hazard,0,0.0,0.619,0.381
B,2,196,success,34,1,1,hazard,0,0.1176,0.4118,0.4706
B,2,197,lava,3,0,0,key_door,1,0.0,0.0,1.0
B,2,198,ball,8,1,1,key_door,1,0.0,0.0,1.0
B,2,199,success,14,1,1,hazard,0,0.2857,0.4286,0.2857
B,2,200,success,14,1,1,hazard,0,0.0,0.4286,0.5714
B,2,201,lava,8,0,0,key_door,1,0.0,0.0,1.0
B,2,202,success,23,1,1,hazard,0,0.1739,0.6522,0.1739
B,2,203,success,32,1,1,hazard,0,0.0,0.375,0.625
B,2,204,success,58,1,1,hazard,0,0.069,0.7931,0.1379
B,2,205,lava,57,1,1,hazard,0,0.0,0.6491,0.3509
B,2,206,lava,8,0,0,key_door,1,0.0,0.0,1.0
B,2,207,lava,43,1,1,hazard,0,0.093,0.7209,0.186
B,2,208,success,70,1,1,hazard,0,0.0571,0.0286,0.9143
B,2,209,success,34,1,1,hazard,0,0.0,0.6471,0.3529
B,2,210,success,20,1,1,hazard,0,0.0,0.4,0.6
B,2,211,success,19,1,1,hazard,0,0.0,0.3684,0.6316
B,2,212,ball,18,1,1,hazard,0,0.0,0.1111,0.8889
B,2,213,success,20,1,1,hazard,0,0.0,0.2,0.8
B,2,214,success,28,1,1,hazard,0,0.2857,0.2857,0.4286
B,2,215,success,39,1,1,hazard,0,0.1026,0.1795,0.7179
B,2,216,lava,3,0,0,key_door,1,0.0,0.0,1.0
B,2,217,lava,8,0,0,key_door,1,0.0,0.0,1.0
B,2,218,lava,10,1,0,key_door,1,0.0,0.0,1.0
B,2,219,success,35,1,1,hazard,0,0.2286,0.3143,0.4571
B,2,220,success,23,1,1,hazard,0,0.0,0.3043,0.6957
B,2,221,lava,10,0,0,key_door,1,0.0,0.0,1.0
B,2,222,success,31,1,1,hazard,0,0.0,0.6129,0.3871
B,2,223,ball,16,1,1,key_door,1,0.25,0.0,0.75
B,2,224,success,17,1,1,hazard,0,0.0,0.5294,0.4706
B,2,225,ball,15,1,1,navigate,1,0.2,0.0,0.8
B,2,226,success,19,1,1,hazard,0,0.2105,0.3684,0.4211
B,2,227,success,26,1,1,hazard,0,0.0,0.5385,0.4615
B,2,228,lava,14,1,0,key_door,1,0.0,0.0,1.0
B,2,229,lava,3,0,0,key_door,1,0.0,0.0,1.0
B,2,230,success,53,1,1,hazard,0,0.0755,0.3962,0.5283
B,2,231,lava,119,1,1,hazard,0,0.0,0.7647,0.2353
B,2,232,lava,56,1,1,hazard,0,0.0,0.5714,0.4286
B,2,233,success,24,1,1,hazard,0,0.1667,0.3333,0.5
B,2,234,success,19,1,1,hazard,0,0.2105,0.3684,0.4211
B,2,235,success,13,1,1,hazard,0,0.0,0.0769,0.9231
B,2,236,success,25,1,1,hazard,0,0.32,0.52,0.16
B,2,237,ball,15,1,1,key_door,1,0.2667,0.0,0.7333
B,2,238,timeout,196,1,1,hazard,0,0.0,0.9184,0.0816
B,2,239,success,22,1,1,hazard,0,0.0,0.0909,0.9091
B,2,240,lava,32,0,0,hazard,0,0.5,0.25,0.25
B,2,241,ball,15,1,1,navigate,1,0.2,0.0,0.8
B,2,242,success,17,1,1,hazard,0,0.0,0.5294,0.4706
B,2,243,lava,14,1,0,key_door,1,0.0,0.0,1.0
B,2,244,ball,89,1,1,hazard,0,0.0,0.7753,0.2247
B,2,245,success,9,1,1,hazard,0,0.0,0.1111,0.8889
B,2,246,ball,28,1,1,key_door,1,0.0,0.0,1.0
B,2,247,success,18,1,1,hazard,0,0.0,0.1111,0.8889
B,2,248,success,20,1,1,hazard,0,0.0,0.4,0.6
B,2,249,ball,19,1,1,hazard,0,0.0,0.1579,0.8421
B,2,250,success,30,1,1,hazard,0,0.0,0.0667,0.9333
B,2,251,success,18,1,1,hazard,0,0.0,0.5556,0.4444
B,2,252,success,24,1,1,hazard,0,0.0,0.1667,0.8333
B,2,253,success,35,1,1,hazard,0,0.0,0.4286,0.5714
B,2,254,lava,58,1,1,hazard,0,0.0,0.7241,0.2759
B,2,255,success,31,1,1,hazard,0,0.0,0.2258,0.7742
B,2,256,success,24,1,1,hazard,0,0.0,0.3333,0.6667
B,2,257,lava,7,1,0,key_door,1,0.0,0.0,1.0
B,2,258,lava,13,0,0,key_door,1,0.0,0.0,1.0
B,2,259,lava,1,0,0,key_door,1,0.0,0.0,1.0
B,2,260,ball,48,1,1,hazard,0,0.0,0.75,0.25
B,2,261,success,31,1,1,hazard,0,0.0,0.4839,0.5161
B,2,262,success,28,1,1,hazard,0,0.0,0.4286,0.5714
B,2,263,success,28,1,1,hazard,0,0.1429,0.2857,0.5714
B,2,264,ball,43,1,1,hazard,0,0.0,0.6279,0.3721
B,2,265,success,18,1,1,hazard,0,0.0,0.1111,0.8889
B,2,266,success,60,1,1,hazard,0,0.0,0.8,0.2
B,2,267,lava,76,1,1,hazard,0,0.0,0.3684,0.6316
B,2,268,success,11,1,1,hazard,0,0.3636,0.2727,0.3636
B,2,269,success,20,1,1,hazard,0,0.4,0.2,0.4
B,2,270,success,37,1,1,hazard,0,0.0,0.3514,0.6486
B,2,271,success,18,1,1,hazard,0,0.0,0.3333,0.6667
B,2,272,success,16,1,1,hazard,0,0.25,0.25,0.5
B,2,273,success,31,1,1,hazard,0,0.2581,0.2258,0.5161
B,2,274,success,18,1,1,hazard,0,0.0,0.3333,0.6667
B,2,275,success,16,1,1,hazard,0,0.0,0.25,0.75
B,2,276,ball,12,1,1,navigate,1,0.3333,0.3333,0.3333
B,2,277,success,15,1,1,hazard,0,0.0,0.4667,0.5333
B,2,278,ball,16,1,1,navigate,1,0.25,0.0,0.75
B,2,279,success,12,1,1,hazard,0,0.0,0.3333,0.6667
B,2,280,lava,17,0,0,key_door,1,0.0,0.0,1.0
B,2,281,ball,24,1,1,navigate,1,0.3333,0.0,0.6667
B,2,282,success,20,1,1,navigate,0,0.2,0.0,0.8
B,2,283,success,15,1,1,hazard,0,0.0,0.2,0.8
B,2,284,success,19,1,1,hazard,0,0.0,0.1579,0.8421
B,2,285,success,15,1,1,hazard,0,0.2667,0.2,0.5333
B,2,286,lava,71,1,1,navigate,1,0.0423,0.6761,0.2817
B,2,287,success,48,1,1,hazard,0,0.0,0.5,0.5
B,2,288,success,14,1,1,hazard,0,0.0,0.4286,0.5714
B,2,289,success,24,1,1,hazard,0,0.1667,0.6667,0.1667
B,2,290,lava,2,0,0,key_door,1,0.0,0.0,1.0
B,2,291,success,37,1,1,hazard,0,0.0,0.4595,0.5405
B,2,292,success,53,1,1,hazard,0,0.1509,0.3962,0.4528
B,2,293,lava,2,0,0,navigate,1,1.0,0.0,0.0
B,2,294,success,25,1,1,hazard,0,0.0,0.04,0.96
B,2,295,lava,3,0,0,key_door,1,0.0,0.0,1.0
B,2,296,success,31,1,1,hazard,0,0.3871,0.3548,0.2581
B,2,297,ball,25,1,1,hazard,0,0.16,0.04,0.8
B,2,298,ball,16,1,1,navigate,1,0.5,0.0,0.5
B,2,299,ball,20,1,1,key_door,1,0.0,0.0,1.0
B,2,300,lava,3,0,0,key_door,1,0.0,0.0,1.0
B,2,301,success,19,1,1,hazard,0,0.0,0.5789,0.4211
B,2,302,success,36,1,1,hazard,0,0.1111,0.5556,0.3333
B,2,303,success,40,1,1,hazard,0,0.0,0.7,0.3
B,2,304,timeout,196,1,1,hazard,0,0.0,0.8776,0.1224
B,2,305,lava,8,1,0,key_door,1,0.0,0.0,1.0
B,2,306,lava,11,1,0,key_door,1,0.0,0.0,1.0
B,2,307,success,22,1,1,hazard,0,0.0,0.2727,0.7273
B,2,308,lava,3,0,0,key_door,1,0.0,0.0,1.0
B,2,309,success,15,1,1,hazard,0,0.0,0.2,0.8
B,2,310,success,51,1,1,hazard,0,0.0,0.1373,0.8627
B,2,311,success,35,1,1,hazard,0,0.0,0.7714,0.2286
B,2,312,success,25,1,1,hazard,0,0.0,0.36,0.64
B,2,313,success,39,1,1,hazard,0,0.2051,0.6923,0.1026
B,2,314,success,24,1,1,hazard,0,0.0,0.6667,0.3333
B,2,315,success,30,1,1,hazard,0,0.2667,0.3333,0.4
B,2,316,ball,16,1,1,navigate,1,0.25,0.0,0.75
B,2,317,lava,27,1,1,hazard,0,0.0,0.2593,0.7407
B,2,318,lava,13,1,1,hazard,0,0.0,0.0769,0.9231
B,2,319,success,20,1,1,hazard,0,0.2,0.2,0.6
B,2,320,lava,5,0,0,key_door,1,0.0,0.0,1.0
B,2,321,ball,24,1,1,key_door,1,0.0,0.0,1.0
B,2,322,success,41,1,1,hazard,0,0.0,0.8049,0.1951
B,2,323,success,19,1,1,hazard,0,0.2105,0.5789,0.2105
B,2,324,ball,25,1,1,hazard,0,0.0,0.04,0.96
B,2,325,success,18,1,1,hazard,0,0.0,0.5556,0.4444
B,2,326,success,22,1,1,hazard,0,0.1818,0.2727,0.5455
B,2,327,ball,7,1,1,navigate,1,0.4286,0.0,0.5714
B,2,328,success,31,1,1,hazard,0,0.0,0.2258,0.7742
B,2,329,success,48,1,1,hazard,0,0.0,0.8333,0.1667
B,2,330,success,24,1,1,navigate,0,0.1667,0.0,0.8333
B,2,331,lava,33,1,1,hazard,0,0.1212,0.5152,0.3636
B,2,332,success,23,1,1,hazard,0,0.1739,0.3043,0.5217
B,2,333,success,25,1,1,hazard,0,0.16,0.2,0.64
B,2,334,success,19,1,1,hazard,0,0.0,0.3684,0.6316
B,2,335,lava,2,0,0,key_door,1,0.0,0.0,1.0
B,2,336,success,17,1,1,hazard,0,0.0,0.2941,0.7059
B,2,337,success,32,1,1,hazard,0,0.0,0.25,0.75
B,2,338,success,23,1,1,hazard,0,0.1739,0.1304,0.6957
B,2,339,success,59,1,1,hazard,0,0.0,0.7966,0.2034
B,2,340,lava,8,0,0,key_door,1,0.5,0.0,0.5
B,2,341,lava,12,0,0,key_door,1,0.0,0.0,1.0
B,2,342,success,26,1,1,hazard,0,0.1538,0.2308,0.6154
B,2,343,success,17,1,1,hazard,0,0.0,0.2941,0.7059
B,2,344,success,13,1,1,hazard,0,0.0,0.0769,0.9231
B,2,345,success,15,1,1,hazard,0,0.5333,0.2,0.2667
B,2,346,lava,1,0,0,key_door,1,0.0,0.0,1.0
B,2,347,ball,12,1,1,key_door,1,0.0,0.0,1.0
B,2,348,success,20,1,1,hazard,0,0.2,0.4,0.4
B,2,349,lava,16,1,1,navigate,1,0.25,0.0,0.75
B,2,350,lava,14,0,0,key_door,1,0.0,0.0,1.0
B,2,351,lava,4,0,0,key_door,1,0.0,0.0,1.0
B,2,352,success,14,1,1,hazard,0,0.0,0.1429,0.8571
B,2,353,success,17,1,1,hazard,0,0.2353,0.2941,0.4706
B,2,354,success,18,1,1,hazard,0,0.4444,0.1111,0.4444
B,2,355,success,24,1,1,hazard,0,0.0,0.6667,0.3333
B,2,356,success,45,1,1,hazard,0,0.0,0.8222,0.1778
B,2,357,success,23,1,1,hazard,0,0.1739,0.3043,0.5217
B,2,358,success,46,1,1,hazard,0,0.0,0.5652,0.4348
B,2,359,success,40,1,1,hazard,0,0.3,0.1,0.6
B,2,360,success,21,1,1,hazard,0,0.381,0.0476,0.5714
B,2,361,success,24,1,1,hazard,0,0.0,0.5,0.5
B,2,362,ball,16,1,1,key_door,1,0.0,0.0,1.0
B,2,363,success,23,1,1,hazard,0,0.1739,0.1304,0.6957
B,2,364,success,10,1,1,hazard,0,0.4,0.2,0.4
B,2,365,lava,6,0,0,key_door,1,0.6667,0.0,0.3333
B,2,366,success,17,1,1,hazard,0,0.0,0.5294,0.4706
B,2,367,lava,16,1,0,key_door,1,0.0,0.0,1.0
B,2,368,success,32,1,1,hazard,0,0.0,0.5,0.5
B,2,369,lava,4,0,0,key_door,1,0.0,0.0,1.0
B,2,370,success,16,1,1,hazard,0,0.0,0.5,0.5
B,2,371,success,53,1,1,hazard,0,0.0755,0.7736,0.1509
B,2,372,lava,9,1,0,key_door,1,0.0,0.0,1.0
B,2,373,lava,53,1,1,hazard,0,0.0,0.6981,0.3019
B,2,374,lava,17,1,1,hazard,0,0.0,0.0588,0.9412
B,2,375,lava,7,0,0,key_door,1,0.0,0.0,1.0
B,2,376,success,42,1,1,hazard,0,0.0,0.5238,0.4762
B,2,377,ball,11,1,1,navigate,1,0.2727,0.0,0.7273
B,2,378,success,46,1,1,hazard,0,0.0,0.3913,0.6087
B,2,379,success,38,1,1,hazard,0,0.0,0.6842,0.3158
B,2,380,lava,52,1,1,hazard,0,0.0769,0.1538,0.7692
B,2,381,success,19,1,1,navigate,0,0.3684,0.0,0.6316
B,2,382,success,37,1,1,hazard,0,0.3243,0.5676,0.1081
B,2,383,success,18,1,1,hazard,0,0.2222,0.1111,0.6667
B,2,384,lava,44,0,0,key_door,1,0.0,0.0,1.0
B,2,385,success,28,1,1,hazard,0,0.0,0.5714,0.4286
B,2,386,ball,14,1,1,hazard,0,0.0,0.4286,0.5714
B,2,387,ball,16,1,1,key_door,1,0.25,0.0,0.75
B,2,388,success,19,1,1,hazard,0,0.4211,0.3684,0.2105
B,2,389,success,44,1,1,hazard,0,0.0,0.6364,0.3636
B,2,390,success,24,1,1,hazard,0,0.1667,0.6667,0.1667
B,2,391,lava,10,1,0,navigate,1,0.2,0.0,0.8
B,2,392,ball,22,1,1,hazard,0,0.1818,0.2727,0.5455
B,2,393,success,11,1,1,hazard,0,0.0,0.6364,0.3636
B,2,394,success,20,1,1,hazard,0,0.0,0.4,0.6
B,2,395,success,16,1,1,hazard,0,0.0,0.5,0.5
B,2,396,success,37,1,1,hazard,0,0.0,0.3514,0.6486
B,2,397,success,17,1,1,hazard,0,0.0,0.0588,0.9412
B,2,398,success,23,1,1,hazard,0,0.3478,0.3043,0.3478
B,2,399,success,10,1,1,hazard,0,0.0,0.2,0.8
B,2,400,success,21,1,1,hazard,0,0.0,0.4286,0.5714
B,2,401,success,13,1,1,hazard,0,0.0,0.0769,0.9231
B,2,402,timeout,196,1,1,hazard,0,0.0408,0.8163,0.1429
B,2,403,success,32,1,1,hazard,0,0.125,0.25,0.625
B,2,404,success,24,1,1,hazard,0,0.0,0.1667,0.8333
B,2,405,success,32,1,1,hazard,0,0.0,0.25,0.75
B,2,406,lava,27,1,1,hazard,0,0.0,0.5556,0.4444
B,2,407,success,83,1,1,hazard,0,0.0,0.9036,0.0964
B,2,408,lava,14,1,1,hazard,0,0.0,0.4286,0.5714
B,2,409,success,28,1,1,hazard,0,0.0,0.2857,0.7143
B,2,410,success,29,1,1,hazard,0,0.0,0.4483,0.5517
B,2,411,success,10,1,1,hazard,0,0.4,0.2,0.4
B,2,412,lava,17,1,0,navigate,1,0.0588,0.0,0.9412
B,2,413,timeout,196,1,1,hazard,0,0.0204,0.9184,0.0612
B,2,414,success,11,1,1,hazard,0,0.3636,0.2727,0.3636
B,2,415,success,15,1,1,hazard,0,0.0,0.2,0.8
B,2,416,success,36,1,1,hazard,0,0.0,0.3333,0.6667
B,2,417,success,20,1,1,hazard,0,0.0,0.4,0.6
B,2,418,ball,16,1,1,key_door,1,0.0,0.0,1.0
B,2,419,lava,4,0,0,key_door,1,0.0,0.0,1.0
B,2,420,lava,23,1,1,hazard,0,0.1739,0.4783,0.3478
B,2,421,success,21,1,1,hazard,0,0.381,0.4286,0.1905
B,2,422,success,28,1,1,hazard,0,0.1429,0.2857,0.5714
B,2,423,lava,9,0,0,key_door,1,0.0,0.0,1.0
B,2,424,lava,1,0,0,key_door,1,0.0,0.0,1.0
B,2,425,success,32,1,1,hazard,0,0.0,0.5,0.5
B,2,426,lava,9,0,0,key_door,1,0.0,0.0,1.0
B,2,427,success,18,1,1,hazard,0,0.0,0.5556,0.4444
B,2,428,success,30,1,1,hazard,0,0.0,0.3333,0.6667
B,2,429,success,24,1,1,hazard,0,0.1667,0.6667,0.1667
B,2,430,success,77,1,1,hazard,0,0.0,0.7922,0.2078
B,2,431,lava,3,0,0,key_door,1,0.0,0.0,1.0
B,2,432,lava,7,0,0,key_door,1,0.0,0.0,1.0
B,2,433,success,39,1,1,hazard,0,0.1026,0.5897,0.3077
B,2,434,success,24,1,1,hazard,0,0.3333,0.1667,0.5
B,2,435,success,31,1,1,hazard,0,0.0,0.6129,0.3871
B,2,436,success,18,1,1,hazard,0,0.0,0.3333,0.6667
B,2,437,success,27,1,1,hazard,0,0.0,0.4074,0.5926
B,2,438,lava,1,0,0,key_door,1,0.0,0.0,1.0
B,2,439,timeout,196,1,1,hazard,0,0.0,0.9184,0.0816
B,2,440,success,12,1,1,key_door,0,0.0,0.0,1.0
B,2,441,success,19,1,1,hazard,0,0.0,0.1579,0.8421
B,2,442,success,22,1,1,hazard,0,0.0,0.2727,0.7273
B,2,443,lava,2,0,0,key_door,1,0.0,0.0,1.0
B,2,444,success,12,1,1,key_door,0,0.0,0.0,1.0
B,2,445,success,19,1,1,hazard,0,0.0,0.5789,0.4211
B,2,446,success,34,1,1,hazard,0,0.1176,0.1765,0.7059
B,2,447,success,34,1,1,hazard,0,0.0,0.5294,0.4706
B,2,448,ball,16,1,1,navigate,1,0.25,0.0,0.75
B,2,449,success,18,1,1,hazard,0,0.2222,0.3333,0.4444
B,2,450,success,24,1,1,hazard,0,0.0,0.3333,0.6667
B,2,451,success,32,1,1,hazard,0,0.25,0.625,0.125
B,2,452,lava,4,0,0,key_door,1,0.0,0.0,1.0
B,2,453,success,16,1,1,hazard,0,0.25,0.25,0.5
B,2,454,success,26,1,1,hazard,0,0.3077,0.3846,0.3077
B,2,455,success,23,1,1,hazard,0,0.1739,0.3043,0.5217
B,2,456,lava,2,0,0,key_door,1,0.0,0.0,1.0
B,2,457,lava,3,0,0,key_door,1,0.0,0.0,1.0
B,2,458,success,31,1,1,hazard,0,0.2581,0.3548,0.3871
B,2,459,ball,23,1,1,key_door,1,0.1739,0.0,0.8261
B,2,460,lava,2,0,0,key_door,1,0.0,0.0,1.0
B,2,461,success,33,1,1,hazard,0,0.1212,0.3939,0.4848
B,2,462,success,16,1,1,hazard,0,0.25,0.5,0.25
B,2,463,ball,18,1,1,hazard,0,0.0,0.3333,0.6667
B,2,464,lava,16,0,0,key_door,1,0.25,0.25,0.5
B,2,465,success,17,1,1,hazard,0,0.0,0.2941,0.7059
B,2,466,ball,23,1,1,navigate,1,0.3043,0.0,0.6957
B,2,467,ball,13,1,1,hazard,0,0.6154,0.0769,0.3077
B,2,468,lava,4,0,0,key_door,1,0.0,0.0,1.0
B,2,469,success,31,1,1,hazard,0,0.2581,0.3548,0.3871
B,2,470,success,13,1,1,hazard,0,0.3077,0.0769,0.6154
B,2,471,ball,15,1,1,key_door,1,0.2667,0.0,0.7333
B,2,472,success,41,1,1,hazard,0,0.0976,0.5122,0.3902
B,2,473,ball,32,1,1,hazard,0,0.0,0.625,0.375
B,2,474,success,35,1,1,hazard,0,0.0,0.4286,0.5714
B,2,475,lava,3,0,0,key_door,1,0.0,0.0,1.0
B,2,476,success,21,1,1,hazard,0,0.0,0.0476,0.9524
B,2,477,success,54,1,1,hazard,0,0.0741,0.6296,0.2963
B,2,478,lava,3,0,0,key_door,1,0.0,0.0,1.0
B,2,479,lava,7,0,0,key_door,1,0.0,0.0,1.0
B,2,480,lava,57,1,1,hazard,0,0.0,0.6491,0.3509
B,2,481,success,49,1,1,hazard,0,0.0,0.5918,0.4082
B,2,482,success,24,1,1,hazard,0,0.3333,0.5,0.1667
B,2,483,success,20,1,1,hazard,0,0.2,0.4,0.4
B,2,484,success,31,1,1,hazard,0,0.2581,0.2258,0.5161
B,2,485,lava,26,1,1,hazard,0,0.1538,0.2308,0.6154
B,2,486,success,24,1,1,hazard,0,0.1667,0.5,0.3333
B,2,487,success,33,1,1,hazard,0,0.0,0.5152,0.4848
B,2,488,success,21,1,1,hazard,0,0.0,0.619,0.381
B,2,489,success,43,1,1,hazard,0,0.0,0.6279,0.3721
B,2,490,success,26,1,1,hazard,0,0.1538,0.3846,0.4615
B,2,491,ball,14,1,1,hazard,0,0.0,0.1429,0.8571
B,2,492,success,37,1,1,hazard,0,0.0,0.1351,0.8649
B,2,493,success,22,1,1,hazard,0,0.3636,0.2727,0.3636
B,2,494,success,26,1,1,hazard,0,0.1538,0.0769,0.7692
B,2,495,success,56,1,1,hazard,0,0.0,0.7857,0.2143
B,2,496,lava,19,0,0,key_door,1,0.0,0.0,1.0
B,2,497,lava,3,0,0,key_door,1,0.0,0.0,1.0
B,2,498,lava,8,0,0,key_door,1,0.0,0.0,1.0
B,2,499,success,13,1,1,hazard,0,0.0,0.0769,0.9231
B,3,0,success,14,1,1,hazard,0,0.0,0.1429,0.8571
B,3,1,success,11,1,1,hazard,0,0.3636,0.2727,0.3636
B,3,2,success,18,1,1,hazard,0,0.0,0.5556,0.4444
B,3,3,success,27,1,1,hazard,0,0.1481,0.2593,0.5926
B,3,4,success,44,1,1,hazard,0,0.0909,0.5455,0.3636
B,3,5,success,45,1,1,hazard,0,0.0889,0.4667,0.4444
B,3,6,success,26,1,1,hazard,0,0.0,0.5385,0.4615
B,3,7,lava,10,0,0,key_door,1,0.0,0.0,1.0
B,3,8,success,28,1,1,hazard,0,0.0,0.4286,0.5714
B,3,9,success,33,1,1,hazard,0,0.0,0.7576,0.2424
B,3,10,ball,17,1,1,hazard,0,0.2353,0.2941,0.4706
B,3,11,lava,53,1,1,navigate,1,0.0943,0.6038,0.3019
B,3,12,lava,7,0,0,key_door,1,0.0,0.5714,0.4286
B,3,13,ball,19,1,1,navigate,1,0.3684,0.0,0.6316
B,3,14,ball,94,1,1,hazard,0,0.1277,0.8298,0.0426
B,3,15,success,24,1,1,hazard,0,0.0,0.3333,0.6667
B,3,16,lava,6,0,0,key_door,1,0.0,0.0,1.0
B,3,17,lava,14,1,1,hazard,0,0.2857,0.1429,0.5714
B,3,18,success,75,1,1,hazard,0,0.16,0.6267,0.2133
B,3,19,success,31,1,1,hazard,0,0.129,0.3548,0.5161
B,3,20,success,19,1,1,hazard,0,0.2105,0.5789,0.2105
B,3,21,success,83,1,1,hazard,0,0.0,0.759,0.241
B,3,22,lava,177,0,0,key_door,1,0.1808,0.7684,0.0508
B,3,23,success,25,1,1,hazard,0,0.16,0.2,0.64
B,3,24,ball,12,1,1,key_door,1,0.3333,0.0,0.6667
B,3,25,ball,16,1,1,key_door,1,0.0,0.0,1.0
B,3,26,success,21,1,1,hazard,0,0.0,0.2381,0.7619
B,3,27,success,15,1,1,hazard,0,0.0,0.4667,0.5333
B,3,28,ball,12,1,1,key_door,1,0.0,0.0,1.0
B,3,29,success,27,1,1,hazard,0,0.1481,0.7037,0.1481
B,3,30,success,29,1,1,hazard,0,0.2759,0.0345,0.6897
B,3,31,ball,26,1,1,navigate,1,0.0769,0.4615,0.4615
B,3,32,ball,16,1,1,key_door,1,0.0,0.0,1.0
B,3,33,success,27,1,1,hazard,0,0.1481,0.4074,0.4444
B,3,34,success,33,1,1,hazard,0,0.1212,0.5152,0.3636
B,3,35,success,41,1,1,hazard,0,0.0,0.8049,0.1951
B,3,36,ball,22,1,1,hazard,0,0.3636,0.2727,0.3636
B,3,37,lava,3,0,0,key_door,1,0.0,0.0,1.0
B,3,38,lava,5,0,0,key_door,1,0.0,0.0,1.0
B,3,39,lava,17,1,0,navigate,1,0.0588,0.4706,0.4706
B,3,40,success,56,1,1,hazard,0,0.2857,0.5714,0.1429
B,3,41,lava,18,0,0,key_door,1,0.0,0.0,1.0
B,3,42,lava,41,1,1,navigate,1,0.2195,0.4878,0.2927
B,3,43,success,15,1,1,hazard,0,0.2667,0.2,0.5333
B,3,44,ball,19,1,1,navigate,1,0.3684,0.4211,0.2105
B,3,45,lava,18,0,0,key_door,1,0.0,0.6667,0.3333
B,3,46,success,18,1,1,hazard,0,0.2222,0.1111,0.6667
B,3,47,success,24,1,1,hazard,0,0.1667,0.1667,0.6667
B,3,48,success,19,1,1,hazard,0,0.4211,0.1579,0.4211
B,3,49,success,18,1,1,hazard,0,0.0,0.1111,0.8889
B,3,50,success,16,1,1,hazard,0,0.0,0.25,0.75
B,3,51,success,23,1,1,hazard,0,0.1739,0.1304,0.6957
B,3,52,success,66,1,1,hazard,0,0.2424,0.5758,0.1818
B,3,53,success,21,1,1,hazard,0,0.1905,0.2381,0.5714
B,3,54,success,24,1,1,hazard,0,0.1667,0.1667,0.6667
B,3,55,success,19,1,1,hazard,0,0.6316,0.1579,0.2105
B,3,56,lava,65,1,1,hazard,0,0.0615,0.8769,0.0615
B,3,57,lava,6,0,0,key_door,1,0.0,0.6667,0.3333
B,3,58,lava,35,1,1,navigate,1,0.3143,0.4571,0.2286
B,3,59,success,20,1,1,navigate,0,0.4,0.4,0.2
B,3,60,success,75,1,1,hazard,0,0.0,0.7867,0.2133
B,3,61,success,35,1,1,hazard,0,0.0,0.4286,0.5714
B,3,62,success,24,1,1,hazard,0,0.1667,0.3333,0.5
B,3,63,lava,66,1,1,navigate,1,0.0909,0.6667,0.2424
B,3,64,lava,4,0,0,key_door,1,0.0,0.0,1.0
B,3,65,success,15,1,1,hazard,0,0.2667,0.4667,0.2667
B,3,66,lava,5,0,0,key_door,1,0.0,0.0,1.0
B,3,67,success,12,1,1,hazard,0,0.0,0.3333,0.6667
B,3,68,success,18,1,1,hazard,0,0.2222,0.3333,0.4444
B,3,69,ball,24,1,1,navigate,1,0.1667,0.3333,0.5
B,3,70,success,11,1,1,hazard,0,0.0,0.2727,0.7273
B,3,71,lava,5,0,0,key_door,1,0.8,0.0,0.2
B,3,72,lava,11,0,0,key_door,1,0.0,0.3636,0.6364
B,3,73,success,25,1,1,hazard,0,0.0,0.2,0.8
B,3,74,success,40,1,1,hazard,0,0.1,0.8,0.1
B,3,75,success,95,1,1,hazard,0,0.0,0.2421,0.7579
B,3,76,success,16,1,1,navigate,0,0.25,0.0,0.75
B,3,77,success,18,1,1,hazard,0,0.4444,0.1111,0.4444
B,3,78,lava,7,0,0,key_door,1,0.0,0.0,1.0
B,3,79,success,22,1,1,hazard,0,0.1818,0.2727,0.5455
B,3,80,success,28,1,1,hazard,0,0.0,0.4286,0.5714
B,3,81,lava,7,1,0,key_door,1,0.0,0.0,1.0
B,3,82,success,23,1,1,hazard,0,0.1739,0.6522,0.1739
B,3,83,success,46,1,1,hazard,0,0.087,0.3913,0.5217
B,3,84,lava,73,1,1,navigate,1,0.1233,0.8219,0.0548
B,3,85,success,20,1,1,hazard,0,0.0,0.2,0.8
B,3,86,success,15,1,1,hazard,0,0.2667,0.2,0.5333
B,3,87,success,27,1,1,hazard,0,0.7407,0.1111,0.1481
B,3,88,success,50,1,1,hazard,0,0.4,0.36,0.24
B,3,89,success,19,1,1,hazard,0,0.2105,0.3684,0.4211
B,3,90,success,25,1,1,hazard,0,0.32,0.2,0.48
B,3,91,success,15,1,1,hazard,0,0.0,0.4667,0.5333
B,3,92,success,27,1,1,hazard,0,0.0,0.4074,0.5926
B,3,93,ball,16,1,1,navigate,1,0.25,0.0,0.75
B,3,94,lava,33,1,0,navigate,1,0.2727,0.4848,0.2424
B,3,95,ball,104,1,1,hazard,0,0.0385,0.8077,0.1538
B,3,96,lava,53,1,1,hazard,0,0.1509,0.6226,0.2264
B,3,97,ball,23,1,1,navigate,1,0.3043,0.1739,0.5217
B,3,98,lava,46,1,1,navigate,1,0.1304,0.5217,0.3478
B,3,99,success,27,1,1,hazard,0,0.0,0.4074,0.5926
B,3,100,success,15,1,1,hazard,0,0.0,0.2,0.8
B,3,101,lava,32,0,0,key_door,1,0.125,0.25,0.625
B,3,102,success,34,1,1,hazard,0,0.3529,0.4118,0.2353
B,3,103,lava,7,0,0,key_door,1,0.5714,0.0,0.4286
B,3,104,ball,53,1,1,navigate,1,0.0943,0.7547,0.1509
B,3,105,success,32,1,1,hazard,0,0.0,0.5,0.5
B,3,106,success,24,1,1,hazard,0,0.0,0.5,0.5
B,3,107,success,31,1,1,hazard,0,0.129,0.3548,0.5161
B,3,108,success,21,1,1,hazard,0,0.5714,0.0476,0.381
B,3,109,timeout,196,1,1,hazard,0,0.2449,0.7143,0.0408
B,3,110,lava,1,0,0,key_door,1,0.0,0.0,1.0
B,3,111,success,23,1,1,hazard,0,0.3478,0.1304,0.5217
B,3,112,lava,108,1,1,navigate,1,0.0741,0.8148,0.1111
B,3,113,success,18,1,1,hazard,0,0.0,0.3333,0.6667
B,3,114,success,14,1,1,hazard,0,0.2857,0.1429,0.5714
B,3,115,success,20,1,1,navigate,0,0.2,0.0,0.8
B,3,116,lava,7,0,0,key_door,1,0.0,0.0,1.0
B,3,117,success,26,1,1,hazard,0,0.0,0.3846,0.6154
B,3,118,success,23,1,1,hazard,0,0.1739,0.6522,0.1739
B,3,119,success,60,1,1,hazard,0,0.0667,0.7333,0.2
B,3,120,success,19,1,1,hazard,0,0.0,0.3684,0.6316
B,3,121,success,25,1,1,hazard,0,0.32,0.04,0.64
B,3,122,success,17,1,1,hazard,0,0.2353,0.2941,0.4706
B,3,123,ball,48,1,1,navigate,1,0.1667,0.5,0.3333
B,3,124,success,61,1,1,hazard,0,0.0,0.6066,0.3934
B,3,125,lava,4,0,0,key_door,1,0.0,0.0,1.0
B,3,126,success,15,1,1,hazard,0,0.2667,0.2,0.5333
B,3,127,ball,16,1,1,navigate,1,0.25,0.0,0.75
B,3,128,ball,16,1,1,navigate,1,0.25,0.0,0.75
B,3,129,success,25,1,1,hazard,0,0.16,0.2,0.64
B,3,130,success,41,1,1,hazard,0,0.0,0.6098,0.3902
B,3,131,lava,63,1,0,key_door,1,0.0635,0.6349,0.3016
B,3,132,ball,31,1,1,key_door,1,0.0,0.3871,0.6129
B,3,133,lava,47,1,1,hazard,0,0.0,0.6596,0.3404
B,3,134,ball,12,1,1,navigate,1,0.3333,0.0,0.6667
B,3,135,success,86,1,1,hazard,0,0.0,0.8605,0.1395
B,3,136,lava,58,1,0,key_door,1,0.0,0.6897,0.3103
B,3,137,ball,16,1,1,navigate,1,0.25,0.0,0.75
B,3,138,lava,17,1,1,key_door,1,0.2353,0.2353,0.5294
B,3,139,lava,50,1,1,navigate,1,0.04,0.64,0.32
B,3,140,ball,20,1,1,key_door,1,0.2,0.2,0.6
B,3,141,success,53,1,1,hazard,0,0.2264,0.5472,0.2264
B,3,142,success,11,1,1,hazard,0,0.0,0.2727,0.7273
B,3,143,success,23,1,1,hazard,0,0.1739,0.1304,0.6957
B,3,144,success,33,1,1,hazard,0,0.2424,0.2727,0.4848
B,3,145,success,42,1,1,hazard,0,0.0952,0.7143,0.1905
B,3,146,success,13,1,1,hazard,0,0.3077,0.3846,0.3077
B,3,147,success,19,1,1,hazard,0,0.0,0.1579,0.8421
B,3,148,success,19,1,1,hazard,0,0.4211,0.3684,0.2105
B,3,149,success,27,1,1,hazard,0,0.0,0.4074,0.5926
B,3,150,success,19,1,1,hazard,0,0.0,0.3684,0.6316
B,3,151,lava,38,1,1,navigate,1,0.1579,0.4211,0.4211
B,3,152,success,26,1,1,hazard,0,0.1538,0.5385,0.3077
B,3,153,success,44,1,1,hazard,0,0.0,0.5455,0.4545
B,3,154,ball,16,1,1,navigate,1,0.5,0.0,0.5
B,3,155,success,25,1,1,hazard,0,0.0,0.36,0.64
B,3,156,success,49,1,1,hazard,0,0.0,0.8367,0.1633
B,3,157,lava,5,0,0,key_door,1,0.0,0.8,0.2
B,3,158,success,41,1,1,hazard,0,0.2927,0.5122,0.1951
B,3,159,success,15,1,1,hazard,0,0.5333,0.2,0.2667
B,3,160,lava,19,1,0,key_door,1,0.0,0.0,1.0
B,3,161,success,57,1,1,hazard,0,0.0,0.4386,0.5614
B,3,162,ball,20,1,1,navigate,1,0.2,0.2,0.6
B,3,163,ball,65,1,1,hazard,0,0.0,0.8769,0.1231
B,3,164,success,24,1,1,hazard,0,0.0,0.3333,0.6667
B,3,165,success,19,1,1,hazard,0,0.2105,0.1579,0.6316
B,3,166,success,28,1,1,hazard,0,0.0,0.4286,0.5714
B,3,167,success,42,1,1,hazard,0,0.1905,0.5238,0.2857
B,3,168,lava,19,1,1,hazard,0,0.0,0.3684,0.6316
B,3,169,success,12,1,1,hazard,0,0.0,0.3333,0.6667
B,3,170,lava,94,1,1,navigate,1,0.234,0.5532,0.2128
B,3,171,success,38,1,1,hazard,0,0.1053,0.5789,0.3158
B,3,172,success,16,1,1,hazard,0,0.25,0.25,0.5
B,3,173,success,16,1,1,hazard,0,0.25,0.25,0.5
B,3,174,ball,12,1,1,key_door,1,0.0,0.0,1.0
B,3,175,lava,6,0,0,key_door,1,0.0,0.0,1.0
B,3,176,success,33,1,1,hazard,0,0.0,0.5152,0.4848
B,3,177,ball,25,1,1,hazard,0,0.16,0.52,0.32
B,3,178,success,19,1,1,hazard,0,0.2105,0.1579,0.6316
B,3,179,ball,44,1,1,navigate,1,0.3636,0.4545,0.1818
B,3,180,lava,5,0,0,key_door,1,0.0,0.0,1.0
B,3,181,lava,3,0,0,navigate,1,1.0,0.0,0.0
B,3,182,success,25,1,1,hazard,0,0.0,0.04,0.96
B,3,183,success,34,1,1,hazard,0,0.0,0.5294,0.4706
B,3,184,success,24,1,1,hazard,0,0.0,0.3333,0.6667
B,3,185,success,28,1,1,hazard,0,0.0,0.2857,0.7143
B,3,186,success,28,1,1,hazard,0,0.1429,0.4286,0.4286
B,3,187,success,31,1,1,hazard,0,0.129,0.3548,0.5161
B,3,188,success,32,1,1,hazard,0,0.375,0.25,0.375
B,3,189,success,52,1,1,hazard,0,0.0769,0.6154,0.3077
B,3,190,success,28,1,1,navigate,0,0.7143,0.1429,0.1429
B,3,191,success,33,1,1,hazard,0,0.1212,0.5152,0.3636
B,3,192,success,36,1,1,hazard,0,0.0,0.5556,0.4444
B,3,193,ball,28,1,1,navigate,1,0.2857,0.0,0.7143
B,3,194,success,21,1,1,hazard,0,0.0,0.4286,0.5714
B,3,195,success,13,1,1,hazard,0,0.6154,0.0769,0.3077
B,3,196,success,26,1,1,hazard,0,0.1538,0.3846,0.4615
B,3,197,success,26,1,1,hazard,0,0.0,0.5385,0.4615
B,3,198,success,36,1,1,hazard,0,0.1111,0.7778,0.1111
B,3,199,success,15,1,1,hazard,0,0.2667,0.4667,0.2667
B,3,200,ball,24,1,1,key_door,1,0.0,0.0,1.0
B,3,201,success,24,1,1,hazard,0,0.1667,0.3333,0.5
B,3,202,success,22,1,1,hazard,0,0.1818,0.4545,0.3636
B,3,203,lava,4,0,0,key_door,1,0.0,0.0,1.0
B,3,204,success,33,1,1,hazard,0,0.1212,0.6364,0.2424
B,3,205,success,30,1,1,hazard,0,0.0,0.7333,0.2667
B,3,206,success,17,1,1,hazard,0,0.2353,0.2941,0.4706
B,3,207,success,23,1,1,hazard,0,0.0,0.3043,0.6957
B,3,208,success,25,1,1,hazard,0,0.0,0.2,0.8
B,3,209,success,24,1,1,hazard,0,0.1667,0.3333,0.5
B,3,210,lava,5,0,0,key_door,1,0.0,0.0,1.0
B,3,211,success,33,1,1,hazard,0,0.0,0.5152,0.4848
B,3,212,success,89,1,1,hazard,0,0.6292,0.1461,0.2247
B,3,213,success,30,1,1,hazard,0,0.4,0.3333,0.2667
B,3,214,success,25,1,1,hazard,0,0.0,0.36,0.64
B,3,215,success,30,1,1,hazard,0,0.1333,0.6,0.2667
B,3,216,success,56,1,1,hazard,0,0.3571,0.5,0.1429
B,3,217,success,38,1,1,hazard,0,0.0,0.4737,0.5263
B,3,218,lava,11,1,0,key_door,1,0.0,0.0,1.0
B,3,219,success,13,1,1,hazard,0,0.0,0.3846,0.6154
B,3,220,success,11,1,1,hazard,0,0.0,0.2727,0.7273
B,3,221,lava,5,0,0,key_door,1,0.0,0.8,0.2
B,3,222,success,41,1,1,hazard,0,0.0976,0.5122,0.3902
B,3,223,ball,20,1,1,key_door,1,0.0,0.2,0.8
B,3,224,success,51,1,1,hazard,0,0.0,0.7647,0.2353
B,3,225,ball,15,1,1,navigate,1,0.7333,0.0,0.2667
B,3,226,success,21,1,1,hazard,0,0.381,0.2381,0.381
B,3,227,lava,126,1,1,navigate,1,0.0794,0.7937,0.127
B,3,228,lava,12,1,0,navigate,1,0.3333,0.3333,0.3333
B,3,229,ball,21,1,1,navigate,1,0.4286,0.381,0.1905
B,3,230,success,44,1,1,hazard,0,0.0909,0.6364,0.2727
B,3,231,success,22,1,1,hazard,0,0.0,0.2727,0.7273
B,3,232,ball,20,1,1,navigate,1,0.6,0.0,0.4
B,3,233,success,16,1,1,hazard,0,0.25,0.5,0.25
B,3,234,success,41,1,1,hazard,0,0.0976,0.5122,0.3902
B,3,235,lava,6,0,0,hazard,0,0.0,1.0,0.0
B,3,236,success,32,1,1,hazard,0,0.375,0.5,0.125
B,3,237,ball,15,1,1,key_door,1,0.0,0.0,1.0
B,3,238,success,28,1,1,hazard,0,0.0,0.2857,0.7143
B,3,239,success,26,1,1,hazard,0,0.1538,0.0769,0.7692
B,3,240,success,21,1,1,hazard,0,0.0,0.2381,0.7619
B,3,241,success,41,1,1,hazard,0,0.0976,0.6098,0.2927
B,3,242,success,18,1,1,hazard,0,0.2222,0.3333,0.4444
B,3,243,lava,6,1,0,hazard,0,0.0,0.3333,0.6667
B,3,244,success,78,1,1,hazard,0,0.2051,0.3846,0.4103
B,3,245,success,11,1,1,hazard,0,0.0,0.2727,0.7273
B,3,246,success,22,1,1,hazard,0,0.1818,0.4545,0.3636
B,3,247,success,22,1,1,hazard,0,0.0,0.0909,0.9091
B,3,248,success,11,1,1,hazard,0,0.3636,0.2727,0.3636
B,3,249,success,25,1,1,hazard,0,0.0,0.52,0.48
B,3,250,lava,9,0,0,key_door,1,0.4444,0.0,0.5556
B,3,251,ball,8,1,1,key_door,1,0.0,0.0,1.0
B,3,252,lava,2,0,0,key_door,1,0.0,0.0,1.0
B,3,253,lava,2,0,0,key_door,1,0.0,0.0,1.0
B,3,254,success,152,1,1,hazard,0,0.0263,0.9211,0.0526
B,3,255,success,12,1,1,hazard,0,0.0,0.3333,0.6667
B,3,256,lava,193,1,1,navigate,1,0.0259,0.9326,0.0415
B,3,257,lava,9,0,0,key_door,1,0.4444,0.0,0.5556
B,3,258,success,67,1,1,hazard,0,0.0597,0.7015,0.2388
B,3,259,lava,1,0,0,key_door,1,0.0,0.0,1.0
B,3,260,success,32,1,1,hazard,0,0.25,0.5,0.25
B,3,261,success,59,1,1,hazard,0,0.0678,0.7966,0.1356
B,3,262,lava,105,1,1,navigate,1,0.0095,0.8762,0.1143
B,3,263,success,37,1,1,hazard,0,0.0,0.4595,0.5405
B,3,264,timeout,196,1,1,hazard,0,0.102,0.8776,0.0204
B,3,265,success,36,1,1,hazard,0,0.1111,0.5556,0.3333
B,3,266,success,31,1,1,hazard,0,0.129,0.4839,0.3871
B,3,267,ball,35,1,1,hazard,0,0.1143,0.5429,0.3429
B,3,268,success,18,1,1,hazard,0,0.2222,0.5556,0.2222
B,3,269,success,29,1,1,hazard,0,0.2759,0.4483,0.2759
B,3,270,success,42,1,1,hazard,0,0.0,0.7143,0.2857
B,3,271,success,29,1,1,hazard,0,0.0,0.1724,0.8276
B,3,272,success,25,1,1,hazard,0,0.0,0.68,0.32
B,3,273,success,20,1,1,hazard,0,0.4,0.2,0.4
B,3,274,ball,161,1,1,hazard,0,0.0,0.9503,0.0497
B,3,275,success,28,1,1,hazard,0,0.1429,0.1429,0.7143
B,3,276,ball,12,1,1,key_door,1,0.3333,0.0,0.6667
B,3,277,lava,178,1,1,navigate,1,0.0787,0.8539,0.0674
B,3,278,success,15,1,1,hazard,0,0.0,0.4667,0.5333
B,3,279,success,15,1,1,hazard,0,0.5333,0.2,0.2667
B,3,280,success,16,1,1,hazard,0,0.25,0.25,0.5
B,3,281,success,30,1,1,hazard,0,0.1333,0.7333,0.1333
B,3,282,success,20,1,1,navigate,0,0.4,0.0,0.6
B,3,283,success,18,1,1,hazard,0,0.0,0.1111,0.8889
B,3,284,success,21,1,1,hazard,0,0.0,0.2381,0.7619
B,3,285,success,16,1,1,hazard,0,0.25,0.25,0.5
B,3,286,success,34,1,1,hazard,0,0.0,0.4118,0.5882
B,3,287,success,19,1,1,hazard,0,0.0,0.5789,0.4211
B,3,288,success,14,1,1,hazard,0,0.0,0.4286,0.5714
B,3,289,success,15,1,1,hazard,0,0.0,0.4667,0.5333
B,3,290,lava,9,0,0,key_door,1,0.0,0.8889,0.1111
B,3,291,success,45,1,1,hazard,0,0.1778,0.4667,0.3556
B,3,292,lava,64,1,1,key_door,1,0.0,0.75,0.25
B,3,293,lava,2,0,0,key_door,1,0.0,0.0,1.0
B,3,294,success,11,1,1,hazard,0,0.3636,0.2727,0.3636
B,3,295,ball,12,1,1,navigate,1,0.3333,0.0,0.6667
B,3,296,success,50,1,1,hazard,0,0.08,0.68,0.24
B,3,297,ball,16,1,1,key_door,1,0.0,0.0,1.0
B,3,298,lava,3,0,0,navigate,1,1.0,0.0,0.0
B,3,299,lava,122,1,1,navigate,1,0.0164,0.8525,0.1311
B,3,300,success,24,1,1,hazard,0,0.1667,0.3333,0.5
B,3,301,success,109,1,1,hazard,0,0.0367,0.8899,0.0734
B,3,302,lava,2,0,0,key_door,1,0.0,0.0,1.0
B,3,303,success,20,1,1,hazard,0,0.4,0.4,0.2
B,3,304,success,27,1,1,hazard,0,0.0,0.4074,0.5926
B,3,305,lava,2,0,0,key_door,1,0.0,0.0,1.0
B,3,306,lava,10,0,0,key_door,1,0.0,0.0,1.0
B,3,307,success,23,1,1,hazard,0,0.5217,0.1304,0.3478
B,3,308,success,28,1,1,hazard,0,0.1429,0.2857,0.5714
B,3,309,success,15,1,1,hazard,0,0.0,0.2,0.8
B,3,310,lava,6,0,0,key_door,1,0.0,0.0,1.0
B,3,311,ball,46,1,1,hazard,0,0.2609,0.5652,0.1739
B,3,312,success,17,1,1,hazard,0,0.2353,0.5294,0.2353
B,3,313,ball,12,1,1,navigate,1,0.3333,0.0,0.6667
B,3,314,success,21,1,1,hazard,0,0.1905,0.619,0.1905
B,3,315,success,16,1,1,hazard,0,0.0,0.25,0.75
B,3,316,success,19,1,1,hazard,0,0.2105,0.3684,0.4211
B,3,317,success,86,1,1,hazard,0,0.1395,0.7209,0.1395
B,3,318,success,35,1,1,hazard,0,0.0,0.5429,0.4571
B,3,319,lava,56,0,0,key_door,1,0.0714,0.2143,0.7143
B,3,320,success,17,1,1,hazard,0,0.0,0.5294,0.4706
B,3,321,success,39,1,1,hazard,0,0.2051,0.2821,0.5128
B,3,322,success,44,1,1,hazard,0,0.0909,0.7273,0.1818
B,3,323,success,30,1,1,hazard,0,0.5333,0.3333,0.1333
B,3,324,success,36,1,1,hazard,0,0.1111,0.4444,0.4444
B,3,325,success,34,1,1,hazard,0,0.0,0.6471,0.3529
B,3,326,success,17,1,1,hazard,0,0.2353,0.0588,0.7059
B,3,327,ball,11,1,1,navigate,1,0.2727,0.3636,0.3636
B,3,328,success,16,1,1,hazard,0,0.0,0.25,0.75
B,3,329,success,48,1,1,hazard,0,0.0833,0.75,0.1667
B,3,330,success,21,1,1,hazard,0,0.0,0.0476,0.9524
B,3,331,lava,36,1,1,navigate,1,0.1111,0.2222,0.6667
B,3,332,success,67,1,1,hazard,0,0.1194,0.7612,0.1194
B,3,333,success,22,1,1,hazard,0,0.0,0.2727,0.7273
B,3,334,success,21,1,1,hazard,0,0.381,0.2381,0.381
B,3,335,success,37,1,1,hazard,0,0.2162,0.4595,0.3243
B,3,336,success,19,1,1,hazard,0,0.0,0.3684,0.6316
B,3,337,success,19,1,1,hazard,0,0.0,0.3684,0.6316
B,3,338,success,24,1,1,hazard,0,0.1667,0.5,0.3333
B,3,339,success,30,1,1,hazard,0,0.2667,0.2,0.5333
B,3,340,success,16,1,1,hazard,0,0.0,0.25,0.75
B,3,341,success,18,1,1,hazard,0,0.0,0.1111,0.8889
B,3,342,ball,18,1,1,hazard,0,0.4444,0.1111,0.4444
B,3,343,lava,3,0,0,key_door,1,0.0,0.0,1.0
B,3,344,success,21,1,1,hazard,0,0.0,0.0476,0.9524
B,3,345,lava,94,1,1,hazard,0,0.0426,0.8298,0.1277
B,3,346,lava,1,0,0,key_door,1,0.0,0.0,1.0
B,3,347,success,36,1,1,hazard,0,0.0,0.6667,0.3333
B,3,348,success,22,1,1,hazard,0,0.1818,0.4545,0.3636
B,3,349,success,16,1,1,hazard,0,0.0,0.25,0.75
B,3,350,lava,23,1,0,key_door,1,0.0,0.6957,0.3043
B,3,351,success,24,1,1,hazard,0,0.1667,0.1667,0.6667
B,3,352,success,15,1,1,hazard,0,0.2667,0.2,0.5333
B,3,353,lava,54,1,1,hazard,0,0.0741,0.5556,0.3704
B,3,354,success,35,1,1,hazard,0,0.3429,0.5429,0.1143
B,3,355,success,45,1,1,hazard,0,0.0,0.5556,0.4444
B,3,356,lava,42,1,1,navigate,1,0.0476,0.4762,0.4762
B,3,357,success,17,1,1,hazard,0,0.2353,0.2941,0.4706
B,3,358,lava,15,1,1,hazard,0,0.2667,0.2,0.5333
B,3,359,success,14,1,1,hazard,0,0.2857,0.1429,0.5714
B,3,360,success,16,1,1,hazard,0,0.25,0.25,0.5
B,3,361,success,42,1,1,hazard,0,0.0952,0.4286,0.4762
B,3,362,success,18,1,1,hazard,0,0.0,0.3333,0.6667
B,3,363,success,19,1,1,hazard,0,0.0,0.1579,0.8421
B,3,364,success,15,1,1,hazard,0,0.0,0.2,0.8
B,3,365,success,57,1,1,hazard,0,0.2105,0.6491,0.1404
B,3,366,success,17,1,1,hazard,0,0.0,0.2941,0.7059
B,3,367,success,39,1,1,hazard,0,0.1026,0.5897,0.3077
B,3,368,success,34,1,1,hazard,0,0.0,0.6471,0.3529
B,3,369,success,61,1,1,hazard,0,0.0,0.7377,0.2623
B,3,370,success,15,1,1,hazard,0,0.0,0.2,0.8
B,3,371,lava,102,1,1,hazard,0,0.0784,0.7255,0.1961
B,3,372,lava,8,0,0,key_door,1,0.0,0.0,1.0
B,3,373,ball,12,1,1,key_door,1,0.0,0.0,1.0
B,3,374,success,25,1,1,hazard,0,0.0,0.36,0.64
B,3,375,success,22,1,1,hazard,0,0.0,0.6364,0.3636
B,3,376,success,44,1,1,hazard,0,0.0,0.7273,0.2727
B,3,377,lava,6,0,0,key_door,1,0.0,0.6667,0.3333
B,3,378,lava,110,1,1,navigate,1,0.0909,0.8,0.1091
B,3,379,success,21,1,1,hazard,0,0.0,0.2381,0.7619
B,3,380,success,52,1,1,hazard,0,0.2308,0.5385,0.2308
B,3,381,lava,8,0,0,key_door,1,0.0,0.0,1.0
B,3,382,success,34,1,1,hazard,0,0.1176,0.6471,0.2353
B,3,383,success,13,1,1,hazard,0,0.3077,0.3846,0.3077
B,3,384,success,15,1,1,hazard,0,0.0,0.2,0.8
B,3,385,success,28,1,1,hazard,0,0.0,0.5714,0.4286
B,3,386,success,42,1,1,hazard,0,0.0952,0.7143,0.1905
B,3,387,success,28,1,1,hazard,0,0.0,0.5714,0.4286
B,3,388,success,15,1,1,hazard,0,0.5333,0.2,0.2667
B,3,389,lava,25,1,1,navigate,1,0.2,0.32,0.48
B,3,390,success,31,1,1,hazard,0,0.2581,0.4839,0.2581
B,3,391,lava,13,1,0,navigate,1,0.3846,0.3077,0.3077
B,3,392,success,44,1,1,hazard,0,0.0,0.7273,0.2727
B,3,393,success,14,1,1,hazard,0,0.5714,0.1429,0.2857
B,3,394,success,28,1,1,hazard,0,0.2857,0.1429,0.5714
B,3,395,success,14,1,1,hazard,0,0.2857,0.4286,0.2857
B,3,396,lava,3,0,0,key_door,1,0.0,0.0,1.0
B,3,397,ball,20,1,1,key_door,1,0.2,0.0,0.8
B,3,398,success,33,1,1,hazard,0,0.0,0.2727,0.7273
B,3,399,success,19,1,1,hazard,0,0.0,0.1579,0.8421
B,3,400,success,20,1,1,hazard,0,0.0,0.2,0.8
B,3,401,lava,11,0,0,key_door,1,0.3636,0.3636,0.2727
B,3,402,success,24,1,1,hazard,0,0.1667,0.5,0.3333
B,3,403,success,28,1,1,hazard,0,0.4286,0.1429,0.4286
B,3,404,success,29,1,1,hazard,0,0.1379,0.3103,0.5517
B,3,405,success,23,1,1,hazard,0,0.3478,0.4783,0.1739
B,3,406,ball,99,1,1,navigate,1,0.0303,0.8485,0.1212
B,3,407,ball,8,1,1,navigate,1,0.5,0.0,0.5
B,3,408,success,17,1,1,hazard,0,0.2353,0.2941,0.4706
B,3,409,success,19,1,1,hazard,0,0.4211,0.1579,0.4211
B,3,410,ball,16,1,1,navigate,1,0.5,0.0,0.5
B,3,411,success,16,1,1,navigate,0,0.5,0.0,0.5
B,3,412,lava,4,0,0,key_door,1,0.0,0.0,1.0
B,3,413,ball,11,1,1,navigate,1,0.6364,0.0,0.3636
B,3,414,success,13,1,1,hazard,0,0.0,0.3846,0.6154
B,3,415,success,21,1,1,hazard,0,0.0,0.4286,0.5714
B,3,416,success,40,1,1,hazard,0,0.0,0.8,0.2
B,3,417,success,24,1,1,hazard,0,0.3333,0.1667,0.5
B,3,418,success,44,1,1,hazard,0,0.0909,0.5455,0.3636
B,3,419,success,28,1,1,hazard,0,0.2857,0.4286,0.2857
B,3,420,success,44,1,1,hazard,0,0.0909,0.6364,0.2727
B,3,421,success,48,1,1,hazard,0,0.0833,0.6667,0.25
B,3,422,lava,162,1,1,navigate,1,0.0123,0.7407,0.2469
B,3,423,success,12,1,1,hazard,0,0.3333,0.3333,0.3333
B,3,424,success,26,1,1,hazard,0,0.0,0.5385,0.4615
B,3,425,success,32,1,1,hazard,0,0.5,0.125,0.375
B,3,426,success,28,1,1,hazard,0,0.1429,0.4286,0.4286
B,3,427,success,33,1,1,hazard,0,0.2424,0.6364,0.1212
B,3,428,success,38,1,1,hazard,0,0.1053,0.4737,0.4211
B,3,429,success,36,1,1,hazard,0,0.4444,0.3333,0.2222
B,3,430,success,30,1,1,hazard,0,0.0,0.2,0.8
B,3,431,lava,1,0,0,key_door,1,0.0,0.0,1.0
B,3,432,success,66,1,1,hazard,0,0.1212,0.5152,0.3636
B,3,433,ball,57,1,1,hazard,0,0.0702,0.7895,0.1404
B,3,434,success,58,1,1,hazard,0,0.069,0.7931,0.1379
B,3,435,success,20,1,1,hazard,0,0.4,0.4,0.2
B,3,436,success,21,1,1,hazard,0,0.1905,0.4286,0.381
B,3,437,lava,4,0,0,key_door,1,0.0,0.0,1.0
B,3,438,lava,7,0,0,key_door,1,0.0,0.0,1.0
B,3,439,success,27,1,1,hazard,0,0.1481,0.4074,0.4444
B,3,440,lava,3,0,0,key_door,1,0.0,0.0,1.0
B,3,441,success,19,1,1,hazard,0,0.4211,0.3684,0.2105
B,3,442,success,19,1,1,hazard,0,0.2105,0.1579,0.6316
B,3,443,lava,3,0,0,key_door,1,0.0,0.0,1.0
B,3,444,success,19,1,1,hazard,0,0.0,0.3684,0.6316
B,3,445,lava,154,1,1,navigate,1,0.013,0.8052,0.1818
B,3,446,success,33,1,1,hazard,0,0.1212,0.5152,0.3636
B,3,447,success,65,1,1,hazard,0,0.1231,0.7538,0.1231
B,3,448,success,48,1,1,hazard,0,0.0833,0.6667,0.25
B,3,449,success,21,1,1,hazard,0,0.1905,0.2381,0.5714
B,3,450,success,26,1,1,hazard,0,0.3077,0.3846,0.3077
B,3,451,ball,54,1,1,hazard,0,0.2963,0.1852,0.5185
B,3,452,lava,2,0,0,navigate,1,1.0,0.0,0.0
B,3,453,success,27,1,1,hazard,0,0.2963,0.4074,0.2963
B,3,454,timeout,196,1,1,hazard,0,0.7755,0.0816,0.1429
B,3,455,success,15,1,1,hazard,0,0.0,0.2,0.8
B,3,456,lava,1,0,0,key_door,1,0.0,0.0,1.0
B,3,457,success,57,1,1,hazard,0,0.1404,0.6491,0.2105
B,3,458,success,80,1,1,hazard,0,0.1,0.8,0.1
B,3,459,success,26,1,1,hazard,0,0.3077,0.2308,0.4615
B,3,460,lava,2,0,0,key_door,1,0.0,0.0,1.0
B,3,461,success,30,1,1,hazard,0,0.0,0.7333,0.2667
B,3,462,success,42,1,1,hazard,0,0.1905,0.7143,0.0952
B,3,463,success,15,1,1,hazard,0,0.5333,0.2,0.2667
B,3,464,success,24,1,1,hazard,0,0.3333,0.5,0.1667
B,3,465,lava,4,0,0,key_door,1,0.0,0.0,1.0
B,3,466,success,12,1,1,hazard,0,0.3333,0.3333,0.3333
B,3,467,lava,12,0,0,key_door,1,0.0,0.0,1.0
B,3,468,success,32,1,1,hazard,0,0.25,0.625,0.125
B,3,469,success,30,1,1,hazard,0,0.0,0.2,0.8
B,3,470,success,13,1,1,hazard,0,0.3077,0.0769,0.6154
B,3,471,success,25,1,1,hazard,0,0.0,0.36,0.64
B,3,472,success,23,1,1,hazard,0,0.0,0.4783,0.5217
B,3,473,lava,56,1,1,hazard,0,0.0714,0.6429,0.2857
B,3,474,success,41,1,1,hazard,0,0.0,0.6098,0.3902
B,3,475,lava,9,0,0,key_door,1,0.8889,0.0,0.1111
B,3,476,success,19,1,1,hazard,0,0.2105,0.3684,0.4211
B,3,477,timeout,196,1,1,hazard,0,0.0204,0.8163,0.1633
B,3,478,success,49,1,1,hazard,0,0.0816,0.6735,0.2449
B,3,479,lava,22,0,0,key_door,1,0.3636,0.1818,0.4545
B,3,480,success,38,1,1,hazard,0,0.0,0.4737,0.5263
B,3,481,success,24,1,1,hazard,0,0.0,0.5,0.5
B,3,482,ball,79,1,1,hazard,0,0.0,0.8481,0.1519
B,3,483,success,22,1,1,hazard,0,0.1818,0.2727,0.5455
B,3,484,success,20,1,1,hazard,0,0.2,0.4,0.4
B,3,485,ball,16,1,1,key_door,1,0.25,0.0,0.75
B,3,486,success,33,1,1,hazard,0,0.2424,0.3939,0.3636
B,3,487,ball,66,1,1,hazard,0,0.0606,0.8182,0.1212
B,3,488,success,15,1,1,hazard,0,0.0,0.2,0.8
B,3,489,success,22,1,1,hazard,0,0.1818,0.2727,0.5455
B,3,490,success,33,1,1,hazard,0,0.2424,0.6364,0.1212
B,3,491,ball,23,1,1,navigate,1,0.3043,0.1739,0.5217
B,3,492,success,23,1,1,hazard,0,0.1739,0.1304,0.6957
B,3,493,success,52,1,1,hazard,0,0.1538,0.6154,0.2308
B,3,494,success,14,1,1,hazard,0,0.0,0.4286,0.5714
B,3,495,success,39,1,1,hazard,0,0.6154,0.0769,0.3077
B,3,496,success,17,1,1,hazard,0,0.4706,0.0588,0.4706
B,3,497,lava,3,0,0,key_door,1,0.0,0.0,1.0
B,3,498,success,17,1,1,hazard,0,0.2353,0.2941,0.4706
B,3,499,success,9,1,1,hazard,0,0.0,0.1111,0.8889
B,4,0,success,17,1,1,hazard,0,0.4706,0.0588,0.4706
B,4,1,success,23,1,1,hazard,0,0.3478,0.4783,0.1739
B,4,2,timeout,196,1,1,hazard,0,0.0,0.9388,0.0612
B,4,3,ball,24,1,1,navigate,1,0.6667,0.1667,0.1667
B,4,4,ball,76,1,1,hazard,0,0.0,0.8947,0.1053
B,4,5,lava,6,1,0,key_door,1,0.0,0.0,1.0
B,4,6,ball,16,1,1,navigate,1,0.5,0.0,0.5
B,4,7,lava,7,1,0,key_door,1,0.0,0.0,1.0
B,4,8,success,44,1,1,hazard,0,0.0909,0.6364,0.2727
B,4,9,success,30,1,1,hazard,0,0.1333,0.6,0.2667
B,4,10,ball,28,1,1,navigate,1,0.7143,0.0,0.2857
B,4,11,lava,36,1,1,hazard,0,0.1111,0.3333,0.5556
B,4,12,lava,1,0,0,key_door,1,0.0,0.0,1.0
B,4,13,timeout,196,1,1,hazard,0,0.0612,0.8163,0.1224
B,4,14,success,72,1,1,hazard,0,0.0,0.5,0.5
B,4,15,success,24,1,1,hazard,0,0.3333,0.1667,0.5
B,4,16,lava,4,0,0,key_door,1,0.0,0.0,1.0
B,4,17,lava,27,1,1,hazard,0,0.1481,0.5556,0.2963
B,4,18,timeout,196,1,1,hazard,0,0.0204,0.9184,0.0612
B,4,19,success,26,1,1,hazard,0,0.0,0.5385,0.4615
B,4,20,success,16,1,1,hazard,0,0.25,0.25,0.5
B,4,21,success,21,1,1,hazard,0,0.0,0.2381,0.7619
B,4,22,success,35,1,1,hazard,0,0.2286,0.5429,0.2286
B,4,23,lava,3,0,0,key_door,1,0.0,0.0,1.0
B,4,24,success,27,1,1,hazard,0,0.1481,0.4074,0.4444
B,4,25,ball,20,1,1,key_door,1,0.0,0.0,1.0
B,4,26,success,29,1,1,hazard,0,0.2759,0.4483,0.2759
B,4,27,success,13,1,1,hazard,0,0.0,0.0769,0.9231
B,4,28,success,18,1,1,hazard,0,0.0,0.1111,0.8889
B,4,29,ball,32,1,1,key_door,1,0.0,0.5,0.5
B,4,30,success,25,1,1,hazard,0,0.0,0.52,0.48
B,4,31,timeout,196,1,1,hazard,0,0.0204,0.9592,0.0204
B,4,32,success,15,1,1,hazard,0,0.0,0.4667,0.5333
B,4,33,success,24,1,1,hazard,0,0.0,0.5,0.5
B,4,34,lava,2,0,0,key_door,1,0.0,0.0,1.0
B,4,35,lava,10,0,0,key_door,1,0.0,0.0,1.0
B,4,36,timeout,196,1,1,hazard,0,0.0408,0.8776,0.0816
B,4,37,success,26,1,1,hazard,0,0.3077,0.2308,0.4615
B,4,38,success,26,1,1,hazard,0,0.0,0.3846,0.6154
B,4,39,lava,8,1,0,key_door,1,0.0,0.0,1.0
B,4,40,ball,12,1,1,key_door,1,0.0,0.0,1.0
B,4,41,success,22,1,1,hazard,0,0.0,0.2727,0.7273
B,4,42,success,42,1,1,hazard,0,0.0,0.619,0.381
B,4,43,success,11,1,1,hazard,0,0.3636,0.2727,0.3636
B,4,44,lava,7,0,0,key_door,1,0.0,0.0,1.0
B,4,45,success,12,1,1,navigate,0,0.3333,0.0,0.6667
B,4,46,success,16,1,1,hazard,0,0.25,0.25,0.5
B,4,47,ball,19,1,1,navigate,1,0.3684,0.0,0.6316
B,4,48,success,44,1,1,hazard,0,0.0,0.2727,0.7273
B,4,49,ball,12,1,1,navigate,1,0.3333,0.0,0.6667
B,4,50,success,29,1,1,hazard,0,0.4138,0.1724,0.4138
B,4,51,success,17,1,1,hazard,0,0.4706,0.2941,0.2353
B,4,52,lava,102,1,1,hazard,0,0.0392,0.8824,0.0784
B,4,53,success,25,1,1,hazard,0,0.32,0.2,0.48
B,4,54,success,21,1,1,hazard,0,0.381,0.2381,0.381
B,4,55,success,16,1,1,hazard,0,0.0,0.25,0.75
B,4,56,ball,19,1,1,key_door,1,0.0,0.0,1.0
B,4,57,success,37,1,1,hazard,0,0.0,0.6757,0.3243
B,4,58,timeout,196,1,1,hazard,0,0.0,0.9592,0.0408
B,4,59,success,23,1,1,hazard,0,0.0,0.1304,0.8696
B,4,60,success,30,1,1,hazard,0,0.1333,0.6,0.2667
B,4,61,success,31,1,1,hazard,0,0.0,0.6129,0.3871
B,4,62,success,23,1,1,hazard,0,0.3478,0.4783,0.1739
B,4,63,success,32,1,1,hazard,0,0.125,0.5,0.375
B,4,64,success,30,1,1,hazard,0,0.2667,0.2,0.5333
B,4,65,success,38,1,1,hazard,0,0.2105,0.5789,0.2105
B,4,66,success,18,1,1,hazard,0,0.0,0.3333,0.6667
B,4,67,success,16,1,1,hazard,0,0.25,0.25,0.5
B,4,68,success,19,1,1,hazard,0,0.2105,0.1579,0.6316
B,4,69,lava,8,0,0,key_door,1,0.0,0.0,1.0
B,4,70,success,25,1,1,hazard,0,0.16,0.2,0.64
B,4,71,lava,18,1,0,navigate,1,0.1111,0.0,0.8889
B,4,72,success,22,1,1,hazard,0,0.1818,0.4545,0.3636
B,4,73,success,14,1,1,hazard,0,0.2857,0.1429,0.5714
B,4,74,ball,12,1,1,navigate,1,0.6667,0.0,0.3333
B,4,75,success,20,1,1,navigate,0,0.6,0.0,0.4
B,4,76,success,26,1,1,hazard,0,0.1538,0.2308,0.6154
B,4,77,success,22,1,1,hazard,0,0.0,0.2727,0.7273
B,4,78,lava,14,1,0,navigate,1,0.1429,0.0,0.8571
B,4,79,success,32,1,1,hazard,0,0.0,0.375,0.625
B,4,80,success,34,1,1,hazard,0,0.1176,0.6471,0.2353
B,4,81,success,41,1,1,hazard,0,0.0976,0.6098,0.2927
B,4,82,lava,21,1,1,hazard,0,0.1905,0.2381,0.5714
B,4,83,success,66,1,1,hazard,0,0.1212,0.6364,0.2424
B,4,84,success,18,1,1,hazard,0,0.2222,0.5556,0.2222
B,4,85,success,42,1,1,hazard,0,0.0,0.4286,0.5714
B,4,86,success,13,1,1,hazard,0,0.3077,0.3846,0.3077
B,4,87,success,16,1,1,hazard,0,0.25,0.25,0.5
B,4,88,ball,16,1,1,navigate,1,0.5,0.0,0.5
B,4,89,ball,24,1,1,key_door,1,0.0,0.1667,0.8333
B,4,90,success,22,1,1,hazard,0,0.1818,0.0909,0.7273
B,4,91,success,9,1,1,hazard,0,0.4444,0.1111,0.4444
B,4,92,success,32,1,1,hazard,0,0.125,0.5,0.375
B,4,93,ball,7,1,1,key_door,1,0.0,0.0,1.0
B,4,94,lava,12,1,0,key_door,1,0.0,0.0,1.0
B,4,95,ball,11,1,1,navigate,1,0.2727,0.3636,0.3636
B,4,96,timeout,196,1,1,hazard,0,0.0204,0.9184,0.0612
B,4,97,success,136,1,1,hazard,0,0.0,0.8824,0.1176
B,4,98,success,96,1,1,hazard,0,0.0,0.75,0.25
B,4,99,success,51,1,1,hazard,0,0.0,0.6863,0.3137
B,4,100,success,14,1,1,hazard,0,0.2857,0.1429,0.5714
B,4,101,success,24,1,1,hazard,0,0.3333,0.3333,0.3333
B,4,102,success,23,1,1,hazard,0,0.1739,0.4783,0.3478
B,4,103,lava,9,1,0,navigate,1,0.1111,0.0,0.8889
B,4,104,ball,114,1,1,hazard,0,0.0351,0.8947,0.0702
B,4,105,success,8,1,1,navigate,0,0.5,0.0,0.5
B,4,106,success,21,1,1,hazard,0,0.381,0.4286,0.1905
B,4,107,success,17,1,1,hazard,0,0.4706,0.0588,0.4706
B,4,108,success,16,1,1,hazard,0,0.25,0.25,0.5
B,4,109,success,101,1,1,hazard,0,0.0,0.7228,0.2772
B,4,110,success,18,1,1,hazard,0,0.2222,0.1111,0.6667
B,4,111,success,15,1,1,hazard,0,0.0,0.2,0.8
B,4,112,success,67,1,1,hazard,0,0.0597,0.7015,0.2388
B,4,113,success,19,1,1,hazard,0,0.4211,0.3684,0.2105
B,4,114,ball,8,1,1,navigate,1,0.5,0.0,0.5
B,4,115,success,21,1,1,hazard,0,0.1905,0.0476,0.7619
B,4,116,success,44,1,1,hazard,0,0.0,0.3636,0.6364
B,4,117,success,36,1,1,hazard,0,0.0,0.5556,0.4444
B,4,118,lava,13,0,0,key_door,1,0.0,0.0,1.0
B,4,119,lava,10,0,0,key_door,1,0.0,0.0,1.0
B,4,120,success,11,1,1,hazard,0,0.3636,0.2727,0.3636
B,4,121,success,27,1,1,hazard,0,0.2963,0.4074,0.2963
B,4,122,timeout,196,1,1,hazard,0,0.0204,0.9388,0.0408
B,4,123,success,36,1,1,hazard,0,0.2222,0.2222,0.5556
B,4,124,success,41,1,1,hazard,0,0.0,0.7073,0.2927
B,4,125,success,15,1,1,hazard,0,0.0,0.4667,0.5333
B,4,126,success,11,1,1,hazard,0,0.0,0.6364,0.3636
B,4,127,ball,20,1,1,key_door,1,0.2,0.0,0.8
B,4,128,success,29,1,1,hazard,0,0.1379,0.3103,0.5517
B,4,129,success,14,1,1,hazard,0,0.2857,0.4286,0.2857
B,4,130,success,37,1,1,hazard,0,0.1081,0.6757,0.2162
B,4,131,lava,10,0,0,key_door,1,0.0,0.0,1.0
B,4,132,success,27,1,1,hazard,0,0.2963,0.4074,0.2963
B,4,133,ball,27,1,1,key_door,1,0.0,0.2963,0.7037
B,4,134,success,37,1,1,hazard,0,0.1081,0.2432,0.6486
B,4,135,success,37,1,1,hazard,0,0.1081,0.5676,0.3243
B,4,136,lava,10,0,0,key_door,1,0.0,0.0,1.0
B,4,137,lava,4,0,0,key_door,1,0.0,0.0,1.0
B,4,138,ball,16,1,1,navigate,1,0.5,0.0,0.5
B,4,139,success,17,1,1,hazard,0,0.2353,0.2941,0.4706
B,4,140,ball,15,1,1,key_door,1,0.0,0.0,1.0
B,4,141,success,40,1,1,hazard,0,0.1,0.4,0.5
B,4,142,success,13,1,1,hazard,0,0.3077,0.3846,0.3077
B,4,143,success,25,1,1,hazard,0,0.32,0.04,0.64
B,4,144,success,38,1,1,hazard,0,0.2105,0.2632,0.5263
B,4,145,success,38,1,1,hazard,0,0.2105,0.5789,0.2105
B,4,146,success,17,1,1,hazard,0,0.2353,0.2941,0.4706
B,4,147,success,28,1,1,hazard,0,0.1429,0.2857,0.5714
B,4,148,success,19,1,1,hazard,0,0.0,0.1579,0.8421
B,4,149,ball,16,1,1,navigate,1,0.25,0.0,0.75
B,4,150,success,17,1,1,hazard,0,0.2353,0.2941,0.4706
B,4,151,success,31,1,1,hazard,0,0.129,0.4839,0.3871
B,4,152,success,30,1,1,hazard,0,0.0,0.3333,0.6667
B,4,153,success,35,1,1,hazard,0,0.1143,0.5429,0.3429
B,4,154,success,17,1,1,hazard,0,0.2353,0.2941,0.4706
B,4,155,success,18,1,1,hazard,0,0.0,0.5556,0.4444
B,4,156,success,17,1,1,hazard,0,0.0,0.5294,0.4706
B,4,157,success,11,1,1,hazard,0,0.0,0.2727,0.7273
B,4,158,ball,12,1,1,navigate,1,0.6667,0.0,0.3333
B,4,159,lava,4,1,0,key_door,1,0.0,0.0,1.0
B,4,160,lava,7,1,0,key_door,1,0.0,0.0,1.0
B,4,161,success,50,1,1,hazard,0,0.0,0.6,0.4
B,4,162,success,33,1,1,hazard,0,0.1212,0.6364,0.2424
B,4,163,success,47,1,1,hazard,0,0.0,0.8298,0.1702
B,4,164,success,38,1,1,hazard,0,0.1053,0.1579,0.7368
B,4,165,success,18,1,1,hazard,0,0.4444,0.1111,0.4444
B,4,166,success,12,1,1,hazard,0,0.3333,0.3333,0.3333
B,4,167,lava,2,0,0,key_door,1,0.0,0.0,1.0
B,4,168,success,12,1,1,hazard,0,0.0,0.3333,0.6667
B,4,169,ball,16,1,1,navigate,1,0.25,0.0,0.75
B,4,170,success,135,1,1,hazard,0,0.0296,0.8815,0.0889
B,4,171,success,22,1,1,hazard,0,0.1818,0.4545,0.3636
B,4,172,lava,12,0,0,key_door,1,0.0,0.0,1.0
B,4,173,success,23,1,1,hazard,0,0.0,0.6522,0.3478
B,4,174,success,45,1,1,hazard,0,0.1778,0.5556,0.2667
B,4,175,lava,19,1,0,key_door,1,0.2105,0.0,0.7895
B,4,176,ball,23,1,1,hazard,0,0.1739,0.3043,0.5217
B,4,177,success,28,1,1,hazard,0,0.1429,0.4286,0.4286
B,4,178,success,26,1,1,hazard,0,0.0,0.3846,0.6154
B,4,179,success,25,1,1,hazard,0,0.0,0.36,0.64
B,4,180,success,47,1,1,hazard,0,0.1702,0.6596,0.1702
B,4,181,success,17,1,1,hazard,0,0.2353,0.2941,0.4706
B,4,182,success,14,1,1,hazard,0,0.5714,0.1429,0.2857
B,4,183,success,48,1,1,hazard,0,0.1667,0.4167,0.4167
B,4,184,lava,8,0,0,key_door,1,0.0,0.0,1.0
B,4,185,success,22,1,1,hazard,0,0.0,0.2727,0.7273
B,4,186,success,23,1,1,hazard,0,0.1739,0.4783,0.3478
B,4,187,success,31,1,1,hazard,0,0.0,0.6129,0.3871
B,4,188,timeout,196,1,1,hazard,0,0.0408,0.898,0.0612
B,4,189,lava,3,0,0,key_door,1,0.0,0.0,1.0
B,4,190,success,53,1,1,hazard,0,0.0,0.6226,0.3774
B,4,191,success,20,1,1,hazard,0,0.4,0.4,0.2
B,4,192,success,28,1,1,hazard,0,0.1429,0.4286,0.4286
B,4,193,success,26,1,1,hazard,0,0.1538,0.6923,0.1538
B,4,194,success,22,1,1,hazard,0,0.1818,0.2727,0.5455
B,4,195,success,32,1,1,hazard,0,0.125,0.625,0.25
B,4,196,success,49,1,1,hazard,0,0.0816,0.7551,0.1633
B,4,197,success,27,1,1,hazard,0,0.0,0.5556,0.4444
B,4,198,success,21,1,1,hazard,0,0.0,0.619,0.381
B,4,199,ball,16,1,1,navigate,1,0.5,0.25,0.25
B,4,200,success,21,1,1,hazard,0,0.1905,0.619,0.1905
B,4,201,lava,8,0,0,key_door,1,0.0,0.0,1.0
B,4,202,success,32,1,1,hazard,0,0.125,0.75,0.125
B,4,203,success,35,1,1,hazard,0,0.1143,0.3143,0.5714
B,4,204,success,29,1,1,hazard,0,0.0,0.5862,0.4138
B,4,205,success,16,1,1,hazard,0,0.0,0.25,0.75
B,4,206,ball,12,1,1,navigate,1,0.3333,0.0,0.6667
B,4,207,success,12,1,1,hazard,0,0.3333,0.3333,0.3333
B,4,208,success,17,1,1,hazard,0,0.0,0.0588,0.9412
B,4,209,success,27,1,1,hazard,0,0.0,0.5556,0.4444
B,4,210,success,52,1,1,hazard,0,0.0,0.6923,0.3077
B,4,211,lava,6,0,0,key_door,1,0.0,0.0,1.0
B,4,212,success,27,1,1,hazard,0,0.1481,0.2593,0.5926
B,4,213,success,96,1,1,hazard,0,0.0,0.3333,0.6667
B,4,214,success,47,1,1,hazard,0,0.0851,0.6596,0.2553
B,4,215,success,31,1,1,hazard,0,0.0,0.3548,0.6452
B,4,216,success,33,1,1,hazard,0,0.0,0.5152,0.4848
B,4,217,lava,2,0,0,key_door,1,0.0,0.0,1.0
B,4,218,lava,7,0,0,key_door,1,0.0,0.0,1.0
B,4,219,success,29,1,1,hazard,0,0.0,0.5862,0.4138
B,4,220,success,16,1,1,hazard,0,0.25,0.5,0.25
B,4,221,lava,6,0,0,key_door,1,0.0,0.0,1.0
B,4,222,ball,14,1,1,hazard,0,0.2857,0.1429,0.5714
B,4,223,ball,16,1,1,navigate,1,0.5,0.0,0.5
B,4,224,success,17,1,1,hazard,0,0.0,0.5294,0.4706
B,4,225,success,42,1,1,hazard,0,0.0,0.7143,0.2857
B,4,226,success,14,1,1,hazard,0,0.0,0.4286,0.5714
B,4,227,success,33,1,1,hazard,0,0.0,0.6364,0.3636
B,4,228,lava,14,0,0,key_door,1,0.0,0.0,1.0
B,4,229,lava,3,0,0,key_door,1,0.0,0.0,1.0
B,4,230,success,39,1,1,hazard,0,0.1026,0.6923,0.2051
B,4,231,success,32,1,1,hazard,0,0.125,0.375,0.5
B,4,232,ball,20,1,1,navigate,1,0.4,0.0,0.6
B,4,233,success,164,1,1,hazard,0,0.3415,0.0976,0.561
B,4,234,success,18,1,1,hazard,0,0.2222,0.1111,0.6667
B,4,235,success,14,1,1,hazard,0,0.0,0.1429,0.8571
B,4,236,ball,15,1,1,navigate,1,0.2,0.2667,0.5333
B,4,237,ball,15,1,1,key_door,1,0.0,0.0,1.0
B,4,238,success,48,1,1,hazard,0,0.0,0.3333,0.6667
B,4,239,success,13,1,1,hazard,0,0.3077,0.3846,0.3077
B,4,240,lava,50,0,0,key_door,1,0.64,0.0,0.36
B,4,241,success,20,1,1,hazard,0,0.0,0.4,0.6
B,4,242,success,33,1,1,hazard,0,0.1212,0.5152,0.3636
B,4,243,lava,1,0,0,key_door,1,0.0,0.0,1.0
B,4,244,success,29,1,1,hazard,0,0.1379,0.7241,0.1379
B,4,245,success,12,1,1,navigate,0,0.3333,0.3333,0.3333
B,4,246,success,43,1,1,hazard,0,0.0,0.7209,0.2791
B,4,247,success,39,1,1,hazard,0,0.0,0.0769,0.9231
B,4,248,success,12,1,1,hazard,0,0.3333,0.3333,0.3333
B,4,249,success,22,1,1,hazard,0,0.0,0.4545,0.5455
B,4,250,success,23,1,1,hazard,0,0.1739,0.1304,0.6957
B,4,251,ball,11,1,1,navigate,1,0.2727,0.0,0.7273
B,4,252,success,29,1,1,hazard,0,0.1379,0.1724,0.6897
B,4,253,ball,38,1,1,navigate,1,0.0526,0.3158,0.6316
B,4,254,timeout,196,1,1,hazard,0,0.0612,0.898,0.0408
B,4,255,success,26,1,1,hazard,0,0.1538,0.3846,0.4615
B,4,256,success,26,1,1,hazard,0,0.0,0.5385,0.4615
B,4,257,lava,7,1,0,navigate,1,0.4286,0.0,0.5714
B,4,258,success,53,1,1,hazard,0,0.0,0.7736,0.2264
B,4,259,lava,1,0,0,key_door,1,0.0,0.0,1.0
B,4,260,success,35,1,1,hazard,0,0.0,0.6571,0.3429
B,4,261,success,62,1,1,hazard,0,0.0,0.8065,0.1935
B,4,262,success,83,1,1,hazard,0,0.0,0.8554,0.1446
B,4,263,success,27,1,1,hazard,0,0.1481,0.5556,0.2963
B,4,264,timeout,196,1,1,hazard,0,0.0204,0.898,0.0816
B,4,265,success,15,1,1,hazard,0,0.0,0.2,0.8
B,4,266,ball,28,1,1,key_door,1,0.0,0.0,1.0
B,4,267,lava,162,1,1,hazard,0,0.2963,0.4815,0.2222
B,4,268,success,11,1,1,hazard,0,0.3636,0.2727,0.3636
B,4,269,success,21,1,1,hazard,0,0.0,0.2381,0.7619
B,4,270,success,51,1,1,hazard,0,0.0784,0.6863,0.2353
B,4,271,lava,33,0,0,key_door,1,0.7273,0.0,0.2727
B,4,272,success,36,1,1,hazard,0,0.2222,0.3333,0.4444
B,4,273,success,33,1,1,hazard,0,0.3636,0.1515,0.4848
B,4,274,lava,38,1,1,hazard,0,0.0,0.5789,0.4211
B,4,275,success,17,1,1,hazard,0,0.0,0.2941,0.7059
B,4,276,success,14,1,1,hazard,0,0.2857,0.4286,0.2857
B,4,277,success,31,1,1,hazard,0,0.0,0.7419,0.2581
B,4,278,success,56,1,1,hazard,0,0.0,0.7143,0.2857
B,4,279,success,14,1,1,hazard,0,0.0,0.4286,0.5714
B,4,280,lava,4,0,0,key_door,1,0.0,0.0,1.0
B,4,281,success,26,1,1,hazard,0,0.0,0.2308,0.7692
B,4,282,success,18,1,1,hazard,0,0.2222,0.3333,0.4444
B,4,283,success,20,1,1,hazard,0,0.0,0.4,0.6
B,4,284,success,19,1,1,hazard,0,0.0,0.1579,0.8421
B,4,285,success,18,1,1,hazard,0,0.2222,0.3333,0.4444
B,4,286,timeout,196,1,1,hazard,0,0.0,0.8776,0.1224
B,4,287,success,40,1,1,hazard,0,0.1,0.7,0.2
B,4,288,success,34,1,1,hazard,0,0.2353,0.5294,0.2353
B,4,289,success,15,1,1,hazard,0,0.0,0.4667,0.5333
B,4,290,lava,2,0,0,key_door,1,0.0,0.0,1.0
B,4,291,success,28,1,1,hazard,0,0.2857,0.5714,0.1429
B,4,292,ball,19,1,1,navigate,1,0.3684,0.0,0.6316
B,4,293,success,21,1,1,hazard,0,0.381,0.0476,0.5714
B,4,294,success,15,1,1,hazard,0,0.2667,0.2,0.5333
B,4,295,lava,2,0,0,key_door,1,0.0,0.0,1.0
B,4,296,lava,5,0,0,key_door,1,0.0,0.0,1.0
B,4,297,success,18,1,1,hazard,0,0.0,0.5556,0.4444
B,4,298,lava,9,1,0,key_door,1,0.0,0.0,1.0
B,4,299,ball,64,1,1,hazard,0,0.0,0.75,0.25
B,4,300,lava,3,0,0,key_door,1,0.0,0.0,1.0
B,4,301,success,15,1,1,hazard,0,0.2667,0.4667,0.2667
B,4,302,success,23,1,1,hazard,0,0.1739,0.3043,0.5217
B,4,303,success,19,1,1,hazard,0,0.2105,0.1579,0.6316
B,4,304,success,18,1,1,hazard,0,0.0,0.3333,0.6667
B,4,305,lava,10,1,0,key_door,1,0.4,0.0,0.6
B,4,306,lava,9,1,0,navigate,1,0.1111,0.0,0.8889
B,4,307,success,19,1,1,hazard,0,0.4211,0.3684,0.2105
B,4,308,lava,3,0,0,key_door,1,0.0,0.0,1.0
B,4,309,success,8,1,1,navigate,0,0.5,0.0,0.5
B,4,310,success,25,1,1,hazard,0,0.0,0.2,0.8
B,4,311,success,27,1,1,hazard,0,0.1481,0.7037,0.1481
B,4,312,success,27,1,1,hazard,0,0.0,0.4074,0.5926
B,4,313,ball,12,1,1,key_door,1,0.0,0.0,1.0
B,4,314,success,52,1,1,hazard,0,0.0769,0.8462,0.0769
B,4,315,lava,53,0,0,key_door,1,0.3774,0.0,0.6226
B,4,316,success,34,1,1,hazard,0,0.1176,0.6471,0.2353
B,4,317,success,51,1,1,hazard,0,0.1569,0.6078,0.2353
B,4,318,success,19,1,1,hazard,0,0.2105,0.3684,0.4211
B,4,319,success,28,1,1,hazard,0,0.1429,0.2857,0.5714
B,4,320,success,15,1,1,hazard,0,0.2667,0.2,0.5333
B,4,321,timeout,196,1,1,hazard,0,0.102,0.8163,0.0816
B,4,322,success,43,1,1,hazard,0,0.093,0.814,0.093
B,4,323,success,13,1,1,hazard,0,0.0,0.3846,0.6154
B,4,324,ball,23,1,1,navigate,1,0.3043,0.0,0.6957
B,4,325,success,34,1,1,hazard,0,0.0,0.7647,0.2353
B,4,326,success,16,1,1,hazard,0,0.25,0.25,0.5
B,4,327,success,16,1,1,hazard,0,0.0,0.5,0.5
B,4,328,success,31,1,1,hazard,0,0.129,0.4839,0.3871
B,4,329,lava,3,1,0,key_door,1,0.0,0.0,1.0
B,4,330,success,23,1,1,hazard,0,0.1739,0.1304,0.6957
B,4,331,lava,39,1,1,hazard,0,0.1026,0.2821,0.6154
B,4,332,lava,45,1,1,hazard,0,0.0,0.6444,0.3556
B,4,333,success,28,1,1,hazard,0,0.2857,0.1429,0.5714
B,4,334,success,28,1,1,hazard,0,0.1429,0.2857,0.5714
B,4,335,success,56,1,1,hazard,0,0.0714,0.8571,0.0714
B,4,336,success,19,1,1,hazard,0,0.4211,0.1579,0.4211
B,4,337,success,17,1,1,hazard,0,0.0,0.5294,0.4706
B,4,338,ball,16,1,1,navigate,1,0.5,0.0,0.5
B,4,339,success,24,1,1,hazard,0,0.1667,0.3333,0.5
B,4,340,success,22,1,1,hazard,0,0.0,0.2727,0.7273
B,4,341,lava,11,0,0,key_door,1,0.0,0.0,1.0
B,4,342,success,23,1,1,hazard,0,0.0,0.1304,0.8696
B,4,343,success,20,1,1,hazard,0,0.2,0.4,0.4
B,4,344,success,12,1,1,navigate,0,0.3333,0.0,0.6667
B,4,345,success,12,1,1,hazard,0,0.0,0.3333,0.6667
B,4,346,lava,1,0,0,key_door,1,0.0,0.0,1.0
B,4,347,success,66,1,1,hazard,0,0.1212,0.0303,0.8485
B,4,348,success,17,1,1,hazard,0,0.0,0.2941,0.7059
B,4,349,success,24,1,1,hazard,0,0.0,0.3333,0.6667
B,4,350,lava,5,0,0,key_door,1,0.0,0.0,1.0
B,4,351,lava,3,0,0,key_door,1,0.0,0.0,1.0
B,4,352,ball,16,1,1,navigate,1,0.5,0.25,0.25
B,4,353,success,21,1,1,hazard,0,0.381,0.2381,0.381
B,4,354,lava,1,0,0,key_door,1,0.0,0.0,1.0
B,4,355,ball,12,1,1,key_door,1,0.3333,0.0,0.6667
B,4,356,lava,71,1,1,hazard,0,0.0563,0.5493,0.3944
B,4,357,success,42,1,1,hazard,0,0.2857,0.5238,0.1905
B,4,358,success,24,1,1,hazard,0,0.1667,0.3333,0.5
B,4,359,success,23,1,1,hazard,0,0.3478,0.1304,0.5217
B,4,360,success,20,1,1,hazard,0,0.0,0.2,0.8
B,4,361,success,13,1,1,hazard,0,0.0,0.3846,0.6154
B,4,362,success,41,1,1,hazard,0,0.2927,0.4146,0.2927
B,4,363,success,18,1,1,hazard,0,0.0,0.3333,0.6667
B,4,364,ball,16,1,1,key_door,1,0.0,0.0,1.0
B,4,365,lava,5,0,0,key_door,1,0.0,0.0,1.0
B,4,366,lava,4,1,0,key_door,1,0.0,0.0,1.0
B,4,367,success,63,1,1,hazard,0,0.0635,0.6825,0.254
B,4,368,success,31,1,1,hazard,0,0.5161,0.2258,0.2581
B,4,369,success,15,1,1,hazard,0,0.0,0.2,0.8
B,4,370,success,8,1,1,navigate,0,0.5,0.0,0.5
B,4,371,success,33,1,1,hazard,0,0.2424,0.6364,0.1212
B,4,372,lava,10,1,0,navigate,1,0.2,0.0,0.8
B,4,373,lava,29,1,1,hazard,0,0.1379,0.7241,0.1379
B,4,374,success,68,1,1,hazard,0,0.0,0.4706,0.5294
B,4,375,ball,11,1,1,key_door,1,0.0,0.0,1.0
B,4,376,lava,10,1,0,key_door,1,0.0,0.0,1.0
B,4,377,success,31,1,1,hazard,0,0.0,0.7419,0.2581
B,4,378,success,76,1,1,hazard,0,0.0526,0.6316,0.3158
B,4,379,success,20,1,1,hazard,0,0.0,0.4,0.6
B,4,380,success,50,1,1,hazard,0,0.24,0.28,0.48
B,4,381,success,17,1,1,hazard,0,0.4706,0.2941,0.2353
B,4,382,success,23,1,1,hazard,0,0.0,0.1304,0.8696
B,4,383,success,25,1,1,hazard,0,0.32,0.04,0.64
B,4,384,ball,19,1,1,navigate,1,0.1579,0.0,0.8421
B,4,385,lava,3,0,0,key_door,1,0.0,0.0,1.0
B,4,386,success,25,1,1,hazard,0,0.0,0.68,0.32
B,4,387,success,21,1,1,hazard,0,0.1905,0.2381,0.5714
B,4,388,success,15,1,1,hazard,0,0.2667,0.2,0.5333
B,4,389,success,49,1,1,hazard,0,0.0,0.7551,0.2449
B,4,390,lava,4,0,0,key_door,1,0.0,0.0,1.0
B,4,391,lava,9,1,0,navigate,1,0.1111,0.0,0.8889
B,4,392,lava,8,1,0,key_door,1,0.0,0.0,1.0
B,4,393,success,30,1,1,hazard,0,0.2667,0.6,0.1333
B,4,394,success,21,1,1,hazard,0,0.0,0.4286,0.5714
B,4,395,success,15,1,1,hazard,0,0.2667,0.2,0.5333
B,4,396,success,36,1,1,hazard,0,0.1111,0.3333,0.5556
B,4,397,ball,20,1,1,navigate,1,0.2,0.0,0.8
B,4,398,success,48,1,1,hazard,0,0.0833,0.75,0.1667
B,4,399,ball,8,1,1,navigate,1,0.5,0.0,0.5
B,4,400,success,15,1,1,hazard,0,0.2667,0.2,0.5333
B,4,401,success,14,1,1,hazard,0,0.2857,0.1429,0.5714
B,4,402,success,26,1,1,hazard,0,0.1538,0.3846,0.4615
B,4,403,success,30,1,1,hazard,0,0.2667,0.2,0.5333
B,4,404,success,23,1,1,hazard,0,0.3478,0.3043,0.3478
B,4,405,success,24,1,1,hazard,0,0.3333,0.3333,0.3333
B,4,406,timeout,196,1,1,hazard,0,0.0204,0.9388,0.0408
B,4,407,ball,8,1,1,navigate,1,0.5,0.0,0.5
B,4,408,timeout,196,1,1,hazard,0,0.0204,0.9592,0.0204
B,4,409,success,19,1,1,hazard,0,0.2105,0.1579,0.6316
B,4,410,success,16,1,1,hazard,0,0.0,0.5,0.5
B,4,411,success,17,1,1,hazard,0,0.2353,0.0588,0.7059
B,4,412,lava,14,1,0,navigate,1,0.1429,0.0,0.8571
B,4,413,ball,11,1,1,key_door,1,0.3636,0.0,0.6364
B,4,414,success,15,1,1,hazard,0,0.2667,0.2,0.5333
B,4,415,success,24,1,1,hazard,0,0.1667,0.5,0.3333
B,4,416,success,25,1,1,hazard,0,0.0,0.36,0.64
B,4,417,lava,15,1,1,hazard,0,0.2667,0.2,0.5333
B,4,418,success,45,1,1,hazard,0,0.0,0.2,0.8
B,4,419,lava,3,0,0,key_door,1,0.0,0.0,1.0
B,4,420,timeout,196,1,1,hazard,0,0.0408,0.9388,0.0204
B,4,421,lava,4,0,0,key_door,1,0.0,0.0,1.0
B,4,422,success,59,1,1,hazard,0,0.1356,0.322,0.5424
B,4,423,lava,7,0,0,key_door,1,0.0,0.0,1.0
B,4,424,success,45,1,1,hazard,0,0.0,0.7333,0.2667
B,4,425,success,22,1,1,hazard,0,0.1818,0.0909,0.7273
B,4,426,success,22,1,1,hazard,0,0.1818,0.2727,0.5455
B,4,427,success,34,1,1,hazard,0,0.0,0.5294,0.4706
B,4,428,success,31,1,1,hazard,0,0.129,0.4839,0.3871
B,4,429,success,22,1,1,hazard,0,0.1818,0.2727,0.5455
B,4,430,success,24,1,1,hazard,0,0.1667,0.1667,0.6667
B,4,431,lava,26,1,0,navigate,1,0.0769,0.0,0.9231
B,4,432,success,26,1,1,hazard,0,0.3077,0.3846,0.3077
B,4,433,success,33,1,1,hazard,0,0.0,0.1515,0.8485
B,4,434,success,89,1,1,hazard,0,0.0449,0.191,0.764
B,4,435,success,18,1,1,hazard,0,0.4444,0.1111,0.4444
B,4,436,success,28,1,1,hazard,0,0.0,0.7143,0.2857
B,4,437,lava,5,0,0,key_door,1,0.0,0.0,1.0
B,4,438,lava,1,0,0,key_door,1,0.0,0.0,1.0
B,4,439,success,77,1,1,hazard,0,0.0519,0.6883,0.2597
B,4,440,success,18,1,1,hazard,0,0.0,0.1111,0.8889
B,4,441,success,23,1,1,hazard,0,0.1739,0.1304,0.6957
B,4,442,success,19,1,1,hazard,0,0.0,0.3684,0.6316
B,4,443,lava,1,0,0,key_door,1,0.0,0.0,1.0
B,4,444,success,16,1,1,navigate,0,0.5,0.0,0.5
B,4,445,success,25,1,1,hazard,0,0.48,0.2,0.32
B,4,446,success,36,1,1,hazard,0,0.2222,0.2222,0.5556
B,4,447,success,26,1,1,hazard,0,0.3077,0.5385,0.1538
B,4,448,success,89,1,1,hazard,0,0.0449,0.8202,0.1348
B,4,449,success,18,1,1,hazard,0,0.2222,0.3333,0.4444
B,4,450,success,40,1,1,hazard,0,0.1,0.5,0.4
B,4,451,success,62,1,1,hazard,0,0.0,0.871,0.129
B,4,452,lava,4,0,0,key_door,1,0.0,0.0,1.0
B,4,453,success,23,1,1,hazard,0,0.0,0.4783,0.5217
B,4,454,success,59,1,1,hazard,0,0.0,0.661,0.339
B,4,455,ball,20,1,1,navigate,1,0.6,0.0,0.4
B,4,456,lava,1,0,0,key_door,1,0.0,0.0,1.0
B,4,457,lava,3,0,0,key_door,1,0.0,0.0,1.0
B,4,458,success,30,1,1,hazard,0,0.2667,0.4667,0.2667
B,4,459,success,31,1,1,hazard,0,0.0,0.3548,0.6452
B,4,460,lava,2,0,0,key_door,1,0.0,0.0,1.0
B,4,461,success,32,1,1,hazard,0,0.125,0.625,0.25
B,4,462,lava,10,1,0,key_door,1,0.4,0.0,0.6
B,4,463,success,23,1,1,hazard,0,0.0,0.3043,0.6957
B,4,464,success,29,1,1,hazard,0,0.1379,0.5862,0.2759
B,4,465,success,20,1,1,hazard,0,0.0,0.2,0.8
B,4,466,ball,16,1,1,navigate,1,0.25,0.0,0.75
B,4,467,success,13,1,1,hazard,0,0.3077,0.3846,0.3077
B,4,468,success,57,1,1,hazard,0,0.0,0.7895,0.2105
B,4,469,success,36,1,1,hazard,0,0.1111,0.4444,0.4444
B,4,470,success,9,1,1,hazard,0,0.0,0.1111,0.8889
B,4,471,success,32,1,1,hazard,0,0.125,0.5,0.375
B,4,472,success,33,1,1,hazard,0,0.0,0.3939,0.6061
B,4,473,timeout,196,1,1,hazard,0,0.0204,0.9592,0.0204
B,4,474,success,24,1,1,hazard,0,0.0,0.5,0.5
B,4,475,lava,3,0,0,key_door,1,0.0,0.0,1.0
B,4,476,success,31,1,1,hazard,0,0.2581,0.2258,0.5161
B,4,477,success,49,1,1,hazard,0,0.0816,0.5102,0.4082
B,4,478,lava,4,0,0,key_door,1,0.0,0.0,1.0
B,4,479,lava,8,1,0,key_door,1,0.0,0.0,1.0
B,4,480,success,49,1,1,hazard,0,0.1633,0.5918,0.2449
B,4,481,ball,23,1,1,key_door,1,0.0,0.0,1.0
B,4,482,lava,43,1,1,hazard,0,0.093,0.4419,0.4651
B,4,483,timeout,196,1,1,hazard,0,0.0408,0.9184,0.0408
B,4,484,success,19,1,1,hazard,0,0.4211,0.1579,0.4211
B,4,485,success,14,1,1,hazard,0,0.2857,0.1429,0.5714
B,4,486,success,19,1,1,hazard,0,0.2105,0.3684,0.4211
B,4,487,success,69,1,1,hazard,0,0.058,0.7101,0.2319
B,4,488,success,18,1,1,hazard,0,0.2222,0.5556,0.2222
B,4,489,lava,5,0,0,key_door,1,0.0,0.0,1.0
B,4,490,success,26,1,1,hazard,0,0.1538,0.3846,0.4615
B,4,491,success,28,1,1,hazard,0,0.0,0.5714,0.4286
B,4,492,success,21,1,1,hazard,0,0.1905,0.4286,0.381
B,4,493,success,32,1,1,hazard,0,0.125,0.5,0.375
B,4,494,ball,23,1,1,navigate,1,0.3043,0.1739,0.5217
B,4,495,success,19,1,1,hazard,0,0.2105,0.3684,0.4211
B,4,496,lava,3,0,0,key_door,1,0.0,0.0,1.0
B,4,497,lava,4,0,0,key_door,1,0.0,0.0,1.0
B,4,498,lava,9,0,0,key_door,1,0.0,0.0,1.0
B,4,499,success,16,1,1,navigate,0,0.75,0.0,0.25
C,0,0,success,13,1,1,navigate,0,1.0,0.0,0.0
C,0,1,success,10,1,1,navigate,0,1.0,0.0,0.0
C,0,2,success,52,1,1,hazard,0,0.3077,0.6923,0.0
C,0,3,success,41,1,1,hazard,0,0.1951,0.8049,0.0
C,0,4,ball,25,1,1,navigate,1,0.52,0.48,0.0
C,0,5,success,42,1,1,hazard,0,0.2857,0.7143,0.0
C,0,6,success,22,1,1,navigate,0,0.8182,0.1818,0.0
C,0,7,timeout,196,0,0,navigate,0,0.3265,0.5306,0.1429
C,0,8,success,59,1,1,navigate,0,0.3898,0.6102,0.0
C,0,9,success,35,1,1,navigate,0,0.7714,0.2286,0.0
C,0,10,ball,14,1,1,navigate,1,0.4286,0.5714,0.0
C,0,11,timeout,196,1,1,navigate,0,0.5306,0.2449,0.2245
C,0,12,lava,1,0,0,hazard,0,0.0,1.0,0.0
C,0,13,timeout,196,0,0,navigate,0,0.6327,0.2653,0.102
C,0,14,ball,20,1,1,navigate,1,0.6,0.0,0.4
C,0,15,success,22,1,1,hazard,0,0.0,1.0,0.0
C,0,16,success,33,1,1,navigate,0,1.0,0.0,0.0
C,0,17,lava,59,1,1,hazard,0,0.1356,0.8644,0.0
C,0,18,ball,37,1,1,navigate,1,0.5676,0.3243,0.1081
C,0,19,lava,2,0,0,hazard,0,0.0,1.0,0.0
C,0,20,success,18,1,1,navigate,0,1.0,0.0,0.0
C,0,21,success,54,1,1,navigate,0,0.9259,0.0741,0.0
C,0,22,timeout,196,0,0,hazard,0,0.102,0.8571,0.0408
C,0,23,success,29,1,1,hazard,0,0.0,1.0,0.0
C,0,24,ball,16,1,1,navigate,1,0.5,0.5,0.0
C,0,25,lava,43,1,1,hazard,0,0.6512,0.2558,0.093
C,0,26,success,29,1,1,hazard,0,0.2759,0.7241,0.0
C,0,27,success,25,1,1,navigate,0,1.0,0.0,0.0
C,0,28,success,25,1,1,navigate,0,0.84,0.16,0.0
C,0,29,success,20,1,1,navigate,0,1.0,0.0,0.0
C,0,30,success,27,1,1,hazard,0,0.4444,0.5556,0.0
C,0,31,ball,39,1,1,navigate,1,0.4872,0.3077,0.2051
C,0,32,success,41,1,1,navigate,0,1.0,0.0,0.0
C,0,33,success,38,1,1,hazard,0,0.0,1.0,0.0
C,0,34,success,33,1,1,navigate,0,0.1515,0.7273,0.1212
C,0,35,success,23,1,1,hazard,0,0.1739,0.8261,0.0
C,0,36,success,76,1,1,hazard,0,0.3684,0.6316,0.0
C,0,37,lava,3,0,0,hazard,0,0.0,1.0,0.0
C,0,38,lava,20,0,0,navigate,1,0.8,0.2,0.0
C,0,39,lava,12,1,0,hazard,0,0.6667,0.3333,0.0
C,0,40,success,44,1,1,navigate,0,0.5455,0.4545,0.0
C,0,41,success,36,1,1,navigate,0,0.3333,0.6667,0.0
C,0,42,timeout,196,1,1,hazard,0,0.8163,0.0408,0.1429
C,0,43,success,13,1,1,hazard,0,0.0,1.0,0.0
C,0,44,success,30,1,1,hazard,0,0.4,0.6,0.0
C,0,45,timeout,196,0,0,hazard,0,0.6531,0.2653,0.0816
C,0,46,success,27,1,1,hazard,0,0.4444,0.5556,0.0
C,0,47,success,38,1,1,hazard,0,0.1053,0.8947,0.0
C,0,48,success,25,1,1,hazard,0,0.0,1.0,0.0
C,0,49,success,48,1,1,navigate,0,0.5,0.5,0.0
C,0,50,lava,33,1,1,hazard,0,0.4848,0.5152,0.0
C,0,51,success,30,1,1,hazard,0,0.1333,0.8667,0.0
C,0,52,ball,39,1,1,navigate,1,0.0769,0.9231,0.0
C,0,53,ball,29,1,1,hazard,0,0.2759,0.7241,0.0
C,0,54,success,18,1,1,hazard,0,0.0,1.0,0.0
C,0,55,success,17,1,1,hazard,0,0.2353,0.7647,0.0
C,0,56,success,38,1,1,navigate,0,0.2632,0.6316,0.1053
C,0,57,timeout,196,0,0,key_door,0,0.5714,0.2653,0.1633
C,0,58,ball,72,1,1,navigate,1,0.7222,0.2778,0.0
C,0,59,success,39,1,1,navigate,0,0.5897,0.2051,0.2051
C,0,60,success,31,1,1,hazard,0,0.2581,0.7419,0.0
C,0,61,success,34,1,1,navigate,0,0.2941,0.7059,0.0
C,0,62,success,39,1,1,navigate,0,0.3846,0.6154,0.0
C,0,63,lava,20,1,1,navigate,1,0.8,0.0,0.2
C,0,64,success,37,1,1,navigate,0,0.3514,0.6486,0.0
C,0,65,ball,46,1,1,navigate,1,0.7391,0.2609,0.0
C,0,66,lava,149,0,0,navigate,1,0.3557,0.4564,0.1879
C,0,67,success,24,1,1,navigate,0,0.8333,0.1667,0.0
C,0,68,success,75,1,1,navigate,0,0.9467,0.0533,0.0
C,0,69,lava,16,0,0,navigate,1,0.75,0.25,0.0
C,0,70,success,26,1,1,hazard,0,0.0,1.0,0.0
C,0,71,lava,11,0,0,navigate,1,0.6364,0.3636,0.0
C,0,72,success,25,1,1,navigate,0,0.36,0.64,0.0
C,0,73,success,28,1,1,navigate,0,0.4286,0.5714,0.0
C,0,74,success,42,1,1,navigate,0,0.619,0.381,0.0
C,0,75,lava,13,0,0,hazard,0,0.0,1.0,0.0
C,0,76,success,19,1,1,hazard,0,0.2105,0.7895,0.0
C,0,77,success,12,1,1,hazard,0,0.6667,0.3333,0.0
C,0,78,lava,4,0,0,navigate,1,1.0,0.0,0.0
C,0,79,success,54,1,1,navigate,0,1.0,0.0,0.0
C,0,80,success,34,1,1,navigate,0,0.5294,0.4706,0.0
C,0,81,ball,84,1,1,hazard,0,0.0476,0.9524,0.0
C,0,82,success,29,1,1,hazard,0,0.4138,0.5862,0.0
C,0,83,success,33,1,1,hazard,0,0.2424,0.6364,0.1212
C,0,84,timeout,196,1,1,navigate,0,0.7143,0.1429,0.1429
C,0,85,success,36,1,1,hazard,0,0.0,1.0,0.0
C,0,86,success,24,1,1,hazard,0,0.0,1.0,0.0
C,0,87,timeout,196,0,0,hazard,0,0.0408,0.9592,0.0
C,0,88,success,28,1,1,hazard,0,0.0,1.0,0.0
C,0,89,success,19,1,1,navigate,0,1.0,0.0,0.0
C,0,90,success,16,1,1,hazard,0,0.75,0.25,0.0
C,0,91,success,34,1,1,navigate,0,0.1765,0.8235,0.0
C,0,92,success,49,1,1,hazard,0,0.0,1.0,0.0
C,0,93,timeout,196,1,1,navigate,0,0.7143,0.1224,0.1633
C,0,94,timeout,196,1,0,key_door,0,0.3469,0.3673,0.2857
C,0,95,success,95,1,1,navigate,0,0.7474,0.2526,0.0
C,0,96,ball,75,1,1,navigate,1,0.4667,0.48,0.0533
C,0,97,ball,45,1,1,navigate,1,0.8222,0.0889,0.0889
C,0,98,lava,91,1,1,navigate,1,0.6484,0.044,0.3077
C,0,99,success,23,1,1,hazard,0,0.5217,0.4783,0.0
C,0,100,success,18,1,1,navigate,0,1.0,0.0,0.0
C,0,101,timeout,196,0,0,hazard,0,0.2653,0.7143,0.0204
C,0,102,success,27,1,1,hazard,0,0.4444,0.5556,0.0
C,0,103,lava,6,0,0,hazard,0,0.0,1.0,0.0
C,0,104,ball,56,1,1,navigate,1,0.6429,0.3571,0.0
C,0,105,success,31,1,1,navigate,0,1.0,0.0,0.0
C,0,106,success,28,1,1,hazard,0,0.1429,0.8571,0.0
C,0,107,success,15,1,1,hazard,0,0.2667,0.7333,0.0
C,0,108,timeout,196,1,1,navigate,0,0.9184,0.0408,0.0408
C,0,109,ball,40,1,1,navigate,1,0.7,0.2,0.1
C,0,110,lava,1,0,0,hazard,0,0.0,1.0,0.0
C,0,111,success,29,1,1,hazard,0,0.4138,0.5862,0.0
C,0,112,ball,59,1,1,navigate,1,0.7288,0.0678,0.2034
C,0,113,success,15,1,1,navigate,0,0.7333,0.2667,0.0
C,0,114,ball,14,1,1,navigate,1,1.0,0.0,0.0
C,0,115,success,99,1,1,navigate,0,0.9596,0.0404,0.0
C,0,116,timeout,196,0,0,navigate,0,0.3469,0.4286,0.2245
C,0,117,success,32,1,1,hazard,0,0.375,0.5,0.125
C,0,118,success,27,1,1,navigate,0,0.1111,0.8889,0.0
C,0,119,ball,16,1,1,navigate,1,0.25,0.75,0.0
C,0,120,success,17,1,1,navigate,0,1.0,0.0,0.0
C,0,121,timeout,196,0,0,hazard,0,0.0816,0.9184,0.0
C,0,122,success,22,1,1,navigate,0,0.8182,0.0,0.1818
C,0,123,success,35,1,1,hazard,0,0.5714,0.4286,0.0
C,0,124,success,27,1,1,hazard,0,0.5926,0.4074,0.0
C,0,125,lava,5,0,0,navigate,1,1.0,0.0,0.0
C,0,126,success,15,1,1,hazard,0,0.8,0.2,0.0
C,0,127,success,37,1,1,hazard,0,0.973,0.027,0.0
C,0,128,success,30,1,1,hazard,0,0.4,0.6,0.0
C,0,129,success,56,1,1,hazard,0,0.2143,0.7857,0.0
C,0,130,ball,21,1,1,navigate,1,0.2381,0.7619,0.0
C,0,131,timeout,196,1,0,hazard,0,0.3265,0.551,0.1224
C,0,132,success,41,1,1,navigate,0,0.7073,0.1951,0.0976
C,0,133,timeout,196,1,1,navigate,0,0.7551,0.0816,0.1633
C,0,134,success,39,1,1,navigate,0,0.5897,0.4103,0.0
C,0,135,ball,20,1,1,navigate,1,0.6,0.4,0.0
C,0,136,lava,7,1,0,hazard,0,0.5714,0.4286,0.0
C,0,137,ball,71,1,1,navigate,1,0.2676,0.7324,0.0
C,0,138,ball,51,1,1,navigate,1,0.7647,0.0784,0.1569
C,0,139,timeout,196,1,1,navigate,0,0.6531,0.1837,0.1633
C,0,140,success,12,1,1,hazard,0,0.0,1.0,0.0
C,0,141,success,79,1,1,hazard,0,0.0506,0.9494,0.0
C,0,142,success,19,1,1,hazard,0,0.0,1.0,0.0
C,0,143,success,18,1,1,hazard,0,0.6667,0.3333,0.0
C,0,144,success,32,1,1,hazard,0,0.0,1.0,0.0
C,0,145,success,42,1,1,hazard,0,0.0,1.0,0.0
C,0,146,success,21,1,1,navigate,0,1.0,0.0,0.0
C,0,147,success,32,1,1,hazard,0,0.0,1.0,0.0
C,0,148,success,14,1,1,hazard,0,0.8571,0.1429,0.0
C,0,149,success,13,1,1,hazard,0,0.6154,0.3846,0.0
C,0,150,success,22,1,1,hazard,0,0.0,1.0,0.0
C,0,151,timeout,196,1,1,hazard,0,0.7347,0.102,0.1633
C,0,152,lava,65,1,1,navigate,1,0.6923,0.3077,0.0
C,0,153,success,60,1,1,navigate,0,0.3333,0.6667,0.0
C,0,154,timeout,196,0,0,hazard,0,0.0816,0.9184,0.0
C,0,155,success,40,1,1,key_door,0,0.1,0.8,0.1
C,0,156,lava,64,0,0,navigate,1,0.6875,0.3125,0.0
C,0,157,lava,105,0,0,navigate,1,0.4286,0.419,0.1524
C,0,158,success,38,1,1,navigate,0,0.0526,0.9474,0.0
C,0,159,success,32,1,1,hazard,0,0.125,0.875,0.0
C,0,160,success,24,1,1,hazard,0,0.3333,0.6667,0.0
C,0,161,success,69,1,1,navigate,0,0.942,0.058,0.0
C,0,162,ball,22,1,1,navigate,1,0.0909,0.9091,0.0
C,0,163,ball,34,1,1,navigate,1,0.5294,0.1176,0.3529
C,0,164,success,24,1,1,navigate,0,1.0,0.0,0.0
C,0,165,success,16,1,1,navigate,0,0.5,0.5,0.0
C,0,166,success,103,1,1,hazard,0,0.233,0.767,0.0
C,0,167,success,76,1,1,hazard,0,0.2105,0.7895,0.0
C,0,168,lava,33,1,1,navigate,1,0.8788,0.1212,0.0
C,0,169,success,25,1,1,navigate,0,0.68,0.32,0.0
C,0,170,timeout,196,1,1,navigate,0,0.6939,0.1429,0.1633
C,0,171,success,81,1,1,hazard,0,0.1975,0.8025,0.0
C,0,172,success,19,1,1,hazard,0,0.0,1.0,0.0
C,0,173,success,22,1,1,navigate,0,1.0,0.0,0.0
C,0,174,success,66,1,1,hazard,0,0.6061,0.3939,0.0
C,0,175,lava,34,0,0,hazard,0,0.1176,0.8824,0.0
C,0,176,ball,43,1,1,key_door,1,0.6512,0.093,0.2558
C,0,177,success,31,1,1,hazard,0,0.0,1.0,0.0
C,0,178,success,17,1,1,navigate,0,0.0588,0.9412,0.0
C,0,179,lava,22,1,1,navigate,1,0.2727,0.7273,0.0
C,0,180,lava,4,0,0,navigate,1,1.0,0.0,0.0
C,0,181,ball,25,1,1,hazard,0,0.32,0.68,0.0
C,0,182,success,41,1,1,navigate,0,0.5122,0.4878,0.0
C,0,183,success,42,1,1,hazard,0,0.2857,0.7143,0.0
C,0,184,success,26,1,1,navigate,0,0.0769,0.9231,0.0
C,0,185,success,29,1,1,hazard,0,0.1379,0.8621,0.0
C,0,186,success,37,1,1,navigate,0,0.4595,0.5405,0.0
C,0,187,ball,28,1,1,hazard,0,0.0,1.0,0.0
C,0,188,success,36,1,1,navigate,0,0.4444,0.5556,0.0
C,0,189,success,44,1,1,hazard,0,0.0909,0.9091,0.0
C,0,190,success,26,1,1,navigate,0,0.5385,0.4615,0.0
C,0,191,success,33,1,1,hazard,0,0.0,1.0,0.0
C,0,192,success,35,1,1,hazard,0,0.2286,0.7714,0.0
C,0,193,success,33,1,1,hazard,0,0.4848,0.5152,0.0
C,0,194,success,18,1,1,navigate,0,1.0,0.0,0.0
C,0,195,success,28,1,1,navigate,0,0.8571,0.1429,0.0
C,0,196,success,33,1,1,hazard,0,0.0,1.0,0.0
C,0,197,success,37,1,1,navigate,0,0.6757,0.1081,0.2162
C,0,198,success,16,1,1,navigate,0,1.0,0.0,0.0
C,0,199,success,16,1,1,hazard,0,0.5,0.5,0.0
C,0,200,ball,41,1,1,navigate,1,0.7073,0.1951,0.0976
C,0,201,lava,16,0,0,navigate,1,1.0,0.0,0.0
C,0,202,success,16,1,1,navigate,0,0.25,0.75,0.0
C,0,203,timeout,196,0,0,navigate,0,0.2449,0.6531,0.102
C,0,204,success,29,1,1,navigate,0,0.5862,0.4138,0.0
C,0,205,success,30,1,1,navigate,0,1.0,0.0,0.0
C,0,206,success,23,1,1,navigate,0,1.0,0.0,0.0
C,0,207,success,27,1,1,hazard,0,0.0,1.0,0.0
C,0,208,success,22,1,1,hazard,0,0.1818,0.8182,0.0
C,0,209,ball,35,1,1,hazard,0,0.5714,0.4286,0.0
C,0,210,lava,12,0,0,navigate,1,0.6667,0.3333,0.0
C,0,211,success,25,1,1,navigate,0,0.84,0.16,0.0
C,0,212,lava,32,0,0,navigate,1,0.125,0.875,0.0
C,0,213,success,101,1,1,hazard,0,0.0396,0.9604,0.0
C,0,214,ball,33,1,1,hazard,0,0.8485,0.1515,0.0
C,0,215,success,11,1,1,hazard,0,0.3636,0.6364,0.0
C,0,216,success,37,1,1,navigate,0,0.027,0.973,0.0
C,0,217,success,30,1,1,hazard,0,0.5333,0.4667,0.0
C,0,218,lava,13,1,0,navigate,1,0.6923,0.3077,0.0
C,0,219,success,15,1,1,hazard,0,0.2667,0.7333,0.0
C,0,220,ball,18,1,1,navigate,1,1.0,0.0,0.0
C,0,221,success,43,1,1,navigate,0,0.1628,0.8372,0.0
C,0,222,success,29,1,1,hazard,0,0.6897,0.3103,0.0
C,0,223,success,102,1,1,navigate,0,0.7255,0.2745,0.0
C,0,224,ball,48,1,1,hazard,0,0.5,0.3333,0.1667
C,0,225,success,24,1,1,navigate,0,0.8333,0.1667,0.0
C,0,226,success,13,1,1,hazard,0,0.3077,0.6923,0.0
C,0,227,timeout,196,1,1,navigate,0,0.6735,0.2653,0.0612
C,0,228,timeout,196,1,0,navigate,0,0.4898,0.1633,0.3469
C,0,229,success,44,1,1,hazard,0,0.1818,0.8182,0.0
C,0,230,success,35,1,1,hazard,0,0.1143,0.8857,0.0
C,0,231,success,32,1,1,hazard,0,0.25,0.75,0.0
C,0,232,success,163,1,1,hazard,0,0.3436,0.6319,0.0245
C,0,233,ball,13,1,1,hazard,0,0.6154,0.3846,0.0
C,0,234,success,53,1,1,navigate,0,0.5472,0.3774,0.0755
C,0,235,timeout,196,0,0,key_door,0,0.3469,0.4082,0.2449
C,0,236,success,50,1,1,hazard,0,0.24,0.76,0.0
C,0,237,success,20,1,1,hazard,0,0.8,0.2,0.0
C,0,238,success,41,1,1,hazard,0,0.0976,0.8049,0.0976
C,0,239,success,22,1,1,hazard,0,0.1818,0.8182,0.0
C,0,240,lava,7,1,0,hazard,0,0.0,1.0,0.0
C,0,241,success,60,1,1,hazard,0,0.5333,0.4667,0.0
C,0,242,success,14,1,1,navigate,0,0.7143,0.2857,0.0
C,0,243,lava,9,0,0,navigate,1,0.5556,0.4444,0.0
C,0,244,ball,18,1,1,hazard,0,0.0,1.0,0.0
C,0,245,success,8,1,1,navigate,0,0.5,0.5,0.0
C,0,246,success,34,1,1,navigate,0,0.0588,0.9412,0.0
C,0,247,success,28,1,1,navigate,0,0.1429,0.8571,0.0
C,0,248,success,20,1,1,navigate,0,0.8,0.2,0.0
C,0,249,success,44,1,1,hazard,0,0.0909,0.9091,0.0
C,0,250,timeout,196,0,0,hazard,0,0.102,0.8367,0.0612
C,0,251,success,37,1,1,hazard,0,0.3243,0.6757,0.0
C,0,252,lava,6,0,0,hazard,0,0.0,1.0,0.0
C,0,253,lava,2,0,0,navigate,1,1.0,0.0,0.0
C,0,254,ball,34,1,1,navigate,1,0.7647,0.1176,0.1176
C,0,255,ball,18,1,1,navigate,1,0.5556,0.4444,0.0
C,0,256,timeout,196,1,1,key_door,0,0.7143,0.0816,0.2041
C,0,257,lava,4,0,0,hazard,0,0.0,1.0,0.0
C,0,258,success,53,1,1,hazard,0,0.0,1.0,0.0
C,0,259,lava,1,0,0,navigate,1,1.0,0.0,0.0
C,0,260,success,32,1,1,navigate,0,0.375,0.625,0.0
C,0,261,success,41,1,1,hazard,0,0.2927,0.7073,0.0
C,0,262,timeout,196,1,1,navigate,0,0.7143,0.0204,0.2653
C,0,263,success,45,1,1,hazard,0,0.0,1.0,0.0
C,0,264,ball,16,1,1,navigate,1,0.75,0.25,0.0
C,0,265,success,32,1,1,navigate,0,0.75,0.25,0.0
C,0,266,success,30,1,1,hazard,0,0.2667,0.7333,0.0
C,0,267,ball,60,1,1,hazard,0,0.3333,0.6667,0.0
C,0,268,success,185,1,1,navigate,0,0.5027,0.3459,0.1514
C,0,269,success,20,1,1,navigate,0,0.4,0.6,0.0
C,0,270,success,58,1,1,navigate,0,0.2414,0.7586,0.0
C,0,271,success,25,1,1,hazard,0,0.16,0.84,0.0
C,0,272,success,25,1,1,hazard,0,0.0,1.0,0.0
C,0,273,success,23,1,1,navigate,0,0.1304,0.8696,0.0
C,0,274,lava,25,1,1,navigate,1,0.52,0.16,0.32
C,0,275,success,26,1,1,hazard,0,0.3077,0.6923,0.0
C,0,276,ball,16,1,1,hazard,0,0.25,0.75,0.0
C,0,277,timeout,196,1,1,navigate,0,0.8571,0.0,0.1429
C,0,278,success,25,1,1,navigate,0,0.84,0.16,0.0
C,0,279,success,16,1,1,navigate,0,1.0,0.0,0.0
C,0,280,success,50,1,1,hazard,0,0.08,0.92,0.0
C,0,281,success,28,1,1,navigate,0,0.5714,0.2857,0.1429
C,0,282,success,30,1,1,hazard,0,0.1333,0.8667,0.0
C,0,283,success,17,1,1,hazard,0,0.4706,0.5294,0.0
C,0,284,success,20,1,1,navigate,0,0.8,0.2,0.0
C,0,285,success,17,1,1,navigate,0,0.7647,0.2353,0.0
C,0,286,success,30,1,1,navigate,0,0.6,0.4,0.0
C,0,287,ball,29,1,1,navigate,1,1.0,0.0,0.0
C,0,288,success,30,1,1,hazard,0,0.2667,0.7333,0.0
C,0,289,success,21,1,1,hazard,0,0.1905,0.8095,0.0
C,0,290,success,30,1,1,hazard,0,0.4,0.6,0.0
C,0,291,success,27,1,1,hazard,0,0.1481,0.8519,0.0
C,0,292,success,33,1,1,hazard,0,0.2424,0.7576,0.0
C,0,293,lava,42,0,0,navigate,1,1.0,0.0,0.0
C,0,294,success,13,1,1,hazard,0,0.0,1.0,0.0
C,0,295,success,31,1,1,navigate,0,0.4839,0.5161,0.0
C,0,296,success,51,1,1,hazard,0,0.2353,0.7647,0.0
C,0,297,ball,33,1,1,navigate,1,0.6364,0.2424,0.1212
C,0,298,lava,3,0,0,navigate,1,1.0,0.0,0.0
C,0,299,ball,179,1,1,navigate,1,0.6872,0.2235,0.0894
C,0,300,success,46,1,1,hazard,0,0.2609,0.7391,0.0
C,0,301,lava,1,0,0,navigate,1,1.0,0.0,0.0
C,0,302,success,161,1,1,hazard,0,0.0,1.0,0.0
C,0,303,success,21,1,1,hazard,0,0.381,0.619,0.0
C,0,304,success,23,1,1,hazard,0,0.1739,0.8261,0.0
C,0,305,timeout,196,1,0,navigate,0,0.449,0.2653,0.2857
C,0,306,timeout,196,0,0,navigate,0,0.2245,0.7347,0.0408
C,0,307,success,19,1,1,hazard,0,0.2105,0.7895,0.0
C,0,308,success,47,1,1,hazard,0,0.0,1.0,0.0
C,0,309,success,24,1,1,hazard,0,0.0,1.0,0.0
C,0,310,lava,11,0,0,navigate,1,0.2727,0.7273,0.0
C,0,311,success,50,1,1,navigate,0,0.52,0.48,0.0
C,0,312,success,20,1,1,hazard,0,0.6,0.4,0.0
C,0,313,success,21,1,1,hazard,0,0.5714,0.4286,0.0
C,0,314,success,21,1,1,navigate,0,0.4286,0.5714,0.0
C,0,315,ball,17,1,1,navigate,1,0.0588,0.9412,0.0
C,0,316,ball,51,1,1,navigate,1,0.6863,0.3137,0.0
C,0,317,lava,30,1,1,hazard,0,0.0,1.0,0.0
C,0,318,success,36,1,1,hazard,0,0.4444,0.5556,0.0
C,0,319,success,58,1,1,hazard,0,0.0,1.0,0.0
C,0,320,success,17,1,1,hazard,0,0.7059,0.2941,0.0
C,0,321,ball,26,1,1,navigate,1,0.3846,0.6154,0.0
C,0,322,lava,67,1,1,hazard,0,0.0,1.0,0.0
C,0,323,success,28,1,1,hazard,0,0.2857,0.7143,0.0
C,0,324,success,21,1,1,hazard,0,0.0,1.0,0.0
C,0,325,success,52,1,1,navigate,0,1.0,0.0,0.0
C,0,326,success,27,1,1,navigate,0,0.8519,0.1481,0.0
C,0,327,ball,29,1,1,navigate,1,0.4483,0.5517,0.0
C,0,328,success,50,1,1,hazard,0,0.16,0.84,0.0
C,0,329,success,34,1,1,hazard,0,0.3529,0.6471,0.0
C,0,330,success,25,1,1,hazard,0,0.32,0.68,0.0
C,0,331,timeout,196,1,1,navigate,0,0.7143,0.0408,0.2449
C,0,332,success,23,1,1,navigate,0,0.1304,0.8696,0.0
C,0,333,success,22,1,1,hazard,0,0.3636,0.6364,0.0
C,0,334,success,29,1,1,hazard,0,0.1379,0.8621,0.0
C,0,335,success,63,1,1,hazard,0,0.0,1.0,0.0
C,0,336,ball,29,1,1,navigate,1,0.4483,0.5517,0.0
C,0,337,success,32,1,1,navigate,0,0.125,0.875,0.0
C,0,338,success,21,1,1,hazard,0,0.381,0.619,0.0
C,0,339,success,29,1,1,navigate,0,0.4483,0.5517,0.0
C,0,340,success,31,1,1,hazard,0,0.5161,0.4839,0.0
C,0,341,success,21,1,1,hazard,0,0.1905,0.8095,0.0
C,0,342,timeout,196,1,1,navigate,0,0.7551,0.102,0.1429
C,0,343,lava,4,0,0,navigate,1,1.0,0.0,0.0
C,0,344,success,22,1,1,hazard,0,0.0,1.0,0.0
C,0,345,timeout,196,1,0,navigate,0,0.6327,0.1429,0.2245
C,0,346,ball,30,1,1,hazard,0,0.0,1.0,0.0
C,0,347,success,19,1,1,hazard,0,0.2105,0.7895,0.0
C,0,348,ball,20,1,1,navigate,1,0.8,0.0,0.2
C,0,349,success,16,1,1,hazard,0,0.25,0.75,0.0
C,0,350,lava,8,1,0,hazard,0,0.0,1.0,0.0
C,0,351,lava,5,0,0,hazard,0,0.0,1.0,0.0
C,0,352,success,10,1,1,navigate,0,1.0,0.0,0.0
C,0,353,timeout,196,1,1,hazard,0,0.6735,0.2245,0.102
C,0,354,lava,1,0,0,hazard,0,0.0,1.0,0.0
C,0,355,success,51,1,1,hazard,0,0.9412,0.0588,0.0
C,0,356,ball,133,1,1,navigate,1,0.6992,0.1805,0.1203
C,0,357,success,41,1,1,hazard,0,0.0,1.0,0.0
C,0,358,success,41,1,1,navigate,0,0.122,0.878,0.0
C,0,359,success,26,1,1,navigate,0,1.0,0.0,0.0
C,0,360,success,21,1,1,hazard,0,0.5714,0.4286,0.0
C,0,361,success,56,1,1,navigate,0,0.6429,0.2143,0.1429
C,0,362,success,21,1,1,navigate,0,1.0,0.0,0.0
C,0,363,success,19,1,1,navigate,0,0.7895,0.2105,0.0
C,0,364,success,14,1,1,navigate,0,1.0,0.0,0.0
C,0,365,success,47,1,1,navigate,0,0.5745,0.4255,0.0
C,0,366,ball,13,1,1,hazard,0,0.0,1.0,0.0
C,0,367,lava,2,0,0,hazard,0,0.0,1.0,0.0
C,0,368,success,36,1,1,navigate,0,0.5556,0.4444,0.0
C,0,369,success,26,1,1,hazard,0,0.6154,0.3846,0.0
C,0,370,success,20,1,1,navigate,0,0.6,0.4,0.0
C,0,371,ball,58,1,1,hazard,0,0.2759,0.7241,0.0
C,0,372,lava,135,0,0,navigate,1,0.2,0.8,0.0
C,0,373,success,24,1,1,navigate,0,0.3333,0.6667,0.0
C,0,374,success,34,1,1,navigate,0,0.2941,0.7059,0.0
C,0,375,success,24,1,1,hazard,0,0.6667,0.3333,0.0
C,0,376,success,36,1,1,navigate,0,0.3333,0.6667,0.0
C,0,377,timeout,196,0,0,hazard,0,0.5306,0.3469,0.1224
C,0,378,timeout,196,1,1,navigate,0,0.6327,0.2245,0.1429
C,0,379,success,29,1,1,navigate,0,0.4483,0.5517,0.0
C,0,380,ball,20,1,1,hazard,0,0.0,1.0,0.0
C,0,381,lava,6,0,0,hazard,0,0.0,1.0,0.0
C,0,382,success,43,1,1,navigate,0,0.814,0.093,0.093
C,0,383,success,13,1,1,navigate,0,0.6923,0.3077,0.0
C,0,384,success,26,1,1,navigate,0,1.0,0.0,0.0
C,0,385,lava,139,1,0,navigate,1,0.8561,0.1439,0.0
C,0,386,success,47,1,1,hazard,0,0.2553,0.7447,0.0
C,0,387,success,21,1,1,hazard,0,0.1905,0.8095,0.0
C,0,388,success,11,1,1,navigate,0,0.2727,0.7273,0.0
C,0,389,timeout,196,1,1,navigate,0,0.7143,0.2041,0.0816
C,0,390,success,14,1,1,navigate,0,0.4286,0.5714,0.0
C,0,391,success,31,1,1,hazard,0,0.129,0.871,0.0
C,0,392,lava,13,0,0,hazard,0,0.0,1.0,0.0
C,0,393,success,12,1,1,navigate,0,1.0,0.0,0.0
C,0,394,success,47,1,1,hazard,0,0.1702,0.8298,0.0
C,0,395,success,12,1,1,navigate,0,1.0,0.0,0.0
C,0,396,lava,29,0,0,key_door,1,0.2759,0.6897,0.0345
C,0,397,success,15,1,1,navigate,0,0.4667,0.5333,0.0
C,0,398,success,30,1,1,navigate,0,1.0,0.0,0.0
C,0,399,success,31,1,1,navigate,0,1.0,0.0,0.0
C,0,400,success,19,1,1,hazard,0,0.2105,0.7895,0.0
C,0,401,timeout,196,0,0,hazard,0,0.3061,0.6327,0.0612
C,0,402,timeout,196,0,0,hazard,0,0.1224,0.8776,0.0
C,0,403,ball,16,1,1,hazard,0,0.0,1.0,0.0
C,0,404,success,35,1,1,hazard,0,0.2286,0.7714,0.0
C,0,405,success,18,1,1,hazard,0,0.0,1.0,0.0
C,0,406,success,67,1,1,navigate,0,0.8209,0.0597,0.1194
C,0,407,lava,19,1,1,navigate,1,1.0,0.0,0.0
C,0,408,ball,36,1,1,navigate,1,0.7778,0.2222,0.0
C,0,409,success,36,1,1,navigate,0,1.0,0.0,0.0
C,0,410,ball,14,1,1,navigate,1,0.4286,0.5714,0.0
C,0,411,success,16,1,1,navigate,0,0.25,0.75,0.0
C,0,412,timeout,196,0,0,key_door,0,0.5102,0.3265,0.1633
C,0,413,success,30,1,1,hazard,0,0.8,0.2,0.0
C,0,414,success,14,1,1,navigate,0,0.7143,0.2857,0.0
C,0,415,success,25,1,1,navigate,0,0.84,0.16,0.0
C,0,416,success,43,1,1,navigate,0,0.3488,0.4651,0.186
C,0,417,success,22,1,1,hazard,0,0.0,1.0,0.0
C,0,418,success,49,1,1,hazard,0,0.0816,0.9184,0.0
C,0,419,success,35,1,1,hazard,0,0.0,1.0,0.0
C,0,420,success,165,1,1,hazard,0,0.7758,0.2,0.0242
C,0,421,success,30,1,1,hazard,0,0.4,0.6,0.0
C,0,422,timeout,196,1,1,navigate,0,0.7755,0.1633,0.0612
C,0,423,success,15,1,1,hazard,0,0.0,1.0,0.0
C,0,424,success,22,1,1,navigate,0,0.4545,0.5455,0.0
C,0,425,success,65,1,1,navigate,0,0.5692,0.4308,0.0
C,0,426,ball,56,1,1,navigate,1,0.6429,0.3571,0.0
C,0,427,ball,16,1,1,navigate,1,0.75,0.25,0.0
C,0,428,success,18,1,1,hazard,0,0.4444,0.5556,0.0
C,0,429,success,21,1,1,navigate,0,1.0,0.0,0.0
C,0,430,success,39,1,1,hazard,0,0.2051,0.7949,0.0
C,0,431,lava,2,0,0,hazard,0,0.0,1.0,0.0
C,0,432,success,84,1,1,hazard,0,0.0476,0.9524,0.0
C,0,433,lava,70,1,1,hazard,0,0.5714,0.3143,0.1143
C,0,434,success,29,1,1,navigate,0,0.4483,0.4138,0.1379
C,0,435,success,20,1,1,navigate,0,1.0,0.0,0.0
C,0,436,success,74,1,1,navigate,0,0.5135,0.4865,0.0
C,0,437,lava,9,0,0,key_door,1,0.0,0.8889,0.1111
C,0,438,lava,8,0,0,hazard,0,0.0,1.0,0.0
C,0,439,success,32,1,1,navigate,0,0.375,0.625,0.0
C,0,440,lava,99,0,0,navigate,1,0.596,0.2424,0.1616
C,0,441,success,15,1,1,navigate,0,0.7333,0.2667,0.0
C,0,442,success,17,1,1,hazard,0,0.7059,0.2941,0.0
C,0,443,lava,2,0,0,navigate,1,1.0,0.0,0.0
C,0,444,success,18,1,1,navigate,0,0.7778,0.2222,0.0
C,0,445,timeout,196,1,1,navigate,0,0.6327,0.3061,0.0612
C,0,446,success,37,1,1,hazard,0,0.0,1.0,0.0
C,0,447,ball,63,1,1,navigate,1,0.3016,0.6349,0.0635
C,0,448,success,70,1,1,hazard,0,0.0571,0.9429,0.0
C,0,449,success,20,1,1,hazard,0,0.0,1.0,0.0
C,0,450,success,84,1,1,hazard,0,0.4762,0.5238,0.0
C,0,451,success,66,1,1,hazard,0,0.0606,0.9394,0.0
C,0,452,success,39,1,1,key_door,0,0.2051,0.6154,0.1795
C,0,453,success,67,1,1,navigate,0,0.2239,0.7761,0.0
C,0,454,lava,9,0,0,hazard,0,0.4444,0.5556,0.0
C,0,455,success,29,1,1,navigate,0,0.7241,0.2759,0.0
C,0,456,lava,8,0,0,hazard,0,0.0,1.0,0.0
C,0,457,success,54,1,1,hazard,0,0.2222,0.7778,0.0
C,0,458,success,49,1,1,navigate,0,0.7551,0.2449,0.0
C,0,459,success,19,1,1,hazard,0,0.8421,0.1579,0.0
C,0,460,lava,3,0,0,hazard,0,0.0,1.0,0.0
C,0,461,lava,38,1,1,navigate,1,0.8947,0.1053,0.0
C,0,462,success,24,1,1,navigate,0,0.6667,0.3333,0.0
C,0,463,success,19,1,1,hazard,0,0.2105,0.7895,0.0
C,0,464,ball,18,1,1,hazard,0,0.0,1.0,0.0
C,0,465,lava,4,0,0,navigate,1,1.0,0.0,0.0
C,0,466,success,32,1,1,navigate,0,1.0,0.0,0.0
C,0,467,success,28,1,1,hazard,0,0.2857,0.7143,0.0
C,0,468,success,37,1,1,hazard,0,0.5405,0.4595,0.0
C,0,469,success,22,1,1,navigate,0,0.6364,0.3636,0.0
C,0,470,success,52,1,1,navigate,0,0.5385,0.4615,0.0
C,0,471,success,40,1,1,navigate,0,0.5,0.5,0.0
C,0,472,success,25,1,1,hazard,0,0.16,0.84,0.0
C,0,473,ball,20,1,1,navigate,1,0.8,0.2,0.0
C,0,474,success,19,1,1,navigate,0,0.1579,0.8421,0.0
C,0,475,lava,14,0,0,hazard,0,0.2857,0.7143,0.0
C,0,476,success,15,1,1,hazard,0,0.2667,0.7333,0.0
C,0,477,ball,23,1,1,key_door,1,0.6957,0.1739,0.1304
C,0,478,lava,15,0,0,navigate,1,1.0,0.0,0.0
C,0,479,lava,5,0,0,navigate,1,0.2,0.8,0.0
C,0,480,success,36,1,1,navigate,0,0.1111,0.8889,0.0
C,0,481,success,17,1,1,hazard,0,0.2353,0.7647,0.0
C,0,482,lava,27,1,1,navigate,1,0.8519,0.0,0.1481
C,0,483,success,49,1,1,navigate,0,0.5102,0.4898,0.0
C,0,484,success,45,1,1,navigate,0,0.7333,0.0889,0.1778
C,0,485,success,84,1,1,navigate,0,0.8571,0.1429,0.0
C,0,486,success,49,1,1,hazard,0,0.0,1.0,0.0
C,0,487,ball,26,1,1,key_door,1,0.6154,0.0,0.3846
C,0,488,success,17,1,1,navigate,0,1.0,0.0,0.0
C,0,489,success,28,1,1,hazard,0,0.1429,0.8571,0.0
C,0,490,lava,1,0,0,hazard,0,0.0,1.0,0.0
C,0,491,success,23,1,1,navigate,0,0.8261,0.1739,0.0
C,0,492,success,24,1,1,hazard,0,0.0,1.0,0.0
C,0,493,success,35,1,1,hazard,0,0.2286,0.7714,0.0
C,0,494,success,20,1,1,navigate,0,1.0,0.0,0.0
C,0,495,success,18,1,1,navigate,0,0.5556,0.4444,0.0
C,0,496,success,23,1,1,navigate,0,0.6522,0.3478,0.0
C,0,497,success,20,1,1,hazard,0,0.2,0.8,0.0
C,0,498,success,102,1,1,hazard,0,0.1569,0.8431,0.0
C,0,499,success,12,1,1,hazard,0,0.0,1.0,0.0
C,1,0,success,19,1,1,hazard,0,0.6316,0.3684,0.0
C,1,1,success,15,1,1,key_door,0,0.2667,0.2667,0.4667
C,1,2,lava,32,1,1,key_door,1,0.875,0.0,0.125
C,1,3,success,26,1,1,key_door,0,0.3077,0.3077,0.3846
C,1,4,ball,77,1,1,key_door,1,0.6753,0.1039,0.2208
C,1,5,success,86,1,1,hazard,0,0.093,0.814,0.093
C,1,6,success,27,1,1,hazard,0,0.2963,0.7037,0.0
C,1,7,lava,7,1,0,navigate,1,0.4286,0.5714,0.0
C,1,8,success,31,1,1,navigate,0,0.7419,0.2581,0.0
C,1,9,ball,30,1,1,navigate,1,0.8667,0.1333,0.0
C,1,10,success,32,1,1,hazard,0,0.25,0.625,0.125
C,1,11,success,39,1,1,navigate,0,0.3846,0.5128,0.1026
C,1,12,success,21,1,1,key_door,0,0.1905,0.7619,0.0476
C,1,13,lava,57,1,1,navigate,1,0.5789,0.4211,0.0
C,1,14,timeout,196,1,1,hazard,0,0.7959,0.2041,0.0
C,1,15,success,32,1,1,navigate,0,0.875,0.125,0.0
C,1,16,lava,5,0,0,hazard,0,0.0,1.0,0.0
C,1,17,success,31,1,1,navigate,0,0.6129,0.3871,0.0
C,1,18,lava,56,1,1,hazard,0,0.2143,0.6429,0.1429
C,1,19,success,26,1,1,key_door,0,0.4615,0.3077,0.2308
C,1,20,success,16,1,1,hazard,0,0.0,1.0,0.0
C,1,21,success,25,1,1,navigate,0,1.0,0.0,0.0
C,1,22,success,37,1,1,navigate,0,0.4595,0.2162,0.3243
C,1,23,lava,3,0,0,hazard,0,0.0,1.0,0.0
C,1,24,success,25,1,1,key_door,0,0.16,0.32,0.52
C,1,25,ball,22,1,1,navigate,1,1.0,0.0,0.0
C,1,26,success,26,1,1,hazard,0,0.0,0.8462,0.1538
C,1,27,success,37,1,1,key_door,0,0.5405,0.2162,0.2432
C,1,28,success,30,1,1,navigate,0,1.0,0.0,0.0
C,1,29,success,36,1,1,hazard,0,0.5556,0.4444,0.0
C,1,30,success,17,1,1,hazard,0,0.0,0.7647,0.2353
C,1,31,lava,34,1,1,navigate,1,0.4118,0.4706,0.1176
C,1,32,success,27,1,1,hazard,0,0.2963,0.2593,0.4444
C,1,33,success,24,1,1,key_door,0,0.6667,0.1667,0.1667
C,1,34,lava,3,0,0,hazard,0,0.0,1.0,0.0
C,1,35,ball,32,1,1,navigate,1,1.0,0.0,0.0
C,1,36,timeout,196,1,0,navigate,0,0.5918,0.1837,0.2245
C,1,37,success,53,1,1,hazard,0,0.1509,0.6981,0.1509
C,1,38,success,38,1,1,hazard,0,0.6316,0.2632,0.1053
C,1,39,lava,119,1,0,hazard,0,0.0672,0.7311,0.2017
C,1,40,lava,81,1,1,navigate,1,0.7037,0.2469,0.0494
C,1,41,success,34,1,1,key_door,0,0.8235,0.1176,0.0588
C,1,42,lava,55,1,1,navigate,1,0.5636,0.4364,0.0
C,1,43,success,14,1,1,navigate,0,0.4286,0.5714,0.0
C,1,44,lava,12,0,0,hazard,0,0.3333,0.6667,0.0
C,1,45,success,91,1,1,navigate,0,0.956,0.044,0.0
C,1,46,success,18,1,1,hazard,0,0.4444,0.5556,0.0
C,1,47,success,44,1,1,hazard,0,0.0909,0.8182,0.0909
C,1,48,lava,105,1,1,hazard,0,0.6857,0.2,0.1143
C,1,49,success,21,1,1,key_door,0,0.0,0.9524,0.0476
C,1,50,success,39,1,1,hazard,0,0.2051,0.7949,0.0
C,1,51,success,130,1,1,hazard,0,0.1846,0.7538,0.0615
C,1,52,lava,36,1,1,key_door,1,0.3333,0.5556,0.1111
C,1,53,success,24,1,1,navigate,0,0.8333,0.0,0.1667
C,1,54,success,30,1,1,hazard,0,0.2667,0.6,0.1333
C,1,55,success,74,1,1,hazard,0,0.0,0.9459,0.0541
C,1,56,success,24,1,1,hazard,0,0.0,1.0,0.0
C,1,57,ball,38,1,1,navigate,1,0.7895,0.2105,0.0
C,1,58,lava,17,1,1,navigate,1,0.7647,0.0,0.2353
C,1,59,success,22,1,1,hazard,0,0.5455,0.4545,0.0
C,1,60,ball,63,1,1,hazard,0,0.5714,0.3651,0.0635
C,1,61,ball,27,1,1,key_door,1,0.4444,0.4444,0.1111
C,1,62,success,22,1,1,hazard,0,0.1818,0.8182,0.0
C,1,63,success,19,1,1,hazard,0,0.0,1.0,0.0
C,1,64,success,21,1,1,hazard,0,0.7619,0.2381,0.0
C,1,65,ball,33,1,1,hazard,0,0.0,1.0,0.0
C,1,66,success,23,1,1,key_door,0,0.3478,0.1739,0.4783
C,1,67,success,26,1,1,navigate,0,0.5385,0.1538,0.3077
C,1,68,success,20,1,1,hazard,0,0.2,0.6,0.2
C,1,69,lava,8,0,0,navigate,1,1.0,0.0,0.0
C,1,70,success,32,1,1,key_door,0,0.5,0.25,0.25
C,1,71,lava,11,0,0,key_door,1,0.3636,0.0,0.6364
C,1,72,success,29,1,1,navigate,0,0.7241,0.1379,0.1379
C,1,73,success,16,1,1,key_door,0,0.5,0.0,0.5
C,1,74,ball,25,1,1,hazard,0,0.0,0.52,0.48
C,1,75,success,18,1,1,hazard,0,0.4444,0.5556,0.0
C,1,76,success,43,1,1,hazard,0,0.2791,0.7209,0.0
C,1,77,success,77,1,1,hazard,0,0.0,1.0,0.0
C,1,78,lava,69,1,0,key_door,1,0.1739,0.2899,0.5362
C,1,79,success,41,1,1,hazard,0,0.3902,0.4146,0.1951
C,1,80,success,28,1,1,hazard,0,0.4286,0.1429,0.4286
C,1,81,success,44,1,1,hazard,0,0.4545,0.2727,0.2727
C,1,82,success,88,1,1,hazard,0,0.0,0.9091,0.0909
C,1,83,success,45,1,1,hazard,0,0.0,1.0,0.0
C,1,84,success,17,1,1,hazard,0,0.4706,0.0588,0.4706
C,1,85,success,40,1,1,hazard,0,0.2,0.8,0.0
C,1,86,success,24,1,1,hazard,0,0.0,1.0,0.0
C,1,87,success,68,1,1,hazard,0,0.1176,0.7059,0.1765
C,1,88,success,23,1,1,hazard,0,0.1739,0.4783,0.3478
C,1,89,ball,24,1,1,navigate,1,0.8333,0.1667,0.0
C,1,90,ball,38,1,1,hazard,0,0.2105,0.7895,0.0
C,1,91,success,14,1,1,key_door,0,0.5714,0.2857,0.1429
C,1,92,success,37,1,1,hazard,0,0.2162,0.6757,0.1081
C,1,93,ball,118,1,1,navigate,1,0.4915,0.3051,0.2034
C,1,94,lava,47,0,0,hazard,0,0.3404,0.6596,0.0
C,1,95,lava,20,1,1,hazard,0,0.0,0.8,0.2
C,1,96,lava,45,1,1,hazard,0,0.4444,0.3778,0.1778
C,1,97,lava,105,1,1,navigate,1,0.9619,0.0,0.0381
C,1,98,ball,24,1,1,navigate,1,1.0,0.0,0.0
C,1,99,ball,53,1,1,navigate,1,0.7736,0.1509,0.0755
C,1,100,success,32,1,1,key_door,0,0.375,0.125,0.5
C,1,101,success,40,1,1,hazard,0,0.2,0.7,0.1
C,1,102,success,23,1,1,hazard,0,0.1739,0.4783,0.3478
C,1,103,success,23,1,1,hazard,0,0.1739,0.8261,0.0
C,1,104,lava,26,1,1,navigate,1,0.3846,0.6154,0.0
C,1,105,success,9,1,1,hazard,0,0.4444,0.5556,0.0
C,1,106,lava,32,1,1,hazard,0,0.125,0.875,0.0
C,1,107,ball,20,1,1,key_door,1,0.4,0.2,0.4
C,1,108,success,19,1,1,navigate,0,0.7895,0.2105,0.0
C,1,109,success,31,1,1,navigate,0,0.871,0.129,0.0
C,1,110,lava,4,0,0,navigate,1,1.0,0.0,0.0
C,1,111,success,80,1,1,navigate,0,0.55,0.35,0.1
C,1,112,timeout,196,1,1,navigate,0,0.9796,0.0204,0.0
C,1,113,success,20,1,1,hazard,0,0.0,0.6,0.4
C,1,114,ball,10,1,1,navigate,1,0.2,0.8,0.0
C,1,115,success,33,1,1,hazard,0,0.1212,0.6364,0.2424
C,1,116,success,19,1,1,key_door,0,0.2105,0.4211,0.3684
C,1,117,ball,102,1,1,hazard,0,0.0,0.8431,0.1569
C,1,118,success,21,1,1,hazard,0,0.7619,0.0476,0.1905
C,1,119,lava,11,0,0,hazard,0,0.3636,0.6364,0.0
C,1,120,timeout,196,0,0,hazard,0,0.0,0.9796,0.0204
C,1,121,success,44,1,1,hazard,0,0.7273,0.1818,0.0909
C,1,122,success,38,1,1,hazard,0,0.3158,0.5789,0.1053
C,1,123,ball,46,1,1,navigate,1,0.4783,0.5217,0.0
C,1,124,success,47,1,1,hazard,0,0.5106,0.4043,0.0851
C,1,125,success,35,1,1,hazard,0,0.5714,0.3143,0.1143
C,1,126,success,40,1,1,hazard,0,0.4,0.5,0.1
C,1,127,success,29,1,1,hazard,0,0.2759,0.3103,0.4138
C,1,128,success,46,1,1,hazard,0,0.087,0.7391,0.1739
C,1,129,success,26,1,1,hazard,0,0.0,0.5385,0.4615
C,1,130,success,36,1,1,hazard,0,0.5556,0.2222,0.2222
C,1,131,lava,11,0,0,hazard,0,0.0,0.6364,0.3636
C,1,132,success,48,1,1,hazard,0,0.0,1.0,0.0
C,1,133,success,128,1,1,navigate,0,0.2188,0.6875,0.0938
C,1,134,success,93,1,1,hazard,0,0.6452,0.2688,0.086
C,1,135,success,45,1,1,hazard,0,0.4444,0.5556,0.0
C,1,136,lava,17,0,0,navigate,1,0.5294,0.4706,0.0
C,1,137,lava,7,0,0,navigate,1,1.0,0.0,0.0
C,1,138,ball,47,1,1,navigate,1,0.7447,0.0851,0.1702
C,1,139,success,46,1,1,key_door,0,0.1739,0.7826,0.0435
C,1,140,success,24,1,1,key_door,0,0.1667,0.3333,0.5
C,1,141,success,83,1,1,key_door,0,0.2892,0.5301,0.1807
C,1,142,timeout,196,1,0,navigate,0,0.7959,0.0408,0.1633
C,1,143,success,23,1,1,key_door,0,0.1739,0.1739,0.6522
C,1,144,lava,63,1,1,navigate,1,0.4921,0.254,0.254
C,1,145,success,29,1,1,key_door,0,0.2759,0.2759,0.4483
C,1,146,success,22,1,1,hazard,0,0.1818,0.8182,0.0
C,1,147,success,49,1,1,hazard,0,0.2449,0.6735,0.0816
C,1,148,success,30,1,1,navigate,0,0.2,0.5333,0.2667
C,1,149,success,27,1,1,key_door,0,0.4444,0.2963,0.2593
C,1,150,success,16,1,1,hazard,0,0.75,0.25,0.0
C,1,151,lava,40,1,1,navigate,1,0.8,0.2,0.0
C,1,152,success,29,1,1,hazard,0,0.0,1.0,0.0
C,1,153,success,53,1,1,key_door,0,0.5283,0.3019,0.1698
C,1,154,success,18,1,1,key_door,0,0.0,0.2222,0.7778
C,1,155,success,41,1,1,hazard,0,0.2927,0.7073,0.0
C,1,156,lava,2,0,0,navigate,1,1.0,0.0,0.0
C,1,157,success,117,1,1,hazard,0,0.7521,0.2137,0.0342
C,1,158,timeout,196,0,0,hazard,0,0.0,1.0,0.0
C,1,159,success,34,1,1,hazard,0,0.4706,0.4118,0.1176
C,1,160,success,48,1,1,navigate,0,0.5,0.4167,0.0833
C,1,161,lava,94,1,1,navigate,1,0.8298,0.1277,0.0426
C,1,162,success,33,1,1,hazard,0,0.9697,0.0303,0.0
C,1,163,ball,34,1,1,hazard,0,0.3529,0.2941,0.3529
C,1,164,ball,70,1,1,navigate,1,0.3714,0.4,0.2286
C,1,165,success,14,1,1,key_door,0,0.0,0.8571,0.1429
C,1,166,success,39,1,1,hazard,0,0.2051,0.3846,0.4103
C,1,167,lava,3,0,0,hazard,0,0.0,1.0,0.0
C,1,168,success,14,1,1,hazard,0,0.0,1.0,0.0
C,1,169,success,60,1,1,hazard,0,0.2667,0.6667,0.0667
C,1,170,lava,27,1,1,hazard,0,0.5926,0.4074,0.0
C,1,171,lava,27,1,1,key_door,1,0.5926,0.1481,0.2593
C,1,172,success,54,1,1,hazard,0,0.1481,0.6296,0.2222
C,1,173,success,42,1,1,navigate,0,0.8095,0.0,0.1905
C,1,174,lava,175,1,1,hazard,0,0.8914,0.1086,0.0
C,1,175,lava,21,1,0,hazard,0,0.0,1.0,0.0
C,1,176,ball,18,1,1,key_door,1,0.4444,0.0,0.5556
C,1,177,success,28,1,1,key_door,0,0.5714,0.1429,0.2857
C,1,178,success,20,1,1,hazard,0,0.4,0.4,0.2
C,1,179,success,28,1,1,hazard,0,0.0,1.0,0.0
C,1,180,success,25,1,1,hazard,0,0.16,0.04,0.8
C,1,181,success,20,1,1,hazard,0,0.2,0.2,0.6
C,1,182,success,48,1,1,navigate,0,0.8333,0.0833,0.0833
C,1,183,success,62,1,1,hazard,0,0.129,0.871,0.0
C,1,184,success,32,1,1,key_door,0,0.25,0.375,0.375
C,1,185,lava,77,1,1,hazard,0,0.0519,0.8961,0.0519
C,1,186,success,24,1,1,hazard,0,0.1667,0.8333,0.0
C,1,187,success,73,1,1,hazard,0,0.3288,0.5616,0.1096
C,1,188,success,45,1,1,key_door,0,0.9778,0.0,0.0222
C,1,189,lava,3,0,0,hazard,0,0.0,1.0,0.0
C,1,190,success,25,1,1,navigate,0,0.68,0.0,0.32
C,1,191,success,27,1,1,hazard,0,0.7407,0.1111,0.1481
C,1,192,ball,19,1,1,hazard,0,0.4211,0.3684,0.2105
C,1,193,success,29,1,1,hazard,0,0.5517,0.3103,0.1379
C,1,194,success,38,1,1,hazard,0,0.4211,0.3684,0.2105
C,1,195,success,28,1,1,navigate,0,0.8571,0.1429,0.0
C,1,196,success,30,1,1,key_door,0,0.0,0.5333,0.4667
C,1,197,ball,31,1,1,navigate,1,1.0,0.0,0.0
C,1,198,success,38,1,1,navigate,0,0.5789,0.4211,0.0
C,1,199,success,74,1,1,navigate,0,0.3514,0.4324,0.2162
C,1,200,success,30,1,1,hazard,0,0.2667,0.2,0.5333
C,1,201,lava,11,0,0,navigate,1,0.2727,0.7273,0.0
C,1,202,success,25,1,1,hazard,0,0.32,0.36,0.32
C,1,203,ball,25,1,1,key_door,1,0.16,0.64,0.2
C,1,204,lava,71,1,1,key_door,1,0.2817,0.6761,0.0423
C,1,205,lava,151,1,1,navigate,1,1.0,0.0,0.0
C,1,206,success,37,1,1,navigate,0,0.6757,0.3243,0.0
C,1,207,lava,37,1,1,hazard,0,0.3243,0.6757,0.0
C,1,208,lava,33,1,1,hazard,0,0.1212,0.8788,0.0
C,1,209,success,33,1,1,hazard,0,0.8485,0.1515,0.0
C,1,210,success,110,1,1,hazard,0,0.8,0.1636,0.0364
C,1,211,lava,44,0,0,hazard,0,0.7273,0.1818,0.0909
C,1,212,lava,19,1,0,key_door,1,0.2105,0.2105,0.5789
C,1,213,success,83,1,1,hazard,0,0.3855,0.6145,0.0
C,1,214,success,25,1,1,key_door,0,0.48,0.16,0.36
C,1,215,success,168,1,1,hazard,0,0.1667,0.7857,0.0476
C,1,216,lava,3,0,0,key_door,1,0.0,0.0,1.0
C,1,217,success,19,1,1,hazard,0,0.6316,0.1579,0.2105
C,1,218,lava,6,0,0,navigate,1,0.3333,0.6667,0.0
C,1,219,success,32,1,1,navigate,0,0.625,0.0,0.375
C,1,220,ball,42,1,1,navigate,1,0.4286,0.4762,0.0952
C,1,221,lava,7,0,0,hazard,0,0.5714,0.4286,0.0
C,1,222,ball,14,1,1,navigate,1,0.7143,0.0,0.2857
C,1,223,success,30,1,1,hazard,0,0.5333,0.3333,0.1333
C,1,224,success,20,1,1,hazard,0,0.6,0.4,0.0
C,1,225,success,145,1,1,navigate,0,0.9448,0.0552,0.0
C,1,226,success,55,1,1,key_door,0,0.4364,0.2909,0.2727
C,1,227,success,43,1,1,hazard,0,0.093,0.907,0.0
C,1,228,lava,14,1,0,navigate,1,0.4286,0.5714,0.0
C,1,229,lava,6,0,0,navigate,1,0.3333,0.0,0.6667
C,1,230,success,39,1,1,hazard,0,0.7179,0.0769,0.2051
C,1,231,lava,38,1,1,hazard,0,0.0,0.8947,0.1053
C,1,232,lava,51,1,1,key_door,1,0.3922,0.3922,0.2157
C,1,233,success,29,1,1,hazard,0,0.0,1.0,0.0
C,1,234,success,25,1,1,hazard,0,0.16,0.84,0.0
C,1,235,success,21,1,1,key_door,0,0.381,0.5714,0.0476
C,1,236,success,29,1,1,key_door,0,0.1379,0.4138,0.4483
C,1,237,success,26,1,1,hazard,0,0.0,1.0,0.0
C,1,238,lava,185,1,1,navigate,1,0.373,0.6054,0.0216
C,1,239,success,19,1,1,hazard,0,0.6316,0.3684,0.0
C,1,240,lava,61,0,0,hazard,0,0.0,0.9344,0.0656
C,1,241,ball,19,1,1,navigate,1,0.5789,0.0,0.4211
C,1,242,success,25,1,1,key_door,0,0.0,0.16,0.84
C,1,243,timeout,196,1,0,hazard,0,0.1429,0.6122,0.2449
C,1,244,success,55,1,1,hazard,0,0.0,0.8545,0.1455
C,1,245,success,13,1,1,key_door,0,0.3077,0.3077,0.3846
C,1,246,ball,31,1,1,hazard,0,0.5161,0.2258,0.2581
C,1,247,success,21,1,1,key_door,0,0.5714,0.381,0.0476
C,1,248,success,22,1,1,hazard,0,0.0,1.0,0.0
C,1,249,ball,43,1,1,navigate,1,0.7209,0.186,0.093
C,1,250,success,35,1,1,navigate,0,0.5429,0.3429,0.1143
C,1,251,success,21,1,1,hazard,0,0.381,0.619,0.0
C,1,252,success,136,1,1,navigate,0,0.1176,0.6765,0.2059
C,1,253,success,82,1,1,hazard,0,0.6341,0.3171,0.0488
C,1,254,lava,27,1,1,hazard,0,0.7407,0.1111,0.1481
C,1,255,success,28,1,1,key_door,0,0.1429,0.0,0.8571
C,1,256,ball,19,1,1,navigate,1,1.0,0.0,0.0
C,1,257,lava,9,1,0,navigate,1,1.0,0.0,0.0
C,1,258,lava,122,0,0,navigate,1,0.2787,0.7213,0.0
C,1,259,lava,1,0,0,navigate,1,1.0,0.0,0.0
C,1,260,timeout,196,1,1,navigate,0,0.9592,0.0204,0.0204
C,1,261,success,40,1,1,hazard,0,0.3,0.4,0.3
C,1,262,lava,30,1,1,hazard,0,0.9333,0.0667,0.0
C,1,263,ball,162,1,1,hazard,0,0.642,0.3333,0.0247
C,1,264,ball,29,1,1,navigate,1,0.4483,0.5517,0.0
C,1,265,success,18,1,1,hazard,0,0.2222,0.7778,0.0
C,1,266,success,74,1,1,hazard,0,0.8649,0.0811,0.0541
C,1,267,success,73,1,1,hazard,0,0.3288,0.6164,0.0548
C,1,268,success,34,1,1,hazard,0,0.2353,0.5294,0.2353
C,1,269,success,108,1,1,hazard,0,0.037,0.7037,0.2593
C,1,270,success,85,1,1,navigate,0,0.7647,0.1412,0.0941
C,1,271,lava,12,0,0,hazard,0,0.3333,0.6667,0.0
C,1,272,success,46,1,1,hazard,0,0.087,0.8261,0.087
C,1,273,success,111,1,1,hazard,0,0.0721,0.8919,0.036
C,1,274,success,22,1,1,key_door,0,0.9091,0.0,0.0909
C,1,275,success,112,1,1,navigate,0,0.5357,0.3929,0.0714
C,1,276,lava,4,0,0,navigate,1,1.0,0.0,0.0
C,1,277,success,15,1,1,navigate,0,0.7333,0.2667,0.0
C,1,278,lava,34,1,1,navigate,1,0.6471,0.2353,0.1176
C,1,279,success,17,1,1,key_door,0,0.4706,0.2353,0.2941
C,1,280,lava,3,0,0,hazard,0,0.0,1.0,0.0
C,1,281,ball,30,1,1,key_door,1,0.4,0.4,0.2
C,1,282,success,24,1,1,hazard,0,0.5,0.5,0.0
C,1,283,success,12,1,1,hazard,0,0.3333,0.6667,0.0
C,1,284,lava,47,1,1,navigate,1,0.7447,0.1702,0.0851
C,1,285,success,55,1,1,hazard,0,0.3636,0.2727,0.3636
C,1,286,lava,39,1,1,hazard,0,0.2051,0.6923,0.1026
C,1,287,success,52,1,1,hazard,0,0.2308,0.2308,0.5385
C,1,288,success,20,1,1,hazard,0,0.6,0.4,0.0
C,1,289,lava,11,0,0,navigate,1,0.6364,0.0,0.3636
C,1,290,lava,2,0,0,navigate,1,1.0,0.0,0.0
C,1,291,ball,16,1,1,navigate,1,1.0,0.0,0.0
C,1,292,ball,28,1,1,navigate,1,0.7143,0.1429,0.1429
C,1,293,success,104,1,1,hazard,0,0.6923,0.3077,0.0
C,1,294,success,14,1,1,navigate,0,1.0,0.0,0.0
C,1,295,lava,9,0,0,hazard,0,0.0,1.0,0.0
C,1,296,lava,4,0,0,navigate,1,1.0,0.0,0.0
C,1,297,ball,17,1,1,hazard,0,0.2353,0.7647,0.0
C,1,298,ball,36,1,1,hazard,0,0.4444,0.3333,0.2222
C,1,299,ball,20,1,1,hazard,0,0.2,0.6,0.2
C,1,300,lava,13,0,0,navigate,1,1.0,0.0,0.0
C,1,301,success,19,1,1,navigate,0,0.3684,0.0,0.6316
C,1,302,success,27,1,1,key_door,0,0.0,0.8889,0.1111
C,1,303,lava,3,0,0,hazard,0,0.0,1.0,0.0
C,1,304,lava,60,1,1,navigate,1,0.8,0.0667,0.1333
C,1,305,lava,10,1,0,key_door,1,0.0,0.0,1.0
C,1,306,lava,77,1,0,hazard,0,0.1039,0.7922,0.1039
C,1,307,timeout,196,0,0,navigate,0,0.3469,0.4694,0.1837
C,1,308,lava,3,0,0,hazard,0,0.0,1.0,0.0
C,1,309,success,9,1,1,key_door,0,0.4444,0.4444,0.1111
C,1,310,ball,45,1,1,navigate,1,0.4667,0.0,0.5333
C,1,311,success,27,1,1,key_door,0,0.2963,0.0,0.7037
C,1,312,success,25,1,1,navigate,0,0.52,0.32,0.16
C,1,313,success,29,1,1,navigate,0,0.5862,0.1379,0.2759
C,1,314,success,24,1,1,key_door,0,0.3333,0.1667,0.5
C,1,315,lava,9,0,0,hazard,0,0.0,1.0,0.0
C,1,316,success,26,1,1,hazard,0,0.0,0.5385,0.4615
C,1,317,success,39,1,1,navigate,0,0.5897,0.3077,0.1026
C,1,318,ball,26,1,1,hazard,0,0.1538,0.6923,0.1538
C,1,319,success,28,1,1,key_door,0,0.1429,0.7143,0.1429
C,1,320,success,43,1,1,hazard,0,0.3721,0.5349,0.093
C,1,321,lava,57,1,1,navigate,1,0.7895,0.1404,0.0702
C,1,322,success,32,1,1,key_door,0,0.125,0.375,0.5
C,1,323,success,62,1,1,navigate,0,0.7419,0.1935,0.0645
C,1,324,success,60,1,1,hazard,0,0.6,0.3333,0.0667
C,1,325,ball,66,1,1,navigate,1,0.9394,0.0,0.0606
C,1,326,success,21,1,1,key_door,0,0.1905,0.1905,0.619
C,1,327,success,13,1,1,key_door,0,0.3077,0.6154,0.0769
C,1,328,success,151,1,1,hazard,0,0.5563,0.4437,0.0
C,1,329,success,29,1,1,navigate,0,1.0,0.0,0.0
C,1,330,success,25,1,1,hazard,0,0.64,0.36,0.0
C,1,331,ball,50,1,1,navigate,1,0.52,0.48,0.0
C,1,332,success,25,1,1,hazard,0,0.48,0.52,0.0
C,1,333,ball,42,1,1,hazard,0,0.2857,0.7143,0.0
C,1,334,success,25,1,1,hazard,0,0.48,0.36,0.16
C,1,335,ball,29,1,1,key_door,1,0.8276,0.0,0.1724
C,1,336,ball,14,1,1,navigate,1,0.1429,0.8571,0.0
C,1,337,success,18,1,1,hazard,0,0.4444,0.5556,0.0
C,1,338,success,22,1,1,hazard,0,0.5455,0.2727,0.1818
C,1,339,ball,33,1,1,navigate,1,0.3939,0.4848,0.1212
C,1,340,success,32,1,1,key_door,0,0.625,0.0,0.375
C,1,341,lava,15,0,0,navigate,1,0.2,0.8,0.0
C,1,342,success,47,1,1,key_door,0,0.2553,0.1702,0.5745
C,1,343,success,34,1,1,key_door,0,0.7059,0.2353,0.0588
C,1,344,success,24,1,1,hazard,0,0.1667,0.8333,0.0
C,1,345,success,21,1,1,hazard,0,0.381,0.2381,0.381
C,1,346,lava,1,0,0,navigate,1,1.0,0.0,0.0
C,1,347,success,37,1,1,key_door,0,0.5405,0.4324,0.027
C,1,348,success,29,1,1,hazard,0,0.1379,0.3103,0.5517
C,1,349,success,37,1,1,hazard,0,0.1081,0.8919,0.0
C,1,350,lava,5,0,0,navigate,1,0.2,0.8,0.0
C,1,351,lava,3,0,0,hazard,0,0.0,1.0,0.0
C,1,352,success,20,1,1,key_door,0,0.0,0.6,0.4
C,1,353,success,18,1,1,key_door,0,0.0,0.2222,0.7778
C,1,354,lava,1,0,0,hazard,0,0.0,1.0,0.0
C,1,355,success,21,1,1,navigate,0,1.0,0.0,0.0
C,1,356,ball,45,1,1,hazard,0,0.0889,0.8222,0.0889
C,1,357,ball,26,1,1,hazard,0,0.7692,0.2308,0.0
C,1,358,success,39,1,1,hazard,0,0.5128,0.1795,0.3077
C,1,359,success,40,1,1,hazard,0,0.1,0.8,0.1
C,1,360,success,50,1,1,hazard,0,0.48,0.44,0.08
C,1,361,success,26,1,1,hazard,0,0.4615,0.3846,0.1538
C,1,362,success,32,1,1,hazard,0,0.25,0.375,0.375
C,1,363,success,19,1,1,key_door,0,0.0,0.8421,0.1579
C,1,364,success,21,1,1,hazard,0,0.0,1.0,0.0
C,1,365,lava,5,0,0,key_door,1,0.0,0.8,0.2
C,1,366,lava,14,1,0,key_door,1,0.2857,0.0,0.7143
C,1,367,ball,33,1,1,hazard,0,0.2424,0.5152,0.2424
C,1,368,ball,20,1,1,key_door,1,0.0,0.4,0.6
C,1,369,success,38,1,1,key_door,0,0.3158,0.6316,0.0526
C,1,370,success,9,1,1,hazard,0,0.0,1.0,0.0
C,1,371,lava,29,1,1,hazard,0,0.4138,0.4483,0.1379
C,1,372,lava,11,1,0,hazard,0,0.7273,0.2727,0.0
C,1,373,success,21,1,1,hazard,0,0.0,1.0,0.0
C,1,374,ball,41,1,1,hazard,0,0.0,0.9024,0.0976
C,1,375,lava,5,0,0,navigate,1,1.0,0.0,0.0
C,1,376,ball,60,1,1,hazard,0,0.4,0.6,0.0
C,1,377,success,24,1,1,navigate,0,0.3333,0.3333,0.3333
C,1,378,success,56,1,1,hazard,0,0.4286,0.5714,0.0
C,1,379,success,56,1,1,hazard,0,0.0714,0.8571,0.0714
C,1,380,ball,33,1,1,navigate,1,0.6364,0.3636,0.0
C,1,381,success,17,1,1,key_door,0,0.7059,0.2353,0.0588
C,1,382,ball,33,1,1,hazard,0,0.0,1.0,0.0
C,1,383,success,35,1,1,hazard,0,0.0,0.8857,0.1143
C,1,384,success,42,1,1,key_door,0,0.2857,0.381,0.3333
C,1,385,success,59,1,1,navigate,0,0.5254,0.2034,0.2712
C,1,386,ball,14,1,1,hazard,0,0.2857,0.4286,0.2857
C,1,387,success,44,1,1,key_door,0,0.4545,0.1818,0.3636
C,1,388,success,17,1,1,hazard,0,0.7059,0.0588,0.2353
C,1,389,ball,49,1,1,navigate,1,0.7551,0.1633,0.0816
C,1,390,lava,2,0,0,hazard,0,0.0,1.0,0.0
C,1,391,timeout,196,1,0,hazard,0,0.3265,0.3673,0.3061
C,1,392,success,21,1,1,hazard,0,0.381,0.4286,0.1905
C,1,393,success,33,1,1,hazard,0,0.0,1.0,0.0
C,1,394,success,103,1,1,hazard,0,0.0777,0.9223,0.0
C,1,395,success,37,1,1,navigate,0,0.6757,0.3243,0.0
C,1,396,lava,3,0,0,navigate,1,1.0,0.0,0.0
C,1,397,success,30,1,1,hazard,0,0.0,1.0,0.0
C,1,398,lava,98,1,1,key_door,1,0.3673,0.3265,0.3061
C,1,399,success,11,1,1,key_door,0,0.3636,0.3636,0.2727
C,1,400,lava,22,1,1,hazard,0,0.1818,0.4545,0.3636
C,1,401,success,20,1,1,navigate,0,0.6,0.4,0.0
C,1,402,lava,45,1,1,navigate,1,0.6444,0.1778,0.1778
C,1,403,timeout,196,1,0,navigate,0,0.7143,0.1224,0.1633
C,1,404,success,20,1,1,hazard,0,0.2,0.6,0.2
C,1,405,success,29,1,1,key_door,0,0.1379,0.4138,0.4483
C,1,406,lava,19,1,1,navigate,1,0.7895,0.2105,0.0
C,1,407,success,24,1,1,hazard,0,0.1667,0.3333,0.5
C,1,408,lava,33,1,1,key_door,1,0.7273,0.2424,0.0303
C,1,409,success,21,1,1,hazard,0,0.1905,0.8095,0.0
C,1,410,ball,49,1,1,key_door,1,0.4082,0.0,0.5918
C,1,411,success,16,1,1,key_door,0,0.25,0.5,0.25
C,1,412,lava,18,1,0,hazard,0,0.4444,0.5556,0.0
C,1,413,lava,142,1,1,navigate,1,0.7465,0.169,0.0845
C,1,414,success,17,1,1,key_door,0,0.2353,0.0,0.7647
C,1,415,success,30,1,1,navigate,0,1.0,0.0,0.0
C,1,416,lava,29,0,0,navigate,1,0.5862,0.0,0.4138
C,1,417,success,24,1,1,key_door,0,0.6667,0.0,0.3333
C,1,418,lava,185,1,1,navigate,1,0.7189,0.1946,0.0865
C,1,419,lava,3,0,0,hazard,0,0.0,1.0,0.0
C,1,420,lava,18,1,1,navigate,1,0.7778,0.2222,0.0
C,1,421,lava,5,0,0,hazard,0,0.0,1.0,0.0
C,1,422,success,45,1,1,hazard,0,0.2667,0.6444,0.0889
C,1,423,lava,4,0,0,navigate,1,1.0,0.0,0.0
C,1,424,lava,1,0,0,hazard,0,0.0,1.0,0.0
C,1,425,ball,35,1,1,navigate,1,0.8857,0.1143,0.0
C,1,426,success,23,1,1,hazard,0,0.3478,0.4783,0.1739
C,1,427,ball,25,1,1,navigate,1,0.52,0.48,0.0
C,1,428,success,56,1,1,hazard,0,0.1429,0.3571,0.5
C,1,429,success,22,1,1,key_door,0,0.5455,0.1818,0.2727
C,1,430,timeout,196,0,0,hazard,0,0.0204,0.9796,0.0
C,1,431,lava,5,0,0,navigate,1,1.0,0.0,0.0
C,1,432,lava,20,0,0,key_door,1,0.2,0.2,0.6
C,1,433,ball,47,1,1,hazard,0,0.5957,0.234,0.1702
C,1,434,success,60,1,1,hazard,0,0.0,1.0,0.0
C,1,435,success,24,1,1,navigate,0,1.0,0.0,0.0
C,1,436,lava,80,1,1,hazard,0,0.4,0.6,0.0
C,1,437,success,99,1,1,hazard,0,0.4444,0.5556,0.0
C,1,438,lava,1,0,0,navigate,1,1.0,0.0,0.0
C,1,439,ball,43,1,1,hazard,0,0.093,0.907,0.0
C,1,440,success,69,1,1,hazard,0,0.5217,0.3623,0.1159
C,1,441,success,31,1,1,navigate,0,1.0,0.0,0.0
C,1,442,success,17,1,1,hazard,0,0.7059,0.2941,0.0
C,1,443,lava,90,0,0,navigate,1,0.2,0.7111,0.0889
C,1,444,success,18,1,1,navigate,0,0.7778,0.2222,0.0
C,1,445,success,22,1,1,hazard,0,0.3636,0.6364,0.0
C,1,446,lava,40,1,0,hazard,0,0.1,0.9,0.0
C,1,447,success,28,1,1,hazard,0,0.1429,0.2857,0.5714
C,1,448,success,43,1,1,navigate,0,0.7209,0.2791,0.0
C,1,449,ball,27,1,1,hazard,0,0.4444,0.4074,0.1481
C,1,450,success,32,1,1,navigate,0,0.625,0.375,0.0
C,1,451,success,36,1,1,navigate,0,0.5556,0.3333,0.1111
C,1,452,lava,7,0,0,navigate,1,0.4286,0.5714,0.0
C,1,453,success,22,1,1,key_door,0,0.0,0.3636,0.6364
C,1,454,success,94,1,1,hazard,0,0.6809,0.3191,0.0
C,1,455,success,34,1,1,key_door,0,0.0,0.9412,0.0588
C,1,456,lava,1,0,0,key_door,1,0.0,0.0,1.0
C,1,457,lava,3,0,0,hazard,0,0.0,1.0,0.0
C,1,458,success,25,1,1,key_door,0,0.0,0.96,0.04
C,1,459,success,33,1,1,hazard,0,0.4848,0.5152,0.0
C,1,460,lava,4,0,0,key_door,1,0.0,0.0,1.0
C,1,461,success,27,1,1,hazard,0,0.4444,0.5556,0.0
C,1,462,lava,14,0,0,navigate,1,0.4286,0.5714,0.0
C,1,463,success,21,1,1,hazard,0,0.7619,0.2381,0.0
C,1,464,success,43,1,1,key_door,0,0.093,0.3721,0.5349
C,1,465,ball,28,1,1,navigate,1,0.2857,0.5714,0.1429
C,1,466,success,39,1,1,hazard,0,0.4103,0.5897,0.0
C,1,467,success,83,1,1,hazard,0,0.6747,0.2289,0.0964
C,1,468,success,68,1,1,navigate,0,1.0,0.0,0.0
C,1,469,success,57,1,1,key_door,0,0.2105,0.6316,0.1579
C,1,470,success,11,1,1,hazard,0,0.0,1.0,0.0
C,1,471,ball,24,1,1,hazard,0,0.3333,0.3333,0.3333
C,1,472,success,36,1,1,key_door,0,0.4444,0.3333,0.2222
C,1,473,ball,29,1,1,navigate,1,1.0,0.0,0.0
C,1,474,lava,51,1,1,navigate,1,0.0588,0.8627,0.0784
C,1,475,lava,4,0,0,key_door,1,0.0,0.0,1.0
C,1,476,success,72,1,1,hazard,0,0.1111,0.8889,0.0
C,1,477,ball,37,1,1,navigate,1,0.4595,0.3243,0.2162
C,1,478,lava,13,0,0,navigate,1,0.6923,0.3077,0.0
C,1,479,lava,30,1,0,hazard,0,0.1333,0.7333,0.1333
C,1,480,ball,59,1,1,navigate,1,0.7288,0.2034,0.0678
C,1,481,ball,27,1,1,navigate,1,0.7037,0.2963,0.0
C,1,482,success,59,1,1,navigate,0,1.0,0.0,0.0
C,1,483,lava,69,1,1,hazard,0,0.4058,0.2464,0.3478
C,1,484,success,25,1,1,navigate,0,0.84,0.16,0.0
C,1,485,lava,43,1,1,navigate,1,0.4419,0.5581,0.0
C,1,486,success,27,1,1,key_door,0,0.4444,0.4444,0.1111
C,1,487,ball,26,1,1,navigate,1,1.0,0.0,0.0
C,1,488,success,18,1,1,hazard,0,0.4444,0.5556,0.0
C,1,489,success,33,1,1,hazard,0,0.6061,0.2727,0.1212
C,1,490,lava,1,0,0,navigate,1,1.0,0.0,0.0
C,1,491,timeout,196,1,1,navigate,0,0.9592,0.0,0.0408
C,1,492,timeout,196,1,0,hazard,0,0.1429,0.7347,0.1224
C,1,493,success,42,1,1,navigate,0,0.619,0.1905,0.1905
C,1,494,ball,23,1,1,hazard,0,0.1739,0.8261,0.0
C,1,495,success,18,1,1,hazard,0,0.2222,0.3333,0.4444
C,1,496,lava,3,0,0,hazard,0,0.0,1.0,0.0
C,1,497,lava,4,0,0,hazard,0,0.0,1.0,0.0
C,1,498,lava,6,0,0,navigate,1,0.3333,0.6667,0.0
C,1,499,success,16,1,1,hazard,0,0.75,0.25,0.0
C,2,0,success,33,1,1,key_door,0,0.0,0.0,1.0
C,2,1,success,10,1,1,key_door,0,0.0,0.0,1.0
C,2,2,success,26,1,1,navigate,0,0.0769,0.0,0.9231
C,2,3,success,20,1,1,key_door,0,0.0,0.0,1.0
C,2,4,ball,37,1,1,navigate,1,1.0,0.0,0.0
C,2,5,success,98,1,1,key_door,0,0.9388,0.0,0.0612
C,2,6,success,32,1,1,key_door,0,0.0,0.0,1.0
C,2,7,lava,3,0,0,key_door,1,0.0,0.0,1.0
C,2,8,ball,114,1,1,key_door,1,0.3158,0.0351,0.6491
C,2,9,success,23,1,1,navigate,0,0.1304,0.0,0.8696
C,2,10,success,27,1,1,key_door,0,0.1481,0.0,0.8519
C,2,11,lava,47,1,1,key_door,1,0.4255,0.0,0.5745
C,2,12,lava,13,0,0,key_door,1,0.0,0.0,1.0
C,2,13,timeout,196,0,0,key_door,0,0.0,0.0,1.0
C,2,14,timeout,196,1,1,navigate,0,0.7755,0.0,0.2245
C,2,15,success,37,1,1,key_door,0,0.1081,0.0,0.8919
C,2,16,timeout,196,0,0,key_door,0,0.3469,0.0,0.6531
C,2,17,success,48,1,1,navigate,0,0.25,0.0,0.75
C,2,18,timeout,196,0,0,key_door,0,0.0,0.0,1.0
C,2,19,success,20,1,1,key_door,0,0.4,0.0,0.6
C,2,20,success,17,1,1,key_door,0,0.0,0.0,1.0
C,2,21,timeout,196,1,0,key_door,0,0.0,0.0,1.0
C,2,22,timeout,196,0,0,key_door,0,0.0,0.0,1.0
C,2,23,success,31,1,1,key_door,0,0.0,0.0,1.0
C,2,24,success,43,1,1,key_door,0,0.8372,0.0,0.1628
C,2,25,ball,63,1,1,navigate,1,0.746,0.0,0.254
C,2,26,success,21,1,1,navigate,0,0.2381,0.0,0.7619
C,2,27,success,9,1,1,navigate,0,0.1111,0.0,0.8889
C,2,28,success,20,1,1,key_door,0,0.0,0.0,1.0
C,2,29,success,96,1,1,navigate,0,0.0833,0.0,0.9167
C,2,30,timeout,196,0,0,key_door,0,0.0408,0.0,0.9592
C,2,31,timeout,196,1,1,navigate,0,0.2041,0.0204,0.7755
C,2,32,success,38,1,1,navigate,0,0.1579,0.0,0.8421
C,2,33,success,25,1,1,key_door,0,0.0,0.0,1.0
C,2,34,lava,2,0,0,key_door,1,0.0,0.0,1.0
C,2,35,success,142,1,1,navigate,0,0.9155,0.0,0.0845
C,2,36,timeout,196,0,0,key_door,0,0.0,0.0,1.0
C,2,37,success,22,1,1,navigate,0,0.0909,0.0,0.9091
C,2,38,timeout,196,0,0,key_door,0,0.0,0.0,1.0
C,2,39,lava,91,1,0,navigate,1,0.956,0.044,0.0
C,2,40,success,57,1,1,key_door,0,0.7719,0.0,0.2281
C,2,41,timeout,196,0,0,navigate,0,1.0,0.0,0.0
C,2,42,timeout,196,1,1,navigate,0,0.9184,0.0204,0.0612
C,2,43,success,13,1,1,navigate,0,0.0769,0.0,0.9231
C,2,44,success,23,1,1,key_door,0,0.0,0.0,1.0
C,2,45,timeout,196,0,0,key_door,0,0.3061,0.0,0.6939
C,2,46,success,26,1,1,key_door,0,0.0,0.0,1.0
C,2,47,ball,58,1,1,navigate,1,0.2414,0.0,0.7586
C,2,48,success,24,1,1,key_door,0,0.0,0.0,1.0
C,2,49,timeout,196,0,0,navigate,0,1.0,0.0,0.0
C,2,50,timeout,196,0,0,key_door,0,0.0,0.0,1.0
C,2,51,timeout,196,0,0,key_door,0,0.0,0.0,1.0
C,2,52,success,40,1,1,key_door,0,0.2,0.0,0.8
C,2,53,success,33,1,1,key_door,0,0.2424,0.0,0.7576
C,2,54,success,18,1,1,navigate,0,0.1111,0.0,0.8889
C,2,55,timeout,196,0,0,navigate,0,0.9796,0.0,0.0204
C,2,56,success,41,1,1,key_door,0,0.4878,0.0,0.5122
C,2,57,lava,146,0,0,navigate,1,0.8356,0.137,0.0274
C,2,58,success,71,1,1,navigate,0,0.2676,0.0,0.7324
C,2,59,success,62,1,1,navigate,0,0.871,0.0,0.129
C,2,60,success,189,1,1,key_door,0,0.4444,0.0212,0.5344
C,2,61,success,82,1,1,key_door,0,0.5366,0.0,0.4634
C,2,62,success,39,1,1,key_door,0,0.0,0.0,1.0
C,2,63,timeout,196,1,1,navigate,0,0.9388,0.0408,0.0204
C,2,64,success,19,1,1,navigate,0,1.0,0.0,0.0
C,2,65,success,177,1,1,key_door,0,0.4068,0.0,0.5932
C,2,66,lava,5,0,0,key_door,1,0.0,0.0,1.0
C,2,67,success,16,1,1,key_door,0,0.0,0.0,1.0
C,2,68,success,20,1,1,key_door,0,0.0,0.0,1.0
C,2,69,timeout,196,0,0,navigate,0,0.9184,0.0612,0.0204
C,2,70,success,20,1,1,key_door,0,0.2,0.0,0.8
C,2,71,timeout,196,0,0,key_door,0,0.0,0.0,1.0
C,2,72,timeout,196,0,0,key_door,0,0.2857,0.0,0.7143
C,2,73,success,16,1,1,navigate,0,1.0,0.0,0.0
C,2,74,success,29,1,1,key_door,0,0.2759,0.0,0.7241
C,2,75,success,46,1,1,navigate,0,0.913,0.0,0.087
C,2,76,success,36,1,1,key_door,0,0.2222,0.0,0.7778
C,2,77,success,24,1,1,key_door,0,0.0,0.0,1.0
C,2,78,lava,59,0,0,key_door,1,0.1356,0.0,0.8644
C,2,79,success,90,1,1,key_door,0,0.0,0.0,1.0
C,2,80,success,19,1,1,navigate,0,0.5789,0.0,0.4211
C,2,81,success,48,1,1,navigate,0,0.5833,0.0,0.4167
C,2,82,lava,27,1,1,navigate,1,0.1111,0.0,0.8889
C,2,83,success,32,1,1,key_door,0,0.0,0.0,1.0
C,2,84,timeout,196,1,1,key_door,0,0.6122,0.0,0.3878
C,2,85,success,30,1,1,navigate,0,0.4667,0.0,0.5333
C,2,86,success,16,1,1,key_door,0,0.0,0.0,1.0
C,2,87,timeout,196,0,0,key_door,0,0.0204,0.0,0.9796
C,2,88,success,47,1,1,key_door,0,0.0,0.0,1.0
C,2,89,success,121,1,1,key_door,0,0.0,0.0,1.0
C,2,90,success,133,1,1,navigate,0,0.0376,0.0,0.9624
C,2,91,success,15,1,1,key_door,0,0.0,0.0,1.0
C,2,92,success,35,1,1,key_door,0,0.4571,0.0,0.5429
C,2,93,timeout,196,1,1,navigate,0,0.5918,0.0,0.4082
C,2,94,timeout,196,1,0,navigate,0,0.898,0.0,0.102
C,2,95,lava,75,1,1,key_door,1,0.2133,0.0,0.7867
C,2,96,timeout,196,0,0,key_door,0,0.0,0.0,1.0
C,2,97,timeout,196,1,1,navigate,0,0.6735,0.0,0.3265
C,2,98,timeout,196,1,1,navigate,0,0.8776,0.0408,0.0816
C,2,99,success,23,1,1,key_door,0,0.1739,0.0,0.8261
C,2,100,success,14,1,1,key_door,0,0.0,0.0,1.0
C,2,101,success,71,1,1,navigate,0,0.662,0.0,0.338
C,2,102,success,35,1,1,key_door,0,0.0,0.0,1.0
C,2,103,lava,32,0,0,key_door,1,0.125,0.0,0.875
C,2,104,lava,56,1,1,navigate,1,0.7857,0.0,0.2143
C,2,105,success,10,1,1,key_door,0,0.0,0.0,1.0
C,2,106,success,43,1,1,navigate,0,1.0,0.0,0.0
C,2,107,timeout,196,1,0,navigate,0,0.3673,0.0,0.6327
C,2,108,success,29,1,1,navigate,0,0.5862,0.0,0.4138
C,2,109,ball,161,1,1,navigate,1,0.8509,0.0,0.1491
C,2,110,lava,1,0,0,navigate,1,1.0,0.0,0.0
C,2,111,timeout,196,0,0,hazard,0,0.9796,0.0204,0.0
C,2,112,lava,53,1,1,key_door,1,0.5283,0.0755,0.3962
C,2,113,success,20,1,1,key_door,0,0.0,0.0,1.0
C,2,114,success,17,1,1,key_door,0,0.2353,0.0,0.7647
C,2,115,timeout,196,0,0,key_door,0,0.0,0.0,1.0
C,2,116,timeout,196,0,0,key_door,0,0.0,0.0,1.0
C,2,117,success,35,1,1,key_door,0,0.3429,0.0,0.6571
C,2,118,success,20,1,1,navigate,0,0.2,0.0,0.8
C,2,119,timeout,196,0,0,key_door,0,0.0,0.0,1.0
C,2,120,success,11,1,1,key_door,0,0.0,0.0,1.0
C,2,121,success,56,1,1,key_door,0,0.1429,0.0,0.8571
C,2,122,lava,24,1,1,key_door,1,0.0,0.0,1.0
C,2,123,success,136,1,1,navigate,0,0.2941,0.0,0.7059
C,2,124,success,39,1,1,navigate,0,0.5897,0.0,0.4103
C,2,125,success,113,1,1,key_door,0,0.0354,0.0,0.9646
C,2,126,success,35,1,1,key_door,0,0.0,0.0,1.0
C,2,127,timeout,196,0,0,key_door,0,0.0,0.0,1.0
C,2,128,success,28,1,1,navigate,0,0.1429,0.0,0.8571
C,2,129,success,19,1,1,navigate,0,0.1579,0.0,0.8421
C,2,130,lava,20,1,1,key_door,1,0.0,0.0,1.0
C,2,131,lava,182,0,0,navigate,1,1.0,0.0,0.0
C,2,132,timeout,196,0,0,navigate,0,0.9592,0.0204,0.0204
C,2,133,ball,143,1,1,navigate,1,0.9161,0.0,0.0839
C,2,134,success,51,1,1,key_door,0,0.0,0.0,1.0
C,2,135,success,53,1,1,key_door,0,0.7547,0.0,0.2453
C,2,136,timeout,196,0,0,navigate,0,1.0,0.0,0.0
C,2,137,timeout,196,0,0,navigate,0,0.9388,0.0204,0.0408
C,2,138,timeout,196,1,1,key_door,0,0.1837,0.0,0.8163
C,2,139,lava,22,1,1,navigate,1,0.8182,0.0,0.1818
C,2,140,success,17,1,1,navigate,0,0.0588,0.0,0.9412
C,2,141,timeout,196,0,0,key_door,0,0.0,0.0,1.0
C,2,142,success,19,1,1,key_door,0,0.0,0.0,1.0
C,2,143,success,41,1,1,navigate,0,0.7073,0.0,0.2927
C,2,144,success,39,1,1,navigate,0,0.7949,0.0,0.2051
C,2,145,success,44,1,1,key_door,0,0.0,0.0,1.0
C,2,146,success,18,1,1,key_door,0,0.2222,0.0,0.7778
C,2,147,success,21,1,1,key_door,0,0.381,0.0,0.619
C,2,148,timeout,196,0,0,key_door,0,0.0408,0.0,0.9592
C,2,149,success,42,1,1,navigate,0,0.7143,0.0,0.2857
C,2,150,success,37,1,1,key_door,0,0.4324,0.0,0.5676
C,2,151,lava,73,1,1,key_door,1,0.7123,0.0548,0.2329
C,2,152,success,148,1,1,key_door,0,0.5946,0.0,0.4054
C,2,153,success,68,1,1,navigate,0,0.5882,0.0,0.4118
C,2,154,success,42,1,1,key_door,0,0.2857,0.0,0.7143
C,2,155,success,163,1,1,navigate,0,0.9264,0.0,0.0736
C,2,156,timeout,196,0,0,key_door,0,0.0612,0.0,0.9388
C,2,157,timeout,196,0,0,key_door,0,0.0,0.0,1.0
C,2,158,success,51,1,1,key_door,0,0.0,0.0,1.0
C,2,159,success,15,1,1,key_door,0,0.2667,0.0,0.7333
C,2,160,success,64,1,1,navigate,0,0.9375,0.0,0.0625
C,2,161,success,69,1,1,key_door,0,0.4638,0.0,0.5362
C,2,162,success,37,1,1,navigate,0,0.5676,0.0,0.4324
C,2,163,timeout,196,1,1,navigate,0,0.4082,0.0,0.5918
C,2,164,success,114,1,1,navigate,0,0.5789,0.0,0.4211
C,2,165,success,16,1,1,key_door,0,0.0,0.0,1.0
C,2,166,success,27,1,1,navigate,0,0.8519,0.0,0.1481
C,2,167,success,64,1,1,key_door,0,0.0,0.0,1.0
C,2,168,success,32,1,1,key_door,0,0.125,0.0,0.875
C,2,169,success,40,1,1,key_door,0,0.4,0.0,0.6
C,2,170,lava,21,1,1,key_door,1,0.381,0.0,0.619
C,2,171,timeout,196,0,0,key_door,0,0.0,0.0,1.0
C,2,172,success,16,1,1,key_door,0,0.0,0.0,1.0
C,2,173,success,16,1,1,key_door,0,0.0,0.0,1.0
C,2,174,timeout,196,0,0,navigate,0,0.6327,0.0,0.3673
C,2,175,timeout,196,0,0,key_door,0,0.0,0.0,1.0
C,2,176,success,36,1,1,navigate,0,0.8889,0.0,0.1111
C,2,177,success,94,1,1,navigate,0,0.1489,0.0,0.8511
C,2,178,success,35,1,1,navigate,0,0.6571,0.0,0.3429
C,2,179,success,66,1,1,key_door,0,0.1212,0.0,0.8788
C,2,180,timeout,196,0,0,key_door,0,0.0,0.0,1.0
C,2,181,timeout,196,0,0,key_door,0,0.7551,0.0,0.2449
C,2,182,timeout,196,0,0,key_door,0,0.0,0.0,1.0
C,2,183,ball,20,1,1,navigate,1,0.4,0.0,0.6
C,2,184,success,35,1,1,navigate,0,0.6571,0.0,0.3429
C,2,185,success,38,1,1,key_door,0,0.5263,0.0,0.4737
C,2,186,ball,25,1,1,key_door,1,0.16,0.0,0.84
C,2,187,success,29,1,1,key_door,0,0.2759,0.0,0.7241
C,2,188,lava,29,1,1,navigate,1,0.4483,0.0,0.5517
C,2,189,ball,42,1,1,navigate,1,0.1429,0.0,0.8571
C,2,190,success,20,1,1,key_door,0,0.0,0.0,1.0
C,2,191,success,37,1,1,navigate,0,0.027,0.0,0.973
C,2,192,success,57,1,1,navigate,0,0.2281,0.0,0.7719
C,2,193,ball,19,1,1,navigate,1,0.3684,0.0,0.6316
C,2,194,success,23,1,1,key_door,0,0.0,0.0,1.0
C,2,195,success,12,1,1,navigate,0,0.3333,0.0,0.6667
C,2,196,success,52,1,1,key_door,0,0.3846,0.0,0.6154
C,2,197,success,31,1,1,navigate,0,1.0,0.0,0.0
C,2,198,success,70,1,1,key_door,0,0.0,0.0,1.0
C,2,199,success,34,1,1,key_door,0,0.0,0.0,1.0
C,2,200,ball,102,1,1,navigate,1,0.8824,0.0,0.1176
C,2,201,timeout,196,0,0,navigate,0,1.0,0.0,0.0
C,2,202,success,19,1,1,key_door,0,0.0,0.0,1.0
C,2,203,timeout,196,0,0,key_door,0,0.0,0.0,1.0
C,2,204,success,29,1,1,key_door,0,0.1379,0.0,0.8621
C,2,205,success,18,1,1,key_door,0,0.0,0.0,1.0
C,2,206,success,32,1,1,key_door,0,0.0,0.0,1.0
C,2,207,success,63,1,1,navigate,0,0.1111,0.0,0.8889
C,2,208,success,97,1,1,navigate,0,0.5052,0.0,0.4948
C,2,209,success,46,1,1,key_door,0,0.0,0.0,1.0
C,2,210,timeout,196,0,0,key_door,0,0.3673,0.0,0.6327
C,2,211,timeout,196,0,0,navigate,0,1.0,0.0,0.0
C,2,212,success,52,1,1,navigate,0,0.0769,0.0,0.9231
C,2,213,success,35,1,1,key_door,0,0.1143,0.0,0.8857
C,2,214,success,33,1,1,navigate,0,0.5152,0.0,0.4848
C,2,215,success,78,1,1,key_door,0,0.2051,0.0,0.7949
C,2,216,success,31,1,1,key_door,0,0.129,0.0,0.871
C,2,217,success,21,1,1,navigate,0,1.0,0.0,0.0
C,2,218,timeout,196,0,0,navigate,0,0.9592,0.0204,0.0204
C,2,219,success,38,1,1,key_door,0,0.7368,0.0,0.2632
C,2,220,success,69,1,1,navigate,0,0.0725,0.0,0.9275
C,2,221,timeout,196,0,0,key_door,0,0.0,0.0,1.0
C,2,222,ball,77,1,1,key_door,1,0.0,0.0,1.0
C,2,223,timeout,196,0,0,navigate,0,1.0,0.0,0.0
C,2,224,success,54,1,1,navigate,0,0.8519,0.0,0.1481
C,2,225,success,17,1,1,key_door,0,0.0,0.0,1.0
C,2,226,success,36,1,1,key_door,0,0.1111,0.0,0.8889
C,2,227,lava,46,1,1,key_door,1,0.7826,0.0,0.2174
C,2,228,timeout,196,1,0,navigate,0,0.7347,0.0408,0.2245
C,2,229,timeout,196,0,0,navigate,0,0.9592,0.0408,0.0
C,2,230,ball,53,1,1,navigate,1,0.1698,0.0755,0.7547
C,2,231,success,56,1,1,navigate,0,1.0,0.0,0.0
C,2,232,timeout,196,1,1,navigate,0,0.7143,0.0408,0.2449
C,2,233,ball,64,1,1,navigate,1,0.0625,0.0,0.9375
C,2,234,success,162,1,1,key_door,0,0.0247,0.0,0.9753
C,2,235,timeout,196,0,0,navigate,0,0.6531,0.1224,0.2245
C,2,236,success,22,1,1,navigate,0,0.0909,0.0,0.9091
C,2,237,success,41,1,1,navigate,0,0.3171,0.0,0.6829
C,2,238,success,62,1,1,navigate,0,1.0,0.0,0.0
C,2,239,success,15,1,1,key_door,0,0.2667,0.0,0.7333
C,2,240,success,58,1,1,key_door,0,0.0,0.0,1.0
C,2,241,success,62,1,1,navigate,0,0.1613,0.0,0.8387
C,2,242,success,13,1,1,key_door,0,0.0,0.0,1.0
C,2,243,lava,1,0,0,navigate,1,1.0,0.0,0.0
C,2,244,timeout,196,0,0,key_door,0,0.0204,0.0,0.9796
C,2,245,success,8,1,1,navigate,0,0.5,0.0,0.5
C,2,246,ball,21,1,1,key_door,1,0.0,0.0,1.0
C,2,247,success,15,1,1,navigate,0,1.0,0.0,0.0
C,2,248,success,11,1,1,key_door,0,0.0,0.0,1.0
C,2,249,success,84,1,1,navigate,0,0.8571,0.0,0.1429
C,2,250,timeout,196,0,0,key_door,0,0.0,0.0,1.0
C,2,251,success,37,1,1,navigate,0,0.027,0.1081,0.8649
C,2,252,lava,11,0,0,key_door,1,0.0,0.0,1.0
C,2,253,success,43,1,1,key_door,0,0.6512,0.0,0.3488
C,2,254,timeout,196,0,0,key_door,0,0.0,0.0,1.0
C,2,255,success,12,1,1,key_door,0,0.0,0.0,1.0
C,2,256,timeout,196,1,1,navigate,0,0.449,0.0,0.551
C,2,257,timeout,196,1,0,navigate,0,0.5306,0.0,0.4694
C,2,258,success,161,1,1,navigate,0,0.4037,0.0,0.5963
C,2,259,timeout,196,0,0,key_door,0,0.0612,0.0,0.9388
C,2,260,timeout,196,0,0,key_door,0,0.0,0.0,1.0
C,2,261,lava,100,1,1,navigate,1,0.6,0.04,0.36
C,2,262,timeout,196,1,1,navigate,0,0.898,0.0,0.102
C,2,263,success,46,1,1,navigate,0,0.6522,0.0,0.3478
C,2,264,lava,146,1,1,navigate,1,0.9178,0.0548,0.0274
C,2,265,success,74,1,1,key_door,0,0.2162,0.0,0.7838
C,2,266,success,42,1,1,navigate,0,0.5238,0.0,0.4762
C,2,267,ball,33,1,1,key_door,1,0.0,0.0,1.0
C,2,268,success,137,1,1,key_door,0,0.1168,0.0,0.8832
C,2,269,timeout,196,0,0,key_door,0,0.2041,0.0,0.7959
C,2,270,success,60,1,1,key_door,0,0.4,0.0667,0.5333
C,2,271,success,25,1,1,navigate,0,0.36,0.0,0.64
C,2,272,success,34,1,1,navigate,0,0.4118,0.0,0.5882
C,2,273,success,110,1,1,key_door,0,0.0,0.0,1.0
C,2,274,success,143,1,1,navigate,0,0.8322,0.0,0.1678
C,2,275,success,35,1,1,key_door,0,0.1143,0.0,0.8857
C,2,276,success,28,1,1,navigate,0,0.4286,0.0,0.5714
C,2,277,timeout,196,1,1,navigate,0,0.898,0.0,0.102
C,2,278,success,31,1,1,key_door,0,0.129,0.0,0.871
C,2,279,success,11,1,1,key_door,0,0.0,0.0,1.0
C,2,280,success,20,1,1,key_door,0,0.0,0.0,1.0
C,2,281,success,46,1,1,key_door,0,0.0,0.0,1.0
C,2,282,timeout,196,0,0,key_door,0,0.0,0.0,1.0
C,2,283,success,17,1,1,navigate,0,0.7647,0.0,0.2353
C,2,284,success,22,1,1,key_door,0,0.0,0.0,1.0
C,2,285,success,16,1,1,key_door,0,0.0,0.0,1.0
C,2,286,lava,91,1,1,navigate,1,0.7363,0.0,0.2637
C,2,287,ball,36,1,1,key_door,1,0.6667,0.0,0.3333
C,2,288,timeout,196,0,0,key_door,0,0.0,0.0,1.0
C,2,289,success,42,1,1,key_door,0,0.1905,0.0,0.8095
C,2,290,success,33,1,1,key_door,0,0.1212,0.0,0.8788
C,2,291,success,42,1,1,navigate,0,0.4286,0.0,0.5714
C,2,292,success,28,1,1,navigate,0,0.4286,0.0,0.5714
C,2,293,success,193,1,1,key_door,0,0.0,0.0,1.0
C,2,294,success,42,1,1,key_door,0,0.4762,0.0,0.5238
C,2,295,timeout,196,0,0,key_door,0,0.0,0.0,1.0
C,2,296,success,51,1,1,key_door,0,0.0,0.0,1.0
C,2,297,lava,54,1,1,navigate,1,0.9259,0.0,0.0741
C,2,298,success,79,1,1,key_door,0,0.0,0.0,1.0
C,2,299,lava,50,1,1,key_door,1,0.48,0.08,0.44
C,2,300,success,132,1,1,key_door,0,0.0,0.0,1.0
C,2,301,success,88,1,1,navigate,0,0.1364,0.0,0.8636
C,2,302,ball,139,1,1,key_door,1,0.9209,0.0,0.0791
C,2,303,success,19,1,1,navigate,0,1.0,0.0,0.0
C,2,304,success,65,1,1,navigate,0,0.1385,0.0,0.8615
C,2,305,timeout,196,1,0,navigate,0,0.8571,0.0612,0.0816
C,2,306,lava,5,0,0,key_door,1,0.0,0.0,1.0
C,2,307,success,20,1,1,navigate,0,0.2,0.0,0.8
C,2,308,success,25,1,1,key_door,0,0.0,0.0,1.0
C,2,309,success,22,1,1,navigate,0,0.8182,0.0,0.1818
C,2,310,success,178,1,1,key_door,0,0.0,0.0,1.0
C,2,311,success,46,1,1,key_door,0,0.1739,0.0,0.8261
C,2,312,success,35,1,1,key_door,0,0.2286,0.0,0.7714
C,2,313,success,134,1,1,key_door,0,0.0299,0.0,0.9701
C,2,314,success,36,1,1,key_door,0,0.5556,0.0,0.4444
C,2,315,timeout,196,0,0,key_door,0,0.0,0.0,1.0
C,2,316,success,29,1,1,navigate,0,0.5862,0.0,0.4138
C,2,317,success,45,1,1,navigate,0,0.4667,0.0,0.5333
C,2,318,success,24,1,1,navigate,0,0.8333,0.0,0.1667
C,2,319,timeout,196,0,0,navigate,0,1.0,0.0,0.0
C,2,320,timeout,196,1,0,key_door,0,0.2245,0.0,0.7755
C,2,321,success,69,1,1,navigate,0,0.3043,0.0,0.6957
C,2,322,success,19,1,1,navigate,0,0.1579,0.0,0.8421
C,2,323,success,36,1,1,key_door,0,0.0,0.0,1.0
C,2,324,success,19,1,1,key_door,0,0.0,0.0,1.0
C,2,325,success,48,1,1,key_door,0,0.0,0.0,1.0
C,2,326,success,17,1,1,key_door,0,0.0,0.0,1.0
C,2,327,success,57,1,1,key_door,0,0.0,0.0,1.0
C,2,328,success,15,1,1,key_door,0,0.0,0.0,1.0
C,2,329,success,84,1,1,navigate,0,1.0,0.0,0.0
C,2,330,success,27,1,1,navigate,0,1.0,0.0,0.0
C,2,331,lava,78,1,1,navigate,1,0.8974,0.0,0.1026
C,2,332,lava,27,1,1,key_door,1,0.2963,0.1481,0.5556
C,2,333,success,23,1,1,navigate,0,0.3043,0.0,0.6957
C,2,334,success,38,1,1,navigate,0,0.3684,0.0,0.6316
C,2,335,success,34,1,1,navigate,0,0.1765,0.0,0.8235
C,2,336,success,41,1,1,key_door,0,0.0,0.0,1.0
C,2,337,success,27,1,1,navigate,0,0.2593,0.0,0.7407
C,2,338,success,37,1,1,key_door,0,0.1081,0.0,0.8919
C,2,339,timeout,196,0,0,navigate,0,0.1633,0.0,0.8367
C,2,340,success,49,1,1,key_door,0,0.0,0.0,1.0
C,2,341,success,25,1,1,navigate,0,0.2,0.0,0.8
C,2,342,timeout,196,1,1,key_door,0,0.1837,0.0,0.8163
C,2,343,lava,8,0,0,key_door,1,0.0,0.0,1.0
C,2,344,success,35,1,1,key_door,0,0.6857,0.0,0.3143
C,2,345,lava,18,1,1,navigate,1,0.1111,0.0,0.8889
C,2,346,success,25,1,1,navigate,0,0.36,0.0,0.64
C,2,347,success,39,1,1,navigate,0,1.0,0.0,0.0
C,2,348,success,29,1,1,key_door,0,0.4138,0.0,0.5862
C,2,349,success,25,1,1,navigate,0,0.36,0.0,0.64
C,2,350,success,26,1,1,key_door,0,0.0,0.0,1.0
C,2,351,timeout,196,0,0,key_door,0,0.0,0.0,1.0
C,2,352,success,35,1,1,key_door,0,0.3429,0.0,0.6571
C,2,353,lava,94,1,1,navigate,1,1.0,0.0,0.0
C,2,354,lava,2,0,0,key_door,1,0.0,0.0,1.0
C,2,355,success,92,1,1,key_door,0,0.0,0.0,1.0
C,2,356,ball,36,1,1,navigate,1,0.7778,0.0,0.2222
C,2,357,ball,39,1,1,navigate,1,0.8974,0.0,0.1026
C,2,358,success,19,1,1,key_door,0,0.0,0.0,1.0
C,2,359,timeout,196,0,0,key_door,0,0.0,0.0,1.0
C,2,360,success,15,1,1,navigate,0,0.2,0.0,0.8
C,2,361,ball,98,1,1,navigate,1,0.4286,0.0,0.5714
C,2,362,success,32,1,1,key_door,0,0.0,0.0,1.0
C,2,363,success,35,1,1,key_door,0,0.2286,0.0,0.7714
C,2,364,success,42,1,1,key_door,0,0.0,0.0,1.0
C,2,365,lava,14,0,0,key_door,1,0.0,0.0,1.0
C,2,366,ball,8,1,1,key_door,1,0.0,0.0,1.0
C,2,367,success,50,1,1,navigate,0,0.68,0.0,0.32
C,2,368,success,22,1,1,key_door,0,0.1818,0.0,0.8182
C,2,369,success,17,1,1,navigate,0,1.0,0.0,0.0
C,2,370,success,23,1,1,key_door,0,0.0,0.0,1.0
C,2,371,timeout,196,0,0,key_door,0,0.0,0.0,1.0
C,2,372,lava,50,1,0,navigate,1,0.92,0.08,0.0
C,2,373,lava,33,1,1,key_door,1,0.0,0.0,1.0
C,2,374,success,22,1,1,navigate,0,0.8182,0.0,0.1818
C,2,375,success,19,1,1,navigate,0,0.5789,0.0,0.4211
C,2,376,success,118,1,1,navigate,0,0.6949,0.0,0.3051
C,2,377,timeout,196,0,0,key_door,0,0.0,0.0,1.0
C,2,378,lava,46,1,1,navigate,1,0.4783,0.0,0.5217
C,2,379,success,38,1,1,key_door,0,0.0,0.0,1.0
C,2,380,timeout,196,0,0,key_door,0,0.0,0.0,1.0
C,2,381,success,36,1,1,key_door,0,0.6667,0.0,0.3333
C,2,382,timeout,196,0,0,key_door,0,0.0,0.0,1.0
C,2,383,success,17,1,1,key_door,0,0.0,0.0,1.0
C,2,384,success,64,1,1,key_door,0,0.0,0.0,1.0
C,2,385,timeout,196,0,0,key_door,0,0.0,0.0,1.0
C,2,386,success,38,1,1,navigate,0,0.7895,0.0,0.2105
C,2,387,success,31,1,1,key_door,0,0.2581,0.129,0.6129
C,2,388,success,17,1,1,navigate,0,0.0588,0.0,0.9412
C,2,389,lava,40,1,1,navigate,1,0.5,0.0,0.5
C,2,390,success,17,1,1,key_door,0,0.2353,0.0,0.7647
C,2,391,timeout,196,1,0,hazard,0,0.4286,0.0612,0.5102
C,2,392,success,21,1,1,navigate,0,0.619,0.0,0.381
C,2,393,success,16,1,1,key_door,0,0.0,0.0,1.0
C,2,394,timeout,196,0,0,navigate,0,0.9796,0.0204,0.0
C,2,395,success,13,1,1,key_door,0,0.0,0.0,1.0
C,2,396,timeout,196,0,0,key_door,0,0.0,0.0,1.0
C,2,397,success,87,1,1,key_door,0,0.0,0.0,1.0
C,2,398,success,59,1,1,navigate,0,0.5254,0.0,0.4746
C,2,399,success,15,1,1,key_door,0,0.0,0.0,1.0
C,2,400,success,25,1,1,navigate,0,0.68,0.0,0.32
C,2,401,timeout,196,0,0,key_door,0,0.0,0.0,1.0
C,2,402,timeout,196,0,0,navigate,0,0.9388,0.0,0.0612
C,2,403,timeout,196,0,0,key_door,0,0.0,0.0,1.0
C,2,404,success,108,1,1,key_door,0,0.5185,0.0,0.4815
C,2,405,success,19,1,1,navigate,0,0.1579,0.0,0.8421
C,2,406,success,18,1,1,navigate,0,0.1111,0.0,0.8889
C,2,407,success,66,1,1,navigate,0,0.8182,0.0,0.1818
C,2,408,timeout,196,1,1,navigate,0,0.551,0.0204,0.4286
C,2,409,success,44,1,1,key_door,0,0.3636,0.0,0.6364
C,2,410,success,17,1,1,navigate,0,0.2941,0.0,0.7059
C,2,411,success,17,1,1,navigate,0,0.2941,0.0,0.7059
C,2,412,timeout,196,0,0,key_door,0,0.0,0.0,1.0
C,2,413,success,19,1,1,key_door,0,0.0,0.0,1.0
C,2,414,success,15,1,1,key_door,0,0.0,0.0,1.0
C,2,415,ball,11,1,1,navigate,1,0.6364,0.0,0.3636
C,2,416,success,65,1,1,key_door,0,0.1231,0.0,0.8769
C,2,417,success,52,1,1,key_door,0,0.0769,0.0,0.9231
C,2,418,success,71,1,1,navigate,0,0.831,0.0,0.169
C,2,419,lava,5,0,0,key_door,1,0.0,0.0,1.0
C,2,420,success,46,1,1,navigate,0,0.3913,0.0,0.6087
C,2,421,success,51,1,1,key_door,0,0.0,0.0,1.0
C,2,422,ball,39,1,1,navigate,1,0.5897,0.1026,0.3077
C,2,423,success,40,1,1,key_door,0,0.0,0.0,1.0
C,2,424,success,39,1,1,key_door,0,0.2051,0.0,0.7949
C,2,425,success,55,1,1,key_door,0,0.2909,0.0,0.7091
C,2,426,success,33,1,1,key_door,0,0.2424,0.0,0.7576
C,2,427,success,36,1,1,key_door,0,0.1111,0.0,0.8889
C,2,428,timeout,196,0,0,key_door,0,0.0,0.0,1.0
C,2,429,success,48,1,1,key_door,0,0.0833,0.0,0.9167
C,2,430,success,26,1,1,navigate,0,0.2308,0.0,0.7692
C,2,431,success,34,1,1,navigate,0,0.7647,0.0,0.2353
C,2,432,success,43,1,1,navigate,0,1.0,0.0,0.0
C,2,433,timeout,196,1,1,navigate,0,0.4286,0.0204,0.551
C,2,434,success,75,1,1,key_door,0,0.0,0.0,1.0
C,2,435,timeout,196,0,0,key_door,0,0.0204,0.0,0.9796
C,2,436,lava,26,1,1,navigate,1,0.3846,0.0,0.6154
C,2,437,timeout,196,0,0,key_door,0,0.102,0.0,0.898
C,2,438,lava,58,1,0,key_door,1,0.2069,0.0,0.7931
C,2,439,lava,59,1,1,navigate,1,0.7966,0.0,0.2034
C,2,440,timeout,196,0,0,key_door,0,0.0,0.0,1.0
C,2,441,success,56,1,1,key_door,0,0.1429,0.0,0.8571
C,2,442,success,18,1,1,key_door,0,0.2222,0.0,0.7778
C,2,443,timeout,196,1,0,key_door,0,0.1224,0.0,0.8776
C,2,444,success,28,1,1,navigate,0,0.8571,0.0,0.1429
C,2,445,ball,43,1,1,key_door,1,0.7442,0.0,0.2558
C,2,446,success,38,1,1,navigate,0,0.8947,0.0,0.1053
C,2,447,success,148,1,1,navigate,0,0.0541,0.0,0.9459
C,2,448,success,61,1,1,navigate,0,0.6066,0.0,0.3934
C,2,449,success,27,1,1,navigate,0,0.1111,0.0,0.8889
C,2,450,timeout,196,0,0,key_door,0,0.0,0.0,1.0
C,2,451,success,47,1,1,key_door,0,0.3404,0.0,0.6596
C,2,452,lava,2,0,0,key_door,1,0.0,0.0,1.0
C,2,453,success,21,1,1,key_door,0,0.0,0.0,1.0
C,2,454,timeout,196,0,0,key_door,0,0.0204,0.0,0.9796
C,2,455,success,15,1,1,key_door,0,0.0,0.0,1.0
C,2,456,timeout,196,0,0,navigate,0,1.0,0.0,0.0
C,2,457,timeout,196,0,0,key_door,0,0.0,0.0,1.0
C,2,458,success,27,1,1,key_door,0,0.2963,0.0,0.7037
C,2,459,success,17,1,1,navigate,0,0.0588,0.0,0.9412
C,2,460,lava,181,0,0,navigate,1,0.9779,0.0221,0.0
C,2,461,success,163,1,1,navigate,0,0.411,0.0,0.589
C,2,462,success,42,1,1,key_door,0,0.0,0.0,1.0
C,2,463,success,37,1,1,navigate,0,0.4595,0.0,0.5405
C,2,464,success,26,1,1,navigate,0,0.2308,0.0,0.7692
C,2,465,success,68,1,1,key_door,0,0.0588,0.0,0.9412
C,2,466,success,44,1,1,key_door,0,0.8182,0.0,0.1818
C,2,467,ball,30,1,1,navigate,1,0.4667,0.0,0.5333
C,2,468,success,39,1,1,key_door,0,0.5128,0.0,0.4872
C,2,469,timeout,196,1,0,key_door,0,0.5102,0.0,0.4898
C,2,470,success,15,1,1,key_door,0,0.0,0.0,1.0
C,2,471,success,37,1,1,navigate,0,1.0,0.0,0.0
C,2,472,success,22,1,1,key_door,0,0.0,0.0,1.0
C,2,473,ball,13,1,1,navigate,1,0.0769,0.0,0.9231
C,2,474,success,18,1,1,navigate,0,0.3333,0.0,0.6667
C,2,475,timeout,196,0,0,navigate,0,0.9592,0.0408,0.0
C,2,476,success,65,1,1,navigate,0,0.0154,0.0,0.9846
C,2,477,timeout,196,1,1,navigate,0,1.0,0.0,0.0
C,2,478,timeout,196,0,0,navigate,0,0.9796,0.0204,0.0
C,2,479,lava,2,0,0,key_door,1,0.0,0.0,1.0
C,2,480,timeout,196,0,0,navigate,0,0.9796,0.0204,0.0
C,2,481,success,40,1,1,navigate,0,0.2,0.0,0.8
C,2,482,ball,54,1,1,navigate,1,1.0,0.0,0.0
C,2,483,success,19,1,1,navigate,0,0.3684,0.0,0.6316
C,2,484,success,30,1,1,navigate,0,0.4667,0.0,0.5333
C,2,485,success,26,1,1,key_door,0,0.0,0.0,1.0
C,2,486,success,50,1,1,key_door,0,0.56,0.0,0.44
C,2,487,ball,170,1,1,navigate,1,0.9765,0.0,0.0235
C,2,488,success,15,1,1,key_door,0,0.0,0.0,1.0
C,2,489,success,23,1,1,navigate,0,0.6522,0.0,0.3478
C,2,490,timeout,196,0,0,key_door,0,0.0408,0.0,0.9592
C,2,491,success,20,1,1,key_door,0,0.0,0.0,1.0
C,2,492,timeout,196,0,0,key_door,0,0.0,0.0,1.0
C,2,493,timeout,196,0,0,key_door,0,0.6122,0.0,0.3878
C,2,494,timeout,196,0,0,navigate,0,0.8776,0.0408,0.0816
C,2,495,ball,97,1,1,key_door,1,0.0,0.0,1.0
C,2,496,success,21,1,1,key_door,0,0.0,0.0,1.0
C,2,497,lava,18,0,0,key_door,1,0.0,0.0,1.0
C,2,498,success,18,1,1,navigate,0,0.1111,0.0,0.8889
C,2,499,success,9,1,1,navigate,0,0.1111,0.0,0.8889
C,3,0,success,17,1,1,hazard,0,0.2353,0.2941,0.4706
C,3,1,success,21,1,1,hazard,0,0.0,0.0476,0.9524
C,3,2,lava,56,1,1,key_door,1,0.7857,0.0714,0.1429
C,3,3,success,47,1,1,hazard,0,0.0851,0.1489,0.766
C,3,4,timeout,196,1,1,navigate,0,0.5306,0.1837,0.2857
C,3,5,timeout,196,1,0,key_door,0,0.1837,0.0612,0.7551
C,3,6,success,29,1,1,key_door,0,0.0,0.0,1.0
C,3,7,timeout,196,1,0,key_door,0,0.3469,0.1633,0.4898
C,3,8,success,23,1,1,hazard,0,0.0,0.4783,0.5217
C,3,9,success,30,1,1,navigate,0,0.7333,0.2667,0.0
C,3,10,success,20,1,1,hazard,0,0.0,0.4,0.6
C,3,11,ball,31,1,1,hazard,0,0.0,0.3548,0.6452
C,3,12,timeout,196,1,0,key_door,0,0.2653,0.0816,0.6531
C,3,13,timeout,196,1,1,navigate,0,0.1633,0.1429,0.6939
C,3,14,success,57,1,1,hazard,0,0.0,0.6491,0.3509
C,3,15,success,29,1,1,hazard,0,0.0,0.1724,0.8276
C,3,16,lava,74,0,0,key_door,1,0.0,0.0,1.0
C,3,17,success,33,1,1,navigate,0,0.1515,0.8485,0.0
C,3,18,timeout,196,1,0,key_door,0,0.1429,0.0408,0.8163
C,3,19,success,21,1,1,hazard,0,0.0,0.4286,0.5714
C,3,20,success,16,1,1,key_door,0,0.25,0.0,0.75
C,3,21,success,21,1,1,hazard,0,0.1905,0.4286,0.381
C,3,22,success,36,1,1,hazard,0,0.0,0.4444,0.5556
C,3,23,timeout,196,0,0,key_door,0,0.0,0.0,1.0
C,3,24,success,24,1,1,hazard,0,0.0,0.1667,0.8333
C,3,25,ball,38,1,1,hazard,0,0.3158,0.5789,0.1053
C,3,26,success,23,1,1,hazard,0,0.0,0.6522,0.3478
C,3,27,success,14,1,1,hazard,0,0.0,1.0,0.0
C,3,28,success,19,1,1,hazard,0,0.0,0.5789,0.4211
C,3,29,success,17,1,1,hazard,0,0.7059,0.0588,0.2353
C,3,30,success,17,1,1,hazard,0,0.2353,0.0588,0.7059
C,3,31,timeout,196,1,0,key_door,0,0.7551,0.0204,0.2245
C,3,32,success,22,1,1,hazard,0,0.1818,0.8182,0.0
C,3,33,success,23,1,1,hazard,0,0.0,0.4783,0.5217
C,3,34,lava,24,0,0,key_door,1,0.0,0.0,1.0
C,3,35,timeout,196,1,0,navigate,0,0.0408,0.2041,0.7551
C,3,36,timeout,196,1,0,key_door,0,0.3265,0.0204,0.6531
C,3,37,success,25,1,1,hazard,0,0.0,0.04,0.96
C,3,38,success,21,1,1,key_door,0,0.381,0.1905,0.4286
C,3,39,timeout,196,1,0,key_door,0,0.0612,0.0204,0.9184
C,3,40,ball,50,1,1,navigate,1,0.36,0.16,0.48
C,3,41,success,27,1,1,hazard,0,0.0,0.5556,0.4444
C,3,42,ball,19,1,1,navigate,1,0.1579,0.4211,0.4211
C,3,43,success,31,1,1,hazard,0,0.0,0.2258,0.7742
C,3,44,timeout,196,0,0,key_door,0,0.3469,0.0,0.6531
C,3,45,success,12,1,1,hazard,0,0.3333,0.3333,0.3333
C,3,46,success,29,1,1,hazard,0,0.1379,0.8621,0.0
C,3,47,success,71,1,1,key_door,0,0.0563,0.0563,0.8873
C,3,48,success,22,1,1,hazard,0,0.7273,0.0909,0.1818
C,3,49,success,15,1,1,key_door,0,0.0,0.0,1.0
C,3,50,success,29,1,1,hazard,0,0.0,0.4483,0.5517
C,3,51,success,24,1,1,key_door,0,0.0,0.0,1.0
C,3,52,timeout,196,1,1,navigate,0,0.3878,0.4898,0.1224
C,3,53,success,18,1,1,hazard,0,0.0,0.3333,0.6667
C,3,54,timeout,196,0,0,key_door,0,0.0,0.0204,0.9796
C,3,55,success,51,1,1,hazard,0,0.0784,0.2941,0.6275
C,3,56,success,24,1,1,hazard,0,0.0,0.1667,0.8333
C,3,57,ball,21,1,1,navigate,1,0.619,0.381,0.0
C,3,58,lava,29,1,1,key_door,1,0.1379,0.4138,0.4483
C,3,59,success,39,1,1,hazard,0,0.1026,0.0769,0.8205
C,3,60,ball,31,1,1,hazard,0,0.0,0.0968,0.9032
C,3,61,success,17,1,1,hazard,0,0.0,0.5294,0.4706
C,3,62,success,19,1,1,key_door,0,0.0,0.0,1.0
C,3,63,success,17,1,1,hazard,0,0.2353,0.7647,0.0
C,3,64,success,16,1,1,navigate,0,1.0,0.0,0.0
C,3,65,success,28,1,1,hazard,0,0.0,0.2857,0.7143
C,3,66,success,28,1,1,hazard,0,0.1429,0.5714,0.2857
C,3,67,success,24,1,1,hazard,0,0.5,0.1667,0.3333
C,3,68,success,21,1,1,hazard,0,0.0,0.0476,0.9524
C,3,69,timeout,196,0,0,navigate,0,0.8163,0.0612,0.1224
C,3,70,success,26,1,1,hazard,0,0.0,0.0769,0.9231
C,3,71,timeout,196,1,0,navigate,0,0.5918,0.1633,0.2449
C,3,72,timeout,196,1,0,key_door,0,0.0,0.0204,0.9796
C,3,73,success,17,1,1,hazard,0,0.2353,0.2941,0.4706
C,3,74,success,30,1,1,hazard,0,0.0,0.2,0.8
C,3,75,timeout,196,0,0,key_door,0,0.0,0.0,1.0
C,3,76,success,128,1,1,key_door,0,0.0625,0.0625,0.875
C,3,77,success,19,1,1,hazard,0,0.0,0.1579,0.8421
C,3,78,timeout,196,1,0,key_door,0,0.1837,0.0612,0.7551
C,3,79,success,23,1,1,hazard,0,0.0,0.6522,0.3478
C,3,80,success,27,1,1,hazard,0,0.0,0.5556,0.4444
C,3,81,success,34,1,1,navigate,0,0.2941,0.1176,0.5882
C,3,82,lava,47,1,1,navigate,1,0.4894,0.4255,0.0851
C,3,83,success,51,1,1,key_door,0,0.0,0.1569,0.8431
C,3,84,success,16,1,1,hazard,0,0.25,0.25,0.5
C,3,85,success,19,1,1,navigate,0,0.3684,0.2105,0.4211
C,3,86,success,84,1,1,key_door,0,0.0476,0.0,0.9524
C,3,87,timeout,196,0,0,key_door,0,0.1224,0.0,0.8776
C,3,88,success,193,1,1,navigate,0,0.3575,0.2487,0.3938
C,3,89,success,46,1,1,hazard,0,0.1739,0.2174,0.6087
C,3,90,success,19,1,1,key_door,0,0.0,0.0,1.0
C,3,91,success,13,1,1,hazard,0,0.3077,0.0769,0.6154
C,3,92,success,33,1,1,hazard,0,0.0,0.1515,0.8485
C,3,93,success,18,1,1,hazard,0,0.0,0.7778,0.2222
C,3,94,success,42,1,1,hazard,0,0.0952,0.4286,0.4762
C,3,95,timeout,196,1,1,navigate,0,0.7143,0.1837,0.102
C,3,96,timeout,196,1,1,navigate,0,0.3061,0.102,0.5918
C,3,97,success,23,1,1,hazard,0,0.3478,0.4783,0.1739
C,3,98,ball,19,1,1,key_door,1,0.2105,0.2105,0.5789
C,3,99,success,18,1,1,hazard,0,0.2222,0.5556,0.2222
C,3,100,success,15,1,1,hazard,0,0.0,0.4667,0.5333
C,3,101,timeout,196,1,0,key_door,0,0.2449,0.0408,0.7143
C,3,102,success,25,1,1,hazard,0,0.0,0.04,0.96
C,3,103,timeout,196,1,0,key_door,0,0.0,0.0,1.0
C,3,104,timeout,196,1,1,hazard,0,0.449,0.1633,0.3878
C,3,105,success,9,1,1,hazard,0,0.0,0.1111,0.8889
C,3,106,success,27,1,1,hazard,0,0.1481,0.5556,0.2963
C,3,107,success,17,1,1,hazard,0,0.2353,0.2941,0.4706
C,3,108,success,16,1,1,hazard,0,0.5,0.25,0.25
C,3,109,success,30,1,1,hazard,0,0.2667,0.3333,0.4
C,3,110,timeout,196,1,0,navigate,0,0.4898,0.0612,0.449
C,3,111,success,23,1,1,hazard,0,0.1739,0.3043,0.5217
C,3,112,success,33,1,1,hazard,0,0.1212,0.3939,0.4848
C,3,113,ball,28,1,1,key_door,1,0.1429,0.0,0.8571
C,3,114,success,23,1,1,hazard,0,0.0,0.8261,0.1739
C,3,115,success,34,1,1,hazard,0,0.1176,0.1765,0.7059
C,3,116,success,15,1,1,hazard,0,0.5333,0.2,0.2667
C,3,117,success,37,1,1,hazard,0,0.1081,0.5676,0.3243
C,3,118,timeout,196,1,0,key_door,0,0.102,0.0408,0.8571
C,3,119,timeout,196,0,0,hazard,0,0.0204,0.1837,0.7959
C,3,120,success,15,1,1,key_door,0,0.0,0.0,1.0
C,3,121,success,25,1,1,hazard,0,0.0,0.2,0.8
C,3,122,timeout,196,1,1,hazard,0,0.0612,0.7347,0.2041
C,3,123,success,39,1,1,hazard,0,0.0,0.6923,0.3077
C,3,124,success,16,1,1,hazard,0,0.5,0.5,0.0
C,3,125,success,16,1,1,hazard,0,0.0,0.25,0.75
C,3,126,success,27,1,1,key_door,0,0.0,0.1481,0.8519
C,3,127,success,23,1,1,hazard,0,0.5217,0.3043,0.1739
C,3,128,success,28,1,1,hazard,0,0.0,0.4286,0.5714
C,3,129,success,32,1,1,key_door,0,0.125,0.5,0.375
C,3,130,success,37,1,1,navigate,0,0.4595,0.2162,0.3243
C,3,131,timeout,196,0,0,key_door,0,0.2653,0.0,0.7347
C,3,132,success,32,1,1,hazard,0,0.125,0.5,0.375
C,3,133,ball,17,1,1,navigate,1,0.2941,0.0,0.7059
C,3,134,success,23,1,1,key_door,0,0.5217,0.0,0.4783
C,3,135,ball,26,1,1,hazard,0,0.4615,0.5385,0.0
C,3,136,timeout,196,0,0,navigate,0,0.2041,0.0612,0.7347
C,3,137,lava,4,0,0,key_door,1,0.0,0.0,1.0
C,3,138,success,31,1,1,hazard,0,0.129,0.4839,0.3871
C,3,139,success,19,1,1,hazard,0,0.2105,0.5789,0.2105
C,3,140,success,13,1,1,hazard,0,0.0,0.0769,0.9231
C,3,141,success,46,1,1,hazard,0,0.087,0.2174,0.6957
C,3,142,success,29,1,1,hazard,0,0.0,0.1724,0.8276
C,3,143,success,19,1,1,navigate,0,0.5789,0.4211,0.0
C,3,144,success,67,1,1,hazard,0,0.0,0.2836,0.7164
C,3,145,success,22,1,1,hazard,0,0.0,0.2727,0.7273
C,3,146,success,16,1,1,hazard,0,0.0,0.75,0.25
C,3,147,timeout,196,0,0,key_door,0,0.2041,0.0204,0.7755
C,3,148,success,21,1,1,hazard,0,0.1905,0.619,0.1905
C,3,149,success,20,1,1,hazard,0,0.4,0.6,0.0
C,3,150,success,16,1,1,key_door,0,0.0,0.0,1.0
C,3,151,success,30,1,1,key_door,0,0.2667,0.5333,0.2
C,3,152,success,44,1,1,hazard,0,0.0,0.6364,0.3636
C,3,153,ball,18,1,1,hazard,0,0.2222,0.5556,0.2222
C,3,154,success,31,1,1,key_door,0,0.0,0.129,0.871
C,3,155,success,27,1,1,hazard,0,0.2963,0.5556,0.1481
C,3,156,success,23,1,1,hazard,0,0.0,1.0,0.0
C,3,157,success,32,1,1,hazard,0,0.375,0.375,0.25
C,3,158,success,49,1,1,hazard,0,0.0,0.2653,0.7347
C,3,159,timeout,196,1,0,key_door,0,0.1429,0.0816,0.7755
C,3,160,timeout,196,1,0,key_door,0,0.3265,0.1837,0.4898
C,3,161,success,58,1,1,hazard,0,0.0,0.5172,0.4828
C,3,162,success,64,1,1,hazard,0,0.5,0.1875,0.3125
C,3,163,ball,26,1,1,hazard,0,0.3077,0.5385,0.1538
C,3,164,success,35,1,1,hazard,0,0.1143,0.6571,0.2286
C,3,165,success,14,1,1,hazard,0,0.0,0.1429,0.8571
C,3,166,success,12,1,1,hazard,0,0.3333,0.3333,0.3333
C,3,167,timeout,196,0,0,key_door,0,0.1837,0.0,0.8163
C,3,168,success,19,1,1,hazard,0,0.0,0.5789,0.4211
C,3,169,success,27,1,1,hazard,0,0.0,0.2593,0.7407
C,3,170,ball,18,1,1,hazard,0,0.4444,0.3333,0.2222
C,3,171,success,44,1,1,key_door,0,0.0,0.5455,0.4545
C,3,172,success,26,1,1,hazard,0,0.0,0.0769,0.9231
C,3,173,success,13,1,1,hazard,0,0.0,0.3846,0.6154
C,3,174,success,34,1,1,hazard,0,0.0,0.7647,0.2353
C,3,175,timeout,196,1,0,navigate,0,0.5918,0.1633,0.2449
C,3,176,success,34,1,1,hazard,0,0.7059,0.2941,0.0
C,3,177,success,30,1,1,key_door,0,0.1333,0.1333,0.7333
C,3,178,success,20,1,1,hazard,0,0.0,0.4,0.6
C,3,179,success,37,1,1,hazard,0,0.2162,0.5676,0.2162
C,3,180,success,55,1,1,hazard,0,0.0727,0.2727,0.6545
C,3,181,success,20,1,1,hazard,0,0.0,0.6,0.4
C,3,182,success,43,1,1,key_door,0,0.0,0.0,1.0
C,3,183,lava,55,1,1,key_door,1,0.0727,0.4364,0.4909
C,3,184,timeout,196,1,0,hazard,0,0.2245,0.5306,0.2449
C,3,185,success,24,1,1,hazard,0,0.1667,0.3333,0.5
C,3,186,success,19,1,1,hazard,0,0.4211,0.1579,0.4211
C,3,187,success,25,1,1,hazard,0,0.64,0.36,0.0
C,3,188,timeout,196,1,1,key_door,0,0.1633,0.0816,0.7551
C,3,189,timeout,196,0,0,key_door,0,0.0204,0.0,0.9796
C,3,190,success,20,1,1,hazard,0,0.2,0.4,0.4
C,3,191,success,20,1,1,hazard,0,0.0,0.4,0.6
C,3,192,success,25,1,1,navigate,0,0.36,0.32,0.32
C,3,193,success,19,1,1,hazard,0,0.0,0.5789,0.4211
C,3,194,success,14,1,1,hazard,0,0.0,0.4286,0.5714
C,3,195,success,107,1,1,hazard,0,0.1495,0.4019,0.4486
C,3,196,success,24,1,1,hazard,0,0.0,0.3333,0.6667
C,3,197,success,25,1,1,hazard,0,0.32,0.68,0.0
C,3,198,success,19,1,1,hazard,0,0.0,0.3684,0.6316
C,3,199,success,26,1,1,hazard,0,0.0,0.3846,0.6154
C,3,200,success,16,1,1,hazard,0,0.25,0.75,0.0
C,3,201,lava,162,0,0,key_door,1,0.0,0.0,1.0
C,3,202,success,31,1,1,key_door,0,0.0,0.0,1.0
C,3,203,success,34,1,1,hazard,0,0.0,0.2941,0.7059
C,3,204,success,59,1,1,key_door,0,0.1356,0.4068,0.4576
C,3,205,success,89,1,1,hazard,0,0.0449,0.8202,0.1348
C,3,206,success,12,1,1,key_door,0,0.0,0.0,1.0
C,3,207,success,19,1,1,hazard,0,0.4211,0.1579,0.4211
C,3,208,success,19,1,1,hazard,0,0.4211,0.3684,0.2105
C,3,209,success,19,1,1,key_door,0,0.0,0.0,1.0
C,3,210,success,105,1,1,key_door,0,0.6095,0.2667,0.1238
C,3,211,lava,39,0,0,key_door,1,0.1026,0.0,0.8974
C,3,212,timeout,196,0,0,navigate,0,0.3265,0.0204,0.6531
C,3,213,success,38,1,1,navigate,0,0.5789,0.2105,0.2105
C,3,214,success,29,1,1,hazard,0,0.1379,0.5862,0.2759
C,3,215,success,29,1,1,hazard,0,0.0,0.4483,0.5517
C,3,216,timeout,196,0,0,key_door,0,0.3265,0.0204,0.6531
C,3,217,success,17,1,1,hazard,0,0.4706,0.0588,0.4706
C,3,218,timeout,196,0,0,key_door,0,0.3673,0.0,0.6327
C,3,219,success,22,1,1,hazard,0,0.0,0.4545,0.5455
C,3,220,timeout,196,0,0,key_door,0,0.0816,0.3878,0.5306
C,3,221,lava,78,0,0,key_door,1,0.0,0.0,1.0
C,3,222,success,27,1,1,navigate,0,0.5556,0.4444,0.0
C,3,223,success,30,1,1,hazard,0,0.0,0.6,0.4
C,3,224,success,17,1,1,key_door,0,0.4706,0.4706,0.0588
C,3,225,success,23,1,1,key_door,0,0.3478,0.0,0.6522
C,3,226,success,16,1,1,hazard,0,0.0,0.5,0.5
C,3,227,success,28,1,1,hazard,0,0.1429,0.5714,0.2857
C,3,228,success,174,1,1,hazard,0,0.1839,0.1954,0.6207
C,3,229,lava,3,0,0,key_door,1,0.0,0.0,1.0
C,3,230,timeout,196,0,0,key_door,0,0.1837,0.2245,0.5918
C,3,231,lava,23,1,1,hazard,0,0.1739,0.3043,0.5217
C,3,232,timeout,196,1,1,navigate,0,0.6531,0.1429,0.2041
C,3,233,success,27,1,1,hazard,0,0.2963,0.5556,0.1481
C,3,234,success,23,1,1,hazard,0,0.0,0.4783,0.5217
C,3,235,success,13,1,1,navigate,0,0.6923,0.3077,0.0
C,3,236,success,40,1,1,hazard,0,0.0,0.2,0.8
C,3,237,success,34,1,1,hazard,0,0.4706,0.2941,0.2353
C,3,238,success,30,1,1,hazard,0,0.0,0.7333,0.2667
C,3,239,success,19,1,1,key_door,0,0.0,0.2105,0.7895
C,3,240,timeout,196,0,0,key_door,0,0.0,0.0,1.0
C,3,241,success,70,1,1,navigate,0,0.1429,0.2857,0.5714
C,3,242,success,25,1,1,hazard,0,0.0,0.52,0.48
C,3,243,timeout,196,1,0,navigate,0,0.2041,0.0816,0.7143
C,3,244,success,29,1,1,hazard,0,0.1379,0.3103,0.5517
C,3,245,success,18,1,1,navigate,0,0.7778,0.2222,0.0
C,3,246,success,17,1,1,hazard,0,0.0,0.0588,0.9412
C,3,247,success,20,1,1,navigate,0,0.6,0.4,0.0
C,3,248,success,30,1,1,hazard,0,0.0,0.3333,0.6667
C,3,249,ball,22,1,1,navigate,1,0.6364,0.1818,0.1818
C,3,250,success,19,1,1,hazard,0,0.0,0.1579,0.8421
C,3,251,success,23,1,1,navigate,0,0.3043,0.5217,0.1739
C,3,252,success,28,1,1,key_door,0,0.5714,0.0,0.4286
C,3,253,success,32,1,1,key_door,0,0.25,0.25,0.5
C,3,254,timeout,196,1,1,navigate,0,0.3878,0.3878,0.2245
C,3,255,success,24,1,1,hazard,0,0.0,0.6667,0.3333
C,3,256,ball,25,1,1,hazard,0,0.32,0.52,0.16
C,3,257,lava,4,1,0,key_door,1,0.0,0.0,1.0
C,3,258,lava,4,0,0,navigate,1,1.0,0.0,0.0
C,3,259,lava,1,0,0,key_door,1,0.0,0.0,1.0
C,3,260,ball,27,1,1,navigate,1,0.5556,0.2963,0.1481
C,3,261,success,28,1,1,hazard,0,0.0,0.4286,0.5714
C,3,262,success,18,1,1,key_door,0,0.4444,0.0,0.5556
C,3,263,timeout,196,1,0,key_door,0,0.102,0.0204,0.8776
C,3,264,timeout,196,1,1,navigate,0,0.0816,0.102,0.8163
C,3,265,success,23,1,1,hazard,0,0.0,0.1304,0.8696
C,3,266,timeout,196,1,0,navigate,0,0.1633,0.2653,0.5714
C,3,267,timeout,196,1,1,key_door,0,0.5918,0.1429,0.2653
C,3,268,success,27,1,1,hazard,0,0.0,0.5556,0.4444
C,3,269,success,23,1,1,hazard,0,0.1739,0.3043,0.5217
C,3,270,success,25,1,1,hazard,0,0.64,0.2,0.16
C,3,271,lava,18,0,0,key_door,1,0.0,0.0,1.0
C,3,272,success,49,1,1,hazard,0,0.0816,0.102,0.8163
C,3,273,success,31,1,1,hazard,0,0.0,0.0968,0.9032
C,3,274,success,34,1,1,hazard,0,0.4706,0.5294,0.0
C,3,275,success,13,1,1,hazard,0,0.3077,0.3846,0.3077
C,3,276,timeout,196,0,0,key_door,0,0.0204,0.0408,0.9388
C,3,277,success,17,1,1,key_door,0,0.0,0.4706,0.5294
C,3,278,success,30,1,1,hazard,0,0.1333,0.7333,0.1333
C,3,279,success,21,1,1,hazard,0,0.1905,0.2381,0.5714
C,3,280,lava,7,0,0,key_door,1,0.5714,0.0,0.4286
C,3,281,success,25,1,1,hazard,0,0.32,0.36,0.32
C,3,282,success,83,1,1,hazard,0,0.0,0.0843,0.9157
C,3,283,success,11,1,1,hazard,0,0.3636,0.2727,0.3636
C,3,284,success,17,1,1,hazard,0,0.0,0.0588,0.9412
C,3,285,success,15,1,1,hazard,0,0.0,0.2,0.8
C,3,286,lava,29,1,1,hazard,0,0.1379,0.5862,0.2759
C,3,287,success,28,1,1,hazard,0,0.0,0.7143,0.2857
C,3,288,success,46,1,1,hazard,0,0.2609,0.4783,0.2609
C,3,289,timeout,196,0,0,navigate,0,0.2245,0.3673,0.4082
C,3,290,lava,2,0,0,key_door,1,0.0,0.0,1.0
C,3,291,success,25,1,1,hazard,0,0.0,0.36,0.64
C,3,292,success,35,1,1,hazard,0,0.1143,0.3143,0.5714
C,3,293,success,19,1,1,hazard,0,0.0,0.3684,0.6316
C,3,294,success,18,1,1,key_door,0,0.0,0.0,1.0
C,3,295,lava,2,0,0,hazard,0,0.0,1.0,0.0
C,3,296,timeout,196,0,0,key_door,0,0.0612,0.0612,0.8776
C,3,297,ball,13,1,1,navigate,1,0.6923,0.3077,0.0
C,3,298,timeout,196,0,0,key_door,0,0.0612,0.0408,0.898
C,3,299,success,36,1,1,hazard,0,0.2222,0.5556,0.2222
C,3,300,timeout,196,0,0,key_door,0,0.0408,0.0408,0.9184
C,3,301,success,35,1,1,hazard,0,0.1143,0.4286,0.4571
C,3,302,success,182,1,1,hazard,0,0.0,0.0989,0.9011
C,3,303,timeout,196,1,0,hazard,0,0.1224,0.3061,0.5714
C,3,304,success,33,1,1,hazard,0,0.1212,0.1515,0.7273
C,3,305,success,18,1,1,hazard,0,0.2222,0.3333,0.4444
C,3,306,timeout,196,1,0,key_door,0,0.0204,0.0816,0.898
C,3,307,success,23,1,1,hazard,0,0.0,0.3043,0.6957
C,3,308,timeout,196,0,0,key_door,0,0.1429,0.0204,0.8367
C,3,309,success,8,1,1,key_door,0,0.0,0.0,1.0
C,3,310,success,26,1,1,hazard,0,0.1538,0.3846,0.4615
C,3,311,success,27,1,1,hazard,0,0.0,0.7037,0.2963
C,3,312,success,22,1,1,navigate,0,0.4545,0.1818,0.3636
C,3,313,success,24,1,1,hazard,0,0.1667,0.5,0.3333
C,3,314,success,26,1,1,key_door,0,0.1538,0.1538,0.6923
C,3,315,timeout,196,0,0,key_door,0,0.0408,0.102,0.8571
C,3,316,success,18,1,1,hazard,0,0.0,0.1111,0.8889
C,3,317,success,52,1,1,navigate,0,0.0769,0.3077,0.6154
C,3,318,success,19,1,1,hazard,0,0.0,0.7895,0.2105
C,3,319,timeout,196,1,0,key_door,0,0.1224,0.0612,0.8163
C,3,320,success,34,1,1,hazard,0,0.7059,0.1765,0.1176
C,3,321,timeout,196,1,0,navigate,0,0.6122,0.0408,0.3469
C,3,322,success,28,1,1,hazard,0,0.0,0.4286,0.5714
C,3,323,success,88,1,1,navigate,0,0.9545,0.0455,0.0
C,3,324,success,41,1,1,hazard,0,0.0976,0.122,0.7805
C,3,325,success,28,1,1,key_door,0,0.4286,0.2857,0.2857
C,3,326,success,15,1,1,hazard,0,0.0,0.4667,0.5333
C,3,327,success,51,1,1,hazard,0,0.0,0.8431,0.1569
C,3,328,success,27,1,1,hazard,0,0.0,0.1111,0.8889
C,3,329,timeout,196,1,0,key_door,0,0.3265,0.1837,0.4898
C,3,330,success,19,1,1,navigate,0,0.1579,0.0,0.8421
C,3,331,ball,24,1,1,hazard,0,0.0,0.1667,0.8333
C,3,332,lava,23,1,1,hazard,0,0.1739,0.3043,0.5217
C,3,333,success,24,1,1,hazard,0,0.3333,0.3333,0.3333
C,3,334,success,23,1,1,hazard,0,0.0,0.6522,0.3478
C,3,335,timeout,196,0,0,key_door,0,0.0612,0.2041,0.7347
C,3,336,ball,14,1,1,key_door,1,0.0,0.0,1.0
C,3,337,timeout,196,1,0,navigate,0,0.551,0.2245,0.2245
C,3,338,success,19,1,1,hazard,0,0.0,0.1579,0.8421
C,3,339,timeout,196,1,0,key_door,0,0.1224,0.2857,0.5918
C,3,340,success,22,1,1,hazard,0,0.0,0.2727,0.7273
C,3,341,success,23,1,1,key_door,0,0.0,0.0,1.0
C,3,342,success,21,1,1,hazard,0,0.1905,0.4286,0.381
C,3,343,success,23,1,1,hazard,0,0.1739,0.3043,0.5217
C,3,344,success,13,1,1,hazard,0,0.0,0.0769,0.9231
C,3,345,success,12,1,1,key_door,0,0.3333,0.0,0.6667
C,3,346,lava,9,0,0,key_door,1,0.0,0.0,1.0
C,3,347,success,25,1,1,hazard,0,0.16,0.36,0.48
C,3,348,success,27,1,1,hazard,0,0.1481,0.5556,0.2963
C,3,349,success,24,1,1,hazard,0,0.1667,0.6667,0.1667
C,3,350,lava,49,0,0,key_door,1,0.4898,0.0,0.5102
C,3,351,timeout,196,0,0,key_door,0,0.0204,0.0204,0.9592
C,3,352,success,14,1,1,hazard,0,0.0,0.1429,0.8571
C,3,353,success,18,1,1,hazard,0,0.4444,0.3333,0.2222
C,3,354,timeout,196,1,0,key_door,0,0.0,0.0,1.0
C,3,355,success,17,1,1,hazard,0,0.2353,0.2941,0.4706
C,3,356,ball,25,1,1,navigate,1,0.36,0.16,0.48
C,3,357,success,22,1,1,hazard,0,0.0,0.0909,0.9091
C,3,358,success,23,1,1,key_door,0,0.0,0.0,1.0
C,3,359,success,28,1,1,key_door,0,0.0,0.2857,0.7143
C,3,360,timeout,196,1,0,hazard,0,0.2041,0.3265,0.4694
C,3,361,success,15,1,1,hazard,0,0.2667,0.4667,0.2667
C,3,362,success,93,1,1,hazard,0,0.043,0.1398,0.8172
C,3,363,success,17,1,1,hazard,0,0.0,0.0588,0.9412
C,3,364,success,21,1,1,hazard,0,0.0,0.4286,0.5714
C,3,365,lava,133,0,0,key_door,1,0.4211,0.0602,0.5188
C,3,366,success,29,1,1,hazard,0,0.0,0.4483,0.5517
C,3,367,success,34,1,1,navigate,0,0.2941,0.1176,0.5882
C,3,368,success,26,1,1,key_door,0,0.0,0.3077,0.6923
C,3,369,success,35,1,1,hazard,0,0.3429,0.4286,0.2286
C,3,370,success,9,1,1,hazard,0,0.0,1.0,0.0
C,3,371,success,57,1,1,hazard,0,0.0,0.4386,0.5614
C,3,372,timeout,196,1,0,key_door,0,0.2449,0.102,0.6531
C,3,373,ball,17,1,1,key_door,1,0.4706,0.0,0.5294
C,3,374,success,22,1,1,hazard,0,0.0,0.8182,0.1818
C,3,375,success,18,1,1,navigate,0,0.7778,0.2222,0.0
C,3,376,timeout,196,1,0,key_door,0,0.0816,0.3878,0.5306
C,3,377,success,20,1,1,hazard,0,0.0,0.8,0.2
C,3,378,success,25,1,1,hazard,0,0.16,0.52,0.32
C,3,379,success,37,1,1,hazard,0,0.0,0.6757,0.3243
C,3,380,success,79,1,1,hazard,0,0.0506,0.038,0.9114
C,3,381,timeout,196,1,0,key_door,0,0.0816,0.0204,0.898
C,3,382,success,34,1,1,hazard,0,0.0,0.4118,0.5882
C,3,383,success,27,1,1,key_door,0,0.0,0.0,1.0
C,3,384,success,24,1,1,hazard,0,0.0,0.5,0.5
C,3,385,success,45,1,1,hazard,0,0.4444,0.5556,0.0
C,3,386,success,22,1,1,hazard,0,0.1818,0.8182,0.0
C,3,387,timeout,196,1,0,hazard,0,0.2245,0.3061,0.4694
C,3,388,success,15,1,1,hazard,0,0.2667,0.2,0.5333
C,3,389,success,48,1,1,hazard,0,0.1667,0.75,0.0833
C,3,390,lava,6,0,0,key_door,1,0.0,0.0,1.0
C,3,391,timeout,196,1,0,hazard,0,0.1837,0.0204,0.7959
C,3,392,success,22,1,1,hazard,0,0.0,0.2727,0.7273
C,3,393,success,24,1,1,key_door,0,0.0,0.3333,0.6667
C,3,394,success,21,1,1,key_door,0,0.1905,0.0,0.8095
C,3,395,success,15,1,1,hazard,0,0.0,0.2,0.8
C,3,396,success,25,1,1,navigate,0,0.2,0.48,0.32
C,3,397,success,17,1,1,key_door,0,0.0,0.0,1.0
C,3,398,success,38,1,1,hazard,0,0.3158,0.4737,0.2105
C,3,399,success,11,1,1,hazard,0,0.0,0.6364,0.3636
C,3,400,success,16,1,1,key_door,0,0.5,0.0,0.5
C,3,401,success,15,1,1,key_door,0,0.0,0.0,1.0
C,3,402,success,155,1,1,hazard,0,0.0258,0.0194,0.9548
C,3,403,success,57,1,1,key_door,0,0.0,0.0,1.0
C,3,404,success,26,1,1,hazard,0,0.0,0.0769,0.9231
C,3,405,success,25,1,1,hazard,0,0.0,0.36,0.64
C,3,406,lava,75,1,1,navigate,1,0.7333,0.2133,0.0533
C,3,407,success,42,1,1,hazard,0,0.1905,0.2381,0.5714
C,3,408,timeout,196,1,1,key_door,0,0.0612,0.1224,0.8163
C,3,409,success,23,1,1,hazard,0,0.3478,0.1304,0.5217
C,3,410,success,21,1,1,hazard,0,0.0,0.8095,0.1905
C,3,411,success,16,1,1,key_door,0,0.5,0.0,0.5
C,3,412,timeout,196,1,0,key_door,0,0.4694,0.1429,0.3878
C,3,413,success,26,1,1,navigate,0,0.2308,0.4615,0.3077
C,3,414,success,15,1,1,key_door,0,0.2667,0.0,0.7333
C,3,415,success,31,1,1,navigate,0,0.3548,0.129,0.5161
C,3,416,success,30,1,1,hazard,0,0.0,0.6,0.4
C,3,417,success,30,1,1,hazard,0,0.0,0.0667,0.9333
C,3,418,success,56,1,1,hazard,0,0.0714,0.6429,0.2857
C,3,419,lava,13,0,0,hazard,0,0.3077,0.0769,0.6154
C,3,420,timeout,196,1,1,navigate,0,0.2857,0.2041,0.5102
C,3,421,timeout,196,0,0,key_door,0,0.102,0.0816,0.8163
C,3,422,ball,38,1,1,navigate,1,0.3684,0.0,0.6316
C,3,423,success,19,1,1,hazard,0,0.0,0.5789,0.4211
C,3,424,lava,1,0,0,key_door,1,0.0,0.0,1.0
C,3,425,success,18,1,1,hazard,0,0.2222,0.1111,0.6667
C,3,426,timeout,196,0,0,key_door,0,0.0,0.0,1.0
C,3,427,success,21,1,1,hazard,0,0.0,0.4286,0.5714
C,3,428,success,30,1,1,hazard,0,0.1333,0.4667,0.4
C,3,429,success,24,1,1,hazard,0,0.0,0.5,0.5
C,3,430,success,25,1,1,hazard,0,0.32,0.36,0.32
C,3,431,timeout,196,1,0,key_door,0,0.4082,0.0408,0.551
C,3,432,success,36,1,1,key_door,0,0.1111,0.0,0.8889
C,3,433,success,39,1,1,key_door,0,0.1026,0.5128,0.3846
C,3,434,success,43,1,1,hazard,0,0.0,0.6279,0.3721
C,3,435,ball,34,1,1,hazard,0,0.0,0.4118,0.5882
C,3,436,success,18,1,1,hazard,0,0.4444,0.5556,0.0
C,3,437,success,42,1,1,hazard,0,0.381,0.5238,0.0952
C,3,438,lava,1,0,0,key_door,1,0.0,0.0,1.0
C,3,439,lava,16,1,1,hazard,0,0.0,0.5,0.5
C,3,440,success,18,1,1,hazard,0,0.4444,0.1111,0.4444
C,3,441,success,19,1,1,hazard,0,0.0,0.5789,0.4211
C,3,442,success,20,1,1,hazard,0,0.0,0.8,0.2
C,3,443,lava,1,0,0,navigate,1,1.0,0.0,0.0
C,3,444,success,16,1,1,navigate,0,1.0,0.0,0.0
C,3,445,success,25,1,1,hazard,0,0.0,0.2,0.8
C,3,446,timeout,196,1,0,key_door,0,0.1429,0.0204,0.8367
C,3,447,success,80,1,1,navigate,0,0.1,0.15,0.75
C,3,448,success,45,1,1,navigate,0,0.0222,0.6222,0.3556
C,3,449,success,24,1,1,key_door,0,0.0,0.0,1.0
C,3,450,success,24,1,1,hazard,0,0.0,0.5,0.5
C,3,451,ball,22,1,1,key_door,1,0.0,0.1818,0.8182
C,3,452,lava,32,0,0,navigate,1,0.75,0.0,0.25
C,3,453,success,24,1,1,hazard,0,0.6667,0.3333,0.0
C,3,454,timeout,196,1,0,key_door,0,0.2245,0.102,0.6735
C,3,455,success,22,1,1,hazard,0,0.0,0.6364,0.3636
C,3,456,lava,1,0,0,hazard,0,0.0,1.0,0.0
C,3,457,timeout,196,0,0,key_door,0,0.0612,0.0,0.9388
C,3,458,success,24,1,1,hazard,0,0.0,0.6667,0.3333
C,3,459,success,42,1,1,navigate,0,0.5238,0.2857,0.1905
C,3,460,timeout,196,0,0,key_door,0,0.0408,0.0,0.9592
C,3,461,success,29,1,1,hazard,0,0.0,0.5862,0.4138
C,3,462,lava,121,0,0,key_door,1,0.3306,0.1653,0.5041
C,3,463,success,17,1,1,key_door,0,0.2353,0.0,0.7647
C,3,464,success,92,1,1,key_door,0,0.0,0.0,1.0
C,3,465,success,17,1,1,hazard,0,0.4706,0.0588,0.4706
C,3,466,success,22,1,1,hazard,0,0.0,0.0909,0.9091
C,3,467,timeout,196,1,0,hazard,0,0.1837,0.3061,0.5102
C,3,468,timeout,196,1,0,hazard,0,0.3469,0.1837,0.4694
C,3,469,success,82,1,1,hazard,0,0.0976,0.122,0.7805
C,3,470,success,9,1,1,hazard,0,0.0,0.5556,0.4444
C,3,471,success,32,1,1,navigate,0,0.25,0.125,0.625
C,3,472,success,17,1,1,hazard,0,0.2353,0.2941,0.4706
C,3,473,timeout,196,1,1,navigate,0,0.4082,0.0816,0.5102
C,3,474,success,35,1,1,hazard,0,0.2286,0.7714,0.0
C,3,475,lava,99,0,0,key_door,1,0.0,0.0404,0.9596
C,3,476,success,86,1,1,key_door,0,0.0465,0.1395,0.814
C,3,477,success,37,1,1,hazard,0,0.2162,0.5676,0.2162
C,3,478,lava,16,0,0,key_door,1,0.0,0.0,1.0
C,3,479,timeout,196,1,0,key_door,0,0.1837,0.0408,0.7755
C,3,480,ball,32,1,1,key_door,1,0.125,0.375,0.5
C,3,481,success,22,1,1,key_door,0,0.0,0.3636,0.6364
C,3,482,ball,33,1,1,hazard,0,0.1212,0.5152,0.3636
C,3,483,timeout,196,1,1,key_door,0,0.0408,0.2041,0.7551
C,3,484,success,19,1,1,hazard,0,0.6316,0.1579,0.2105
C,3,485,success,14,1,1,hazard,0,0.0,0.7143,0.2857
C,3,486,success,35,1,1,hazard,0,0.0,0.2,0.8
C,3,487,success,46,1,1,hazard,0,0.2609,0.5652,0.1739
C,3,488,success,35,1,1,hazard,0,0.1143,0.3143,0.5714
C,3,489,timeout,196,1,0,key_door,0,0.102,0.2245,0.6735
C,3,490,timeout,196,1,0,key_door,0,0.1429,0.0,0.8571
C,3,491,success,87,1,1,hazard,0,0.1839,0.6322,0.1839
C,3,492,success,79,1,1,hazard,0,0.0506,0.1392,0.8101
C,3,493,success,34,1,1,navigate,0,0.1765,0.3529,0.4706
C,3,494,success,42,1,1,navigate,0,0.0476,0.4762,0.4762
C,3,495,timeout,196,1,0,key_door,0,0.0,0.0,1.0
C,3,496,lava,3,0,0,key_door,1,0.0,0.0,1.0
C,3,497,lava,99,0,0,key_door,1,0.1212,0.0404,0.8384
C,3,498,lava,4,0,0,hazard,0,0.0,1.0,0.0
C,3,499,success,17,1,1,hazard,0,0.0,0.2941,0.7059
C,4,0,success,17,1,1,navigate,0,0.0588,0.0,0.9412
C,4,1,success,30,1,1,navigate,0,1.0,0.0,0.0
C,4,2,ball,115,1,1,key_door,1,0.0,0.0,1.0
C,4,3,lava,32,1,0,navigate,1,1.0,0.0,0.0
C,4,4,success,125,1,1,navigate,0,1.0,0.0,0.0
C,4,5,lava,9,1,0,navigate,1,1.0,0.0,0.0
C,4,6,success,50,1,1,navigate,0,1.0,0.0,0.0
C,4,7,timeout,196,0,0,navigate,0,1.0,0.0,0.0
C,4,8,success,123,1,1,key_door,0,0.5528,0.0,0.4472
C,4,9,success,43,1,1,navigate,0,0.4419,0.0,0.5581
C,4,10,success,102,1,1,navigate,0,1.0,0.0,0.0
C,4,11,lava,58,1,1,key_door,1,0.2069,0.0,0.7931
C,4,12,success,20,1,1,navigate,0,0.6,0.0,0.4
C,4,13,timeout,196,1,1,navigate,0,1.0,0.0,0.0
C,4,14,timeout,196,0,0,key_door,0,0.0408,0.0408,0.9184
C,4,15,success,25,1,1,navigate,0,1.0,0.0,0.0
C,4,16,success,123,1,1,navigate,0,1.0,0.0,0.0
C,4,17,timeout,196,1,1,navigate,0,0.6735,0.0204,0.3061
C,4,18,timeout,196,0,0,navigate,0,0.9388,0.0204,0.0408
C,4,19,success,63,1,1,navigate,0,1.0,0.0,0.0
C,4,20,success,28,1,1,navigate,0,0.8571,0.0,0.1429
C,4,21,timeout,196,0,0,key_door,0,0.0204,0.0,0.9796
C,4,22,timeout,196,0,0,navigate,0,1.0,0.0,0.0
C,4,23,timeout,196,1,0,navigate,0,1.0,0.0,0.0
C,4,24,success,54,1,1,navigate,0,1.0,0.0,0.0
C,4,25,success,80,1,1,navigate,0,0.95,0.0,0.05
C,4,26,ball,46,1,1,navigate,1,1.0,0.0,0.0
C,4,27,success,29,1,1,navigate,0,0.0345,0.0,0.9655
C,4,28,success,40,1,1,key_door,0,0.0,0.0,1.0
C,4,29,success,31,1,1,navigate,0,0.3548,0.0,0.6452
C,4,30,success,24,1,1,navigate,0,0.8333,0.0,0.1667
C,4,31,timeout,196,1,1,key_door,0,0.5102,0.0204,0.4694
C,4,32,success,37,1,1,navigate,0,0.8919,0.0,0.1081
C,4,33,success,59,1,1,navigate,0,0.322,0.0,0.678
C,4,34,lava,34,0,0,navigate,1,0.6471,0.1176,0.2353
C,4,35,success,69,1,1,navigate,0,1.0,0.0,0.0
C,4,36,timeout,196,0,0,navigate,0,1.0,0.0,0.0
C,4,37,timeout,196,1,0,navigate,0,1.0,0.0,0.0
C,4,38,timeout,196,0,0,navigate,0,0.0204,0.0408,0.9388
C,4,39,timeout,196,1,0,navigate,0,1.0,0.0,0.0
C,4,40,timeout,196,1,1,key_door,0,0.4898,0.0,0.5102
C,4,41,success,160,1,1,key_door,0,0.925,0.0,0.075
C,4,42,timeout,196,1,1,key_door,0,0.0204,0.0,0.9796
C,4,43,ball,97,1,1,navigate,1,1.0,0.0,0.0
C,4,44,success,23,1,1,navigate,0,0.4783,0.0,0.5217
C,4,45,lava,13,0,0,key_door,1,0.9231,0.0,0.0769
C,4,46,success,27,1,1,navigate,0,0.7037,0.0,0.2963
C,4,47,timeout,196,0,0,navigate,0,1.0,0.0,0.0
C,4,48,success,15,1,1,navigate,0,1.0,0.0,0.0
C,4,49,success,63,1,1,navigate,0,0.619,0.0635,0.3175
C,4,50,success,132,1,1,navigate,0,0.0909,0.0,0.9091
C,4,51,success,44,1,1,navigate,0,1.0,0.0,0.0
C,4,52,ball,61,1,1,navigate,1,1.0,0.0,0.0
C,4,53,success,34,1,1,navigate,0,1.0,0.0,0.0
C,4,54,timeout,196,1,0,navigate,0,1.0,0.0,0.0
C,4,55,success,38,1,1,navigate,0,0.8947,0.0,0.1053
C,4,56,success,19,1,1,navigate,0,1.0,0.0,0.0
C,4,57,lava,21,0,0,navigate,1,1.0,0.0,0.0
C,4,58,timeout,196,1,1,key_door,0,0.7143,0.0,0.2857
C,4,59,success,59,1,1,key_door,0,0.339,0.0678,0.5932
C,4,60,success,31,1,1,navigate,0,1.0,0.0,0.0
C,4,61,ball,61,1,1,navigate,1,1.0,0.0,0.0
C,4,62,success,41,1,1,navigate,0,1.0,0.0,0.0
C,4,63,lava,38,1,1,key_door,1,0.4211,0.0,0.5789
C,4,64,success,48,1,1,navigate,0,1.0,0.0,0.0
C,4,65,success,42,1,1,navigate,0,1.0,0.0,0.0
C,4,66,timeout,196,0,0,key_door,0,0.0408,0.0408,0.9184
C,4,67,success,126,1,1,navigate,0,0.6825,0.0,0.3175
C,4,68,success,46,1,1,navigate,0,1.0,0.0,0.0
C,4,69,timeout,196,0,0,navigate,0,0.4694,0.102,0.4286
C,4,70,success,22,1,1,navigate,0,1.0,0.0,0.0
C,4,71,timeout,196,0,0,navigate,0,0.7143,0.1837,0.102
C,4,72,lava,15,0,0,navigate,1,0.7333,0.0,0.2667
C,4,73,success,23,1,1,navigate,0,1.0,0.0,0.0
C,4,74,success,27,1,1,navigate,0,1.0,0.0,0.0
C,4,75,success,118,1,1,navigate,0,0.9661,0.0339,0.0
C,4,76,success,59,1,1,navigate,0,1.0,0.0,0.0
C,4,77,success,26,1,1,navigate,0,1.0,0.0,0.0
C,4,78,lava,5,0,0,navigate,1,1.0,0.0,0.0
C,4,79,timeout,196,0,0,key_door,0,0.3061,0.0408,0.6531
C,4,80,success,33,1,1,navigate,0,0.5152,0.0,0.4848
C,4,81,timeout,196,0,0,navigate,0,1.0,0.0,0.0
C,4,82,ball,30,1,1,navigate,1,0.4667,0.0,0.5333
C,4,83,ball,15,1,1,navigate,1,1.0,0.0,0.0
C,4,84,success,18,1,1,navigate,0,1.0,0.0,0.0
C,4,85,success,52,1,1,navigate,0,0.7692,0.0769,0.1538
C,4,86,success,16,1,1,navigate,0,1.0,0.0,0.0
C,4,87,success,76,1,1,navigate,0,1.0,0.0,0.0
C,4,88,lava,11,1,0,navigate,1,1.0,0.0,0.0
C,4,89,success,107,1,1,key_door,0,0.1495,0.0,0.8505
C,4,90,success,50,1,1,key_door,0,0.8,0.0,0.2
C,4,91,success,46,1,1,navigate,0,0.3043,0.0,0.6957
C,4,92,timeout,196,1,0,navigate,0,1.0,0.0,0.0
C,4,93,success,29,1,1,navigate,0,0.7241,0.0,0.2759
C,4,94,timeout,196,1,0,navigate,0,0.7551,0.102,0.1429
C,4,95,timeout,196,1,1,navigate,0,0.6122,0.0,0.3878
C,4,96,timeout,196,0,0,navigate,0,1.0,0.0,0.0
C,4,97,ball,173,1,1,key_door,1,0.0462,0.0,0.9538
C,4,98,ball,189,1,1,navigate,1,1.0,0.0,0.0
C,4,99,success,186,1,1,navigate,0,0.2043,0.0,0.7957
C,4,100,success,27,1,1,navigate,0,0.4074,0.0,0.5926
C,4,101,success,29,1,1,navigate,0,1.0,0.0,0.0
C,4,102,success,35,1,1,navigate,0,1.0,0.0,0.0
C,4,103,success,25,1,1,navigate,0,1.0,0.0,0.0
C,4,104,timeout,196,1,0,navigate,0,0.898,0.0,0.102
C,4,105,success,32,1,1,navigate,0,0.375,0.0,0.625
C,4,106,success,182,1,1,navigate,0,0.8681,0.0,0.1319
C,4,107,success,91,1,1,navigate,0,0.8681,0.0,0.1319
C,4,108,success,30,1,1,key_door,0,0.0,0.0,1.0
C,4,109,ball,98,1,1,navigate,1,0.5918,0.0,0.4082
C,4,110,success,20,1,1,navigate,0,1.0,0.0,0.0
C,4,111,success,20,1,1,navigate,0,0.4,0.0,0.6
C,4,112,timeout,196,1,1,key_door,0,0.0,0.0,1.0
C,4,113,success,19,1,1,navigate,0,1.0,0.0,0.0
C,4,114,success,97,1,1,key_door,0,0.7423,0.0,0.2577
C,4,115,success,57,1,1,key_door,0,0.9123,0.0702,0.0175
C,4,116,success,105,1,1,key_door,0,0.0762,0.0,0.9238
C,4,117,success,37,1,1,navigate,0,1.0,0.0,0.0
C,4,118,success,30,1,1,navigate,0,0.4667,0.0,0.5333
C,4,119,timeout,196,1,1,navigate,0,0.898,0.0,0.102
C,4,120,success,21,1,1,navigate,0,1.0,0.0,0.0
C,4,121,success,69,1,1,navigate,0,0.942,0.0,0.058
C,4,122,success,65,1,1,key_door,0,0.8615,0.0,0.1385
C,4,123,success,113,1,1,navigate,0,1.0,0.0,0.0
C,4,124,success,42,1,1,navigate,0,0.9048,0.0,0.0952
C,4,125,lava,2,0,0,navigate,1,1.0,0.0,0.0
C,4,126,success,46,1,1,navigate,0,1.0,0.0,0.0
C,4,127,success,32,1,1,navigate,0,0.5,0.0,0.5
C,4,128,success,96,1,1,navigate,0,1.0,0.0,0.0
C,4,129,success,57,1,1,navigate,0,1.0,0.0,0.0
C,4,130,lava,170,1,1,navigate,1,1.0,0.0,0.0
C,4,131,timeout,196,0,0,navigate,0,1.0,0.0,0.0
C,4,132,success,119,1,1,navigate,0,0.9328,0.0,0.0672
C,4,133,lava,67,1,1,navigate,1,0.1642,0.0,0.8358
C,4,134,success,103,1,1,navigate,0,0.6893,0.0,0.3107
C,4,135,ball,55,1,1,navigate,1,1.0,0.0,0.0
C,4,136,timeout,196,0,0,navigate,0,1.0,0.0,0.0
C,4,137,lava,9,0,0,navigate,1,1.0,0.0,0.0
C,4,138,timeout,196,1,1,navigate,0,0.8571,0.0,0.1429
C,4,139,success,50,1,1,navigate,0,0.68,0.0,0.32
C,4,140,success,32,1,1,navigate,0,0.5,0.0,0.5
C,4,141,timeout,196,0,0,navigate,0,1.0,0.0,0.0
C,4,142,success,18,1,1,key_door,0,0.8889,0.0,0.1111
C,4,143,success,26,1,1,navigate,0,1.0,0.0,0.0
C,4,144,success,29,1,1,navigate,0,1.0,0.0,0.0
C,4,145,success,35,1,1,navigate,0,1.0,0.0,0.0
C,4,146,success,16,1,1,navigate,0,0.5,0.0,0.5
C,4,147,success,80,1,1,navigate,0,1.0,0.0,0.0
C,4,148,success,81,1,1,navigate,0,0.4074,0.0988,0.4938
C,4,149,success,52,1,1,navigate,0,1.0,0.0,0.0
C,4,150,success,19,1,1,navigate,0,1.0,0.0,0.0
C,4,151,lava,46,1,1,key_door,1,0.1739,0.0,0.8261
C,4,152,success,60,1,1,navigate,0,0.9333,0.0,0.0667
C,4,153,success,66,1,1,navigate,0,1.0,0.0,0.0
C,4,154,success,34,1,1,navigate,0,1.0,0.0,0.0
C,4,155,timeout,196,1,1,navigate,0,0.8776,0.0204,0.102
C,4,156,ball,39,1,1,navigate,1,0.8974,0.0,0.1026
C,4,157,lava,24,0,0,navigate,1,1.0,0.0,0.0
C,4,158,success,80,1,1,navigate,0,1.0,0.0,0.0
C,4,159,success,17,1,1,navigate,0,1.0,0.0,0.0
C,4,160,success,20,1,1,navigate,0,1.0,0.0,0.0
C,4,161,success,38,1,1,navigate,0,0.4737,0.1053,0.4211
C,4,162,success,68,1,1,navigate,0,0.4706,0.0,0.5294
C,4,163,timeout,196,1,1,navigate,0,0.449,0.0204,0.5306
C,4,164,ball,44,1,1,navigate,1,1.0,0.0,0.0
C,4,165,success,52,1,1,navigate,0,1.0,0.0,0.0
C,4,166,success,68,1,1,navigate,0,1.0,0.0,0.0
C,4,167,success,39,1,1,navigate,0,0.8974,0.0,0.1026
C,4,168,success,48,1,1,key_door,0,0.0833,0.0,0.9167
C,4,169,success,39,1,1,navigate,0,1.0,0.0,0.0
C,4,170,success,166,1,1,key_door,0,0.0964,0.0,0.9036
C,4,171,success,192,1,1,navigate,0,0.9792,0.0,0.0208
C,4,172,timeout,196,1,0,navigate,0,1.0,0.0,0.0
C,4,173,success,51,1,1,key_door,0,0.0,0.0,1.0
C,4,174,success,67,1,1,navigate,0,0.5821,0.0,0.4179
C,4,175,timeout,196,0,0,key_door,0,0.0204,0.0612,0.9184
C,4,176,timeout,196,0,0,navigate,0,1.0,0.0,0.0
C,4,177,success,104,1,1,navigate,0,1.0,0.0,0.0
C,4,178,ball,49,1,1,navigate,1,1.0,0.0,0.0
C,4,179,success,83,1,1,navigate,0,0.9518,0.0,0.0482
C,4,180,lava,2,0,0,navigate,1,1.0,0.0,0.0
C,4,181,success,66,1,1,key_door,0,0.0606,0.0,0.9394
C,4,182,success,60,1,1,navigate,0,1.0,0.0,0.0
C,4,183,success,78,1,1,navigate,0,0.9487,0.0,0.0513
C,4,184,success,33,1,1,navigate,0,1.0,0.0,0.0
C,4,185,timeout,196,1,0,navigate,0,0.449,0.0204,0.5306
C,4,186,success,74,1,1,navigate,0,0.5676,0.0,0.4324
C,4,187,success,74,1,1,navigate,0,1.0,0.0,0.0
C,4,188,success,138,1,1,key_door,0,0.6377,0.058,0.3043
C,4,189,success,155,1,1,navigate,0,1.0,0.0,0.0
C,4,190,success,28,1,1,key_door,0,0.2857,0.0,0.7143
C,4,191,success,26,1,1,navigate,0,1.0,0.0,0.0
C,4,192,success,117,1,1,navigate,0,1.0,0.0,0.0
C,4,193,success,45,1,1,navigate,0,0.7333,0.0,0.2667
C,4,194,success,33,1,1,navigate,0,0.2727,0.0,0.7273
C,4,195,success,42,1,1,navigate,0,0.1429,0.0,0.8571
C,4,196,success,50,1,1,navigate,0,1.0,0.0,0.0
C,4,197,success,37,1,1,navigate,0,1.0,0.0,0.0
C,4,198,success,49,1,1,navigate,0,0.2653,0.0,0.7347
C,4,199,success,37,1,1,navigate,0,1.0,0.0,0.0
C,4,200,success,109,1,1,navigate,0,1.0,0.0,0.0
C,4,201,timeout,196,0,0,navigate,0,0.102,0.0612,0.8367
C,4,202,success,19,1,1,navigate,0,1.0,0.0,0.0
C,4,203,success,65,1,1,navigate,0,0.8154,0.0,0.1846
C,4,204,timeout,196,1,1,navigate,0,0.5306,0.0,0.4694
C,4,205,success,79,1,1,key_door,0,0.0506,0.0,0.9494
C,4,206,success,18,1,1,navigate,0,0.5556,0.0,0.4444
C,4,207,success,20,1,1,navigate,0,0.8,0.0,0.2
C,4,208,success,114,1,1,navigate,0,0.9649,0.0351,0.0
C,4,209,success,47,1,1,navigate,0,0.7447,0.0,0.2553
C,4,210,lava,32,0,0,navigate,1,1.0,0.0,0.0
C,4,211,success,54,1,1,key_door,0,0.1481,0.0,0.8519
C,4,212,success,83,1,1,navigate,0,0.7108,0.0482,0.241
C,4,213,ball,59,1,1,navigate,1,0.9322,0.0,0.0678
C,4,214,success,63,1,1,navigate,0,0.4286,0.0,0.5714
C,4,215,ball,91,1,1,navigate,1,1.0,0.0,0.0
C,4,216,success,47,1,1,navigate,0,0.8298,0.0,0.1702
C,4,217,success,58,1,1,navigate,0,0.7931,0.0,0.2069
C,4,218,timeout,196,0,0,navigate,0,0.9592,0.0204,0.0204
C,4,219,success,116,1,1,key_door,0,0.6897,0.0345,0.2759
C,4,220,success,30,1,1,navigate,0,0.2,0.0,0.8
C,4,221,lava,13,0,0,navigate,1,1.0,0.0,0.0
C,4,222,timeout,196,1,1,key_door,0,0.5714,0.0,0.4286
C,4,223,success,100,1,1,navigate,0,0.68,0.08,0.24
C,4,224,success,72,1,1,navigate,0,1.0,0.0,0.0
C,4,225,success,74,1,1,key_door,0,0.5405,0.0,0.4595
C,4,226,success,33,1,1,navigate,0,1.0,0.0,0.0
C,4,227,success,31,1,1,key_door,0,0.2581,0.0,0.7419
C,4,228,timeout,196,1,0,key_door,0,0.2857,0.0408,0.6735
C,4,229,lava,15,0,0,navigate,1,1.0,0.0,0.0
C,4,230,success,126,1,1,navigate,0,1.0,0.0,0.0
C,4,231,timeout,196,0,0,navigate,0,1.0,0.0,0.0
C,4,232,ball,116,1,1,key_door,1,0.7241,0.0345,0.2414
C,4,233,success,50,1,1,navigate,0,0.92,0.0,0.08
C,4,234,success,56,1,1,key_door,0,0.0,0.0,1.0
C,4,235,lava,13,0,0,navigate,1,1.0,0.0,0.0
C,4,236,success,76,1,1,navigate,0,1.0,0.0,0.0
C,4,237,success,29,1,1,navigate,0,1.0,0.0,0.0
C,4,238,timeout,196,0,0,navigate,0,1.0,0.0,0.0
C,4,239,success,102,1,1,navigate,0,1.0,0.0,0.0
C,4,240,timeout,196,1,0,navigate,0,1.0,0.0,0.0
C,4,241,success,51,1,1,navigate,0,1.0,0.0,0.0
C,4,242,success,91,1,1,navigate,0,0.9121,0.0,0.0879
C,4,243,lava,110,1,0,navigate,1,1.0,0.0,0.0
C,4,244,ball,48,1,1,navigate,1,1.0,0.0,0.0
C,4,245,success,11,1,1,navigate,0,1.0,0.0,0.0
C,4,246,success,171,1,1,navigate,0,0.4854,0.0,0.5146
C,4,247,success,28,1,1,navigate,0,1.0,0.0,0.0
C,4,248,success,15,1,1,navigate,0,1.0,0.0,0.0
C,4,249,success,62,1,1,navigate,0,1.0,0.0,0.0
C,4,250,timeout,196,0,0,navigate,0,1.0,0.0,0.0
C,4,251,success,70,1,1,navigate,0,0.7143,0.0,0.2857
C,4,252,timeout,196,0,0,navigate,0,0.6735,0.1837,0.1429
C,4,253,lava,190,0,0,navigate,1,1.0,0.0,0.0
C,4,254,timeout,196,1,1,key_door,0,0.6939,0.0,0.3061
C,4,255,success,35,1,1,navigate,0,0.8857,0.0,0.1143
C,4,256,timeout,196,1,1,navigate,0,0.898,0.0204,0.0816
C,4,257,lava,9,1,0,navigate,1,1.0,0.0,0.0
C,4,258,ball,63,1,1,navigate,1,1.0,0.0,0.0
C,4,259,lava,3,0,0,navigate,1,1.0,0.0,0.0
C,4,260,lava,88,1,1,navigate,1,0.2727,0.0,0.7273
C,4,261,success,97,1,1,navigate,0,1.0,0.0,0.0
C,4,262,timeout,196,1,1,key_door,0,0.0204,0.0,0.9796
C,4,263,success,67,1,1,navigate,0,1.0,0.0,0.0
C,4,264,timeout,196,1,1,key_door,0,0.1633,0.0,0.8367
C,4,265,success,54,1,1,navigate,0,1.0,0.0,0.0
C,4,266,success,120,1,1,navigate,0,0.8333,0.0,0.1667
C,4,267,timeout,196,0,0,navigate,0,1.0,0.0,0.0
C,4,268,success,15,1,1,navigate,0,0.2,0.0,0.8
C,4,269,success,53,1,1,navigate,0,0.6981,0.0,0.3019
C,4,270,success,87,1,1,navigate,0,1.0,0.0,0.0
C,4,271,timeout,196,1,0,navigate,0,1.0,0.0,0.0
C,4,272,success,46,1,1,navigate,0,1.0,0.0,0.0
C,4,273,timeout,196,0,0,navigate,0,1.0,0.0,0.0
C,4,274,timeout,196,1,1,key_door,0,0.6735,0.0,0.3265
C,4,275,success,43,1,1,navigate,0,0.5349,0.0,0.4651
C,4,276,success,17,1,1,navigate,0,0.7647,0.0,0.2353
C,4,277,timeout,196,1,1,key_door,0,0.0204,0.0,0.9796
C,4,278,success,70,1,1,navigate,0,0.7714,0.0,0.2286
C,4,279,success,15,1,1,navigate,0,0.4667,0.0,0.5333
C,4,280,lava,8,1,0,navigate,1,1.0,0.0,0.0
C,4,281,success,89,1,1,navigate,0,0.5955,0.0,0.4045
C,4,282,success,126,1,1,navigate,0,1.0,0.0,0.0
C,4,283,success,37,1,1,navigate,0,0.8919,0.0,0.1081
C,4,284,success,17,1,1,navigate,0,0.0588,0.0,0.9412
C,4,285,success,28,1,1,navigate,0,0.8571,0.0,0.1429
C,4,286,success,50,1,1,navigate,0,1.0,0.0,0.0
C,4,287,success,47,1,1,navigate,0,1.0,0.0,0.0
C,4,288,success,31,1,1,navigate,0,0.7419,0.0,0.2581
C,4,289,success,65,1,1,navigate,0,0.6923,0.0,0.3077
C,4,290,lava,16,0,0,navigate,1,1.0,0.0,0.0
C,4,291,success,186,1,1,navigate,0,1.0,0.0,0.0
C,4,292,ball,154,1,1,navigate,1,1.0,0.0,0.0
C,4,293,lava,49,0,0,key_door,1,0.0,0.0816,0.9184
C,4,294,success,30,1,1,navigate,0,1.0,0.0,0.0
C,4,295,lava,22,0,0,key_door,1,0.0,0.0,1.0
C,4,296,success,44,1,1,navigate,0,0.2727,0.0,0.7273
C,4,297,ball,28,1,1,navigate,1,0.5714,0.0,0.4286
C,4,298,timeout,196,0,0,key_door,0,0.0408,0.0,0.9592
C,4,299,success,101,1,1,key_door,0,0.198,0.0,0.802
C,4,300,timeout,196,0,0,navigate,0,1.0,0.0,0.0
C,4,301,lava,63,1,0,navigate,1,1.0,0.0,0.0
C,4,302,success,55,1,1,navigate,0,1.0,0.0,0.0
C,4,303,success,20,1,1,navigate,0,1.0,0.0,0.0
C,4,304,success,41,1,1,navigate,0,0.8049,0.0,0.1951
C,4,305,timeout,196,1,0,key_door,0,0.6939,0.0408,0.2653
C,4,306,lava,7,0,0,navigate,1,1.0,0.0,0.0
C,4,307,success,59,1,1,navigate,0,0.9322,0.0,0.0678
C,4,308,success,24,1,1,navigate,0,0.5,0.0,0.5
C,4,309,success,20,1,1,navigate,0,1.0,0.0,0.0
C,4,310,success,190,1,1,key_door,0,0.0,0.0,1.0
C,4,311,success,74,1,1,navigate,0,1.0,0.0,0.0
C,4,312,timeout,196,0,0,key_door,0,0.1429,0.0816,0.7755
C,4,313,success,47,1,1,navigate,0,0.3191,0.0,0.6809
C,4,314,success,24,1,1,navigate,0,0.6667,0.0,0.3333
C,4,315,success,101,1,1,navigate,0,1.0,0.0,0.0
C,4,316,success,85,1,1,navigate,0,0.9529,0.0,0.0471
C,4,317,success,102,1,1,navigate,0,1.0,0.0,0.0
C,4,318,success,142,1,1,navigate,0,1.0,0.0,0.0
C,4,319,success,113,1,1,navigate,0,1.0,0.0,0.0
C,4,320,success,113,1,1,navigate,0,0.9292,0.0354,0.0354
C,4,321,timeout,196,0,0,navigate,0,0.3878,0.0816,0.5306
C,4,322,success,75,1,1,navigate,0,1.0,0.0,0.0
C,4,323,success,30,1,1,navigate,0,0.3333,0.0,0.6667
C,4,324,timeout,196,0,0,navigate,0,1.0,0.0,0.0
C,4,325,success,17,1,1,navigate,0,0.2941,0.0,0.7059
C,4,326,success,29,1,1,navigate,0,1.0,0.0,0.0
C,4,327,success,54,1,1,key_door,0,0.0,0.0,1.0
C,4,328,ball,18,1,1,navigate,1,1.0,0.0,0.0
C,4,329,ball,38,1,1,navigate,1,0.8947,0.0,0.1053
C,4,330,timeout,196,0,0,navigate,0,1.0,0.0,0.0
C,4,331,lava,39,1,1,key_door,1,0.3077,0.0,0.6923
C,4,332,success,111,1,1,navigate,0,0.964,0.0,0.036
C,4,333,success,49,1,1,navigate,0,1.0,0.0,0.0
C,4,334,success,30,1,1,key_door,0,0.5333,0.0,0.4667
C,4,335,success,118,1,1,navigate,0,1.0,0.0,0.0
C,4,336,success,34,1,1,navigate,0,0.8824,0.0,0.1176
C,4,337,success,42,1,1,navigate,0,0.1429,0.0,0.8571
C,4,338,timeout,196,1,0,navigate,0,0.6327,0.0,0.3673
C,4,339,success,62,1,1,navigate,0,0.6129,0.0,0.3871
C,4,340,success,126,1,1,navigate,0,1.0,0.0,0.0
C,4,341,success,79,1,1,navigate,0,1.0,0.0,0.0
C,4,342,success,38,1,1,navigate,0,1.0,0.0,0.0
C,4,343,lava,5,0,0,key_door,1,0.0,0.0,1.0
C,4,344,success,29,1,1,navigate,0,1.0,0.0,0.0
C,4,345,success,13,1,1,key_door,0,0.0,0.0,1.0
C,4,346,timeout,196,1,0,navigate,0,1.0,0.0,0.0
C,4,347,success,67,1,1,navigate,0,1.0,0.0,0.0
C,4,348,success,99,1,1,navigate,0,0.4747,0.0,0.5253
C,4,349,success,21,1,1,navigate,0,1.0,0.0,0.0
C,4,350,lava,14,1,0,navigate,1,0.1429,0.0,0.8571
C,4,351,timeout,196,0,0,key_door,0,0.8367,0.0816,0.0816
C,4,352,success,28,1,1,navigate,0,1.0,0.0,0.0
C,4,353,success,26,1,1,key_door,0,0.6154,0.0,0.3846
C,4,354,lava,48,1,0,hazard,0,0.8333,0.0833,0.0833
C,4,355,success,32,1,1,navigate,0,0.5,0.0,0.5
C,4,356,lava,82,1,1,navigate,1,0.6585,0.0,0.3415
C,4,357,timeout,196,1,0,navigate,0,1.0,0.0,0.0
C,4,358,ball,146,1,1,navigate,1,1.0,0.0,0.0
C,4,359,success,181,1,1,key_door,0,0.7735,0.0442,0.1823
C,4,360,success,11,1,1,navigate,0,1.0,0.0,0.0
C,4,361,success,39,1,1,navigate,0,1.0,0.0,0.0
C,4,362,success,123,1,1,key_door,0,0.1951,0.0,0.8049
C,4,363,success,111,1,1,navigate,0,1.0,0.0,0.0
C,4,364,success,21,1,1,navigate,0,1.0,0.0,0.0
C,4,365,timeout,196,0,0,navigate,0,1.0,0.0,0.0
C,4,366,ball,41,1,1,navigate,1,1.0,0.0,0.0
C,4,367,timeout,196,1,0,navigate,0,1.0,0.0,0.0
C,4,368,success,47,1,1,navigate,0,1.0,0.0,0.0
C,4,369,success,33,1,1,navigate,0,1.0,0.0,0.0
C,4,370,success,8,1,1,key_door,0,0.0,0.0,1.0
C,4,371,timeout,196,1,0,navigate,0,1.0,0.0,0.0
C,4,372,timeout,196,1,0,navigate,0,1.0,0.0,0.0
C,4,373,success,36,1,1,navigate,0,1.0,0.0,0.0
C,4,374,success,103,1,1,navigate,0,1.0,0.0,0.0
C,4,375,success,75,1,1,key_door,0,0.32,0.0533,0.6267
C,4,376,success,39,1,1,navigate,0,1.0,0.0,0.0
C,4,377,success,149,1,1,key_door,0,0.0268,0.0,0.9732
C,4,378,lava,41,1,1,navigate,1,0.5122,0.1951,0.2927
C,4,379,success,36,1,1,navigate,0,0.4444,0.0,0.5556
C,4,380,timeout,196,0,0,navigate,0,1.0,0.0,0.0
C,4,381,success,26,1,1,navigate,0,0.8462,0.0,0.1538
C,4,382,ball,102,1,1,navigate,1,0.6471,0.0,0.3529
C,4,383,success,51,1,1,navigate,0,1.0,0.0,0.0
C,4,384,success,45,1,1,navigate,0,0.1111,0.0,0.8889
C,4,385,success,39,1,1,navigate,0,0.7949,0.0,0.2051
C,4,386,success,35,1,1,navigate,0,1.0,0.0,0.0
C,4,387,success,82,1,1,key_door,0,0.7317,0.0,0.2683
C,4,388,success,15,1,1,navigate,0,0.2,0.0,0.8
C,4,389,lava,35,1,1,key_door,1,0.2286,0.0,0.7714
C,4,390,success,20,1,1,navigate,0,1.0,0.0,0.0
C,4,391,timeout,196,1,0,navigate,0,1.0,0.0,0.0
C,4,392,success,97,1,1,navigate,0,1.0,0.0,0.0
C,4,393,success,54,1,1,navigate,0,1.0,0.0,0.0
C,4,394,timeout,196,1,0,key_door,0,0.7347,0.0,0.2653
C,4,395,success,57,1,1,navigate,0,0.3684,0.0,0.6316
C,4,396,success,100,1,1,navigate,0,0.24,0.0,0.76
C,4,397,success,87,1,1,navigate,0,1.0,0.0,0.0
C,4,398,ball,50,1,1,navigate,1,1.0,0.0,0.0
C,4,399,success,13,1,1,navigate,0,0.3846,0.0,0.6154
C,4,400,success,27,1,1,navigate,0,0.7037,0.0,0.2963
C,4,401,success,28,1,1,navigate,0,1.0,0.0,0.0
C,4,402,success,149,1,1,navigate,0,0.8658,0.0,0.1342
C,4,403,success,37,1,1,navigate,0,1.0,0.0,0.0
C,4,404,success,79,1,1,navigate,0,1.0,0.0,0.0
C,4,405,success,64,1,1,navigate,0,0.875,0.0,0.125
C,4,406,timeout,196,1,1,navigate,0,0.1633,0.0,0.8367
C,4,407,success,43,1,1,navigate,0,1.0,0.0,0.0
C,4,408,ball,88,1,1,navigate,1,1.0,0.0,0.0
C,4,409,success,42,1,1,navigate,0,1.0,0.0,0.0
C,4,410,success,48,1,1,navigate,0,0.0833,0.0,0.9167
C,4,411,success,33,1,1,navigate,0,0.1515,0.0,0.8485
C,4,412,timeout,196,0,0,navigate,0,1.0,0.0,0.0
C,4,413,success,30,1,1,key_door,0,0.1333,0.0,0.8667
C,4,414,success,15,1,1,navigate,0,0.2,0.0,0.8
C,4,415,success,85,1,1,key_door,0,0.5647,0.0471,0.3882
C,4,416,success,120,1,1,key_door,0,0.0,0.0,1.0
C,4,417,timeout,196,0,0,navigate,0,1.0,0.0,0.0
C,4,418,success,82,1,1,navigate,0,0.9512,0.0,0.0488
C,4,419,timeout,196,0,0,navigate,0,0.4286,0.0,0.5714
C,4,420,timeout,196,1,1,navigate,0,1.0,0.0,0.0
C,4,421,timeout,196,0,0,key_door,0,0.1837,0.0408,0.7755
C,4,422,success,62,1,1,key_door,0,0.9032,0.0,0.0968
C,4,423,success,92,1,1,navigate,0,1.0,0.0,0.0
C,4,424,success,50,1,1,navigate,0,0.92,0.0,0.08
C,4,425,success,24,1,1,navigate,0,0.1667,0.0,0.8333
C,4,426,success,39,1,1,navigate,0,0.7949,0.0,0.2051
C,4,427,success,58,1,1,navigate,0,0.3793,0.0,0.6207
C,4,428,success,68,1,1,navigate,0,1.0,0.0,0.0
C,4,429,success,46,1,1,key_door,0,0.0,0.0,1.0
C,4,430,success,25,1,1,navigate,0,0.2,0.0,0.8
C,4,431,timeout,196,0,0,navigate,0,1.0,0.0,0.0
C,4,432,success,22,1,1,navigate,0,1.0,0.0,0.0
C,4,433,success,68,1,1,navigate,0,0.8824,0.0,0.1176
C,4,434,success,17,1,1,navigate,0,0.7647,0.0,0.2353
C,4,435,success,20,1,1,navigate,0,0.2,0.0,0.8
C,4,436,success,167,1,1,navigate,0,0.7844,0.0,0.2156
C,4,437,lava,15,0,0,navigate,1,1.0,0.0,0.0
C,4,438,lava,8,1,0,navigate,1,1.0,0.0,0.0
C,4,439,timeout,196,1,1,navigate,0,0.9184,0.0,0.0816
C,4,440,timeout,196,0,0,key_door,0,0.8367,0.0816,0.0816
C,4,441,success,81,1,1,navigate,0,0.0123,0.0,0.9877
C,4,442,success,33,1,1,navigate,0,1.0,0.0,0.0
C,4,443,lava,10,1,0,key_door,1,0.0,0.0,1.0
C,4,444,success,46,1,1,navigate,0,1.0,0.0,0.0
C,4,445,success,31,1,1,key_door,0,0.6452,0.0,0.3548
C,4,446,success,39,1,1,navigate,0,1.0,0.0,0.0
C,4,447,timeout,196,1,1,navigate,0,1.0,0.0,0.0
C,4,448,success,111,1,1,key_door,0,0.4685,0.0,0.5315
C,4,449,success,50,1,1,navigate,0,1.0,0.0,0.0
C,4,450,success,113,1,1,navigate,0,0.3628,0.0,0.6372
C,4,451,success,177,1,1,navigate,0,1.0,0.0,0.0
C,4,452,timeout,196,0,0,navigate,0,0.9388,0.0612,0.0
C,4,453,success,19,1,1,navigate,0,0.1579,0.0,0.8421
C,4,454,timeout,196,1,1,navigate,0,0.9184,0.0204,0.0612
C,4,455,success,64,1,1,key_door,0,0.0,0.0,1.0
C,4,456,lava,1,0,0,navigate,1,1.0,0.0,0.0
C,4,457,lava,24,0,0,navigate,1,1.0,0.0,0.0
C,4,458,success,52,1,1,navigate,0,1.0,0.0,0.0
C,4,459,success,19,1,1,navigate,0,0.1579,0.0,0.8421
C,4,460,lava,78,0,0,navigate,1,1.0,0.0,0.0
C,4,461,success,38,1,1,navigate,0,0.6842,0.0,0.3158
C,4,462,lava,14,1,0,key_door,1,0.2857,0.0,0.7143
C,4,463,success,64,1,1,key_door,0,0.5,0.0,0.5
C,4,464,success,99,1,1,navigate,0,1.0,0.0,0.0
C,4,465,lava,4,0,0,navigate,1,1.0,0.0,0.0
C,4,466,success,61,1,1,key_door,0,0.8525,0.0,0.1475
C,4,467,success,40,1,1,navigate,0,0.5,0.0,0.5
C,4,468,success,78,1,1,navigate,0,0.7436,0.0,0.2564
C,4,469,ball,31,1,1,navigate,1,1.0,0.0,0.0
C,4,470,success,23,1,1,navigate,0,0.6522,0.0,0.3478
C,4,471,success,66,1,1,navigate,0,1.0,0.0,0.0
C,4,472,success,66,1,1,key_door,0,0.6061,0.0,0.3939
C,4,473,timeout,196,1,1,key_door,0,0.3265,0.0,0.6735
C,4,474,lava,108,1,1,navigate,1,0.1481,0.0,0.8519
C,4,475,timeout,196,0,0,navigate,0,1.0,0.0,0.0
C,4,476,success,81,1,1,key_door,0,0.6914,0.0,0.3086
C,4,477,ball,119,1,1,navigate,1,1.0,0.0,0.0
C,4,478,timeout,196,0,0,hazard,0,0.0612,0.0408,0.898
C,4,479,lava,21,0,0,navigate,1,0.619,0.0,0.381
C,4,480,timeout,196,0,0,navigate,0,0.9796,0.0,0.0204
C,4,481,success,70,1,1,navigate,0,1.0,0.0,0.0
C,4,482,ball,36,1,1,navigate,1,1.0,0.0,0.0
C,4,483,success,171,1,1,navigate,0,1.0,0.0,0.0
C,4,484,success,29,1,1,key_door,0,0.1379,0.0,0.8621
C,4,485,success,81,1,1,key_door,0,0.0,0.0,1.0
C,4,486,success,67,1,1,navigate,0,1.0,0.0,0.0
C,4,487,ball,42,1,1,navigate,1,1.0,0.0,0.0
C,4,488,success,134,1,1,navigate,0,0.9701,0.0,0.0299
C,4,489,success,24,1,1,navigate,0,0.8333,0.0,0.1667
C,4,490,success,87,1,1,navigate,0,0.8621,0.0,0.1379
C,4,491,success,92,1,1,navigate,0,0.6087,0.0435,0.3478
C,4,492,timeout,196,0,0,navigate,0,1.0,0.0,0.0
C,4,493,timeout,196,0,0,key_door,0,0.2449,0.0,0.7551
C,4,494,success,18,1,1,key_door,0,0.6667,0.0,0.3333
C,4,495,success,86,1,1,navigate,0,0.6744,0.0,0.3256
C,4,496,success,36,1,1,navigate,0,0.7778,0.0,0.2222
C,4,497,timeout,196,0,0,navigate,0,1.0,0.0,0.0
C,4,498,lava,13,0,0,key_door,1,0.3077,0.0,0.6923
C,4,499,success,40,1,1,navigate,0,1.0,0.0,0.0
D,0,0,success,10,1,1,none,0,,,
D,0,1,success,10,1,1,none,0,,,
D,0,2,success,16,1,1,none,0,,,
D,0,3,success,18,1,1,none,0,,,
D,0,4,success,25,1,1,none,0,,,
D,0,5,success,22,1,1,none,0,,,
D,0,6,success,20,1,1,none,0,,,
D,0,7,success,15,1,1,none,0,,,
D,0,8,success,18,1,1,none,0,,,
D,0,9,success,20,1,1,none,0,,,
D,0,10,success,17,1,1,none,0,,,
D,0,11,success,24,1,1,none,0,,,
D,0,12,success,20,1,1,none,0,,,
D,0,13,success,24,1,1,none,0,,,
D,0,14,success,22,1,1,none,0,,,
D,0,15,success,14,1,1,none,0,,,
D,0,16,success,13,1,1,none,0,,,
D,0,17,success,13,1,1,none,0,,,
D,0,18,success,39,1,1,none,0,,,
D,0,19,success,20,1,1,none,0,,,
D,0,20,success,13,1,1,none,0,,,
D,0,21,success,18,1,1,none,0,,,
D,0,22,success,23,1,1,none,0,,,
D,0,23,success,20,1,1,none,0,,,
D,0,24,success,14,1,1,none,0,,,
D,0,25,success,24,1,1,none,0,,,
D,0,26,success,22,1,1,none,0,,,
D,0,27,success,9,1,1,none,0,,,
D,0,28,success,18,1,1,none,0,,,
D,0,29,success,14,1,1,none,0,,,
D,0,30,success,17,1,1,none,0,,,
D,0,31,success,31,1,1,none,0,,,
D,0,32,success,13,1,1,none,0,,,
D,0,33,success,12,1,1,none,0,,,
D,0,34,success,17,1,1,none,0,,,
D,0,35,success,22,1,1,none,0,,,
D,0,36,success,29,1,1,none,0,,,
D,0,37,success,18,1,1,none,0,,,
D,0,38,success,21,1,1,none,0,,,
D,0,39,success,19,1,1,none,0,,,
D,0,40,success,26,1,1,none,0,,,
D,0,41,success,29,1,1,none,0,,,
D,0,42,success,24,1,1,none,0,,,
D,0,43,success,11,1,1,none,0,,,
D,0,44,success,16,1,1,none,0,,,
D,0,45,success,12,1,1,none,0,,,
D,0,46,success,12,1,1,none,0,,,
D,0,47,success,27,1,1,none,0,,,
D,0,48,success,10,1,1,none,0,,,
D,0,49,success,14,1,1,none,0,,,
D,0,50,success,15,1,1,none,0,,,
D,0,51,success,15,1,1,none,0,,,
D,0,52,success,17,1,1,none,0,,,
D,0,53,success,14,1,1,none,0,,,
D,0,54,success,16,1,1,none,0,,,
D,0,55,success,15,1,1,none,0,,,
D,0,56,success,14,1,1,none,0,,,
D,0,57,success,24,1,1,none,0,,,
D,0,58,success,134,1,1,none,0,,,
D,0,59,success,14,1,1,none,0,,,
D,0,60,success,31,1,1,none,0,,,
D,0,61,success,28,1,1,none,0,,,
D,0,62,success,18,1,1,none,0,,,
D,0,63,success,18,1,1,none,0,,,
D,0,64,success,15,1,1,none,0,,,
D,0,65,success,18,1,1,none,0,,,
D,0,66,success,15,1,1,none,0,,,
D,0,67,success,12,1,1,none,0,,,
D,0,68,success,14,1,1,none,0,,,
D,0,69,success,15,1,1,none,0,,,
D,0,70,success,11,1,1,none,0,,,
D,0,71,success,26,1,1,none,0,,,
D,0,72,success,20,1,1,none,0,,,
D,0,73,success,14,1,1,none,0,,,
D,0,74,success,21,1,1,none,0,,,
D,0,75,success,58,1,1,none,0,,,
D,0,76,success,13,1,1,none,0,,,
D,0,77,success,11,1,1,none,0,,,
D,0,78,success,19,1,1,none,0,,,
D,0,79,success,17,1,1,none,0,,,
D,0,80,success,19,1,1,none,0,,,
D,0,81,success,22,1,1,none,0,,,
D,0,82,success,15,1,1,none,0,,,
D,0,83,success,22,1,1,none,0,,,
D,0,84,success,14,1,1,none,0,,,
D,0,85,success,19,1,1,none,0,,,
D,0,86,success,13,1,1,none,0,,,
D,0,87,success,17,1,1,none,0,,,
D,0,88,success,23,1,1,none,0,,,
D,0,89,success,21,1,1,none,0,,,
D,0,90,success,16,1,1,none,0,,,
D,0,91,success,9,1,1,none,0,,,
D,0,92,success,21,1,1,none,0,,,
D,0,93,success,13,1,1,none,0,,,
D,0,94,success,19,1,1,none,0,,,
D,0,95,success,34,1,1,none,0,,,
D,0,96,success,43,1,1,none,0,,,
D,0,97,success,24,1,1,none,0,,,
D,0,98,success,45,1,1,none,0,,,
D,0,99,success,23,1,1,none,0,,,
D,0,100,success,12,1,1,none,0,,,
D,0,101,success,24,1,1,none,0,,,
D,0,102,success,15,1,1,none,0,,,
D,0,103,success,14,1,1,none,0,,,
D,0,104,success,34,1,1,none,0,,,
D,0,105,success,8,1,1,none,0,,,
D,0,106,success,16,1,1,none,0,,,
D,0,107,success,13,1,1,none,0,,,
D,0,108,success,13,1,1,none,0,,,
D,0,109,success,32,1,1,none,0,,,
D,0,110,success,14,1,1,none,0,,,
D,0,111,success,14,1,1,none,0,,,
D,0,112,success,34,1,1,none,0,,,
D,0,113,success,22,1,1,none,0,,,
D,0,114,success,17,1,1,none,0,,,
D,0,115,success,14,1,1,none,0,,,
D,0,116,success,14,1,1,none,0,,,
D,0,117,success,19,1,1,none,0,,,
D,0,118,success,11,1,1,none,0,,,
D,0,119,success,23,1,1,none,0,,,
D,0,120,success,11,1,1,none,0,,,
D,0,121,success,21,1,1,none,0,,,
D,0,122,success,19,1,1,none,0,,,
D,0,123,success,27,1,1,none,0,,,
D,0,124,success,25,1,1,none,0,,,
D,0,125,success,16,1,1,none,0,,,
D,0,126,success,11,1,1,none,0,,,
D,0,127,success,24,1,1,none,0,,,
D,0,128,success,17,1,1,none,0,,,
D,0,129,success,17,1,1,none,0,,,
D,0,130,success,23,1,1,none,0,,,
D,0,131,success,23,1,1,none,0,,,
D,0,132,success,19,1,1,none,0,,,
D,0,133,success,19,1,1,none,0,,,
D,0,134,success,29,1,1,none,0,,,
D,0,135,success,38,1,1,none,0,,,
D,0,136,success,37,1,1,none,0,,,
D,0,137,success,26,1,1,none,0,,,
D,0,138,success,16,1,1,none,0,,,
D,0,139,success,21,1,1,none,0,,,
D,0,140,success,12,1,1,none,0,,,
D,0,141,success,22,1,1,none,0,,,
D,0,142,success,11,1,1,none,0,,,
D,0,143,success,13,1,1,none,0,,,
D,0,144,success,28,1,1,none,0,,,
D,0,145,success,18,1,1,none,0,,,
D,0,146,success,10,1,1,none,0,,,
D,0,147,success,17,1,1,none,0,,,
D,0,148,success,10,1,1,none,0,,,
D,0,149,success,12,1,1,none,0,,,
D,0,150,success,12,1,1,none,0,,,
D,0,151,success,46,1,1,none,0,,,
D,0,152,success,20,1,1,none,0,,,
D,0,153,success,21,1,1,none,0,,,
D,0,154,success,32,1,1,none,0,,,
D,0,155,success,32,1,1,none,0,,,
D,0,156,success,15,1,1,none,0,,,
D,0,157,success,11,1,1,none,0,,,
D,0,158,success,24,1,1,none,0,,,
D,0,159,success,14,1,1,none,0,,,
D,0,160,success,16,1,1,none,0,,,
D,0,161,success,26,1,1,none,0,,,
D,0,162,success,37,1,1,none,0,,,
D,0,163,success,22,1,1,none,0,,,
D,0,164,success,19,1,1,none,0,,,
D,0,165,success,14,1,1,none,0,,,
D,0,166,success,12,1,1,none,0,,,
D,0,167,success,23,1,1,none,0,,,
D,0,168,success,12,1,1,none,0,,,
D,0,169,success,13,1,1,none,0,,,
D,0,170,success,27,1,1,none,0,,,
D,0,171,success,44,1,1,none,0,,,
D,0,172,success,17,1,1,none,0,,,
D,0,173,success,14,1,1,none,0,,,
D,0,174,success,12,1,1,none,0,,,
D,0,175,success,19,1,1,none,0,,,
D,0,176,success,24,1,1,none,0,,,
D,0,177,success,22,1,1,none,0,,,
D,0,178,success,14,1,1,none,0,,,
D,0,179,success,18,1,1,none,0,,,
D,0,180,success,22,1,1,none,0,,,
D,0,181,success,14,1,1,none,0,,,
D,0,182,success,14,1,1,none,0,,,
D,0,183,success,26,1,1,none,0,,,
D,0,184,success,17,1,1,none,0,,,
D,0,185,success,19,1,1,none,0,,,
D,0,186,success,13,1,1,none,0,,,
D,0,187,success,21,1,1,none,0,,,
D,0,188,success,24,1,1,none,0,,,
D,0,189,success,38,1,1,none,0,,,
D,0,190,success,26,1,1,none,0,,,
D,0,191,success,15,1,1,none,0,,,
D,0,192,success,20,1,1,none,0,,,
D,0,193,success,13,1,1,none,0,,,
D,0,194,success,12,1,1,none,0,,,
D,0,195,success,10,1,1,none,0,,,
D,0,196,success,26,1,1,none,0,,,
D,0,197,success,24,1,1,none,0,,,
D,0,198,success,13,1,1,none,0,,,
D,0,199,success,16,1,1,none,0,,,
D,0,200,success,15,1,1,none,0,,,
D,0,201,success,19,1,1,none,0,,,
D,0,202,success,17,1,1,none,0,,,
D,0,203,success,15,1,1,none,0,,,
D,0,204,success,19,1,1,none,0,,,
D,0,205,success,17,1,1,none,0,,,
D,0,206,success,16,1,1,none,0,,,
D,0,207,success,12,1,1,none,0,,,
D,0,208,success,13,1,1,none,0,,,
D,0,209,success,16,1,1,none,0,,,
D,0,210,success,25,1,1,none,0,,,
D,0,211,success,14,1,1,none,0,,,
D,0,212,success,18,1,1,none,0,,,
D,0,213,success,14,1,1,none,0,,,
D,0,214,success,22,1,1,none,0,,,
D,0,215,success,11,1,1,none,0,,,
D,0,216,success,22,1,1,none,0,,,
D,0,217,success,18,1,1,none,0,,,
D,0,218,success,24,1,1,none,0,,,
D,0,219,success,14,1,1,none,0,,,
D,0,220,success,11,1,1,none,0,,,
D,0,221,success,18,1,1,none,0,,,
D,0,222,success,15,1,1,none,0,,,
D,0,223,success,34,1,1,none,0,,,
D,0,224,success,18,1,1,none,0,,,
D,0,225,success,16,1,1,none,0,,,
D,0,226,success,12,1,1,none,0,,,
D,0,227,success,23,1,1,none,0,,,
D,0,228,success,33,1,1,none,0,,,
D,0,229,success,29,1,1,none,0,,,
D,0,230,success,23,1,1,none,0,,,
D,0,231,success,18,1,1,none,0,,,
D,0,232,success,34,1,1,none,0,,,
D,0,233,success,14,1,1,none,0,,,
D,0,234,success,15,1,1,none,0,,,
D,0,235,success,12,1,1,none,0,,,
D,0,236,success,23,1,1,none,0,,,
D,0,237,success,15,1,1,none,0,,,
D,0,238,success,28,1,1,none,0,,,
D,0,239,success,13,1,1,none,0,,,
D,0,240,success,19,1,1,none,0,,,
D,0,241,success,20,1,1,none,0,,,
D,0,242,success,13,1,1,none,0,,,
D,0,243,success,21,1,1,none,0,,,
D,0,244,success,25,1,1,none,0,,,
D,0,245,success,8,1,1,none,0,,,
D,0,246,success,14,1,1,none,0,,,
D,0,247,success,11,1,1,none,0,,,
D,0,248,success,11,1,1,none,0,,,
D,0,249,success,19,1,1,none,0,,,
D,0,250,success,17,1,1,none,0,,,
D,0,251,success,20,1,1,none,0,,,
D,0,252,lava,2,0,0,none,0,,,
D,0,253,success,21,1,1,none,0,,,
D,0,254,timeout,196,1,1,none,0,,,
D,0,255,success,13,1,1,none,0,,,
D,0,256,success,17,1,1,none,0,,,
D,0,257,success,13,1,1,none,0,,,
D,0,258,success,21,1,1,none,0,,,
D,0,259,success,25,1,1,none,0,,,
D,0,260,success,29,1,1,none,0,,,
D,0,261,success,29,1,1,none,0,,,
D,0,262,success,19,1,1,none,0,,,
D,0,263,success,34,1,1,none,0,,,
D,0,264,success,50,1,1,none,0,,,
D,0,265,success,17,1,1,none,0,,,
D,0,266,success,26,1,1,none,0,,,
D,0,267,success,29,1,1,none,0,,,
D,0,268,success,11,1,1,none,0,,,
D,0,269,success,19,1,1,none,0,,,
D,0,270,success,31,1,1,none,0,,,
D,0,271,success,18,1,1,none,0,,,
D,0,272,success,15,1,1,none,0,,,
D,0,273,success,20,1,1,none,0,,,
D,0,274,success,18,1,1,none,0,,,
D,0,275,success,13,1,1,none,0,,,
D,0,276,success,12,1,1,none,0,,,
D,0,277,success,16,1,1,none,0,,,
D,0,278,success,13,1,1,none,0,,,
D,0,279,success,12,1,1,none,0,,,
D,0,280,success,10,1,1,none,0,,,
D,0,281,success,15,1,1,none,0,,,
D,0,282,success,16,1,1,none,0,,,
D,0,283,success,12,1,1,none,0,,,
D,0,284,success,17,1,1,none,0,,,
D,0,285,success,13,1,1,none,0,,,
D,0,286,success,30,1,1,none,0,,,
D,0,287,success,21,1,1,none,0,,,
D,0,288,success,11,1,1,none,0,,,
D,0,289,success,14,1,1,none,0,,,
D,0,290,success,16,1,1,none,0,,,
D,0,291,success,17,1,1,none,0,,,
D,0,292,success,17,1,1,none,0,,,
D,0,293,success,16,1,1,none,0,,,
D,0,294,success,11,1,1,none,0,,,
D,0,295,success,18,1,1,none,0,,,
D,0,296,success,22,1,1,none,0,,,
D,0,297,success,42,1,1,none,0,,,
D,0,298,success,20,1,1,none,0,,,
D,0,299,success,36,1,1,none,0,,,
D,0,300,success,18,1,1,none,0,,,
D,0,301,success,15,1,1,none,0,,,
D,0,302,success,16,1,1,none,0,,,
D,0,303,success,14,1,1,none,0,,,
D,0,304,success,17,1,1,none,0,,,
D,0,305,success,24,1,1,none,0,,,
D,0,306,success,20,1,1,none,0,,,
D,0,307,success,16,1,1,none,0,,,
D,0,308,success,18,1,1,none,0,,,
D,0,309,success,8,1,1,none,0,,,
D,0,310,success,19,1,1,none,0,,,
D,0,311,success,25,1,1,none,0,,,
D,0,312,success,17,1,1,none,0,,,
D,0,313,success,12,1,1,none,0,,,
D,0,314,success,24,1,1,none,0,,,
D,0,315,success,16,1,1,none,0,,,
D,0,316,success,18,1,1,none,0,,,
D,0,317,success,20,1,1,none,0,,,
D,0,318,success,17,1,1,none,0,,,
D,0,319,success,27,1,1,none,0,,,
D,0,320,success,14,1,1,none,0,,,
D,0,321,success,25,1,1,none,0,,,
D,0,322,success,27,1,1,none,0,,,
D,0,323,success,13,1,1,none,0,,,
D,0,324,success,16,1,1,none,0,,,
D,0,325,success,16,1,1,none,0,,,
D,0,326,success,13,1,1,none,0,,,
D,0,327,success,13,1,1,none,0,,,
D,0,328,success,14,1,1,none,0,,,
D,0,329,success,18,1,1,none,0,,,
D,0,330,success,15,1,1,none,0,,,
D,0,331,success,35,1,1,none,0,,,
D,0,332,success,18,1,1,none,0,,,
D,0,333,success,17,1,1,none,0,,,
D,0,334,success,17,1,1,none,0,,,
D,0,335,success,16,1,1,none,0,,,
D,0,336,success,14,1,1,none,0,,,
D,0,337,success,18,1,1,none,0,,,
D,0,338,success,14,1,1,none,0,,,
D,0,339,success,16,1,1,none,0,,,
D,0,340,success,16,1,1,none,0,,,
D,0,341,success,19,1,1,none,0,,,
D,0,342,success,14,1,1,none,0,,,
D,0,343,success,16,1,1,none,0,,,
D,0,344,success,12,1,1,none,0,,,
D,0,345,success,13,1,1,none,0,,,
D,0,346,success,24,1,1,none,0,,,
D,0,347,success,20,1,1,none,0,,,
D,0,348,success,20,1,1,none,0,,,
D,0,349,success,12,1,1,none,0,,,
D,0,350,success,21,1,1,none,0,,,
D,0,351,success,17,1,1,none,0,,,
D,0,352,success,8,1,1,none,0,,,
D,0,353,success,16,1,1,none,0,,,
D,0,354,success,14,1,1,none,0,,,
D,0,355,success,13,1,1,none,0,,,
D,0,356,success,24,1,1,none,0,,,
D,0,357,success,14,1,1,none,0,,,
D,0,358,success,14,1,1,none,0,,,
D,0,359,success,14,1,1,none,0,,,
D,0,360,success,12,1,1,none,0,,,
D,0,361,success,13,1,1,none,0,,,
D,0,362,success,19,1,1,none,0,,,
D,0,363,success,18,1,1,none,0,,,
D,0,364,success,10,1,1,none,0,,,
D,0,365,success,19,1,1,none,0,,,
D,0,366,success,14,1,1,none,0,,,
D,0,367,success,24,1,1,none,0,,,
D,0,368,success,24,1,1,none,0,,,
D,0,369,success,15,1,1,none,0,,,
D,0,370,success,8,1,1,none,0,,,
D,0,371,success,26,1,1,none,0,,,
D,0,372,success,21,1,1,none,0,,,
D,0,373,success,23,1,1,none,0,,,
D,0,374,success,21,1,1,none,0,,,
D,0,375,success,10,1,1,none,0,,,
D,0,376,success,20,1,1,none,0,,,
D,0,377,success,17,1,1,none,0,,,
D,0,378,success,22,1,1,none,0,,,
D,0,379,success,20,1,1,none,0,,,
D,0,380,success,44,1,1,none,0,,,
D,0,381,success,15,1,1,none,0,,,
D,0,382,success,33,1,1,none,0,,,
D,0,383,success,12,1,1,none,0,,,
D,0,384,success,13,1,1,none,0,,,
D,0,385,success,18,1,1,none,0,,,
D,0,386,success,20,1,1,none,0,,,
D,0,387,success,19,1,1,none,0,,,
D,0,388,success,11,1,1,none,0,,,
D,0,389,success,24,1,1,none,0,,,
D,0,390,success,12,1,1,none,0,,,
D,0,391,success,16,1,1,none,0,,,
D,0,392,success,18,1,1,none,0,,,
D,0,393,success,9,1,1,none,0,,,
D,0,394,success,18,1,1,none,0,,,
D,0,395,success,10,1,1,none,0,,,
D,0,396,success,20,1,1,none,0,,,
D,0,397,success,13,1,1,none,0,,,
D,0,398,success,21,1,1,none,0,,,
D,0,399,success,11,1,1,none,0,,,
D,0,400,success,17,1,1,none,0,,,
D,0,401,success,15,1,1,none,0,,,
D,0,402,success,26,1,1,none,0,,,
D,0,403,success,16,1,1,none,0,,,
D,0,404,success,16,1,1,none,0,,,
D,0,405,success,18,1,1,none,0,,,
D,0,406,success,22,1,1,none,0,,,
D,0,407,success,25,1,1,none,0,,,
D,0,408,success,17,1,1,none,0,,,
D,0,409,success,14,1,1,none,0,,,
D,0,410,success,12,1,1,none,0,,,
D,0,411,success,17,1,1,none,0,,,
D,0,412,success,30,1,1,none,0,,,
D,0,413,success,21,1,1,none,0,,,
D,0,414,success,13,1,1,none,0,,,
D,0,415,success,16,1,1,none,0,,,
D,0,416,success,17,1,1,none,0,,,
D,0,417,success,23,1,1,none,0,,,
D,0,418,success,33,1,1,none,0,,,
D,0,419,success,19,1,1,none,0,,,
D,0,420,success,73,1,1,none,0,,,
D,0,421,success,27,1,1,none,0,,,
D,0,422,success,19,1,1,none,0,,,
D,0,423,success,12,1,1,none,0,,,
D,0,424,success,16,1,1,none,0,,,
D,0,425,success,14,1,1,none,0,,,
D,0,426,success,16,1,1,none,0,,,
D,0,427,success,12,1,1,none,0,,,
D,0,428,success,15,1,1,none,0,,,
D,0,429,success,14,1,1,none,0,,,
D,0,430,success,16,1,1,none,0,,,
D,0,431,success,21,1,1,none,0,,,
D,0,432,success,15,1,1,none,0,,,
D,0,433,success,19,1,1,none,0,,,
D,0,434,success,15,1,1,none,0,,,
D,0,435,success,15,1,1,none,0,,,
D,0,436,success,20,1,1,none,0,,,
D,0,437,success,26,1,1,none,0,,,
D,0,438,success,39,1,1,none,0,,,
D,0,439,success,27,1,1,none,0,,,
D,0,440,success,10,1,1,none,0,,,
D,0,441,success,16,1,1,none,0,,,
D,0,442,success,16,1,1,none,0,,,
D,0,443,success,21,1,1,none,0,,,
D,0,444,success,10,1,1,none,0,,,
D,0,445,success,21,1,1,none,0,,,
D,0,446,success,16,1,1,none,0,,,
D,0,447,success,26,1,1,none,0,,,
D,0,448,success,38,1,1,none,0,,,
D,0,449,success,18,1,1,none,0,,,
D,0,450,success,21,1,1,none,0,,,
D,0,451,success,12,1,1,none,0,,,
D,0,452,success,25,1,1,none,0,,,
D,0,453,success,17,1,1,none,0,,,
D,0,454,success,26,1,1,none,0,,,
D,0,455,success,13,1,1,none,0,,,
D,0,456,success,12,1,1,none,0,,,
D,0,457,success,29,1,1,none,0,,,
D,0,458,success,20,1,1,none,0,,,
D,0,459,success,11,1,1,none,0,,,
D,0,460,success,16,1,1,none,0,,,
D,0,461,success,28,1,1,none,0,,,
D,0,462,success,26,1,1,none,0,,,
D,0,463,success,13,1,1,none,0,,,
D,0,464,success,24,1,1,none,0,,,
D,0,465,success,17,1,1,none,0,,,
D,0,466,success,12,1,1,none,0,,,
D,0,467,success,13,1,1,none,0,,,
D,0,468,success,20,1,1,none,0,,,
D,0,469,success,16,1,1,none,0,,,
D,0,470,success,12,1,1,none,0,,,
D,0,471,success,23,1,1,none,0,,,
D,0,472,success,15,1,1,none,0,,,
D,0,473,success,22,1,1,none,0,,,
D,0,474,success,14,1,1,none,0,,,
D,0,475,success,24,1,1,none,0,,,
D,0,476,success,12,1,1,none,0,,,
D,0,477,success,21,1,1,none,0,,,
D,0,478,success,33,1,1,none,0,,,
D,0,479,success,23,1,1,none,0,,,
D,0,480,success,20,1,1,none,0,,,
D,0,481,success,17,1,1,none,0,,,
D,0,482,success,21,1,1,none,0,,,
D,0,483,success,17,1,1,none,0,,,
D,0,484,success,14,1,1,none,0,,,
D,0,485,success,10,1,1,none,0,,,
D,0,486,success,17,1,1,none,0,,,
D,0,487,success,22,1,1,none,0,,,
D,0,488,success,16,1,1,none,0,,,
D,0,489,success,23,1,1,none,0,,,
D,0,490,success,15,1,1,none,0,,,
D,0,491,success,18,1,1,none,0,,,
D,0,492,success,17,1,1,none,0,,,
D,0,493,success,20,1,1,none,0,,,
D,0,494,success,12,1,1,none,0,,,
D,0,495,success,12,1,1,none,0,,,
D,0,496,success,13,1,1,none,0,,,
D,0,497,success,20,1,1,none,0,,,
D,0,498,success,16,1,1,none,0,,,
D,0,499,success,9,1,1,none,0,,,
D,1,0,success,12,1,1,none,0,,,
D,1,1,success,12,1,1,none,0,,,
D,1,2,success,18,1,1,none,0,,,
D,1,3,success,26,1,1,none,0,,,
D,1,4,success,44,1,1,none,0,,,
D,1,5,success,22,1,1,none,0,,,
D,1,6,success,19,1,1,none,0,,,
D,1,7,success,17,1,1,none,0,,,
D,1,8,success,20,1,1,none,0,,,
D,1,9,success,22,1,1,none,0,,,
D,1,10,success,23,1,1,none,0,,,
D,1,11,success,168,1,1,none,0,,,
D,1,12,success,18,1,1,none,0,,,
D,1,13,success,127,1,1,none,0,,,
D,1,14,success,21,1,1,none,0,,,
D,1,15,success,20,1,1,none,0,,,
D,1,16,success,17,1,1,none,0,,,
D,1,17,success,17,1,1,none,0,,,
D,1,18,success,83,1,1,none,0,,,
D,1,19,success,20,1,1,none,0,,,
D,1,20,success,15,1,1,none,0,,,
D,1,21,success,20,1,1,none,0,,,
D,1,22,success,34,1,1,none,0,,,
D,1,23,success,29,1,1,none,0,,,
D,1,24,success,18,1,1,none,0,,,
D,1,25,success,23,1,1,none,0,,,
D,1,26,success,21,1,1,none,0,,,
D,1,27,success,15,1,1,none,0,,,
D,1,28,success,17,1,1,none,0,,,
D,1,29,success,17,1,1,none,0,,,
D,1,30,success,17,1,1,none,0,,,
D,1,31,success,36,1,1,none,0,,,
D,1,32,success,17,1,1,none,0,,,
D,1,33,success,17,1,1,none,0,,,
D,1,34,success,25,1,1,none,0,,,
D,1,35,success,18,1,1,none,0,,,
D,1,36,success,39,1,1,none,0,,,
D,1,37,success,23,1,1,none,0,,,
D,1,38,success,21,1,1,none,0,,,
D,1,39,success,26,1,1,none,0,,,
D,1,40,success,19,1,1,none,0,,,
D,1,41,success,22,1,1,none,0,,,
D,1,42,success,23,1,1,none,0,,,
D,1,43,success,13,1,1,none,0,,,
D,1,44,success,21,1,1,none,0,,,
D,1,45,success,12,1,1,none,0,,,
D,1,46,success,18,1,1,none,0,,,
D,1,47,success,32,1,1,none,0,,,
D,1,48,success,11,1,1,none,0,,,
D,1,49,success,14,1,1,none,0,,,
D,1,50,success,29,1,1,none,0,,,
D,1,51,success,19,1,1,none,0,,,
D,1,52,success,28,1,1,none,0,,,
D,1,53,success,20,1,1,none,0,,,
D,1,54,success,23,1,1,none,0,,,
D,1,55,success,15,1,1,none,0,,,
D,1,56,success,13,1,1,none,0,,,
D,1,57,success,26,1,1,none,0,,,
D,1,58,success,39,1,1,none,0,,,
D,1,59,success,14,1,1,none,0,,,
D,1,60,success,27,1,1,none,0,,,
D,1,61,success,17,1,1,none,0,,,
D,1,62,success,17,1,1,none,0,,,
D,1,63,success,17,1,1,none,0,,,
D,1,64,success,16,1,1,none,0,,,
D,1,65,success,16,1,1,none,0,,,
D,1,66,success,17,1,1,none,0,,,
D,1,67,success,16,1,1,none,0,,,
D,1,68,success,18,1,1,none,0,,,
D,1,69,success,16,1,1,none,0,,,
D,1,70,success,20,1,1,none,0,,,
D,1,71,success,41,1,1,none,0,,,
D,1,72,success,19,1,1,none,0,,,
D,1,73,success,14,1,1,none,0,,,
D,1,74,success,20,1,1,none,0,,,
D,1,75,success,16,1,1,none,0,,,
D,1,76,success,15,1,1,none,0,,,
D,1,77,success,17,1,1,none,0,,,
D,1,78,success,21,1,1,none,0,,,
D,1,79,success,19,1,1,none,0,,,
D,1,80,success,20,1,1,none,0,,,
D,1,81,success,22,1,1,none,0,,,
D,1,82,success,22,1,1,none,0,,,
D,1,83,success,25,1,1,none,0,,,
D,1,84,success,14,1,1,none,0,,,
D,1,85,success,18,1,1,none,0,,,
D,1,86,success,15,1,1,none,0,,,
D,1,87,success,16,1,1,none,0,,,
D,1,88,success,22,1,1,none,0,,,
D,1,89,success,17,1,1,none,0,,,
D,1,90,success,15,1,1,none,0,,,
D,1,91,success,9,1,1,none,0,,,
D,1,92,success,24,1,1,none,0,,,
D,1,93,success,12,1,1,none,0,,,
D,1,94,success,21,1,1,none,0,,,
D,1,95,success,31,1,1,none,0,,,
D,1,96,success,89,1,1,none,0,,,
D,1,97,success,36,1,1,none,0,,,
D,1,98,success,31,1,1,none,0,,,
D,1,99,success,16,1,1,none,0,,,
D,1,100,success,14,1,1,none,0,,,
D,1,101,success,23,1,1,none,0,,,
D,1,102,success,23,1,1,none,0,,,
D,1,103,success,16,1,1,none,0,,,
D,1,104,success,34,1,1,none,0,,,
D,1,105,success,8,1,1,none,0,,,
D,1,106,success,20,1,1,none,0,,,
D,1,107,success,14,1,1,none,0,,,
D,1,108,success,15,1,1,none,0,,,
D,1,109,success,31,1,1,none,0,,,
D,1,110,success,14,1,1,none,0,,,
D,1,111,success,14,1,1,none,0,,,
D,1,112,success,59,1,1,none,0,,,
D,1,113,success,15,1,1,none,0,,,
D,1,114,success,16,1,1,none,0,,,
D,1,115,success,16,1,1,none,0,,,
D,1,116,success,14,1,1,none,0,,,
D,1,117,success,15,1,1,none,0,,,
D,1,118,success,19,1,1,none,0,,,
D,1,119,success,24,1,1,none,0,,,
D,1,120,success,15,1,1,none,0,,,
D,1,121,success,18,1,1,none,0,,,
D,1,122,success,21,1,1,none,0,,,
D,1,123,success,22,1,1,none,0,,,
D,1,124,success,16,1,1,none,0,,,
D,1,125,success,10,1,1,none,0,,,
D,1,126,success,11,1,1,none,0,,,
D,1,127,success,23,1,1,none,0,,,
D,1,128,success,29,1,1,none,0,,,
D,1,129,success,18,1,1,none,0,,,
D,1,130,success,28,1,1,none,0,,,
D,1,131,success,17,1,1,none,0,,,
D,1,132,success,18,1,1,none,0,,,
D,1,133,success,18,1,1,none,0,,,
D,1,134,success,18,1,1,none,0,,,
D,1,135,success,29,1,1,none,0,,,
D,1,136,success,21,1,1,none,0,,,
D,1,137,success,28,1,1,none,0,,,
D,1,138,success,25,1,1,none,0,,,
D,1,139,success,17,1,1,none,0,,,
D,1,140,success,11,1,1,none,0,,,
D,1,141,success,31,1,1,none,0,,,
D,1,142,success,15,1,1,none,0,,,
D,1,143,success,15,1,1,none,0,,,
D,1,144,success,27,1,1,none,0,,,
D,1,145,success,19,1,1,none,0,,,
D,1,146,success,15,1,1,none,0,,,
D,1,147,success,27,1,1,none,0,,,
D,1,148,success,16,1,1,none,0,,,
D,1,149,success,15,1,1,none,0,,,
D,1,150,success,14,1,1,none,0,,,
D,1,151,success,174,1,1,none,0,,,
D,1,152,success,20,1,1,none,0,,,
D,1,153,success,19,1,1,none,0,,,
D,1,154,success,17,1,1,none,0,,,
D,1,155,success,17,1,1,none,0,,,
D,1,156,success,13,1,1,none,0,,,
D,1,157,success,11,1,1,none,0,,,
D,1,158,success,23,1,1,none,0,,,
D,1,159,success,16,1,1,none,0,,,
D,1,160,success,18,1,1,none,0,,,
D,1,161,success,25,1,1,none,0,,,
D,1,162,success,33,1,1,none,0,,,
D,1,163,success,25,1,1,none,0,,,
D,1,164,success,18,1,1,none,0,,,
D,1,165,success,13,1,1,none,0,,,
D,1,166,success,12,1,1,none,0,,,
D,1,167,success,22,1,1,none,0,,,
D,1,168,success,12,1,1,none,0,,,
D,1,169,success,15,1,1,none,0,,,
D,1,170,success,80,1,1,none,0,,,
D,1,171,success,22,1,1,none,0,,,
D,1,172,success,24,1,1,none,0,,,
D,1,173,success,13,1,1,none,0,,,
D,1,174,success,19,1,1,none,0,,,
D,1,175,success,21,1,1,none,0,,,
D,1,176,success,21,1,1,none,0,,,
D,1,177,success,22,1,1,none,0,,,
D,1,178,success,19,1,1,none,0,,,
D,1,179,success,13,1,1,none,0,,,
D,1,180,success,23,1,1,none,0,,,
D,1,181,success,16,1,1,none,0,,,
D,1,182,success,17,1,1,none,0,,,
D,1,183,success,25,1,1,none,0,,,
D,1,184,success,13,1,1,none,0,,,
D,1,185,success,20,1,1,none,0,,,
D,1,186,success,13,1,1,none,0,,,
D,1,187,success,18,1,1,none,0,,,
D,1,188,success,25,1,1,none,0,,,
D,1,189,success,41,1,1,none,0,,,
D,1,190,success,20,1,1,none,0,,,
D,1,191,success,17,1,1,none,0,,,
D,1,192,success,25,1,1,none,0,,,
D,1,193,success,15,1,1,none,0,,,
D,1,194,success,19,1,1,none,0,,,
D,1,195,success,14,1,1,none,0,,,
D,1,196,success,24,1,1,none,0,,,
D,1,197,success,25,1,1,none,0,,,
D,1,198,success,12,1,1,none,0,,,
D,1,199,success,17,1,1,none,0,,,
D,1,200,success,14,1,1,none,0,,,
D,1,201,success,20,1,1,none,0,,,
D,1,202,success,16,1,1,none,0,,,
D,1,203,success,22,1,1,none,0,,,
D,1,204,success,15,1,1,none,0,,,
D,1,205,success,16,1,1,none,0,,,
D,1,206,success,12,1,1,none,0,,,
D,1,207,success,12,1,1,none,0,,,
D,1,208,success,15,1,1,none,0,,,
D,1,209,success,16,1,1,none,0,,,
D,1,210,success,20,1,1,none,0,,,
D,1,211,success,16,1,1,none,0,,,
D,1,212,success,24,1,1,none,0,,,
D,1,213,success,14,1,1,none,0,,,
D,1,214,success,19,1,1,none,0,,,
D,1,215,success,15,1,1,none,0,,,
D,1,216,success,22,1,1,none,0,,,
D,1,217,success,16,1,1,none,0,,,
D,1,218,success,16,1,1,none,0,,,
D,1,219,success,19,1,1,none,0,,,
D,1,220,success,15,1,1,none,0,,,
D,1,221,success,27,1,1,none,0,,,
D,1,222,success,23,1,1,none,0,,,
D,1,223,success,28,1,1,none,0,,,
D,1,224,success,15,1,1,none,0,,,
D,1,225,success,22,1,1,none,0,,,
D,1,226,success,16,1,1,none,0,,,
D,1,227,success,22,1,1,none,0,,,
D,1,228,success,25,1,1,none,0,,,
D,1,229,lava,3,0,0,none,0,,,
D,1,230,success,51,1,1,none,0,,,
D,1,231,success,22,1,1,none,0,,,
D,1,232,success,73,1,1,none,0,,,
D,1,233,success,19,1,1,none,0,,,
D,1,234,success,17,1,1,none,0,,,
D,1,235,success,12,1,1,none,0,,,
D,1,236,success,19,1,1,none,0,,,
D,1,237,success,15,1,1,none,0,,,
D,1,238,success,21,1,1,none,0,,,
D,1,239,success,18,1,1,none,0,,,
D,1,240,success,20,1,1,none,0,,,
D,1,241,success,41,1,1,none,0,,,
D,1,242,success,14,1,1,none,0,,,
D,1,243,success,25,1,1,none,0,,,
D,1,244,success,24,1,1,none,0,,,
D,1,245,success,8,1,1,none,0,,,
D,1,246,success,15,1,1,none,0,,,
D,1,247,success,11,1,1,none,0,,,
D,1,248,success,12,1,1,none,0,,,
D,1,249,success,18,1,1,none,0,,,
D,1,250,success,17,1,1,none,0,,,
D,1,251,success,21,1,1,none,0,,,
D,1,252,success,23,1,1,none,0,,,
D,1,253,success,26,1,1,none,0,,,
D,1,254,success,32,1,1,none,0,,,
D,1,255,success,14,1,1,none,0,,,
D,1,256,success,16,1,1,none,0,,,
D,1,257,success,19,1,1,none,0,,,
D,1,258,success,20,1,1,none,0,,,
D,1,259,success,27,1,1,none,0,,,
D,1,260,success,30,1,1,none,0,,,
D,1,261,success,28,1,1,none,0,,,
D,1,262,success,21,1,1,none,0,,,
D,1,263,success,22,1,1,none,0,,,
D,1,264,success,44,1,1,none,0,,,
D,1,265,success,15,1,1,none,0,,,
D,1,266,success,20,1,1,none,0,,,
D,1,267,success,28,1,1,none,0,,,
D,1,268,success,11,1,1,none,0,,,
D,1,269,success,19,1,1,none,0,,,
D,1,270,success,14,1,1,none,0,,,
D,1,271,success,20,1,1,none,0,,,
D,1,272,success,15,1,1,none,0,,,
D,1,273,success,22,1,1,none,0,,,
D,1,274,success,18,1,1,none,0,,,
D,1,275,success,13,1,1,none,0,,,
D,1,276,success,15,1,1,none,0,,,
D,1,277,success,15,1,1,none,0,,,
D,1,278,success,15,1,1,none,0,,,
D,1,279,success,11,1,1,none,0,,,
D,1,280,success,17,1,1,none,0,,,
D,1,281,success,14,1,1,none,0,,,
D,1,282,success,22,1,1,none,0,,,
D,1,283,success,11,1,1,none,0,,,
D,1,284,success,13,1,1,none,0,,,
D,1,285,success,15,1,1,none,0,,,
D,1,286,success,25,1,1,none,0,,,
D,1,287,success,22,1,1,none,0,,,
D,1,288,success,15,1,1,none,0,,,
D,1,289,success,15,1,1,none,0,,,
D,1,290,success,24,1,1,none,0,,,
D,1,291,success,21,1,1,none,0,,,
D,1,292,success,24,1,1,none,0,,,
D,1,293,success,16,1,1,none,0,,,
D,1,294,success,13,1,1,none,0,,,
D,1,295,success,17,1,1,none,0,,,
D,1,296,success,21,1,1,none,0,,,
D,1,297,success,21,1,1,none,0,,,
D,1,298,success,18,1,1,none,0,,,
D,1,299,success,35,1,1,none,0,,,
D,1,300,success,28,1,1,none,0,,,
D,1,301,success,18,1,1,none,0,,,
D,1,302,success,19,1,1,none,0,,,
D,1,303,success,16,1,1,none,0,,,
D,1,304,success,17,1,1,none,0,,,
D,1,305,success,23,1,1,none,0,,,
D,1,306,success,21,1,1,none,0,,,
D,1,307,success,22,1,1,none,0,,,
D,1,308,success,18,1,1,none,0,,,
D,1,309,success,8,1,1,none,0,,,
D,1,310,success,22,1,1,none,0,,,
D,1,311,success,19,1,1,none,0,,,
D,1,312,success,17,1,1,none,0,,,
D,1,313,success,20,1,1,none,0,,,
D,1,314,success,21,1,1,none,0,,,
D,1,315,success,23,1,1,none,0,,,
D,1,316,success,18,1,1,none,0,,,
D,1,317,success,34,1,1,none,0,,,
D,1,318,success,40,1,1,none,0,,,
D,1,319,success,19,1,1,none,0,,,
D,1,320,success,14,1,1,none,0,,,
D,1,321,success,36,1,1,none,0,,,
D,1,322,success,27,1,1,none,0,,,
D,1,323,success,12,1,1,none,0,,,
D,1,324,success,22,1,1,none,0,,,
D,1,325,success,14,1,1,none,0,,,
D,1,326,success,18,1,1,none,0,,,
D,1,327,success,13,1,1,none,0,,,
D,1,328,success,16,1,1,none,0,,,
D,1,329,success,18,1,1,none,0,,,
D,1,330,success,15,1,1,none,0,,,
D,1,331,success,29,1,1,none,0,,,
D,1,332,success,20,1,1,none,0,,,
D,1,333,success,17,1,1,none,0,,,
D,1,334,success,16,1,1,none,0,,,
D,1,335,success,23,1,1,none,0,,,
D,1,336,success,14,1,1,none,0,,,
D,1,337,success,13,1,1,none,0,,,
D,1,338,success,14,1,1,none,0,,,
D,1,339,success,22,1,1,none,0,,,
D,1,340,success,17,1,1,none,0,,,
D,1,341,success,19,1,1,none,0,,,
D,1,342,success,16,1,1,none,0,,,
D,1,343,success,21,1,1,none,0,,,
D,1,344,success,12,1,1,none,0,,,
D,1,345,success,12,1,1,none,0,,,
D,1,346,success,31,1,1,none,0,,,
D,1,347,success,16,1,1,none,0,,,
D,1,348,success,12,1,1,none,0,,,
D,1,349,success,14,1,1,none,0,,,
D,1,350,success,16,1,1,none,0,,,
D,1,351,success,21,1,1,none,0,,,
D,1,352,success,10,1,1,none,0,,,
D,1,353,success,16,1,1,none,0,,,
D,1,354,success,20,1,1,none,0,,,
D,1,355,success,13,1,1,none,0,,,
D,1,356,success,24,1,1,none,0,,,
D,1,357,success,16,1,1,none,0,,,
D,1,358,success,18,1,1,none,0,,,
D,1,359,success,19,1,1,none,0,,,
D,1,360,success,11,1,1,none,0,,,
D,1,361,success,13,1,1,none,0,,,
D,1,362,success,15,1,1,none,0,,,
D,1,363,success,17,1,1,none,0,,,
D,1,364,success,14,1,1,none,0,,,
D,1,365,success,28,1,1,none,0,,,
D,1,366,success,16,1,1,none,0,,,
D,1,367,success,34,1,1,none,0,,,
D,1,368,success,22,1,1,none,0,,,
D,1,369,success,16,1,1,none,0,,,
D,1,370,success,8,1,1,none,0,,,
D,1,371,success,25,1,1,none,0,,,
D,1,372,success,33,1,1,none,0,,,
D,1,373,success,29,1,1,none,0,,,
D,1,374,success,23,1,1,none,0,,,
D,1,375,success,15,1,1,none,0,,,
D,1,376,success,24,1,1,none,0,,,
D,1,377,success,19,1,1,none,0,,,
D,1,378,success,21,1,1,none,0,,,
D,1,379,success,20,1,1,none,0,,,
D,1,380,success,45,1,1,none,0,,,
D,1,381,success,13,1,1,none,0,,,
D,1,382,success,23,1,1,none,0,,,
D,1,383,success,16,1,1,none,0,,,
D,1,384,success,23,1,1,none,0,,,
D,1,385,success,19,1,1,none,0,,,
D,1,386,success,16,1,1,none,0,,,
D,1,387,success,19,1,1,none,0,,,
D,1,388,success,13,1,1,none,0,,,
D,1,389,success,157,1,1,none,0,,,
D,1,390,success,14,1,1,none,0,,,
D,1,391,success,18,1,1,none,0,,,
D,1,392,success,21,1,1,none,0,,,
D,1,393,success,11,1,1,none,0,,,
D,1,394,success,17,1,1,none,0,,,
D,1,395,success,14,1,1,none,0,,,
D,1,396,success,26,1,1,none,0,,,
D,1,397,success,16,1,1,none,0,,,
D,1,398,success,17,1,1,none,0,,,
D,1,399,success,10,1,1,none,0,,,
D,1,400,success,13,1,1,none,0,,,
D,1,401,success,16,1,1,none,0,,,
D,1,402,success,24,1,1,none,0,,,
D,1,403,success,25,1,1,none,0,,,
D,1,404,success,16,1,1,none,0,,,
D,1,405,success,21,1,1,none,0,,,
D,1,406,success,20,1,1,none,0,,,
D,1,407,success,25,1,1,none,0,,,
D,1,408,success,59,1,1,none,0,,,
D,1,409,success,14,1,1,none,0,,,
D,1,410,success,14,1,1,none,0,,,
D,1,411,success,16,1,1,none,0,,,
D,1,412,success,33,1,1,none,0,,,
D,1,413,success,18,1,1,none,0,,,
D,1,414,success,13,1,1,none,0,,,
D,1,415,success,15,1,1,none,0,,,
D,1,416,success,17,1,1,none,0,,,
D,1,417,success,24,1,1,none,0,,,
D,1,418,success,32,1,1,none,0,,,
D,1,419,success,31,1,1,none,0,,,
D,1,420,success,78,1,1,none,0,,,
D,1,421,success,21,1,1,none,0,,,
D,1,422,success,17,1,1,none,0,,,
D,1,423,success,18,1,1,none,0,,,
D,1,424,success,19,1,1,none,0,,,
D,1,425,success,14,1,1,none,0,,,
D,1,426,success,21,1,1,none,0,,,
D,1,427,success,17,1,1,none,0,,,
D,1,428,success,20,1,1,none,0,,,
D,1,429,success,20,1,1,none,0,,,
D,1,430,success,14,1,1,none,0,,,
D,1,431,success,20,1,1,none,0,,,
D,1,432,success,14,1,1,none,0,,,
D,1,433,success,22,1,1,none,0,,,
D,1,434,success,13,1,1,none,0,,,
D,1,435,success,15,1,1,none,0,,,
D,1,436,success,21,1,1,none,0,,,
D,1,437,success,24,1,1,none,0,,,
D,1,438,success,19,1,1,none,0,,,
D,1,439,success,28,1,1,none,0,,,
D,1,440,success,12,1,1,none,0,,,
D,1,441,success,17,1,1,none,0,,,
D,1,442,success,14,1,1,none,0,,,
D,1,443,success,22,1,1,none,0,,,
D,1,444,success,12,1,1,none,0,,,
D,1,445,success,20,1,1,none,0,,,
D,1,446,success,19,1,1,none,0,,,
D,1,447,success,25,1,1,none,0,,,
D,1,448,success,40,1,1,none,0,,,
D,1,449,success,19,1,1,none,0,,,
D,1,450,success,25,1,1,none,0,,,
D,1,451,success,21,1,1,none,0,,,
D,1,452,success,33,1,1,none,0,,,
D,1,453,success,15,1,1,none,0,,,
D,1,454,success,25,1,1,none,0,,,
D,1,455,success,15,1,1,none,0,,,
D,1,456,success,19,1,1,none,0,,,
D,1,457,success,28,1,1,none,0,,,
D,1,458,success,19,1,1,none,0,,,
D,1,459,success,16,1,1,none,0,,,
D,1,460,lava,2,0,0,none,0,,,
D,1,461,success,25,1,1,none,0,,,
D,1,462,success,21,1,1,none,0,,,
D,1,463,success,15,1,1,none,0,,,
D,1,464,success,25,1,1,none,0,,,
D,1,465,success,16,1,1,none,0,,,
D,1,466,success,18,1,1,none,0,,,
D,1,467,success,13,1,1,none,0,,,
D,1,468,success,19,1,1,none,0,,,
D,1,469,success,21,1,1,none,0,,,
D,1,470,success,9,1,1,none,0,,,
D,1,471,success,19,1,1,none,0,,,
D,1,472,success,14,1,1,none,0,,,
D,1,473,success,25,1,1,none,0,,,
D,1,474,success,17,1,1,none,0,,,
D,1,475,success,28,1,1,none,0,,,
D,1,476,success,16,1,1,none,0,,,
D,1,477,success,21,1,1,none,0,,,
D,1,478,success,20,1,1,none,0,,,
D,1,479,success,17,1,1,none,0,,,
D,1,480,success,29,1,1,none,0,,,
D,1,481,success,20,1,1,none,0,,,
D,1,482,success,28,1,1,none,0,,,
D,1,483,success,22,1,1,none,0,,,
D,1,484,success,16,1,1,none,0,,,
D,1,485,success,14,1,1,none,0,,,
D,1,486,success,19,1,1,none,0,,,
D,1,487,success,19,1,1,none,0,,,
D,1,488,success,17,1,1,none,0,,,
D,1,489,success,22,1,1,none,0,,,
D,1,490,success,17,1,1,none,0,,,
D,1,491,success,20,1,1,none,0,,,
D,1,492,success,19,1,1,none,0,,,
D,1,493,success,23,1,1,none,0,,,
D,1,494,success,18,1,1,none,0,,,
D,1,495,success,16,1,1,none,0,,,
D,1,496,success,19,1,1,none,0,,,
D,1,497,lava,3,0,0,none,0,,,
D,1,498,success,22,1,1,none,0,,,
D,1,499,success,13,1,1,none,0,,,
D,2,0,success,12,1,1,none,0,,,
D,2,1,success,10,1,1,none,0,,,
D,2,2,success,16,1,1,none,0,,,
D,2,3,success,18,1,1,none,0,,,
D,2,4,success,15,1,1,none,0,,,
D,2,5,success,24,1,1,none,0,,,
D,2,6,success,21,1,1,none,0,,,
D,2,7,success,17,1,1,none,0,,,
D,2,8,success,24,1,1,none,0,,,
D,2,9,success,19,1,1,none,0,,,
D,2,10,success,21,1,1,none,0,,,
D,2,11,success,25,1,1,none,0,,,
D,2,12,success,35,1,1,none,0,,,
D,2,13,success,19,1,1,none,0,,,
D,2,14,success,21,1,1,none,0,,,
D,2,15,success,14,1,1,none,0,,,
D,2,16,success,32,1,1,none,0,,,
D,2,17,success,32,1,1,none,0,,,
D,2,18,success,26,1,1,none,0,,,
D,2,19,success,22,1,1,none,0,,,
D,2,20,success,16,1,1,none,0,,,
D,2,21,success,20,1,1,none,0,,,
D,2,22,lava,5,0,0,none,0,,,
D,2,23,success,23,1,1,none,0,,,
D,2,24,success,16,1,1,none,0,,,
D,2,25,success,25,1,1,none,0,,,
D,2,26,success,21,1,1,none,0,,,
D,2,27,success,11,1,1,none,0,,,
D,2,28,success,19,1,1,none,0,,,
D,2,29,success,16,1,1,none,0,,,
D,2,30,success,17,1,1,none,0,,,
D,2,31,success,21,1,1,none,0,,,
D,2,32,success,13,1,1,none,0,,,
D,2,33,success,12,1,1,none,0,,,
D,2,34,timeout,196,0,0,none,0,,,
D,2,35,success,21,1,1,none,0,,,
D,2,36,success,26,1,1,none,0,,,
D,2,37,success,21,1,1,none,0,,,
D,2,38,success,24,1,1,none,0,,,
D,2,39,success,21,1,1,none,0,,,
D,2,40,success,18,1,1,none,0,,,
D,2,41,success,32,1,1,none,0,,,
D,2,42,success,24,1,1,none,0,,,
D,2,43,success,11,1,1,none,0,,,
D,2,44,success,25,1,1,none,0,,,
D,2,45,success,12,1,1,none,0,,,
D,2,46,success,12,1,1,none,0,,,
D,2,47,success,24,1,1,none,0,,,
D,2,48,success,13,1,1,none,0,,,
D,2,49,success,14,1,1,none,0,,,
D,2,50,success,29,1,1,none,0,,,
D,2,51,success,15,1,1,none,0,,,
D,2,52,success,17,1,1,none,0,,,
D,2,53,success,14,1,1,none,0,,,
D,2,54,success,16,1,1,none,0,,,
D,2,55,success,17,1,1,none,0,,,
D,2,56,success,15,1,1,none,0,,,
D,2,57,success,24,1,1,none,0,,,
D,2,58,success,23,1,1,none,0,,,
D,2,59,success,14,1,1,none,0,,,
D,2,60,success,16,1,1,none,0,,,
D,2,61,success,27,1,1,none,0,,,
D,2,62,success,19,1,1,none,0,,,
D,2,63,success,20,1,1,none,0,,,
D,2,64,success,17,1,1,none,0,,,
D,2,65,success,15,1,1,none,0,,,
D,2,66,success,15,1,1,none,0,,,
D,2,67,success,14,1,1,none,0,,,
D,2,68,success,14,1,1,none,0,,,
D,2,69,success,14,1,1,none,0,,,
D,2,70,success,14,1,1,none,0,,,
D,2,71,success,31,1,1,none,0,,,
D,2,72,success,22,1,1,none,0,,,
D,2,73,success,14,1,1,none,0,,,
D,2,74,success,17,1,1,none,0,,,
D,2,75,success,16,1,1,none,0,,,
D,2,76,success,15,1,1,none,0,,,
D,2,77,success,15,1,1,none,0,,,
D,2,78,success,19,1,1,none,0,,,
D,2,79,success,19,1,1,none,0,,,
D,2,80,success,18,1,1,none,0,,,
D,2,81,success,21,1,1,none,0,,,
D,2,82,success,15,1,1,none,0,,,
D,2,83,success,14,1,1,none,0,,,
D,2,84,success,18,1,1,none,0,,,
D,2,85,success,18,1,1,none,0,,,
D,2,86,success,11,1,1,none,0,,,
D,2,87,success,17,1,1,none,0,,,
D,2,88,success,19,1,1,none,0,,,
D,2,89,success,19,1,1,none,0,,,
D,2,90,success,15,1,1,none,0,,,
D,2,91,success,9,1,1,none,0,,,
D,2,92,success,22,1,1,none,0,,,
D,2,93,success,14,1,1,none,0,,,
D,2,94,success,37,1,1,none,0,,,
D,2,95,success,15,1,1,none,0,,,
D,2,96,success,24,1,1,none,0,,,
D,2,97,success,45,1,1,none,0,,,
D,2,98,success,44,1,1,none,0,,,
D,2,99,success,19,1,1,none,0,,,
D,2,100,success,12,1,1,none,0,,,
D,2,101,success,25,1,1,none,0,,,
D,2,102,success,19,1,1,none,0,,,
D,2,103,success,16,1,1,none,0,,,
D,2,104,success,34,1,1,none,0,,,
D,2,105,success,8,1,1,none,0,,,
D,2,106,success,18,1,1,none,0,,,
D,2,107,success,15,1,1,none,0,,,
D,2,108,success,15,1,1,none,0,,,
D,2,109,success,34,1,1,none,0,,,
D,2,110,success,16,1,1,none,0,,,
D,2,111,success,18,1,1,none,0,,,
D,2,112,success,39,1,1,none,0,,,
D,2,113,success,15,1,1,none,0,,,
D,2,114,success,14,1,1,none,0,,,
D,2,115,success,14,1,1,none,0,,,
D,2,116,success,16,1,1,none,0,,,
D,2,117,success,18,1,1,none,0,,,
D,2,118,success,19,1,1,none,0,,,
D,2,119,success,27,1,1,none,0,,,
D,2,120,success,11,1,1,none,0,,,
D,2,121,success,17,1,1,none,0,,,
D,2,122,success,17,1,1,none,0,,,
D,2,123,success,26,1,1,none,0,,,
D,2,124,success,24,1,1,none,0,,,
D,2,125,success,12,1,1,none,0,,,
D,2,126,success,10,1,1,none,0,,,
D,2,127,success,21,1,1,none,0,,,
D,2,128,success,17,1,1,none,0,,,
D,2,129,success,12,1,1,none,0,,,
D,2,130,success,24,1,1,none,0,,,
D,2,131,success,17,1,1,none,0,,,
D,2,132,success,21,1,1,none,0,,,
D,2,133,success,23,1,1,none,0,,,
D,2,134,success,29,1,1,none,0,,,
D,2,135,success,33,1,1,none,0,,,
D,2,136,success,35,1,1,none,0,,,
D,2,137,success,14,1,1,none,0,,,
D,2,138,success,20,1,1,none,0,,,
D,2,139,success,19,1,1,none,0,,,
D,2,140,success,13,1,1,none,0,,,
D,2,141,success,32,1,1,none,0,,,
D,2,142,success,11,1,1,none,0,,,
D,2,143,success,15,1,1,none,0,,,
D,2,144,success,27,1,1,none,0,,,
D,2,145,success,17,1,1,none,0,,,
D,2,146,success,12,1,1,none,0,,,
D,2,147,success,21,1,1,none,0,,,
D,2,148,success,12,1,1,none,0,,,
D,2,149,success,15,1,1,none,0,,,
D,2,150,success,14,1,1,none,0,,,
D,2,151,success,35,1,1,none,0,,,
D,2,152,success,25,1,1,none,0,,,
D,2,153,success,28,1,1,none,0,,,
D,2,154,success,15,1,1,none,0,,,
D,2,155,success,17,1,1,none,0,,,
D,2,156,success,27,1,1,none,0,,,
D,2,157,success,13,1,1,none,0,,,
D,2,158,success,21,1,1,none,0,,,
D,2,159,success,13,1,1,none,0,,,
D,2,160,success,18,1,1,none,0,,,
D,2,161,success,25,1,1,none,0,,,
D,2,162,success,21,1,1,none,0,,,
D,2,163,success,33,1,1,none,0,,,
D,2,164,success,24,1,1,none,0,,,
D,2,165,success,13,1,1,none,0,,,
D,2,166,success,15,1,1,none,0,,,
D,2,167,success,25,1,1,none,0,,,
D,2,168,success,14,1,1,none,0,,,
D,2,169,success,12,1,1,none,0,,,
D,2,170,success,50,1,1,none,0,,,
D,2,171,success,22,1,1,none,0,,,
D,2,172,success,18,1,1,none,0,,,
D,2,173,success,15,1,1,none,0,,,
D,2,174,success,14,1,1,none,0,,,
D,2,175,success,19,1,1,none,0,,,
D,2,176,success,21,1,1,none,0,,,
D,2,177,success,29,1,1,none,0,,,
D,2,178,success,13,1,1,none,0,,,
D,2,179,success,15,1,1,none,0,,,
D,2,180,success,21,1,1,none,0,,,
D,2,181,success,13,1,1,none,0,,,
D,2,182,success,14,1,1,none,0,,,
D,2,183,success,25,1,1,none,0,,,
D,2,184,success,16,1,1,none,0,,,
D,2,185,success,18,1,1,none,0,,,
D,2,186,success,18,1,1,none,0,,,
D,2,187,success,22,1,1,none,0,,,
D,2,188,success,23,1,1,none,0,,,
D,2,189,success,34,1,1,none,0,,,
D,2,190,success,20,1,1,none,0,,,
D,2,191,success,14,1,1,none,0,,,
D,2,192,success,24,1,1,none,0,,,
D,2,193,success,16,1,1,none,0,,,
D,2,194,success,12,1,1,none,0,,,
D,2,195,success,12,1,1,none,0,,,
D,2,196,success,14,1,1,none,0,,,
D,2,197,success,25,1,1,none,0,,,
D,2,198,success,16,1,1,none,0,,,
D,2,199,success,12,1,1,none,0,,,
D,2,200,success,21,1,1,none,0,,,
D,2,201,success,20,1,1,none,0,,,
D,2,202,success,16,1,1,none,0,,,
D,2,203,success,20,1,1,none,0,,,
D,2,204,success,26,1,1,none,0,,,
D,2,205,success,15,1,1,none,0,,,
D,2,206,success,14,1,1,none,0,,,
D,2,207,success,14,1,1,none,0,,,
D,2,208,success,21,1,1,none,0,,,
D,2,209,success,16,1,1,none,0,,,
D,2,210,success,24,1,1,none,0,,,
D,2,211,success,14,1,1,none,0,,,
D,2,212,lava,3,0,0,none,0,,,
D,2,213,success,27,1,1,none,0,,,
D,2,214,success,17,1,1,none,0,,,
D,2,215,success,13,1,1,none,0,,,
D,2,216,success,24,1,1,none,0,,,
D,2,217,success,18,1,1,none,0,,,
D,2,218,success,22,1,1,none,0,,,
D,2,219,success,13,1,1,none,0,,,
D,2,220,success,11,1,1,none,0,,,
D,2,221,timeout,196,0,0,none,0,,,
D,2,222,success,15,1,1,none,0,,,
D,2,223,success,30,1,1,none,0,,,
D,2,224,success,24,1,1,none,0,,,
D,2,225,success,18,1,1,none,0,,,
D,2,226,success,12,1,1,none,0,,,
D,2,227,success,27,1,1,none,0,,,
D,2,228,success,25,1,1,none,0,,,
D,2,229,success,28,1,1,none,0,,,
D,2,230,success,23,1,1,none,0,,,
D,2,231,success,26,1,1,none,0,,,
D,2,232,success,26,1,1,none,0,,,
D,2,233,success,18,1,1,none,0,,,
D,2,234,success,17,1,1,none,0,,,
D,2,235,success,12,1,1,none,0,,,
D,2,236,success,19,1,1,none,0,,,
D,2,237,success,17,1,1,none,0,,,
D,2,238,success,25,1,1,none,0,,,
D,2,239,success,13,1,1,none,0,,,
D,2,240,success,16,1,1,none,0,,,
D,2,241,success,20,1,1,none,0,,,
D,2,242,success,12,1,1,none,0,,,
D,2,243,success,21,1,1,none,0,,,
D,2,244,success,24,1,1,none,0,,,
D,2,245,success,8,1,1,none,0,,,
D,2,246,success,17,1,1,none,0,,,
D,2,247,success,13,1,1,none,0,,,
D,2,248,success,10,1,1,none,0,,,
D,2,249,success,22,1,1,none,0,,,
D,2,250,success,15,1,1,none,0,,,
D,2,251,success,16,1,1,none,0,,,
D,2,252,success,19,1,1,none,0,,,
D,2,253,success,32,1,1,none,0,,,
D,2,254,success,41,1,1,none,0,,,
D,2,255,success,12,1,1,none,0,,,
D,2,256,success,19,1,1,none,0,,,
D,2,257,success,15,1,1,none,0,,,
D,2,258,success,24,1,1,none,0,,,
D,2,259,success,23,1,1,none,0,,,
D,2,260,success,28,1,1,none,0,,,
D,2,261,success,30,1,1,none,0,,,
D,2,262,success,23,1,1,none,0,,,
D,2,263,success,26,1,1,none,0,,,
D,2,264,success,18,1,1,none,0,,,
D,2,265,success,17,1,1,none,0,,,
D,2,266,success,27,1,1,none,0,,,
D,2,267,success,24,1,1,none,0,,,
D,2,268,success,12,1,1,none,0,,,
D,2,269,success,17,1,1,none,0,,,
D,2,270,success,17,1,1,none,0,,,
D,2,271,success,16,1,1,none,0,,,
D,2,272,success,17,1,1,none,0,,,
D,2,273,success,20,1,1,none,0,,,
D,2,274,success,33,1,1,none,0,,,
D,2,275,success,15,1,1,none,0,,,
D,2,276,success,13,1,1,none,0,,,
D,2,277,success,17,1,1,none,0,,,
D,2,278,success,24,1,1,none,0,,,
D,2,279,success,11,1,1,none,0,,,
D,2,280,success,10,1,1,none,0,,,
D,2,281,success,16,1,1,none,0,,,
D,2,282,success,16,1,1,none,0,,,
D,2,283,success,11,1,1,none,0,,,
D,2,284,success,15,1,1,none,0,,,
D,2,285,success,12,1,1,none,0,,,
D,2,286,success,23,1,1,none,0,,,
D,2,287,success,20,1,1,none,0,,,
D,2,288,success,11,1,1,none,0,,,
D,2,289,success,14,1,1,none,0,,,
D,2,290,timeout,196,0,0,none,0,,,
D,2,291,success,17,1,1,none,0,,,
D,2,292,success,24,1,1,none,0,,,
D,2,293,success,18,1,1,none,0,,,
D,2,294,success,11,1,1,none,0,,,
D,2,295,success,19,1,1,none,0,,,
D,2,296,success,21,1,1,none,0,,,
D,2,297,success,29,1,1,none,0,,,
D,2,298,success,16,1,1,none,0,,,
D,2,299,success,38,1,1,none,0,,,
D,2,300,timeout,196,0,0,none,0,,,
D,2,301,success,15,1,1,none,0,,,
D,2,302,success,22,1,1,none,0,,,
D,2,303,success,18,1,1,none,0,,,
D,2,304,success,21,1,1,none,0,,,
D,2,305,success,24,1,1,none,0,,,
D,2,306,success,17,1,1,none,0,,,
D,2,307,success,16,1,1,none,0,,,
D,2,308,success,27,1,1,none,0,,,
D,2,309,success,12,1,1,none,0,,,
D,2,310,success,18,1,1,none,0,,,
D,2,311,success,24,1,1,none,0,,,
D,2,312,success,15,1,1,none,0,,,
D,2,313,success,20,1,1,none,0,,,
D,2,314,success,24,1,1,none,0,,,
D,2,315,success,26,1,1,none,0,,,
D,2,316,success,17,1,1,none,0,,,
D,2,317,success,19,1,1,none,0,,,
D,2,318,success,18,1,1,none,0,,,
D,2,319,success,21,1,1,none,0,,,
D,2,320,success,16,1,1,none,0,,,
D,2,321,success,24,1,1,none,0,,,
D,2,322,success,25,1,1,none,0,,,
D,2,323,success,12,1,1,none,0,,,
D,2,324,success,18,1,1,none,0,,,
D,2,325,success,16,1,1,none,0,,,
D,2,326,success,11,1,1,none,0,,,
D,2,327,success,15,1,1,none,0,,,
D,2,328,success,12,1,1,none,0,,,
D,2,329,success,18,1,1,none,0,,,
D,2,330,success,17,1,1,none,0,,,
D,2,331,success,25,1,1,none,0,,,
D,2,332,success,18,1,1,none,0,,,
D,2,333,success,19,1,1,none,0,,,
D,2,334,success,14,1,1,none,0,,,
D,2,335,success,23,1,1,none,0,,,
D,2,336,success,16,1,1,none,0,,,
D,2,337,success,13,1,1,none,0,,,
D,2,338,success,21,1,1,none,0,,,
D,2,339,success,22,1,1,none,0,,,
D,2,340,success,17,1,1,none,0,,,
D,2,341,success,13,1,1,none,0,,,
D,2,342,success,18,1,1,none,0,,,
D,2,343,success,15,1,1,none,0,,,
D,2,344,success,12,1,1,none,0,,,
D,2,345,success,14,1,1,none,0,,,
D,2,346,success,23,1,1,none,0,,,
D,2,347,success,18,1,1,none,0,,,
D,2,348,success,23,1,1,none,0,,,
D,2,349,success,16,1,1,none,0,,,
D,2,350,success,14,1,1,none,0,,,
D,2,351,success,17,1,1,none,0,,,
D,2,352,success,8,1,1,none,0,,,
D,2,353,success,18,1,1,none,0,,,
D,2,354,success,16,1,1,none,0,,,
D,2,355,success,16,1,1,none,0,,,
D,2,356,success,26,1,1,none,0,,,
D,2,357,success,22,1,1,none,0,,,
D,2,358,success,17,1,1,none,0,,,
D,2,359,success,22,1,1,none,0,,,
D,2,360,success,13,1,1,none,0,,,
D,2,361,success,15,1,1,none,0,,,
D,2,362,success,15,1,1,none,0,,,
D,2,363,success,17,1,1,none,0,,,
D,2,364,success,14,1,1,none,0,,,
D,2,365,success,26,1,1,none,0,,,
D,2,366,success,14,1,1,none,0,,,
D,2,367,success,38,1,1,none,0,,,
D,2,368,success,20,1,1,none,0,,,
D,2,369,success,15,1,1,none,0,,,
D,2,370,success,8,1,1,none,0,,,
D,2,371,success,20,1,1,none,0,,,
D,2,372,success,25,1,1,none,0,,,
D,2,373,success,15,1,1,none,0,,,
D,2,374,success,20,1,1,none,0,,,
D,2,375,success,15,1,1,none,0,,,
D,2,376,success,36,1,1,none,0,,,
D,2,377,success,17,1,1,none,0,,,
D,2,378,success,44,1,1,none,0,,,
D,2,379,success,21,1,1,none,0,,,
D,2,380,success,47,1,1,none,0,,,
D,2,381,success,15,1,1,none,0,,,
D,2,382,success,23,1,1,none,0,,,
D,2,383,success,16,1,1,none,0,,,
D,2,384,success,18,1,1,none,0,,,
D,2,385,success,14,1,1,none,0,,,
D,2,386,success,17,1,1,none,0,,,
D,2,387,success,18,1,1,none,0,,,
D,2,388,success,11,1,1,none,0,,,
D,2,389,success,66,1,1,none,0,,,
D,2,390,success,12,1,1,none,0,,,
D,2,391,success,14,1,1,none,0,,,
D,2,392,success,17,1,1,none,0,,,
D,2,393,success,9,1,1,none,0,,,
D,2,394,success,19,1,1,none,0,,,
D,2,395,success,12,1,1,none,0,,,
D,2,396,success,24,1,1,none,0,,,
D,2,397,success,13,1,1,none,0,,,
D,2,398,success,20,1,1,none,0,,,
D,2,399,success,10,1,1,none,0,,,
D,2,400,success,15,1,1,none,0,,,
D,2,401,success,13,1,1,none,0,,,
D,2,402,success,29,1,1,none,0,,,
D,2,403,success,19,1,1,none,0,,,
D,2,404,success,20,1,1,none,0,,,
D,2,405,success,17,1,1,none,0,,,
D,2,406,success,16,1,1,none,0,,,
D,2,407,success,22,1,1,none,0,,,
D,2,408,success,17,1,1,none,0,,,
D,2,409,success,16,1,1,none,0,,,
D,2,410,success,12,1,1,none,0,,,
D,2,411,success,10,1,1,none,0,,,
D,2,412,success,25,1,1,none,0,,,
D,2,413,success,14,1,1,none,0,,,
D,2,414,success,13,1,1,none,0,,,
D,2,415,success,15,1,1,none,0,,,
D,2,416,success,26,1,1,none,0,,,
D,2,417,success,19,1,1,none,0,,,
D,2,418,success,32,1,1,none,0,,,
D,2,419,timeout,196,0,0,none,0,,,
D,2,420,success,26,1,1,none,0,,,
D,2,421,success,30,1,1,none,0,,,
D,2,422,success,19,1,1,none,0,,,
D,2,423,success,12,1,1,none,0,,,
D,2,424,success,21,1,1,none,0,,,
D,2,425,success,16,1,1,none,0,,,
D,2,426,success,19,1,1,none,0,,,
D,2,427,success,15,1,1,none,0,,,
D,2,428,success,15,1,1,none,0,,,
D,2,429,success,15,1,1,none,0,,,
D,2,430,success,16,1,1,none,0,,,
D,2,431,success,25,1,1,none,0,,,
D,2,432,success,16,1,1,none,0,,,
D,2,433,success,22,1,1,none,0,,,
D,2,434,success,21,1,1,none,0,,,
D,2,435,success,17,1,1,none,0,,,
D,2,436,success,21,1,1,none,0,,,
D,2,437,success,21,1,1,none,0,,,
D,2,438,success,22,1,1,none,0,,,
D,2,439,success,26,1,1,none,0,,,
D,2,440,success,12,1,1,none,0,,,
D,2,441,success,17,1,1,none,0,,,
D,2,442,success,12,1,1,none,0,,,
D,2,443,success,23,1,1,none,0,,,
D,2,444,success,10,1,1,none,0,,,
D,2,445,success,18,1,1,none,0,,,
D,2,446,success,21,1,1,none,0,,,
D,2,447,success,27,1,1,none,0,,,
D,2,448,success,16,1,1,none,0,,,
D,2,449,success,15,1,1,none,0,,,
D,2,450,success,20,1,1,none,0,,,
D,2,451,success,14,1,1,none,0,,,
D,2,452,success,29,1,1,none,0,,,
D,2,453,success,15,1,1,none,0,,,
D,2,454,lava,1,0,0,none,0,,,
D,2,455,success,19,1,1,none,0,,,
D,2,456,success,12,1,1,none,0,,,
D,2,457,timeout,196,0,0,none,0,,,
D,2,458,success,16,1,1,none,0,,,
D,2,459,success,17,1,1,none,0,,,
D,2,460,success,18,1,1,none,0,,,
D,2,461,success,15,1,1,none,0,,,
D,2,462,success,17,1,1,none,0,,,
D,2,463,success,13,1,1,none,0,,,
D,2,464,success,23,1,1,none,0,,,
D,2,465,success,18,1,1,none,0,,,
D,2,466,success,12,1,1,none,0,,,
D,2,467,success,18,1,1,none,0,,,
D,2,468,success,30,1,1,none,0,,,
D,2,469,success,18,1,1,none,0,,,
D,2,470,success,9,1,1,none,0,,,
D,2,471,success,21,1,1,none,0,,,
D,2,472,success,20,1,1,none,0,,,
D,2,473,success,21,1,1,none,0,,,
D,2,474,success,18,1,1,none,0,,,
D,2,475,success,23,1,1,none,0,,,
D,2,476,success,14,1,1,none,0,,,
D,2,477,success,28,1,1,none,0,,,
D,2,478,success,22,1,1,none,0,,,
D,2,479,success,17,1,1,none,0,,,
D,2,480,success,27,1,1,none,0,,,
D,2,481,success,21,1,1,none,0,,,
D,2,482,success,30,1,1,none,0,,,
D,2,483,success,17,1,1,none,0,,,
D,2,484,success,14,1,1,none,0,,,
D,2,485,success,12,1,1,none,0,,,
D,2,486,success,23,1,1,none,0,,,
D,2,487,success,24,1,1,none,0,,,
D,2,488,success,15,1,1,none,0,,,
D,2,489,success,22,1,1,none,0,,,
D,2,490,success,19,1,1,none,0,,,
D,2,491,success,20,1,1,none,0,,,
D,2,492,success,15,1,1,none,0,,,
D,2,493,success,22,1,1,none,0,,,
D,2,494,success,17,1,1,none,0,,,
D,2,495,success,12,1,1,none,0,,,
D,2,496,success,19,1,1,none,0,,,
D,2,497,success,22,1,1,none,0,,,
D,2,498,timeout,196,0,0,none,0,,,
D,2,499,success,9,1,1,none,0,,,
D,3,0,success,12,1,1,none,0,,,
D,3,1,success,10,1,1,none,0,,,
D,3,2,success,14,1,1,none,0,,,
D,3,3,success,12,1,1,none,0,,,
D,3,4,success,21,1,1,none,0,,,
D,3,5,success,31,1,1,none,0,,,
D,3,6,success,21,1,1,none,0,,,
D,3,7,success,19,1,1,none,0,,,
D,3,8,success,17,1,1,none,0,,,
D,3,9,success,20,1,1,none,0,,,
D,3,10,success,21,1,1,none,0,,,
D,3,11,success,26,1,1,none,0,,,
D,3,12,success,30,1,1,none,0,,,
D,3,13,success,19,1,1,none,0,,,
D,3,14,success,21,1,1,none,0,,,
D,3,15,success,14,1,1,none,0,,,
D,3,16,success,13,1,1,none,0,,,
D,3,17,success,29,1,1,none,0,,,
D,3,18,success,27,1,1,none,0,,,
D,3,19,success,22,1,1,none,0,,,
D,3,20,success,16,1,1,none,0,,,
D,3,21,success,22,1,1,none,0,,,
D,3,22,success,25,1,1,none,0,,,
D,3,23,success,19,1,1,none,0,,,
D,3,24,success,16,1,1,none,0,,,
D,3,25,success,32,1,1,none,0,,,
D,3,26,success,21,1,1,none,0,,,
D,3,27,success,9,1,1,none,0,,,
D,3,28,success,19,1,1,none,0,,,
D,3,29,success,15,1,1,none,0,,,
D,3,30,success,17,1,1,none,0,,,
D,3,31,success,28,1,1,none,0,,,
D,3,32,success,15,1,1,none,0,,,
D,3,33,success,15,1,1,none,0,,,
D,3,34,success,23,1,1,none,0,,,
D,3,35,success,21,1,1,none,0,,,
D,3,36,success,34,1,1,none,0,,,
D,3,37,success,17,1,1,none,0,,,
D,3,38,success,24,1,1,none,0,,,
D,3,39,success,19,1,1,none,0,,,
D,3,40,success,29,1,1,none,0,,,
D,3,41,success,27,1,1,none,0,,,
D,3,42,success,23,1,1,none,0,,,
D,3,43,success,13,1,1,none,0,,,
D,3,44,success,19,1,1,none,0,,,
D,3,45,success,14,1,1,none,0,,,
D,3,46,success,14,1,1,none,0,,,
D,3,47,success,54,1,1,none,0,,,
D,3,48,success,13,1,1,none,0,,,
D,3,49,success,16,1,1,none,0,,,
D,3,50,success,15,1,1,none,0,,,
D,3,51,success,17,1,1,none,0,,,
D,3,52,success,28,1,1,none,0,,,
D,3,53,success,16,1,1,none,0,,,
D,3,54,success,16,1,1,none,0,,,
D,3,55,success,19,1,1,none,0,,,
D,3,56,success,15,1,1,none,0,,,
D,3,57,success,26,1,1,none,0,,,
D,3,58,success,23,1,1,none,0,,,
D,3,59,success,17,1,1,none,0,,,
D,3,60,success,20,1,1,none,0,,,
D,3,61,success,23,1,1,none,0,,,
D,3,62,success,19,1,1,none,0,,,
D,3,63,success,19,1,1,none,0,,,
D,3,64,success,18,1,1,none,0,,,
D,3,65,success,15,1,1,none,0,,,
D,3,66,success,19,1,1,none,0,,,
D,3,67,success,12,1,1,none,0,,,
D,3,68,success,14,1,1,none,0,,,
D,3,69,success,20,1,1,none,0,,,
D,3,70,success,11,1,1,none,0,,,
D,3,71,success,31,1,1,none,0,,,
D,3,72,success,22,1,1,none,0,,,
D,3,73,success,20,1,1,none,0,,,
D,3,74,success,17,1,1,none,0,,,
D,3,75,success,57,1,1,none,0,,,
D,3,76,success,17,1,1,none,0,,,
D,3,77,success,12,1,1,none,0,,,
D,3,78,success,21,1,1,none,0,,,
D,3,79,success,20,1,1,none,0,,,
D,3,80,success,19,1,1,none,0,,,
D,3,81,success,17,1,1,none,0,,,
D,3,82,success,20,1,1,none,0,,,
D,3,83,success,21,1,1,none,0,,,
D,3,84,success,22,1,1,none,0,,,
D,3,85,success,20,1,1,none,0,,,
D,3,86,success,138,1,1,none,0,,,
D,3,87,success,21,1,1,none,0,,,
D,3,88,success,22,1,1,none,0,,,
D,3,89,success,19,1,1,none,0,,,
D,3,90,success,15,1,1,none,0,,,
D,3,91,success,13,1,1,none,0,,,
D,3,92,success,22,1,1,none,0,,,
D,3,93,success,17,1,1,none,0,,,
D,3,94,success,21,1,1,none,0,,,
D,3,95,success,16,1,1,none,0,,,
D,3,96,success,24,1,1,none,0,,,
D,3,97,success,25,1,1,none,0,,,
D,3,98,success,43,1,1,none,0,,,
D,3,99,success,22,1,1,none,0,,,
D,3,100,success,12,1,1,none,0,,,
D,3,101,success,25,1,1,none,0,,,
D,3,102,success,21,1,1,none,0,,,
D,3,103,success,40,1,1,none,0,,,
D,3,104,success,17,1,1,none,0,,,
D,3,105,success,10,1,1,none,0,,,
D,3,106,success,24,1,1,none,0,,,
D,3,107,success,16,1,1,none,0,,,
D,3,108,success,17,1,1,none,0,,,
D,3,109,success,31,1,1,none,0,,,
D,3,110,success,18,1,1,none,0,,,
D,3,111,success,22,1,1,none,0,,,
D,3,112,success,28,1,1,none,0,,,
D,3,113,success,15,1,1,none,0,,,
D,3,114,success,14,1,1,none,0,,,
D,3,115,success,18,1,1,none,0,,,
D,3,116,success,20,1,1,none,0,,,
D,3,117,success,20,1,1,none,0,,,
D,3,118,success,19,1,1,none,0,,,
D,3,119,success,22,1,1,none,0,,,
D,3,120,success,11,1,1,none,0,,,
D,3,121,success,19,1,1,none,0,,,
D,3,122,success,17,1,1,none,0,,,
D,3,123,success,26,1,1,none,0,,,
D,3,124,success,24,1,1,none,0,,,
D,3,125,success,15,1,1,none,0,,,
D,3,126,success,12,1,1,none,0,,,
D,3,127,success,24,1,1,none,0,,,
D,3,128,success,26,1,1,none,0,,,
D,3,129,success,16,1,1,none,0,,,
D,3,130,success,24,1,1,none,0,,,
D,3,131,success,17,1,1,none,0,,,
D,3,132,success,23,1,1,none,0,,,
D,3,133,success,21,1,1,none,0,,,
D,3,134,success,23,1,1,none,0,,,
D,3,135,success,30,1,1,none,0,,,
D,3,136,success,35,1,1,none,0,,,
D,3,137,success,28,1,1,none,0,,,
D,3,138,success,20,1,1,none,0,,,
D,3,139,success,23,1,1,none,0,,,
D,3,140,success,17,1,1,none,0,,,
D,3,141,success,87,1,1,none,0,,,
D,3,142,success,11,1,1,none,0,,,
D,3,143,success,17,1,1,none,0,,,
D,3,144,success,27,1,1,none,0,,,
D,3,145,success,15,1,1,none,0,,,
D,3,146,success,12,1,1,none,0,,,
D,3,147,success,17,1,1,none,0,,,
D,3,148,success,10,1,1,none,0,,,
D,3,149,success,16,1,1,none,0,,,
D,3,150,success,14,1,1,none,0,,,
D,3,151,success,33,1,1,none,0,,,
D,3,152,success,20,1,1,none,0,,,
D,3,153,success,28,1,1,none,0,,,
D,3,154,ball,16,1,1,none,0,,,
D,3,155,success,25,1,1,none,0,,,
D,3,156,success,23,1,1,none,0,,,
D,3,157,success,20,1,1,none,0,,,
D,3,158,success,21,1,1,none,0,,,
D,3,159,success,15,1,1,none,0,,,
D,3,160,success,22,1,1,none,0,,,
D,3,161,success,25,1,1,none,0,,,
D,3,162,success,37,1,1,none,0,,,
D,3,163,success,24,1,1,none,0,,,
D,3,164,success,24,1,1,none,0,,,
D,3,165,success,13,1,1,none,0,,,
D,3,166,success,20,1,1,none,0,,,
D,3,167,success,22,1,1,none,0,,,
D,3,168,success,18,1,1,none,0,,,
D,3,169,success,12,1,1,none,0,,,
D,3,170,success,36,1,1,none,0,,,
D,3,171,success,32,1,1,none,0,,,
D,3,172,success,16,1,1,none,0,,,
D,3,173,success,16,1,1,none,0,,,
D,3,174,success,16,1,1,none,0,,,
D,3,175,success,25,1,1,none,0,,,
D,3,176,success,30,1,1,none,0,,,
D,3,177,success,16,1,1,none,0,,,
D,3,178,success,15,1,1,none,0,,,
D,3,179,success,18,1,1,none,0,,,
D,3,180,success,21,1,1,none,0,,,
D,3,181,success,16,1,1,none,0,,,
D,3,182,success,16,1,1,none,0,,,
D,3,183,success,25,1,1,none,0,,,
D,3,184,success,19,1,1,none,0,,,
D,3,185,success,18,1,1,none,0,,,
D,3,186,success,17,1,1,none,0,,,
D,3,187,success,24,1,1,none,0,,,
D,3,188,success,23,1,1,none,0,,,
D,3,189,success,34,1,1,none,0,,,
D,3,190,success,20,1,1,none,0,,,
D,3,191,success,16,1,1,none,0,,,
D,3,192,success,21,1,1,none,0,,,
D,3,193,success,23,1,1,none,0,,,
D,3,194,success,19,1,1,none,0,,,
D,3,195,success,76,1,1,none,0,,,
D,3,196,success,22,1,1,none,0,,,
D,3,197,success,25,1,1,none,0,,,
D,3,198,success,16,1,1,none,0,,,
D,3,199,success,15,1,1,none,0,,,
D,3,200,success,20,1,1,none,0,,,
D,3,201,success,20,1,1,none,0,,,
D,3,202,success,16,1,1,none,0,,,
D,3,203,success,15,1,1,none,0,,,
D,3,204,success,18,1,1,none,0,,,
D,3,205,success,18,1,1,none,0,,,
D,3,206,success,17,1,1,none,0,,,
D,3,207,success,16,1,1,none,0,,,
D,3,208,success,17,1,1,none,0,,,
D,3,209,success,16,1,1,none,0,,,
D,3,210,success,29,1,1,none,0,,,
D,3,211,success,21,1,1,none,0,,,
D,3,212,success,22,1,1,none,0,,,
D,3,213,success,16,1,1,none,0,,,
D,3,214,success,23,1,1,none,0,,,
D,3,215,success,11,1,1,none,0,,,
D,3,216,success,24,1,1,none,0,,,
D,3,217,success,22,1,1,none,0,,,
D,3,218,success,25,1,1,none,0,,,
D,3,219,success,13,1,1,none,0,,,
D,3,220,success,11,1,1,none,0,,,
D,3,221,success,68,1,1,none,0,,,
D,3,222,success,23,1,1,none,0,,,
D,3,223,success,27,1,1,none,0,,,
D,3,224,success,24,1,1,none,0,,,
D,3,225,success,18,1,1,none,0,,,
D,3,226,success,12,1,1,none,0,,,
D,3,227,success,27,1,1,none,0,,,
D,3,228,success,24,1,1,none,0,,,
D,3,229,success,28,1,1,none,0,,,
D,3,230,success,23,1,1,none,0,,,
D,3,231,success,22,1,1,none,0,,,
D,3,232,success,41,1,1,none,0,,,
D,3,233,success,16,1,1,none,0,,,
D,3,234,success,23,1,1,none,0,,,
D,3,235,success,16,1,1,none,0,,,
D,3,236,success,19,1,1,none,0,,,
D,3,237,success,21,1,1,none,0,,,
D,3,238,success,28,1,1,none,0,,,
D,3,239,success,15,1,1,none,0,,,
D,3,240,success,16,1,1,none,0,,,
D,3,241,success,34,1,1,none,0,,,
D,3,242,success,13,1,1,none,0,,,
D,3,243,success,17,1,1,none,0,,,
D,3,244,success,29,1,1,none,0,,,
D,3,245,success,10,1,1,none,0,,,
D,3,246,success,15,1,1,none,0,,,
D,3,247,success,18,1,1,none,0,,,
D,3,248,success,11,1,1,none,0,,,
D,3,249,success,22,1,1,none,0,,,
D,3,250,success,19,1,1,none,0,,,
D,3,251,success,16,1,1,none,0,,,
D,3,252,success,23,1,1,none,0,,,
D,3,253,success,31,1,1,none,0,,,
D,3,254,success,29,1,1,none,0,,,
D,3,255,success,12,1,1,none,0,,,
D,3,256,success,16,1,1,none,0,,,
D,3,257,success,15,1,1,none,0,,,
D,3,258,success,21,1,1,none,0,,,
D,3,259,success,28,1,1,none,0,,,
D,3,260,success,28,1,1,none,0,,,
D,3,261,success,28,1,1,none,0,,,
D,3,262,success,19,1,1,none,0,,,
D,3,263,success,28,1,1,none,0,,,
D,3,264,success,18,1,1,none,0,,,
D,3,265,success,17,1,1,none,0,,,
D,3,266,success,25,1,1,none,0,,,
D,3,267,success,24,1,1,none,0,,,
D,3,268,success,12,1,1,none,0,,,
D,3,269,success,19,1,1,none,0,,,
D,3,270,success,21,1,1,none,0,,,
D,3,271,success,16,1,1,none,0,,,
D,3,272,success,22,1,1,none,0,,,
D,3,273,success,20,1,1,none,0,,,
D,3,274,success,21,1,1,none,0,,,
D,3,275,success,17,1,1,none,0,,,
D,3,276,success,21,1,1,none,0,,,
D,3,277,success,25,1,1,none,0,,,
D,3,278,success,15,1,1,none,0,,,
D,3,279,success,11,1,1,none,0,,,
D,3,280,success,14,1,1,none,0,,,
D,3,281,success,16,1,1,none,0,,,
D,3,282,success,16,1,1,none,0,,,
D,3,283,success,15,1,1,none,0,,,
D,3,284,success,20,1,1,none,0,,,
D,3,285,success,15,1,1,none,0,,,
D,3,286,success,30,1,1,none,0,,,
D,3,287,success,18,1,1,none,0,,,
D,3,288,success,11,1,1,none,0,,,
D,3,289,success,14,1,1,none,0,,,
D,3,290,success,18,1,1,none,0,,,
D,3,291,success,20,1,1,none,0,,,
D,3,292,success,19,1,1,none,0,,,
D,3,293,success,21,1,1,none,0,,,
D,3,294,success,11,1,1,none,0,,,
D,3,295,success,19,1,1,none,0,,,
D,3,296,success,21,1,1,none,0,,,
D,3,297,success,21,1,1,none,0,,,
D,3,298,success,19,1,1,none,0,,,
D,3,299,success,35,1,1,none,0,,,
D,3,300,success,20,1,1,none,0,,,
D,3,301,timeout,196,0,0,none,0,,,
D,3,302,success,19,1,1,none,0,,,
D,3,303,success,18,1,1,none,0,,,
D,3,304,success,19,1,1,none,0,,,
D,3,305,success,32,1,1,none,0,,,
D,3,306,success,57,1,1,none,0,,,
D,3,307,success,16,1,1,none,0,,,
D,3,308,success,23,1,1,none,0,,,
D,3,309,success,12,1,1,none,0,,,
D,3,310,success,18,1,1,none,0,,,
D,3,311,success,40,1,1,none,0,,,
D,3,312,success,17,1,1,none,0,,,
D,3,313,success,16,1,1,none,0,,,
D,3,314,success,21,1,1,none,0,,,
D,3,315,success,16,1,1,none,0,,,
D,3,316,success,17,1,1,none,0,,,
D,3,317,success,24,1,1,none,0,,,
D,3,318,success,23,1,1,none,0,,,
D,3,319,success,27,1,1,none,0,,,
D,3,320,success,16,1,1,none,0,,,
D,3,321,success,24,1,1,none,0,,,
D,3,322,success,30,1,1,none,0,,,
D,3,323,success,15,1,1,none,0,,,
D,3,324,success,16,1,1,none,0,,,
D,3,325,success,18,1,1,none,0,,,
D,3,326,success,15,1,1,none,0,,,
D,3,327,success,15,1,1,none,0,,,
D,3,328,success,12,1,1,none,0,,,
D,3,329,success,27,1,1,none,0,,,
D,3,330,success,21,1,1,none,0,,,
D,3,331,success,31,1,1,none,0,,,
D,3,332,success,18,1,1,none,0,,,
D,3,333,success,21,1,1,none,0,,,
D,3,334,success,20,1,1,none,0,,,
D,3,335,success,25,1,1,none,0,,,
D,3,336,success,16,1,1,none,0,,,
D,3,337,success,18,1,1,none,0,,,
D,3,338,success,21,1,1,none,0,,,
D,3,339,success,22,1,1,none,0,,,
D,3,340,success,15,1,1,none,0,,,
D,3,341,success,15,1,1,none,0,,,
D,3,342,success,16,1,1,none,0,,,
D,3,343,success,19,1,1,none,0,,,
D,3,344,success,14,1,1,none,0,,,
D,3,345,success,16,1,1,none,0,,,
D,3,346,success,23,1,1,none,0,,,
D,3,347,success,18,1,1,none,0,,,
D,3,348,success,22,1,1,none,0,,,
D,3,349,success,16,1,1,none,0,,,
D,3,350,success,18,1,1,none,0,,,
D,3,351,success,23,1,1,none,0,,,
D,3,352,success,8,1,1,none,0,,,
D,3,353,success,20,1,1,none,0,,,
D,3,354,success,18,1,1,none,0,,,
D,3,355,success,18,1,1,none,0,,,
D,3,356,success,26,1,1,none,0,,,
D,3,357,success,16,1,1,none,0,,,
D,3,358,success,21,1,1,none,0,,,
D,3,359,success,24,1,1,none,0,,,
D,3,360,success,19,1,1,none,0,,,
D,3,361,success,19,1,1,none,0,,,
D,3,362,success,15,1,1,none,0,,,
D,3,363,success,17,1,1,none,0,,,
D,3,364,success,10,1,1,none,0,,,
D,3,365,success,25,1,1,none,0,,,
D,3,366,success,14,1,1,none,0,,,
D,3,367,success,26,1,1,none,0,,,
D,3,368,success,20,1,1,none,0,,,
D,3,369,success,22,1,1,none,0,,,
D,3,370,success,12,1,1,none,0,,,
D,3,371,success,20,1,1,none,0,,,
D,3,372,success,23,1,1,none,0,,,
D,3,373,success,15,1,1,none,0,,,
D,3,374,success,26,1,1,none,0,,,
D,3,375,success,10,1,1,none,0,,,
D,3,376,success,28,1,1,none,0,,,
D,3,377,success,17,1,1,none,0,,,
D,3,378,success,28,1,1,none,0,,,
D,3,379,success,21,1,1,none,0,,,
D,3,380,success,45,1,1,none,0,,,
D,3,381,success,17,1,1,none,0,,,
D,3,382,success,23,1,1,none,0,,,
D,3,383,success,12,1,1,none,0,,,
D,3,384,success,13,1,1,none,0,,,
D,3,385,success,14,1,1,none,0,,,
D,3,386,success,24,1,1,none,0,,,
D,3,387,success,21,1,1,none,0,,,
D,3,388,success,13,1,1,none,0,,,
D,3,389,success,32,1,1,none,0,,,
D,3,390,success,14,1,1,none,0,,,
D,3,391,success,16,1,1,none,0,,,
D,3,392,success,17,1,1,none,0,,,
D,3,393,success,11,1,1,none,0,,,
D,3,394,success,20,1,1,none,0,,,
D,3,395,success,12,1,1,none,0,,,
D,3,396,success,21,1,1,none,0,,,
D,3,397,success,13,1,1,none,0,,,
D,3,398,success,23,1,1,none,0,,,
D,3,399,success,13,1,1,none,0,,,
D,3,400,success,19,1,1,none,0,,,
D,3,401,success,15,1,1,none,0,,,
D,3,402,success,24,1,1,none,0,,,
D,3,403,success,20,1,1,none,0,,,
D,3,404,success,22,1,1,none,0,,,
D,3,405,success,17,1,1,none,0,,,
D,3,406,success,18,1,1,none,0,,,
D,3,407,success,22,1,1,none,0,,,
D,3,408,success,17,1,1,none,0,,,
D,3,409,success,18,1,1,none,0,,,
D,3,410,success,14,1,1,none,0,,,
D,3,411,success,16,1,1,none,0,,,
D,3,412,success,33,1,1,none,0,,,
D,3,413,success,19,1,1,none,0,,,
D,3,414,success,13,1,1,none,0,,,
D,3,415,success,15,1,1,none,0,,,
D,3,416,success,21,1,1,none,0,,,
D,3,417,success,21,1,1,none,0,,,
D,3,418,success,35,1,1,none,0,,,
D,3,419,success,19,1,1,none,0,,,
D,3,420,success,28,1,1,none,0,,,
D,3,421,success,20,1,1,none,0,,,
D,3,422,success,23,1,1,none,0,,,
D,3,423,success,12,1,1,none,0,,,
D,3,424,success,21,1,1,none,0,,,
D,3,425,success,20,1,1,none,0,,,
D,3,426,success,19,1,1,none,0,,,
D,3,427,success,15,1,1,none,0,,,
D,3,428,success,13,1,1,none,0,,,
D,3,429,success,16,1,1,none,0,,,
D,3,430,success,18,1,1,none,0,,,
D,3,431,success,23,1,1,none,0,,,
D,3,432,success,21,1,1,none,0,,,
D,3,433,success,25,1,1,none,0,,,
D,3,434,success,21,1,1,none,0,,,
D,3,435,success,19,1,1,none,0,,,
D,3,436,success,21,1,1,none,0,,,
D,3,437,success,29,1,1,none,0,,,
D,3,438,success,24,1,1,none,0,,,
D,3,439,success,27,1,1,none,0,,,
D,3,440,success,12,1,1,none,0,,,
D,3,441,success,17,1,1,none,0,,,
D,3,442,success,14,1,1,none,0,,,
D,3,443,success,20,1,1,none,0,,,
D,3,444,success,16,1,1,none,0,,,
D,3,445,success,22,1,1,none,0,,,
D,3,446,success,24,1,1,none,0,,,
D,3,447,success,27,1,1,none,0,,,
D,3,448,success,34,1,1,none,0,,,
D,3,449,success,17,1,1,none,0,,,
D,3,450,success,20,1,1,none,0,,,
D,3,451,success,25,1,1,none,0,,,
D,3,452,success,24,1,1,none,0,,,
D,3,453,success,18,1,1,none,0,,,
D,3,454,success,25,1,1,none,0,,,
D,3,455,success,15,1,1,none,0,,,
D,3,456,success,16,1,1,none,0,,,
D,3,457,success,25,1,1,none,0,,,
D,3,458,success,16,1,1,none,0,,,
D,3,459,success,21,1,1,none,0,,,
D,3,460,success,18,1,1,none,0,,,
D,3,461,success,15,1,1,none,0,,,
D,3,462,success,17,1,1,none,0,,,
D,3,463,success,15,1,1,none,0,,,
D,3,464,success,23,1,1,none,0,,,
D,3,465,success,21,1,1,none,0,,,
D,3,466,success,11,1,1,none,0,,,
D,3,467,success,20,1,1,none,0,,,
D,3,468,success,66,1,1,none,0,,,
D,3,469,success,22,1,1,none,0,,,
D,3,470,success,13,1,1,none,0,,,
D,3,471,success,21,1,1,none,0,,,
D,3,472,success,19,1,1,none,0,,,
D,3,473,success,21,1,1,none,0,,,
D,3,474,success,18,1,1,none,0,,,
D,3,475,success,28,1,1,none,0,,,
D,3,476,success,12,1,1,none,0,,,
D,3,477,success,24,1,1,none,0,,,
D,3,478,success,25,1,1,none,0,,,
D,3,479,success,22,1,1,none,0,,,
D,3,480,success,27,1,1,none,0,,,
D,3,481,success,21,1,1,none,0,,,
D,3,482,success,30,1,1,none,0,,,
D,3,483,success,17,1,1,none,0,,,
D,3,484,success,17,1,1,none,0,,,
D,3,485,success,14,1,1,none,0,,,
D,3,486,success,21,1,1,none,0,,,
D,3,487,success,33,1,1,none,0,,,
D,3,488,success,15,1,1,none,0,,,
D,3,489,success,22,1,1,none,0,,,
D,3,490,success,25,1,1,none,0,,,
D,3,491,success,20,1,1,none,0,,,
D,3,492,success,17,1,1,none,0,,,
D,3,493,success,22,1,1,none,0,,,
D,3,494,success,14,1,1,none,0,,,
D,3,495,success,16,1,1,none,0,,,
D,3,496,success,17,1,1,none,0,,,
D,3,497,success,18,1,1,none,0,,,
D,3,498,success,14,1,1,none,0,,,
D,3,499,success,9,1,1,none,0,,,
D,4,0,success,10,1,1,none,0,,,
D,4,1,success,10,1,1,none,0,,,
D,4,2,success,14,1,1,none,0,,,
D,4,3,success,17,1,1,none,0,,,
D,4,4,success,21,1,1,none,0,,,
D,4,5,success,76,1,1,none,0,,,
D,4,6,success,19,1,1,none,0,,,
D,4,7,success,21,1,1,none,0,,,
D,4,8,success,17,1,1,none,0,,,
D,4,9,success,20,1,1,none,0,,,
D,4,10,success,11,1,1,none,0,,,
D,4,11,timeout,196,1,1,none,0,,,
D,4,12,success,20,1,1,none,0,,,
D,4,13,success,19,1,1,none,0,,,
D,4,14,success,27,1,1,none,0,,,
D,4,15,success,14,1,1,none,0,,,
D,4,16,success,20,1,1,none,0,,,
D,4,17,success,13,1,1,none,0,,,
D,4,18,success,26,1,1,none,0,,,
D,4,19,success,20,1,1,none,0,,,
D,4,20,success,13,1,1,none,0,,,
D,4,21,success,20,1,1,none,0,,,
D,4,22,success,36,1,1,none,0,,,
D,4,23,success,19,1,1,none,0,,,
D,4,24,success,14,1,1,none,0,,,
D,4,25,timeout,196,1,1,none,0,,,
D,4,26,success,21,1,1,none,0,,,
D,4,27,success,9,1,1,none,0,,,
D,4,28,success,17,1,1,none,0,,,
D,4,29,success,14,1,1,none,0,,,
D,4,30,success,17,1,1,none,0,,,
D,4,31,success,22,1,1,none,0,,,
D,4,32,success,15,1,1,none,0,,,
D,4,33,success,22,1,1,none,0,,,
D,4,34,success,18,1,1,none,0,,,
D,4,35,success,18,1,1,none,0,,,
D,4,36,success,22,1,1,none,0,,,
D,4,37,success,17,1,1,none,0,,,
D,4,38,success,21,1,1,none,0,,,
D,4,39,success,15,1,1,none,0,,,
D,4,40,success,26,1,1,none,0,,,
D,4,41,success,24,1,1,none,0,,,
D,4,42,success,153,1,1,none,0,,,
D,4,43,success,11,1,1,none,0,,,
D,4,44,success,16,1,1,none,0,,,
D,4,45,success,12,1,1,none,0,,,
D,4,46,success,14,1,1,none,0,,,
D,4,47,success,27,1,1,none,0,,,
D,4,48,success,9,1,1,none,0,,,
D,4,49,success,14,1,1,none,0,,,
D,4,50,success,15,1,1,none,0,,,
D,4,51,success,18,1,1,none,0,,,
D,4,52,success,17,1,1,none,0,,,
D,4,53,success,16,1,1,none,0,,,
D,4,54,success,16,1,1,none,0,,,
D,4,55,success,15,1,1,none,0,,,
D,4,56,success,13,1,1,none,0,,,
D,4,57,success,19,1,1,none,0,,,
D,4,58,success,37,1,1,none,0,,,
D,4,59,success,14,1,1,none,0,,,
D,4,60,success,20,1,1,none,0,,,
D,4,61,success,28,1,1,none,0,,,
D,4,62,success,17,1,1,none,0,,,
D,4,63,success,23,1,1,none,0,,,
D,4,64,success,20,1,1,none,0,,,
D,4,65,success,15,1,1,none,0,,,
D,4,66,success,23,1,1,none,0,,,
D,4,67,success,12,1,1,none,0,,,
D,4,68,success,12,1,1,none,0,,,
D,4,69,success,18,1,1,none,0,,,
D,4,70,success,14,1,1,none,0,,,
D,4,71,success,51,1,1,none,0,,,
D,4,72,success,20,1,1,none,0,,,
D,4,73,success,14,1,1,none,0,,,
D,4,74,success,17,1,1,none,0,,,
D,4,75,success,18,1,1,none,0,,,
D,4,76,success,13,1,1,none,0,,,
D,4,77,success,11,1,1,none,0,,,
D,4,78,success,29,1,1,none,0,,,
D,4,79,success,17,1,1,none,0,,,
D,4,80,success,27,1,1,none,0,,,
D,4,81,success,20,1,1,none,0,,,
D,4,82,success,20,1,1,none,0,,,
D,4,83,success,21,1,1,none,0,,,
D,4,84,success,18,1,1,none,0,,,
D,4,85,success,18,1,1,none,0,,,
D,4,86,success,11,1,1,none,0,,,
D,4,87,success,19,1,1,none,0,,,
D,4,88,success,22,1,1,none,0,,,
D,4,89,success,17,1,1,none,0,,,
D,4,90,success,16,1,1,none,0,,,
D,4,91,success,11,1,1,none,0,,,
D,4,92,success,21,1,1,none,0,,,
D,4,93,success,12,1,1,none,0,,,
D,4,94,success,19,1,1,none,0,,,
D,4,95,success,15,1,1,none,0,,,
D,4,96,success,37,1,1,none,0,,,
D,4,97,timeout,196,1,1,none,0,,,
D,4,98,success,89,1,1,none,0,,,
D,4,99,success,18,1,1,none,0,,,
D,4,100,success,11,1,1,none,0,,,
D,4,101,success,23,1,1,none,0,,,
D,4,102,success,15,1,1,none,0,,,
D,4,103,success,16,1,1,none,0,,,
D,4,104,success,62,1,1,none,0,,,
D,4,105,success,8,1,1,none,0,,,
D,4,106,success,16,1,1,none,0,,,
D,4,107,success,16,1,1,none,0,,,
D,4,108,success,16,1,1,none,0,,,
D,4,109,success,39,1,1,none,0,,,
D,4,110,success,14,1,1,none,0,,,
D,4,111,success,16,1,1,none,0,,,
D,4,112,timeout,196,1,1,none,0,,,
D,4,113,success,15,1,1,none,0,,,
D,4,114,success,14,1,1,none,0,,,
D,4,115,success,16,1,1,none,0,,,
D,4,116,success,26,1,1,none,0,,,
D,4,117,success,14,1,1,none,0,,,
D,4,118,success,11,1,1,none,0,,,
D,4,119,success,20,1,1,none,0,,,
D,4,120,success,11,1,1,none,0,,,
D,4,121,success,19,1,1,none,0,,,
D,4,122,success,17,1,1,none,0,,,
D,4,123,success,26,1,1,none,0,,,
D,4,124,success,24,1,1,none,0,,,
D,4,125,success,11,1,1,none,0,,,
D,4,126,success,10,1,1,none,0,,,
D,4,127,success,23,1,1,none,0,,,
D,4,128,success,27,1,1,none,0,,,
D,4,129,success,16,1,1,none,0,,,
D,4,130,success,23,1,1,none,0,,,
D,4,131,success,17,1,1,none,0,,,
D,4,132,success,24,1,1,none,0,,,
D,4,133,success,47,1,1,none,0,,,
D,4,134,success,22,1,1,none,0,,,
D,4,135,success,31,1,1,none,0,,,
D,4,136,success,22,1,1,none,0,,,
D,4,137,success,26,1,1,none,0,,,
D,4,138,timeout,196,1,1,none,0,,,
D,4,139,success,23,1,1,none,0,,,
D,4,140,success,9,1,1,none,0,,,
D,4,141,success,31,1,1,none,0,,,
D,4,142,success,15,1,1,none,0,,,
D,4,143,success,14,1,1,none,0,,,
D,4,144,success,18,1,1,none,0,,,
D,4,145,success,15,1,1,none,0,,,
D,4,146,success,10,1,1,none,0,,,
D,4,147,success,15,1,1,none,0,,,
D,4,148,success,11,1,1,none,0,,,
D,4,149,success,21,1,1,none,0,,,
D,4,150,success,14,1,1,none,0,,,
D,4,151,timeout,196,1,1,none,0,,,
D,4,152,success,21,1,1,none,0,,,
D,4,153,success,21,1,1,none,0,,,
D,4,154,success,27,1,1,none,0,,,
D,4,155,success,17,1,1,none,0,,,
D,4,156,success,26,1,1,none,0,,,
D,4,157,success,13,1,1,none,0,,,
D,4,158,success,21,1,1,none,0,,,
D,4,159,success,13,1,1,none,0,,,
D,4,160,success,17,1,1,none,0,,,
D,4,161,success,20,1,1,none,0,,,
D,4,162,success,37,1,1,none,0,,,
D,4,163,success,22,1,1,none,0,,,
D,4,164,success,24,1,1,none,0,,,
D,4,165,success,13,1,1,none,0,,,
D,4,166,success,12,1,1,none,0,,,
D,4,167,success,21,1,1,none,0,,,
D,4,168,success,23,1,1,none,0,,,
D,4,169,success,12,1,1,none,0,,,
D,4,170,timeout,196,1,1,none,0,,,
D,4,171,success,20,1,1,none,0,,,
D,4,172,success,18,1,1,none,0,,,
D,4,173,success,13,1,1,none,0,,,
D,4,174,success,23,1,1,none,0,,,
D,4,175,success,22,1,1,none,0,,,
D,4,176,success,21,1,1,none,0,,,
D,4,177,success,21,1,1,none,0,,,
D,4,178,success,17,1,1,none,0,,,
D,4,179,success,16,1,1,none,0,,,
D,4,180,success,21,1,1,none,0,,,
D,4,181,success,15,1,1,none,0,,,
D,4,182,success,14,1,1,none,0,,,
D,4,183,success,25,1,1,none,0,,,
D,4,184,success,16,1,1,none,0,,,
D,4,185,success,18,1,1,none,0,,,
D,4,186,success,15,1,1,none,0,,,
D,4,187,success,24,1,1,none,0,,,
D,4,188,success,28,1,1,none,0,,,
D,4,189,success,34,1,1,none,0,,,
D,4,190,success,20,1,1,none,0,,,
D,4,191,success,17,1,1,none,0,,,
D,4,192,success,19,1,1,none,0,,,
D,4,193,success,13,1,1,none,0,,,
D,4,194,success,13,1,1,none,0,,,
D,4,195,success,10,1,1,none,0,,,
D,4,196,success,22,1,1,none,0,,,
D,4,197,success,19,1,1,none,0,,,
D,4,198,success,12,1,1,none,0,,,
D,4,199,success,12,1,1,none,0,,,
D,4,200,success,21,1,1,none,0,,,
D,4,201,success,18,1,1,none,0,,,
D,4,202,success,16,1,1,none,0,,,
D,4,203,success,15,1,1,none,0,,,
D,4,204,success,15,1,1,none,0,,,
D,4,205,success,13,1,1,none,0,,,
D,4,206,success,15,1,1,none,0,,,
D,4,207,success,16,1,1,none,0,,,
D,4,208,success,13,1,1,none,0,,,
D,4,209,success,16,1,1,none,0,,,
D,4,210,success,27,1,1,none,0,,,
D,4,211,success,19,1,1,none,0,,,
D,4,212,success,22,1,1,none,0,,,
D,4,213,success,32,1,1,none,0,,,
D,4,214,success,21,1,1,none,0,,,
D,4,215,success,11,1,1,none,0,,,
D,4,216,success,22,1,1,none,0,,,
D,4,217,success,14,1,1,none,0,,,
D,4,218,success,23,1,1,none,0,,,
D,4,219,success,14,1,1,none,0,,,
D,4,220,success,11,1,1,none,0,,,
D,4,221,success,23,1,1,none,0,,,
D,4,222,success,23,1,1,none,0,,,
D,4,223,success,30,1,1,none,0,,,
D,4,224,success,25,1,1,none,0,,,
D,4,225,success,22,1,1,none,0,,,
D,4,226,success,12,1,1,none,0,,,
D,4,227,success,150,1,1,none,0,,,
D,4,228,success,34,1,1,none,0,,,
D,4,229,success,28,1,1,none,0,,,
D,4,230,success,38,1,1,none,0,,,
D,4,231,success,19,1,1,none,0,,,
D,4,232,success,38,1,1,none,0,,,
D,4,233,success,14,1,1,none,0,,,
D,4,234,success,21,1,1,none,0,,,
D,4,235,success,18,1,1,none,0,,,
D,4,236,success,19,1,1,none,0,,,
D,4,237,success,33,1,1,none,0,,,
D,4,238,success,26,1,1,none,0,,,
D,4,239,success,13,1,1,none,0,,,
D,4,240,success,16,1,1,none,0,,,
D,4,241,success,18,1,1,none,0,,,
D,4,242,success,12,1,1,none,0,,,
D,4,243,success,21,1,1,none,0,,,
D,4,244,success,24,1,1,none,0,,,
D,4,245,success,8,1,1,none,0,,,
D,4,246,success,13,1,1,none,0,,,
D,4,247,success,18,1,1,none,0,,,
D,4,248,success,14,1,1,none,0,,,
D,4,249,success,18,1,1,none,0,,,
D,4,250,success,21,1,1,none,0,,,
D,4,251,success,14,1,1,none,0,,,
D,4,252,success,23,1,1,none,0,,,
D,4,253,success,33,1,1,none,0,,,
D,4,254,success,38,1,1,none,0,,,
D,4,255,success,10,1,1,none,0,,,
D,4,256,success,20,1,1,none,0,,,
D,4,257,success,20,1,1,none,0,,,
D,4,258,success,21,1,1,none,0,,,
D,4,259,success,23,1,1,none,0,,,
D,4,260,success,19,1,1,none,0,,,
D,4,261,success,27,1,1,none,0,,,
D,4,262,timeout,196,1,1,none,0,,,
D,4,263,success,26,1,1,none,0,,,
D,4,264,success,19,1,1,none,0,,,
D,4,265,success,15,1,1,none,0,,,
D,4,266,success,26,1,1,none,0,,,
D,4,267,success,24,1,1,none,0,,,
D,4,268,success,10,1,1,none,0,,,
D,4,269,success,18,1,1,none,0,,,
D,4,270,success,17,1,1,none,0,,,
D,4,271,success,16,1,1,none,0,,,
D,4,272,success,22,1,1,none,0,,,
D,4,273,success,23,1,1,none,0,,,
D,4,274,success,19,1,1,none,0,,,
D,4,275,success,17,1,1,none,0,,,
D,4,276,success,13,1,1,none,0,,,
D,4,277,success,86,1,1,none,0,,,
D,4,278,success,13,1,1,none,0,,,
D,4,279,success,11,1,1,none,0,,,
D,4,280,success,14,1,1,none,0,,,
D,4,281,success,14,1,1,none,0,,,
D,4,282,success,18,1,1,none,0,,,
D,4,283,success,13,1,1,none,0,,,
D,4,284,success,15,1,1,none,0,,,
D,4,285,success,12,1,1,none,0,,,
D,4,286,success,23,1,1,none,0,,,
D,4,287,success,20,1,1,none,0,,,
D,4,288,success,11,1,1,none,0,,,
D,4,289,success,14,1,1,none,0,,,
D,4,290,success,16,1,1,none,0,,,
D,4,291,success,26,1,1,none,0,,,
D,4,292,success,17,1,1,none,0,,,
D,4,293,success,15,1,1,none,0,,,
D,4,294,success,11,1,1,none,0,,,
D,4,295,success,17,1,1,none,0,,,
D,4,296,success,16,1,1,none,0,,,
D,4,297,success,55,1,1,none,0,,,
D,4,298,success,14,1,1,none,0,,,
D,4,299,timeout,196,1,1,none,0,,,
D,4,300,success,20,1,1,none,0,,,
D,4,301,success,15,1,1,none,0,,,
D,4,302,success,19,1,1,none,0,,,
D,4,303,success,15,1,1,none,0,,,
D,4,304,success,15,1,1,none,0,,,
D,4,305,success,23,1,1,none,0,,,
D,4,306,success,24,1,1,none,0,,,
D,4,307,success,16,1,1,none,0,,,
D,4,308,success,24,1,1,none,0,,,
D,4,309,success,14,1,1,none,0,,,
D,4,310,success,18,1,1,none,0,,,
D,4,311,success,19,1,1,none,0,,,
D,4,312,success,15,1,1,none,0,,,
D,4,313,success,12,1,1,none,0,,,
D,4,314,success,19,1,1,none,0,,,
D,4,315,success,17,1,1,none,0,,,
D,4,316,success,26,1,1,none,0,,,
D,4,317,success,22,1,1,none,0,,,
D,4,318,success,24,1,1,none,0,,,
D,4,319,success,21,1,1,none,0,,,
D,4,320,success,14,1,1,none,0,,,
D,4,321,success,24,1,1,none,0,,,
D,4,322,success,17,1,1,none,0,,,
D,4,323,success,12,1,1,none,0,,,
D,4,324,success,16,1,1,none,0,,,
D,4,325,success,14,1,1,none,0,,,
D,4,326,success,15,1,1,none,0,,,
D,4,327,success,13,1,1,none,0,,,
D,4,328,success,14,1,1,none,0,,,
D,4,329,success,26,1,1,none,0,,,
D,4,330,success,15,1,1,none,0,,,
D,4,331,timeout,196,1,1,none,0,,,
D,4,332,success,18,1,1,none,0,,,
D,4,333,success,17,1,1,none,0,,,
D,4,334,success,16,1,1,none,0,,,
D,4,335,success,15,1,1,none,0,,,
D,4,336,success,17,1,1,none,0,,,
D,4,337,success,13,1,1,none,0,,,
D,4,338,success,13,1,1,none,0,,,
D,4,339,success,17,1,1,none,0,,,
D,4,340,success,15,1,1,none,0,,,
D,4,341,success,18,1,1,none,0,,,
D,4,342,success,14,1,1,none,0,,,
D,4,343,success,19,1,1,none,0,,,
D,4,344,success,14,1,1,none,0,,,
D,4,345,success,12,1,1,none,0,,,
D,4,346,success,31,1,1,none,0,,,
D,4,347,success,16,1,1,none,0,,,
D,4,348,success,16,1,1,none,0,,,
D,4,349,success,12,1,1,none,0,,,
D,4,350,success,16,1,1,none,0,,,
D,4,351,success,15,1,1,none,0,,,
D,4,352,success,8,1,1,none,0,,,
D,4,353,success,18,1,1,none,0,,,
D,4,354,success,18,1,1,none,0,,,
D,4,355,success,24,1,1,none,0,,,
D,4,356,timeout,196,1,1,none,0,,,
D,4,357,success,15,1,1,none,0,,,
D,4,358,success,15,1,1,none,0,,,
D,4,359,success,14,1,1,none,0,,,
D,4,360,success,11,1,1,none,0,,,
D,4,361,success,15,1,1,none,0,,,
D,4,362,success,15,1,1,none,0,,,
D,4,363,success,17,1,1,none,0,,,
D,4,364,success,10,1,1,none,0,,,
D,4,365,success,19,1,1,none,0,,,
D,4,366,success,16,1,1,none,0,,,
D,4,367,success,27,1,1,none,0,,,
D,4,368,success,18,1,1,none,0,,,
D,4,369,success,17,1,1,none,0,,,
D,4,370,success,10,1,1,none,0,,,
D,4,371,success,18,1,1,none,0,,,
D,4,372,success,32,1,1,none,0,,,
D,4,373,success,22,1,1,none,0,,,
D,4,374,success,26,1,1,none,0,,,
D,4,375,success,10,1,1,none,0,,,
D,4,376,success,26,1,1,none,0,,,
D,4,377,success,16,1,1,none,0,,,
D,4,378,timeout,196,1,1,none,0,,,
D,4,379,success,20,1,1,none,0,,,
D,4,380,success,43,1,1,none,0,,,
D,4,381,success,16,1,1,none,0,,,
D,4,382,success,23,1,1,none,0,,,
D,4,383,success,12,1,1,none,0,,,
D,4,384,success,13,1,1,none,0,,,
D,4,385,success,14,1,1,none,0,,,
D,4,386,success,28,1,1,none,0,,,
D,4,387,success,18,1,1,none,0,,,
D,4,388,success,11,1,1,none,0,,,
D,4,389,timeout,196,1,1,none,0,,,
D,4,390,success,12,1,1,none,0,,,
D,4,391,success,15,1,1,none,0,,,
D,4,392,success,17,1,1,none,0,,,
D,4,393,success,9,1,1,none,0,,,
D,4,394,success,23,1,1,none,0,,,
D,4,395,success,10,1,1,none,0,,,
D,4,396,success,23,1,1,none,0,,,
D,4,397,success,13,1,1,none,0,,,
D,4,398,success,32,1,1,none,0,,,
D,4,399,success,11,1,1,none,0,,,
D,4,400,success,17,1,1,none,0,,,
D,4,401,success,13,1,1,none,0,,,
D,4,402,success,26,1,1,none,0,,,
D,4,403,success,23,1,1,none,0,,,
D,4,404,success,17,1,1,none,0,,,
D,4,405,success,15,1,1,none,0,,,
D,4,406,success,30,1,1,none,0,,,
D,4,407,success,22,1,1,none,0,,,
D,4,408,success,17,1,1,none,0,,,
D,4,409,success,16,1,1,none,0,,,
D,4,410,success,13,1,1,none,0,,,
D,4,411,success,16,1,1,none,0,,,
D,4,412,success,45,1,1,none,0,,,
D,4,413,success,18,1,1,none,0,,,
D,4,414,success,11,1,1,none,0,,,
D,4,415,success,15,1,1,none,0,,,
D,4,416,success,21,1,1,none,0,,,
D,4,417,success,21,1,1,none,0,,,
D,4,418,success,38,1,1,none,0,,,
D,4,419,success,19,1,1,none,0,,,
D,4,420,success,26,1,1,none,0,,,
D,4,421,success,20,1,1,none,0,,,
D,4,422,success,26,1,1,none,0,,,
D,4,423,success,12,1,1,none,0,,,
D,4,424,success,20,1,1,none,0,,,
D,4,425,success,18,1,1,none,0,,,
D,4,426,success,16,1,1,none,0,,,
D,4,427,success,12,1,1,none,0,,,
D,4,428,success,13,1,1,none,0,,,
D,4,429,success,14,1,1,none,0,,,
D,4,430,success,14,1,1,none,0,,,
D,4,431,success,20,1,1,none,0,,,
D,4,432,success,22,1,1,none,0,,,
D,4,433,success,26,1,1,none,0,,,
D,4,434,success,17,1,1,none,0,,,
D,4,435,success,15,1,1,none,0,,,
D,4,436,success,17,1,1,none,0,,,
D,4,437,success,34,1,1,none,0,,,
D,4,438,success,23,1,1,none,0,,,
D,4,439,success,27,1,1,none,0,,,
D,4,440,success,10,1,1,none,0,,,
D,4,441,success,15,1,1,none,0,,,
D,4,442,success,14,1,1,none,0,,,
D,4,443,success,20,1,1,none,0,,,
D,4,444,success,12,1,1,none,0,,,
D,4,445,success,22,1,1,none,0,,,
D,4,446,success,20,1,1,none,0,,,
D,4,447,success,25,1,1,none,0,,,
D,4,448,success,34,1,1,none,0,,,
D,4,449,success,15,1,1,none,0,,,
D,4,450,success,20,1,1,none,0,,,
D,4,451,success,23,1,1,none,0,,,
D,4,452,success,24,1,1,none,0,,,
D,4,453,success,13,1,1,none,0,,,
D,4,454,success,26,1,1,none,0,,,
D,4,455,success,19,1,1,none,0,,,
D,4,456,success,16,1,1,none,0,,,
D,4,457,success,25,1,1,none,0,,,
D,4,458,success,20,1,1,none,0,,,
D,4,459,success,11,1,1,none,0,,,
D,4,460,lava,2,0,0,none,0,,,
D,4,461,success,15,1,1,none,0,,,
D,4,462,success,13,1,1,none,0,,,
D,4,463,success,13,1,1,none,0,,,
D,4,464,success,25,1,1,none,0,,,
D,4,465,success,16,1,1,none,0,,,
D,4,466,success,11,1,1,none,0,,,
D,4,467,success,20,1,1,none,0,,,
D,4,468,success,31,1,1,none,0,,,
D,4,469,success,16,1,1,none,0,,,
D,4,470,success,11,1,1,none,0,,,
D,4,471,success,19,1,1,none,0,,,
D,4,472,success,15,1,1,none,0,,,
D,4,473,success,24,1,1,none,0,,,
D,4,474,success,13,1,1,none,0,,,
D,4,475,success,28,1,1,none,0,,,
D,4,476,success,13,1,1,none,0,,,
D,4,477,success,23,1,1,none,0,,,
D,4,478,success,27,1,1,none,0,,,
D,4,479,success,17,1,1,none,0,,,
D,4,480,success,20,1,1,none,0,,,
D,4,481,success,16,1,1,none,0,,,
D,4,482,timeout,196,1,1,none,0,,,
D,4,483,success,18,1,1,none,0,,,
D,4,484,success,13,1,1,none,0,,,
D,4,485,success,10,1,1,none,0,,,
D,4,486,success,19,1,1,none,0,,,
D,4,487,success,21,1,1,none,0,,,
D,4,488,success,15,1,1,none,0,,,
D,4,489,success,22,1,1,none,0,,,
D,4,490,success,17,1,1,none,0,,,
D,4,491,success,18,1,1,none,0,,,
D,4,492,success,19,1,1,none,0,,,
D,4,493,success,20,1,1,none,0,,,
D,4,494,success,12,1,1,none,0,,,
D,4,495,success,12,1,1,none,0,,,
D,4,496,success,13,1,1,none,0,,,
D,4,497,success,19,1,1,none,0,,,
D,4,498,success,14,1,1,none,0,,,
D,4,499,success,11,1,1,none,0,,,
